frame_index,elapsed_us,raw_action_0,raw_action_1,raw_action_2,raw_action_3,raw_action_4,raw_action_5,raw_action_6,raw_action_7,raw_action_8,raw_action_9,raw_action_10,raw_action_11,target_q_model_rad_0,target_q_model_rad_1,target_q_model_rad_2,target_q_model_rad_3,target_q_model_rad_4,target_q_model_rad_5,target_q_model_rad_6,target_q_model_rad_7,target_q_model_rad_8,target_q_model_rad_9,target_q_model_rad_10,target_q_model_rad_11,target_rad_0,target_rad_1,target_rad_2,target_rad_3,target_rad_4,target_rad_5,target_rad_6,target_rad_7,target_rad_8,target_rad_9,target_rad_10,target_rad_11
0,8667640,0.0200962704,-0.0849324465,-0.0197830442,-0.0180779602,0.0118678212,0.00895576924,-0.181242585,-0.0808120593,-0.332003444,-0.0303338133,-0.0733537674,0.0219966527,0.00160770163,-0.00679459572,-0.205934913,-0.205423388,0.000949425697,0.000716461539,0.3,0.3,-0.249800517,-0.204550072,-0.00586830139,0.00175973222,0.00160770163,0.205934913,0.000949425697,0.3,0.249800517,-0.00586830139,0.00679459572,-0.205423388,0.000716461539,-0.3,-0.00175973222,0.204550072
1,8676386,0.0209573992,-0.140731275,-0.0259149373,0.00433764327,0.0218714941,0.0321782269,-0.257591873,-0.119939372,-0.629481614,-0.0457168408,-0.119921379,-0.00197640434,0.00167659193,-0.011258502,-0.207774481,-0.198698707,0.00174971953,0.00257425815,0.3,0.3,-0.294422242,-0.206857526,-0.0095937103,-0.000158112347,0.00167659193,0.207774481,0.00174971953,0.3,0.294422242,-0.0095937103,0.011258502,-0.198698707,0.00257425815,-0.3,0.000158112347,0.206857526
2,8699220,0.0100008454,-0.17856735,-0.0319674611,0.0242427047,0.0300002135,0.0486191735,-0.293310106,-0.130151942,-0.891441464,-0.0590133294,-0.146843195,-0.0341025926,0.000800067633,-0.014285388,-0.209590238,-0.192727189,0.00240001708,0.00388953388,0.3,0.3,-0.33371622,-0.208851999,-0.0117474556,-0.00272820741,0.000800067633,0.209590238,0.00240001708,0.3,0.33371622,-0.0117474556,0.014285388,-0.192727189,0.00388953388,-0.3,0.00272820741,0.208851999
3,8717540,-0.00719619449,-0.208701849,-0.0414097644,0.036249809,0.0344333574,0.0566398129,-0.313132286,-0.128163323,-1.1193161,-0.0718407035,-0.162430197,-0.0644444898,-0.000575695559,-0.0166961479,-0.212422929,-0.189125057,0.00275466859,0.00453118503,0.3,0.3,-0.367897415,-0.210776106,-0.0129944158,-0.00515555918,-0.000575695559,0.212422929,0.00275466859,0.3,0.367897415,-0.0129944158,0.0166961479,-0.189125057,0.00453118503,-0.3,0.00515555918,0.210776106
4,8737459,-0.0404625572,-0.233458102,-0.0501316898,0.0506709926,0.0354314595,0.0601889528,-0.296080798,-0.106853344,-1.28629041,-0.0896058083,-0.166789815,-0.0868447274,-0.00323700458,-0.0186766481,-0.215039507,-0.184798702,0.00283451676,0.00481511623,0.3,0.3,-0.38,-0.213440871,-0.0133431852,-0.00694757819,-0.00323700458,0.215039507,0.00283451676,0.3,0.38,-0.0133431852,0.0186766481,-0.184798702,0.00481511623,-0.3,0.00694757819,0.213440871
5,8756699,-0.0813672915,-0.255203575,-0.0569872148,0.0636989772,0.0307320207,0.0639207289,-0.274168879,-0.0945047066,-1.40875649,-0.102876,-0.16886428,-0.105522335,-0.00650938332,-0.020416286,-0.217096164,-0.180890307,0.00245856166,0.00511365831,0.3,0.3,-0.38,-0.2154314,-0.0135091424,-0.00844178677,-0.00650938332,0.217096164,0.00245856166,0.3,0.38,-0.0135091424,0.020416286,-0.180890307,0.00511365831,-0.3,0.00844178677,0.2154314
6,8777363,-0.128358498,-0.274120718,-0.0606554151,0.0782761276,0.0256668199,0.0697606057,-0.258344829,-0.0925493687,-1.5059129,-0.112604819,-0.171799824,-0.122345611,-0.0102686799,-0.0219296575,-0.218196625,-0.176517162,0.00205334559,0.00558084846,0.3,0.3,-0.38,-0.216890723,-0.0137439859,-0.00978764892,-0.0102686799,0.218196625,0.00205334559,0.3,0.38,-0.0137439859,0.0219296575,-0.176517162,0.00558084846,-0.3,0.00978764892,0.216890723
7,8798086,-0.163288087,-0.290925026,-0.0645774826,0.0894737765,0.0197246447,0.0803425238,-0.277353734,-0.118089564,-1.60652447,-0.115450718,-0.17824626,-0.142125711,-0.0130630469,-0.0232740021,-0.219373245,-0.173157867,0.00157797158,0.0064274019,0.3,0.3,-0.38,-0.217317608,-0.0142597008,-0.0113700569,-0.0130630469,0.219373245,0.00157797158,0.3,0.38,-0.0142597008,0.0232740021,-0.173157867,0.0064274019,-0.3,0.0113700569,0.217317608
8,8817136,-0.182277828,-0.303628415,-0.065326184,0.0932557061,0.0174083896,0.0906563848,-0.310208231,-0.156743735,-1.7142787,-0.110565163,-0.180973828,-0.161179021,-0.0145822263,-0.0242902732,-0.219597855,-0.172023288,0.00139267117,0.00725251079,0.3,0.3,-0.38,-0.216584774,-0.0144779062,-0.0128943217,-0.0145822263,0.219597855,0.00139267117,0.3,0.38,-0.0144779062,0.0242902732,-0.172023288,0.00725251079,-0.3,0.0128943217,0.216584774
9,8837468,-0.188662186,-0.305670679,-0.0603712201,0.0951348394,0.0155417211,0.0941901729,-0.331707805,-0.181318238,-1.82035863,-0.0973461792,-0.185999513,-0.174212307,-0.0150929749,-0.0244536543,-0.218111366,-0.171459548,0.00124333769,0.00753521383,0.3,0.3,-0.38,-0.214601927,-0.014879961,-0.0139369845,-0.0150929749,0.218111366,0.00124333769,0.3,0.38,-0.014879961,0.0244536543,-0.171459548,0.00753521383,-0.3,0.0139369845,0.214601927
10,8855248,-0.189706102,-0.301519811,-0.0530236363,0.0938886106,0.0143935429,0.0927409679,-0.339423448,-0.191009223,-1.92035794,-0.0859852508,-0.189932704,-0.179989174,-0.0151764882,-0.0241215849,-0.215907091,-0.171833417,0.00115148343,0.00741927743,0.3,0.3,-0.38,-0.212897788,-0.0151946163,-0.0143991339,-0.0151764882,0.215907091,0.00115148343,0.3,0.38,-0.0151946163,0.0241215849,-0.171833417,0.00741927743,-0.3,0.0143991339,0.212897788
11,8890882,-0.194220811,-0.298247337,-0.0464334562,0.0934359953,0.0133862207,0.0942001641,-0.334082186,-0.189068362,-2.00672078,-0.080299601,-0.188899338,-0.180507571,-0.0155376649,-0.023859787,-0.213930037,-0.171969201,0.00107089765,0.00753601313,0.3,0.3,-0.38,-0.21204494,-0.0151119471,-0.0144406056,-0.0155376649,0.213930037,0.00107089765,0.3,0.38,-0.0151119471,0.023859787,-0.171969201,0.00753601313,-0.3,0.0144406056,0.21204494
12,8895198,-0.203601122,-0.301541388,-0.0443002284,0.0928068161,0.0142889712,0.100502416,-0.329280466,-0.19233945,-2.07930255,-0.0791553929,-0.182524011,-0.177788079,-0.0162880898,-0.024123311,-0.213290069,-0.172157955,0.0011431177,0.00804019332,0.3,0.3,-0.38,-0.211873309,-0.0146019208,-0.0142230463,-0.0162880898,0.213290069,0.0011431177,0.3,0.38,-0.0146019208,0.024123311,-0.172157955,0.00804019332,-0.3,0.0142230463,0.211873309
13,8916948,-0.214422077,-0.309845209,-0.0425916389,0.0943398476,0.0161466561,0.110057712,-0.330203563,-0.202023208,-2.14492536,-0.0786656514,-0.173824474,-0.173634723,-0.0171537662,-0.0247876167,-0.212777492,-0.171698046,0.00129173249,0.00880461693,0.3,0.3,-0.38,-0.211799848,-0.0139059579,-0.0138907778,-0.0171537662,0.212777492,0.00129173249,0.3,0.38,-0.0139059579,0.0247876167,-0.171698046,0.00880461693,-0.3,0.0138907778,0.211799848
14,8936201,-0.222941354,-0.319686323,-0.0415676683,0.0976707935,0.0174495447,0.119238213,-0.333601892,-0.209604755,-2.20733857,-0.0779466927,-0.16740945,-0.171985239,-0.0178353083,-0.0255749059,-0.2124703,-0.170698762,0.00139596358,0.00953905702,0.3,0.3,-0.38,-0.211692004,-0.013392756,-0.0137588191,-0.0178353083,0.2124703,0.00139596358,0.3,0.38,-0.013392756,0.0255749059,-0.170698762,0.00953905702,-0.3,0.0137588191,0.211692004
15,8962460,-0.228039205,-0.327866226,-0.0412863865,0.101829134,0.0178856086,0.125579253,-0.33738029,-0.213767111,-2.26751256,-0.0773505867,-0.164571196,-0.17271556,-0.0182431364,-0.0262292981,-0.212385916,-0.16945126,0.00143084869,0.0100463402,0.3,0.3,-0.38,-0.211602588,-0.0131656957,-0.0138172448,-0.0182431364,0.212385916,0.00143084869,0.3,0.38,-0.0131656957,0.0262292981,-0.16945126,0.0100463402,-0.3,0.0138172448,0.211602588
16,8975696,-0.230760187,-0.333086014,-0.0415038168,0.10545291,0.0176567696,0.128970399,-0.339508444,-0.213795915,-2.32352448,-0.0773049816,-0.163844377,-0.174291819,-0.018460815,-0.0266468811,-0.212451145,-0.168364127,0.00141254157,0.010317632,0.3,0.3,-0.38,-0.211595747,-0.0131075501,-0.0139433455,-0.018460815,0.212451145,0.00141254157,0.3,0.38,-0.0131075501,0.0266468811,-0.168364127,0.010317632,-0.3,0.0139433455,0.211595747
17,9000173,-0.231803432,-0.333332658,-0.0433907695,0.106685042,0.0160929449,0.128033265,-0.343468964,-0.214594081,-2.37525821,-0.0781090409,-0.163525477,-0.176430628,-0.0185442746,-0.0266666126,-0.213017231,-0.167994487,0.00128743559,0.0102426612,0.3,0.3,-0.38,-0.211716356,-0.0130820382,-0.0141144502,-0.0185442746,0.213017231,0.00128743559,0.3,0.38,-0.0130820382,0.0266666126,-0.167994487,0.0102426612,-0.3,0.0141144502,0.211716356
18,9019238,-0.234447524,-0.331457675,-0.0446588919,0.108973734,0.0142741958,0.125765055,-0.343270659,-0.214195713,-2.41983175,-0.0801467821,-0.162302107,-0.178807452,-0.0187558019,-0.026516614,-0.213397668,-0.16730788,0.00114193566,0.0100612044,0.3,0.3,-0.38,-0.212022017,-0.0129841685,-0.0143045962,-0.0187558019,0.213397668,0.00114193566,0.3,0.38,-0.0129841685,0.026516614,-0.16730788,0.0100612044,-0.3,0.0143045962,0.212022017
19,9039488,-0.242643014,-0.332089305,-0.0460529514,0.114552915,0.012673378,0.125530645,-0.335285425,-0.211193487,-2.45302892,-0.0838392749,-0.15796037,-0.178927615,-0.0194114411,-0.0265671444,-0.213815885,-0.165634125,0.00101387024,0.0100424516,0.3,0.3,-0.38,-0.212575891,-0.0126368296,-0.0143142092,-0.0194114411,0.213815885,0.00101387024,0.3,0.38,-0.0126368296,0.0265671444,-0.165634125,0.0100424516,-0.3,0.0143142092,0.212575891
20,9056224,-0.254389018,-0.337204307,-0.0477110706,0.120873287,0.0118901618,0.128997475,-0.323607951,-0.207644209,-2.47286344,-0.0891643167,-0.153306872,-0.175705492,-0.0203511214,-0.0269763446,-0.214313321,-0.163738014,0.000951212943,0.010319798,0.3,0.3,-0.38,-0.213374647,-0.0122645497,-0.0140564394,-0.0203511214,0.214313321,0.000951212943,0.3,0.38,-0.0122645497,0.0269763446,-0.163738014,0.010319798,-0.3,0.0140564394,0.213374647
21,9076790,-0.262682229,-0.343207628,-0.049557887,0.123017795,0.0114697106,0.133317918,-0.318385422,-0.207594246,-2.48567247,-0.0939466432,-0.152735621,-0.173302382,-0.0210145783,-0.0274566102,-0.214867366,-0.163094661,0.000917576849,0.0106654334,0.3,0.3,-0.38,-0.214091996,-0.0122188497,-0.0138641906,-0.0210145783,0.214867366,0.000917576849,0.3,0.38,-0.0122188497,0.0274566102,-0.163094661,0.0106654334,-0.3,0.0138641906,0.214091996
22,9097083,-0.265756816,-0.346935838,-0.0507544801,0.122401424,0.0110700931,0.135616958,-0.317721128,-0.209337279,-2.49729538,-0.0968999118,-0.154970333,-0.173662663,-0.0212605453,-0.0277548671,-0.215226344,-0.163279573,0.000885607451,0.0108493567,0.3,0.3,-0.38,-0.214534987,-0.0123976266,-0.013893013,-0.0212605453,0.215226344,0.000885607451,0.3,0.38,-0.0123976266,0.0277548671,-0.163279573,0.0108493567,-0.3,0.013893013,0.214534987
23,9123622,-0.263605773,-0.347197354,-0.0506554879,0.121762127,0.0104593523,0.134826913,-0.316888899,-0.210142508,-2.50952864,-0.0976788625,-0.160657436,-0.176044226,-0.0210884619,-0.0277757883,-0.215196646,-0.163471362,0.000836748183,0.0107861531,0.3,0.3,-0.38,-0.214651829,-0.0128525949,-0.0140835381,-0.0210884619,0.215196646,0.000836748183,0.3,0.38,-0.0128525949,0.0277757883,-0.163471362,0.0107861531,-0.3,0.0140835381,0.214651829
24,9136271,-0.259562522,-0.344306022,-0.0490095876,0.120382644,0.0100495964,0.132634312,-0.315468311,-0.20949401,-2.52190948,-0.096870631,-0.165122643,-0.17847091,-0.0207650018,-0.0275444818,-0.214702876,-0.163885207,0.000803967714,0.010610745,0.3,0.3,-0.38,-0.214530595,-0.0132098114,-0.0142776728,-0.0207650018,0.214702876,0.000803967714,0.3,0.38,-0.0132098114,0.0275444818,-0.163885207,0.010610745,-0.3,0.0142776728,0.214530595
25,9157686,-0.25672105,-0.341612875,-0.047017701,0.118763424,0.0101504922,0.131924987,-0.313833803,-0.209693104,-2.53319311,-0.0952355117,-0.166005418,-0.178795666,-0.020537684,-0.02732903,-0.21410531,-0.164370973,0.000812039375,0.0105539989,0.3,0.3,-0.38,-0.214285327,-0.0132804334,-0.0143036532,-0.020537684,0.21410531,0.000812039375,0.3,0.38,-0.0132804334,0.02732903,-0.164370973,0.0105539989,-0.3,0.0143036532,0.214285327
26,9175356,-0.25640592,-0.342702121,-0.0456927195,0.1172648,0.010821688,0.1342742,-0.314254791,-0.213072389,-2.5439105,-0.0935999006,-0.163144141,-0.176549286,-0.0205124736,-0.0274161696,-0.213707816,-0.16482056,0.000865735039,0.010741936,0.3,0.3,-0.38,-0.214039985,-0.0130515313,-0.0141239429,-0.0205124736,0.213707816,0.000865735039,0.3,0.38,-0.0130515313,0.0274161696,-0.16482056,0.010741936,-0.3,0.0141239429,0.214039985
27,9198336,-0.256404579,-0.344096571,-0.0453589112,0.116141364,0.0110571897,0.13583155,-0.316369295,-0.216510534,-2.55562949,-0.0920329988,-0.160545975,-0.175046086,-0.0205123663,-0.0275277257,-0.213607673,-0.165157591,0.000884575173,0.010866524,0.3,0.3,-0.38,-0.21380495,-0.012843678,-0.0140036869,-0.0205123663,0.213607673,0.000884575173,0.3,0.38,-0.012843678,0.0275277257,-0.165157591,0.010866524,-0.3,0.0140036869,0.21380495
28,9221695,-0.255520791,-0.343790799,-0.0454986431,0.115278065,0.0108127492,0.135320842,-0.319883525,-0.219817773,-2.5691731,-0.0906579792,-0.159977034,-0.174000353,-0.0204416633,-0.027503264,-0.213649593,-0.16541658,0.000865019932,0.0108256674,0.3,0.3,-0.38,-0.213598697,-0.0127981627,-0.0139200282,-0.0204416633,0.213649593,0.000865019932,0.3,0.38,-0.0127981627,0.027503264,-0.16541658,0.0108256674,-0.3,0.0139200282,0.213598697
29,9235660,-0.255770922,-0.342893481,-0.0452179909,0.115681179,0.010783758,0.134519354,-0.321767181,-0.221114829,-2.58339787,-0.0901716948,-0.159145445,-0.173083037,-0.0204616737,-0.0274314785,-0.213565397,-0.165295646,0.000862700641,0.0107615483,0.3,0.3,-0.38,-0.213525754,-0.0127316356,-0.013846643,-0.0204616737,0.213565397,0.000862700641,0.3,0.38,-0.0127316356,0.0274314785,-0.165295646,0.0107615483,-0.3,0.013846643,0.213525754
30,9258932,-0.254752725,-0.341124892,-0.0445954837,0.115740307,0.0107774269,0.133376017,-0.322699159,-0.221646875,-2.59721422,-0.0906816199,-0.160820186,-0.172100246,-0.020380218,-0.0272899914,-0.213378645,-0.165277908,0.000862194151,0.0106700814,0.3,0.3,-0.38,-0.213602243,-0.0128656149,-0.0137680197,-0.020380218,0.213378645,0.000862194151,0.3,0.38,-0.0128656149,0.0272899914,-0.165277908,0.0106700814,-0.3,0.0137680197,0.213602243
31,9275907,-0.252408803,-0.337526023,-0.044215858,0.115042552,0.0103245713,0.130731151,-0.323079407,-0.220986336,-2.61067414,-0.091250293,-0.164767072,-0.173717812,-0.0201927042,-0.0270020819,-0.213264757,-0.165487234,0.000825965703,0.010458492,0.3,0.3,-0.38,-0.213687544,-0.0131813657,-0.0138974249,-0.0201927042,0.213264757,0.000825965703,0.3,0.38,-0.0131813657,0.0270020819,-0.165487234,0.010458492,-0.3,0.0138974249,0.213687544
32,9301463,-0.251180381,-0.334163725,-0.0431080386,0.113306515,0.0102930786,0.128851876,-0.324862361,-0.220990166,-2.62434196,-0.0918249264,-0.166183352,-0.176180035,-0.0200944304,-0.026733098,-0.212932412,-0.166008046,0.000823446289,0.0103081501,0.3,0.3,-0.38,-0.213773739,-0.0132946682,-0.0140944028,-0.0200944304,0.212932412,0.000823446289,0.3,0.38,-0.0132946682,0.026733098,-0.166008046,0.0103081501,-0.3,0.0140944028,0.213773739
33,9316554,-0.249901175,-0.331911385,-0.0420789644,0.112274729,0.0101486733,0.127257869,-0.325551569,-0.220493451,-2.63869834,-0.0921687484,-0.167980805,-0.178469196,-0.019992094,-0.0265529108,-0.212623689,-0.166317581,0.000811893865,0.0101806295,0.3,0.3,-0.38,-0.213825312,-0.0134384644,-0.0142775357,-0.019992094,0.212623689,0.000811893865,0.3,0.38,-0.0134384644,0.0265529108,-0.166317581,0.0101806295,-0.3,0.0142775357,0.213825312
34,9342778,-0.249752492,-0.331149727,-0.0417697243,0.112335831,0.00999257807,0.126229987,-0.32407555,-0.219132721,-2.65247011,-0.0923257321,-0.16877237,-0.180208892,-0.0199801993,-0.0264919782,-0.212530917,-0.166299251,0.000799406245,0.0100983989,0.3,0.3,-0.38,-0.21384886,-0.0135017896,-0.0144167113,-0.0199801993,0.212530917,0.000799406245,0.3,0.38,-0.0135017896,0.0264919782,-0.166299251,0.0100983989,-0.3,0.0144167113,0.21384886
35,9360800,-0.251526684,-0.331449002,-0.0420825072,0.112711415,0.0101135513,0.1264337,-0.32371068,-0.218333215,-2.66530108,-0.0925825089,-0.167153344,-0.181101143,-0.0201221347,-0.0265159202,-0.212624752,-0.166186576,0.000809084103,0.010114696,0.3,0.3,-0.38,-0.213887376,-0.0133722675,-0.0144880915,-0.0201221347,0.212624752,0.000809084103,0.3,0.38,-0.0133722675,0.0265159202,-0.166186576,0.010114696,-0.3,0.0144880915,0.213887376
36,9376364,-0.251078486,-0.331793547,-0.0423766114,0.112364382,0.009974977,0.126133919,-0.324044555,-0.21858944,-2.67767453,-0.0926138163,-0.16845566,-0.182017669,-0.0200862789,-0.0265434837,-0.212712983,-0.166290686,0.00079799816,0.0100907135,0.3,0.3,-0.38,-0.213892072,-0.0134764528,-0.0145614135,-0.0200862789,0.212712983,0.00079799816,0.3,0.38,-0.0134764528,0.0265434837,-0.166290686,0.0100907135,-0.3,0.0145614135,0.213892072
37,9396990,-0.252996922,-0.333882779,-0.0426031016,0.112628549,0.0104699079,0.127512321,-0.324421972,-0.218925059,-2.69000769,-0.0926739872,-0.165998384,-0.182778224,-0.0202397537,-0.0267106223,-0.21278093,-0.166211435,0.000837592632,0.0102009857,0.3,0.3,-0.38,-0.213901098,-0.0132798707,-0.0146222579,-0.0202397537,0.21278093,0.000837592632,0.3,0.38,-0.0132798707,0.0267106223,-0.166211435,0.0102009857,-0.3,0.0146222579,0.213901098
38,9419478,-0.256731242,-0.337103903,-0.0429380089,0.112739801,0.0113285072,0.13045904,-0.326906651,-0.220325828,-2.702003,-0.0927776769,-0.160435021,-0.183937505,-0.0205384994,-0.0269683123,-0.212881403,-0.16617806,0.000906280577,0.0104367232,0.3,0.3,-0.38,-0.213916652,-0.0128348017,-0.0147150004,-0.0205384994,0.212881403,0.000906280577,0.3,0.38,-0.0128348017,0.0269683123,-0.16617806,0.0104367232,-0.3,0.0147150004,0.213916652
39,9437203,-0.258548886,-0.340706289,-0.0432537571,0.111717194,0.0121759558,0.133504763,-0.33254534,-0.2247511,-2.71584201,-0.0924098119,-0.15610598,-0.186392203,-0.0206839108,-0.0272565031,-0.212976127,-0.166484842,0.000974076465,0.0106803811,0.3,0.3,-0.38,-0.213861472,-0.0124884784,-0.0149113762,-0.0206839108,0.212976127,0.000974076465,0.3,0.38,-0.0124884784,0.0272565031,-0.166484842,0.0106803811,-0.3,0.0149113762,0.213861472
40,9457901,-0.259466738,-0.34474045,-0.0433592424,0.110645421,0.0132552087,0.136938825,-0.339038372,-0.230840668,-2.73193169,-0.0921125263,-0.151385322,-0.187540591,-0.020757339,-0.027579236,-0.213007773,-0.166806374,0.0010604167,0.010955106,0.3,0.3,-0.38,-0.213816879,-0.0121108258,-0.0150032473,-0.020757339,0.213007773,0.0010604167,0.3,0.38,-0.0121108258,0.027579236,-0.166806374,0.010955106,-0.3,0.0150032473,0.213816879
41,9477082,-0.260244608,-0.348101079,-0.0430995412,0.110856757,0.0142654162,0.139827818,-0.345618486,-0.236316577,-2.74971461,-0.0925827324,-0.147711471,-0.187734991,-0.0208195686,-0.0278480864,-0.212929862,-0.166742973,0.0011412333,0.0111862254,0.3,0.3,-0.38,-0.21388741,-0.0118169177,-0.0150187993,-0.0208195686,0.212929862,0.0011412333,0.3,0.38,-0.0118169177,0.0278480864,-0.166742973,0.0111862254,-0.3,0.0150187993,0.21388741
42,9498315,-0.260438919,-0.35014239,-0.0419969,0.11118573,0.0150513975,0.141788781,-0.350254595,-0.23848623,-2.76860571,-0.0934835449,-0.146199271,-0.189407572,-0.0208351135,-0.0280113912,-0.21259907,-0.166644281,0.0012041118,0.0113431025,0.3,0.3,-0.38,-0.214022532,-0.0116959417,-0.0151526058,-0.0208351135,0.21259907,0.0012041118,0.3,0.38,-0.0116959417,0.0280113912,-0.166644281,0.0113431025,-0.3,0.0151526058,0.214022532
43,9516960,-0.25982061,-0.350003988,-0.0409915932,0.111251667,0.0150612611,0.141756505,-0.352860361,-0.238241747,-2.78788352,-0.0948064998,-0.146552682,-0.191885769,-0.0207856488,-0.028000319,-0.212297478,-0.1666245,0.00120490089,0.0113405204,0.3,0.3,-0.38,-0.214220975,-0.0117242146,-0.0153508615,-0.0207856488,0.212297478,0.00120490089,0.3,0.38,-0.0117242146,0.028000319,-0.1666245,0.0113405204,-0.3,0.0153508615,0.214220975
44,9536118,-0.2579557,-0.347385556,-0.0406771079,0.110168211,0.0144213466,0.139671877,-0.35607338,-0.238167837,-2.80780935,-0.0966739282,-0.14833644,-0.194311082,-0.020636456,-0.0277908444,-0.212203132,-0.166949537,0.00115370773,0.0111737502,0.3,0.3,-0.38,-0.214501089,-0.0118669152,-0.0155448866,-0.020636456,0.212203132,0.00115370773,0.3,0.38,-0.0118669152,0.0277908444,-0.166949537,0.0111737502,-0.3,0.0155448866,0.214501089
45,9558568,-0.25564152,-0.342487007,-0.0407051519,0.108010016,0.0137125207,0.136286333,-0.359909415,-0.238654912,-2.82915187,-0.0985839218,-0.150009245,-0.197869673,-0.0204513216,-0.0273989606,-0.212211546,-0.167596995,0.00109700166,0.0109029067,0.3,0.3,-0.38,-0.214787588,-0.0120007396,-0.0158295739,-0.0204513216,0.212211546,0.00109700166,0.3,0.38,-0.0120007396,0.0273989606,-0.167596995,0.0109029067,-0.3,0.0158295739,0.214787588
46,9576353,-0.254090548,-0.336883575,-0.0403258651,0.105504707,0.0132861631,0.132709354,-0.364284098,-0.240764141,-2.85226345,-0.100356087,-0.150224701,-0.201485977,-0.0203272438,-0.026950686,-0.21209776,-0.168348588,0.00106289305,0.0106167483,0.3,0.3,-0.38,-0.215053413,-0.012017976,-0.0161188781,-0.0203272438,0.21209776,0.00106289305,0.3,0.38,-0.012017976,0.026950686,-0.168348588,0.0106167483,-0.3,0.0161188781,0.215053413
47,9596188,-0.253737479,-0.332435131,-0.0394333266,0.104431532,0.013200908,0.129584551,-0.366609812,-0.241830006,-2.87624502,-0.102307096,-0.150655091,-0.204915613,-0.0202989984,-0.0265948105,-0.211829998,-0.16867054,0.00105607264,0.0103667641,0.3,0.3,-0.38,-0.215346064,-0.0120524073,-0.016393249,-0.0202989984,0.211829998,0.00105607264,0.3,0.38,-0.0120524073,0.0265948105,-0.16867054,0.0103667641,-0.3,0.016393249,0.215346064
48,9618282,-0.254822314,-0.329646707,-0.0391895548,0.104925901,0.0132690063,0.127075195,-0.366860032,-0.240912288,-2.90006232,-0.104289718,-0.151848957,-0.208509654,-0.0203857851,-0.0263717365,-0.211756866,-0.16852223,0.0010615205,0.0101660156,0.3,0.3,-0.38,-0.215643458,-0.0121479166,-0.0166807723,-0.0203857851,0.211756866,0.0010615205,0.3,0.38,-0.0121479166,0.0263717365,-0.16852223,0.0101660156,-0.3,0.0166807723,0.215643458
49,9640368,-0.254995495,-0.326754868,-0.0404372029,0.104179271,0.0129092261,0.123805732,-0.368891031,-0.241969988,-2.9251318,-0.106095567,-0.154298022,-0.213007674,-0.0203996396,-0.0261403894,-0.212131161,-0.168746219,0.00103273809,0.00990445852,0.3,0.3,-0.38,-0.215914335,-0.0123438418,-0.0170406139,-0.0203996396,0.212131161,0.00103273809,0.3,0.38,-0.0123438418,0.0261403894,-0.168746219,0.00990445852,-0.3,0.0170406139,0.215914335
50,9656166,-0.253130734,-0.322988659,-0.041313,0.101655595,0.0125065753,0.119755194,-0.373419434,-0.244763941,-2.95354724,-0.107668988,-0.157515585,-0.218323544,-0.0202504587,-0.0258390927,-0.2123939,-0.169503321,0.00100052603,0.00958041549,0.3,0.3,-0.38,-0.216150348,-0.0126012468,-0.0174658835,-0.0202504587,0.2123939,0.00100052603,0.3,0.38,-0.0126012468,0.0258390927,-0.169503321,0.00958041549,-0.3,0.0174658835,0.216150348
51,9676405,-0.247817039,-0.31893912,-0.0418352857,0.0950062126,0.0127916643,0.115800694,-0.384153217,-0.253553718,-2.98877883,-0.10873469,-0.160285816,-0.223206788,-0.0198253632,-0.0255151296,-0.212550586,-0.171498136,0.00102333315,0.00926405549,0.3,0.3,-0.38,-0.216310203,-0.0128228652,-0.0178565431,-0.0198253632,0.212550586,0.00102333315,0.3,0.38,-0.0128228652,0.0255151296,-0.171498136,0.00926405549,-0.3,0.0178565431,0.216310203
52,9696695,-0.241741464,-0.316458762,-0.0404378958,0.0886557177,0.0142709333,0.11312671,-0.396085769,-0.263764471,-3.03115749,-0.110142827,-0.161399275,-0.22664611,-0.0193393171,-0.0253167009,-0.212131369,-0.173403285,0.00114167467,0.0090501368,0.3,0.3,-0.38,-0.216521424,-0.012911942,-0.0181316888,-0.0193393171,0.212131369,0.00114167467,0.3,0.38,-0.012911942,0.0253167009,-0.173403285,0.0090501368,-0.3,0.0181316888,0.216521424
53,9715462,-0.235549152,-0.316850036,-0.0378806815,0.0837495327,0.0166814774,0.112701848,-0.406889707,-0.272353619,-3.07934952,-0.112337641,-0.161850289,-0.228640974,-0.0188439322,-0.0253480029,-0.211364204,-0.17487514,0.00133451819,0.00901614785,0.3,0.3,-0.38,-0.216850646,-0.0129480231,-0.0182912779,-0.0188439322,0.211364204,0.00133451819,0.3,0.38,-0.0129480231,0.0253480029,-0.17487514,0.00901614785,-0.3,0.0182912779,0.216850646
54,9736261,-0.229623482,-0.319598109,-0.0353349112,0.0806822032,0.0191568881,0.113655359,-0.415841997,-0.278245121,-3.1314714,-0.115739897,-0.161375061,-0.229496136,-0.0183698785,-0.0255678487,-0.210600473,-0.175795339,0.00153255105,0.00909242868,0.3,0.3,-0.38,-0.217360985,-0.0129100049,-0.0183596909,-0.0183698785,0.210600473,0.00153255105,0.3,0.38,-0.0129100049,0.0255678487,-0.175795339,0.00909242868,-0.3,0.0183596909,0.217360985
55,9757935,-0.225115597,-0.324870318,-0.032906346,0.0800869763,0.0214956701,0.116552152,-0.421966434,-0.280797988,-3.18530679,-0.120275125,-0.158675835,-0.229793325,-0.0180092478,-0.0259896255,-0.209871904,-0.175973907,0.00171965361,0.00932417214,0.3,0.3,-0.38,-0.218041269,-0.0126940668,-0.018383466,-0.0180092478,0.209871904,0.00171965361,0.3,0.38,-0.0126940668,0.0259896255,-0.175973907,0.00932417214,-0.3,0.018383466,0.218041269
56,9776501,-0.220768422,-0.331719488,-0.031017663,0.0798976123,0.0234081559,0.1207923,-0.426872224,-0.281406224,-3.24028611,-0.125617027,-0.155080482,-0.229696468,-0.0176614738,-0.026537559,-0.209305299,-0.176030716,0.00187265247,0.00966338396,0.3,0.3,-0.38,-0.218842554,-0.0124064386,-0.0183757174,-0.0176614738,0.209305299,0.00187265247,0.3,0.38,-0.0124064386,0.026537559,-0.176030716,0.00966338396,-0.3,0.0183757174,0.218842554
57,9796260,-0.216805935,-0.339716047,-0.030054722,0.0785767362,0.0252294745,0.126070678,-0.433464736,-0.283529133,-3.29720831,-0.131638065,-0.1494634,-0.228663042,-0.0173444748,-0.0271772838,-0.209016417,-0.176426979,0.00201835796,0.0100856543,0.3,0.3,-0.38,-0.21974571,-0.011957072,-0.0182930434,-0.0173444748,0.209016417,0.00201835796,0.3,0.38,-0.011957072,0.0271772838,-0.176426979,0.0100856543,-0.3,0.0182930434,0.21974571
58,9820550,-0.212553546,-0.347467095,-0.0297658164,0.0761587173,0.0269052926,0.131160274,-0.442461073,-0.288972378,-3.3571825,-0.138553604,-0.142322913,-0.226122767,-0.0170042837,-0.0277973676,-0.208929745,-0.177152385,0.00215242341,0.0104928219,0.3,0.3,-0.38,-0.220783041,-0.011385833,-0.0180898213,-0.0170042837,0.208929745,0.00215242341,0.3,0.38,-0.011385833,0.0277973676,-0.177152385,0.0104928219,-0.3,0.0180898213,0.220783041
59,9836321,-0.210213199,-0.354378551,-0.0289946962,0.0760559738,0.0281596128,0.135416776,-0.449038267,-0.293049335,-3.41914439,-0.147065297,-0.134710521,-0.221723229,-0.0168170559,-0.0283502841,-0.208698409,-0.177183208,0.00225276902,0.0108333421,0.3,0.3,-0.38,-0.222059795,-0.0107768416,-0.0177378583,-0.0168170559,0.208698409,0.00225276902,0.3,0.38,-0.0107768416,0.0283502841,-0.177183208,0.0108333421,-0.3,0.0177378583,0.222059795
60,9856740,-0.208932132,-0.359903693,-0.0276888479,0.0778046921,0.0289908741,0.138703689,-0.451244652,-0.293363839,-3.48099208,-0.156934083,-0.130154312,-0.217096433,-0.0167145705,-0.0287922955,-0.208306654,-0.176658592,0.00231926993,0.0110962951,0.3,0.3,-0.38,-0.223540112,-0.0104123449,-0.0173677146,-0.0167145705,0.208306654,0.00231926993,0.3,0.38,-0.0104123449,0.0287922955,-0.176658592,0.0110962951,-0.3,0.0173677146,0.223540112
61,9876673,-0.210293517,-0.363682747,-0.0261447318,0.080720149,0.0292980447,0.141217202,-0.450733215,-0.2893641,-3.54089761,-0.167728752,-0.126693681,-0.213870332,-0.0168234813,-0.0290946198,-0.20784342,-0.175783955,0.00234384358,0.0112973762,0.3,0.3,-0.38,-0.225159313,-0.0101354945,-0.0171096265,-0.0168234813,0.20784342,0.00234384358,0.3,0.38,-0.0101354945,0.0290946198,-0.175783955,0.0112973762,-0.3,0.0171096265,0.225159313
62,9895205,-0.212743595,-0.365820915,-0.0251354016,0.084252283,0.0288496912,0.142590344,-0.447570831,-0.281332672,-3.59754658,-0.178920627,-0.126313418,-0.212793931,-0.0170194876,-0.0292656732,-0.20754062,-0.174724315,0.00230797529,0.0114072275,0.3,0.3,-0.38,-0.226838094,-0.0101050735,-0.0170235145,-0.0170194876,0.20754062,0.00230797529,0.3,0.38,-0.0101050735,0.0292656732,-0.174724315,0.0114072275,-0.3,0.0170235145,0.226838094
63,9916618,-0.215030834,-0.366609395,-0.025305368,0.0873104408,0.0275967866,0.142588168,-0.443474114,-0.272175252,-3.65058565,-0.189879462,-0.128546372,-0.213549733,-0.0172024667,-0.0293287516,-0.20759161,-0.173806868,0.00220774293,0.0114070535,0.3,0.3,-0.38,-0.228481919,-0.0102837098,-0.0170839787,-0.0172024667,0.20759161,0.00220774293,0.3,0.38,-0.0102837098,0.0293287516,-0.173806868,0.0114070535,-0.3,0.0170839787,0.228481919
64,9937377,-0.218669266,-0.366803885,-0.0260496512,0.090312615,0.0263577476,0.142365351,-0.438329726,-0.262927681,-3.70003271,-0.200453758,-0.130351737,-0.214348495,-0.0174935412,-0.0293443108,-0.207814895,-0.172906215,0.00210861981,0.0113892281,0.3,0.3,-0.38,-0.230068064,-0.010428139,-0.0171478796,-0.0174935412,0.207814895,0.00210861981,0.3,0.38,-0.010428139,0.0293443108,-0.172906215,0.0113892281,-0.3,0.0171478796,0.230068064
65,9956256,-0.223563477,-0.366016418,-0.027055813,0.0934974253,0.0249115303,0.141436473,-0.432594925,-0.253225744,-3.74517488,-0.210471913,-0.132616401,-0.215730891,-0.0178850782,-0.0292813134,-0.208116744,-0.171950772,0.00199292243,0.0113149178,0.3,0.3,-0.38,-0.231570787,-0.0106093121,-0.0172584713,-0.0178850782,0.208116744,0.00199292243,0.3,0.38,-0.0106093121,0.0292813134,-0.171950772,0.0113149178,-0.3,0.0172584713,0.231570787
66,9978286,-0.230062634,-0.365448803,-0.0283655785,0.0976535827,0.0233087018,0.14010787,-0.424274981,-0.242828876,-3.7852869,-0.219741151,-0.135574177,-0.217594907,-0.0184050107,-0.0292359042,-0.208509674,-0.170703925,0.00186469615,0.0112086296,0.3,0.3,-0.38,-0.232961173,-0.0108459342,-0.0174075925,-0.0184050107,0.208509674,0.00186469615,0.3,0.38,-0.0108459342,0.0292359042,-0.170703925,0.0112086296,-0.3,0.0174075925,0.232961173
67,9999498,-0.239895642,-0.364746213,-0.0302986223,0.103186943,0.0214752201,0.138612092,-0.414423168,-0.230738953,-3.81950951,-0.22841692,-0.136987567,-0.220297277,-0.0191916513,-0.029179697,-0.209089587,-0.169043917,0.00171801761,0.0110889673,0.3,0.3,-0.38,-0.234262538,-0.0109590054,-0.0176237822,-0.0191916513,0.209089587,0.00171801761,0.3,0.38,-0.0109590054,0.029179697,-0.169043917,0.0110889673,-0.3,0.0176237822,0.234262538
68,10017601,-0.250297993,-0.362737983,-0.0331169628,0.108771473,0.0189304855,0.135884449,-0.403743148,-0.217839956,-3.84725428,-0.236457124,-0.139975473,-0.224329829,-0.0200238395,-0.0290190387,-0.209935089,-0.167368558,0.00151443884,0.0108707559,0.3,0.3,-0.38,-0.235468569,-0.0111980379,-0.0179463863,-0.0200238395,0.209935089,0.00151443884,0.3,0.38,-0.0111980379,0.0290190387,-0.167368558,0.0108707559,-0.3,0.0179463863,0.235468569
69,10036150,-0.260260671,-0.359352976,-0.0364617258,0.11345043,0.0160826165,0.132098362,-0.393231004,-0.205878899,-3.86926126,-0.243487448,-0.144198492,-0.229450718,-0.0208208537,-0.0287482381,-0.210938518,-0.165964871,0.00128660932,0.0105678689,0.3,0.3,-0.38,-0.236523117,-0.0115358794,-0.0183560574,-0.0208208537,0.210938518,0.00128660932,0.3,0.38,-0.0115358794,0.0287482381,-0.165964871,0.0105678689,-0.3,0.0183560574,0.236523117
70,10057438,-0.269096822,-0.353843749,-0.039694,0.117189996,0.013107338,0.126699731,-0.382773727,-0.194173291,-3.88559008,-0.249455243,-0.150289729,-0.235915691,-0.0215277457,-0.0283074999,-0.2119082,-0.164843001,0.00104858704,0.0101359785,0.3,0.3,-0.38,-0.237418287,-0.0120231783,-0.0188732553,-0.0215277457,0.2119082,0.00104858704,0.3,0.38,-0.0120231783,0.0283074999,-0.164843001,0.0101359785,-0.3,0.0188732553,0.237418287
71,10076360,-0.277018696,-0.347351968,-0.042563796,0.119828425,0.0104453517,0.120617002,-0.373645961,-0.184034154,-3.89729691,-0.254312605,-0.156737879,-0.242898241,-0.0221614957,-0.0277881575,-0.212769139,-0.164051472,0.000835628137,0.00964936018,0.3,0.3,-0.38,-0.238146891,-0.0125390303,-0.0194318593,-0.0221614957,0.212769139,0.000835628137,0.3,0.38,-0.0125390303,0.0277881575,-0.164051472,0.00964936018,-0.3,0.0194318593,0.238146891
72,10101886,-0.283183634,-0.340903908,-0.0451895073,0.120752051,0.0083188815,0.114450179,-0.365848839,-0.17734082,-3.90540361,-0.257842332,-0.162964761,-0.249463335,-0.0226546907,-0.0272723126,-0.213556852,-0.163774385,0.00066551052,0.00915601432,0.3,0.3,-0.38,-0.23867635,-0.0130371809,-0.0199570668,-0.0226546907,0.213556852,0.00066551052,0.3,0.38,-0.0130371809,0.0272723126,-0.163774385,0.00915601432,-0.3,0.0199570668,0.23867635
73,10115594,-0.288998574,-0.335320264,-0.0472122915,0.121523008,0.00690728612,0.108904406,-0.359593779,-0.173060998,-3.91049218,-0.260273069,-0.16683206,-0.255340368,-0.0231198859,-0.0268256211,-0.214163687,-0.163543098,0.00055258289,0.00871235251,0.3,0.3,-0.38,-0.23904096,-0.0133465648,-0.0204272294,-0.0231198859,0.214163687,0.00055258289,0.3,0.38,-0.0133465648,0.0268256211,-0.163543098,0.00871235251,-0.3,0.0204272294,0.23904096
74,10136855,-0.293384671,-0.330382645,-0.0487991273,0.121918604,0.00590503076,0.103929766,-0.354250044,-0.170254573,-3.91313291,-0.261442691,-0.170247614,-0.260370791,-0.0234707737,-0.0264306116,-0.214639738,-0.163424419,0.000472402461,0.00831438124,0.3,0.3,-0.38,-0.239216404,-0.0136198092,-0.0208296633,-0.0234707737,0.214639738,0.000472402461,0.3,0.38,-0.0136198092,0.0264306116,-0.163424419,0.00831438124,-0.3,0.0208296633,0.239216404
75,10156240,-0.296995014,-0.326693535,-0.0502175204,0.122438312,0.00519042928,0.0996481702,-0.349222273,-0.168650493,-3.91399598,-0.261418641,-0.173382074,-0.264596641,-0.0237596011,-0.0261354828,-0.215065256,-0.163268507,0.000415234342,0.00797185361,0.3,0.3,-0.38,-0.239212796,-0.0138705659,-0.0211677313,-0.0237596011,0.215065256,0.000415234342,0.3,0.38,-0.0138705659,0.0261354828,-0.163268507,0.00797185361,-0.3,0.0211677313,0.239212796
76,10176120,-0.300226599,-0.324496448,-0.0514987148,0.122713722,0.00489611132,0.0966251642,-0.345495641,-0.168389902,-3.91363931,-0.260251522,-0.175302103,-0.267934531,-0.0240181279,-0.0259597158,-0.215449614,-0.163185883,0.000391688906,0.00773001313,0.3,0.3,-0.38,-0.239037728,-0.0140241683,-0.0214347625,-0.0240181279,0.215449614,0.000391688906,0.3,0.38,-0.0140241683,0.0259597158,-0.163185883,0.00773001313,-0.3,0.0214347625,0.239037728
77,10196252,-0.302318037,-0.32360962,-0.0526855178,0.122394651,0.00475255074,0.0945738703,-0.344228774,-0.170107156,-3.91304159,-0.258092105,-0.176698819,-0.270544708,-0.0241854429,-0.0258887696,-0.215805655,-0.163281605,0.000380204059,0.00756590962,0.3,0.3,-0.38,-0.238713816,-0.0141359055,-0.0216435766,-0.0241854429,0.215805655,0.000380204059,0.3,0.38,-0.0141359055,0.0258887696,-0.163281605,0.00756590962,-0.3,0.0216435766,0.238713816
78,10217524,-0.302974492,-0.323620617,-0.0537388548,0.121727914,0.00473771803,0.0930425525,-0.344021887,-0.172678322,-3.91326046,-0.254621565,-0.178209454,-0.27335766,-0.0242379594,-0.0258896494,-0.216121656,-0.163481626,0.000379017442,0.0074434042,0.3,0.3,-0.38,-0.238193235,-0.0142567563,-0.0218686128,-0.0242379594,0.216121656,0.000379017442,0.3,0.38,-0.0142567563,0.0258896494,-0.163481626,0.0074434042,-0.3,0.0218686128,0.238193235
79,10238171,-0.30228588,-0.324114799,-0.0542168207,0.12013226,0.00516773947,0.0921167433,-0.345995754,-0.176438496,-3.91503501,-0.249815136,-0.17971389,-0.276944637,-0.0241828704,-0.025929184,-0.216265046,-0.163960322,0.000413419157,0.00736933947,0.3,0.3,-0.38,-0.23747227,-0.0143771112,-0.022155571,-0.0241828704,0.216265046,0.000413419157,0.3,0.38,-0.0143771112,0.025929184,-0.163960322,0.00736933947,-0.3,0.022155571,0.23747227
80,10257621,-0.299441278,-0.32472527,-0.0539849885,0.117448449,0.00576408347,0.0913144574,-0.349760115,-0.181303009,-3.91914511,-0.243263856,-0.181996271,-0.281403631,-0.0239553022,-0.0259780216,-0.216195497,-0.164765465,0.000461126678,0.00730515659,0.3,0.3,-0.38,-0.236489578,-0.0145597017,-0.0225122905,-0.0239553022,0.216195497,0.000461126678,0.3,0.38,-0.0145597017,0.0259780216,-0.164765465,0.00730515659,-0.3,0.0225122905,0.236489578
81,10285572,-0.29638347,-0.327263117,-0.0530461036,0.1145202,0.00713869883,0.0922580957,-0.355175972,-0.18750082,-3.92595792,-0.235303089,-0.182052001,-0.285182089,-0.0237106776,-0.0261810493,-0.215913831,-0.16564394,0.000571095906,0.00738064766,0.3,0.3,-0.38,-0.235295463,-0.0145641601,-0.0228145671,-0.0237106776,0.215913831,0.000571095906,0.3,0.38,-0.0145641601,0.0261810493,-0.16564394,0.00738064766,-0.3,0.0228145671,0.235295463
82,10295523,-0.292294234,-0.331684142,-0.0518637747,0.111132771,0.00897793192,0.094650656,-0.363061994,-0.195645675,-3.93650699,-0.226114154,-0.180766746,-0.287962139,-0.0233835387,-0.0265347314,-0.215559132,-0.166660169,0.000718234554,0.00757205248,0.3,0.3,-0.38,-0.233917123,-0.0144613397,-0.0230369711,-0.0233835387,0.215559132,0.000718234554,0.3,0.38,-0.0144613397,0.0265347314,-0.166660169,0.00757205248,-0.3,0.0230369711,0.233917123
83,10317782,-0.286770344,-0.33761245,-0.0503981151,0.107065178,0.011167964,0.0982211083,-0.373678654,-0.205370381,-3.95160484,-0.215898424,-0.178085953,-0.290355176,-0.0229416275,-0.027008996,-0.215119435,-0.167880446,0.000893437117,0.00785768867,0.3,0.3,-0.38,-0.232384764,-0.0142468762,-0.0232284141,-0.0229416275,0.215119435,0.000893437117,0.3,0.38,-0.0142468762,0.027008996,-0.167880446,0.00785768867,-0.3,0.0232284141,0.232384764
84,10336270,-0.278759807,-0.345033467,-0.0484195612,0.102135994,0.0139676183,0.102972575,-0.386889309,-0.217259556,-3.97196388,-0.20506905,-0.17495276,-0.291700721,-0.0223007846,-0.0276026773,-0.214525868,-0.169359202,0.00111740947,0.00823780596,0.3,0.3,-0.38,-0.230760358,-0.0139962208,-0.0233360577,-0.0223007846,0.214525868,0.00111740947,0.3,0.38,-0.0139962208,0.0276026773,-0.169359202,0.00823780596,-0.3,0.0233360577,0.230760358
85,10355059,-0.26984629,-0.35425815,-0.0458299071,0.0973017886,0.0174511615,0.109208614,-0.402500927,-0.230292693,-3.99809432,-0.1944879,-0.169043243,-0.291481823,-0.0215877032,-0.028340652,-0.213748972,-0.170809463,0.00139609292,0.00873668909,0.3,0.3,-0.38,-0.229173185,-0.0135234594,-0.0233185458,-0.0215877032,0.213748972,0.00139609292,0.3,0.38,-0.0135234594,0.028340652,-0.170809463,0.00873668909,-0.3,0.0233185458,0.229173185
86,10383490,-0.259558618,-0.363575995,-0.0433264673,0.0920388848,0.0209435485,0.115541577,-0.419813246,-0.244245455,-4.03055906,-0.185370401,-0.161353052,-0.289919406,-0.0207646894,-0.0290860796,-0.21299794,-0.172388335,0.00167548388,0.00924332619,0.3,0.3,-0.38,-0.22780556,-0.0129082441,-0.0231935525,-0.0207646894,0.21299794,0.00167548388,0.3,0.38,-0.0129082441,0.0290860796,-0.172388335,0.00924332619,-0.3,0.0231935525,0.22780556
87,10396772,-0.248897687,-0.372090697,-0.0409845673,0.0873072371,0.0241329726,0.121139936,-0.437331945,-0.25838691,-4.0691781,-0.179108307,-0.152455017,-0.286630511,-0.0199118149,-0.0297672558,-0.21229537,-0.173807829,0.00193063781,0.00969119489,0.3,0.3,-0.38,-0.226866246,-0.0121964014,-0.0229304409,-0.0199118149,0.21229537,0.00193063781,0.3,0.38,-0.0121964014,0.0297672558,-0.173807829,0.00969119489,-0.3,0.0229304409,0.226866246
88,10415383,-0.239036292,-0.378208369,-0.0390404016,0.0839314461,0.0265233312,0.125010088,-0.452210248,-0.270501107,-4.11323357,-0.176393032,-0.14321892,-0.282613814,-0.0191229033,-0.0302566695,-0.21171212,-0.174820566,0.00212186649,0.010000807,0.3,0.3,-0.38,-0.226458955,-0.0114575136,-0.0226091051,-0.0191229033,0.21171212,0.00212186649,0.3,0.38,-0.0114575136,0.0302566695,-0.174820566,0.010000807,-0.3,0.0226091051,0.226458955
89,10437324,-0.229441866,-0.380958676,-0.0373269655,0.0801781341,0.0282448698,0.126954392,-0.466201097,-0.282007456,-4.16191864,-0.177462593,-0.135166332,-0.277869374,-0.0183553493,-0.0304766941,-0.21119809,-0.17594656,0.00225958958,0.0101563513,0.3,0.3,-0.38,-0.226619389,-0.0108133066,-0.0222295499,-0.0183553493,0.21119809,0.00225958958,0.3,0.38,-0.0108133066,0.0304766941,-0.17594656,0.0101563513,-0.3,0.0222295499,0.226619389
90,10457006,-0.220848069,-0.380773723,-0.0352387168,0.0768497586,0.029390933,0.127295926,-0.477243721,-0.290713489,-4.21438551,-0.181846306,-0.129025415,-0.273090392,-0.0176678455,-0.0304618979,-0.210571615,-0.176945072,0.00235127464,0.0101836741,0.3,0.3,-0.38,-0.227276946,-0.0103220332,-0.0218472314,-0.0176678455,0.210571615,0.00235127464,0.3,0.38,-0.0103220332,0.0304618979,-0.176945072,0.0101836741,-0.3,0.0218472314,0.227276946
91,10477125,-0.211765572,-0.377586216,-0.0334298126,0.0718008503,0.0301548261,0.125587687,-0.488776743,-0.299165666,-4.27139282,-0.188964978,-0.125643149,-0.2694664,-0.0169412458,-0.0302068973,-0.210028944,-0.178459745,0.00241238609,0.010047015,0.3,0.3,-0.38,-0.228344747,-0.0100514519,-0.021557312,-0.0169412458,0.210028944,0.00241238609,0.3,0.38,-0.0100514519,0.0302068973,-0.178459745,0.010047015,-0.3,0.021557312,0.228344747
92,10497409,-0.202494591,-0.371617794,-0.0319375619,0.0654958263,0.0308330357,0.12191011,-0.501442373,-0.30804649,-4.33417606,-0.198447362,-0.12302991,-0.267176867,-0.0161995673,-0.0297294235,-0.209581269,-0.180351252,0.00246664286,0.00975280881,0.3,0.3,-0.38,-0.229767104,-0.0098423928,-0.0213741493,-0.0161995673,0.209581269,0.00246664286,0.3,0.38,-0.0098423928,0.0297294235,-0.180351252,0.00975280881,-0.3,0.0213741493,0.229767104
93,10515157,-0.192326695,-0.363759071,-0.0304749887,0.0591036864,0.031354975,0.1165004,-0.513724267,-0.316650182,-4.40287733,-0.209921166,-0.122060299,-0.265373647,-0.0153861356,-0.0291007257,-0.209142497,-0.182268894,0.002508398,0.009320032,0.3,0.3,-0.38,-0.231488175,-0.00976482391,-0.0212298918,-0.0153861356,0.209142497,0.002508398,0.3,0.38,-0.00976482391,0.0291007257,-0.182268894,0.009320032,-0.3,0.0212298918,0.231488175
94,10536601,-0.181482986,-0.355363548,-0.0289334264,0.0519227386,0.0322705209,0.110822804,-0.527501106,-0.327008277,-4.47773457,-0.223145798,-0.120037682,-0.263314217,-0.0145186388,-0.0284290838,-0.208680028,-0.184423178,0.00258164167,0.00886582434,0.3,0.3,-0.38,-0.23347187,-0.00960301459,-0.0210651374,-0.0145186388,0.208680028,0.00258164167,0.3,0.38,-0.00960301459,0.0284290838,-0.184423178,0.00886582434,-0.3,0.0210651374,0.23347187
95,10555302,-0.171112403,-0.349482208,-0.0265960731,0.04512164,0.0342335664,0.108018555,-0.541032851,-0.339315087,-4.55721045,-0.238399908,-0.11408101,-0.258131176,-0.0136889923,-0.0279585767,-0.207978822,-0.186463508,0.00273868531,0.00864148438,0.3,0.3,-0.38,-0.235759986,-0.00912648082,-0.0206504941,-0.0136889923,0.207978822,0.00273868531,0.3,0.38,-0.00912648082,0.0279585767,-0.186463508,0.00864148438,-0.3,0.0206504941,0.235759986
96,10576191,-0.16166985,-0.344791055,-0.0251688045,0.0399762951,0.0353803337,0.105582498,-0.553561985,-0.351114154,-4.64046574,-0.256493747,-0.105995491,-0.248657912,-0.012933588,-0.0275832844,-0.207550641,-0.188007111,0.00283042669,0.00844659984,0.3,0.3,-0.38,-0.238474062,-0.00847963929,-0.019892633,-0.012933588,0.207550641,0.00283042669,0.3,0.38,-0.00847963929,0.0275832844,-0.188007111,0.00844659984,-0.3,0.019892633,0.238474062
97,10597873,-0.153186634,-0.338161349,-0.0260450076,0.0378035754,0.0342238173,0.100190103,-0.56228137,-0.357921213,-4.72573423,-0.277573645,-0.100442648,-0.237836882,-0.0122549307,-0.0270529079,-0.207813502,-0.188658927,0.00273790538,0.00801520824,0.3,0.3,-0.38,-0.241636047,-0.00803541183,-0.0190269506,-0.0122549307,0.207813502,0.00273790538,0.3,0.38,-0.00803541183,0.0270529079,-0.188658927,0.00801520824,-0.3,0.0190269506,0.241636047
98,10615916,-0.147055402,-0.328032345,-0.0279202946,0.0379601531,0.0311715957,0.0916613713,-0.566103101,-0.357979149,-4.81001568,-0.301339954,-0.0994625315,-0.22902596,-0.0117644322,-0.0262425876,-0.208376088,-0.188611954,0.00249372765,0.0073329097,0.3,0.3,-0.38,-0.245200993,-0.00795700252,-0.0183220768,-0.0117644322,0.208376088,0.00249372765,0.3,0.38,-0.00795700252,0.0262425876,-0.188611954,0.0073329097,-0.3,0.0183220768,0.245200993
99,10636225,-0.143467247,-0.315488338,-0.0291117728,0.0388165787,0.0275545064,0.0820035934,-0.564624727,-0.352336407,-4.89200449,-0.327091992,-0.102462746,-0.223650917,-0.0114773798,-0.0252390671,-0.208733532,-0.188355026,0.00220436051,0.00656028748,0.3,0.3,-0.38,-0.249063799,-0.0081970197,-0.0178920734,-0.0114773798,0.208733532,0.00220436051,0.3,0.38,-0.0081970197,0.0252390671,-0.188355026,0.00656028748,-0.3,0.0178920734,0.249063799
100,10667234,-0.143396422,-0.30317986,-0.0292527825,0.0399960205,0.0246212371,0.0738462359,-0.559657991,-0.343091637,-4.97031021,-0.354420334,-0.106232934,-0.222242579,-0.0114717138,-0.0242543888,-0.208775835,-0.188001194,0.00196969897,0.00590769887,0.3,0.3,-0.38,-0.25316305,-0.0084986347,-0.0177794063,-0.0114717138,0.208775835,0.00196969897,0.3,0.38,-0.0084986347,0.0242543888,-0.188001194,0.00590769887,-0.3,0.0177794063,0.25316305
101,10682756,-0.146476567,-0.295367599,-0.0286778491,0.0416761972,0.0235850886,0.0702329427,-0.552183211,-0.333959758,-5.04361439,-0.382189929,-0.108426861,-0.223350406,-0.0117181253,-0.0236294079,-0.208603355,-0.187497141,0.00188680708,0.00561863542,0.3,0.3,-0.38,-0.257328489,-0.00867414892,-0.0178680325,-0.0117181253,0.208603355,0.00188680708,0.3,0.38,-0.00867414892,0.0236294079,-0.187497141,0.00561863542,-0.3,0.0178680325,0.257328489
102,10701477,-0.15247792,-0.294627041,-0.0272563994,0.0443139225,0.024450846,0.0720555037,-0.54281944,-0.324916989,-5.11139774,-0.40881902,-0.107147686,-0.224648461,-0.0121982336,-0.0235701632,-0.20817692,-0.186705823,0.00195606768,0.0057644403,0.3,0.3,-0.38,-0.261322853,-0.00857181489,-0.0179718769,-0.0121982336,0.20817692,0.00195606768,0.3,0.38,-0.00857181489,0.0235701632,-0.186705823,0.0057644403,-0.3,0.0179718769,0.261322853
103,10732263,-0.159170479,-0.30029124,-0.0258497596,0.0465087742,0.0266852882,0.0781372339,-0.534922719,-0.317022026,-5.17455721,-0.432284862,-0.102949411,-0.2250797,-0.0127336383,-0.0240232992,-0.207754928,-0.186047368,0.00213482305,0.00625097871,0.3,0.3,-0.38,-0.264842729,-0.00823595285,-0.018006376,-0.0127336383,0.207754928,0.00213482305,0.3,0.38,-0.00823595285,0.0240232992,-0.186047368,0.00625097871,-0.3,0.018006376,0.264842729
104,10740392,-0.165878952,-0.309647799,-0.0249894932,0.049783662,0.0286278967,0.085451439,-0.528519809,-0.308662772,-5.23444891,-0.451874375,-0.0959045589,-0.225115255,-0.0132703161,-0.0247718239,-0.207496848,-0.185064901,0.00229023173,0.00683611512,0.3,0.3,-0.38,-0.267781156,-0.00767236471,-0.0180092204,-0.0132703161,0.207496848,0.00229023173,0.3,0.38,-0.00767236471,0.0247718239,-0.185064901,0.00683611512,-0.3,0.0180092204,0.267781156
105,10756752,-0.172135562,-0.319239676,-0.0256776623,0.0546440221,0.0291158482,0.0913235322,-0.520741761,-0.297512412,-5.29162788,-0.467997342,-0.089921616,-0.225449726,-0.0137708449,-0.0255391741,-0.207703299,-0.183606793,0.00232926786,0.00730588257,0.3,0.3,-0.38,-0.270199601,-0.00719372928,-0.0180359781,-0.0137708449,0.207703299,0.00232926786,0.3,0.38,-0.00719372928,0.0255391741,-0.183606793,0.00730588257,-0.3,0.0180359781,0.270199601
106,10776001,-0.177990958,-0.325876892,-0.0279517826,0.0599593669,0.0278003104,0.0940194502,-0.512148499,-0.284648091,-5.34626436,-0.481786042,-0.0865435898,-0.227888018,-0.0142392766,-0.0260701513,-0.208385535,-0.18201219,0.00222402483,0.00752155602,0.3,0.3,-0.38,-0.272267906,-0.00692348719,-0.0182310414,-0.0142392766,0.208385535,0.00222402483,0.3,0.38,-0.00692348719,0.0260701513,-0.18201219,0.00752155602,-0.3,0.0182310414,0.272267906
107,10800411,-0.184317738,-0.329389632,-0.0302544367,0.0647283942,0.025867898,0.0945906118,-0.502693772,-0.271921545,-5.39771891,-0.493899047,-0.0854476616,-0.23239775,-0.014745419,-0.0263511705,-0.209076331,-0.180581482,0.00206943184,0.00756724894,0.3,0.3,-0.38,-0.274084857,-0.00683581293,-0.01859182,-0.014745419,0.209076331,0.00206943184,0.3,0.38,-0.00683581293,0.0263511705,-0.180581482,0.00756724894,-0.3,0.01859182,0.274084857
108,10816404,-0.190981284,-0.330934912,-0.0322159976,0.06826289,0.0239765961,0.0940109268,-0.493803561,-0.260563672,-5.44562483,-0.504793465,-0.0867576748,-0.238830417,-0.0152785027,-0.026474793,-0.209664799,-0.179521133,0.00191812769,0.00752087414,0.3,0.3,-0.38,-0.27571902,-0.00694061399,-0.0191064334,-0.0152785027,0.209664799,0.00191812769,0.3,0.38,-0.00694061399,0.026474793,-0.179521133,0.00752087414,-0.3,0.0191064334,0.27571902
109,10837281,-0.197465003,-0.332540035,-0.0337079465,0.0703618228,0.0230088122,0.0937850326,-0.486982912,-0.253372937,-5.49081802,-0.51428479,-0.0887392759,-0.245741889,-0.0157972002,-0.0266032028,-0.210112384,-0.178891453,0.00184070498,0.00750280261,0.3,0.3,-0.38,-0.277142718,-0.00709914207,-0.0196593511,-0.0157972002,0.210112384,0.00184070498,0.3,0.38,-0.00709914207,0.0266032028,-0.178891453,0.00750280261,-0.3,0.0196593511,0.277142718
110,10856877,-0.202888116,-0.334892452,-0.0347876363,0.0721785203,0.0226605758,0.093715556,-0.481326491,-0.248201102,-5.53372574,-0.521914363,-0.0919204578,-0.253381044,-0.0162310493,-0.0267913961,-0.210436291,-0.178346444,0.00181284606,0.00749724448,0.3,0.3,-0.38,-0.278287154,-0.00735363662,-0.0202704835,-0.0162310493,0.210436291,0.00181284606,0.3,0.38,-0.00735363662,0.0267913961,-0.178346444,0.00749724448,-0.3,0.0202704835,0.278287154
111,10876127,-0.206602067,-0.337845266,-0.0360317454,0.0728685185,0.0226179045,0.0936418846,-0.478150725,-0.245349064,-5.57541513,-0.527253389,-0.0948735178,-0.260662228,-0.0165281653,-0.0270276213,-0.210809524,-0.178139444,0.00180943236,0.00749135077,0.3,0.3,-0.38,-0.279088008,-0.00758988142,-0.0208529782,-0.0165281653,0.210809524,0.00180943236,0.3,0.38,-0.00758988142,0.0270276213,-0.178139444,0.00749135077,-0.3,0.0208529782,0.279088008
112,10902573,-0.207490206,-0.340394139,-0.0378483273,0.0724751204,0.0223349072,0.0924011692,-0.477422982,-0.24474214,-5.61753464,-0.530418158,-0.0989431515,-0.26655072,-0.0165992165,-0.0272315311,-0.211354498,-0.178257464,0.00178679258,0.00739209354,0.3,0.3,-0.38,-0.279562724,-0.00791545212,-0.0213240576,-0.0165992165,0.211354498,0.00178679258,0.3,0.38,-0.00791545212,0.0272315311,-0.178257464,0.00739209354,-0.3,0.0213240576,0.279562724
113,10916564,-0.206589922,-0.342437983,-0.0399617925,0.071703136,0.0217828471,0.0901226252,-0.478105545,-0.246031046,-5.66061401,-0.532230258,-0.103214629,-0.270729899,-0.0165271938,-0.0273950386,-0.211988538,-0.178489059,0.00174262777,0.00720981002,0.3,0.3,-0.38,-0.279834539,-0.00825717032,-0.021658392,-0.0165271938,0.211988538,0.00174262777,0.3,0.38,-0.00825717032,0.0273950386,-0.178489059,0.00720981002,-0.3,0.021658392,0.279834539
114,10935908,-0.205505133,-0.343714774,-0.0417176224,0.0719716772,0.0211444721,0.0871330723,-0.477881998,-0.246096641,-5.70475054,-0.533704758,-0.107354321,-0.27401948,-0.0164404106,-0.0274971819,-0.212515287,-0.178408497,0.00169155777,0.00697064579,0.3,0.3,-0.38,-0.280055714,-0.00858834565,-0.0219215584,-0.0164404106,0.212515287,0.00169155777,0.3,0.38,-0.00858834565,0.0274971819,-0.178408497,0.00697064579,-0.3,0.0219215584,0.280055714
115,10957408,-0.20483911,-0.345324814,-0.0430828743,0.0733288676,0.020556394,0.0844850093,-0.476925999,-0.245395198,-5.74816513,-0.535066009,-0.11114198,-0.277058542,-0.0163871288,-0.0276259851,-0.212924862,-0.17800134,0.00164451152,0.00675880075,0.3,0.3,-0.38,-0.280259901,-0.00889135838,-0.0221646833,-0.0163871288,0.212924862,0.00164451152,0.3,0.38,-0.00889135838,0.0276259851,-0.17800134,0.00675880075,-0.3,0.0221646833,0.280259901
116,10976338,-0.203402236,-0.346513718,-0.0445045382,0.0736344606,0.0200162176,0.0818456039,-0.477417022,-0.24565126,-5.79168034,-0.536203325,-0.115377188,-0.280703813,-0.0162721789,-0.0277210975,-0.213351361,-0.177909662,0.00160129741,0.00654764831,0.3,0.3,-0.38,-0.280430499,-0.00923017502,-0.022456305,-0.0162721789,0.213351361,0.00160129741,0.3,0.38,-0.00923017502,0.0277210975,-0.177909662,0.00654764831,-0.3,0.022456305,0.280430499
117,10997390,-0.201512009,-0.347533524,-0.0457302369,0.0738926679,0.0199267231,0.0794624388,-0.478916675,-0.246096268,-5.83518076,-0.537410021,-0.119032331,-0.284269065,-0.0161209607,-0.0278026819,-0.213719071,-0.1778322,0.00159413785,0.00635699511,0.3,0.3,-0.38,-0.280611503,-0.00952258646,-0.0227415252,-0.0161209607,0.213719071,0.00159413785,0.3,0.38,-0.00952258646,0.0278026819,-0.1778322,0.00635699511,-0.3,0.0227415252,0.280611503
118,11021442,-0.199789941,-0.349261701,-0.0461592488,0.0732537583,0.0207155999,0.0786353648,-0.482670963,-0.24815847,-5.87950563,-0.538128495,-0.119620621,-0.287371427,-0.0159831953,-0.0279409361,-0.213847775,-0.178023873,0.00165724799,0.00629082918,0.3,0.3,-0.38,-0.280719274,-0.0095696497,-0.0229897141,-0.0159831953,0.213847775,0.00165724799,0.3,0.38,-0.0095696497,0.0279409361,-0.178023873,0.00629082918,-0.3,0.0229897141,0.280719274
119,11038885,-0.198312804,-0.351991415,-0.0459312201,0.0724411681,0.0221205018,0.0791024491,-0.48763293,-0.251275271,-5.92458344,-0.538246989,-0.117309384,-0.289490312,-0.0158650243,-0.0281593132,-0.213779366,-0.17826765,0.00176964015,0.00632819593,0.3,0.3,-0.38,-0.280737048,-0.00938475072,-0.023159225,-0.0158650243,0.213779366,0.00176964015,0.3,0.38,-0.00938475072,0.0281593132,-0.17826765,0.00632819593,-0.3,0.023159225,0.280737048
120,11056469,-0.196034431,-0.355102688,-0.0454301909,0.0716338083,0.0234991498,0.0800832286,-0.492919266,-0.254974008,-5.97034121,-0.538278699,-0.114251114,-0.290063828,-0.0156827545,-0.028408215,-0.213629057,-0.178509858,0.00187993199,0.00640665829,0.3,0.3,-0.38,-0.280741805,-0.00914008915,-0.0232051063,-0.0156827545,0.213629057,0.00187993199,0.3,0.38,-0.00914008915,0.028408215,-0.178509858,0.00640665829,-0.3,0.0232051063,0.280741805
121,11077070,-0.19322148,-0.357371807,-0.0451267362,0.0709259957,0.0243865456,0.0806368291,-0.498053789,-0.257768601,-6.01711893,-0.538582265,-0.111106835,-0.289960623,-0.0154577184,-0.0285897446,-0.213538021,-0.178722201,0.00195092365,0.00645094633,0.3,0.3,-0.38,-0.28078734,-0.00888854682,-0.0231968498,-0.0154577184,0.213538021,0.00195092365,0.3,0.38,-0.00888854682,0.0285897446,-0.178722201,0.00645094633,-0.3,0.0231968498,0.28078734
122,11097893,-0.190700307,-0.358530879,-0.0449179523,0.0707651526,0.0247296281,0.0806551948,-0.502043366,-0.259171218,-6.06459856,-0.539699852,-0.107716396,-0.289007992,-0.0152560246,-0.0286824703,-0.213475386,-0.178770454,0.00197837025,0.00645241559,0.3,0.3,-0.38,-0.280954978,-0.00861731172,-0.0231206393,-0.0152560246,0.213475386,0.00197837025,0.3,0.38,-0.00861731172,0.0286824703,-0.178770454,0.00645241559,-0.3,0.0231206393,0.280954978
123,11116979,-0.188921764,-0.359157592,-0.0446654484,0.0712368861,0.0247902144,0.0807000995,-0.503320873,-0.258543581,-6.11191654,-0.541780293,-0.104605287,-0.287989855,-0.0151137412,-0.0287326074,-0.213399635,-0.178628934,0.00198321715,0.00645600796,0.3,0.3,-0.38,-0.281267044,-0.00836842299,-0.0230391884,-0.0151137412,0.213399635,0.00198321715,0.3,0.38,-0.00836842299,0.0287326074,-0.178628934,0.00645600796,-0.3,0.0230391884,0.281267044
124,11140346,-0.188087493,-0.359864146,-0.0443787016,0.071437493,0.0249534249,0.0813293159,-0.503189147,-0.257638633,-6.15793991,-0.544829428,-0.101370066,-0.286609977,-0.0150469995,-0.0287891316,-0.21331361,-0.178568752,0.00199627399,0.00650634527,0.3,0.3,-0.38,-0.281724414,-0.00810960531,-0.0229287982,-0.0150469995,0.21331361,0.00199627399,0.3,0.38,-0.00810960531,0.0287891316,-0.178568752,0.00650634527,-0.3,0.0229287982,0.281724414
125,11156511,-0.18829678,-0.360760927,-0.0440740772,0.0716608539,0.0251969397,0.0822959468,-0.503025949,-0.256750017,-6.20256662,-0.548736811,-0.0978922471,-0.28512764,-0.0150637424,-0.0288608742,-0.213222223,-0.178501744,0.00201575518,0.00658367574,0.3,0.3,-0.38,-0.282310522,-0.00783137977,-0.0228102112,-0.0150637424,0.213222223,0.00201575518,0.3,0.38,-0.00783137977,0.0288608742,-0.178501744,0.00658367574,-0.3,0.0228102112,0.282310522
126,11177312,-0.189120129,-0.362143099,-0.0437301099,0.0725067332,0.0254312865,0.0834877491,-0.501915276,-0.254994065,-6.24548817,-0.553149879,-0.0950473994,-0.283977091,-0.0151296103,-0.0289714479,-0.213119033,-0.17824798,0.00203450292,0.00667901993,0.3,0.3,-0.38,-0.282972482,-0.00760379195,-0.0227181673,-0.0151296103,0.213119033,0.00203450292,0.3,0.38,-0.00760379195,0.0289714479,-0.17824798,0.00667901993,-0.3,0.0227181673,0.282972482
127,11196392,-0.190294802,-0.363961577,-0.043793194,0.0737163201,0.0254794993,0.0846888795,-0.50052923,-0.253290415,-6.28717422,-0.557748258,-0.0926837251,-0.283171803,-0.0152235842,-0.0291169262,-0.213137958,-0.177885104,0.00203835994,0.00677511036,0.3,0.3,-0.38,-0.283662239,-0.007414698,-0.0226537442,-0.0152235842,0.213137958,0.00203835994,0.3,0.38,-0.007414698,0.0291169262,-0.177885104,0.00677511036,-0.3,0.0226537442,0.283662239
128,11223398,-0.191474065,-0.365917265,-0.0440040156,0.0755372196,0.0252179112,0.0855658725,-0.497623116,-0.250023097,-6.32738543,-0.562498569,-0.0918140113,-0.282855392,-0.0153179252,-0.0292733812,-0.213201205,-0.177338834,0.0020174329,0.0068452698,0.3,0.3,-0.38,-0.284374785,-0.00734512091,-0.0226284313,-0.0153179252,0.213201205,0.0020174329,0.3,0.38,-0.00734512091,0.0292733812,-0.177338834,0.0068452698,-0.3,0.0226284313,0.284374785
129,11235931,-0.192835942,-0.367383599,-0.0446933731,0.07708399,0.0246715546,0.0859507248,-0.494823158,-0.246357068,-6.36634636,-0.567227066,-0.0914112031,-0.283316344,-0.0154268754,-0.0293906879,-0.213408012,-0.176874803,0.00197372437,0.00687605798,0.3,0.3,-0.38,-0.28508406,-0.00731289625,-0.0226653075,-0.0154268754,0.213408012,0.00197372437,0.3,0.38,-0.00731289625,0.0293906879,-0.176874803,0.00687605798,-0.3,0.0226653075,0.28508406
130,11260648,-0.193922579,-0.368850708,-0.0452877693,0.0779712647,0.024292985,0.0863453299,-0.492510736,-0.243640736,-6.40412378,-0.571825981,-0.0915130004,-0.284216404,-0.0155138063,-0.0295080566,-0.213586331,-0.176608621,0.0019434388,0.00690762639,0.3,0.3,-0.38,-0.285773897,-0.00732104003,-0.0227373123,-0.0155138063,0.213586331,0.0019434388,0.3,0.38,-0.00732104003,0.0295080566,-0.176608621,0.00690762639,-0.3,0.0227373123,0.285773897
131,11278735,-0.195230946,-0.370663047,-0.045713786,0.0790691972,0.0241244026,0.086824134,-0.490008205,-0.240861133,-6.4408102,-0.576134622,-0.0916868225,-0.285954267,-0.0156184757,-0.0296530437,-0.213714136,-0.176279241,0.0019299522,0.00694593072,0.3,0.3,-0.38,-0.286420193,-0.0073349458,-0.0228763413,-0.0156184757,0.213714136,0.0019299522,0.3,0.38,-0.0073349458,0.0296530437,-0.176279241,0.00694593072,-0.3,0.0228763413,0.286420193
132,11296120,-0.196475074,-0.372467339,-0.0463522635,0.0798821449,0.0240285117,0.0871785432,-0.487963289,-0.23856163,-6.47664356,-0.579919755,-0.0919810906,-0.287926495,-0.0157180059,-0.0297973871,-0.213905679,-0.176035357,0.00192228094,0.00697428346,0.3,0.3,-0.38,-0.286987963,-0.00735848725,-0.0230341196,-0.0157180059,0.213905679,0.00192228094,0.3,0.38,-0.00735848725,0.0297973871,-0.176035357,0.00697428346,-0.3,0.0230341196,0.286987963
133,11323055,-0.197775781,-0.374536574,-0.046847526,0.0808818713,0.024015056,0.0875033662,-0.485830933,-0.236126587,-6.5113945,-0.583318174,-0.0925550982,-0.290170819,-0.0158220625,-0.0299629259,-0.214054258,-0.175735439,0.00192120448,0.00700026929,0.3,0.3,-0.38,-0.287497726,-0.00740440786,-0.0232136655,-0.0158220625,0.214054258,0.00192120448,0.3,0.38,-0.00740440786,0.0299629259,-0.175735439,0.00700026929,-0.3,0.0232136655,0.287497726
134,11335618,-0.198226467,-0.37598893,-0.0476324633,0.0813306645,0.0236838162,0.0871219262,-0.484396428,-0.234096676,-6.54552317,-0.586186409,-0.0945060626,-0.292933732,-0.0158581173,-0.0300791144,-0.214289739,-0.175600801,0.0018947053,0.0069697541,0.3,0.3,-0.38,-0.287927961,-0.00756048501,-0.0234346986,-0.0158581173,0.214289739,0.0018947053,0.3,0.38,-0.00756048501,0.0300791144,-0.175600801,0.0069697541,-0.3,0.0234346986,0.287927961
135,11356658,-0.197497189,-0.376217186,-0.0487016812,0.0809375644,0.0230858251,0.0857033208,-0.48494485,-0.233470187,-6.58037901,-0.588438988,-0.0972430855,-0.295933753,-0.0157997751,-0.0300973749,-0.214610504,-0.175718731,0.00184686601,0.00685626566,0.3,0.3,-0.38,-0.288265848,-0.00777944684,-0.0236747003,-0.0157997751,0.214610504,0.00184686601,0.3,0.38,-0.00777944684,0.0300973749,-0.175718731,0.00685626566,-0.3,0.0236747003,0.288265848
136,11377324,-0.196303144,-0.374847412,-0.0499701686,0.0799865201,0.0223410502,0.0832784176,-0.487023622,-0.233980745,-6.61684036,-0.590131402,-0.0993109494,-0.299246907,-0.0157042515,-0.029987793,-0.214991051,-0.176004044,0.00178728402,0.00666227341,0.3,0.3,-0.38,-0.28851971,-0.00794487596,-0.0239397526,-0.0157042515,0.214991051,0.00178728402,0.3,0.38,-0.00794487596,0.029987793,-0.176004044,0.00666227341,-0.3,0.0239397526,0.28851971
137,11395748,-0.19493939,-0.372696549,-0.0507037975,0.0787476972,0.0219463725,0.0805765614,-0.489625216,-0.235193983,-6.65518141,-0.591413021,-0.100758195,-0.302698284,-0.0155951512,-0.0298157239,-0.215211139,-0.176375691,0.0017557098,0.00644612491,0.3,0.3,-0.38,-0.288711953,-0.00806065559,-0.0242158628,-0.0155951512,0.215211139,0.0017557098,0.3,0.38,-0.00806065559,0.0298157239,-0.176375691,0.00644612491,-0.3,0.0242158628,0.288711953
138,11420194,-0.193363339,-0.37046048,-0.0512250587,0.0770676807,0.021966422,0.0781254545,-0.49336338,-0.238215581,-6.69529772,-0.592264056,-0.101036482,-0.305674464,-0.0154690671,-0.0296368384,-0.215367518,-0.176879696,0.00175731376,0.00625003636,0.3,0.3,-0.38,-0.288839608,-0.00808291852,-0.0244539571,-0.0154690671,0.215367518,0.00175731376,0.3,0.38,-0.00808291852,0.0296368384,-0.176879696,0.00625003636,-0.3,0.0244539571,0.288839608
139,11436176,-0.19165203,-0.368334651,-0.0514084399,0.0749934614,0.0223136973,0.0760168955,-0.498692453,-0.242674917,-6.7370801,-0.592943311,-0.100259088,-0.307780534,-0.0153321624,-0.0294667721,-0.215422532,-0.177501962,0.00178509578,0.00608135164,0.3,0.3,-0.38,-0.288941497,-0.00802072704,-0.0246224427,-0.0153321624,0.215422532,0.00178509578,0.3,0.38,-0.00802072704,0.0294667721,-0.177501962,0.00608135164,-0.3,0.0246224427,0.288941497
140,11456203,-0.189605579,-0.366056204,-0.0517018586,0.07257431,0.0229353812,0.0741967857,-0.506702781,-0.248731062,-6.78160048,-0.593362629,-0.0974584073,-0.309140921,-0.0151684463,-0.0292844963,-0.215510558,-0.178227707,0.00183483049,0.00593574286,0.3,0.3,-0.38,-0.289004394,-0.00779667258,-0.0247312737,-0.0151684463,0.215510558,0.00183483049,0.3,0.38,-0.00779667258,0.0292844963,-0.178227707,0.00593574286,-0.3,0.0247312737,0.289004394
141,11477923,-0.185576275,-0.363426685,-0.0519024879,0.0699199811,0.0234769098,0.0720354319,-0.515173256,-0.255637348,-6.82929802,-0.593612969,-0.0957514346,-0.309885502,-0.014846102,-0.0290741348,-0.215570746,-0.179024006,0.00187815279,0.00576283455,0.3,0.3,-0.38,-0.289041945,-0.00766011477,-0.0247908401,-0.014846102,0.215570746,0.00187815279,0.3,0.38,-0.00766011477,0.0290741348,-0.179024006,0.00576283455,-0.3,0.0247908401,0.289041945
142,11508213,-0.180857271,-0.361084819,-0.0518464781,0.0670111254,0.0242794864,0.070321396,-0.524092674,-0.263524473,-6.88060141,-0.59425348,-0.0929425508,-0.308769703,-0.0144685817,-0.0288867855,-0.215553943,-0.179896662,0.00194235891,0.00562571168,0.3,0.3,-0.38,-0.289138022,-0.00743540406,-0.0247015762,-0.0144685817,0.215553943,0.00194235891,0.3,0.38,-0.00743540406,0.0288867855,-0.179896662,0.00562571168,-0.3,0.0247015762,0.289138022
143,11516523,-0.175622344,-0.358290762,-0.0515193045,0.0649094656,0.0247747935,0.0683290064,-0.531454504,-0.269912273,-6.93433285,-0.595689058,-0.0901307166,-0.306869239,-0.0140497875,-0.0286632609,-0.215455791,-0.18052716,0.00198198348,0.00546632051,0.3,0.3,-0.38,-0.289353359,-0.00721045732,-0.0245495391,-0.0140497875,0.215455791,0.00198198348,0.3,0.38,-0.00721045732,0.0286632609,-0.18052716,0.00546632051,-0.3,0.0245495391,0.289353359
144,11537183,-0.170296252,-0.356030375,-0.0511390977,0.0633479804,0.0249955356,0.0665976256,-0.537333965,-0.275278777,-6.99006224,-0.598296344,-0.0875427499,-0.304023057,-0.0136237001,-0.02848243,-0.215341729,-0.180995606,0.00199964285,0.00532781005,0.3,0.3,-0.38,-0.289744452,-0.00700342,-0.0243218446,-0.0136237001,0.215341729,0.00199964285,0.3,0.38,-0.00700342,0.02848243,-0.180995606,0.00532781005,-0.3,0.0243218446,0.289744452
145,11557062,-0.165205166,-0.354252815,-0.0507995114,0.0617020987,0.0251595117,0.0654436424,-0.541946471,-0.279863566,-7.04713154,-0.60216552,-0.0843825564,-0.300489992,-0.0132164133,-0.0283402252,-0.215239853,-0.18148937,0.00201276094,0.00523549139,0.3,0.3,-0.38,-0.290324828,-0.00675060451,-0.0240391994,-0.0132164133,0.215239853,0.00201276094,0.3,0.38,-0.00675060451,0.0283402252,-0.18148937,0.00523549139,-0.3,0.0240391994,0.290324828
146,11577688,-0.160214618,-0.353181571,-0.0501625612,0.0603364669,0.0253405087,0.064790234,-0.545349836,-0.28309384,-7.10475922,-0.607290089,-0.0816596299,-0.296277821,-0.0128171694,-0.0282545257,-0.215048768,-0.18189906,0.00202724069,0.00518321872,0.3,0.3,-0.38,-0.291093513,-0.0065327704,-0.0237022257,-0.0128171694,0.215048768,0.00202724069,0.3,0.38,-0.0065327704,0.0282545257,-0.18189906,0.00518321872,-0.3,0.0237022257,0.291093513
147,11601978,-0.155404925,-0.353172243,-0.0493739657,0.0594584756,0.0255464874,0.0647272319,-0.547117233,-0.284998596,-7.16221714,-0.613562346,-0.0794308186,-0.291441292,-0.012432394,-0.0282537794,-0.21481219,-0.182162457,0.00204371899,0.00517817855,0.3,0.3,-0.38,-0.292034352,-0.00635446548,-0.0233153033,-0.012432394,0.21481219,0.00204371899,0.3,0.38,-0.00635446548,0.0282537794,-0.182162457,0.00517817855,-0.3,0.0233153033,0.292034352
148,11616926,-0.151885629,-0.354559451,-0.0483183078,0.0597585998,0.0259462669,0.0655462369,-0.546664834,-0.284597874,-7.21843386,-0.620809674,-0.0768773034,-0.286706656,-0.0121508503,-0.0283647561,-0.214495492,-0.18207242,0.00207570136,0.00524369895,0.3,0.3,-0.38,-0.293121451,-0.00615018427,-0.0229365325,-0.0121508503,0.214495492,0.00207570136,0.3,0.38,-0.00615018427,0.0283647561,-0.18207242,0.00524369895,-0.3,0.0229365325,0.293121451
149,11637533,-0.149438694,-0.356749624,-0.0476545766,0.0609193109,0.0259424038,0.0665701702,-0.544461012,-0.282084554,-7.27289867,-0.628683746,-0.0749300495,-0.282843381,-0.0119550955,-0.0285399699,-0.214296373,-0.181724207,0.00207539231,0.00532561362,0.3,0.3,-0.38,-0.294302562,-0.00599440396,-0.0226274705,-0.0119550955,0.214296373,0.00207539231,0.3,0.38,-0.00599440396,0.0285399699,-0.181724207,0.00532561362,-0.3,0.0226274705,0.294302562
150,11656876,-0.148015395,-0.359111875,-0.0472826362,0.0624887906,0.0255764201,0.0675199404,-0.541017354,-0.277591318,-7.32567978,-0.6370157,-0.0733502507,-0.280247122,-0.0118412316,-0.02872895,-0.214184791,-0.181253363,0.00204611361,0.00540159523,0.3,0.3,-0.38,-0.295552355,-0.00586802006,-0.0224197698,-0.0118412316,0.214184791,0.00204611361,0.3,0.38,-0.00586802006,0.02872895,-0.181253363,0.00540159523,-0.3,0.0224197698,0.295552355
151,11677141,-0.147582144,-0.36132136,-0.0474789739,0.064296335,0.0248743966,0.0682609752,-0.536650121,-0.271574885,-7.37681866,-0.645368338,-0.0721780658,-0.279097706,-0.0118065715,-0.0289057088,-0.214243692,-0.1807111,0.00198995173,0.00546087801,0.3,0.3,-0.38,-0.296805251,-0.00577424526,-0.0223278165,-0.0118065715,0.214243692,0.00198995173,0.3,0.38,-0.00577424526,0.0289057088,-0.1807111,0.00546087801,-0.3,0.0223278165,0.296805251
152,11697848,-0.148259848,-0.3637743,-0.047840815,0.066408284,0.0241128914,0.0690999925,-0.531200111,-0.264921695,-7.42598057,-0.653600693,-0.0713565052,-0.279092759,-0.0118607879,-0.029101944,-0.214352245,-0.180077515,0.00192903131,0.0055279994,0.3,0.3,-0.38,-0.298040104,-0.00570852041,-0.0223274207,-0.0118607879,0.214352245,0.00192903131,0.3,0.38,-0.00570852041,0.029101944,-0.180077515,0.0055279994,-0.3,0.0223274207,0.298040104
153,11717220,-0.149659246,-0.366474718,-0.0482515022,0.0683372915,0.0235421006,0.070136562,-0.52573365,-0.258399487,-7.47305965,-0.6614393,-0.0709875003,-0.280142725,-0.0119727397,-0.0293179774,-0.214475451,-0.179498813,0.00188336805,0.00561092496,0.3,0.3,-0.38,-0.299215895,-0.00567900002,-0.022411418,-0.0119727397,0.214475451,0.00188336805,0.3,0.38,-0.00567900002,0.0293179774,-0.179498813,0.00561092496,-0.3,0.022411418,0.299215895
154,11742816,-0.152439579,-0.369963557,-0.0486637279,0.0704445615,0.0233365335,0.0717093274,-0.520146191,-0.252144456,-7.51776648,-0.668649435,-0.0696895793,-0.28181079,-0.0121951663,-0.0295970845,-0.214599118,-0.178866632,0.00186692268,0.00573674619,0.3,0.3,-0.38,-0.300297415,-0.00557516634,-0.0225448632,-0.0121951663,0.214599118,0.00186692268,0.3,0.38,-0.00557516634,0.0295970845,-0.178866632,0.00573674619,-0.3,0.0225448632,0.300297415
155,11759738,-0.155784488,-0.37400499,-0.0494937003,0.0727668852,0.0231406912,0.0733213201,-0.514549375,-0.246268362,-7.56046343,-0.675078094,-0.0689490512,-0.283919185,-0.012462759,-0.0299203992,-0.21484811,-0.178169934,0.0018512553,0.00586570561,0.3,0.3,-0.38,-0.301261714,-0.0055159241,-0.0227135348,-0.012462759,0.21484811,0.0018512553,0.3,0.38,-0.0055159241,0.0299203992,-0.178169934,0.00586570561,-0.3,0.0227135348,0.301261714
156,11776516,-0.159261718,-0.377722591,-0.050553605,0.0746473595,0.0229553003,0.0746834949,-0.510158181,-0.24116163,-7.60161018,-0.680558443,-0.0683926716,-0.287164122,-0.0127409375,-0.0302178073,-0.215166081,-0.177605792,0.00183642402,0.00597467959,0.3,0.3,-0.38,-0.302083766,-0.00547141373,-0.0229731297,-0.0127409375,0.215166081,0.00183642402,0.3,0.38,-0.00547141373,0.0302178073,-0.177605792,0.00597467959,-0.3,0.0229731297,0.302083766
157,11796995,-0.162623629,-0.380657613,-0.0518030301,0.0763245746,0.0226444118,0.0754793957,-0.506598651,-0.236675441,-7.64180613,-0.684921861,-0.0681117699,-0.291110218,-0.0130098903,-0.0304526091,-0.215540909,-0.177102628,0.00181155294,0.00603835166,0.3,0.3,-0.38,-0.302738279,-0.00544894159,-0.0232888174,-0.0130098903,0.215540909,0.00181155294,0.3,0.38,-0.00544894159,0.0304526091,-0.177102628,0.00603835166,-0.3,0.0232888174,0.302738279
158,11816132,-0.165943876,-0.382923037,-0.0530684888,0.0781376213,0.0222275592,0.0756496415,-0.50340873,-0.23230134,-7.68143559,-0.688313842,-0.0686851963,-0.295595586,-0.0132755101,-0.0306338429,-0.215920547,-0.176558714,0.00177820474,0.00605197132,0.3,0.3,-0.38,-0.303247076,-0.00549481571,-0.0236476469,-0.0132755101,0.215920547,0.00177820474,0.3,0.38,-0.00549481571,0.0306338429,-0.176558714,0.00605197132,-0.3,0.0236476469,0.303247076
159,11837763,-0.168837532,-0.38446784,-0.0544545166,0.079497017,0.0218380392,0.0754155219,-0.501038551,-0.229000658,-7.72077131,-0.69080323,-0.0698353276,-0.300440609,-0.0135070026,-0.0307574272,-0.216336355,-0.176150895,0.00174704313,0.00603324175,0.3,0.3,-0.38,-0.303620484,-0.00558682621,-0.0240352488,-0.0135070026,0.216336355,0.00174704313,0.3,0.38,-0.00558682621,0.0307574272,-0.176150895,0.00603324175,-0.3,0.0240352488,0.303620484
160,11857344,-0.171081319,-0.385766685,-0.0557000488,0.08020401,0.0216150023,0.0751125515,-0.499788582,-0.227169842,-7.75999117,-0.692320168,-0.0713679492,-0.304812461,-0.0136865056,-0.0308613348,-0.216710015,-0.175938797,0.00172920018,0.00600900412,0.3,0.3,-0.38,-0.303848025,-0.00570943594,-0.0243849969,-0.0136865056,0.216710015,0.00172920018,0.3,0.38,-0.00570943594,0.0308613348,-0.175938797,0.00600900412,-0.3,0.0243849969,0.303848025
161,11879151,-0.17278932,-0.386858255,-0.0569023155,0.0805892572,0.021573592,0.07462769,-0.499599993,-0.226333559,-7.79978085,-0.692996204,-0.0730472654,-0.308532327,-0.0138231456,-0.0309486604,-0.217070695,-0.175823223,0.00172588736,0.0059702152,0.3,0.3,-0.38,-0.303949431,-0.00584378123,-0.0246825862,-0.0138231456,0.217070695,0.00172588736,0.3,0.38,-0.00584378123,0.0309486604,-0.175823223,0.0059702152,-0.3,0.0246825862,0.303949431
162,11896934,-0.173607782,-0.38759017,-0.0578882657,0.0802857727,0.0217185561,0.0739626586,-0.5010162,-0.22701475,-7.84045172,-0.69275862,-0.0744888857,-0.311559618,-0.0138886225,-0.0310072136,-0.21736648,-0.175914268,0.00173748448,0.00591701269,0.3,0.3,-0.38,-0.303913793,-0.00595911086,-0.0249247694,-0.0138886225,0.21736648,0.00173748448,0.3,0.38,-0.00595911086,0.0310072136,-0.175914268,0.00591701269,-0.3,0.0249247694,0.303913793
163,11917602,-0.173573926,-0.387818545,-0.0586085245,0.0798892006,0.0218158737,0.0728300735,-0.503320217,-0.228327975,-7.88227701,-0.691848576,-0.0759789124,-0.314340204,-0.0138859141,-0.0310254836,-0.217582557,-0.17603324,0.00174526989,0.00582640588,0.3,0.3,-0.38,-0.303777286,-0.00607831299,-0.0251472163,-0.0138859141,0.217582557,0.00174526989,0.3,0.38,-0.00607831299,0.0310254836,-0.17603324,0.00582640588,-0.3,0.0251472163,0.303777286
164,11936104,-0.172402665,-0.387280434,-0.059288159,0.0794285387,0.0217152182,0.0711099505,-0.506185353,-0.230177611,-7.92551231,-0.690469444,-0.0779955834,-0.316983938,-0.0137922132,-0.0309824347,-0.217786448,-0.176171438,0.00173721746,0.00568879604,0.3,0.3,-0.38,-0.303570417,-0.00623964667,-0.0253587151,-0.0137922132,0.217786448,0.00173721746,0.3,0.38,-0.00623964667,0.0309824347,-0.176171438,0.00568879604,-0.3,0.0253587151,0.303570417
165,11958099,-0.170682028,-0.386110455,-0.0596944131,0.07861159,0.0217062421,0.0693532601,-0.509980083,-0.232705995,-7.97032213,-0.688650429,-0.0791071355,-0.319372088,-0.0136545622,-0.0308888364,-0.217908324,-0.176416523,0.00173649937,0.00554826081,0.3,0.3,-0.38,-0.303297564,-0.00632857084,-0.025549767,-0.0136545622,0.217908324,0.00173649937,0.3,0.38,-0.00632857084,0.0308888364,-0.176416523,0.00554826081,-0.3,0.025549767,0.303297564
166,11975253,-0.168702304,-0.384775102,-0.0598335415,0.0775111243,0.0219347272,0.0678354725,-0.513984621,-0.235565633,-8.0165329,-0.68666321,-0.0792188421,-0.32123667,-0.0134961843,-0.0307820082,-0.217950062,-0.176746663,0.00175477818,0.0054268378,0.3,0.3,-0.38,-0.302999482,-0.00633750737,-0.0256989336,-0.0134961843,0.217950062,0.00175477818,0.3,0.38,-0.00633750737,0.0307820082,-0.176746663,0.0054268378,-0.3,0.0256989336,0.302999482
167,11998181,-0.166323051,-0.383556664,-0.0597208664,0.0761160851,0.0223563276,0.0665756688,-0.518155217,-0.238800049,-8.06394291,-0.684469819,-0.0789018571,-0.322700799,-0.0133058441,-0.0306845331,-0.21791626,-0.177165174,0.00178850621,0.0053260535,0.3,0.3,-0.38,-0.302670473,-0.00631214857,-0.0258160639,-0.0133058441,0.21791626,0.00178850621,0.3,0.38,-0.00631214857,0.0306845331,-0.177165174,0.0053260535,-0.3,0.0258160639,0.302670473
168,12021704,-0.163786963,-0.382542312,-0.0594766028,0.074779883,0.0228609536,0.0655380264,-0.522332072,-0.242273688,-8.11256504,-0.682266116,-0.0779789314,-0.323739082,-0.013102957,-0.030603385,-0.217842981,-0.177566035,0.00182887629,0.00524304211,0.3,0.3,-0.38,-0.302339917,-0.00623831451,-0.0258991265,-0.013102957,0.217842981,0.00182887629,0.3,0.38,-0.00623831451,0.030603385,-0.177566035,0.00524304211,-0.3,0.0258991265,0.302339917
169,12036167,-0.160685152,-0.381915957,-0.059210822,0.074013859,0.0231724009,0.0645383224,-0.525331438,-0.244893402,-8.16200542,-0.680288017,-0.0780025348,-0.323696584,-0.0128548121,-0.0305532765,-0.217763247,-0.177795842,0.00185379207,0.00516306579,0.3,0.3,-0.38,-0.302043203,-0.00624020278,-0.0258957267,-0.0128548121,0.217763247,0.00185379207,0.3,0.38,-0.00624020278,0.0305532765,-0.177795842,0.00516306579,-0.3,0.0258957267,0.302043203
170,12064306,-0.158297256,-0.382030129,-0.0588876307,0.073282972,0.0237192139,0.0643324703,-0.527829111,-0.247151986,-8.21210098,-0.678692162,-0.0766028017,-0.322502285,-0.0126637805,-0.0305624104,-0.217666289,-0.178015108,0.00189753711,0.00514659762,0.3,0.3,-0.38,-0.301803824,-0.00612822413,-0.0258001828,-0.0126637805,0.217666289,0.00189753711,0.3,0.38,-0.00612822413,0.0305624104,-0.178015108,0.00514659762,-0.3,0.0258001828,0.301803824
171,12076458,-0.156446651,-0.382192045,-0.0586676821,0.0729264393,0.0240291581,0.0641924888,-0.529774845,-0.248092979,-8.26263618,-0.677549064,-0.0746585131,-0.321405649,-0.012515732,-0.0305753636,-0.217600305,-0.178122068,0.00192233264,0.0051353991,0.3,0.3,-0.38,-0.30163236,-0.00597268105,-0.0257124519,-0.012515732,0.217600305,0.00192233264,0.3,0.38,-0.00597268105,0.0305753636,-0.178122068,0.0051353991,-0.3,0.0257124519,0.30163236
172,12097368,-0.154099435,-0.381817907,-0.0590131469,0.0715392157,0.0240977705,0.0637855679,-0.533676207,-0.250213116,-8.31424809,-0.676647663,-0.0724808723,-0.320619255,-0.0123279548,-0.0305454326,-0.217703944,-0.178538235,0.00192782164,0.00510284543,0.3,0.3,-0.38,-0.301497149,-0.00579846978,-0.0256495404,-0.0123279548,0.217703944,0.00192782164,0.3,0.38,-0.00579846978,0.0305454326,-0.178538235,0.00510284543,-0.3,0.0256495404,0.301497149
173,12117370,-0.15093641,-0.380654395,-0.0593001246,0.0693218783,0.0244181883,0.0631002113,-0.539697826,-0.253895819,-8.36790276,-0.676071107,-0.0698818937,-0.319881618,-0.0120749128,-0.0304523516,-0.217790037,-0.179203437,0.00195345506,0.00504801691,0.3,0.3,-0.38,-0.301410666,-0.0055905515,-0.0255905294,-0.0120749128,0.217790037,0.00195345506,0.3,0.38,-0.0055905515,0.0304523516,-0.179203437,0.00504801691,-0.3,0.0255905294,0.301410666
174,12137273,-0.147306517,-0.379312664,-0.058818128,0.0672010556,0.0252898689,0.0626506805,-0.54622817,-0.258185416,-8.42342949,-0.67585808,-0.0664705634,-0.318817466,-0.0117845213,-0.0303450131,-0.217645438,-0.179839683,0.00202318951,0.00501205444,0.3,0.3,-0.38,-0.301378712,-0.00531764507,-0.0255053973,-0.0117845213,0.217645438,0.00202318951,0.3,0.38,-0.00531764507,0.0303450131,-0.179839683,0.00501205444,-0.3,0.0255053973,0.301378712
175,12156704,-0.143589512,-0.37802422,-0.0581863187,0.0667393729,0.0255889986,0.0617147349,-0.54944706,-0.260367364,-8.47954655,-0.676259875,-0.0640224591,-0.317824602,-0.0114871609,-0.0302419376,-0.217455896,-0.179978188,0.00204711989,0.00493717879,0.3,0.3,-0.38,-0.301438981,-0.00512179673,-0.0254259682,-0.0114871609,0.217455896,0.00204711989,0.3,0.38,-0.00512179673,0.0302419376,-0.179978188,0.00493717879,-0.3,0.0254259682,0.301438981
176,12176280,-0.140926391,-0.376773626,-0.0585510805,0.0675567314,0.0247870293,0.060171552,-0.549647272,-0.260560989,-8.53567982,-0.677793622,-0.0618506484,-0.316137701,-0.0112741113,-0.03014189,-0.217565324,-0.179732981,0.00198296234,0.00481372416,0.3,0.3,-0.38,-0.301669043,-0.00494805187,-0.0252910161,-0.0112741113,0.217565324,0.00198296234,0.3,0.38,-0.00494805187,0.03014189,-0.179732981,0.00481372416,-0.3,0.0252910161,0.301669043
177,12196344,-0.138257802,-0.374267519,-0.0595698394,0.0668677017,0.0234892741,0.0581413582,-0.551279008,-0.261724681,-8.59204197,-0.680318415,-0.0603266805,-0.314743161,-0.0110606241,-0.0299414015,-0.217870952,-0.179939689,0.00187914193,0.00465130866,0.3,0.3,-0.38,-0.302047762,-0.00482613444,-0.0251794529,-0.0110606241,0.217870952,0.00187914193,0.3,0.38,-0.00482613444,0.0299414015,-0.179939689,0.00465130866,-0.3,0.0251794529,0.302047762
178,12215894,-0.135697991,-0.371448129,-0.0601210371,0.0651362017,0.0226794966,0.0563225448,-0.554177761,-0.263944298,-8.6499157,-0.683704793,-0.0586863384,-0.313634247,-0.0108558393,-0.0297158504,-0.218036311,-0.180459139,0.00181435972,0.00450580359,0.3,0.3,-0.38,-0.302555719,-0.00469490707,-0.0250907397,-0.0108558393,0.218036311,0.00181435972,0.3,0.38,-0.00469490707,0.0297158504,-0.180459139,0.00450580359,-0.3,0.0250907397,0.302555719
179,12242553,-0.132835701,-0.368311375,-0.0605479851,0.0626675487,0.0223178789,0.0543930158,-0.558184087,-0.267557621,-8.70956039,-0.687707484,-0.0569626354,-0.312919229,-0.0106268561,-0.02946491,-0.218164396,-0.181199735,0.00178543031,0.00435144126,0.3,0.3,-0.38,-0.303156123,-0.00455701083,-0.0250335383,-0.0106268561,0.218164396,0.00178543031,0.3,0.38,-0.00455701083,0.02946491,-0.181199735,0.00435144126,-0.3,0.0250335383,0.303156123
180,12256271,-0.129150689,-0.365197808,-0.060791906,0.0601597391,0.0223263223,0.0522826575,-0.562635183,-0.271889448,-8.7702837,-0.69265306,-0.0562473498,-0.312554002,-0.0103320551,-0.0292158246,-0.218237572,-0.181952078,0.00178610578,0.0041826126,0.3,0.3,-0.38,-0.303897959,-0.00449978799,-0.0250043201,-0.0103320551,0.218237572,0.00178610578,0.3,0.38,-0.00449978799,0.0292158246,-0.181952078,0.0041826126,-0.3,0.0250043201,0.303897959
181,12276335,-0.124710195,-0.362625837,-0.0610035136,0.0578421056,0.022553565,0.0503210165,-0.567232132,-0.276820242,-8.83196831,-0.698325217,-0.0559862144,-0.311347485,-0.00997681558,-0.029010067,-0.218301054,-0.182647368,0.0018042852,0.00402568132,0.3,0.3,-0.38,-0.304748783,-0.00447889715,-0.0249077988,-0.00997681558,0.218301054,0.0018042852,0.3,0.38,-0.00447889715,0.029010067,-0.182647368,0.00402568132,-0.3,0.0249077988,0.304748783
182,12296220,-0.121458255,-0.362850994,-0.0595964827,0.0582654551,0.0235954728,0.0502211936,-0.567189932,-0.278027326,-8.89281368,-0.704804301,-0.0551712438,-0.308660269,-0.00971666038,-0.0290280795,-0.217878945,-0.182520363,0.00188763782,0.00401769549,0.3,0.3,-0.38,-0.305720645,-0.00441369951,-0.0246928215,-0.00971666038,0.217878945,0.00188763782,0.3,0.38,-0.00441369951,0.0290280795,-0.182520363,0.00401769549,-0.3,0.0246928215,0.305720645
183,12316455,-0.118984364,-0.365756512,-0.0585873798,0.0596704967,0.0244242735,0.0516388491,-0.564555883,-0.277029306,-8.95204544,-0.711506486,-0.0541153289,-0.305069894,-0.00951874912,-0.0292605209,-0.217576214,-0.182098851,0.00195394188,0.00413110793,0.3,0.3,-0.38,-0.306725973,-0.00432922632,-0.0244055915,-0.00951874912,0.217576214,0.00195394188,0.3,0.38,-0.00432922632,0.0292605209,-0.182098851,0.00413110793,-0.3,0.0244055915,0.306725973
184,12348999,-0.116562381,-0.36926654,-0.058727555,0.0606049709,0.0244461223,0.0530903712,-0.562381983,-0.275294125,-9.01059151,-0.718424976,-0.0529502966,-0.301476389,-0.00932499051,-0.0295413232,-0.217618266,-0.181818509,0.00195568979,0.0042472297,0.3,0.3,-0.38,-0.307763746,-0.00423602372,-0.0241181111,-0.00932499051,0.217618266,0.00195568979,0.3,0.38,-0.00423602372,0.0295413232,-0.181818509,0.0042472297,-0.3,0.0241181111,0.307763746
185,12360688,-0.113385364,-0.371653229,-0.0596508682,0.0606204271,0.0237588137,0.0537471659,-0.561931312,-0.27380541,-9.06953144,-0.725449204,-0.0520519055,-0.298561454,-0.00907082915,-0.0297322583,-0.21789526,-0.181813872,0.0019007051,0.00429977328,0.3,0.3,-0.38,-0.308817381,-0.00416415244,-0.0238849163,-0.00907082915,0.21789526,0.0019007051,0.3,0.38,-0.00416415244,0.0297322583,-0.181813872,0.00429977328,-0.3,0.0238849163,0.308817381
186,12375453,-0.110091604,-0.37354365,-0.0598664805,0.0603556223,0.0233182367,0.054183092,-0.56113416,-0.272001624,-9.1289072,-0.732518315,-0.0513387136,-0.295932084,-0.00880732834,-0.029883492,-0.217959944,-0.181893313,0.00186545894,0.00433464736,0.3,0.3,-0.38,-0.309877747,-0.00410709709,-0.0236745667,-0.00880732834,0.217959944,0.00186545894,0.3,0.38,-0.00410709709,0.029883492,-0.181893313,0.00433464736,-0.3,0.0236745667,0.309877747
187,12401711,-0.107721753,-0.375599325,-0.0594834201,0.060805954,0.0232320242,0.0546903647,-0.558805943,-0.268934488,-9.18789864,-0.7396276,-0.0509535968,-0.294156402,-0.00861774027,-0.030047946,-0.217845026,-0.181758214,0.00185856193,0.00437522918,0.3,0.3,-0.38,-0.31094414,-0.00407628775,-0.0235325122,-0.00861774027,0.217845026,0.00185856193,0.3,0.38,-0.00407628775,0.030047946,-0.181758214,0.00437522918,-0.3,0.0235325122,0.31094414
188,12415617,-0.106809832,-0.377674729,-0.0593728498,0.0626127869,0.0227945279,0.0548558608,-0.554243803,-0.2637178,-9.24551868,-0.746663034,-0.0508201569,-0.293829679,-0.00854478657,-0.0302139783,-0.217811855,-0.181216164,0.00182356223,0.00438846886,0.3,0.3,-0.38,-0.311999455,-0.00406561255,-0.0235063744,-0.00854478657,0.217811855,0.00182356223,0.3,0.38,-0.00406561255,0.0302139783,-0.181216164,0.00438846886,-0.3,0.0235063744,0.311999455
189,12439052,-0.107808039,-0.379785627,-0.0601680018,0.0652816296,0.0218076203,0.0548790246,-0.548286676,-0.257106006,-9.30181885,-0.753697455,-0.0504680425,-0.294215828,-0.00862464309,-0.0303828502,-0.218050401,-0.180415511,0.00174460962,0.00439032197,0.3,0.3,-0.38,-0.313054618,-0.0040374434,-0.0235372663,-0.00862464309,0.218050401,0.00174460962,0.3,0.38,-0.0040374434,0.0303828502,-0.180415511,0.00439032197,-0.3,0.0235372663,0.313054618
190,12456399,-0.109791383,-0.38137719,-0.0614916384,0.0675633699,0.0205454454,0.0547189564,-0.542250395,-0.250000894,-9.35723495,-0.760416031,-0.0503473133,-0.295574725,-0.00878331065,-0.0305101752,-0.218447492,-0.179730989,0.00164363563,0.00437751651,0.3,0.3,-0.38,-0.314062405,-0.00402778506,-0.023645978,-0.00878331065,0.218447492,0.00164363563,0.3,0.38,-0.00402778506,0.0305101752,-0.179730989,0.00437751651,-0.3,0.023645978,0.314062405
191,12477340,-0.112462908,-0.382894427,-0.0625426397,0.0688854605,0.0199012365,0.0550677888,-0.53743881,-0.244436771,-9.41191101,-0.766352594,-0.0498788916,-0.297730714,-0.00899703264,-0.0306315541,-0.218762792,-0.179334362,0.00159209892,0.0044054231,0.3,0.3,-0.38,-0.314952889,-0.00399031132,-0.0238184571,-0.00899703264,0.218762792,0.00159209892,0.3,0.38,-0.00399031132,0.0306315541,-0.179334362,0.0044054231,-0.3,0.0238184571,0.314952889
192,12497368,-0.116300881,-0.385014236,-0.0629898086,0.0700176284,0.0201514922,0.056102749,-0.533617139,-0.239783302,-9.46597481,-0.771405756,-0.048119925,-0.299952894,-0.00930407047,-0.0308011389,-0.218896943,-0.178994711,0.00161211938,0.00448821992,0.3,0.3,-0.38,-0.315710863,-0.003849594,-0.0239962316,-0.00930407047,0.218896943,0.00161211938,0.3,0.38,-0.003849594,0.0308011389,-0.178994711,0.00448821992,-0.3,0.0239962316,0.315710863
193,12515946,-0.120129712,-0.387633592,-0.0634590909,0.0715216622,0.020612441,0.0571821332,-0.530434966,-0.235613197,-9.51946735,-0.775476813,-0.0467392318,-0.302288741,-0.00961037695,-0.0310106874,-0.219037727,-0.178543501,0.00164899528,0.00457457066,0.3,0.3,-0.38,-0.316321522,-0.00373913854,-0.0241830993,-0.00961037695,0.219037727,0.00164899528,0.3,0.38,-0.00373913854,0.0310106874,-0.178543501,0.00457457066,-0.3,0.0241830993,0.316321522
194,12539926,-0.124029338,-0.390400946,-0.0644000545,0.0734351277,0.0208837036,0.058061175,-0.52742219,-0.231651649,-9.57242203,-0.778422117,-0.0454315655,-0.304799229,-0.00992234707,-0.0312320757,-0.219320016,-0.177969462,0.00167069629,0.004644894,0.3,0.3,-0.38,-0.316763318,-0.00363452524,-0.0243839383,-0.00992234707,0.219320016,0.00167069629,0.3,0.38,-0.00363452524,0.0312320757,-0.177969462,0.004644894,-0.3,0.0243839383,0.316763318
195,12557418,-0.127894133,-0.392389417,-0.0655968934,0.075019747,0.02092015,0.058444377,-0.525353014,-0.227620289,-9.62512684,-0.780262649,-0.04450031,-0.307806134,-0.0102315307,-0.0313911533,-0.219679068,-0.177494076,0.001673612,0.00467555016,0.3,0.3,-0.38,-0.317039397,-0.0035600248,-0.0246244907,-0.0102315307,0.219679068,0.001673612,0.3,0.38,-0.0035600248,0.0313911533,-0.177494076,0.00467555016,-0.3,0.0246244907,0.317039397
196,12576697,-0.130076304,-0.392691702,-0.0674540624,0.0751670077,0.020425871,0.0576104932,-0.526080549,-0.225656644,-9.67910194,-0.781027913,-0.0452445224,-0.310946852,-0.0104061043,-0.0314153361,-0.220236219,-0.177449898,0.00163406968,0.00460883945,0.3,0.3,-0.38,-0.317154187,-0.00361956179,-0.0248757482,-0.0104061043,0.220236219,0.00163406968,0.3,0.38,-0.00361956179,0.0314153361,-0.177449898,0.00460883945,-0.3,0.0248757482,0.317154187
197,12597267,-0.131169051,-0.39197883,-0.0689901561,0.0748652071,0.0200810805,0.0561732352,-0.52728951,-0.225213274,-9.73461723,-0.780942142,-0.0472058803,-0.314199269,-0.0104935241,-0.0313583064,-0.220697047,-0.177540438,0.00160648644,0.00449385881,0.3,0.3,-0.38,-0.317141321,-0.00377647042,-0.0251359415,-0.0104935241,0.220697047,0.00160648644,0.3,0.38,-0.00377647042,0.0313583064,-0.177540438,0.00449385881,-0.3,0.0251359415,0.317141321
198,12616890,-0.132515654,-0.391615927,-0.0696974695,0.0746038631,0.0205844492,0.0553898327,-0.528745592,-0.225974768,-9.79136562,-0.78034997,-0.0482467525,-0.316590339,-0.0106012523,-0.0313292742,-0.220909241,-0.177618841,0.00164675593,0.00443118662,0.3,0.3,-0.38,-0.317052495,-0.0038597402,-0.0253272271,-0.0106012523,0.220909241,0.00164675593,0.3,0.38,-0.0038597402,0.0313292742,-0.177618841,0.00443118662,-0.3,0.0253272271,0.317052495
199,12637188,-0.133319646,-0.392206401,-0.0695804283,0.0744488761,0.0216680449,0.0554249026,-0.53015238,-0.227348894,-9.84863663,-0.779005766,-0.0490887463,-0.318942547,-0.0106655717,-0.0313765121,-0.220874128,-0.177665337,0.00173344359,0.00443399221,0.3,0.3,-0.38,-0.316850865,-0.0039270997,-0.0255154037,-0.0106655717,0.220874128,0.00173344359,0.3,0.38,-0.0039270997,0.0313765121,-0.177665337,0.00443399221,-0.3,0.0255154037,0.316850865
200,12659299,-0.133226439,-0.39375326,-0.0698309392,0.0746831074,0.0224703774,0.0555509627,-0.531282485,-0.228779346,-9.90670776,-0.776882529,-0.0505437925,-0.320962608,-0.0106581151,-0.0315002608,-0.220949282,-0.177595068,0.00179763019,0.00444407701,0.3,0.3,-0.38,-0.316532379,-0.0040435034,-0.0256770086,-0.0106581151,0.220949282,0.00179763019,0.3,0.38,-0.0040435034,0.0315002608,-0.177595068,0.00444407701,-0.3,0.0256770086,0.316532379
201,12677197,-0.132155523,-0.394725323,-0.070861049,0.074692592,0.0225578304,0.0549666993,-0.533212006,-0.230149239,-9.96611786,-0.774177015,-0.0524005778,-0.322757542,-0.0105724418,-0.0315780258,-0.221258315,-0.177592222,0.00180462644,0.00439733595,0.3,0.3,-0.38,-0.316126552,-0.00419204623,-0.0258206034,-0.0105724418,0.221258315,0.00180462644,0.3,0.38,-0.00419204623,0.0315780258,-0.177592222,0.00439733595,-0.3,0.0258206034,0.316126552
202,12701806,-0.131144196,-0.394464135,-0.0721216276,0.0749629736,0.0220104661,0.0534976386,-0.535269976,-0.230414525,-10.02736,-0.771238089,-0.0534307174,-0.324508339,-0.0104915357,-0.0315571308,-0.221636488,-0.177511108,0.00176083729,0.00427981108,0.3,0.3,-0.38,-0.315685713,-0.0042744574,-0.0259606671,-0.0104915357,0.221636488,0.00176083729,0.3,0.38,-0.0042744574,0.0315571308,-0.177511108,0.00427981108,-0.3,0.0259606671,0.315685713
203,12716179,-0.13094224,-0.393655509,-0.0730005726,0.0757964104,0.0212774277,0.0519113764,-0.535839856,-0.229639545,-10.0899372,-0.768313706,-0.0531890541,-0.326151341,-0.0104753792,-0.0314924407,-0.221900172,-0.177261077,0.00170219421,0.00415291011,0.3,0.3,-0.38,-0.315247056,-0.00425512433,-0.0260921073,-0.0104753792,0.221900172,0.00170219421,0.3,0.38,-0.00425512433,0.0314924407,-0.177261077,0.00415291011,-0.3,0.0260921073,0.315247056
204,12737199,-0.130156651,-0.392715484,-0.073513329,0.0762123615,0.0207072403,0.0505103022,-0.536275923,-0.229314998,-10.1532135,-0.765467286,-0.0544405282,-0.328280866,-0.0104125321,-0.0314172387,-0.222053999,-0.177136292,0.00165657923,0.00404082417,0.3,0.3,-0.38,-0.314820093,-0.00435524225,-0.0262624693,-0.0104125321,0.222053999,0.00165657923,0.3,0.38,-0.00435524225,0.0314172387,-0.177136292,0.00404082417,-0.3,0.0262624693,0.314820093
205,12756304,-0.129247904,-0.39206776,-0.0736335963,0.0758240074,0.0207775813,0.0497720949,-0.537879407,-0.230057821,-10.2171412,-0.762764573,-0.0553897955,-0.330384135,-0.0103398323,-0.0313654208,-0.222090079,-0.177252798,0.0016622065,0.00398176759,0.3,0.3,-0.38,-0.314414686,-0.00443118364,-0.0264307308,-0.0103398323,0.222090079,0.0016622065,0.3,0.38,-0.00443118364,0.0313654208,-0.177252798,0.00398176759,-0.3,0.0264307308,0.314414686
206,12778563,-0.127932966,-0.391747326,-0.0736794248,0.0752180889,0.0211530328,0.0492905751,-0.540060937,-0.23149167,-10.2817154,-0.760195971,-0.0558654405,-0.331841677,-0.0102346373,-0.0313397861,-0.222103827,-0.177434573,0.00169224262,0.00394324601,0.3,0.3,-0.38,-0.314029396,-0.00446923524,-0.0265473342,-0.0102346373,0.222103827,0.00169224262,0.3,0.38,-0.00446923524,0.0313397861,-0.177434573,0.00394324601,-0.3,0.0265473342,0.314029396
207,12796763,-0.126816005,-0.392196596,-0.0737549365,0.0743642524,0.0219095647,0.0493313223,-0.542787075,-0.233545452,-10.347312,-0.757764995,-0.0547414906,-0.332314283,-0.0101452804,-0.0313757277,-0.222126481,-0.177690724,0.00175276518,0.00394650578,0.3,0.3,-0.38,-0.313664749,-0.00437931925,-0.0265851426,-0.0101452804,0.222126481,0.00175276518,0.3,0.38,-0.00437931925,0.0313757277,-0.177690724,0.00394650578,-0.3,0.0265851426,0.313664749
208,12817940,-0.126362428,-0.393381834,-0.0736664385,0.0739922449,0.0229373779,0.0499118678,-0.544970214,-0.235029548,-10.4138336,-0.755526185,-0.0515876859,-0.331971496,-0.0101089942,-0.0314705467,-0.222099932,-0.177802327,0.00183499023,0.00399294943,0.3,0.3,-0.38,-0.313328928,-0.00412701488,-0.0265577197,-0.0101089942,0.222099932,0.00183499023,0.3,0.38,-0.00412701488,0.0314705467,-0.177802327,0.00399294943,-0.3,0.0265577197,0.313328928
209,12836632,-0.125103429,-0.39446649,-0.0736768842,0.0738510042,0.0235466585,0.0501358472,-0.546907246,-0.235795975,-10.4809227,-0.753359318,-0.0498859473,-0.331389874,-0.0100082743,-0.0315573192,-0.222103065,-0.177844699,0.00188373268,0.00401086777,0.3,0.3,-0.38,-0.313003898,-0.00399087578,-0.0265111899,-0.0100082743,0.222103065,0.00188373268,0.3,0.38,-0.00399087578,0.0315573192,-0.177844699,0.00401086777,-0.3,0.0265111899,0.313003898
210,12857217,-0.123540752,-0.395238131,-0.0739798173,0.0739537328,0.0237465128,0.050040368,-0.54818958,-0.23606585,-10.5486441,-0.751642346,-0.0489878245,-0.330790013,-0.00988326013,-0.0316190505,-0.222193945,-0.17781388,0.00189972103,0.00400322944,0.3,0.3,-0.38,-0.312746352,-0.00391902596,-0.026463201,-0.00988326013,0.222193945,0.00189972103,0.3,0.38,-0.00391902596,0.0316190505,-0.17781388,0.00400322944,-0.3,0.026463201,0.312746352
211,12876774,-0.121947862,-0.395482123,-0.0743298233,0.0742536634,0.0236303173,0.0496938638,-0.54884398,-0.23566179,-10.6167822,-0.750534296,-0.0486299731,-0.329843521,-0.00975582898,-0.0316385698,-0.222298947,-0.177723901,0.00189042538,0.00397550911,0.3,0.3,-0.38,-0.312580144,-0.00389039785,-0.0263874817,-0.00975582898,0.222298947,0.00189042538,0.3,0.38,-0.00389039785,0.0316385698,-0.177723901,0.00397550911,-0.3,0.0263874817,0.312580144
212,12896347,-0.120120041,-0.395489067,-0.0746768191,0.074229382,0.0233385731,0.0492354445,-0.549077451,-0.235398814,-10.6855268,-0.7499879,-0.0489894561,-0.328998178,-0.00960960329,-0.0316391253,-0.222403046,-0.177731185,0.00186708584,0.00393883556,0.3,0.3,-0.38,-0.312498185,-0.00391915649,-0.0263198543,-0.00960960329,0.222403046,0.00186708584,0.3,0.38,-0.00391915649,0.0316391253,-0.177731185,0.00393883556,-0.3,0.0263198543,0.312498185
213,12919159,-0.119165294,-0.39590019,-0.0747831985,0.0742290616,0.0233691614,0.0492437705,-0.548638403,-0.235247359,-10.7546997,-0.749902606,-0.0481705107,-0.328242362,-0.00953322351,-0.0316720152,-0.22243496,-0.177731282,0.00186953291,0.00393950164,0.3,0.3,-0.38,-0.312485391,-0.00385364085,-0.0262593889,-0.00953322351,0.22243496,0.00186953291,0.3,0.38,-0.00385364085,0.0316720152,-0.177731282,0.00393950164,-0.3,0.0262593889,0.312485391
214,12936520,-0.118884556,-0.396589935,-0.074743025,0.074410364,0.0234986525,0.0494363941,-0.547873914,-0.23450689,-10.8239174,-0.750252783,-0.0470182672,-0.327732414,-0.00951076448,-0.0317271948,-0.222422908,-0.177676891,0.0018798922,0.00395491153,0.3,0.3,-0.38,-0.312537917,-0.00376146138,-0.0262185931,-0.00951076448,0.222422908,0.0018798922,0.3,0.38,-0.00376146138,0.0317271948,-0.177676891,0.00395491153,-0.3,0.0262185931,0.312537917
215,12957628,-0.118685871,-0.397575706,-0.0747933388,0.0745209828,0.023737371,0.0497771986,-0.547402024,-0.233978659,-10.8933849,-0.750860572,-0.0457847863,-0.327582449,-0.00949486971,-0.0318060565,-0.222438002,-0.177643705,0.00189898968,0.00398217589,0.3,0.3,-0.38,-0.312629086,-0.00366278291,-0.0262065959,-0.00949486971,0.222438002,0.00189898968,0.3,0.38,-0.00366278291,0.0318060565,-0.177643705,0.00398217589,-0.3,0.0262065959,0.312629086
216,12981172,-0.118285522,-0.398571521,-0.075033091,0.074804008,0.0238881856,0.0500023663,-0.546668947,-0.23321788,-10.9630537,-0.751621723,-0.0452761315,-0.327612042,-0.00946284175,-0.0318857217,-0.222509927,-0.177558798,0.00191105485,0.0040001893,0.3,0.3,-0.38,-0.312743258,-0.00362209052,-0.0262089634,-0.00946284175,0.222509927,0.00191105485,0.3,0.38,-0.00362209052,0.0318857217,-0.177558798,0.0040001893,-0.3,0.0262089634,0.312743258
217,12997413,-0.118316591,-0.399579287,-0.0751340166,0.0752901584,0.0240845904,0.0502502546,-0.545752347,-0.23172757,-11.0328941,-0.752602994,-0.0446071886,-0.327767432,-0.00946532726,-0.0319663429,-0.222540205,-0.177412952,0.00192676723,0.00402002037,0.3,0.3,-0.38,-0.312890449,-0.00356857508,-0.0262213945,-0.00946532726,0.222540205,0.00192676723,0.3,0.38,-0.00356857508,0.0319663429,-0.177412952,0.00402002037,-0.3,0.0262213945,0.312890449
218,13016636,-0.11855533,-0.400415897,-0.0756023973,0.0758215636,0.0240273289,0.0502518862,-0.544563353,-0.229883164,-11.1029415,-0.753628373,-0.0440044887,-0.328102976,-0.00948442638,-0.0320332718,-0.222680719,-0.177253531,0.00192218632,0.0040201509,0.3,0.3,-0.38,-0.313044256,-0.0035203591,-0.0262482381,-0.00948442638,0.222680719,0.00192218632,0.3,0.38,-0.0035203591,0.0320332718,-0.177253531,0.0040201509,-0.3,0.0262482381,0.313044256
219,13037971,-0.119135909,-0.401374876,-0.0760825649,0.0764767006,0.0239406787,0.0502421372,-0.543009877,-0.227919012,-11.1732321,-0.754785359,-0.043529477,-0.328531116,-0.0095308727,-0.0321099901,-0.222824769,-0.17705699,0.00191525429,0.00401937097,0.3,0.3,-0.38,-0.313217804,-0.00348235816,-0.0262824893,-0.0095308727,0.222824769,0.00191525429,0.3,0.38,-0.00348235816,0.0321099901,-0.17705699,0.00401937097,-0.3,0.0262824893,0.313217804
220,13057527,-0.119994827,-0.402199686,-0.0765326992,0.0767700523,0.0240951255,0.0504242927,-0.542296529,-0.226502866,-11.2439241,-0.756012559,-0.0425831936,-0.329258412,-0.00959958613,-0.0321759748,-0.22295981,-0.176968984,0.00192761004,0.00403394341,0.3,0.3,-0.38,-0.313401884,-0.00340665549,-0.026340673,-0.00959958613,0.22295981,0.00192761004,0.3,0.38,-0.00340665549,0.0321759748,-0.176968984,0.00403394341,-0.3,0.026340673,0.313401884
221,13076333,-0.120149039,-0.40283522,-0.0768264458,0.0769217312,0.024253726,0.0503902845,-0.541945815,-0.225298107,-11.3151617,-0.757248402,-0.0428310595,-0.330223173,-0.0096119231,-0.0322268176,-0.223047934,-0.176923481,0.00194029808,0.00403122276,0.3,0.3,-0.38,-0.31358726,-0.00342648476,-0.0264178538,-0.0096119231,0.223047934,0.00194029808,0.3,0.38,-0.00342648476,0.0322268176,-0.176923481,0.00403122276,-0.3,0.0264178538,0.31358726
222,13096502,-0.121050261,-0.403574228,-0.077208899,0.0772787854,0.0245522391,0.0504641831,-0.541776538,-0.224280685,-11.3871613,-0.758482158,-0.0416874997,-0.331188172,-0.00968402088,-0.0322859383,-0.22316267,-0.176816364,0.00196417913,0.00403713465,0.3,0.3,-0.38,-0.313772324,-0.00333499998,-0.0264950538,-0.00968402088,0.22316267,0.00196417913,0.3,0.38,-0.00333499998,0.0322859383,-0.176816364,0.00403713465,-0.3,0.0264950538,0.313772324
223,13116703,-0.121266,-0.403827637,-0.0776718706,0.0774675459,0.0246167108,0.0501007363,-0.54174161,-0.223024935,-11.4596758,-0.759678781,-0.0419484749,-0.332501382,-0.00970128,-0.032306211,-0.223301561,-0.176759736,0.00196933687,0.00400805891,0.3,0.3,-0.38,-0.313951817,-0.003355878,-0.0266001105,-0.00970128,0.223301561,0.00196933687,0.3,0.38,-0.003355878,0.032306211,-0.176759736,0.00400805891,-0.3,0.0266001105,0.313951817
224,13139171,-0.119993225,-0.403164268,-0.0785379708,0.076457575,0.0245137252,0.0491106063,-0.543816268,-0.223739579,-11.5339603,-0.760568559,-0.0436774231,-0.334576815,-0.00959945798,-0.0322531414,-0.223561391,-0.177062728,0.00196109802,0.00392884851,0.3,0.3,-0.38,-0.314085284,-0.00349419385,-0.0267661452,-0.00959945798,0.223561391,0.00196109802,0.3,0.38,-0.00349419385,0.0322531414,-0.177062728,0.00392884851,-0.3,0.0267661452,0.314085284
225,13165840,-0.118638381,-0.401893497,-0.0792876706,0.0755497217,0.0245049838,0.047827784,-0.545941293,-0.225074917,-11.6101942,-0.761192679,-0.0448361784,-0.336724341,-0.00949107051,-0.0321514797,-0.223786301,-0.177335083,0.0019603987,0.00382622272,0.3,0.3,-0.38,-0.314178902,-0.00358689427,-0.0269379473,-0.00949107051,0.223786301,0.0019603987,0.3,0.38,-0.00358689427,0.0321514797,-0.177335083,0.00382622272,-0.3,0.0269379473,0.314178902
226,13176538,-0.117580958,-0.400687575,-0.079699792,0.0747678801,0.0247465223,0.0467325225,-0.548260689,-0.226789981,-11.6882572,-0.761939883,-0.0452095196,-0.338279456,-0.00940647662,-0.032055006,-0.223909938,-0.177569636,0.00197972178,0.0037386018,0.3,0.3,-0.38,-0.314290982,-0.00361676157,-0.0270623565,-0.00940647662,0.223909938,0.00197972178,0.3,0.38,-0.00361676157,0.032055006,-0.177569636,0.0037386018,-0.3,0.0270623565,0.314290982
227,13196179,-0.116306506,-0.399595112,-0.080192551,0.0738669261,0.0249925125,0.0457160138,-0.550466537,-0.228927821,-11.7681112,-0.762645185,-0.0454015024,-0.339638889,-0.00930452049,-0.0319676089,-0.224057765,-0.177839922,0.001999401,0.0036572811,0.3,0.3,-0.38,-0.314396778,-0.00363212019,-0.0271711111,-0.00930452049,0.224057765,0.001999401,0.3,0.38,-0.00363212019,0.0319676089,-0.177839922,0.0036572811,-0.3,0.0271711111,0.314396778
228,13224412,-0.11480318,-0.398088396,-0.081100747,0.072566554,0.025077939,0.0443768688,-0.553876996,-0.23199901,-11.8501511,-0.7633816,-0.045439519,-0.340676069,-0.00918425441,-0.0318470716,-0.224330224,-0.178230034,0.00200623512,0.0035501495,0.3,0.3,-0.38,-0.31450724,-0.00363516152,-0.0272540855,-0.00918425441,0.224330224,0.00200623512,0.3,0.38,-0.00363516152,0.0318470716,-0.178230034,0.0035501495,-0.3,0.0272540855,0.31450724
229,13237284,-0.112677939,-0.396027237,-0.0817938,0.0712005794,0.0252355821,0.0428332612,-0.55797857,-0.235275209,-11.9345207,-0.7644822,-0.0458224379,-0.341555715,-0.00901423514,-0.031682179,-0.22453814,-0.178639826,0.00201884657,0.0034266609,0.3,0.3,-0.38,-0.31467233,-0.00366579503,-0.0273244572,-0.00901423514,0.22453814,0.00201884657,0.3,0.38,-0.00366579503,0.031682179,-0.178639826,0.0034266609,-0.3,0.0273244572,0.31467233
230,13258912,-0.110496759,-0.394379675,-0.0819849223,0.0698354021,0.0257569384,0.0418024026,-0.561959743,-0.238744751,-12.0212135,-0.766151607,-0.0454013087,-0.341458559,-0.00883974075,-0.031550374,-0.224595477,-0.179049379,0.00206055507,0.00334419221,0.3,0.3,-0.38,-0.314922741,-0.00363210469,-0.0273166847,-0.00883974075,0.224595477,0.00206055507,0.3,0.38,-0.00363210469,0.031550374,-0.179049379,0.00334419221,-0.3,0.0273166847,0.314922741
231,13276485,-0.107283995,-0.393072933,-0.0822050348,0.0675998107,0.0265454631,0.0412583053,-0.567009866,-0.243872002,-12.1103573,-0.768464208,-0.0447338931,-0.340308338,-0.00858271956,-0.0314458346,-0.22466151,-0.179720057,0.00212363705,0.00330066442,0.3,0.3,-0.38,-0.315269631,-0.00357871145,-0.0272246671,-0.00858271956,0.22466151,0.00212363705,0.3,0.38,-0.00357871145,0.0314458346,-0.179720057,0.00330066442,-0.3,0.0272246671,0.315269631
232,13297209,-0.104058802,-0.392616332,-0.0820720866,0.0667046383,0.0271468069,0.0408143811,-0.570095956,-0.247404009,-12.2009754,-0.771907747,-0.0439036675,-0.338111788,-0.00832470417,-0.0314093065,-0.224621626,-0.179988609,0.00217174456,0.00326515049,0.3,0.3,-0.38,-0.315786162,-0.0035122934,-0.027048943,-0.00832470417,0.224621626,0.00217174456,0.3,0.38,-0.0035122934,0.0314093065,-0.179988609,0.00326515049,-0.3,0.027048943,0.315786162
233,13317428,-0.101422817,-0.392531097,-0.0822810084,0.0666117147,0.0272452123,0.0404346623,-0.571717262,-0.249087825,-12.2926912,-0.776310563,-0.0421510302,-0.335291892,-0.00811382532,-0.0314024878,-0.224684303,-0.180016486,0.00217961699,0.00323477298,0.3,0.3,-0.38,-0.316446584,-0.00337208241,-0.0268233514,-0.00811382532,0.224684303,0.00217961699,0.3,0.38,-0.00337208241,0.0314024878,-0.180016486,0.00323477298,-0.3,0.0268233514,0.316446584
234,13337651,-0.0976058468,-0.392274499,-0.0826346576,0.0663286075,0.0267467257,0.0396971665,-0.572405577,-0.24967207,-12.3850517,-0.78176415,-0.0430124924,-0.332452208,-0.00780846775,-0.0313819599,-0.224790397,-0.180101418,0.00213973805,0.00317577332,0.3,0.3,-0.38,-0.317264622,-0.00344099939,-0.0265961766,-0.00780846775,0.224790397,0.00213973805,0.3,0.38,-0.00344099939,0.0313819599,-0.180101418,0.00317577332,-0.3,0.0265961766,0.317264622
235,13355709,-0.0940012559,-0.392002553,-0.0830692798,0.0653513297,0.0264193378,0.0392547809,-0.573432982,-0.250722408,-12.4790754,-0.788121402,-0.043277666,-0.3298513,-0.00752010047,-0.0313602042,-0.224920784,-0.180394601,0.00211354703,0.00314038247,0.3,0.3,-0.38,-0.31821821,-0.00346221328,-0.026388104,-0.00752010047,0.224920784,0.00211354703,0.3,0.38,-0.00346221328,0.0313602042,-0.180394601,0.00314038247,-0.3,0.026388104,0.31821821
236,13381754,-0.090392448,-0.391268224,-0.0834945291,0.0645604432,0.0259626973,0.0385602638,-0.574039638,-0.251368195,-12.5746584,-0.795312285,-0.0437632203,-0.327967018,-0.00723139584,-0.0313014579,-0.225048359,-0.180631867,0.00207701579,0.00308482111,0.3,0.3,-0.38,-0.319296843,-0.00350105762,-0.0262373614,-0.00723139584,0.225048359,0.00207701579,0.3,0.38,-0.00350105762,0.0313014579,-0.180631867,0.00308482111,-0.3,0.0262373614,0.319296843
237,13400932,-0.0882035121,-0.391236275,-0.0833322406,0.0641936734,0.0259990003,0.0384514779,-0.573828816,-0.251213819,-12.6714525,-0.803326726,-0.042594634,-0.326553196,-0.00705628097,-0.031298902,-0.224999672,-0.180741898,0.00207992002,0.00307611823,0.3,0.3,-0.38,-0.320499009,-0.00340757072,-0.0261242557,-0.00705628097,0.224999672,0.00207992002,0.3,0.38,-0.00340757072,0.031298902,-0.180741898,0.00307611823,-0.3,0.0261242557,0.320499009
238,13416302,-0.0877545401,-0.392203629,-0.0831320882,0.0648179799,0.0263570398,0.0390035436,-0.571525991,-0.249549642,-12.7687426,-0.811774313,-0.0392565131,-0.324929744,-0.00702036321,-0.0313762903,-0.224939626,-0.180554606,0.00210856318,0.00312028348,0.3,0.3,-0.38,-0.321766147,-0.00314052105,-0.0259943795,-0.00702036321,0.224939626,0.00210856318,0.3,0.38,-0.00314052105,0.0313762903,-0.180554606,0.00312028348,-0.3,0.0259943795,0.321766147
239,13436574,-0.087645255,-0.393453568,-0.0830180272,0.065801017,0.0265324265,0.0395024121,-0.568475723,-0.246330887,-12.8658829,-0.820446789,-0.0374473855,-0.323956579,-0.0070116204,-0.0314762855,-0.224905408,-0.180259695,0.00212259412,0.00316019297,0.3,0.3,-0.38,-0.323067018,-0.00299579084,-0.0259165263,-0.0070116204,0.224905408,0.00212259412,0.3,0.38,-0.00299579084,0.0314762855,-0.180259695,0.00316019297,-0.3,0.0259165263,0.323067018
240,13456247,-0.0880061835,-0.394769192,-0.0834084228,0.066758208,0.0265417416,0.0399855301,-0.565220952,-0.242509976,-12.9634876,-0.829233885,-0.0361269936,-0.323099971,-0.00704049468,-0.0315815353,-0.225022527,-0.179972538,0.00212333933,0.00319884241,0.3,0.3,-0.38,-0.324385083,-0.00289015949,-0.0258479977,-0.00704049468,0.225022527,0.00212333933,0.3,0.38,-0.00289015949,0.0315815353,-0.179972538,0.00319884241,-0.3,0.0258479977,0.324385083
241,13477172,-0.0886851177,-0.395374209,-0.084196426,0.0676601082,0.0261651576,0.0398914739,-0.562348008,-0.238275141,-13.0616732,-0.837834656,-0.0354410373,-0.322595835,-0.00709480941,-0.0316299367,-0.225258928,-0.179701968,0.0020932126,0.00319131792,0.3,0.3,-0.38,-0.325675198,-0.00283528298,-0.0258076668,-0.00709480941,0.225258928,0.0020932126,0.3,0.38,-0.00283528298,0.0316299367,-0.179701968,0.00319131792,-0.3,0.0258076668,0.325675198
242,13496514,-0.0899084359,-0.39565289,-0.0851144418,0.068522796,0.0256488938,0.0394682065,-0.559521675,-0.234040231,-13.1608982,-0.846206665,-0.0348980092,-0.323005766,-0.00719267488,-0.0316522312,-0.225534333,-0.179443161,0.0020519115,0.00315745652,0.3,0.3,-0.38,-0.326931,-0.00279184073,-0.0258404613,-0.00719267488,0.225534333,0.0020519115,0.3,0.38,-0.00279184073,0.0316522312,-0.179443161,0.00315745652,-0.3,0.0258404613,0.326931
243,13519271,-0.0911445841,-0.395694584,-0.0859832615,0.0693512186,0.0251501147,0.0388993286,-0.556511045,-0.230232269,-13.2611599,-0.854088783,-0.0351498537,-0.324103892,-0.00729156673,-0.0316555667,-0.225794978,-0.179194634,0.00201200917,0.00311194628,0.3,0.3,-0.38,-0.328113317,-0.00281198829,-0.0259283113,-0.00729156673,0.225794978,0.00201200917,0.3,0.38,-0.00281198829,0.0316555667,-0.179194634,0.00311194628,-0.3,0.0259283113,0.328113317
244,13541591,-0.0929570943,-0.39617914,-0.0863806456,0.0701996684,0.0251674782,0.0387472957,-0.553642452,-0.227093711,-13.3622875,-0.861579418,-0.0351879746,-0.325741291,-0.00743656754,-0.0316943312,-0.225914194,-0.178940099,0.00201339826,0.00309978366,0.3,0.3,-0.38,-0.329236913,-0.00281503797,-0.0260593033,-0.00743656754,0.225914194,0.00201339826,0.3,0.38,-0.00281503797,0.0316943312,-0.178940099,0.00309978366,-0.3,0.0260593033,0.329236913
245,13557671,-0.0949197263,-0.397218496,-0.0865692496,0.0710364282,0.0256139655,0.0390681401,-0.55087167,-0.224408299,-13.4642725,-0.86864388,-0.0353747085,-0.327250004,-0.0075935781,-0.0317774796,-0.225970775,-0.178689072,0.00204911724,0.00312545121,0.3,0.3,-0.38,-0.330296582,-0.00282997668,-0.0261800003,-0.0075935781,0.225970775,0.00204911724,0.3,0.38,-0.00282997668,0.0317774796,-0.178689072,0.00312545121,-0.3,0.0261800003,0.330296582
246,13577489,-0.0972855464,-0.398967266,-0.0868347213,0.0722364932,0.0261030123,0.0395906679,-0.547885478,-0.221472695,-13.5670042,-0.875218093,-0.0350909382,-0.328414679,-0.00778284371,-0.0319173813,-0.226050416,-0.178329052,0.00208824098,0.00316725343,0.3,0.3,-0.38,-0.331282714,-0.00280727506,-0.0262731743,-0.00778284371,0.226050416,0.00208824098,0.3,0.38,-0.00280727506,0.0319173813,-0.178329052,0.00316725343,-0.3,0.0262731743,0.331282714
247,13597252,-0.100238912,-0.40093556,-0.0875039175,0.0735227615,0.0264441948,0.0400802232,-0.544991195,-0.218030781,-13.6705723,-0.881118,-0.034002915,-0.329492301,-0.00801911294,-0.0320748448,-0.226251175,-0.177943172,0.00211553559,0.00320641786,0.3,0.3,-0.38,-0.3321677,-0.0027202332,-0.0263593841,-0.00801911294,0.226251175,0.00211553559,0.3,0.38,-0.0027202332,0.0320748448,-0.177943172,0.00320641786,-0.3,0.0263593841,0.3321677
248,13616646,-0.10248144,-0.402117401,-0.0889121667,0.0738695338,0.0263930149,0.039975699,-0.543854296,-0.215652436,-13.7755365,-0.886239707,-0.0337462164,-0.330698639,-0.00819851518,-0.0321693921,-0.22667365,-0.17783914,0.0021114412,0.00319805592,0.3,0.3,-0.38,-0.332935956,-0.00269969732,-0.0264558911,-0.00819851518,0.22667365,0.0021114412,0.3,0.38,-0.00269969732,0.0321693921,-0.17783914,0.00319805592,-0.3,0.0264558911,0.332935956
249,13636844,-0.104034409,-0.402053505,-0.0904804915,0.0736593679,0.0261809528,0.0391173549,-0.544327378,-0.214719117,-13.8824406,-0.890663207,-0.0340577625,-0.332598716,-0.00832275271,-0.0321642804,-0.227144147,-0.17790219,0.00209447622,0.00312938839,0.3,0.3,-0.38,-0.333599481,-0.002724621,-0.0266078973,-0.00832275271,0.227144147,0.00209447622,0.3,0.38,-0.002724621,0.0321642804,-0.17790219,0.00312938839,-0.3,0.0266078973,0.333599481
250,13656965,-0.104747921,-0.400787532,-0.091593802,0.0732427388,0.0260848161,0.0376946442,-0.545249045,-0.214357495,-13.9911966,-0.894624829,-0.0358708948,-0.335187495,-0.0083798337,-0.0320630026,-0.227478141,-0.178027178,0.00208678529,0.00301557153,0.3,0.3,-0.38,-0.334193724,-0.00286967158,-0.0268149996,-0.0083798337,0.227478141,0.00208678529,0.3,0.38,-0.00286967158,0.0320630026,-0.178027178,0.00301557153,-0.3,0.0268149996,0.334193724
251,13681965,-0.105350763,-0.399813145,-0.0919949561,0.0731241927,0.0264550056,0.0365822762,-0.54567188,-0.214393944,-14.1017046,-0.898319483,-0.0380569324,-0.337861419,-0.00842806101,-0.0319850516,-0.227598487,-0.178062742,0.00211640045,0.0029265821,0.3,0.3,-0.38,-0.334747922,-0.00304455459,-0.0270289135,-0.00842806101,0.227598487,0.00211640045,0.3,0.38,-0.00304455459,0.0319850516,-0.178062742,0.0029265821,-0.3,0.0270289135,0.334747922
252,13695403,-0.106716871,-0.399649203,-0.0921779498,0.073028028,0.0273509268,0.0362717547,-0.546187699,-0.214757428,-14.2140036,-0.901592314,-0.0385340936,-0.34037587,-0.0085373497,-0.0319719362,-0.227653385,-0.178091592,0.00218807414,0.00290174037,0.3,0.3,-0.38,-0.335238847,-0.00308272749,-0.0272300696,-0.0085373497,0.227653385,0.00218807414,0.3,0.38,-0.00308272749,0.0319719362,-0.178091592,0.00290174037,-0.3,0.0272300696,0.335238847
253,13718508,-0.107613355,-0.399595201,-0.0929689184,0.0730073676,0.0277888067,0.0357413441,-0.547128618,-0.215135798,-14.3280354,-0.904549479,-0.0388348177,-0.34263891,-0.00860906839,-0.0319676161,-0.227890676,-0.17809779,0.00222310454,0.00285930753,0.3,0.3,-0.38,-0.335682422,-0.00310678542,-0.0274111128,-0.00860906839,0.227890676,0.00222310454,0.3,0.38,-0.00310678542,0.0319676161,-0.17809779,0.00285930753,-0.3,0.0274111128,0.335682422
254,13735904,-0.107537225,-0.399056524,-0.0941742435,0.0726193115,0.0278031807,0.0347953998,-0.548896551,-0.216119811,-14.4442329,-0.907075524,-0.0391910523,-0.344717324,-0.00860297799,-0.0319245219,-0.228252273,-0.178214207,0.00222425446,0.00278363198,0.3,0.3,-0.38,-0.336061329,-0.00313528419,-0.0275773859,-0.00860297799,0.228252273,0.00222425446,0.3,0.38,-0.00313528419,0.0319245219,-0.178214207,0.00278363198,-0.3,0.0275773859,0.336061329
255,13756412,-0.107784875,-0.398255646,-0.0947820246,0.072415635,0.0280311909,0.0339127816,-0.550487161,-0.215867043,-14.5623903,-0.90941155,-0.038820602,-0.346489489,-0.00862278998,-0.0318604517,-0.228434607,-0.17827531,0.00224249527,0.00271302253,0.3,0.3,-0.38,-0.336411732,-0.00310564816,-0.0277191591,-0.00862278998,0.228434607,0.00224249527,0.3,0.38,-0.00310564816,0.0318604517,-0.17827531,0.00271302253,-0.3,0.0277191591,0.336411732
256,13777453,-0.107928924,-0.397784412,-0.0954137072,0.0722142756,0.0283850003,0.0332487524,-0.551830769,-0.215535909,-14.6825781,-0.911521256,-0.0386014171,-0.347565621,-0.00863431394,-0.031822753,-0.228624112,-0.178335717,0.00227080002,0.00265990019,0.3,0.3,-0.38,-0.336728188,-0.00308811337,-0.0278052497,-0.00863431394,0.228624112,0.00227080002,0.3,0.38,-0.00308811337,0.031822753,-0.178335717,0.00265990019,-0.3,0.0278052497,0.336728188
257,13797070,-0.107602894,-0.397928864,-0.0959889367,0.072038047,0.0289192032,0.0329379849,-0.55279386,-0.215872884,-14.8044586,-0.913598716,-0.0392564721,-0.348286182,-0.00860823154,-0.0318343091,-0.228796681,-0.178388586,0.00231353626,0.00263503879,0.3,0.3,-0.38,-0.337039807,-0.00314051777,-0.0278628945,-0.00860823154,0.228796681,0.00231353626,0.3,0.38,-0.00314051777,0.0318343091,-0.178388586,0.00263503879,-0.3,0.0278628945,0.337039807
258,13816152,-0.10734468,-0.398470461,-0.096610263,0.0722623989,0.0294642337,0.0328434072,-0.553334832,-0.215660721,-14.9282827,-0.9157511,-0.039744556,-0.348604053,-0.00858757436,-0.0318776369,-0.228983079,-0.17832128,0.00235713869,0.00262747258,0.3,0.3,-0.38,-0.337362665,-0.00317956448,-0.0278883243,-0.00858757436,0.228983079,0.00235713869,0.3,0.38,-0.00317956448,0.0318776369,-0.17832128,0.00262747258,-0.3,0.0278883243,0.337362665
259,13836523,-0.106298141,-0.39876011,-0.0974755138,0.0724157616,0.0294861719,0.0323440321,-0.553934038,-0.215268642,-15.0537167,-0.917709708,-0.0413135029,-0.348972172,-0.00850385129,-0.0319008088,-0.229242654,-0.178275272,0.00235889375,0.00258752257,0.3,0.3,-0.38,-0.337656456,-0.00330508024,-0.0279177737,-0.00850385129,0.229242654,0.00235889375,0.3,0.38,-0.00330508024,0.0319008088,-0.178275272,0.00258752257,-0.3,0.0279177737,0.337656456
260,13862935,-0.106578566,-0.399361789,-0.0984156951,0.0730512291,0.0294995923,0.0319593437,-0.554187238,-0.214622214,-15.181303,-0.919720531,-0.0404775627,-0.348809212,-0.00852628529,-0.0319489431,-0.229524709,-0.178084631,0.00235996738,0.0025567475,0.3,0.3,-0.38,-0.33795808,-0.00323820502,-0.027904737,-0.00852628529,0.229524709,0.00235996738,0.3,0.38,-0.00323820502,0.0319489431,-0.178084631,0.0025567475,-0.3,0.027904737,0.33795808
261,13877755,-0.107014634,-0.399986923,-0.0991320387,0.0737805963,0.0295993164,0.0318423584,-0.553962648,-0.21365355,-15.3102713,-0.921915114,-0.0391749479,-0.348114192,-0.0085611707,-0.0319989538,-0.229739612,-0.177865821,0.00236794531,0.00254738867,0.3,0.3,-0.38,-0.338287267,-0.00313399583,-0.0278491354,-0.0085611707,0.229739612,0.00236794531,0.3,0.38,-0.00313399583,0.0319989538,-0.177865821,0.00254738867,-0.3,0.0278491354,0.338287267
262,13896185,-0.106795989,-0.400831431,-0.0994403362,0.0738950446,0.0300522987,0.0321323164,-0.554654777,-0.2137274,-15.4413099,-0.924344242,-0.0386877805,-0.347549975,-0.00854367912,-0.0320665145,-0.229832101,-0.177831487,0.00240418389,0.00257058531,0.3,0.3,-0.38,-0.338651636,-0.00309502244,-0.027803998,-0.00854367912,0.229832101,0.00240418389,0.3,0.38,-0.00309502244,0.0320665145,-0.177831487,0.00257058531,-0.3,0.027803998,0.338651636
263,13931236,-0.107369073,-0.401555032,-0.0996205881,0.0742312446,0.0308058988,0.0325777344,-0.555513918,-0.213463798,-15.574419,-0.926989734,-0.0362635367,-0.347070068,-0.00858952582,-0.0321244025,-0.229886176,-0.177730627,0.00246447191,0.00260621876,0.3,0.3,-0.38,-0.33904846,-0.00290108293,-0.0277656054,-0.00858952582,0.229886176,0.00246447191,0.3,0.38,-0.00290108293,0.0321244025,-0.177730627,0.00260621876,-0.3,0.0277656054,0.33904846
264,13935299,-0.107158944,-0.402038574,-0.0997127667,0.0742947161,0.0314854719,0.0328932144,-0.556855977,-0.213088825,-15.7089052,-0.930037796,-0.0349187255,-0.346826077,-0.00857271552,-0.0321630859,-0.22991383,-0.177711585,0.00251883775,0.00263145715,0.3,0.3,-0.38,-0.339505669,-0.00279349804,-0.0277460861,-0.00857271552,0.22991383,0.00251883775,0.3,0.38,-0.00279349804,0.0321630859,-0.177711585,0.00263145715,-0.3,0.0277460861,0.339505669
265,13956188,-0.106123678,-0.402769923,-0.100030899,0.0742795691,0.0319710523,0.03308893,-0.557484388,-0.212981448,-15.8453074,-0.933425367,-0.0345257632,-0.346638173,-0.00848989427,-0.0322215939,-0.23000927,-0.177716129,0.00255768418,0.0026471144,0.3,0.3,-0.38,-0.340013805,-0.00276206106,-0.0277310538,-0.00848989427,0.23000927,0.00255768418,0.3,0.38,-0.00276206106,0.0322215939,-0.177716129,0.0026471144,-0.3,0.0277310538,0.340013805
266,13977957,-0.105527848,-0.403279662,-0.10027092,0.0748239681,0.0321823992,0.0329701118,-0.55657196,-0.211427927,-15.983017,-0.93710494,-0.0341272131,-0.346438706,-0.00844222784,-0.032262373,-0.230081276,-0.17755281,0.00257459193,0.00263760895,0.3,0.3,-0.38,-0.340565741,-0.00273017704,-0.0277150965,-0.00844222784,0.230081276,0.00257459193,0.3,0.38,-0.00273017704,0.032262373,-0.17755281,0.00263760895,-0.3,0.0277150965,0.340565741
267,13996206,-0.10500285,-0.403385073,-0.100913428,0.0749299154,0.0320808589,0.0326239131,-0.556402981,-0.21024394,-16.1223278,-0.941061735,-0.0338849761,-0.346313328,-0.00840022802,-0.0322708058,-0.230274028,-0.177521025,0.00256646872,0.00260991305,0.3,0.3,-0.38,-0.34115926,-0.00271079808,-0.0277050662,-0.00840022802,0.230274028,0.00256646872,0.3,0.38,-0.00271079808,0.0322708058,-0.177521025,0.00260991305,-0.3,0.0277050662,0.34115926
268,14022223,-0.103867516,-0.403607607,-0.101525255,0.0745760873,0.032026995,0.0323838592,-0.5559448,-0.210123256,-16.2634544,-0.9451074,-0.0346425064,-0.346201092,-0.00830940127,-0.0322886086,-0.230457576,-0.177627174,0.0025621596,0.00259070873,0.3,0.3,-0.38,-0.34176611,-0.00277140051,-0.0276960874,-0.00830940127,0.230457576,0.0025621596,0.3,0.38,-0.00277140051,0.0322886086,-0.177627174,0.00259070873,-0.3,0.0276960874,0.34176611
269,14036737,-0.103402287,-0.404102296,-0.10186027,0.0744389296,0.0322485752,0.0323289782,-0.555499494,-0.210095853,-16.4065399,-0.949389338,-0.0346263498,-0.34600386,-0.00827218294,-0.0323281837,-0.230558081,-0.177668321,0.00257988602,0.00258631825,0.3,0.3,-0.38,-0.342408401,-0.00277010798,-0.0276803088,-0.00827218294,0.230558081,0.00257988602,0.3,0.38,-0.00277010798,0.0323281837,-0.177668321,0.00258631825,-0.3,0.0276803088,0.342408401
270,14057415,-0.104000814,-0.404443592,-0.102183312,0.0747872144,0.0325491466,0.032203041,-0.554966092,-0.209166139,-16.5513401,-0.953834355,-0.0330122001,-0.346021771,-0.00832006514,-0.0323554873,-0.230654994,-0.177563836,0.00260393173,0.00257624328,0.3,0.3,-0.38,-0.343075153,-0.00264097601,-0.0276817417,-0.00832006514,0.230654994,0.00260393173,0.3,0.38,-0.00264097601,0.0323554873,-0.177563836,0.00257624328,-0.3,0.0276817417,0.343075153
271,14077320,-0.104684092,-0.404868841,-0.102581374,0.0748793483,0.0329657719,0.0322090238,-0.554920197,-0.208611891,-16.6978512,-0.958370268,-0.0313834175,-0.346241057,-0.00837472737,-0.0323895073,-0.230774412,-0.177536196,0.00263726175,0.00257672191,0.3,0.3,-0.38,-0.34375554,-0.0025106734,-0.0276992846,-0.00837472737,0.230774412,0.00263726175,0.3,0.38,-0.0025106734,0.0323895073,-0.177536196,0.00257672191,-0.3,0.0276992846,0.34375554
272,14097607,-0.10508661,-0.405111969,-0.103007779,0.0750354081,0.0333257131,0.0320196822,-0.554839075,-0.207645759,-16.846323,-0.962977827,-0.0305942874,-0.346818507,-0.00840692878,-0.0324089575,-0.230902334,-0.177489378,0.00266605705,0.00256157458,0.3,0.3,-0.38,-0.344446674,-0.002447543,-0.0277454805,-0.00840692878,0.230902334,0.00266605705,0.3,0.38,-0.002447543,0.0324089575,-0.177489378,0.00256157458,-0.3,0.0277454805,0.344446674
273,14116436,-0.105580315,-0.40486449,-0.103555903,0.0751892105,0.0336220004,0.0316194557,-0.555118442,-0.206467211,-16.9965038,-0.96767354,-0.0296493396,-0.347408146,-0.0084464252,-0.0323891592,-0.231066771,-0.177443237,0.00268976003,0.00252955645,0.3,0.3,-0.38,-0.345151031,-0.00237194717,-0.0277926517,-0.0084464252,0.231066771,0.00268976003,0.3,0.38,-0.00237194717,0.0323891592,-0.177443237,0.00252955645,-0.3,0.0277926517,0.345151031
274,14136155,-0.105888933,-0.404435039,-0.103974067,0.0753154159,0.0339083299,0.0311639402,-0.555310965,-0.205314517,-17.1483288,-0.972637653,-0.0292234011,-0.347950965,-0.00847111464,-0.0323548031,-0.23119222,-0.177405375,0.00271266639,0.00249311522,0.3,0.3,-0.38,-0.345895648,-0.00233787209,-0.0278360772,-0.00847111464,0.23119222,0.00271266639,0.3,0.38,-0.00233787209,0.0323548031,-0.177405375,0.00249311522,-0.3,0.0278360772,0.345895648
275,14156844,-0.105865531,-0.404203594,-0.104321927,0.0754821673,0.0341467895,0.0307100248,-0.555131614,-0.204189569,-17.3020267,-0.977713645,-0.0294398498,-0.348588794,-0.00846924245,-0.0323362875,-0.231296578,-0.17735535,0.00273174316,0.00245680198,0.3,0.3,-0.38,-0.346657047,-0.00235518798,-0.0278871036,-0.00846924245,0.231296578,0.00273174316,0.3,0.38,-0.00235518798,0.0323362875,-0.17735535,0.00245680198,-0.3,0.0278871036,0.346657047
276,14175978,-0.105593413,-0.403682917,-0.104942821,0.0753573775,0.0342376605,0.0300784856,-0.555469215,-0.203517541,-17.4577103,-0.982614994,-0.0297214258,-0.349456578,-0.00844747305,-0.0322946334,-0.231482846,-0.177392787,0.00273901284,0.00240627885,0.3,0.3,-0.38,-0.347392249,-0.00237771407,-0.0279565263,-0.00844747305,0.231482846,0.00273901284,0.3,0.38,-0.00237771407,0.0322946334,-0.177392787,0.00240627885,-0.3,0.0279565263,0.347392249
277,14196570,-0.105475731,-0.403306603,-0.105458103,0.0753347427,0.0343812741,0.0295069404,-0.555521131,-0.202980429,-17.6152668,-0.987608612,-0.0297385231,-0.350040615,-0.0084380585,-0.0322645283,-0.231637431,-0.177399577,0.00275050193,0.00236055523,0.3,0.3,-0.38,-0.348141292,-0.00237908185,-0.0280032492,-0.0084380585,0.231637431,0.00275050193,0.3,0.38,-0.00237908185,0.0322645283,-0.177399577,0.00236055523,-0.3,0.0280032492,0.348141292
278,14216966,-0.105436943,-0.403346658,-0.105782248,0.075328663,0.0347367264,0.0292699244,-0.555436671,-0.202620685,-17.7748337,-0.992599487,-0.0294792913,-0.350390166,-0.00843495548,-0.0322677326,-0.231734674,-0.177401401,0.00277893811,0.00234159395,0.3,0.3,-0.38,-0.348889923,-0.0023583433,-0.0280312133,-0.00843495548,0.231734674,0.00277893811,0.3,0.38,-0.0023583433,0.0322677326,-0.177401401,0.00234159395,-0.3,0.0280312133,0.348889923
279,14237484,-0.105453186,-0.403485417,-0.106237277,0.0751689896,0.0351565331,0.0291337203,-0.555803061,-0.20249401,-17.9365749,-0.99748832,-0.0288665965,-0.35067597,-0.00843625486,-0.0322788334,-0.231871183,-0.177449303,0.00281252265,0.00233069763,0.3,0.3,-0.38,-0.349623248,-0.00230932772,-0.0280540776,-0.00843625486,0.231871183,0.00281252265,0.3,0.38,-0.00230932772,0.0322788334,-0.177449303,0.00233069763,-0.3,0.0280540776,0.349623248
280,14257174,-0.105802,-0.403585255,-0.106735885,0.0750638992,0.0356815644,0.0290089697,-0.556645811,-0.202385932,-18.1005192,-1.00234365,-0.0275384244,-0.350810915,-0.00846415997,-0.0322868204,-0.232020766,-0.17748083,0.00285452515,0.00232071757,0.3,0.3,-0.38,-0.350351548,-0.00220307395,-0.0280648732,-0.00846415997,0.232020766,0.00285452515,0.3,0.38,-0.00220307395,0.0322868204,-0.17748083,0.00232071757,-0.3,0.0280648732,0.350351548
281,14277943,-0.10610795,-0.403672129,-0.107172869,0.0751262233,0.0362351127,0.0288754497,-0.557397425,-0.202120453,-18.2666607,-1.00722694,-0.0261647161,-0.350844383,-0.00848863602,-0.0322937703,-0.232151861,-0.177462133,0.00289880902,0.00231003597,0.3,0.3,-0.38,-0.351084042,-0.00209317729,-0.0280675507,-0.00848863602,0.232151861,0.00289880902,0.3,0.38,-0.00209317729,0.0322937703,-0.177462133,0.00231003597,-0.3,0.0280675507,0.351084042
282,14305715,-0.106566124,-0.403533757,-0.107647553,0.0753032044,0.0367021002,0.0286234673,-0.558193028,-0.201498017,-18.4349651,-1.01217031,-0.0245191082,-0.350908875,-0.00852528989,-0.0322827005,-0.232294266,-0.177409039,0.00293616802,0.00228987738,0.3,0.3,-0.38,-0.351825547,-0.00196152866,-0.02807271,-0.00852528989,0.232294266,0.00293616802,0.3,0.38,-0.00196152866,0.0322827005,-0.177409039,0.00228987738,-0.3,0.02807271,0.351825547
283,14317950,-0.105932884,-0.40297094,-0.108210772,0.0751887336,0.0368996076,0.0280786194,-0.558986306,-0.200984865,-18.6052608,-1.01716721,-0.0247873347,-0.351106912,-0.00847463071,-0.0322376752,-0.232463232,-0.17744338,0.00295196861,0.00224628955,0.3,0.3,-0.38,-0.352575082,-0.00198298678,-0.028088553,-0.00847463071,0.232463232,0.00295196861,0.3,0.38,-0.00198298678,0.0322376752,-0.17744338,0.00224628955,-0.3,0.028088553,0.352575082
284,14336120,-0.105250686,-0.402406245,-0.108677708,0.075082399,0.0370903648,0.0275095329,-0.559600472,-0.200631991,-18.7777348,-1.02228808,-0.0252068434,-0.35117498,-0.00842005491,-0.0321924996,-0.232603312,-0.17747528,0.00296722919,0.00220076263,0.3,0.3,-0.38,-0.353343213,-0.00201654747,-0.0280939984,-0.00842005491,0.232603312,0.00296722919,0.3,0.38,-0.00201654747,0.0321924996,-0.17747528,0.00220076263,-0.3,0.0280939984,0.353343213
285,14360291,-0.104878902,-0.401996851,-0.109117597,0.0751166046,0.0373402797,0.0270570703,-0.559617758,-0.200143412,-18.9523811,-1.02755082,-0.0252438616,-0.350938588,-0.00839031219,-0.0321597481,-0.232735279,-0.177465019,0.00298722237,0.00216456562,0.3,0.3,-0.38,-0.354132622,-0.00201950893,-0.0280750871,-0.00839031219,0.232735279,0.00298722237,0.3,0.38,-0.00201950893,0.0321597481,-0.177465019,0.00216456562,-0.3,0.0280750871,0.354132622
286,14377641,-0.10449753,-0.401707947,-0.10960342,0.074939698,0.0375632942,0.0266796052,-0.560018957,-0.200193405,-19.1292362,-1.03299189,-0.0250831544,-0.3506836,-0.00835980237,-0.0321366358,-0.232881026,-0.177518091,0.00300506353,0.00213436842,0.3,0.3,-0.38,-0.354948783,-0.00200665236,-0.028054688,-0.00835980237,0.232881026,0.00300506353,0.3,0.38,-0.00200665236,0.0321366358,-0.177518091,0.00213436842,-0.3,0.028054688,0.354948783
287,14410556,-0.105051376,-0.40168339,-0.109896146,0.075017333,0.0380442999,0.0265484005,-0.560043931,-0.19973287,-19.3083267,-1.03853989,-0.0232276451,-0.350441158,-0.00840411007,-0.0321346712,-0.232968844,-0.1774948,0.00304354399,0.00212387204,0.3,0.3,-0.38,-0.355780983,-0.00185821161,-0.0280352926,-0.00840411007,0.232968844,0.00304354399,0.3,0.38,-0.00185821161,0.0321346712,-0.1774948,0.00212387204,-0.3,0.0280352926,0.355780983
288,14415295,-0.105506554,-0.401430786,-0.110361822,0.0752536803,0.0383090787,0.0261719842,-0.560131073,-0.198825687,-19.4892521,-1.04419446,-0.0217086151,-0.350342929,-0.00844052434,-0.0321144629,-0.233108547,-0.177423896,0.00306472629,0.00209375873,0.3,0.3,-0.38,-0.356629169,-0.00173668921,-0.0280274343,-0.00844052434,0.233108547,0.00306472629,0.3,0.38,-0.00173668921,0.0321144629,-0.177423896,0.00209375873,-0.3,0.0280274343,0.356629169
289,14447156,-0.105247743,-0.40076229,-0.11106582,0.075462386,0.0381628126,0.0253098179,-0.55997175,-0.197825521,-19.6720963,-1.04991174,-0.0219187178,-0.350522131,-0.00841981947,-0.0320609832,-0.233319746,-0.177361284,0.00305302501,0.00202478543,0.3,0.3,-0.38,-0.357486761,-0.00175349742,-0.0280417705,-0.00841981947,0.233319746,0.00305302501,0.3,0.38,-0.00175349742,0.0320609832,-0.177361284,0.00202478543,-0.3,0.0280417705,0.357486761
290,14455047,-0.105251223,-0.3998501,-0.11167872,0.0755936205,0.038125854,0.0244768858,-0.559621215,-0.196722537,-19.8568916,-1.05578578,-0.0220507905,-0.350600541,-0.00842009783,-0.031988008,-0.233503616,-0.177321914,0.00305006832,0.00195815086,0.3,0.3,-0.38,-0.358367866,-0.00176406324,-0.0280480433,-0.00842009783,0.233503616,0.00305006832,0.3,0.38,-0.00176406324,0.031988008,-0.177321914,0.00195815086,-0.3,0.0280480433,0.358367866
291,14479771,-0.105680734,-0.399171978,-0.112042747,0.0758142024,0.038281627,0.0238014534,-0.55869168,-0.194883406,-20.0438442,-1.06177509,-0.0222830549,-0.350529313,-0.00845445871,-0.0319337583,-0.233612824,-0.177255739,0.00306253016,0.00190411627,0.3,0.3,-0.38,-0.359266263,-0.00178264439,-0.028042345,-0.00845445871,0.233612824,0.00306253016,0.3,0.38,-0.00178264439,0.0319337583,-0.177255739,0.00190411627,-0.3,0.028042345,0.359266263
292,14495309,-0.106569402,-0.399172753,-0.112665579,0.0758833885,0.0385860987,0.0234069191,-0.557362914,-0.19307144,-20.2331333,-1.06777287,-0.0224146228,-0.350348264,-0.00852555215,-0.0319338202,-0.233799674,-0.177234983,0.0030868879,0.00187255353,0.3,0.3,-0.38,-0.36016593,-0.00179316983,-0.0280278611,-0.00852555215,0.233799674,0.0030868879,0.3,0.38,-0.00179316983,0.0319338202,-0.177234983,0.00187255353,-0.3,0.0280278611,0.36016593
293,14517636,-0.107762977,-0.399540156,-0.113326877,0.0763951167,0.0388773158,0.022980202,-0.555533469,-0.190791652,-20.424427,-1.07378757,-0.0225611962,-0.350185335,-0.0086210382,-0.0319632125,-0.233998063,-0.177081465,0.00311018527,0.00183841616,0.3,0.3,-0.38,-0.361068135,-0.0018048957,-0.0280148268,-0.0086210382,0.233998063,0.00311018527,0.3,0.38,-0.0018048957,0.0319632125,-0.177081465,0.00183841616,-0.3,0.0280148268,0.361068135
294,14541901,-0.109020032,-0.399891704,-0.114042774,0.0768412277,0.0392216891,0.0226373803,-0.554641485,-0.188726544,-20.6180363,-1.0796448,-0.0225204937,-0.350012183,-0.00872160256,-0.0319913363,-0.234212832,-0.176947632,0.00313773513,0.00181099042,0.3,0.3,-0.38,-0.36194672,-0.0018016395,-0.0280009747,-0.00872160256,0.234212832,0.00313773513,0.3,0.38,-0.0018016395,0.0319913363,-0.176947632,0.00181099042,-0.3,0.0280009747,0.36194672
295,14555875,-0.110125214,-0.400099158,-0.114820823,0.0772853419,0.0395168364,0.0222073346,-0.554210544,-0.186996892,-20.8145485,-1.0852555,-0.0222978294,-0.349859416,-0.00881001711,-0.0320079327,-0.234446247,-0.176814397,0.00316134691,0.00177658677,0.3,0.3,-0.38,-0.362788326,-0.00178382635,-0.0279887533,-0.00881001711,0.234446247,0.00316134691,0.3,0.38,-0.00178382635,0.0320079327,-0.176814397,0.00177658677,-0.3,0.0279887533,0.362788326
296,14577566,-0.111354075,-0.400513291,-0.115544923,0.0780904442,0.0398429446,0.0217434689,-0.553172648,-0.184378192,-21.0139027,-1.09060228,-0.0223522279,-0.349703431,-0.00890832603,-0.0320410633,-0.234663477,-0.176572867,0.00318743557,0.00173947752,0.3,0.3,-0.38,-0.363590342,-0.00178817824,-0.0279762745,-0.00890832603,0.234663477,0.00318743557,0.3,0.38,-0.00178817824,0.0320410633,-0.176572867,0.00173947752,-0.3,0.0279762745,0.363590342
297,14596274,-0.112801701,-0.400733799,-0.116627254,0.0787860155,0.0399182253,0.0210617222,-0.552132487,-0.181600571,-21.2156086,-1.09573781,-0.0221766792,-0.350016207,-0.00902413607,-0.0320587039,-0.234988176,-0.176364195,0.00319345802,0.00168493778,0.3,0.3,-0.38,-0.364360672,-0.00177413434,-0.0280012965,-0.00902413607,0.234988176,0.00319345802,0.3,0.38,-0.00177413434,0.0320587039,-0.176364195,0.00168493778,-0.3,0.0280012965,0.364360672
298,14618654,-0.11369098,-0.400353283,-0.117704883,0.0792548507,0.0397792272,0.0200235005,-0.551794589,-0.179630026,-21.4197865,-1.1005801,-0.0224530082,-0.350514591,-0.00909527838,-0.0320282626,-0.235311465,-0.176223545,0.00318233818,0.00160188004,0.3,0.3,-0.38,-0.365087014,-0.00179624066,-0.0280411673,-0.00909527838,0.235311465,0.00318233818,0.3,0.38,-0.00179624066,0.0320282626,-0.176223545,0.00160188004,-0.3,0.0280411673,0.365087014
299,14636302,-0.114781857,-0.400109857,-0.118423827,0.0800278559,0.0398450159,0.0192113463,-0.551121652,-0.177932069,-21.6264153,-1.10532737,-0.0223252717,-0.350757778,-0.00918254852,-0.0320087886,-0.235527148,-0.175991643,0.00318760127,0.0015369077,0.3,0.3,-0.38,-0.365799105,-0.00178602174,-0.0280606222,-0.00918254852,0.235527148,0.00318760127,0.3,0.38,-0.00178602174,0.0320087886,-0.175991643,0.0015369077,-0.3,0.0280606222,0.365799105
300,14656059,-0.11605005,-0.399935901,-0.119013183,0.0802889094,0.0402555577,0.0188075025,-0.551294625,-0.177161202,-21.8361149,-1.10983407,-0.0214136709,-0.350805789,-0.00928400397,-0.0319948721,-0.235703955,-0.175913327,0.00322044462,0.0015046002,0.3,0.3,-0.38,-0.366475111,-0.00171309367,-0.0280644631,-0.00928400397,0.235703955,0.00322044462,0.3,0.38,-0.00171309367,0.0319948721,-0.175913327,0.0015046002,-0.3,0.0280644631,0.366475111
301,14685802,-0.116875723,-0.399997979,-0.119188942,0.0803926289,0.0410262533,0.0186675247,-0.551738024,-0.176817268,-22.0481396,-1.11444151,-0.0208754484,-0.350666761,-0.00935005784,-0.0319998384,-0.235756683,-0.175882211,0.00328210026,0.00149340197,0.3,0.3,-0.38,-0.367166227,-0.00167003587,-0.0280533409,-0.00935005784,0.235756683,0.00328210026,0.3,0.38,-0.00167003587,0.0319998384,-0.175882211,0.00149340197,-0.3,0.0280533409,0.367166227
302,14695283,-0.117367901,-0.400381118,-0.11929749,0.0805632696,0.0418335237,0.0186357442,-0.551666319,-0.176047534,-22.2624969,-1.11903048,-0.0205665622,-0.350432485,-0.00938943207,-0.0320304894,-0.235789247,-0.175831019,0.00334668189,0.00149085954,0.3,0.3,-0.38,-0.367854571,-0.00164532498,-0.0280345988,-0.00938943207,0.235789247,0.00334668189,0.3,0.38,-0.00164532498,0.0320304894,-0.175831019,0.00149085954,-0.3,0.0280345988,0.367854571
303,14716332,-0.118313663,-0.400734216,-0.11961896,0.0807089508,0.0426215455,0.0186043177,-0.551590145,-0.175024733,-22.4792995,-1.12356246,-0.0190428775,-0.350451171,-0.00946509302,-0.0320587373,-0.235885688,-0.175787315,0.00340972364,0.00148834541,0.3,0.3,-0.38,-0.368534368,-0.0015234302,-0.0280360937,-0.00946509302,0.235885688,0.00340972364,0.3,0.38,-0.0015234302,0.0320587373,-0.175787315,0.00148834541,-0.3,0.0280360937,0.368534368
304,14736735,-0.11816293,-0.400553703,-0.120203778,0.0804902315,0.0429020934,0.018137658,-0.552069128,-0.174463078,-22.6985226,-1.1279577,-0.0189977251,-0.350646257,-0.0094530344,-0.0320442963,-0.236061133,-0.175852931,0.00343216747,0.00145101264,0.3,0.3,-0.38,-0.369193655,-0.00151981801,-0.0280517006,-0.0094530344,0.236061133,0.00343216747,0.3,0.38,-0.00151981801,0.0320442963,-0.175852931,0.00145101264,-0.3,0.0280517006,0.369193655
305,14755168,-0.118096903,-0.400516778,-0.120586313,0.0807075799,0.0431046374,0.017606603,-0.551656246,-0.173553109,-22.9202633,-1.13227081,-0.0187566318,-0.350550175,-0.00944775224,-0.0320413423,-0.236175894,-0.175787726,0.00344837099,0.00140852824,0.3,0.3,-0.38,-0.369840622,-0.00150053054,-0.028044014,-0.00944775224,0.236175894,0.00344837099,0.3,0.38,-0.00150053054,0.0320413423,-0.175787726,0.00140852824,-0.3,0.028044014,0.369840622
306,14779325,-0.117791489,-0.400193125,-0.121087134,0.0806044266,0.0432834812,0.017065037,-0.551496506,-0.172997102,-23.1442909,-1.13644719,-0.0190806296,-0.350254416,-0.0094233191,-0.03201545,-0.23632614,-0.175818672,0.00346267849,0.00136520296,0.3,0.3,-0.38,-0.370467079,-0.00152645037,-0.0280203533,-0.0094233191,0.23632614,0.00346267849,0.3,0.38,-0.00152645037,0.03201545,-0.175818672,0.00136520296,-0.3,0.0280203533,0.370467079
307,14797640,-0.117729098,-0.399826169,-0.121632226,0.0803172886,0.0434652306,0.0165202115,-0.551724255,-0.172837734,-23.3709126,-1.14072633,-0.0189740937,-0.349781275,-0.00941832781,-0.0319860935,-0.236489668,-0.175904813,0.00347721845,0.00132161692,0.3,0.3,-0.38,-0.371108949,-0.0015179275,-0.027982502,-0.00941832781,0.236489668,0.00347721845,0.3,0.38,-0.0015179275,0.0319860935,-0.175904813,0.00132161692,-0.3,0.027982502,0.371108949
308,14816179,-0.118228883,-0.399555206,-0.122011624,0.0804729387,0.0436932705,0.0159178022,-0.551163554,-0.171763822,-23.5998173,-1.14494431,-0.0179521535,-0.349439204,-0.0094583106,-0.0319644165,-0.236603487,-0.175858118,0.00349546164,0.00127342418,0.3,0.3,-0.38,-0.371741647,-0.00143617228,-0.0279551363,-0.0094583106,0.236603487,0.00349546164,0.3,0.38,-0.00143617228,0.0319644165,-0.175858118,0.00127342418,-0.3,0.0279551363,0.371741647
309,14836845,-0.118399456,-0.399164736,-0.122612916,0.0804643184,0.0437598415,0.0151447952,-0.551004589,-0.170599282,-23.8309269,-1.1491096,-0.0178527497,-0.349285603,-0.00947195649,-0.0319331789,-0.236783875,-0.175860704,0.00350078732,0.00121158361,0.3,0.3,-0.38,-0.37236644,-0.00142821997,-0.0279428482,-0.00947195649,0.236783875,0.00350078732,0.3,0.38,-0.00142821997,0.0319331789,-0.175860704,0.00121158361,-0.3,0.0279428482,0.37236644
310,14857238,-0.118411399,-0.398591906,-0.123268329,0.0803826302,0.0438343287,0.0142420419,-0.55089277,-0.169489771,-24.0647163,-1.15311098,-0.0181047935,-0.34920752,-0.00947291195,-0.0318873525,-0.236980499,-0.175885211,0.00350674629,0.00113936335,0.3,0.3,-0.38,-0.372966647,-0.00144838348,-0.0279366016,-0.00947291195,0.236980499,0.00350674629,0.3,0.38,-0.00144838348,0.0318873525,-0.175885211,0.00113936335,-0.3,0.0279366016,0.372966647
311,14876049,-0.119342186,-0.3981857,-0.123572476,0.0806559622,0.0443511605,0.0136482446,-0.550655186,-0.16779314,-24.3009624,-1.15707755,-0.016948292,-0.348927855,-0.00954737484,-0.031854856,-0.237071743,-0.175803211,0.00354809284,0.00109185956,0.3,0.3,-0.38,-0.373561633,-0.00135586336,-0.0279142284,-0.00954737484,0.237071743,0.00354809284,0.3,0.38,-0.00135586336,0.031854856,-0.175803211,0.00109185956,-0.3,0.0279142284,0.373561633
312,14901765,-0.119240619,-0.397807062,-0.124272645,0.0808316246,0.0444016792,0.0126929423,-0.549984217,-0.165784299,-24.5399303,-1.16082609,-0.0180762634,-0.348843873,-0.00953924954,-0.0318245649,-0.237281793,-0.175750513,0.00355213434,0.00101543538,0.3,0.3,-0.38,-0.374123913,-0.00144610107,-0.0279075098,-0.00953924954,0.237281793,0.00355213434,0.3,0.38,-0.00144610107,0.0318245649,-0.175750513,0.00101543538,-0.3,0.0279075098,0.374123913
313,14921625,-0.119219728,-0.397686243,-0.125220865,0.0808288977,0.0443256982,0.0117886644,-0.549749732,-0.16498822,-24.7809448,-1.16449666,-0.0185821448,-0.348620504,-0.00953757823,-0.0318148994,-0.23756626,-0.175751331,0.00354605585,0.000943093151,0.3,0.3,-0.38,-0.374674499,-0.00148657158,-0.0278896403,-0.00953757823,0.23756626,0.00354605585,0.3,0.38,-0.00148657158,0.0318148994,-0.175751331,0.000943093151,-0.3,0.0278896403,0.374674499
314,14935199,-0.119103342,-0.397098213,-0.125964522,0.0812553987,0.0440473855,0.0105053214,-0.549270153,-0.163540527,-25.0242519,-1.16804981,-0.0193506144,-0.348198533,-0.00952826738,-0.0317678571,-0.237789357,-0.17562338,0.00352379084,0.000840425715,0.3,0.3,-0.38,-0.375207472,-0.00154804915,-0.0278558826,-0.00952826738,0.237789357,0.00352379084,0.3,0.38,-0.00154804915,0.0317678571,-0.17562338,0.000840425715,-0.3,0.0278558826,0.375207472
315,14957967,-0.11916355,-0.397052616,-0.126274884,0.0816100091,0.0441958532,0.00982086919,-0.548552096,-0.162768885,-25.2699661,-1.17163408,-0.0197572578,-0.347358286,-0.00953308403,-0.0317642093,-0.237882465,-0.175516997,0.00353566825,0.000785669535,0.3,0.3,-0.38,-0.375745112,-0.00158058062,-0.0277886629,-0.00953308403,0.237882465,0.00353566825,0.3,0.38,-0.00158058062,0.0317642093,-0.175516997,0.000785669535,-0.3,0.0277886629,0.375745112
316,14976546,-0.119011395,-0.397665143,-0.126275286,0.081536077,0.0447982922,0.00975798443,-0.547329247,-0.162691921,-25.5184784,-1.17507327,-0.0206623394,-0.34627822,-0.00952091157,-0.0318132114,-0.237882586,-0.175539177,0.00358386338,0.000780638754,0.3,0.3,-0.38,-0.37626099,-0.00165298715,-0.0277022576,-0.00952091157,0.237882586,0.00358386338,0.3,0.38,-0.00165298715,0.0318132114,-0.175539177,0.000780638754,-0.3,0.0277022576,0.37626099
317,14997322,-0.119660452,-0.398446172,-0.126203224,0.0813954994,0.0457450934,0.00994687341,-0.547098577,-0.162391007,-25.7694893,-1.17860711,-0.0198735595,-0.345030248,-0.00957283616,-0.0318756938,-0.237860967,-0.17558135,0.00365960747,0.000795749873,0.3,0.3,-0.38,-0.376791066,-0.00158988476,-0.0276024199,-0.00957283616,0.237860967,0.00365960747,0.3,0.38,-0.00158988476,0.0318756938,-0.17558135,0.000795749873,-0.3,0.0276024199,0.376791066
318,15020421,-0.120414287,-0.399392992,-0.126259863,0.081385076,0.0467073284,0.0102629317,-0.546947181,-0.161865711,-26.0229378,-1.18207824,-0.0181430914,-0.34364441,-0.00963314295,-0.0319514394,-0.237877959,-0.175584477,0.00373658627,0.000821034536,0.3,0.3,-0.38,-0.377311736,-0.00145144731,-0.0274915528,-0.00963314295,0.237877959,0.00373658627,0.3,0.38,-0.00145144731,0.0319514394,-0.175584477,0.000821034536,-0.3,0.0274915528,0.377311736
319,15036155,-0.12076997,-0.400092632,-0.12675193,0.081171684,0.0473888367,0.0102928011,-0.54724735,-0.161308944,-26.2793732,-1.18542361,-0.0169543177,-0.342489094,-0.00966159761,-0.0320074105,-0.238025579,-0.175648495,0.00379110694,0.000823424086,0.3,0.3,-0.38,-0.377813542,-0.00135634542,-0.0273991275,-0.00966159761,0.238025579,0.00379110694,0.3,0.38,-0.00135634542,0.0320074105,-0.175648495,0.000823424086,-0.3,0.0273991275,0.377813542
320,15059284,-0.12061701,-0.400406808,-0.127005085,0.0812508166,0.0479751714,0.0100842426,-0.547255099,-0.160505906,-26.5383453,-1.18876445,-0.0163806714,-0.341410875,-0.00964936078,-0.0320325446,-0.238101526,-0.175624755,0.00383801371,0.000806739405,0.3,0.3,-0.38,-0.378314668,-0.00131045371,-0.02731287,-0.00964936078,0.238101526,0.00383801371,0.3,0.38,-0.00131045371,0.0320325446,-0.175624755,0.000806739405,-0.3,0.02731287,0.378314668
321,15076905,-0.120738424,-0.400047332,-0.127466977,0.0814117864,0.0482392982,0.00949488301,-0.547575891,-0.159107387,-26.8000088,-1.19194961,-0.0154660856,-0.340312511,-0.00965907395,-0.0320037866,-0.238240093,-0.175576464,0.00385914385,0.000759590641,0.3,0.3,-0.38,-0.378792441,-0.00123728685,-0.0272250009,-0.00965907395,0.238240093,0.00385914385,0.3,0.38,-0.00123728685,0.0320037866,-0.175576464,0.000759590641,-0.3,0.0272250009,0.378792441
322,15097034,-0.120332211,-0.399371743,-0.128000841,0.0811987445,0.0483882315,0.00881397258,-0.547934294,-0.158622533,-27.064291,-1.19512784,-0.0153915007,-0.339170635,-0.0096265769,-0.0319497395,-0.238400252,-0.175640377,0.00387105852,0.000705117807,0.3,0.3,-0.38,-0.379269177,-0.00123132005,-0.0271336508,-0.0096265769,0.238400252,0.00387105852,0.3,0.38,-0.00123132005,0.0319497395,-0.175640377,0.000705117807,-0.3,0.0271336508,0.379269177
323,15121319,-0.119971015,-0.398657858,-0.128290519,0.080919221,0.0486676507,0.00828575715,-0.548647106,-0.15893206,-27.3313732,-1.19824946,-0.014781055,-0.338004887,-0.00959768116,-0.0318926287,-0.238487156,-0.175724234,0.00389341205,0.000662860572,0.3,0.3,-0.38,-0.379737419,-0.0011824844,-0.027040391,-0.00959768116,0.238487156,0.00389341205,0.3,0.38,-0.0011824844,0.0318926287,-0.175724234,0.000662860572,-0.3,0.027040391,0.379737419
324,15136158,-0.120317675,-0.397845358,-0.128360823,0.0808871612,0.0491584316,0.00781734567,-0.548867941,-0.158508584,-27.6010056,-1.20147896,-0.0130608929,-0.336677402,-0.00962541401,-0.0318276286,-0.238508247,-0.175733852,0.00393267453,0.000625387654,0.3,0.3,-0.38,-0.38,-0.00104487143,-0.0269341922,-0.00962541401,0.238508247,0.00393267453,0.3,0.38,-0.00104487143,0.0318276286,-0.175733852,0.000625387654,-0.3,0.0269341922,0.38
325,15162898,-0.120458454,-0.397043675,-0.128427118,0.080554314,0.0497478396,0.00747972308,-0.549977005,-0.158714488,-27.8732471,-1.20477355,-0.0114249848,-0.335472345,-0.00963667631,-0.031763494,-0.238528135,-0.175833706,0.00397982717,0.000598377846,0.3,0.3,-0.38,-0.38,-0.000913998783,-0.0268377876,-0.00963667631,0.238528135,0.00397982717,0.3,0.38,-0.000913998783,0.031763494,-0.175833706,0.000598377846,-0.3,0.0268377876,0.38
326,15176252,-0.120057203,-0.396032363,-0.128594115,0.0804132149,0.0499877781,0.00674820086,-0.550379217,-0.158492818,-28.1479282,-1.20798683,-0.010841595,-0.334699064,-0.00960457623,-0.0316825891,-0.238578235,-0.175876036,0.00399902225,0.000539856069,0.3,0.3,-0.38,-0.38,-0.000867327601,-0.0267759252,-0.00960457623,0.238578235,0.00399902225,0.3,0.38,-0.000867327601,0.0316825891,-0.175876036,0.000539856069,-0.3,0.0267759252,0.38
327,15197159,-0.119657531,-0.39477244,-0.12877205,0.0801981762,0.0502169877,0.00596155785,-0.55069387,-0.157966837,-28.424921,-1.21119201,-0.0105665568,-0.333895206,-0.00957260251,-0.0315817952,-0.238631615,-0.175940547,0.00401735902,0.000476924628,0.3,0.3,-0.38,-0.38,-0.000845324546,-0.0267116165,-0.00957260251,0.238631615,0.00401735902,0.3,0.38,-0.000845324546,0.0315817952,-0.175940547,0.000476924628,-0.3,0.0267116165,0.38
328,15218356,-0.119428225,-0.39346537,-0.128807217,0.0798036084,0.0505276024,0.00527189439,-0.551018059,-0.157581642,-28.7045135,-1.21445191,-0.00992119871,-0.332992196,-0.00955425799,-0.0314772296,-0.238642165,-0.176058917,0.00404220819,0.000421751551,0.3,0.3,-0.38,-0.38,-0.000793695897,-0.0266393757,-0.00955425799,0.238642165,0.00404220819,0.3,0.38,-0.000793695897,0.0314772296,-0.176058917,0.000421751551,-0.3,0.0266393757,0.38
329,15235990,-0.119413406,-0.392404854,-0.128859118,0.0794178694,0.0508510657,0.00467042346,-0.551031172,-0.157488585,-28.9867783,-1.21769118,-0.00880433526,-0.331854314,-0.00955307245,-0.0313923883,-0.238657735,-0.176174639,0.00406808525,0.000373633876,0.3,0.3,-0.38,-0.38,-0.000704346821,-0.0265483451,-0.00955307245,0.238657735,0.00406808525,0.3,0.38,-0.000704346821,0.0313923883,-0.176174639,0.000373633876,-0.3,0.0265483451,0.38
330,15261653,-0.118837483,-0.391419202,-0.128915712,0.0790390149,0.0509827584,0.00397783006,-0.550649524,-0.157468155,-29.2712173,-1.22089148,-0.0090504596,-0.330675811,-0.00950699866,-0.0313135362,-0.238674714,-0.176288296,0.00407862067,0.000318226404,0.3,0.3,-0.38,-0.38,-0.000724036768,-0.0264540648,-0.00950699866,0.238674714,0.00407862067,0.3,0.38,-0.000724036768,0.0313135362,-0.176288296,0.000318226404,-0.3,0.0264540648,0.38
331,15275330,-0.118671507,-0.390548855,-0.12894693,0.0786922649,0.0512553193,0.00339851854,-0.550344348,-0.157254249,-29.5582371,-1.22408676,-0.00880181789,-0.329278082,-0.00949372053,-0.0312439084,-0.238684079,-0.176392321,0.00410042554,0.000271881483,0.3,0.3,-0.38,-0.38,-0.000704145432,-0.0263422465,-0.00949372053,0.238684079,0.00410042554,0.3,0.38,-0.000704145432,0.0312439084,-0.176392321,0.000271881483,-0.3,0.0263422465,0.38
332,15302898,-0.118743733,-0.389768332,-0.128906488,0.0785171837,0.0515168458,0.00276801502,-0.549520314,-0.156424716,-29.84758,-1.22720623,-0.00842967164,-0.32777366,-0.00949949861,-0.0311814666,-0.238671947,-0.176444845,0.00412134767,0.000221441202,0.3,0.3,-0.38,-0.38,-0.000674373731,-0.0262218928,-0.00949949861,0.238671947,0.00412134767,0.3,0.38,-0.000674373731,0.0311814666,-0.176444845,0.000221441202,-0.3,0.0262218928,0.38
333,15317481,-0.117908776,-0.38917774,-0.129056305,0.0781103969,0.0515469201,0.00210385118,-0.548533976,-0.156246334,-30.1392899,-1.23015749,-0.00991733093,-0.32628414,-0.00943270206,-0.0311342192,-0.238716891,-0.176566881,0.00412375361,0.000168308094,0.3,0.3,-0.38,-0.38,-0.000793386474,-0.0261027312,-0.00943270206,0.238716891,0.00412375361,0.3,0.38,-0.000793386474,0.0311342192,-0.176566881,0.000168308094,-0.3,0.0261027312,0.38
334,15336742,-0.117398188,-0.388633996,-0.129089817,0.077603668,0.0517842956,0.00163902598,-0.547752678,-0.15634954,-30.4335651,-1.23293626,-0.0106394654,-0.324778855,-0.009391855,-0.0310907197,-0.238726945,-0.1767189,0.00414274365,0.000131122079,0.3,0.3,-0.38,-0.38,-0.000851157233,-0.0259823084,-0.009391855,0.238726945,0.00414274365,0.3,0.38,-0.000851157233,0.0310907197,-0.1767189,0.000131122079,-0.3,0.0259823084,0.38
335,15356150,-0.117312081,-0.388001174,-0.12901476,0.0773533955,0.0520825014,0.00110373495,-0.546973884,-0.155794755,-30.7303619,-1.23555291,-0.0107119419,-0.323390365,-0.00938496649,-0.0310400939,-0.238704428,-0.176793981,0.00416660011,8.82987957e-05,0.3,0.3,-0.38,-0.38,-0.000856955349,-0.0258712292,-0.00938496649,0.238704428,0.00416660011,0.3,0.38,-0.000856955349,0.0310400939,-0.176793981,8.82987957e-05,-0.3,0.0258712292,0.38
336,15380419,-0.117844105,-0.387634426,-0.129057288,0.0769466683,0.0525493883,0.000779621012,-0.546557844,-0.155607998,-31.0298557,-1.23793042,-0.00939373672,-0.321960181,-0.00942752838,-0.0310107541,-0.238717186,-0.176916,0.00420395106,6.2369681e-05,0.3,0.3,-0.38,-0.38,-0.000751498938,-0.0257568145,-0.00942752838,0.238717186,0.00420395106,0.3,0.38,-0.000751498938,0.0310107541,-0.176916,6.2369681e-05,-0.3,0.0257568145,0.38
337,15397390,-0.118584037,-0.387224078,-0.129109561,0.0766154602,0.0531976596,0.000537047337,-0.546338558,-0.155445248,-31.3319569,-1.24013102,-0.00752561074,-0.320509225,-0.00948672295,-0.0309779263,-0.238732868,-0.177015362,0.00425581276,4.2963787e-05,0.3,0.3,-0.38,-0.38,-0.000602048859,-0.025640738,-0.00948672295,0.238732868,0.00425581276,0.3,0.38,-0.000602048859,0.0309779263,-0.177015362,4.2963787e-05,-0.3,0.025640738,0.38
338,15417942,-0.119038723,-0.386394352,-0.129148588,0.0766978934,0.0536018386,-0.000111419999,-0.546190321,-0.154414058,-31.6362305,-1.24218202,-0.00643604156,-0.319295555,-0.00952309787,-0.0309115481,-0.238744576,-0.176990632,0.00428814709,-8.91359989e-06,0.3,0.3,-0.38,-0.38,-0.000514883325,-0.0255436444,-0.00952309787,0.238744576,0.00428814709,0.3,0.38,-0.000514883325,0.0309115481,-0.176990632,-8.91359989e-06,-0.3,0.0255436444,0.38
339,15437167,-0.119062886,-0.385239959,-0.129328609,0.0766152367,0.053847786,-0.000913702243,-0.545989931,-0.153520033,-31.9427795,-1.24403,-0.00631007552,-0.318089068,-0.00952503085,-0.0308191967,-0.238798583,-0.177015429,0.00430782288,-7.30961794e-05,0.3,0.3,-0.38,-0.38,-0.000504806042,-0.0254471254,-0.00952503085,0.238798583,0.00430782288,0.3,0.38,-0.000504806042,0.0308191967,-0.177015429,-7.30961794e-05,-0.3,0.0254471254,0.38
340,15457599,-0.118966974,-0.384031177,-0.129432559,0.0766325817,0.0539815351,-0.00187179539,-0.545134366,-0.152276397,-32.2516098,-1.2457968,-0.00693773711,-0.316747159,-0.00951735795,-0.0307224941,-0.238829768,-0.177010226,0.00431852281,-0.000149743631,0.3,0.3,-0.38,-0.38,-0.000555018969,-0.0253397727,-0.00951735795,0.238829768,0.00431852281,0.3,0.38,-0.000555018969,0.0307224941,-0.177010226,-0.000149743631,-0.3,0.0253397727,0.38
341,15477320,-0.119000107,-0.382968456,-0.129520029,0.0763388127,0.0541846231,-0.00264789583,-0.544215739,-0.151488155,-32.5628967,-1.2473402,-0.0073074922,-0.315497696,-0.00952000856,-0.0306374764,-0.238856009,-0.177098356,0.00433476985,-0.000211831667,0.3,0.3,-0.38,-0.38,-0.000584599376,-0.0252398157,-0.00952000856,0.238856009,0.00433476985,0.3,0.38,-0.000584599376,0.0306374764,-0.177098356,-0.000211831667,-0.3,0.0252398157,0.38
342,15496657,-0.119080245,-0.382036775,-0.129680291,0.0758514926,0.0544323102,-0.00329467678,-0.543490767,-0.151343018,-32.8767586,-1.24864829,-0.0073318528,-0.31409952,-0.00952641964,-0.030562942,-0.238904087,-0.177244552,0.00435458481,-0.000263574142,0.3,0.3,-0.38,-0.38,-0.000586548224,-0.0251279616,-0.00952641964,0.238904087,0.00435458481,0.3,0.38,-0.000586548224,0.030562942,-0.177244552,-0.000263574142,-0.3,0.0251279616,0.38
343,15517746,-0.118846692,-0.38116926,-0.129690006,0.075324297,0.0547491163,-0.00390162738,-0.542941868,-0.15151386,-33.1929817,-1.24956191,-0.00783765782,-0.313075393,-0.00950773537,-0.0304935408,-0.238907002,-0.177402711,0.0043799293,-0.00031213019,0.3,0.3,-0.38,-0.38,-0.000627012625,-0.0250460315,-0.00950773537,0.238907002,0.0043799293,0.3,0.38,-0.000627012625,0.0304935408,-0.177402711,-0.00031213019,-0.3,0.0250460315,0.38
344,15536153,-0.119103447,-0.380571634,-0.129684255,0.0750793964,0.0552161448,-0.004442757,-0.542344093,-0.151203692,-33.5118027,-1.25014865,-0.00755162397,-0.311928719,-0.00952827573,-0.0304457307,-0.238905276,-0.177476181,0.00441729158,-0.00035542056,0.3,0.3,-0.38,-0.38,-0.000604129918,-0.0249542975,-0.00952827573,0.238905276,0.00441729158,0.3,0.38,-0.000604129918,0.0304457307,-0.177476181,-0.00035542056,-0.3,0.0249542975,0.38
345,15556374,-0.119849876,-0.379977554,-0.129777521,0.0750223547,0.055694513,-0.00505362405,-0.541795433,-0.150447369,-33.8330078,-1.25036347,-0.00641295454,-0.310709655,-0.00958799005,-0.0303982043,-0.238933256,-0.177493294,0.00445556104,-0.000404289924,0.3,0.3,-0.38,-0.38,-0.000513036363,-0.0248567724,-0.00958799005,0.238933256,0.00445556104,0.3,0.38,-0.000513036363,0.0303982043,-0.177493294,-0.000404289924,-0.3,0.0248567724,0.38
346,15582509,-0.120536454,-0.379392177,-0.129908845,0.0748009458,0.0562990308,-0.0055053439,-0.541796267,-0.150048122,-34.1567116,-1.25030804,-0.00501794787,-0.30951786,-0.00964291632,-0.0303513741,-0.238972653,-0.177559716,0.00450392246,-0.000440427512,0.3,0.3,-0.38,-0.38,-0.00040143583,-0.0247614288,-0.00964291632,0.238972653,0.00450392246,0.3,0.38,-0.00040143583,0.0303513741,-0.177559716,-0.000440427512,-0.3,0.0247614288,0.38
347,15595550,-0.120522894,-0.378509015,-0.130059391,0.0744845197,0.0568019189,-0.00605620956,-0.542090595,-0.149814472,-34.4829445,-1.24985337,-0.0043447325,-0.308569223,-0.00964183152,-0.0302807212,-0.239017817,-0.177654644,0.00454415351,-0.000484496765,0.3,0.3,-0.38,-0.38,-0.0003475786,-0.0246855378,-0.00964183152,0.239017817,0.00454415351,0.3,0.38,-0.0003475786,0.0302807212,-0.177654644,-0.000484496765,-0.3,0.0246855378,0.38
348,15617734,-0.119518921,-0.377266645,-0.130124226,0.0742503256,0.0570460334,-0.00696301972,-0.542174339,-0.149527952,-34.8114243,-1.24905467,-0.00548891304,-0.307815015,-0.00956151366,-0.0301813316,-0.239037268,-0.177724902,0.00456368268,-0.000557041578,0.3,0.3,-0.38,-0.38,-0.000439113043,-0.0246252012,-0.00956151366,0.239037268,0.00456368268,0.3,0.38,-0.000439113043,0.0301813316,-0.177724902,-0.000557041578,-0.3,0.0246252012,0.38
349,15637535,-0.118333511,-0.376098871,-0.130202666,0.0739307553,0.057204064,-0.00785925426,-0.541858554,-0.149391249,-35.1421623,-1.24796999,-0.00704222592,-0.306710422,-0.00946668088,-0.0300879097,-0.2390608,-0.177820773,0.00457632512,-0.00062874034,0.3,0.3,-0.38,-0.38,-0.000563378073,-0.0245368338,-0.00946668088,0.2390608,0.00457632512,0.3,0.38,-0.000563378073,0.0300879097,-0.177820773,-0.00062874034,-0.3,0.0245368338,0.38
350,15655447,-0.1169082,-0.375065297,-0.130235478,0.0735138282,0.0572858267,-0.00870332308,-0.540934324,-0.149654642,-35.4752159,-1.24652994,-0.00893014669,-0.305296272,-0.00935265601,-0.0300052238,-0.239070643,-0.177945852,0.00458286613,-0.000696265846,0.3,0.3,-0.38,-0.38,-0.000714411736,-0.0244237018,-0.00935265601,0.239070643,0.00458286613,0.3,0.38,-0.000714411736,0.0300052238,-0.177945852,-0.000696265846,-0.3,0.0244237018,0.38
351,15684882,-0.116768137,-0.374356955,-0.130207345,0.0729867369,0.0576534122,-0.00920718722,-0.540373087,-0.150015414,-35.8108292,-1.2448287,-0.00836808328,-0.303546011,-0.00934145093,-0.0299485564,-0.239062203,-0.178103979,0.00461227298,-0.000736574978,0.3,0.3,-0.38,-0.38,-0.000669446662,-0.0242836809,-0.00934145093,0.239062203,0.00461227298,0.3,0.38,-0.000669446662,0.0299485564,-0.178103979,-0.000736574978,-0.3,0.0242836809,0.38
352,15701431,-0.116884053,-0.373654306,-0.130160183,0.072236225,0.058292184,-0.0093986392,-0.540530562,-0.150607094,-36.1490631,-1.24287403,-0.00663628895,-0.301664144,-0.00935072422,-0.0298923445,-0.239048055,-0.178329132,0.00466337472,-0.000751891136,0.3,0.3,-0.38,-0.38,-0.000530903116,-0.0241331315,-0.00935072422,0.239048055,0.00466337472,0.3,0.38,-0.000530903116,0.0298923445,-0.178329132,-0.000751891136,-0.3,0.0241331315,0.38
353,15734215,-0.1163361,-0.372910708,-0.130093709,0.0720200688,0.0586325787,-0.0100676827,-0.540180981,-0.150380388,-36.4894676,-1.24056602,-0.00646405155,-0.299970627,-0.00930688798,-0.0298328567,-0.239028113,-0.178393979,0.0046906063,-0.000805414617,0.3,0.3,-0.38,-0.38,-0.000517124124,-0.0239976501,-0.00930688798,0.239028113,0.0046906063,0.3,0.38,-0.000517124124,0.0298328567,-0.178393979,-0.000805414617,-0.3,0.0239976501,0.38
354,15743611,-0.115473911,-0.371836931,-0.130197227,0.0715576112,0.0590180345,-0.0106649185,-0.540136278,-0.150549516,-36.8322372,-1.23795986,-0.00705768447,-0.298147887,-0.00923791289,-0.0297469544,-0.239059168,-0.178532717,0.00472144276,-0.000853193477,0.3,0.3,-0.38,-0.38,-0.000564614758,-0.023851831,-0.00923791289,0.239059168,0.00472144276,0.3,0.38,-0.000564614758,0.0297469544,-0.178532717,-0.000853193477,-0.3,0.023851831,0.38
355,15757481,-0.114794783,-0.370392591,-0.130113944,0.0713564232,0.0592915826,-0.0114885913,-0.540277064,-0.150143489,-37.1772575,-1.2351917,-0.00730805099,-0.296282113,-0.00918358266,-0.0296314073,-0.239034183,-0.178593073,0.0047433266,-0.000919087306,0.3,0.3,-0.38,-0.38,-0.000584644079,-0.023702569,-0.00918358266,0.239034183,0.0047433266,0.3,0.38,-0.000584644079,0.0296314073,-0.178593073,-0.000919087306,-0.3,0.023702569,0.38
356,15781267,-0.114740975,-0.369325042,-0.130103648,0.0710972324,0.0596767962,-0.0120350551,-0.540325165,-0.150219709,-37.524704,-1.23213565,-0.0060958229,-0.294048041,-0.00917927802,-0.0295460033,-0.239031094,-0.17867083,0.0047741437,-0.000962804407,0.3,0.3,-0.38,-0.38,-0.000487665832,-0.0235238433,-0.00917927802,0.239031094,0.0047741437,0.3,0.38,-0.000487665832,0.0295460033,-0.17867083,-0.000962804407,-0.3,0.0235238433,0.38
357,15795349,-0.114454687,-0.368497699,-0.129943296,0.0708148852,0.060150329,-0.012454276,-0.540069222,-0.150250375,-37.8744545,-1.22885931,-0.00534856925,-0.292054951,-0.00915637493,-0.029479816,-0.238982989,-0.178755534,0.00481202632,-0.000996342078,0.3,0.3,-0.38,-0.38,-0.00042788554,-0.0233643961,-0.00915637493,0.238982989,0.00481202632,0.3,0.38,-0.00042788554,0.029479816,-0.178755534,-0.000996342078,-0.3,0.0233643961,0.38
358,15824103,-0.113923982,-0.367527097,-0.129870102,0.0706913024,0.0604405105,-0.013117916,-0.539761961,-0.149801329,-38.2264824,-1.22527719,-0.00532123959,-0.290241301,-0.00911391854,-0.0294021678,-0.238961031,-0.178792609,0.00483524084,-0.00104943328,0.3,0.3,-0.38,-0.38,-0.000425699167,-0.0232193041,-0.00911391854,0.238961031,0.00483524084,0.3,0.38,-0.000425699167,0.0294021678,-0.178792609,-0.00104943328,-0.3,0.0232193041,0.38
359,15836340,-0.113896117,-0.366276741,-0.129823968,0.0706317127,0.0607613884,-0.0138546657,-0.539497137,-0.148980334,-38.5807266,-1.22147763,-0.00447821524,-0.288352013,-0.00911168933,-0.0293021393,-0.23894719,-0.178810486,0.00486091107,-0.00110837325,0.3,0.3,-0.38,-0.38,-0.000358257219,-0.023068161,-0.00911168933,0.23894719,0.00486091107,0.3,0.38,-0.000358257219,0.0293021393,-0.178810486,-0.00110837325,-0.3,0.023068161,0.38
360,15857571,-0.113425344,-0.365031123,-0.129737481,0.0703553408,0.0610468611,-0.0145016387,-0.539222896,-0.148605496,-38.9372063,-1.21740758,-0.00444575399,-0.286335826,-0.00907402754,-0.0292024899,-0.238921244,-0.178893398,0.00488374889,-0.0011601311,0.3,0.3,-0.38,-0.38,-0.000355660319,-0.0229068661,-0.00907402754,0.238921244,0.00488374889,0.3,0.38,-0.000355660319,0.0292024899,-0.178893398,-0.0011601311,-0.3,0.0229068661,0.38
361,15876857,-0.113231614,-0.363973379,-0.129658237,0.0700900033,0.0613755696,-0.0150922062,-0.538806558,-0.14826639,-39.2963295,-1.21300066,-0.00390396873,-0.28421697,-0.00905852914,-0.0291178703,-0.238897471,-0.178972999,0.00491004556,-0.0012073765,0.3,0.3,-0.38,-0.38,-0.000312317498,-0.0227373576,-0.00905852914,0.238897471,0.00491004556,0.3,0.38,-0.000312317498,0.0291178703,-0.178972999,-0.0012073765,-0.3,0.0227373576,0.38
362,15895975,-0.11278332,-0.362585872,-0.129714325,0.0698257163,0.0615645498,-0.015878858,-0.538601279,-0.147953466,-39.6577644,-1.20823383,-0.00384796038,-0.282058895,-0.00902266562,-0.0290068698,-0.238914298,-0.179052285,0.00492516398,-0.00127030864,0.3,0.3,-0.38,-0.38,-0.000307836831,-0.0225647116,-0.00902266562,0.238914298,0.00492516398,0.3,0.38,-0.000307836831,0.0290068698,-0.179052285,-0.00127030864,-0.3,0.0225647116,0.38
363,15918651,-0.112447761,-0.361279219,-0.129622132,0.0697181821,0.0617865883,-0.0166302063,-0.53835398,-0.147648588,-40.0216064,-1.20316291,-0.00379417627,-0.279792696,-0.00899582088,-0.0289023376,-0.238886639,-0.179084545,0.00494292706,-0.0013304165,0.3,0.3,-0.38,-0.38,-0.000303534102,-0.0223834157,-0.00899582088,0.238886639,0.00494292706,0.3,0.38,-0.000303534102,0.0289023376,-0.179084545,-0.0013304165,-0.3,0.0223834157,0.38
364,15935944,-0.112231478,-0.360030293,-0.129391611,0.0695555806,0.0620914698,-0.0172885582,-0.537979543,-0.147187382,-40.3878975,-1.19775558,-0.00347938039,-0.277531981,-0.00897851825,-0.0288024235,-0.238817483,-0.179133326,0.00496731758,-0.00138308465,0.3,0.3,-0.38,-0.379663336,-0.000278350431,-0.0222025585,-0.00897851825,0.238817483,0.00496731758,0.3,0.38,-0.000278350431,0.0288024235,-0.179133326,-0.00138308465,-0.3,0.0222025585,0.379663336
365,15961136,-0.11162819,-0.358512104,-0.129412532,0.0693820119,0.0621357001,-0.0181580223,-0.538035572,-0.146954283,-40.7566719,-1.19188011,-0.00362107134,-0.275500983,-0.00893025517,-0.0286809683,-0.23882376,-0.179185396,0.00497085601,-0.00145264179,0.3,0.3,-0.38,-0.378782016,-0.000289685708,-0.0220400786,-0.00893025517,0.23882376,0.00497085601,0.3,0.38,-0.000289685708,0.0286809683,-0.179185396,-0.00145264179,-0.3,0.0220400786,0.378782016
366,15975978,-0.111029319,-0.356948733,-0.129349247,0.0691759884,0.062234845,-0.0189879145,-0.537844479,-0.146861538,-41.1277351,-1.1854825,-0.00383874145,-0.273866564,-0.00888234556,-0.0285558987,-0.238804774,-0.179247203,0.0049787876,-0.00151903316,0.3,0.3,-0.38,-0.377822375,-0.000307099316,-0.0219093251,-0.00888234556,0.238804774,0.0049787876,0.3,0.38,-0.000307099316,0.0285558987,-0.179247203,-0.00151903316,-0.3,0.0219093251,0.377822375
367,16004542,-0.110790901,-0.355533242,-0.129135638,0.0689913929,0.0625250265,-0.0196614135,-0.537561417,-0.146645322,-41.5013618,-1.17875159,-0.00343444897,-0.272080541,-0.00886327207,-0.0284426594,-0.238740692,-0.179302582,0.00500200212,-0.00157291308,0.3,0.3,-0.38,-0.376812738,-0.000274755917,-0.0217664433,-0.00886327207,0.238740692,0.00500200212,0.3,0.38,-0.000274755917,0.0284426594,-0.179302582,-0.00157291308,-0.3,0.0217664433,0.376812738
368,16020556,-0.110248923,-0.353945464,-0.129120335,0.0687089115,0.0625706539,-0.0205285735,-0.537457168,-0.146632388,-41.8774452,-1.17139328,-0.00350725907,-0.270320415,-0.00881991386,-0.0283156371,-0.2387361,-0.179387327,0.00500565231,-0.00164228588,0.3,0.3,-0.38,-0.375708991,-0.000280580726,-0.0216256332,-0.00881991386,0.2387361,0.00500565231,0.3,0.38,-0.000280580726,0.0283156371,-0.179387327,-0.00164228588,-0.3,0.0216256332,0.375708991
369,16036453,-0.109625608,-0.352593571,-0.12907289,0.0684886128,0.0626685917,-0.0212953184,-0.537276626,-0.146833971,-42.2560081,-1.163499,-0.00407976611,-0.268388659,-0.00877004862,-0.0282074857,-0.238721867,-0.179453416,0.00501348734,-0.00170362547,0.3,0.3,-0.38,-0.37452485,-0.000326381288,-0.0214710927,-0.00877004862,0.238721867,0.00501348734,0.3,0.38,-0.000326381288,0.0282074857,-0.179453416,-0.00170362547,-0.3,0.0214710927,0.37452485
370,16060685,-0.109154999,-0.351212472,-0.128931433,0.0682808608,0.0628776252,-0.0219411384,-0.537271619,-0.147085592,-42.6369362,-1.15506136,-0.00419717887,-0.266501695,-0.00873239994,-0.0280969977,-0.23867943,-0.179515742,0.00503021002,-0.00175529107,0.3,0.3,-0.38,-0.373259205,-0.00033577431,-0.0213201356,-0.00873239994,0.23867943,0.00503021002,0.3,0.38,-0.00033577431,0.0280969977,-0.179515742,-0.00175529107,-0.3,0.0213201356,0.373259205
371,16087177,-0.108685747,-0.350000858,-0.128766656,0.0680699572,0.0631187186,-0.0225354154,-0.537335813,-0.147270814,-43.020359,-1.14615262,-0.00413883477,-0.264495254,-0.00869485974,-0.0280000687,-0.238629997,-0.179579013,0.00504949749,-0.00180283323,0.3,0.3,-0.38,-0.371922892,-0.000331106782,-0.0211596203,-0.00869485974,0.238629997,0.00504949749,0.3,0.38,-0.000331106782,0.0280000687,-0.179579013,-0.00180283323,-0.3,0.0211596203,0.371922892
372,16099692,-0.108503461,-0.349097192,-0.1285474,0.0680313259,0.0634867474,-0.0229627974,-0.537316263,-0.14721854,-43.406353,-1.13687098,-0.00316311838,-0.262388319,-0.00868027687,-0.0279277754,-0.23856422,-0.179590602,0.0050789398,-0.00183702379,0.3,0.3,-0.38,-0.370530647,-0.00025304947,-0.0209910655,-0.00868027687,0.23856422,0.0050789398,0.3,0.38,-0.00025304947,0.0279277754,-0.179590602,-0.00183702379,-0.3,0.0209910655,0.370530647
373,16116416,-0.108079128,-0.348025829,-0.128368393,0.0679133311,0.0638311058,-0.023416914,-0.537528574,-0.147341102,-43.7943382,-1.12711418,-0.00221309275,-0.260609031,-0.00864633024,-0.0278420663,-0.238510518,-0.179626001,0.00510648847,-0.00187335312,0.3,0.3,-0.38,-0.369067127,-0.00017704742,-0.0208487225,-0.00864633024,0.238510518,0.00510648847,0.3,0.38,-0.00017704742,0.0278420663,-0.179626001,-0.00187335312,-0.3,0.0208487225,0.369067127
374,16138179,-0.107150912,-0.346686453,-0.128288135,0.0678625256,0.0638834909,-0.0241581649,-0.537808537,-0.147360072,-44.184082,-1.11699474,-0.00224256562,-0.258967459,-0.00857207298,-0.0277349162,-0.23848644,-0.179641242,0.00511067927,-0.00193265319,0.3,0.3,-0.38,-0.367549211,-0.00017940525,-0.0207173967,-0.00857207298,0.23848644,0.00511067927,0.3,0.38,-0.00017940525,0.0277349162,-0.179641242,-0.00193265319,-0.3,0.0207173967,0.367549211
375,16156892,-0.105928861,-0.345165759,-0.12814866,0.06782756,0.0638505667,-0.0250419788,-0.537734091,-0.147178426,-44.5751877,-1.10643613,-0.00282891793,-0.257346034,-0.00847430885,-0.0276132607,-0.238444598,-0.179651732,0.00510804534,-0.0020033583,0.3,0.3,-0.38,-0.36596542,-0.000226313435,-0.0205876827,-0.00847430885,0.238444598,0.00510804534,0.3,0.38,-0.000226313435,0.0276132607,-0.179651732,-0.0020033583,-0.3,0.0205876827,0.36596542
376,16176740,-0.104477294,-0.343753964,-0.127972335,0.0676040277,0.0638114214,-0.0258464012,-0.537324965,-0.147168472,-44.9674339,-1.09539986,-0.00418728311,-0.255472451,-0.0083581835,-0.0275003171,-0.2383917,-0.179718792,0.00510491371,-0.0020677121,0.3,0.3,-0.38,-0.364309978,-0.000334982648,-0.0204377961,-0.0083581835,0.2383917,0.00510491371,0.3,0.38,-0.000334982648,0.0275003171,-0.179718792,-0.0020677121,-0.3,0.0204377961,0.364309978
377,16197566,-0.10270673,-0.342728168,-0.127702162,0.0673452169,0.0636749119,-0.026638668,-0.536042154,-0.147257686,-45.3604012,-1.08386064,-0.00656257197,-0.253338873,-0.00821653843,-0.0274182534,-0.238310649,-0.179796435,0.00509399295,-0.00213109344,0.3,0.3,-0.38,-0.362579095,-0.000525005758,-0.0202671099,-0.00821653843,0.238310649,0.00509399295,0.3,0.38,-0.000525005758,0.0274182534,-0.179796435,-0.00213109344,-0.3,0.0202671099,0.362579095
378,16216239,-0.10154856,-0.342055768,-0.127353042,0.0670021698,0.0637419373,-0.0271122325,-0.535124242,-0.147760168,-45.7537537,-1.0718925,-0.00747748557,-0.250965923,-0.0081238848,-0.0273644614,-0.238205913,-0.179899349,0.00509935498,-0.0021689786,0.3,0.3,-0.38,-0.360783875,-0.000598198846,-0.0200772738,-0.0081238848,0.238205913,0.00509935498,0.3,0.38,-0.000598198846,0.0273644614,-0.179899349,-0.0021689786,-0.3,0.0200772738,0.360783875
379,16237002,-0.100828342,-0.341592818,-0.127093807,0.0667388961,0.0639399812,-0.0273705106,-0.534618556,-0.148256555,-46.1472702,-1.05957067,-0.00718220277,-0.248496026,-0.00806626737,-0.0273274255,-0.238128142,-0.179978331,0.00511519849,-0.00218964085,0.3,0.3,-0.38,-0.358935601,-0.000574576221,-0.0198796821,-0.00806626737,0.238128142,0.00511519849,0.3,0.38,-0.000574576221,0.0273274255,-0.179978331,-0.00218964085,-0.3,0.0198796821,0.358935601
380,16258673,-0.100082703,-0.341245741,-0.126882151,0.0666911751,0.064095743,-0.0276908409,-0.534116507,-0.148466259,-46.5406113,-1.0468266,-0.00666457321,-0.246147528,-0.00800661623,-0.0272996593,-0.238064645,-0.179992647,0.00512765944,-0.00221526727,0.3,0.3,-0.38,-0.35702399,-0.000533165857,-0.0196918023,-0.00800661623,0.238064645,0.00512765944,0.3,0.38,-0.000533165857,0.0272996593,-0.179992647,-0.00221526727,-0.3,0.0196918023,0.35702399
381,16276111,-0.099020727,-0.340504825,-0.126736745,0.0666089505,0.0642479062,-0.0281064138,-0.534002304,-0.148682654,-46.9333,-1.03372324,-0.00638998859,-0.243968278,-0.00792165816,-0.027240386,-0.238021024,-0.180017315,0.0051398325,-0.0022485131,0.3,0.3,-0.38,-0.355058485,-0.000511199087,-0.0195174623,-0.00792165816,0.238021024,0.0051398325,0.3,0.38,-0.000511199087,0.027240386,-0.180017315,-0.0022485131,-0.3,0.0195174623,0.355058485
382,16297424,-0.0976221189,-0.339250624,-0.126460552,0.0665158927,0.0644015297,-0.0286483373,-0.534122527,-0.148622349,-47.3250275,-1.02030778,-0.00673508458,-0.242304727,-0.00780976951,-0.0271400499,-0.237938166,-0.180045232,0.00515212238,-0.00229186699,0.3,0.3,-0.38,-0.353046167,-0.000538806766,-0.0193843782,-0.00780976951,0.237938166,0.00515212238,0.3,0.38,-0.000538806766,0.0271400499,-0.180045232,-0.00229186699,-0.3,0.0193843782,0.353046167
383,16322564,-0.0957811549,-0.337938637,-0.126254588,0.0662530214,0.0644362271,-0.0291729607,-0.534300506,-0.14931725,-47.7154388,-1.00658298,-0.00754164625,-0.240625739,-0.00766249239,-0.0270350909,-0.237876377,-0.180124094,0.00515489817,-0.00233383685,0.3,0.3,-0.38,-0.350987446,-0.0006033317,-0.0192500591,-0.00766249239,0.237876377,0.00515489817,0.3,0.38,-0.0006033317,0.0270350909,-0.180124094,-0.00233383685,-0.3,0.0192500591,0.350987446
384,16335442,-0.0939215422,-0.336644232,-0.125946537,0.0659838393,0.0644868985,-0.029650867,-0.534249723,-0.150014833,-48.1038437,-0.992664456,-0.00806516595,-0.238847673,-0.00751372337,-0.0269315386,-0.237783961,-0.180204848,0.00515895188,-0.00237206936,0.3,0.3,-0.38,-0.348899668,-0.000645213276,-0.0191078138,-0.00751372337,0.237783961,0.00515895188,0.3,0.38,-0.000645213276,0.0269315386,-0.180204848,-0.00237206936,-0.3,0.0191078138,0.348899668
385,16359929,-0.0929685608,-0.335361689,-0.125655398,0.0657781884,0.064686507,-0.0300194435,-0.534326673,-0.150459319,-48.4896736,-0.978664815,-0.0066081821,-0.237239689,-0.00743748486,-0.0268289351,-0.237696619,-0.180266543,0.00517492056,-0.00240155548,0.3,0.3,-0.38,-0.346799722,-0.000528654568,-0.0189791751,-0.00743748486,0.237696619,0.00517492056,0.3,0.38,-0.000528654568,0.0268289351,-0.180266543,-0.00240155548,-0.3,0.0189791751,0.346799722
386,16376762,-0.0919530615,-0.334062576,-0.125278145,0.0654038563,0.0650446638,-0.0301973317,-0.534894168,-0.151401907,-48.8722725,-0.964619815,-0.00473139249,-0.236012489,-0.00735624492,-0.0267250061,-0.237583444,-0.180378843,0.00520357311,-0.00241578653,0.3,0.3,-0.38,-0.344692972,-0.000378511399,-0.0188809991,-0.00735624492,0.237583444,0.00520357311,0.3,0.38,-0.000378511399,0.0267250061,-0.180378843,-0.00241578653,-0.3,0.0188809991,0.344692972
387,16396202,-0.09068764,-0.332729429,-0.12503469,0.0650061592,0.0654440895,-0.0302970055,-0.535849869,-0.152708143,-49.2513275,-0.950521171,-0.00273369066,-0.23481299,-0.0072550112,-0.0266183543,-0.237510407,-0.180498152,0.00523552716,-0.00242376044,0.3,0.3,-0.38,-0.342578176,-0.000218695253,-0.0187850392,-0.0072550112,0.237510407,0.00523552716,0.3,0.38,-0.000218695253,0.0266183543,-0.180498152,-0.00242376044,-0.3,0.0187850392,0.342578176
388,16416679,-0.089604117,-0.331231266,-0.12476372,0.0649292544,0.0658462122,-0.0305615719,-0.536732018,-0.153147176,-49.6263351,-0.936485469,-0.00064414856,-0.233490929,-0.00716832936,-0.0264985013,-0.237429116,-0.180521224,0.00526769698,-0.00244492576,0.3,0.3,-0.38,-0.34047282,-5.15318848e-05,-0.0186792743,-0.00716832936,0.237429116,0.00526769698,0.3,0.38,-5.15318848e-05,0.0264985013,-0.180521224,-0.00244492576,-0.3,0.0186792743,0.34047282
389,16435985,-0.0878881663,-0.329749197,-0.124575384,0.0649220645,0.0660111159,-0.0309789609,-0.537454247,-0.153532252,-49.9965744,-0.922441125,0.000128807398,-0.232062966,-0.0070310533,-0.0263799357,-0.237372615,-0.180523381,0.00528088927,-0.00247831687,0.3,0.3,-0.38,-0.338366169,1.03045919e-05,-0.0185650373,-0.0070310533,0.237372615,0.00528088927,0.3,0.38,1.03045919e-05,0.0263799357,-0.180523381,-0.00247831687,-0.3,0.0185650373,0.338366169
390,16463520,-0.0854118913,-0.328290313,-0.124413036,0.0644346923,0.0660816804,-0.0312143639,-0.538339674,-0.155086979,-50.3617859,-0.908215642,0.000114509196,-0.230504528,-0.00683295131,-0.0262632251,-0.237323911,-0.180669592,0.00528653443,-0.00249714911,0.3,0.3,-0.38,-0.336232346,9.16073564e-06,-0.0184403622,-0.00683295131,0.237323911,0.00528653443,0.3,0.38,9.16073564e-06,0.0262632251,-0.180669592,-0.00249714911,-0.3,0.0184403622,0.336232346
391,16475493,-0.0831100047,-0.327052832,-0.124104507,0.0641197786,0.0662311837,-0.0313311704,-0.539227426,-0.156712666,-50.7218895,-0.894105017,0.000929418602,-0.228734285,-0.00664880037,-0.0261642265,-0.237231352,-0.180764066,0.0052984947,-0.00250649363,0.3,0.3,-0.38,-0.334115753,7.43534882e-05,-0.0182987428,-0.00664880037,0.237231352,0.0052984947,0.3,0.38,7.43534882e-05,0.0261642265,-0.180764066,-0.00250649363,-0.3,0.0182987428,0.334115753
392,16496081,-0.0805669054,-0.326064318,-0.123748429,0.0638369694,0.0663157701,-0.0313909091,-0.539924562,-0.158188105,-51.0763397,-0.879936218,0.00166802993,-0.226914898,-0.00644535244,-0.0260851455,-0.237124529,-0.180848909,0.00530526161,-0.00251127273,0.3,0.3,-0.38,-0.331990433,0.000133442394,-0.0181531918,-0.00644535244,0.237124529,0.00530526161,0.3,0.38,0.000133442394,0.0260851455,-0.180848909,-0.00251127273,-0.3,0.0181531918,0.331990433
393,16517622,-0.0785379857,-0.325818628,-0.123289168,0.063768886,0.0665418133,-0.031323377,-0.539818525,-0.159054592,-51.4249763,-0.865824997,0.00311639486,-0.224919394,-0.00628303885,-0.0260654902,-0.23698675,-0.180869334,0.00532334507,-0.00250587016,0.3,0.3,-0.38,-0.32987375,0.000249311589,-0.0179935515,-0.00628303885,0.23698675,0.00532334507,0.3,0.38,0.000249311589,0.0260654902,-0.180869334,-0.00250587016,-0.3,0.0179935515,0.32987375
394,16535471,-0.0764453858,-0.325462103,-0.123014867,0.0634150654,0.066810295,-0.031125199,-0.54037559,-0.160181165,-51.7674255,-0.851739705,0.0048095528,-0.223103225,-0.00611563087,-0.0260369682,-0.23690446,-0.18097548,0.0053448236,-0.00249001592,0.3,0.3,-0.38,-0.327760956,0.000384764224,-0.017848258,-0.00611563087,0.23690446,0.0053448236,0.3,0.38,0.000384764224,0.0260369682,-0.18097548,-0.00249001592,-0.3,0.017848258,0.327760956
395,16558397,-0.074069649,-0.324977994,-0.12269526,0.0632153153,0.0670072883,-0.0310062207,-0.541069686,-0.161251858,-52.1035614,-0.837787986,0.00603672676,-0.221493647,-0.00592557192,-0.0259982395,-0.236808578,-0.181035405,0.00536058307,-0.00248049766,0.3,0.3,-0.38,-0.325668198,0.000482938141,-0.0177194917,-0.00592557192,0.236808578,0.00536058307,0.3,0.38,0.000482938141,0.0259982395,-0.181035405,-0.00248049766,-0.3,0.0177194917,0.325668198
396,16575572,-0.0712209567,-0.324308276,-0.122495338,0.0630095676,0.0670453906,-0.0309877787,-0.541647792,-0.162564263,-52.4332771,-0.823791921,0.00652179262,-0.219955757,-0.00569767654,-0.0259446621,-0.236748601,-0.18109713,0.00536363125,-0.00247902229,0.3,0.3,-0.38,-0.323568788,0.000521743409,-0.0175964606,-0.00569767654,0.236748601,0.00536363125,0.3,0.38,0.000521743409,0.0259446621,-0.18109713,-0.00247902229,-0.3,0.0175964606,0.323568788
397,16596143,-0.0682156086,-0.323314965,-0.122215249,0.0628194958,0.0669724792,-0.0311760809,-0.541917861,-0.163530871,-52.756237,-0.809771001,0.00631438149,-0.218951061,-0.00545724869,-0.0258651972,-0.236664575,-0.181154151,0.00535779834,-0.00249408647,0.3,0.3,-0.38,-0.32146565,0.000505150519,-0.0175160849,-0.00545724869,0.236664575,0.00535779834,0.3,0.38,0.000505150519,0.0258651972,-0.181154151,-0.00249408647,-0.3,0.0175160849,0.32146565
398,16617309,-0.0655182227,-0.322472006,-0.121840641,0.0624161698,0.0670135468,-0.0311712269,-0.542177141,-0.164966077,-53.0725098,-0.795790613,0.00677047204,-0.217817217,-0.00524145782,-0.0257977605,-0.236552192,-0.181275149,0.00536108375,-0.00249369815,0.3,0.3,-0.38,-0.319368592,0.000541637763,-0.0174253774,-0.00524145782,0.236552192,0.00536108375,0.3,0.38,0.000541637763,0.0257977605,-0.181275149,-0.00249369815,-0.3,0.0174253774,0.319368592
399,16636323,-0.0630748644,-0.322027117,-0.121319994,0.0620356388,0.0672200918,-0.0309203658,-0.54223448,-0.166447625,-53.3821144,-0.781884491,0.00772514753,-0.216448486,-0.00504598916,-0.0257621694,-0.236395998,-0.181389308,0.00537760735,-0.00247362927,0.3,0.3,-0.38,-0.317282674,0.000618011802,-0.0173158789,-0.00504598916,0.236395998,0.00537760735,0.3,0.38,0.000618011802,0.0257621694,-0.181389308,-0.00247362927,-0.3,0.0173158789,0.317282674
400,16656750,-0.0609043874,-0.321876854,-0.120995961,0.0618112385,0.067400299,-0.0306500159,-0.542121351,-0.16759935,-53.6849022,-0.768070221,0.00891830865,-0.214949846,-0.00487235099,-0.0257501483,-0.236298788,-0.181456628,0.00539202392,-0.00245200127,0.3,0.3,-0.38,-0.315210533,0.000713464692,-0.0171959877,-0.00487235099,0.236298788,0.00539202392,0.3,0.38,0.000713464692,0.0257501483,-0.181456628,-0.00245200127,-0.3,0.0171959877,0.315210533
401,16675602,-0.0586856678,-0.321621656,-0.120619103,0.0615993589,0.0675883219,-0.0303931385,-0.542214453,-0.168656528,-53.9806709,-0.754387915,0.0100346617,-0.213474512,-0.00469485343,-0.0257297325,-0.236185731,-0.181520192,0.00540706575,-0.00243145108,0.3,0.3,-0.38,-0.313158187,0.000802772939,-0.017077961,-0.00469485343,0.236185731,0.00540706575,0.3,0.38,0.000802772939,0.0257297325,-0.181520192,-0.00243145108,-0.3,0.017077961,0.313158187
402,16699576,-0.0567316003,-0.32124272,-0.120476916,0.0615757443,0.0676233768,-0.0303410627,-0.542196929,-0.169044122,-54.2694321,-0.740860403,0.0113327326,-0.211903617,-0.00453852803,-0.0256994176,-0.236143075,-0.181527277,0.00540987015,-0.00242728502,0.3,0.3,-0.38,-0.31112906,0.00090661861,-0.0169522893,-0.00453852803,0.236143075,0.00540987015,0.3,0.38,0.00090661861,0.0256994176,-0.181527277,-0.00242728502,-0.3,0.0169522893,0.31112906
403,16716378,-0.0541603416,-0.320686787,-0.120315365,0.0612765998,0.0676295906,-0.0302743204,-0.542302608,-0.169970155,-54.5511246,-0.72739464,0.0112684146,-0.21037063,-0.00433282733,-0.025654943,-0.23609461,-0.18161702,0.00541036725,-0.00242194563,0.3,0.3,-0.38,-0.309109196,0.000901473165,-0.0168296504,-0.00433282733,0.23609461,0.00541036725,0.3,0.38,0.000901473165,0.025654943,-0.18161702,-0.00242194563,-0.3,0.0168296504,0.309109196
404,16740126,-0.0512561798,-0.320150048,-0.120138928,0.0609789789,0.0676084161,-0.0301401261,-0.542493403,-0.171433151,-54.8259811,-0.71399492,0.0107807415,-0.2087695,-0.00410049438,-0.0256120038,-0.236041678,-0.181706306,0.00540867329,-0.00241121009,0.3,0.3,-0.38,-0.307099238,0.000862459317,-0.01670156,-0.00410049438,0.236041678,0.00540867329,0.3,0.38,0.000862459317,0.0256120038,-0.181706306,-0.00241121009,-0.3,0.01670156,0.307099238
405,16756519,-0.0494183376,-0.319767118,-0.119838491,0.0609507188,0.0677488074,-0.0299409088,-0.542313874,-0.172116652,-55.093956,-0.700815856,0.0120711531,-0.207023337,-0.00395346701,-0.0255813694,-0.235951547,-0.181714784,0.00541990459,-0.0023952727,0.3,0.3,-0.38,-0.305122378,0.000965692252,-0.016561867,-0.00395346701,0.235951547,0.00541990459,0.3,0.38,0.000965692252,0.0255813694,-0.181714784,-0.0023952727,-0.3,0.016561867,0.305122378
406,16788216,-0.0477717184,-0.319565326,-0.119644411,0.0608057715,0.0679743588,-0.0295990873,-0.542622328,-0.17302084,-55.3553963,-0.687952995,0.0138943037,-0.205612347,-0.00382173747,-0.0255652261,-0.235893323,-0.181758269,0.0054379487,-0.00236792699,0.3,0.3,-0.38,-0.303192949,0.0011115443,-0.0164489877,-0.00382173747,0.235893323,0.0054379487,0.3,0.38,0.0011115443,0.0255652261,-0.181758269,-0.00236792699,-0.3,0.0164489877,0.303192949
407,16798693,-0.0461051017,-0.319297463,-0.119548962,0.0606192872,0.0681496486,-0.0294067655,-0.54279393,-0.173336238,-55.6103935,-0.675275445,0.0152817089,-0.204540089,-0.00368840814,-0.025543797,-0.235864688,-0.181814214,0.00545197189,-0.00235254124,0.3,0.3,-0.38,-0.301291317,0.00122253671,-0.0163632071,-0.00368840814,0.235864688,0.00545197189,0.3,0.38,0.00122253671,0.025543797,-0.181814214,-0.00235254124,-0.3,0.0163632071,0.301291317
408,16818871,-0.0444363616,-0.318640828,-0.119669065,0.060565006,0.0682800636,-0.0294164009,-0.54323101,-0.173765704,-55.8586807,-0.662894785,0.0163858328,-0.203853518,-0.00355490893,-0.0254912663,-0.235900719,-0.181830498,0.00546240509,-0.00235331208,0.3,0.3,-0.38,-0.299434218,0.00131086662,-0.0163082814,-0.00355490893,0.235900719,0.00546240509,0.3,0.38,0.00131086662,0.0254912663,-0.181830498,-0.00235331208,-0.3,0.0163082814,0.299434218
409,16851908,-0.0425560959,-0.317746431,-0.119687952,0.0606301278,0.0683139786,-0.0295504984,-0.543690622,-0.174164429,-56.1001282,-0.650776327,0.0167489871,-0.203174204,-0.00340448767,-0.0254197145,-0.235906386,-0.181810962,0.00546511829,-0.00236403987,0.3,0.3,-0.38,-0.297616449,0.00133991897,-0.0162539363,-0.00340448767,0.235906386,0.00546511829,0.3,0.38,0.00133991897,0.0254197145,-0.181810962,-0.00236403987,-0.3,0.0162539363,0.297616449
410,16856597,-0.0410466902,-0.3172113,-0.119571656,0.0606266819,0.0685257614,-0.0294343848,-0.543715537,-0.174542993,-56.3352089,-0.638994992,0.0175607912,-0.202108547,-0.00328373522,-0.025376904,-0.235871497,-0.181811995,0.00548206091,-0.00235475078,0.3,0.3,-0.38,-0.295849249,0.0014048633,-0.0161686838,-0.00328373522,0.235871497,0.00548206091,0.3,0.38,0.0014048633,0.025376904,-0.181811995,-0.00235475078,-0.3,0.0161686838,0.295849249
411,16876171,-0.0400070176,-0.317036331,-0.11936821,0.0606679767,0.0688270628,-0.0292006545,-0.543726265,-0.174845576,-56.5639229,-0.627539575,0.0193578303,-0.200861797,-0.0032005614,-0.0253629065,-0.235810463,-0.181799607,0.00550616503,-0.00233605236,0.3,0.3,-0.38,-0.294130936,0.00154862642,-0.0160689437,-0.0032005614,0.235810463,0.00550616503,0.3,0.38,0.00154862642,0.0253629065,-0.181799607,-0.00233605236,-0.3,0.0160689437,0.294130936
412,16902670,-0.0393952765,-0.317109466,-0.119275495,0.0609867275,0.0690720677,-0.0290339664,-0.543545842,-0.174389929,-56.7863426,-0.616533935,0.0214891713,-0.199567616,-0.00315162212,-0.0253687572,-0.235782649,-0.181703982,0.00552576542,-0.00232271731,0.3,0.3,-0.38,-0.29248009,0.0017191337,-0.0159654093,-0.00315162212,0.235782649,0.00552576542,0.3,0.38,0.0017191337,0.0253687572,-0.181703982,-0.00232271731,-0.3,0.0159654093,0.29248009
413,16916338,-0.0384259261,-0.316984326,-0.119378835,0.0611533374,0.0692487732,-0.0288984608,-0.543918729,-0.174299836,-57.0025482,-0.605888367,0.0232768636,-0.198463425,-0.00307407409,-0.0253587461,-0.23581365,-0.181653999,0.00553990185,-0.00231187686,0.3,0.3,-0.38,-0.290883255,0.00186214909,-0.015877074,-0.00307407409,0.23581365,0.00553990185,0.3,0.38,0.00186214909,0.0253587461,-0.181653999,-0.00231187686,-0.3,0.015877074,0.290883255
414,16937367,-0.037432868,-0.316605568,-0.119472891,0.0613999143,0.0693941861,-0.0288191866,-0.5446437,-0.174298435,-57.2127342,-0.595626414,0.0252964441,-0.197489664,-0.00299462944,-0.0253284454,-0.235841867,-0.181580026,0.00555153489,-0.00230553493,0.3,0.3,-0.38,-0.289343962,0.00202371553,-0.0157991731,-0.00299462944,0.235841867,0.00555153489,0.3,0.38,0.00202371553,0.0253284454,-0.181580026,-0.00230553493,-0.3,0.0157991731,0.289343962
415,16958307,-0.0355801843,-0.316094875,-0.119372115,0.0615260601,0.0695381835,-0.0287314057,-0.545438051,-0.174875095,-57.4165497,-0.585601747,0.0258888882,-0.196606994,-0.00284641474,-0.02528759,-0.235811634,-0.181542182,0.00556305468,-0.00229851246,0.3,0.3,-0.38,-0.287840262,0.00207111105,-0.0157285595,-0.00284641474,0.235811634,0.00556305468,0.3,0.38,0.00207111105,0.02528759,-0.181542182,-0.00229851246,-0.3,0.0157285595,0.287840262
416,16977029,-0.0330282822,-0.315510869,-0.119160242,0.0614280365,0.0697192699,-0.0284605306,-0.546418726,-0.176726893,-57.6147804,-0.575514138,0.02599594,-0.196093544,-0.00264226258,-0.0252408695,-0.235748073,-0.181571589,0.00557754159,-0.00227684245,0.3,0.3,-0.38,-0.286327121,0.0020796752,-0.0156874835,-0.00264226258,0.235748073,0.00557754159,0.3,0.38,0.0020796752,0.0252408695,-0.181571589,-0.00227684245,-0.3,0.0156874835,0.286327121
417,16997610,-0.0305334646,-0.315327346,-0.118591845,0.0611183308,0.0701830089,-0.0277925674,-0.54679513,-0.178846315,-57.8073654,-0.565412998,0.026163144,-0.195449695,-0.00244267717,-0.0252261877,-0.235577554,-0.181664501,0.00561464071,-0.00222340539,0.3,0.3,-0.38,-0.28481195,0.00209305152,-0.0156359756,-0.00244267717,0.235577554,0.00561464071,0.3,0.38,0.00209305152,0.0252261877,-0.181664501,-0.00222340539,-0.3,0.0156359756,0.28481195
418,17017286,-0.0272455737,-0.315102071,-0.118364654,0.0606553033,0.07005959,-0.0274670776,-0.54747808,-0.181389719,-57.9943352,-0.555181444,0.0249683242,-0.194792613,-0.0021796459,-0.0252081656,-0.235509396,-0.181803409,0.0056047672,-0.00219736621,0.3,0.3,-0.38,-0.283277217,0.00199746594,-0.0155834091,-0.0021796459,0.235509396,0.0056047672,0.3,0.38,0.00199746594,0.0252081656,-0.181803409,-0.00219736621,-0.3,0.0155834091,0.283277217
419,17046188,-0.0246902835,-0.314861178,-0.118338183,0.0604268573,0.0698619634,-0.0272236709,-0.547850549,-0.183503419,-58.1758347,-0.544877529,0.0256366488,-0.193745524,-0.00197522268,-0.0251888943,-0.235501455,-0.181871943,0.00558895707,-0.00217789367,0.3,0.3,-0.38,-0.281731629,0.0020509319,-0.0154996419,-0.00197522268,0.235501455,0.00558895707,0.3,0.38,0.0020509319,0.0251888943,-0.181871943,-0.00217789367,-0.3,0.0154996419,0.281731629
420,17056538,-0.0227827635,-0.314672947,-0.117998183,0.0598374456,0.0701419339,-0.0264779087,-0.548116684,-0.185266867,-58.3522415,-0.534805298,0.0270540267,-0.192857608,-0.00182262108,-0.0251738358,-0.235399455,-0.182048766,0.00561135471,-0.0021182327,0.3,0.3,-0.38,-0.280220795,0.00216432214,-0.0154286087,-0.00182262108,0.235399455,0.00561135471,0.3,0.38,0.00216432214,0.0251738358,-0.182048766,-0.0021182327,-0.3,0.0154286087,0.280220795
421,17081687,-0.0214374121,-0.314763039,-0.117638141,0.0592781007,0.0704988912,-0.0256580524,-0.548781335,-0.187112764,-58.5240669,-0.525163949,0.0297467168,-0.192130357,-0.00171499297,-0.0251810431,-0.235291442,-0.18221657,0.00563991129,-0.00205264419,0.3,0.3,-0.38,-0.278774592,0.00237973735,-0.0153704286,-0.00171499297,0.235291442,0.00563991129,0.3,0.38,0.00237973735,0.0251810431,-0.18221657,-0.00205264419,-0.3,0.0153704286,0.278774592
422,17098276,-0.0186960548,-0.314202815,-0.117337301,0.0589390956,0.0704296678,-0.0254526623,-0.549486339,-0.188638628,-58.6900597,-0.515635848,0.0295046736,-0.191871151,-0.00149568439,-0.0251362252,-0.23520119,-0.182318271,0.00563437343,-0.00203621298,0.3,0.3,-0.38,-0.277345377,0.00236037388,-0.0153496921,-0.00149568439,0.23520119,0.00563437343,0.3,0.38,0.00236037388,0.0251362252,-0.182318271,-0.00203621298,-0.3,0.0153496921,0.277345377
423,17116673,-0.015636526,-0.31299144,-0.117641173,0.0587997586,0.0698331967,-0.0256552584,-0.550812066,-0.190503642,-58.8505745,-0.506316066,0.0285926685,-0.191822231,-0.00125092208,-0.0250393152,-0.235292352,-0.182360072,0.00558665574,-0.00205242068,0.3,0.3,-0.38,-0.27594741,0.00228741348,-0.0153457785,-0.00125092208,0.235292352,0.00558665574,0.3,0.38,0.00228741348,0.0250393152,-0.182360072,-0.00205242068,-0.3,0.0153457785,0.27594741
424,17137999,-0.0124778962,-0.311518192,-0.117476106,0.0582593679,0.0694605559,-0.0255662464,-0.551932871,-0.193241,-59.0060272,-0.497007698,0.0280357487,-0.19138211,-0.000998231694,-0.0249214554,-0.235242832,-0.18252219,0.00555684447,-0.00204529971,0.3,0.3,-0.38,-0.274551155,0.0022428599,-0.0153105688,-0.000998231694,0.235242832,0.00555684447,0.3,0.38,0.0022428599,0.0249214554,-0.18252219,-0.00204529971,-0.3,0.0153105688,0.274551155
425,17156321,-0.00904185232,-0.311033934,-0.116422348,0.0577476211,0.0695184469,-0.0250007156,-0.552263439,-0.195998967,-59.1568184,-0.487849891,0.0272579901,-0.190510988,-0.000723348185,-0.0248827147,-0.234926704,-0.182675714,0.00556147575,-0.00200005725,0.3,0.3,-0.38,-0.273177484,0.00218063921,-0.0152408791,-0.000723348185,0.234926704,0.00556147575,0.3,0.38,0.00218063921,0.0248827147,-0.182675714,-0.00200005725,-0.3,0.0152408791,0.273177484
426,17177185,-0.00618090527,-0.311686456,-0.115143776,0.0568579659,0.0701592267,-0.0235741585,-0.552043498,-0.199437797,-59.3033333,-0.478588313,0.0285009313,-0.188976169,-0.000494472422,-0.0249349165,-0.234543133,-0.18294261,0.00561273813,-0.00188593268,0.3,0.3,-0.38,-0.271788247,0.00228007451,-0.0151180935,-0.000494472422,0.234543133,0.00561273813,0.3,0.38,0.00228007451,0.0249349165,-0.18294261,-0.00188593268,-0.3,0.0151180935,0.271788247
427,17196540,-0.00382118463,-0.312422812,-0.114491448,0.0562172495,0.0704855174,-0.0224743504,-0.552360177,-0.201880395,-59.4452057,-0.469629019,0.0301035345,-0.18734926,-0.00030569477,-0.024993825,-0.234347434,-0.183134825,0.00563884139,-0.00179794803,0.3,0.3,-0.38,-0.270444353,0.00240828276,-0.0149879408,-0.00030569477,0.234347434,0.00563884139,0.3,0.38,0.00240828276,0.024993825,-0.183134825,-0.00179794803,-0.3,0.0149879408,0.270444353
428,17218056,-0.00142497814,-0.31259343,-0.114279747,0.056147106,0.0702217594,-0.0221935734,-0.552993119,-0.203093424,-59.5822487,-0.461039782,0.0313813463,-0.18614614,-0.000113998251,-0.0250074744,-0.234283924,-0.183155868,0.00561774075,-0.00177548587,0.3,0.3,-0.38,-0.269155967,0.0025105077,-0.0148916912,-0.000113998251,0.234283924,0.00561774075,0.3,0.38,0.0025105077,0.0250074744,-0.183155868,-0.00177548587,-0.3,0.0148916912,0.269155967
429,17237720,0.000761386997,-0.312099397,-0.114066496,0.0562721826,0.069985494,-0.0220793411,-0.552829623,-0.203475744,-59.7147675,-0.452710301,0.0324336849,-0.184963465,6.09109597e-05,-0.0249679518,-0.234219949,-0.183118345,0.00559883952,-0.00176634729,0.3,0.3,-0.38,-0.267906545,0.00259469479,-0.0147970772,6.09109597e-05,0.234219949,0.00559883952,0.3,0.38,0.00259469479,0.0249679518,-0.183118345,-0.00176634729,-0.3,0.0147970772,0.267906545
430,17258532,0.0020913796,-0.311860293,-0.113431901,0.055981338,0.0702198297,-0.0215997864,-0.552081048,-0.20320338,-59.8427696,-0.445147574,0.0331474617,-0.18376407,0.000167310368,-0.0249488235,-0.23402957,-0.183205599,0.00561758637,-0.00172798291,0.3,0.3,-0.38,-0.266772136,0.00265179694,-0.0147011256,0.000167310368,0.23402957,0.00561758637,0.3,0.38,0.00265179694,0.0249488235,-0.183205599,-0.00172798291,-0.3,0.0147011256,0.266772136
431,17276955,0.00395504525,-0.310655415,-0.113511533,0.0550695881,0.0699485168,-0.0216083433,-0.55254519,-0.203863502,-59.9669762,-0.438075542,0.0329164378,-0.183050543,0.00031640362,-0.0248524332,-0.23405346,-0.183479124,0.00559588134,-0.00172866747,0.3,0.3,-0.38,-0.265711331,0.00263331503,-0.0146440434,0.00031640362,0.23405346,0.00559588134,0.3,0.38,0.00263331503,0.0248524332,-0.183479124,-0.00172866747,-0.3,0.0146440434,0.265711331
432,17297653,0.00551223615,-0.30883345,-0.11377544,0.0550077073,0.0692678988,-0.022366263,-0.552547276,-0.203834087,-60.0862083,-0.431623697,0.0324434526,-0.182717487,0.000440978892,-0.024706676,-0.234132632,-0.183497688,0.0055414319,-0.00178930104,0.3,0.3,-0.38,-0.264743555,0.00259547621,-0.014617399,0.000440978892,0.234132632,0.0055414319,0.3,0.38,0.00259547621,0.024706676,-0.183497688,-0.00178930104,-0.3,0.014617399,0.264743555
433,17316524,0.00611518323,-0.307422787,-0.113759331,0.0551564842,0.0689102337,-0.0227875244,-0.552060664,-0.203523189,-60.2016869,-0.42586413,0.0328554176,-0.182239681,0.000489214659,-0.024593823,-0.234127799,-0.183453055,0.00551281869,-0.00182300195,0.3,0.3,-0.38,-0.26387962,0.00262843341,-0.0145791745,0.000489214659,0.234127799,0.00551281869,0.3,0.38,0.00262843341,0.024593823,-0.183453055,-0.00182300195,-0.3,0.0145791745,0.26387962
434,17338576,0.00720347278,-0.30620271,-0.113419108,0.0549293905,0.0688101202,-0.0230038296,-0.551434517,-0.203750372,-60.3131905,-0.420369774,0.0320801698,-0.181625262,0.000576277822,-0.0244962168,-0.234025732,-0.183521183,0.00550480962,-0.00184030637,0.3,0.3,-0.38,-0.263055466,0.00256641358,-0.014530021,0.000576277822,0.234025732,0.00550480962,0.3,0.38,0.00256641358,0.0244962168,-0.183521183,-0.00184030637,-0.3,0.014530021,0.263055466
435,17357036,0.00775287068,-0.305911094,-0.112777732,0.0546594113,0.0691563264,-0.022674758,-0.550680459,-0.204206631,-60.4210854,-0.41524452,0.0320904888,-0.180693209,0.000620229654,-0.0244728875,-0.23383332,-0.183602177,0.00553250611,-0.00181398064,0.3,0.3,-0.38,-0.262286678,0.00256723911,-0.0144554567,0.000620229654,0.23383332,0.00553250611,0.3,0.38,0.00256723911,0.0244728875,-0.183602177,-0.00181398064,-0.3,0.0144554567,0.262286678
436,17383964,0.00847812369,-0.305530667,-0.112652063,0.0544266365,0.0692001209,-0.0225184392,-0.550255358,-0.204772785,-60.5253716,-0.410369784,0.0319049694,-0.179669872,0.000678249896,-0.0244424534,-0.233795619,-0.183672009,0.00553600967,-0.00180147514,0.3,0.3,-0.38,-0.261555468,0.00255239755,-0.0143735898,0.000678249896,0.233795619,0.00553600967,0.3,0.38,0.00255239755,0.0244424534,-0.183672009,-0.00180147514,-0.3,0.0143735898,0.261555468
437,17395305,0.00864149071,-0.305393875,-0.112579875,0.0547075197,0.0690966994,-0.0225299448,-0.549614012,-0.204798907,-60.6260834,-0.405832022,0.0326741226,-0.178682595,0.000691319257,-0.02443151,-0.233773962,-0.183587744,0.00552773595,-0.00180239558,0.3,0.3,-0.38,-0.260874803,0.00261392981,-0.0142946076,0.000691319257,0.233773962,0.00552773595,0.3,0.38,0.00261392981,0.02443151,-0.183587744,-0.00180239558,-0.3,0.0142946076,0.260874803
438,17417798,0.00903314818,-0.30505529,-0.112605847,0.0547575019,0.0689914227,-0.0225143041,-0.549049556,-0.204970106,-60.723423,-0.401457906,0.0331481248,-0.177775502,0.000722651854,-0.0244044232,-0.233781754,-0.183572749,0.00551931381,-0.00180114433,0.3,0.3,-0.38,-0.260218686,0.00265184999,-0.0142220402,0.000722651854,0.233781754,0.00551931381,0.3,0.38,0.00265184999,0.0244044232,-0.183572749,-0.00180114433,-0.3,0.0142220402,0.260218686
439,17436402,0.00927594304,-0.304928839,-0.112265326,0.0546252616,0.0692086816,-0.0222647637,-0.548992634,-0.205073029,-60.817646,-0.397508293,0.0339449234,-0.177121818,0.000742075443,-0.0243943071,-0.233679598,-0.183612422,0.00553669453,-0.0017811811,0.3,0.3,-0.38,-0.259626244,0.00271559387,-0.0141697454,0.000742075443,0.233679598,0.00553669453,0.3,0.38,0.00271559387,0.0243943071,-0.183612422,-0.0017811811,-0.3,0.0141697454,0.259626244
440,17456335,0.0100528859,-0.30482471,-0.112018973,0.0544885956,0.0694075674,-0.021975616,-0.548771918,-0.205707446,-60.908699,-0.393669456,0.0337840803,-0.176414564,0.000804230869,-0.0243859768,-0.233605692,-0.183653421,0.00555260539,-0.00175804928,0.3,0.3,-0.38,-0.259050418,0.00270272642,-0.0141131651,0.000804230869,0.233605692,0.00555260539,0.3,0.38,0.00270272642,0.0243859768,-0.183653421,-0.00175804928,-0.3,0.0141131651,0.259050418
441,17479190,0.0102329329,-0.304958582,-0.111927256,0.0546159595,0.0695656538,-0.0216798447,-0.54867965,-0.206058815,-60.9967384,-0.390222758,0.0346354805,-0.175665781,0.000818634629,-0.0243966866,-0.233578177,-0.183615212,0.0055652523,-0.00173438758,0.3,0.3,-0.38,-0.258533414,0.00277083844,-0.0140532625,0.000818634629,0.233578177,0.0055652523,0.3,0.38,0.00277083844,0.0243966866,-0.183615212,-0.00173438758,-0.3,0.0140532625,0.258533414
442,17495619,0.010353297,-0.304923803,-0.111817881,0.0546370782,0.0697634742,-0.0213392433,-0.549063206,-0.206617594,-61.0819969,-0.387164086,0.0363488495,-0.175027549,0.00082826376,-0.0243939042,-0.233545364,-0.183608877,0.00558107793,-0.00170713946,0.3,0.3,-0.38,-0.258074613,0.00290790796,-0.0140022039,0.00082826376,0.233545364,0.00558107793,0.3,0.38,0.00290790796,0.0243939042,-0.183608877,-0.00170713946,-0.3,0.0140022039,0.258074613
443,17516974,0.0112693813,-0.304804683,-0.111546829,0.0546120517,0.0698507279,-0.0211617555,-0.549467564,-0.207107946,-61.164341,-0.384252757,0.0366781577,-0.174726874,0.000901550502,-0.0243843746,-0.233464049,-0.183616384,0.00558805823,-0.00169294044,0.3,0.3,-0.38,-0.257637914,0.00293425262,-0.0139781499,0.000901550502,0.233464049,0.00558805823,0.3,0.38,0.00293425262,0.0243843746,-0.183616384,-0.00169294044,-0.3,0.0139781499,0.257637914
444,17536310,0.0120861894,-0.30472222,-0.111385942,0.0544951782,0.0699842349,-0.0209519826,-0.549679935,-0.207630575,-61.2442207,-0.381464988,0.0370057821,-0.174474865,0.000966895148,-0.0243777776,-0.233415782,-0.183651447,0.00559873879,-0.00167615861,0.3,0.3,-0.38,-0.257219748,0.00296046257,-0.0139579892,0.000966895148,0.233415782,0.00559873879,0.3,0.38,0.00296046257,0.0243777776,-0.183651447,-0.00167615861,-0.3,0.0139579892,0.257219748
445,17559815,0.0137659982,-0.303755641,-0.111540876,0.0541570261,0.0697854906,-0.0211903993,-0.550451219,-0.208471239,-61.3212547,-0.378724337,0.0355646685,-0.174804777,0.00110127985,-0.0243004513,-0.233462263,-0.183752892,0.00558283925,-0.00169523194,0.3,0.3,-0.38,-0.25680865,0.00284517348,-0.0139843822,0.00110127985,0.233462263,0.00558283925,0.3,0.38,0.00284517348,0.0243004513,-0.183752892,-0.00169523194,-0.3,0.0139843822,0.25680865
446,17575900,0.0147180967,-0.302974343,-0.11151956,0.0539932549,0.0696253702,-0.0214180462,-0.550636113,-0.209032401,-61.3958969,-0.376191288,0.035277009,-0.175076082,0.00117744774,-0.0242379475,-0.233455868,-0.183802024,0.00557002962,-0.0017134437,0.3,0.3,-0.38,-0.256428693,0.00282216072,-0.0140060866,0.00117744774,0.233455868,0.00557002962,0.3,0.38,0.00282216072,0.0242379475,-0.183802024,-0.0017134437,-0.3,0.0140060866,0.256428693
447,17596114,0.0153729441,-0.302522928,-0.111296073,0.0537138954,0.0696909502,-0.0213494245,-0.55047977,-0.209787339,-61.4682083,-0.37378481,0.035597302,-0.175009474,0.00122983553,-0.0242018342,-0.233388822,-0.183885831,0.00557527602,-0.00170795396,0.3,0.3,-0.38,-0.256067722,0.00284778416,-0.0140007579,0.00122983553,0.233388822,0.00557527602,0.3,0.38,0.00284778416,0.0242018342,-0.183885831,-0.00170795396,-0.3,0.0140007579,0.256067722
448,17619841,0.015819164,-0.302530289,-0.111044616,0.0534373038,0.0698940381,-0.021038115,-0.55071938,-0.210982621,-61.5383453,-0.371531516,0.0364536084,-0.174814761,0.00126553312,-0.0242024231,-0.233313385,-0.183968809,0.00559152305,-0.0016830492,0.3,0.3,-0.38,-0.255729727,0.00291628867,-0.0139851809,0.00126553312,0.233313385,0.00559152305,0.3,0.38,0.00291628867,0.0242024231,-0.183968809,-0.0016830492,-0.3,0.0139851809,0.255729727
449,17636179,0.0161111578,-0.302645594,-0.110782899,0.0533557907,0.0701791868,-0.0206451844,-0.550718367,-0.21175915,-61.6062851,-0.36942184,0.0374758542,-0.174443081,0.00128889263,-0.0242116475,-0.23323487,-0.183993263,0.00561433494,-0.00165161476,0.3,0.3,-0.38,-0.255413276,0.00299806833,-0.0139554465,0.00128889263,0.23323487,0.00561433494,0.3,0.38,0.00299806833,0.0242116475,-0.183993263,-0.00165161476,-0.3,0.0139554465,0.255413276
450,17657351,0.0169868786,-0.302553028,-0.11066433,0.0530099459,0.0703932792,-0.0202993117,-0.551231384,-0.212662414,-61.6721268,-0.367330849,0.0373473428,-0.174061432,0.00135895029,-0.0242042422,-0.233199299,-0.184097016,0.00563146234,-0.00162394494,0.3,0.3,-0.38,-0.255099627,0.00298778743,-0.0139249146,0.00135895029,0.233199299,0.00563146234,0.3,0.38,0.00298778743,0.0242042422,-0.184097016,-0.00162394494,-0.3,0.0139249146,0.255099627
451,17677927,0.0179647356,-0.302265108,-0.110626802,0.0525940657,0.0705184862,-0.0200532526,-0.551827967,-0.213802934,-61.7361145,-0.365288883,0.0371820293,-0.17364794,0.00143717885,-0.0241812086,-0.233188041,-0.18422178,0.0056414789,-0.00160426021,0.3,0.3,-0.38,-0.254793333,0.00297456235,-0.0138918352,0.00143717885,0.233188041,0.0056414789,0.3,0.38,0.00297456235,0.0241812086,-0.18422178,-0.00160426021,-0.3,0.0138918352,0.254793333
452,17697000,0.0191686079,-0.30145067,-0.110915586,0.0523541942,0.0702546239,-0.0202427302,-0.55241251,-0.214640781,-61.7980042,-0.363332868,0.036540702,-0.17327188,0.00153348863,-0.0241160536,-0.233274676,-0.184293742,0.00562036991,-0.00161941841,0.3,0.3,-0.38,-0.25449993,0.00292325616,-0.0138617504,0.00153348863,0.233274676,0.00562036991,0.3,0.38,0.00292325616,0.0241160536,-0.184293742,-0.00161941841,-0.3,0.0138617504,0.25449993
453,17717310,0.0198576283,-0.30063957,-0.111044511,0.0525033399,0.0698683932,-0.0206676815,-0.552427053,-0.214679003,-61.8576927,-0.361733466,0.0362682268,-0.172557577,0.00158861026,-0.0240511656,-0.233313353,-0.184248998,0.00558947146,-0.00165341452,0.3,0.3,-0.38,-0.25426002,0.00290145814,-0.0138046062,0.00158861026,0.233313353,0.00558947146,0.3,0.38,0.00290145814,0.0240511656,-0.184248998,-0.00165341452,-0.3,0.0138046062,0.25426002
454,17736327,0.0204033479,-0.299866557,-0.110976942,0.0523902886,0.0697077066,-0.0208666809,-0.552110255,-0.214724705,-61.9154091,-0.36033082,0.0358085409,-0.171656638,0.00163226783,-0.0239893246,-0.233293083,-0.184282913,0.00557661653,-0.00166933447,0.3,0.3,-0.38,-0.254049623,0.00286468327,-0.0137325311,0.00163226783,0.233293083,0.00557661653,0.3,0.38,0.00286468327,0.0239893246,-0.184282913,-0.00166933447,-0.3,0.0137325311,0.254049623
455,17757358,0.0206761118,-0.299510092,-0.110593274,0.0522428192,0.0697535351,-0.0208295099,-0.551456213,-0.214637846,-61.9711113,-0.359170526,0.0353975296,-0.170650095,0.00165408894,-0.0239608073,-0.233177982,-0.184327154,0.00558028281,-0.0016663608,0.3,0.3,-0.38,-0.253875579,0.00283180237,-0.0136520076,0.00165408894,0.233177982,0.00558028281,0.3,0.38,0.00283180237,0.0239608073,-0.184327154,-0.0016663608,-0.3,0.0136520076,0.253875579
456,17775953,0.0202789512,-0.299170196,-0.110380754,0.0521331914,0.0698630437,-0.0207448713,-0.551212251,-0.214381978,-62.0252457,-0.358337045,0.0362815559,-0.169755071,0.00162231609,-0.0239336157,-0.233114226,-0.184360043,0.0055890435,-0.00165958971,0.3,0.3,-0.38,-0.253750557,0.00290252447,-0.0135804057,0.00162231609,0.233114226,0.0055890435,0.3,0.38,0.00290252447,0.0239336157,-0.184360043,-0.00165958971,-0.3,0.0135804057,0.253750557
457,17814247,0.0204487499,-0.298562109,-0.110387817,0.0521948189,0.0696923509,-0.0209504385,-0.55104363,-0.214111984,-62.0773735,-0.357560277,0.0361925997,-0.169169247,0.00163589999,-0.0238849688,-0.233116345,-0.184341554,0.00557538807,-0.00167603508,0.3,0.3,-0.38,-0.253634042,0.00289540797,-0.0135335398,0.00163589999,0.233116345,0.00557538807,0.3,0.38,0.00289540797,0.0238849688,-0.184341554,-0.00167603508,-0.3,0.0135335398,0.253634042
458,17816981,0.0203446932,-0.298129678,-0.110202588,0.0524112508,0.06960316,-0.0211475845,-0.550546408,-0.213362724,-62.1278496,-0.35679397,0.0363348424,-0.168793723,0.00162757546,-0.0238503742,-0.233060776,-0.184276625,0.0055682528,-0.00169180676,0.3,0.3,-0.38,-0.253519095,0.0029067874,-0.0135034978,0.00162757546,0.233060776,0.0055682528,0.3,0.38,0.0029067874,0.0238503742,-0.184276625,-0.00169180676,-0.3,0.0135034978,0.253519095
459,17836164,0.0204789024,-0.297466815,-0.110314481,0.0523314774,0.0694772229,-0.0213541482,-0.550211787,-0.212895021,-62.1766281,-0.356015831,0.0361659452,-0.168329269,0.00163831219,-0.0237973452,-0.233094344,-0.184300557,0.00555817783,-0.00170833185,0.3,0.3,-0.38,-0.253402375,0.00289327562,-0.0134663415,0.00163831219,0.233094344,0.00555817783,0.3,0.38,0.00289327562,0.0237973452,-0.184300557,-0.00170833185,-0.3,0.0134663415,0.253402375
460,17856424,0.0203635078,-0.297117561,-0.110227399,0.0523001738,0.0694713295,-0.0214147437,-0.549851298,-0.212570727,-62.2237206,-0.355245292,0.0363451727,-0.16784659,0.00162908062,-0.0237694049,-0.23306822,-0.184309948,0.00555770636,-0.0017131795,0.3,0.3,-0.38,-0.253286794,0.00290761381,-0.0134277272,0.00162908062,0.23306822,0.00555770636,0.3,0.38,0.00290761381,0.0237694049,-0.184309948,-0.0017131795,-0.3,0.0134277272,0.253286794
461,17881872,0.0200741887,-0.297203511,-0.110091254,0.0523057431,0.0695924982,-0.0212699659,-0.549185872,-0.212409601,-62.2693901,-0.354552686,0.0368769355,-0.167205736,0.0016059351,-0.0237762809,-0.233027376,-0.184308277,0.00556739986,-0.00170159727,0.3,0.3,-0.38,-0.253182903,0.00295015484,-0.0133764589,0.0016059351,0.233027376,0.00556739986,0.3,0.38,0.00295015484,0.0237762809,-0.184308277,-0.00170159727,-0.3,0.0133764589,0.253182903
462,17901177,0.0199458841,-0.297378153,-0.110055514,0.052578561,0.0695400313,-0.0213643331,-0.548548996,-0.211850867,-62.3131752,-0.353844255,0.0368427895,-0.166741461,0.00159567073,-0.0237902522,-0.233016654,-0.184226432,0.0055632025,-0.00170914665,0.3,0.3,-0.38,-0.253076638,0.00294742316,-0.0133393168,0.00159567073,0.233016654,0.0055632025,0.3,0.38,0.00294742316,0.0237902522,-0.184226432,-0.00170914665,-0.3,0.0133393168,0.253076638
463,17916267,0.0199231766,-0.297534078,-0.110211164,0.0525930338,0.0695239529,-0.021345133,-0.548242331,-0.211731151,-62.3554611,-0.353053927,0.036662858,-0.166321486,0.00159385413,-0.0238027263,-0.233063349,-0.18422209,0.00556191623,-0.00170761064,0.3,0.3,-0.38,-0.252958089,0.00293302864,-0.0133057189,0.00159385413,0.233063349,0.00556191623,0.3,0.38,0.00293302864,0.0238027263,-0.18422209,-0.00170761064,-0.3,0.0133057189,0.252958089
464,17936499,0.0200215504,-0.29750967,-0.110165633,0.0526551865,0.0695290491,-0.0214561261,-0.54791373,-0.211186841,-62.3964081,-0.352329165,0.03610247,-0.166082233,0.00160172403,-0.0238007736,-0.23304969,-0.184203444,0.00556232393,-0.00171649009,0.3,0.3,-0.38,-0.252849375,0.0028881976,-0.0132865787,0.00160172403,0.23304969,0.00556232393,0.3,0.38,0.0028881976,0.0238007736,-0.184203444,-0.00171649009,-0.3,0.0132865787,0.252849375
465,17956296,0.0201267358,-0.297529012,-0.110281266,0.0526534207,0.0695085526,-0.0214727744,-0.547621727,-0.211142629,-62.4360123,-0.351502687,0.0359000266,-0.165814444,0.00161013886,-0.023802321,-0.23308438,-0.184203974,0.0055606842,-0.00171782196,0.3,0.3,-0.38,-0.252725403,0.00287200212,-0.0132651556,0.00161013886,0.23308438,0.0055606842,0.3,0.38,0.00287200212,0.023802321,-0.184203974,-0.00171782196,-0.3,0.0132651556,0.252725403
466,17976201,0.019932881,-0.297618777,-0.110390931,0.0526504256,0.0695826411,-0.0213915799,-0.547502816,-0.2112647,-62.4743538,-0.350786895,0.0363289639,-0.165531442,0.00159463048,-0.0238095021,-0.233117279,-0.184204872,0.00556661129,-0.00171132639,0.3,0.3,-0.38,-0.252618034,0.00290631711,-0.0132425153,0.00159463048,0.233117279,0.00556661129,0.3,0.38,0.00290631711,0.0238095021,-0.184204872,-0.00171132639,-0.3,0.0132425153,0.252618034
467,17997729,0.0195645373,-0.297837317,-0.110313617,0.0527400449,0.0697624981,-0.0213072784,-0.547588706,-0.210964024,-62.5115395,-0.350300133,0.0371180475,-0.165411159,0.00156516299,-0.0238269854,-0.233094085,-0.184177987,0.00558099985,-0.00170458227,0.3,0.3,-0.38,-0.25254502,0.0029694438,-0.0132328928,0.00156516299,0.233094085,0.00558099985,0.3,0.38,0.0029694438,0.0238269854,-0.184177987,-0.00170458227,-0.3,0.0132328928,0.25254502
468,18016971,0.019350674,-0.297763795,-0.110483348,0.052667059,0.0698477402,-0.0212976262,-0.548202455,-0.210864022,-62.5477295,-0.349841803,0.0379966088,-0.165535554,0.00154805392,-0.0238211036,-0.233145005,-0.184199882,0.00558781922,-0.0017038101,0.3,0.3,-0.38,-0.25247627,0.0030397287,-0.0132428443,0.00154805392,0.233145005,0.00558781922,0.3,0.38,0.0030397287,0.0238211036,-0.184199882,-0.0017038101,-0.3,0.0132428443,0.25247627
469,18045889,0.0202099495,-0.297242761,-0.110786982,0.0526532792,0.069683522,-0.0215961188,-0.548658252,-0.211255208,-62.5825119,-0.349225312,0.0366390608,-0.165749863,0.00161679596,-0.0237794209,-0.233236095,-0.184204016,0.00557468176,-0.0017276895,0.3,0.3,-0.38,-0.252383797,0.00293112487,-0.013259989,0.00161679596,0.233236095,0.00557468176,0.3,0.38,0.00293112487,0.0237794209,-0.184204016,-0.0017276895,-0.3,0.013259989,0.252383797
470,18055991,0.0212458912,-0.296553493,-0.110862166,0.0526226833,0.0695329681,-0.0218821745,-0.548972726,-0.211746022,-62.6160927,-0.34844625,0.0348756351,-0.166076228,0.0016996713,-0.0237242794,-0.23325865,-0.184213195,0.00556263745,-0.00175057396,0.3,0.3,-0.38,-0.252266937,0.0027900508,-0.0132860982,0.0016996713,0.23325865,0.00556263745,0.3,0.38,0.0027900508,0.0237242794,-0.184213195,-0.00175057396,-0.3,0.0132860982,0.252266937
471,18077270,0.021678362,-0.296068013,-0.110721469,0.0523907393,0.0696071684,-0.0218824595,-0.549219906,-0.212400123,-62.6488876,-0.3476758,0.034710031,-0.16609101,0.00173426896,-0.023685441,-0.233216441,-0.184282778,0.00556857347,-0.00175059676,0.3,0.3,-0.38,-0.25215137,0.00277680248,-0.0132872808,0.00173426896,0.233216441,0.00556857347,0.3,0.38,0.00277680248,0.023685441,-0.184282778,-0.00175059676,-0.3,0.0132872808,0.25215137
472,18096291,0.0216338001,-0.296206474,-0.110631481,0.05222876,0.069742471,-0.0216571726,-0.549372256,-0.213242844,-62.6808014,-0.34695673,0.0356328152,-0.16585125,0.00173070401,-0.0236965179,-0.233189444,-0.184331372,0.00557939768,-0.00173257381,0.3,0.3,-0.38,-0.252043509,0.00285062522,-0.0132681,0.00173070401,0.233189444,0.00557939768,0.3,0.38,0.00285062522,0.0236965179,-0.184331372,-0.00173257381,-0.3,0.0132681,0.252043509
473,18117742,0.0209781248,-0.296934456,-0.110485345,0.05227606,0.0700930133,-0.0212123282,-0.549228549,-0.213603929,-62.7119904,-0.346439123,0.0375468992,-0.165600508,0.00167824998,-0.0237547565,-0.233145604,-0.184317182,0.00560744107,-0.00169698626,0.3,0.3,-0.38,-0.251965868,0.00300375193,-0.0132480407,0.00167824998,0.233145604,0.00560744107,0.3,0.38,0.00300375193,0.0237547565,-0.184317182,-0.00169698626,-0.3,0.0132480407,0.251965868
474,18137969,0.0210309904,-0.297114372,-0.110663518,0.0524167679,0.0700876191,-0.0212141704,-0.549498379,-0.213457942,-62.7419815,-0.345931768,0.0378793702,-0.165684551,0.00168247923,-0.0237691498,-0.233199055,-0.18427497,0.00560700953,-0.00169713363,0.3,0.3,-0.38,-0.251889765,0.00303034961,-0.0132547641,0.00168247923,0.233199055,0.00560700953,0.3,0.38,0.00303034961,0.0237691498,-0.18427497,-0.00169713363,-0.3,0.0132547641,0.251889765
475,18157284,0.0211314727,-0.297167897,-0.110747345,0.0525029413,0.0701340139,-0.0212176926,-0.549759805,-0.213256776,-62.7708817,-0.345440656,0.0378899202,-0.165770561,0.00169051781,-0.0237734318,-0.233224203,-0.184249118,0.00561072111,-0.00169741541,0.3,0.3,-0.38,-0.251816098,0.00303119361,-0.0132616448,0.00169051781,0.233224203,0.00561072111,0.3,0.38,0.00303119361,0.0237734318,-0.184249118,-0.00169741541,-0.3,0.0132616448,0.251816098
476,18179657,0.0217817686,-0.297088116,-0.110712461,0.0525780991,0.0701013952,-0.0213010032,-0.549602985,-0.213138044,-62.7986755,-0.344871402,0.0366017185,-0.165631905,0.00174254149,-0.0237670493,-0.233213738,-0.18422657,0.00560811162,-0.00170408025,0.3,0.3,-0.38,-0.25173071,0.00292813748,-0.0132505524,0.00174254149,0.233213738,0.00560811162,0.3,0.38,0.00292813748,0.0237670493,-0.18422657,-0.00170408025,-0.3,0.0132505524,0.25173071
477,18196542,0.0216239449,-0.297294825,-0.11066398,0.0526727326,0.0701396167,-0.0212698188,-0.549436629,-0.212860346,-62.8257332,-0.344449759,0.0368572921,-0.165382147,0.00172991559,-0.023783586,-0.233199194,-0.18419818,0.00561116934,-0.0017015855,0.3,0.3,-0.38,-0.251667464,0.00294858336,-0.0132305717,0.00172991559,0.233199194,0.00561116934,0.3,0.38,0.00294858336,0.023783586,-0.18419818,-0.0017015855,-0.3,0.0132305717,0.251667464
478,18222247,0.020870585,-0.297671497,-0.110616252,0.0527162291,0.0703626275,-0.0209933259,-0.549283326,-0.212673172,-62.8521385,-0.344277084,0.0386890508,-0.165025875,0.0016696468,-0.0238137197,-0.233184876,-0.184185131,0.0056290102,-0.00167946607,0.3,0.3,-0.38,-0.251641563,0.00309512407,-0.01320207,0.0016696468,0.233184876,0.0056290102,0.3,0.38,0.00309512407,0.0238137197,-0.184185131,-0.00167946607,-0.3,0.01320207,0.251641563
479,18235235,0.0203139931,-0.298084766,-0.11049635,0.0530027337,0.0704400986,-0.0209618695,-0.549064398,-0.211999819,-62.877533,-0.344339699,0.03985174,-0.164970741,0.00162511945,-0.0238467813,-0.233148905,-0.18409918,0.00563520789,-0.00167694956,0.3,0.3,-0.38,-0.251650955,0.0031881392,-0.0131976593,0.00162511945,0.233148905,0.00563520789,0.3,0.38,0.0031881392,0.0238467813,-0.18409918,-0.00167694956,-0.3,0.0131976593,0.251650955
480,18259152,0.0209214855,-0.297918409,-0.110564336,0.0529997945,0.0703069195,-0.0211433973,-0.548910737,-0.21177654,-62.9018364,-0.344178081,0.0387249589,-0.165124476,0.00167371884,-0.0238334727,-0.233169301,-0.184100062,0.00562455356,-0.00169147179,0.3,0.3,-0.38,-0.251626712,0.00309799671,-0.0132099581,0.00167371884,0.233169301,0.00562455356,0.3,0.38,0.00309799671,0.0238334727,-0.184100062,-0.00169147179,-0.3,0.0132099581,0.251626712
481,18276997,0.021527458,-0.297288924,-0.11074388,0.0530126952,0.0700160488,-0.0215757713,-0.548926771,-0.211455852,-62.9250832,-0.343907833,0.0372155495,-0.165230557,0.00172219664,-0.023783114,-0.233223164,-0.184096191,0.00560128391,-0.0017260617,0.3,0.3,-0.38,-0.251586175,0.00297724396,-0.0132184446,0.00172219664,0.233223164,0.00560128391,0.3,0.38,0.00297724396,0.023783114,-0.184096191,-0.0017260617,-0.3,0.0132184446,0.251586175
482,18296400,0.0208030101,-0.297149122,-0.110665217,0.0530880988,0.070098117,-0.0215828493,-0.548533499,-0.210992888,-62.9478073,-0.343836159,0.0383654237,-0.164848149,0.00166424081,-0.0237719297,-0.233199565,-0.18407357,0.00560784936,-0.00172662795,0.3,0.3,-0.38,-0.251575424,0.00306923389,-0.0131878519,0.00166424081,0.233199565,0.00560784936,0.3,0.38,0.00306923389,0.0237719297,-0.18407357,-0.00172662795,-0.3,0.0131878519,0.251575424
483,18317171,0.020945603,-0.297038883,-0.110630825,0.0529690273,0.0699695945,-0.0216822829,-0.548022628,-0.211056054,-62.9697037,-0.343649477,0.0379214622,-0.164577067,0.00167564824,-0.0237631106,-0.233189248,-0.184109292,0.00559756756,-0.00173458263,0.3,0.3,-0.38,-0.251547422,0.00303371698,-0.0131661654,0.00167564824,0.233189248,0.00559756756,0.3,0.38,0.00303371698,0.0237631106,-0.184109292,-0.00173458263,-0.3,0.0131661654,0.251547422
484,18337702,0.0210837647,-0.297066212,-0.110638067,0.0526730567,0.07001964,-0.0215669982,-0.548014164,-0.211676404,-62.9911003,-0.343337625,0.037799459,-0.16444312,0.00168670118,-0.0237652969,-0.23319142,-0.184198083,0.0056015712,-0.00172535986,0.3,0.3,-0.38,-0.251500644,0.00302395672,-0.0131554496,0.00168670118,0.23319142,0.0056015712,0.3,0.38,0.00302395672,0.0237652969,-0.184198083,-0.00172535986,-0.3,0.0131554496,0.251500644
485,18355814,0.021216331,-0.296787232,-0.110587388,0.052420646,0.070215337,-0.0214220751,-0.548431873,-0.212063968,-63.0119247,-0.343003005,0.0379985459,-0.164189473,0.00169730648,-0.0237429786,-0.233176216,-0.184273806,0.00561722696,-0.00171376601,0.3,0.3,-0.38,-0.251450451,0.00303988367,-0.0131351578,0.00169730648,0.233176216,0.00561722696,0.3,0.38,0.00303988367,0.0237429786,-0.184273806,-0.00171376601,-0.3,0.0131351578,0.251450451
486,18380053,0.0211982951,-0.296540469,-0.110623047,0.0526211411,0.0701486319,-0.0216269232,-0.54867208,-0.2118361,-63.0321121,-0.342767149,0.03811986,-0.164122269,0.0016958636,-0.0237232375,-0.233186914,-0.184213658,0.00561189055,-0.00173015386,0.3,0.3,-0.38,-0.251415072,0.0030495888,-0.0131297815,0.0016958636,0.233186914,0.00561189055,0.3,0.38,0.0030495888,0.0237232375,-0.184213658,-0.00173015386,-0.3,0.0131297815,0.251415072
487,18396266,0.021627672,-0.296183348,-0.110710971,0.0525293723,0.0700832233,-0.0217316318,-0.548702955,-0.212195635,-63.0516701,-0.342348456,0.0376990102,-0.164135545,0.00173021376,-0.0236946678,-0.233213291,-0.184241188,0.00560665786,-0.00173853055,0.3,0.3,-0.38,-0.251352268,0.00301592082,-0.0131308436,0.00173021376,0.233213291,0.00560665786,0.3,0.38,0.00301592082,0.0236946678,-0.184241188,-0.00173853055,-0.3,0.0131308436,0.251352268
488,18417505,0.0218090732,-0.29584685,-0.110743128,0.0524494126,0.0700892061,-0.0217499211,-0.549149036,-0.212630555,-63.0706329,-0.341982156,0.0379095525,-0.164167091,0.00174472585,-0.023667748,-0.233222938,-0.184265176,0.00560713649,-0.00173999369,0.3,0.3,-0.38,-0.251297323,0.0030327642,-0.0131333673,0.00174472585,0.233222938,0.00560713649,0.3,0.38,0.0030327642,0.023667748,-0.184265176,-0.00173999369,-0.3,0.0131333673,0.251297323
489,18436191,0.021438919,-0.295613676,-0.110718653,0.0524082258,0.0702202991,-0.0216664579,-0.549573243,-0.212736636,-63.0893288,-0.341806501,0.0392032564,-0.164120346,0.00171511352,-0.0236490941,-0.233215596,-0.184277532,0.00561762393,-0.00173331663,0.3,0.3,-0.38,-0.251270975,0.00313626051,-0.0131296277,0.00171511352,0.233215596,0.00561762393,0.3,0.38,0.00313626051,0.0236490941,-0.184277532,-0.00173331663,-0.3,0.0131296277,0.251270975
490,18459539,0.0223258827,-0.295291781,-0.110669076,0.0523088276,0.0701358989,-0.0217785072,-0.549631774,-0.213012874,-63.1071548,-0.341457397,0.0377992839,-0.164216697,0.00178607062,-0.0236233425,-0.233200723,-0.184307352,0.00561087191,-0.00174228057,0.3,0.3,-0.38,-0.25121861,0.00302394271,-0.0131373358,0.00178607062,0.233200723,0.00561087191,0.3,0.38,0.00302394271,0.0236233425,-0.184307352,-0.00174228057,-0.3,0.0131373358,0.25121861
491,18475409,0.0235341191,-0.295039058,-0.110752225,0.0521524698,0.0699412376,-0.0219248682,-0.549411297,-0.213736668,-63.1241989,-0.34073168,0.0355717689,-0.164071977,0.00188272953,-0.0236031246,-0.233225667,-0.184354259,0.00559529901,-0.00175398946,0.3,0.3,-0.38,-0.251109752,0.00284574151,-0.0131257582,0.00188272953,0.233225667,0.00559529901,0.3,0.38,0.00284574151,0.0236031246,-0.184354259,-0.00175398946,-0.3,0.0131257582,0.251109752
492,18496056,0.0235080961,-0.294940531,-0.110764131,0.0521489866,0.0699105114,-0.0219434779,-0.549169779,-0.213812798,-63.1407547,-0.340137154,0.0355149396,-0.163525626,0.00188064769,-0.0235952425,-0.233229239,-0.184355304,0.00559284091,-0.00175547823,0.3,0.3,-0.38,-0.251020573,0.00284119517,-0.0130820501,0.00188064769,0.233229239,0.00559284091,0.3,0.38,0.00284119517,0.0235952425,-0.184355304,-0.00175547823,-0.3,0.0130820501,0.251020573
493,18517852,0.0232897643,-0.295261592,-0.110714808,0.0520870462,0.0699416772,-0.0217266716,-0.549219906,-0.214301437,-63.1568184,-0.339670777,0.0364095978,-0.162959754,0.00186318114,-0.0236209273,-0.233214442,-0.184373886,0.00559533417,-0.00173813373,0.3,0.3,-0.38,-0.250950617,0.00291276783,-0.0130367804,0.00186318114,0.233214442,0.00559533417,0.3,0.38,0.00291276783,0.0236209273,-0.184373886,-0.00173813373,-0.3,0.0130367804,0.250950617
494,18535082,0.0231021214,-0.296023458,-0.110549301,0.0520475693,0.0701514482,-0.0212807041,-0.549123228,-0.214898393,-63.172718,-0.339233458,0.0375339501,-0.162656158,0.00184816971,-0.0236818767,-0.23316479,-0.184385729,0.00561211586,-0.00170245633,0.3,0.3,-0.38,-0.250885019,0.003002716,-0.0130124927,0.00184816971,0.23316479,0.00561211586,0.3,0.38,0.003002716,0.0236818767,-0.184385729,-0.00170245633,-0.3,0.0130124927,0.250885019
495,18556359,0.0230431817,-0.296238869,-0.110632509,0.0522090755,0.0702085346,-0.0212305356,-0.549467504,-0.214568838,-63.1881599,-0.338965535,0.0381425992,-0.162791982,0.00184345454,-0.0236991096,-0.233189753,-0.184337277,0.00561668277,-0.00169844285,0.3,0.3,-0.38,-0.25084483,0.00305140793,-0.0130233586,0.00184345454,0.233189753,0.00561668277,0.3,0.38,0.00305140793,0.0236991096,-0.184337277,-0.00169844285,-0.3,0.0130233586,0.25084483
496,18577517,0.0232399944,-0.296116829,-0.110679798,0.052573327,0.0701442286,-0.0214432869,-0.549493134,-0.213760048,-63.2026634,-0.338818759,0.0378052257,-0.162982225,0.00185919955,-0.0236893463,-0.233203939,-0.184228002,0.00561153829,-0.00171546295,0.3,0.3,-0.38,-0.250822814,0.00302441806,-0.013038578,0.00185919955,0.233203939,0.00561153829,0.3,0.38,0.00302441806,0.0236893463,-0.184228002,-0.00171546295,-0.3,0.013038578,0.250822814
497,18597361,0.023466574,-0.296147108,-0.110618077,0.0526458323,0.0701525509,-0.0214520153,-0.549100339,-0.213352665,-63.2165947,-0.338642627,0.0371875279,-0.162939861,0.00187732592,-0.0236917686,-0.233185423,-0.18420625,0.00561220407,-0.00171616122,0.3,0.3,-0.38,-0.250796394,0.00297500223,-0.0130351889,0.00187732592,0.233185423,0.00561220407,0.3,0.38,0.00297500223,0.0236917686,-0.18420625,-0.00171616122,-0.3,0.0130351889,0.250796394
498,18616579,0.0242403802,-0.296032906,-0.110580638,0.0524873808,0.0699902624,-0.0215701368,-0.548657835,-0.213343874,-63.2298584,-0.338307947,0.0355182998,-0.162811518,0.00193923041,-0.0236826324,-0.233174191,-0.184253786,0.00559922099,-0.00172561094,0.3,0.3,-0.38,-0.250746192,0.00284146398,-0.0130249214,0.00193923041,0.233174191,0.00559922099,0.3,0.38,0.00284146398,0.0236826324,-0.184253786,-0.00172561094,-0.3,0.0130249214,0.250746192
499,18640430,0.0242388695,-0.296182901,-0.110534362,0.0523846261,0.0699477196,-0.0215033125,-0.548363149,-0.213531911,-63.2427902,-0.337943763,0.035595797,-0.162521616,0.00193910956,-0.0236946321,-0.233160309,-0.184284612,0.00559581757,-0.001720265,0.3,0.3,-0.38,-0.250691564,0.00284766376,-0.0130017292,0.00193910956,0.233160309,0.00559581757,0.3,0.38,0.00284766376,0.0236946321,-0.184284612,-0.001720265,-0.3,0.0130017292,0.250691564
500,18656377,0.023567766,-0.296788573,-0.110245503,0.0526664816,0.0701055974,-0.0213037878,-0.547442794,-0.212981403,-63.2553139,-0.337779105,0.0367071591,-0.162001774,0.00188542128,-0.0237430859,-0.233073651,-0.184200056,0.00560844779,-0.00170430303,0.3,0.3,-0.38,-0.250666866,0.00293657273,-0.0129601419,0.00188542128,0.233073651,0.00560844779,0.3,0.38,0.00293657273,0.0237430859,-0.184200056,-0.00170430303,-0.3,0.0129601419,0.250666866
501,18677310,0.0228160303,-0.297206014,-0.11027021,0.0525972322,0.07021714,-0.0211350042,-0.547483385,-0.212495238,-63.2676964,-0.337751389,0.0382667519,-0.161986008,0.00182528242,-0.0237764812,-0.233081063,-0.18422083,0.0056173712,-0.00169080034,0.3,0.3,-0.38,-0.250662708,0.00306134015,-0.0129588807,0.00182528242,0.233081063,0.0056173712,0.3,0.38,0.00306134015,0.0237764812,-0.18422083,-0.00169080034,-0.3,0.0129588807,0.250662708
502,18696586,0.0234031994,-0.296899885,-0.110522509,0.0524805635,0.0700648725,-0.0213047862,-0.547639906,-0.212611049,-63.2794685,-0.337513387,0.0374508202,-0.162202075,0.00187225595,-0.0237519908,-0.233156753,-0.184255831,0.0056051898,-0.0017043829,0.3,0.3,-0.38,-0.250627008,0.00299606562,-0.012976166,0.00187225595,0.233156753,0.0056051898,0.3,0.38,0.00299606562,0.0237519908,-0.184255831,-0.0017043829,-0.3,0.012976166,0.250627008
503,18717086,0.0233390052,-0.29660818,-0.11052788,0.0526323169,0.0700643361,-0.0214755163,-0.547840774,-0.212161347,-63.29076,-0.337384522,0.0372814238,-0.162430182,0.00186712041,-0.0237286544,-0.233158364,-0.184210305,0.00560514688,-0.0017180413,0.3,0.3,-0.38,-0.250607678,0.0029825139,-0.0129944146,0.00186712041,0.233158364,0.00560514688,0.3,0.38,0.0029825139,0.0237286544,-0.184210305,-0.0017180413,-0.3,0.0129944146,0.250607678
504,18735948,0.0229911786,-0.296531916,-0.110445604,0.052675873,0.0702699423,-0.0213393643,-0.547593892,-0.211929724,-63.3018417,-0.337373465,0.0379136615,-0.162176371,0.00183929428,-0.0237225533,-0.233133681,-0.184197238,0.00562159538,-0.00170714915,0.3,0.3,-0.38,-0.25060602,0.00303309292,-0.0129741096,0.00183929428,0.233133681,0.00562159538,0.3,0.38,0.00303309292,0.0237225533,-0.184197238,-0.00170714915,-0.3,0.0129741096,0.25060602
505,18756636,0.0226210337,-0.29691571,-0.110291481,0.0525110178,0.0705313385,-0.0209719297,-0.547611594,-0.212271094,-63.3125725,-0.33734867,0.0389071032,-0.161866948,0.0018096827,-0.0237532568,-0.233087444,-0.184246695,0.00564250708,-0.00167775437,0.3,0.3,-0.38,-0.2506023,0.00311256826,-0.0129493558,0.0018096827,0.233087444,0.00564250708,0.3,0.38,0.00311256826,0.0237532568,-0.184246695,-0.00167775437,-0.3,0.0129493558,0.2506023
506,18778435,0.0230989605,-0.297284216,-0.110222898,0.0523096845,0.0706738532,-0.0206931811,-0.547433019,-0.212933034,-63.3230553,-0.337176383,0.0383619592,-0.161512762,0.00184791684,-0.0237827373,-0.23306687,-0.184307095,0.00565390825,-0.00165545449,0.3,0.3,-0.38,-0.250576457,0.00306895673,-0.012921021,0.00184791684,0.23306687,0.00565390825,0.3,0.38,0.00306895673,0.0237827373,-0.184307095,-0.00165545449,-0.3,0.012921021,0.250576457
507,18796134,0.0235611573,-0.296920002,-0.110433675,0.0524674095,0.0703507736,-0.0210864749,-0.547900259,-0.212802246,-63.333004,-0.336941272,0.0375276692,-0.161591873,0.00188489258,-0.0237536001,-0.233130103,-0.184259777,0.00562806189,-0.00168691799,0.3,0.3,-0.38,-0.250541191,0.00300221354,-0.0129273498,0.00188489258,0.233130103,0.00562806189,0.3,0.38,0.00300221354,0.0237536001,-0.184259777,-0.00168691799,-0.3,0.0129273498,0.250541191
508,18817385,0.0230086409,-0.296539366,-0.11046914,0.0526883863,0.0703036636,-0.0213265494,-0.548096478,-0.212102696,-63.3428879,-0.336965561,0.0384797789,-0.161653042,0.00184069127,-0.0237231493,-0.233140742,-0.184193484,0.00562429309,-0.00170612395,0.3,0.3,-0.38,-0.250544834,0.00307838231,-0.0129322433,0.00184069127,0.233140742,0.00562429309,0.3,0.38,0.00307838231,0.0237231493,-0.184193484,-0.00170612395,-0.3,0.0129322433,0.250544834
509,18836906,0.0228421036,-0.296014011,-0.110668853,0.0527091697,0.0701471046,-0.0215707142,-0.548316658,-0.211902961,-63.3524857,-0.337028623,0.038878765,-0.161885157,0.00182736829,-0.0236811209,-0.233200656,-0.184187249,0.00561176836,-0.00172565714,0.3,0.3,-0.38,-0.250554293,0.0031103012,-0.0129508126,0.00182736829,0.233200656,0.00561176836,0.3,0.38,0.0031103012,0.0236811209,-0.184187249,-0.00172565714,-0.3,0.0129508126,0.250554293
510,18856744,0.0234451611,-0.295604616,-0.110575877,0.0525285006,0.0701452941,-0.02165097,-0.548130214,-0.212306485,-63.3616333,-0.336923659,0.0376590528,-0.162138402,0.00187561288,-0.0236483693,-0.233172763,-0.18424145,0.00561162353,-0.0017320776,0.3,0.3,-0.38,-0.250538549,0.00301272422,-0.0129710722,0.00187561288,0.233172763,0.00561162353,0.3,0.38,0.00301272422,0.0236483693,-0.18424145,-0.0017320776,-0.3,0.0129710722,0.250538549
511,18877943,0.0240040813,-0.295312524,-0.110334627,0.052465111,0.070177868,-0.0217333753,-0.547878265,-0.212242126,-63.3702469,-0.336773813,0.0362143703,-0.162224784,0.0019203265,-0.0236250019,-0.233100388,-0.184260467,0.00561422944,-0.00173867002,0.3,0.3,-0.38,-0.250516072,0.00289714962,-0.0129779828,0.0019203265,0.233100388,0.00561422944,0.3,0.38,0.00289714962,0.0236250019,-0.184260467,-0.00173867002,-0.3,0.0129779828,0.250516072
512,18896511,0.0233686063,-0.295509219,-0.110221401,0.0525819398,0.0703022629,-0.0216944814,-0.547577679,-0.211869091,-63.3786659,-0.336708426,0.03700497,-0.161957383,0.00186948851,-0.0236407375,-0.23306642,-0.184225418,0.00562418103,-0.00173555851,0.3,0.3,-0.38,-0.250506264,0.0029603976,-0.0129565907,0.00186948851,0.23306642,0.00562418103,0.3,0.38,0.0029603976,0.0236407375,-0.184225418,-0.00173555851,-0.3,0.0129565907,0.250506264
513,18919542,0.0228229295,-0.295793325,-0.110447265,0.0526232384,0.0702645183,-0.0216359347,-0.54740268,-0.21199514,-63.3869629,-0.336613595,0.0377894156,-0.161726892,0.00182583436,-0.023663466,-0.23313418,-0.184213028,0.00562116146,-0.00173087478,0.3,0.3,-0.38,-0.250492039,0.00302315325,-0.0129381514,0.00182583436,0.23313418,0.00562116146,0.3,0.38,0.00302315325,0.023663466,-0.184213028,-0.00173087478,-0.3,0.0129381514,0.250492039
514,18937087,0.0225643665,-0.296064973,-0.110474803,0.0526049957,0.0703471527,-0.0214968268,-0.547337294,-0.212073296,-63.3950577,-0.336526841,0.0382778347,-0.161749721,0.00180514932,-0.0236851978,-0.233142441,-0.184218501,0.00562777221,-0.00171974614,0.3,0.3,-0.38,-0.250479026,0.00306222677,-0.0129399776,0.00180514932,0.233142441,0.00562777221,0.3,0.38,0.00306222677,0.0236851978,-0.184218501,-0.00171974614,-0.3,0.0129399776,0.250479026
515,18968628,0.0227567125,-0.296059221,-0.110439241,0.0524463728,0.0705077127,-0.0213502292,-0.547564626,-0.212200433,-63.4029045,-0.336357892,0.0380376056,-0.161762565,0.001820537,-0.0236847377,-0.233131772,-0.184266088,0.00564061701,-0.00170801833,0.3,0.3,-0.38,-0.250453684,0.00304300845,-0.0129410052,0.001820537,0.233131772,0.00564061701,0.3,0.38,0.00304300845,0.0236847377,-0.184266088,-0.00170801833,-0.3,0.0129410052,0.250453684
516,18976243,0.0226608422,-0.295944333,-0.110482447,0.0526166521,0.0704839975,-0.0215134807,-0.54773289,-0.21180135,-63.4104805,-0.336315781,0.0379158631,-0.161829636,0.00181286737,-0.0236755466,-0.233144734,-0.184215004,0.0056387198,-0.00172107846,0.3,0.3,-0.38,-0.250447367,0.00303326905,-0.0129463708,0.00181286737,0.233144734,0.0056387198,0.3,0.38,0.00303326905,0.0236755466,-0.184215004,-0.00172107846,-0.3,0.0129463708,0.250447367
517,19002371,0.0227081068,-0.295683146,-0.110727817,0.0524878874,0.0704366341,-0.0215275884,-0.548096716,-0.212193385,-63.4178696,-0.336210072,0.0380243845,-0.161838263,0.00181664854,-0.0236546516,-0.233218345,-0.184253634,0.00563493073,-0.00172220707,0.3,0.3,-0.38,-0.250431511,0.00304195076,-0.0129470611,0.00181664854,0.233218345,0.00563493073,0.3,0.38,0.00304195076,0.0236546516,-0.184253634,-0.00172220707,-0.3,0.0129470611,0.250431511
518,19016163,0.0225388631,-0.295505464,-0.110776909,0.0523886122,0.0705065578,-0.0214780457,-0.5486148,-0.212658286,-63.4252129,-0.336238831,0.0388148464,-0.161907896,0.00180310905,-0.0236404371,-0.233233073,-0.184283416,0.00564052463,-0.00171824366,0.3,0.3,-0.38,-0.250435825,0.00310518771,-0.0129526317,0.00180310905,0.233233073,0.00564052463,0.3,0.38,0.00310518771,0.0236404371,-0.184283416,-0.00171824366,-0.3,0.0129526317,0.250435825
519,19036902,0.0222761258,-0.295401752,-0.110630445,0.0524544939,0.07065887,-0.021429237,-0.548938036,-0.212735355,-63.4324989,-0.336415827,0.0397526957,-0.16200605,0.00178209007,-0.0236321402,-0.233189134,-0.184263652,0.0056527096,-0.00171433896,0.3,0.3,-0.38,-0.250462374,0.00318021566,-0.012960484,0.00178209007,0.233189134,0.0056527096,0.3,0.38,0.00318021566,0.0236321402,-0.184263652,-0.00171433896,-0.3,0.012960484,0.250462374
520,19057477,0.02218551,-0.295152605,-0.110654525,0.0524871536,0.0706995726,-0.0214795955,-0.549363971,-0.212648109,-63.4395142,-0.336645097,0.0402416438,-0.162254423,0.0017748408,-0.0236122084,-0.233196358,-0.184253854,0.00565596581,-0.00171836764,0.3,0.3,-0.38,-0.250496764,0.0032193315,-0.0129803538,0.0017748408,0.233196358,0.00565596581,0.3,0.38,0.0032193315,0.0236122084,-0.184253854,-0.00171836764,-0.3,0.0129803538,0.250496764
521,19078429,0.0222217254,-0.294956833,-0.110666595,0.0524748787,0.0707823038,-0.0214719083,-0.549595416,-0.212704211,-63.4463005,-0.336850911,0.0404206961,-0.162374452,0.00177773803,-0.0235965466,-0.233199979,-0.184257536,0.0056625843,-0.00171775267,0.3,0.3,-0.38,-0.250527637,0.00323365569,-0.0129899561,0.00177773803,0.233199979,0.0056625843,0.3,0.38,0.00323365569,0.0235965466,-0.184257536,-0.00171775267,-0.3,0.0129899561,0.250527637
522,19095135,0.022456184,-0.294627666,-0.110702455,0.0525524803,0.070673354,-0.0216841549,-0.549555779,-0.212451249,-63.452713,-0.33700341,0.0398709849,-0.162434101,0.00179649472,-0.0235702133,-0.233210737,-0.184234256,0.00565386832,-0.00173473239,0.3,0.3,-0.38,-0.250550511,0.00318967879,-0.0129947281,0.00179649472,0.233210737,0.00565386832,0.3,0.38,0.00318967879,0.0235702133,-0.184234256,-0.00173473239,-0.3,0.0129947281,0.250550511
523,19117315,0.0227626339,-0.294336587,-0.110718116,0.0524261147,0.0705765784,-0.0217730924,-0.549539447,-0.212737471,-63.4588776,-0.33704102,0.039334394,-0.162382752,0.00182101071,-0.023546927,-0.233215435,-0.184272166,0.00564612627,-0.0017418474,0.3,0.3,-0.38,-0.250556153,0.00314675152,-0.0129906201,0.00182101071,0.233215435,0.00564612627,0.3,0.38,0.00314675152,0.023546927,-0.184272166,-0.0017418474,-0.3,0.0129906201,0.250556153
524,19135518,0.0225146729,-0.294424683,-0.110488027,0.0523586795,0.0707050264,-0.0216356441,-0.549441516,-0.212839454,-63.4650497,-0.337176025,0.0399013087,-0.162199944,0.00180117384,-0.0235539746,-0.233146408,-0.184292396,0.00565640211,-0.00173085153,0.3,0.3,-0.38,-0.250576404,0.0031921047,-0.0129759955,0.00180117384,0.233146408,0.00565640211,0.3,0.38,0.0031921047,0.0235539746,-0.184292396,-0.00173085153,-0.3,0.0129759955,0.250576404
525,19156548,0.0223848782,-0.294621319,-0.110462062,0.0522549711,0.0707867965,-0.0214179102,-0.549414992,-0.213181555,-63.4711494,-0.337252319,0.0406004079,-0.161933094,0.00179079026,-0.0235697055,-0.233138619,-0.184323509,0.00566294372,-0.00171343282,0.3,0.3,-0.38,-0.250587848,0.00324803263,-0.0129546475,0.00179079026,0.233138619,0.00566294372,0.3,0.38,0.00324803263,0.0235697055,-0.184323509,-0.00171343282,-0.3,0.0129546475,0.250587848
526,19177260,0.0222914331,-0.294757247,-0.110364281,0.052325394,0.0708112866,-0.0213994887,-0.549245238,-0.212986529,-63.4769783,-0.337354153,0.0409151018,-0.161891744,0.00178331465,-0.0235805798,-0.233109284,-0.184302382,0.00566490293,-0.00171195909,0.3,0.3,-0.38,-0.250603123,0.00327320814,-0.0129513395,0.00178331465,0.233109284,0.00566490293,0.3,0.38,0.00327320814,0.0235805798,-0.184302382,-0.00171195909,-0.3,0.0129513395,0.250603123
527,19197605,0.0223701447,-0.294656217,-0.110394135,0.052476231,0.070695065,-0.0216448139,-0.549002707,-0.212201148,-63.4824982,-0.337451667,0.0403760783,-0.161967531,0.00178961158,-0.0235724974,-0.233118241,-0.184257131,0.0056556052,-0.00173158512,0.3,0.3,-0.38,-0.25061775,0.00323008627,-0.0129574025,0.00178961158,0.233118241,0.0056556052,0.3,0.38,0.00323008627,0.0235724974,-0.184257131,-0.00173158512,-0.3,0.0129574025,0.25061775
528,19221578,0.022558257,-0.294356704,-0.110558376,0.0524732657,0.0705117583,-0.0219145603,-0.548933983,-0.21187681,-63.4876747,-0.337399334,0.0396388061,-0.162013754,0.00180466056,-0.0235485363,-0.233167513,-0.18425802,0.00564094067,-0.00175316483,0.3,0.3,-0.38,-0.2506099,0.00317110449,-0.0129611003,0.00180466056,0.233167513,0.00564094067,0.3,0.38,0.00317110449,0.0235485363,-0.18425802,-0.00175316483,-0.3,0.0129611003,0.2506099
529,19236293,0.0230044313,-0.294054717,-0.110610172,0.0523335449,0.0703760982,-0.0220682286,-0.54870373,-0.212125972,-63.4925995,-0.337223291,0.0383458696,-0.161914155,0.0018403545,-0.0235243773,-0.233183052,-0.184299937,0.00563008785,-0.00176545829,0.3,0.3,-0.38,-0.250583494,0.00306766957,-0.0129531324,0.0018403545,0.233183052,0.00563008785,0.3,0.38,0.00306766957,0.0235243773,-0.184299937,-0.00176545829,-0.3,0.0129531324,0.250583494
530,19258385,0.0234069284,-0.293848962,-0.110559873,0.0522256643,0.0702815801,-0.0221184883,-0.548434258,-0.212558061,-63.4973831,-0.336941481,0.0374824852,-0.161731988,0.00187255427,-0.0235079169,-0.233167962,-0.184332301,0.00562252641,-0.00176947907,0.3,0.3,-0.38,-0.250541222,0.00299859881,-0.0129385591,0.00187255427,0.233167962,0.00562252641,0.3,0.38,0.00299859881,0.0235079169,-0.184332301,-0.00176947907,-0.3,0.0129385591,0.250541222
531,19275057,0.0233283043,-0.293962419,-0.110423557,0.0521722436,0.0703370273,-0.0219843667,-0.548126876,-0.212979034,-63.5020447,-0.336629897,0.0376935974,-0.161407217,0.00186626434,-0.0235169935,-0.233127067,-0.184348327,0.00562696218,-0.00175874934,0.3,0.3,-0.38,-0.250494485,0.00301548779,-0.0129125774,0.00186626434,0.233127067,0.00562696218,0.3,0.38,0.00301548779,0.0235169935,-0.184348327,-0.00175874934,-0.3,0.0129125774,0.250494485
532,19296289,0.023003228,-0.294262201,-0.110450216,0.0518538728,0.0705232918,-0.0215952601,-0.548603296,-0.213797018,-63.5069542,-0.336391509,0.0388627537,-0.161110908,0.00184025824,-0.023540976,-0.233135065,-0.184443838,0.00564186335,-0.00172762081,0.3,0.3,-0.38,-0.250458726,0.00310902029,-0.0128888726,0.00184025824,0.233135065,0.00564186335,0.3,0.38,0.00310902029,0.023540976,-0.184443838,-0.00172762081,-0.3,0.0128888726,0.250458726
533,19317385,0.0226413812,-0.294569254,-0.110376537,0.0519556589,0.0706849024,-0.0214176327,-0.548885345,-0.213891134,-63.5118637,-0.336318612,0.0401046723,-0.161087528,0.0018113105,-0.0235655403,-0.233112961,-0.184413302,0.00565479219,-0.00171341062,0.3,0.3,-0.38,-0.250447792,0.00320837379,-0.0128870022,0.0018113105,0.233112961,0.00565479219,0.3,0.38,0.00320837379,0.0235655403,-0.184413302,-0.00171341062,-0.3,0.0128870022,0.250447792
534,19336224,0.0224359613,-0.294657856,-0.110521935,0.052188497,0.0707194358,-0.0214063395,-0.549260437,-0.213638648,-63.5165482,-0.336292148,0.0407901444,-0.161259383,0.0017948769,-0.0235726285,-0.23315658,-0.184343451,0.00565755486,-0.00171250716,0.3,0.3,-0.38,-0.250443822,0.00326321155,-0.0129007506,0.0017948769,0.23315658,0.00565755486,0.3,0.38,0.00326321155,0.0235726285,-0.184343451,-0.00171250716,-0.3,0.0129007506,0.250443822
535,19356589,0.0229054224,-0.29442209,-0.11059352,0.0522770733,0.0706646293,-0.0215400364,-0.549434662,-0.213437766,-63.520771,-0.336252123,0.0399772376,-0.161489204,0.00183243379,-0.0235537672,-0.233178056,-0.184316878,0.00565317035,-0.00172320291,0.3,0.3,-0.38,-0.250437818,0.00319817901,-0.0129191363,0.00183243379,0.233178056,0.00565317035,0.3,0.38,0.00319817901,0.0235537672,-0.184316878,-0.00172320291,-0.3,0.0129191363,0.250437818
536,19383890,0.023436863,-0.294145852,-0.110602081,0.0521127954,0.0706336424,-0.0215726569,-0.5497666,-0.213763416,-63.5248108,-0.336168468,0.0392121226,-0.161580473,0.00187494904,-0.0235316682,-0.233180624,-0.184366161,0.00565069139,-0.00172581255,0.3,0.3,-0.38,-0.25042527,0.0031369698,-0.0129264379,0.00187494904,0.233180624,0.00565069139,0.3,0.38,0.0031369698,0.0235316682,-0.184366161,-0.00172581255,-0.3,0.0129264379,0.25042527
537,19396660,0.0239963066,-0.293915957,-0.110528827,0.0519260503,0.0706121176,-0.0215343796,-0.549803734,-0.214339003,-63.5287514,-0.335988283,0.038603723,-0.161424294,0.00191970453,-0.0235132766,-0.233158648,-0.184422185,0.00564896941,-0.00172275037,0.3,0.3,-0.38,-0.250398242,0.00308829784,-0.0129139435,0.00191970453,0.233158648,0.00564896941,0.3,0.38,0.00308829784,0.0235132766,-0.184422185,-0.00172275037,-0.3,0.0129139435,0.250398242
538,19419666,0.0240549836,-0.294035643,-0.110493086,0.0519388765,0.0705678985,-0.0214953739,-0.549615383,-0.214685306,-63.5326271,-0.335842669,0.0387052298,-0.161201268,0.00192439869,-0.0235228515,-0.233147926,-0.184418337,0.00564543188,-0.00171962991,0.3,0.3,-0.38,-0.2503764,0.00309641838,-0.0128961015,0.00192439869,0.233147926,0.00564543188,0.3,0.38,0.00309641838,0.0235228515,-0.184418337,-0.00171962991,-0.3,0.0128961015,0.2503764
539,19436263,0.0243272614,-0.294044524,-0.110486448,0.0518249907,0.0704733208,-0.0215262137,-0.549410105,-0.214921474,-63.5363541,-0.335615367,0.0382361487,-0.161049366,0.00194618091,-0.023523562,-0.233145934,-0.184452503,0.00563786566,-0.0017220971,0.3,0.3,-0.38,-0.250342305,0.00305889189,-0.0128839493,0.00194618091,0.233145934,0.00563786566,0.3,0.38,0.00305889189,0.023523562,-0.184452503,-0.0017220971,-0.3,0.0128839493,0.250342305
540,19462201,0.0242372211,-0.294305652,-0.110298462,0.0518703833,0.0705132782,-0.0214781016,-0.54912895,-0.214635685,-63.5399628,-0.335440546,0.038324099,-0.160932273,0.00193897769,-0.0235444522,-0.233089539,-0.184438885,0.00564106226,-0.00171824813,0.3,0.3,-0.38,-0.250316082,0.00306592792,-0.0128745818,0.00193897769,0.233089539,0.00564106226,0.3,0.38,0.00306592792,0.0235444522,-0.184438885,-0.00171824813,-0.3,0.0128745818,0.250316082
541,19476610,0.0238636807,-0.294449955,-0.110380054,0.0518283285,0.0705540404,-0.0213756524,-0.549265921,-0.214625612,-63.5435867,-0.335334212,0.0391468555,-0.160850227,0.00190909445,-0.0235559964,-0.233114016,-0.184451501,0.00564432323,-0.00171005219,0.3,0.3,-0.38,-0.250300132,0.00313174844,-0.0128680182,0.00190909445,0.233114016,0.00564432323,0.3,0.38,0.00313174844,0.0235559964,-0.184451501,-0.00171005219,-0.3,0.0128680182,0.250300132
542,19497493,0.0239292681,-0.294485211,-0.110430554,0.0518244505,0.0705836266,-0.021303568,-0.549547911,-0.2148,-63.5470581,-0.335317254,0.0393300243,-0.160913154,0.00191434145,-0.0235588169,-0.233129166,-0.184452665,0.00564669013,-0.00170428544,0.3,0.3,-0.38,-0.250297588,0.00314640194,-0.0128730524,0.00191434145,0.233129166,0.00564669013,0.3,0.38,0.00314640194,0.0235588169,-0.184452665,-0.00170428544,-0.3,0.0128730524,0.250297588
543,19516590,0.0240661725,-0.294413269,-0.110387519,0.0519795045,0.0705356374,-0.021396907,-0.549515545,-0.214591295,-63.5503273,-0.335285246,0.0392225944,-0.16111809,0.0019252938,-0.0235530615,-0.233116256,-0.184406149,0.005642851,-0.00171175256,0.3,0.3,-0.38,-0.250292787,0.00313780755,-0.0128894472,0.0019252938,0.233116256,0.005642851,0.3,0.38,0.00313780755,0.0235530615,-0.184406149,-0.00171175256,-0.3,0.0128894472,0.250292787
544,19539663,0.0244390648,-0.294301748,-0.110312581,0.0520372577,0.0705080405,-0.0215187427,-0.549282849,-0.214226812,-63.5532875,-0.335200459,0.0383312069,-0.161181241,0.00195512518,-0.0235441399,-0.233093774,-0.184388823,0.00564064324,-0.00172149941,0.3,0.3,-0.38,-0.250280069,0.00306649655,-0.0128944993,0.00195512518,0.233093774,0.00564064324,0.3,0.38,0.00306649655,0.0235441399,-0.184388823,-0.00172149941,-0.3,0.0128944993,0.250280069
545,19555820,0.0234783553,-0.294716716,-0.110209517,0.0521346703,0.0707349777,-0.0212800298,-0.549109876,-0.213779122,-63.5564117,-0.335350662,0.040113695,-0.161025703,0.00187826842,-0.0235773373,-0.233062855,-0.184359599,0.00565879822,-0.00170240238,0.3,0.3,-0.38,-0.250302599,0.0032090956,-0.0128820562,0.00187826842,0.233062855,0.00565879822,0.3,0.38,0.0032090956,0.0235773373,-0.184359599,-0.00170240238,-0.3,0.0128820562,0.250302599
546,19581902,0.0229338463,-0.295024186,-0.11024943,0.0522160642,0.070821546,-0.0211493056,-0.548922658,-0.21343182,-63.559433,-0.335591167,0.0412079208,-0.160903767,0.00183470771,-0.0236019349,-0.233074829,-0.184335181,0.00566572368,-0.00169194445,0.3,0.3,-0.38,-0.250338675,0.00329663366,-0.0128723013,0.00183470771,0.233074829,0.00566572368,0.3,0.38,0.00329663366,0.0236019349,-0.184335181,-0.00169194445,-0.3,0.0128723013,0.250338675
547,19596792,0.0226834975,-0.295291185,-0.110252596,0.0523635224,0.0708354563,-0.0211497955,-0.54891634,-0.21294041,-63.5622177,-0.335901856,0.0415265039,-0.161112353,0.0018146798,-0.0236232948,-0.233075779,-0.184290943,0.0056668365,-0.00169198364,0.3,0.3,-0.38,-0.250385278,0.00332212031,-0.0128889883,0.0018146798,0.233075779,0.0056668365,0.3,0.38,0.00332212031,0.0236232948,-0.184290943,-0.00169198364,-0.3,0.0128889883,0.250385278
548,19618768,0.0236678105,-0.294830024,-0.110417634,0.0523075946,0.0705761686,-0.0214965492,-0.548811853,-0.212901905,-63.564537,-0.335827768,0.039382942,-0.161334917,0.00189342484,-0.0235864019,-0.23312529,-0.184307722,0.00564609349,-0.00171972394,0.3,0.3,-0.38,-0.250374165,0.00315063536,-0.0129067934,0.00189342484,0.23312529,0.00564609349,0.3,0.38,0.00315063536,0.0235864019,-0.184307722,-0.00171972394,-0.3,0.0129067934,0.250374165
549,19635982,0.0241788458,-0.294437945,-0.110419095,0.0523049273,0.0704035759,-0.0217559189,-0.548739552,-0.212835148,-63.5667267,-0.335694999,0.0378852598,-0.16133973,0.00193430766,-0.0235550356,-0.233125728,-0.184308522,0.00563228607,-0.00174047351,0.3,0.3,-0.38,-0.25035425,0.00303082079,-0.0129071784,0.00193430766,0.233125728,0.00563228607,0.3,0.38,0.00303082079,0.0235550356,-0.184308522,-0.00174047351,-0.3,0.0129071784,0.25035425
550,19657623,0.0242138673,-0.294175357,-0.110378392,0.0521539338,0.070329763,-0.0218074843,-0.54831022,-0.213082567,-63.5690002,-0.335512459,0.0376568064,-0.161055565,0.00193710938,-0.0235340285,-0.233113518,-0.18435382,0.00562638104,-0.00174459875,0.3,0.3,-0.38,-0.250326869,0.00301254451,-0.0128844452,0.00193710938,0.233113518,0.00562638104,0.3,0.38,0.00301254451,0.0235340285,-0.18435382,-0.00174459875,-0.3,0.0128844452,0.250326869
551,19676251,0.0240143836,-0.294341326,-0.110245422,0.0521508493,0.0702738613,-0.0218162034,-0.547878325,-0.213136926,-63.5712318,-0.335376382,0.0378564708,-0.160884723,0.00192115068,-0.0235473061,-0.233073626,-0.184354745,0.0056219089,-0.00174529627,0.3,0.3,-0.38,-0.250306457,0.00302851766,-0.0128707778,0.00192115068,0.233073626,0.0056219089,0.3,0.38,0.00302851766,0.0235473061,-0.184354745,-0.00174529627,-0.3,0.0128707778,0.250306457
552,19698305,0.0236686748,-0.294636637,-0.11024943,0.0519876219,0.070395045,-0.02159019,-0.547767639,-0.213503763,-63.5735168,-0.335195512,0.038641315,-0.160773456,0.00189349398,-0.023570931,-0.233074829,-0.184403713,0.0056316036,-0.0017272152,0.3,0.3,-0.38,-0.250279327,0.0030913052,-0.0128618765,0.00189349398,0.233074829,0.0056316036,0.3,0.38,0.0030913052,0.023570931,-0.184403713,-0.0017272152,-0.3,0.0128618765,0.250279327
553,19717290,0.0237266291,-0.294629276,-0.110341743,0.0518642776,0.070454061,-0.021503035,-0.548246264,-0.213760108,-63.5757599,-0.335036367,0.0386917554,-0.160810769,0.00189813033,-0.0235703421,-0.233102523,-0.184440717,0.00563632488,-0.0017202428,0.3,0.3,-0.38,-0.250255455,0.00309534043,-0.0128648615,0.00189813033,0.233102523,0.00563632488,0.3,0.38,0.00309534043,0.0235703421,-0.184440717,-0.0017202428,-0.3,0.0128648615,0.250255455
554,19736589,0.0236552302,-0.294526875,-0.110406131,0.0518578216,0.0705145076,-0.0214839522,-0.548769891,-0.213879511,-63.5780602,-0.33496058,0.0390986204,-0.160974264,0.00189241841,-0.02356215,-0.233121839,-0.184442654,0.00564116061,-0.00171871617,0.3,0.3,-0.38,-0.250244087,0.00312788963,-0.0128779411,0.00189241841,0.233121839,0.00564116061,0.3,0.38,0.00312788963,0.02356215,-0.184442654,-0.00171871617,-0.3,0.0128779411,0.250244087
555,19756247,0.0239434075,-0.294168234,-0.11056681,0.0517810285,0.0704860017,-0.0215517841,-0.549330413,-0.214204803,-63.5803223,-0.334821999,0.0389976501,-0.16115512,0.0019154726,-0.0235334587,-0.233170043,-0.184465691,0.00563888013,-0.00172414273,0.3,0.3,-0.38,-0.2502233,0.00311981201,-0.0128924096,0.0019154726,0.233170043,0.00563888013,0.3,0.38,0.00311981201,0.0235334587,-0.184465691,-0.00172414273,-0.3,0.0128924096,0.2502233
556,19775862,0.0242862348,-0.293954492,-0.110611506,0.051709637,0.0704901218,-0.0215522721,-0.549864113,-0.214825407,-63.5825043,-0.334687561,0.0388665795,-0.161310896,0.00194289878,-0.0235163593,-0.233183452,-0.184487109,0.00563920975,-0.00172418177,0.3,0.3,-0.38,-0.250203134,0.00310932636,-0.0129048717,0.00194289878,0.233183452,0.00563920975,0.3,0.38,0.00310932636,0.0235163593,-0.184487109,-0.00172418177,-0.3,0.0129048717,0.250203134
557,19805195,0.0247136857,-0.293735266,-0.110675491,0.0515308976,0.0705299154,-0.0214395747,-0.550394237,-0.215716496,-63.5847664,-0.334519833,0.038866736,-0.161313787,0.00197709486,-0.0234988213,-0.233202647,-0.184540731,0.00564239323,-0.00171516597,0.3,0.3,-0.38,-0.250177975,0.00310933888,-0.012905103,0.00197709486,0.233202647,0.00564239323,0.3,0.38,0.00310933888,0.0234988213,-0.184540731,-0.00171516597,-0.3,0.012905103,0.250177975
558,19818732,0.0246318765,-0.293784678,-0.110590711,0.0515400358,0.0706443191,-0.0213055275,-0.55077672,-0.216036499,-63.587101,-0.334516406,0.0396806411,-0.161275551,0.00197055012,-0.0235027742,-0.233177213,-0.184537989,0.00565154552,-0.0017044422,0.3,0.3,-0.38,-0.250177461,0.00317445129,-0.0129020441,0.00197055012,0.233177213,0.00565154552,0.3,0.38,0.00317445129,0.0235027742,-0.184537989,-0.0017044422,-0.3,0.0129020441,0.250177461
559,19837272,0.0250557624,-0.293741584,-0.11064183,0.0514796674,0.0705832765,-0.0213316139,-0.551020265,-0.216389716,-63.5893097,-0.334433734,0.0393924229,-0.161335185,0.00200446099,-0.0234993267,-0.233192549,-0.1845561,0.00564666212,-0.00170652911,0.3,0.3,-0.38,-0.25016506,0.00315139383,-0.0129068148,0.00200446099,0.233192549,0.00564666212,0.3,0.38,0.00315139383,0.0234993267,-0.1845561,-0.00170652911,-0.3,0.0129068148,0.25016506
560,19855978,0.0253698174,-0.293753594,-0.110688463,0.0516699441,0.0704334229,-0.0214998946,-0.55082351,-0.216390505,-63.5912552,-0.33430931,0.0388267897,-0.161379129,0.00202958539,-0.0235002875,-0.233206539,-0.184499017,0.00563467383,-0.00171999156,0.3,0.3,-0.38,-0.250146396,0.00310614318,-0.0129103303,0.00202958539,0.233206539,0.00563467383,0.3,0.38,0.00310614318,0.0235002875,-0.184499017,-0.00171999156,-0.3,0.0129103303,0.250146396
561,19884360,0.0256271046,-0.293835282,-0.110584877,0.0516584925,0.0704149455,-0.0214689188,-0.550487697,-0.216375485,-63.5929832,-0.334143758,0.0381711312,-0.161266774,0.00205016837,-0.0235068226,-0.233175463,-0.184502452,0.00563319564,-0.0017175135,0.3,0.3,-0.38,-0.250121564,0.00305369049,-0.0129013419,0.00205016837,0.233175463,0.00563319564,0.3,0.38,0.00305369049,0.0235068226,-0.184502452,-0.0017175135,-0.3,0.0129013419,0.250121564
562,19896214,0.0257382207,-0.294203103,-0.110429339,0.0516817942,0.0703924969,-0.021365732,-0.549998045,-0.21631071,-63.5946465,-0.334018797,0.0378016233,-0.160964057,0.00205905765,-0.0235362482,-0.233128802,-0.184495462,0.00563139975,-0.00170925856,0.3,0.3,-0.38,-0.25010282,0.00302412987,-0.0128771245,0.00205905765,0.233128802,0.00563139975,0.3,0.38,0.00302412987,0.0235362482,-0.184495462,-0.00170925856,-0.3,0.0128771245,0.25010282
563,19916276,0.0263660792,-0.294683576,-0.110146634,0.0516750664,0.070329845,-0.02128678,-0.549037933,-0.216305286,-63.5958977,-0.333653092,0.0362572484,-0.160614356,0.00210928634,-0.0235746861,-0.23304399,-0.18449748,0.0056263876,-0.0017029424,0.3,0.3,-0.38,-0.250047964,0.00290057987,-0.0128491485,0.00210928634,0.23304399,0.0056263876,0.3,0.38,0.00290057987,0.0235746861,-0.18449748,-0.0017029424,-0.3,0.0128491485,0.250047964
564,19937263,0.0262472127,-0.295259416,-0.110014796,0.0517243482,0.0703244731,-0.0211444125,-0.548383176,-0.21597071,-63.5972328,-0.333386153,0.0360590219,-0.160270303,0.00209977701,-0.0236207533,-0.233004439,-0.184482696,0.00562595785,-0.001691553,0.3,0.3,-0.38,-0.250007923,0.00288472176,-0.0128216243,0.00209977701,0.233004439,0.00562595785,0.3,0.38,0.00288472176,0.0236207533,-0.184482696,-0.001691553,-0.3,0.0128216243,0.250007923
565,19955877,0.0251332987,-0.295697659,-0.109998122,0.0518391915,0.0704593956,-0.0209695883,-0.548149645,-0.215203047,-63.5987968,-0.333401352,0.0381630547,-0.159989938,0.0020106639,-0.0236558127,-0.232999437,-0.184448243,0.00563675165,-0.00167756706,0.3,0.3,-0.38,-0.250010203,0.00305304438,-0.0127991951,0.0020106639,0.232999437,0.00563675165,0.3,0.38,0.00305304438,0.0236558127,-0.184448243,-0.00167756706,-0.3,0.0127991951,0.250010203
566,19982217,0.0243825857,-0.296103507,-0.109972455,0.0520940535,0.0705208853,-0.0209064819,-0.547916293,-0.214295432,-63.6002388,-0.333642304,0.039491713,-0.160030946,0.00195060685,-0.0236882806,-0.232991736,-0.184371784,0.00564167082,-0.00167251855,0.3,0.3,-0.38,-0.250046346,0.00315933704,-0.0128024757,0.00195060685,0.232991736,0.00564167082,0.3,0.38,0.00315933704,0.0236882806,-0.184371784,-0.00167251855,-0.3,0.0128024757,0.250046346
567,19997505,0.0242290106,-0.296287984,-0.109958164,0.0522980914,0.070534341,-0.020937277,-0.547523201,-0.213520363,-63.6014137,-0.333818644,0.0394790582,-0.160331219,0.00193832085,-0.0237030387,-0.232987449,-0.184310573,0.00564274728,-0.00167498216,0.3,0.3,-0.38,-0.250072797,0.00315832466,-0.0128264976,0.00193832085,0.232987449,0.00564274728,0.3,0.38,0.00315832466,0.0237030387,-0.184310573,-0.00167498216,-0.3,0.0128264976,0.250072797
568,20019988,0.0241729505,-0.29611671,-0.10999535,0.0525772199,0.0704643428,-0.0211787615,-0.547212005,-0.212474763,-63.6021004,-0.334011167,0.0387383364,-0.16054894,0.00193383604,-0.0236893368,-0.232998605,-0.184226834,0.00563714743,-0.00169430092,0.3,0.3,-0.38,-0.250101675,0.00309906691,-0.0128439152,0.00193383604,0.232998605,0.00563714743,0.3,0.38,0.00309906691,0.0236893368,-0.184226834,-0.00169430092,-0.3,0.0128439152,0.250101675
569,20036469,0.0239074435,-0.295982987,-0.110057853,0.0526898094,0.0703902617,-0.0213279501,-0.546889663,-0.211772576,-63.6025963,-0.334225237,0.0384104475,-0.160511464,0.00191259548,-0.0236786389,-0.233017356,-0.184193057,0.00563122094,-0.001706236,0.3,0.3,-0.38,-0.250133786,0.0030728358,-0.0128409171,0.00191259548,0.233017356,0.00563122094,0.3,0.38,0.0030728358,0.0236786389,-0.184193057,-0.001706236,-0.3,0.0128409171,0.250133786
570,20057312,0.023716595,-0.295927018,-0.110155493,0.052474048,0.0703539699,-0.0212936122,-0.546599329,-0.211991593,-63.6032143,-0.334306031,0.0384755097,-0.160408929,0.0018973276,-0.0236741614,-0.233046648,-0.184257786,0.00562831759,-0.00170348898,0.3,0.3,-0.38,-0.250145905,0.00307804078,-0.0128327143,0.0018973276,0.233046648,0.00562831759,0.3,0.38,0.00307804078,0.0236741614,-0.184257786,-0.00170348898,-0.3,0.0128327143,0.250145905
571,20076530,0.0239562225,-0.295582622,-0.110175617,0.0522108264,0.0702753291,-0.0214110445,-0.546645224,-0.21240519,-63.6040001,-0.334189057,0.0377762914,-0.160942376,0.0019164978,-0.0236466098,-0.233052685,-0.184336752,0.00562202632,-0.00171288356,0.3,0.3,-0.38,-0.250128359,0.00302210331,-0.0128753901,0.0019164978,0.233052685,0.00562202632,0.3,0.38,0.00302210331,0.0236466098,-0.184336752,-0.00171288356,-0.3,0.0128753901,0.250128359
572,20097054,0.024137022,-0.295101374,-0.110208809,0.0519991554,0.0702544525,-0.0215391181,-0.546957374,-0.212901175,-63.6049995,-0.333950192,0.0374023914,-0.161555067,0.00193096176,-0.02360811,-0.233062643,-0.184400253,0.0056203562,-0.00172312945,0.3,0.3,-0.38,-0.250092529,0.00299219131,-0.0129244053,0.00193096176,0.233062643,0.0056203562,0.3,0.38,0.00299219131,0.02360811,-0.184400253,-0.00172312945,-0.3,0.0129244053,0.250092529
573,20119591,0.0242314357,-0.294760138,-0.110168427,0.0518783703,0.0703182369,-0.0215631556,-0.547143996,-0.213437453,-63.6060257,-0.333646059,0.0372022167,-0.161877394,0.00193851486,-0.023580811,-0.233050528,-0.184436489,0.00562545896,-0.00172505245,0.3,0.3,-0.38,-0.250046909,0.00297617733,-0.0129501915,0.00193851486,0.233050528,0.00562545896,0.3,0.38,0.00297617733,0.023580811,-0.184436489,-0.00172505245,-0.3,0.0129501915,0.250046909
574,20137224,0.0241504796,-0.294494033,-0.110120416,0.0517408922,0.0704384595,-0.0215232279,-0.547500908,-0.213862464,-63.6072998,-0.333389461,0.0373597406,-0.162150577,0.00193203837,-0.0235595226,-0.233036125,-0.184477732,0.00563507676,-0.00172185823,0.3,0.3,-0.38,-0.250008419,0.00298877925,-0.0129720461,0.00193203837,0.233036125,0.00563507676,0.3,0.38,0.00298877925,0.0235595226,-0.184477732,-0.00172185823,-0.3,0.0129720461,0.250008419
575,20168413,0.0236912202,-0.294380486,-0.110164493,0.051728256,0.0706198439,-0.0213477444,-0.547808051,-0.214260697,-63.6087723,-0.333210558,0.0386380926,-0.162237808,0.00189529762,-0.0235504389,-0.233049348,-0.184481523,0.00564958751,-0.00170781955,0.3,0.3,-0.38,-0.249981584,0.00309104741,-0.0129790246,0.00189529762,0.233049348,0.00564958751,0.3,0.38,0.00309104741,0.0235504389,-0.184481523,-0.00170781955,-0.3,0.0129790246,0.249981584
576,20176406,0.0233755857,-0.294274449,-0.110344529,0.0517133214,0.0706893057,-0.0212507788,-0.548407018,-0.214615434,-63.6101875,-0.333092213,0.0395262055,-0.162347123,0.00187004685,-0.0235419559,-0.233103359,-0.184486004,0.00565514445,-0.0017000623,0.3,0.3,-0.38,-0.249963832,0.00316209644,-0.0129877698,0.00187004685,0.233103359,0.00565514445,0.3,0.38,0.00316209644,0.0235419559,-0.184486004,-0.0017000623,-0.3,0.0129877698,0.249963832
577,20196558,0.0234818626,-0.294154018,-0.11037498,0.0516590662,0.0708042309,-0.0211793315,-0.54900533,-0.214915276,-63.6117287,-0.333076417,0.0396713875,-0.162520751,0.00187854901,-0.0235323215,-0.233112494,-0.18450228,0.00566433847,-0.00169434652,0.3,0.3,-0.38,-0.249961463,0.003173711,-0.0130016601,0.00187854901,0.233112494,0.00566433847,0.3,0.38,0.003173711,0.0235323215,-0.18450228,-0.00169434652,-0.3,0.0130016601,0.249961463
578,20217819,0.0232649613,-0.29397884,-0.11030852,0.0516028702,0.0710021704,-0.0210679527,-0.549737692,-0.214935854,-63.6134338,-0.333149642,0.0406296626,-0.162725702,0.00186119691,-0.0235183072,-0.233092556,-0.184519139,0.00568017364,-0.00168543622,0.3,0.3,-0.38,-0.249972446,0.00325037301,-0.0130180562,0.00186119691,0.233092556,0.00568017364,0.3,0.38,0.00325037301,0.0235183072,-0.184519139,-0.00168543622,-0.3,0.0130180562,0.249972446
579,20237504,0.0238310397,-0.293489456,-0.110530056,0.0517076328,0.0707968324,-0.0213901773,-0.550133467,-0.215072855,-63.6148834,-0.333179533,0.0396275483,-0.162951261,0.00190648317,-0.0234791565,-0.233159017,-0.18448771,0.0056637466,-0.00171121418,0.3,0.3,-0.38,-0.24997693,0.00317020386,-0.0130361009,0.00190648317,0.233159017,0.0056637466,0.3,0.38,0.00317020386,0.0234791565,-0.18448771,-0.00171121418,-0.3,0.0130361009,0.24997693
580,20271782,0.0248069838,-0.292840987,-0.110664606,0.0516335554,0.0705227107,-0.0217170995,-0.550390184,-0.215661481,-63.6161079,-0.333014697,0.0379000604,-0.163210377,0.0019845587,-0.023427279,-0.233199382,-0.184509933,0.00564181685,-0.00173736796,0.3,0.3,-0.38,-0.249952205,0.00303200483,-0.0130568302,0.0019845587,0.233199382,0.00564181685,0.3,0.38,0.00303200483,0.023427279,-0.184509933,-0.00173736796,-0.3,0.0130568302,0.249952205
581,20275283,0.0251346175,-0.292332023,-0.110623315,0.0515350886,0.0704191998,-0.021812031,-0.550429225,-0.216253445,-63.6173973,-0.332844675,0.0376414321,-0.163109466,0.0020107694,-0.0233865619,-0.233186994,-0.184539473,0.00563353598,-0.00174496248,0.3,0.3,-0.38,-0.249926701,0.00301131457,-0.0130487573,0.0020107694,0.233186994,0.00563353598,0.3,0.38,0.00301131457,0.0233865619,-0.184539473,-0.00174496248,-0.3,0.0130487573,0.249926701
582,20298330,0.025351828,-0.292409509,-0.110330209,0.0514786802,0.0704012215,-0.0217475221,-0.550067961,-0.216615707,-63.6185112,-0.332660168,0.0372912586,-0.16279763,0.00202814624,-0.0233927608,-0.233099063,-0.184556396,0.00563209772,-0.00173980176,0.3,0.3,-0.38,-0.249899025,0.00298330069,-0.0130238104,0.00202814624,0.233099063,0.00563209772,0.3,0.38,0.00298330069,0.0233927608,-0.184556396,-0.00173980176,-0.3,0.0130238104,0.249899025
583,20316586,0.0249645039,-0.293166101,-0.110050291,0.0512714311,0.0706873387,-0.0212126151,-0.549656272,-0.217167869,-63.6200066,-0.332496703,0.0383778326,-0.162409395,0.00199716032,-0.0234532881,-0.233015087,-0.184618571,0.0056549871,-0.00169700921,0.3,0.3,-0.38,-0.249874505,0.00307022661,-0.0129927516,0.00199716032,0.233015087,0.0056549871,0.3,0.38,0.00307022661,0.0234532881,-0.184618571,-0.00169700921,-0.3,0.0129927516,0.249874505
584,20336174,0.0238538291,-0.294005483,-0.109842837,0.0515154861,0.0710047483,-0.0208492149,-0.549296379,-0.216458172,-63.6216049,-0.33263737,0.0406057499,-0.162170559,0.00190830633,-0.0235204387,-0.232952851,-0.184545354,0.00568037987,-0.00166793719,0.3,0.3,-0.38,-0.249895605,0.00324845999,-0.0129736447,0.00190830633,0.232952851,0.00568037987,0.3,0.38,0.00324845999,0.0235204387,-0.184545354,-0.00166793719,-0.3,0.0129736447,0.249895605
585,20358417,0.023713693,-0.294289321,-0.110007256,0.0518530123,0.0708344951,-0.0210475419,-0.54908365,-0.215411782,-63.6226425,-0.332813293,0.0404284634,-0.162347943,0.00189709544,-0.0235431457,-0.233002177,-0.184444096,0.00566675961,-0.00168380335,0.3,0.3,-0.38,-0.249921994,0.00323427707,-0.0129878354,0.00189709544,0.233002177,0.00566675961,0.3,0.38,0.00323427707,0.0235431457,-0.184444096,-0.00168380335,-0.3,0.0129878354,0.249921994
586,20376286,0.0238427054,-0.294232905,-0.110185765,0.0518445671,0.0707572997,-0.0211309884,-0.549117863,-0.215074837,-63.623642,-0.332877219,0.0400214829,-0.162612319,0.00190741643,-0.0235386324,-0.233055729,-0.18444663,0.00566058397,-0.00169047907,0.3,0.3,-0.38,-0.249931583,0.00320171863,-0.0130089855,0.00190741643,0.233055729,0.00566058397,0.3,0.38,0.00320171863,0.0235386324,-0.18444663,-0.00169047907,-0.3,0.0130089855,0.249931583
587,20396136,0.0238374192,-0.294185609,-0.110041514,0.0520181544,0.0707831606,-0.0211855285,-0.548689842,-0.214418694,-63.6243629,-0.332983226,0.0395874865,-0.162553504,0.00190699354,-0.0235348487,-0.233012454,-0.184394554,0.00566265285,-0.00169484228,0.3,0.3,-0.38,-0.249947484,0.00316699892,-0.0130042803,0.00190699354,0.233012454,0.00566265285,0.3,0.38,0.00316699892,0.0235348487,-0.184394554,-0.00169484228,-0.3,0.0130042803,0.249947484
588,20424665,0.0241347626,-0.2943407,-0.109903328,0.0518520176,0.0707552806,-0.0211437326,-0.548363686,-0.214344963,-63.6249847,-0.333021879,0.0386450924,-0.162441015,0.00193078101,-0.023547256,-0.232970998,-0.184444395,0.00566042244,-0.00169149861,0.3,0.3,-0.38,-0.249953282,0.00309160739,-0.0129952812,0.00193078101,0.232970998,0.00566042244,0.3,0.38,0.00309160739,0.023547256,-0.184444395,-0.00169149861,-0.3,0.0129952812,0.249953282
589,20436595,0.0245991144,-0.294469714,-0.109821022,0.0516122282,0.0707301274,-0.0210719779,-0.547974885,-0.214793146,-63.6257057,-0.332867652,0.0378893167,-0.162257925,0.00196792915,-0.0235575771,-0.232946306,-0.184516332,0.00565841019,-0.00168575823,0.3,0.3,-0.38,-0.249930148,0.00303114533,-0.012980634,0.00196792915,0.232946306,0.00565841019,0.3,0.38,0.00303114533,0.0235575771,-0.184516332,-0.00168575823,-0.3,0.012980634,0.249930148
590,20457655,0.0245614182,-0.294461936,-0.109951273,0.0517681837,0.0705158114,-0.021298239,-0.547763824,-0.214665294,-63.6261902,-0.332701236,0.0377508476,-0.162089795,0.00196491346,-0.0235569549,-0.232985382,-0.184469545,0.00564126492,-0.00170385912,0.3,0.3,-0.38,-0.249905185,0.00302006781,-0.0129671836,0.00196491346,0.232985382,0.00564126492,0.3,0.38,0.00302006781,0.0235569549,-0.184469545,-0.00170385912,-0.3,0.0129671836,0.249905185
591,20476253,0.0237039253,-0.294647723,-0.110013589,0.0518620498,0.070600301,-0.0211931951,-0.547708213,-0.214390755,-63.6269608,-0.332783133,0.039344918,-0.161872789,0.00189631402,-0.0235718179,-0.233004077,-0.184441385,0.00564802408,-0.00169545561,0.3,0.3,-0.38,-0.24991747,0.00314759344,-0.0129498231,0.00189631402,0.233004077,0.00564802408,0.3,0.38,0.00314759344,0.0235718179,-0.184441385,-0.00169545561,-0.3,0.0129498231,0.24991747
592,20495939,0.0232656077,-0.294718504,-0.109927393,0.0517426208,0.070765987,-0.0210408848,-0.54798007,-0.214236736,-63.6278267,-0.332911313,0.0404344946,-0.161968753,0.00186124861,-0.0235774803,-0.232978218,-0.184477214,0.00566127896,-0.00168327078,0.3,0.3,-0.38,-0.249936697,0.00323475957,-0.0129575002,0.00186124861,0.232978218,0.00566127896,0.3,0.38,0.00323475957,0.0235774803,-0.184477214,-0.00168327078,-0.3,0.0129575002,0.249936697
593,20518994,0.0230022911,-0.294664443,-0.110013321,0.0518829636,0.0708001181,-0.0211300496,-0.548284113,-0.213884518,-63.6287155,-0.333120614,0.0408958867,-0.162323967,0.00184018329,-0.0235731554,-0.233003996,-0.184435111,0.00566400945,-0.00169040397,0.3,0.3,-0.38,-0.249968092,0.00327167094,-0.0129859173,0.00184018329,0.233003996,0.00566400945,0.3,0.38,0.00327167094,0.0235731554,-0.184435111,-0.00169040397,-0.3,0.0129859173,0.249968092
594,20536469,0.0225294363,-0.294238716,-0.110248029,0.0521447845,0.0707918853,-0.021364022,-0.548720598,-0.213222012,-63.6294403,-0.333477497,0.0416137651,-0.162762105,0.0018023549,-0.0235390973,-0.233074409,-0.184356565,0.00566335082,-0.00170912176,0.3,0.3,-0.38,-0.250021625,0.0033291012,-0.0130209684,0.0018023549,0.233074409,0.00566335082,0.3,0.38,0.0033291012,0.0235390973,-0.184356565,-0.00170912176,-0.3,0.0130209684,0.250021625
595,20557753,0.0232059266,-0.293458223,-0.110492185,0.0521785431,0.0705106109,-0.0218187608,-0.549057662,-0.213092759,-63.629776,-0.333687872,0.039948374,-0.163204476,0.00185647413,-0.0234766579,-0.233147655,-0.184346437,0.00564084888,-0.00174550086,0.3,0.3,-0.38,-0.250053181,0.00319586992,-0.0130563581,0.00185647413,0.233147655,0.00564084888,0.3,0.38,0.00319586992,0.0234766579,-0.184346437,-0.00174550086,-0.3,0.0130563581,0.250053181
596,20575951,0.024117494,-0.292803377,-0.110537045,0.0519941561,0.0702954084,-0.0221074652,-0.54894495,-0.213707492,-63.630043,-0.333577126,0.0379794613,-0.163392529,0.00192939952,-0.0234242702,-0.233161113,-0.184401753,0.00562363267,-0.00176859722,0.3,0.3,-0.38,-0.250036569,0.0030383569,-0.0130714023,0.00192939952,0.233161113,0.00562363267,0.3,0.38,0.0030383569,0.0234242702,-0.184401753,-0.00176859722,-0.3,0.0130714023,0.250036569
597,20598749,0.0236138329,-0.292807996,-0.110228419,0.0518748127,0.0705679134,-0.021886861,-0.548669815,-0.213879481,-63.6306114,-0.333604246,0.0387980901,-0.163078189,0.00188910663,-0.0234246397,-0.233068526,-0.184437556,0.00564543307,-0.00175094888,0.3,0.3,-0.38,-0.250040637,0.00310384721,-0.0130462551,0.00188910663,0.233068526,0.00564543307,0.3,0.38,0.00310384721,0.0234246397,-0.184437556,-0.00175094888,-0.3,0.0130462551,0.250040637
598,20616922,0.0233346429,-0.29317984,-0.110156633,0.0517570823,0.0706777647,-0.0216342751,-0.548602939,-0.214306653,-63.6312904,-0.333655804,0.0394694842,-0.162694693,0.00186677143,-0.0234543872,-0.23304699,-0.184472875,0.00565422118,-0.00173074201,0.3,0.3,-0.38,-0.250048371,0.00315755874,-0.0130155754,0.00186677143,0.23304699,0.00565422118,0.3,0.38,0.00315755874,0.0234543872,-0.184472875,-0.00173074201,-0.3,0.0130155754,0.250048371
599,20635265,0.0232989453,-0.293682933,-0.110126622,0.0515020713,0.0708547831,-0.0212703459,-0.548774481,-0.215047762,-63.6322632,-0.333570391,0.0401120819,-0.162567139,0.00186391562,-0.0234946346,-0.233037987,-0.184549379,0.00566838264,-0.00170162767,0.3,0.3,-0.38,-0.250035559,0.00320896655,-0.0130053711,0.00186391562,0.233037987,0.00566838264,0.3,0.38,0.00320896655,0.0234946346,-0.184549379,-0.00170162767,-0.3,0.0130053711,0.250035559
600,20658949,0.0237367805,-0.293694794,-0.11017064,0.0515292026,0.0708731562,-0.021226164,-0.549014449,-0.215232119,-63.6330948,-0.333397776,0.0396525189,-0.16249454,0.00189894244,-0.0234955835,-0.233051192,-0.184541239,0.0056698525,-0.00169809312,0.3,0.3,-0.38,-0.250009666,0.00317220151,-0.0129995632,0.00189894244,0.233051192,0.0056698525,0.3,0.38,0.00317220151,0.0234955835,-0.184541239,-0.00169809312,-0.3,0.0129995632,0.250009666
601,20689242,0.0240230635,-0.293579251,-0.110290647,0.0515304282,0.0708261281,-0.0212319475,-0.549489379,-0.21540837,-63.6338692,-0.333199263,0.0394467227,-0.162349597,0.00192184508,-0.02348634,-0.233087194,-0.184540872,0.00566609025,-0.0016985558,0.3,0.3,-0.38,-0.249979889,0.00315573782,-0.0129879677,0.00192184508,0.233087194,0.00566609025,0.3,0.38,0.00315573782,0.02348634,-0.184540872,-0.0016985558,-0.3,0.0129879677,0.249979889
602,20700423,0.024191305,-0.29353264,-0.110269636,0.0516052172,0.070812434,-0.0212017223,-0.549385369,-0.215573937,-63.6347313,-0.333066761,0.0394374393,-0.162103757,0.0019353044,-0.0234826112,-0.233080891,-0.184518435,0.00566499472,-0.00169613779,0.3,0.3,-0.38,-0.249960014,0.00315499514,-0.0129683006,0.0019353044,0.233080891,0.00566499472,0.3,0.38,0.00315499514,0.0234826112,-0.184518435,-0.00169613779,-0.3,0.0129683006,0.249960014
603,20731221,0.0244356915,-0.293536395,-0.110312708,0.0515793897,0.0706971884,-0.0212045535,-0.549573839,-0.215891778,-63.6354218,-0.332915515,0.0393445641,-0.162022159,0.00195485532,-0.0234829116,-0.233093812,-0.184526183,0.00565577507,-0.00169636428,0.3,0.3,-0.38,-0.249937327,0.00314756513,-0.0129617727,0.00195485532,0.233093812,0.00565577507,0.3,0.38,0.00314756513,0.0234829116,-0.184526183,-0.00169636428,-0.3,0.0129617727,0.249937327
604,20746582,0.0251106191,-0.293258011,-0.110422827,0.0512258112,0.0706212297,-0.0211576708,-0.550066292,-0.216725945,-63.6363487,-0.33263737,0.0386523232,-0.162064865,0.00200884953,-0.0234606409,-0.233126848,-0.184632257,0.00564969838,-0.00169261366,0.3,0.3,-0.38,-0.249895605,0.00309218585,-0.0129651892,0.00200884953,0.233126848,0.00564969838,0.3,0.38,0.00309218585,0.0234606409,-0.184632257,-0.00169261366,-0.3,0.0129651892,0.249895605
605,20760638,0.0255388711,-0.292877734,-0.11049825,0.0512036644,0.0704643279,-0.0213674679,-0.55048871,-0.217021048,-63.6372337,-0.332471877,0.0381707624,-0.162212342,0.00204310969,-0.0234302187,-0.233149475,-0.184638901,0.00563714623,-0.00170939744,0.3,0.3,-0.38,-0.249870782,0.00305366099,-0.0129769874,0.00204310969,0.233149475,0.00563714623,0.3,0.38,0.00305366099,0.0234302187,-0.184638901,-0.00170939744,-0.3,0.0129769874,0.249870782
606,20776308,0.0256251786,-0.29251489,-0.110539533,0.051384896,0.0703136399,-0.0216115694,-0.550407887,-0.216996714,-63.637989,-0.332352698,0.0380640849,-0.16231899,0.00205001429,-0.0234011912,-0.23316186,-0.184584531,0.0056250912,-0.00172892556,0.3,0.3,-0.38,-0.249852905,0.0030451268,-0.0129855192,0.00205001429,0.23316186,0.0056250912,0.3,0.38,0.0030451268,0.0234011912,-0.184584531,-0.00172892556,-0.3,0.0129855192,0.249852905
607,20797478,0.0251568016,-0.292610615,-0.110277668,0.0515801199,0.07040333,-0.0215879455,-0.550119817,-0.216675222,-63.6386414,-0.332450837,0.0388341248,-0.162440807,0.00201254413,-0.0234088492,-0.2330833,-0.184525964,0.0056322664,-0.00172703564,0.3,0.3,-0.38,-0.249867626,0.00310672998,-0.0129952645,0.00201254413,0.2330833,0.0056322664,0.3,0.38,0.00310672998,0.0234088492,-0.184525964,-0.00172703564,-0.3,0.0129952645,0.249867626
608,20816632,0.0254611783,-0.292917043,-0.109959729,0.0515682511,0.0704566836,-0.0214818064,-0.549573302,-0.216551051,-63.6389961,-0.332428128,0.0380548872,-0.162527218,0.00203689426,-0.0234333634,-0.232987919,-0.184529525,0.00563653469,-0.00171854451,0.3,0.3,-0.38,-0.249864219,0.00304439098,-0.0130021775,0.00203689426,0.232987919,0.00563653469,0.3,0.38,0.00304439098,0.0234333634,-0.184529525,-0.00171854451,-0.3,0.0130021775,0.249864219
609,20836429,0.0255030207,-0.293601304,-0.1095943,0.051575359,0.0706558526,-0.0211683344,-0.548902333,-0.216264546,-63.6393623,-0.332361281,0.037675187,-0.162426725,0.00204024166,-0.0234881043,-0.23287829,-0.184527392,0.0056524682,-0.00169346675,0.3,0.3,-0.38,-0.249854192,0.00301401496,-0.012994138,0.00204024166,0.23287829,0.0056524682,0.3,0.38,0.00301401496,0.0234881043,-0.184527392,-0.00169346675,-0.3,0.012994138,0.249854192
610,20857588,0.0250964183,-0.294185877,-0.10953141,0.0517960489,0.0706820935,-0.0210527405,-0.548015118,-0.215458393,-63.6395836,-0.332353801,0.0379952043,-0.162124798,0.00200771347,-0.0235348701,-0.232859423,-0.184461185,0.00565456748,-0.00168421924,0.3,0.3,-0.38,-0.24985307,0.00303961635,-0.0129699838,0.00200771347,0.232859423,0.00565456748,0.3,0.38,0.00303961635,0.0235348701,-0.184461185,-0.00168421924,-0.3,0.0129699838,0.24985307
611,20880858,0.0245759711,-0.294615418,-0.109589271,0.0520951189,0.0704948083,-0.0212275609,-0.547167599,-0.214220554,-63.6395187,-0.332434982,0.0381794162,-0.162014708,0.00196607769,-0.0235692334,-0.232876781,-0.184371464,0.00563958466,-0.00169820487,0.3,0.3,-0.38,-0.249865247,0.0030543533,-0.0129611766,0.00196607769,0.232876781,0.00563958466,0.3,0.38,0.0030543533,0.0235692334,-0.184371464,-0.00169820487,-0.3,0.0129611766,0.249865247
612,20905086,0.0238688663,-0.295117676,-0.109509096,0.0523132384,0.0705118477,-0.0212236345,-0.546209574,-0.213161305,-63.639389,-0.332515091,0.0386799984,-0.161967054,0.0019095093,-0.0236094141,-0.232852729,-0.184306028,0.00564094782,-0.00169789076,0.3,0.3,-0.38,-0.249877264,0.00309439987,-0.0129573643,0.0019095093,0.232852729,0.00564094782,0.3,0.38,0.00309439987,0.0236094141,-0.184306028,-0.00169789076,-0.3,0.0129573643,0.249877264
613,20915937,0.0229210071,-0.295590222,-0.109521106,0.0525293127,0.0705999956,-0.0211828575,-0.545648158,-0.212113291,-63.6390877,-0.332713306,0.0394484885,-0.161970988,0.00183368057,-0.0236472178,-0.232856332,-0.184241206,0.00564799964,-0.0016946286,0.3,0.3,-0.38,-0.249906996,0.00315587908,-0.012957679,0.00183368057,0.232856332,0.00564799964,0.3,0.38,0.00315587908,0.0236472178,-0.184241206,-0.0016946286,-0.3,0.012957679,0.249906996
614,20938005,0.0220512766,-0.295887947,-0.109592579,0.0526919067,0.0707041547,-0.0211831946,-0.545369446,-0.211053908,-63.6387444,-0.33306697,0.0399801508,-0.162155584,0.00176410213,-0.0236710358,-0.232877774,-0.184192428,0.00565633237,-0.00169465557,0.3,0.3,-0.38,-0.249960046,0.00319841206,-0.0129724467,0.00176410213,0.232877774,0.00565633237,0.3,0.38,0.00319841206,0.0236710358,-0.184192428,-0.00169465557,-0.3,0.0129724467,0.249960046
615,20955955,0.0215606689,-0.295740575,-0.10984008,0.0526786596,0.0707002729,-0.0213747956,-0.545634151,-0.210406855,-63.6384277,-0.333434522,0.0401004776,-0.162658334,0.00172485352,-0.023659246,-0.232952024,-0.184196402,0.00565602183,-0.00170998365,0.3,0.3,-0.38,-0.250015178,0.00320803821,-0.0130126667,0.00172485352,0.232952024,0.00565602183,0.3,0.38,0.00320803821,0.023659246,-0.184196402,-0.00170998365,-0.3,0.0130126667,0.250015178
616,20981328,0.0216326937,-0.295342118,-0.110160582,0.0526100509,0.0706243142,-0.0216172133,-0.54595834,-0.210497871,-63.6379662,-0.333579421,0.0393803194,-0.163099319,0.0017306155,-0.0236273694,-0.233048175,-0.184216985,0.00564994514,-0.00172937706,0.3,0.3,-0.38,-0.250036913,0.00315042555,-0.0130479455,0.0017306155,0.233048175,0.00564994514,0.3,0.38,0.00315042555,0.0236273694,-0.184216985,-0.00172937706,-0.3,0.0130479455,0.250036913
617,20996120,0.0217376947,-0.294988632,-0.110297032,0.0525749475,0.0706057101,-0.021817917,-0.546196938,-0.210751265,-63.6374702,-0.333637148,0.038560763,-0.163567364,0.00173901558,-0.0235990906,-0.23308911,-0.184227516,0.00564845681,-0.00174543336,0.3,0.3,-0.38,-0.250045572,0.00308486104,-0.0130853891,0.00173901558,0.23308911,0.00564845681,0.3,0.38,0.00308486104,0.0235990906,-0.184227516,-0.00174543336,-0.3,0.0130853891,0.250045572
618,21033203,0.0217250437,-0.294695556,-0.110409252,0.0523057096,0.0706955343,-0.0218008645,-0.546745121,-0.211509451,-63.6372948,-0.33359915,0.0385439172,-0.163933322,0.00173800349,-0.0235756445,-0.233122776,-0.184308287,0.00565564275,-0.00174406916,0.3,0.3,-0.38,-0.250039873,0.00308351338,-0.0131146657,0.00173800349,0.233122776,0.00565564275,0.3,0.38,0.00308351338,0.0235756445,-0.184308287,-0.00174406916,-0.3,0.0131146657,0.250039873
619,21036207,0.0213368796,-0.294598997,-0.110550992,0.0520664565,0.0708687454,-0.0216460787,-0.547477901,-0.212461531,-63.6375046,-0.333567083,0.0396267138,-0.164198011,0.00170695037,-0.0235679197,-0.233165298,-0.184380063,0.00566949964,-0.00173168629,0.3,0.3,-0.38,-0.250035062,0.00317013711,-0.0131358409,0.00170695037,0.233165298,0.00566949964,0.3,0.38,0.00317013711,0.0235679197,-0.184380063,-0.00173168629,-0.3,0.0131358409,0.250035062
620,21056356,0.0213814713,-0.294324398,-0.110842161,0.0518704951,0.0709275454,-0.0216146987,-0.548502028,-0.213619202,-63.6379814,-0.333489239,0.0400226787,-0.164561436,0.0017105177,-0.0235459518,-0.233252648,-0.184438851,0.00567420363,-0.0017291759,0.3,0.3,-0.38,-0.250023386,0.00320181429,-0.0131649148,0.0017105177,0.233252648,0.00567420363,0.3,0.38,0.00320181429,0.0235459518,-0.184438851,-0.0017291759,-0.3,0.0131649148,0.250023386
621,21084593,0.0227528792,-0.293475181,-0.111081406,0.0516418181,0.0707312375,-0.0218932927,-0.549521565,-0.214996234,-63.638279,-0.333087921,0.0378379896,-0.165115625,0.00182023033,-0.0234780145,-0.233324422,-0.184507455,0.005658499,-0.00175146341,0.3,0.3,-0.38,-0.249963188,0.00302703917,-0.01320925,0.00182023033,0.233324422,0.005658499,0.3,0.38,0.00302703917,0.0234780145,-0.184507455,-0.00175146341,-0.3,0.01320925,0.249963188
