frame_index,elapsed_us,raw_action_0,raw_action_1,raw_action_2,raw_action_3,raw_action_4,raw_action_5,raw_action_6,raw_action_7,raw_action_8,raw_action_9,raw_action_10,raw_action_11,target_q_model_rad_0,target_q_model_rad_1,target_q_model_rad_2,target_q_model_rad_3,target_q_model_rad_4,target_q_model_rad_5,target_q_model_rad_6,target_q_model_rad_7,target_q_model_rad_8,target_q_model_rad_9,target_q_model_rad_10,target_q_model_rad_11,target_rad_0,target_rad_1,target_rad_2,target_rad_3,target_rad_4,target_rad_5,target_rad_6,target_rad_7,target_rad_8,target_rad_9,target_rad_10,target_rad_11
0,8629379,0.102449372,-0.0758158416,-0.0254473332,-0.054832451,0.0179621764,-0.11841087,-0.183370471,0.0120727988,-0.247543857,-0.157455057,0.0359923393,0.465436846,0.00819594979,-0.00606526732,-0.2114513,-0.224674603,0.00143697411,-0.00947286963,0.2,0.205432759,-0.0995087713,-0.0814910114,0.00287938714,0.0372349477,0.00819594979,0.2114513,0.00143697411,0.2,0.0995087713,0.00287938714,0.00606526732,-0.224674603,-0.00947286963,-0.205432759,-0.0372349477,0.0814910114
1,8645026,0.171859682,-0.131569117,-0.035308782,0.00164793606,0.0709720179,-0.199514315,-0.253606796,0.0253557526,-0.374103993,-0.141235441,0.0210031774,0.747368336,0.0137487745,-0.0105255294,-0.215888952,-0.199258429,0.00567776144,-0.0159611452,0.2,0.211410089,-0.124820799,-0.0782470882,0.00168025419,0.0597894669,0.0137487745,0.215888952,0.00567776144,0.2,0.124820799,0.00168025419,0.0105255294,-0.199258429,-0.0159611452,-0.211410089,-0.0597894669,0.0782470882
2,8659462,0.222251505,-0.164784476,-0.0355166309,0.0390940681,0.125618771,-0.253286809,-0.279900789,0.0734005943,-0.427755088,-0.0864372477,0.0205712523,0.860500872,0.0177801204,-0.0131827581,-0.215982484,-0.182407669,0.0100495017,-0.0202629447,0.2,0.233030267,-0.135551018,-0.0672874495,0.00164570019,0.0688400698,0.0177801204,0.215982484,0.0100495017,0.2,0.135551018,0.00164570019,0.0131827581,-0.182407669,-0.0202629447,-0.233030267,-0.0688400698,0.0672874495
3,8683089,0.282788664,-0.174299002,-0.0579721592,0.065801695,0.155467957,-0.286440253,-0.292834908,0.095914863,-0.466707677,-0.0483104475,0.0174426772,0.84749645,0.0226230931,-0.0139439201,-0.226087472,-0.170389237,0.0124374366,-0.0229152203,0.2,0.243161688,-0.143341535,-0.0596620895,0.00139541417,0.067799716,0.0226230931,0.226087472,0.0124374366,0.2,0.143341535,0.00139541417,0.0139439201,-0.170389237,-0.0229152203,-0.243161688,-0.067799716,0.0596620895
4,8699971,0.323003769,-0.182344258,-0.0858331248,0.079617314,0.160519183,-0.30895561,-0.284047395,0.0839202031,-0.525000751,-0.0456885658,-0.00352817518,0.749367833,0.0258403015,-0.0145875406,-0.238624906,-0.164172209,0.0128415346,-0.0247164488,0.2,0.237764091,-0.15500015,-0.0591377132,-0.000282254014,0.0599494267,0.0258403015,0.238624906,0.0128415346,0.2,0.15500015,-0.000282254014,0.0145875406,-0.164172209,-0.0247164488,-0.237764091,-0.0599494267,0.0591377132
5,8726268,0.306035131,-0.196503192,-0.103317507,0.0941181928,0.159062818,-0.330022067,-0.264746666,0.031616047,-0.631897748,-0.0772541836,-0.0608972646,0.623037338,0.0244828105,-0.0157202554,-0.246492878,-0.157646813,0.0127250254,-0.0264017653,0.2,0.214227221,-0.17637955,-0.0654508367,-0.00487178117,0.0498429871,0.0244828105,0.246492878,0.0127250254,0.2,0.17637955,-0.00487178117,0.0157202554,-0.157646813,-0.0264017653,-0.214227221,-0.0498429871,0.0654508367
6,8743251,0.220788851,-0.221218392,-0.105942778,0.0771119967,0.155696273,-0.366472334,-0.195817798,-0.0480476208,-0.701126993,-0.130088866,-0.113759726,0.505297482,0.0176631081,-0.0176974714,-0.24767425,-0.165299601,0.0124557018,-0.0293177867,0.2,0.2,-0.190225399,-0.0760177732,-0.0091007781,0.0404237986,0.0176631081,0.24767425,0.0124557018,0.2,0.190225399,-0.0091007781,0.0176974714,-0.165299601,-0.0293177867,-0.2,-0.0404237986,0.0760177732
7,8760395,0.101380169,-0.256397069,-0.0762375668,0.024926912,0.14929004,-0.408017844,-0.086537756,-0.147825047,-0.692488194,-0.18975912,-0.155470267,0.397318661,0.00811041355,-0.0205117655,-0.234306905,-0.18878289,0.0119432032,-0.0326414275,0.2,0.2,-0.188497639,-0.0879518241,-0.0124376214,0.0317854929,0.00811041355,0.234306905,0.0119432032,0.2,0.188497639,-0.0124376214,0.0205117655,-0.18878289,-0.0326414275,-0.2,-0.0317854929,0.0879518241
8,8779745,0.018991394,-0.291667074,-0.0201814566,-0.0381578058,0.12554808,-0.431336135,0.0188994873,-0.238781944,-0.596708357,-0.230162144,-0.217914224,0.288754642,0.00151931152,-0.0233333659,-0.209081655,-0.217171013,0.0100438464,-0.0345068908,0.208504769,0.2,-0.169341671,-0.0960324287,-0.0174331379,0.0231003714,0.00151931152,0.209081655,0.0100438464,0.208504769,0.169341671,-0.0174331379,0.0233333659,-0.217171013,-0.0345068908,-0.2,-0.0231003714,0.0960324287
9,8800269,-0.0211867765,-0.286306918,0.0415670499,-0.0929396376,0.0942056924,-0.442508072,0.0901937038,-0.286665171,-0.46454221,-0.246485651,-0.269284219,0.231765851,-0.00169494212,-0.0229045534,-0.181294828,-0.241822837,0.00753645539,-0.0354006457,0.240587167,0.2,-0.142908442,-0.0992971301,-0.0215427375,0.0185412681,-0.00169494212,0.181294828,0.00753645539,0.240587167,0.142908442,-0.0215427375,0.0229045534,-0.241822837,-0.0354006457,-0.2,-0.0185412681,0.0992971301
10,8819793,-0.0215378273,-0.244676039,0.0901968852,-0.118620783,0.0741357505,-0.429958969,0.112345755,-0.284600973,-0.351984531,-0.244814962,-0.292444408,0.220449105,-0.00172302619,-0.0195740831,-0.159411402,-0.253379352,0.00593086004,-0.0343967175,0.25055559,0.2,-0.120396906,-0.0989629924,-0.0233955526,0.0176359284,-0.00172302619,0.159411402,0.00593086004,0.25055559,0.120396906,-0.0233955526,0.0195740831,-0.253379352,-0.0343967175,-0.2,-0.0176359284,0.0989629924
11,8840060,0.0126960985,-0.196017653,0.130100042,-0.11924836,0.0947885364,-0.354427367,0.0620112717,-0.226634651,-0.308916897,-0.208055466,-0.293509334,0.239612952,0.00101568788,-0.0156814122,-0.141454981,-0.253661762,0.00758308291,-0.0283541894,0.227905072,0.2,-0.111783379,-0.0916110933,-0.0234807467,0.0191690361,0.00101568788,0.141454981,0.00758308291,0.227905072,0.111783379,-0.0234807467,0.0156814122,-0.253661762,-0.0283541894,-0.2,-0.0191690361,0.0916110933
12,8861101,0.0550657585,-0.132198513,0.13589713,-0.0842538029,0.138648957,-0.246879637,-0.0464373901,-0.132551759,-0.300301999,-0.161917716,-0.238187268,0.302966923,0.00440526068,-0.010575881,-0.138846292,-0.237914211,0.0110919166,-0.019750371,0.2,0.2,-0.1100604,-0.0823835433,-0.0190549815,0.0242373538,0.00440526068,0.138846292,0.0110919166,0.2,0.1100604,-0.0190549815,0.010575881,-0.237914211,-0.019750371,-0.2,-0.0242373538,0.0823835433
13,8891445,0.0956839323,-0.0794654489,0.125245094,-0.0563029423,0.191950694,-0.126886576,-0.157209396,-0.0482381918,-0.310941547,-0.114616334,-0.121966802,0.379411042,0.00765471458,-0.00635723591,-0.143639708,-0.225336324,0.0153560555,-0.0101509261,0.2,0.2,-0.112188309,-0.0729232669,-0.00975734413,0.0303528833,0.00765471458,0.143639708,0.0153560555,0.2,0.112188309,-0.00975734413,0.00635723591,-0.225336324,-0.0101509261,-0.2,-0.0303528833,0.0729232669
14,8898280,0.131324887,-0.0749886632,0.0908923447,-0.0364379734,0.240525708,-0.0322994031,-0.216986254,-0.0277727954,-0.349523813,-0.0844400451,0.00019273971,0.4136962,0.010505991,-0.00599909306,-0.159098445,-0.216397088,0.0192420566,-0.00258395225,0.2,0.2,-0.119904763,-0.066888009,1.54191768e-05,0.033095696,0.010505991,0.159098445,0.0192420566,0.2,0.119904763,1.54191768e-05,0.00599909306,-0.216397088,-0.00258395225,-0.2,-0.033095696,0.066888009
15,8921276,0.164236799,-0.104489073,0.0611068867,-0.0144025572,0.27237469,0.0325069986,-0.228996933,-0.0294963997,-0.381936044,-0.0624473467,0.0588141792,0.382661462,0.0131389439,-0.00835912585,-0.172501901,-0.206481151,0.0217899752,0.00260055989,0.2,0.2,-0.126387209,-0.0624894693,0.00470513433,0.0306129169,0.0131389439,0.172501901,0.0217899752,0.2,0.126387209,0.00470513433,0.00835912585,-0.206481151,0.00260055989,-0.2,-0.0306129169,0.0624894693
16,8943079,0.177391276,-0.140348017,0.0388027616,0.00709957909,0.278791666,0.0655723959,-0.223172128,-0.0374356322,-0.395126849,-0.046974171,0.068797186,0.32472679,0.0141913021,-0.0112278414,-0.182538757,-0.196805189,0.0223033333,0.00524579167,0.2,0.2,-0.12902537,-0.0593948342,0.00550377488,0.0259781432,0.0141913021,0.182538757,0.0223033333,0.2,0.12902537,0.00550377488,0.0112278414,-0.196805189,0.00524579167,-0.2,-0.0259781432,0.0593948342
17,8957469,0.157803133,-0.162773237,0.0211523697,0.0123776142,0.262683004,0.0619381852,-0.203581914,-0.056089852,-0.398959517,-0.0525448322,0.0613078587,0.281269461,0.0126242507,-0.0130218589,-0.190481434,-0.194430074,0.0210146403,0.00495505482,0.2,0.2,-0.129791903,-0.0605089664,0.00490462869,0.0225015569,0.0126242507,0.190481434,0.0210146403,0.2,0.129791903,0.00490462869,0.0130218589,-0.194430074,0.00495505482,-0.2,-0.0225015569,0.0605089664
18,8982832,0.106356606,-0.171709806,0.011953854,-0.00511294836,0.232888296,0.0282106549,-0.16720134,-0.0892016292,-0.401268542,-0.0820784792,0.0546090826,0.259391546,0.00850852847,-0.0137367845,-0.194620766,-0.202300827,0.0186310637,0.00225685239,0.2,0.2,-0.130253708,-0.0664156958,0.00436872661,0.0207513237,0.00850852847,0.194620766,0.0186310637,0.2,0.130253708,0.00436872661,0.0137367845,-0.202300827,0.00225685239,-0.2,-0.0207513237,0.0664156958
19,8998794,0.0304120984,-0.181678653,0.0122915674,-0.0393113159,0.19288291,-0.0355700143,-0.0975053459,-0.13978076,-0.39219591,-0.119719103,0.0345502272,0.242830247,0.00243296787,-0.0145342922,-0.194468795,-0.217690092,0.0154306328,-0.00284560114,0.2,0.2,-0.128439182,-0.0739438206,0.00276401818,0.0194264197,0.00243296787,0.194468795,0.0154306328,0.2,0.128439182,0.00276401818,0.0145342922,-0.217690092,-0.00284560114,-0.2,-0.0194264197,0.0739438206
20,9038366,-0.0478128232,-0.186854199,0.0266452599,-0.0757061541,0.151140392,-0.112997368,-0.0190894809,-0.190777302,-0.364237398,-0.149661094,-0.0104001304,0.226622418,-0.00382502586,-0.0149483359,-0.188009633,-0.234067769,0.0120912313,-0.00903978944,0.2,0.2,-0.12284748,-0.0799322188,-0.000832010433,0.0181297934,-0.00382502586,0.188009633,0.0120912313,0.2,0.12284748,-0.000832010433,0.0149483359,-0.234067769,-0.00903978944,-0.2,-0.0181297934,0.0799322188
21,9042463,-0.104919069,-0.174572304,0.0511962548,-0.0991982073,0.121460304,-0.187408939,0.0396250561,-0.223146841,-0.315821856,-0.166536361,-0.0655702055,0.226168483,-0.00839352548,-0.0139657843,-0.176961685,-0.244639193,0.00971682429,-0.0149927151,0.217831275,0.2,-0.113164371,-0.0833072722,-0.00524561644,0.0180934787,-0.00839352548,0.176961685,0.00971682429,0.217831275,0.113164371,-0.00524561644,0.0139657843,-0.244639193,-0.0149927151,-0.2,-0.0180934787,0.0833072722
22,9056971,-0.122019857,-0.144733012,0.0712331459,-0.101873703,0.106871061,-0.245435894,0.0508567095,-0.220951751,-0.274944276,-0.169472933,-0.117297463,0.246848971,-0.00976158857,-0.0115786409,-0.167945084,-0.245843166,0.00854968488,-0.0196348715,0.222885519,0.2,-0.104988855,-0.0838945866,-0.00938379705,0.0197479177,-0.00976158857,0.167945084,0.00854968488,0.222885519,0.104988855,-0.00938379705,0.0115786409,-0.245843166,-0.0196348715,-0.2,-0.0197479177,0.0838945866
23,9089643,-0.0926945284,-0.109873965,0.0787497833,-0.0773011297,0.107619569,-0.2699292,0.00715532713,-0.173066914,-0.252104968,-0.147188321,-0.145013362,0.285092235,-0.00741556227,-0.00878991723,-0.164562597,-0.234785508,0.0086095655,-0.021594336,0.203219897,0.2,-0.100420994,-0.0794376642,-0.011601069,0.0228073788,-0.00741556227,0.164562597,0.0086095655,0.203219897,0.100420994,-0.011601069,0.00878991723,-0.234785508,-0.021594336,-0.2,-0.0228073788,0.0794376642
24,9100428,-0.0119019859,-0.0887607485,0.0659436584,-0.027520055,0.110583343,-0.24987115,-0.0888866037,-0.0816414207,-0.248738289,-0.0986263826,-0.145405695,0.322538465,-0.000952158868,-0.00710085988,-0.170325354,-0.212384025,0.00884666741,-0.019989692,0.2,0.2,-0.0997476578,-0.0697252765,-0.0116324556,0.0258030772,-0.000952158868,0.170325354,0.00884666741,0.2,0.0997476578,-0.0116324556,0.00710085988,-0.212384025,-0.019989692,-0.2,-0.0258030772,0.0697252765
25,9119750,0.0927939638,-0.0935270116,0.0319535695,0.0127506964,0.10903842,-0.203857541,-0.184444055,-0.0133007802,-0.276498377,-0.06107793,-0.0994191766,0.353379339,0.00742351711,-0.00748216093,-0.185620894,-0.194262187,0.0087230736,-0.0163086033,0.2,0.2,-0.105299675,-0.062215586,-0.00795353413,0.0282703471,0.00742351711,0.185620894,0.0087230736,0.2,0.105299675,-0.00795353413,0.00748216093,-0.194262187,-0.0163086033,-0.2,-0.0282703471,0.062215586
26,9147231,0.185512096,-0.127024353,-0.00667805318,0.0357684754,0.106808156,-0.158158988,-0.227303907,0.0034740495,-0.325521111,-0.0482245758,-0.0333977714,0.355524749,0.0148409677,-0.0101619482,-0.203005124,-0.183904186,0.00854465246,-0.012652719,0.2,0.201563322,-0.115104222,-0.0596449152,-0.00267182171,0.0284419799,0.0148409677,0.203005124,0.00854465246,0.2,0.115104222,-0.00267182171,0.0101619482,-0.183904186,-0.012652719,-0.201563322,-0.0284419799,0.0596449152
27,9160477,0.23138164,-0.165556878,-0.0350485854,0.0435053147,0.111858174,-0.130269155,-0.222377211,-0.0145785678,-0.37965551,-0.0563200638,0.0124620525,0.337941736,0.0185105312,-0.0132445502,-0.215771863,-0.180422608,0.00894865394,-0.0104215324,0.2,0.2,-0.125931102,-0.0612640128,0.000996964201,0.0270353389,0.0185105312,0.215771863,0.00894865394,0.2,0.125931102,0.000996964201,0.0132445502,-0.180422608,-0.0104215324,-0.2,-0.0270353389,0.0612640128
28,9186775,0.219135493,-0.198409408,-0.0409036241,0.0331140086,0.120314151,-0.124526575,-0.194339678,-0.0506260619,-0.423738211,-0.0816695094,0.0214604288,0.307304829,0.0175308394,-0.0158727527,-0.218406631,-0.185098696,0.00962513208,-0.00996212602,0.2,0.2,-0.134747642,-0.0663339019,0.00171683431,0.0245843863,0.0175308394,0.218406631,0.00962513208,0.2,0.134747642,0.00171683431,0.0158727527,-0.185098696,-0.00996212602,-0.2,-0.0245843863,0.0663339019
29,9199150,0.151087701,-0.219308838,-0.0425367653,0.0137792928,0.117431268,-0.155465573,-0.139720932,-0.10433016,-0.444221139,-0.127220497,0.0108140595,0.276405871,0.0120870161,-0.0175447071,-0.219141544,-0.193799318,0.00939450145,-0.0124372458,0.2,0.2,-0.138844228,-0.0754440993,0.000865124762,0.0221124697,0.0120870161,0.219141544,0.00939450145,0.2,0.138844228,0.000865124762,0.0175447071,-0.193799318,-0.0124372458,-0.2,-0.0221124697,0.0754440993
30,9230288,0.0561935268,-0.229841322,-0.0212424453,-0.0247688703,0.105913818,-0.205825955,-0.0643406287,-0.165873453,-0.427483648,-0.171190381,-0.025249809,0.238715395,0.00449548215,-0.0183873057,-0.2095591,-0.211145992,0.00847310543,-0.0164660764,0.2,0.2,-0.13549673,-0.0842380762,-0.00201998472,0.0190972316,0.00449548215,0.2095591,0.00847310543,0.2,0.13549673,-0.00201998472,0.0183873057,-0.211145992,-0.0164660764,-0.2,-0.0190972316,0.0842380762
31,9239785,-0.0318263061,-0.21715793,0.0137304822,-0.0642880946,0.093846485,-0.268399149,0.0142961312,-0.220741332,-0.367123455,-0.204794154,-0.068775624,0.216580316,-0.00254610449,-0.0173726344,-0.193821283,-0.228929643,0.0075077188,-0.0214719319,0.206433259,0.2,-0.123424691,-0.0909588307,-0.00550204992,0.0173264253,-0.00254610449,0.193821283,0.0075077188,0.206433259,0.123424691,-0.00550204992,0.0173726344,-0.228929643,-0.0214719319,-0.2,-0.0173264253,0.0909588307
32,9260363,-0.088195242,-0.179013416,0.0606210679,-0.0948645249,0.0876090452,-0.317364573,0.0620927438,-0.240482688,-0.28456524,-0.210478112,-0.116363496,0.214143798,-0.00705561936,-0.0143210733,-0.172720519,-0.242689036,0.00700872362,-0.0253891659,0.227941735,0.2,-0.106913048,-0.0920956224,-0.00930907965,0.0171315038,-0.00705561936,0.172720519,0.00700872362,0.227941735,0.106913048,-0.00930907965,0.0143210733,-0.242689036,-0.0253891659,-0.2,-0.0171315038,0.0920956224
33,9290766,-0.0950473025,-0.137456894,0.0992798805,-0.104920663,0.0954281017,-0.320416838,0.0491823144,-0.213962823,-0.236130655,-0.189761475,-0.157763883,0.223720655,-0.0076037842,-0.0109965515,-0.155324054,-0.247214298,0.00763424814,-0.025633347,0.222132041,0.2,-0.097226131,-0.0879522949,-0.0126211107,0.0178976524,-0.0076037842,0.155324054,0.00763424814,0.222132041,0.097226131,-0.0126211107,0.0109965515,-0.247214298,-0.025633347,-0.2,-0.0178976524,0.0879522949
34,9297094,-0.0377401412,-0.103335924,0.10123954,-0.0604572259,0.114245951,-0.277837753,-0.0312106758,-0.121333085,-0.218271628,-0.136560306,-0.173789933,0.246543363,-0.00301921129,-0.00826687396,-0.154442207,-0.227205752,0.00913967609,-0.0222270203,0.2,0.2,-0.0936543256,-0.0773120612,-0.0139031947,0.019723469,-0.00301921129,0.154442207,0.00913967609,0.2,0.0936543256,-0.0139031947,0.00826687396,-0.227205752,-0.0222270203,-0.2,-0.019723469,0.0773120612
35,9322748,0.0629903376,-0.0821067393,0.0646039322,-0.00258561317,0.120860584,-0.209423631,-0.158354998,-0.026100859,-0.243959039,-0.0909525901,-0.131198138,0.291523039,0.00503922701,-0.00656853914,-0.170928231,-0.201163526,0.00966884673,-0.0167538905,0.2,0.2,-0.0987918079,-0.068190518,-0.010495851,0.0233218431,0.00503922701,0.170928231,0.00966884673,0.2,0.0987918079,-0.010495851,0.00656853914,-0.201163526,-0.0167538905,-0.2,-0.0233218431,0.068190518
36,9338581,0.16568239,-0.102876946,0.0134078702,0.0334202163,0.118489668,-0.146244854,-0.235741511,0.00737229735,-0.303542137,-0.0694101304,-0.0522585548,0.317437083,0.0132545912,-0.00823015571,-0.193966458,-0.184960903,0.00947917342,-0.0116995883,0.2,0.203317534,-0.110708427,-0.0638820261,-0.00418068439,0.0253949666,0.0132545912,0.193966458,0.00947917342,0.2,0.110708427,-0.00418068439,0.00823015571,-0.184960903,-0.0116995883,-0.203317534,-0.0253949666,0.0638820261
37,9373926,0.229206413,-0.144061267,-0.0246274546,0.0500558876,0.121169232,-0.103552081,-0.235359907,-0.00227278704,-0.346818715,-0.0629519224,0.0240954198,0.319298655,0.018336513,-0.0115249014,-0.211082355,-0.177474851,0.00969353855,-0.00828416646,0.2,0.2,-0.119363743,-0.0625903845,0.00192763358,0.0255438924,0.018336513,0.211082355,0.00969353855,0.2,0.119363743,0.00192763358,0.0115249014,-0.177474851,-0.00828416646,-0.2,-0.0255438924,0.0625903845
38,9379636,0.229060441,-0.181303397,-0.0471259095,0.0439015441,0.124313414,-0.0988039598,-0.212997183,-0.0403036959,-0.400321215,-0.089994736,0.0537831597,0.308412969,0.0183248353,-0.0145042717,-0.221206659,-0.180244305,0.00994507313,-0.00790431678,0.2,0.2,-0.130064243,-0.0679989472,0.00430265278,0.0246730375,0.0183248353,0.221206659,0.00994507313,0.2,0.130064243,0.00430265278,0.0145042717,-0.180244305,-0.00790431678,-0.2,-0.0246730375,0.0679989472
39,9398483,0.17415823,-0.211099625,-0.0420952253,0.0219529048,0.124386415,-0.123839177,-0.166338071,-0.086996913,-0.434024453,-0.124828443,0.0310539901,0.270628035,0.0139326584,-0.01688797,-0.218942851,-0.190121193,0.00995091319,-0.00990713418,0.2,0.2,-0.136804891,-0.0749656886,0.00248431921,0.0216502428,0.0139326584,0.218942851,0.00995091319,0.2,0.136804891,0.00248431921,0.01688797,-0.190121193,-0.00990713418,-0.2,-0.0216502428,0.0749656886
40,9420081,0.0854535475,-0.231163397,-0.0281487647,-0.0115845446,0.113858424,-0.171435654,-0.0944547653,-0.147216901,-0.432027578,-0.162894666,-0.00911132246,0.226532727,0.0068362838,-0.0184930718,-0.212666944,-0.205213045,0.00910867393,-0.0137148523,0.2,0.2,-0.136405516,-0.0825789332,-0.000728905797,0.0181226182,0.0068362838,0.212666944,0.00910867393,0.2,0.136405516,-0.000728905797,0.0184930718,-0.205213045,-0.0137148523,-0.2,-0.0181226182,0.0825789332
41,9439883,-0.00720347743,-0.22898002,0.0123152463,-0.0621254481,0.101782978,-0.226161957,-0.0119235143,-0.206804186,-0.382586658,-0.194037601,-0.0567847788,0.191575855,-0.000576278195,-0.0183184016,-0.194458139,-0.227956452,0.00814263821,-0.0180929565,0.2,0.2,-0.126517332,-0.0888075203,-0.00454278231,0.0153260684,-0.000576278195,0.194458139,0.00814263821,0.2,0.126517332,-0.00454278231,0.0183184016,-0.227956452,-0.0180929565,-0.2,-0.0153260684,0.0888075203
42,9462113,-0.0789689273,-0.194720939,0.0600183234,-0.105941057,0.0972194076,-0.273944765,0.0506191626,-0.24675557,-0.312611163,-0.212465703,-0.0997839943,0.182451472,-0.00631751418,-0.0155776751,-0.172991754,-0.247673476,0.0077775526,-0.0219155812,0.222778623,0.2,-0.112522233,-0.0924931407,-0.00798271954,0.0145961177,-0.00631751418,0.172991754,0.0077775526,0.222778623,0.112522233,-0.00798271954,0.0155776751,-0.247673476,-0.0219155812,-0.2,-0.0145961177,0.0924931407
43,9478453,-0.117257804,-0.148447111,0.105037302,-0.132584691,0.107043535,-0.289508551,0.0718234703,-0.25086996,-0.261844307,-0.209839702,-0.13566789,0.199080124,-0.00938062429,-0.0118757689,-0.152733214,-0.259663111,0.00856348276,-0.0231606841,0.232320562,0.2,-0.102368861,-0.0919679403,-0.0108534312,0.01592641,-0.00938062429,0.152733214,0.00856348276,0.232320562,0.102368861,-0.0108534312,0.0118757689,-0.259663111,-0.0231606841,-0.2,-0.01592641,0.0919679403
44,9518566,-0.100245774,-0.100410976,0.12955597,-0.114516951,0.134726956,-0.261271358,0.0275314953,-0.188538492,-0.243748307,-0.169862956,-0.156827971,0.235095337,-0.0080196619,-0.00803287804,-0.141699813,-0.251532628,0.0107781565,-0.0209017086,0.212389173,0.2,-0.0987496614,-0.0839725912,-0.0125462377,0.018807627,-0.0080196619,0.141699813,0.0107781565,0.212389173,0.0987496614,-0.0125462377,0.00803287804,-0.251532628,-0.0209017086,-0.2,-0.018807627,0.0839725912
45,9523858,-0.0187981538,-0.0547337122,0.121527955,-0.0637838021,0.162776366,-0.188296825,-0.099479951,-0.0762005299,-0.271731794,-0.112668842,-0.135774419,0.278327733,-0.00150385231,-0.00437869698,-0.14531242,-0.228702711,0.0130221093,-0.015063746,0.2,0.2,-0.104346359,-0.0725337684,-0.0108619535,0.0222662187,-0.00150385231,0.14531242,0.0130221093,0.2,0.104346359,-0.0108619535,0.00437869698,-0.228702711,-0.015063746,-0.2,-0.0222662187,0.0725337684
46,9537523,0.0844918564,-0.037585333,0.0745702684,-0.00599399908,0.184078991,-0.111089163,-0.224003434,0.000724928861,-0.315671831,-0.0665920153,-0.0568735301,0.324885875,0.00675934851,-0.00300682664,-0.166443379,-0.2026973,0.0147263193,-0.008887133,0.2,0.200326218,-0.113134366,-0.0633184031,-0.00454988241,0.02599087,0.00675934851,0.166443379,0.0147263193,0.2,0.113134366,-0.00454988241,0.00300682664,-0.2026973,-0.008887133,-0.200326218,-0.02599087,0.0633184031
47,9562979,0.168887943,-0.0682731271,0.0229500644,0.0251514465,0.197249651,-0.0498937033,-0.269522548,0.00758126797,-0.364089936,-0.0496808365,0.040711578,0.34220165,0.0135110354,-0.00546185017,-0.189672471,-0.188681849,0.0157799721,-0.00399149626,0.2,0.203411571,-0.122817987,-0.0599361673,0.00325692624,0.027376132,0.0135110354,0.189672471,0.0157799721,0.2,0.122817987,0.00325692624,0.00546185017,-0.188681849,-0.00399149626,-0.203411571,-0.027376132,0.0599361673
48,9578433,0.205536932,-0.117355242,-0.00770445121,0.0299049206,0.203162402,-0.0168099627,-0.253504843,-0.0172569323,-0.39984253,-0.0565456487,0.0963236168,0.331493855,0.0164429545,-0.00938841939,-0.203467003,-0.186542786,0.0162529922,-0.00134479702,0.2,0.2,-0.129968506,-0.0613091297,0.00770588934,0.0265195084,0.0164429545,0.203467003,0.0162529922,0.2,0.129968506,0.00770588934,0.00938841939,-0.186542786,-0.00134479702,-0.2,-0.0265195084,0.0613091297
49,9606211,0.17781724,-0.161561653,-0.0211038012,0.0201941766,0.199433282,-0.018838523,-0.210994557,-0.0602151118,-0.425121993,-0.0816811621,0.0936714932,0.302276105,0.0142253792,-0.0129249322,-0.209496711,-0.190912621,0.0159546626,-0.00150708184,0.2,0.2,-0.135024399,-0.0663362324,0.00749371946,0.0241820884,0.0142253792,0.209496711,0.0159546626,0.2,0.135024399,0.00749371946,0.0129249322,-0.190912621,-0.00150708184,-0.2,-0.0241820884,0.0663362324
50,9622858,0.0937291458,-0.197379276,-0.0213062186,-0.0114871692,0.180111706,-0.0606996976,-0.144320637,-0.124247327,-0.449694097,-0.128244266,0.0496050976,0.255085498,0.00749833167,-0.0157903421,-0.209587798,-0.205169226,0.0144089365,-0.00485597581,0.2,0.2,-0.139938819,-0.0756488532,0.00396840781,0.0204068398,0.00749833167,0.209587798,0.0144089365,0.2,0.139938819,0.00396840781,0.0157903421,-0.205169226,-0.00485597581,-0.2,-0.0204068398,0.0756488532
51,9639444,-0.00710251601,-0.223047346,0.00144171051,-0.0570686944,0.152292013,-0.120455861,-0.0522013195,-0.191437989,-0.440300196,-0.166904256,-0.0161855966,0.195740134,-0.000568201281,-0.0178437877,-0.19935123,-0.225680912,0.0121833611,-0.00963646889,0.2,0.2,-0.138060039,-0.0833808511,-0.00129484773,0.0156592107,-0.000568201281,0.19935123,0.0121833611,0.2,0.138060039,-0.00129484773,0.0178437877,-0.225680912,-0.00963646889,-0.2,-0.0156592107,0.0833808511
52,9672239,-0.0977831259,-0.214360356,0.0306409858,-0.1011765,0.124151453,-0.19939597,0.043166507,-0.251178771,-0.383950293,-0.201730475,-0.0694344491,0.16759561,-0.00782265007,-0.0171488285,-0.186211556,-0.245529425,0.00993211627,-0.0159516776,0.219424928,0.2,-0.126790059,-0.090346095,-0.00555475593,0.0134076488,-0.00782265007,0.186211556,0.00993211627,0.219424928,0.126790059,-0.00555475593,0.0171488285,-0.245529425,-0.0159516776,-0.2,-0.0134076488,0.090346095
53,9676927,-0.159160718,-0.164653212,0.0784480646,-0.136885226,0.109699532,-0.273095876,0.10572695,-0.280679315,-0.302964002,-0.220639557,-0.111124493,0.183849022,-0.0127328575,-0.0131722569,-0.164698371,-0.261598352,0.00877596259,-0.0218476701,0.247577127,0.2,-0.1105928,-0.0941279113,-0.00888995945,0.0147079217,-0.0127328575,0.164698371,0.00877596259,0.247577127,0.1105928,-0.00888995945,0.0131722569,-0.261598352,-0.0218476701,-0.2,-0.0147079217,0.0941279113
54,9699667,-0.165658131,-0.109233022,0.109025225,-0.128498361,0.112970866,-0.310803145,0.0963732824,-0.249759227,-0.247174993,-0.203520641,-0.153516039,0.224938288,-0.0132526505,-0.00873864174,-0.150938649,-0.257824262,0.0090376693,-0.0248642516,0.243367977,0.2,-0.0994349986,-0.0907041281,-0.0122812831,0.0179950631,-0.0132526505,0.150938649,0.0090376693,0.243367977,0.0994349986,-0.0122812831,0.00873864174,-0.257824262,-0.0248642516,-0.2,-0.0179950631,0.0907041281
55,9722375,-0.100246102,-0.0693977475,0.106265053,-0.0686287135,0.128147587,-0.291265428,-0.0079613477,-0.145905912,-0.242803514,-0.150454715,-0.179393992,0.275537789,-0.00801968813,-0.0055518198,-0.152180726,-0.230882921,0.010251807,-0.0233012342,0.2,0.2,-0.0985607028,-0.080090943,-0.0143515193,0.0220430231,-0.00801968813,0.152180726,0.010251807,0.2,0.0985607028,-0.0143515193,0.0055518198,-0.230882921,-0.0233012342,-0.2,-0.0220430231,0.080090943
56,9738419,0.0216311961,-0.050763946,0.0775955245,-0.00549138663,0.131881431,-0.226562053,-0.160796106,-0.0219574608,-0.266940087,-0.0850266218,-0.148289636,0.324406564,0.00173049569,-0.00406111568,-0.165082014,-0.202471124,0.0105505145,-0.0181249642,0.2,0.2,-0.103388017,-0.0670053244,-0.0118631709,0.0259525251,0.00173049569,0.165082014,0.0105505145,0.2,0.103388017,-0.0118631709,0.00406111568,-0.202471124,-0.0181249642,-0.2,-0.0259525251,0.0670053244
57,9765652,0.151836231,-0.0768226609,0.0293745082,0.0298052654,0.133091733,-0.147846907,-0.256593078,0.0296288561,-0.318153024,-0.0438420214,-0.060835205,0.344650805,0.0121468985,-0.00614581287,-0.186781471,-0.186587631,0.0106473386,-0.0118277526,0.2,0.213332985,-0.113630605,-0.0587684043,-0.0048668164,0.0275720644,0.0121468985,0.186781471,0.0106473386,0.2,0.113630605,-0.0048668164,0.00614581287,-0.186587631,-0.0118277526,-0.213332985,-0.0275720644,0.0587684043
58,9777099,0.250230223,-0.132096604,-0.0256847739,0.0525818653,0.137175322,-0.0952634737,-0.266276777,0.0238801092,-0.367017806,-0.0300128944,0.0242923014,0.333498359,0.0200184178,-0.0105677283,-0.211558148,-0.176338161,0.0109740257,-0.0076210779,0.2,0.210746049,-0.123403561,-0.0560025789,0.00194338411,0.0266798687,0.0200184178,0.211558148,0.0109740257,0.2,0.123403561,0.00194338411,0.0105677283,-0.176338161,-0.0076210779,-0.210746049,-0.0266798687,0.0560025789
59,9802363,0.263411611,-0.178400666,-0.0565500595,0.0513433367,0.141627491,-0.0830427855,-0.236388728,-0.0179861207,-0.425318807,-0.0603666678,0.0657167584,0.319385827,0.0210729289,-0.0142720532,-0.225447527,-0.176895498,0.0113301992,-0.00664342284,0.2,0.2,-0.135063761,-0.0620733336,0.00525734067,0.0255508661,0.0210729289,0.225447527,0.0113301992,0.2,0.135063761,0.00525734067,0.0142720532,-0.176895498,-0.00664342284,-0.2,-0.0255508661,0.0620733336
60,9822534,0.192722723,-0.21143584,-0.0649392381,0.0343449228,0.13590236,-0.119415872,-0.176985398,-0.081189394,-0.469120204,-0.118056804,0.0598161444,0.293976367,0.0154178178,-0.0169148672,-0.229222657,-0.184544785,0.0108721888,-0.00955326974,0.2,0.2,-0.143824041,-0.0736113608,0.00478529155,0.0235181093,0.0154178178,0.229222657,0.0108721888,0.2,0.143824041,0.00478529155,0.0169148672,-0.184544785,-0.00955326974,-0.2,-0.0235181093,0.0736113608
61,9840496,0.0693821758,-0.240572736,-0.0477638878,-0.00845107157,0.118771024,-0.185554445,-0.0842925832,-0.163792893,-0.47759521,-0.178453043,0.0110236183,0.241733134,0.00555057406,-0.0192458189,-0.22149375,-0.203802982,0.00950168192,-0.0148443556,0.2,0.2,-0.145519042,-0.0856906086,0.000881889462,0.0193386507,0.00555057406,0.22149375,0.00950168192,0.2,0.145519042,0.000881889462,0.0192458189,-0.203802982,-0.0148443556,-0.2,-0.0193386507,0.0856906086
62,9867767,-0.0546467043,-0.246012643,-0.0138701061,-0.0624939911,0.0992419645,-0.276508301,0.0283899587,-0.249947712,-0.426112473,-0.233738676,-0.0492933355,0.194917634,-0.00437173635,-0.0196810114,-0.206241548,-0.228122296,0.00793935716,-0.0221206641,0.212775481,0.2,-0.135222495,-0.0967477351,-0.00394346684,0.0155934107,-0.00437173635,0.206241548,0.00793935716,0.212775481,0.135222495,-0.00394346684,0.0196810114,-0.228122296,-0.0221206641,-0.2,-0.0155934107,0.0967477351
63,9883299,-0.15302673,-0.199969649,0.0477270335,-0.118925512,0.0852834061,-0.368960857,0.124977201,-0.308914691,-0.321970791,-0.271532297,-0.103810161,0.184455812,-0.0122421384,-0.0159975719,-0.178522835,-0.25351648,0.00682267249,-0.0295168686,0.256239741,0.2,-0.114394158,-0.104306459,-0.00830481291,0.014756465,-0.0122421384,0.178522835,0.00682267249,0.256239741,0.114394158,-0.00830481291,0.0159975719,-0.25351648,-0.0295168686,-0.2,-0.014756465,0.104306459
64,9905558,-0.186929166,-0.132117018,0.105718836,-0.132146984,0.0870356336,-0.421558619,0.148563832,-0.293864936,-0.218392774,-0.25606668,-0.16757825,0.194496915,-0.0149543333,-0.0105693614,-0.152426524,-0.259466143,0.00696285069,-0.0337246895,0.266853724,0.2,-0.0936785549,-0.101213336,-0.01340626,0.0155597532,-0.0149543333,0.152426524,0.00696285069,0.266853724,0.0936785549,-0.01340626,0.0105693614,-0.259466143,-0.0337246895,-0.2,-0.0155597532,0.101213336
65,9917565,-0.130862042,-0.0824272931,0.139927685,-0.0933098644,0.116757862,-0.383312613,0.0603294075,-0.181688204,-0.182856828,-0.190285921,-0.217113584,0.211444795,-0.0104689634,-0.00659418344,-0.137032542,-0.241989439,0.00934062898,-0.030665009,0.227148233,0.2,-0.0865713656,-0.0880571842,-0.0173690867,0.0169155836,-0.0104689634,0.137032542,0.00934062898,0.227148233,0.0865713656,-0.0173690867,0.00659418344,-0.241989439,-0.030665009,-0.2,-0.0169155836,0.0880571842
66,9940380,-0.0110466154,-0.0387046784,0.113112278,-0.0206961129,0.137065127,-0.289549083,-0.123152003,-0.0412657931,-0.214990973,-0.118893087,-0.194220245,0.262949258,-0.000883729234,-0.00309637427,-0.149099475,-0.209313251,0.0109652102,-0.0231639266,0.2,0.2,-0.0929981947,-0.0737786174,-0.0155376196,0.0210359406,-0.000883729234,0.149099475,0.0109652102,0.2,0.0929981947,-0.0155376196,0.00309637427,-0.209313251,-0.0231639266,-0.2,-0.0210359406,0.0737786174
67,9958595,0.130347118,-0.0468425564,0.0674575493,0.0138982208,0.147348091,-0.167043537,-0.266971737,0.0357494727,-0.306401968,-0.0707495511,-0.100372814,0.292669713,0.0104277694,-0.00374740452,-0.169644103,-0.193745801,0.0117878473,-0.013363483,0.2,0.216087263,-0.111280394,-0.0641499102,-0.00802982509,0.0234135771,0.0104277694,0.169644103,0.0117878473,0.2,0.111280394,-0.00802982509,0.00374740452,-0.193745801,-0.013363483,-0.216087263,-0.0234135771,0.0641499102
68,9982311,0.247119233,-0.101353928,0.00462328596,0.0436463282,0.167824045,-0.0705698133,-0.297696143,0.0309716891,-0.375674844,-0.0459988452,0.0212023761,0.293320417,0.0197695386,-0.00810831428,-0.197919521,-0.180359152,0.0134259236,-0.00564558506,0.2,0.21393726,-0.125134969,-0.059199769,0.00169619009,0.0234656334,0.0197695386,0.197919521,0.0134259236,0.2,0.125134969,0.00169619009,0.00810831428,-0.180359152,-0.00564558506,-0.21393726,-0.0234656334,0.059199769
69,10003374,0.281371832,-0.155438617,-0.0354863405,0.0545489416,0.180810258,-0.0263010506,-0.262290359,-0.0046333666,-0.408882082,-0.0563068874,0.102487981,0.294731081,0.0225097466,-0.0124350893,-0.215968853,-0.175452976,0.0144648206,-0.00210408404,0.2,0.2,-0.131776416,-0.0612613775,0.00819903851,0.0235784864,0.0225097466,0.215968853,0.0144648206,0.2,0.131776416,0.00819903851,0.0124350893,-0.175452976,-0.00210408404,-0.2,-0.0235784864,0.0612613775
70,10020320,0.225101039,-0.188802555,-0.042791497,0.0416565202,0.178710192,-0.0319961905,-0.211973116,-0.0563452281,-0.435177565,-0.099240087,0.1211088,0.287580043,0.0180080831,-0.0151042044,-0.219256174,-0.181254566,0.0142968154,-0.00255969524,0.2,0.2,-0.137035513,-0.0698480174,0.00968870401,0.0230064034,0.0180080831,0.219256174,0.0142968154,0.2,0.137035513,0.00968870401,0.0151042044,-0.181254566,-0.00255969524,-0.2,-0.0230064034,0.0698480174
71,10039874,0.105400383,-0.208883435,-0.0423538275,0.00824675243,0.156861484,-0.097549744,-0.133067712,-0.130160451,-0.450033426,-0.164661065,0.094341591,0.257867038,0.00843203068,-0.0167106748,-0.219059222,-0.196288961,0.0125489187,-0.00780397952,0.2,0.2,-0.140006685,-0.0829322129,0.00754732728,0.0206293631,0.00843203068,0.219059222,0.0125489187,0.2,0.140006685,0.00754732728,0.0167106748,-0.196288961,-0.00780397952,-0.2,-0.0206293631,0.0829322129
72,10060284,-0.0333890542,-0.221503213,-0.00476659695,-0.0546473525,0.129360348,-0.182612926,-0.0178121328,-0.212867111,-0.410927296,-0.215707868,0.0336896628,0.205122367,-0.00267112434,-0.017720257,-0.202144969,-0.224591309,0.0103488278,-0.0146090341,0.2,0.2,-0.132185459,-0.0931415737,0.00269517303,0.0164097893,-0.00267112434,0.202144969,0.0103488278,0.2,0.132185459,0.00269517303,0.017720257,-0.224591309,-0.0146090341,-0.2,-0.0164097893,0.0931415737
73,10080483,-0.150659516,-0.194375023,0.0525310636,-0.118757263,0.110002205,-0.277451545,0.093458049,-0.286857158,-0.322410375,-0.248981431,-0.0393730402,0.172401384,-0.0120527613,-0.0155500019,-0.176361021,-0.253440768,0.00880017638,-0.0221961236,0.242056122,0.2,-0.114482075,-0.0997962862,-0.00314984322,0.0137921107,-0.0120527613,0.176361021,0.00880017638,0.242056122,0.114482075,-0.00314984322,0.0155500019,-0.253440768,-0.0221961236,-0.2,-0.0137921107,0.0997962862
74,10104272,-0.221759662,-0.133610457,0.121922366,-0.170749307,0.111120798,-0.337291062,0.153815687,-0.316916138,-0.243682176,-0.25538671,-0.112977378,0.169700444,-0.017740773,-0.0106888366,-0.145134935,-0.276837188,0.00888966382,-0.026983285,0.269217059,0.2,-0.0987364352,-0.101077342,-0.00903819025,0.0135760355,-0.017740773,0.145134935,0.00888966382,0.269217059,0.0987364352,-0.00903819025,0.0106888366,-0.276837188,-0.026983285,-0.2,-0.0135760355,0.101077342
75,10122211,-0.209387228,-0.072596617,0.166785195,-0.159322023,0.144306213,-0.327408552,0.112386487,-0.253627151,-0.227198333,-0.213379845,-0.170643672,0.191755384,-0.0167509782,-0.00580772936,-0.124946662,-0.271694911,0.011544497,-0.0261926842,0.250573919,0.2,-0.0954396665,-0.092675969,-0.0136514938,0.0153404307,-0.0167509782,0.124946662,0.011544497,0.250573919,0.0954396665,-0.0136514938,0.00580772936,-0.271694911,-0.0261926842,-0.2,-0.0153404307,0.092675969
76,10140386,-0.121503964,-0.00760288583,0.144101381,-0.0744785592,0.174527735,-0.274317592,-0.0410759412,-0.119126804,-0.255202919,-0.150294274,-0.178430304,0.243057996,-0.00972031713,-0.000608230866,-0.135154378,-0.233515352,0.0139622188,-0.0219454074,0.2,0.2,-0.101040584,-0.0800588548,-0.0142744243,0.0194446397,-0.00972031713,0.135154378,0.0139622188,0.2,0.101040584,-0.0142744243,0.000608230866,-0.233515352,-0.0219454074,-0.2,-0.0194446397,0.0800588548
77,10159828,0.0233880077,0.0292842649,0.113798074,-0.0228887778,0.193197519,-0.165424719,-0.233313635,0.0124969436,-0.332250804,-0.0856129229,-0.100647733,0.299114734,0.00187104061,0.00234274119,-0.148790867,-0.21029995,0.0154558015,-0.0132339776,0.2,0.205623625,-0.116450161,-0.0671225846,-0.00805181861,0.0239291787,0.00187104061,0.148790867,0.0154558015,0.2,0.116450161,-0.00805181861,-0.00234274119,-0.21029995,-0.0132339776,-0.205623625,-0.0239291787,0.0671225846
78,10178389,0.175295979,-0.0111196479,0.0383944586,0.0240495577,0.212904006,-0.0659507439,-0.329301804,0.0469206646,-0.407509983,-0.0404584892,0.0272639282,0.315315694,0.0140236783,-0.000889571831,-0.182722494,-0.189177699,0.0170323205,-0.00527605951,0.2,0.221114299,-0.131501997,-0.0580916978,0.00218111426,0.0252252555,0.0140236783,0.182722494,0.0170323205,0.2,0.131501997,0.00218111426,0.000889571831,-0.189177699,-0.00527605951,-0.221114299,-0.0252252555,0.0580916978
79,10203276,0.270580232,-0.0851097405,-0.0212406591,0.0563467145,0.223983794,-0.00522069633,-0.31509769,0.0312990695,-0.435688913,-0.0259795785,0.13265264,0.309137434,0.0216464186,-0.00680877924,-0.209558297,-0.174643978,0.0179187036,-0.000417655706,0.2,0.214084581,-0.137137783,-0.0551959157,0.0106122112,0.0247309947,0.0216464186,0.209558297,0.0179187036,0.2,0.137137783,0.0106122112,0.00680877924,-0.174643978,-0.000417655706,-0.214084581,-0.0247309947,0.0551959157
80,10217441,0.263501108,-0.142466083,-0.0499508679,0.057109192,0.215356201,0.00461414037,-0.26360026,-0.0132592451,-0.459983736,-0.0584459715,0.175828874,0.31258595,0.0210800886,-0.0113972867,-0.222477891,-0.174300864,0.0172284961,0.00036913123,0.2,0.2,-0.141996747,-0.0616891943,0.0140663099,0.025006876,0.0210800886,0.222477891,0.0172284961,0.2,0.141996747,0.0140663099,0.0113972867,-0.174300864,0.00036913123,-0.2,-0.025006876,0.0616891943
81,10251325,0.159111574,-0.177207842,-0.0555696301,0.0288407058,0.190750256,-0.0471643694,-0.185226128,-0.0863325447,-0.480605364,-0.127531394,0.158098459,0.295693099,0.0127289259,-0.0141766274,-0.225006334,-0.187021682,0.0152600205,-0.00377314955,0.2,0.2,-0.146121073,-0.0755062789,0.0126478767,0.023655448,0.0127289259,0.225006334,0.0152600205,0.2,0.146121073,0.0126478767,0.0141766274,-0.187021682,-0.00377314955,-0.2,-0.023655448,0.0755062789
82,10258852,-0.00549391285,-0.212967649,-0.0392955877,-0.0344614685,0.154406056,-0.142674774,-0.061314255,-0.193085596,-0.485116184,-0.210085392,0.0910238326,0.232757196,-0.000439513028,-0.0170374119,-0.217683014,-0.215507661,0.0123524845,-0.0114139819,0.2,0.2,-0.147023237,-0.0920170784,0.0072819066,0.0186205757,-0.000439513028,0.217683014,0.0123524845,0.2,0.147023237,0.0072819066,0.0170374119,-0.215507661,-0.0114139819,-0.2,-0.0186205757,0.0920170784
83,10278696,-0.168038309,-0.230659589,0.00734423148,-0.112966411,0.122198276,-0.264122903,0.0954971239,-0.313539475,-0.428579032,-0.278186947,-0.00860717054,0.15721482,-0.0134430647,-0.0184527671,-0.196695096,-0.250834885,0.0097758621,-0.0211298323,0.242973706,0.2,-0.135715806,-0.105637389,-0.000688573644,0.0125771856,-0.0134430647,0.196695096,0.0097758621,0.242973706,0.135715806,-0.000688573644,0.0184527671,-0.250834885,-0.0211298323,-0.2,-0.0125771856,0.105637389
84,10300362,-0.279682785,-0.174555182,0.0854887143,-0.184519783,0.102456287,-0.387947053,0.221329704,-0.391929567,-0.319446623,-0.316405356,-0.101782255,0.136491179,-0.0223746228,-0.0139644146,-0.161530079,-0.283033902,0.00819650292,-0.0310357642,0.299598367,0.2,-0.113889325,-0.113281071,-0.00814258039,0.0109192944,-0.0223746228,0.161530079,0.00819650292,0.299598367,0.113889325,-0.00814258039,0.0139644146,-0.283033902,-0.0310357642,-0.2,-0.0109192944,0.113281071
85,10319737,-0.284768432,-0.10251613,0.155818462,-0.18762821,0.111701295,-0.442861736,0.220223069,-0.357745916,-0.240499437,-0.295710146,-0.183579192,0.159424901,-0.0227814746,-0.00820129037,-0.129881692,-0.284432694,0.00893610358,-0.0354289389,0.299100381,0.2,-0.0980998874,-0.109142029,-0.0146863353,0.0127539921,-0.0227814746,0.129881692,0.00893610358,0.299100381,0.0980998874,-0.0146863353,0.00820129037,-0.284432694,-0.0354289389,-0.2,-0.0127539921,0.109142029
86,10344846,-0.205025598,-0.0318057127,0.174582943,-0.113766685,0.157447547,-0.405837119,0.0748178661,-0.21783641,-0.245178118,-0.225530133,-0.226855353,0.219917774,-0.0164020479,-0.00254445702,-0.121437676,-0.251195008,0.0125958037,-0.0324669695,0.23366804,0.2,-0.0990356237,-0.0951060265,-0.0181484282,0.0175934219,-0.0164020479,0.121437676,0.0125958037,0.23366804,0.0990356237,-0.0181484282,0.00254445702,-0.251195008,-0.0324669695,-0.2,-0.0175934219,0.0951060265
87,10358211,-0.0654590428,0.0361994989,0.17722939,-0.066297628,0.195994377,-0.274371415,-0.158781648,-0.0466284193,-0.334770322,-0.130670324,-0.18893671,0.280628651,-0.00523672342,0.00289595991,-0.120246775,-0.229833933,0.0156795502,-0.0219497132,0.2,0.2,-0.116954064,-0.0761340648,-0.0151149368,0.0224502921,-0.00523672342,0.120246775,0.0156795502,0.2,0.116954064,-0.0151149368,-0.00289595991,-0.229833933,-0.0219497132,-0.2,-0.0224502921,0.0761340648
88,10381410,0.132019043,0.041293364,0.102703474,-0.00392164337,0.228445888,-0.122128904,-0.348179817,0.0810726136,-0.422329366,-0.0382750109,-0.0540759228,0.313021064,0.0105615234,0.00330346912,-0.153783436,-0.20176474,0.018275671,-0.00977031231,0.2,0.236482676,-0.134465873,-0.0576550022,-0.00432607383,0.0250416851,0.0105615234,0.153783436,0.018275671,0.2,0.134465873,-0.00432607383,-0.00330346912,-0.20176474,-0.00977031231,-0.236482676,-0.0250416851,0.0576550022
89,10400263,0.297886968,-0.029445257,-0.00180201617,0.0705524236,0.251590163,-0.0215918701,-0.390968144,0.0964518264,-0.460464776,0.0214077234,0.124833211,0.304100186,0.0238309574,-0.00235562056,-0.200810907,-0.168251409,0.020127213,-0.00172734961,0.2,0.243403322,-0.142092955,-0.0457184553,0.0099866569,0.0243280149,0.0238309574,0.200810907,0.020127213,0.2,0.142092955,0.0099866569,0.00235562056,-0.168251409,-0.00172734961,-0.243403322,-0.0243280149,0.0457184553
90,10420366,0.360251367,-0.114372052,-0.0636526793,0.0959055349,0.239194691,0.0283530653,-0.327619404,0.0529421829,-0.472878516,0.00533634704,0.249925703,0.315250129,0.0288201094,-0.00914976418,-0.228643706,-0.156842509,0.0191355753,0.00226824522,0.2,0.223823982,-0.144575703,-0.0489327306,0.0199940562,0.0252200103,0.0288201094,0.228643706,0.0191355753,0.2,0.144575703,0.0199940562,0.00914976418,-0.156842509,0.00226824522,-0.223823982,-0.0252200103,0.0489327306
91,10445518,0.297048956,-0.159030586,-0.0846028626,0.0841891691,0.204495654,0.0035976558,-0.252795756,-0.00909762923,-0.496027708,-0.0692338496,0.281156003,0.333983421,0.0237639165,-0.0127224469,-0.238071288,-0.162114874,0.0163596523,0.000287812464,0.2,0.2,-0.149205542,-0.0638467699,0.0224924803,0.0267186737,0.0237639165,0.238071288,0.0163596523,0.2,0.149205542,0.0224924803,0.0127224469,-0.162114874,0.000287812464,-0.2,-0.0267186737,0.0638467699
92,10461889,0.12219426,-0.189016044,-0.087913014,0.0232847929,0.160976127,-0.107478209,-0.143154517,-0.107531689,-0.53126204,-0.1906223,0.232358798,0.300465345,0.00977554083,-0.0151212835,-0.239560856,-0.189521843,0.0128780901,-0.00859825671,0.2,0.2,-0.156252408,-0.08812446,0.0185887039,0.0240372276,0.00977554083,0.239560856,0.0128780901,0.2,0.156252408,0.0185887039,0.0151212835,-0.189521843,-0.00859825671,-0.2,-0.0240372276,0.08812446
93,10480790,-0.108379968,-0.234927818,-0.0668662563,-0.0623336546,0.124991104,-0.264841944,0.0307363328,-0.266289443,-0.52794081,-0.300578833,0.10794428,0.193301037,-0.0086703974,-0.0187942255,-0.230089815,-0.228050145,0.00999928832,-0.0211873555,0.21383135,0.2,-0.155588162,-0.110115767,0.00863554239,0.015464083,-0.0086703974,0.230089815,0.00999928832,0.21383135,0.155588162,0.00863554239,0.0187942255,-0.228050145,-0.0211873555,-0.2,-0.015464083,0.110115767
94,10499781,-0.285596788,-0.227394953,0.0155844325,-0.153012455,0.0933804363,-0.437862754,0.216135994,-0.410725355,-0.417446017,-0.365097135,-0.041934628,0.10100583,-0.022847743,-0.0181915963,-0.192987005,-0.268855605,0.0074704349,-0.0350290203,0.297261197,0.2,-0.133489203,-0.123019427,-0.00335477024,0.00808046639,-0.022847743,0.192987005,0.0074704349,0.297261197,0.133489203,-0.00335477024,0.0181915963,-0.268855605,-0.0350290203,-0.2,-0.00808046639,0.123019427
95,10520461,-0.349341035,-0.152364746,0.112693563,-0.200177416,0.0767147094,-0.562705219,0.312123686,-0.45187521,-0.265078306,-0.365704209,-0.162778571,0.0774634033,-0.0279472828,-0.0121891797,-0.149287897,-0.290079837,0.00613717675,-0.0450164175,0.340455659,0.2,-0.103015661,-0.123140842,-0.0130222857,0.00619707227,-0.0279472828,0.149287897,0.00613717675,0.340455659,0.103015661,-0.0130222857,0.0121891797,-0.290079837,-0.0450164175,-0.2,-0.00619707227,0.123140842
96,10541845,-0.270716548,-0.0921355858,0.172046855,-0.150901005,0.100799292,-0.561371028,0.221201748,-0.343786657,-0.214745492,-0.326942354,-0.238127917,0.102161698,-0.0216573238,-0.00737084687,-0.122578915,-0.267905452,0.00806394339,-0.0449096823,0.299540786,0.2,-0.0929490983,-0.115388471,-0.0190502334,0.00817293584,-0.0216573238,0.122578915,0.00806394339,0.299540786,0.0929490983,-0.0190502334,0.00737084687,-0.267905452,-0.0449096823,-0.2,-0.00817293584,0.115388471
97,10559780,-0.157329246,-0.0116383573,0.195091411,-0.0746293962,0.156403527,-0.45545131,-0.00640895404,-0.170408607,-0.251058102,-0.243270516,-0.251293123,0.174488768,-0.0125863397,-0.000931068584,-0.112208865,-0.233583228,0.0125122821,-0.0364361048,0.2,0.2,-0.10021162,-0.0986541033,-0.0201034498,0.0139591014,-0.0125863397,0.112208865,0.0125122821,0.2,0.10021162,-0.0201034498,0.000931068584,-0.233583228,-0.0364361048,-0.2,-0.0139591014,0.0986541033
98,10583591,0.00733862258,0.0613163859,0.177974045,-0.0364449844,0.201672569,-0.262428969,-0.266071498,0.0184606649,-0.357455045,-0.133356377,-0.142144471,0.262690336,0.000587089807,0.00490531087,-0.11991168,-0.216400243,0.0161338055,-0.0209943175,0.2,0.208307299,-0.121491009,-0.0766712755,-0.0113715577,0.0210152268,0.000587089807,0.11991168,0.0161338055,0.2,0.121491009,-0.0113715577,-0.00490531087,-0.216400243,-0.0209943175,-0.208307299,-0.0210152268,0.0766712755
99,10603408,0.205000266,0.0253073629,0.0652158111,0.0455013886,0.228591487,-0.0996672958,-0.399851054,0.113632791,-0.419315934,-0.0366267078,0.0590984039,0.289594263,0.0164000213,0.00202458903,-0.170652885,-0.179524375,0.0182873189,-0.00797338367,0.2,0.251134756,-0.133863187,-0.0573253416,0.00472787231,0.023167541,0.0164000213,0.170652885,0.0182873189,0.2,0.133863187,0.00472787231,-0.00202458903,-0.179524375,-0.00797338367,-0.251134756,-0.023167541,0.0573253416
100,10619726,0.34468323,-0.0605104715,-0.0352123678,0.0986628905,0.232237875,-0.00253793644,-0.380815059,0.0927954465,-0.44566375,0.00286437431,0.24519752,0.294097632,0.0275746584,-0.00484083772,-0.215845565,-0.155601699,0.01857903,-0.000203034915,0.2,0.241757951,-0.13913275,-0.0494271251,0.0196158016,0.0235278106,0.0275746584,0.215845565,0.01857903,0.2,0.13913275,0.0196158016,0.00484083772,-0.155601699,-0.000203034915,-0.241757951,-0.0235278106,0.0494271251
101,10641310,0.358142644,-0.131826118,-0.0696455166,0.103439443,0.210300744,0.0383476205,-0.295609951,0.0402732119,-0.457128853,-0.0277474727,0.329362065,0.309627384,0.0286514115,-0.0105460894,-0.231340482,-0.153452251,0.0168240595,0.00306780964,0.2,0.218122945,-0.141425771,-0.0555494945,0.0263489652,0.0247701907,0.0286514115,0.231340482,0.0168240595,0.2,0.141425771,0.0263489652,0.0105460894,-0.153452251,0.00306780964,-0.218122945,-0.0247701907,0.0555494945
102,10671231,0.255761355,-0.16050373,-0.0842239633,0.0705817565,0.169961914,-0.015481405,-0.217237189,-0.0284124129,-0.479988486,-0.117958926,0.321839839,0.316241324,0.0204609084,-0.0128402984,-0.237900783,-0.16823821,0.0135969532,-0.0012385124,0.2,0.2,-0.145997697,-0.0735917851,0.0257471871,0.0252993059,0.0204609084,0.237900783,0.0135969532,0.2,0.145997697,0.0257471871,0.0128402984,-0.16823821,-0.0012385124,-0.2,-0.0252993059,0.0735917851
103,10684036,0.0464780852,-0.193275958,-0.0765507072,-0.0111959027,0.130304545,-0.148275241,-0.0829960629,-0.15319933,-0.511182785,-0.243240908,0.240108848,0.255068511,0.00371824682,-0.0154620767,-0.234447818,-0.205038156,0.0104243636,-0.0118620193,0.2,0.2,-0.152236557,-0.0986481816,0.0192087078,0.0204054809,0.00371824682,0.234447818,0.0104243636,0.2,0.152236557,0.0192087078,0.0154620767,-0.205038156,-0.0118620193,-0.2,-0.0204054809,0.0986481816
104,10698698,-0.185487956,-0.225138366,-0.0351555012,-0.100616097,0.105967,-0.316282332,0.104294591,-0.320907861,-0.471400321,-0.340107173,0.101108663,0.14141494,-0.0148390365,-0.0180110693,-0.215819976,-0.245277244,0.00847736001,-0.0253025866,0.246932566,0.2,-0.144280064,-0.118021435,0.00808869302,0.0113131952,-0.0148390365,0.215819976,0.00847736001,0.246932566,0.144280064,0.00808869302,0.0180110693,-0.245277244,-0.0253025866,-0.2,-0.0113131952,0.118021435
105,10728737,-0.330350041,-0.17998375,0.0611752272,-0.179475456,0.0801212043,-0.481875777,0.262165785,-0.426176071,-0.324619085,-0.368234724,-0.0529721491,0.0620096438,-0.0264280033,-0.0143987,-0.172471148,-0.280763955,0.00640969634,-0.0385500622,0.317974603,0.2,-0.114923817,-0.123646945,-0.00423777193,0.0049607715,-0.0264280033,0.172471148,0.00640969634,0.317974603,0.114923817,-0.00423777193,0.0143987,-0.280763955,-0.0385500622,-0.2,-0.0049607715,0.123646945
106,10738957,-0.328177363,-0.116118275,0.151183784,-0.184852213,0.0794676542,-0.547101319,0.285037041,-0.387841851,-0.191874698,-0.335804701,-0.174622789,0.0309133846,-0.026254189,-0.00928946197,-0.131967297,-0.283183496,0.00635741234,-0.0437681055,0.328266668,0.2,-0.0883749396,-0.11716094,-0.0139698231,0.00247307077,-0.026254189,0.131967297,0.00635741234,0.328266668,0.0883749396,-0.0139698231,0.00928946197,-0.283183496,-0.0437681055,-0.2,-0.00247307077,0.11716094
107,10760545,-0.205496863,-0.0609650239,0.176797718,-0.0997983441,0.117787302,-0.485453844,0.117406122,-0.213321149,-0.167544946,-0.258765787,-0.242298365,0.0470287278,-0.016439749,-0.00487720191,-0.120441027,-0.244909255,0.00942298412,-0.0388363075,0.252832755,0.2,-0.0835089892,-0.101753157,-0.0193838692,0.00376229823,-0.016439749,0.120441027,0.00942298412,0.252832755,0.0835089892,-0.0193838692,0.00487720191,-0.244909255,-0.0388363075,-0.2,-0.00376229823,0.101753157
108,10781516,-0.0642987564,0.0209395979,0.172739595,-0.0345951207,0.15874128,-0.342104286,-0.147448167,-0.0485780686,-0.253563583,-0.171401143,-0.208101064,0.130818591,-0.00514390051,0.00167516783,-0.122267182,-0.215567804,0.0126993024,-0.0273683429,0.2,0.2,-0.100712717,-0.0842802286,-0.0166480851,0.0104654872,-0.00514390051,0.122267182,0.0126993024,0.2,0.100712717,-0.0166480851,-0.00167516783,-0.215567804,-0.0273683429,-0.2,-0.0104654872,0.0842802286
109,10801005,0.130415797,0.0366438702,0.112396576,-0.000619922183,0.186001927,-0.161904469,-0.350239009,0.0706923977,-0.373579204,-0.0841373652,-0.048814863,0.216934398,0.0104332638,0.00293150961,-0.149421541,-0.200278965,0.0148801541,-0.0129523575,0.2,0.231811579,-0.124715841,-0.066827473,-0.00390518904,0.0173547518,0.0104332638,0.149421541,0.0148801541,0.2,0.124715841,-0.00390518904,-0.00293150961,-0.200278965,-0.0129523575,-0.231811579,-0.0173547518,0.066827473
110,10826926,0.295872778,-0.0327462517,0.0120149162,0.0723211989,0.217336431,-0.0413328782,-0.383421421,0.0925569013,-0.415781587,-0.0103554809,0.151362032,0.244581372,0.0236698222,-0.00261970013,-0.194593288,-0.167455461,0.0173869145,-0.00330663025,0.2,0.241650606,-0.133156317,-0.0520710962,0.0121089625,0.0195665097,0.0236698222,0.194593288,0.0173869145,0.2,0.133156317,0.0121089625,0.00261970013,-0.167455461,-0.00330663025,-0.241650606,-0.0195665097,0.0520710962
111,10838666,0.360029161,-0.101910979,-0.0451001152,0.097085014,0.220154241,0.0254431237,-0.329600483,0.0544074737,-0.426111877,-0.00760913268,0.292876661,0.275865197,0.0288023329,-0.00815287828,-0.220295052,-0.156311744,0.0176123393,0.00203544989,0.2,0.224483363,-0.135222375,-0.0515218265,0.0234301329,0.0220692158,0.0288023329,0.220295052,0.0176123393,0.2,0.135222375,0.0234301329,0.00815287828,-0.156311744,0.00203544989,-0.224483363,-0.0220692158,0.0515218265
112,10860684,0.300927192,-0.136779785,-0.0617254712,0.0859940797,0.196630523,0.0241929144,-0.25916639,-0.00387872709,-0.436003834,-0.0663510263,0.337981433,0.304089606,0.0240741754,-0.0109423828,-0.227776462,-0.161302664,0.0157304418,0.00193543315,0.2,0.2,-0.137200767,-0.0632702053,0.0270385146,0.0243271685,0.0240741754,0.227776462,0.0157304418,0.2,0.137200767,0.0270385146,0.0109423828,-0.161302664,0.00193543315,-0.2,-0.0243271685,0.0632702053
113,10878722,0.157432348,-0.152273878,-0.0636018589,0.0364834145,0.161022767,-0.0597040504,-0.176138267,-0.0788859576,-0.458748937,-0.16844371,0.301707089,0.287567168,0.0125945878,-0.0121819103,-0.228620837,-0.183582463,0.0128818214,-0.00477632403,0.2,0.2,-0.141749787,-0.0836887419,0.0241365671,0.0230053735,0.0125945878,0.228620837,0.0128818214,0.2,0.141749787,0.0241365671,0.0121819103,-0.183582463,-0.00477632403,-0.2,-0.0230053735,0.0836887419
114,10911932,-0.0406211764,-0.180169538,-0.0449466892,-0.0428510383,0.128375918,-0.194657087,-0.0345137231,-0.199642479,-0.458439261,-0.257993847,0.198948011,0.203786239,-0.00324969411,-0.014413563,-0.22022601,-0.219282967,0.0102700734,-0.015572567,0.2,0.2,-0.141687852,-0.101598769,0.0159158409,0.0163028991,-0.00324969411,0.22022601,0.0102700734,0.2,0.141687852,0.0159158409,0.014413563,-0.219282967,-0.015572567,-0.2,-0.0163028991,0.101598769
115,10922221,-0.229343638,-0.189778835,0.00614131149,-0.126176596,0.0994332805,-0.349160612,0.140971303,-0.340047151,-0.392488807,-0.329920888,0.0671557933,0.10451097,-0.018347491,-0.0151823068,-0.19723641,-0.256779468,0.00795466244,-0.0279328489,0.263437086,0.2,-0.128497761,-0.115984178,0.00537246346,0.00836087763,-0.018347491,0.19723641,0.00795466244,0.263437086,0.128497761,0.00537246346,0.0151823068,-0.256779468,-0.0279328489,-0.2,-0.00836087763,0.115984178
116,10939478,-0.335188448,-0.128698722,0.0840732232,-0.180841625,0.0771256238,-0.490307301,0.258127123,-0.407222092,-0.260950863,-0.348516941,-0.0595555156,0.0583751574,-0.0268150759,-0.0102958977,-0.16216705,-0.281378731,0.00617004991,-0.0392245841,0.316157205,0.2,-0.102190173,-0.119703388,-0.00476444125,0.00467001259,-0.0268150759,0.16216705,0.00617004991,0.316157205,0.102190173,-0.00476444125,0.0102958977,-0.281378731,-0.0392245841,-0.2,-0.00467001259,0.119703388
117,10964165,-0.30539903,-0.0661084205,0.153525934,-0.157555461,0.0903161243,-0.524995625,0.22392711,-0.336206168,-0.174047261,-0.308395237,-0.165818706,0.0554750189,-0.0244319224,-0.00528867364,-0.13091333,-0.270899957,0.00722528994,-0.04199965,0.3007672,0.2,-0.0848094523,-0.111679047,-0.0132654965,0.00443800151,-0.0244319224,0.13091333,0.00722528994,0.3007672,0.0848094523,-0.0132654965,0.00528867364,-0.270899957,-0.04199965,-0.2,-0.00443800151,0.111679047
118,10977581,-0.203143492,-0.000412776455,0.181751326,-0.0808367878,0.141353711,-0.444897652,0.0354167335,-0.169766724,-0.183231398,-0.226009846,-0.208565295,0.105494358,-0.0162514794,-3.30221164e-05,-0.118211903,-0.236376555,0.0113082969,-0.0355918121,0.21593753,0.2,-0.0866462797,-0.0952019691,-0.0166852236,0.00843954861,-0.0162514794,0.118211903,0.0113082969,0.21593753,0.0866462797,-0.0166852236,3.30221164e-05,-0.236376555,-0.0355918121,-0.2,-0.00843954861,0.0952019691
119,11017021,-0.0473460034,0.0752684623,0.182779416,-0.0427929908,0.190319881,-0.276631266,-0.21915634,0.00341756199,-0.284881294,-0.128154993,-0.130457908,0.19289346,-0.00378768027,0.00602147698,-0.117749263,-0.219256846,0.0152255905,-0.0221305013,0.2,0.201537903,-0.106976259,-0.0756309986,-0.0104366326,0.0154314768,-0.00378768027,0.117749263,0.0152255905,0.2,0.106976259,-0.0104366326,-0.00602147698,-0.219256846,-0.0221305013,-0.201537903,-0.0154314768,0.0756309986
120,11020559,0.158732384,0.0564977489,0.0792801455,0.0276464894,0.215458721,-0.121448278,-0.393341899,0.0896709636,-0.399105281,-0.0559623018,0.0508911274,0.241946071,0.0126985908,0.00451981992,-0.164323935,-0.18755908,0.0172366977,-0.00971586227,0.2,0.240351934,-0.129821056,-0.0611924604,0.00407129019,0.0193556857,0.0126985908,0.164323935,0.0172366977,0.2,0.129821056,0.00407129019,-0.00451981992,-0.18755908,-0.00971586227,-0.240351934,-0.0193556857,0.0611924604
121,11038698,0.31763038,-0.0232281331,-0.00728890114,0.0795597136,0.23667492,-0.0163950603,-0.397546768,0.0895663947,-0.450524777,-0.00927015301,0.232512921,0.254886985,0.0254104304,-0.00185825065,-0.203280006,-0.164198129,0.0189339936,-0.00131160483,0.2,0.240304878,-0.140104955,-0.0518540306,0.0186010337,0.0203909588,0.0254104304,0.203280006,0.0189339936,0.2,0.140104955,0.0186010337,0.00185825065,-0.164198129,-0.00131160483,-0.240304878,-0.0203909588,0.0518540306
122,11058972,0.353399485,-0.0994718,-0.0525704771,0.0970107988,0.227629364,0.0354390293,-0.320429355,0.0422775075,-0.455386132,-0.0246817172,0.330060661,0.280068308,0.0282719588,-0.007957744,-0.223656715,-0.156345141,0.0182103491,0.00283512235,0.2,0.219024878,-0.141077226,-0.0549363434,0.0264048529,0.0224054646,0.0282719588,0.223656715,0.0182103491,0.2,0.141077226,0.0264048529,0.007957744,-0.156345141,0.00283512235,-0.219024878,-0.0224054646,0.0549363434
123,11077573,0.276789129,-0.132886454,-0.064713046,0.0765649453,0.196886659,0.0122743733,-0.244771153,-0.016931124,-0.453987956,-0.0899377018,0.343126118,0.300323814,0.0221431303,-0.0106309164,-0.229120871,-0.165545775,0.0157509327,0.000981949866,0.2,0.2,-0.140797591,-0.0679875404,0.0274500895,0.0240259051,0.0221431303,0.229120871,0.0157509327,0.2,0.140797591,0.0274500895,0.0106309164,-0.165545775,0.000981949866,-0.2,-0.0240259051,0.0679875404
124,11104092,0.10991516,-0.156310543,-0.0632281899,0.0119896671,0.154735506,-0.0916141495,-0.142955035,-0.106240682,-0.472606272,-0.19662261,0.288910806,0.265333116,0.00879321277,-0.0125048435,-0.228452685,-0.19460465,0.0123788404,-0.00732913196,0.2,0.2,-0.144521254,-0.089324522,0.0231128645,0.0212266493,0.00879321277,0.228452685,0.0123788404,0.2,0.144521254,0.0231128645,0.0125048435,-0.19460465,-0.00732913196,-0.2,-0.0212266493,0.089324522
125,11120915,-0.104141958,-0.190708235,-0.0422254242,-0.0682637617,0.122021563,-0.239308506,0.0224253498,-0.243469104,-0.456029147,-0.287569404,0.172599331,0.172740266,-0.00833135664,-0.0152566588,-0.219001441,-0.230718693,0.00976172507,-0.0191446805,0.210091407,0.2,-0.141205829,-0.107513881,0.0138079464,0.0138192213,-0.00833135664,0.219001441,0.00976172507,0.210091407,0.141205829,0.0138079464,0.0152566588,-0.230718693,-0.0191446805,-0.2,-0.0138192213,0.107513881
126,11143224,-0.264655232,-0.169801205,0.0310171843,-0.140331045,0.0918026567,-0.401728064,0.184600428,-0.352790594,-0.333505273,-0.327191412,0.032677047,0.0985533521,-0.0211724186,-0.0135840964,-0.186042267,-0.26314897,0.00734421253,-0.0321382451,0.283070192,0.2,-0.116701055,-0.115438282,0.00261416376,0.00788426816,-0.0211724186,0.186042267,0.00734421253,0.283070192,0.116701055,0.00261416376,0.0135840964,-0.26314897,-0.0321382451,-0.2,-0.00788426816,0.115438282
127,11165721,-0.332058728,-0.100132242,0.118000999,-0.178304106,0.0805506408,-0.506898642,0.251301825,-0.379555762,-0.201305732,-0.317560136,-0.0981624499,0.0645313933,-0.0265646982,-0.00801057935,-0.14689955,-0.280236848,0.00644405127,-0.0405518913,0.313085821,0.2,-0.0902611464,-0.113512027,-0.00785299599,0.00516251147,-0.0265646982,0.14689955,0.00644405127,0.313085821,0.0902611464,-0.00785299599,0.00801057935,-0.280236848,-0.0405518913,-0.2,-0.00516251147,0.113512027
128,11178910,-0.25609079,-0.0481941327,0.165369973,-0.125385031,0.108224757,-0.492394358,0.154184788,-0.2539891,-0.155931488,-0.259656936,-0.187715992,0.0599212833,-0.0204872632,-0.00385553062,-0.125583512,-0.256423264,0.00865798056,-0.0393915486,0.269383155,0.2,-0.0811862975,-0.101931387,-0.0150172794,0.00479370266,-0.0204872632,0.125583512,0.00865798056,0.269383155,0.0811862975,-0.0150172794,0.00385553062,-0.256423264,-0.0393915486,-0.2,-0.00479370266,0.101931387
129,11199802,-0.129252478,0.0231006481,0.160170048,-0.0361523367,0.145867988,-0.397234619,-0.0709466264,-0.085525386,-0.192015409,-0.175207347,-0.197497427,0.118490018,-0.0103401983,0.00184805185,-0.127923478,-0.216268552,0.0116694391,-0.0317787695,0.2,0.2,-0.0884030819,-0.0850414693,-0.0157997942,0.00947920144,-0.0103401983,0.127923478,0.0116694391,0.2,0.0884030819,-0.0157997942,-0.00184805185,-0.216268552,-0.0317787695,-0.2,-0.00947920144,0.0850414693
130,11220919,0.0666957721,0.0574077107,0.13307023,5.01666836e-05,0.170447931,-0.223452643,-0.309786052,0.0706565157,-0.308077335,-0.0864367336,-0.0865970999,0.19361347,0.00533566177,0.00459261686,-0.140118396,-0.199977425,0.0136358345,-0.0178762114,0.2,0.231795432,-0.111615467,-0.0672873467,-0.00692776799,0.0154890776,0.00533566177,0.140118396,0.0136358345,0.2,0.111615467,-0.00692776799,-0.00459261686,-0.199977425,-0.0178762114,-0.231795432,-0.0154890776,0.0672873467
131,11238439,0.261611938,-0.00852370355,0.0262062438,0.0636606589,0.192331567,-0.0844048485,-0.388933897,0.0949443057,-0.396833837,-0.0216545984,0.100990646,0.219183132,0.0209289551,-0.000681896284,-0.18820719,-0.171352703,0.0153865254,-0.00675238788,0.2,0.242724938,-0.129366767,-0.0543309197,0.00807925165,0.0175346506,0.0209289551,0.18820719,0.0153865254,0.2,0.129366767,0.00807925165,0.000681896284,-0.171352703,-0.00675238788,-0.242724938,-0.0175346506,0.0543309197
132,11263519,0.368993849,-0.0937809944,-0.0405609906,0.0946207345,0.198468581,-0.0052137943,-0.341424316,0.0655293539,-0.424046129,-0.00748432055,0.252514094,0.239931837,0.0295195079,-0.00750247955,-0.218252446,-0.157420669,0.0158774865,-0.000417103544,0.2,0.229488209,-0.134809226,-0.0514968641,0.0202011275,0.0191945469,0.0295195079,0.218252446,0.0158774865,0.2,0.134809226,0.0202011275,0.00750247955,-0.157420669,-0.000417103544,-0.229488209,-0.0191945469,0.0514968641
133,11278408,0.338206023,-0.138529658,-0.0707150772,0.0913200825,0.181987807,0.0057035326,-0.274347186,0.00826007128,-0.449834406,-0.0634022057,0.315445393,0.278944403,0.0270564818,-0.0110823727,-0.231821785,-0.158905963,0.0145590246,0.000456282608,0.2,0.203717032,-0.139966881,-0.0626804411,0.0252356315,0.0223155522,0.0270564818,0.231821785,0.0145590246,0.2,0.139966881,0.0252356315,0.0110823727,-0.158905963,0.000456282608,-0.203717032,-0.0223155522,0.0626804411
134,11311300,0.210928306,-0.154768363,-0.0758970827,0.0536043383,0.155656576,-0.0643946603,-0.197933465,-0.0612638295,-0.469422638,-0.160761997,0.299543858,0.284138143,0.0168742645,-0.012381469,-0.234153687,-0.175878048,0.0124525261,-0.00515157282,0.2,0.2,-0.143884528,-0.0821523994,0.0239635086,0.0227310514,0.0168742645,0.234153687,0.0124525261,0.2,0.143884528,0.0239635086,0.012381469,-0.175878048,-0.00515157282,-0.2,-0.0227310514,0.0821523994
135,11319485,0.00831696205,-0.179931685,-0.0580177493,-0.0248058755,0.126990929,-0.184728041,-0.0642976537,-0.17639409,-0.474157065,-0.263711601,0.223250821,0.220379576,0.000665356964,-0.0143945348,-0.226107987,-0.211162644,0.0101592743,-0.0147782433,0.2,0.2,-0.144831413,-0.10274232,0.0178600657,0.0176303661,0.000665356964,0.226107987,0.0101592743,0.2,0.144831413,0.0178600657,0.0143945348,-0.211162644,-0.0147782433,-0.2,-0.0176303661,0.10274232
136,11337566,-0.169666544,-0.187698722,0.00706458418,-0.0990873724,0.10299053,-0.322272897,0.098489441,-0.290444463,-0.369326085,-0.301405549,0.0970786437,0.133886039,-0.0135733235,-0.0150158978,-0.196820937,-0.244589318,0.00823924243,-0.0257818317,0.244320248,0.2,-0.123865217,-0.11028111,0.0077662915,0.0107108831,-0.0135733235,0.196820937,0.00823924243,0.244320248,0.123865217,0.0077662915,0.0150158978,-0.244589318,-0.0257818317,-0.2,-0.0107108831,0.11028111
137,11374329,-0.278814137,-0.129217237,0.0889113173,-0.1629024,0.0843839422,-0.440478951,0.201836675,-0.354423106,-0.234218165,-0.306705862,-0.0272344481,0.0823893771,-0.022305131,-0.010337379,-0.159989907,-0.27330608,0.00675071537,-0.0352383161,0.290826504,0.2,-0.0968436331,-0.111341172,-0.00217875585,0.00659115016,-0.022305131,0.159989907,0.00675071537,0.290826504,0.0968436331,-0.00217875585,0.010337379,-0.27330608,-0.0352383161,-0.2,-0.00659115016,0.111341172
138,11378806,-0.276955545,-0.0593049414,0.155565605,-0.157171816,0.0947244987,-0.477122635,0.18710655,-0.299002498,-0.142507479,-0.264977157,-0.135954678,0.0648362562,-0.0221564436,-0.00474439532,-0.129995478,-0.270727317,0.0075779599,-0.0381698108,0.284197947,0.2,-0.0785014957,-0.102995431,-0.0108763742,0.0051869005,-0.0221564436,0.129995478,0.0075779599,0.284197947,0.0785014957,-0.0108763742,0.00474439532,-0.270727317,-0.0381698108,-0.2,-0.0051869005,0.102995431
139,11397823,-0.175337449,0.00142888236,0.163828999,-0.0853312388,0.124687426,-0.4154329,0.0214216784,-0.155541271,-0.169560209,-0.20207642,-0.18502681,0.086683698,-0.0140269959,0.000114310589,-0.126276951,-0.238399057,0.00997499406,-0.033234632,0.209639755,0.2,-0.0839120418,-0.090415284,-0.0148021448,0.00693469584,-0.0140269959,0.126276951,0.00997499406,0.209639755,0.0839120418,-0.0148021448,-0.000114310589,-0.238399057,-0.033234632,-0.2,-0.00693469584,0.090415284
140,11433057,-0.021215111,0.0615041293,0.134266943,-0.015290468,0.152148202,-0.292349339,-0.212528005,-0.000182835865,-0.255952835,-0.130304635,-0.113536209,0.175496936,-0.00169720888,0.00492033035,-0.139579876,-0.206880711,0.0121718562,-0.0233879471,0.2,0.2,-0.101190567,-0.0760609269,-0.00908289671,0.0140397549,-0.00169720888,0.139579876,0.0121718562,0.2,0.101190567,-0.00908289671,-0.00492033035,-0.206880711,-0.0233879471,-0.2,-0.0140397549,0.0760609269
141,11438950,0.152232528,0.0460355803,0.0738695487,0.0280410275,0.178692177,-0.145014927,-0.359043688,0.0691389516,-0.362671584,-0.0706016645,0.0538225695,0.235554248,0.0121786022,0.00368284643,-0.166758703,-0.187381538,0.0142953742,-0.0116011941,0.2,0.231112528,-0.122534317,-0.0641203329,0.00430580556,0.0188443398,0.0121786022,0.166758703,0.0142953742,0.2,0.122534317,0.00430580556,-0.00368284643,-0.187381538,-0.0116011941,-0.231112528,-0.0188443398,0.0641203329
142,11458782,0.288483739,-0.0216357242,0.0101403026,0.057905864,0.21742177,-0.0395745113,-0.368912578,0.0646725819,-0.427992493,-0.0341137871,0.212690234,0.255084455,0.0230786991,-0.00173085794,-0.195436864,-0.173942361,0.0173937416,-0.00316596091,0.2,0.229102662,-0.135598499,-0.0568227574,0.0170152187,0.0204067564,0.0230786991,0.195436864,0.0173937416,0.2,0.135598499,0.0170152187,0.00173085794,-0.173942361,-0.00316596091,-0.229102662,-0.0204067564,0.0568227574
143,11479856,0.333107024,-0.090813905,-0.024296524,0.0769560337,0.226341829,0.015810445,-0.31182155,0.035017319,-0.432283849,-0.0351064056,0.282579154,0.259903789,0.026648562,-0.0072651124,-0.210933436,-0.165369785,0.0181073463,0.0012648356,0.2,0.215757794,-0.13645677,-0.0570212811,0.0226063323,0.0207923031,0.026648562,0.210933436,0.0181073463,0.2,0.13645677,0.0226063323,0.0072651124,-0.165369785,0.0012648356,-0.215757794,-0.0207923031,0.0570212811
144,11500359,0.282490134,-0.128299192,-0.0409668945,0.0701611191,0.208598435,0.00829692464,-0.265828073,-0.0154793104,-0.439288884,-0.0823026448,0.285773575,0.262453109,0.0225992107,-0.0102639353,-0.218435103,-0.168427496,0.0166878748,0.000663753971,0.2,0.2,-0.137857777,-0.066460529,0.022861886,0.0209962487,0.0225992107,0.218435103,0.0166878748,0.2,0.137857777,0.022861886,0.0102639353,-0.168427496,0.000663753971,-0.2,-0.0209962487,0.066460529
145,11521807,0.168239966,-0.144022048,-0.0480834655,0.0375060774,0.175455838,-0.0649453253,-0.200803623,-0.073481828,-0.447963595,-0.160228625,0.254964381,0.242179334,0.0134591973,-0.0115217638,-0.221637559,-0.183122265,0.0140364671,-0.00519562602,0.2,0.2,-0.139592719,-0.082045725,0.0203971505,0.0193743467,0.0134591973,0.221637559,0.0140364671,0.2,0.139592719,0.0203971505,0.0115217638,-0.183122265,-0.00519562602,-0.2,-0.0193743467,0.082045725
146,11541863,0.0176168326,-0.157698169,-0.0303552151,-0.0229724534,0.138942972,-0.171333522,-0.0790245011,-0.151033759,-0.418545216,-0.221912861,0.200956792,0.195256591,0.00140934661,-0.0126158535,-0.213659847,-0.210337604,0.0111154377,-0.0137066817,0.2,0.2,-0.133709043,-0.0943825722,0.0160765433,0.0156205273,0.00140934661,0.213659847,0.0111154377,0.2,0.133709043,0.0160765433,0.0126158535,-0.210337604,-0.0137066817,-0.2,-0.0156205273,0.0943825722
147,11562803,-0.124683946,-0.151131615,0.000625662855,-0.0757590011,0.102980621,-0.300811917,0.0570207685,-0.235111356,-0.325053126,-0.25596568,0.117105559,0.151044697,-0.00997471571,-0.0120905292,-0.199718452,-0.23409155,0.00823844969,-0.0240649533,0.225659346,0.2,-0.115010625,-0.101193136,0.00936844468,0.0120835757,-0.00997471571,0.199718452,0.00823844969,0.225659346,0.115010625,0.00936844468,0.0120905292,-0.23409155,-0.0240649533,-0.2,-0.0120835757,0.101193136
148,11581036,-0.212345213,-0.103696793,0.0631648153,-0.120123342,0.0783195123,-0.409047633,0.131402016,-0.282022506,-0.219802424,-0.26393044,0.0118453884,0.122868143,-0.016987617,-0.00829574347,-0.171575833,-0.254055504,0.00626556098,-0.0327238107,0.259130907,0.2,-0.0939604849,-0.102786088,0.000947631076,0.00982945144,-0.016987617,0.171575833,0.00626556098,0.259130907,0.0939604849,0.000947631076,0.00829574347,-0.254055504,-0.0327238107,-0.2,-0.00982945144,0.102786088
149,11602355,-0.214706108,-0.0509684645,0.120333441,-0.118079007,0.0790685266,-0.444031984,0.10535042,-0.245787203,-0.158110231,-0.228437766,-0.0950018466,0.108191796,-0.0171764886,-0.00407747716,-0.145849952,-0.253135553,0.00632548213,-0.0355225587,0.247407689,0.2,-0.0816220462,-0.0956875533,-0.00760014772,0.00865534365,-0.0171764886,0.145849952,0.00632548213,0.247407689,0.0816220462,-0.00760014772,0.00407747716,-0.253135553,-0.0355225587,-0.2,-0.00865534365,0.0956875533
150,11621762,-0.108704381,-0.0108592976,0.124376535,-0.0445497967,0.0968652219,-0.396251142,-0.0380561575,-0.0994267911,-0.163704857,-0.156399384,-0.148685247,0.11370191,-0.00869635046,-0.000868743807,-0.144030559,-0.220047409,0.00774921775,-0.0317000914,0.2,0.2,-0.0827409714,-0.0812798768,-0.0118948197,0.00909615278,-0.00869635046,0.144030559,0.00774921775,0.2,0.0827409714,-0.0118948197,0.000868743807,-0.220047409,-0.0317000914,-0.2,-0.00909615278,0.0812798768
151,11641914,0.0649573207,0.013461723,0.0851828679,0.0240532253,0.105294019,-0.281277984,-0.240191206,0.0432579815,-0.23225984,-0.0902727172,-0.0901287273,0.167079091,0.00519658566,0.00107693784,-0.161667709,-0.189176049,0.00842352152,-0.0225022388,0.2,0.219466092,-0.096451968,-0.0680545434,-0.00721029818,0.0133663273,0.00519658566,0.161667709,0.00842352152,0.2,0.096451968,-0.00721029818,-0.00107693784,-0.189176049,-0.0225022388,-0.219466092,-0.0133663273,0.0680545434
152,11659006,0.229509592,-0.0285270847,0.0149207506,0.0630235076,0.108722359,-0.170550257,-0.321610689,0.0710340589,-0.308006018,-0.0524900742,0.0565675832,0.212667063,0.0183607674,-0.00228216678,-0.193285662,-0.171639422,0.00869778872,-0.0136440206,0.2,0.231965327,-0.111601204,-0.0604980148,0.00452540666,0.017013365,0.0183607674,0.193285662,0.00869778872,0.2,0.111601204,0.00452540666,0.00228216678,-0.171639422,-0.0136440206,-0.231965327,-0.017013365,0.0604980148
153,11689985,0.31852901,-0.0879016146,-0.0358166173,0.0752273872,0.123381622,-0.0998643935,-0.292578965,0.0437537096,-0.351198286,-0.0491570793,0.195220649,0.252980173,0.0254823208,-0.00703212917,-0.216117478,-0.166147676,0.00987052977,-0.00798915148,0.2,0.219689169,-0.120239657,-0.0598314159,0.0156176519,0.0202384138,0.0254823208,0.216117478,0.00987052977,0.2,0.120239657,0.0156176519,0.00703212917,-0.166147676,-0.00798915148,-0.219689169,-0.0202384138,0.0598314159
154,11698795,0.306336552,-0.130075276,-0.0556031801,0.0641798526,0.134676814,-0.0816274881,-0.25546664,-0.00657597277,-0.400957167,-0.0936772898,0.250939429,0.281591058,0.0245069242,-0.0104060221,-0.225021431,-0.171119066,0.0107741451,-0.00653019905,0.2,0.2,-0.130191433,-0.068735458,0.0200751543,0.0225272846,0.0245069242,0.225021431,0.0107741451,0.2,0.130191433,0.0200751543,0.0104060221,-0.171119066,-0.00653019905,-0.2,-0.0225272846,0.068735458
155,11723920,0.202635244,-0.157443732,-0.0469236746,0.0288382322,0.139907464,-0.113756359,-0.199321911,-0.0790566653,-0.442671984,-0.163130999,0.226897582,0.260135561,0.0162108195,-0.0125954986,-0.221115654,-0.187022796,0.0111925972,-0.00910050869,0.2,0.2,-0.138534397,-0.0826261997,0.0181518066,0.0208108449,0.0162108195,0.221115654,0.0111925972,0.2,0.138534397,0.0181518066,0.0125954986,-0.187022796,-0.00910050869,-0.2,-0.0208108449,0.0826261997
156,11740211,0.059711583,-0.177596122,-0.0267572105,-0.0187117513,0.127839237,-0.183147013,-0.103527643,-0.158713236,-0.435123801,-0.218793213,0.167556629,0.194790035,0.00477692664,-0.0142076898,-0.212040745,-0.208420288,0.010227139,-0.0146517611,0.2,0.2,-0.13702476,-0.0937586427,0.0134045303,0.0155832028,0.00477692664,0.212040745,0.010227139,0.2,0.13702476,0.0134045303,0.0142076898,-0.208420288,-0.0146517611,-0.2,-0.0155832028,0.0937586427
157,11764446,-0.065443024,-0.163177505,0.0185552593,-0.0658360571,0.104724862,-0.265583932,0.00764886802,-0.21147193,-0.337688476,-0.238704652,0.103889048,0.140371889,-0.00523544192,-0.0130542004,-0.191650133,-0.229626226,0.00837798893,-0.0212467146,0.203441991,0.2,-0.117537695,-0.0977409303,0.00831112385,0.0112297511,-0.00523544192,0.191650133,0.00837798893,0.203441991,0.117537695,0.00831112385,0.0130542004,-0.229626226,-0.0212467146,-0.2,-0.0112297511,0.0977409303
158,11782596,-0.147032484,-0.0995323211,0.0746319219,-0.101091363,0.0908786058,-0.338560134,0.0674076304,-0.230476886,-0.221796438,-0.235352114,0.0415111259,0.126942202,-0.0117625988,-0.00796258569,-0.166415635,-0.245491113,0.00727028847,-0.0270848107,0.230333434,0.2,-0.0943592876,-0.0970704228,0.00332089007,0.0101553762,-0.0117625988,0.166415635,0.00727028847,0.230333434,0.0943592876,0.00332089007,0.00796258569,-0.245491113,-0.0270848107,-0.2,-0.0101553762,0.0970704228
159,11806064,-0.159587651,-0.0384967327,0.118455283,-0.10582421,0.0959333703,-0.355759084,0.0441394709,-0.196295425,-0.166197732,-0.202280566,-0.0282985065,0.130365148,-0.0127670121,-0.00307973862,-0.146695122,-0.247620894,0.00767466962,-0.0284607267,0.219862762,0.2,-0.0832395464,-0.0904561132,-0.00226388052,0.0104292119,-0.0127670121,0.146695122,0.00767466962,0.219862762,0.0832395464,-0.00226388052,0.00307973862,-0.247620894,-0.0284607267,-0.2,-0.0104292119,0.0904561132
160,11821636,-0.0855232328,-0.00297369668,0.123847872,-0.0638717338,0.114944011,-0.307558328,-0.0638759583,-0.0965994447,-0.188003257,-0.148832574,-0.0628781468,0.14723444,-0.00684185863,-0.000237895735,-0.144268458,-0.22874228,0.00919552088,-0.0246046662,0.2,0.2,-0.0876006514,-0.0797665149,-0.00503025174,0.0117787552,-0.00684185863,0.144268458,0.00919552088,0.2,0.0876006514,-0.00503025174,0.000237895735,-0.22874228,-0.0246046662,-0.2,-0.0117787552,0.0797665149
161,11845230,0.0525222495,0.0129278963,0.0876816139,0.00344801741,0.127639517,-0.222678512,-0.218375072,0.01434296,-0.24308987,-0.0963736549,-0.0206191652,0.187096372,0.00420177996,0.00103423171,-0.160543274,-0.198448392,0.0102111614,-0.017814281,0.2,0.206454332,-0.0986179739,-0.069274731,-0.00164953321,0.0149677098,0.00420177996,0.160543274,0.0102111614,0.2,0.0986179739,-0.00164953321,-0.00103423171,-0.198448392,-0.017814281,-0.206454332,-0.0149677098,0.069274731
162,11859972,0.187002838,-0.0192554034,0.0250058174,0.0502092093,0.133370042,-0.141608462,-0.296482235,0.0466220677,-0.302996874,-0.0664891973,0.0905767083,0.22674413,0.014960227,-0.00154043227,-0.188747382,-0.177405856,0.0106696033,-0.0113286769,0.2,0.22097993,-0.110599375,-0.0632978395,0.00724613667,0.0181395304,0.014960227,0.188747382,0.0106696033,0.2,0.110599375,0.00724613667,0.00154043227,-0.177405856,-0.0113286769,-0.22097993,-0.0181395304,0.0632978395
163,11879685,0.265422493,-0.0678974688,-0.0174739324,0.0621867925,0.141766086,-0.0884747058,-0.283230752,0.0292986408,-0.337108672,-0.062403474,0.201582164,0.262949944,0.0212337995,-0.0054317975,-0.20786327,-0.172015943,0.0113412869,-0.00707797647,0.2,0.213184388,-0.117421734,-0.0624806948,0.0161265731,0.0210359955,0.0212337995,0.20786327,0.0113412869,0.2,0.117421734,0.0161265731,0.0054317975,-0.172015943,-0.00707797647,-0.213184388,-0.0210359955,0.0624806948
164,11910278,0.257730484,-0.10704682,-0.0370891467,0.0506236032,0.146989837,-0.0770198405,-0.24779591,-0.0148217436,-0.375675231,-0.0986502394,0.249271289,0.28627792,0.0206184387,-0.00856374562,-0.216690116,-0.177219379,0.011759187,-0.00616158724,0.2,0.2,-0.125135046,-0.0697300479,0.0199417031,0.0229022336,0.0206184387,0.216690116,0.011759187,0.2,0.125135046,0.0199417031,0.00856374562,-0.177219379,-0.00616158724,-0.2,-0.0229022336,0.0697300479
165,11918184,0.180135921,-0.136967123,-0.0349136256,0.023576498,0.142994821,-0.108435504,-0.19635281,-0.0725554004,-0.40690583,-0.151963577,0.228451207,0.264258593,0.0144108737,-0.0109573698,-0.215711132,-0.189390576,0.0114395857,-0.00867484033,0.2,0.2,-0.131381166,-0.0803927153,0.0182760966,0.0211406875,0.0144108737,0.215711132,0.0114395857,0.2,0.131381166,0.0182760966,0.0109573698,-0.189390576,-0.00867484033,-0.2,-0.0211406875,0.0803927153
166,11938259,0.0592957698,-0.160461649,-0.0190135874,-0.0229367986,0.128188446,-0.172953337,-0.111939162,-0.145442128,-0.41440618,-0.200965852,0.170946658,0.204875872,0.00474366158,-0.0128369319,-0.208556114,-0.210321559,0.0102550757,-0.013836267,0.2,0.2,-0.132881236,-0.0901931703,0.0136757326,0.0163900697,0.00474366158,0.208556114,0.0102550757,0.2,0.132881236,0.0136757326,0.0128369319,-0.210321559,-0.013836267,-0.2,-0.0163900697,0.0901931703
167,11961735,-0.0583045967,-0.155766979,0.0100019388,-0.0639236271,0.105126798,-0.252087474,-0.00916343648,-0.20506309,-0.350796074,-0.232918233,0.115460679,0.154713959,-0.00466436774,-0.0124613583,-0.195499128,-0.228765632,0.00841014385,-0.0201669979,0.2,0.2,-0.120159215,-0.0965836465,0.00923685431,0.0123771167,-0.00466436774,0.195499128,0.00841014385,0.2,0.120159215,0.00923685431,0.0124613583,-0.228765632,-0.0201669979,-0.2,-0.0123771167,0.0965836465
168,11979644,-0.138091207,-0.100518599,0.0624223724,-0.0938712209,0.0910803899,-0.326285452,0.0558296144,-0.222408116,-0.237656027,-0.229556665,0.0582472645,0.145722508,-0.0110472965,-0.00804148793,-0.171909932,-0.242242049,0.00728643119,-0.0261028361,0.225123326,0.2,-0.0975312054,-0.095911333,0.00465978116,0.0116578007,-0.0110472965,0.171909932,0.00728643119,0.225123326,0.0975312054,0.00465978116,0.00804148793,-0.242242049,-0.0261028361,-0.2,-0.0116578007,0.095911333
169,12011821,-0.157541081,-0.0374615043,0.103982165,-0.102767438,0.0929535255,-0.358022869,0.0415287949,-0.198799923,-0.176787928,-0.203440607,-0.00575229758,0.161055297,-0.0126032865,-0.00299692035,-0.153208026,-0.246245347,0.00743628204,-0.0286418295,0.218687958,0.2,-0.0853575855,-0.0906881213,-0.000460183807,0.0128844237,-0.0126032865,0.153208026,0.00743628204,0.218687958,0.0853575855,-0.000460183807,0.00299692035,-0.246245347,-0.0286418295,-0.2,-0.0128844237,0.0906881213
170,12017309,-0.0990464091,0.000322474516,0.114682332,-0.06567505,0.108873315,-0.328774571,-0.0517122746,-0.108411543,-0.181549087,-0.153277025,-0.0467860661,0.181165621,-0.00792371273,2.57979613e-05,-0.148392951,-0.229553773,0.00870986521,-0.0263019657,0.2,0.2,-0.0863098174,-0.0806554049,-0.00374288529,0.0144932497,-0.00792371273,0.148392951,0.00870986521,0.2,0.0863098174,-0.00374288529,-2.57979613e-05,-0.229553773,-0.0263019657,-0.2,-0.0144932497,0.0806554049
171,12040043,0.0257516261,0.0125671756,0.080087848,0.00115163415,0.116572104,-0.259316325,-0.192773715,0.00171536161,-0.224074751,-0.102921337,-0.0194179695,0.216566741,0.00206013009,0.00100537404,-0.163960468,-0.199481765,0.00932576835,-0.020745306,0.2,0.200771913,-0.0948149502,-0.0705842674,-0.00155343756,0.0173253393,0.00206013009,0.163960468,0.00932576835,0.2,0.0948149502,-0.00155343756,-0.00100537404,-0.199481765,-0.020745306,-0.200771913,-0.0173253393,0.0705842674
172,12059561,0.16384612,-0.0153692942,0.0287827011,0.0441330224,0.117239244,-0.182789072,-0.280057937,0.045657441,-0.285052866,-0.0719229132,0.0740772039,0.249089256,0.0131076896,-0.00122954354,-0.187047784,-0.18014014,0.00937913954,-0.0146231258,0.2,0.220545848,-0.107010573,-0.0643845826,0.00592617631,0.0199271405,0.0131076896,0.187047784,0.00937913954,0.2,0.107010573,0.00592617631,0.00122954354,-0.18014014,-0.0146231258,-0.220545848,-0.0199271405,0.0643845826
173,12080547,0.261863828,-0.0648371428,-0.0185949039,0.0636845529,0.120376579,-0.128316447,-0.280413628,0.0383584388,-0.325435221,-0.0594811216,0.17489785,0.271843374,0.0209491062,-0.00518697143,-0.208367707,-0.171341951,0.00963012636,-0.0102653158,0.2,0.217261297,-0.115087044,-0.0618962243,0.013991828,0.0217474699,0.0209491062,0.208367707,0.00963012636,0.2,0.115087044,0.013991828,0.00518697143,-0.171341951,-0.0102653158,-0.217261297,-0.0217474699,0.0618962243
174,12104358,0.275824845,-0.106290445,-0.0476112999,0.0589508004,0.124605864,-0.114666671,-0.254763097,-0.00272122421,-0.378970265,-0.0922354609,0.223902196,0.287556142,0.0220659876,-0.00850323558,-0.221425085,-0.17347214,0.00996846914,-0.00917333364,0.2,0.2,-0.125794053,-0.0684470922,0.0179121757,0.0230044913,0.0220659876,0.221425085,0.00996846914,0.2,0.125794053,0.0179121757,0.00850323558,-0.17347214,-0.00917333364,-0.2,-0.0230044913,0.0684470922
175,12117901,0.214165866,-0.135325998,-0.0493017435,0.0360037759,0.125749841,-0.14314574,-0.208912507,-0.0555105098,-0.42074123,-0.14545618,0.214296639,0.270115048,0.0171332693,-0.0108260798,-0.222185785,-0.183798301,0.0100599873,-0.0114516592,0.2,0.2,-0.134148246,-0.079091236,0.0171437311,0.0216092038,0.0171332693,0.222185785,0.0100599873,0.2,0.134148246,0.0171437311,0.0108260798,-0.183798301,-0.0114516592,-0.2,-0.0216092038,0.079091236
176,12149806,0.101285763,-0.157730207,-0.033821065,-0.00355471764,0.116415948,-0.200323299,-0.130846441,-0.123856194,-0.430081993,-0.193145081,0.168580338,0.21869278,0.00810286105,-0.0126184165,-0.215219479,-0.201599623,0.00931327581,-0.0160258639,0.2,0.2,-0.136016399,-0.0886290163,0.0134864271,0.0174954224,0.00810286105,0.215219479,0.00931327581,0.2,0.136016399,0.0134864271,0.0126184165,-0.201599623,-0.0160258639,-0.2,-0.0174954224,0.0886290163
177,12157476,-0.0149601083,-0.156351104,-0.00555543974,-0.0428053141,0.09749268,-0.271365881,-0.0328740515,-0.181428224,-0.368005276,-0.225560293,0.121391371,0.172513157,-0.00119680867,-0.0125080884,-0.202499948,-0.219262391,0.0077994144,-0.0217092705,0.2,0.2,-0.123601055,-0.0951120585,0.00971130967,0.0138010526,-0.00119680867,0.202499948,0.0077994144,0.2,0.123601055,0.00971130967,0.0125080884,-0.219262391,-0.0217092705,-0.2,-0.0138010526,0.0951120585
178,12179660,-0.100968972,-0.110793605,0.0399790965,-0.0734955445,0.0807843581,-0.34525618,0.0376611277,-0.209082335,-0.255796969,-0.231272534,0.0690241754,0.157880649,-0.00807751775,-0.00886348844,-0.182009407,-0.233072995,0.00646274865,-0.0276204944,0.216947507,0.2,-0.101159394,-0.0962545067,0.00552193403,0.0126304519,-0.00807751775,0.182009407,0.00646274865,0.216947507,0.101159394,0.00552193403,0.00886348844,-0.233072995,-0.0276204944,-0.2,-0.0126304519,0.0962545067
179,12199554,-0.136272952,-0.0543494634,0.0890933126,-0.0949104726,0.0788129419,-0.379197836,0.0413242616,-0.204582632,-0.186802268,-0.213688672,0.00360867777,0.160709396,-0.0109018362,-0.00434795707,-0.159908009,-0.242709713,0.00630503535,-0.0303358269,0.218595918,0.2,-0.0873604536,-0.0927377343,0.000288694222,0.0128567517,-0.0109018362,0.159908009,0.00630503535,0.218595918,0.0873604536,0.000288694222,0.00434795707,-0.242709713,-0.0303358269,-0.2,-0.0128567517,0.0927377343
180,12221063,-0.100358002,-0.017067384,0.113063149,-0.0763887241,0.0924460739,-0.352959245,-0.0279265754,-0.140240833,-0.180221334,-0.17230016,-0.0453187637,0.170087993,-0.00802864015,-0.00136539072,-0.149121583,-0.234374926,0.00739568591,-0.0282367396,0.2,0.2,-0.0860442668,-0.084460032,-0.0036255011,0.0136070395,-0.00802864015,0.149121583,0.00739568591,0.2,0.0860442668,-0.0036255011,0.00136539072,-0.234374926,-0.0282367396,-0.2,-0.0136070395,0.084460032
181,12250266,-0.00383773353,0.00209684554,0.101783954,-0.0319549106,0.109717786,-0.278510839,-0.147786736,-0.0431544594,-0.221553102,-0.127438501,-0.0333705246,0.195065752,-0.000307018682,0.000167747643,-0.154197221,-0.21437971,0.0087774229,-0.0222808671,0.2,0.2,-0.0943106204,-0.0754877001,-0.00266964197,0.0156052601,-0.000307018682,0.154197221,0.0087774229,0.2,0.0943106204,-0.00266964197,-0.000167747643,-0.21437971,-0.0222808671,-0.2,-0.0156052601,0.0754877001
182,12257942,0.122963525,-0.00322344666,0.0571631044,0.0207490772,0.124394678,-0.191804096,-0.259277225,0.0237710066,-0.278844357,-0.0931603462,0.0466978326,0.229651704,0.00983708203,-0.000257875733,-0.174276603,-0.190662915,0.00995157421,-0.0153443277,0.2,0.210696953,-0.105768871,-0.0686320692,0.00373582661,0.0183721364,0.00983708203,0.174276603,0.00995157421,0.2,0.105768871,0.00373582661,0.000257875733,-0.190662915,-0.0153443277,-0.210696953,-0.0183721364,0.0686320692
183,12293736,0.219376355,-0.0380958058,0.00729545578,0.0507449619,0.137925401,-0.123517513,-0.282307357,0.0343783423,-0.311450779,-0.0737482458,0.162953958,0.264472455,0.0175501084,-0.00304766446,-0.196717045,-0.177164767,0.0110340321,-0.00988140106,0.2,0.215470254,-0.112290156,-0.0647496492,0.0130363166,0.0211577964,0.0175501084,0.196717045,0.0110340321,0.2,0.112290156,0.0130363166,0.00304766446,-0.177164767,-0.00988140106,-0.215470254,-0.0211577964,0.0647496492
184,12304906,0.261111736,-0.078650102,-0.0197965018,0.0570175014,0.144038513,-0.087890774,-0.265209675,0.0159554929,-0.339308113,-0.0788853317,0.2323367,0.284272283,0.0208889389,-0.00629200816,-0.208908426,-0.174342124,0.0115230811,-0.00703126192,0.2,0.207179972,-0.117861623,-0.0657770663,0.018586936,0.0227417827,0.0208889389,0.208908426,0.0115230811,0.2,0.117861623,0.018586936,0.00629200816,-0.174342124,-0.00703126192,-0.207179972,-0.0227417827,0.0657770663
185,12318509,0.236795619,-0.111135975,-0.031858325,0.0450143553,0.143543825,-0.0931115374,-0.239663646,-0.0243927576,-0.38169229,-0.115590602,0.237678692,0.278949559,0.0189436495,-0.00889087796,-0.214336246,-0.17974354,0.011483506,-0.00744892299,0.2,0.2,-0.126338458,-0.0731181204,0.0190142953,0.0223159647,0.0189436495,0.214336246,0.011483506,0.2,0.126338458,0.0190142953,0.00889087796,-0.17974354,-0.00744892299,-0.2,-0.0223159647,0.0731181204
186,12343876,0.166558251,-0.135137141,-0.0249280948,0.0181430746,0.13589263,-0.130821943,-0.191212013,-0.0725924149,-0.404016078,-0.153709695,0.202304572,0.238662288,0.0133246601,-0.0108109713,-0.211217643,-0.191835616,0.0108714104,-0.0104657555,0.2,0.2,-0.130803216,-0.0807419389,0.0161843657,0.019092983,0.0133246601,0.211217643,0.0108714104,0.2,0.130803216,0.0161843657,0.0108109713,-0.191835616,-0.0104657555,-0.2,-0.019092983,0.0807419389
187,12358453,0.0710356012,-0.142107531,-0.0121643888,-0.0149099706,0.118207574,-0.193568587,-0.113116629,-0.121213987,-0.378096342,-0.185337037,0.168207735,0.19893904,0.0056828481,-0.0113686025,-0.205473975,-0.206709487,0.00945660591,-0.015485487,0.2,0.2,-0.125619268,-0.0870674074,0.0134566188,0.0159151232,0.0056828481,0.205473975,0.00945660591,0.2,0.125619268,0.0134566188,0.0113686025,-0.206709487,-0.015485487,-0.2,-0.0159151232,0.0870674074
188,12384827,-0.0189205948,-0.120473221,0.0140756881,-0.0484121516,0.0962919816,-0.264028579,-0.0342416316,-0.157798544,-0.302869588,-0.202721223,0.134388536,0.17940253,-0.00151364759,-0.00963785768,-0.19366594,-0.221785468,0.00770335853,-0.0211222863,0.2,0.2,-0.110573918,-0.0905442446,0.0107510829,0.0143522024,-0.00151364759,0.19366594,0.00770335853,0.2,0.110573918,0.0107510829,0.00963785768,-0.221785468,-0.0211222863,-0.2,-0.0143522024,0.0905442446
189,12402760,-0.0843208954,-0.0812990442,0.0553412586,-0.0763835385,0.0849970132,-0.315726995,0.00734078791,-0.181419834,-0.230928063,-0.202011809,0.080663316,0.171659678,-0.00674567163,-0.00650392354,-0.175096434,-0.234372592,0.00679976106,-0.0252581596,0.203303355,0.2,-0.0961856127,-0.0904023618,0.00645306528,0.0137327743,-0.00674567163,0.175096434,0.00679976106,0.203303355,0.0961856127,0.00645306528,0.00650392354,-0.234372592,-0.0252581596,-0.2,-0.0137327743,0.0904023618
190,12420045,-0.0926299915,-0.0474487767,0.088807635,-0.0814875215,0.0858993307,-0.327431828,-0.0104040569,-0.163024634,-0.19764702,-0.179315791,0.0195603166,0.170710623,-0.00741039932,-0.00379590213,-0.160036564,-0.236669385,0.00687194645,-0.0261945462,0.2,0.2,-0.089529404,-0.0858631581,0.00156482533,0.0136568499,-0.00741039932,0.160036564,0.00687194645,0.2,0.089529404,0.00156482533,0.00379590213,-0.236669385,-0.0261945462,-0.2,-0.0136568499,0.0858631581
191,12440158,-0.0388199016,-0.0223851185,0.09208785,-0.0467943288,0.0935361758,-0.300537556,-0.0855870768,-0.0881122574,-0.196550995,-0.139430061,-0.00918269251,0.184170976,-0.00310559213,-0.00179080948,-0.158560468,-0.221057448,0.00748289406,-0.0240430045,0.2,0.2,-0.089310199,-0.0778860122,-0.0007346154,0.0147336781,-0.00310559213,0.158560468,0.00748289406,0.2,0.089310199,-0.0007346154,0.00179080948,-0.221057448,-0.0240430045,-0.2,-0.0147336781,0.0778860122
192,12458859,0.0637704134,-0.0135755939,0.0683605149,-0.00228594989,0.10229525,-0.238732815,-0.193558395,-0.0102363974,-0.237166286,-0.106112473,0.0212981794,0.212910533,0.00510163307,-0.00108604752,-0.169237768,-0.201028677,0.00818361998,-0.0190986252,0.2,0.2,-0.0974332571,-0.0712224945,0.00170385435,0.0170328426,0.00510163307,0.169237768,0.00818361998,0.2,0.0974332571,0.00170385435,0.00108604752,-0.201028677,-0.0190986252,-0.2,-0.0170328426,0.0712224945
193,12480879,0.170786977,-0.0329534113,0.0204594098,0.0381353199,0.107491657,-0.179651946,-0.254735827,0.0236231107,-0.27749306,-0.0837629512,0.101240143,0.246906787,0.0136629581,-0.00263627291,-0.190793266,-0.182839106,0.00859933257,-0.0143721557,0.2,0.2106304,-0.105498612,-0.0667525902,0.00809921145,0.019752543,0.0136629581,0.190793266,0.00859933257,0.2,0.105498612,0.00809921145,0.00263627291,-0.182839106,-0.0143721557,-0.2106304,-0.019752543,0.0667525902
194,12497975,0.239172593,-0.0685056522,-0.0175042413,0.055343248,0.110426426,-0.142236337,-0.257785916,0.0210944526,-0.313627452,-0.0805609971,0.178934932,0.274256647,0.0191338074,-0.00548045218,-0.207876909,-0.175095538,0.00883411407,-0.011378907,0.2,0.209492504,-0.11272549,-0.0661121994,0.0143147945,0.0219405317,0.0191338074,0.207876909,0.00883411407,0.2,0.11272549,0.0143147945,0.00548045218,-0.175095538,-0.011378907,-0.209492504,-0.0219405317,0.0661121994
195,12524701,0.246149763,-0.101867914,-0.0370091163,0.0511816405,0.113021426,-0.13847214,-0.238669947,-0.00957082491,-0.360642344,-0.10699404,0.21016112,0.283032209,0.0196919811,-0.00814943314,-0.216654102,-0.176968262,0.00904171407,-0.0110777712,0.2,0.2,-0.122128469,-0.0713988081,0.0168128896,0.0226425767,0.0196919811,0.216654102,0.00904171407,0.2,0.122128469,0.0168128896,0.00814943314,-0.176968262,-0.0110777712,-0.2,-0.0226425767,0.0713988081
196,12545091,0.191512138,-0.127419859,-0.0397229306,0.0293281469,0.114477783,-0.165634319,-0.198068962,-0.0600022748,-0.400281936,-0.151849449,0.200021863,0.263139099,0.015320971,-0.0101935887,-0.217875319,-0.186802334,0.00915822268,-0.0132507455,0.2,0.2,-0.130056387,-0.0803698897,0.016001749,0.0210511279,0.015320971,0.217875319,0.00915822268,0.2,0.130056387,0.016001749,0.0101935887,-0.186802334,-0.0132507455,-0.2,-0.0210511279,0.0803698897
197,12558052,0.100190565,-0.142585516,-0.0244064573,-0.00335497595,0.107107468,-0.214829549,-0.126718029,-0.111243777,-0.390915543,-0.18526791,0.16829291,0.223030195,0.0080152452,-0.0114068413,-0.210982906,-0.201509739,0.00856859744,-0.0171863639,0.2,0.2,-0.128183109,-0.0870535821,0.0134634328,0.0178424156,0.0080152452,0.210982906,0.00856859744,0.2,0.128183109,0.0134634328,0.0114068413,-0.201509739,-0.0171863639,-0.2,-0.0178424156,0.0870535821
198,12585111,0.00935170706,-0.130827934,0.00503190467,-0.0342666805,0.0918728933,-0.272006959,-0.0511730015,-0.148827448,-0.321422011,-0.200454548,0.130869523,0.192436412,0.000748136565,-0.0104662347,-0.197735643,-0.215420006,0.00734983146,-0.0217605567,0.2,0.2,-0.114284402,-0.0900909096,0.0104695618,0.015394913,0.000748136565,0.197735643,0.00734983146,0.2,0.114284402,0.0104695618,0.0104662347,-0.215420006,-0.0217605567,-0.2,-0.015394913,0.0900909096
199,12597106,-0.0576722026,-0.093467012,0.043575611,-0.06264925,0.0812261179,-0.320969075,-0.00747378822,-0.171958029,-0.243633702,-0.201647878,0.0828029737,0.178506628,-0.00461377621,-0.00747736096,-0.180390975,-0.228192163,0.00649808943,-0.025677526,0.2,0.2,-0.0987267405,-0.0903295755,0.0066242379,0.0142805302,-0.00461377621,0.180390975,0.00649808943,0.2,0.0987267405,0.0066242379,0.00747736096,-0.228192163,-0.025677526,-0.2,-0.0142805302,0.0903295755
200,12620773,-0.0772194564,-0.0549307652,0.0776026472,-0.0733053088,0.0800676644,-0.337604642,-0.0149332192,-0.161642492,-0.200261623,-0.185350209,0.0292065199,0.172849774,-0.00617755651,-0.00439446121,-0.165078809,-0.232987389,0.00640541315,-0.0270083714,0.2,0.2,-0.0900523245,-0.0870700419,0.0023365216,0.0138279819,-0.00617755651,0.165078809,0.00640541315,0.2,0.0900523245,0.0023365216,0.00439446121,-0.232987389,-0.0270083714,-0.2,-0.0138279819,0.0870700419
201,12639590,-0.0425983556,-0.0322152637,0.0873362646,-0.0562226735,0.0857288167,-0.313937724,-0.0713534579,-0.113276355,-0.203979284,-0.158370882,-0.00333308289,0.177267894,-0.00340786844,-0.0025772211,-0.160698681,-0.225300203,0.00685830534,-0.0251150179,0.2,0.2,-0.0907958567,-0.0816741765,-0.000266646631,0.0141814315,-0.00340786844,0.160698681,0.00685830534,0.2,0.0907958567,-0.000266646631,0.0025772211,-0.225300203,-0.0251150179,-0.2,-0.0141814315,0.0816741765
202,12660290,0.032896176,-0.0198326092,0.0752785653,-0.0229203776,0.0962975845,-0.259333223,-0.155402213,-0.0479869172,-0.232141346,-0.129306212,0.0159996264,0.202332497,0.00263169408,-0.00158660874,-0.166124646,-0.21031417,0.00770380676,-0.0207466578,0.2,0.2,-0.0964282691,-0.0758612424,0.00127997011,0.0161865997,0.00263169408,0.166124646,0.00770380676,0.2,0.0964282691,0.00127997011,0.00158660874,-0.21031417,-0.0207466578,-0.2,-0.0161865997,0.0758612424
203,12689791,0.122727111,-0.0246194266,0.0411212593,0.0164727271,0.108506888,-0.196241468,-0.226405635,-0.00208537956,-0.263404727,-0.106487453,0.0838600248,0.237158269,0.00981816888,-0.00196955413,-0.181495433,-0.192587273,0.00868055105,-0.0156993175,0.2,0.2,-0.102680945,-0.0712974906,0.00670880198,0.0189726615,0.00981816888,0.181495433,0.00868055105,0.2,0.102680945,0.00670880198,0.00196955413,-0.192587273,-0.0156993175,-0.2,-0.0189726615,0.0712974906
204,12699523,0.193951905,-0.0506901331,0.00304259779,0.0403531715,0.116680548,-0.150783941,-0.249577433,0.00954958517,-0.295417547,-0.0963479429,0.158872515,0.266500443,0.0155161524,-0.00405521065,-0.198630831,-0.181841073,0.00933444381,-0.0120627153,0.2,0.204297313,-0.109083509,-0.0692695886,0.0127098012,0.0213200355,0.0155161524,0.198630831,0.00933444381,0.2,0.109083509,0.0127098012,0.00405521065,-0.181841073,-0.0120627153,-0.204297313,-0.0213200355,0.0692695886
205,12722713,0.222847745,-0.0831118226,-0.0158996023,0.0435188375,0.122899495,-0.128434345,-0.243680775,-0.00510844775,-0.336619318,-0.106421381,0.196177512,0.27574271,0.0178278196,-0.00664894581,-0.207154821,-0.180416523,0.00983195961,-0.0102747476,0.2,0.2,-0.117323864,-0.0712842762,0.015694201,0.0220594168,0.0178278196,0.207154821,0.00983195961,0.2,0.117323864,0.015694201,0.00664894581,-0.180416523,-0.0102747476,-0.2,-0.0220594168,0.0712842762
206,12738322,0.203112394,-0.110381924,-0.0241820645,0.0349518023,0.124204315,-0.136857376,-0.217399105,-0.0357730947,-0.369281411,-0.130374327,0.196783856,0.26327762,0.0162489915,-0.00883055389,-0.210881929,-0.184271689,0.00993634522,-0.01094859,0.2,0.2,-0.123856282,-0.0760748655,0.0157427084,0.0210622096,0.0162489915,0.210881929,0.00993634522,0.2,0.123856282,0.0157427084,0.00883055389,-0.184271689,-0.01094859,-0.2,-0.0210622096,0.0760748655
207,12765812,0.146562994,-0.127201751,-0.0183611177,0.0124681741,0.119042158,-0.168815702,-0.172656476,-0.0746768415,-0.380090654,-0.157406852,0.175025702,0.233535603,0.0117250395,-0.0101761401,-0.208262503,-0.194389322,0.00952337265,-0.0135052562,0.2,0.2,-0.126018131,-0.0814813703,0.0140020561,0.0186828482,0.0117250395,0.208262503,0.00952337265,0.2,0.126018131,0.0140020561,0.0101761401,-0.194389322,-0.0135052562,-0.2,-0.0186828482,0.0814813703
208,12782329,0.0728248805,-0.127225012,-0.00587970624,-0.0139462557,0.105949722,-0.217846349,-0.109111995,-0.109911233,-0.345921546,-0.177902967,0.155325964,0.210384697,0.00582599044,-0.0101780009,-0.202645868,-0.206275815,0.00847597778,-0.0174277079,0.2,0.2,-0.119184309,-0.0855805933,0.0124260771,0.0168307757,0.00582599044,0.202645868,0.00847597778,0.2,0.119184309,0.0124260771,0.0101780009,-0.206275815,-0.0174277079,-0.2,-0.0168307757,0.0855805933
209,12798461,0.000163858829,-0.107875213,0.0229663923,-0.0436675847,0.0923321769,-0.26504451,-0.0525517613,-0.140553012,-0.283835381,-0.186841607,0.125671536,0.196803644,1.31087063e-05,-0.00863001704,-0.189665123,-0.219650413,0.00738657415,-0.0212035608,0.2,0.2,-0.106767076,-0.0873683214,0.0100537229,0.0157442915,1.31087063e-05,0.189665123,0.00738657415,0.2,0.106767076,0.0100537229,0.00863001704,-0.219650413,-0.0212035608,-0.2,-0.0157442915,0.0873683214
210,12820978,-0.0428424329,-0.079313755,0.0560066961,-0.0649347305,0.0856566206,-0.294793546,-0.0324211344,-0.153967977,-0.235460475,-0.181381837,0.0790731534,0.186744303,-0.00342739463,-0.0063451004,-0.174796987,-0.229220629,0.00685252964,-0.0235834837,0.2,0.2,-0.097092095,-0.0862763673,0.00632585227,0.0149395442,-0.00342739463,0.174796987,0.00685252964,0.2,0.097092095,0.00632585227,0.0063451004,-0.229220629,-0.0235834837,-0.2,-0.0149395442,0.0862763673
211,12842868,-0.0433465801,-0.0529465154,0.0757492557,-0.0623760931,0.0870064571,-0.297180682,-0.0534381345,-0.133234277,-0.215151429,-0.163886935,0.038751144,0.187081248,-0.00346772641,-0.00423572123,-0.165912835,-0.228069242,0.00696051657,-0.0237744546,0.2,0.2,-0.0930302858,-0.0827773869,0.00310009152,0.0149664998,-0.00346772641,0.165912835,0.00696051657,0.2,0.0930302858,0.00310009152,0.00423572123,-0.228069242,-0.0237744546,-0.2,-0.0149664998,0.0827773869
212,12863239,-0.00879983976,-0.031717483,0.0751905218,-0.0423984937,0.0926589519,-0.274804831,-0.106151417,-0.0901926756,-0.222156405,-0.145653948,0.0321772471,0.205336913,-0.000703987181,-0.00253739864,-0.166164265,-0.219079322,0.00741271615,-0.0219843864,0.2,0.2,-0.0944312811,-0.0791307896,0.00257417977,0.0164269531,-0.000703987181,0.166164265,0.00741271615,0.2,0.0944312811,0.00257417977,0.00253739864,-0.219079322,-0.0219843864,-0.2,-0.0164269531,0.0791307896
213,12878988,0.0579399653,-0.0214426406,0.0582571402,-0.00985881221,0.101898067,-0.231461123,-0.173940197,-0.0371093228,-0.241837218,-0.123083368,0.0630422756,0.232246608,0.00463519722,-0.00171541125,-0.173784287,-0.204436465,0.00815184534,-0.0185168898,0.2,0.2,-0.0983674437,-0.0746166736,0.00504338205,0.0185797286,0.00463519722,0.173784287,0.00815184534,0.2,0.0983674437,0.00504338205,0.00171541125,-0.204436465,-0.0185168898,-0.2,-0.0185797286,0.0746166736
214,12903040,0.133027211,-0.0331672803,0.0262464676,0.0212191306,0.109191112,-0.186449617,-0.222079262,-0.0049717729,-0.267338574,-0.10556528,0.119185664,0.259962201,0.0106421769,-0.00265338242,-0.18818909,-0.190451391,0.00873528898,-0.0149159694,0.2,0.2,-0.103467715,-0.0711130559,0.0095348531,0.0207969761,0.0106421769,0.18818909,0.00873528898,0.2,0.103467715,0.0095348531,0.00265338242,-0.190451391,-0.0149159694,-0.2,-0.0207969761,0.0711130559
215,12921381,0.187362701,-0.0611231029,-0.00180591119,0.0360346586,0.112484694,-0.156887636,-0.236298069,-0.0011667473,-0.301777363,-0.103028871,0.167843148,0.276246369,0.0149890161,-0.00488984823,-0.20081266,-0.183784404,0.00899877548,-0.0125510108,0.2,0.2,-0.110355473,-0.0706057742,0.0134274518,0.0220997095,0.0149890161,0.20081266,0.00899877548,0.2,0.110355473,0.0134274518,0.00488984823,-0.183784404,-0.0125510108,-0.2,-0.0220997095,0.0706057742
216,12940544,0.202935874,-0.0903449804,-0.0195791852,0.0370589159,0.113421664,-0.151284114,-0.227478758,-0.0196128115,-0.342453569,-0.117812544,0.186982736,0.272704184,0.01623487,-0.00722759843,-0.208810633,-0.183323488,0.00907373309,-0.0121027291,0.2,0.2,-0.118490714,-0.0735625088,0.0149586189,0.0218163347,0.01623487,0.208810633,0.00907373309,0.2,0.118490714,0.0149586189,0.00722759843,-0.183323488,-0.0121027291,-0.2,-0.0218163347,0.0735625088
217,12969225,0.172201827,-0.111639336,-0.0257259607,0.0229107607,0.113444462,-0.169238031,-0.196781725,-0.055566851,-0.376518607,-0.14751941,0.182128623,0.25437969,0.0137761462,-0.00893114686,-0.211576682,-0.189690158,0.00907555699,-0.0135390425,0.2,0.2,-0.125303721,-0.0795038819,0.0145702899,0.0203503752,0.0137761462,0.211576682,0.00907555699,0.2,0.125303721,0.0145702899,0.00893114686,-0.189690158,-0.0135390425,-0.2,-0.0203503752,0.0795038819
218,12979535,0.109317809,-0.120804861,-0.0190302506,0.00292391819,0.106155969,-0.207559556,-0.140140846,-0.0904968083,-0.365218282,-0.171821773,0.168553293,0.230836779,0.00874542475,-0.0096643889,-0.208563613,-0.198684237,0.00849247754,-0.0166047645,0.2,0.2,-0.123043656,-0.0843643546,0.0134842634,0.0184669423,0.00874542475,0.208563613,0.00849247754,0.2,0.123043656,0.0134842634,0.0096643889,-0.198684237,-0.0166047645,-0.2,-0.0184669423,0.0843643546
219,12999679,0.0437152795,-0.110946327,0.00860796683,-0.0225065071,0.0944836289,-0.247965902,-0.0842196569,-0.113774121,-0.306307733,-0.176506311,0.144047409,0.211507156,0.00349722236,-0.0088757062,-0.196126415,-0.210127928,0.00755869031,-0.0198372722,0.2,0.2,-0.111261547,-0.0853012621,0.0115237927,0.0169205725,0.00349722236,0.196126415,0.00755869031,0.2,0.111261547,0.0115237927,0.0088757062,-0.210127928,-0.0198372722,-0.2,-0.0169205725,0.0853012621
220,13024290,-0.00610415777,-0.0874764621,0.0353938192,-0.0451217592,0.0844167322,-0.282931805,-0.0552698523,-0.132812053,-0.252322674,-0.175194934,0.107841022,0.200061083,-0.000488332622,-0.00699811697,-0.184072781,-0.220304792,0.00675333858,-0.0226345444,0.2,0.2,-0.100464535,-0.0850389868,0.00862728179,0.0160048866,-0.000488332622,0.184072781,0.00675333858,0.2,0.100464535,0.00862728179,0.00699811697,-0.220304792,-0.0226345444,-0.2,-0.0160048866,0.0850389868
221,13038797,-0.0264551006,-0.0646502674,0.0597689748,-0.0557503253,0.0817917511,-0.295734912,-0.0568547621,-0.132385701,-0.222609624,-0.166847751,0.0684169382,0.191908807,-0.00211640805,-0.00517202139,-0.173103961,-0.225087646,0.00654334009,-0.023658793,0.2,0.2,-0.0945219249,-0.0833695501,0.00547335505,0.0153527045,-0.00211640805,0.173103961,0.00654334009,0.2,0.0945219249,0.00547335505,0.00517202139,-0.225087646,-0.023658793,-0.2,-0.0153527045,0.0833695501
222,13062140,-0.00865896884,-0.0462582558,0.0701169148,-0.0464722961,0.0847804993,-0.282607317,-0.0901054218,-0.103718787,-0.21685414,-0.148932323,0.0443168059,0.192908362,-0.000692717507,-0.00370066047,-0.168447388,-0.220912533,0.00678243995,-0.0226085854,0.2,0.2,-0.093370828,-0.0797864646,0.00354534447,0.0154326689,-0.000692717507,0.168447388,0.00678243995,0.2,0.093370828,0.00354534447,0.00370066047,-0.220912533,-0.0226085854,-0.2,-0.0154326689,0.0797864646
223,13080345,0.036889527,-0.0353295542,0.0607340448,-0.0263297874,0.0914790109,-0.250911683,-0.142311886,-0.0679176524,-0.236959681,-0.135054663,0.0536580905,0.208847955,0.00295116216,-0.00282636434,-0.17266968,-0.211848404,0.00731832087,-0.0200729346,0.2,0.2,-0.0973919362,-0.0770109326,0.00429264724,0.0167078364,0.00295116216,0.17266968,0.00731832087,0.2,0.0973919362,0.00429264724,0.00282636434,-0.211848404,-0.0200729346,-0.2,-0.0167078364,0.0770109326
224,13098481,0.0930418074,-0.0379565619,0.0368532576,-0.00278554927,0.0995053723,-0.212287739,-0.190176189,-0.0412230194,-0.269654691,-0.12907134,0.0913176909,0.232292548,0.00744334459,-0.00303652495,-0.183416034,-0.201253497,0.00796042979,-0.0169830191,0.2,0.2,-0.103930938,-0.075814268,0.00730541527,0.0185834038,0.00744334459,0.183416034,0.00796042979,0.2,0.103930938,0.00730541527,0.00303652495,-0.201253497,-0.0169830191,-0.2,-0.0185834038,0.075814268
225,13124669,0.141721383,-0.0556452535,0.0145942699,0.0130721107,0.108590424,-0.177443966,-0.215719074,-0.0294497646,-0.305470318,-0.126609325,0.132208198,0.248383835,0.0113377106,-0.00445162028,-0.193432579,-0.19411755,0.00868723392,-0.0141955173,0.2,0.2,-0.111094064,-0.0753218651,0.0105766559,0.0198707068,0.0113377106,0.193432579,0.00868723392,0.2,0.111094064,0.0105766559,0.00445162028,-0.19411755,-0.0141955173,-0.2,-0.0198707068,0.0753218651
226,13138703,0.167119205,-0.0783518031,-0.0023215434,0.0202934761,0.11564409,-0.159692958,-0.218681902,-0.0333993994,-0.339078724,-0.131633773,0.157616958,0.252472997,0.0133695364,-0.00626814425,-0.201044695,-0.190867936,0.00925152719,-0.0127754366,0.2,0.2,-0.117815745,-0.0763267547,0.0126093566,0.0201978397,0.0133695364,0.201044695,0.00925152719,0.2,0.117815745,0.0126093566,0.00626814425,-0.190867936,-0.0127754366,-0.2,-0.0201978397,0.0763267547
227,13160320,0.156491756,-0.0964526162,-0.0128137926,0.0177776441,0.118361577,-0.163031235,-0.199982107,-0.0529385768,-0.363642007,-0.148489848,0.167935044,0.247272611,0.0125193405,-0.00771620929,-0.205766207,-0.19200006,0.00946892619,-0.0130424988,0.2,0.2,-0.122728401,-0.0796979696,0.0134348035,0.0197818089,0.0125193405,0.205766207,0.00946892619,0.2,0.122728401,0.0134348035,0.00771620929,-0.19200006,-0.0130424988,-0.2,-0.0197818089,0.0796979696
228,13184619,0.115367077,-0.10549023,-0.0145844948,0.00693803839,0.112676248,-0.19012019,-0.158710614,-0.0773397982,-0.35921824,-0.166322529,0.167477787,0.236889988,0.00922936618,-0.0084392184,-0.206563023,-0.196877883,0.00901409984,-0.0152096152,0.2,0.2,-0.121843648,-0.0832645059,0.0133982229,0.0189511991,0.00922936618,0.206563023,0.00901409984,0.2,0.121843648,0.0133982229,0.0084392184,-0.196877883,-0.0152096152,-0.2,-0.0189511991,0.0832645059
229,13198766,0.058742784,-0.105341345,-0.00163396227,-0.0152347637,0.10198582,-0.227889434,-0.111888692,-0.106654532,-0.334785342,-0.181080043,0.149311721,0.221270904,0.00469942272,-0.00842730761,-0.200735283,-0.206855644,0.00815886557,-0.0182311547,0.2,0.2,-0.116957068,-0.0862160087,0.0119449377,0.0177016723,0.00469942272,0.200735283,0.00815886557,0.2,0.116957068,0.0119449377,0.00842730761,-0.206855644,-0.0182311547,-0.2,-0.0177016723,0.0862160087
230,13228409,0.00401276583,-0.0997313485,0.0213288963,-0.0417949446,0.0924885347,-0.26294747,-0.0727644861,-0.138324305,-0.306820571,-0.190094396,0.111980401,0.200747624,0.000321021266,-0.00797850788,-0.190401997,-0.218807725,0.00739908278,-0.0210357976,0.2,0.2,-0.111364114,-0.0880188793,0.00895843208,0.0160598099,0.000321021266,0.190401997,0.00739908278,0.2,0.111364114,0.00895843208,0.00797850788,-0.218807725,-0.0210357976,-0.2,-0.0160598099,0.0880188793
231,13238128,-0.040005181,-0.0912204459,0.0452874377,-0.06601955,0.0879997686,-0.286232531,-0.0458488874,-0.166856974,-0.2872293,-0.19857569,0.0687265322,0.181907237,-0.00320041448,-0.00729763567,-0.179620653,-0.229708797,0.00703998148,-0.0228986025,0.2,0.2,-0.10744586,-0.0897151381,0.00549812257,0.0145525789,-0.00320041448,0.179620653,0.00703998148,0.2,0.10744586,0.00549812257,0.00729763567,-0.229708797,-0.0228986025,-0.2,-0.0145525789,0.0897151381
232,13270016,-0.0638003945,-0.0749178156,0.0692378953,-0.0812970921,0.0904689506,-0.294258863,-0.0363177098,-0.176338434,-0.273481935,-0.199982285,0.0339127332,0.177058488,-0.00510403156,-0.00599342525,-0.168842947,-0.236583691,0.00723751605,-0.023540709,0.2,0.2,-0.104696387,-0.0899964571,0.00271301866,0.0141646791,-0.00510403156,0.168842947,0.00723751605,0.2,0.104696387,0.00271301866,0.00599342525,-0.236583691,-0.023540709,-0.2,-0.0141646791,0.0899964571
233,13283507,-0.0666761845,-0.0545994304,0.0838987157,-0.0876078904,0.0999095738,-0.285085201,-0.0477481373,-0.168823138,-0.27666989,-0.197667271,0.0181651767,0.190625444,-0.00533409476,-0.00436795443,-0.162245578,-0.239423551,0.0079927659,-0.0228068161,0.2,0.2,-0.105333978,-0.0895334542,0.00145321414,0.0152500355,-0.00533409476,0.162245578,0.0079927659,0.2,0.105333978,0.00145321414,0.00436795443,-0.239423551,-0.0228068161,-0.2,-0.0152500355,0.0895334542
234,13298226,-0.0454734862,-0.0358442031,0.0902100578,-0.082845822,0.114536695,-0.257585883,-0.0808529183,-0.140828937,-0.290715575,-0.184290737,0.0248087905,0.216203868,-0.00363787889,-0.00286753625,-0.159405474,-0.23728062,0.00916293561,-0.0206068707,0.2,0.2,-0.108143115,-0.0868581474,0.00198470324,0.0172963095,-0.00363787889,0.159405474,0.00916293561,0.2,0.108143115,0.00198470324,0.00286753625,-0.23728062,-0.0206068707,-0.2,-0.0172963095,0.0868581474
235,13334291,-0.00685568014,-0.0219757818,0.0885482058,-0.0680616871,0.134614378,-0.213492125,-0.130561516,-0.104152404,-0.314398587,-0.163696408,0.0540004708,0.246808454,-0.000548454411,-0.00175806254,-0.160153307,-0.230627759,0.0107691503,-0.01707937,0.2,0.2,-0.112879717,-0.0827392817,0.00432003766,0.0197446764,-0.000548454411,0.160153307,0.0107691503,0.2,0.112879717,0.00432003766,0.00175806254,-0.230627759,-0.01707937,-0.2,-0.0197446764,0.0827392817
236,13339378,0.043779958,-0.0169892032,0.0729055926,-0.0427518338,0.154455811,-0.169524148,-0.1826213,-0.0666332319,-0.336088747,-0.141792923,0.0968769044,0.274388283,0.00350239664,-0.00135913625,-0.167192483,-0.219238325,0.0123564649,-0.0135619318,0.2,0.2,-0.117217749,-0.0783585846,0.00775015235,0.0219510627,0.00350239664,0.167192483,0.0123564649,0.2,0.117217749,0.00775015235,0.00135913625,-0.219238325,-0.0135619318,-0.2,-0.0219510627,0.0783585846
237,13358202,0.0904275402,-0.0233268663,0.0499170981,-0.017799316,0.170211747,-0.132615104,-0.219751447,-0.0426630005,-0.358454317,-0.128281057,0.141800955,0.292118907,0.00723420322,-0.00186614931,-0.177537306,-0.208009692,0.0136169398,-0.0106092083,0.2,0.2,-0.121690863,-0.0756562114,0.0113440764,0.0233695126,0.00723420322,0.177537306,0.0136169398,0.2,0.121690863,0.0113440764,0.00186614931,-0.208009692,-0.0106092083,-0.2,-0.0233695126,0.0756562114
238,13391989,0.124521337,-0.0384443365,0.0308401175,-0.00143411232,0.17874746,-0.109865412,-0.234442294,-0.0329470411,-0.37804845,-0.122431442,0.170763746,0.293423593,0.009961707,-0.00307554692,-0.186121947,-0.200645351,0.0142997968,-0.00878923297,0.2,0.2,-0.12560969,-0.0744862884,0.0136610997,0.0234738874,0.009961707,0.186121947,0.0142997968,0.2,0.12560969,0.0136610997,0.00307554692,-0.200645351,-0.00878923297,-0.2,-0.0234738874,0.0744862884
239,13397163,0.133680508,-0.057268057,0.0108515481,0.0096895583,0.176577151,-0.110449761,-0.224487573,-0.0373515077,-0.386980385,-0.124717347,0.182546988,0.285921395,0.0106944406,-0.00458144456,-0.195116803,-0.195639699,0.0141261721,-0.00883598089,0.2,0.2,-0.127396077,-0.0749434695,0.0146037591,0.0228737116,0.0106944406,0.195116803,0.0141261721,0.2,0.127396077,0.0146037591,0.00458144456,-0.195639699,-0.00883598089,-0.2,-0.0228737116,0.0749434695
240,13418802,0.113179222,-0.074026607,0.00154628116,0.00338630145,0.165149078,-0.13146466,-0.193611696,-0.0558036193,-0.388277173,-0.136920184,0.180040538,0.2732687,0.00905433774,-0.00592212856,-0.199304173,-0.198476164,0.0132119262,-0.0105171728,0.2,0.2,-0.127655435,-0.0773840368,0.0144032431,0.021861496,0.00905433774,0.199304173,0.0132119262,0.2,0.127655435,0.0144032431,0.00592212856,-0.198476164,-0.0105171728,-0.2,-0.021861496,0.0773840368
241,13441748,0.0642432645,-0.0884806812,-0.00540298875,-0.0118125249,0.144716218,-0.17741634,-0.142592371,-0.0903200284,-0.377989411,-0.158655047,0.164686069,0.25820896,0.00513946116,-0.00707845449,-0.202431345,-0.205315636,0.0115772974,-0.0141933072,0.2,0.2,-0.125597882,-0.0817310095,0.0131748855,0.0206567168,0.00513946116,0.202431345,0.0115772974,0.2,0.125597882,0.0131748855,0.00707845449,-0.205315636,-0.0141933072,-0.2,-0.0206567168,0.0817310095
242,13462321,0.000587636954,-0.0980894566,9.49609821e-05,-0.0349566825,0.120477498,-0.236279652,-0.0821028352,-0.133361623,-0.356172055,-0.182231113,0.130794704,0.238834739,4.70109563e-05,-0.00784715652,-0.199957268,-0.215730507,0.00963819981,-0.0189023721,0.2,0.2,-0.121234411,-0.0864462227,0.0104635763,0.0191067791,4.70109563e-05,0.199957268,0.00963819981,0.2,0.121234411,0.0104635763,0.00784715652,-0.215730507,-0.0189023721,-0.2,-0.0191067791,0.0864462227
243,13484951,-0.0581282638,-0.0985190496,0.0182678774,-0.0575559922,0.0992824733,-0.29596293,-0.0273086298,-0.173225522,-0.320610881,-0.19845736,0.0812250748,0.221771896,-0.0046502611,-0.00788152397,-0.191779455,-0.225900196,0.00794259787,-0.0236770344,0.2,0.2,-0.114122176,-0.0896914721,0.00649800599,0.0177417517,-0.0046502611,0.191779455,0.00794259787,0.2,0.114122176,0.00649800599,0.00788152397,-0.225900196,-0.0236770344,-0.2,-0.0177417517,0.0896914721
244,13498358,-0.098716259,-0.0844486058,0.0457509086,-0.0765879676,0.0874870047,-0.344412267,0.00624608248,-0.198425159,-0.281750292,-0.205957219,0.0293389279,0.216168985,-0.00789730072,-0.00675588846,-0.179412091,-0.234464585,0.00699896038,-0.0275529814,0.202810737,0.2,-0.106350058,-0.0911914438,0.00234711424,0.0172935188,-0.00789730072,0.179412091,0.00699896038,0.202810737,0.106350058,0.00234711424,0.00675588846,-0.234464585,-0.0275529814,-0.2,-0.0172935188,0.0911914438
245,13520416,-0.105767645,-0.0574752055,0.0718211085,-0.0815739557,0.0852131695,-0.369558573,0.000872012519,-0.189830661,-0.250870019,-0.198462442,-0.0116458908,0.22725074,-0.0084614116,-0.00459801644,-0.167680501,-0.23670828,0.00681705356,-0.0295646858,0.200392406,0.2,-0.100174004,-0.0896924883,-0.000931671262,0.0181800592,-0.0084614116,0.167680501,0.00681705356,0.200392406,0.100174004,-0.000931671262,0.00459801644,-0.23670828,-0.0295646858,-0.2,-0.0181800592,0.0896924883
246,13539953,-0.0787373558,-0.0316808484,0.0847709328,-0.072275117,0.0915761739,-0.360499918,-0.0429188795,-0.152309313,-0.249040529,-0.181167245,-0.0259559378,0.251682431,-0.00629898846,-0.00253446788,-0.16185308,-0.232523803,0.00732609391,-0.0288399935,0.2,0.2,-0.0998081058,-0.086233449,-0.00207647502,0.0201345944,-0.00629898846,0.16185308,0.00732609391,0.2,0.0998081058,-0.00207647502,0.00253446788,-0.232523803,-0.0288399935,-0.2,-0.0201345944,0.086233449
247,13558661,-0.015606706,-0.014345305,0.0899160355,-0.0550329275,0.1052543,-0.311113268,-0.117916547,-0.0904033184,-0.272174209,-0.150748685,-0.00568085955,0.279208511,-0.00124853648,-0.0011476244,-0.159537784,-0.224764817,0.008420344,-0.0248890615,0.2,0.2,-0.104434842,-0.080149737,-0.000454468764,0.0223366809,-0.00124853648,0.159537784,0.008420344,0.2,0.104434842,-0.000454468764,0.0011476244,-0.224764817,-0.0248890615,-0.2,-0.0223366809,0.080149737
248,13591261,0.0682141408,-0.0143254614,0.0658002868,-0.0214730706,0.122344501,-0.245466009,-0.197125107,-0.0368982628,-0.307143807,-0.123427816,0.0479537882,0.305664837,0.00545713127,-0.00114603691,-0.170389871,-0.209662882,0.00978756011,-0.0196372807,0.2,0.2,-0.111428761,-0.0746855631,0.00383630306,0.024453187,0.00545713127,0.170389871,0.00978756011,0.2,0.111428761,0.00383630306,0.00114603691,-0.209662882,-0.0196372807,-0.2,-0.024453187,0.0746855631
249,13596760,0.149769753,-0.0303094871,0.0323118195,0.0104737906,0.140372306,-0.184168026,-0.251690894,-0.00446921168,-0.346575707,-0.107321963,0.115030363,0.32159546,0.0119815803,-0.00242475897,-0.185459681,-0.195286794,0.0112297845,-0.0147334421,0.2,0.2,-0.119315141,-0.0714643925,0.00920242906,0.0257276368,0.0119815803,0.185459681,0.0112297845,0.2,0.119315141,0.00920242906,0.00242475897,-0.195286794,-0.0147334421,-0.2,-0.0257276368,0.0714643925
250,13618205,0.199918002,-0.0556830503,0.00500144623,0.0326999612,0.155763358,-0.140313774,-0.264105409,0.00431798678,-0.376988441,-0.102015913,0.170843378,0.324346781,0.0159934402,-0.00445464402,-0.197749349,-0.185285017,0.0124610686,-0.0112251019,0.2,0.201943094,-0.125397688,-0.0704031825,0.0136674702,0.0259477425,0.0159934402,0.197749349,0.0124610686,0.2,0.125397688,0.0136674702,0.00445464402,-0.185285017,-0.0112251019,-0.201943094,-0.0259477425,0.0704031825
251,13641397,0.207718477,-0.0806341171,-0.0165776946,0.0434282199,0.158825099,-0.129196897,-0.244768217,-0.00707218517,-0.390668452,-0.111452095,0.200172171,0.317822993,0.0166174781,-0.00645072937,-0.207459963,-0.180457301,0.012706008,-0.0103357518,0.2,0.2,-0.12813369,-0.072290419,0.0160137737,0.0254258394,0.0166174781,0.207459963,0.012706008,0.2,0.12813369,0.0160137737,0.00645072937,-0.180457301,-0.0103357518,-0.2,-0.0254258394,0.072290419
252,13661457,0.173275754,-0.0983420312,-0.0319504477,0.0376423597,0.145575166,-0.15760228,-0.203874901,-0.0333963297,-0.392108619,-0.136555299,0.208074898,0.30733192,0.0138620603,-0.0078673625,-0.214377701,-0.183060938,0.0116460133,-0.0126081824,0.2,0.2,-0.128421724,-0.0773110598,0.0166459918,0.0245865536,0.0138620603,0.214377701,0.0116460133,0.2,0.128421724,0.0166459918,0.0078673625,-0.183060938,-0.0126081824,-0.2,-0.0245865536,0.0773110598
253,13680323,0.10631457,-0.109405324,-0.037437994,0.0182409361,0.119811825,-0.220361277,-0.142402261,-0.0715968087,-0.377438068,-0.167163268,0.193464875,0.288475007,0.00850516558,-0.00875242591,-0.216847097,-0.191791579,0.00958494604,-0.0176289022,0.2,0.2,-0.125487614,-0.0834326535,0.01547719,0.0230780005,0.00850516558,0.216847097,0.00958494604,0.2,0.125487614,0.01547719,0.00875242591,-0.191791579,-0.0176289022,-0.2,-0.0230780005,0.0834326535
254,13697168,0.0249558352,-0.112885721,-0.0277836956,-0.00698024593,0.0916556492,-0.299620271,-0.0694711134,-0.117315419,-0.337961912,-0.189640179,0.151016742,0.263716489,0.00199646682,-0.00903085768,-0.212502663,-0.203141111,0.00733245194,-0.0239696217,0.2,0.2,-0.117592382,-0.0879280359,0.0120813394,0.0210973191,0.00199646682,0.212502663,0.00733245194,0.2,0.117592382,0.0120813394,0.00903085768,-0.203141111,-0.0239696217,-0.2,-0.0210973191,0.0879280359
255,13724288,-0.0445413776,-0.106049687,-0.00726295495,-0.03228046,0.069190152,-0.379741877,-0.0108240815,-0.165260702,-0.291494548,-0.207399994,0.0861523449,0.235575616,-0.00356331021,-0.00848397493,-0.20326833,-0.214526207,0.00553521216,-0.0303793502,0.2,0.2,-0.10829891,-0.0914799988,0.0068921876,0.0188460493,-0.00356331021,0.20326833,0.00553521216,0.2,0.10829891,0.0068921876,0.00848397493,-0.214526207,-0.0303793502,-0.2,-0.0188460493,0.0914799988
256,13740058,-0.0904166922,-0.0902018845,0.0190754253,-0.0552836768,0.0546938442,-0.445791245,0.0219057649,-0.202333689,-0.255288184,-0.223230839,0.013881512,0.21400021,-0.00723333538,-0.00721615076,-0.191416059,-0.224877655,0.00437550753,-0.0356632996,0.209857594,0.2,-0.101057637,-0.0946461678,0.00111052096,0.0171200168,-0.00723333538,0.191416059,0.00437550753,0.209857594,0.101057637,0.00111052096,0.00721615076,-0.224877655,-0.0356632996,-0.2,-0.0171200168,0.0946461678
257,13760468,-0.106345311,-0.0663691461,0.051606115,-0.070202589,0.0515110306,-0.476107001,0.0241431892,-0.209161833,-0.227315441,-0.22666797,-0.0424170606,0.208759516,-0.00850762486,-0.00530953169,-0.176777248,-0.231591165,0.00412088245,-0.0380885601,0.210864435,0.2,-0.0954630882,-0.0953335941,-0.00339336485,0.0167007613,-0.00850762486,0.176777248,0.00412088245,0.210864435,0.0954630882,-0.00339336485,0.00530953169,-0.231591165,-0.0380885601,-0.2,-0.0167007613,0.0953335941
258,13781348,-0.0896740705,-0.0440320969,0.0792327449,-0.0732135028,0.0610117279,-0.458614796,-0.00976026617,-0.185137063,-0.221599951,-0.216564223,-0.0707082227,0.21844992,-0.00717392564,-0.00352256775,-0.164345265,-0.232946076,0.00488093823,-0.0366891837,0.2,0.2,-0.0943199903,-0.0933128446,-0.00565665781,0.0174759936,-0.00717392564,0.164345265,0.00488093823,0.2,0.0943199903,-0.00565665781,0.00352256775,-0.232946076,-0.0366891837,-0.2,-0.0174759936,0.0933128446
259,13799789,-0.0309528336,-0.0306614786,0.1031335,-0.0691912398,0.0834029019,-0.381106883,-0.0840056837,-0.123559028,-0.253483504,-0.185853377,-0.0630663708,0.230924144,-0.00247622669,-0.00245291829,-0.153589925,-0.231136058,0.00667223215,-0.0304885507,0.2,0.2,-0.100696701,-0.0871706754,-0.00504530966,0.0184739316,-0.00247622669,0.153589925,0.00667223215,0.2,0.100696701,-0.00504530966,0.00245291829,-0.231136058,-0.0304885507,-0.2,-0.0184739316,0.0871706754
260,13820995,0.058588475,-0.0243989769,0.0916270465,-0.0403795727,0.112952009,-0.27411589,-0.182175711,-0.0549092479,-0.303714603,-0.151306853,-0.00712476391,0.254199058,0.004687078,-0.00195191815,-0.158767829,-0.218170808,0.00903616071,-0.0219292712,0.2,0.2,-0.110742921,-0.0802613705,-0.000569981113,0.0203359246,0.004687078,0.158767829,0.00903616071,0.2,0.110742921,-0.000569981113,0.00195191815,-0.218170808,-0.0219292712,-0.2,-0.0203359246,0.0802613705
261,13840733,0.149108008,-0.0302528478,0.0553910844,0.00146210543,0.144368216,-0.176914945,-0.259030044,-0.00745010842,-0.349108756,-0.126423642,0.0797482654,0.277419776,0.0119286406,-0.00242022783,-0.175074012,-0.199342053,0.0115494573,-0.0141531956,0.2,0.2,-0.119821751,-0.0752847284,0.00637986124,0.0221935821,0.0119286406,0.175074012,0.0115494573,0.2,0.119821751,0.00637986124,0.00242022783,-0.199342053,-0.0141531956,-0.2,-0.0221935821,0.0752847284
262,13859792,0.210022986,-0.0516129024,0.0202788282,0.0326713994,0.169772848,-0.107690558,-0.282485247,0.00918946788,-0.378553182,-0.113126718,0.162743881,0.290088385,0.0168018389,-0.00412903219,-0.190874527,-0.18529787,0.0135818279,-0.00861524463,0.2,0.204135261,-0.125710636,-0.0726253435,0.0130195105,0.0232070708,0.0168018389,0.190874527,0.0135818279,0.2,0.125710636,0.0130195105,0.00412903219,-0.18529787,-0.00861524463,-0.204135261,-0.0232070708,0.0726253435
263,13881305,0.230044827,-0.078367427,-0.00311310962,0.047977414,0.180245087,-0.0761664584,-0.269027323,0.00163354666,-0.392837614,-0.115124822,0.207650617,0.288876384,0.0184035861,-0.00626939416,-0.201400899,-0.178410164,0.0144196069,-0.00609331667,0.2,0.200735096,-0.128567523,-0.0730249643,0.0166120493,0.0231101108,0.0184035861,0.201400899,0.0144196069,0.2,0.128567523,0.0166120493,0.00626939416,-0.178410164,-0.00609331667,-0.200735096,-0.0231101108,0.0730249643
264,13899795,0.200605989,-0.100217693,-0.0181498025,0.0430375449,0.173729748,-0.0873533115,-0.234961912,-0.0261440445,-0.400862813,-0.137251973,0.218320027,0.279604644,0.0160484791,-0.0080174154,-0.208167411,-0.180633105,0.0138983798,-0.00698826492,0.2,0.2,-0.130172563,-0.0774503946,0.0174656022,0.0223683715,0.0160484791,0.208167411,0.0138983798,0.2,0.130172563,0.0174656022,0.0080174154,-0.180633105,-0.00698826492,-0.2,-0.0223683715,0.0774503946
265,13939169,0.123440377,-0.116161555,-0.0300074387,0.0197270792,0.149719283,-0.14746052,-0.168150783,-0.0722588301,-0.395664334,-0.175370291,0.210162833,0.263519049,0.00987523019,-0.0092929244,-0.213503347,-0.191122814,0.0119775426,-0.0117968416,0.2,0.2,-0.129132867,-0.0850740582,0.0168130267,0.0210815239,0.00987523019,0.213503347,0.0119775426,0.2,0.129132867,0.0168130267,0.0092929244,-0.191122814,-0.0117968416,-0.2,-0.0210815239,0.0850740582
266,13943416,0.0277890228,-0.125901908,-0.024548972,-0.0104844226,0.113581777,-0.236897722,-0.0792071745,-0.122572951,-0.356608808,-0.201485842,0.170626625,0.236195624,0.00222312182,-0.0100721526,-0.211047037,-0.20471799,0.00908654213,-0.0189518178,0.2,0.2,-0.121321762,-0.0902971685,0.01365013,0.0188956499,0.00222312182,0.211047037,0.00908654213,0.2,0.121321762,0.01365013,0.0100721526,-0.20471799,-0.0189518178,-0.2,-0.0188956499,0.0902971685
267,13958749,-0.0648230389,-0.12502934,0.00257639051,-0.052138567,0.0858390555,-0.324349433,0.0013303787,-0.189813688,-0.313942254,-0.225913331,0.101469278,0.202456087,-0.00518584311,-0.0100023472,-0.198840624,-0.223462355,0.00686712444,-0.0259479547,0.20059867,0.2,-0.112788451,-0.0951826662,0.00811754227,0.0161964869,-0.00518584311,0.198840624,0.00686712444,0.20059867,0.112788451,0.00811754227,0.0100023472,-0.223462355,-0.0259479547,-0.2,-0.0161964869,0.0951826662
268,13981811,-0.130504087,-0.106409386,0.0437027141,-0.0886647552,0.0715810657,-0.396050483,0.053858716,-0.240229443,-0.269634545,-0.243010253,0.0201976504,0.174628451,-0.0104403269,-0.00851275086,-0.180333779,-0.23989914,0.00572648525,-0.0316840386,0.224236422,0.2,-0.103926909,-0.0986020505,0.00161581203,0.0139702761,-0.0104403269,0.180333779,0.00572648525,0.224236422,0.103926909,0.00161581203,0.00851275086,-0.23989914,-0.0316840386,-0.2,-0.0139702761,0.0986020505
269,14001482,-0.155904144,-0.0681558773,0.0928136706,-0.108993247,0.0738326162,-0.426612675,0.0577448048,-0.243769258,-0.232361317,-0.239698902,-0.048129674,0.170986712,-0.0124723315,-0.00545247018,-0.158233848,-0.249046961,0.0059066093,-0.034129014,0.225985162,0.2,-0.0964722633,-0.0979397804,-0.00385037392,0.013678937,-0.0124723315,0.158233848,0.0059066093,0.225985162,0.0964722633,-0.00385037392,0.00545247018,-0.249046961,-0.034129014,-0.2,-0.013678937,0.0979397804
270,14020024,-0.137378082,-0.0265746769,0.123253524,-0.11183919,0.0941938683,-0.405384928,0.00987098832,-0.210609421,-0.24464047,-0.225020155,-0.0779478028,0.197364122,-0.0109902465,-0.00212597415,-0.144535914,-0.250327636,0.00753550947,-0.0324307942,0.204441945,0.2,-0.0989280939,-0.0950040311,-0.00623582423,0.0157891297,-0.0109902465,0.144535914,0.00753550947,0.204441945,0.0989280939,-0.00623582423,0.00212597415,-0.250327636,-0.0324307942,-0.2,-0.0157891297,0.0950040311
271,14040646,-0.0754126981,0.00737755839,0.136819392,-0.097370863,0.128010631,-0.327936858,-0.0851486474,-0.134334907,-0.299921602,-0.18909058,-0.0569651052,0.234971821,-0.00603301585,0.000590204671,-0.138431273,-0.243816888,0.0102408504,-0.0262349486,0.2,0.2,-0.10998432,-0.0878181159,-0.00455720842,0.0187977457,-0.00603301585,0.138431273,0.0102408504,0.2,0.10998432,-0.00455720842,-0.000590204671,-0.243816888,-0.0262349486,-0.2,-0.0187977457,0.0878181159
272,14060754,0.0215936862,0.0329446681,0.120181561,-0.0604400113,0.168895796,-0.221763566,-0.204499215,-0.0484964475,-0.356881231,-0.142549127,0.0205845796,0.282129884,0.0017274949,0.00263557345,-0.145918298,-0.227198005,0.0135116637,-0.0177410853,0.2,0.2,-0.121376246,-0.0785098255,0.00164676636,0.0225703907,0.0017274949,0.145918298,0.0135116637,0.2,0.121376246,0.00164676636,-0.00263557345,-0.227198005,-0.0177410853,-0.2,-0.0225703907,0.0785098255
273,14078600,0.129902929,0.0308004729,0.0742073357,-0.00640640594,0.210003436,-0.125542328,-0.296275944,0.0142140659,-0.397681594,-0.100717828,0.127343819,0.315764308,0.0103922343,0.00246403784,-0.166606699,-0.202882883,0.0168002748,-0.0100433862,0.2,0.20639633,-0.129536319,-0.0701435655,0.0101875055,0.0252611446,0.0103922343,0.166606699,0.0168002748,0.2,0.129536319,0.0101875055,-0.00246403784,-0.202882883,-0.0100433862,-0.20639633,-0.0252611446,0.0701435655
274,14100762,0.210933402,-0.00165422482,0.0292983055,0.0311047677,0.235965386,-0.05678216,-0.32722792,0.0299915597,-0.429134071,-0.0849233642,0.216236398,0.323689997,0.0168746722,-0.000132337986,-0.186815763,-0.186002855,0.0188772309,-0.0045425728,0.2,0.213496202,-0.135826814,-0.0669846728,0.0172989118,0.0258951998,0.0168746722,0.186815763,0.0188772309,0.2,0.135826814,0.0172989118,0.000132337986,-0.186002855,-0.0045425728,-0.213496202,-0.0258951998,0.0669846728
275,14123530,0.242709264,-0.0455092341,0.00321289198,0.0489145219,0.240838036,-0.023271542,-0.307804257,0.0188300796,-0.43990916,-0.0897588283,0.256128073,0.311230898,0.0194167411,-0.00364073873,-0.198554199,-0.177988465,0.0192670429,-0.00186172336,0.2,0.208473536,-0.137981832,-0.0679517657,0.0204902458,0.0248984718,0.0194167411,0.198554199,0.0192670429,0.2,0.137981832,0.0204902458,0.00364073873,-0.177988465,-0.00186172336,-0.208473536,-0.0248984718,0.0679517657
276,14139651,0.205897734,-0.0812258273,-0.0132479584,0.0416285954,0.227560371,-0.0325510129,-0.260196984,-0.0189120676,-0.438074529,-0.120170169,0.260578454,0.294796437,0.0164718187,-0.00649806619,-0.205961581,-0.181267132,0.0182048297,-0.00260408103,0.2,0.2,-0.137614906,-0.0740340337,0.0208462763,0.023583715,0.0164718187,0.205961581,0.0182048297,0.2,0.137614906,0.0208462763,0.00649806619,-0.181267132,-0.00260408103,-0.2,-0.023583715,0.0740340337
277,14162792,0.113974325,-0.104418643,-0.0267750453,0.0163785499,0.192081392,-0.0994461253,-0.175206676,-0.0694690496,-0.41593951,-0.164300472,0.250911385,0.278045833,0.00911794603,-0.00835349143,-0.21204877,-0.192629653,0.0153665113,-0.00795569003,0.2,0.2,-0.133187902,-0.0828600943,0.0200729108,0.0222436666,0.00911794603,0.21204877,0.0153665113,0.2,0.133187902,0.0200729108,0.00835349143,-0.192629653,-0.00795569003,-0.2,-0.0222436666,0.0828600943
278,14179629,-0.00287439884,-0.117614903,-0.0209877118,-0.0233452246,0.143794015,-0.202329114,-0.0662239343,-0.130103588,-0.366502821,-0.199641421,0.207765803,0.252184421,-0.000229951907,-0.0094091922,-0.20944447,-0.210505351,0.0115035212,-0.0161863291,0.2,0.2,-0.123300564,-0.0899282843,0.0166212642,0.0201747537,-0.000229951907,0.20944447,0.0115035212,0.2,0.123300564,0.0166212642,0.0094091922,-0.210505351,-0.0161863291,-0.2,-0.0201747537,0.0899282843
279,14198662,-0.112230353,-0.120016396,0.00125987281,-0.0651925281,0.102270007,-0.319277048,0.0328579247,-0.20953919,-0.315515995,-0.230592117,0.117768846,0.21407266,-0.00897842824,-0.00960131168,-0.199433057,-0.229336638,0.00818160057,-0.0255421638,0.214786066,0.2,-0.113103199,-0.0961184233,0.00942150772,0.0171258128,-0.00897842824,0.199433057,0.00818160057,0.214786066,0.113103199,0.00942150772,0.00960131168,-0.229336638,-0.0255421638,-0.2,-0.0171258128,0.0961184233
280,14234289,-0.181955546,-0.104038648,0.0396814905,-0.101803131,0.0744477659,-0.424585193,0.0962365419,-0.270074069,-0.270739406,-0.253968894,0.00944801327,0.179306149,-0.0145564437,-0.00832309186,-0.182143329,-0.245811409,0.00595582128,-0.0339668155,0.243306444,0.2,-0.104147881,-0.100793779,0.000755841061,0.014344492,-0.0145564437,0.182143329,0.00595582128,0.243306444,0.104147881,0.000755841061,0.00832309186,-0.245811409,-0.0339668155,-0.2,-0.014344492,0.100793779
281,14238030,-0.203830913,-0.0695951432,0.0811454132,-0.119659878,0.064194873,-0.491193265,0.111106783,-0.285586178,-0.234025091,-0.261160135,-0.0800381228,0.172194391,-0.016306473,-0.00556761146,-0.163484564,-0.253846945,0.00513558984,-0.0392954612,0.249998052,0.2,-0.0968050182,-0.102232027,-0.00640304983,0.0137755513,-0.016306473,0.163484564,0.00513558984,0.249998052,0.0968050182,-0.00640304983,0.00556761146,-0.253846945,-0.0392954612,-0.2,-0.0137755513,0.102232027
282,14258161,-0.178207755,-0.0251608994,0.109381497,-0.109172329,0.0735363141,-0.502061069,0.0644062608,-0.248085171,-0.221537381,-0.249500543,-0.124563001,0.203424439,-0.0142566204,-0.00201287195,-0.150778326,-0.249127548,0.00588290513,-0.0401648855,0.228982817,0.2,-0.0943074763,-0.0999001086,-0.00996504009,0.0162739551,-0.0142566204,0.150778326,0.00588290513,0.228982817,0.0943074763,-0.00996504009,0.00201287195,-0.249127548,-0.0401648855,-0.2,-0.0162739551,0.0999001086
283,14281576,-0.111561716,0.0098470524,0.117892936,-0.0853284672,0.0969781801,-0.447366297,-0.0424642079,-0.169523969,-0.263201207,-0.22188668,-0.113030389,0.255422682,-0.00892493725,0.000787764192,-0.146948179,-0.23839781,0.00775825441,-0.0357893038,0.2,0.2,-0.102640241,-0.0943773359,-0.00904243112,0.0204338145,-0.00892493725,0.146948179,0.00775825441,0.2,0.102640241,-0.00904243112,-0.000787764192,-0.23839781,-0.0357893038,-0.2,-0.0204338145,0.0943773359
284,14299693,-0.0126064895,0.026333278,0.110612266,-0.0568916686,0.124338858,-0.339485765,-0.168885499,-0.0730116293,-0.325050294,-0.171787664,-0.0437055752,0.307825208,-0.00100851916,0.00210666224,-0.15022448,-0.225601251,0.00994710863,-0.0271588612,0.2,0.2,-0.115010059,-0.0843575329,-0.00349644601,0.0246260166,-0.00100851916,0.15022448,0.00994710863,0.2,0.115010059,-0.00349644601,-0.00210666224,-0.225601251,-0.0271588612,-0.2,-0.0246260166,0.0843575329
285,14325334,0.111092225,0.0146561265,0.0698943436,-0.00814488251,0.155914798,-0.22065559,-0.275657803,0.00420023268,-0.375311852,-0.123587042,0.0601086803,0.336561829,0.00888737798,0.00117249012,-0.168547545,-0.203665197,0.0124731839,-0.0176524472,0.2,0.201890105,-0.12506237,-0.0747174084,0.00480869442,0.0269249463,0.00888737798,0.168547545,0.0124731839,0.2,0.12506237,0.00480869442,-0.00117249012,-0.203665197,-0.0176524472,-0.201890105,-0.0269249463,0.0747174084
286,14338443,0.22444582,-0.0238321442,0.0188751332,0.0345955342,0.183407143,-0.127800778,-0.326064795,0.0403979011,-0.421221852,-0.0921989977,0.15449512,0.331443608,0.0179556656,-0.00190657154,-0.19150619,-0.18443201,0.0146725714,-0.0102240622,0.2,0.218179055,-0.13424437,-0.0684397995,0.0123596096,0.0265154886,0.0179556656,0.19150619,0.0146725714,0.2,0.13424437,0.0123596096,0.00190657154,-0.18443201,-0.0102240622,-0.218179055,-0.0265154886,0.0684397995
287,14362895,0.279226303,-0.068215616,-0.0163598936,0.0594001077,0.199685887,-0.0762274414,-0.316460878,0.0334230997,-0.453197539,-0.0910415947,0.207718015,0.312717319,0.0223381042,-0.00545724928,-0.207361952,-0.173269952,0.0159748709,-0.00609819531,0.2,0.215040395,-0.140639508,-0.0682083189,0.0166174412,0.0250173855,0.0223381042,0.207361952,0.0159748709,0.2,0.140639508,0.0166174412,0.00545724928,-0.173269952,-0.00609819531,-0.215040395,-0.0250173855,0.0682083189
288,14384370,0.259102553,-0.0999972671,-0.0322492607,0.0586095452,0.201117977,-0.0693931729,-0.275889665,-3.47740388e-05,-0.46781078,-0.11821159,0.226794749,0.296554327,0.0207282043,-0.00799978137,-0.214512167,-0.173625705,0.0160894382,-0.00555145383,0.2,0.2,-0.143562156,-0.073642318,0.01814358,0.0237243462,0.0207282043,0.214512167,0.0160894382,0.2,0.143562156,0.01814358,0.00799978137,-0.173625705,-0.00555145383,-0.2,-0.0237243462,0.073642318
289,14398885,0.172458693,-0.120401323,-0.044637654,0.0394970998,0.178521723,-0.122199468,-0.198438331,-0.0486695506,-0.449556142,-0.162375376,0.231632844,0.284077227,0.0137966955,-0.00963210583,-0.220086944,-0.182226305,0.0142817378,-0.00977595747,0.2,0.2,-0.139911228,-0.0824750751,0.0185306275,0.0227261782,0.0137966955,0.220086944,0.0142817378,0.2,0.139911228,0.0185306275,0.00963210583,-0.182226305,-0.00977595747,-0.2,-0.0227261782,0.0824750751
290,14427823,0.0529798456,-0.128357798,-0.0374677777,0.00129551138,0.137921557,-0.216683045,-0.0927606672,-0.105624571,-0.394281954,-0.197145134,0.2050495,0.266241521,0.00423838764,-0.0102686238,-0.2168605,-0.19941702,0.0110337245,-0.0173346436,0.2,0.2,-0.128856391,-0.0894290268,0.01640396,0.0212993217,0.00423838764,0.2168605,0.0110337245,0.2,0.128856391,0.01640396,0.0102686238,-0.19941702,-0.0173346436,-0.2,-0.0212993217,0.0894290268
291,14439751,-0.0722111017,-0.129064366,-0.0194101334,-0.0429242067,0.0996911079,-0.333749533,0.011550257,-0.190889955,-0.33396104,-0.236379027,0.133790284,0.233719423,-0.00577688813,-0.0103251493,-0.20873456,-0.219315893,0.00797528863,-0.0266999626,0.205197616,0.2,-0.116792208,-0.0972758055,0.0107032228,0.0186975539,-0.00577688813,0.20873456,0.00797528863,0.205197616,0.116792208,0.0107032228,0.0103251493,-0.219315893,-0.0266999626,-0.2,-0.0186975539,0.0972758055
292,14468836,-0.162070528,-0.115721427,0.0230992958,-0.0867445543,0.0715420544,-0.443602115,0.0893789381,-0.265419006,-0.278662115,-0.263722032,0.0259016156,0.191642374,-0.0129656422,-0.00925771415,-0.189605317,-0.239035049,0.00572336435,-0.0354881692,0.240220522,0.2,-0.105732423,-0.102744406,0.00207212925,0.0153313899,-0.0129656422,0.189605317,0.00572336435,0.240220522,0.105732423,0.00207212925,0.00925771415,-0.239035049,-0.0354881692,-0.2,-0.0153313899,0.102744406
293,14478796,-0.203495741,-0.0834700912,0.0707883611,-0.114154667,0.0584261529,-0.516798794,0.123065323,-0.297290981,-0.229901582,-0.275728375,-0.0721969679,0.170396,-0.0162796593,-0.0066776073,-0.168145237,-0.2513696,0.00467409223,-0.0413439035,0.255379395,0.2,-0.0959803164,-0.105145675,-0.00577575743,0.01363168,-0.0162796593,0.168145237,0.00467409223,0.255379395,0.0959803164,-0.00577575743,0.0066776073,-0.2513696,-0.0413439035,-0.2,-0.01363168,0.105145675
294,14503533,-0.182277635,-0.0335178636,0.113763131,-0.10335812,0.0671165735,-0.528880894,0.0803241432,-0.248088196,-0.189239532,-0.253093213,-0.13321498,0.182610095,-0.0145822108,-0.00268142909,-0.148806591,-0.246511154,0.00536932588,-0.0423104715,0.236145864,0.2,-0.0878479064,-0.100618643,-0.0106571984,0.0146088076,-0.0145822108,0.148806591,0.00536932588,0.236145864,0.0878479064,-0.0106571984,0.00268142909,-0.246511154,-0.0423104715,-0.2,-0.0146088076,0.100618643
295,14523170,-0.10766907,0.00578260282,0.137898654,-0.0865238979,0.0969260186,-0.453546673,-0.0421104766,-0.156985074,-0.237718359,-0.214303792,-0.134514093,0.219347611,-0.00861352563,0.000462608226,-0.137945606,-0.238935754,0.00775408149,-0.0362837338,0.2,0.2,-0.0975436717,-0.0928607583,-0.0107611275,0.0175478089,-0.00861352563,0.137945606,0.00775408149,0.2,0.0975436717,-0.0107611275,-0.000462608226,-0.238935754,-0.0362837338,-0.2,-0.0175478089,0.0928607583
296,14537456,0.0132890008,0.0302194618,0.127202511,-0.0535690859,0.132581234,-0.320397824,-0.19817856,-0.046944458,-0.321594864,-0.159105018,-0.0611591861,0.268452734,0.00106312007,0.00241755694,-0.14275887,-0.224106089,0.0106064987,-0.0256318259,0.2,0.2,-0.114318973,-0.0818210036,-0.00489273489,0.0214762187,0.00106312007,0.14275887,0.0106064987,0.2,0.114318973,-0.00489273489,-0.00241755694,-0.224106089,-0.0256318259,-0.2,-0.0214762187,0.0818210036
297,14565878,0.150657892,0.0195267908,0.0734396875,0.00322777824,0.175284475,-0.182165489,-0.318445206,0.0278744847,-0.395380616,-0.112084173,0.0647747368,0.29800123,0.0120526314,0.00156214327,-0.166952141,-0.1985475,0.014022758,-0.0145732391,0.2,0.212543518,-0.129076123,-0.0724168345,0.00518197894,0.0238400984,0.0120526314,0.166952141,0.014022758,0.2,0.129076123,0.00518197894,-0.00156214327,-0.1985475,-0.0145732391,-0.212543518,-0.0238400984,0.0724168345
298,14581695,0.259913713,-0.0176599044,0.0202854779,0.0425177626,0.21230717,-0.08229357,-0.35545218,0.0516042635,-0.446309984,-0.0838497952,0.183845654,0.302227259,0.020793097,-0.00141279235,-0.190871535,-0.180867007,0.0169845736,-0.0065834856,0.2,0.223221919,-0.139261997,-0.066769959,0.0147076523,0.0241781807,0.020793097,0.190871535,0.0169845736,0.2,0.139261997,0.0147076523,0.00141279235,-0.180867007,-0.0065834856,-0.223221919,-0.0241781807,0.066769959
299,14598560,0.294174731,-0.0620821491,-0.0142692318,0.0590350367,0.23288472,-0.0281284172,-0.332691103,0.0302658286,-0.476619154,-0.100983784,0.252874792,0.298071027,0.0235339785,-0.00496657193,-0.206421154,-0.173434233,0.0186307776,-0.00225027338,0.2,0.213619623,-0.145323831,-0.0701967567,0.0202299833,0.0238456821,0.0235339785,0.206421154,0.0186307776,0.2,0.145323831,0.0202299833,0.00496657193,-0.173434233,-0.00225027338,-0.213619623,-0.0238456821,0.0701967567
300,14620388,0.239710182,-0.0956547186,-0.0313580483,0.0525313169,0.230988562,-0.0284579471,-0.274924576,-0.0175088812,-0.480689347,-0.148683771,0.274505615,0.290618122,0.0191768146,-0.00765237749,-0.214111122,-0.176360907,0.018479085,-0.00227663577,0.2,0.2,-0.146137869,-0.0797367543,0.0219604492,0.0232494497,0.0191768146,0.214111122,0.018479085,0.2,0.146137869,0.0219604492,0.00765237749,-0.176360907,-0.00227663577,-0.2,-0.0232494497,0.0797367543
301,14641469,0.117454261,-0.118725464,-0.0415903516,0.0219334532,0.196386263,-0.101844043,-0.169764638,-0.0764729977,-0.445557624,-0.200093925,0.267693788,0.273605853,0.00939634085,-0.0094980371,-0.218715658,-0.190129946,0.015710901,-0.0081475234,0.2,0.2,-0.139111525,-0.090018785,0.021415503,0.0218884683,0.00939634085,0.218715658,0.015710901,0.2,0.139111525,0.021415503,0.0094980371,-0.190129946,-0.0081475234,-0.2,-0.0218884683,0.090018785
302,14660849,-0.031634517,-0.131554395,-0.0246997178,-0.0292724855,0.147494644,-0.216481432,-0.0393514857,-0.152537718,-0.376214206,-0.235769153,0.21326305,0.240507126,-0.00253076136,-0.0105243516,-0.211114873,-0.213172618,0.0117995715,-0.0173185146,0.2,0.2,-0.125242841,-0.0971538305,0.017061044,0.0192405701,-0.00253076136,0.211114873,0.0117995715,0.2,0.125242841,0.017061044,0.0105243516,-0.213172618,-0.0173185146,-0.2,-0.0192405701,0.0971538305
303,14679868,-0.16377753,-0.12961936,0.0108544379,-0.0841346458,0.106332347,-0.346975088,0.0766522437,-0.252602369,-0.310301661,-0.268468499,0.106142871,0.189793333,-0.0131022024,-0.0103695488,-0.195115503,-0.237860591,0.00850658774,-0.027758007,0.23449351,0.2,-0.112060332,-0.1036937,0.00849142969,0.0151834667,-0.0131022024,0.195115503,0.00850658774,0.23449351,0.112060332,0.00849142969,0.0103695488,-0.237860591,-0.027758007,-0.2,-0.0151834667,0.1036937
304,14700252,-0.230757847,-0.100803316,0.0696764141,-0.127124682,0.0766530707,-0.455325633,0.138696492,-0.306404114,-0.247268289,-0.279501587,-0.0244437959,0.143075004,-0.0184606278,-0.00806426525,-0.168645614,-0.257206107,0.00613224566,-0.0364260507,0.262413421,0.2,-0.0994536579,-0.105900317,-0.00195550367,0.0114460003,-0.0184606278,0.168645614,0.00613224566,0.262413421,0.0994536579,-0.00195550367,0.00806426525,-0.257206107,-0.0364260507,-0.2,-0.0114460003,0.105900317
305,14729754,-0.228418499,-0.0565395653,0.116914444,-0.135483563,0.0706651956,-0.503582478,0.125051975,-0.298901558,-0.21754685,-0.271770895,-0.124173075,0.133787483,-0.0182734799,-0.00452316523,-0.1473885,-0.260967603,0.00565321565,-0.0402865982,0.256273389,0.2,-0.0935093701,-0.104354179,-0.009933846,0.0107029986,-0.0182734799,0.1473885,0.00565321565,0.256273389,0.0935093701,-0.009933846,0.00452316523,-0.260967603,-0.0402865982,-0.2,-0.0107029986,0.104354179
306,14740035,-0.162121058,-0.00820120424,0.154632032,-0.120633006,0.0971940756,-0.463541001,0.024692554,-0.220523119,-0.257298946,-0.23884885,-0.159632564,0.167632729,-0.0129696846,-0.000656096339,-0.130415586,-0.254284853,0.00777552605,-0.0370832801,0.211111649,0.2,-0.101459789,-0.09776977,-0.0127706051,0.0134106183,-0.0129696846,0.130415586,0.00777552605,0.211111649,0.101459789,-0.0127706051,0.000656096339,-0.254284853,-0.0370832801,-0.2,-0.0134106183,0.09776977
307,14759843,-0.0690925047,0.0467418507,0.15203017,-0.0874711201,0.140367284,-0.360644519,-0.131255835,-0.113400333,-0.332637161,-0.190216884,-0.0989894345,0.248881251,-0.00552740037,0.00373934805,-0.131586424,-0.239362004,0.0112293828,-0.0288515615,0.2,0.2,-0.116527432,-0.0880433768,-0.00791915476,0.0199105,-0.00552740037,0.131586424,0.0112293828,0.2,0.116527432,-0.00791915476,-0.00373934805,-0.239362004,-0.0288515615,-0.2,-0.0199105,0.0880433768
308,14780978,0.0629562065,0.07155855,0.114757083,-0.037474066,0.187746525,-0.224614888,-0.283587068,-0.000567553507,-0.402861416,-0.130026042,0.0320110098,0.318988472,0.00503649652,0.005724684,-0.148359312,-0.21686333,0.015019722,-0.0179691911,0.2,0.2,-0.130572283,-0.0760052085,0.00256088078,0.0255190778,0.00503649652,0.148359312,0.015019722,0.2,0.130572283,0.00256088078,-0.005724684,-0.21686333,-0.0179691911,-0.2,-0.0255190778,0.0760052085
309,14798867,0.204969421,0.0420096628,0.0493636802,0.021945145,0.232981294,-0.105278775,-0.372268438,0.0625369623,-0.460249662,-0.075913623,0.171497732,0.335982025,0.0163975537,0.00336077303,-0.177786344,-0.190124685,0.0186385036,-0.00842230201,0.2,0.228141633,-0.142049932,-0.0651827246,0.0137198186,0.026878562,0.0163975537,0.177786344,0.0186385036,0.2,0.142049932,0.0137198186,-0.00336077303,-0.190124685,-0.00842230201,-0.228141633,-0.026878562,0.0651827246
310,14826912,0.29523176,-0.0175264869,-0.000793731248,0.0640099719,0.255852938,-0.0323739685,-0.369757444,0.0651250184,-0.482670158,-0.059483543,0.257441103,0.323494852,0.0236185408,-0.00140211895,-0.200357179,-0.171195513,0.020468235,-0.00258991748,0.2,0.229306258,-0.146534032,-0.0618967086,0.0205952883,0.0258795881,0.0236185408,0.200357179,0.020468235,0.2,0.146534032,0.0205952883,0.00140211895,-0.171195513,-0.00258991748,-0.229306258,-0.0258795881,0.0618967086
311,14844977,0.308034867,-0.0706365705,-0.0260654595,0.0731368363,0.254021257,-0.00344994175,-0.333687901,0.0354657173,-0.496029854,-0.0862935483,0.284074843,0.302997828,0.0246427894,-0.00565092564,-0.211729457,-0.167088424,0.0203217006,-0.00027599534,0.2,0.215959573,-0.149205971,-0.0672587097,0.0227259874,0.0242398262,0.0246427894,0.211729457,0.0203217006,0.2,0.149205971,0.0227259874,0.00565092564,-0.167088424,-0.00027599534,-0.215959573,-0.0242398262,0.0672587097
312,14868112,0.239059195,-0.103975222,-0.0449348688,0.0624297336,0.231604338,-0.0346176699,-0.267768085,-0.0130927153,-0.490385354,-0.140307069,0.285724372,0.287456125,0.0191247356,-0.00831801772,-0.220220691,-0.17190662,0.018528347,-0.00276941359,0.2,0.2,-0.148077071,-0.0780614138,0.0228579497,0.02299649,0.0191247356,0.220220691,0.018528347,0.2,0.148077071,0.0228579497,0.00831801772,-0.17190662,-0.00276941359,-0.2,-0.02299649,0.0780614138
313,14881888,0.105011515,-0.124115504,-0.0555818602,0.023152275,0.18181321,-0.134958073,-0.149344042,-0.0767463073,-0.453925699,-0.200102419,0.26740393,0.267300516,0.00840092123,-0.00992924035,-0.225011837,-0.189581476,0.0145450568,-0.0107966459,0.2,0.2,-0.14078514,-0.0900204837,0.0213923144,0.0213840413,0.00840092123,0.225011837,0.0145450568,0.2,0.14078514,0.0213923144,0.00992924035,-0.189581476,-0.0107966459,-0.2,-0.0213840413,0.0900204837
314,14899744,-0.0566566437,-0.139493108,-0.0419504605,-0.0332152769,0.130543187,-0.272060573,-0.0118556144,-0.173906967,-0.398732096,-0.248421371,0.190576673,0.223959684,-0.0045325315,-0.0111594486,-0.218877707,-0.214946875,0.010443455,-0.0217648458,0.2,0.2,-0.129746419,-0.0996842742,0.0152461338,0.0179167747,-0.0045325315,0.218877707,0.010443455,0.2,0.129746419,0.0152461338,0.0111594486,-0.214946875,-0.0217648458,-0.2,-0.0179167747,0.0996842742
315,14926555,-0.19130145,-0.140288562,-0.00227895239,-0.0904866159,0.0916616917,-0.420357257,0.111442402,-0.287207276,-0.333364397,-0.291570574,0.0653133243,0.167338535,-0.015304116,-0.0112230849,-0.201025529,-0.240718977,0.00733293533,-0.0336285806,0.250149081,0.2,-0.116672879,-0.108314115,0.00522506595,0.0133870828,-0.015304116,0.201025529,0.00733293533,0.250149081,0.116672879,0.00522506595,0.0112230849,-0.240718977,-0.0336285806,-0.2,-0.0133870828,0.108314115
316,14940340,-0.265908688,-0.106134623,0.0644722804,-0.135910019,0.0655305311,-0.537957728,0.186950624,-0.352529019,-0.253949434,-0.313686371,-0.062296845,0.129590005,-0.0212726951,-0.00849076986,-0.170987474,-0.261159509,0.00524244249,-0.0430366182,0.284127781,0.2,-0.100789887,-0.112737274,-0.0049837476,0.0103672004,-0.0212726951,0.170987474,0.00524244249,0.284127781,0.100789887,-0.0049837476,0.00849076986,-0.261159509,-0.0430366182,-0.2,-0.0103672004,0.112737274
317,14974063,-0.246281385,-0.0477891564,0.122425899,-0.116830818,0.0647460148,-0.588734925,0.159756005,-0.302614301,-0.177514985,-0.287262291,-0.162823811,0.126555428,-0.0197025108,-0.00382313251,-0.144908345,-0.252573868,0.00517968118,-0.047098794,0.271890202,0.2,-0.085502997,-0.107452458,-0.0130259049,0.0101244342,-0.0197025108,0.144908345,0.00517968118,0.271890202,0.085502997,-0.0130259049,0.00382313251,-0.252573868,-0.047098794,-0.2,-0.0101244342,0.107452458
318,14978181,-0.153258219,-0.00315403449,0.144781381,-0.085918881,0.084707588,-0.539450467,0.0186420027,-0.203068852,-0.214489505,-0.252335072,-0.196113676,0.167411089,-0.0122606575,-0.000252322759,-0.134848379,-0.238663496,0.00677660704,-0.0431560373,0.208388901,0.2,-0.0928979009,-0.100467014,-0.0156890941,0.0133928871,-0.0122606575,0.134848379,0.00677660704,0.208388901,0.0928979009,-0.0156890941,0.000252322759,-0.238663496,-0.0431560373,-0.2,-0.0133928871,0.100467014
319,14999720,-0.0303154215,0.0369415097,0.131312549,-0.0480956845,0.113691695,-0.422348469,-0.164270535,-0.0808714926,-0.303038955,-0.198958591,-0.133403718,0.251726896,-0.00242523372,0.00295532078,-0.140909353,-0.221643058,0.0090953356,-0.0337878776,0.2,0.2,-0.110607791,-0.0897917181,-0.0106722975,0.0201381516,-0.00242523372,0.140909353,0.0090953356,0.2,0.110607791,-0.0106722975,-0.00295532078,-0.221643058,-0.0337878776,-0.2,-0.0201381516,0.0897917181
320,15024414,0.121311188,0.0326701179,0.0902076662,-0.00897201337,0.148746192,-0.260317922,-0.313081026,0.0209971108,-0.390830278,-0.138266817,0.00603572093,0.308995336,0.00970489502,0.00261360943,-0.15940655,-0.204037406,0.0118996954,-0.0208254337,0.2,0.2094487,-0.128166056,-0.0776533633,0.000482857674,0.0247196269,0.00970489502,0.15940655,0.0118996954,0.2,0.128166056,0.000482857674,-0.00261360943,-0.204037406,-0.0208254337,-0.2094487,-0.0247196269,0.0776533633
321,15041808,0.270064503,-0.013819674,0.0233790912,0.0383131094,0.192763001,-0.130243063,-0.375508785,0.0689160973,-0.458371758,-0.0866382197,0.143171027,0.314859182,0.0216051602,-0.00110557392,-0.189479409,-0.182759101,0.0154210401,-0.010419445,0.2,0.231012244,-0.141674352,-0.0673276439,0.0114536822,0.0251887345,0.0216051602,0.189479409,0.0154210401,0.2,0.141674352,0.0114536822,0.00110557392,-0.182759101,-0.010419445,-0.231012244,-0.0251887345,0.0673276439
322,15061553,0.342871279,-0.0730032399,-0.0254999697,0.0767323449,0.221782893,-0.0533173159,-0.356637746,0.0608897768,-0.49109599,-0.0799720958,0.226419821,0.301223278,0.0274297023,-0.00584025919,-0.211474986,-0.165470445,0.0177426314,-0.00426538527,0.2,0.2274004,-0.148219198,-0.0659944192,0.0181135857,0.0240978622,0.0274297023,0.211474986,0.0177426314,0.2,0.148219198,0.0181135857,0.00584025919,-0.165470445,-0.00426538527,-0.2274004,-0.0240978622,0.0659944192
323,15079651,0.320292562,-0.111115962,-0.0399809405,0.0763836056,0.230259702,-0.0278942436,-0.317149401,0.017569039,-0.51779449,-0.120361835,0.249736339,0.285525411,0.025623405,-0.00888927698,-0.217991423,-0.165627377,0.0184207761,-0.00223153949,0.2,0.207906068,-0.153558898,-0.074072367,0.0199789071,0.0228420329,0.025623405,0.217991423,0.0184207761,0.2,0.153558898,0.0199789071,0.00888927698,-0.165627377,-0.00223153949,-0.207906068,-0.0228420329,0.074072367
324,15100318,0.220415264,-0.13273792,-0.0467703752,0.0631486326,0.213252485,-0.0678211153,-0.238510698,-0.0358520597,-0.498165846,-0.166068479,0.245961934,0.266743898,0.0176332211,-0.0106190336,-0.221046669,-0.171583115,0.0170601988,-0.00542568922,0.2,0.2,-0.149633169,-0.0832136959,0.0196769547,0.0213395119,0.0176332211,0.221046669,0.0170601988,0.2,0.149633169,0.0196769547,0.0106190336,-0.171583115,-0.00542568922,-0.2,-0.0213395119,0.0832136959
325,15122288,0.0705747381,-0.14061819,-0.0490125455,0.0141457813,0.168536752,-0.171842858,-0.114030592,-0.099385336,-0.440497279,-0.220793858,0.232182384,0.252292782,0.00564597905,-0.0112494552,-0.222055645,-0.193634398,0.0134829402,-0.0137474287,0.2,0.2,-0.138099456,-0.0941587716,0.0185745907,0.0201834226,0.00564597905,0.222055645,0.0134829402,0.2,0.138099456,0.0185745907,0.0112494552,-0.193634398,-0.0137474287,-0.2,-0.0201834226,0.0941587716
326,15140208,-0.0934820697,-0.140952483,-0.020213997,-0.048133187,0.125357091,-0.304677784,0.0222789962,-0.200945079,-0.360797584,-0.264538825,0.159636691,0.214829475,-0.00747856557,-0.0112761986,-0.209096299,-0.221659934,0.0100285673,-0.0243742228,0.210025548,0.2,-0.122159517,-0.102907765,0.0127709353,0.017186358,-0.00747856557,0.209096299,0.0100285673,0.210025548,0.122159517,0.0127709353,0.0112761986,-0.221659934,-0.0243742228,-0.2,-0.017186358,0.102907765
327,15178949,-0.216032624,-0.124306001,0.0353156924,-0.107763432,0.0924172923,-0.432919651,0.1289801,-0.300565183,-0.285452664,-0.292836726,0.0369553454,0.16661641,-0.0172826099,-0.00994448006,-0.184107938,-0.248493544,0.00739338338,-0.0346335721,0.258041045,0.2,-0.107090533,-0.108567345,0.00295642763,0.0133293128,-0.0172826099,0.184107938,0.00739338338,0.258041045,0.107090533,0.00295642763,0.00994448006,-0.248493544,-0.0346335721,-0.2,-0.0133293128,0.108567345
328,15180852,-0.267148018,-0.0832202286,0.104993053,-0.146911591,0.0766713992,-0.517358184,0.176395819,-0.337997049,-0.218199089,-0.29621923,-0.0857783854,0.141234621,-0.0213718414,-0.00665761828,-0.152753126,-0.266110216,0.00613371193,-0.0413886547,0.279378118,0.2,-0.0936398178,-0.109243846,-0.00686227083,0.0112987697,-0.0213718414,0.152753126,0.00613371193,0.279378118,0.0936398178,-0.00686227083,0.00665761828,-0.266110216,-0.0413886547,-0.2,-0.0112987697,0.109243846
329,15198292,-0.237160534,-0.0291316491,0.157336518,-0.139688209,0.0916307047,-0.523415923,0.124272555,-0.287948728,-0.202892452,-0.275366724,-0.161488354,0.154862031,-0.0189728427,-0.00233053192,-0.129198567,-0.262859694,0.00733045638,-0.0418732738,0.25592265,0.2,-0.0905784905,-0.105073345,-0.0129190683,0.0123889625,-0.0189728427,0.129198567,0.00733045638,0.25592265,0.0905784905,-0.0129190683,0.00233053192,-0.262859694,-0.0418732738,-0.2,-0.0123889625,0.105073345
330,15222382,-0.145689756,0.0361183956,0.178832889,-0.101595797,0.136056423,-0.439183682,-0.0392509997,-0.161472321,-0.270777613,-0.221713737,-0.156563327,0.208978832,-0.0116551805,0.00288947165,-0.1195252,-0.245718108,0.0108845139,-0.0351346946,0.2,0.2,-0.104155523,-0.0943427473,-0.0125250661,0.0167183065,-0.0116551805,0.1195252,0.0108845139,0.2,0.104155523,-0.0125250661,-0.00288947165,-0.245718108,-0.0351346946,-0.2,-0.0167183065,0.0943427473
331,15237996,-0.00251309108,0.0830440149,0.144546151,-0.0443404205,0.176172554,-0.296675295,-0.237533897,-0.014935581,-0.355291456,-0.150575727,-0.052752886,0.288177103,-0.000201047286,0.00664352119,-0.134954232,-0.219953189,0.0140938044,-0.0237340236,0.2,0.2,-0.121058291,-0.0801151454,-0.00422023088,0.0230541682,-0.000201047286,0.134954232,0.0140938044,0.2,0.121058291,-0.00422023088,-0.00664352119,-0.219953189,-0.0237340236,-0.2,-0.0230541682,0.0801151454
332,15259731,0.163394123,0.0660655275,0.0793453902,0.0141784716,0.219229549,-0.149418965,-0.372961849,0.067048125,-0.433912098,-0.0884921253,0.106931172,0.322636187,0.0130715299,0.0052852422,-0.164294574,-0.193619688,0.0175383639,-0.0119535172,0.2,0.230171656,-0.13678242,-0.0676984251,0.00855449378,0.025810895,0.0130715299,0.164294574,0.0175383639,0.2,0.13678242,0.00855449378,-0.0052852422,-0.193619688,-0.0119535172,-0.230171656,-0.025810895,0.0676984251
333,15280413,0.299885184,0.00645941263,0.0176223926,0.0543829501,0.256976634,-0.0455369875,-0.403226465,0.0803903192,-0.493445992,-0.0546013415,0.234283045,0.31180498,0.0239908147,0.00051675301,-0.192069923,-0.175527672,0.0205581307,-0.003642959,0.2,0.236175644,-0.148689198,-0.0609202683,0.0187426436,0.0249443984,0.0239908147,0.192069923,0.0205581307,0.2,0.148689198,0.0187426436,-0.00051675301,-0.175527672,-0.003642959,-0.236175644,-0.0249443984,0.0609202683
334,15299931,0.346340448,-0.0633203089,-0.0207059905,0.0804612413,0.266265124,0.0100048818,-0.357984811,0.0544713736,-0.504902065,-0.0687396079,0.292137444,0.294745117,0.0277072358,-0.00506562471,-0.209317696,-0.163792441,0.0213012099,0.000800390542,0.2,0.224512118,-0.150980413,-0.0637479216,0.0233709955,0.0235796094,0.0277072358,0.209317696,0.0213012099,0.2,0.150980413,0.0233709955,0.00506562471,-0.163792441,0.000800390542,-0.224512118,-0.0235796094,0.0637479216
335,15320802,0.285814494,-0.105070733,-0.0447457358,0.0734869316,0.25097698,0.00297756563,-0.297501802,-0.000202772382,-0.507271886,-0.13213335,0.307474643,0.289833575,0.0228651595,-0.0084056586,-0.220135581,-0.166930881,0.0200781584,0.00023820525,0.2,0.2,-0.151454377,-0.07642667,0.0245979714,0.023186686,0.0228651595,0.220135581,0.0200781584,0.2,0.151454377,0.0245979714,0.0084056586,-0.166930881,0.00023820525,-0.2,-0.023186686,0.07642667
336,15339814,0.138518915,-0.128397495,-0.0570220724,0.0358870216,0.206103534,-0.0855453238,-0.180813104,-0.0688791126,-0.478253841,-0.207500905,0.294502765,0.274494201,0.0110815132,-0.0102717996,-0.225659933,-0.18385084,0.0164882827,-0.0068436259,0.2,0.2,-0.145650768,-0.091500181,0.0235602212,0.0219595361,0.0110815132,0.225659933,0.0164882827,0.2,0.145650768,0.0235602212,0.0102717996,-0.18385084,-0.0068436259,-0.2,-0.0219595361,0.091500181
337,15365808,-0.0477096178,-0.146690935,-0.0435796902,-0.0302078314,0.154965952,-0.221932828,-0.0271999519,-0.167208314,-0.420585215,-0.265289575,0.225180969,0.229744777,-0.00381676942,-0.0117352748,-0.219610861,-0.213593524,0.0123972762,-0.0177546263,0.2,0.2,-0.134117043,-0.103057915,0.0180144775,0.0183795822,-0.00381676942,0.219610861,0.0123972762,0.2,0.134117043,0.0180144775,0.0117352748,-0.213593524,-0.0177546263,-0.2,-0.0183795822,0.103057915
338,15378537,-0.209475338,-0.148327067,0.00311552337,-0.0981927216,0.112285592,-0.380368888,0.120303221,-0.290896595,-0.33630985,-0.306999713,0.100606039,0.165801719,-0.0167580271,-0.0118661654,-0.198598014,-0.244186725,0.00898284733,-0.0304295111,0.254136449,0.2,-0.11726197,-0.111399943,0.00804848313,0.0132641375,-0.0167580271,0.198598014,0.00898284733,0.254136449,0.11726197,0.00804848313,0.0118661654,-0.244186725,-0.0304295111,-0.2,-0.0132641375,0.111399943
339,15400471,-0.296502441,-0.112206452,0.0767860562,-0.154418066,0.0789568424,-0.513183475,0.209911808,-0.37001738,-0.250585079,-0.322692722,-0.0487656072,0.113254622,-0.0237201953,-0.00897651613,-0.165446275,-0.26948813,0.00631654739,-0.041054678,0.294460314,0.2,-0.100117016,-0.114538544,-0.00390124857,0.00906036973,-0.0237201953,0.165446275,0.00631654739,0.294460314,0.100117016,-0.00390124857,0.00897651613,-0.26948813,-0.041054678,-0.2,-0.00906036973,0.114538544
340,15421894,-0.278577447,-0.0603825748,0.141709313,-0.150795519,0.0731156468,-0.567358315,0.190750107,-0.343542099,-0.201738134,-0.306625515,-0.166609794,0.0993289575,-0.0222861958,-0.00483060598,-0.136230809,-0.267857984,0.00584925175,-0.0453886652,0.285837548,0.2,-0.0903476268,-0.111325103,-0.0133287835,0.0079463166,-0.0222861958,0.136230809,0.00584925175,0.285837548,0.0903476268,-0.0133287835,0.00483060598,-0.267857984,-0.0453886652,-0.2,-0.0079463166,0.111325103
341,15438347,-0.178345308,-0.00284282747,0.190788805,-0.12216416,0.108331159,-0.497861952,0.035939496,-0.224194661,-0.261592567,-0.256726891,-0.20941107,0.135578543,-0.0142676246,-0.000227426197,-0.114145038,-0.254973872,0.0086664927,-0.0398289561,0.216172773,0.2,-0.102318513,-0.101345378,-0.0167528856,0.0108462834,-0.0142676246,0.114145038,0.0086664927,0.216172773,0.102318513,-0.0167528856,0.000227426197,-0.254973872,-0.0398289561,-0.2,-0.0108462834,0.101345378
342,15474700,-0.0603971221,0.0716000721,0.187107533,-0.0921930373,0.160347998,-0.359222233,-0.177336738,-0.0948768258,-0.374626547,-0.195052356,-0.127794623,0.241067022,-0.00483176976,0.00572800577,-0.11580161,-0.241486867,0.0128278399,-0.0287377787,0.2,0.2,-0.124925309,-0.0890104711,-0.0102235699,0.0192853618,-0.00483176976,0.11580161,0.0128278399,0.2,0.124925309,-0.0102235699,-0.00572800577,-0.241486867,-0.0287377787,-0.2,-0.0192853618,0.0890104711
343,15478641,0.103889205,0.100748353,0.128369242,-0.0380966291,0.220256388,-0.193475544,-0.359395266,0.0346838757,-0.479470313,-0.1241946,0.0512584671,0.320932895,0.00831113636,0.00805986822,-0.142233841,-0.217143483,0.0176205111,-0.0154780436,0.2,0.215607744,-0.145894063,-0.0748389199,0.00410067737,0.0256746316,0.00831113636,0.142233841,0.0176205111,0.2,0.145894063,0.00410067737,-0.00805986822,-0.217143483,-0.0154780436,-0.215607744,-0.0256746316,0.0748389199
344,15498661,0.269032806,0.0626251921,0.050091736,0.0273909196,0.281076193,-0.0635171682,-0.434650302,0.100486219,-0.543562889,-0.0510079935,0.220595077,0.335546762,0.0215226245,0.00501001537,-0.177458719,-0.187674086,0.0224860954,-0.00508137345,0.2,0.245218799,-0.158712578,-0.0602015987,0.0176476061,0.0268437409,0.0215226245,0.177458719,0.0224860954,0.2,0.158712578,0.0176476061,-0.00501001537,-0.187674086,-0.00508137345,-0.245218799,-0.0268437409,0.0602015987
345,15520513,0.364493996,-0.00335513335,-0.00630189572,0.0760208741,0.310070723,0.0194417313,-0.42754963,0.0924476907,-0.572035849,-0.0403961726,0.305577129,0.315363854,0.0291595197,-0.000268410668,-0.202835853,-0.165790607,0.0248056579,0.0015553385,0.2,0.241601461,-0.16440717,-0.0580792345,0.0244461703,0.0252291083,0.0291595197,0.202835853,0.0248056579,0.2,0.16440717,0.0244461703,0.000268410668,-0.165790607,0.0015553385,-0.241601461,-0.0252291083,0.0580792345
346,15539708,0.359078437,-0.068864584,-0.0405919179,0.0901515409,0.303537518,0.0506575592,-0.373883784,0.0541368537,-0.571527481,-0.0930294916,0.335060477,0.297065735,0.028726275,-0.00550916672,-0.218266363,-0.159431807,0.0242830014,0.00405260473,0.2,0.224361584,-0.164305496,-0.0686058983,0.0268048382,0.0237652588,0.028726275,0.218266363,0.0242830014,0.2,0.164305496,0.0268048382,0.00550916672,-0.159431807,0.00405260473,-0.224361584,-0.0237652588,0.0686058983
347,15558583,0.252904475,-0.110629871,-0.0697999895,0.0757809356,0.261387557,-0.00062005379,-0.280498415,-0.00306494557,-0.549988031,-0.175706685,0.332769781,0.283210993,0.020232358,-0.00885038972,-0.231409995,-0.165898579,0.0209110045,-4.96043032e-05,0.2,0.2,-0.159997606,-0.0851413369,0.0266215825,0.0226568794,0.020232358,0.231409995,0.0209110045,0.2,0.159997606,0.0266215825,0.00885038972,-0.165898579,-4.96043032e-05,-0.2,-0.0226568794,0.0851413369
348,15580471,0.0537768044,-0.141002223,-0.0791843385,0.0103922952,0.20181945,-0.135138929,-0.11963889,-0.0993032306,-0.515780866,-0.262446165,0.284742296,0.247490183,0.00430214435,-0.0112801778,-0.235632952,-0.195323467,0.016145556,-0.0108111143,0.2,0.2,-0.153156173,-0.102489233,0.0227793837,0.0197992146,0.00430214435,0.235632952,0.016145556,0.2,0.153156173,0.0227793837,0.0112801778,-0.195323467,-0.0108111143,-0.2,-0.0197992146,0.102489233
349,15607304,-0.175174743,-0.172453061,-0.0560107231,-0.072176002,0.15308246,-0.316534102,0.0768237934,-0.260038882,-0.444152385,-0.334814668,0.168501481,0.175281897,-0.0140139794,-0.0137962449,-0.225204825,-0.232479201,0.0122465968,-0.0253227282,0.234570707,0.2,-0.138830477,-0.116962934,0.0134801185,0.0140225518,-0.0140139794,0.225204825,0.0122465968,0.234570707,0.138830477,0.0134801185,0.0137962449,-0.232479201,-0.0253227282,-0.2,-0.0140225518,0.116962934
350,15624221,-0.334556997,-0.160097107,0.0305917263,-0.155213133,0.105538033,-0.503913224,0.241130009,-0.408943951,-0.332394183,-0.375142008,-0.00026217429,0.0993177444,-0.0267645597,-0.0128077686,-0.186233723,-0.26984591,0.00844304264,-0.0403130579,0.308508504,0.2,-0.116478837,-0.125028402,-2.09739432e-05,0.00794541955,-0.0267645597,0.186233723,0.00844304264,0.308508504,0.116478837,-2.09739432e-05,0.0128077686,-0.26984591,-0.0403130579,-0.2,-0.00794541955,0.125028402
351,15641302,-0.355278492,-0.10621728,0.125096962,-0.177245066,0.0711892545,-0.627370238,0.295997173,-0.428944945,-0.214821473,-0.364877403,-0.157842293,0.0579324029,-0.0284222794,-0.0084973824,-0.143706367,-0.27976028,0.00569514036,-0.0501896191,0.333198728,0.2,-0.0929642946,-0.122975481,-0.0126273835,0.00463459224,-0.0284222794,0.143706367,0.00569514036,0.333198728,0.0929642946,-0.0126273835,0.0084973824,-0.27976028,-0.0501896191,-0.2,-0.00463459224,0.122975481
352,15664242,-0.254553229,-0.0506478064,0.179642707,-0.130374894,0.0823916644,-0.626341224,0.176500514,-0.328756005,-0.212034121,-0.336797595,-0.238212928,0.0868619531,-0.0203642583,-0.00405182451,-0.119160782,-0.258668702,0.00659133315,-0.0501072979,0.279425231,0.2,-0.0924068242,-0.117359519,-0.0190570343,0.00694895625,-0.0203642583,0.119160782,0.00659133315,0.279425231,0.0924068242,-0.0190570343,0.00405182451,-0.258668702,-0.0501072979,-0.2,-0.00694895625,0.117359519
353,15682234,-0.132096305,0.0261118822,0.213972375,-0.090818584,0.126251057,-0.518924296,-0.0499975868,-0.184445426,-0.3074525,-0.277328253,-0.236536056,0.173920676,-0.0105677044,0.00208895057,-0.103712431,-0.240868363,0.0101000845,-0.0415139437,0.2,0.2,-0.1114905,-0.105465651,-0.0189228845,0.0139136541,-0.0105677044,0.103712431,0.0101000845,0.2,0.1114905,-0.0189228845,-0.00208895057,-0.240868363,-0.0415139437,-0.2,-0.0139136541,0.105465651
354,15699588,0.0218091831,0.086921379,0.192116871,-0.081745483,0.176604196,-0.32588467,-0.281471252,-0.0362709947,-0.454610378,-0.186985701,-0.100818157,0.295340985,0.00174473464,0.00695371032,-0.113547408,-0.236785467,0.0141283357,-0.0260707736,0.2,0.2,-0.140922076,-0.0873971403,-0.00806545258,0.0236272788,0.00174473464,0.113547408,0.0141283357,0.2,0.140922076,-0.00806545258,-0.00695371032,-0.236785467,-0.0260707736,-0.2,-0.0236272788,0.0873971403
355,15719523,0.230068982,0.0782171637,0.102198519,-0.0142203337,0.245167732,-0.138393283,-0.444867283,0.0955990404,-0.56275028,-0.0860090256,0.110186674,0.338893533,0.0184055185,0.00625737309,-0.154010667,-0.20639915,0.0196134186,-0.0110714626,0.2,0.243019568,-0.162550056,-0.0672018051,0.0088149339,0.0271114826,0.0184055185,0.154010667,0.0196134186,0.2,0.162550056,0.0088149339,-0.00625737309,-0.20639915,-0.0110714626,-0.243019568,-0.0271114826,0.0672018051
356,15740490,0.389157951,0.0163652021,0.00738109881,0.0706289783,0.30463019,-0.0195008572,-0.475700229,0.13283816,-0.608064055,-0.0241420772,0.271895945,0.317456901,0.0311326361,0.00130921617,-0.196678506,-0.16821696,0.0243704152,-0.00156006858,0.2,0.259777172,-0.171612811,-0.0548284154,0.0217516756,0.0253965521,0.0311326361,0.196678506,0.0243704152,0.2,0.171612811,0.0217516756,-0.00130921617,-0.16821696,-0.00156006858,-0.259777172,-0.0253965521,0.0548284154
357,15763592,0.43973738,-0.0603374988,-0.0433954298,0.119199798,0.311187595,0.051308576,-0.416628778,0.104810387,-0.611297727,-0.0482828282,0.35054943,0.307454973,0.0351789904,-0.0048269999,-0.219527943,-0.146360091,0.0248950076,0.00410468608,0.2,0.247164674,-0.172259545,-0.0596565656,0.0280439544,0.0245963979,0.0351789904,0.219527943,0.0248950076,0.2,0.172259545,0.0280439544,0.0048269999,-0.146360091,0.00410468608,-0.247164674,-0.0245963979,0.0596565656
358,15787370,0.370539486,-0.118016355,-0.0693700761,0.112278745,0.280513167,0.0561513752,-0.327212334,0.0457691029,-0.585022449,-0.123204283,0.371782362,0.312051892,0.0296431589,-0.00944130838,-0.231216534,-0.149474565,0.0224410534,0.00449211001,0.2,0.220596096,-0.16700449,-0.0746408567,0.029742589,0.0249641514,0.0296431589,0.231216534,0.0224410534,0.2,0.16700449,0.029742589,0.00944130838,-0.149474565,0.00449211001,-0.220596096,-0.0249641514,0.0746408567
359,15799035,0.191739827,-0.145540208,-0.0891071111,0.0619463511,0.217122227,-0.0498661809,-0.195949063,-0.0352048241,-0.544956625,-0.223708436,0.341842651,0.295398802,0.0153391862,-0.0116432166,-0.2400982,-0.172124142,0.0173697782,-0.00398929447,0.2,0.2,-0.158991325,-0.0947416872,0.0273474121,0.0236319041,0.0153391862,0.2400982,0.0173697782,0.2,0.158991325,0.0273474121,0.0116432166,-0.172124142,-0.00398929447,-0.2,-0.0236319041,0.0947416872
360,15821229,-0.0647709668,-0.178317383,-0.0784552321,-0.0329118334,0.166154534,-0.224450305,-0.0104245851,-0.184329495,-0.492540598,-0.320744276,0.24187322,0.223346591,-0.00518167734,-0.0142653906,-0.235304854,-0.214810325,0.0132923627,-0.0179560244,0.2,0.2,-0.14850812,-0.114148855,0.0193498576,0.0178677273,-0.00518167734,0.235304854,0.0132923627,0.2,0.14850812,0.0193498576,0.0142653906,-0.214810325,-0.0179560244,-0.2,-0.0178677273,0.114148855
361,15839975,-0.299223959,-0.18563433,-0.0240509845,-0.124534391,0.126254484,-0.447248518,0.193920702,-0.373631984,-0.389796764,-0.396278262,0.0835787803,0.130814388,-0.0239379168,-0.0148507464,-0.210822943,-0.256040476,0.0101003587,-0.0357798815,0.287264316,0.2,-0.127959353,-0.129255652,0.00668630242,0.0104651511,-0.0239379168,0.210822943,0.0101003587,0.287264316,0.127959353,0.00668630242,0.0148507464,-0.256040476,-0.0357798815,-0.2,-0.0104651511,0.129255652
362,15858798,-0.402672589,-0.136011273,0.102018669,-0.19921647,0.0871626288,-0.612476587,0.327476054,-0.474960297,-0.252661169,-0.395932019,-0.106756695,0.0526136458,-0.0322138071,-0.0108809018,-0.154091599,-0.289647412,0.0069730103,-0.048998127,0.347364224,0.2,-0.100532234,-0.129186404,-0.00854053557,0.00420909166,-0.0322138071,0.154091599,0.0069730103,0.347364224,0.100532234,-0.00854053557,0.0108809018,-0.289647412,-0.048998127,-0.2,-0.00420909166,0.129186404
363,15897510,-0.315718442,-0.0903576836,0.180257812,-0.166016147,0.0780311152,-0.650500178,0.272024989,-0.395942539,-0.195650756,-0.365194976,-0.228856787,0.0340672471,-0.0252574754,-0.00722861469,-0.118883985,-0.274707266,0.00624248922,-0.0520400143,0.322411245,0.2,-0.0891301513,-0.123038995,-0.018308543,0.00272537977,-0.0252574754,0.118883985,0.00624248922,0.322411245,0.0891301513,-0.018308543,0.00722861469,-0.274707266,-0.0520400143,-0.2,-0.00272537977,0.123038995
364,15907595,-0.165943235,-0.026236847,0.228128746,-0.10861291,0.117398731,-0.546500087,0.0384233594,-0.229375109,-0.276856005,-0.301931262,-0.278269053,0.0815554559,-0.0132754588,-0.00209894776,-0.0973420642,-0.248875809,0.00939189851,-0.0437200069,0.217290512,0.2,-0.105371201,-0.110386252,-0.0222615242,0.00652443647,-0.0132754588,0.0973420642,0.00939189851,0.217290512,0.105371201,-0.0222615242,0.00209894776,-0.248875809,-0.0437200069,-0.2,-0.00652443647,0.110386252
365,15918150,-0.0284923427,0.0762353465,0.241299719,-0.102815174,0.18533501,-0.35714677,-0.233345509,-0.0808924064,-0.439522475,-0.211949766,-0.167487398,0.22512427,-0.00227938741,0.00609882772,-0.0914151266,-0.246266828,0.0148268008,-0.0285717416,0.2,0.2,-0.137904495,-0.0923899531,-0.0133989918,0.0180099416,-0.00227938741,0.0914151266,0.0148268008,0.2,0.137904495,-0.0133989918,-0.00609882772,-0.246266828,-0.0285717416,-0.2,-0.0180099416,0.0923899531
366,15938218,0.191239968,0.107654698,0.156865537,-0.0580240488,0.258080065,-0.146259561,-0.451027304,0.0784546584,-0.596302688,-0.110301323,0.0666710138,0.307256609,0.0152991974,0.00861237586,-0.129410508,-0.226110822,0.0206464052,-0.0117007649,0.2,0.235304596,-0.169260538,-0.0720602646,0.00533368111,0.0245805287,0.0152991974,0.129410508,0.0206464052,0.2,0.169260538,0.00533368111,-0.00861237586,-0.226110822,-0.0117007649,-0.235304596,-0.0245805287,0.0720602646
367,15958854,0.376563907,0.0543040447,0.0330897495,0.048943717,0.326954305,-0.0157676414,-0.511761785,0.14018853,-0.644602776,-0.0197630338,0.287491411,0.315693021,0.0301251125,0.00434432358,-0.185109613,-0.177975327,0.0261563444,-0.00126141131,0.2,0.263084839,-0.178920555,-0.0539526068,0.0229993129,0.0252554417,0.0301251125,0.185109613,0.0261563444,0.2,0.178920555,0.0229993129,-0.00434432358,-0.177975327,-0.00126141131,-0.263084839,-0.0252554417,0.0539526068
368,15982073,0.427832812,-0.0286559556,-0.0382128619,0.12235672,0.331310391,0.071378611,-0.440753967,0.119462132,-0.627317369,-0.0267085079,0.408342183,0.33478722,0.034226625,-0.00229247645,-0.217195788,-0.144939476,0.0265048313,0.00571028888,0.2,0.25375796,-0.175463474,-0.0553417016,0.0326673746,0.0267829776,0.034226625,0.217195788,0.0265048313,0.2,0.175463474,0.0326673746,0.00229247645,-0.144939476,0.00571028888,-0.25375796,-0.0267829776,0.0553417016
369,16003626,0.365859061,-0.0983334258,-0.0652536228,0.112294003,0.293713421,0.0968664736,-0.334879339,0.0595176294,-0.582551956,-0.0912847295,0.431833059,0.344838947,0.0292687249,-0.00786667407,-0.22936413,-0.149467698,0.0234970737,0.00774931788,0.2,0.226782933,-0.166510391,-0.0682569459,0.0345466447,0.0275871158,0.0292687249,0.22936413,0.0234970737,0.2,0.166510391,0.0345466447,0.00786667407,-0.149467698,0.00774931788,-0.226782933,-0.0275871158,0.0682569459
370,16018488,0.19181636,-0.135759398,-0.0867028013,0.0565548129,0.22843343,-0.00356187229,-0.210465983,-0.0306754187,-0.551731169,-0.209304839,0.383427143,0.315665573,0.0153453088,-0.0108607519,-0.239016261,-0.174550334,0.0182746744,-0.000284949783,0.2,0.2,-0.160346234,-0.0918609679,0.0306741714,0.0252532458,0.0153453088,0.239016261,0.0182746744,0.2,0.160346234,0.0306741714,0.0108607519,-0.174550334,-0.000284949783,-0.2,-0.0252532458,0.0918609679
371,16042600,-0.0883232728,-0.18912217,-0.0829522982,-0.0500009619,0.177330211,-0.187108427,-0.0194267761,-0.202564642,-0.548038125,-0.340477198,0.250196099,0.204306304,-0.00706586182,-0.0151297736,-0.237328534,-0.222500433,0.0141864169,-0.0149686742,0.2,0.2,-0.159607625,-0.11809544,0.0200156879,0.0163445044,-0.00706586182,0.237328534,0.0141864169,0.2,0.159607625,0.0200156879,0.0151297736,-0.222500433,-0.0149686742,-0.2,-0.0163445044,0.11809544
372,16058357,-0.357296884,-0.214705631,-0.0251146816,-0.151894823,0.138984755,-0.428021669,0.225492895,-0.424401969,-0.46737355,-0.438203931,0.0641850233,0.0780774355,-0.0285837507,-0.0171764505,-0.211301607,-0.26835267,0.0111187804,-0.0342417336,0.301471803,0.2,-0.14347471,-0.137640786,0.00513480186,0.00624619484,-0.0285837507,0.211301607,0.0111187804,0.301471803,0.14347471,0.00513480186,0.0171764505,-0.26835267,-0.0342417336,-0.2,-0.00624619484,0.137640786
373,16082481,-0.457008302,-0.166812748,0.111728154,-0.237910256,0.0922532454,-0.617832303,0.392549396,-0.539931893,-0.32698521,-0.444926023,-0.127436221,-0.00109783479,-0.0365606642,-0.0133450198,-0.149722331,-0.307059615,0.00738025963,-0.0494265842,0.376647228,0.2,-0.115397042,-0.138985205,-0.0101948977,-8.78267828e-05,-0.0365606642,0.149722331,0.00738025963,0.376647228,0.115397042,-0.0101948977,0.0133450198,-0.307059615,-0.0494265842,-0.2,8.78267828e-05,0.138985205
374,16097633,-0.345190376,-0.120709345,0.196472749,-0.198825285,0.0805316642,-0.66318047,0.330798805,-0.454670221,-0.261500806,-0.414091498,-0.23942329,0.008927783,-0.0276152301,-0.00965674758,-0.111587263,-0.289471378,0.00644253314,-0.0530544376,0.348859462,0.2,-0.102300161,-0.1328183,-0.0191538632,0.00071422264,-0.0276152301,0.111587263,0.00644253314,0.348859462,0.102300161,-0.0191538632,0.00965674758,-0.289471378,-0.0530544376,-0.2,-0.00071422264,0.1328183
375,16120362,-0.206435144,-0.0311196446,0.255938888,-0.135293469,0.139089361,-0.568686306,0.0801813677,-0.291517168,-0.339123487,-0.350509912,-0.273176938,0.115775287,-0.0165148115,-0.00248957157,-0.0848275006,-0.260882061,0.0111271489,-0.0454949045,0.236081615,0.2,-0.117824697,-0.120101982,-0.0218541551,0.00926202297,-0.0165148115,0.0848275006,0.0111271489,0.236081615,0.117824697,-0.0218541551,0.00248957157,-0.260882061,-0.0454949045,-0.2,-0.00926202297,0.120101982
376,16141870,-0.116898663,0.104401872,0.313824654,-0.154601157,0.228516713,-0.381093144,-0.19130528,-0.155730963,-0.515981317,-0.255105704,-0.169596061,0.292669386,-0.00935189307,0.00835214972,-0.0587789059,-0.269570521,0.018281337,-0.0304874516,0.2,0.2,-0.153196263,-0.101021141,-0.0135676849,0.0234135509,-0.00935189307,0.0587789059,0.018281337,0.2,0.153196263,-0.0135676849,-0.00835214972,-0.269570521,-0.0304874516,-0.2,-0.0234135509,0.101021141
377,16158429,0.0843396708,0.171252951,0.215855092,-0.0962617323,0.302094162,-0.169907048,-0.424094051,0.0460534655,-0.642191887,-0.134041801,0.0783932433,0.395166397,0.00674717367,0.0137002361,-0.102865209,-0.24331778,0.0241675329,-0.0135925639,0.2,0.220724059,-0.178438377,-0.0768083602,0.00627145946,0.0316133118,0.00674717367,0.102865209,0.0241675329,0.2,0.178438377,0.00627145946,-0.0137002361,-0.24331778,-0.0135925639,-0.220724059,-0.0316133118,0.0768083602
378,16182713,0.305067748,0.129056126,0.104250208,0.00178977486,0.366424024,-0.0134357754,-0.53301388,0.154989809,-0.692642272,-0.0127292415,0.311072797,0.385635793,0.0244054198,0.0103244901,-0.153087407,-0.199194601,0.0293139219,-0.00107486203,0.2,0.269745414,-0.188528454,-0.0525458483,0.0248858237,0.0308508635,0.0244054198,0.153087407,0.0293139219,0.2,0.188528454,0.0248858237,-0.0103244901,-0.199194601,-0.00107486203,-0.269745414,-0.0308508635,0.0525458483
379,16197777,0.405544639,0.0418009683,0.0106984898,0.0967536047,0.381391674,0.0968306288,-0.497484297,0.146874622,-0.69385469,0.0193459,0.436827719,0.370112866,0.0324435711,0.00334407747,-0.19518568,-0.156460878,0.0305113339,0.0077464503,0.2,0.26609358,-0.188770938,-0.04613082,0.0349462175,0.0296090293,0.0324435711,0.19518568,0.0305113339,0.2,0.188770938,0.0349462175,-0.00334407747,-0.156460878,0.0077464503,-0.26609358,-0.0296090293,0.04613082
380,16221454,0.392346531,-0.0615215786,-0.0326853879,0.124711432,0.343065232,0.177001968,-0.385320902,0.101030715,-0.657891393,-0.00517857214,0.479235888,0.356902868,0.0313877225,-0.00492172629,-0.214708425,-0.143879856,0.0274452186,0.0141601574,0.2,0.245463822,-0.181578279,-0.0510357144,0.038338871,0.0285522294,0.0313877225,0.214708425,0.0274452186,0.2,0.181578279,0.038338871,0.00492172629,-0.143879856,0.0141601574,-0.245463822,-0.0285522294,0.0510357144
381,16242294,0.287059724,-0.11811009,-0.0671824887,0.0790761188,0.26528582,0.134126067,-0.26610738,0.0428440459,-0.600566328,-0.10083738,0.467343867,0.341616601,0.0229647779,-0.00944880724,-0.23023212,-0.164415747,0.0212228656,0.0107300854,0.2,0.219279821,-0.170113266,-0.0701674759,0.0373875093,0.0273293281,0.0229647779,0.23023212,0.0212228656,0.2,0.170113266,0.0373875093,0.00944880724,-0.164415747,0.0107300854,-0.219279821,-0.0273293281,0.0701674759
382,16260482,0.0447227508,-0.146979421,-0.0850672722,-0.0219667125,0.193237558,-0.0434637479,-0.10969431,-0.0962388739,-0.588277817,-0.266885817,0.382263929,0.2681759,0.00357782006,-0.0117583537,-0.238280272,-0.209885021,0.0154590046,-0.00347709984,0.2,0.2,-0.167655563,-0.103377163,0.0305811143,0.021454072,0.00357782006,0.238280272,0.0154590046,0.2,0.167655563,0.0305811143,0.0117583537,-0.209885021,-0.00347709984,-0.2,-0.021454072,0.103377163
383,16278219,-0.267881632,-0.182504788,-0.0707927421,-0.121288978,0.155693039,-0.280017138,0.12179587,-0.313626647,-0.55187726,-0.408465624,0.225848019,0.132246569,-0.0214305305,-0.014600383,-0.231856734,-0.25458004,0.0124554431,-0.022401371,0.254808142,0.2,-0.160375452,-0.131693125,0.0180678415,0.0105797255,-0.0214305305,0.231856734,0.0124554431,0.254808142,0.160375452,0.0180678415,0.014600383,-0.25458004,-0.022401371,-0.2,-0.0105797255,0.131693125
384,16301305,-0.491805226,-0.150780931,0.0266475007,-0.210990325,0.111914389,-0.547325075,0.349581599,-0.506803393,-0.413328618,-0.467152655,0.0325732268,0.0312656835,-0.039344418,-0.0120624745,-0.188008625,-0.294945646,0.00895315111,-0.043786006,0.35731172,0.2,-0.132665724,-0.143430531,0.00260585815,0.00250125468,-0.039344418,0.188008625,0.00895315111,0.35731172,0.132665724,0.00260585815,0.0120624745,-0.294945646,-0.043786006,-0.2,-0.00250125468,0.143430531
385,16318462,-0.488822818,-0.0971504897,0.148824364,-0.216788456,0.085994333,-0.696772695,0.402819753,-0.500746548,-0.27322495,-0.432154983,-0.13525331,-0.00147105986,-0.0391058254,-0.00777203918,-0.133029036,-0.297554805,0.00687954664,-0.0557418156,0.381268889,0.2,-0.10464499,-0.136430997,-0.0108202648,-0.000117684789,-0.0391058254,0.133029036,0.00687954664,0.381268889,0.10464499,-0.0108202648,0.00777203918,-0.297554805,-0.0557418156,-0.2,0.000117684789,0.136430997
386,16341236,-0.336943597,-0.0520841107,0.197581962,-0.122077882,0.117001563,-0.689354181,0.228887632,-0.361787409,-0.263599575,-0.367863387,-0.239350542,0.0415856019,-0.0269554877,-0.00416672885,-0.111088117,-0.254935047,0.00936012506,-0.0551483345,0.302999435,0.2,-0.102719915,-0.123572677,-0.0191480434,0.00332684815,-0.0269554877,0.111088117,0.00936012506,0.302999435,0.102719915,-0.0191480434,0.00416672885,-0.254935047,-0.0551483345,-0.2,-0.00332684815,0.123572677
387,16358378,-0.166120872,0.0100489166,0.242385998,-0.0655002594,0.159197643,-0.555212557,-0.0583923236,-0.182637691,-0.356571674,-0.285889059,-0.256756425,0.122523509,-0.0132896698,0.000803913325,-0.0909263007,-0.229475117,0.0127358115,-0.0444170046,0.2,0.2,-0.121314335,-0.107177812,-0.020540514,0.00980188072,-0.0132896698,0.0909263007,0.0127358115,0.2,0.121314335,-0.020540514,-0.000803913325,-0.229475117,-0.0444170046,-0.2,-0.00980188072,0.107177812
388,16383211,0.0296759717,0.077592656,0.201784819,-0.0565567948,0.185051858,-0.348105103,-0.334842741,-0.0176781658,-0.510462999,-0.191157803,-0.111411318,0.258998871,0.00237407774,0.00620741248,-0.109196831,-0.225450558,0.0148041487,-0.0278484082,0.2,0.2,-0.1520926,-0.0882315606,-0.00891290545,0.0207199097,0.00237407774,0.109196831,0.0148041487,0.2,0.1520926,-0.00891290545,-0.00620741248,-0.225450558,-0.0278484082,-0.2,-0.0207199097,0.0882315606
389,16397962,0.29758507,0.0656127185,0.0929306895,-0.00256086467,0.224094704,-0.148071632,-0.512868166,0.137120113,-0.630244553,-0.071707122,0.139515191,0.312845528,0.0238068056,0.00524901748,-0.15818119,-0.201152389,0.0179275763,-0.0118457305,0.2,0.261704051,-0.176048911,-0.0643414244,0.0111612153,0.0250276423,0.0238068056,0.15818119,0.0179275763,0.2,0.176048911,0.0111612153,-0.00524901748,-0.201152389,-0.0118457305,-0.261704051,-0.0250276423,0.0643414244
390,16422227,0.468263775,-0.00691587664,-0.0356305949,0.101968013,0.263317466,-0.0319527648,-0.508409917,0.172539711,-0.654179275,-0.0168666523,0.353415966,0.314002365,0.037461102,-0.000553270131,-0.216033768,-0.154114394,0.0210653973,-0.00255622119,0.2,0.27764287,-0.180835855,-0.0533733305,0.0282732773,0.0251201892,0.037461102,0.216033768,0.0210653973,0.2,0.180835855,0.0282732773,0.000553270131,-0.154114394,-0.00255622119,-0.27764287,-0.0251201892,0.0533733305
391,16439562,0.484861016,-0.0960136876,-0.0859949216,0.139476582,0.25168705,0.0454462618,-0.395754993,0.127033785,-0.641137779,-0.0526766889,0.447611839,0.323070616,0.0387888813,-0.007681095,-0.238697715,-0.137235538,0.020134964,0.00363570094,0.2,0.257165203,-0.178227556,-0.0605353378,0.0358089471,0.0258456492,0.0387888813,0.238697715,0.020134964,0.2,0.178227556,0.0358089471,0.007681095,-0.137235538,0.00363570094,-0.257165203,-0.0258456492,0.0605353378
392,16458336,0.357429475,-0.140944064,-0.108887814,0.105315246,0.212149665,0.0262675639,-0.281750798,0.0461440869,-0.625532031,-0.150111094,0.444357455,0.318153113,0.028594358,-0.0112755251,-0.248999516,-0.152608139,0.0169719732,0.00210140511,0.2,0.220764839,-0.175106406,-0.0800222188,0.0355485964,0.0254522491,0.028594358,0.248999516,0.0169719732,0.2,0.175106406,0.0355485964,0.0112755251,-0.152608139,0.00210140511,-0.220764839,-0.0254522491,0.0800222188
393,16478734,0.0888375416,-0.172133565,-0.129444569,0.0235748105,0.168161348,-0.133560792,-0.118818231,-0.0923391357,-0.639859378,-0.304200798,0.356064498,0.247444287,0.00710700333,-0.0137706852,-0.258250056,-0.189391335,0.0134529078,-0.0106848633,0.2,0.2,-0.177971876,-0.11084016,0.0284851599,0.019795543,0.00710700333,0.258250056,0.0134529078,0.2,0.177971876,0.0284851599,0.0137706852,-0.189391335,-0.0106848633,-0.2,-0.019795543,0.11084016
394,16500100,-0.225299299,-0.21537824,-0.0950232148,-0.0786855295,0.14523831,-0.355524421,0.109805956,-0.305027306,-0.57943368,-0.430960178,0.190284654,0.118310206,-0.0180239439,-0.0172302592,-0.242760447,-0.235408488,0.0116190648,-0.0284419537,0.24941268,0.2,-0.165886736,-0.136192036,0.0152227724,0.00946481645,-0.0180239439,0.242760447,0.0116190648,0.24941268,0.165886736,0.0152227724,0.0172302592,-0.235408488,-0.0284419537,-0.2,-0.00946481645,0.136192036
395,16516637,-0.45460543,-0.19517602,0.00568839069,-0.183477148,0.109442823,-0.603064597,0.333321005,-0.507319391,-0.424938351,-0.49295786,-0.00875893421,0.00683186715,-0.0363684344,-0.0156140816,-0.197440224,-0.282564717,0.00875542581,-0.0482451677,0.349994452,0.2,-0.13498767,-0.148591572,-0.000700714737,0.000546549372,-0.0363684344,0.197440224,0.00875542581,0.349994452,0.13498767,-0.000700714737,0.0156140816,-0.282564717,-0.0482451677,-0.2,-0.000546549372,0.148591572
396,16538271,-0.424794376,-0.158179566,0.164067462,-0.225872368,0.068082653,-0.698305726,0.405030966,-0.514715314,-0.274359405,-0.438995183,-0.191104412,-0.066210106,-0.0339835501,-0.0126543653,-0.126169642,-0.301642565,0.00544661224,-0.0558644581,0.382263935,0.2,-0.104871881,-0.137799037,-0.015288353,-0.00529680848,-0.0339835501,0.126169642,0.00544661224,0.382263935,0.104871881,-0.015288353,0.0126543653,-0.301642565,-0.0558644581,-0.2,0.00529680848,0.137799037
397,16558885,-0.268697262,-0.105505295,0.226450294,-0.153987676,0.0907626897,-0.640998065,0.228335097,-0.377273202,-0.259404361,-0.378512532,-0.273774773,-0.0155785466,-0.0214957809,-0.00844042361,-0.0980973676,-0.269294454,0.00726101518,-0.0512798452,0.302750794,0.2,-0.101880872,-0.125702506,-0.0219019818,-0.00124628372,-0.0214957809,0.0980973676,0.00726101518,0.302750794,0.101880872,-0.0219019818,0.00844042361,-0.269294454,-0.0512798452,-0.2,0.00124628372,0.125702506
398,16582845,-0.170575067,0.0129814791,0.290816426,-0.142193258,0.16189526,-0.50159502,-0.0348482318,-0.259049237,-0.402948171,-0.327693343,-0.245094627,0.133191928,-0.0136460054,0.00103851832,-0.0691326082,-0.263986966,0.0129516208,-0.0401276016,0.2,0.2,-0.130589634,-0.115538669,-0.0196075702,0.0106553543,-0.0136460054,0.0691326082,0.0129516208,0.2,0.130589634,-0.0196075702,-0.00103851832,-0.263986966,-0.0401276016,-0.2,-0.0106553543,0.115538669
399,16598138,-0.0512242801,0.147275195,0.30830285,-0.158401281,0.256094307,-0.278477967,-0.282264709,-0.0914122835,-0.585339487,-0.214412794,-0.0555911697,0.297125399,-0.00409794241,0.0117820156,-0.0612637177,-0.271280576,0.0204875445,-0.0222782373,0.2,0.2,-0.167067897,-0.0928825587,-0.00444729358,0.0237700319,-0.00409794241,0.0612637177,0.0204875445,0.2,0.167067897,-0.00444729358,-0.0117820156,-0.271280576,-0.0222782373,-0.2,-0.0237700319,0.0928825587
400,16635583,0.180805698,0.182962731,0.197952628,-0.0742135867,0.344930559,-0.0736612454,-0.491851062,0.110101126,-0.668766081,-0.0767850205,0.215467066,0.360720128,0.0144644558,0.0146370184,-0.110921317,-0.233396114,0.0275944448,-0.00589289963,0.2,0.249545507,-0.183753216,-0.0653570041,0.0172373652,0.0288576102,0.0144644558,0.110921317,0.0275944448,0.2,0.183753216,0.0172373652,-0.0146370184,-0.233396114,-0.00589289963,-0.249545507,-0.0288576102,0.0653570041
401,16641459,0.353693128,0.120572142,0.0847524181,0.0383790955,0.402374208,0.05005458,-0.546411395,0.161452591,-0.701816201,0.0239719469,0.407768786,0.368417561,0.0282954502,0.00964577138,-0.161861412,-0.182729407,0.0321899366,0.0040043664,0.2,0.272653666,-0.19036324,-0.0452056106,0.0326215029,0.0294734049,0.0282954502,0.161861412,0.0321899366,0.2,0.19036324,0.0326215029,-0.00964577138,-0.182729407,0.0040043664,-0.272653666,-0.0294734049,0.0452056106
402,16661659,0.390417427,0.0171410777,0.044136893,0.102347597,0.399417222,0.173627824,-0.476220936,0.131242573,-0.709392309,0.0386578366,0.479343534,0.356293708,0.0312333941,0.00137128621,-0.180138398,-0.153943581,0.0319533777,0.0138902259,0.2,0.259059158,-0.191878462,-0.0422684327,0.0383474827,0.0285034966,0.0312333941,0.180138398,0.0319533777,0.2,0.191878462,0.0383474827,-0.00137128621,-0.153943581,0.0138902259,-0.259059158,-0.0285034966,0.0422684327
403,16684723,0.334227771,-0.0733991265,-0.0119375633,0.108636163,0.347600251,0.231517941,-0.352828622,0.075082019,-0.655288994,0.00400601095,0.497315377,0.352322519,0.0267382216,-0.00587193012,-0.205371903,-0.151113727,0.0278080201,0.0185214353,0.2,0.233786909,-0.181057799,-0.0491987978,0.0397852302,0.0281858015,0.0267382216,0.205371903,0.0278080201,0.2,0.181057799,0.0397852302,0.00587193012,-0.151113727,0.0185214353,-0.233786909,-0.0281858015,0.0491987978
404,16697769,0.199922726,-0.109955169,-0.0338825509,0.0324967131,0.268987864,0.165378124,-0.235036328,0.0110019967,-0.588914752,-0.110258751,0.473653764,0.324046791,0.015993818,-0.00879641354,-0.215247148,-0.185376479,0.0215190291,0.0132302499,0.2,0.204950899,-0.16778295,-0.0720517501,0.0378923011,0.0259237432,0.015993818,0.215247148,0.0215190291,0.2,0.16778295,0.0378923011,0.00879641354,-0.185376479,0.0132302499,-0.204950899,-0.0259237432,0.0720517501
405,16720975,-0.0518518612,-0.13430962,-0.0630401522,-0.0642259717,0.195050314,-0.0397045761,-0.062188331,-0.138244003,-0.565573871,-0.27489686,0.380397141,0.243291467,-0.00414814889,-0.0107447696,-0.228368068,-0.228901687,0.0156040251,-0.00317636609,0.2,0.2,-0.163114774,-0.104979372,0.0304317713,0.0194633174,-0.00414814889,0.228368068,0.0156040251,0.2,0.163114774,0.0304317713,0.0107447696,-0.228901687,-0.00317636609,-0.2,-0.0194633174,0.104979372
406,16747658,-0.363628268,-0.151235431,-0.0427888557,-0.166543916,0.157098264,-0.296578586,0.185619712,-0.362283707,-0.517562807,-0.413360924,0.219556302,0.12175522,-0.0290902615,-0.0120988345,-0.219254985,-0.274944762,0.0125678611,-0.0237262869,0.28352887,0.2,-0.153512561,-0.132672185,0.0175645041,0.0097404176,-0.0290902615,0.219254985,0.0125678611,0.28352887,0.153512561,0.0175645041,0.0120988345,-0.274944762,-0.0237262869,-0.2,-0.0097404176,0.132672185
407,16762531,-0.539003789,-0.108488098,0.0834916607,-0.257216752,0.112743393,-0.540740371,0.391942769,-0.531661451,-0.385465801,-0.449421763,0.024821341,0.0380968451,-0.0431203032,-0.00867904782,-0.162428753,-0.315747538,0.00901947141,-0.0432592297,0.376374246,0.2,-0.12709316,-0.139884353,0.00198570728,0.00304774761,-0.0431203032,0.162428753,0.00901947141,0.376374246,0.12709316,0.00198570728,0.00867904782,-0.315747538,-0.0432592297,-0.2,-0.00304774761,0.139884353
408,16782526,-0.449754953,-0.0687830225,0.174924076,-0.190490112,0.0984776616,-0.63822031,0.348836482,-0.426835418,-0.263973147,-0.387027234,-0.150515899,-0.00693804724,-0.0359803963,-0.0055026418,-0.121284166,-0.28572055,0.00787821293,-0.0510576248,0.356976417,0.2,-0.102794629,-0.127405447,-0.0120412719,-0.000555043779,-0.0359803963,0.121284166,0.00787821293,0.356976417,0.102794629,-0.0120412719,0.0055026418,-0.28572055,-0.0510576248,-0.2,0.000555043779,0.127405447
409,16803773,-0.292577863,-0.0186389703,0.185722247,-0.0779357478,0.13274312,-0.619935751,0.131314412,-0.2770814,-0.266443402,-0.310453355,-0.234348759,0.0533583537,-0.023406229,-0.00149111763,-0.116424989,-0.235071087,0.0106194496,-0.0495948601,0.259091485,0.2,-0.10328868,-0.112090671,-0.0187479007,0.00426866829,-0.023406229,0.116424989,0.0106194496,0.259091485,0.10328868,-0.0187479007,0.00149111763,-0.235071087,-0.0495948601,-0.2,-0.00426866829,0.112090671
410,16824886,-0.147372499,0.0444432087,0.222985506,-0.0716671944,0.158858865,-0.495935589,-0.124392651,-0.158038408,-0.389387935,-0.249984264,-0.207760528,0.163797498,-0.0117897999,0.0035554567,-0.0996565223,-0.232250237,0.0127087092,-0.0396748471,0.2,0.2,-0.127877587,-0.0999968529,-0.0166208422,0.0131037998,-0.0117897999,0.0996565223,0.0127087092,0.2,0.127877587,-0.0166208422,-0.0035554567,-0.232250237,-0.0396748471,-0.2,-0.0131037998,0.0999968529
411,16838436,0.0774712861,0.070584543,0.161735445,-0.0592176914,0.172733366,-0.293391824,-0.348446995,0.0057100975,-0.521278858,-0.150263041,-0.0340970457,0.270067364,0.00619770288,0.00564676344,-0.12721905,-0.226647961,0.0138186693,-0.0234713459,0.2,0.202569544,-0.154255772,-0.0800526083,-0.00272776365,0.0216053891,0.00619770288,0.12721905,0.0138186693,0.2,0.154255772,-0.00272776365,-0.00564676344,-0.226647961,-0.0234713459,-0.202569544,-0.0216053891,0.0800526083
412,16869032,0.336717576,0.0394486524,0.0480147079,0.0173829943,0.210634604,-0.121178083,-0.496391088,0.139539167,-0.609246492,-0.0407156721,0.194707647,0.30862847,0.0269374061,0.00315589219,-0.178393381,-0.192177653,0.0168507683,-0.00969424665,0.2,0.262792625,-0.171849298,-0.0581431344,0.0155766118,0.0246902776,0.0269374061,0.178393381,0.0168507683,0.2,0.171849298,0.0155766118,-0.00315589219,-0.192177653,-0.00969424665,-0.262792625,-0.0246902776,0.0581431344
413,16880707,0.492777824,-0.0326360352,-0.0603811815,0.114169978,0.237716705,-0.0323797092,-0.485957146,0.176709339,-0.633937001,-0.00213320623,0.366523266,0.30987829,0.039422226,-0.00261088282,-0.227171532,-0.14862351,0.0190173364,-0.00259037673,0.2,0.279519203,-0.1767874,-0.0504266412,0.0293218613,0.0247902632,0.039422226,0.227171532,0.0190173364,0.2,0.1767874,0.0293218613,0.00261088282,-0.14862351,-0.00259037673,-0.279519203,-0.0247902632,0.0504266412
414,16899728,0.502540231,-0.113176562,-0.0862782821,0.138703287,0.228300005,0.0327577144,-0.388053536,0.123560674,-0.63535583,-0.0296379663,0.430122703,0.303139597,0.0402032185,-0.00905412495,-0.238825227,-0.137583521,0.0182640004,0.00262061715,0.2,0.255602304,-0.177071166,-0.0559275933,0.0344098163,0.0242511678,0.0402032185,0.238825227,0.0182640004,0.2,0.177071166,0.0344098163,0.00905412495,-0.137583521,0.00262061715,-0.255602304,-0.0242511678,0.0559275933
415,16921895,0.38446328,-0.14992021,-0.119949311,0.117545001,0.185072571,-0.0107495226,-0.285069644,0.0526908189,-0.635889292,-0.122800626,0.429602355,0.299507588,0.0307570624,-0.0119936168,-0.25397719,-0.147104749,0.0148058057,-0.000859961808,0.2,0.223710869,-0.177177858,-0.0745601252,0.0343681884,0.0239606071,0.0307570624,0.25397719,0.0148058057,0.2,0.177177858,0.0343681884,0.0119936168,-0.147104749,-0.000859961808,-0.223710869,-0.0239606071,0.0745601252
416,16942262,0.109600432,-0.180772886,-0.152492449,0.0259509254,0.148980871,-0.178923458,-0.1279255,-0.0799396858,-0.674841583,-0.304067403,0.355314851,0.232853755,0.00876803458,-0.0144618309,-0.268621602,-0.188322084,0.0119184697,-0.0143138766,0.2,0.2,-0.184968317,-0.110813481,0.0284251881,0.0186283004,0.00876803458,0.268621602,0.0119184697,0.2,0.184968317,0.0284251881,0.0144618309,-0.188322084,-0.0143138766,-0.2,-0.0186283004,0.110813481
417,16958349,-0.228352457,-0.227257803,-0.141193613,-0.0741687566,0.138119757,-0.419058889,0.114219785,-0.307676464,-0.639352977,-0.462254733,0.198128283,0.104371473,-0.0182681966,-0.0181806242,-0.263537126,-0.23337594,0.0110495806,-0.0335247111,0.251398903,0.2,-0.177870595,-0.142450947,0.0158502626,0.00834971786,-0.0182681966,0.263537126,0.0110495806,0.251398903,0.177870595,0.0158502626,0.0181806242,-0.23337594,-0.0335247111,-0.2,-0.00834971786,0.142450947
418,16978785,-0.493366838,-0.21211341,-0.0569612421,-0.178443491,0.111611143,-0.685144365,0.362167001,-0.544589162,-0.487117201,-0.563196242,0.0110068703,-0.00355869113,-0.039469347,-0.0169690728,-0.225632559,-0.280299571,0.00892889142,-0.0548115492,0.36297515,0.2,-0.14742344,-0.162639248,0.000880549625,-0.00028469529,-0.039469347,0.225632559,0.00892889142,0.36297515,0.14742344,0.000880549625,0.0169690728,-0.280299571,-0.0548115492,-0.2,0.00028469529,0.162639248
419,16999817,-0.479066283,-0.182328373,0.13313137,-0.225851446,0.0663646162,-0.803329051,0.458240926,-0.571710348,-0.301651448,-0.499508649,-0.177053988,-0.0883637071,-0.0383253026,-0.0145862699,-0.140090884,-0.301633151,0.00530916929,-0.064266324,0.406208417,0.2,-0.11033029,-0.14990173,-0.014164319,-0.00706909657,-0.0383253026,0.140090884,0.00530916929,0.406208417,0.11033029,-0.014164319,0.0145862699,-0.301633151,-0.064266324,-0.2,0.00706909657,0.14990173
420,17020514,-0.307628244,-0.137201458,0.215037316,-0.143425599,0.0738720894,-0.767083287,0.299809247,-0.437724918,-0.245003104,-0.426478624,-0.285613865,-0.0522550754,-0.0246102595,-0.0109761167,-0.103233208,-0.264541519,0.00590976715,-0.061366663,0.334914161,0.2,-0.0990006208,-0.135295725,-0.0228491092,-0.00418040603,-0.0246102595,0.103233208,0.00590976715,0.334914161,0.0990006208,-0.0228491092,0.0109761167,-0.264541519,-0.061366663,-0.2,0.00418040603,0.135295725
421,17040592,-0.140091628,-0.0479881577,0.276178122,-0.091749087,0.131192073,-0.617929518,-0.00325415749,-0.262134939,-0.356983483,-0.363240242,-0.302502692,0.0681694746,-0.0112073302,-0.00383905262,-0.0757198453,-0.241287089,0.0104953659,-0.0494343615,0.2,0.2,-0.121396697,-0.122648048,-0.0242002153,0.00545355797,-0.0112073302,0.0757198453,0.0104953659,0.2,0.121396697,-0.0242002153,0.00383905262,-0.241287089,-0.0494343615,-0.2,-0.00545355797,0.122648048
422,17058773,0.00223300746,0.0848509744,0.310829431,-0.137894928,0.205432728,-0.376815557,-0.297621459,-0.108748488,-0.583838284,-0.259323448,-0.152837858,0.249649629,0.000178640597,0.00678807795,-0.0601267561,-0.262052718,0.0164346182,-0.0301452446,0.2,0.2,-0.166767657,-0.10186469,-0.0122270286,0.0199719703,0.000178640597,0.0601267561,0.0164346182,0.2,0.166767657,-0.0122270286,-0.00678807795,-0.262052718,-0.0301452446,-0.2,-0.0199719703,0.10186469
423,17079655,0.257858157,0.132647648,0.189291909,-0.062481299,0.286275387,-0.141037598,-0.534775496,0.116466798,-0.707627833,-0.109466843,0.139079392,0.33073917,0.0206286526,0.0106118119,-0.114818641,-0.228116585,0.0229020309,-0.0112830079,0.2,0.252410059,-0.191525567,-0.0718933687,0.0111263514,0.0264591336,0.0206286526,0.114818641,0.0229020309,0.2,0.191525567,0.0111263514,-0.0106118119,-0.228116585,-0.0112830079,-0.252410059,-0.0264591336,0.0718933687
424,17098407,0.441390485,0.0668324828,0.0566441044,0.0591341555,0.367183536,0.0025039718,-0.582181036,0.18702659,-0.736353099,0.000679493707,0.373789817,0.32233268,0.0353112388,0.00534659863,-0.174510153,-0.17338963,0.0293746829,0.000200317744,0.2,0.284161966,-0.19727062,-0.0498641013,0.0299031854,0.0257866144,0.0353112388,0.174510153,0.0293746829,0.2,0.19727062,0.0299031854,-0.00534659863,-0.17338963,0.000200317744,-0.284161966,-0.0257866144,0.0498641013
425,17129445,0.471455425,-0.0271401685,-0.0152037665,0.13755767,0.375444531,0.125483572,-0.489188105,0.150683314,-0.73343277,-0.0114895143,0.479858994,0.336142719,0.037716434,-0.00217121348,-0.206841695,-0.138099048,0.0300355625,0.0100386858,0.2,0.267807491,-0.196686554,-0.0522979029,0.0383887196,0.0268914175,0.037716434,0.206841695,0.0300355625,0.2,0.196686554,0.0383887196,0.00217121348,-0.138099048,0.0100386858,-0.267807491,-0.0268914175,0.0522979029
426,17138959,0.386925966,-0.112446949,-0.0486799516,0.134240448,0.326258719,0.190622032,-0.330129385,0.078925617,-0.65384537,-0.0440182202,0.496256649,0.342720777,0.0309540772,-0.00899575591,-0.221905978,-0.139591798,0.0261006975,0.0152497625,0.2,0.235516528,-0.180769074,-0.058803644,0.039700532,0.0274176621,0.0309540772,0.221905978,0.0261006975,0.2,0.180769074,0.039700532,0.00899575591,-0.139591798,0.0152497625,-0.235516528,-0.0274176621,0.058803644
427,17158687,0.209767744,-0.142516553,-0.0602617599,0.0421499498,0.249673486,0.113165222,-0.206594527,-0.00389645435,-0.578499317,-0.169880629,0.460590154,0.318033516,0.0167814195,-0.0114013243,-0.227117792,-0.181032523,0.0199738789,0.00905321777,0.2,0.2,-0.165699863,-0.0839761257,0.0368472123,0.0254426813,0.0167814195,0.227117792,0.0199738789,0.2,0.165699863,0.0368472123,0.0114013243,-0.181032523,0.00905321777,-0.2,-0.0254426813,0.0839761257
428,17182861,-0.070666939,-0.175419375,-0.0713179931,-0.0569319837,0.187660933,-0.103226997,-0.0262373276,-0.177194804,-0.53227371,-0.318840325,0.337985605,0.207536325,-0.00565335512,-0.01403355,-0.232093097,-0.225619393,0.0150128746,-0.00825815976,0.2,0.2,-0.156454742,-0.113768065,0.0270388484,0.016602906,-0.00565335512,0.232093097,0.0150128746,0.2,0.156454742,0.0270388484,0.01403355,-0.225619393,-0.00825815976,-0.2,-0.016602906,0.113768065
429,17200233,-0.347872972,-0.184968099,-0.014303375,-0.153068572,0.146959528,-0.35411498,0.203907326,-0.384991616,-0.435082465,-0.405677289,0.153348029,0.0663184151,-0.0278298378,-0.0147974479,-0.206436519,-0.268880858,0.0117567623,-0.0283291984,0.291758297,0.2,-0.137016493,-0.131135458,0.0122678423,0.00530547321,-0.0278298378,0.206436519,0.0117567623,0.291758297,0.137016493,0.0122678423,0.0147974479,-0.268880858,-0.0283291984,-0.2,-0.00530547321,0.131135458
430,17219601,-0.461615115,-0.125630677,0.101728715,-0.205556616,0.0964228883,-0.57630235,0.351815522,-0.472344011,-0.256418377,-0.392282367,-0.0499931872,-0.0317408033,-0.0369292092,-0.0100504541,-0.154222078,-0.292500477,0.00771383107,-0.046104188,0.358316985,0.2,-0.101283675,-0.128456473,-0.00399945498,-0.00253926426,-0.0369292092,0.154222078,0.00771383107,0.358316985,0.101283675,-0.00399945498,0.0100504541,-0.292500477,-0.046104188,-0.2,0.00253926426,0.128456473
431,17240017,-0.364156902,-0.0872832164,0.163568243,-0.138759896,0.084010236,-0.645572424,0.284772903,-0.366472155,-0.153761387,-0.335653484,-0.202504456,-0.0752287731,-0.0291325521,-0.00698265731,-0.12639429,-0.262441953,0.00672081888,-0.0516457939,0.328147806,0.2,-0.0807522774,-0.117130697,-0.0162003565,-0.00601830184,-0.0291325521,0.12639429,0.00672081888,0.328147806,0.0807522774,-0.0162003565,0.00698265731,-0.262441953,-0.0516457939,-0.2,0.00601830184,0.117130697
432,17259817,-0.190890819,-0.0393314995,0.194985598,-0.0506090261,0.116051555,-0.563109756,0.0347298607,-0.183907777,-0.186403468,-0.252744764,-0.267236978,-0.0321716368,-0.0152712655,-0.00314651996,-0.112256481,-0.222774062,0.00928412437,-0.0450487804,0.215628437,0.2,-0.0872806937,-0.100548953,-0.0213789582,-0.00257373095,-0.0152712655,0.112256481,0.00928412437,0.215628437,0.0872806937,-0.0213789582,0.00314651996,-0.222774062,-0.0450487804,-0.2,0.00257373095,0.100548953
433,17289233,-0.0211094227,0.0410043746,0.198919892,-0.0326508991,0.155272752,-0.39502731,-0.246453583,-0.0324345492,-0.336180985,-0.174514994,-0.180011198,0.108845957,-0.00168875381,0.00328034997,-0.110486048,-0.214692905,0.0124218202,-0.0316021848,0.2,0.2,-0.117236197,-0.0849029988,-0.0144008958,0.00870767653,-0.00168875381,0.110486048,0.0124218202,0.2,0.117236197,-0.0144008958,-0.00328034997,-0.214692905,-0.0316021848,-0.2,-0.00870767653,0.0849029988
434,17296854,0.209426031,0.0466823503,0.0971793085,0.0184870921,0.187197089,-0.212636545,-0.440061241,0.0951044038,-0.474621505,-0.0908877552,0.0487512015,0.222841009,0.0167540824,0.00373458803,-0.156269311,-0.191680809,0.0149757671,-0.0170109236,0.2,0.242796982,-0.144924301,-0.068177551,0.00390009612,0.0178272808,0.0167540824,0.156269311,0.0149757671,0.2,0.144924301,0.00390009612,-0.00373458803,-0.191680809,-0.0170109236,-0.242796982,-0.0178272808,0.068177551
435,17322011,0.396996588,-0.0141513208,-0.00891239941,0.0878813267,0.225728303,-0.0890703052,-0.465543032,0.132299736,-0.543509483,-0.0278212316,0.271264553,0.262674183,0.031759727,-0.00113210566,-0.20401058,-0.160453403,0.0180582643,-0.00712562442,0.2,0.259534881,-0.158701897,-0.0555642463,0.0217011642,0.0210139346,0.031759727,0.20401058,0.0180582643,0.2,0.158701897,0.0217011642,0.00113210566,-0.160453403,-0.00712562442,-0.259534881,-0.0210139346,0.0555642463
436,17340448,0.447049886,-0.0827286243,-0.0721849948,0.1348636,0.225651816,-0.0235747471,-0.383723885,0.0970360413,-0.543846428,-0.0453771874,0.38556996,0.283291519,0.0357639909,-0.00661828995,-0.232483248,-0.13931138,0.0180521452,-0.00188597977,0.2,0.243666219,-0.158769286,-0.0590754375,0.0308455968,0.0226633215,0.0357639909,0.232483248,0.0180521452,0.2,0.158769286,0.0308455968,0.00661828995,-0.13931138,-0.00188597977,-0.243666219,-0.0226633215,0.0590754375
437,17357484,0.370753109,-0.119467303,-0.0965107754,0.119639374,0.196770594,-0.0325929783,-0.293479055,0.0352944992,-0.529324949,-0.120517194,0.41447401,0.300313234,0.0296602488,-0.00955738425,-0.243429849,-0.146162282,0.0157416475,-0.00260743827,0.2,0.215882525,-0.15586499,-0.0741034389,0.0331579208,0.0240250587,0.0296602488,0.243429849,0.0157416475,0.2,0.15586499,0.0331579208,0.00955738425,-0.146162282,-0.00260743827,-0.215882525,-0.0240250587,0.0741034389
438,17388398,0.198479697,-0.13547188,-0.111430347,0.0676191151,0.153851211,-0.146855563,-0.183333546,-0.0451733433,-0.528379619,-0.221774772,0.365555614,0.267025501,0.0158783758,-0.0108377504,-0.250143656,-0.169571398,0.0123080969,-0.011748445,0.2,0.2,-0.155675924,-0.0943549544,0.0292444491,0.02136204,0.0158783758,0.250143656,0.0123080969,0.2,0.155675924,0.0292444491,0.0108377504,-0.169571398,-0.011748445,-0.2,-0.02136204,0.0943549544
439,17398347,-0.0431168787,-0.169428006,-0.0882177278,-0.0147631457,0.129356548,-0.306340992,-0.010687775,-0.188604996,-0.489528745,-0.308183968,0.24334012,0.177188024,-0.0034493503,-0.0135542405,-0.239697978,-0.206643416,0.0103485239,-0.0245072794,0.2,0.2,-0.147905749,-0.111636794,0.0194672096,0.0141750419,-0.0034493503,0.239697978,0.0103485239,0.2,0.147905749,0.0194672096,0.0135542405,-0.206643416,-0.0245072794,-0.2,-0.0141750419,0.111636794
440,17418811,-0.235096723,-0.177491009,-0.022932671,-0.0891543701,0.0961514115,-0.497185796,0.155494258,-0.336635083,-0.370395601,-0.349006981,0.0668347329,0.067130819,-0.0188077378,-0.0141992807,-0.210319702,-0.240119467,0.00769211292,-0.0397748637,0.269972416,0.2,-0.12407912,-0.119801396,0.00534677863,0.00537046552,-0.0188077378,0.210319702,0.00769211292,0.269972416,0.12407912,0.00534677863,0.0141992807,-0.240119467,-0.0397748637,-0.2,-0.00537046552,0.119801396
441,17449601,-0.319210559,-0.132610857,0.0848535895,-0.145699039,0.0634519085,-0.61717099,0.255427063,-0.402967304,-0.221239343,-0.331811607,-0.109153576,-0.0173822418,-0.0255368447,-0.0106088686,-0.161815885,-0.265564568,0.00507615268,-0.0493736792,0.314942178,0.2,-0.0942478687,-0.116362321,-0.0087322861,-0.00139057934,-0.0255368447,0.161815885,0.00507615268,0.314942178,0.0942478687,-0.0087322861,0.0106088686,-0.265564568,-0.0493736792,-0.2,0.00139057934,0.116362321
442,17459556,-0.287903428,-0.0727527663,0.143421113,-0.133350447,0.0569186695,-0.653794408,0.227991566,-0.365815192,-0.132449433,-0.317942917,-0.203232855,-0.0219010916,-0.0230322742,-0.0058202213,-0.135460499,-0.260007701,0.00455349356,-0.0523035526,0.302596205,0.2,-0.0764898866,-0.113588583,-0.0162586284,-0.00175208732,-0.0230322742,0.135460499,0.00455349356,0.302596205,0.0764898866,-0.0162586284,0.0058202213,-0.260007701,-0.0523035526,-0.2,0.00175208732,0.113588583
443,17479491,-0.179345995,-0.0228234548,0.187113509,-0.100297377,0.0866994634,-0.565897584,0.052380342,-0.252412349,-0.197901651,-0.300139636,-0.23140128,0.0206698254,-0.0143476796,-0.00182587638,-0.115798921,-0.245133819,0.00693595707,-0.0452718067,0.223571154,0.2,-0.0895803303,-0.110027927,-0.0185121024,0.00165358603,-0.0143476796,0.115798921,0.00693595707,0.223571154,0.0895803303,-0.0185121024,0.00182587638,-0.245133819,-0.0452718067,-0.2,-0.00165358603,0.110027927
444,17500281,-0.0598623082,0.0528131686,0.196144193,-0.0750532076,0.140711173,-0.409009725,-0.166867658,-0.117297441,-0.328174025,-0.240345404,-0.149303615,0.142764658,-0.00478898466,0.00422505349,-0.111735113,-0.233773943,0.0112568939,-0.032720778,0.2,0.2,-0.115634805,-0.0980690807,-0.0119442892,0.0114211726,-0.00478898466,0.111735113,0.0112568939,0.2,0.115634805,-0.0119442892,-0.00422505349,-0.233773943,-0.032720778,-0.2,-0.0114211726,0.0980690807
445,17536833,0.0992197245,0.0897201821,0.155399859,-0.0346564464,0.208719239,-0.208046257,-0.356059223,0.024657771,-0.44752726,-0.155257314,0.0436987504,0.247357428,0.00793757796,0.00717761457,-0.130070063,-0.215595401,0.0166975391,-0.0166437006,0.2,0.211095997,-0.139505452,-0.0810514629,0.00349590003,0.0197885942,0.00793757796,0.130070063,0.0166975391,0.2,0.139505452,0.00349590003,-0.00717761457,-0.215595401,-0.0166437006,-0.211095997,-0.0197885942,0.0810514629
446,17544777,0.277494013,0.0563191697,0.0629633144,0.0312557258,0.281759918,-0.0640083924,-0.457251638,0.0965130329,-0.543017149,-0.0735780373,0.234067619,0.275037378,0.0221995211,0.00450553358,-0.171666509,-0.185934923,0.0225407934,-0.00512067139,0.2,0.243430865,-0.15860343,-0.0647156075,0.0187254095,0.0220029902,0.0221995211,0.171666509,0.0225407934,0.2,0.15860343,0.0187254095,-0.00450553358,-0.185934923,-0.00512067139,-0.243430865,-0.0220029902,0.0647156075
447,17558560,0.399527192,0.00226627151,0.011077174,0.0840737298,0.323501319,0.0291029606,-0.462818235,0.103866093,-0.5935027,-0.0459673665,0.320520818,0.252912909,0.0319621754,0.00018130172,-0.195015272,-0.162166822,0.0258801055,0.00232823685,0.2,0.246739742,-0.16870054,-0.0591934733,0.0256416655,0.0202330327,0.0319621754,0.195015272,0.0258801055,0.2,0.16870054,0.0256416655,-0.00018130172,-0.162166822,0.00232823685,-0.246739742,-0.0202330327,0.0591934733
448,17581233,0.427144825,-0.0648586825,-0.0171014667,0.104652554,0.327129573,0.0810817555,-0.414727092,0.074660562,-0.592668653,-0.0763119087,0.353515923,0.232621074,0.034171586,-0.0051886946,-0.20769566,-0.152906351,0.0261703658,0.00648654044,0.2,0.233597253,-0.168533731,-0.0652623817,0.0282812738,0.0186096859,0.034171586,0.20769566,0.0261703658,0.2,0.168533731,0.0282812738,0.0051886946,-0.152906351,0.00648654044,-0.233597253,-0.0186096859,0.0652623817
449,17600302,0.348607212,-0.106228657,-0.0440725684,0.0943520367,0.297819763,0.0678193942,-0.339681238,0.0256374385,-0.55203861,-0.150449842,0.370179564,0.230536088,0.027888577,-0.00849829257,-0.219832656,-0.157541583,0.0238255811,0.00542555153,0.2,0.211536847,-0.160407722,-0.0800899684,0.0296143651,0.0184428871,0.027888577,0.219832656,0.0238255811,0.2,0.160407722,0.0296143651,0.00849829257,-0.157541583,0.00542555153,-0.211536847,-0.0184428871,0.0800899684
450,17626744,0.191776425,-0.124878727,-0.0678220987,0.0546055883,0.235843077,-0.036980357,-0.214529604,-0.032697808,-0.49395439,-0.227874979,0.363448322,0.229700789,0.015342114,-0.00999029815,-0.230519944,-0.175427485,0.0188674462,-0.00295842856,0.2,0.2,-0.148790878,-0.0955749959,0.0290758657,0.0183760631,0.015342114,0.230519944,0.0188674462,0.2,0.148790878,0.0290758657,0.00999029815,-0.175427485,-0.00295842856,-0.2,-0.0183760631,0.0955749959
451,17639455,-0.0261053052,-0.148335546,-0.0724687278,-0.0168194044,0.171437949,-0.208608121,-0.0390768498,-0.143932477,-0.426863313,-0.286790341,0.289934486,0.195180818,-0.00208842441,-0.0118668437,-0.232610928,-0.207568732,0.0137150359,-0.0166886497,0.2,0.2,-0.135372663,-0.107358068,0.0231947589,0.0156144655,-0.00208842441,0.232610928,0.0137150359,0.2,0.135372663,0.0231947589,0.0118668437,-0.207568732,-0.0166886497,-0.2,-0.0156144655,0.107358068
452,17660571,-0.206683144,-0.165187106,-0.0270882249,-0.0783510432,0.115538992,-0.398232996,0.120125212,-0.28480497,-0.329532295,-0.309073418,0.132383078,0.116234206,-0.0165346515,-0.0132149684,-0.212189701,-0.235257969,0.00924311936,-0.0318586397,0.254056345,0.2,-0.115906459,-0.111814684,0.0105906463,0.00929873645,-0.0165346515,0.212189701,0.00924311936,0.254056345,0.115906459,0.0105906463,0.0132149684,-0.235257969,-0.0318586397,-0.2,-0.00929873645,0.111814684
453,17680102,-0.288392007,-0.13740705,0.0529156104,-0.122749157,0.0653719455,-0.54744941,0.207931951,-0.356914282,-0.221606493,-0.303579718,-0.0514751151,0.0420930982,-0.0230713606,-0.010992564,-0.176187975,-0.255237121,0.00522975564,-0.0437959528,0.293569378,0.2,-0.0943212986,-0.110715944,-0.00411800921,0.00336744785,-0.0230713606,0.176187975,0.00522975564,0.293569378,0.0943212986,-0.00411800921,0.010992564,-0.255237121,-0.0437959528,-0.2,-0.00336744785,0.110715944
454,17699808,-0.265679717,-0.0799587816,0.106641322,-0.104754478,0.0442926176,-0.624444664,0.189345554,-0.322380602,-0.131419107,-0.282261103,-0.172014505,0.0205845907,-0.0212543774,-0.00639670253,-0.152011405,-0.247139515,0.00354340941,-0.0499555731,0.285205499,0.2,-0.0762838215,-0.106452221,-0.0137611604,0.00164676726,-0.0212543774,0.152011405,0.00354340941,0.285205499,0.0762838215,-0.0137611604,0.00639670253,-0.247139515,-0.0499555731,-0.2,-0.00164676726,0.106452221
455,17727216,-0.159090385,-0.0266960058,0.148487374,-0.0695954487,0.0625949129,-0.571232438,0.0336462408,-0.204020828,-0.154042542,-0.245953918,-0.211289883,0.0493485741,-0.0127272308,-0.00213568047,-0.133180682,-0.231317952,0.00500759304,-0.045698595,0.215140808,0.2,-0.0808085084,-0.0991907835,-0.0169031906,0.00394788593,-0.0127272308,0.133180682,0.00500759304,0.215140808,0.0808085084,-0.0169031906,0.00213568047,-0.231317952,-0.045698595,-0.2,-0.00394788593,0.0991907835
456,17738288,-0.0209981762,0.027067218,0.146824732,-0.0420777053,0.0962575227,-0.431881249,-0.180260256,-0.0769853815,-0.270414114,-0.199898973,-0.144873247,0.142743811,-0.00167985409,0.00216537744,-0.13392887,-0.218934967,0.00770060182,-0.0345504999,0.2,0.2,-0.104082823,-0.0899797946,-0.0115898597,0.0114195049,-0.00167985409,0.13392887,0.00770060182,0.2,0.104082823,-0.0115898597,-0.00216537744,-0.218934967,-0.0345504999,-0.2,-0.0114195049,0.0899797946
457,17770149,0.135436788,0.0407401882,0.107773148,-0.00870836526,0.150347948,-0.252891392,-0.339402646,0.0257598888,-0.385519952,-0.146000043,0.0262304656,0.228656456,0.0108349431,0.00325921506,-0.151502084,-0.203918764,0.0120278358,-0.0202313113,0.2,0.21159195,-0.12710399,-0.0792000085,0.00209843725,0.0182925165,0.0108349431,0.151502084,0.0120278358,0.2,0.12710399,0.00209843725,-0.00325921506,-0.203918764,-0.0202313113,-0.21159195,-0.0182925165,0.0792000085
458,17778578,0.291174918,0.00611609546,0.0355171114,0.0446839072,0.213678673,-0.114422895,-0.410600334,0.0779018328,-0.476264834,-0.0912296027,0.193199515,0.252542406,0.0232939935,0.000489287637,-0.1840173,-0.179892242,0.0170942938,-0.0091538316,0.2,0.235055825,-0.145252967,-0.0682459205,0.0154559612,0.0202033925,0.0232939935,0.1840173,0.0170942938,0.2,0.145252967,0.0154559612,-0.000489287637,-0.179892242,-0.0091538316,-0.235055825,-0.0202033925,0.0682459205
459,17798302,0.377008229,-0.0464048423,-0.00493134325,0.0851957723,0.254866213,-0.0252324548,-0.395852983,0.0752907991,-0.51485908,-0.0768467411,0.278370976,0.243178651,0.0301606584,-0.00371238738,-0.202219104,-0.161661902,0.020389297,-0.00201859638,0.2,0.23388086,-0.152971816,-0.0653693482,0.0222696781,0.0194542921,0.0301606584,0.202219104,0.020389297,0.2,0.152971816,0.0222696781,0.00371238738,-0.161661902,-0.00201859638,-0.23388086,-0.0194542921,0.0653693482
460,17824031,0.378911853,-0.0953053162,-0.0261434689,0.0999061912,0.261466414,0.0130124763,-0.350089729,0.0430479459,-0.504353881,-0.0997720137,0.312454969,0.233622521,0.0303129482,-0.00762442529,-0.211764561,-0.155042214,0.0209173131,0.0010409981,0.2,0.219371576,-0.150870776,-0.0699544027,0.0249963975,0.0186898017,0.0303129482,0.211764561,0.0209173131,0.2,0.150870776,0.0249963975,0.00762442529,-0.155042214,0.0010409981,-0.219371576,-0.0186898017,0.0699544027
461,17838206,0.301342309,-0.114191763,-0.0461632386,0.0930797532,0.231741101,-0.0187846962,-0.283407062,0.00401320914,-0.459976882,-0.147140831,0.333072931,0.238262504,0.0241073847,-0.00913534105,-0.220773457,-0.158114111,0.018539288,-0.0015027757,0.2,0.201805944,-0.141995376,-0.0794281662,0.0266458344,0.0190610003,0.0241073847,0.220773457,0.018539288,0.2,0.141995376,0.0266458344,0.00913534105,-0.158114111,-0.0015027757,-0.201805944,-0.0190610003,0.0794281662
462,17861437,0.180485651,-0.115058199,-0.0537807867,0.0547706746,0.177662104,-0.112891108,-0.182347789,-0.0330163017,-0.397182256,-0.193118796,0.334512621,0.243822396,0.0144388521,-0.00920465589,-0.224201354,-0.175353196,0.0142129683,-0.00903128862,0.2,0.2,-0.129436451,-0.0886237592,0.0267610097,0.0195057917,0.0144388521,0.224201354,0.0142129683,0.2,0.129436451,0.0267610097,0.00920465589,-0.175353196,-0.00903128862,-0.2,-0.0195057917,0.0886237592
463,17878636,0.0183743313,-0.122941718,-0.0439024456,-0.00633411342,0.128514126,-0.246736839,-0.0600092858,-0.1212162,-0.346376687,-0.231288329,0.268599093,0.215676144,0.0014699465,-0.0098353374,-0.219756101,-0.202850351,0.0102811301,-0.0197389472,0.2,0.2,-0.119275337,-0.0962576658,0.0214879274,0.0172540915,0.0014699465,0.219756101,0.0102811301,0.2,0.119275337,0.0214879274,0.0098353374,-0.202850351,-0.0197389472,-0.2,-0.0172540915,0.0962576658
464,17902201,-0.121914446,-0.13343519,-0.0115095107,-0.054219462,0.0888098478,-0.381516993,0.0468792468,-0.226941615,-0.295696735,-0.252457619,0.134842381,0.141371116,-0.00975315571,-0.0106748152,-0.20517928,-0.224398758,0.00710478783,-0.0305213594,0.221095661,0.2,-0.109139347,-0.100491524,0.0107873905,0.0113096893,-0.00975315571,0.20517928,0.00710478783,0.221095661,0.109139347,0.0107873905,0.0106748152,-0.224398758,-0.0305213594,-0.2,-0.0113096893,0.100491524
465,17925242,-0.188511238,-0.11561244,0.0449714921,-0.0855756551,0.0564184338,-0.483311236,0.106181733,-0.27249831,-0.224228173,-0.251069546,-0.0072579612,0.073138319,-0.015080899,-0.00924899518,-0.179762829,-0.238509045,0.0045134747,-0.0386648989,0.24778178,0.2,-0.0948456347,-0.100213909,-0.000580636896,0.00585106552,-0.015080899,0.179762829,0.0045134747,0.24778178,0.0948456347,-0.000580636896,0.00924899518,-0.238509045,-0.0386648989,-0.2,-0.00585106552,0.100213909
466,17938623,-0.17976445,-0.0630985573,0.0913186818,-0.0836729556,0.0462074243,-0.527069271,0.0842610598,-0.239486709,-0.159620643,-0.232687935,-0.0941023603,0.0594574474,-0.014381156,-0.00504788458,-0.158906593,-0.23765283,0.00369659394,-0.0421655416,0.237917477,0.2,-0.0819241285,-0.096537587,-0.00752818882,0.00475659579,-0.014381156,0.158906593,0.00369659394,0.237917477,0.0819241285,-0.00752818882,0.00504788458,-0.23765283,-0.0421655416,-0.2,-0.00475659579,0.096537587
467,17961719,-0.104808897,-0.00950204581,0.117683001,-0.0626018494,0.0632829517,-0.479726166,-0.031564001,-0.149946287,-0.176971734,-0.202853784,-0.113205306,0.0895562172,-0.00838471174,-0.000760163665,-0.14704265,-0.228170832,0.00506263614,-0.0383780932,0.2,0.2,-0.0853943467,-0.0905707568,-0.0090564245,0.00716449738,-0.00838471174,0.14704265,0.00506263614,0.2,0.0853943467,-0.0090564245,0.000760163665,-0.228170832,-0.0383780932,-0.2,-0.00716449738,0.0905707568
468,17979486,0.0190805607,0.0205108244,0.113157049,-0.0324489474,0.0947314426,-0.35814023,-0.188460186,-0.0455119908,-0.260347545,-0.161918387,-0.0517768711,0.150171801,0.00152644485,0.00164086595,-0.149079328,-0.214602026,0.00757851541,-0.0286512184,0.2,0.2,-0.102069509,-0.0823836774,-0.00414214969,0.0120137441,0.00152644485,0.149079328,0.00757851541,0.2,0.102069509,-0.00414214969,-0.00164086595,-0.214602026,-0.0286512184,-0.2,-0.0120137441,0.0823836774
469,18001836,0.162725896,0.0112213492,0.0652994365,0.0186465755,0.133094862,-0.222084299,-0.310900122,0.0252935477,-0.344419301,-0.125087053,0.0703034773,0.207516223,0.0130180717,0.000897707939,-0.170615254,-0.191609041,0.010647589,-0.0177667439,0.2,0.211382096,-0.11888386,-0.0750174105,0.00562427819,0.0166012979,0.0130180717,0.170615254,0.010647589,0.2,0.11888386,0.00562427819,-0.000897707939,-0.191609041,-0.0177667439,-0.211382096,-0.0166012979,0.0750174105
470,18018979,0.275182396,-0.0278937034,0.00991108268,0.0568823181,0.169453651,-0.125416845,-0.349697679,0.0456611216,-0.410090327,-0.105198763,0.190978497,0.236909583,0.0220145917,-0.00223149627,-0.195540013,-0.174402957,0.0135562921,-0.0100333476,0.2,0.220547505,-0.132018065,-0.0710397527,0.0152782798,0.0189527667,0.0220145917,0.195540013,0.0135562921,0.2,0.132018065,0.0152782798,0.00223149627,-0.174402957,-0.0100333476,-0.220547505,-0.0189527667,0.0710397527
471,18040489,0.327953547,-0.0702735484,-0.0206552632,0.0766969919,0.194835111,-0.0718606487,-0.338356197,0.0358670987,-0.454776555,-0.113564715,0.251312762,0.242726848,0.0262362838,-0.00562188387,-0.209294868,-0.165486354,0.0155868089,-0.0057488519,0.2,0.216140194,-0.140955311,-0.072712943,0.020105021,0.0194181478,0.0262362838,0.209294868,0.0155868089,0.2,0.140955311,0.020105021,0.00562188387,-0.165486354,-0.0057488519,-0.216140194,-0.0194181478,0.072712943
472,18063841,0.309040308,-0.0998914614,-0.0317628384,0.0775089413,0.206157431,-0.0606366768,-0.304853827,0.00678447215,-0.470012397,-0.139492914,0.267753452,0.238648042,0.0247232246,-0.00799131691,-0.214293277,-0.165120976,0.0164925945,-0.00485093415,0.2,0.203053012,-0.144002479,-0.0778985828,0.0214202762,0.0190918434,0.0247232246,0.214293277,0.0164925945,0.2,0.144002479,0.0214202762,0.00799131691,-0.165120976,-0.00485093415,-0.203053012,-0.0190918434,0.0778985828
473,18078660,0.227228001,-0.112332456,-0.0443465523,0.065123193,0.190058097,-0.105168238,-0.240839645,-0.0290722307,-0.442257643,-0.173780739,0.271771908,0.234348089,0.0181782401,-0.00898659647,-0.219955949,-0.170694563,0.0152046478,-0.00841345906,0.2,0.2,-0.138451529,-0.0847561479,0.0217417526,0.0187478471,0.0181782401,0.219955949,0.0152046478,0.2,0.138451529,0.0217417526,0.00898659647,-0.170694563,-0.00841345906,-0.2,-0.0187478471,0.0847561479
474,18098727,0.122311205,-0.1121177,-0.0346692912,0.0311695915,0.153167069,-0.184957996,-0.151894763,-0.0652943701,-0.380107701,-0.192420095,0.255659401,0.221364573,0.00978489637,-0.00896941602,-0.215601181,-0.185973684,0.0122533655,-0.0147966397,0.2,0.2,-0.12602154,-0.088484019,0.0204527521,0.0177091658,0.00978489637,0.215601181,0.0122533655,0.2,0.12602154,0.0204527521,0.00896941602,-0.185973684,-0.0147966397,-0.2,-0.0177091658,0.088484019
475,18120244,0.0161239095,-0.109384768,-0.0157660618,-0.00932661351,0.113001317,-0.278468847,-0.06841515,-0.12126337,-0.320710659,-0.202900514,0.196124092,0.193891034,0.00128991276,-0.00875078142,-0.207094728,-0.204196976,0.00904010534,-0.0222775078,0.2,0.2,-0.114142132,-0.0905801028,0.0156899273,0.0155112827,0.00128991276,0.207094728,0.00904010534,0.2,0.114142132,0.0156899273,0.00875078142,-0.204196976,-0.0222775078,-0.2,-0.0155112827,0.0905801028
476,18140004,-0.0701345205,-0.10778942,0.0120867193,-0.0456787646,0.0824104771,-0.35996744,-0.00366136082,-0.184452444,-0.279017955,-0.214057982,0.102358356,0.149988368,-0.00561076164,-0.00862315357,-0.194560976,-0.220555444,0.00659283817,-0.0287973952,0.2,0.2,-0.105803591,-0.0928115964,0.00818866849,0.0119990695,-0.00561076164,0.194560976,0.00659283817,0.2,0.105803591,0.00818866849,0.00862315357,-0.220555444,-0.0287973952,-0.2,-0.0119990695,0.0928115964
477,18161716,-0.117536977,-0.0938653275,0.048057247,-0.0714975521,0.0652884692,-0.413551718,0.0317711346,-0.21965979,-0.242412418,-0.220226154,0.0164665338,0.119081676,-0.00940295815,-0.0075092262,-0.178374239,-0.232173898,0.00522307754,-0.0330841374,0.214297011,0.2,-0.0984824836,-0.0940452307,0.0013173227,0.00952653408,-0.00940295815,0.178374239,0.00522307754,0.214297011,0.0984824836,0.0013173227,0.0075092262,-0.232173898,-0.0330841374,-0.2,-0.00952653408,0.0940452307
478,18178831,-0.124936409,-0.0533620343,0.0849492475,-0.0794298127,0.067080602,-0.431596339,0.0218434185,-0.205036178,-0.202501997,-0.213592157,-0.027160354,0.130018771,-0.00999491274,-0.00426896274,-0.161772839,-0.235743416,0.00536644816,-0.0345277071,0.209829538,0.2,-0.0905003995,-0.0927184314,-0.00217282832,0.0104015017,-0.00999491274,0.161772839,0.00536644816,0.209829538,0.0905003995,-0.00217282832,0.00426896274,-0.235743416,-0.0345277071,-0.2,-0.0104015017,0.0927184314
479,18199788,-0.0894524083,-0.0104475114,0.113328293,-0.0748432428,0.0905458704,-0.388436347,-0.0475682765,-0.148417994,-0.213014856,-0.194054022,-0.0269759912,0.163707614,-0.00715619266,-0.000835800916,-0.149002268,-0.233679459,0.00724366963,-0.0310749078,0.2,0.2,-0.0926029712,-0.0888108045,-0.0021580793,0.0130966091,-0.00715619266,0.149002268,0.00724366963,0.2,0.0926029712,-0.0021580793,0.000835800916,-0.233679459,-0.0310749078,-0.2,-0.0130966091,0.0888108045
480,18220943,-0.00480633555,0.0156816132,0.111762539,-0.046237167,0.123042904,-0.298827678,-0.159776852,-0.0643025637,-0.264062524,-0.159686461,0.0178897977,0.204257965,-0.000384506844,0.00125452906,-0.149706858,-0.220806725,0.00984343231,-0.0239062142,0.2,0.2,-0.102812505,-0.0819372922,0.00143118382,0.0163406372,-0.000384506844,0.149706858,0.00984343231,0.2,0.102812505,0.00143118382,-0.00125452906,-0.220806725,-0.0239062142,-0.2,-0.0163406372,0.0819372922
481,18238759,0.112474449,0.0157216229,0.0803804696,0.000886497553,0.159481511,-0.193861946,-0.271449775,0.00492819725,-0.326998621,-0.125136778,0.0995938927,0.238215595,0.00899795592,0.00125772983,-0.163828789,-0.199601076,0.0127585208,-0.0155089557,0.2,0.202217689,-0.115399724,-0.0750273556,0.00796751142,0.0190572476,0.00899795592,0.163828789,0.0127585208,0.2,0.115399724,0.00796751142,-0.00125772983,-0.199601076,-0.0155089557,-0.202217689,-0.0190572476,0.0750273556
482,18260322,0.214524195,-0.0103972433,0.0359502919,0.03939211,0.188822195,-0.115016632,-0.321024597,0.031535361,-0.377770483,-0.103959821,0.192796648,0.257977813,0.0171619356,-0.000831779465,-0.183822369,-0.182273551,0.0151057756,-0.00920133054,0.2,0.214190912,-0.125554097,-0.0707919642,0.0154237318,0.0206382251,0.0171619356,0.183822369,0.0151057756,0.2,0.125554097,0.0154237318,0.000831779465,-0.182273551,-0.00920133054,-0.214190912,-0.0206382251,0.0707919642
483,18278437,0.275316268,-0.046680335,0.00629826309,0.0603847504,0.205715224,-0.0671768337,-0.317964971,0.0311690513,-0.405792981,-0.100125469,0.251455694,0.2590518,0.0220253015,-0.0037344268,-0.197165782,-0.172826862,0.0164572179,-0.0053741467,0.2,0.214026073,-0.131158596,-0.0700250939,0.0201164556,0.020724144,0.0220253015,0.197165782,0.0164572179,0.2,0.131158596,0.0201164556,0.0037344268,-0.172826862,-0.0053741467,-0.214026073,-0.020724144,0.0700250939
484,18302864,0.278502494,-0.0771629363,-0.00890601333,0.0635597184,0.209015116,-0.0527636558,-0.291688383,0.0114888391,-0.416295499,-0.113911606,0.275341094,0.253695935,0.0222801995,-0.00617303491,-0.204007706,-0.171398127,0.0167212093,-0.00422109246,0.2,0.205169978,-0.1332591,-0.0727823213,0.0220272875,0.0202956748,0.0222801995,0.204007706,0.0167212093,0.2,0.1332591,0.0220272875,0.00617303491,-0.171398127,-0.00422109246,-0.205169978,-0.0202956748,0.0727823213
485,18318658,0.22097531,-0.093683742,-0.0256421734,0.0540541671,0.193107501,-0.0858957916,-0.240565181,-0.0210517775,-0.39946574,-0.145504177,0.285686225,0.255508184,0.0176780248,-0.00749469936,-0.211538978,-0.175675625,0.0154486001,-0.00687166333,0.2,0.2,-0.129893148,-0.0791008353,0.022854898,0.0204406548,0.0176780248,0.211538978,0.0154486001,0.2,0.129893148,0.022854898,0.00749469936,-0.175675625,-0.00687166333,-0.2,-0.0204406548,0.0791008353
486,18351570,0.135896251,-0.0997866243,-0.023835212,0.0291953757,0.15942736,-0.153784916,-0.167173415,-0.0526230708,-0.356267065,-0.16836524,0.274392754,0.245931089,0.0108717,-0.00798292994,-0.210725845,-0.186862081,0.0127541888,-0.0123027933,0.2,0.2,-0.121253413,-0.083673048,0.0219514203,0.0196744871,0.0108717,0.210725845,0.0127541888,0.2,0.121253413,0.0219514203,0.00798292994,-0.186862081,-0.0123027933,-0.2,-0.0196744871,0.083673048
487,18359489,0.0503153987,-0.0986038148,-0.0155752907,0.00076232414,0.117855124,-0.241930827,-0.0945213065,-0.0921032354,-0.30469957,-0.17796503,0.228884682,0.226026073,0.0040252319,-0.00788830519,-0.207008881,-0.199656954,0.00942840993,-0.0193544662,0.2,0.2,-0.110939914,-0.085593006,0.0183107746,0.0180820858,0.0040252319,0.207008881,0.00942840993,0.2,0.110939914,0.0183107746,0.00788830519,-0.199656954,-0.0193544662,-0.2,-0.0180820858,0.085593006
488,18377704,-0.0185186043,-0.0932952464,0.00320922048,-0.0252684429,0.0830365047,-0.323630363,-0.0455128327,-0.134565994,-0.269652396,-0.183899894,0.147686794,0.189560682,-0.00148148835,-0.00746361971,-0.198555851,-0.211370799,0.00664292037,-0.025890429,0.2,0.2,-0.103930479,-0.0867799789,0.0118149436,0.0151648545,-0.00148148835,0.198555851,0.00664292037,0.2,0.103930479,0.0118149436,0.00746361971,-0.211370799,-0.025890429,-0.2,-0.0151648545,0.0867799789
489,18404285,-0.0564356223,-0.0864384994,0.0212499499,-0.0418395884,0.0613534749,-0.381560117,-0.0223236233,-0.165358514,-0.253994733,-0.189445004,0.064419724,0.152863637,-0.00451484978,-0.00691507995,-0.190437523,-0.218827815,0.00490827799,-0.0305248094,0.2,0.2,-0.100798947,-0.0878890008,0.00515357792,0.0122290909,-0.00451484978,0.190437523,0.00490827799,0.2,0.100798947,0.00515357792,0.00691507995,-0.218827815,-0.0305248094,-0.2,-0.0122290909,0.0878890008
490,18417383,-0.0688007921,-0.0672382042,0.0406119041,-0.0496715792,0.0546023399,-0.411693305,-0.0184818394,-0.171122298,-0.230743229,-0.192805514,0.0193137378,0.145431787,-0.00550406337,-0.00537905633,-0.181724643,-0.222352211,0.00436818719,-0.0329354644,0.2,0.2,-0.0961486459,-0.0885611027,0.00154509902,0.0116345429,-0.00550406337,0.181724643,0.00436818719,0.2,0.0961486459,0.00154509902,0.00537905633,-0.222352211,-0.0329354644,-0.2,-0.0116345429,0.0885611027
491,18440267,-0.0608990975,-0.0390221626,0.0615459979,-0.0527719259,0.0620342791,-0.404491514,-0.0422449,-0.154058039,-0.217413068,-0.191561356,0.0107889147,0.165683106,-0.0048719278,-0.003121773,-0.172304301,-0.223747367,0.00496274233,-0.0323593211,0.2,0.2,-0.0934826136,-0.0883122712,0.00086311318,0.0132546484,-0.0048719278,0.172304301,0.00496274233,0.2,0.0934826136,0.00086311318,0.003121773,-0.223747367,-0.0323593211,-0.2,-0.0132546484,0.0883122712
492,18459512,-0.0163394343,-0.0200890116,0.0815395713,-0.0471004583,0.0806281194,-0.35054338,-0.10184823,-0.105301179,-0.230103374,-0.172825396,0.0239610877,0.187125787,-0.00130715474,-0.00160712093,-0.163307193,-0.221195206,0.00645024955,-0.0280434704,0.2,0.2,-0.0960206747,-0.0845650792,0.00191688702,0.014970063,-0.00130715474,0.163307193,0.00645024955,0.2,0.0960206747,0.00191688702,0.00160712093,-0.221195206,-0.0280434704,-0.2,-0.014970063,0.0845650792
493,18482877,0.060887292,-0.0175843984,0.073418662,-0.0205589384,0.104192778,-0.270504057,-0.182319403,-0.0505089536,-0.267924309,-0.147941798,0.0626630411,0.211584732,0.00487098336,-0.00140675187,-0.166961602,-0.209251522,0.00833542228,-0.0216403246,0.2,0.2,-0.103584862,-0.0795883596,0.00501304328,0.0169267786,0.00487098336,0.166961602,0.00833542228,0.2,0.103584862,0.00501304328,0.00140675187,-0.209251522,-0.0216403246,-0.2,-0.0169267786,0.0795883596
494,18500731,0.146579087,-0.0273070671,0.0498701259,0.013015138,0.130072162,-0.192308381,-0.252061754,-0.00946309324,-0.315586776,-0.128478363,0.120615155,0.231425092,0.0117263269,-0.00218456537,-0.177558443,-0.194143188,0.0104057729,-0.0153846705,0.2,0.2,-0.113117355,-0.0756956726,0.00964921236,0.0185140073,0.0117263269,0.177558443,0.0104057729,0.2,0.113117355,0.00964921236,0.00218456537,-0.194143188,-0.0153846705,-0.2,-0.0185140073,0.0756956726
495,18520446,0.211667538,-0.0455824509,0.019034246,0.0399537794,0.152520731,-0.137339026,-0.277910739,0.00690244511,-0.351043254,-0.118723892,0.185645401,0.244694531,0.016933403,-0.00364659607,-0.191434589,-0.182020799,0.0122016585,-0.0109871221,0.2,0.2031061,-0.120208651,-0.0737447783,0.0148516321,0.0195755625,0.016933403,0.191434589,0.0122016585,0.2,0.120208651,0.0148516321,0.00364659607,-0.182020799,-0.0109871221,-0.2031061,-0.0195755625,0.0737447783
496,18541341,0.246686503,-0.065653272,-0.00347450795,0.0549080484,0.163197696,-0.112353712,-0.273477167,0.00917377695,-0.370464116,-0.116550647,0.22574982,0.248688489,0.0197349203,-0.00525226176,-0.201563529,-0.175291378,0.0130558157,-0.00898829699,0.2,0.2041282,-0.124092823,-0.0733101293,0.0180599856,0.0198950791,0.0197349203,0.201563529,0.0130558157,0.2,0.124092823,0.0180599856,0.00525226176,-0.175291378,-0.00898829699,-0.2041282,-0.0198950791,0.0733101293
497,18560971,0.241812408,-0.0829944462,-0.0158941131,0.0559048243,0.162575051,-0.115190238,-0.254207909,-0.00395594956,-0.379606992,-0.126459315,0.241146564,0.247194931,0.0193449926,-0.00663955569,-0.207152351,-0.174842829,0.0130060041,-0.00921521902,0.2,0.2,-0.125921398,-0.0752918631,0.0192917252,0.0197755945,0.0193449926,0.207152351,0.0130060041,0.2,0.125921398,0.0192917252,0.00663955569,-0.174842829,-0.00921521902,-0.2,-0.0197755945,0.0752918631
498,18584113,0.196566224,-0.0935172886,-0.0278501827,0.0464171767,0.149731457,-0.151831746,-0.215387598,-0.0297485925,-0.374795169,-0.150671273,0.244570062,0.245780215,0.0157252979,-0.00748138309,-0.212532582,-0.17911227,0.0119785166,-0.0121465397,0.2,0.2,-0.124959034,-0.0801342547,0.0195656049,0.0196624172,0.0157252979,0.212532582,0.0119785166,0.2,0.124959034,0.0195656049,0.00748138309,-0.17911227,-0.0121465397,-0.2,-0.0196624172,0.0801342547
499,18601091,0.128003702,-0.0982917845,-0.0262034126,0.0243717898,0.126495495,-0.209749743,-0.158729568,-0.0619958453,-0.352284044,-0.172067627,0.228862047,0.233957693,0.0102402961,-0.00786334276,-0.211791536,-0.189032695,0.0101196396,-0.0167799795,0.2,0.2,-0.120456809,-0.0844135255,0.0183089638,0.0187166154,0.0102402961,0.211791536,0.0101196396,0.2,0.120456809,0.0183089638,0.00786334276,-0.189032695,-0.0167799795,-0.2,-0.0187166154,0.0844135255
500,18620516,0.0568067469,-0.0980246589,-0.0135005396,-0.00102040998,0.100970045,-0.274793327,-0.101240307,-0.0992018804,-0.317106962,-0.181939945,0.185501695,0.211112648,0.00454453975,-0.00784197271,-0.206075243,-0.200459184,0.00807760358,-0.0219834661,0.2,0.2,-0.113421392,-0.0863879889,0.0148401356,0.0168890119,0.00454453975,0.206075243,0.00807760358,0.2,0.113421392,0.0148401356,0.00784197271,-0.200459184,-0.0219834661,-0.2,-0.0168890119,0.0863879889
501,18640469,0.00044854352,-0.0911955088,0.00847675744,-0.0247301087,0.0809215382,-0.327568054,-0.0613325909,-0.132535577,-0.282307982,-0.186225459,0.125998467,0.182925299,3.58834816e-05,-0.00729564071,-0.196185459,-0.211128549,0.00647372305,-0.0262054443,0.2,0.2,-0.106461596,-0.0872450918,0.0100798774,0.0146340239,3.58834816e-05,0.196185459,0.00647372305,0.2,0.106461596,0.0100798774,0.00729564071,-0.211128549,-0.0262054443,-0.2,-0.0146340239,0.0872450918
502,18659673,-0.0329730771,-0.0760529116,0.0356799662,-0.0420887172,0.0713780522,-0.356173784,-0.0441056751,-0.149764121,-0.251235545,-0.18593061,0.0742424726,0.164529443,-0.00263784617,-0.00608423293,-0.183944015,-0.218939923,0.00571024418,-0.0284939027,0.2,0.2,-0.100247109,-0.0871861219,0.00593939781,0.0131623554,-0.00263784617,0.183944015,0.00571024418,0.2,0.100247109,0.00593939781,0.00608423293,-0.218939923,-0.0284939027,-0.2,-0.0131623554,0.0871861219
503,18683425,-0.0393272862,-0.051766701,0.0621188916,-0.0501113832,0.074526377,-0.355937064,-0.05448322,-0.141027927,-0.227333486,-0.179452479,0.0474155582,0.166243866,-0.00314618289,-0.00414133608,-0.172046499,-0.222550122,0.00596211016,-0.0284749651,0.2,0.2,-0.0954666972,-0.0858904958,0.00379324466,0.0132995093,-0.00314618289,0.172046499,0.00596211016,0.2,0.0954666972,0.00379324466,0.00414133608,-0.222550122,-0.0284749651,-0.2,-0.0132995093,0.0858904958
504,18701025,-0.0142778959,-0.0279175285,0.0829104334,-0.0503681414,0.0897916704,-0.319034785,-0.0975418389,-0.109015368,-0.229861185,-0.166041091,0.0486675687,0.181320414,-0.00114223167,-0.00223340228,-0.162690305,-0.222665664,0.00718333364,-0.0255227828,0.2,0.2,-0.095972237,-0.0832082182,0.0038934055,0.0145056331,-0.00114223167,0.162690305,0.00718333364,0.2,0.095972237,0.0038934055,0.00223340228,-0.222665664,-0.0255227828,-0.2,-0.0145056331,0.0832082182
505,18722329,0.0387171619,-0.0148160607,0.0819143951,-0.0339538753,0.113112457,-0.257551014,-0.162155434,-0.067392692,-0.257934183,-0.149305135,0.0790247545,0.203585267,0.00309737295,-0.00118528485,-0.163138522,-0.215279244,0.00904899657,-0.0206040812,0.2,0.2,-0.101586837,-0.079861027,0.00632198036,0.0162868214,0.00309737295,0.163138522,0.00904899657,0.2,0.101586837,0.00632198036,0.00118528485,-0.215279244,-0.0206040812,-0.2,-0.0162868214,0.079861027
506,18753446,0.108607121,-0.0152187068,0.0621401072,-0.00217534089,0.139089093,-0.190609545,-0.227336243,-0.0260492247,-0.29467991,-0.132802725,0.129783064,0.225005358,0.00868856966,-0.00121749654,-0.172036952,-0.200978903,0.0111271274,-0.0152487636,0.2,0.2,-0.108935982,-0.076560545,0.0103826451,0.0180004287,0.00868856966,0.172036952,0.0111271274,0.2,0.108935982,0.0103826451,0.00121749654,-0.200978903,-0.0152487636,-0.2,-0.0180004287,0.076560545
507,18763055,0.174817473,-0.028423069,0.0355456509,0.0269321613,0.1598088,-0.137596652,-0.266142637,-0.000365010841,-0.327640504,-0.119552836,0.186184838,0.239812702,0.0139853978,-0.00227384552,-0.184004457,-0.187880527,0.012784704,-0.0110077322,0.2,0.2,-0.115528101,-0.0739105672,0.0148947871,0.0191850162,0.0139853978,0.184004457,0.012784704,0.2,0.115528101,0.0148947871,0.00227384552,-0.187880527,-0.0110077322,-0.2,-0.0191850162,0.0739105672
508,18779504,0.219683632,-0.0480979979,0.0122527564,0.0448535383,0.171022117,-0.107135884,-0.274477035,0.00748127466,-0.352603048,-0.11449343,0.226496324,0.245358035,0.0175746906,-0.00384783983,-0.19448626,-0.179815908,0.0136817694,-0.00857087076,0.2,0.203366574,-0.12052061,-0.0728986859,0.0181197059,0.0196286428,0.0175746906,0.19448626,0.0136817694,0.2,0.12052061,0.0181197059,0.00384783983,-0.179815908,-0.00857087076,-0.203366574,-0.0196286428,0.0728986859
509,18810508,0.230789661,-0.0673572645,-0.00566210086,0.0502960086,0.171416119,-0.102863073,-0.262920618,-0.00135555957,-0.370179772,-0.123503305,0.246178105,0.244105518,0.0184631729,-0.00538858116,-0.202547945,-0.177366796,0.0137132895,-0.00822904587,0.2,0.2,-0.124035954,-0.074700661,0.0196942484,0.0195284414,0.0184631729,0.202547945,0.0137132895,0.2,0.124035954,0.0196942484,0.00538858116,-0.177366796,-0.00822904587,-0.2,-0.0195284414,0.074700661
510,18818192,0.206735075,-0.0807031393,-0.0172736589,0.0459144711,0.16225566,-0.126322314,-0.233573228,-0.0187871698,-0.371454,-0.138233468,0.248739406,0.241299883,0.016538806,-0.00645625114,-0.207773146,-0.179338488,0.0129804528,-0.0101057851,0.2,0.2,-0.1242908,-0.0776466936,0.0198991525,0.0193039906,0.016538806,0.207773146,0.0129804528,0.2,0.1242908,0.0198991525,0.00645625114,-0.179338488,-0.0101057851,-0.2,-0.0193039906,0.0776466936
511,18836965,0.15446578,-0.0887582228,-0.0240495708,0.032021597,0.142456204,-0.17508398,-0.186517805,-0.0439015292,-0.356604338,-0.158282578,0.240992144,0.236195877,0.0123572624,-0.00710065782,-0.210822307,-0.185590281,0.0113964963,-0.0140067184,0.2,0.2,-0.121320868,-0.0816565156,0.0192793715,0.0188956702,0.0123572624,0.210822307,0.0113964963,0.2,0.121320868,0.0192793715,0.00710065782,-0.185590281,-0.0140067184,-0.2,-0.0188956702,0.0816565156
512,18861444,0.0861060992,-0.0930830985,-0.0199337006,0.00793798082,0.116096258,-0.239034742,-0.127527848,-0.0801923126,-0.329838246,-0.174999118,0.213535503,0.223018363,0.00688848794,-0.00744664788,-0.208970165,-0.196427909,0.00928770065,-0.0191227794,0.2,0.2,-0.115967649,-0.0849998236,0.0170828402,0.017841469,0.00688848794,0.208970165,0.00928770065,0.2,0.115967649,0.0170828402,0.00744664788,-0.196427909,-0.0191227794,-0.2,-0.017841469,0.0849998236
513,18881248,0.0249072239,-0.0908003673,-0.00351553503,-0.0135860713,0.0911783278,-0.299408883,-0.0810088441,-0.114590004,-0.296140045,-0.18070361,0.160029382,0.197844967,0.00199257791,-0.00726402938,-0.201581991,-0.206113732,0.00729426622,-0.0239527106,0.2,0.2,-0.109228009,-0.086140722,0.0128023505,0.0158275974,0.00199257791,0.201581991,0.00729426622,0.2,0.109228009,0.0128023505,0.00726402938,-0.206113732,-0.0239527106,-0.2,-0.0158275974,0.086140722
514,18900714,-0.0133427931,-0.0820936859,0.0199630503,-0.0312549174,0.0748401582,-0.340284288,-0.0569031499,-0.136241794,-0.265654176,-0.180118576,0.100558966,0.17350778,-0.00106742345,-0.00656749487,-0.191016627,-0.214064713,0.00598721266,-0.027222743,0.2,0.2,-0.103130835,-0.0860237151,0.00804471731,0.0138806224,-0.00106742345,0.191016627,0.00598721266,0.2,0.103130835,0.00804471731,0.00656749487,-0.214064713,-0.027222743,-0.2,-0.0138806224,0.0860237151
515,18919020,-0.0322365239,-0.0655156747,0.040191479,-0.0420286059,0.0694643185,-0.358735025,-0.0533606857,-0.144483343,-0.244147807,-0.181488752,0.0620689206,0.166699186,-0.00257892191,-0.00524125397,-0.181913834,-0.218912873,0.00555714548,-0.028698802,0.2,0.2,-0.0988295615,-0.0862977505,0.00496551365,0.0133359349,-0.00257892191,0.181913834,0.00555714548,0.2,0.0988295615,0.00496551365,0.00524125397,-0.218912873,-0.028698802,-0.2,-0.0133359349,0.0862977505
516,18940196,-0.031120088,-0.0460835956,0.0559624471,-0.0477581359,0.0742178708,-0.351689398,-0.0701242909,-0.137740582,-0.239520833,-0.183215469,0.0489726327,0.175677121,-0.00248960704,-0.00368668765,-0.174816899,-0.221491161,0.00593742967,-0.0281351519,0.2,0.2,-0.0979041666,-0.0866430938,0.00391781062,0.0140541697,-0.00248960704,0.174816899,0.00593742967,0.2,0.0979041666,0.00391781062,0.00368668765,-0.221491161,-0.0281351519,-0.2,-0.0140541697,0.0866430938
517,18961316,-0.0049913507,-0.033610601,0.071397081,-0.049183622,0.0886043534,-0.313271731,-0.108162552,-0.113964483,-0.256568491,-0.176416487,0.0536188558,0.188120082,-0.000399308056,-0.00268884808,-0.167871314,-0.22213263,0.00708834827,-0.0250617385,0.2,0.2,-0.101313698,-0.0852832973,0.00428950846,0.0150496066,-0.000399308056,0.167871314,0.00708834827,0.2,0.101313698,0.00428950846,0.00268884808,-0.22213263,-0.0250617385,-0.2,-0.0150496066,0.0852832973
518,18977639,0.036907468,-0.0289123505,0.0727752745,-0.0399998836,0.111148097,-0.255597621,-0.15651013,-0.0867356285,-0.288192987,-0.165622085,0.0813152641,0.206182465,0.00295259744,-0.00231298804,-0.167251126,-0.217999948,0.00889184773,-0.0204478097,0.2,0.2,-0.107638597,-0.0831244171,0.00650522113,0.0164945972,0.00295259744,0.167251126,0.00889184773,0.2,0.107638597,0.00650522113,0.00231298804,-0.217999948,-0.0204478097,-0.2,-0.0164945972,0.0831244171
519,19009563,0.0820625499,-0.028178772,0.0615040585,-0.0215473846,0.136709094,-0.197671652,-0.201225996,-0.0603751242,-0.320149899,-0.156448245,0.125402242,0.224714532,0.00656500399,-0.00225430176,-0.172323174,-0.209696323,0.0109367275,-0.0158137321,0.2,0.2,-0.11402998,-0.081289649,0.0100321794,0.0179771626,0.00656500399,0.172323174,0.0109367275,0.2,0.11402998,0.0100321794,0.00225430176,-0.209696323,-0.0158137321,-0.2,-0.0179771626,0.081289649
520,19017294,0.121034071,-0.031706728,0.0392944217,0.0018916562,0.157511935,-0.155311316,-0.230775043,-0.0400436223,-0.345703274,-0.150930002,0.172018111,0.241026953,0.00968272567,-0.00253653824,-0.18231751,-0.199148755,0.0126009548,-0.0124249053,0.2,0.2,-0.119140655,-0.0801860005,0.0137614489,0.0192821562,0.00968272567,0.18231751,0.0126009548,0.2,0.119140655,0.0137614489,0.00253653824,-0.199148755,-0.0124249053,-0.2,-0.0192821562,0.0801860005
521,19040290,0.147377148,-0.0403626747,0.0194297675,0.0187915917,0.167989299,-0.133592859,-0.239550099,-0.0285023637,-0.361802548,-0.148662642,0.20421952,0.249658361,0.0117901719,-0.00322901398,-0.191256605,-0.191543784,0.0134391439,-0.0106874287,0.2,0.2,-0.12236051,-0.0797325283,0.0163375616,0.0199726689,0.0117901719,0.191256605,0.0134391439,0.2,0.12236051,0.0163375616,0.00322901398,-0.191543784,-0.0106874287,-0.2,-0.0199726689,0.0797325283
522,19062782,0.152766123,-0.054251682,0.00459171459,0.0247109365,0.167629227,-0.133970663,-0.230895847,-0.031785436,-0.373613507,-0.153045401,0.214941129,0.247893304,0.0122212899,-0.00434013456,-0.197933728,-0.188880079,0.0134103382,-0.010717653,0.2,0.2,-0.124722701,-0.0806090802,0.0171952903,0.0198314643,0.0122212899,0.197933728,0.0134103382,0.2,0.124722701,0.0171952903,0.00434013456,-0.188880079,-0.010717653,-0.2,-0.0198314643,0.0806090802
523,19078437,0.128463954,-0.0691764206,-0.010695315,0.0200854205,0.156233802,-0.162821129,-0.200594634,-0.0515781194,-0.379578084,-0.16818881,0.211741135,0.242044404,0.0102771163,-0.00553411365,-0.204812892,-0.190961561,0.0124987042,-0.0130256903,0.2,0.2,-0.125915617,-0.0836377621,0.0169392908,0.0193635523,0.0102771163,0.204812892,0.0124987042,0.2,0.125915617,0.0169392908,0.00553411365,-0.190961561,-0.0130256903,-0.2,-0.0193635523,0.0836377621
524,19110828,0.0812558234,-0.0823035017,-0.0115780951,0.00402807863,0.137653247,-0.208827004,-0.151980117,-0.0805374235,-0.370078295,-0.182311982,0.191514254,0.227049768,0.00650046587,-0.00658428013,-0.205210143,-0.198187365,0.0110122597,-0.0167061603,0.2,0.2,-0.124015659,-0.0864623964,0.0153211403,0.0181639814,0.00650046587,0.205210143,0.0110122597,0.2,0.124015659,0.0153211403,0.00658428013,-0.198187365,-0.0167061603,-0.2,-0.0181639814,0.0864623964
525,19121165,0.0239290837,-0.0902920216,-0.000990206725,-0.0174651891,0.117206454,-0.260547221,-0.0985115469,-0.116900623,-0.345835626,-0.191643625,0.152700111,0.206147715,0.0019143267,-0.00722336173,-0.200445593,-0.207859335,0.00937651634,-0.0208437777,0.2,0.2,-0.119167125,-0.0883287251,0.0122160089,0.0164918172,0.0019143267,0.200445593,0.00937651634,0.2,0.119167125,0.0122160089,0.00722336173,-0.207859335,-0.0208437777,-0.2,-0.0164918172,0.0883287251
526,19138573,-0.0268800035,-0.0899790078,0.0189375561,-0.0399557613,0.0997981429,-0.305959076,-0.05706634,-0.151508182,-0.315717816,-0.197915167,0.102599226,0.183943957,-0.00215040028,-0.00719832063,-0.1914781,-0.217980093,0.00798385143,-0.0244767261,0.2,0.2,-0.113143563,-0.0895830333,0.00820793808,0.0147155166,-0.00215040028,0.1914781,0.00798385143,0.2,0.113143563,0.00820793808,0.00719832063,-0.217980093,-0.0244767261,-0.2,-0.0147155166,0.0895830333
527,19160549,-0.061172083,-0.0794092789,0.0442030765,-0.0594905317,0.090832971,-0.334603995,-0.0348573476,-0.174528167,-0.289815426,-0.203214705,0.058809489,0.170248553,-0.00489376664,-0.00635274231,-0.180108616,-0.226770739,0.00726663768,-0.0267683196,0.2,0.2,-0.107963085,-0.090642941,0.00470475912,0.0136198843,-0.00489376664,0.180108616,0.00726663768,0.2,0.107963085,0.00470475912,0.00635274231,-0.226770739,-0.0267683196,-0.2,-0.0136198843,0.090642941
528,19180347,-0.0778958946,-0.059880238,0.068960689,-0.0722425282,0.0928087011,-0.343004882,-0.033533629,-0.179759189,-0.273388952,-0.205804929,0.0332149491,0.17359291,-0.00623167157,-0.00479041904,-0.16896769,-0.232509138,0.00742469609,-0.0274403906,0.2,0.2,-0.10467779,-0.0911609858,0.00265719593,0.0138874328,-0.00623167157,0.16896769,0.00742469609,0.2,0.10467779,0.00265719593,0.00479041904,-0.232509138,-0.0274403906,-0.2,-0.0138874328,0.0911609858
529,19200656,-0.0767702237,-0.0360050835,0.0913948193,-0.0811319202,0.106024563,-0.324865818,-0.0535611212,-0.168027848,-0.275708139,-0.203125909,0.0312042534,0.193724394,-0.00614161789,-0.00288040668,-0.158872331,-0.236509364,0.00848196507,-0.0259892654,0.2,0.2,-0.105141628,-0.0906251818,0.00249634027,0.0154979515,-0.00614161789,0.158872331,0.00848196507,0.2,0.105141628,0.00249634027,0.00288040668,-0.236509364,-0.0259892654,-0.2,-0.0154979515,0.0906251818
530,19222761,-0.0531582795,-0.0143413199,0.109434485,-0.0854566693,0.129414111,-0.278578192,-0.0967189223,-0.140592352,-0.301858872,-0.19037649,0.0499581695,0.217781737,-0.00425266236,-0.00114730559,-0.150754482,-0.238455501,0.0103531289,-0.0222862554,0.2,0.2,-0.110371774,-0.0880752981,0.00399665356,0.017422539,-0.00425266236,0.150754482,0.0103531289,0.2,0.110371774,0.00399665356,0.00114730559,-0.238455501,-0.0222862554,-0.2,-0.017422539,0.0880752981
531,19240292,-0.011682041,0.00351117295,0.108563632,-0.0730470419,0.160633847,-0.220287532,-0.152610838,-0.104479253,-0.338259131,-0.170972273,0.0892739892,0.243685395,-0.000934563279,0.000280893836,-0.151146366,-0.232871169,0.0128507078,-0.0176230025,0.2,0.2,-0.117651826,-0.0841944546,0.00714191914,0.0194948316,-0.000934563279,0.151146366,0.0128507078,0.2,0.117651826,0.00714191914,-0.000280893836,-0.232871169,-0.0176230025,-0.2,-0.0194948316,0.0841944546
532,19263592,0.0408861078,0.0152577385,0.090806596,-0.0471645817,0.191876054,-0.165102348,-0.209563255,-0.065304637,-0.372404307,-0.151412129,0.141220212,0.26619333,0.00327088863,0.00122061908,-0.159137032,-0.221224062,0.0153500843,-0.0132081878,0.2,0.2,-0.124480861,-0.0802824259,0.011297617,0.0212954664,0.00327088863,0.159137032,0.0153500843,0.2,0.124480861,0.011297617,-0.00122061908,-0.221224062,-0.0132081878,-0.2,-0.0212954664,0.0802824259
533,19278592,0.095292531,0.0148780635,0.0620872229,-0.0154080559,0.215156004,-0.121715657,-0.253727317,-0.0320657231,-0.398729861,-0.13646917,0.191215977,0.27994442,0.00762340248,0.00119024508,-0.17206075,-0.206933625,0.0172124803,-0.00973725259,0.2,0.2,-0.129745972,-0.0772938341,0.0152972782,0.0223955536,0.00762340248,0.17206075,0.0172124803,0.2,0.129745972,0.0152972782,-0.00119024508,-0.206933625,-0.00973725259,-0.2,-0.0223955536,0.0772938341
534,19306229,0.14382942,-0.00106609578,0.0315582938,0.0136244427,0.224708036,-0.0967705622,-0.276809037,-0.010996311,-0.416642576,-0.129609004,0.22221759,0.27913624,0.0115063536,-8.52876622e-05,-0.185798768,-0.193869001,0.0179766428,-0.00774164498,0.2,0.2,-0.133328515,-0.0759218007,0.0177774072,0.0223308992,0.0115063536,0.185798768,0.0179766428,0.2,0.133328515,0.0177774072,8.52876622e-05,-0.193869001,-0.00774164498,-0.2,-0.0223308992,0.0759218007
535,19318195,0.163927779,-0.0249814615,0.00504107634,0.026025692,0.220304266,-0.096653536,-0.271789461,-0.0104358122,-0.433422565,-0.138894171,0.235841617,0.273474544,0.0131142223,-0.00199851692,-0.197731516,-0.188288439,0.0176243412,-0.00773228288,0.2,0.2,-0.136684513,-0.0777788341,0.0188673294,0.0218779635,0.0131142223,0.197731516,0.0176243412,0.2,0.136684513,0.0188673294,0.00199851692,-0.188288439,-0.00773228288,-0.2,-0.0218779635,0.0777788341
536,19344000,0.136271954,-0.0513586067,-0.0136059634,0.0192283597,0.206301108,-0.125261009,-0.232255027,-0.0365751758,-0.444120049,-0.164559349,0.233465791,0.262788415,0.0109017563,-0.00410868853,-0.206122684,-0.191347238,0.0165040886,-0.0100208807,0.2,0.2,-0.13882401,-0.0829118699,0.0186772633,0.0210230732,0.0109017563,0.206122684,0.0165040886,0.2,0.13882401,0.0186772633,0.00410868853,-0.191347238,-0.0100208807,-0.2,-0.0210230732,0.0829118699
537,19358657,0.0660762787,-0.0771869645,-0.0265532434,0.0022961041,0.180669129,-0.187050462,-0.158591196,-0.0820140913,-0.434397161,-0.191977575,0.212232918,0.246933177,0.00528610229,-0.00617495716,-0.21194896,-0.198966753,0.0144535303,-0.0149640369,0.2,0.2,-0.136879432,-0.0883955151,0.0169786334,0.0197546542,0.00528610229,0.21194896,0.0144535303,0.2,0.136879432,0.0169786334,0.00617495716,-0.198966753,-0.0149640369,-0.2,-0.0197546542,0.0883955151
538,19382110,-0.0186723135,-0.096420221,-0.020850027,-0.020122081,0.145179152,-0.267562866,-0.0745302066,-0.134319991,-0.397942126,-0.207778454,0.160767093,0.223367095,-0.00149378508,-0.00771361768,-0.209382512,-0.209054936,0.0116143322,-0.0214050293,0.2,0.2,-0.129588425,-0.0915556908,0.0128613675,0.0178693676,-0.00149378508,0.209382512,0.0116143322,0.2,0.129588425,0.0128613675,0.00771361768,-0.209054936,-0.0214050293,-0.2,-0.0178693676,0.0915556908
539,19398327,-0.0968057439,-0.102917917,0.00418455945,-0.0504870266,0.114109509,-0.347232103,-0.00122699118,-0.193834424,-0.349217504,-0.222930014,0.0897735506,0.196003258,-0.00774445951,-0.00823343337,-0.198116948,-0.222719162,0.0091287607,-0.0277785683,0.2,0.2,-0.119843501,-0.0945860028,0.00718188405,0.0156802607,-0.00774445951,0.198116948,0.0091287607,0.2,0.119843501,0.00718188405,0.00823343337,-0.222719162,-0.0277785683,-0.2,-0.0156802607,0.0945860028
540,19432118,-0.154456645,-0.0922248811,0.040017914,-0.0822841302,0.0950485468,-0.413493752,0.0488686971,-0.246197134,-0.306616396,-0.240811661,0.0169652533,0.176803783,-0.0123565316,-0.00737799048,-0.181991939,-0.237027859,0.00760388374,-0.0330795002,0.221990914,0.2,-0.111323279,-0.0981623322,0.00135722026,0.0141443026,-0.0123565316,0.181991939,0.00760388374,0.221990914,0.111323279,0.00135722026,0.00737799048,-0.237027859,-0.0330795002,-0.2,-0.0141443026,0.0981623322
541,19437688,-0.192526981,-0.0656253546,0.0829553455,-0.113608308,0.0926722586,-0.45405215,0.0736979917,-0.280949503,-0.280412972,-0.26026246,-0.0377903655,0.181878701,-0.0154021585,-0.00525002837,-0.162670095,-0.251123739,0.00741378069,-0.036324172,0.233164096,0.2,-0.106082594,-0.102052492,-0.00302322924,0.0145502961,-0.0154021585,0.162670095,0.00741378069,0.233164096,0.106082594,-0.00302322924,0.00525002837,-0.251123739,-0.036324172,-0.2,-0.0145502961,0.102052492
542,19463423,-0.19811371,-0.0287425704,0.126938879,-0.131945014,0.107277088,-0.455923498,0.0618982315,-0.275610834,-0.279098481,-0.262176216,-0.0674182251,0.210542902,-0.0158490968,-0.00229940563,-0.142877504,-0.259375256,0.00858216703,-0.0364738798,0.227854204,0.2,-0.105819696,-0.102435243,-0.00539345801,0.0168434322,-0.0158490968,0.142877504,0.00858216703,0.227854204,0.105819696,-0.00539345801,0.00229940563,-0.259375256,-0.0364738798,-0.2,-0.0168434322,0.102435243
543,19478213,-0.170616895,0.00493838172,0.167649537,-0.146346554,0.142672136,-0.399145395,-0.00169443747,-0.235916913,-0.340862095,-0.24224776,-0.0642340109,0.248755515,-0.0136493516,0.000395070538,-0.124557708,-0.265855949,0.0114137709,-0.0319316316,0.2,0.2,-0.118172419,-0.0984495521,-0.00513872087,0.0199004412,-0.0136493516,0.124557708,0.0114137709,0.2,0.118172419,-0.00513872087,-0.000395070538,-0.265855949,-0.0319316316,-0.2,-0.0199004412,0.0984495521
544,19501498,-0.112582304,0.0452626646,0.18412219,-0.14306888,0.189546436,-0.304338545,-0.105459146,-0.165183902,-0.426930755,-0.202293575,-0.0108657843,0.298091233,-0.00900658429,0.00362101316,-0.117145015,-0.264380996,0.0151637149,-0.0243470836,0.2,0.2,-0.135386151,-0.090458715,-0.00086926274,0.0238472986,-0.00900658429,0.117145015,0.0151637149,0.2,0.135386151,-0.00086926274,-0.00362101316,-0.264380996,-0.0243470836,-0.2,-0.0238472986,0.090458715
545,19520020,-0.0249103531,0.0915882513,0.164064854,-0.104621515,0.249727488,-0.196387082,-0.225225568,-0.070036307,-0.492839426,-0.148361281,0.094446905,0.342237711,-0.00199282825,0.0073270601,-0.126170816,-0.247079682,0.019978199,-0.0157109666,0.2,0.2,-0.148567885,-0.0796722561,0.0075557524,0.0273790169,-0.00199282825,0.126170816,0.019978199,0.2,0.148567885,0.0075557524,-0.0073270601,-0.247079682,-0.0157109666,-0.2,-0.0273790169,0.0796722561
546,19543000,0.0968680084,0.117856331,0.113937266,-0.0432799682,0.307480425,-0.0985104665,-0.336944848,0.0208346117,-0.538241863,-0.0949284285,0.212377921,0.366617501,0.00774944067,0.00942850649,-0.14872823,-0.219475986,0.024598434,-0.00788083732,0.2,0.209375575,-0.157648373,-0.0689856857,0.0169902337,0.0293294001,0.00774944067,0.14872823,0.024598434,0.2,0.157648373,0.0169902337,-0.00942850649,-0.219475986,-0.00788083732,-0.209375575,-0.0293294001,0.0689856857
547,19558374,0.211846635,0.104387254,0.0610315762,0.0109158922,0.344179541,-0.0269079078,-0.39994511,0.0677597448,-0.567952752,-0.0654702783,0.297011405,0.365288436,0.0169477308,0.00835098028,-0.172535791,-0.195087849,0.0275343633,-0.00215263262,0.2,0.230491885,-0.16359055,-0.0630940557,0.0237609124,0.0292230749,0.0169477308,0.172535791,0.0275343633,0.2,0.16359055,0.0237609124,-0.00835098028,-0.195087849,-0.00215263262,-0.230491885,-0.0292230749,0.0630940557
548,19589755,0.280987978,0.0534882694,0.0180783346,0.0538082197,0.354124576,0.0164256115,-0.408697635,0.080108501,-0.574257195,-0.0731138512,0.342307031,0.344093859,0.0224790382,0.00427906156,-0.191864749,-0.175786301,0.0283299661,0.00131404892,0.2,0.236048825,-0.164851439,-0.0646227702,0.0273845625,0.0275275087,0.0224790382,0.191864749,0.0283299661,0.2,0.164851439,0.0273845625,-0.00427906156,-0.175786301,0.00131404892,-0.236048825,-0.0275275087,0.0646227702
549,19598918,0.275257081,-0.00825059786,-0.0228461605,0.0624469519,0.334498703,0.0198239889,-0.367339402,0.0595124699,-0.568472803,-0.12639676,0.368101776,0.33078301,0.0220205665,-0.000660047829,-0.210280772,-0.171898872,0.0267598963,0.00158591911,0.2,0.226780611,-0.163694561,-0.0752793521,0.0294481421,0.0264626408,0.0220205665,0.210280772,0.0267598963,0.2,0.163694561,0.0294481421,0.000660047829,-0.171898872,0.00158591911,-0.226780611,-0.0264626408,0.0752793521
550,19620240,0.188595906,-0.06259121,-0.0602584854,0.0485408567,0.284617245,-0.0406761691,-0.261831135,0.0117250374,-0.544833779,-0.191734418,0.371900082,0.320352197,0.0150876725,-0.0050072968,-0.227116318,-0.178156614,0.0227693796,-0.00325409353,0.2,0.205276267,-0.158966756,-0.0883468837,0.0297520065,0.0256281757,0.0150876725,0.227116318,0.0227693796,0.2,0.158966756,0.0297520065,0.0050072968,-0.178156614,-0.00325409353,-0.205276267,-0.0256281757,0.0883468837
551,19643283,0.0160655193,-0.0987883434,-0.0846622884,0.00939311832,0.21861732,-0.177211553,-0.106909484,-0.0819994435,-0.513049185,-0.251414746,0.315861791,0.287017912,0.00128524154,-0.00790306747,-0.23809803,-0.195773097,0.0174893856,-0.0141769242,0.2,0.2,-0.152609837,-0.100282949,0.0252689433,0.0229614329,0.00128524154,0.23809803,0.0174893856,0.2,0.152609837,0.0252689433,0.00790306747,-0.195773097,-0.0141769242,-0.2,-0.0229614329,0.100282949
552,19658341,-0.176546633,-0.129879326,-0.0756674185,-0.0460533276,0.164364949,-0.36024797,0.0596681312,-0.225687787,-0.463002741,-0.304649115,0.195888668,0.216063857,-0.0141237307,-0.0103903461,-0.234050338,-0.220723997,0.0131491959,-0.0288198376,0.226850659,0.2,-0.142600548,-0.110929823,0.0156710935,0.0172851086,-0.0141237307,0.234050338,0.0131491959,0.226850659,0.142600548,0.0156710935,0.0103903461,-0.220723997,-0.0288198376,-0.2,-0.0172851086,0.110929823
553,19701085,-0.310034096,-0.132346541,-0.0104094716,-0.104371108,0.115680471,-0.547167957,0.198342621,-0.353426427,-0.364530623,-0.335839689,0.034025833,0.141690969,-0.0248027277,-0.0105877233,-0.204684262,-0.246966999,0.00925443769,-0.0437734365,0.28925418,0.2,-0.122906125,-0.117167938,0.00272206664,0.0113352776,-0.0248027277,0.204684262,0.00925443769,0.28925418,0.122906125,0.00272206664,0.0105877233,-0.246966999,-0.0437734365,-0.2,-0.0113352776,0.117167938
554,19706565,-0.373146534,-0.0943040401,0.0748833567,-0.144917294,0.0849367455,-0.686696589,0.280013204,-0.42793864,-0.257222772,-0.345126957,-0.120183848,0.103959255,-0.0298517227,-0.00754432321,-0.166302489,-0.265212782,0.00679493964,-0.0549357271,0.326005942,0.2,-0.101444554,-0.119025391,-0.00961470783,0.00831674039,-0.0298517227,0.166302489,0.00679493964,0.326005942,0.101444554,-0.00961470783,0.00754432321,-0.265212782,-0.0549357271,-0.2,-0.00831674039,0.119025391
555,19718153,-0.346861959,-0.0459883735,0.146069169,-0.146743491,0.0800315514,-0.743453085,0.258217305,-0.43234697,-0.211696416,-0.368572921,-0.209169999,0.127271473,-0.0277489567,-0.00367906988,-0.134268874,-0.266034571,0.00640252411,-0.0594762468,0.316197787,0.2,-0.0923392832,-0.123714584,-0.0167335999,0.0101817179,-0.0277489567,0.134268874,0.00640252411,0.316197787,0.0923392832,-0.0167335999,0.00367906988,-0.266034571,-0.0594762468,-0.2,-0.0101817179,0.123714584
556,19749067,-0.265470475,-0.00511979917,0.184915751,-0.130017996,0.0979315862,-0.708684564,0.134995297,-0.381775975,-0.284740359,-0.388251156,-0.233460948,0.195223898,-0.021237638,-0.000409583934,-0.116787912,-0.258508098,0.0078345269,-0.0566947651,0.260747883,0.2,-0.106948072,-0.127650231,-0.0186768758,0.0156179118,-0.021237638,0.116787912,0.0078345269,0.260747883,0.106948072,-0.0186768758,0.000409583934,-0.258508098,-0.0566947651,-0.2,-0.0156179118,0.127650231
557,19759041,-0.15387924,0.0172511153,0.220367536,-0.137322411,0.121465199,-0.581249297,-0.0386063196,-0.286822081,-0.445519209,-0.369495958,-0.201455101,0.267314464,-0.0123103392,0.00138008922,-0.100834609,-0.261795085,0.0097172159,-0.0464999437,0.2,0.2,-0.139103842,-0.123899192,-0.0161164081,0.0213851571,-0.0123103392,0.100834609,0.0097172159,0.2,0.139103842,-0.0161164081,-0.00138008922,-0.261795085,-0.0464999437,-0.2,-0.0213851571,0.123899192
558,19779778,-0.0101348655,0.0508562587,0.231982678,-0.152384862,0.170221984,-0.379455149,-0.226525173,-0.137521774,-0.60440886,-0.267637998,-0.0758511946,0.344197243,-0.000810789242,0.0040685007,-0.0956077948,-0.268573188,0.0136177588,-0.0303564119,0.2,0.2,-0.170881772,-0.1035276,-0.00606809556,0.0275357795,-0.000810789242,0.0956077948,0.0136177588,0.2,0.170881772,-0.00606809556,-0.0040685007,-0.268573188,-0.0303564119,-0.2,-0.0275357795,0.1035276
559,19804757,0.216620833,0.0924439579,0.155437484,-0.0827217549,0.260115981,-0.175520882,-0.441435844,0.0726605728,-0.721984088,-0.126987785,0.112431005,0.363919944,0.0173296666,0.00739551663,-0.130053132,-0.23722479,0.0208092785,-0.0140416706,0.2,0.232697258,-0.194396818,-0.075397557,0.00899448037,0.0291135955,0.0173296666,0.130053132,0.0208092785,0.2,0.194396818,0.00899448037,-0.00739551663,-0.23722479,-0.0140416706,-0.232697258,-0.0291135955,0.075397557
560,19820883,0.440386057,0.0886906758,0.0454680882,0.0247030836,0.36651063,-0.0285921879,-0.57043016,0.202172071,-0.792274892,-0.0270323846,0.283461154,0.321616918,0.0352308846,0.00709525406,-0.17953936,-0.188883612,0.0293208504,-0.00228737503,0.2,0.290977432,-0.208454978,-0.0554064769,0.0226768923,0.0257293534,0.0352308846,0.17953936,0.0293208504,0.2,0.208454978,0.0226768923,-0.00709525406,-0.188883612,-0.00228737503,-0.290977432,-0.0257293534,0.0554064769
561,19847706,0.573550045,0.0185290761,-0.0174525995,0.113234907,0.428991407,0.0839844123,-0.592993557,0.220298827,-0.83926475,-0.0405224562,0.391435087,0.29242909,0.0458840036,0.00148232609,-0.20785367,-0.149044292,0.0343193126,0.00671875298,0.2,0.299134472,-0.21785295,-0.0581044912,0.0313148069,0.0233943272,0.0458840036,0.20785367,0.0343193126,0.2,0.21785295,0.0313148069,-0.00148232609,-0.149044292,0.00671875298,-0.299134472,-0.0233943272,0.0581044912
562,19867095,0.536384523,-0.0887771845,-0.0575222746,0.141794339,0.434143543,0.168797463,-0.506897509,0.155868173,-0.868187726,-0.137110651,0.439435452,0.313261718,0.0429107618,-0.00710217476,-0.225885024,-0.136192548,0.0347314835,0.0135037971,0.2,0.270140678,-0.223637545,-0.0774221301,0.0351548362,0.0250609374,0.0429107618,0.225885024,0.0347314835,0.2,0.223637545,0.0351548362,0.00710217476,-0.136192548,0.0135037971,-0.270140678,-0.0250609374,0.0774221301
563,19883419,0.315438181,-0.168527648,-0.105246328,0.107307963,0.384978801,0.143202305,-0.302835882,0.0480541214,-0.84344542,-0.263695866,0.425485641,0.339382321,0.0252350545,-0.0134822118,-0.247360848,-0.151711417,0.0307983041,0.0114561844,0.2,0.221624355,-0.218689084,-0.102739173,0.0340388513,0.0271505857,0.0252350545,0.247360848,0.0307983041,0.2,0.218689084,0.0340388513,0.0134822118,-0.151711417,0.0114561844,-0.221624355,-0.0271505857,0.102739173
564,19910716,-0.0713829994,-0.204922453,-0.144188643,-0.0114361467,0.312866956,-0.0784560516,-0.0108308671,-0.133832589,-0.746451437,-0.42725724,0.324192435,0.317667037,-0.00571063995,-0.0163937962,-0.264884889,-0.205146266,0.0250293565,-0.00627648413,0.2,0.2,-0.199290287,-0.135451448,0.0259353948,0.025413363,-0.00571063995,0.264884889,0.0250293565,0.2,0.199290287,0.0259353948,0.0163937962,-0.205146266,-0.00627648413,-0.2,-0.025413363,0.135451448
565,19920589,-0.458337605,-0.197697416,-0.0998750404,-0.147791907,0.25366351,-0.402543306,0.264037281,-0.432607174,-0.581272185,-0.564952493,0.153109148,0.206018597,-0.0366670084,-0.0158157933,-0.244943768,-0.266506358,0.0202930808,-0.0322034645,0.318816777,0.2,-0.166254437,-0.162990499,0.0122487319,0.0164814878,-0.0366670084,0.244943768,0.0202930808,0.318816777,0.166254437,0.0122487319,0.0158157933,-0.266506358,-0.0322034645,-0.2,-0.0164814878,0.162990499
566,19939818,-0.598612547,-0.183903903,0.0616129562,-0.226628497,0.167917743,-0.694028378,0.449541867,-0.603530586,-0.404560536,-0.566027999,-0.0705819875,0.0752300546,-0.0478890038,-0.0147123122,-0.17227417,-0.301982824,0.0134334195,-0.0555222702,0.40229384,0.2,-0.130912107,-0.1632056,-0.005646559,0.00601840436,-0.0478890038,0.17227417,0.0134334195,0.40229384,0.130912107,-0.005646559,0.0147123122,-0.301982824,-0.0555222702,-0.2,-0.00601840436,0.1632056
567,19960346,-0.479472488,-0.160281539,0.206732467,-0.226973087,0.108263314,-0.788360119,0.440170646,-0.556715429,-0.35097748,-0.505799472,-0.227620035,0.0242772847,-0.0383577991,-0.0128225231,-0.10697039,-0.302137889,0.0086610651,-0.0630688095,0.398076791,0.2,-0.120195496,-0.151159894,-0.0182096028,0.00194218278,-0.0383577991,0.10697039,0.0086610651,0.398076791,0.120195496,-0.0182096028,0.0128225231,-0.302137889,-0.0630688095,-0.2,-0.00194218278,0.151159894
568,19981372,-0.277246445,-0.108223885,0.296507716,-0.170147866,0.133284181,-0.70861423,0.207149997,-0.432283163,-0.470972002,-0.446469188,-0.307562917,0.0966569856,-0.0221797156,-0.00865791082,-0.0665715277,-0.27656654,0.0106627345,-0.0566891384,0.293217499,0.2,-0.1441944,-0.139293838,-0.0246050334,0.00773255885,-0.0221797156,0.0665715277,0.0106627345,0.293217499,0.1441944,-0.0246050334,0.00865791082,-0.27656654,-0.0566891384,-0.2,-0.00773255885,0.139293838
569,19998769,-0.147954673,0.00726914452,0.377043664,-0.193511039,0.196916461,-0.52247262,-0.0796537176,-0.30456835,-0.683747232,-0.358431071,-0.266172379,0.235818326,-0.0118363738,0.000581531562,-0.030330351,-0.287079968,0.0157533169,-0.0417978096,0.2,0.2,-0.186749446,-0.121686214,-0.0212937903,0.0188654661,-0.0118363738,0.030330351,0.0157533169,0.2,0.186749446,-0.0212937903,-0.000581531562,-0.287079968,-0.0417978096,-0.2,-0.0188654661,0.121686214
570,20020179,0.0484341793,0.14358294,0.362592995,-0.225835457,0.271756262,-0.271428138,-0.399640054,-0.0846065208,-0.908169329,-0.220545024,-0.0257745422,0.373355299,0.00387473434,0.0114866352,-0.0368331522,-0.301625956,0.0217405009,-0.021714251,0.2,0.2,-0.23,-0.0941090047,-0.00206196338,0.0298684239,0.00387473434,0.0368331522,0.0217405009,0.2,0.23,-0.00206196338,-0.0114866352,-0.301625956,-0.021714251,-0.2,-0.0298684239,0.0941090047
571,20041432,0.340212405,0.204691544,0.209397659,-0.141981781,0.390408009,-0.063905701,-0.654798687,0.181576133,-1.03426385,-0.048546765,0.289748192,0.410325736,0.0272169924,0.0163753235,-0.105771054,-0.263891801,0.0312326407,-0.00511245608,0.2,0.28170926,-0.23,-0.059709353,0.0231798553,0.0328260589,0.0272169924,0.105771054,0.0312326407,0.2,0.23,0.0231798553,-0.0163753235,-0.263891801,-0.00511245608,-0.28170926,-0.0328260589,0.059709353
572,20060310,0.584989548,0.134476483,0.0846154392,-0.00291227316,0.498573869,0.0758112073,-0.744181573,0.300188512,-1.07590306,0.036287386,0.477980793,0.360974818,0.0467991638,0.0107581186,-0.161923052,-0.201310523,0.0398859096,0.00606489658,0.2,0.33508483,-0.23,-0.0427425228,0.0382384634,0.0288779855,0.0467991638,0.161923052,0.0398859096,0.2,0.23,0.0382384634,-0.0107581186,-0.201310523,0.00606489658,-0.33508483,-0.0288779855,0.0427425228
573,20097884,0.625629961,-0.0478537232,0.0319384187,0.145763308,0.519912541,0.23383911,-0.658765376,0.250203758,-1.10119462,0.0528673343,0.518159509,0.350076377,0.0500503969,-0.00382829785,-0.185627712,-0.134406511,0.0415930033,0.0187071288,0.2,0.312591691,-0.23,-0.0394265331,0.0414527607,0.0280061102,0.0500503969,0.185627712,0.0415930033,0.2,0.23,0.0414527607,0.00382829785,-0.134406511,0.0187071288,-0.312591691,-0.0280061102,0.0394265331
574,20103744,0.453586936,-0.198793814,-0.0184707697,0.174259216,0.448962092,0.353717238,-0.427768558,0.124791391,-1.10009122,0.0376085714,0.480575562,0.393683165,0.0362869549,-0.0159035051,-0.208311846,-0.121583353,0.0359169674,0.028297379,0.2,0.256156126,-0.23,-0.0424782857,0.0384460449,0.0314946532,0.0362869549,0.208311846,0.0359169674,0.2,0.23,0.0384460449,0.0159035051,-0.121583353,0.028297379,-0.256156126,-0.0314946532,0.0424782857
575,20118893,0.15835014,-0.234020174,-0.0746980011,0.0715221986,0.356782138,0.243631318,-0.166682437,0.000436253205,-1.06342471,-0.149975702,0.424753815,0.429647446,0.0126680112,-0.0187216139,-0.233614101,-0.167815011,0.0285425711,0.0194905055,0.2,0.200196314,-0.23,-0.0799951404,0.0339803052,0.0343717957,0.0126680112,0.233614101,0.0285425711,0.2,0.23,0.0339803052,0.0187216139,-0.167815011,0.0194905055,-0.200196314,-0.0343717957,0.0799951404
576,20153344,-0.316788763,-0.237584308,-0.144069895,-0.0981629789,0.288770944,-0.124633461,0.130631775,-0.288927078,-1.00211024,-0.487075239,0.260862917,0.338015765,-0.025343101,-0.0190067446,-0.264831453,-0.24417334,0.0231016755,-0.0099706769,0.258784299,0.2,-0.23,-0.147415048,0.0208690333,0.0270412612,-0.025343101,0.264831453,0.0231016755,0.258784299,0.23,0.0208690333,0.0190067446,-0.24417334,-0.0099706769,-0.2,-0.0270412612,0.147415048
577,20161229,-0.752009988,-0.212987646,-0.0894887149,-0.281621307,0.246156067,-0.542820275,0.439427227,-0.671720564,-0.936646163,-0.744472086,0.0405693837,0.177894562,-0.060160799,-0.0170390117,-0.240269922,-0.326729588,0.0196924853,-0.043425622,0.397742252,0.2,-0.23,-0.198894417,0.00324555069,0.014231565,-0.060160799,0.240269922,0.0196924853,0.397742252,0.23,0.00324555069,0.0170390117,-0.326729588,-0.043425622,-0.2,-0.014231565,0.198894417
578,20179035,-0.78073132,-0.221045136,0.117816806,-0.349356025,0.154396832,-0.795332372,0.610789001,-0.781634331,-0.871599197,-0.741485715,-0.124841377,0.0705989152,-0.0624585056,-0.0176836109,-0.146982437,-0.357210211,0.0123517466,-0.0636265898,0.47485505,0.2,-0.224319839,-0.198297143,-0.00998731017,0.00564791322,-0.0624585056,0.146982437,0.0123517466,0.47485505,0.224319839,-0.00998731017,0.0176836109,-0.357210211,-0.0636265898,-0.2,-0.00564791322,0.198297143
579,20201422,-0.525750041,-0.225600109,0.279189557,-0.292151898,0.109122872,-0.803928792,0.524490476,-0.648942351,-0.87715435,-0.5770877,-0.251460195,0.0646627322,-0.0420600033,-0.0180480087,-0.0743646994,-0.331468354,0.00872982979,-0.0643143034,0.436020714,0.2,-0.22543087,-0.16541754,-0.0201168156,0.00517301857,-0.0420600033,0.0743646994,0.00872982979,0.436020714,0.22543087,-0.0201168156,0.0180480087,-0.331468354,-0.0643143034,-0.2,-0.00517301857,0.16541754
580,20220892,-0.259459883,-0.121390127,0.359935403,-0.151529163,0.183822483,-0.642762244,0.151992261,-0.406435668,-0.95062077,-0.435442358,-0.296996236,0.247592553,-0.0207567906,-0.00971121013,-0.0380290687,-0.268188123,0.0147057986,-0.0514209795,0.268396518,0.2,-0.23,-0.137088472,-0.0237596989,0.0198074043,-0.0207567906,0.0380290687,0.0147057986,0.268396518,0.23,-0.0237596989,0.00971121013,-0.268188123,-0.0514209795,-0.2,-0.0198074043,0.137088472
581,20239634,-0.173252106,0.0833886266,0.479424506,-0.235330224,0.264564306,-0.428726405,-0.183877587,-0.258590132,-1.12966001,-0.333838433,-0.184174836,0.468363881,-0.0138601685,0.00667109013,0.0157410279,-0.305898601,0.0211651444,-0.0342981124,0.2,0.2,-0.23,-0.116767687,-0.0147339869,0.0374691105,-0.0138601685,-0.0157410279,0.0211651444,0.2,0.23,-0.0147339869,-0.00667109013,-0.305898601,-0.0342981124,-0.2,-0.0374691105,0.116767687
582,20264753,0.0413713008,0.219038844,0.454806864,-0.325482011,0.298672974,-0.185465053,-0.48387751,-0.0467032641,-1.36092031,-0.190147132,0.109201707,0.551904857,0.00330970407,0.0175231075,0.00466308892,-0.346466905,0.0238938379,-0.0148372042,0.2,0.2,-0.23,-0.0880294263,0.00873613656,0.0441523886,0.00330970407,-0.00466308892,0.0238938379,0.2,0.23,0.00873613656,-0.0175231075,-0.346466905,-0.0148372042,-0.2,-0.0441523886,0.0880294263
583,20280978,0.325282872,0.241371527,0.311729133,-0.241771773,0.389927208,0.00250270637,-0.699847102,0.22407338,-1.45758271,-0.00443393318,0.397512615,0.526841879,0.0260226297,0.0193097222,-0.0597218901,-0.308797298,0.0311941767,0.000200216509,0.2,0.300833021,-0.23,-0.0508867866,0.0318010092,0.0421473503,0.0260226297,0.0597218901,0.0311941767,0.2,0.23,0.0318010092,-0.0193097222,-0.308797298,0.000200216509,-0.300833021,-0.0421473503,0.0508867866
584,20301235,0.526920855,0.112981699,0.200609803,-0.0943856016,0.499252886,0.139035761,-0.737832606,0.327389926,-1.42162061,0.109694339,0.534413755,0.451562613,0.0421536684,0.00903853595,-0.109725589,-0.242473521,0.0399402308,0.0111228609,0.2,0.347325467,-0.23,-0.0280611321,0.0427531004,0.0361250091,0.0421536684,0.109725589,0.0399402308,0.2,0.23,0.0427531004,-0.00903853595,-0.242473521,0.0111228609,-0.347325467,-0.0361250091,0.0280611321
585,20318479,0.543076694,-0.0643640459,0.154674217,0.0482954308,0.529001236,0.316869974,-0.633607149,0.264295578,-1.36917448,0.214940935,0.522486866,0.408945739,0.0434461355,-0.00514912367,-0.130396602,-0.178267056,0.0423200989,0.0253495979,0.2,0.31893301,-0.23,-0.00701181293,0.0417989492,0.0327156591,0.0434461355,0.130396602,0.0423200989,0.2,0.23,0.0417989492,0.00514912367,-0.178267056,0.0253495979,-0.31893301,-0.0327156591,0.00701181293
586,20340934,0.421411484,-0.23669377,0.0601822548,0.132068083,0.442758888,0.460495561,-0.449980557,0.161792725,-1.37381351,0.219267711,0.46021533,0.41635856,0.0337129188,-0.0189355016,-0.172917985,-0.140569363,0.035420711,0.0368396449,0.2,0.272806726,-0.23,-0.00614645779,0.0368172264,0.0333086848,0.0337129188,0.172917985,0.035420711,0.2,0.23,0.0368172264,0.0189355016,-0.140569363,0.0368396449,-0.272806726,-0.0333086848,0.00614645779
587,20358740,0.155266702,-0.316603661,0.00093905587,0.0466771685,0.330694526,0.415074289,-0.194405884,0.00766135333,-1.41182208,0.0323377214,0.355147839,0.41802448,0.0124213362,-0.0253282928,-0.199577425,-0.178995274,0.0264555621,0.0332059431,0.2,0.203447609,-0.23,-0.0435324557,0.0284118271,0.0334419584,0.0124213362,0.199577425,0.0264555621,0.2,0.23,0.0284118271,0.0253282928,-0.178995274,0.0332059431,-0.203447609,-0.0334419584,0.0435324557
588,20380306,-0.274998277,-0.302953064,-0.0836564749,-0.142438829,0.266107529,0.0578248352,0.10972441,-0.265803069,-1.43939817,-0.365791917,0.201659381,0.346129477,-0.0219998622,-0.0242362452,-0.237645414,-0.264097473,0.0212886024,0.00462598681,0.249375984,0.2,-0.23,-0.123158383,0.0161327505,0.0276903582,-0.0219998622,0.237645414,0.0212886024,0.249375984,0.23,0.0161327505,0.0242362452,-0.264097473,0.00462598681,-0.2,-0.0276903582,0.123158383
589,20397430,-0.718777359,-0.20951198,-0.057279598,-0.332636058,0.24756217,-0.390479535,0.414024532,-0.619747818,-1.38799536,-0.684868932,0.0301296711,0.264638454,-0.0575021887,-0.0167609584,-0.225775819,-0.349686226,0.0198049736,-0.0312383628,0.386311039,0.2,-0.23,-0.186973786,0.00241037369,0.0211710763,-0.0575021887,0.225775819,0.0198049736,0.386311039,0.23,0.00241037369,0.0167609584,-0.349686226,-0.0312383628,-0.2,-0.0211710763,0.186973786
590,20422008,-0.822853982,-0.145157322,0.124083146,-0.364813685,0.17994763,-0.677943289,0.557742178,-0.718249798,-1.26256108,-0.695761263,-0.0980236456,0.24597986,-0.0658283186,-0.0116125858,-0.144162584,-0.364166158,0.0143958104,-0.0542354631,0.45098398,0.2,-0.23,-0.189152253,-0.00784189165,0.0196783888,-0.0658283186,0.144162584,0.0143958104,0.45098398,0.23,-0.00784189165,0.0116125858,-0.364166158,-0.0542354631,-0.2,-0.0196783888,0.189152253
591,20437758,-0.607660353,-0.120170034,0.267350107,-0.24817878,0.161725119,-0.677099884,0.452985287,-0.526395738,-1.17799366,-0.4864766,-0.218614161,0.259400338,-0.0486128283,-0.00961360276,-0.0796924517,-0.311680451,0.0129380095,-0.0541679907,0.403843379,0.2,-0.23,-0.14729532,-0.0174891329,0.020752027,-0.0486128283,0.0796924517,0.0129380095,0.403843379,0.23,-0.0174891329,0.00961360276,-0.311680451,-0.0541679907,-0.2,-0.020752027,0.14729532
592,20463444,-0.393604606,-0.0454237238,0.316505015,-0.13409248,0.208263874,-0.563663721,0.17474997,-0.367482126,-1.16521668,-0.340570569,-0.264130294,0.381042093,-0.0314883685,-0.0036338979,-0.0575727433,-0.260341616,0.0166611099,-0.0450930977,0.278637487,0.2,-0.23,-0.118114114,-0.0211304235,0.0304833674,-0.0314883685,0.0575727433,0.0166611099,0.278637487,0.23,-0.0211304235,0.0036338979,-0.260341616,-0.0450930977,-0.2,-0.0304833674,0.118114114
593,20483154,-0.28808248,0.0928973109,0.417880058,-0.220089138,0.221187741,-0.428590983,-0.0848086625,-0.324294358,-1.25533843,-0.302519292,-0.190659508,0.520410538,-0.0230465984,0.00743178487,-0.0119539738,-0.299040112,0.0176950192,-0.0342872787,0.2,0.2,-0.23,-0.110503858,-0.0152527606,0.041632843,-0.0230465984,0.0119539738,0.0176950192,0.2,0.23,-0.0152527606,-0.00743178487,-0.299040112,-0.0342872787,-0.2,-0.041632843,0.110503858
594,20498570,-0.127118602,0.20408687,0.406321049,-0.307927758,0.210002199,-0.270439774,-0.301221073,-0.19256416,-1.42744827,-0.206478745,0.00809229445,0.601460576,-0.0101694882,0.0163269496,-0.0171555281,-0.338567491,0.0168001759,-0.0216351819,0.2,0.2,-0.23,-0.0912957489,0.000647383556,0.0481168461,-0.0101694882,0.0171555281,0.0168001759,0.2,0.23,0.000647383556,-0.0163269496,-0.338567491,-0.0216351819,-0.2,-0.0481168461,0.0912957489
595,20520873,0.0510009043,0.258319497,0.312560558,-0.26435262,0.229587764,-0.121495053,-0.443020254,0.0344320983,-1.53287995,-0.0544735678,0.254965127,0.636878371,0.00408007234,0.0206655598,-0.0593477488,-0.318958679,0.0183670211,-0.00971960425,0.2,0.215494444,-0.23,-0.0608947136,0.0203972101,0.0509502697,0.00408007234,0.0593477488,0.0183670211,0.2,0.23,0.0203972101,-0.0206655598,-0.318958679,-0.00971960425,-0.215494444,-0.0509502697,0.0608947136
596,20540622,0.16591315,0.223802656,0.171009153,-0.102337308,0.304795653,0.00539318006,-0.498822808,0.192756295,-1.54013956,0.0592459366,0.432128012,0.657424271,0.013273052,0.0179042125,-0.123045881,-0.246051789,0.0243836522,0.000431454405,0.2,0.286740333,-0.23,-0.0381508127,0.034570241,0.0525939417,0.013273052,0.123045881,0.0243836522,0.2,0.23,0.034570241,-0.0179042125,-0.246051789,0.000431454405,-0.286740333,-0.0525939417,0.0381508127
597,20557495,0.245282367,0.0946364626,0.101492897,0.0392739773,0.340333939,0.150808498,-0.467797279,0.202056706,-1.49248719,0.140335396,0.470754862,0.596884787,0.0196225893,0.00757091701,-0.154328196,-0.18232671,0.0272267151,0.0120646799,0.2,0.290925518,-0.23,-0.0219329208,0.0376603889,0.047750783,0.0196225893,0.154328196,0.0272267151,0.2,0.23,0.0376603889,-0.00757091701,-0.18232671,0.0120646799,-0.290925518,-0.047750783,0.0219329208
598,20590410,0.259362996,-0.0623233169,0.0204028953,0.116930135,0.294431657,0.243844286,-0.363445282,0.16311343,-1.44049191,0.165358365,0.436478585,0.512718201,0.0207490396,-0.00498586535,-0.190818697,-0.147381439,0.0235545325,0.0195075428,0.2,0.273401044,-0.23,-0.0169283271,0.0349182868,0.0410174561,0.0207490396,0.190818697,0.0235545325,0.2,0.23,0.0349182868,0.00498586535,-0.147381439,0.0195075428,-0.273401044,-0.0410174561,0.0169283271
599,20596576,0.17186521,-0.174269244,-0.0481121577,0.0649378374,0.223852023,0.175023362,-0.21831508,0.0787741914,-1.39445829,0.0279851928,0.358525127,0.40117836,0.0137492168,-0.0139415395,-0.221650471,-0.170777973,0.0179081619,0.014001869,0.2,0.235448386,-0.23,-0.0444029614,0.0286820102,0.0320942688,0.0137492168,0.221650471,0.0179081619,0.2,0.23,0.0286820102,0.0139415395,-0.170777973,0.014001869,-0.235448386,-0.0320942688,0.0444029614
600,20620349,-0.0866746828,-0.251168251,-0.117907114,-0.0708689094,0.186224073,-0.0649846792,-0.0210501328,-0.126130849,-1.39441884,-0.271152228,0.237595543,0.253984094,-0.00693397462,-0.0200934601,-0.253058201,-0.231891009,0.0148979259,-0.00519877434,0.2,0.2,-0.23,-0.104230446,0.0190076435,0.0203187275,-0.00693397462,0.253058201,0.0148979259,0.2,0.23,0.0190076435,0.0200934601,-0.231891009,-0.00519877434,-0.2,-0.0203187275,0.104230446
601,20640804,-0.481327653,-0.253591925,-0.1706229,-0.183596715,0.189452678,-0.415544629,0.250459224,-0.440491587,-1.36387706,-0.595595717,0.0711041316,0.139736459,-0.0385062122,-0.020287354,-0.276780305,-0.282618522,0.0151562142,-0.0332435703,0.312706651,0.2,-0.23,-0.169119143,0.00568833053,0.0111789167,-0.0385062122,0.276780305,0.0151562142,0.312706651,0.23,0.00568833053,0.020287354,-0.282618522,-0.0332435703,-0.2,-0.0111789167,0.169119143
602,20660818,-0.713845849,-0.248563632,-0.0569857396,-0.236612663,0.16235584,-0.742278993,0.489144713,-0.639914393,-1.16201282,-0.664421082,-0.0858067498,0.0560699366,-0.0571076679,-0.0198850906,-0.225643583,-0.306475698,0.0129884672,-0.0593823195,0.420115121,0.2,-0.23,-0.182884216,-0.00686453998,0.00448559493,-0.0571076679,0.225643583,0.0129884672,0.420115121,0.23,-0.00686453998,0.0198850906,-0.306475698,-0.0593823195,-0.2,-0.00448559493,0.182884216
603,20689753,-0.656875789,-0.247108743,0.108121961,-0.220008716,0.1190193,-0.880023301,0.546841741,-0.639307618,-0.989089072,-0.552405596,-0.20641087,0.0144680794,-0.0525500631,-0.0197686994,-0.151345117,-0.299003922,0.00952154398,-0.0704018641,0.446078783,0.2,-0.23,-0.160481119,-0.0165128696,0.00115744635,-0.0525500631,0.151345117,0.00952154398,0.446078783,0.23,-0.0165128696,0.0197686994,-0.299003922,-0.0704018641,-0.2,-0.00115744635,0.160481119
604,20698284,-0.467690945,-0.23631148,0.208685085,-0.151515827,0.113608755,-0.855695844,0.436931044,-0.552220702,-0.897695303,-0.414732069,-0.300745398,0.0394705161,-0.0374152756,-0.0189049184,-0.106091712,-0.268182122,0.00908870041,-0.0684556675,0.39661897,0.2,-0.229539061,-0.132946414,-0.0240596318,0.00315764129,-0.0374152756,0.106091712,0.00908870041,0.39661897,0.229539061,-0.0240596318,0.0189049184,-0.268182122,-0.0684556675,-0.2,-0.00315764129,0.132946414
605,20720908,-0.335732162,-0.166012987,0.284388036,-0.130561635,0.138767704,-0.787595332,0.261818111,-0.540065348,-0.9199242,-0.389275312,-0.314153075,0.196995482,-0.026858573,-0.013281039,-0.072025384,-0.258752736,0.0111014163,-0.0630076265,0.31781815,0.2,-0.23,-0.127855062,-0.025132246,0.0157596385,-0.026858573,0.072025384,0.0111014163,0.31781815,0.23,-0.025132246,0.013281039,-0.258752736,-0.0630076265,-0.2,-0.0157596385,0.127855062
606,20742819,-0.2534284,-0.0385757089,0.391995281,-0.191237465,0.175426453,-0.626132309,0.0305235349,-0.469674289,-1.03148234,-0.404991299,-0.235100076,0.403714418,-0.020274272,-0.00308605671,-0.0236021236,-0.286056859,0.0140341163,-0.0500905848,0.213735591,0.2,-0.23,-0.13099826,-0.018808006,0.0322971535,-0.020274272,0.0236021236,0.0140341163,0.213735591,0.23,-0.018808006,0.00308605671,-0.286056859,-0.0500905848,-0.2,-0.0322971535,0.13099826
607,20758821,-0.224187136,0.107137792,0.409254283,-0.268052161,0.203406543,-0.463989943,-0.134387434,-0.367105752,-1.16400421,-0.367150605,-0.0769411102,0.592503905,-0.0179349709,0.00857102334,-0.0158355728,-0.320623472,0.0162725234,-0.0371191955,0.2,0.2,-0.23,-0.123430121,-0.00615528882,0.0474003124,-0.0179349709,0.0158355728,0.0162725234,0.2,0.23,-0.00615528882,-0.00857102334,-0.320623472,-0.0371191955,-0.2,-0.0474003124,0.123430121
608,20785301,-0.188190013,0.225871548,0.39534989,-0.306428283,0.252438098,-0.262667507,-0.249899641,-0.186395958,-1.26787508,-0.235129729,0.140990421,0.681050479,-0.0150552011,0.0180697238,-0.0220925495,-0.337892728,0.0201950479,-0.0210134006,0.2,0.2,-0.23,-0.0970259458,0.0112792337,0.0544840384,-0.0150552011,0.0220925495,0.0201950479,0.2,0.23,0.0112792337,-0.0180697238,-0.337892728,-0.0210134006,-0.2,-0.0544840384,0.0970259458
609,20799716,-0.160276994,0.31728214,0.340224683,-0.251624972,0.33012411,-0.0918507949,-0.31770879,-0.0290619954,-1.32186925,-0.0796912834,0.318209976,0.710810363,-0.0128221595,0.0253825712,-0.0468988925,-0.313231237,0.0264099288,-0.00734806359,0.2,0.2,-0.23,-0.0659382567,0.0254567981,0.0568648291,-0.0128221595,0.0468988925,0.0264099288,0.2,0.23,0.0254567981,-0.0253825712,-0.313231237,-0.00734806359,-0.2,-0.0568648291,0.0659382567
610,20823361,-0.099530153,0.330564678,0.28874439,-0.158875912,0.402123511,0.0561917946,-0.354072362,0.0582720898,-1.31432176,0.0524603799,0.399428338,0.682632267,-0.00796241224,0.0264451742,-0.0700650245,-0.271494161,0.0321698809,0.00449534357,0.2,0.22622244,-0.23,-0.039507924,0.031954267,0.0546105814,-0.00796241224,0.0700650245,0.0321698809,0.2,0.23,0.031954267,-0.0264451742,-0.271494161,0.00449534357,-0.22622244,-0.0546105814,0.039507924
611,20838799,-0.0456314273,0.261595398,0.2338956,-0.0757043958,0.430416673,0.177573889,-0.332749754,0.0758719221,-1.25848925,0.15436317,0.408426881,0.608464241,-0.00365051419,0.0209276319,-0.0947469801,-0.234066978,0.0344333339,0.0142059112,0.2,0.234142365,-0.23,-0.0191273659,0.0326741505,0.0486771393,-0.00365051419,0.0947469801,0.0344333339,0.2,0.23,0.0326741505,-0.0209276319,-0.234066978,0.0142059112,-0.234142365,-0.0486771393,0.0191273659
612,20860741,-0.0411717966,0.157721534,0.175869912,-0.0483139232,0.38895753,0.248802438,-0.241303921,0.0387636088,-1.14071441,0.215128869,0.395353913,0.516306639,-0.00329374373,0.0126177227,-0.12085854,-0.221741265,0.0311166024,0.0199041951,0.2,0.217443624,-0.23,-0.00697422624,0.0316283131,0.0413045311,-0.00329374373,0.12085854,0.0311166024,0.2,0.23,0.0316283131,-0.0126177227,-0.221741265,0.0199041951,-0.217443624,-0.0413045311,0.00697422624
613,20888256,-0.109457985,0.0753603503,0.123872474,-0.0963055864,0.298927218,0.235528663,-0.092673704,-0.0430611782,-1.01264882,0.157652035,0.379689634,0.456331432,-0.00875663877,0.00602882802,-0.144257387,-0.243337514,0.0239141774,0.018842293,0.2,0.2,-0.23,-0.0184695929,0.0303751707,0.0365065145,-0.00875663877,0.144257387,0.0239141774,0.2,0.23,0.0303751707,-0.00602882802,-0.243337514,0.018842293,-0.2,-0.0365065145,0.0184695929
614,20898528,-0.247779399,0.0562414266,0.10211239,-0.188399762,0.22569108,0.119328506,0.0575121492,-0.168108836,-0.891794324,0.00844116602,0.329928756,0.416451514,-0.0198223519,0.00449931413,-0.154049424,-0.284779893,0.0180552864,0.0095462805,0.225880467,0.2,-0.228358865,-0.0483117668,0.0263943005,0.0333161211,-0.0198223519,0.154049424,0.0180552864,0.225880467,0.228358865,0.0263943005,-0.00449931413,-0.284779893,0.0095462805,-0.2,-0.0333161211,0.0483117668
615,20922603,-0.427053481,0.0759213418,0.0990283638,-0.262899399,0.185720623,-0.0932988673,0.213866368,-0.325648099,-0.781715989,-0.136234969,0.229436114,0.385055482,-0.0341642785,0.00607370734,-0.155437236,-0.318304729,0.0148576498,-0.00746390939,0.296239866,0.2,-0.206343198,-0.0772469938,0.0183548892,0.0308044386,-0.0341642785,0.155437236,0.0148576498,0.296239866,0.206343198,0.0183548892,-0.00607370734,-0.318304729,-0.00746390939,-0.2,-0.0308044386,0.0772469938
616,20942226,-0.552813828,0.0989280343,0.128930867,-0.281636149,0.159666613,-0.309492975,0.328759342,-0.43040961,-0.672114253,-0.231379479,0.114974797,0.373737156,-0.0442251062,0.00791424274,-0.14198111,-0.326736267,0.012773329,-0.024759438,0.347941704,0.2,-0.184422851,-0.0962758958,0.00919798374,0.0298989725,-0.0442251062,0.14198111,0.012773329,0.347941704,0.184422851,0.00919798374,-0.00791424274,-0.326736267,-0.024759438,-0.2,-0.0298989725,0.0962758958
617,20958487,-0.550416052,0.104537629,0.155982599,-0.221278906,0.158611849,-0.451003075,0.324293435,-0.420874625,-0.584113002,-0.254393041,0.00508483639,0.369951189,-0.0440332842,0.00836301029,-0.129807831,-0.299575508,0.0126889479,-0.036080246,0.345932046,0.2,-0.1668226,-0.100878608,0.000406786911,0.0295960951,-0.0440332842,0.129807831,0.0126889479,0.345932046,0.1668226,0.000406786911,-0.00836301029,-0.299575508,-0.036080246,-0.2,-0.0295960951,0.100878608
618,20982573,-0.473513186,0.104305528,0.177110553,-0.155442193,0.185408816,-0.496785015,0.228832901,-0.35380137,-0.519901335,-0.230103552,-0.0757226497,0.377233654,-0.0378810549,0.00834444225,-0.120300251,-0.269948987,0.0148327053,-0.0397428012,0.302974805,0.2,-0.153980267,-0.0960207105,-0.00605781198,0.0301786923,-0.0378810549,0.120300251,0.0148327053,0.302974805,0.153980267,-0.00605781198,-0.00834444225,-0.269948987,-0.0397428012,-0.2,-0.0301786923,0.0960207105
619,20998000,-0.394994438,0.101566069,0.216698453,-0.190823302,0.199438587,-0.484032452,0.133041605,-0.349607199,-0.506878078,-0.220434457,-0.0932077318,0.387190282,-0.031599555,0.00812528551,-0.102485696,-0.285870486,0.0159550869,-0.0387225962,0.259868722,0.2,-0.151375616,-0.0940868914,-0.00745661855,0.0309752226,-0.031599555,0.102485696,0.0159550869,0.259868722,0.151375616,-0.00745661855,-0.00812528551,-0.285870486,-0.0387225962,-0.2,-0.0309752226,0.0940868914
620,21024428,-0.31046924,0.0942499936,0.236743957,-0.226278156,0.201308027,-0.410713792,0.053607896,-0.326233894,-0.531025827,-0.201131761,-0.0659605041,0.389896065,-0.0248375392,0.00753999949,-0.0934652194,-0.30182517,0.0161046422,-0.0328571033,0.224123553,0.2,-0.156205165,-0.0902263522,-0.00527684033,0.0311916852,-0.0248375392,0.0934652194,0.0161046422,0.224123553,0.156205165,-0.00527684033,-0.00753999949,-0.30182517,-0.0328571033,-0.2,-0.0311916852,0.0902263522
621,21041837,-0.233879507,0.0994743481,0.210787609,-0.195678368,0.209333226,-0.323006749,-0.00322772376,-0.244047463,-0.522410989,-0.143499985,-0.00519194547,0.407440901,-0.0187103605,0.00795794785,-0.105145576,-0.288055266,0.0167466581,-0.0258405399,0.2,0.2,-0.154482198,-0.0786999971,-0.000415355638,0.0325952721,-0.0187103605,0.105145576,0.0167466581,0.2,0.154482198,-0.000415355638,-0.00795794785,-0.288055266,-0.0258405399,-0.2,-0.0325952721,0.0786999971
622,21059791,-0.179333061,0.130547076,0.17703864,-0.165153444,0.223419771,-0.241859227,-0.0532006137,-0.157941923,-0.498137951,-0.0753958672,0.0703781173,0.455767214,-0.0143466449,0.0104437661,-0.120332612,-0.27431905,0.0178735816,-0.0193487382,0.2,0.2,-0.14962759,-0.0650791734,0.00563024938,0.0364613771,-0.0143466449,0.120332612,0.0178735816,0.2,0.14962759,0.00563024938,-0.0104437661,-0.27431905,-0.0193487382,-0.2,-0.0364613771,0.0650791734
623,21083883,-0.111512162,0.146563366,0.114492409,-0.126372233,0.224548817,-0.192603141,-0.113506898,-0.0975854248,-0.498889595,-0.0273037348,0.139431924,0.505832136,-0.00892097294,0.0117250693,-0.148478416,-0.256867505,0.0179639053,-0.0154082513,0.2,0.2,-0.149777919,-0.055460747,0.0111545539,0.0404665709,-0.00892097294,0.148478416,0.0179639053,0.2,0.149777919,0.0111545539,-0.0117250693,-0.256867505,-0.0154082513,-0.2,-0.0404665709,0.055460747
624,21098407,-0.0143147185,0.115167007,0.0681967437,-0.103582911,0.20950076,-0.156102464,-0.164675623,-0.0461513884,-0.530361295,0.000527281372,0.180114329,0.502635956,-0.00114517748,0.00921336055,-0.169311465,-0.24661231,0.0167600608,-0.0124881971,0.2,0.2,-0.156072259,-0.0498945437,0.0144091463,0.0402108765,-0.00114517748,0.169311465,0.0167600608,0.2,0.156072259,0.0144091463,-0.00921336055,-0.24661231,-0.0124881971,-0.2,-0.0402108765,0.0498945437
625,21125217,0.0734868199,0.0495916866,0.0116830766,-0.0692121312,0.185930803,-0.148148,-0.185702294,-0.0175343491,-0.566360235,0.0112998998,0.192006454,0.466346294,0.00587894559,0.00396733493,-0.194742616,-0.231145459,0.0148744643,-0.01185184,0.2,0.2,-0.163272047,-0.04774002,0.0153605163,0.0373077035,0.00587894559,0.194742616,0.0148744643,0.2,0.163272047,0.0153605163,-0.00396733493,-0.231145459,-0.01185184,-0.2,-0.0373077035,0.04774002
626,21137756,0.113175429,-0.0225737728,-0.0448879004,-0.0362577103,0.156987876,-0.17666024,-0.173679247,-0.0188805945,-0.604830325,-0.00844781194,0.190518841,0.423706114,0.00905403435,-0.00180590183,-0.220199555,-0.21631597,0.0125590301,-0.0141328192,0.2,0.2,-0.170966065,-0.0516895624,0.0152415073,0.0338964891,0.00905403435,0.220199555,0.0125590301,0.2,0.170966065,0.0152415073,0.00180590183,-0.21631597,-0.0141328192,-0.2,-0.0338964891,0.0516895624
627,21163851,0.0749735981,-0.0858218819,-0.0881970823,-0.0257670917,0.131962955,-0.245541304,-0.116774,-0.0646699145,-0.654313803,-0.0664407834,0.165097579,0.368489742,0.00599788785,-0.00686575055,-0.239688687,-0.211595191,0.0105570364,-0.0196433043,0.2,0.2,-0.180862761,-0.0632881567,0.0132078063,0.0294791794,0.00599788785,0.239688687,0.0105570364,0.2,0.180862761,0.0132078063,0.00686575055,-0.211595191,-0.0196433043,-0.2,-0.0294791794,0.0632881567
628,21187518,-0.0468659624,-0.139685541,-0.101438649,-0.0374551937,0.118103586,-0.351630747,-0.00208601658,-0.168751612,-0.673259556,-0.147994578,0.101866022,0.300911456,-0.003749277,-0.0111748433,-0.245647392,-0.216854837,0.00944828689,-0.0281304598,0.2,0.2,-0.184651911,-0.0795989156,0.00814928174,0.0240729165,-0.003749277,0.245647392,0.00944828689,0.2,0.184651911,0.00814928174,0.0111748433,-0.216854837,-0.0281304598,-0.2,-0.0240729165,0.0795989156
629,21200946,-0.213194847,-0.168623731,-0.0702789128,-0.0770971105,0.106454909,-0.488502175,0.149117157,-0.304825217,-0.607471645,-0.240950435,0.00758050196,0.230859563,-0.0170555878,-0.0134898984,-0.231625511,-0.2346937,0.00851639271,-0.039080174,0.267102721,0.2,-0.171494329,-0.0981900871,0.000606440157,0.018468765,-0.0170555878,0.231625511,0.00851639271,0.267102721,0.171494329,0.000606440157,0.0134898984,-0.2346937,-0.039080174,-0.2,-0.018468765,0.0981900871
630,21220451,-0.355785042,-0.159978673,0.00210395711,-0.134456575,0.0959224775,-0.631873608,0.298529059,-0.427923203,-0.46851474,-0.317429155,-0.0953408405,0.170699194,-0.0284628034,-0.0127982938,-0.199053219,-0.260505459,0.0076737982,-0.0505498886,0.334338076,0.2,-0.143702948,-0.113485831,-0.00762726724,0.0136559355,-0.0284628034,0.199053219,0.0076737982,0.334338076,0.143702948,-0.00762726724,0.0127982938,-0.260505459,-0.0505498886,-0.2,-0.0136559355,0.113485831
631,21238373,-0.400965869,-0.13123779,0.0946331769,-0.181550279,0.0895152241,-0.738912761,0.376733452,-0.508182347,-0.350048006,-0.361926407,-0.186039686,0.146783903,-0.0320772696,-0.0104990232,-0.15741507,-0.281697626,0.00716121793,-0.0591130209,0.369530053,0.2,-0.120009601,-0.122385281,-0.0148831749,0.0117427123,-0.0320772696,0.15741507,0.00716121793,0.369530053,0.120009601,-0.0148831749,0.0104990232,-0.281697626,-0.0591130209,-0.2,-0.0117427123,0.122385281
632,21262372,-0.336507231,-0.125400499,0.168873414,-0.188134059,0.089143835,-0.758490264,0.346872985,-0.529671848,-0.345050246,-0.389546096,-0.260793656,0.154981866,-0.0269205785,-0.0100320399,-0.124006964,-0.284660327,0.0071315068,-0.0606792212,0.356092843,0.2,-0.119010049,-0.127909219,-0.0208634925,0.0123985493,-0.0269205785,0.124006964,0.0071315068,0.356092843,0.119010049,-0.0208634925,0.0100320399,-0.284660327,-0.0606792212,-0.2,-0.0123985493,0.127909219
633,21281311,-0.217246771,-0.121726021,0.228591174,-0.178715914,0.103603289,-0.676928878,0.205847323,-0.485064149,-0.441752285,-0.395069927,-0.29993099,0.220322326,-0.0173797417,-0.00973808169,-0.0971339718,-0.280422162,0.00828826308,-0.0541543102,0.292631295,0.2,-0.138350457,-0.129013985,-0.0239944792,0.0176257861,-0.0173797417,0.0971339718,0.00828826308,0.292631295,0.138350457,-0.0239944792,0.00973808169,-0.280422162,-0.0541543102,-0.2,-0.0176257861,0.129013985
634,21300984,-0.156696796,-0.0482078753,0.296010166,-0.218100473,0.150220096,-0.5351457,0.0252694432,-0.414953142,-0.586473882,-0.37147817,-0.246641219,0.365003407,-0.0125357437,-0.00385663003,-0.0667954251,-0.298145213,0.0120176077,-0.042811656,0.211371249,0.2,-0.167294776,-0.124295634,-0.0197312975,0.0292002726,-0.0125357437,0.0667954251,0.0120176077,0.211371249,0.167294776,-0.0197312975,0.00385663003,-0.298145213,-0.042811656,-0.2,-0.0292002726,0.124295634
635,21327572,-0.118716329,0.0710395724,0.317051619,-0.249781355,0.23188062,-0.357899874,-0.144931242,-0.261111826,-0.721704185,-0.278392553,-0.0725744143,0.515571833,-0.00949730635,0.00568316579,-0.0573267713,-0.31240161,0.0185504496,-0.02863199,0.2,0.2,-0.194340837,-0.105678511,-0.00580595315,0.0412457466,-0.00949730635,0.0573267713,0.0185504496,0.2,0.194340837,-0.00580595315,-0.00568316579,-0.31240161,-0.02863199,-0.2,-0.0412457466,0.105678511
636,21340183,-0.0174099691,0.187071741,0.252137989,-0.200441197,0.32402432,-0.175419047,-0.315456092,-0.0355918966,-0.800062001,-0.139430076,0.165879562,0.593893945,-0.00139279753,0.0149657393,-0.086537905,-0.290198538,0.0259219456,-0.0140335238,0.2,0.2,-0.2100124,-0.0778860152,0.013270365,0.0475115156,-0.00139279753,0.086537905,0.0259219456,0.2,0.2100124,0.013270365,-0.0149657393,-0.290198538,-0.0140335238,-0.2,-0.0475115156,0.0778860152
637,21358196,0.152586639,0.22456196,0.148352697,-0.0864941776,0.405699849,-0.0277056918,-0.45530954,0.138423577,-0.832851887,-0.00268248562,0.346676767,0.584658623,0.0122069311,0.0179649568,-0.133241286,-0.23892238,0.0324559879,-0.00221645534,0.2,0.26229061,-0.216570377,-0.0505364971,0.0277341413,0.0467726898,0.0122069311,0.133241286,0.0324559879,0.2,0.216570377,0.0277341413,-0.0179649568,-0.23892238,-0.00221645534,-0.26229061,-0.0467726898,0.0505364971
638,21380128,0.304760188,0.156319156,0.0708738193,0.0303198826,0.444767654,0.0915762261,-0.49195838,0.193768099,-0.81867063,0.0852144361,0.429335445,0.511688352,0.024380815,0.0125055325,-0.168106781,-0.186356053,0.0355814123,0.00732609808,0.2,0.287195645,-0.213734126,-0.0329571128,0.0343468356,0.0409350681,0.024380815,0.168106781,0.0355814123,0.2,0.213734126,0.0343468356,-0.0125055325,-0.186356053,0.00732609808,-0.287195645,-0.0409350681,0.0329571128
639,21399969,0.382567942,0.00744849257,-0.0165585019,0.141911551,0.413812965,0.180858746,-0.432357877,0.172270685,-0.763870478,0.137326851,0.445823967,0.429134101,0.0306054354,0.000595879406,-0.207451326,-0.136139802,0.0331050372,0.0144686997,0.2,0.277521808,-0.202774096,-0.0225346297,0.0356659174,0.0343307281,0.0306054354,0.207451326,0.0331050372,0.2,0.202774096,0.0356659174,-0.000595879406,-0.136139802,0.0144686997,-0.277521808,-0.0343307281,0.0225346297
640,21423667,0.358798176,-0.103677414,-0.085895367,0.117378548,0.319618255,0.170296848,-0.320363462,0.1187355,-0.748907745,0.0357831158,0.452606738,0.383704901,0.0287038541,-0.00829419315,-0.238652915,-0.147179653,0.0255694604,0.0136237478,0.2,0.253430975,-0.199781549,-0.0428433768,0.036208539,0.0306963921,0.0287038541,0.238652915,0.0255694604,0.2,0.199781549,0.036208539,0.00829419315,-0.147179653,0.0136237478,-0.253430975,-0.0306963921,0.0428433768
641,21436789,0.147475153,-0.170487881,-0.15080902,0.0252110474,0.229438096,-0.0178603847,-0.151775062,-0.0238807704,-0.814267635,-0.201779634,0.383482754,0.304864883,0.0117980123,-0.0136390305,-0.267864059,-0.188655029,0.0183550477,-0.00142883077,0.2,0.2,-0.212853527,-0.0903559268,0.0306786203,0.0243891907,0.0117980123,0.267864059,0.0183550477,0.2,0.212853527,0.0306786203,0.0136390305,-0.188655029,-0.00142883077,-0.2,-0.0243891907,0.0903559268
642,21460671,-0.244565681,-0.24242039,-0.20809871,-0.081793189,0.189089894,-0.31872645,0.120787524,-0.291131824,-0.885233939,-0.467050999,0.219517469,0.165836334,-0.0195652544,-0.0193936312,-0.293644419,-0.236806935,0.0151271915,-0.025498116,0.254354386,0.2,-0.227046788,-0.1434102,0.0175613976,0.0132669067,-0.0195652544,0.293644419,0.0151271915,0.254354386,0.227046788,0.0175613976,0.0193936312,-0.236806935,-0.025498116,-0.2,-0.0132669067,0.1434102
643,21477880,-0.598332882,-0.261127979,-0.172515586,-0.183787629,0.157998681,-0.680438638,0.420404583,-0.582573056,-0.808770955,-0.652035892,0.011989017,0.0512016118,-0.0478666306,-0.0208902383,-0.277632014,-0.282704433,0.0126398945,-0.054435091,0.389182062,0.2,-0.211754191,-0.180407178,0.000959121361,0.00409612894,-0.0478666306,0.277632014,0.0126398945,0.389182062,0.211754191,0.000959121361,0.0208902383,-0.282704433,-0.054435091,-0.2,-0.00409612894,0.180407178
644,21504565,-0.634827018,-0.28485167,0.0130235534,-0.215120807,0.106632873,-0.922265053,0.575603545,-0.667928159,-0.634026051,-0.605141819,-0.166598871,-0.0522655919,-0.0507861614,-0.0227881336,-0.194139401,-0.296804363,0.00853062987,-0.0737812042,0.459021595,0.2,-0.17680521,-0.171028364,-0.0133279097,-0.00418124735,-0.0507861614,0.194139401,0.00853062987,0.459021595,0.17680521,-0.0133279097,0.0227881336,-0.296804363,-0.0737812042,-0.2,0.00418124735,0.171028364
645,21519328,-0.454410344,-0.277210832,0.141196758,-0.160918325,0.0735360757,-0.981649578,0.508574307,-0.596297622,-0.493879676,-0.490682065,-0.300554216,-0.0898181573,-0.0363528275,-0.0221768665,-0.136461459,-0.272413246,0.00588288605,-0.0785319662,0.428858438,0.2,-0.148775935,-0.148136413,-0.0240443373,-0.00718545258,-0.0363528275,0.136461459,0.00588288605,0.428858438,0.148775935,-0.0240443373,0.0221768665,-0.272413246,-0.0785319662,-0.2,0.00718545258,0.148136413
646,21539805,-0.231548697,-0.234770164,0.22819145,-0.0947230011,0.0941364393,-0.896267295,0.287827909,-0.491942227,-0.482152253,-0.416938484,-0.364295751,0.0186572336,-0.0185238957,-0.0187816131,-0.0973138474,-0.242625351,0.00753091514,-0.0717013836,0.329522559,0.2,-0.146430451,-0.133387697,-0.0291436601,0.00149257869,-0.0185238957,0.0973138474,0.00753091514,0.329522559,0.146430451,-0.0291436601,0.0187816131,-0.242625351,-0.0717013836,-0.2,-0.00149257869,0.133387697
647,21567410,-0.135108963,-0.123678014,0.341553688,-0.155457258,0.143300414,-0.707021475,0.030917909,-0.444903761,-0.647961259,-0.427474409,-0.301885992,0.241839871,-0.010808717,-0.00989424109,-0.0463008404,-0.269955766,0.0114640331,-0.056561718,0.213913059,0.2,-0.179592252,-0.135494882,-0.0241508794,0.0193471897,-0.010808717,0.0463008404,0.0114640331,0.213913059,0.179592252,-0.0241508794,0.00989424109,-0.269955766,-0.056561718,-0.2,-0.0193471897,0.135494882
648,21581625,-0.088724263,0.016832022,0.330091029,-0.196861178,0.18888095,-0.521581173,-0.15521124,-0.334763467,-0.810982823,-0.403830945,-0.130481303,0.456888497,-0.00709794104,0.00134656176,-0.0514590368,-0.28858753,0.015110476,-0.0417264938,0.2,0.2,-0.212196565,-0.130766189,-0.0104385042,0.0365510798,-0.00709794104,0.0514590368,0.015110476,0.2,0.212196565,-0.0104385042,-0.00134656176,-0.28858753,-0.0417264938,-0.2,-0.0365510798,0.130766189
649,21597851,-0.00760098733,0.125390515,0.298633754,-0.207274497,0.254979938,-0.292195231,-0.311620831,-0.115591913,-0.908294022,-0.26136446,0.112595707,0.578239024,-0.000608078986,0.0100312412,-0.0656148106,-0.293273523,0.0203983951,-0.0233756185,0.2,0.2,-0.23,-0.102272892,0.00900765657,0.0462591219,-0.000608078986,0.0656148106,0.0203983951,0.2,0.23,0.00900765657,-0.0100312412,-0.293273523,-0.0233756185,-0.2,-0.0462591219,0.102272892
650,21629765,0.0768653452,0.186135486,0.168564692,-0.0835009962,0.355015218,-0.118949167,-0.391349822,0.0720554963,-0.901114166,-0.0885934308,0.308351159,0.628724754,0.00614922762,0.0148908389,-0.124145889,-0.237575448,0.0284012175,-0.00951593339,0.2,0.232424973,-0.23,-0.0677186862,0.0246680927,0.0502979803,0.00614922762,0.124145889,0.0284012175,0.2,0.23,0.0246680927,-0.0148908389,-0.237575448,-0.00951593339,-0.232424973,-0.0502979803,0.0677186862
651,21639881,0.158319592,0.179823339,0.117801763,0.0118648475,0.425663918,0.0360833183,-0.43475911,0.143633157,-0.861684501,0.0389454514,0.392028391,0.592606902,0.0126655674,0.0143858671,-0.146989207,-0.194660819,0.0340531135,0.00288666546,0.2,0.264634921,-0.2223369,-0.0422109097,0.0313622713,0.0474085522,0.0126655674,0.146989207,0.0340531135,0.2,0.2223369,0.0313622713,-0.0143858671,-0.194660819,0.00288666546,-0.264634921,-0.0474085522,0.0422109097
652,21659692,0.194042102,0.0947355404,0.0799638703,0.0681078285,0.438399017,0.171196565,-0.384982198,0.119956538,-0.813215613,0.107385784,0.398107469,0.512870312,0.0155233681,0.00757884324,-0.164016258,-0.169351477,0.0350719213,0.0136957252,0.2,0.253980442,-0.212643123,-0.0285228431,0.0318485975,0.0410296249,0.0155233681,0.164016258,0.0350719213,0.2,0.212643123,0.0318485975,-0.00757884324,-0.169351477,0.0136957252,-0.253980442,-0.0410296249,0.0285228431
653,21680338,0.174171492,0.00449390709,0.0242469776,0.0675731823,0.389124185,0.213019684,-0.287259996,0.0508113652,-0.739925742,0.0792298615,0.380065024,0.434135377,0.0139337194,0.000359512568,-0.18908886,-0.169592068,0.0311299348,0.0170415747,0.2,0.222865114,-0.197985148,-0.0341540277,0.0304052019,0.0347308302,0.0139337194,0.18908886,0.0311299348,0.2,0.197985148,0.0304052019,-0.000359512568,-0.169592068,0.0170415747,-0.222865114,-0.0347308302,0.0341540277
654,21699990,0.0443104953,-0.0653253496,-0.0208461247,-0.0281300563,0.297166884,0.109251492,-0.139622524,-0.0662515387,-0.696235538,-0.088470839,0.355590045,0.348421991,0.00354483962,-0.00522602797,-0.209380756,-0.212658525,0.0237733507,0.00874011934,0.2,0.2,-0.189247108,-0.0676941678,0.0284472036,0.0278737593,0.00354483962,0.209380756,0.0237733507,0.2,0.189247108,0.0284472036,0.00522602797,-0.212658525,0.00874011934,-0.2,-0.0278737593,0.0676941678
655,21725901,-0.22894685,-0.110485949,-0.0531105176,-0.129451185,0.217755333,-0.118263818,0.0878598094,-0.26304099,-0.676822841,-0.287612349,0.2567963,0.248500362,-0.018315748,-0.00883887589,-0.223899733,-0.258253033,0.0174204266,-0.00946110547,0.239536914,0.2,-0.185364568,-0.10752247,0.020543704,0.019880029,-0.018315748,0.223899733,0.0174204266,0.239536914,0.185364568,0.020543704,0.00883887589,-0.258253033,-0.00946110547,-0.2,-0.019880029,0.10752247
656,21741588,-0.50288409,-0.116936065,0.00411445322,-0.230202153,0.160967574,-0.398888141,0.355722606,-0.497953206,-0.585341215,-0.422243088,0.095730342,0.160668477,-0.0402307272,-0.00935488522,-0.198148496,-0.303590969,0.0128774059,-0.0319110513,0.360075173,0.2,-0.167068243,-0.134448618,0.00765842736,0.0128534782,-0.0402307272,0.198148496,0.0128774059,0.360075173,0.167068243,0.00765842736,0.00935488522,-0.303590969,-0.0319110513,-0.2,-0.0128534782,0.134448618
657,21763598,-0.533155501,-0.116189264,0.126594648,-0.253202587,0.109040968,-0.601920187,0.466055423,-0.5410043,-0.451099247,-0.424805909,-0.0727818534,0.0904334709,-0.0426524401,-0.0092951411,-0.143032409,-0.313941164,0.00872327745,-0.048153615,0.40972494,0.2,-0.140219849,-0.134961182,-0.00582254827,0.00723467767,-0.0426524401,0.143032409,0.00872327745,0.40972494,0.140219849,-0.00582254827,0.0092951411,-0.313941164,-0.048153615,-0.2,-0.00723467767,0.134961182
658,21778193,-0.399969637,-0.111794628,0.173759133,-0.161475718,0.112879023,-0.658669353,0.353292048,-0.43911761,-0.3949655,-0.380133092,-0.20846732,0.0762663111,-0.031997571,-0.00894357026,-0.12180839,-0.272664073,0.00903032184,-0.0526935482,0.358981422,0.2,-0.1289931,-0.126026618,-0.0166773856,0.00610130489,-0.031997571,0.12180839,0.00903032184,0.358981422,0.1289931,-0.0166773856,0.00894357026,-0.272664073,-0.0526935482,-0.2,-0.00610130489,0.126026618
659,21799819,-0.277886331,-0.046273075,0.225914329,-0.0992792621,0.166527376,-0.611866057,0.143541709,-0.328344882,-0.406888515,-0.325855345,-0.25631544,0.178182304,-0.0222309065,-0.003701846,-0.0983385518,-0.244675668,0.01332219,-0.0489492846,0.264593769,0.2,-0.131377703,-0.115171069,-0.0205052352,0.0142545843,-0.0222309065,0.0983385518,0.01332219,0.264593769,0.131377703,-0.0205052352,0.003701846,-0.244675668,-0.0489492846,-0.2,-0.0142545843,0.115171069
660,21821245,-0.218207732,0.0393021889,0.285372078,-0.168094069,0.215203777,-0.490456104,-0.0392025299,-0.296661288,-0.520660222,-0.297423869,-0.200459197,0.322587788,-0.0174566185,0.00314417511,-0.0715825647,-0.275642331,0.0172163022,-0.0392364883,0.2,0.2,-0.154132044,-0.109484774,-0.0160367358,0.025807023,-0.0174566185,0.0715825647,0.0172163022,0.2,0.154132044,-0.0160367358,-0.00314417511,-0.275642331,-0.0392364883,-0.2,-0.025807023,0.109484774
661,21839743,-0.112632096,0.0839790627,0.25808236,-0.200477019,0.253410697,-0.313574523,-0.157587022,-0.19359225,-0.635204315,-0.213325635,-0.0484183133,0.411604196,-0.00901056767,0.00671832502,-0.083862938,-0.290214659,0.0202728558,-0.0250859618,0.2,0.2,-0.177040863,-0.0926651269,-0.00387346506,0.0329283357,-0.00901056767,0.083862938,0.0202728558,0.2,0.177040863,-0.00387346506,-0.00671832502,-0.290214659,-0.0250859618,-0.2,-0.0329283357,0.0926651269
662,21860068,0.00225113542,0.128273666,0.176860556,-0.148810521,0.298138499,-0.150934815,-0.258257002,-0.0491166823,-0.671667397,-0.107008278,0.147754371,0.476807863,0.000180090833,0.0102618933,-0.12041275,-0.266964734,0.0238510799,-0.0120747852,0.2,0.2,-0.184333479,-0.0714016557,0.0118203497,0.038144629,0.000180090833,0.12041275,0.0238510799,0.2,0.184333479,0.0118203497,-0.0102618933,-0.266964734,-0.0120747852,-0.2,-0.038144629,0.0714016557
663,21883949,0.0814441219,0.162642553,0.124543741,-0.0913206339,0.352849573,-0.0283926129,-0.308922529,0.0321818665,-0.695336103,-0.0321765505,0.291022867,0.512682259,0.00651552975,0.0130114043,-0.143955316,-0.241094285,0.0282279658,-0.00227140903,0.2,0.21448184,-0.189067221,-0.0564353101,0.0232818294,0.0410145807,0.00651552975,0.143955316,0.0282279658,0.2,0.189067221,0.0232818294,-0.0130114043,-0.241094285,-0.00227140903,-0.21448184,-0.0410145807,0.0564353101
664,21898767,0.141332731,0.146172762,0.0813487321,-0.0388746448,0.385880828,0.0634792373,-0.321535259,0.0452037677,-0.704593182,0.000346613058,0.352203786,0.506513417,0.0113066185,0.011693821,-0.163393071,-0.21749359,0.0308704662,0.00507833898,0.2,0.220341695,-0.190918636,-0.0499306774,0.0281763029,0.0405210733,0.0113066185,0.163393071,0.0308704662,0.2,0.190918636,0.0281763029,-0.011693821,-0.21749359,0.00507833898,-0.220341695,-0.0405210733,0.0499306774
665,21919698,0.164230376,0.0776159242,0.0370339826,0.00259605469,0.379969537,0.100297734,-0.291800916,0.0306386407,-0.685836256,0.0049257623,0.355677426,0.468072206,0.0131384301,0.00620927393,-0.183334708,-0.198831775,0.030397563,0.00802381873,0.2,0.213787388,-0.187167251,-0.0490148475,0.0284541941,0.0374457765,0.0131384301,0.183334708,0.030397563,0.2,0.187167251,0.0284541941,-0.00620927393,-0.198831775,0.00802381873,-0.213787388,-0.0374457765,0.0490148475
666,21940807,0.107728213,-0.00274982769,-6.99072989e-05,-0.00363537367,0.325225383,0.0640440136,-0.209832579,-0.0199639127,-0.651333749,-0.0370154604,0.33237958,0.419930607,0.00861825705,-0.000219986215,-0.200031458,-0.201635918,0.0260180306,0.00512352109,0.2,0.2,-0.18026675,-0.0574030921,0.0265903664,0.0335944486,0.00861825705,0.200031458,0.0260180306,0.2,0.18026675,0.0265903664,0.000219986215,-0.201635918,0.00512352109,-0.2,-0.0335944486,0.0574030921
667,21969478,-0.0347876325,-0.0703881681,-0.0273270644,-0.0594871715,0.253649265,-0.0471551046,-0.0708983243,-0.124519065,-0.625887692,-0.132363737,0.275017351,0.361178815,-0.0027830106,-0.00563105345,-0.212297179,-0.226769227,0.0202919412,-0.00377240837,0.2,0.2,-0.175177538,-0.0764727473,0.0220013881,0.0288943052,-0.0027830106,0.212297179,0.0202919412,0.2,0.175177538,0.0220013881,0.00563105345,-0.226769227,-0.00377240837,-0.2,-0.0288943052,0.0764727473
668,21979572,-0.229832008,-0.120729275,-0.0265627578,-0.120327689,0.186405152,-0.217812717,0.117051229,-0.279988527,-0.586483777,-0.235572249,0.157050207,0.27636382,-0.0183865607,-0.009658342,-0.211953241,-0.25414746,0.0149124122,-0.0174250174,0.252673053,0.2,-0.167296755,-0.0971144497,0.0125640166,0.0221091056,-0.0183865607,0.211953241,0.0149124122,0.252673053,0.167296755,0.0125640166,0.009658342,-0.25414746,-0.0174250174,-0.2,-0.0221091056,0.0971144497
669,22009780,-0.392148972,-0.128385469,0.0417206809,-0.193755254,0.134805009,-0.409741879,0.299339652,-0.436183333,-0.503885925,-0.313990504,-0.00274520507,0.196443692,-0.0313719177,-0.0102708375,-0.181225694,-0.287189864,0.0107844007,-0.0327793503,0.334702843,0.2,-0.150777185,-0.112798101,-0.000219616406,0.0157154953,-0.0313719177,0.181225694,0.0107844007,0.334702843,0.150777185,-0.000219616406,0.0102708375,-0.287189864,-0.0327793503,-0.2,-0.0157154953,0.112798101
670,22020211,-0.434733152,-0.106429949,0.125383317,-0.230872318,0.107567973,-0.561477721,0.387104511,-0.497269541,-0.417055666,-0.351800412,-0.131505966,0.173443481,-0.0347786522,-0.00851439595,-0.143577507,-0.303892543,0.00860543787,-0.0449182177,0.37419703,0.2,-0.133411133,-0.120360082,-0.0105204773,0.0138754785,-0.0347786522,0.143577507,0.00860543787,0.37419703,0.133411133,-0.0105204773,0.00851439595,-0.303892543,-0.0449182177,-0.2,-0.0138754785,0.120360082
671,22038853,-0.343126118,-0.0822198093,0.196123436,-0.196151152,0.1259363,-0.581577718,0.29042545,-0.42868498,-0.392231643,-0.342236429,-0.22903426,0.197732493,-0.0274500895,-0.00657758474,-0.111744454,-0.288268019,0.010074904,-0.0465262175,0.330691452,0.2,-0.128446329,-0.118447286,-0.0183227408,0.0158185995,-0.0274500895,0.111744454,0.010074904,0.330691452,0.128446329,-0.0183227408,0.00657758474,-0.288268019,-0.0465262175,-0.2,-0.0158185995,0.118447286
672,22061366,-0.272108555,-0.015508797,0.253637344,-0.194428697,0.184377059,-0.515916646,0.123543143,-0.365294963,-0.459598988,-0.3037301,-0.248036027,0.324334711,-0.0217686844,-0.00124070376,-0.0858631954,-0.287492914,0.0147501647,-0.0412733316,0.255594414,0.2,-0.141919798,-0.11074602,-0.0198428822,0.0259467769,-0.0217686844,0.0858631954,0.0147501647,0.255594414,0.141919798,-0.0198428822,0.00124070376,-0.287492914,-0.0412733316,-0.2,-0.0259467769,0.11074602
673,22078804,-0.239882424,0.0771106184,0.310256124,-0.254726976,0.25660795,-0.383396745,-0.0357101187,-0.30793944,-0.597254813,-0.25142616,-0.162075266,0.477137864,-0.019190594,0.00616884947,-0.0603847444,-0.314627139,0.020528636,-0.0306717396,0.2,0.2,-0.169450963,-0.100285232,-0.0129660213,0.0381710291,-0.019190594,0.0603847444,0.020528636,0.2,0.169450963,-0.0129660213,-0.00616884947,-0.314627139,-0.0306717396,-0.2,-0.0381710291,0.100285232
674,22101196,-0.172438145,0.159397304,0.293364108,-0.284693271,0.32456699,-0.209439412,-0.161116436,-0.18716985,-0.734965205,-0.163612619,0.0273990352,0.561700284,-0.0137950516,0.0127517843,-0.0679861516,-0.328111972,0.0259653592,-0.0167551529,0.2,0.2,-0.196993041,-0.0827225238,0.00219192281,0.0449360228,-0.0137950516,0.0679861516,0.0259653592,0.2,0.196993041,0.00219192281,-0.0127517843,-0.328111972,-0.0167551529,-0.2,-0.0449360228,0.0827225238
675,22119550,-0.0399223417,0.233302534,0.225959405,-0.229761288,0.387890846,-0.0586565994,-0.278639734,-0.0294958614,-0.805915833,-0.055253271,0.21618177,0.580479026,-0.00319378734,0.0186642027,-0.0983182676,-0.303392579,0.0310312676,-0.00469252795,0.2,0.2,-0.211183167,-0.0610506542,0.0172945416,0.0464383221,-0.00319378734,0.0983182676,0.0310312676,0.2,0.211183167,0.0172945416,-0.0186642027,-0.303392579,-0.00469252795,-0.2,-0.0464383221,0.0610506542
676,22140227,0.0730635375,0.26521638,0.162205264,-0.119314991,0.453793436,0.0560014658,-0.349191338,0.0687227696,-0.80298996,0.0424912386,0.338628381,0.577403903,0.005845083,0.0212173104,-0.127007631,-0.253691746,0.0363034749,0.00448011726,0.2,0.230925246,-0.210597992,-0.0415017523,0.0270902705,0.0461923122,0.005845083,0.127007631,0.0363034749,0.2,0.210597992,0.0270902705,-0.0212173104,-0.253691746,0.00448011726,-0.230925246,-0.0461923122,0.0415017523
677,22160597,0.157693848,0.215529501,0.103201263,-0.0100899115,0.47660473,0.13811177,-0.359565556,0.0944504067,-0.746082485,0.115251571,0.378023505,0.552225649,0.0126155078,0.0172423601,-0.153559432,-0.20454046,0.0381283784,0.0110489416,0.2,0.242502683,-0.199216497,-0.0269496858,0.0302418804,0.0441780519,0.0126155078,0.153559432,0.0381283784,0.2,0.199216497,0.0302418804,-0.0172423601,-0.20454046,0.0110489416,-0.242502683,-0.0441780519,0.0269496858
678,22179116,0.204485774,0.102027319,0.0300634336,0.0580243468,0.432063311,0.178643152,-0.326408565,0.0822361112,-0.684150159,0.139757738,0.382917047,0.512113333,0.0163588619,0.00816218555,-0.186471455,-0.173889044,0.0345650649,0.0142914522,0.2,0.23700625,-0.186830032,-0.0220484525,0.0306333637,0.0409690666,0.0163588619,0.186471455,0.0345650649,0.2,0.186830032,0.0306333637,-0.00816218555,-0.173889044,0.0142914522,-0.23700625,-0.0409690666,0.0220484525
679,22208322,0.179411396,-0.00877054129,-0.0370912217,0.0342983678,0.341853231,0.127552748,-0.262987882,0.0343647711,-0.675556898,0.031386897,0.378234446,0.466285557,0.0143529117,-0.000701643303,-0.21669105,-0.184565734,0.0273482585,0.0102042198,0.2,0.215464147,-0.18511138,-0.0437226206,0.0302587557,0.0373028445,0.0143529117,0.21669105,0.0273482585,0.2,0.18511138,0.0302587557,0.000701643303,-0.184565734,0.0102042198,-0.215464147,-0.0373028445,0.0437226206
680,22217925,0.0258286186,-0.103029296,-0.0918760598,-0.0415988639,0.248090267,-0.0340982154,-0.122120105,-0.0799802095,-0.71851939,-0.155669004,0.312292606,0.378228575,0.00206628948,-0.00824234366,-0.241344227,-0.218719489,0.0198472214,-0.00272785723,0.2,0.2,-0.193703878,-0.0811338007,0.0249834085,0.030258286,0.00206628948,0.241344227,0.0198472214,0.2,0.193703878,0.0249834085,0.00824234366,-0.218719489,-0.00272785723,-0.2,-0.030258286,0.0811338007
681,22241323,-0.225420713,-0.183718383,-0.120319538,-0.111597881,0.183972687,-0.267783433,0.106644191,-0.277665138,-0.745123565,-0.314790964,0.170942605,0.248804361,-0.0180336571,-0.0146974707,-0.254143792,-0.250219046,0.0147178149,-0.0214226747,0.247989886,0.2,-0.199024713,-0.112958193,0.0136754084,0.0199043489,-0.0180336571,0.254143792,0.0147178149,0.247989886,0.199024713,0.0136754084,0.0146974707,-0.250219046,-0.0214226747,-0.2,-0.0199043489,0.112958193
682,22262289,-0.467554122,-0.200785354,-0.0797811896,-0.183681369,0.137459397,-0.551524162,0.355022818,-0.504464686,-0.652469695,-0.437421978,-0.00016793664,0.155900776,-0.0374043298,-0.0160628283,-0.235901535,-0.282656616,0.0109967518,-0.044121933,0.359760268,0.2,-0.180493939,-0.137484396,-1.34349312e-05,0.0124720621,-0.0374043298,0.235901535,0.0109967518,0.359760268,0.180493939,-1.34349312e-05,0.0160628283,-0.282656616,-0.044121933,-0.2,-0.0124720621,0.137484396
683,22282547,-0.520635247,-0.185620651,0.0589395463,-0.218077868,0.0996249095,-0.765872478,0.492724121,-0.590957642,-0.491244256,-0.450215608,-0.152019754,0.0939769521,-0.0416508198,-0.0148496521,-0.173477204,-0.298135041,0.00796999276,-0.0612697983,0.421725854,0.2,-0.148248851,-0.140043122,-0.0121615803,0.00751815617,-0.0416508198,0.173477204,0.00796999276,0.421725854,0.148248851,-0.0121615803,0.0148496521,-0.298135041,-0.0612697983,-0.2,-0.00751815617,0.140043122
684,22307279,-0.39432022,-0.170715824,0.161591366,-0.173530608,0.089263387,-0.823601186,0.421286523,-0.535361767,-0.419952601,-0.409786165,-0.27279231,0.079631567,-0.0315456176,-0.0136572659,-0.127283885,-0.278088774,0.00714107096,-0.0658880949,0.389578936,0.2,-0.13399052,-0.131957233,-0.0218233848,0.00637052536,-0.0315456176,0.127283885,0.00714107096,0.389578936,0.13399052,-0.0218233848,0.0136572659,-0.278088774,-0.0658880949,-0.2,-0.00637052536,0.131957233
685,22318365,-0.229550526,-0.14236711,0.23481147,-0.132574037,0.117498919,-0.739618957,0.224231109,-0.448556453,-0.462061882,-0.381983817,-0.330942988,0.166273966,-0.018364042,-0.0113893688,-0.0943348385,-0.259658317,0.00939991355,-0.0591695166,0.300903999,0.2,-0.142412376,-0.126396763,-0.0264754391,0.0133019173,-0.018364042,0.0943348385,0.00939991355,0.300903999,0.142412376,-0.0264754391,0.0113893688,-0.259658317,-0.0591695166,-0.2,-0.0133019173,0.126396763
686,22342657,-0.182428271,-0.0421646349,0.331716806,-0.226339489,0.166569114,-0.579546392,0.0168965198,-0.439020485,-0.627575636,-0.389056921,-0.265930146,0.367386162,-0.0145942616,-0.00337317079,-0.0507274374,-0.30185277,0.0133255291,-0.0463637114,0.207603434,0.2,-0.175515127,-0.127811384,-0.0212744117,0.029390893,-0.0145942616,0.0507274374,0.0133255291,0.207603434,0.175515127,-0.0212744117,0.00337317079,-0.30185277,-0.0463637114,-0.2,-0.029390893,0.127811384
687,22361382,-0.129363477,0.0475521013,0.333150625,-0.296051592,0.213369772,-0.398711532,-0.128673315,-0.346275002,-0.824469268,-0.334212571,-0.0942962989,0.524092436,-0.0103490782,0.00380416811,-0.0500822186,-0.333223216,0.0170695817,-0.0318969226,0.2,0.2,-0.214893854,-0.116842514,-0.00754370391,0.0419273949,-0.0103490782,0.0500822186,0.0170695817,0.2,0.214893854,-0.00754370391,-0.00380416811,-0.333223216,-0.0318969226,-0.2,-0.0419273949,0.116842514
688,22378483,-0.0472790785,0.148035437,0.288159579,-0.250638723,0.291463017,-0.197367892,-0.256186485,-0.123224549,-0.909142315,-0.191914961,0.134257212,0.597710609,-0.00378232628,0.0118428349,-0.0703281894,-0.312787426,0.0233170414,-0.0157894313,0.2,0.2,-0.23,-0.0883829921,0.010740577,0.0478168488,-0.00378232628,0.0703281894,0.0233170414,0.2,0.23,0.010740577,-0.0118428349,-0.312787426,-0.0157894313,-0.2,-0.0478168488,0.0883829921
689,22403030,0.0417118482,0.230800897,0.209233746,-0.154022858,0.391990393,-0.0391137451,-0.361023068,0.0620475039,-0.917784631,-0.0367650352,0.313031107,0.625971854,0.00333694786,0.0184640718,-0.105844814,-0.269310286,0.0313592315,-0.00312909961,0.2,0.227921377,-0.23,-0.057353007,0.0250424886,0.0500777483,0.00333694786,0.105844814,0.0313592315,0.2,0.23,0.0250424886,-0.0184640718,-0.269310286,-0.00312909961,-0.227921377,-0.0500777483,0.057353007
690,22417807,0.143731087,0.233214393,0.151996166,-0.0611586571,0.465265125,0.0946715176,-0.421881825,0.13022615,-0.908322632,0.0616203547,0.386918187,0.585327208,0.011498487,0.0186571515,-0.131601726,-0.227521396,0.03722121,0.00757372141,0.2,0.258601768,-0.23,-0.0376759291,0.030953455,0.0468261766,0.011498487,0.131601726,0.03722121,0.2,0.23,0.030953455,-0.0186571515,-0.227521396,0.00757372141,-0.258601768,-0.0468261766,0.0376759291
691,22455282,0.233927801,0.142789036,0.0744438693,0.0392602831,0.478854001,0.185505599,-0.416270167,0.13328822,-0.866953909,0.119787134,0.399367213,0.508459389,0.0187142241,0.0114231229,-0.166500259,-0.182332873,0.03830832,0.0148404479,0.2,0.259979699,-0.223390782,-0.0260425732,0.0319493771,0.0406767511,0.0187142241,0.166500259,0.03830832,0.2,0.223390782,0.0319493771,-0.0114231229,-0.182332873,0.0148404479,-0.259979699,-0.0406767511,0.0260425732
692,22460620,0.240138352,0.0245005768,0.00115654571,0.0822666958,0.422446311,0.219562143,-0.337442905,0.0934284627,-0.805067658,0.124400705,0.388038993,0.452212989,0.0192110682,0.00196004614,-0.199479554,-0.162979987,0.0337957048,0.0175649714,0.2,0.242042808,-0.211013532,-0.025119859,0.0310431194,0.0361770391,0.0192110682,0.199479554,0.0337957048,0.2,0.211013532,0.0310431194,-0.00196004614,-0.162979987,0.0175649714,-0.242042808,-0.0361770391,0.025119859
693,22486570,0.126489609,-0.0671824813,-0.050459139,0.0139058661,0.328351825,0.136206031,-0.198268473,-0.00409430731,-0.775119543,-0.0269034002,0.373887539,0.406559855,0.0101191688,-0.0053745985,-0.222706613,-0.19374236,0.026268146,0.0108964825,0.2,0.2,-0.205023909,-0.05538068,0.0299110031,0.0325247884,0.0101191688,0.222706613,0.026268146,0.2,0.205023909,0.0299110031,0.0053745985,-0.19374236,0.0108964825,-0.2,-0.0325247884,0.05538068
694,22502296,-0.131713927,-0.135952294,-0.10524895,-0.0812462568,0.235012516,-0.0937532112,0.0183498543,-0.182832628,-0.768438101,-0.249957144,0.282105953,0.320571572,-0.0105371141,-0.0108761835,-0.247362028,-0.236560816,0.0188010013,-0.0075002569,0.208257434,0.2,-0.20368762,-0.0999914289,0.0225684762,0.0256457257,-0.0105371141,0.247362028,0.0188010013,0.208257434,0.20368762,0.0225684762,0.0108761835,-0.236560816,-0.0075002569,-0.2,-0.0256457257,0.0999914289
695,22518535,-0.415542215,-0.173516184,-0.08491797,-0.164649054,0.1668019,-0.394334882,0.276260078,-0.426372796,-0.69364953,-0.40145734,0.104176119,0.203702271,-0.0332433772,-0.0138812947,-0.238213087,-0.274092074,0.013344152,-0.0315467906,0.324317035,0.2,-0.188729906,-0.130291468,0.00833408952,0.0162961817,-0.0332433772,0.238213087,0.013344152,0.324317035,0.188729906,0.00833408952,0.0138812947,-0.274092074,-0.0315467906,-0.2,-0.0162961817,0.130291468
696,22541379,-0.552539587,-0.181337059,0.0174682159,-0.22588484,0.108981848,-0.671305001,0.474233449,-0.584222198,-0.549681306,-0.468031079,-0.0691732839,0.10937351,-0.044203167,-0.0145069647,-0.192139303,-0.301648178,0.00871854782,-0.0537044001,0.413405052,0.2,-0.159936261,-0.143606216,-0.00553386271,0.00874988079,-0.044203167,0.192139303,0.00871854782,0.413405052,0.159936261,-0.00553386271,0.0145069647,-0.301648178,-0.0537044001,-0.2,-0.00874988079,0.143606216
697,22558869,-0.472850442,-0.183304653,0.127971023,-0.195899457,0.0802706033,-0.798609555,0.478579253,-0.552005768,-0.436648905,-0.432529271,-0.211201057,0.0450208671,-0.0378280354,-0.0146643722,-0.14241304,-0.288154756,0.00642164826,-0.0638887644,0.415360664,0.2,-0.137329781,-0.136505854,-0.0168960845,0.00360166937,-0.0378280354,0.14241304,0.00642164826,0.415360664,0.137329781,-0.0168960845,0.0146643722,-0.288154756,-0.0638887644,-0.2,-0.00360166937,0.136505854
698,22581328,-0.283822119,-0.174151376,0.20151554,-0.128433987,0.103743896,-0.746350586,0.302297503,-0.44151184,-0.423454583,-0.374229223,-0.303070605,0.0693538412,-0.0227057695,-0.0139321101,-0.109318007,-0.257795294,0.00829951167,-0.0597080469,0.336033876,0.2,-0.134690917,-0.124845845,-0.0242456484,0.0055483073,-0.0227057695,0.109318007,0.00829951167,0.336033876,0.134690917,-0.0242456484,0.0139321101,-0.257795294,-0.0597080469,-0.2,-0.0055483073,0.124845845
699,22602417,-0.197653726,-0.0886759013,0.278912902,-0.145843521,0.153453782,-0.626447737,0.0911502019,-0.39515394,-0.504403889,-0.357991815,-0.28194043,0.221218109,-0.0158122981,-0.0070940721,-0.0744891942,-0.265629584,0.0122763026,-0.050115819,0.241017591,0.2,-0.150880778,-0.121598363,-0.0225552344,0.0176974487,-0.0158122981,0.0744891942,0.0122763026,0.241017591,0.150880778,-0.0225552344,0.0070940721,-0.265629584,-0.050115819,-0.2,-0.0176974487,0.121598363
700,22619714,-0.159865677,0.010963805,0.301082075,-0.201361597,0.201150388,-0.473828584,-0.058776848,-0.3340092,-0.627328634,-0.331500977,-0.165857479,0.384744704,-0.0127892542,0.000877104402,-0.0645130664,-0.290612718,0.016092031,-0.0379062867,0.2,0.2,-0.175465727,-0.116300195,-0.0132685983,0.0307795763,-0.0127892542,0.0645130664,0.016092031,0.2,0.175465727,-0.0132685983,-0.000877104402,-0.290612718,-0.0379062867,-0.2,-0.0307795763,0.116300195
701,22639645,-0.0681260675,0.078814432,0.270303547,-0.202705607,0.253364474,-0.266134202,-0.189379901,-0.161916971,-0.715104759,-0.226836428,0.0306472722,0.466301829,-0.0054500854,0.00630515456,-0.0783634037,-0.291217523,0.0202691579,-0.0212907362,0.2,0.2,-0.193020952,-0.0953672856,0.00245178178,0.0373041463,-0.0054500854,0.0783634037,0.0202691579,0.2,0.193020952,0.00245178178,-0.00630515456,-0.291217523,-0.0212907362,-0.2,-0.0373041463,0.0953672856
702,22662669,0.0153150354,0.151959777,0.177831709,-0.138005584,0.316927224,-0.113041557,-0.283553004,-0.0109624248,-0.728167593,-0.0994832143,0.22879979,0.540669501,0.00122520283,0.0121567822,-0.119975731,-0.262102513,0.025354178,-0.00904332459,0.2,0.2,-0.195633519,-0.0698966429,0.0183039832,0.0432535601,0.00122520283,0.119975731,0.025354178,0.2,0.195633519,0.0183039832,-0.0121567822,-0.262102513,-0.00904332459,-0.2,-0.0432535601,0.0698966429
703,22679880,0.0835923105,0.187652454,0.120253414,-0.0754981935,0.368308634,-0.00380300754,-0.336274207,0.061744947,-0.733041525,-0.0172865298,0.340991557,0.565671027,0.00668738484,0.0150121963,-0.145885964,-0.233974187,0.0294646907,-0.000304240603,0.2,0.227785226,-0.196608305,-0.053457306,0.0272793245,0.0452536821,0.00668738484,0.145885964,0.0294646907,0.2,0.196608305,0.0272793245,-0.0150121963,-0.233974187,-0.000304240603,-0.227785226,-0.0452536821,0.053457306
704,22700233,0.143169343,0.143238828,0.0670438558,-0.00380589697,0.391632408,0.0782839358,-0.326117218,0.0746890903,-0.702769041,0.0381644815,0.376374751,0.536020875,0.0114535475,0.0114591062,-0.169830265,-0.201712654,0.0313305926,0.00626271486,0.2,0.233610091,-0.190553808,-0.0423671037,0.0301099801,0.04288167,0.0114535475,0.169830265,0.0313305926,0.2,0.190553808,0.0301099801,-0.0114591062,-0.201712654,0.00626271486,-0.233610091,-0.04288167,0.0423671037
705,22722998,0.161026537,0.0551309325,0.0178808104,0.0295320973,0.359250247,0.102565847,-0.274590343,0.0464000329,-0.646133959,0.04949468,0.365199596,0.478552222,0.012882123,0.0044104746,-0.191953635,-0.186710556,0.0287400198,0.00820526779,0.2,0.220880015,-0.179226792,-0.040101064,0.0292159677,0.0382841778,0.012882123,0.191953635,0.0287400198,0.2,0.179226792,0.0292159677,-0.0044104746,-0.186710556,0.00820526779,-0.220880015,-0.0382841778,0.040101064
706,22745212,0.0869183242,-0.0297329705,-0.0296675079,-0.00886575039,0.283637524,0.0313786156,-0.174246922,-0.0271489359,-0.627291143,-0.0485731773,0.343363523,0.416450649,0.00695346594,-0.00237863764,-0.213350379,-0.203989588,0.0226910019,0.00251028925,0.2,0.2,-0.175458229,-0.0597146355,0.0274690819,0.033316052,0.00695346594,0.213350379,0.0226910019,0.2,0.175458229,0.0274690819,0.00237863764,-0.203989588,0.00251028925,-0.2,-0.033316052,0.0597146355
707,22758271,-0.0906808376,-0.094972305,-0.0561370328,-0.0693714917,0.208391443,-0.121159211,-0.0030187571,-0.162812069,-0.620310903,-0.175346911,0.260443509,0.3372778,-0.00725446701,-0.0075977844,-0.225261665,-0.231217171,0.0166713154,-0.00969273686,0.2,0.2,-0.174062181,-0.0850693822,0.0208354807,0.026982224,-0.00725446701,0.225261665,0.0166713154,0.2,0.174062181,0.0208354807,0.0075977844,-0.231217171,-0.00969273686,-0.2,-0.026982224,0.0850693822
708,22792397,-0.314873874,-0.135737747,-0.0488901995,-0.136996627,0.147983074,-0.347884923,0.209443316,-0.356937945,-0.583654702,-0.304847687,0.115029074,0.239443183,-0.0251899099,-0.0108590198,-0.22200059,-0.261648482,0.0118386459,-0.0278307939,0.294249492,0.2,-0.16673094,-0.110969537,0.00920232594,0.0191554546,-0.0251899099,0.22200059,0.0118386459,0.294249492,0.16673094,0.00920232594,0.0108590198,-0.261648482,-0.0278307939,-0.2,-0.0191554546,0.110969537
709,22798066,-0.4719055,-0.135042682,0.0323578753,-0.205999792,0.106088318,-0.581936538,0.397678792,-0.51446557,-0.484501004,-0.385998636,-0.0489632413,0.165910363,-0.03775244,-0.0108034146,-0.185438956,-0.292699906,0.00848706543,-0.0465549231,0.378955457,0.2,-0.146900201,-0.127199727,-0.0039170593,0.0132728291,-0.03775244,0.185438956,0.00848706543,0.378955457,0.146900201,-0.0039170593,0.0108034146,-0.292699906,-0.0465549231,-0.2,-0.0132728291,0.127199727
710,22819511,-0.441727132,-0.124344811,0.13484244,-0.200557232,0.0928058252,-0.698567986,0.418872654,-0.50644803,-0.379896283,-0.382413834,-0.186814621,0.132258832,-0.0353381705,-0.00994758487,-0.139320902,-0.290250754,0.00742446601,-0.0558854389,0.388492694,0.2,-0.125979257,-0.126482767,-0.0149451697,0.0105807066,-0.0353381705,0.139320902,0.00742446601,0.388492694,0.125979257,-0.0149451697,0.00994758487,-0.290250754,-0.0558854389,-0.2,-0.0105807066,0.126482767
711,22854113,-0.323895544,-0.102979541,0.196203306,-0.154937595,0.125190213,-0.683955848,0.280574322,-0.427944541,-0.374622822,-0.360582501,-0.271031439,0.173676625,-0.0259116435,-0.00823836327,-0.111708512,-0.269721918,0.0100152171,-0.0547164679,0.326258445,0.2,-0.124924564,-0.1221165,-0.0216825151,0.01389413,-0.0259116435,0.111708512,0.0100152171,0.326258445,0.124924564,-0.0216825151,0.00823836327,-0.269721918,-0.0547164679,-0.2,-0.01389413,0.1221165
712,22859950,-0.243034348,-0.0453963093,0.266577154,-0.172395974,0.18025285,-0.580442965,0.0994151756,-0.367630303,-0.453026175,-0.332985044,-0.266083688,0.294283956,-0.0194427478,-0.00363170475,-0.0800402805,-0.277578188,0.014420228,-0.0464354372,0.244736829,0.2,-0.140605235,-0.116597009,-0.021286695,0.0235427165,-0.0194427478,0.0800402805,0.014420228,0.244736829,0.140605235,-0.021286695,0.00363170475,-0.277578188,-0.0464354372,-0.2,-0.0235427165,0.116597009
713,22880612,-0.198102042,0.0313729532,0.298822165,-0.231568232,0.239610821,-0.42184943,-0.0418898538,-0.315621793,-0.578001976,-0.287383765,-0.156068251,0.426121384,-0.0158481634,0.00250983626,-0.065530026,-0.304205704,0.0191688657,-0.0337479544,0.2,0.2,-0.165600395,-0.107476753,-0.01248546,0.0340897107,-0.0158481634,0.065530026,0.0191688657,0.2,0.165600395,-0.01248546,-0.00250983626,-0.304205704,-0.0337479544,-0.2,-0.0340897107,0.107476753
714,22900599,-0.109092094,0.101472914,0.2674658,-0.229921743,0.288281292,-0.235099316,-0.165744305,-0.174681112,-0.677265227,-0.192785129,0.0332867391,0.486618638,-0.00872736752,0.00811783314,-0.07964039,-0.303464784,0.0230625033,-0.0188079453,0.2,0.2,-0.185453045,-0.0885570258,0.00266293913,0.038929491,-0.00872736752,0.07964039,0.0230625033,0.2,0.185453045,0.00266293913,-0.00811783314,-0.303464784,-0.0188079453,-0.2,-0.038929491,0.0885570258
715,22919703,-0.0250550173,0.179902196,0.191968873,-0.160274148,0.345258862,-0.0887653083,-0.258818477,-0.0323139653,-0.699574292,-0.0813122392,0.214599088,0.535795987,-0.00200440139,0.0143921757,-0.113614007,-0.272123367,0.0276207089,-0.00710122466,0.2,0.2,-0.189914858,-0.0662624478,0.017167927,0.0428636789,-0.00200440139,0.113614007,0.0276207089,0.2,0.189914858,0.017167927,-0.0143921757,-0.272123367,-0.00710122466,-0.2,-0.0428636789,0.0662624478
716,22941885,0.0656013787,0.218606323,0.143474355,-0.103361897,0.395716757,0.0229127128,-0.327256501,0.0459463559,-0.727626026,6.97156065e-05,0.317474186,0.540485978,0.00524811029,0.0174885058,-0.13543654,-0.246512854,0.0316573405,0.00183301702,0.2,0.22067586,-0.195525205,-0.0499860569,0.0253979349,0.0432388783,0.00524811029,0.13543654,0.0316573405,0.2,0.195525205,0.0253979349,-0.0174885058,-0.246512854,0.00183301702,-0.22067586,-0.0432388783,0.0499860569
717,22959389,0.161599681,0.184797049,0.0809214041,-0.0376094766,0.421914905,0.0971741453,-0.35684368,0.0759149939,-0.731734097,0.0395814478,0.356930196,0.499307275,0.0129279745,0.0147837639,-0.163585368,-0.216924264,0.0337531924,0.00777393162,0.2,0.234161747,-0.196346819,-0.0420837104,0.0285544157,0.039944582,0.0129279745,0.163585368,0.0337531924,0.2,0.196346819,0.0285544157,-0.0147837639,-0.216924264,0.00777393162,-0.234161747,-0.039944582,0.0420837104
718,22981886,0.224160895,0.0972954109,0.0175551679,0.00936867762,0.412885219,0.121119887,-0.35067746,0.0800165981,-0.71346277,0.0395128503,0.362480193,0.439999372,0.0179328716,0.00778363287,-0.192100174,-0.195784095,0.0330308175,0.00968959093,0.2,0.236007469,-0.192692554,-0.0420974299,0.0289984155,0.0351999497,0.0179328716,0.192100174,0.0330308175,0.2,0.192692554,0.0289984155,-0.00778363287,-0.195784095,0.00968959093,-0.236007469,-0.0351999497,0.0420974299
719,23001019,0.198430151,-0.00539619895,-0.0424933359,0.0201987643,0.358480185,0.0796708763,-0.285505176,0.0387013406,-0.707125008,-0.0297616962,0.354796082,0.389797568,0.0158744121,-0.000431695916,-0.219122001,-0.190910556,0.0286784148,0.0063736701,0.2,0.217415603,-0.191425002,-0.0559523392,0.0283836865,0.0311838055,0.0158744121,0.219122001,0.0286784148,0.2,0.191425002,0.0283836865,0.000431695916,-0.190910556,0.0063736701,-0.217415603,-0.0311838055,0.0559523392
720,23018974,0.0604316518,-0.093497701,-0.0782975927,-0.0221800823,0.285080254,-0.0314342082,-0.144119114,-0.0636820793,-0.71747154,-0.147336021,0.30201757,0.331795901,0.00483453214,-0.00747981608,-0.235233917,-0.209981037,0.0228064203,-0.00251473665,0.2,0.2,-0.193494308,-0.0794672042,0.0241614056,0.0265436721,0.00483453214,0.235233917,0.0228064203,0.2,0.193494308,0.0241614056,0.00747981608,-0.209981037,-0.00251473665,-0.2,-0.0265436721,0.0794672042
721,23044861,-0.185140252,-0.162428662,-0.105884254,-0.0812208503,0.214839637,-0.228599444,0.0739537105,-0.238894597,-0.717289746,-0.280066848,0.182040751,0.250163138,-0.0148112202,-0.012994293,-0.247647914,-0.236549383,0.017187171,-0.0182879555,0.23327917,0.2,-0.193457949,-0.10601337,0.0145632601,0.020013051,-0.0148112202,0.247647914,0.017187171,0.23327917,0.193457949,0.0145632601,0.012994293,-0.236549383,-0.0182879555,-0.2,-0.020013051,0.10601337
722,23058848,-0.417889804,-0.188867524,-0.0490065329,-0.159848586,0.154027641,-0.473397523,0.304516733,-0.448725253,-0.617026031,-0.384669244,0.0145710278,0.163357377,-0.0334311843,-0.0151094019,-0.22205294,-0.271931864,0.0123222113,-0.0378718019,0.33703253,0.2,-0.173405206,-0.126933849,0.00116568223,0.0130685902,-0.0334311843,0.22205294,0.0123222113,0.33703253,0.173405206,0.00116568223,0.0151094019,-0.271931864,-0.0378718019,-0.2,-0.0130685902,0.126933849
723,23082355,-0.47485435,-0.183237389,0.0723882541,-0.207802489,0.103374355,-0.671086669,0.440395296,-0.538254023,-0.458574712,-0.404825002,-0.145819381,0.0927493647,-0.037988348,-0.0146589911,-0.167425286,-0.29351112,0.00826994836,-0.0536869335,0.398177883,0.2,-0.141714942,-0.130965,-0.0116655505,0.00741994917,-0.037988348,0.167425286,0.00826994836,0.398177883,0.141714942,-0.0116655505,0.0146589911,-0.29351112,-0.0536869335,-0.2,-0.00741994917,0.130965
724,23097480,-0.387004346,-0.170215055,0.161597267,-0.195566341,0.0848583207,-0.739609718,0.40410924,-0.527858198,-0.396017045,-0.403530419,-0.260538638,0.0886362791,-0.0309603477,-0.0136172044,-0.12728123,-0.288004854,0.00678866565,-0.0591687775,0.381849158,0.2,-0.129203409,-0.130706084,-0.020843091,0.00709090233,-0.0309603477,0.12728123,0.00678866565,0.381849158,0.129203409,-0.020843091,0.0136172044,-0.288004854,-0.0591687775,-0.2,-0.00709090233,0.130706084
725,23121709,-0.230484828,-0.144175917,0.246524587,-0.172502488,0.119917311,-0.650881827,0.220807955,-0.444633365,-0.463365376,-0.374559581,-0.324686408,0.176201344,-0.0184387863,-0.0115340734,-0.0890639357,-0.27762612,0.00959338486,-0.0520705462,0.29936358,0.2,-0.142673075,-0.124911916,-0.0259749126,0.0140961075,-0.0184387863,0.0890639357,0.00959338486,0.29936358,0.142673075,-0.0259749126,0.0115340734,-0.27762612,-0.0520705462,-0.2,-0.0140961075,0.124911916
726,23138915,-0.16942881,-0.0467192382,0.325259268,-0.236090779,0.177825034,-0.498793811,0.00911089219,-0.406508565,-0.628819346,-0.352744967,-0.272000045,0.362330079,-0.0135543048,-0.00373753905,-0.0536333293,-0.306240851,0.0142260027,-0.0399035048,0.204099901,0.2,-0.175763869,-0.120548993,-0.0217600036,0.0289864063,-0.0135543048,0.0536333293,0.0142260027,0.204099901,0.175763869,-0.0217600036,0.00373753905,-0.306240851,-0.0399035048,-0.2,-0.0289864063,0.120548993
727,23160561,-0.135228693,0.0734477341,0.338975191,-0.285938799,0.25918147,-0.323137403,-0.147071719,-0.285498708,-0.797535181,-0.276772171,-0.0824125484,0.526947618,-0.0108182955,0.00587581873,-0.047461164,-0.32867246,0.0207345176,-0.0258509922,0.2,0.2,-0.209507036,-0.105354434,-0.00659300387,0.0421558094,-0.0108182955,0.047461164,0.0207345176,0.2,0.209507036,-0.00659300387,-0.00587581873,-0.32867246,-0.0258509922,-0.2,-0.0421558094,0.105354434
728,23187756,-0.0630310476,0.192508042,0.288086861,-0.251443893,0.348083287,-0.141760886,-0.273336083,-0.0867930949,-0.873322427,-0.148654997,0.162712485,0.612061679,-0.00504248381,0.0154006433,-0.0703609124,-0.313149752,0.027846663,-0.0113408709,0.2,0.2,-0.224664485,-0.0797309995,0.0130169988,0.0489649343,-0.00504248381,0.0703609124,0.027846663,0.2,0.224664485,0.0130169988,-0.0154006433,-0.313149752,-0.0113408709,-0.2,-0.0489649343,0.0797309995
729,23202364,0.0449614413,0.267158985,0.211889505,-0.158076003,0.439881295,0.00512982253,-0.375301719,0.0744743869,-0.890890837,-0.00892884657,0.331046522,0.630265832,0.0035969153,0.0213727188,-0.104649723,-0.271134201,0.0351905036,0.000410385802,0.2,0.233513474,-0.228178167,-0.0517857693,0.0264837217,0.0504212666,0.0035969153,0.104649723,0.0351905036,0.2,0.228178167,0.0264837217,-0.0213727188,-0.271134201,0.000410385802,-0.233513474,-0.0504212666,0.0517857693
730,23217570,0.140134081,0.251989931,0.156151623,-0.0619362034,0.496350795,0.126064464,-0.410339326,0.121348113,-0.876528263,0.0843579769,0.390090585,0.585714638,0.0112107265,0.0201591945,-0.12973177,-0.227871292,0.0397080636,0.0100851572,0.2,0.254606651,-0.225305653,-0.0331284046,0.0312072468,0.0468571711,0.0112107265,0.12973177,0.0397080636,0.2,0.225305653,0.0312072468,-0.0201591945,-0.227871292,0.0100851572,-0.254606651,-0.0468571711,0.0331284046
731,23243559,0.177933693,0.158328056,0.0994586572,0.0195657983,0.493034512,0.216254145,-0.35999167,0.0965082049,-0.817175269,0.146829337,0.392961174,0.525330305,0.0142346954,0.0126662445,-0.155243604,-0.191195391,0.0394427609,0.0173003316,0.2,0.243428692,-0.213435054,-0.0206341326,0.0314368939,0.0420264244,0.0142346954,0.155243604,0.0394427609,0.2,0.213435054,0.0314368939,-0.0126662445,-0.191195391,0.0173003316,-0.243428692,-0.0420264244,0.0206341326
732,23258559,0.144991964,0.0475143902,0.0272874627,0.0379874855,0.419847339,0.234046549,-0.260593325,0.0379533991,-0.746943653,0.12679778,0.385317117,0.483790874,0.0115993571,0.00380115122,-0.187720642,-0.182905632,0.0335877872,0.0187237239,0.2,0.21707903,-0.199388731,-0.0246404439,0.0308253694,0.03870327,0.0115993571,0.187720642,0.0335877872,0.2,0.199388731,0.0308253694,-0.00380115122,-0.182905632,0.0187237239,-0.21707903,-0.03870327,0.0246404439
733,23291007,0.00782490335,-0.0313545465,-0.0173493586,-0.0555047207,0.322043806,0.126611054,-0.121538885,-0.0730345547,-0.706037402,-0.0396600775,0.357446998,0.436394006,0.000625992268,-0.00250836372,-0.207807211,-0.224977124,0.0257635045,0.0101288843,0.2,0.2,-0.19120748,-0.0579320155,0.0285957599,0.0349115205,0.000625992268,0.207807211,0.0257635045,0.2,0.19120748,0.0285957599,0.00250836372,-0.224977124,0.0101288843,-0.2,-0.0349115205,0.0579320155
734,23302288,-0.248214409,-0.0881391764,-0.0624057911,-0.15348655,0.228964001,-0.115626909,0.0899670348,-0.263134152,-0.698191166,-0.266919941,0.254465699,0.345505655,-0.0198571527,-0.00705113411,-0.228082606,-0.269068947,0.0183171201,-0.00925015271,0.240485166,0.2,-0.189638233,-0.103383988,0.0203572559,0.0276404524,-0.0198571527,0.228082606,0.0183171201,0.240485166,0.189638233,0.0203572559,0.00705113411,-0.269068947,-0.00925015271,-0.2,-0.0276404524,0.103383988
735,23318659,-0.489281148,-0.114610642,-0.00434922241,-0.240877092,0.168186963,-0.390090525,0.345875263,-0.490690112,-0.622670531,-0.39068374,0.0775041059,0.236736447,-0.0391424918,-0.00916885138,-0.20195715,-0.308394691,0.013454957,-0.031207242,0.355643868,0.2,-0.174534106,-0.128136748,0.00620032847,0.0189389157,-0.0391424918,0.20195715,0.013454957,0.355643868,0.174534106,0.00620032847,0.00916885138,-0.308394691,-0.031207242,-0.2,-0.0189389157,0.128136748
736,23341811,-0.545431376,-0.107279152,0.0892943516,-0.261805713,0.116233043,-0.628075778,0.483314008,-0.580436528,-0.497497976,-0.422700316,-0.0772579759,0.185367718,-0.04363451,-0.00858233213,-0.159817542,-0.317812571,0.00929864347,-0.0502460623,0.417491303,0.2,-0.149499595,-0.134540063,-0.00618063807,0.0148294175,-0.04363451,0.159817542,0.00929864347,0.417491303,0.149499595,-0.00618063807,0.00858233213,-0.317812571,-0.0502460623,-0.2,-0.0148294175,0.134540063
737,23358241,-0.451901168,-0.0869867057,0.168120578,-0.194170803,0.117206708,-0.719376922,0.409154981,-0.519545078,-0.440647066,-0.389239103,-0.205635741,0.189705163,-0.0361520934,-0.00695893645,-0.12434574,-0.287376861,0.00937653661,-0.0575501537,0.384119742,0.2,-0.138129413,-0.127847821,-0.0164508593,0.0151764131,-0.0361520934,0.12434574,0.00937653661,0.384119742,0.138129413,-0.0164508593,0.00695893645,-0.287376861,-0.0575501537,-0.2,-0.0151764131,0.127847821
738,23380238,-0.321989715,-0.0488505661,0.230820164,-0.146452934,0.157998711,-0.681803167,0.227532461,-0.429078162,-0.473057359,-0.349998921,-0.261082888,0.257510006,-0.0257591772,-0.00390804529,-0.0961309262,-0.26590382,0.0126398969,-0.0545442533,0.302389608,0.2,-0.144611472,-0.119999784,-0.020886631,0.0206008005,-0.0257591772,0.0961309262,0.0126398969,0.302389608,0.144611472,-0.020886631,0.00390804529,-0.26590382,-0.0545442533,-0.2,-0.0206008005,0.119999784
739,23398886,-0.253276438,0.0228805132,0.303441733,-0.204308599,0.197659135,-0.560189068,0.0326996483,-0.398517311,-0.589159846,-0.342107892,-0.219727755,0.382260203,-0.020262115,0.00183044106,-0.0634512201,-0.29193887,0.0158127308,-0.0448151255,0.214714842,0.2,-0.167831969,-0.118421578,-0.0175782204,0.0305808163,-0.020262115,0.0634512201,0.0158127308,0.214714842,0.167831969,-0.0175782204,-0.00183044106,-0.29193887,-0.0448151255,-0.2,-0.0305808163,0.118421578
740,23423905,-0.171847627,0.0865835696,0.311090797,-0.249862283,0.2309293,-0.39230445,-0.115924649,-0.288852423,-0.717687845,-0.278390348,-0.0792951956,0.474337429,-0.0137478101,0.00692668557,-0.0600091413,-0.312438028,0.018474344,-0.031384356,0.2,0.2,-0.193537569,-0.10567807,-0.00634361565,0.0379469943,-0.0137478101,0.0600091413,0.018474344,0.2,0.193537569,-0.00634361565,-0.00692668557,-0.312438028,-0.031384356,-0.2,-0.0379469943,0.10567807
741,23443263,-0.0775005594,0.161297813,0.244730994,-0.218100086,0.280785918,-0.223491743,-0.228925318,-0.115012221,-0.779854953,-0.155488566,0.117083311,0.547574878,-0.00620004475,0.012903825,-0.0898710527,-0.298145039,0.0224628735,-0.0178793395,0.2,0.2,-0.205970991,-0.0810977131,0.00936666489,0.0438059902,-0.00620004475,0.0898710527,0.0224628735,0.2,0.205970991,0.00936666489,-0.012903825,-0.298145039,-0.0178793395,-0.2,-0.0438059902,0.0810977131
742,23461868,0.0366459303,0.220744714,0.16569452,-0.149120763,0.34704259,-0.0893476233,-0.323508352,0.0386778973,-0.803256929,-0.0321366191,0.27183339,0.57945621,0.00293167442,0.0176595771,-0.125437466,-0.267104343,0.0277634072,-0.00714780986,0.2,0.217405054,-0.210651386,-0.0564273238,0.0217466712,0.0463564968,0.00293167442,0.125437466,0.0277634072,0.2,0.210651386,0.0217466712,-0.0176595771,-0.267104343,-0.00714780986,-0.217405054,-0.0463564968,0.0564273238
743,23480371,0.144785076,0.211405709,0.100758471,-0.0565198176,0.402806729,0.0252091121,-0.37050122,0.1080034,-0.796124756,0.053142868,0.351207763,0.563025296,0.0115828061,0.0169124568,-0.154658688,-0.225433918,0.0322245383,0.00201672897,0.2,0.24860153,-0.209224951,-0.0393714264,0.028096621,0.0450420237,0.0115828061,0.154658688,0.0322245383,0.2,0.209224951,0.028096621,-0.0169124568,-0.225433918,0.00201672897,-0.24860153,-0.0450420237,0.0393714264
744,23500293,0.24212122,0.124664374,0.030214591,0.0276695136,0.411643326,0.102992877,-0.37771073,0.125068352,-0.769640863,0.0891131163,0.372543097,0.508821428,0.0193696976,0.0099731499,-0.186403434,-0.187548719,0.0329314661,0.00823943019,0.2,0.256280758,-0.203928173,-0.0321773767,0.0298034477,0.0407057142,0.0193696976,0.186403434,0.0329314661,0.2,0.203928173,0.0298034477,-0.0099731499,-0.187548719,0.00823943019,-0.256280758,-0.0407057142,0.0321773767
745,23521399,0.257252842,0.00892565586,-0.0395545401,0.0563907884,0.368562847,0.10952989,-0.326825529,0.0917488784,-0.764534056,0.0380829573,0.370310187,0.450756937,0.0205802274,0.000714052469,-0.217799543,-0.174624145,0.0294850278,0.00876239121,0.2,0.241286995,-0.202906811,-0.0423834085,0.029624815,0.036060555,0.0205802274,0.217799543,0.0294850278,0.2,0.202906811,0.029624815,-0.000714052469,-0.174624145,0.00876239121,-0.241286995,-0.036060555,0.0423834085
746,23540382,0.12599875,-0.0922327787,-0.0977686495,0.00651874626,0.294210374,0.00663992111,-0.184118211,-0.0129934391,-0.799986243,-0.121717609,0.3312805,0.383840412,0.0100799,-0.00737862229,-0.243995892,-0.197066564,0.0235368299,0.000531193689,0.2,0.2,-0.209997249,-0.0743435219,0.02650244,0.030707233,0.0100799,0.243995892,0.0235368299,0.2,0.209997249,0.02650244,0.00737862229,-0.197066564,0.000531193689,-0.2,-0.030707233,0.0743435219
747,23561434,-0.17816332,-0.172261015,-0.162647203,-0.0748816282,0.228341132,-0.230247393,0.0576967858,-0.218694672,-0.860147238,-0.335704029,0.21011202,0.278374285,-0.0142530656,-0.0137808812,-0.273191241,-0.233696733,0.0182672906,-0.0184197915,0.225963554,0.2,-0.222029448,-0.117140806,0.0168089616,0.0222699428,-0.0142530656,0.273191241,0.0182672906,0.225963554,0.222029448,0.0168089616,0.0137808812,-0.233696733,-0.0184197915,-0.2,-0.0222699428,0.117140806
748,23584045,-0.499674082,-0.209698394,-0.139979631,-0.163699791,0.179282233,-0.543590903,0.341195524,-0.494011879,-0.795058966,-0.50780201,0.0245633759,0.166672438,-0.0399739265,-0.0167758715,-0.262990834,-0.273664906,0.0143425786,-0.0434872723,0.353537986,0.2,-0.209011793,-0.151560402,0.00196507007,0.0133337951,-0.0399739265,0.262990834,0.0143425786,0.353537986,0.209011793,0.00196507007,0.0167758715,-0.273664906,-0.0434872723,-0.2,-0.0133337951,0.151560402
749,23600469,-0.589712799,-0.230849713,0.0172130093,-0.220102638,0.124742948,-0.788533032,0.521077454,-0.621413589,-0.631213069,-0.534962893,-0.141445339,0.0650541857,-0.0471770239,-0.018467977,-0.192254146,-0.299046187,0.0099794358,-0.0630826426,0.434484854,0.2,-0.176242614,-0.156992579,-0.0113156271,0.00520433486,-0.0471770239,0.192254146,0.0099794358,0.434484854,0.176242614,-0.0113156271,0.018467977,-0.299046187,-0.0630826426,-0.2,-0.00520433486,0.156992579
750,23618303,-0.450160116,-0.229184508,0.151456028,-0.18310532,0.091795601,-0.865328908,0.488086313,-0.563511789,-0.518310487,-0.457465321,-0.277138472,0.022402022,-0.0360128093,-0.0183347607,-0.131844787,-0.282397394,0.00734364808,-0.0692263126,0.419638841,0.2,-0.153662097,-0.141493064,-0.0221710777,0.00179216176,-0.0360128093,0.131844787,0.00734364808,0.419638841,0.153662097,-0.0221710777,0.0183347607,-0.282397394,-0.0692263126,-0.2,-0.00179216176,0.141493064
751,23638993,-0.262204319,-0.191994458,0.233040676,-0.131139874,0.110069871,-0.797851443,0.294705093,-0.477625489,-0.519627035,-0.40791887,-0.34399873,0.108431801,-0.0209763455,-0.0153595567,-0.095131696,-0.259012944,0.00880558968,-0.0638281155,0.332617292,0.2,-0.153925407,-0.131583774,-0.0275198984,0.0086745441,-0.0209763455,0.095131696,0.00880558968,0.332617292,0.153925407,-0.0275198984,0.0153595567,-0.259012944,-0.0638281155,-0.2,-0.0086745441,0.131583774
752,23660481,-0.18974857,-0.0802541748,0.343350887,-0.201375306,0.163313404,-0.627292752,0.070076324,-0.44929105,-0.658864915,-0.402174741,-0.28281948,0.309208274,-0.0151798856,-0.00642033398,-0.0454921007,-0.290618888,0.0130650723,-0.0501834202,0.231534346,0.2,-0.181772983,-0.130434948,-0.0226255584,0.0247366619,-0.0151798856,0.0454921007,0.0130650723,0.231534346,0.181772983,-0.0226255584,0.00642033398,-0.290618888,-0.0501834202,-0.2,-0.0247366619,0.130434948
753,23689017,-0.176966265,0.0472944081,0.359144002,-0.265483201,0.215125054,-0.4569453,-0.0822682902,-0.387225956,-0.81838578,-0.37482515,-0.12125399,0.507802665,-0.0141573012,0.00378355265,-0.038385199,-0.31946744,0.0172100043,-0.036555624,0.2,0.2,-0.213677156,-0.12496503,-0.00970031917,0.0406242132,-0.0141573012,0.038385199,0.0172100043,0.2,0.213677156,-0.00970031917,-0.00378355265,-0.31946744,-0.036555624,-0.2,-0.0406242132,0.12496503
754,23699259,-0.149503872,0.168794632,0.339389086,-0.25845629,0.294195056,-0.251998484,-0.199792251,-0.188322037,-0.903217912,-0.254926592,0.121767834,0.626330793,-0.0119603097,0.0135035706,-0.0472749114,-0.31630533,0.0235356045,-0.0201598787,0.2,0.2,-0.23,-0.100985318,0.00974142671,0.0501064634,-0.0119603097,0.0472749114,0.0235356045,0.2,0.23,0.00974142671,-0.0135035706,-0.31630533,-0.0201598787,-0.2,-0.0501064634,0.100985318
755,23718361,-0.116459832,0.266652912,0.278228402,-0.207743362,0.374031454,-0.0792851672,-0.26858139,-0.0274566486,-0.91272682,-0.103115328,0.300367147,0.688722193,-0.00931678653,0.021332233,-0.074797219,-0.293484513,0.0299225163,-0.00634281337,0.2,0.2,-0.23,-0.0706230655,0.0240293717,0.0550977755,-0.00931678653,0.074797219,0.0299225163,0.2,0.23,0.0240293717,-0.021332233,-0.293484513,-0.00634281337,-0.2,-0.0550977755,0.0706230655
756,23751052,-0.0707141459,0.310243547,0.222966954,-0.154506639,0.431736678,0.0506221727,-0.311422139,0.0262626298,-0.917136252,0.00697631389,0.374903083,0.685046434,-0.00565713167,0.0248194838,-0.0996648706,-0.269527987,0.0345389342,0.00404977381,0.2,0.211818183,-0.23,-0.0486047372,0.0299922466,0.0548037148,-0.00565713167,0.0996648706,0.0345389342,0.2,0.23,0.0299922466,-0.0248194838,-0.269527987,0.00404977381,-0.211818183,-0.0548037148,0.0486047372
757,23759731,-0.00900401361,0.268272728,0.177697048,-0.091668427,0.458937854,0.141682193,-0.303776264,0.0429419093,-0.877830207,0.0854391679,0.385063201,0.610662818,-0.000720321089,0.0214618182,-0.120036329,-0.241250792,0.0367150283,0.0113345754,0.2,0.219323859,-0.225566041,-0.0329121664,0.0308050561,0.0488530254,-0.000720321089,0.120036329,0.0367150283,0.2,0.225566041,0.0308050561,-0.0214618182,-0.241250792,0.0113345754,-0.219323859,-0.0488530254,0.0329121664
758,23778721,0.00457893219,0.192726627,0.140593067,-0.0701331124,0.440710485,0.192382753,-0.230698347,0.0137965307,-0.79029882,0.135932118,0.365016252,0.520202935,0.000366314575,0.0154181302,-0.13673312,-0.231559901,0.0352568388,0.0153906202,0.2,0.206208439,-0.208059764,-0.0228135765,0.0292013001,0.0416162348,0.000366314575,0.13673312,0.0352568388,0.2,0.208059764,0.0292013001,-0.0154181302,-0.231559901,0.0153906202,-0.206208439,-0.0416162348,0.0228135765
759,23800976,-0.0425175168,0.115899466,0.099378176,-0.0926391929,0.38072753,0.182967082,-0.12056043,-0.0557643399,-0.682836533,0.107776083,0.352051079,0.456699342,-0.00340140134,0.00927195728,-0.155279821,-0.241687637,0.0304582024,0.0146373665,0.2,0.2,-0.186567307,-0.0284447834,0.0281640863,0.0365359473,-0.00340140134,0.155279821,0.0304582024,0.2,0.186567307,0.0281640863,-0.00927195728,-0.241687637,0.0146373665,-0.2,-0.0365359473,0.0284447834
760,23821968,-0.130011663,0.0756849349,0.0736847892,-0.145534188,0.299918264,0.0922083259,-0.0176527314,-0.138269424,-0.599431157,0.00504302513,0.328827024,0.41580084,-0.010400933,0.00605479479,-0.166841845,-0.265490384,0.0239934611,0.00737666607,0.2,0.2,-0.169886231,-0.048991395,0.0263061619,0.0332640672,-0.010400933,0.166841845,0.0239934611,0.2,0.169886231,0.0263061619,-0.00605479479,-0.265490384,0.00737666607,-0.2,-0.0332640672,0.048991395
761,23838396,-0.260788888,0.0522364862,0.0640732571,-0.197868913,0.226698309,-0.0599987768,0.104517929,-0.243078336,-0.54093498,-0.101694785,0.255229563,0.390440345,-0.020863111,0.0041789189,-0.171167034,-0.289041011,0.0181358647,-0.00479990214,0.247033068,0.2,-0.158186996,-0.070338957,0.020418365,0.0312352276,-0.020863111,0.171167034,0.0181358647,0.247033068,0.158186996,0.020418365,-0.0041789189,-0.289041011,-0.00479990214,-0.2,-0.0312352276,0.070338957
762,23862062,-0.405072361,0.0538114384,0.0806641504,-0.231027111,0.182205096,-0.241623729,0.240818709,-0.361068428,-0.473216742,-0.179034442,0.13805443,0.394327283,-0.0324057889,0.00430491507,-0.163701132,-0.3039622,0.0145764077,-0.0193298984,0.308368419,0.2,-0.144643348,-0.0858068883,0.0110443544,0.0315461826,-0.0324057889,0.163701132,0.0145764077,0.308368419,0.144643348,0.0110443544,-0.00430491507,-0.3039622,-0.0193298984,-0.2,-0.0315461826,0.0858068883
763,23879499,-0.4531551,0.0526967011,0.11142318,-0.205606282,0.16047658,-0.402675778,0.290828079,-0.389284879,-0.390908241,-0.20987691,-0.00595364906,0.398374557,-0.036252408,0.00421573609,-0.149859569,-0.292522827,0.0128381264,-0.0322140622,0.330872636,0.2,-0.128181648,-0.091975382,-0.000476291925,0.0318699646,-0.036252408,0.149859569,0.0128381264,0.330872636,0.128181648,-0.000476291925,-0.00421573609,-0.292522827,-0.0322140622,-0.2,-0.0318699646,0.091975382
764,23899899,-0.408243865,0.0413933322,0.139749095,-0.170193672,0.165222123,-0.490278721,0.237104475,-0.363102317,-0.357497245,-0.213132918,-0.118528508,0.405355722,-0.0326595092,0.00331146657,-0.137112907,-0.276587152,0.0132177699,-0.0392222977,0.306697014,0.2,-0.121499449,-0.0926265836,-0.00948228061,0.0324284577,-0.0326595092,0.137112907,0.0132177699,0.306697014,0.121499449,-0.00948228061,-0.00331146657,-0.276587152,-0.0392222977,-0.2,-0.0324284577,0.0926265836
765,23929750,-0.340444386,0.0398529507,0.175256833,-0.168103918,0.181615919,-0.500231981,0.144860551,-0.335564882,-0.364936948,-0.20456779,-0.167247608,0.422494709,-0.0272355509,0.00318823606,-0.121134425,-0.275646763,0.0145292735,-0.0400185585,0.265187248,0.2,-0.12298739,-0.090913558,-0.0133798087,0.0337995768,-0.0272355509,0.121134425,0.0145292735,0.265187248,0.12298739,-0.0133798087,-0.00318823606,-0.275646763,-0.0400185585,-0.2,-0.0337995768,0.090913558
766,23941700,-0.284135401,0.0470087267,0.204255283,-0.219860494,0.198527262,-0.437921286,0.0692143515,-0.332466125,-0.423989713,-0.19937174,-0.13774316,0.440504044,-0.0227308321,0.00376069814,-0.108085123,-0.298937222,0.0158821809,-0.0350337029,0.231146458,0.2,-0.134797943,-0.089874348,-0.0110194528,0.0352403235,-0.0227308321,0.108085123,0.0158821809,0.231146458,0.134797943,-0.0110194528,-0.00376069814,-0.298937222,-0.0350337029,-0.2,-0.0352403235,0.089874348
767,23958754,-0.228011996,0.0606519133,0.217421189,-0.253970742,0.223015368,-0.333495617,0.0143294316,-0.294845432,-0.501492321,-0.168800354,-0.0616287552,0.449458271,-0.0182409596,0.00485215306,-0.102160465,-0.314286834,0.0178412294,-0.0266796494,0.206448244,0.2,-0.150298464,-0.0837600708,-0.00493030041,0.0359566617,-0.0182409596,0.102160465,0.0178412294,0.206448244,0.150298464,-0.00493030041,-0.00485215306,-0.314286834,-0.0266796494,-0.2,-0.0359566617,0.0837600708
768,23977466,-0.188039273,0.10381373,0.196851045,-0.221780464,0.256809741,-0.237476423,-0.0295572393,-0.215076596,-0.531656861,-0.108676448,0.0343342461,0.482470632,-0.0150431418,0.00830509841,-0.11141703,-0.299801209,0.0205447793,-0.0189981139,0.2,0.2,-0.156331372,-0.0717352897,0.00274673969,0.0385976505,-0.0150431418,0.11141703,0.0205447793,0.2,0.156331372,0.00274673969,-0.00830509841,-0.299801209,-0.0189981139,-0.2,-0.0385976505,0.0717352897
769,23998975,-0.150146499,0.16651845,0.17521295,-0.185068384,0.289325148,-0.157044828,-0.0918422118,-0.133634821,-0.546185851,-0.049204506,0.122789532,0.536923409,-0.0120117199,0.013321476,-0.121154173,-0.283280773,0.0231460118,-0.0125635862,0.2,0.2,-0.15923717,-0.0598409012,0.00982316256,0.0429538727,-0.0120117199,0.121154173,0.0231460118,0.2,0.15923717,0.00982316256,-0.013321476,-0.283280773,-0.0125635862,-0.2,-0.0429538727,0.0598409012
770,24019701,-0.085023731,0.192617118,0.133242399,-0.144332975,0.307998776,-0.102683835,-0.16019395,-0.0693543702,-0.568450093,-0.00374835869,0.184744686,0.568271339,-0.00680189848,0.0154093695,-0.140040921,-0.264949839,0.0246399021,-0.00821470678,0.2,0.2,-0.163690019,-0.0507496717,0.0147795749,0.0454617071,-0.00680189848,0.140040921,0.0246399021,0.2,0.163690019,0.0147795749,-0.0154093695,-0.264949839,-0.00821470678,-0.2,-0.0454617071,0.0507496717
771,24040455,0.00555207673,0.161407903,0.074158363,-0.100972652,0.30364719,-0.0757979155,-0.210306406,-0.0250853226,-0.589735687,0.0209760386,0.214443162,0.556455731,0.000444166139,0.0129126322,-0.166628737,-0.245437694,0.0242917752,-0.00606383324,0.2,0.2,-0.167947137,-0.0458047923,0.017155453,0.0445164585,0.000444166139,0.166628737,0.0242917752,0.2,0.167947137,0.017155453,-0.0129126322,-0.245437694,-0.00606383324,-0.2,-0.0445164585,0.0458047923
772,24067189,0.0805204511,0.0930851772,0.0190229584,-0.0711863786,0.282221347,-0.074224472,-0.224091068,-0.00517390249,-0.609642506,0.0183811877,0.222933307,0.517226398,0.00644163609,0.00744681418,-0.191439669,-0.23203387,0.0225777078,-0.00593795776,0.2,0.2,-0.171928501,-0.0463237625,0.0178346646,0.0413781118,0.00644163609,0.191439669,0.0225777078,0.2,0.171928501,0.0178346646,-0.00744681418,-0.23203387,-0.00593795776,-0.2,-0.0413781118,0.0463237625
773,24079954,0.106571361,0.0114484159,-0.0398972519,-0.0416456796,0.247018248,-0.10828194,-0.197729558,-0.014357945,-0.632227421,-0.0157716163,0.21574907,0.469876915,0.00852570891,0.000915873274,-0.217953763,-0.218740556,0.0197614598,-0.00866255522,0.2,0.2,-0.176445484,-0.0531543233,0.0172599256,0.0375901532,0.00852570891,0.217953763,0.0197614598,0.2,0.176445484,0.0172599256,-0.000915873274,-0.218740556,-0.00866255522,-0.2,-0.0375901532,0.0531543233
774,24103638,0.0584379956,-0.0718109012,-0.0824409276,-0.0373175368,0.205084667,-0.181222126,-0.128573671,-0.0667150468,-0.673799217,-0.0831915364,0.173462212,0.403362781,0.00467503965,-0.00574487209,-0.237098417,-0.216792892,0.0164067733,-0.0144977701,0.2,0.2,-0.184759843,-0.0666383073,0.013876977,0.0322690225,0.00467503965,0.237098417,0.0164067733,0.2,0.184759843,0.013876977,0.00574487209,-0.216792892,-0.0144977701,-0.2,-0.0322690225,0.0666383073
775,24121352,-0.0715293214,-0.149145767,-0.10005258,-0.0450340249,0.166125715,-0.298842996,0.00640551932,-0.183536172,-0.685954213,-0.162534699,0.0866174549,0.322372884,-0.00572234571,-0.0119316614,-0.245023661,-0.220265311,0.0132900572,-0.0239074397,0.202882484,0.2,-0.187190843,-0.0825069398,0.00692939639,0.0257898307,-0.00572234571,0.245023661,0.0132900572,0.202882484,0.187190843,0.00692939639,0.0119316614,-0.220265311,-0.0239074397,-0.2,-0.0257898307,0.0825069398
776,24141387,-0.243035987,-0.191098943,-0.0690523908,-0.0913228765,0.13405849,-0.459046125,0.177666888,-0.336690277,-0.617181838,-0.258624911,-0.0201301761,0.247143209,-0.019442879,-0.0152879155,-0.231073576,-0.241095294,0.0107246792,-0.03672369,0.279950099,0.2,-0.173436368,-0.101724982,-0.00161041409,0.0197714567,-0.019442879,0.231073576,0.0107246792,0.279950099,0.173436368,-0.00161041409,0.0152879155,-0.241095294,-0.03672369,-0.2,-0.0197714567,0.101724982
777,24162100,-0.366820425,-0.184312865,0.00979902875,-0.147265494,0.110098101,-0.62172693,0.331512392,-0.454841435,-0.469921023,-0.322905332,-0.132103026,0.189004049,-0.029345634,-0.0147450292,-0.195590437,-0.266269472,0.0088078481,-0.0497381544,0.349180576,0.2,-0.143984205,-0.114581066,-0.0105682421,0.0151203239,-0.029345634,0.195590437,0.0088078481,0.349180576,0.143984205,-0.0105682421,0.0147450292,-0.266269472,-0.0497381544,-0.2,-0.0151203239,0.114581066
778,24191868,-0.380119175,-0.158468977,0.107815698,-0.185171127,0.0971459821,-0.722383261,0.38748911,-0.512001514,-0.353179783,-0.355130076,-0.223518342,0.167560369,-0.030409534,-0.0126775181,-0.151482936,-0.283327007,0.00777167857,-0.0577906609,0.3743701,0.2,-0.120635957,-0.121026015,-0.0178814673,0.0134048295,-0.030409534,0.151482936,0.00777167857,0.3743701,0.120635957,-0.0178814673,0.0126775181,-0.283327007,-0.0577906609,-0.2,-0.0134048295,0.121026015
779,24201318,-0.300540417,-0.152292728,0.182830349,-0.192261443,0.10076905,-0.721261561,0.332371801,-0.518776119,-0.365479469,-0.379503667,-0.28802228,0.194120049,-0.0240432334,-0.0121834183,-0.117726343,-0.286517649,0.00806152403,-0.0577009249,0.349567311,0.2,-0.123095894,-0.125900733,-0.0230417824,0.015529604,-0.0240432334,0.117726343,0.00806152403,0.349567311,0.123095894,-0.0230417824,0.0121834183,-0.286517649,-0.0577009249,-0.2,-0.015529604,0.125900733
780,24218172,-0.198839828,-0.135200739,0.238042995,-0.193097576,0.119547889,-0.637723148,0.18878004,-0.484222978,-0.472902715,-0.389126062,-0.309440583,0.282928914,-0.0159071863,-0.0108160591,-0.0928806521,-0.286893909,0.00956383109,-0.0510178518,0.284951018,0.2,-0.144580543,-0.127825212,-0.0247552466,0.0226343131,-0.0159071863,0.0928806521,0.00956383109,0.284951018,0.144580543,-0.0247552466,0.0108160591,-0.286893909,-0.0510178518,-0.2,-0.0226343131,0.127825212
781,24241129,-0.146041214,-0.0580650792,0.296103507,-0.226533607,0.1682394,-0.496809512,0.0187746584,-0.407137781,-0.617332339,-0.358555526,-0.246902227,0.417251974,-0.0116832972,-0.00464520633,-0.0667534217,-0.301940123,0.013459152,-0.039744761,0.208448596,0.2,-0.173466468,-0.121711105,-0.0197521782,0.0333801579,-0.0116832972,0.0667534217,0.013459152,0.208448596,0.173466468,-0.0197521782,0.00464520633,-0.301940123,-0.039744761,-0.2,-0.0333801579,0.121711105
782,24258633,-0.120317876,0.057404317,0.32264322,-0.276601017,0.251486808,-0.319113046,-0.127652973,-0.268403143,-0.747236609,-0.262163103,-0.0682295412,0.551185668,-0.00962543011,0.00459234536,-0.0548105508,-0.324470457,0.0201189446,-0.0255290437,0.2,0.2,-0.199447322,-0.102432621,-0.00545836329,0.0440948534,-0.00962543011,0.0548105508,0.0201189446,0.2,0.199447322,-0.00545836329,-0.00459234536,-0.324470457,-0.0255290437,-0.2,-0.0440948534,0.102432621
783,24279454,-0.0620652139,0.179278985,0.272650838,-0.245759144,0.353521466,-0.14493075,-0.246906281,-0.0800373927,-0.806554615,-0.129411086,0.15321818,0.619217634,-0.00496521711,0.0143423188,-0.0773071229,-0.310591615,0.0282817173,-0.01159446,0.2,0.2,-0.211310923,-0.0758822173,0.0122574544,0.0495374107,-0.00496521711,0.0773071229,0.0282817173,0.2,0.211310923,0.0122574544,-0.0143423188,-0.310591615,-0.01159446,-0.2,-0.0495374107,0.0758822173
784,24301058,0.0561567061,0.253223896,0.197617605,-0.150927797,0.445871264,-0.000490656239,-0.365992904,0.071465306,-0.82940644,0.00144482707,0.300976545,0.603781581,0.00449253649,0.0202579117,-0.111072078,-0.267917509,0.0356697011,-3.92524991e-05,0.2,0.232159388,-0.215881288,-0.0497110346,0.0240781236,0.0483025265,0.00449253649,0.111072078,0.0356697011,0.2,0.215881288,0.0240781236,-0.0202579117,-0.267917509,-3.92524991e-05,-0.232159388,-0.0483025265,0.0497110346
785,24318398,0.154920056,0.233944073,0.127517596,-0.044383239,0.493865699,0.107865095,-0.404107958,0.116846554,-0.807795823,0.0871780664,0.371093005,0.570480227,0.0123936045,0.0187155259,-0.142617082,-0.219972458,0.0395092559,0.00862920761,0.2,0.252580949,-0.211559165,-0.0325643867,0.0296874404,0.0456384182,0.0123936045,0.142617082,0.0395092559,0.2,0.211559165,0.0296874404,-0.0187155259,-0.219972458,0.00862920761,-0.252580949,-0.0456384182,0.0325643867
786,24342865,0.19300057,0.141027585,0.0624653809,0.0339717679,0.479912937,0.186267704,-0.354289055,0.0940823704,-0.75605613,0.126366064,0.393055171,0.531190097,0.0154400456,0.0112822068,-0.171890579,-0.184712704,0.0383930349,0.0149014163,0.2,0.242337067,-0.201211226,-0.0247267872,0.0314444137,0.0424952078,0.0154400456,0.171890579,0.0383930349,0.2,0.201211226,0.0314444137,-0.0112822068,-0.184712704,0.0149014163,-0.242337067,-0.0424952078,0.0247267872
787,24359692,0.152425498,0.0246173348,-0.00302696833,0.0489978753,0.400024444,0.193197086,-0.249323383,0.0326793455,-0.698239923,0.088243261,0.390035361,0.497849822,0.0121940398,0.00196938679,-0.201362136,-0.177950956,0.0320019555,0.0154557669,0.2,0.214705705,-0.189647985,-0.0323513478,0.0312028289,0.0398279858,0.0121940398,0.201362136,0.0320019555,0.2,0.189647985,0.0312028289,-0.00196938679,-0.177950956,0.0154557669,-0.214705705,-0.0398279858,0.0323513478
788,24392287,0.0111212209,-0.0616540276,-0.0375972465,-0.0401574969,0.296303719,0.0749782473,-0.102478452,-0.0809566155,-0.660885274,-0.0737927705,0.35032931,0.442157775,0.000889697671,-0.0049323222,-0.216918761,-0.218070874,0.0237042975,0.00599825978,0.2,0.2,-0.182177055,-0.0647585541,0.0280263448,0.035372622,0.000889697671,0.216918761,0.0237042975,0.2,0.182177055,0.0280263448,0.0049323222,-0.218070874,0.00599825978,-0.2,-0.035372622,0.0647585541
789,24402326,-0.25600192,-0.120810993,-0.0796972141,-0.138285547,0.205358669,-0.178301409,0.115913078,-0.285798132,-0.66695267,-0.29526028,0.228930503,0.335766703,-0.0204801536,-0.00966487944,-0.235863746,-0.262228496,0.0164286935,-0.0142641127,0.252160885,0.2,-0.183390534,-0.109052056,0.0183144403,0.0268613362,-0.0204801536,0.235863746,0.0164286935,0.252160885,0.183390534,0.0183144403,0.00966487944,-0.262228496,-0.0142641127,-0.2,-0.0268613362,0.109052056
790,24417697,-0.491511732,-0.14050293,-0.0255237631,-0.218825504,0.145063832,-0.471298695,0.367849946,-0.509282172,-0.584055007,-0.419069022,0.0467463993,0.225236386,-0.0393209386,-0.0112402344,-0.211485693,-0.298471477,0.0116051066,-0.0377038956,0.365532476,0.2,-0.166811001,-0.133813804,0.00373971194,0.0180189109,-0.0393209386,0.211485693,0.0116051066,0.365532476,0.166811001,0.00373971194,0.0112402344,-0.298471477,-0.0377038956,-0.2,-0.0180189109,0.133813804
791,24447433,-0.533777118,-0.13769798,0.0787648484,-0.243943542,0.102922775,-0.694677055,0.496585667,-0.590617061,-0.464364767,-0.44141376,-0.107382253,0.155393496,-0.0427021694,-0.0110158384,-0.164555818,-0.309774594,0.00823382199,-0.0555741644,0.42346355,0.2,-0.142872953,-0.138282752,-0.00859058022,0.0124314797,-0.0427021694,0.164555818,0.00823382199,0.42346355,0.142872953,-0.00859058022,0.0110158384,-0.309774594,-0.0555741644,-0.2,-0.0124314797,0.138282752
792,24458531,-0.43442446,-0.127074078,0.154050857,-0.18166773,0.104533538,-0.776876807,0.428254038,-0.535159349,-0.403568387,-0.407481611,-0.226356432,0.138569444,-0.0347539568,-0.0101659262,-0.130677114,-0.281750479,0.00836268306,-0.0621501446,0.392714317,0.2,-0.130713677,-0.131496322,-0.0181085145,0.0110855556,-0.0347539568,0.130677114,0.00836268306,0.392714317,0.130713677,-0.0181085145,0.0101659262,-0.281750479,-0.0621501446,-0.2,-0.0110855556,0.131496322
793,24483630,-0.327110231,-0.0849314108,0.198260665,-0.122845091,0.142822474,-0.763178825,0.273824304,-0.467108458,-0.406125784,-0.373927563,-0.269381732,0.205995262,-0.0261688185,-0.00679451287,-0.110782701,-0.255280291,0.0114257979,-0.061054306,0.323220937,0.2,-0.131225157,-0.124785513,-0.0215505385,0.0164796209,-0.0261688185,0.110782701,0.0114257979,0.323220937,0.131225157,-0.0215505385,0.00679451287,-0.255280291,-0.061054306,-0.2,-0.0164796209,0.124785513
794,24498773,-0.252711773,-0.0322954431,0.285564214,-0.18172507,0.176194787,-0.641612172,0.0924796313,-0.442940891,-0.532816648,-0.384172827,-0.236408755,0.315037996,-0.0202169418,-0.00258363545,-0.0714961037,-0.281776281,0.014095583,-0.0513289738,0.241615834,0.2,-0.15656333,-0.126834565,-0.0189127004,0.0252030396,-0.0202169418,0.0714961037,0.014095583,0.241615834,0.15656333,-0.0189127004,0.00258363545,-0.281776281,-0.0513289738,-0.2,-0.0252030396,0.126834565
795,24520399,-0.190642938,0.0237336662,0.320151955,-0.262275755,0.203026578,-0.461147785,-0.0462506711,-0.375335693,-0.668432295,-0.350359797,-0.110884503,0.427069992,-0.015251435,0.00189869329,-0.0559316203,-0.31802409,0.0162421262,-0.0368918228,0.2,0.2,-0.183686459,-0.120071959,-0.0088707602,0.0341655993,-0.015251435,0.0559316203,0.0162421262,0.2,0.183686459,-0.0088707602,-0.00189869329,-0.31802409,-0.0368918228,-0.2,-0.0341655993,0.120071959
796,24544910,-0.137748674,0.0968469754,0.281527221,-0.251776069,0.256355882,-0.27438429,-0.132233083,-0.224705696,-0.730682254,-0.23666577,0.0707828775,0.508814216,-0.0110198939,0.00774775803,-0.0733127505,-0.313299231,0.0205084705,-0.0219507432,0.2,0.2,-0.196136451,-0.0973331541,0.0056626302,0.0407051373,-0.0110198939,0.0733127505,0.0205084705,0.2,0.196136451,0.0056626302,-0.00774775803,-0.313299231,-0.0219507432,-0.2,-0.0407051373,0.0973331541
797,24561929,-0.0869669765,0.193873137,0.230907202,-0.190566704,0.329914749,-0.117234223,-0.21750024,-0.0623833649,-0.742238522,-0.105549805,0.215316221,0.565480411,-0.00695735812,0.015509851,-0.0960917592,-0.285755017,0.0263931799,-0.00937873781,0.2,0.2,-0.198447704,-0.071109961,0.0172252977,0.0452384329,-0.00695735812,0.0960917592,0.0263931799,0.2,0.198447704,0.0172252977,-0.015509851,-0.285755017,-0.00937873781,-0.2,-0.0452384329,0.071109961
798,24580750,-0.0113084204,0.246690735,0.170560271,-0.123515591,0.396723449,0.00186307752,-0.292102903,0.0270457603,-0.748955131,-0.00100693491,0.295226127,0.584690332,-0.000904673636,0.0197352588,-0.123247878,-0.255582016,0.0317378759,0.000149046201,0.2,0.212170592,-0.199791026,-0.050201387,0.0236180902,0.0467752266,-0.000904673636,0.123247878,0.0317378759,0.2,0.199791026,0.0236180902,-0.0197352588,-0.255582016,0.000149046201,-0.212170592,-0.0467752266,0.050201387
799,24602037,0.0827311948,0.213858694,0.107947268,-0.054356195,0.424580634,0.081860885,-0.323661745,0.0626211092,-0.737008274,0.0596698187,0.319121599,0.547918558,0.00661849558,0.0171086955,-0.15142373,-0.224460288,0.0339664507,0.0065488708,0.2,0.228179499,-0.197401655,-0.0380660363,0.0255297279,0.0438334846,0.00661849558,0.15142373,0.0339664507,0.2,0.197401655,0.0255297279,-0.0171086955,-0.224460288,0.0065488708,-0.228179499,-0.0438334846,0.0380660363
800,24618465,0.153137118,0.120670557,0.042057015,-0.0109487176,0.408976436,0.113924094,-0.306986809,0.0613526031,-0.702753723,0.0742064342,0.31487152,0.483346581,0.0122509694,0.00965364456,-0.181074343,-0.204926923,0.0327181149,0.00911392748,0.2,0.227608671,-0.190550745,-0.0351587132,0.0251897216,0.0386677265,0.0122509694,0.181074343,0.0327181149,0.2,0.190550745,0.0251897216,-0.00965364456,-0.204926923,0.00911392748,-0.227608671,-0.0386677265,0.0351587132
801,24649672,0.145026937,0.0127270138,-0.0214265361,-0.00754623767,0.350162387,0.0770036951,-0.241242006,0.0130186798,-0.684440792,0.00744958781,0.311534315,0.428169966,0.011602155,0.0010181611,-0.209641941,-0.203395807,0.028012991,0.00616029561,0.2,0.205858406,-0.186888158,-0.0485100824,0.0249227452,0.0342535973,0.011602155,0.209641941,0.028012991,0.2,0.186888158,0.0249227452,-0.0010181611,-0.203395807,0.00616029561,-0.205858406,-0.0342535973,0.0485100824
802,24658123,0.0227816086,-0.0829107761,-0.0619616844,-0.0646578446,0.272397995,-0.0275949035,-0.110617436,-0.0975653231,-0.707593858,-0.129027665,0.268678963,0.360441089,0.00182252869,-0.00663286209,-0.227882758,-0.22909603,0.0217918396,-0.00220759228,0.2,0.2,-0.191518772,-0.0758055329,0.0214943171,0.0288352871,0.00182252869,0.227882758,0.0217918396,0.2,0.191518772,0.0214943171,0.00663286209,-0.22909603,-0.00220759228,-0.2,-0.0288352871,0.0758055329
803,24680252,-0.203310132,-0.154843152,-0.0755268782,-0.125286385,0.205731228,-0.209513575,0.100087307,-0.271837562,-0.714998424,-0.262311667,0.155921772,0.270655304,-0.0162648106,-0.0123874521,-0.233987095,-0.256378873,0.0164584982,-0.016761086,0.245039288,0.2,-0.192999685,-0.102462333,0.0124737418,0.0216524243,-0.0162648106,0.233987095,0.0164584982,0.245039288,0.192999685,0.0124737418,0.0123874521,-0.256378873,-0.016761086,-0.2,-0.0216524243,0.102462333
804,24700180,-0.434696019,-0.160931304,-0.0263614729,-0.193853095,0.149577737,-0.458302319,0.336925358,-0.471985161,-0.612822533,-0.376000017,0.0139291249,0.214755476,-0.0347756815,-0.0128745043,-0.211862663,-0.287233893,0.0119662189,-0.0366641855,0.351616411,0.2,-0.172564507,-0.125200003,0.00111432999,0.017180438,-0.0347756815,0.211862663,0.0119662189,0.351616411,0.172564507,0.00111432999,0.0128745043,-0.287233893,-0.0366641855,-0.2,-0.017180438,0.125200003
805,24720233,-0.492584318,-0.136786431,0.0904084221,-0.225049913,0.111164682,-0.660471022,0.453672409,-0.545358658,-0.469468385,-0.400636613,-0.131848946,0.184928164,-0.0394067454,-0.0109429145,-0.15931621,-0.301272461,0.00889317453,-0.0528376818,0.404152584,0.2,-0.143893677,-0.130127323,-0.0105479157,0.0147942531,-0.0394067454,0.15931621,0.00889317453,0.404152584,0.143893677,-0.0105479157,0.0109429145,-0.301272461,-0.0528376818,-0.2,-0.0147942531,0.130127323
806,24741516,-0.392911255,-0.120904163,0.172340363,-0.183005035,0.111349531,-0.722501814,0.379386544,-0.498233885,-0.42189607,-0.381802261,-0.250044405,0.191892818,-0.0314329004,-0.009672333,-0.122446837,-0.282352266,0.00890796244,-0.0578001451,0.370723945,0.2,-0.134379214,-0.126360452,-0.0200035524,0.0153514254,-0.0314329004,0.122446837,0.00890796244,0.370723945,0.134379214,-0.0200035524,0.009672333,-0.282352266,-0.0578001451,-0.2,-0.0153514254,0.126360452
807,24759360,-0.267807126,-0.0842347592,0.238348395,-0.152458444,0.150494009,-0.659202099,0.197577432,-0.420912802,-0.464695752,-0.354403228,-0.299944043,0.26857841,-0.0214245701,-0.00673878074,-0.0927432224,-0.2686063,0.0120395207,-0.0527361679,0.288909844,0.2,-0.14293915,-0.120880646,-0.0239955235,0.0214862728,-0.0214245701,0.0927432224,0.0120395207,0.288909844,0.14293915,-0.0239955235,0.00673878074,-0.2686063,-0.0527361679,-0.2,-0.0214862728,0.120880646
808,24786126,-0.223455951,0.0090411948,0.323261559,-0.224671483,0.210579813,-0.50931108,0.00811072066,-0.37902227,-0.586363435,-0.327734023,-0.236063406,0.415163666,-0.017876476,0.000723295584,-0.0545322984,-0.301102167,0.016846385,-0.0407448864,0.203649824,0.2,-0.167272687,-0.115546805,-0.0188850725,0.0332130933,-0.017876476,0.0545322984,0.016846385,0.203649824,0.167272687,-0.0188850725,-0.000723295584,-0.301102167,-0.0407448864,-0.2,-0.0332130933,0.115546805
809,24798207,-0.168516159,0.0918477625,0.314400792,-0.276150107,0.263130397,-0.336309403,-0.123142056,-0.285657912,-0.728451729,-0.26299575,-0.0547438115,0.518565655,-0.0134812927,0.007347821,-0.0585196435,-0.324267548,0.0210504317,-0.0269047523,0.2,0.2,-0.195690346,-0.10259915,-0.00437950492,0.0414852524,-0.0134812927,0.0585196435,0.0210504317,0.2,0.195690346,-0.00437950492,-0.007347821,-0.324267548,-0.0269047523,-0.2,-0.0414852524,0.10259915
810,24819433,-0.0650219992,0.174636617,0.265989989,-0.255016625,0.323817462,-0.15350458,-0.238267645,-0.104668386,-0.811074495,-0.142666101,0.154445559,0.551587582,-0.00520175993,0.0139709294,-0.0803045049,-0.314757481,0.0259053969,-0.0122803664,0.2,0.2,-0.212214899,-0.0785332203,0.0123556447,0.0441270065,-0.00520175993,0.0803045049,0.0259053969,0.2,0.212214899,0.0123556447,-0.0139709294,-0.314757481,-0.0122803664,-0.2,-0.0441270065,0.0785332203
811,24855470,0.0552662238,0.239342168,0.179259926,-0.157907188,0.397666782,-0.0201902948,-0.34034732,0.0468625128,-0.830750167,-0.0179784074,0.305085748,0.552867532,0.00442129791,0.0191473734,-0.119333033,-0.271058235,0.0318133426,-0.00161522359,0.2,0.221088131,-0.216150033,-0.0535956815,0.0244068599,0.0442294025,0.00442129791,0.119333033,0.0318133426,0.2,0.216150033,0.0244068599,-0.0191473734,-0.271058235,-0.00161522359,-0.221088131,-0.0442294025,0.0535956815
812,24863082,0.176629528,0.240564004,0.124298908,-0.0656394288,0.456686497,0.0877215713,-0.40813449,0.127338007,-0.814247251,0.066900678,0.385304093,0.521232367,0.0141303623,0.0192451203,-0.144065491,-0.229537743,0.0365349197,0.00701772571,0.2,0.257302103,-0.21284945,-0.0366198644,0.0308243275,0.0416985893,0.0141303623,0.144065491,0.0365349197,0.2,0.21284945,0.0308243275,-0.0192451203,-0.229537743,0.00701772571,-0.257302103,-0.0416985893,0.0366198644
813,24884509,0.262474179,0.157199264,0.0761596933,0.0166407414,0.477792621,0.179454148,-0.403570026,0.132844478,-0.774519265,0.122668706,0.397123069,0.455112398,0.0209979343,0.0125759411,-0.165728138,-0.192511666,0.0382234097,0.0143563318,0.2,0.259780015,-0.204903853,-0.0254662588,0.0317698455,0.0364089918,0.0209979343,0.165728138,0.0382234097,0.2,0.204903853,0.0317698455,-0.0125759411,-0.192511666,0.0143563318,-0.259780015,-0.0364089918,0.0254662588
814,24898299,0.261351079,0.0295174588,0.0132431919,0.0630548671,0.436026871,0.229207993,-0.331084877,0.0802480429,-0.735087752,0.117709853,0.388653696,0.410980612,0.0209080863,0.0023613967,-0.194040564,-0.17162531,0.0348821497,0.0183366394,0.2,0.236111619,-0.19701755,-0.0264580294,0.0310922956,0.032878449,0.0209080863,0.194040564,0.0348821497,0.2,0.19701755,0.0310922956,-0.0023613967,-0.17162531,0.0183366394,-0.236111619,-0.032878449,0.0264580294
815,24921218,0.132395133,-0.0671960264,-0.0347347297,-0.0125116995,0.350403845,0.161148295,-0.195003942,-0.0262663215,-0.739243686,-0.0413862132,0.372131169,0.390690356,0.0105916107,-0.00537568212,-0.215630628,-0.205630265,0.0280323076,0.0128918636,0.2,0.2,-0.197848737,-0.0582772426,0.0297704935,0.0312552285,0.0105916107,0.215630628,0.0280323076,0.2,0.197848737,0.0297704935,0.00537568212,-0.205630265,0.0128918636,-0.2,-0.0312552285,0.0582772426
816,24939475,-0.157369003,-0.133790046,-0.0836931914,-0.1255759,0.264593691,-0.0557641387,0.0217729341,-0.211301997,-0.773522615,-0.275536835,0.275350064,0.323461771,-0.0125895202,-0.0107032037,-0.237661936,-0.256509155,0.0211674953,-0.0044611311,0.20979782,0.2,-0.204704523,-0.105107367,0.0220280051,0.0258769417,-0.0125895202,0.237661936,0.0211674953,0.20979782,0.204704523,0.0220280051,0.0107032037,-0.256509155,-0.0044611311,-0.2,-0.0258769417,0.105107367
817,24959998,-0.469547272,-0.177586451,-0.0620343946,-0.219846293,0.204829141,-0.346266985,0.307617754,-0.469977587,-0.726223469,-0.433890581,0.0967029259,0.214300618,-0.0375637817,-0.0142069161,-0.227915478,-0.298930832,0.0163863313,-0.0277013588,0.338427989,0.2,-0.195244694,-0.136778116,0.00773623407,0.0171440494,-0.0375637817,0.227915478,0.0163863313,0.338427989,0.195244694,0.00773623407,0.0142069161,-0.298930832,-0.0277013588,-0.2,-0.0171440494,0.136778116
818,24979808,-0.572325706,-0.186244786,0.0672302097,-0.279103965,0.135951445,-0.604737997,0.502889693,-0.611276865,-0.582943618,-0.47243464,-0.0831200629,0.138213411,-0.0457860565,-0.0148995829,-0.169746406,-0.325596784,0.0108761156,-0.0483790398,0.426300362,0.2,-0.166588724,-0.144486928,-0.00664960504,0.0110570729,-0.0457860565,0.169746406,0.0108761156,0.426300362,0.166588724,-0.00664960504,0.0148995829,-0.325596784,-0.0483790398,-0.2,-0.0110570729,0.144486928
819,25000209,-0.455917627,-0.17499958,0.172374889,-0.23663649,0.098832801,-0.709388494,0.468067825,-0.563020289,-0.504870296,-0.432491213,-0.227098078,0.113698393,-0.0364734101,-0.0139999664,-0.1224313,-0.30648642,0.00790662408,-0.0567510796,0.410630521,0.2,-0.150974059,-0.136498243,-0.0181678462,0.00909587145,-0.0364734101,0.1224313,0.00790662408,0.410630521,0.150974059,-0.0181678462,0.0139999664,-0.30648642,-0.0567510796,-0.2,-0.00909587145,0.136498243
820,25027737,-0.271802098,-0.136245772,0.241318271,-0.164047897,0.132343903,-0.646820903,0.253197461,-0.43853429,-0.525932312,-0.37218681,-0.305618525,0.184537798,-0.0217441678,-0.0108996618,-0.0914067782,-0.273821554,0.0105875123,-0.0517456722,0.313938858,0.2,-0.155186462,-0.124437362,-0.024449482,0.0147630239,-0.0217441678,0.0914067782,0.0105875123,0.313938858,0.155186462,-0.024449482,0.0108996618,-0.273821554,-0.0517456722,-0.2,-0.0147630239,0.124437362
821,25037098,-0.221141621,-0.00166392582,0.34822315,-0.228391573,0.207979441,-0.49444887,0.0155231664,-0.381915241,-0.64384222,-0.336898297,-0.235469177,0.37894851,-0.0176913297,-0.000133114066,-0.0432995826,-0.302776208,0.0166383553,-0.0395559096,0.206985425,0.2,-0.178768444,-0.117379659,-0.0188375342,0.0303158808,-0.0176913297,0.0432995826,0.0166383553,0.206985425,0.178768444,-0.0188375342,0.000133114066,-0.302776208,-0.0395559096,-0.2,-0.0303158808,0.117379659
822,25061964,-0.193850249,0.130967751,0.361114115,-0.309984237,0.273454636,-0.335469484,-0.142120153,-0.308299899,-0.801802754,-0.281546056,-0.0300164558,0.547503829,-0.0155080199,0.0104774201,-0.0374986485,-0.339492907,0.0218763709,-0.0268375587,0.2,0.2,-0.210360551,-0.106309211,-0.00240131646,0.0438003063,-0.0155080199,0.0374986485,0.0218763709,0.2,0.210360551,-0.00240131646,-0.0104774201,-0.339492907,-0.0268375587,-0.2,-0.0438003063,0.106309211
823,25079672,-0.128547043,0.232762933,0.286920458,-0.271217197,0.329678953,-0.179748058,-0.248694897,-0.138079956,-0.881709754,-0.166264802,0.192603961,0.638950229,-0.0102837634,0.0186210346,-0.0708857939,-0.322047739,0.0263743162,-0.0143798447,0.2,0.2,-0.226341951,-0.0832529604,0.0154083169,0.0511160183,-0.0102837634,0.0708857939,0.0263743162,0.2,0.226341951,0.0154083169,-0.0186210346,-0.322047739,-0.0143798447,-0.2,-0.0511160183,0.0832529604
824,25098402,-0.0461342856,0.288830787,0.216546103,-0.182891712,0.393213481,-0.0466540009,-0.311933905,0.0195670724,-0.884343624,-0.0204841867,0.32934767,0.668970585,-0.00369074285,0.023106463,-0.102554253,-0.28230127,0.0314570785,-0.00373232007,0.2,0.208805183,-0.226868725,-0.0540968373,0.0263478136,0.0535176468,-0.00369074285,0.102554253,0.0314570785,0.2,0.226868725,0.0263478136,-0.023106463,-0.28230127,-0.00373232007,-0.208805183,-0.0535176468,0.0540968373
825,25134125,0.0338779278,0.291431487,0.16816166,-0.121258974,0.44663626,0.0645315796,-0.339711964,0.0734343752,-0.866914749,0.0762929618,0.376228094,0.6303671,0.00271023422,0.0233145189,-0.124327253,-0.254566538,0.0357309008,0.00516252637,0.2,0.233045469,-0.22338295,-0.0347414076,0.0300982475,0.050429368,0.00271023422,0.124327253,0.0357309008,0.2,0.22338295,0.0300982475,-0.0233145189,-0.254566538,0.00516252637,-0.233045469,-0.050429368,0.0347414076
826,25138328,0.13759844,0.217355072,0.104503319,-0.0445071608,0.468131721,0.140452564,-0.352225512,0.104027182,-0.813461304,0.135394469,0.381517649,0.534313798,0.0110078752,0.0173884058,-0.152973507,-0.220028222,0.0374505377,0.0112362051,0.2,0.246812232,-0.212692261,-0.0229211062,0.0305214119,0.0427451038,0.0110078752,0.152973507,0.0374505377,0.2,0.212692261,0.0305214119,-0.0173884058,-0.220028222,0.0112362051,-0.246812232,-0.0427451038,0.0229211062
827,25158251,0.208509386,0.100107752,0.0336067043,0.00727782026,0.434018254,0.176933214,-0.328304082,0.0950352699,-0.761823535,0.133179545,0.374215662,0.442751795,0.0166807508,0.00800862014,-0.184876983,-0.196724981,0.0347214603,0.0141546571,0.2,0.242765871,-0.202364707,-0.0233640909,0.029937253,0.0354201436,0.0166807508,0.184876983,0.0347214603,0.2,0.202364707,0.029937253,-0.00800862014,-0.196724981,0.0141546571,-0.242765871,-0.0354201436,0.0233640909
828,25184156,0.176310256,-0.00822452735,-0.0292605385,0.0022755377,0.353057295,0.133407101,-0.247179553,0.0316095799,-0.749590456,0.0327258594,0.366655856,0.39656049,0.0141048205,-0.000657962188,-0.213167242,-0.198976008,0.0282445836,0.0106725681,0.2,0.214224311,-0.199918091,-0.0434548281,0.0293324685,0.0317248392,0.0141048205,0.213167242,0.0282445836,0.2,0.199918091,0.0293324685,0.000657962188,-0.198976008,0.0106725681,-0.214224311,-0.0317248392,0.0434548281
829,25198235,0.0139369341,-0.0964332744,-0.0849626437,-0.0610557385,0.263377398,-0.0172104314,-0.0961477757,-0.0903794542,-0.777939856,-0.146532819,0.308564574,0.343764514,0.00111495472,-0.00771466196,-0.23823319,-0.227475082,0.0210701919,-0.00137683451,0.2,0.2,-0.205587971,-0.0793065637,0.0246851659,0.0275011611,0.00111495472,0.23823319,0.0210701919,0.2,0.205587971,0.0246851659,0.00771466196,-0.227475082,-0.00137683451,-0.2,-0.0275011611,0.0793065637
830,25229107,-0.255304396,-0.168125242,-0.112204231,-0.123886406,0.192929819,-0.259793609,0.137174577,-0.290939212,-0.793981016,-0.30932945,0.16802375,0.25989306,-0.0204243517,-0.0134500194,-0.250491904,-0.255748883,0.0154343855,-0.0207834888,0.261728559,0.2,-0.208796203,-0.11186589,0.0134419,0.0207914448,-0.0204243517,0.250491904,0.0154343855,0.261728559,0.208796203,0.0134419,0.0134500194,-0.255748883,-0.0207834888,-0.2,-0.0207914448,0.11186589
831,25238892,-0.504892826,-0.202891573,-0.0617009774,-0.195213765,0.135286272,-0.546996236,0.381765902,-0.523450732,-0.715660095,-0.444241107,-0.0145722413,0.172135562,-0.0403914261,-0.0162313259,-0.22776544,-0.287846194,0.0108229017,-0.0437596989,0.371794656,0.2,-0.193132019,-0.138848221,-0.00116577931,0.0137708449,-0.0403914261,0.22776544,0.0108229017,0.371794656,0.193132019,-0.00116577931,0.0162313259,-0.287846194,-0.0437596989,-0.2,-0.0137708449,0.138848221
832,25265682,-0.513724983,-0.218128473,0.0702978224,-0.214913383,0.0899336562,-0.745479465,0.501684666,-0.5803352,-0.55923152,-0.438314766,-0.178630412,0.0832910836,-0.0410979986,-0.0174502778,-0.16836598,-0.296711022,0.00719469249,-0.0596383572,0.4257581,0.2,-0.161846304,-0.137662953,-0.0142904329,0.00666328669,-0.0410979986,0.16836598,0.00719469249,0.4257581,0.161846304,-0.0142904329,0.0174502778,-0.296711022,-0.0596383572,-0.2,-0.00666328669,0.137662953
833,25280209,-0.385424644,-0.20580855,0.153205574,-0.182653293,0.075559862,-0.799379408,0.440033704,-0.546416283,-0.467415571,-0.409771293,-0.276516736,0.0646792725,-0.0308339715,-0.016464684,-0.131057492,-0.282193982,0.00604478896,-0.0639503527,0.398015167,0.2,-0.143483114,-0.131954259,-0.0221213388,0.0051743418,-0.0308339715,0.131057492,0.00604478896,0.398015167,0.143483114,-0.0221213388,0.016464684,-0.282193982,-0.0639503527,-0.2,-0.0051743418,0.131954259
834,25300338,-0.247785956,-0.165756881,0.229106605,-0.154912025,0.110846117,-0.736412883,0.275043547,-0.488765299,-0.472273886,-0.384511828,-0.315127522,0.160024315,-0.0198228765,-0.0132605505,-0.0969020277,-0.269710411,0.00886768937,-0.0589130306,0.323769596,0.2,-0.144454777,-0.126902366,-0.0252102017,0.0128019452,-0.0198228765,0.0969020277,0.00886768937,0.323769596,0.144454777,-0.0252102017,0.0132605505,-0.269710411,-0.0589130306,-0.2,-0.0128019452,0.126902366
835,25317680,-0.201159835,-0.0665773675,0.324049443,-0.217965633,0.169065595,-0.585083008,0.0801751763,-0.450078368,-0.585514188,-0.381498784,-0.247584969,0.341669112,-0.0160927868,-0.0053261894,-0.0541777506,-0.298084535,0.0135252476,-0.0468066406,0.236078829,0.2,-0.167102838,-0.126299757,-0.0198067975,0.027333529,-0.0160927868,0.0541777506,0.0135252476,0.236078829,0.167102838,-0.0198067975,0.0053261894,-0.298084535,-0.0468066406,-0.2,-0.027333529,0.126299757
836,25339983,-0.185102612,0.0577097759,0.341053635,-0.266990364,0.224952921,-0.419937789,-0.0790741146,-0.362076014,-0.728171945,-0.342630237,-0.0806626454,0.513325453,-0.0148082089,0.00461678207,-0.0465258643,-0.320145664,0.0179962337,-0.0335950232,0.2,0.2,-0.195634389,-0.118526047,-0.00645301163,0.0410660362,-0.0148082089,0.0465258643,0.0179962337,0.2,0.195634389,-0.00645301163,-0.00461678207,-0.320145664,-0.0335950232,-0.2,-0.0410660362,0.118526047
837,25361682,-0.161582097,0.167574301,0.310305774,-0.254562169,0.295145959,-0.236489028,-0.180345178,-0.188233182,-0.802295923,-0.226150855,0.138111204,0.611004174,-0.0129265678,0.0134059441,-0.0603624016,-0.314552976,0.0236116767,-0.0189191222,0.2,0.2,-0.210459185,-0.0952301711,0.0110488963,0.0488803339,-0.0129265678,0.0603624016,0.0236116767,0.2,0.210459185,0.0110488963,-0.0134059441,-0.314552976,-0.0189191222,-0.2,-0.0488803339,0.0952301711
838,25378362,-0.0934186876,0.253656387,0.254030317,-0.194054097,0.370180696,-0.0773727447,-0.26536119,-0.0183300804,-0.814189434,-0.0780175254,0.291569382,0.640510917,-0.00747349501,0.020292511,-0.0856863573,-0.287324344,0.0296144557,-0.00618981957,0.2,0.2,-0.212837887,-0.0656035051,0.0233255506,0.0512408733,-0.00747349501,0.0856863573,0.0296144557,0.2,0.212837887,0.0233255506,-0.020292511,-0.287324344,-0.00618981957,-0.2,-0.0512408733,0.0656035051
839,25403839,0.0235303957,0.279917687,0.192901805,-0.124264196,0.434170365,0.0445494652,-0.350379288,0.0719700009,-0.815085828,0.0386070572,0.354563534,0.598141253,0.00188243166,0.022393415,-0.113194188,-0.255918888,0.0347336292,0.00356395721,0.2,0.2323865,-0.213017166,-0.0422785886,0.0283650827,0.0478513002,0.00188243166,0.113194188,0.0347336292,0.2,0.213017166,0.0283650827,-0.022393415,-0.255918888,0.00356395721,-0.2323865,-0.0478513002,0.0422785886
840,25419390,0.150991172,0.22286886,0.116671219,-0.0416914113,0.460019886,0.128385425,-0.381604671,0.114212207,-0.782171547,0.108291492,0.371450514,0.515859902,0.0120792937,0.0178295088,-0.147497951,-0.218761135,0.0368015909,0.010270834,0.2,0.251395493,-0.206434309,-0.0283417016,0.0297160411,0.0412687922,0.0120792937,0.147497951,0.0368015909,0.2,0.206434309,0.0297160411,-0.0178295088,-0.218761135,0.010270834,-0.251395493,-0.0412687922,0.0283417016
841,25442425,0.243267313,0.120627142,0.0339428484,0.00855450518,0.437025428,0.171288177,-0.366563499,0.115330137,-0.745277405,0.111929893,0.386088043,0.440136313,0.019461385,0.0096501714,-0.184725718,-0.196150473,0.0349620342,0.0137030542,0.2,0.251898562,-0.199055481,-0.0276140213,0.0308870435,0.0352109051,0.019461385,0.184725718,0.0349620342,0.2,0.199055481,0.0308870435,-0.0096501714,-0.196150473,0.0137030542,-0.251898562,-0.0352109051,0.0276140213
842,25460256,0.229918376,0.00763403298,-0.0353171565,0.0127894692,0.371039927,0.148692921,-0.289726675,0.0634824857,-0.751860678,0.0238927826,0.396103054,0.403276592,0.01839347,0.000610722639,-0.21589272,-0.194244739,0.0296831942,0.0118954337,0.2,0.228567119,-0.200372136,-0.0452214435,0.0316882443,0.0322621274,0.01839347,0.21589272,0.0296831942,0.2,0.200372136,0.0316882443,-0.000610722639,-0.194244739,0.0118954337,-0.228567119,-0.0322621274,0.0452214435
843,25478878,0.0737863854,-0.0912241191,-0.0868126079,-0.0354312733,0.286198944,0.0251410641,-0.135925919,-0.0555338599,-0.788481414,-0.140017673,0.347226501,0.36150685,0.00590291083,-0.00729792953,-0.239065674,-0.215944073,0.0228959155,0.00201128513,0.2,0.2,-0.207696283,-0.0780035347,0.02777812,0.028920548,0.00590291083,0.239065674,0.0228959155,0.2,0.207696283,0.02777812,0.00729792953,-0.215944073,0.00201128513,-0.2,-0.028920548,0.0780035347
844,25501487,-0.234324366,-0.164282888,-0.143235698,-0.11299336,0.215647265,-0.231806383,0.109622687,-0.261326045,-0.84163636,-0.342617989,0.215091273,0.289094448,-0.0187459493,-0.0131426311,-0.264456064,-0.250847012,0.0172517812,-0.0185445106,0.249330209,0.2,-0.218327272,-0.118523598,0.0172073019,0.0231275558,-0.0187459493,0.264456064,0.0172517812,0.249330209,0.218327272,0.0172073019,0.0131426311,-0.250847012,-0.0185445106,-0.2,-0.0231275558,0.118523598
845,25519341,-0.522642553,-0.199350104,-0.100900501,-0.185836717,0.161087796,-0.544885337,0.373972803,-0.51240468,-0.75996387,-0.481613189,0.0193423945,0.193230718,-0.0418114042,-0.0159480083,-0.245405225,-0.283626523,0.0128870237,-0.043590827,0.368287762,0.2,-0.201992774,-0.146322638,0.00154739156,0.0154584575,-0.0418114042,0.245405225,0.0128870237,0.368287762,0.201992774,0.00154739156,0.0159480083,-0.283626523,-0.043590827,-0.2,-0.0154584575,0.146322638
846,25541789,-0.573133349,-0.229022086,0.0385212488,-0.231406525,0.109660551,-0.772144616,0.527879775,-0.621496677,-0.622398794,-0.500607193,-0.150078461,0.0927084237,-0.045850668,-0.0183217669,-0.182665438,-0.304132936,0.00877284408,-0.0617715693,0.437545899,0.2,-0.174479759,-0.150121439,-0.0120062768,0.0074166739,-0.045850668,0.182665438,0.00877284408,0.437545899,0.174479759,-0.0120062768,0.0183217669,-0.304132936,-0.0617715693,-0.2,-0.0074166739,0.150121439
847,25560369,-0.422551662,-0.234863684,0.155744001,-0.19409591,0.0779855326,-0.835540056,0.478264838,-0.572013438,-0.515613258,-0.4460949,-0.27503711,0.033163283,-0.0338041329,-0.0187890947,-0.129915199,-0.287343159,0.00623884261,-0.0668432045,0.415219177,0.2,-0.153122652,-0.13921898,-0.0220029688,0.00265306264,-0.0338041329,0.129915199,0.00623884261,0.415219177,0.153122652,-0.0220029688,0.0187890947,-0.287343159,-0.0668432045,-0.2,-0.00265306264,0.13921898
848,25590759,-0.239486367,-0.199607268,0.235887945,-0.142102063,0.105335325,-0.74849689,0.287419021,-0.47650665,-0.506241202,-0.390366763,-0.327133834,0.101445213,-0.0191589093,-0.0159685814,-0.0938504249,-0.263945928,0.008426826,-0.0598797512,0.32933856,0.2,-0.15124824,-0.128073353,-0.0261707067,0.00811561704,-0.0191589093,0.0938504249,0.008426826,0.32933856,0.15124824,-0.0261707067,0.0159685814,-0.263945928,-0.0598797512,-0.2,-0.00811561704,0.128073353
849,25598643,-0.183912635,-0.0826066658,0.345050842,-0.220044941,0.15973483,-0.583502769,0.0645332336,-0.454634905,-0.640210807,-0.396281779,-0.261572629,0.299900472,-0.0147130108,-0.00660853326,-0.0447271213,-0.299020223,0.0127787864,-0.0466802216,0.229039955,0.2,-0.178042161,-0.129256356,-0.0209258103,0.0239920378,-0.0147130108,0.0447271213,0.0127787864,0.229039955,0.178042161,-0.0209258103,0.00660853326,-0.299020223,-0.0466802216,-0.2,-0.0239920378,0.129256356
850,25619399,-0.182351276,0.0636791736,0.38172096,-0.309603393,0.229357913,-0.409123808,-0.0930943266,-0.383862376,-0.816555977,-0.360342413,-0.0726938471,0.509657323,-0.0145881021,0.00509433389,-0.0282255679,-0.339321527,0.0183486331,-0.0327299047,0.2,0.2,-0.213311195,-0.122068483,-0.00581550777,0.0407725859,-0.0145881021,0.0282255679,0.0183486331,0.2,0.213311195,-0.00581550777,-0.00509433389,-0.339321527,-0.0327299047,-0.2,-0.0407725859,0.122068483
851,25639528,-0.12856774,0.178904414,0.351751715,-0.292419881,0.300590307,-0.199815705,-0.2147232,-0.177655667,-0.914386511,-0.233848706,0.1628896,0.59620744,-0.0102854192,0.0143123531,-0.0417117283,-0.331588946,0.0240472245,-0.0159852564,0.2,0.2,-0.23,-0.0967697412,0.013031168,0.0476965952,-0.0102854192,0.0417117283,0.0240472245,0.2,0.23,0.013031168,-0.0143123531,-0.331588946,-0.0159852564,-0.2,-0.0476965952,0.0967697412
852,25660428,-0.0793467909,0.278605461,0.281190872,-0.218276769,0.385282487,-0.0341713578,-0.299014986,-0.00523155974,-0.926551104,-0.0713514537,0.32461828,0.648315787,-0.00634774327,0.0222884369,-0.0734641075,-0.298224546,0.0308225989,-0.00273370862,0.2,0.2,-0.23,-0.0642702907,0.0259694624,0.051865263,-0.00634774327,0.0734641075,0.0308225989,0.2,0.23,0.0259694624,-0.0222884369,-0.298224546,-0.00273370862,-0.2,-0.051865263,0.0642702907
853,25681855,-0.00711789681,0.318117261,0.231650814,-0.162556842,0.458142877,0.0927458927,-0.350545168,0.0611367896,-0.924744368,0.039033629,0.383102804,0.627442002,-0.000569431745,0.0254493809,-0.0957571335,-0.273150579,0.0366514301,0.00741967142,0.2,0.227511555,-0.23,-0.0421932742,0.0306482244,0.0501953602,-0.000569431745,0.0957571335,0.0366514301,0.2,0.23,0.0306482244,-0.0254493809,-0.273150579,0.00741967142,-0.227511555,-0.0501953602,0.0421932742
854,25701705,0.0905760229,0.26937294,0.166712955,-0.0913870558,0.495909721,0.181840152,-0.364765793,0.0891358852,-0.895422101,0.106427878,0.391045302,0.541288912,0.00724608183,0.0215498352,-0.12497917,-0.241124175,0.0396727777,0.0145472121,0.2,0.240111148,-0.22908442,-0.0287144244,0.0312836242,0.043303113,0.00724608183,0.12497917,0.0396727777,0.2,0.22908442,0.0312836242,-0.0215498352,-0.241124175,0.0145472121,-0.240111148,-0.043303113,0.0287144244
855,25720082,0.142006725,0.164776042,0.102352634,-0.046962373,0.480169922,0.235431835,-0.309707075,0.0713997036,-0.8172732,0.14811492,0.383932263,0.456876934,0.011360538,0.0131820834,-0.153941315,-0.221133068,0.0384135938,0.0188345468,0.2,0.232129867,-0.21345464,-0.0203770161,0.030714581,0.0365501547,0.011360538,0.153941315,0.0384135938,0.2,0.21345464,0.030714581,-0.0131820834,-0.221133068,0.0188345468,-0.232129867,-0.0365501547,0.0203770161
856,25738922,0.0851091966,0.0598948039,0.0553586781,-0.0608692318,0.41168645,0.233810887,-0.190002799,-0.0119890636,-0.751052737,0.107238747,0.376463503,0.412499338,0.00680873573,0.00479158431,-0.175088595,-0.227391154,0.032934916,0.0187048709,0.2,0.2,-0.200210547,-0.0285522506,0.0301170802,0.0329999471,0.00680873573,0.175088595,0.032934916,0.2,0.200210547,0.0301170802,-0.00479158431,-0.227391154,0.0187048709,-0.2,-0.0329999471,0.0285522506
857,25760862,-0.0562437586,-0.00325754378,0.0281088632,-0.136096612,0.322467238,0.129993007,-0.0471148714,-0.131951302,-0.710623145,-0.0342129879,0.347612202,0.391656399,-0.00449950069,-0.000260603502,-0.187351012,-0.261243475,0.025797379,0.0103994405,0.2,0.2,-0.192124629,-0.0568425976,0.0278089762,0.0313325119,-0.00449950069,0.187351012,0.025797379,0.2,0.192124629,0.0278089762,0.000260603502,-0.261243475,0.0103994405,-0.2,-0.0313325119,0.0568425976
858,25791997,-0.27158013,-0.0415864773,0.0158631857,-0.20788765,0.234802619,-0.0721344054,0.138744578,-0.286110669,-0.677904606,-0.183696553,0.242767245,0.352957904,-0.0217264104,-0.00332691818,-0.192861566,-0.293549442,0.0187842095,-0.00577075243,0.26243506,0.2,-0.185580921,-0.0867393106,0.0194213796,0.0282366323,-0.0217264104,0.192861566,0.0187842095,0.26243506,0.185580921,0.0194213796,0.00332691818,-0.293549442,-0.00577075243,-0.2,-0.0282366323,0.0867393106
859,25797173,-0.468897432,-0.0544748232,0.0614151731,-0.261474788,0.169247508,-0.30983907,0.339696974,-0.458083302,-0.604337692,-0.282330364,0.084623836,0.308590919,-0.0375117946,-0.00435798585,-0.172363172,-0.317663655,0.0135398006,-0.0247871256,0.352863638,0.2,-0.170867538,-0.106466073,0.00676990688,0.0246872735,-0.0375117946,0.172363172,0.0135398006,0.352863638,0.170867538,0.00676990688,0.00435798585,-0.317663655,-0.0247871256,-0.2,-0.0246872735,0.106466073
860,25820916,-0.491105318,-0.0574906506,0.118904538,-0.238605335,0.125663385,-0.501549661,0.404857546,-0.481205404,-0.495316386,-0.30749476,-0.070589751,0.279907107,-0.0392884254,-0.00459925205,-0.146492958,-0.307372401,0.0100530708,-0.0401239729,0.382185896,0.2,-0.149063277,-0.111498952,-0.00564718008,0.0223925686,-0.0392884254,0.146492958,0.0100530708,0.382185896,0.149063277,-0.00564718008,0.00459925205,-0.307372401,-0.0401239729,-0.2,-0.0223925686,0.111498952
861,25843922,-0.416616559,-0.042279087,0.150771543,-0.17661427,0.135035917,-0.588100433,0.325598896,-0.43410024,-0.444145113,-0.296150982,-0.177518144,0.299819767,-0.0333293247,-0.00338232696,-0.132152805,-0.279476421,0.0108028734,-0.0470480347,0.346519503,0.2,-0.138829023,-0.109230196,-0.0142014515,0.0239855814,-0.0333293247,0.132152805,0.0108028734,0.346519503,0.138829023,-0.0142014515,0.00338232696,-0.279476421,-0.0470480347,-0.2,-0.0239855814,0.109230196
862,25858785,-0.327036202,-0.0204390232,0.204096124,-0.163204238,0.170002311,-0.569497943,0.19480136,-0.381293654,-0.441602558,-0.269376278,-0.214760378,0.345249623,-0.0261628962,-0.00163512185,-0.108156744,-0.273441907,0.0136001849,-0.0455598354,0.287660612,0.2,-0.138320512,-0.103875256,-0.0171808302,0.0276199698,-0.0261628962,0.108156744,0.0136001849,0.287660612,0.138320512,-0.0171808302,0.00163512185,-0.273441907,-0.0455598354,-0.2,-0.0276199698,0.103875256
863,25899715,-0.264213771,0.00514183892,0.240943998,-0.229600161,0.187649548,-0.487086028,0.0838067755,-0.389137417,-0.505113542,-0.26607126,-0.176005527,0.40271309,-0.0211371017,0.000411347114,-0.0915752009,-0.303320073,0.0150119638,-0.0389668822,0.237713049,0.2,-0.151022708,-0.103214252,-0.0140804422,0.0322170472,-0.0211371017,0.0915752009,0.0150119638,0.237713049,0.151022708,-0.0140804422,-0.000411347114,-0.303320073,-0.0389668822,-0.2,-0.0322170472,0.103214252
864,25904434,-0.187436998,0.0325493217,0.256079495,-0.261214197,0.205419466,-0.353290349,-0.0161311962,-0.316655487,-0.593807638,-0.224474922,-0.0790921971,0.428048134,-0.0149949598,0.00260394573,-0.0847642273,-0.317546389,0.0164335573,-0.0282632279,0.2,0.2,-0.168761528,-0.0948949844,-0.00632737577,0.0342438507,-0.0149949598,0.0847642273,0.0164335573,0.2,0.168761528,-0.00632737577,-0.00260394573,-0.317546389,-0.0282632279,-0.2,-0.0342438507,0.0948949844
865,25916723,-0.139796868,0.0878927931,0.219955549,-0.243072748,0.240335032,-0.232609972,-0.0685885772,-0.216824099,-0.636269093,-0.145422027,0.0548006445,0.468940735,-0.0111837494,0.00703142345,-0.101020003,-0.309382737,0.0192268026,-0.0186087978,0.2,0.2,-0.177253819,-0.0790844053,0.00438405156,0.0375152588,-0.0111837494,0.101020003,0.0192268026,0.2,0.177253819,0.00438405156,-0.00703142345,-0.309382737,-0.0186087978,-0.2,-0.0375152588,0.0790844053
866,25939331,-0.0802893937,0.165721551,0.179928392,-0.206783965,0.283228666,-0.133050859,-0.146518663,-0.108169988,-0.668316722,-0.0651075169,0.166847691,0.506962657,-0.00642315149,0.013257724,-0.119032224,-0.293052784,0.0226582932,-0.0106440687,0.2,0.2,-0.183663344,-0.0630215034,0.0133478153,0.0405570126,-0.00642315149,0.119032224,0.0226582932,0.2,0.183663344,0.0133478153,-0.013257724,-0.293052784,-0.0106440687,-0.2,-0.0405570126,0.0630215034
867,25961883,0.0095016174,0.197685093,0.134317905,-0.133691698,0.326515317,-0.0515698008,-0.226669028,-0.00587466219,-0.677281618,0.0107625183,0.238517344,0.514505684,0.000760129392,0.0158148074,-0.139556943,-0.260161264,0.0261212254,-0.00412558407,0.2,0.2,-0.185456324,-0.0478474963,0.0190813875,0.0411604548,0.000760129392,0.139556943,0.0261212254,0.2,0.185456324,0.0190813875,-0.0158148074,-0.260161264,-0.00412558407,-0.2,-0.0411604548,0.0478474963
868,25978656,0.124864265,0.163332909,0.0668832213,-0.0681921542,0.33800143,-0.00207281346,-0.291712403,0.059912391,-0.674905062,0.0537665971,0.274093986,0.498414636,0.00998914123,0.0130666327,-0.16990255,-0.230686469,0.0270401144,-0.000165825076,0.2,0.226960576,-0.184981012,-0.0392466806,0.0219275188,0.0398731709,0.00998914123,0.16990255,0.0270401144,0.2,0.184981012,0.0219275188,-0.0130666327,-0.230686469,-0.000165825076,-0.226960576,-0.0398731709,0.0392466806
869,26001710,0.235056549,0.0843797922,-0.00711153401,-0.0160592645,0.324887246,0.0116008231,-0.334172428,0.0969207287,-0.696470201,0.0482209437,0.290643305,0.461057931,0.0188045239,0.00675038338,-0.20320019,-0.207226669,0.0259909797,0.000928065851,0.2,0.243614328,-0.18929404,-0.0403558113,0.0232514644,0.0368846345,0.0188045239,0.20320019,0.0259909797,0.2,0.18929404,0.0232514644,-0.00675038338,-0.207226669,0.000928065851,-0.243614328,-0.0368846345,0.0403558113
870,26020065,0.27478078,-0.027367942,-0.0827176794,0.0258585475,0.292021155,-0.0174209643,-0.320959121,0.0862992182,-0.751722693,-0.0119963065,0.29579401,0.417171896,0.0219824624,-0.00218943536,-0.237222956,-0.188363654,0.0233616924,-0.00139367715,0.2,0.238834648,-0.200344539,-0.0523992613,0.0236635208,0.0333737516,0.0219824624,0.237222956,0.0233616924,0.2,0.200344539,0.0236635208,0.00218943536,-0.188363654,-0.00139367715,-0.238834648,-0.0333737516,0.0523992613
871,26044138,0.16867955,-0.141995803,-0.142614767,0.0158318691,0.249068335,-0.112540349,-0.208706215,-0.000412012334,-0.844810128,-0.13429594,0.258488476,0.352969736,0.013494364,-0.0113596642,-0.264176645,-0.192875659,0.0199254668,-0.00900322795,0.2,0.2,-0.218962026,-0.0768591881,0.0206790781,0.0282375789,0.013494364,0.264176645,0.0199254668,0.2,0.218962026,0.0206790781,0.0113596642,-0.192875659,-0.00900322795,-0.2,-0.0282375789,0.0768591881
872,26057660,-0.105820224,-0.244746968,-0.195629805,-0.0184442885,0.210671693,-0.299571753,0.0156974755,-0.191377416,-0.917054713,-0.287688375,0.144897312,0.255550891,-0.0084656179,-0.0195797575,-0.288033412,-0.20829993,0.0168537354,-0.0239657402,0.207063864,0.2,-0.23,-0.107537675,0.011591785,0.0204440713,-0.0084656179,0.288033412,0.0168537354,0.207063864,0.23,0.011591785,0.0195797575,-0.20829993,-0.0239657402,-0.2,-0.0204440713,0.107537675
873,26082808,-0.404760778,-0.296618521,-0.164083153,-0.0923947543,0.17249155,-0.557758629,0.280647874,-0.435620099,-0.844836414,-0.439052016,-0.0179492403,0.145852804,-0.0323808622,-0.0237294817,-0.273837419,-0.241577639,0.013799324,-0.0446206903,0.326291543,0.2,-0.218967283,-0.137810403,-0.00143593922,0.0116682243,-0.0323808622,0.273837419,0.013799324,0.326291543,0.218967283,-0.00143593922,0.0237294817,-0.241577639,-0.0446206903,-0.2,-0.0116682243,0.137810403
874,26097749,-0.536523283,-0.301363558,-0.0494213216,-0.154139385,0.131421641,-0.804165184,0.47311455,-0.57619065,-0.649808466,-0.487879246,-0.166627705,0.0364352949,-0.0429218626,-0.0241090846,-0.222239595,-0.269362723,0.0105137312,-0.0643332148,0.412901548,0.2,-0.179961693,-0.147575849,-0.0133302164,0.00291482359,-0.0429218626,0.222239595,0.0105137312,0.412901548,0.179961693,-0.0133302164,0.0241090846,-0.269362723,-0.0643332148,-0.2,-0.00291482359,0.147575849
875,26124663,-0.475092709,-0.290037066,0.0792531446,-0.17369628,0.0913984254,-0.931940496,0.520714402,-0.616298676,-0.509753406,-0.468554437,-0.283856481,-0.0300497599,-0.0380074167,-0.0232029653,-0.164336085,-0.278163326,0.00731187403,-0.0745552397,0.434321481,0.2,-0.151950681,-0.143710887,-0.0227085185,-0.00240398079,-0.0380074167,0.164336085,0.00731187403,0.434321481,0.151950681,-0.0227085185,0.0232029653,-0.278163326,-0.0745552397,-0.2,0.00240398079,0.143710887
876,26140311,-0.295796514,-0.289613962,0.179886192,-0.15529336,0.0681706369,-0.920429707,0.422698259,-0.593412757,-0.460897416,-0.444328219,-0.36025098,-0.00652807858,-0.0236637211,-0.023169117,-0.119051214,-0.269882012,0.00545365095,-0.0736343765,0.390214217,0.2,-0.142179483,-0.138865644,-0.0288200784,-0.000522246286,-0.0236637211,0.119051214,0.00545365095,0.390214217,0.142179483,-0.0288200784,0.023169117,-0.269882012,-0.0736343765,-0.2,0.000522246286,0.138865644
877,26160734,-0.159739882,-0.262092263,0.264825672,-0.19136326,0.0764564052,-0.796448529,0.268296093,-0.609375417,-0.576787412,-0.470482826,-0.35286057,0.157178387,-0.0127791905,-0.020967381,-0.0808284476,-0.286113467,0.00611651242,-0.0637158823,0.320733242,0.2,-0.165357482,-0.144096565,-0.0282288456,0.012574271,-0.0127791905,0.0808284476,0.00611651242,0.320733242,0.165357482,-0.0282288456,0.020967381,-0.286113467,-0.0637158823,-0.2,-0.012574271,0.144096565
878,26185745,-0.105768532,-0.179562733,0.362930685,-0.266760558,0.112617195,-0.608440697,0.0735265985,-0.564792633,-0.788731992,-0.492277682,-0.267163038,0.37472719,-0.00846148252,-0.0143650186,-0.0366811916,-0.320042251,0.00900937557,-0.0486752558,0.233086969,0.2,-0.207746398,-0.148455536,-0.0213730431,0.0299781752,-0.00846148252,0.0366811916,0.00900937557,0.233086969,0.207746398,-0.0213730431,0.0143650186,-0.320042251,-0.0486752558,-0.2,-0.0299781752,0.148455536
879,26200032,-0.0647653118,-0.0552551858,0.397852749,-0.314887494,0.190374821,-0.381814629,-0.097642757,-0.372501284,-0.971944571,-0.406214118,-0.0699800476,0.532830715,-0.00518122494,-0.00442041487,-0.0209662631,-0.341699372,0.0152299857,-0.0305451703,0.2,0.2,-0.23,-0.131242824,-0.00559840381,0.0426264572,-0.00518122494,0.0209662631,0.0152299857,0.2,0.23,-0.00559840381,0.00442041487,-0.341699372,-0.0305451703,-0.2,-0.0426264572,0.131242824
880,26222267,-0.0451065525,0.123717234,0.384357601,-0.324320018,0.290120244,-0.165148109,-0.265445948,-0.144971162,-1.08336926,-0.259794414,0.189866617,0.640098989,-0.0036085242,0.00989737868,-0.0270390794,-0.345944008,0.0232096195,-0.0132118487,0.2,0.2,-0.23,-0.101958883,0.0151893294,0.0512079191,-0.0036085242,0.0270390794,0.0232096195,0.2,0.23,0.0151893294,-0.00989737868,-0.345944008,-0.0132118487,-0.2,-0.0512079191,0.101958883
881,26240361,-0.00747424085,0.268030822,0.309464067,-0.242819116,0.41120559,0.000466189755,-0.378826886,0.0483805947,-1.13429356,-0.0842708722,0.3651281,0.670167685,-0.000597939268,0.0214424658,-0.0607411698,-0.309268602,0.0328964472,3.72951804e-05,0.2,0.221771268,-0.23,-0.0668541744,0.029210248,0.0536134148,-0.000597939268,0.0607411698,0.0328964472,0.2,0.23,0.029210248,-0.0214424658,-0.309268602,3.72951804e-05,-0.221771268,-0.0536134148,0.0668541744
882,26261412,0.0704657435,0.291415751,0.240491331,-0.120627284,0.502426386,0.136334404,-0.43809405,0.119478956,-1.13397765,0.0498976,0.418884486,0.624022722,0.00563725948,0.0233132601,-0.0917789012,-0.254282278,0.0401941109,0.0109067523,0.2,0.25376553,-0.23,-0.04002048,0.0335107589,0.0499218178,0.00563725948,0.0917789012,0.0401941109,0.2,0.23,0.0335107589,-0.0233132601,-0.254282278,0.0109067523,-0.25376553,-0.0499218178,0.04002048
883,26280910,0.0940113515,0.214848191,0.198998615,-0.0270021167,0.530229867,0.256081909,-0.38626188,0.0943309963,-1.07561374,0.16288203,0.402672648,0.553702712,0.00752090812,0.0171878552,-0.110450623,-0.212150952,0.0424183893,0.0204865527,0.2,0.242448948,-0.23,-0.017423594,0.0322138119,0.044296217,0.00752090812,0.110450623,0.0424183893,0.2,0.23,0.0322138119,-0.0171878552,-0.212150952,0.0204865527,-0.242448948,-0.044296217,0.017423594
884,26302974,0.0213054791,0.0978689417,0.137275249,-0.00623997673,0.470776886,0.330544561,-0.224459633,0.00158080005,-0.961304903,0.21212329,0.377005577,0.504959047,0.00170443833,0.00782951534,-0.138226138,-0.20280799,0.0376621509,0.0264435649,0.2,0.20071136,-0.23,-0.00757534206,0.0301604462,0.0403967237,0.00170443833,0.138226138,0.0376621509,0.2,0.23,0.0301604462,-0.00782951534,-0.20280799,0.0264435649,-0.20071136,-0.0403967237,0.00757534206
885,26333180,-0.131926566,0.0171374008,0.100391813,-0.0961740315,0.360066563,0.27860114,-0.0330321305,-0.12656033,-0.840762198,0.109841175,0.344468802,0.46166414,-0.0105541253,0.00137099206,-0.154823684,-0.243278314,0.028805325,0.0222880912,0.2,0.2,-0.21815244,-0.0280317649,0.0275575042,0.0369331312,-0.0105541253,0.154823684,0.028805325,0.2,0.21815244,0.0275575042,-0.00137099206,-0.243278314,0.0222880912,-0.2,-0.0369331312,0.0280317649
886,26338219,-0.338374913,0.00372759323,0.118177794,-0.219601125,0.269895822,0.11971847,0.152182549,-0.281371206,-0.697369218,-0.0541542023,0.270665139,0.406125903,-0.027069993,0.000298207458,-0.146819993,-0.298820506,0.0215916657,0.00957747757,0.268482147,0.2,-0.189473844,-0.0608308405,0.0216532111,0.0324900723,-0.027069993,0.146819993,0.0215916657,0.268482147,0.189473844,0.0216532111,-0.000298207458,-0.298820506,0.00957747757,-0.2,-0.0324900723,0.0608308405
887,26359340,-0.513477623,0.0137311639,0.124783978,-0.308483064,0.211393714,-0.127978176,0.30736959,-0.438751966,-0.602844834,-0.210731298,0.155285656,0.347822487,-0.0410782099,0.00109849311,-0.14384721,-0.338817379,0.0169114971,-0.0102382541,0.338316315,0.2,-0.170568967,-0.0921462595,0.0124228525,0.027825799,-0.0410782099,0.14384721,0.0169114971,0.338316315,0.170568967,0.0124228525,-0.00109849311,-0.338817379,-0.0102382541,-0.2,-0.027825799,0.0921462595
888,26389300,-0.559807599,0.0284244902,0.155348688,-0.302372932,0.175362125,-0.320963353,0.37667647,-0.473192334,-0.547214448,-0.275839627,0.0470107868,0.3269068,-0.0447846079,0.00227395922,-0.13009309,-0.33606782,0.01402897,-0.0256770682,0.369504412,0.2,-0.15944289,-0.105167925,0.00376086295,0.026152544,-0.0447846079,0.13009309,0.01402897,0.369504412,0.15944289,0.00376086295,-0.00227395922,-0.33606782,-0.0256770682,-0.2,-0.026152544,0.105167925
889,26398818,-0.486982554,0.037293952,0.17602469,-0.212967396,0.185374275,-0.39054215,0.297982305,-0.381384909,-0.498885989,-0.258073628,-0.0515572913,0.329722732,-0.0389586043,0.00298351616,-0.120788889,-0.295835328,0.014829942,-0.031243372,0.334092037,0.2,-0.149777198,-0.101614726,-0.0041245833,0.0263778186,-0.0389586043,0.120788889,0.014829942,0.334092037,0.149777198,-0.0041245833,-0.00298351616,-0.295835328,-0.031243372,-0.2,-0.0263778186,0.101614726
890,26433238,-0.414376467,0.0592357069,0.197911829,-0.185764909,0.212777823,-0.40149802,0.188551947,-0.33140111,-0.462953001,-0.219774067,-0.0899015963,0.369943619,-0.0331501174,0.00473885655,-0.110939677,-0.283594209,0.0170222259,-0.0321198416,0.284848376,0.2,-0.1425906,-0.0939548135,-0.0071921277,0.0295954895,-0.0331501174,0.110939677,0.0170222259,0.284848376,0.1425906,-0.0071921277,-0.00473885655,-0.283594209,-0.0321198416,-0.2,-0.0295954895,0.0939548135
891,26439486,-0.311015844,0.0469679236,0.215739205,-0.217056707,0.215677932,-0.348086625,0.0820764527,-0.303154975,-0.483482182,-0.192823514,-0.084965758,0.368234575,-0.0248812675,0.00375743389,-0.102917358,-0.297675518,0.0172542346,-0.02784693,0.236934404,0.2,-0.146696436,-0.0885647029,-0.00679726064,0.029458766,-0.0248812675,0.102917358,0.0172542346,0.236934404,0.146696436,-0.00679726064,-0.00375743389,-0.297675518,-0.02784693,-0.2,-0.029458766,0.0885647029
892,26462538,-0.216568559,0.0412924737,0.210797831,-0.254575819,0.212773442,-0.252332956,0.0223148558,-0.272016704,-0.533296049,-0.155953184,-0.0215409324,0.365949214,-0.0173254848,0.00330339789,-0.105140976,-0.314559118,0.0170218754,-0.0201866364,0.210041685,0.2,-0.15665921,-0.0811906368,-0.00172327459,0.0292759371,-0.0173254848,0.105140976,0.0170218754,0.210041685,0.15665921,-0.00172327459,-0.00330339789,-0.314559118,-0.0201866364,-0.2,-0.0292759371,0.0811906368
893,26485795,-0.168055192,0.0669978186,0.172823727,-0.217647716,0.22454752,-0.181227997,0.00520417793,-0.21690461,-0.523005545,-0.0942582265,0.0548559017,0.40343529,-0.0134444153,0.00535982549,-0.122229323,-0.297941472,0.0179638016,-0.0144982398,0.20234188,0.2,-0.154601109,-0.0688516453,0.00438847214,0.0322748232,-0.0134444153,0.122229323,0.0179638016,0.20234188,0.154601109,0.00438847214,-0.00535982549,-0.297941472,-0.0144982398,-0.2,-0.0322748232,0.0688516453
894,26499480,-0.13745521,0.10347718,0.150221005,-0.173464775,0.243646398,-0.119967394,-0.0245399941,-0.155280083,-0.497474015,-0.0367197059,0.107353441,0.450984538,-0.0109964168,0.0082781744,-0.132400548,-0.278059149,0.0194917119,-0.00959739149,0.2,0.2,-0.149494803,-0.0573439412,0.00858827531,0.036078763,-0.0109964168,0.132400548,0.0194917119,0.2,0.149494803,0.00858827531,-0.0082781744,-0.278059149,-0.00959739149,-0.2,-0.036078763,0.0573439412
895,26519823,-0.0779208168,0.0937218145,0.107800387,-0.142889485,0.242473274,-0.0860900283,-0.0720333308,-0.116253696,-0.496602476,-0.0025000344,0.12326584,0.478243053,-0.00623366535,0.00749774516,-0.151489826,-0.264300268,0.019397862,-0.00688720226,0.2,0.2,-0.149320495,-0.0505000069,0.00986126721,0.0382594442,-0.00623366535,0.151489826,0.019397862,0.2,0.149320495,0.00986126721,-0.00749774516,-0.264300268,-0.00688720226,-0.2,-0.0382594442,0.0505000069
896,26540444,-0.0197418369,0.0448495261,0.0645675659,-0.132895172,0.221341446,-0.0812628344,-0.0982701927,-0.106987268,-0.53148514,-0.0036045392,0.12038064,0.47672829,-0.00157934695,0.00358796209,-0.170944595,-0.259802827,0.0177073157,-0.00650102675,0.2,0.2,-0.156297028,-0.0507209078,0.0096304512,0.0381382632,-0.00157934695,0.170944595,0.0177073157,0.2,0.156297028,0.0096304512,-0.00358796209,-0.259802827,-0.00650102675,-0.2,-0.0381382632,0.0507209078
897,26559077,0.010120145,-0.0229460541,0.0295839664,-0.128731266,0.195538744,-0.0993061215,-0.082561776,-0.120708048,-0.571293414,-0.0211616084,0.0991553888,0.447201908,0.000809611604,-0.00183568433,-0.186687215,-0.25792907,0.0156430995,-0.00794448972,0.2,0.2,-0.164258683,-0.0542323217,0.0079324311,0.0357761526,0.000809611604,0.186687215,0.0156430995,0.2,0.164258683,0.0079324311,0.00183568433,-0.25792907,-0.00794448972,-0.2,-0.0357761526,0.0542323217
898,26583293,-0.0155446278,-0.0892056227,-0.00111183757,-0.127292633,0.16906698,-0.146225095,-0.0194121432,-0.172373831,-0.594570816,-0.0569682904,0.0665967688,0.416675061,-0.00124357022,-0.00713644981,-0.200500327,-0.257281685,0.0135253584,-0.0116980076,0.2,0.2,-0.168914163,-0.0613936581,0.0053277415,0.0333340049,-0.00124357022,0.200500327,0.0135253584,0.2,0.168914163,0.0053277415,0.00713644981,-0.257281685,-0.0116980076,-0.2,-0.0333340049,0.0613936581
899,26598329,-0.0979437083,-0.138497293,-0.0053491313,-0.137019008,0.145176604,-0.221288666,0.0774184465,-0.258304447,-0.588382542,-0.114768729,0.0117329322,0.383305371,-0.00783549666,-0.0110797834,-0.202407109,-0.261658554,0.0116141284,-0.0177030933,0.234838301,0.2,-0.167676508,-0.0729537457,0.000938634574,0.0306644297,-0.00783549666,0.202407109,0.0116141284,0.234838301,0.167676508,0.000938634574,0.0110797834,-0.261658554,-0.0177030933,-0.2,-0.0306644297,0.0729537457
900,26629697,-0.212033466,-0.155267939,0.0324311703,-0.170417547,0.127371848,-0.322065383,0.193867117,-0.360238761,-0.536873162,-0.185803428,-0.066461198,0.35311237,-0.0169626772,-0.0124214351,-0.185405973,-0.276687896,0.0101897478,-0.0257652307,0.287240203,0.2,-0.157374632,-0.0871606857,-0.00531689584,0.0282489896,-0.0169626772,0.185405973,0.0101897478,0.287240203,0.157374632,-0.00531689584,0.0124214351,-0.276687896,-0.0257652307,-0.2,-0.0282489896,0.0871606857
901,26637893,-0.287247837,-0.149199218,0.0896589383,-0.203435495,0.116525248,-0.4272165,0.282289952,-0.431997895,-0.464539081,-0.244764879,-0.151798129,0.334429264,-0.0229798269,-0.0119359374,-0.159653478,-0.291545973,0.00932201982,-0.03417732,0.327030478,0.2,-0.142907816,-0.0989529759,-0.0121438503,0.0267543411,-0.0229798269,0.159653478,0.00932201982,0.327030478,0.142907816,-0.0121438503,0.0119359374,-0.291545973,-0.03417732,-0.2,-0.0267543411,0.0989529759
902,26663787,-0.281541884,-0.129557461,0.145197675,-0.212079465,0.11834316,-0.487874955,0.280305296,-0.442662358,-0.41475141,-0.270991564,-0.218443274,0.337702066,-0.0225233507,-0.0103645968,-0.134661046,-0.295435759,0.00946745276,-0.0390299964,0.326137383,0.2,-0.132950282,-0.104198313,-0.017475462,0.0270161653,-0.0225233507,0.134661046,0.00946745276,0.326137383,0.132950282,-0.017475462,0.0103645968,-0.295435759,-0.0390299964,-0.2,-0.0270161653,0.104198313
903,26678391,-0.250324786,-0.0935001299,0.19822219,-0.227198064,0.149144813,-0.469465166,0.207643777,-0.422302514,-0.434470057,-0.266600728,-0.238809243,0.38809517,-0.0200259829,-0.00748001039,-0.110800014,-0.302239129,0.0119315851,-0.0375572133,0.2934397,0.2,-0.136894011,-0.103320146,-0.0191047394,0.0310476136,-0.0200259829,0.110800014,0.0119315851,0.2934397,0.136894011,-0.0191047394,0.00748001039,-0.302239129,-0.0375572133,-0.2,-0.0310476136,0.103320146
904,26704312,-0.225069165,-0.0388248786,0.252716959,-0.263556033,0.206674829,-0.380552471,0.104017317,-0.376087904,-0.506145835,-0.231590107,-0.205215394,0.46619159,-0.0180055332,-0.00310599029,-0.0862773687,-0.318600215,0.0165339863,-0.0304441977,0.246807793,0.2,-0.151229167,-0.0963180214,-0.0164172316,0.0372953272,-0.0180055332,0.0862773687,0.0165339863,0.246807793,0.151229167,-0.0164172316,0.00310599029,-0.318600215,-0.0304441977,-0.2,-0.0372953272,0.0963180214
905,26723666,-0.200342119,0.0352122858,0.274862647,-0.297801524,0.272963315,-0.259249181,-0.00198292756,-0.295800596,-0.612738311,-0.175406814,-0.0945650935,0.533119082,-0.0160273695,0.00281698287,-0.0763118088,-0.334010686,0.0218370652,-0.0207399344,0.2,0.2,-0.172547662,-0.0850813627,-0.00756520748,0.0426495266,-0.0160273695,0.0763118088,0.0218370652,0.2,0.172547662,-0.00756520748,-0.00281698287,-0.334010686,-0.0207399344,-0.2,-0.0426495266,0.0850813627
906,26741000,-0.133677199,0.12921451,0.263544977,-0.29655835,0.331206411,-0.12396951,-0.111368299,-0.166466191,-0.705500543,-0.0954882503,0.0575110763,0.561040759,-0.010694176,0.0103371608,-0.0814047605,-0.333451258,0.0264965129,-0.00991756082,0.2,0.2,-0.191100109,-0.0690976501,0.00460088611,0.0448832607,-0.010694176,0.0814047605,0.0264965129,0.2,0.191100109,0.00460088611,-0.0103371608,-0.333451258,-0.00991756082,-0.2,-0.0448832607,0.0690976501
907,26758653,-0.0175146479,0.211065575,0.210017607,-0.222711578,0.396553576,-0.00906780083,-0.235257283,-0.018430043,-0.743471324,0.00398900872,0.190540567,0.548178136,-0.00140117183,0.016885246,-0.105492077,-0.30022021,0.0317242861,-0.000725424066,0.2,0.2,-0.198694265,-0.0492021983,0.0152432454,0.0438542509,-0.00140117183,0.105492077,0.0317242861,0.2,0.198694265,0.0152432454,-0.016885246,-0.30022021,-0.000725424066,-0.2,-0.0438542509,0.0492021983
908,26780972,0.125605151,0.236899585,0.130230695,-0.103772461,0.449133694,0.068820931,-0.346152395,0.0912325904,-0.728919804,0.0883318558,0.293914765,0.528863132,0.0100484121,0.0189519668,-0.141396187,-0.246697608,0.0359306955,0.00550567448,0.2,0.241054666,-0.195783961,-0.0323336288,0.0235131812,0.0423090506,0.0100484121,0.141396187,0.0359306955,0.2,0.195783961,0.0235131812,-0.0189519668,-0.246697608,0.00550567448,-0.241054666,-0.0423090506,0.0323336288
909,26801479,0.26533407,0.175572962,0.0511621982,-0.00744177913,0.459198177,0.119942032,-0.397594213,0.142254084,-0.696400583,0.137340769,0.3525832,0.493180543,0.0212267256,0.0140458369,-0.176977011,-0.203348801,0.0367358541,0.00959536254,0.2,0.264014338,-0.189280117,-0.0225318462,0.028206656,0.0394544435,0.0212267256,0.176977011,0.0367358541,0.2,0.189280117,0.028206656,-0.0140458369,-0.203348801,0.00959536254,-0.264014338,-0.0394544435,0.0225318462
910,26819614,0.364714891,0.0461051688,-0.047522597,0.0670638233,0.417613894,0.136217341,-0.407256931,0.144692585,-0.716408312,0.106759235,0.389603674,0.459104061,0.0291771913,0.0036884135,-0.221385169,-0.169821279,0.0334091115,0.0108973873,0.2,0.265111663,-0.193281662,-0.0286481529,0.031168294,0.0367283249,0.0291771913,0.221385169,0.0334091115,0.2,0.193281662,0.031168294,-0.0036884135,-0.169821279,0.0108973873,-0.265111663,-0.0367283249,0.0286481529
911,26843377,0.353553802,-0.0875031427,-0.129182979,0.044011306,0.352234691,0.0702123716,-0.366993695,0.111627944,-0.8412081,-0.0741158873,0.396338582,0.412589669,0.0282843041,-0.00700025141,-0.258132341,-0.180194912,0.0281787753,0.00561698973,0.2,0.250232575,-0.21824162,-0.0648231775,0.0317070866,0.0330071735,0.0282843041,0.258132341,0.0281787753,0.2,0.21824162,0.0317070866,0.00700025141,-0.180194912,0.00561698973,-0.250232575,-0.0330071735,0.0648231775
912,26872818,0.138069287,-0.218553916,-0.220530927,0.0140774492,0.293630093,-0.119581625,-0.20665209,-0.00126568472,-1.01958585,-0.286460191,0.295314848,0.297401428,0.011045543,-0.0174843132,-0.299238917,-0.193665148,0.0234904075,-0.00956652999,0.2,0.2,-0.23,-0.107292038,0.0236251879,0.0237921143,0.011045543,0.299238917,0.0234904075,0.2,0.23,0.0236251879,0.0174843132,-0.193665148,-0.00956652999,-0.2,-0.0237921143,0.107292038
913,26879687,-0.237790838,-0.351272225,-0.283950776,-0.0462264083,0.245806232,-0.385560751,0.0886254907,-0.286509246,-1.13669872,-0.513709605,0.117462769,0.128153101,-0.019023267,-0.028101778,-0.327777849,-0.220801884,0.0196644986,-0.0308448601,0.239881471,0.2,-0.23,-0.152741921,0.00939702153,0.010252248,-0.019023267,0.327777849,0.0196644986,0.239881471,0.23,0.00939702153,0.028101778,-0.220801884,-0.0308448601,-0.2,-0.010252248,0.152741921
914,26898597,-0.587626159,-0.412835151,-0.241591245,-0.162974745,0.202516943,-0.702282131,0.420804739,-0.596469343,-1.06516111,-0.698727787,-0.0596486107,0.0088902209,-0.0470100927,-0.0330268121,-0.30871606,-0.273338635,0.0162013555,-0.0561825705,0.389362133,0.2,-0.23,-0.189745557,-0.00477188885,0.000711217672,-0.0470100927,0.30871606,0.0162013555,0.389362133,0.23,-0.00477188885,0.0330268121,-0.273338635,-0.0561825705,-0.2,-0.000711217672,0.189745557
915,26920259,-0.66018343,-0.429951489,-0.0735212266,-0.227535501,0.136274129,-0.951027751,0.616587222,-0.731152833,-0.894469917,-0.686918378,-0.192809686,-0.0866973177,-0.0528146744,-0.0343961191,-0.233084552,-0.302390976,0.0109019303,-0.0760822201,0.47746425,0.2,-0.228893983,-0.187383676,-0.0154247749,-0.00693578541,-0.0528146744,0.233084552,0.0109019303,0.47746425,0.228893983,-0.0154247749,0.0343961191,-0.302390976,-0.0760822201,-0.2,0.00693578541,0.187383676
916,26940556,-0.484180182,-0.431737453,0.11780078,-0.185476974,0.086822845,-1.0060643,0.593326151,-0.672253966,-0.769546986,-0.541770697,-0.342941195,-0.139222398,-0.0387344146,-0.0345389962,-0.146989649,-0.283464638,0.0069458276,-0.0804851437,0.466996768,0.2,-0.203909397,-0.158354139,-0.0274352956,-0.0111377919,-0.0387344146,0.146989649,0.0069458276,0.466996768,0.203909397,-0.0274352956,0.0345389962,-0.283464638,-0.0804851437,-0.2,0.0111377919,0.158354139
917,26958909,-0.234899208,-0.407404989,0.208978146,-0.124059729,0.0815401301,-0.942012906,0.423948586,-0.588689446,-0.698709667,-0.431610286,-0.403958619,-0.0326431096,-0.0187919366,-0.0325923991,-0.105959834,-0.255826878,0.00652321041,-0.0753610325,0.390776864,0.2,-0.189741933,-0.136322057,-0.0323166895,-0.00261144876,-0.0187919366,0.105959834,0.00652321041,0.390776864,0.189741933,-0.0323166895,0.0325923991,-0.255826878,-0.0753610325,-0.2,0.00261144876,0.136322057
918,26992172,-0.0756759197,-0.312328756,0.342282146,-0.177496478,0.105187334,-0.728655517,0.1540685,-0.543400586,-0.820931494,-0.44665882,-0.331511468,0.209209397,-0.00605407357,-0.0249863005,-0.0459730342,-0.279873415,0.00841498673,-0.0582924414,0.269330825,0.2,-0.214186299,-0.139331764,-0.0265209174,0.0167367518,-0.00605407357,0.0459730342,0.00841498673,0.269330825,0.214186299,-0.0265209174,0.0249863005,-0.279873415,-0.0582924414,-0.2,-0.0167367518,0.139331764
919,26998634,-0.0617356189,-0.160277456,0.352317214,-0.227316007,0.131810322,-0.558503747,-0.0363806188,-0.481979132,-0.996194243,-0.476929724,-0.192883372,0.442288637,-0.00493884951,-0.0128221965,-0.0414572537,-0.302292203,0.0105448258,-0.0446802998,0.2,0.2,-0.23,-0.145385945,-0.0154306698,0.035383091,-0.00493884951,0.0414572537,0.0105448258,0.2,0.23,-0.0154306698,0.0128221965,-0.302292203,-0.0446802998,-0.2,-0.035383091,0.145385945
920,27020876,-0.0515696928,-0.012243676,0.363586694,-0.289984375,0.175422445,-0.34399882,-0.179364204,-0.316461086,-1.17922759,-0.38913542,0.019435849,0.594229519,-0.00412557542,-0.00097949408,-0.0363859877,-0.330492969,0.0140337956,-0.0275199056,0.2,0.2,-0.23,-0.127827084,0.00155486792,0.0475383615,-0.00412557542,0.0363859877,0.0140337956,0.2,0.23,0.00155486792,0.00097949408,-0.330492969,-0.0275199056,-0.2,-0.0475383615,0.127827084
921,27041346,-0.0617299117,0.138042346,0.307130724,-0.263444692,0.246571526,-0.162747666,-0.276860565,-0.142439038,-1.28616047,-0.242725447,0.226704925,0.670915723,-0.00493839294,0.0110433877,-0.0617911741,-0.318550111,0.0197257221,-0.0130198133,0.2,0.2,-0.23,-0.0985450894,0.018136394,0.0536732578,-0.00493839294,0.0617911741,0.0197257221,0.2,0.23,0.018136394,-0.0110433877,-0.318550111,-0.0130198133,-0.2,-0.0536732578,0.0985450894
922,27060990,-0.0734482929,0.231460616,0.279706866,-0.170958132,0.359275341,-0.00372021133,-0.309763521,0.00225628796,-1.27432477,-0.0590838715,0.341149062,0.658156455,-0.00587586343,0.0185168493,-0.0741319105,-0.276931159,0.0287420273,-0.000297616906,0.2,0.20101533,-0.23,-0.0618167743,0.027291925,0.0526525164,-0.00587586343,0.0741319105,0.0287420273,0.2,0.23,0.027291925,-0.0185168493,-0.276931159,-0.000297616906,-0.20101533,-0.0526525164,0.0618167743
923,27079744,-0.0797127262,0.233879089,0.237950936,-0.0873309001,0.438004225,0.134951025,-0.291066319,0.0252161156,-1.20658076,0.0693622604,0.352062523,0.600197315,-0.00637701809,0.0187103271,-0.0929220788,-0.239298905,0.035040338,0.010796082,0.2,0.211347252,-0.23,-0.0361275479,0.0281650019,0.0480157852,-0.00637701809,0.0929220788,0.035040338,0.2,0.23,0.0281650019,-0.0187103271,-0.239298905,0.010796082,-0.211347252,-0.0480157852,0.0361275479
924,27100362,-0.082461834,0.18315421,0.187071621,-0.049713973,0.448266029,0.217239857,-0.228435591,-0.0123724779,-1.09705973,0.137978703,0.319234073,0.507948101,-0.00659694672,0.0146523368,-0.11581777,-0.222371288,0.0358612823,0.0173791885,0.2,0.2,-0.23,-0.0224042594,0.0255387259,0.040635848,-0.00659694672,0.11581777,0.0358612823,0.2,0.23,0.0255387259,-0.0146523368,-0.222371288,0.0173791885,-0.2,-0.040635848,0.0224042594
925,27120337,-0.144757122,0.0986478999,0.14444381,-0.0759954825,0.391996711,0.235840738,-0.0884310529,-0.0920988843,-0.93025893,0.138253063,0.288243026,0.417539656,-0.0115805697,0.00789183199,-0.135000286,-0.234197967,0.0313597369,0.018867259,0.2,0.2,-0.23,-0.0223493874,0.023059442,0.0334031725,-0.0115805697,0.135000286,0.0313597369,0.2,0.23,0.023059442,-0.00789183199,-0.234197967,0.018867259,-0.2,-0.0334031725,0.0223493874
926,27141974,-0.258895278,0.0474187955,0.132121325,-0.165288717,0.311725438,0.169182137,0.0635789782,-0.199292824,-0.731595278,0.0453899987,0.254189789,0.346937269,-0.0207116222,0.00379350364,-0.140545404,-0.274379922,0.024938035,0.0135345709,0.22861054,0.2,-0.196319056,-0.0409220003,0.0203351831,0.0277549815,-0.0207116222,0.140545404,0.024938035,0.22861054,0.196319056,0.0203351831,-0.00379350364,-0.274379922,0.0135345709,-0.2,-0.0277549815,0.0409220003
927,27159671,-0.371293664,0.0363832228,0.130953476,-0.229646906,0.240859956,0.0289435182,0.185601637,-0.293869495,-0.54522413,-0.0675241053,0.202680454,0.305106163,-0.0297034931,0.00291065782,-0.141070936,-0.303341108,0.0192687964,0.00231548145,0.283520737,0.2,-0.159044826,-0.0635048211,0.0162144363,0.024408493,-0.0297034931,0.141070936,0.0192687964,0.283520737,0.159044826,0.0162144363,-0.00291065782,-0.303341108,0.00231548145,-0.2,-0.024408493,0.0635048211
928,27178487,-0.431639761,0.0372039154,0.13105844,-0.240882978,0.190290913,-0.1283627,0.247350663,-0.345185518,-0.447585166,-0.15044786,0.117770366,0.291788071,-0.0345311809,0.00297631323,-0.141023702,-0.30839734,0.015223273,-0.010269016,0.311307798,0.2,-0.139517033,-0.0800895721,0.00942162931,0.0233430457,-0.0345311809,0.141023702,0.015223273,0.311307798,0.139517033,0.00942162931,-0.00297631323,-0.30839734,-0.010269016,-0.2,-0.0233430457,0.0800895721
929,27201921,-0.438953668,0.0348825939,0.132508576,-0.207234308,0.1666857,-0.254867703,0.251578361,-0.344780952,-0.397787601,-0.191611379,0.0224395785,0.308778048,-0.0351162934,0.00279060751,-0.140371141,-0.293255439,0.013334856,-0.0203894162,0.313210262,0.2,-0.12955752,-0.0883222759,0.00179516628,0.0247022438,-0.0351162934,0.140371141,0.013334856,0.313210262,0.12955752,0.00179516628,-0.00279060751,-0.293255439,-0.0203894162,-0.2,-0.0247022438,0.0883222759
930,27217822,-0.3963238,0.0235898625,0.141662851,-0.181249812,0.16661416,-0.324914873,0.213007733,-0.323407173,-0.362677425,-0.19289948,-0.0486309528,0.325877726,-0.031705904,0.001887189,-0.136251717,-0.281562416,0.0133291328,-0.0259931898,0.29585348,0.2,-0.122535485,-0.0885798961,-0.00389047623,0.0260702181,-0.031705904,0.136251717,0.0133291328,0.29585348,0.122535485,-0.00389047623,-0.001887189,-0.281562416,-0.0259931898,-0.2,-0.0260702181,0.0885798961
931,27253842,-0.325894028,0.000445590995,0.156392023,-0.186034635,0.169116244,-0.335833699,0.159870431,-0.309286982,-0.347603589,-0.179541141,-0.0804094374,0.325965017,-0.0260715222,3.56472796e-05,-0.12962359,-0.283715586,0.0135292995,-0.0268666959,0.271941694,0.2,-0.119520718,-0.0859082282,-0.00643275499,0.0260772014,-0.0260715222,0.12962359,0.0135292995,0.271941694,0.119520718,-0.00643275499,-3.56472796e-05,-0.283715586,-0.0268666959,-0.2,-0.0260772014,0.0859082282
932,27257887,-0.259946615,-0.019656729,0.159754947,-0.195376068,0.17068477,-0.304779977,0.11710877,-0.292636871,-0.348885804,-0.162786931,-0.0740215629,0.324531257,-0.0207957292,-0.00157253832,-0.128110274,-0.287919231,0.0136547816,-0.0243823981,0.252698946,0.2,-0.119777161,-0.0825573862,-0.00592172503,0.0259625006,-0.0207957292,0.128110274,0.0136547816,0.252698946,0.119777161,-0.00592172503,0.00157253832,-0.287919231,-0.0243823981,-0.2,-0.0259625006,0.0825573862
933,27281279,-0.218646958,-0.0170204826,0.159255967,-0.196852192,0.178968608,-0.258207589,0.0896637812,-0.270700336,-0.357734144,-0.143617034,-0.0402173661,0.340072155,-0.0174917567,-0.00136163861,-0.128334815,-0.288583487,0.0143174887,-0.0206566072,0.240348702,0.2,-0.121546829,-0.0787234068,-0.00321738929,0.0272057724,-0.0174917567,0.128334815,0.0143174887,0.240348702,0.121546829,-0.00321738929,0.00136163861,-0.288583487,-0.0206566072,-0.2,-0.0272057724,0.0787234068
934,27307527,-0.19467929,0.0052245562,0.150274038,-0.186467797,0.190757439,-0.213691339,0.0611889698,-0.246579662,-0.376615047,-0.123391151,0.000429819949,0.373210758,-0.0155743432,0.000417964496,-0.132376683,-0.283910508,0.0152605951,-0.0170953071,0.227535036,0.2,-0.125323009,-0.0746782303,3.43855959e-05,0.0298568606,-0.0155743432,0.132376683,0.0152605951,0.227535036,0.125323009,3.43855959e-05,-0.000417964496,-0.283910508,-0.0170953071,-0.2,-0.0298568606,0.0746782303
935,27318136,-0.169510767,0.0250890199,0.137719154,-0.174147561,0.201855347,-0.172634467,0.0278358907,-0.219107389,-0.402112752,-0.101224087,0.0336746089,0.400728673,-0.0135608613,0.00200712159,-0.138026381,-0.278366403,0.0161484277,-0.0138107574,0.212526151,0.2,-0.13042255,-0.0702448174,0.00269396871,0.0320582938,-0.0135608613,0.138026381,0.0161484277,0.212526151,0.13042255,0.00269396871,-0.00200712159,-0.278366403,-0.0138107574,-0.2,-0.0320582938,0.0702448174
936,27341330,-0.141622975,0.0239745583,0.12023215,-0.176585689,0.202805072,-0.143906698,0.00421015732,-0.207157835,-0.442423433,-0.0887652934,0.0554564744,0.414338648,-0.011329838,0.00191796467,-0.145895533,-0.27946356,0.0162244058,-0.0115125358,0.201894571,0.2,-0.138484687,-0.0677530587,0.00443651795,0.0331470919,-0.011329838,0.145895533,0.0162244058,0.201894571,0.138484687,0.00443651795,-0.00191796467,-0.27946356,-0.0115125358,-0.2,-0.0331470919,0.0677530587
937,27359731,-0.119878292,0.0118152006,0.10247121,-0.182723582,0.198621809,-0.131756097,0.00260024937,-0.210132077,-0.478868067,-0.0843426958,0.0629592687,0.416814655,-0.00959026337,0.000945216045,-0.153887955,-0.282225612,0.0158897448,-0.0105404878,0.201170112,0.2,-0.145773613,-0.0668685392,0.0050367415,0.0333451724,-0.00959026337,0.153887955,0.0158897448,0.201170112,0.145773613,0.0050367415,-0.000945216045,-0.282225612,-0.0105404878,-0.2,-0.0333451724,0.0668685392
938,27381291,-0.116599612,-0.00426057121,0.0867267922,-0.187706679,0.192370981,-0.136624888,0.0205964297,-0.22548461,-0.500832021,-0.0891378745,0.0615926236,0.415042728,-0.00932796896,-0.000340845697,-0.160972944,-0.284468006,0.0153896785,-0.010929991,0.209268393,0.2,-0.150166404,-0.0678275749,0.00492740989,0.0332034183,-0.00932796896,0.160972944,0.0153896785,0.209268393,0.150166404,0.00492740989,0.000340845697,-0.284468006,-0.010929991,-0.2,-0.0332034183,0.0678275749
939,27400928,-0.140561029,-0.013898544,0.083141543,-0.197849914,0.189298302,-0.156115219,0.0583990142,-0.253461093,-0.506422698,-0.102038331,0.0516117439,0.418065935,-0.0112448823,-0.00111188352,-0.162586306,-0.289032461,0.0151438642,-0.0124892175,0.226279556,0.2,-0.15128454,-0.0704076663,0.00412893951,0.0334452748,-0.0112448823,0.162586306,0.0151438642,0.226279556,0.15128454,0.00412893951,0.00111188352,-0.289032461,-0.0124892175,-0.2,-0.0334452748,0.0704076663
940,27420059,-0.184738055,-0.0184379909,0.0973597765,-0.212107435,0.19074811,-0.181654632,0.103927016,-0.289273709,-0.49692297,-0.11751084,0.0251029376,0.421879739,-0.0147790444,-0.00147503927,-0.156188101,-0.295448346,0.0152598488,-0.0145323706,0.246767157,0.2,-0.149384594,-0.0735021681,0.00200823501,0.0337503791,-0.0147790444,0.156188101,0.0152598488,0.246767157,0.149384594,0.00200823501,0.00147503927,-0.295448346,-0.0145323706,-0.2,-0.0337503791,0.0735021681
941,27450794,-0.228113204,-0.0176486392,0.122088768,-0.230299145,0.196315393,-0.207561553,0.139235362,-0.3191984,-0.486972094,-0.132331014,-0.014693018,0.427514195,-0.0182490563,-0.00141189113,-0.145060055,-0.303634615,0.0157052314,-0.0166049242,0.262655913,0.2,-0.147394419,-0.0764662027,-0.00117544144,0.0342011356,-0.0182490563,0.145060055,0.0157052314,0.262655913,0.147394419,-0.00117544144,0.00141189113,-0.303634615,-0.0166049242,-0.2,-0.0342011356,0.0764662027
942,27461743,-0.254626274,-0.00745859835,0.150725469,-0.244690806,0.208802447,-0.225702554,0.150690824,-0.32962203,-0.482785851,-0.136072785,-0.0540701449,0.441494256,-0.0203701019,-0.000596687868,-0.132173539,-0.310110863,0.0167041957,-0.0180562043,0.267810871,0.2,-0.14655717,-0.0772145569,-0.00432561159,0.0353195405,-0.0203701019,0.132173539,0.0167041957,0.267810871,0.14655717,-0.00432561159,0.000596687868,-0.310110863,-0.0180562043,-0.2,-0.0353195405,0.0772145569
943,27478229,-0.261273623,0.0126547897,0.168325499,-0.250966847,0.226792201,-0.230187416,0.131757349,-0.321561575,-0.495437562,-0.131249309,-0.0745419562,0.468415201,-0.0209018898,0.00101238318,-0.124253526,-0.312935081,0.0181433761,-0.0184149933,0.259290807,0.2,-0.149087512,-0.0762498617,-0.00596335649,0.0374732161,-0.0209018898,0.124253526,0.0181433761,0.259290807,0.149087512,-0.00596335649,-0.00101238318,-0.312935081,-0.0184149933,-0.2,-0.0374732161,0.0762498617
944,27514100,-0.24919337,0.0367246419,0.1830782,-0.26401785,0.249646693,-0.208723769,0.0936230868,-0.299492478,-0.532105744,-0.11528492,-0.0671410859,0.494435579,-0.0199354696,0.00293797135,-0.11761481,-0.318808033,0.0199717355,-0.0166979015,0.242130389,0.2,-0.156421149,-0.0730569839,-0.00537128687,0.0395548463,-0.0199354696,0.11761481,0.0199717355,0.242130389,0.156421149,-0.00537128687,-0.00293797135,-0.318808033,-0.0166979015,-0.2,-0.0395548463,0.0730569839
945,27518004,-0.219184354,0.0640678629,0.189328089,-0.272996396,0.272974581,-0.162879884,0.0439514704,-0.260627657,-0.577203572,-0.0884224325,-0.0303694308,0.512831092,-0.0175347483,0.00512542903,-0.11480236,-0.322848378,0.0218379664,-0.0130303907,0.219778162,0.2,-0.165440714,-0.0676844865,-0.00242955446,0.0410264874,-0.0175347483,0.11480236,0.0218379664,0.219778162,0.165440714,-0.00242955446,-0.00512542903,-0.322848378,-0.0130303907,-0.2,-0.0410264874,0.0676844865
946,27549002,-0.175616205,0.0949628726,0.176828146,-0.259957612,0.294875145,-0.113629803,-0.00857688393,-0.209034443,-0.610414445,-0.0524761863,0.0255500544,0.526171148,-0.0140492964,0.00759702981,-0.120427334,-0.316980925,0.0235900116,-0.00909038424,0.2,0.2,-0.172082889,-0.0604952373,0.00204400435,0.0420936918,-0.0140492964,0.120427334,0.0235900116,0.2,0.172082889,0.00204400435,-0.00759702981,-0.316980925,-0.00909038424,-0.2,-0.0420936918,0.0604952373
947,27564783,-0.11858432,0.127455145,0.149936825,-0.217942789,0.311424106,-0.0741655827,-0.0691956729,-0.14507325,-0.615482867,-0.0105605414,0.0915099531,0.539785445,-0.0094867456,0.0101964116,-0.132528429,-0.298074255,0.0249139285,-0.00593324661,0.2,0.2,-0.173096573,-0.0521121083,0.00732079625,0.0431828356,-0.0094867456,0.132528429,0.0249139285,0.2,0.173096573,0.00732079625,-0.0101964116,-0.298074255,-0.00593324661,-0.2,-0.0431828356,0.0521121083
948,27577625,-0.0534665063,0.137140259,0.113828517,-0.16122672,0.317799002,-0.0464716442,-0.120655552,-0.0870733485,-0.593242943,0.0306864008,0.149602741,0.550485909,-0.0042773205,0.0109712207,-0.148777167,-0.272552024,0.0254239202,-0.00371773154,0.2,0.2,-0.168648589,-0.0438627198,0.0119682193,0.0440388727,-0.0042773205,0.148777167,0.0254239202,0.2,0.168648589,0.0119682193,-0.0109712207,-0.272552024,-0.00371773154,-0.2,-0.0440388727,0.0438627198
949,27617098,0.0105180461,0.111433357,0.0718325824,-0.11204733,0.304074764,-0.0351447761,-0.154870883,-0.0540643036,-0.565603256,0.0541829504,0.187807828,0.547861576,0.000841443688,0.00891466856,-0.167675338,-0.250421298,0.0243259811,-0.00281158209,0.2,0.2,-0.163120651,-0.0391634099,0.0150246263,0.0438289261,0.000841443688,0.167675338,0.0243259811,0.2,0.163120651,0.0150246263,-0.00891466856,-0.250421298,-0.00281158209,-0.2,-0.0438289261,0.0391634099
950,27622246,0.0637330934,0.0547365919,0.0325642228,-0.0876713395,0.274511099,-0.0398100838,-0.168456659,-0.0458607562,-0.561891913,0.0474619977,0.200128242,0.519673645,0.00509864748,0.00437892735,-0.1853461,-0.239452103,0.0219608879,-0.0031848067,0.2,0.2,-0.162378383,-0.0405076005,0.0160102594,0.0415738916,0.00509864748,0.1853461,0.0219608879,0.2,0.162378383,0.0160102594,-0.00437892735,-0.239452103,-0.0031848067,-0.2,-0.0415738916,0.0405076005
951,27638342,0.0790172443,-0.0224232245,-0.00390713941,-0.0716218576,0.23705481,-0.0653297976,-0.147000641,-0.064243257,-0.573652983,0.0142882457,0.185767472,0.471725196,0.00632137954,-0.00179385796,-0.201758213,-0.232229836,0.0189643848,-0.00522638381,0.2,0.2,-0.164730597,-0.0471423509,0.0148613977,0.0377380157,0.00632137954,0.201758213,0.0189643848,0.2,0.164730597,0.0148613977,0.00179385796,-0.232229836,-0.00522638381,-0.2,-0.0377380157,0.0471423509
952,27673513,0.0381534249,-0.103106439,-0.0380971171,-0.0640164614,0.189269394,-0.126987889,-0.0785504058,-0.117814481,-0.583918512,-0.042506665,0.144627512,0.417807668,0.00305227399,-0.00824851513,-0.217143703,-0.228807408,0.0151415515,-0.0101590312,0.2,0.2,-0.166783702,-0.058501333,0.0115702009,0.0334246135,0.00305227399,0.217143703,0.0151415515,0.2,0.166783702,0.0115702009,0.00824851513,-0.228807408,-0.0101590312,-0.2,-0.0334246135,0.058501333
953,27680692,-0.0631058216,-0.164093301,-0.052951511,-0.087920785,0.146945387,-0.229445174,0.0283017103,-0.215137348,-0.594275177,-0.127536431,0.0689316839,0.348561436,-0.00504846573,-0.0131274641,-0.22382818,-0.239564353,0.011755631,-0.0183556139,0.21273577,0.2,-0.168855035,-0.0755072862,0.00551453471,0.0278849149,-0.00504846573,0.22382818,0.011755631,0.21273577,0.168855035,0.00551453471,0.0131274641,-0.239564353,-0.0183556139,-0.2,-0.0278849149,0.0755072862
954,27697308,-0.199789628,-0.195195854,-0.0298920143,-0.127416283,0.116545685,-0.362791657,0.170056269,-0.341673851,-0.552048683,-0.221245468,-0.0238611903,0.283286363,-0.0159831703,-0.0156156683,-0.213451406,-0.257337327,0.00932365477,-0.0290233326,0.276525321,0.2,-0.160409737,-0.0942490935,-0.00190889522,0.022662909,-0.0159831703,0.213451406,0.00932365477,0.276525321,0.160409737,-0.00190889522,0.0156156683,-0.257337327,-0.0290233326,-0.2,-0.022662909,0.0942490935
955,27720321,-0.313436747,-0.186281562,0.0377463326,-0.183813199,0.0987201482,-0.493870169,0.307603717,-0.450490505,-0.453116506,-0.294531047,-0.114733092,0.239375234,-0.0250749397,-0.0149025249,-0.18301415,-0.28271594,0.00789761186,-0.0395096135,0.338421673,0.2,-0.140623301,-0.108906209,-0.0091786474,0.0191500187,-0.0250749397,0.18301415,0.00789761186,0.338421673,0.140623301,-0.0091786474,0.0149025249,-0.28271594,-0.0395096135,-0.2,-0.0191500187,0.108906209
956,27738165,-0.316143811,-0.163338974,0.122795343,-0.199232459,0.0939279869,-0.566279113,0.341782719,-0.469789147,-0.344641119,-0.309371918,-0.198705614,0.211290538,-0.0252915049,-0.0130671179,-0.144742095,-0.289654607,0.00751423895,-0.0453023291,0.353802224,0.2,-0.118928224,-0.111874384,-0.0158964491,0.0169032431,-0.0252915049,0.144742095,0.00751423895,0.353802224,0.118928224,-0.0158964491,0.0130671179,-0.289654607,-0.0453023291,-0.2,-0.0169032431,0.111874384
957,27762992,-0.249013081,-0.140381396,0.174802914,-0.185342371,0.112199746,-0.548988581,0.259299994,-0.433350384,-0.326778889,-0.304412812,-0.249007508,0.234201044,-0.0199210465,-0.0112305117,-0.121338689,-0.283404067,0.00897597969,-0.0439190865,0.316684997,0.2,-0.115355778,-0.110882562,-0.0199206007,0.0187360835,-0.0199210465,0.121338689,0.00897597969,0.316684997,0.115355778,-0.0199206007,0.0112305117,-0.283404067,-0.0439190865,-0.2,-0.0187360835,0.110882562
958,27777505,-0.199089244,-0.088676393,0.224425152,-0.19244124,0.153313503,-0.466615409,0.127386913,-0.379205644,-0.374126792,-0.27862978,-0.243402511,0.320668936,-0.0159271395,-0.00709411144,-0.0990086816,-0.286598558,0.0122650802,-0.0373292327,0.257324111,0.2,-0.124825358,-0.105725956,-0.0194722009,0.0256535149,-0.0159271395,0.0990086816,0.0122650802,0.257324111,0.124825358,-0.0194722009,0.00709411144,-0.286598558,-0.0373292327,-0.2,-0.0256535149,0.105725956
959,27801500,-0.171669573,-0.0105823549,0.256608397,-0.232320234,0.213286445,-0.335716635,0.000441041077,-0.309460402,-0.47742933,-0.234297469,-0.156209692,0.425944954,-0.0137335658,-0.000846588388,-0.0845262215,-0.304544105,0.0170629156,-0.0268573308,0.200198468,0.2,-0.145485866,-0.0968594939,-0.0124967754,0.0340755963,-0.0137335658,0.0845262215,0.0170629156,0.200198468,0.145485866,-0.0124967754,0.000846588388,-0.304544105,-0.0268573308,-0.2,-0.0340755963,0.0968594939
960,27819658,-0.104117014,0.0550557822,0.237309217,-0.254202843,0.268183082,-0.184127331,-0.10820926,-0.195024893,-0.590397954,-0.156167507,-0.00268902816,0.483769506,-0.00832936108,0.00440446258,-0.0932108521,-0.314391279,0.0214546466,-0.0147301865,0.2,0.2,-0.168079591,-0.0812335014,-0.000215122253,0.0387015605,-0.00832936108,0.0932108521,0.0214546466,0.2,0.168079591,-0.000215122253,-0.00440446258,-0.314391279,-0.0147301865,-0.2,-0.0387015605,0.0812335014
961,27839670,-0.0193303972,0.121644452,0.178100005,-0.198932678,0.327966928,-0.0616726354,-0.196261138,-0.0700459406,-0.63331306,-0.0636576638,0.16167371,0.520560384,-0.00154643178,0.00973155618,-0.119854998,-0.289519705,0.0262373543,-0.00493381083,0.2,0.2,-0.176662612,-0.0627315328,0.0129338968,0.0416448307,-0.00154643178,0.119854998,0.0262373543,0.2,0.176662612,0.0129338968,-0.00973155618,-0.289519705,-0.00493381083,-0.2,-0.0416448307,0.0627315328
962,27863646,0.0700199455,0.157934666,0.114446372,-0.110285789,0.375263274,0.0189398006,-0.269984126,0.0188124273,-0.634966671,0.0161340833,0.273023486,0.536065042,0.00560159564,0.0126347733,-0.148499133,-0.249628605,0.0300210619,0.00151518404,0.2,0.208465592,-0.176993334,-0.0467731833,0.0218418789,0.0428852034,0.00560159564,0.148499133,0.0300210619,0.2,0.176993334,0.0218418789,-0.0126347733,-0.249628605,0.00151518404,-0.208465592,-0.0428852034,0.0467731833
963,27879601,0.161961719,0.124629617,0.0454985015,-0.0211072024,0.383865625,0.0655409992,-0.305843562,0.0593572669,-0.615593672,0.0656668097,0.316417992,0.519070327,0.0129569376,0.00997036934,-0.179525674,-0.209498241,0.03070925,0.00524327993,0.2,0.22671077,-0.173118734,-0.0368666381,0.0253134394,0.0415256262,0.0129569376,0.179525674,0.03070925,0.2,0.173118734,0.0253134394,-0.00997036934,-0.209498241,0.00524327993,-0.22671077,-0.0415256262,0.0368666381
964,27900211,0.234350741,0.0326915793,-0.0266171917,0.0379596502,0.345883518,0.0669409856,-0.315474033,0.0664936975,-0.61893779,0.0560421087,0.316948473,0.473787636,0.0187480593,0.00261532634,-0.211977736,-0.182918157,0.0276706815,0.00535527885,0.2,0.229922164,-0.173787558,-0.0387915783,0.0253558779,0.0379030108,0.0187480593,0.211977736,0.0276706815,0.2,0.173787558,0.0253558779,-0.00261532634,-0.182918157,0.00535527885,-0.229922164,-0.0379030108,0.0387915783
965,27920494,0.214999229,-0.0779854581,-0.0918571129,0.0336870961,0.276256114,-0.00307258195,-0.263160914,0.0261383802,-0.68401432,-0.0457749367,0.296290725,0.412437588,0.0171999383,-0.00623883665,-0.241335701,-0.184840807,0.0221004891,-0.000245806556,0.2,0.211762271,-0.186802864,-0.0591549873,0.023703258,0.032995007,0.0171999383,0.241335701,0.0221004891,0.2,0.186802864,0.023703258,0.00623883665,-0.184840807,-0.000245806556,-0.211762271,-0.032995007,0.0591549873
966,27940310,0.0530260466,-0.185954943,-0.143358365,-0.000821165158,0.205315992,-0.153316259,-0.105944306,-0.0960207656,-0.762357593,-0.177123085,0.216328487,0.314062089,0.00424208373,-0.0148763955,-0.264511264,-0.200369524,0.0164252794,-0.0122653008,0.2,0.2,-0.202471519,-0.0854246169,0.0173062789,0.0251249671,0.00424208373,0.264511264,0.0164252794,0.2,0.202471519,0.0173062789,0.0148763955,-0.200369524,-0.0122653008,-0.2,-0.0251249671,0.0854246169
967,27960637,-0.21815984,-0.285818875,-0.171050176,-0.0761244893,0.158648267,-0.37844792,0.137670487,-0.320327282,-0.798735261,-0.352536649,0.0913117602,0.179853514,-0.0174527872,-0.02286551,-0.276972579,-0.23425602,0.0126918614,-0.0302758336,0.261951719,0.2,-0.209747052,-0.12050733,0.00730494082,0.0143882811,-0.0174527872,0.276972579,0.0126918614,0.261951719,0.209747052,0.00730494082,0.02286551,-0.23425602,-0.0302758336,-0.2,-0.0143882811,0.12050733
968,27978676,-0.454165131,-0.323717386,-0.108656347,-0.154839724,0.1207802,-0.640069008,0.393042684,-0.541027367,-0.693088889,-0.480904609,-0.0677050725,0.0571121685,-0.0363332105,-0.0258973908,-0.248895356,-0.269677876,0.00966241598,-0.0512055206,0.376869208,0.2,-0.188617778,-0.146180922,-0.0054164058,0.00456897348,-0.0363332105,0.248895356,0.00966241598,0.376869208,0.188617778,-0.0054164058,0.0258973908,-0.269677876,-0.0512055206,-0.2,-0.00456897348,0.146180922
969,28005916,-0.472880572,-0.316482514,0.0311595891,-0.195373878,0.0765334591,-0.827979863,0.523399353,-0.61389631,-0.506314635,-0.476219267,-0.207747594,-0.0489948168,-0.0378304458,-0.0253186011,-0.185978185,-0.287918245,0.00612267673,-0.066238389,0.435529709,0.2,-0.151262927,-0.145243853,-0.0166198075,-0.00391958535,-0.0378304458,0.185978185,0.00612267673,0.435529709,0.151262927,-0.0166198075,0.0253186011,-0.287918245,-0.066238389,-0.2,0.00391958535,0.145243853
970,28018137,-0.341492087,-0.301932961,0.134632364,-0.177689642,0.0460126139,-0.874899685,0.480197161,-0.592765391,-0.39090398,-0.446775317,-0.30939573,-0.0807925463,-0.0273193669,-0.0241546369,-0.139415436,-0.279960339,0.00368100911,-0.0699919748,0.416088723,0.2,-0.128180796,-0.139355063,-0.0247516584,-0.0064634037,-0.0273193669,0.139415436,0.00368100911,0.416088723,0.128180796,-0.0247516584,0.0241546369,-0.279960339,-0.0699919748,-0.2,0.0064634037,0.139355063
971,28039716,-0.184170857,-0.282925904,0.207452565,-0.154165983,0.0585713126,-0.787660122,0.328460664,-0.552009165,-0.413527399,-0.437150478,-0.345239431,0.0186362918,-0.0147336686,-0.0226340723,-0.106646346,-0.269374692,0.00468570501,-0.0630128098,0.347807299,0.2,-0.13270548,-0.137430096,-0.0276191545,0.00149090335,-0.0147336686,0.106646346,0.00468570501,0.347807299,0.13270548,-0.0276191545,0.0226340723,-0.269374692,-0.0630128098,-0.2,-0.00149090335,0.137430096
972,28064269,-0.0894369408,-0.223523378,0.30257985,-0.205693737,0.0940441042,-0.613445163,0.124192499,-0.508041739,-0.580221474,-0.463986784,-0.305445433,0.210970357,-0.00715495527,-0.0178818703,-0.0638390675,-0.292562182,0.00752352834,-0.049075613,0.255886624,0.2,-0.166044295,-0.142797357,-0.0244356346,0.0168776286,-0.00715495527,0.0638390675,0.00752352834,0.255886624,0.166044295,-0.0244356346,0.0178818703,-0.292562182,-0.049075613,-0.2,-0.0168776286,0.142797357
973,28080871,-0.070463784,-0.105361976,0.339757413,-0.272555918,0.156106681,-0.430217087,-0.0308719166,-0.421119839,-0.753340781,-0.435187191,-0.156761304,0.421536565,-0.00563710272,-0.00842895806,-0.0471091643,-0.322650163,0.0124885345,-0.034417367,0.2,0.2,-0.200668156,-0.137037438,-0.0125409043,0.0337229252,-0.00563710272,0.0471091643,0.0124885345,0.2,0.200668156,-0.0125409043,0.00842895806,-0.322650163,-0.034417367,-0.2,-0.0337229252,0.137037438
974,28100532,-0.0442581251,0.0175750423,0.342321903,-0.294373721,0.251244158,-0.204283416,-0.156608596,-0.224808544,-0.859236002,-0.300343335,0.0717293322,0.533864081,-0.00354065001,0.00140600339,-0.0459551439,-0.332468174,0.0200995326,-0.0163426733,0.2,0.2,-0.2218472,-0.110068667,0.00573834658,0.0427091265,-0.00354065001,0.0459551439,0.0200995326,0.2,0.2218472,0.00573834658,-0.00140600339,-0.332468174,-0.0163426733,-0.2,-0.0427091265,0.110068667
975,28120555,-0.0106287589,0.156191289,0.278643548,-0.223976269,0.367571801,-0.0304909647,-0.263770521,-0.0317762084,-0.870868504,-0.137348861,0.257499546,0.580222785,-0.000850300714,0.0124953032,-0.0746104032,-0.300789321,0.0294057441,-0.00243927717,0.2,0.2,-0.224173701,-0.0774697721,0.0205999637,0.0464178228,-0.000850300714,0.0746104032,0.0294057441,0.2,0.224173701,0.0205999637,-0.0124953032,-0.300789321,-0.00243927717,-0.2,-0.0464178228,0.0774697721
976,28143684,0.0353962928,0.246337503,0.223876253,-0.139097795,0.471994549,0.0989441797,-0.342155129,0.0568516999,-0.862239242,-0.000601510517,0.34657073,0.584295213,0.00283170342,0.0197070003,-0.0992556863,-0.262594008,0.0377595639,0.00791553438,0.2,0.225583265,-0.222447848,-0.0501203021,0.0277256584,0.0467436171,0.00283170342,0.0992556863,0.0377595639,0.2,0.222447848,0.0277256584,-0.0197070003,-0.262594008,0.00791553438,-0.225583265,-0.0467436171,0.0501203021
977,28159651,0.0782052726,0.242849097,0.181294873,-0.0736413971,0.523414254,0.1982923,-0.340885162,0.0559688583,-0.836634219,0.0768044218,0.360861808,0.530873895,0.0062564218,0.0194279277,-0.118417307,-0.233138629,0.0418731403,0.015863384,0.2,0.225185986,-0.217326844,-0.0346391156,0.0288689446,0.0424699116,0.0062564218,0.118417307,0.0418731403,0.2,0.217326844,0.0288689446,-0.0194279277,-0.233138629,0.015863384,-0.225185986,-0.0424699116,0.0346391156
978,28180410,0.0609778315,0.168976039,0.129600897,-0.0453021713,0.510649502,0.251901686,-0.253637582,-0.0044446988,-0.756916583,0.111665845,0.357303798,0.475922823,0.00487822652,0.0135180831,-0.141679596,-0.220385977,0.0408519602,0.0201521349,0.2,0.2,-0.201383317,-0.027666831,0.0285843039,0.0380738258,0.00487822652,0.141679596,0.0408519602,0.2,0.201383317,0.0285843039,-0.0135180831,-0.220385977,0.0201521349,-0.2,-0.0380738258,0.027666831
979,28205395,-0.0517705344,0.0752823278,0.107307263,-0.0975163057,0.438901395,0.241819337,-0.0929441154,-0.113602825,-0.657560647,0.0732455105,0.344388306,0.435756415,-0.00414164275,0.00602258623,-0.151711732,-0.243882338,0.0351121116,0.019345547,0.2,0.2,-0.181512129,-0.0353508979,0.0275510645,0.0348605132,-0.00414164275,0.151711732,0.0351121116,0.2,0.181512129,0.0275510645,-0.00602258623,-0.243882338,0.019345547,-0.2,-0.0348605132,0.0353508979
980,28218155,-0.22342065,0.026082553,0.109666325,-0.187272325,0.344973564,0.134879902,0.0704867467,-0.238824368,-0.558095634,-0.0374440365,0.299839556,0.394863009,-0.017873652,0.00208660424,-0.150650154,-0.284272546,0.0275978851,0.0107903922,0.231719036,0.2,-0.161619127,-0.0574888073,0.0239871645,0.0315890408,-0.017873652,0.150650154,0.0275978851,0.231719036,0.161619127,0.0239871645,-0.00208660424,-0.284272546,0.0107903922,-0.2,-0.0315890408,0.0574888073
981,28242773,-0.385001719,0.00984350871,0.126392156,-0.258388221,0.264076233,-0.0302993711,0.217829734,-0.346771717,-0.481584787,-0.135868579,0.20458132,0.347868204,-0.0308001375,0.000787480697,-0.14312353,-0.3162747,0.0211260986,-0.00242394969,0.29802338,0.2,-0.146316957,-0.0771737158,0.0163665056,0.0278294563,-0.0308001375,0.14312353,0.0211260986,0.29802338,0.146316957,0.0163665056,-0.000787480697,-0.3162747,-0.00242394969,-0.2,-0.0278294563,0.0771737158
982,28257787,-0.460898638,0.0206202641,0.139433905,-0.259886861,0.207747713,-0.201600671,0.287638038,-0.387215257,-0.435122371,-0.192951173,0.0772760585,0.337323248,-0.036871891,0.00164962113,-0.137254743,-0.316949087,0.016619817,-0.0161280537,0.329437117,0.2,-0.137024474,-0.0885902345,0.00618208468,0.0269858599,-0.036871891,0.137254743,0.016619817,0.329437117,0.137024474,0.00618208468,-0.00164962113,-0.316949087,-0.0161280537,-0.2,-0.0269858599,0.0885902345
983,28282240,-0.43561855,0.0325404778,0.152162284,-0.216770768,0.194130316,-0.309343755,0.255981624,-0.351762921,-0.418025136,-0.2048513,-0.0405204482,0.358204961,-0.034849484,0.00260323822,-0.131526972,-0.297546846,0.0155304253,-0.0247475004,0.315191731,0.2,-0.133605027,-0.0909702599,-0.00324163586,0.0286563969,-0.034849484,0.131526972,0.0155304253,0.315191731,0.133605027,-0.00324163586,-0.00260323822,-0.297546846,-0.0247475004,-0.2,-0.0286563969,0.0909702599
984,28300228,-0.370884955,0.0401543155,0.173725024,-0.205384016,0.201231152,-0.347117394,0.173449442,-0.323703378,-0.427163959,-0.192536891,-0.103546269,0.387367308,-0.0296707964,0.00321234524,-0.121823739,-0.292422807,0.0160984921,-0.0277693915,0.278052249,0.2,-0.135432792,-0.0885073781,-0.00828370154,0.0309893847,-0.0296707964,0.121823739,0.0160984921,0.278052249,0.135432792,-0.00828370154,-0.00321234524,-0.292422807,-0.0277693915,-0.2,-0.0309893847,0.0885073781
985,28320425,-0.295848697,0.0388701372,0.19318524,-0.245609105,0.211545691,-0.312014014,0.102025628,-0.313786596,-0.471825421,-0.171756491,-0.0985699892,0.407821894,-0.0236678958,0.00310961097,-0.113066642,-0.310524097,0.0169236553,-0.0249611211,0.245911533,0.2,-0.144365084,-0.0843512982,-0.00788559914,0.0326257515,-0.0236678958,0.113066642,0.0169236553,0.245911533,0.144365084,-0.00788559914,-0.00310961097,-0.310524097,-0.0249611211,-0.2,-0.0326257515,0.0843512982
986,28338662,-0.221750185,0.0400203243,0.192470044,-0.254864037,0.225618377,-0.233823746,0.0456989668,-0.271205038,-0.516748786,-0.130664602,-0.0514472649,0.417957395,-0.0177400148,0.00320162594,-0.11338848,-0.314688817,0.0180494702,-0.0187058997,0.220564535,0.2,-0.153349757,-0.0761329204,-0.00411578119,0.0334365916,-0.0177400148,0.11338848,0.0180494702,0.220564535,0.153349757,-0.00411578119,-0.00320162594,-0.314688817,-0.0187058997,-0.2,-0.0334365916,0.0761329204
987,28368122,-0.168639675,0.0666341856,0.173686951,-0.226255402,0.245861948,-0.158618316,0.00247076922,-0.206279039,-0.524486959,-0.0779113024,0.0202198159,0.455109239,-0.013491174,0.00533073485,-0.121840872,-0.301814931,0.0196689558,-0.0126894653,0.201111846,0.2,-0.154897392,-0.0655822605,0.00161758527,0.0364087391,-0.013491174,0.121840872,0.0196689558,0.201111846,0.154897392,0.00161758527,-0.00533073485,-0.301814931,-0.0126894653,-0.2,-0.0364087391,0.0655822605
988,28379581,-0.124495588,0.104640506,0.147242516,-0.196473688,0.26302126,-0.101940364,-0.045822639,-0.155174047,-0.529603243,-0.0341429077,0.0929363072,0.507166207,-0.00995964706,0.0083712405,-0.133740868,-0.28841316,0.0210417008,-0.00815522909,0.2,0.2,-0.155920649,-0.0568285815,0.00743490458,0.0405732965,-0.00995964706,0.133740868,0.0210417008,0.2,0.155920649,0.00743490458,-0.0083712405,-0.28841316,-0.00815522909,-0.2,-0.0405732965,0.0568285815
989,28399534,-0.0683309585,0.1082922,0.113896124,-0.168514118,0.268555164,-0.0620624684,-0.0903301612,-0.120368131,-0.54782182,-0.0077246381,0.139930636,0.530234516,-0.00546647668,0.00866337597,-0.148746744,-0.275831353,0.0214844131,-0.00496499747,0.2,0.2,-0.159564364,-0.0515449276,0.0111944509,0.0424187613,-0.00546647668,0.148746744,0.0214844131,0.2,0.159564364,0.0111944509,-0.00866337597,-0.275831353,-0.00496499747,-0.2,-0.0424187613,0.0515449276
990,28428668,-0.0212517045,0.0708371475,0.0734594837,-0.142353624,0.255496532,-0.0513139777,-0.105835572,-0.109867908,-0.55897367,0.000567275565,0.153090417,0.524247169,-0.00170013636,0.0056669718,-0.166943232,-0.264059131,0.0204397225,-0.00410511822,0.2,0.2,-0.161794734,-0.0498865449,0.0122472334,0.0419397736,-0.00170013636,0.166943232,0.0204397225,0.2,0.161794734,0.0122472334,-0.0056669718,-0.264059131,-0.00410511822,-0.2,-0.0419397736,0.0498865449
991,28440436,-0.00872451346,0.0204186738,0.0409606695,-0.135789633,0.231412917,-0.0689011887,-0.0849895626,-0.126157269,-0.56922555,-0.0161665473,0.146054372,0.503059506,-0.000697961077,0.0016334939,-0.181567699,-0.261105335,0.0185130334,-0.00551209509,0.2,0.2,-0.16384511,-0.0532333095,0.0116843498,0.0402447605,-0.000697961077,0.181567699,0.0185130334,0.2,0.16384511,0.0116843498,-0.0016334939,-0.261105335,-0.00551209509,-0.2,-0.0402447605,0.0532333095
992,28458912,-0.0418276489,-0.0285486933,0.0244424697,-0.141981363,0.206870303,-0.10751754,-0.0276627354,-0.169396922,-0.573183835,-0.0512260459,0.121071391,0.471863568,-0.00334621191,-0.00228389546,-0.189000889,-0.263891613,0.0165496242,-0.00860140324,0.2,0.2,-0.164636767,-0.0602452092,0.00968571126,0.0377490854,-0.00334621191,0.189000889,0.0165496242,0.2,0.164636767,0.00968571126,0.00228389546,-0.263891613,-0.00860140324,-0.2,-0.0377490854,0.0602452092
993,28482076,-0.120950729,-0.0744358301,0.0192586947,-0.156228244,0.180302128,-0.173628062,0.0652854294,-0.246969551,-0.559799254,-0.104363538,0.0658163428,0.434393823,-0.00967605829,-0.00595486641,-0.191333587,-0.27030271,0.0144241703,-0.013890245,0.229378443,0.2,-0.161959851,-0.0708727077,0.00526530743,0.0347515059,-0.00967605829,0.191333587,0.0144241703,0.229378443,0.161959851,0.00526530743,0.00595486641,-0.27030271,-0.013890245,-0.2,-0.0347515059,0.0708727077
994,28498543,-0.222628549,-0.0985439643,0.0423175246,-0.187520474,0.155880541,-0.26915282,0.173505247,-0.344899535,-0.525080562,-0.171435118,-0.0198336393,0.398125768,-0.0178102839,-0.00788351715,-0.180957114,-0.284384213,0.0124704432,-0.0215322256,0.278077361,0.2,-0.155016112,-0.0842870235,-0.00158669114,0.0318500614,-0.0178102839,0.180957114,0.0124704432,0.278077361,0.155016112,-0.00158669114,0.00788351715,-0.284384213,-0.0215322256,-0.2,-0.0318500614,0.0842870235
995,28521708,-0.29882285,-0.093340382,0.0927526355,-0.221325025,0.141163245,-0.372910947,0.259607464,-0.419557154,-0.472826988,-0.226445273,-0.107160449,0.386619687,-0.023905828,-0.00746723056,-0.158261314,-0.299596261,0.0112930596,-0.0298328757,0.316823359,0.2,-0.144565398,-0.0952890545,-0.00857283592,0.030929575,-0.023905828,0.158261314,0.0112930596,0.316823359,0.144565398,-0.00857283592,0.00746723056,-0.299596261,-0.0298328757,-0.2,-0.030929575,0.0952890545
996,28541141,-0.311290443,-0.0785104036,0.155688614,-0.246419311,0.145843565,-0.426430166,0.270123184,-0.441421181,-0.443900943,-0.249926627,-0.175894871,0.394562393,-0.0249032354,-0.00628083229,-0.129940124,-0.31088869,0.0116674852,-0.0341144133,0.321555433,0.2,-0.138780189,-0.0999853253,-0.0140715897,0.0315649915,-0.0249032354,0.129940124,0.0116674852,0.321555433,0.138780189,-0.0140715897,0.00628083229,-0.31088869,-0.0341144133,-0.2,-0.0315649915,0.0999853253
997,28557687,-0.286974758,-0.049154453,0.208313346,-0.262169093,0.180705845,-0.409242988,0.207575157,-0.420505732,-0.47576201,-0.240793794,-0.202274442,0.443867922,-0.0229579806,-0.00393235624,-0.106258994,-0.317976092,0.0144564676,-0.032739439,0.293408821,0.2,-0.145152402,-0.0981587589,-0.0161819553,0.0355094337,-0.0229579806,0.106258994,0.0144564676,0.293408821,0.145152402,-0.0161819553,0.00393235624,-0.317976092,-0.032739439,-0.2,-0.0355094337,0.0981587589
998,28580341,-0.26110661,0.00373469689,0.2522991,-0.283981562,0.232114762,-0.338295817,0.106451824,-0.369474173,-0.548867822,-0.208708376,-0.172032446,0.515225649,-0.0208885288,0.000298775751,-0.0864654049,-0.327791703,0.018569181,-0.0270636654,0.247903321,0.2,-0.159773564,-0.0917416751,-0.0137625957,0.0412180519,-0.0208885288,0.0864654049,0.018569181,0.247903321,0.159773564,-0.0137625957,-0.000298775751,-0.327791703,-0.0270636654,-0.2,-0.0412180519,0.0917416751
999,28602281,-0.236451611,0.0762317851,0.269863069,-0.311599106,0.288502097,-0.233896375,0.0105576776,-0.292641878,-0.646903157,-0.157266244,-0.071714662,0.574023902,-0.0189161289,0.00609854281,-0.0785616189,-0.340219598,0.0230801678,-0.01871171,0.204750955,0.2,-0.179380631,-0.0814532489,-0.00573717296,0.0459219122,-0.0189161289,0.0785616189,0.0230801678,0.204750955,0.179380631,-0.00573717296,-0.00609854281,-0.340219598,-0.01871171,-0.2,-0.0459219122,0.0814532489
1000,28618181,-0.185419738,0.158521011,0.249458492,-0.298335701,0.335978478,-0.123870097,-0.0730413646,-0.185366079,-0.71030736,-0.081801869,0.062019065,0.608979583,-0.0148335791,0.0126816809,-0.0877436787,-0.334251066,0.0268782783,-0.00990960777,0.2,0.2,-0.192061472,-0.0663603738,0.0049615252,0.0487183666,-0.0148335791,0.0877436787,0.0268782783,0.2,0.192061472,0.0049615252,-0.0126816809,-0.334251066,-0.00990960777,-0.2,-0.0487183666,0.0663603738
1001,28641582,-0.110762544,0.222416386,0.195420042,-0.22387588,0.379182011,-0.0339544676,-0.154548869,-0.0766961351,-0.71293056,0.00103300135,0.172260836,0.623874366,-0.00886100352,0.0177933109,-0.112060981,-0.300744146,0.0303345609,-0.00271635741,0.2,0.2,-0.192586112,-0.0497933997,0.0137808669,0.0499099493,-0.00886100352,0.112060981,0.0303345609,0.2,0.192586112,0.0137808669,-0.0177933109,-0.300744146,-0.00271635741,-0.2,-0.0499099493,0.0497933997
1002,28658553,-0.0210526995,0.236509904,0.135845259,-0.140379906,0.40375945,0.0254297704,-0.218950137,-0.00546674663,-0.682362318,0.0717769563,0.241632193,0.622784793,-0.00168421596,0.0189207923,-0.138869634,-0.263170958,0.032300756,0.00203438163,0.2,0.2,-0.186472464,-0.0356446087,0.0193305755,0.0498227835,-0.00168421596,0.138869634,0.032300756,0.2,0.186472464,0.0193305755,-0.0189207923,-0.263170958,0.00203438163,-0.2,-0.0498227835,0.0356446087
1003,28680924,0.0667274743,0.186121374,0.0749977976,-0.0810212567,0.392097384,0.0534198619,-0.241869494,0.0202563126,-0.643702745,0.106711507,0.278928757,0.597868562,0.00533819795,0.0148897099,-0.166250991,-0.236459566,0.0313677907,0.00427358896,0.2,0.209115341,-0.178740549,-0.0286576986,0.0223143005,0.0478294849,0.00533819795,0.166250991,0.0313677907,0.2,0.178740549,0.0223143005,-0.0148897099,-0.236459566,0.00427358896,-0.209115341,-0.0478294849,0.0286576986
1004,28698236,0.135909915,0.0907767192,0.0170138888,-0.0493695959,0.348485261,0.0530326739,-0.242594838,0.0194380786,-0.638739407,0.0867097601,0.283290029,0.531779885,0.0108727932,0.00726213753,-0.19234375,-0.222216318,0.0278788209,0.00424261391,0.2,0.208747135,-0.177747881,-0.032658048,0.0226632023,0.0425423908,0.0108727932,0.19234375,0.0278788209,0.2,0.177747881,0.0226632023,-0.00726213753,-0.222216318,0.00424261391,-0.208747135,-0.0425423908,0.032658048
1005,28732928,0.148846224,-0.0234012883,-0.0421859249,-0.0400467925,0.281081855,0.00353004085,-0.208934307,-0.00952788815,-0.67023176,0.00999747589,0.269037843,0.457199723,0.0119076979,-0.00187210307,-0.218983666,-0.218021057,0.0224865484,0.000282403268,0.2,0.2,-0.184046352,-0.0480005048,0.0215230274,0.0365759778,0.0119076979,0.218983666,0.0224865484,0.2,0.184046352,0.0215230274,0.00187210307,-0.218021057,0.000282403268,-0.2,-0.0365759778,0.0480005048
1006,28737835,0.0594995841,-0.122580938,-0.0915361866,-0.0639592707,0.213852689,-0.103842303,-0.10947638,-0.08986938,-0.729930818,-0.105699874,0.217390582,0.375790834,0.00475996673,-0.00980647504,-0.241191284,-0.228781672,0.0171082151,-0.00830738425,0.2,0.2,-0.195986164,-0.0711399749,0.0173912466,0.0300632668,0.00475996673,0.241191284,0.0171082151,0.2,0.195986164,0.0173912466,0.00980647504,-0.228781672,-0.00830738425,-0.2,-0.0300632668,0.0711399749
1007,28758679,-0.131596312,-0.19724986,-0.111102596,-0.0971795395,0.165082499,-0.268189073,0.0718057677,-0.243694991,-0.756076932,-0.225063771,0.113896035,0.281042993,-0.010527705,-0.0157799888,-0.249996168,-0.243730793,0.0132066,-0.0214551258,0.232312595,0.2,-0.201215386,-0.0950127542,0.00911168277,0.0224834394,-0.010527705,0.249996168,0.0132066,0.232312595,0.201215386,0.00911168277,0.0157799888,-0.243730793,-0.0214551258,-0.2,-0.0224834394,0.0950127542
1008,28790802,-0.350952595,-0.223733574,-0.0789513439,-0.14769344,0.128033966,-0.485537529,0.291668534,-0.432661384,-0.664079666,-0.343833566,-0.01370019,0.211086228,-0.0280762076,-0.0178986859,-0.235528105,-0.266462048,0.0102427173,-0.0388430023,0.33125084,0.2,-0.182815933,-0.118766713,-0.0010960152,0.0168868983,-0.0280762076,0.235528105,0.0102427173,0.33125084,0.182815933,-0.0010960152,0.0178986859,-0.266462048,-0.0388430023,-0.2,-0.0168868983,0.118766713
1009,28799327,-0.433832288,-0.222074777,0.036035575,-0.198699221,0.0983320549,-0.666279137,0.445431858,-0.538146913,-0.504032612,-0.385364652,-0.154738039,0.13969858,-0.034706583,-0.0177659822,-0.183783991,-0.289414649,0.00786656439,-0.053302331,0.400444336,0.2,-0.150806522,-0.12707293,-0.0123790431,0.0111758864,-0.034706583,0.183783991,0.00786656439,0.400444336,0.150806522,-0.0123790431,0.0177659822,-0.289414649,-0.053302331,-0.2,-0.0111758864,0.12707293
1010,28819862,-0.353149265,-0.210025802,0.129574373,-0.178385824,0.083880052,-0.734547079,0.421382755,-0.51443845,-0.387567073,-0.368082672,-0.266859233,0.105280891,-0.0282519412,-0.0168020642,-0.141691532,-0.280273621,0.00671040416,-0.0587637663,0.38962224,0.2,-0.127513415,-0.123616534,-0.0213487387,0.00842247128,-0.0282519412,0.141691532,0.00671040416,0.38962224,0.127513415,-0.0213487387,0.0168020642,-0.280273621,-0.0587637663,-0.2,-0.00842247128,0.123616534
1011,28838885,-0.240268409,-0.191873208,0.17215392,-0.134563044,0.101634562,-0.709629536,0.290538728,-0.464708477,-0.362427771,-0.351354927,-0.323034853,0.148049057,-0.0192214727,-0.0153498566,-0.122530736,-0.26055337,0.00813076496,-0.0567703629,0.330742428,0.2,-0.122485554,-0.120270985,-0.0258427882,0.0118439245,-0.0192214727,0.122530736,0.00813076496,0.330742428,0.122485554,-0.0258427882,0.0153498566,-0.26055337,-0.0567703629,-0.2,-0.0118439245,0.120270985
1012,28858706,-0.162252977,-0.153471082,0.250798792,-0.198464811,0.130105183,-0.587198615,0.143749073,-0.457997799,-0.460509777,-0.358379841,-0.302975774,0.271874815,-0.0129802382,-0.0122776866,-0.0871405438,-0.289309165,0.0104084146,-0.0469758892,0.264687083,0.2,-0.142101955,-0.121675968,-0.0242380619,0.0217499852,-0.0129802382,0.0871405438,0.0104084146,0.264687083,0.142101955,-0.0242380619,0.0122776866,-0.289309165,-0.0469758892,-0.2,-0.0217499852,0.121675968
1013,28884030,-0.133673042,-0.0799590796,0.273698151,-0.251494914,0.172298342,-0.44774434,0.0311569162,-0.417534292,-0.581649482,-0.348402888,-0.197824746,0.427868545,-0.0106938434,-0.00639672637,-0.076835832,-0.313172711,0.0137838674,-0.0358195472,0.214020612,0.2,-0.166329896,-0.119680578,-0.0158259797,0.0342294836,-0.0106938434,0.076835832,0.0137838674,0.214020612,0.166329896,-0.0158259797,0.00639672637,-0.313172711,-0.0358195472,-0.2,-0.0342294836,0.119680578
1014,28901730,-0.10857784,0.00283827423,0.281481147,-0.279586226,0.233579651,-0.280841202,-0.0675022379,-0.295695692,-0.682381332,-0.269658804,-0.0317592286,0.532484174,-0.0086862272,0.000227061938,-0.0733334839,-0.325813802,0.018686372,-0.0224672961,0.2,0.2,-0.186476266,-0.103931761,-0.00254073828,0.0425987339,-0.0086862272,0.0733334839,0.018686372,0.2,0.186476266,-0.00254073828,-0.000227061938,-0.325813802,-0.0224672961,-0.2,-0.0425987339,0.103931761
1015,28922891,-0.104948968,0.109654069,0.257991821,-0.261051655,0.316438466,-0.12709254,-0.125983372,-0.155820847,-0.71939218,-0.149665967,0.131331161,0.599999845,-0.00839591742,0.00877232552,-0.0839036807,-0.317473245,0.0253150773,-0.0101674032,0.2,0.2,-0.193878436,-0.0799331933,0.0105064929,0.0479999876,-0.00839591742,0.0839036807,0.0253150773,0.2,0.193878436,0.0105064929,-0.00877232552,-0.317473245,-0.0101674032,-0.2,-0.0479999876,0.0799331933
1016,28938490,-0.0718996227,0.202143148,0.211497083,-0.197195321,0.397842705,-0.0130429147,-0.19541803,-0.0492012389,-0.730305433,-0.0341373198,0.226811245,0.615228057,-0.00575196981,0.0161714518,-0.104826313,-0.288737895,0.0318274164,-0.00104343317,0.2,0.2,-0.196061087,-0.056827464,0.0181448996,0.0492182446,-0.00575196981,0.104826313,0.0318274164,0.2,0.196061087,0.0181448996,-0.0161714518,-0.288737895,-0.00104343317,-0.2,-0.0492182446,0.056827464
1017,28960418,-0.0272188038,0.231985599,0.16249989,-0.126619488,0.443091929,0.0647871196,-0.240085572,-0.000568207004,-0.715612054,0.0444954373,0.274535805,0.610568225,-0.0021775043,0.0185588479,-0.12687505,-0.25697877,0.0354473543,0.00518296957,0.2,0.2,-0.193122411,-0.0411009125,0.0219628644,0.048845458,-0.0021775043,0.12687505,0.0354473543,0.2,0.193122411,0.0219628644,-0.0185588479,-0.25697877,0.00518296957,-0.2,-0.048845458,0.0411009125
1018,28981174,0.0144514395,0.194217816,0.115114175,-0.0854632258,0.443491697,0.10525991,-0.225035936,-0.00184839242,-0.665732861,0.0892037079,0.284369171,0.570730269,0.00115611516,0.0155374253,-0.148198621,-0.238458452,0.0354793358,0.00842079282,0.2,0.2,-0.183146572,-0.0321592584,0.0227495337,0.0456584215,0.00115611516,0.148198621,0.0354793358,0.2,0.183146572,0.0227495337,-0.0155374253,-0.238458452,0.00842079282,-0.2,-0.0456584215,0.0321592584
1019,29002189,0.0267314259,0.11143209,0.0673416331,-0.0743724257,0.400213689,0.10283421,-0.174084559,-0.0376343466,-0.611296356,0.080748789,0.274023235,0.506448865,0.00213851407,0.00891456723,-0.169696265,-0.233467592,0.0320170951,0.00822673678,0.2,0.2,-0.172259271,-0.0338502422,0.0219218588,0.0405159092,0.00213851407,0.169696265,0.0320170951,0.2,0.172259271,0.0219218588,-0.00891456723,-0.233467592,0.00822673678,-0.2,-0.0405159092,0.0338502422
1020,29019725,-0.00544108404,0.0209298395,0.0304599125,-0.0990828648,0.322564423,0.0489128008,-0.103155032,-0.100867525,-0.582468569,0.0102522401,0.251531392,0.441653967,-0.000435286723,0.00167438716,-0.186293039,-0.244587289,0.0258051538,0.00391302407,0.2,0.2,-0.166493714,-0.047949552,0.0201225114,0.0353323174,-0.000435286723,0.186293039,0.0258051538,0.2,0.166493714,0.0201225114,-0.00167438716,-0.244587289,0.00391302407,-0.2,-0.0353323174,0.047949552
1021,29041630,-0.103497013,-0.056637004,0.0021344272,-0.133724064,0.235459223,-0.0616117232,0.0146689313,-0.195149094,-0.570789099,-0.0850192979,0.193838492,0.384601384,-0.00827976108,-0.00453096032,-0.199039508,-0.260175829,0.0188367379,-0.00492893785,0.206601019,0.2,-0.16415782,-0.0670038596,0.0155070794,0.0307681108,-0.00827976108,0.199039508,0.0188367379,0.206601019,0.16415782,0.0155070794,0.00453096032,-0.260175829,-0.00492893785,-0.2,-0.0307681108,0.0670038596
1022,29059832,-0.250424683,-0.0944855958,0.00365474098,-0.166960225,0.167926535,-0.222891152,0.177092865,-0.32332918,-0.527570367,-0.177815109,0.0930428132,0.344182551,-0.0200339746,-0.00755884767,-0.198355367,-0.275132101,0.0134341228,-0.0178312922,0.279691789,0.2,-0.155514073,-0.0855630219,0.00744342506,0.0275346041,-0.0200339746,0.198355367,0.0134341228,0.279691789,0.155514073,0.00744342506,0.00755884767,-0.275132101,-0.0178312922,-0.2,-0.0275346041,0.0855630219
1023,29080225,-0.363259763,-0.0943732709,0.0501387119,-0.200122267,0.123218447,-0.403761625,0.312720895,-0.430360377,-0.438820779,-0.248074874,-0.0356433317,0.320151657,-0.029060781,-0.00754986167,-0.17743758,-0.29005502,0.00985747576,-0.03230093,0.340724403,0.2,-0.137764156,-0.0996149749,-0.00285146654,0.0256121325,-0.029060781,0.17743758,0.00985747576,0.340724403,0.137764156,-0.00285146654,0.00754986167,-0.29005502,-0.03230093,-0.2,-0.0256121325,0.0996149749
1024,29100572,-0.369376063,-0.0949608237,0.100322172,-0.196196914,0.105552725,-0.537347198,0.341338873,-0.458395123,-0.367017448,-0.282957196,-0.154787242,0.300932407,-0.0295500851,-0.00759686589,-0.154855023,-0.288288611,0.00844421804,-0.0429877758,0.353602493,0.2,-0.12340349,-0.106591439,-0.0123829794,0.0240745926,-0.0295500851,0.154855023,0.00844421804,0.353602493,0.12340349,-0.0123829794,0.00759686589,-0.288288611,-0.0429877758,-0.2,-0.0240745926,0.106591439
1025,29122338,-0.301003128,-0.100152194,0.158335149,-0.178413332,0.12167345,-0.55899018,0.266608357,-0.425524175,-0.35510233,-0.285262316,-0.232707471,0.300430477,-0.0240802503,-0.00801217556,-0.128749183,-0.280285999,0.00973387599,-0.0447192144,0.319973761,0.2,-0.121020466,-0.107052463,-0.0186165977,0.0240344381,-0.0240802503,0.128749183,0.00973387599,0.319973761,0.121020466,-0.0186165977,0.00801217556,-0.280285999,-0.0447192144,-0.2,-0.0240344381,0.107052463
1026,29139719,-0.249434307,-0.0705017149,0.211103186,-0.199826524,0.156943351,-0.502893031,0.160735592,-0.400471538,-0.390962064,-0.274778455,-0.238554984,0.356136024,-0.0199547446,-0.0056401372,-0.105003566,-0.289921936,0.0125554681,-0.0402314425,0.272331017,0.2,-0.128192413,-0.104955691,-0.0190843987,0.0284908819,-0.0199547446,0.105003566,0.0125554681,0.272331017,0.128192413,-0.0190843987,0.0056401372,-0.289921936,-0.0402314425,-0.2,-0.0284908819,0.104955691
1027,29161339,-0.210901663,-0.0230060071,0.252884626,-0.255907148,0.202044934,-0.386460096,0.0576280989,-0.362051517,-0.490134001,-0.250943899,-0.174589008,0.42611742,-0.016872133,-0.00184048057,-0.0862019181,-0.315158217,0.0161635947,-0.0309168077,0.225932644,0.2,-0.1480268,-0.10018878,-0.0139671206,0.0340893936,-0.016872133,0.0862019181,0.0161635947,0.225932644,0.1480268,-0.0139671206,0.00184048057,-0.315158217,-0.0309168077,-0.2,-0.0340893936,0.10018878
1028,29179781,-0.162735432,0.0307499319,0.247125372,-0.271934658,0.25237155,-0.246638685,-0.0253204796,-0.269894153,-0.582600713,-0.18599771,-0.0518888421,0.476556182,-0.0130188346,0.00245999455,-0.0887935825,-0.322370596,0.020189724,-0.0197310948,0.2,0.2,-0.166520143,-0.0871995419,-0.00415110737,0.0381244946,-0.0130188346,0.0887935825,0.020189724,0.2,0.166520143,-0.00415110737,-0.00245999455,-0.322370596,-0.0197310948,-0.2,-0.0381244946,0.0871995419
1029,29214729,-0.115746066,0.109848857,0.221555099,-0.241747454,0.307588369,-0.119044371,-0.0963553563,-0.152557045,-0.624137521,-0.0968059599,0.0857123435,0.526724517,-0.00925968528,0.00878790855,-0.100300205,-0.308786354,0.0246070695,-0.00952354968,0.2,0.2,-0.174827504,-0.069361192,0.00685698748,0.0421379614,-0.00925968528,0.100300205,0.0246070695,0.2,0.174827504,0.00685698748,-0.00878790855,-0.308786354,-0.00952354968,-0.2,-0.0421379614,0.069361192
1030,29217649,-0.0663485304,0.186376706,0.180355534,-0.185212091,0.359308571,-0.0273496583,-0.170335919,-0.0616040528,-0.636885643,-0.0138988188,0.202042818,0.572334051,-0.00530788243,0.0149101365,-0.11884001,-0.283345441,0.0287446856,-0.00218797266,0.2,0.2,-0.177377129,-0.0527797638,0.0161634254,0.0457867241,-0.00530788243,0.11884001,0.0287446856,0.2,0.177377129,0.0161634254,-0.0149101365,-0.283345441,-0.00218797266,-0.2,-0.0457867241,0.0527797638
1031,29241396,0.00128397846,0.204423532,0.12857984,-0.124684773,0.389431685,0.0328692086,-0.222669587,-0.0118525345,-0.636660874,0.0448832065,0.260947347,0.582906604,0.000102718277,0.0163538826,-0.142139072,-0.256108148,0.0311545348,0.00262953669,0.2,0.2,-0.177332175,-0.0410233587,0.0208757877,0.0466325283,0.000102718277,0.142139072,0.0311545348,0.2,0.177332175,0.0208757877,-0.0163538826,-0.256108148,0.00262953669,-0.2,-0.0466325283,0.0410233587
1032,29267233,0.0716847405,0.156241044,0.079317309,-0.0939905867,0.38740322,0.0628707483,-0.23750931,0.00052677677,-0.635127008,0.0672018379,0.275076807,0.544573903,0.00573477924,0.0124992836,-0.164307211,-0.242295764,0.0309922576,0.00502965987,0.2,0.20023705,-0.177025402,-0.0365596324,0.0220061445,0.0435659122,0.00573477924,0.164307211,0.0309922576,0.2,0.177025402,0.0220061445,-0.0124992836,-0.242295764,0.00502965987,-0.20023705,-0.0435659122,0.0365596324
1033,29278161,0.107488833,0.0742162317,0.0240573045,-0.0695314482,0.353186995,0.0519049689,-0.218977168,-0.0141030848,-0.635506809,0.0459795035,0.264548272,0.487996548,0.00859910667,0.00593729854,-0.189174213,-0.231289152,0.0282549596,0.00415239751,0.2,0.2,-0.177101362,-0.0408040993,0.0211638618,0.0390397239,0.00859910667,0.189174213,0.0282549596,0.2,0.177101362,0.0211638618,-0.00593729854,-0.231289152,0.00415239751,-0.2,-0.0390397239,0.0408040993
1034,29300496,0.0894831493,-0.0140458597,-0.0220294427,-0.0699122325,0.295368582,-0.00132034312,-0.170340404,-0.0528931171,-0.656902134,-0.0179839563,0.234409213,0.428675473,0.00715865195,-0.00112366877,-0.209913249,-0.231460505,0.0236294866,-0.000105627449,0.2,0.2,-0.181380427,-0.0535967913,0.018752737,0.0342940378,0.00715865195,0.209913249,0.0236294866,0.2,0.181380427,0.018752737,0.00112366877,-0.231460505,-0.000105627449,-0.2,-0.0342940378,0.0535967913
1035,29319925,-0.00461116573,-0.104613841,-0.0612338781,-0.0785495564,0.228338286,-0.104383677,-0.0624830127,-0.133493513,-0.681264818,-0.0981562883,0.166244805,0.369177014,-0.000368893258,-0.00836910725,-0.227555245,-0.2353473,0.0182670629,-0.00835069418,0.2,0.2,-0.186252964,-0.0696312577,0.0132995844,0.0295341611,-0.000368893258,0.227555245,0.0182670629,0.2,0.186252964,0.0132995844,0.00836910725,-0.2353473,-0.00835069418,-0.2,-0.0295341611,0.0696312577
1036,29349309,-0.166301861,-0.178691581,-0.0756477341,-0.100343265,0.167201474,-0.264843076,0.102067336,-0.276099443,-0.678607643,-0.197665989,0.0510821044,0.295752227,-0.0133041489,-0.0142953265,-0.23404148,-0.245154469,0.0133761179,-0.0211874461,0.245930301,0.2,-0.185721529,-0.0895331979,0.00408656836,0.0236601782,-0.0133041489,0.23404148,0.0133761179,0.245930301,0.185721529,0.00408656836,0.0142953265,-0.245154469,-0.0211874461,-0.2,-0.0236601782,0.0895331979
1037,29359724,-0.32176435,-0.214225963,-0.0154000185,-0.156371608,0.120787106,-0.443374217,0.285092115,-0.430094928,-0.588801324,-0.287451059,-0.0903667882,0.228430152,-0.025741148,-0.017138077,-0.206930008,-0.270367224,0.00966296852,-0.0354699373,0.328291452,0.2,-0.167760265,-0.107490212,-0.00722934306,0.0182744122,-0.025741148,0.206930008,0.00966296852,0.328291452,0.167760265,-0.00722934306,0.017138077,-0.270367224,-0.0354699373,-0.2,-0.0182744122,0.107490212
1038,29379861,-0.36583057,-0.205787495,0.0730773285,-0.195518523,0.0922381803,-0.593186677,0.393585652,-0.499543875,-0.446955115,-0.326393783,-0.203127518,0.191964522,-0.0292664456,-0.0164629996,-0.167115202,-0.287983336,0.00737905443,-0.0474549341,0.377113543,0.2,-0.139391023,-0.115278757,-0.0162502015,0.0153571618,-0.0292664456,0.167115202,0.00737905443,0.377113543,0.139391023,-0.0162502015,0.0164629996,-0.287983336,-0.0474549341,-0.2,-0.0153571618,0.115278757
1039,29412204,-0.311375082,-0.194621801,0.141144887,-0.206433028,0.0848703757,-0.6499722,0.374371052,-0.522826731,-0.396328658,-0.358182251,-0.274868816,0.200885296,-0.0249100065,-0.0155697441,-0.136484801,-0.292894863,0.00678963006,-0.051997776,0.368466973,0.2,-0.129265732,-0.12163645,-0.0219895053,0.0160708237,-0.0249100065,0.136484801,0.00678963006,0.368466973,0.129265732,-0.0219895053,0.0155697441,-0.292894863,-0.051997776,-0.2,-0.0160708237,0.12163645
1040,29418634,-0.213915259,-0.182509184,0.208867595,-0.205128133,0.110542454,-0.59538275,0.260662645,-0.49401629,-0.442809671,-0.358561456,-0.313186735,0.263539553,-0.0171132207,-0.0146007347,-0.106009582,-0.29230766,0.00884339631,-0.04763062,0.31729819,0.2,-0.138561934,-0.121712291,-0.0250549388,0.0210831642,-0.0171132207,0.106009582,0.00884339631,0.31729819,0.138561934,-0.0250549388,0.0146007347,-0.29230766,-0.04763062,-0.2,-0.0210831642,0.121712291
1041,29438366,-0.16819568,-0.12047971,0.268454552,-0.239251792,0.158445001,-0.489855438,0.122998916,-0.45778513,-0.540333092,-0.345678449,-0.277151734,0.400662214,-0.0134556544,-0.00963837683,-0.0791954517,-0.307663307,0.0126756001,-0.0391884351,0.255349512,0.2,-0.158066618,-0.11913569,-0.0221721387,0.0320529771,-0.0134556544,0.0791954517,0.0126756001,0.255349512,0.158066618,-0.0221721387,0.00963837683,-0.307663307,-0.0391884351,-0.2,-0.0320529771,0.11913569
1042,29459962,-0.158828363,-0.0194188002,0.306380898,-0.286358178,0.22462301,-0.356913269,-0.011214938,-0.37176165,-0.669514835,-0.299452722,-0.154656872,0.538792849,-0.012706269,-0.00155350402,-0.062128596,-0.32886118,0.0179698408,-0.0285530615,0.2,0.2,-0.183902967,-0.109890544,-0.0123725498,0.0431034279,-0.012706269,0.062128596,0.0179698408,0.2,0.183902967,-0.0123725498,0.00155350402,-0.32886118,-0.0285530615,-0.2,-0.0431034279,0.109890544
1043,29487015,-0.125292137,0.0792577118,0.297326446,-0.308702528,0.296921045,-0.188013941,-0.110213809,-0.22336258,-0.771195114,-0.19641085,0.0322927199,0.604498744,-0.010023371,0.00634061694,-0.0662030995,-0.338916138,0.0237536836,-0.0150411153,0.2,0.2,-0.204239023,-0.0892821699,0.00258341759,0.0483598995,-0.010023371,0.0662030995,0.0237536836,0.2,0.204239023,0.00258341759,-0.00634061694,-0.338916138,-0.0150411153,-0.2,-0.0483598995,0.0892821699
1044,29501945,-0.0745761618,0.190956101,0.249691799,-0.259788901,0.379502177,-0.0506934971,-0.197446361,-0.0749245584,-0.806459486,-0.0728978068,0.193256557,0.628716946,-0.00596609294,0.0152764881,-0.0876386903,-0.316905005,0.0303601742,-0.00405547976,0.2,0.2,-0.211291897,-0.0645795614,0.0154605246,0.0502973557,-0.00596609294,0.0876386903,0.0303601742,0.2,0.211291897,0.0154605246,-0.0152764881,-0.316905005,-0.00405547976,-0.2,-0.0502973557,0.0645795614
1045,29520564,-0.00955743343,0.261956781,0.19848533,-0.174216956,0.453302056,0.0535324179,-0.269942522,0.0199790522,-0.807687104,0.0323550887,0.277770966,0.613972008,-0.000764594674,0.0209565425,-0.110681602,-0.27839763,0.0362641644,0.00428259343,0.2,0.208990574,-0.211537421,-0.0435289823,0.0222216773,0.0491177607,-0.000764594674,0.110681602,0.0362641644,0.2,0.211537421,0.0222216773,-0.0209565425,-0.27839763,0.00428259343,-0.208990574,-0.0491177607,0.0435289823
1046,29540572,0.0566855408,0.254468799,0.138495937,-0.0932977647,0.485381037,0.122627556,-0.291492701,0.0446314514,-0.772551179,0.103077076,0.310112983,0.58120966,0.00453484327,0.0203575039,-0.137676828,-0.241983994,0.038830483,0.00981020451,0.2,0.220084153,-0.204510236,-0.0293845847,0.0248090386,0.0464967728,0.00453484327,0.137676828,0.038830483,0.2,0.204510236,0.0248090386,-0.0203575039,-0.241983994,0.00981020451,-0.220084153,-0.0464967728,0.0293845847
1047,29560560,0.100777663,0.176849172,0.0789921805,-0.0531640053,0.467909336,0.156149819,-0.261405528,0.027165167,-0.7162714,0.124773882,0.317645252,0.52649039,0.00806221306,0.0141479337,-0.164453519,-0.223923802,0.0374327469,0.0124919856,0.2,0.212224325,-0.19325428,-0.0250452235,0.0254116201,0.0421192312,0.00806221306,0.164453519,0.0374327469,0.2,0.19325428,0.0254116201,-0.0141479337,-0.223923802,0.0124919856,-0.212224325,-0.0421192312,0.0250452235
1048,29581230,0.0779612064,0.0742028281,0.0300273933,-0.0614273734,0.404000163,0.135296047,-0.193322912,-0.0291554518,-0.678097129,0.0683628023,0.314637274,0.469687164,0.00623689651,0.00593622625,-0.186487673,-0.227642318,0.032320013,0.0108236837,0.2,0.2,-0.185619426,-0.0363274395,0.0251709819,0.0375749731,0.00623689651,0.186487673,0.032320013,0.2,0.185619426,0.0251709819,-0.00593622625,-0.227642318,0.0108236837,-0.2,-0.0375749731,0.0363274395
1049,29600370,-0.0167570319,-0.0231425054,-0.0039598844,-0.114237092,0.317574322,0.044564642,-0.0849010497,-0.121623509,-0.666038811,-0.0535891764,0.280929327,0.407268524,-0.00134056255,-0.00185140043,-0.201781948,-0.251406692,0.0254059458,0.00356517136,0.2,0.2,-0.183207762,-0.0607178353,0.0224743462,0.0325814819,-0.00134056255,0.201781948,0.0254059458,0.2,0.183207762,0.0224743462,0.00185140043,-0.251406692,0.00356517136,-0.2,-0.0325814819,0.0607178353
1050,29620353,-0.177503869,-0.0979772359,-0.0145840673,-0.159917176,0.230859175,-0.105551124,0.0826573744,-0.251458973,-0.637451708,-0.15803811,0.184408873,0.337155849,-0.0142003095,-0.00783817887,-0.20656283,-0.271962729,0.018468734,-0.00844408989,0.237195818,0.2,-0.177490342,-0.0816076219,0.0147527099,0.0269724679,-0.0142003095,0.20656283,0.018468734,0.237195818,0.177490342,0.0147527099,0.00783817887,-0.271962729,-0.00844408989,-0.2,-0.0269724679,0.0816076219
1051,29643663,-0.359061033,-0.110143013,0.0100499848,-0.204877853,0.161504641,-0.314083308,0.279546261,-0.409090847,-0.552075446,-0.254624426,0.0542571433,0.300097853,-0.0287248826,-0.00881144106,-0.195477507,-0.292195034,0.0129203713,-0.0251266646,0.325795817,0.2,-0.160415089,-0.100924885,0.00434057146,0.0240078282,-0.0287248826,0.195477507,0.0129203713,0.325795817,0.160415089,0.00434057146,0.00881144106,-0.292195034,-0.0251266646,-0.2,-0.0240078282,0.100924885
1052,29658474,-0.428037435,-0.0934874564,0.0826546922,-0.217664033,0.119808853,-0.505253553,0.383860379,-0.477642596,-0.430155784,-0.294348627,-0.0884850845,0.280499011,-0.0342429948,-0.00747899652,-0.162805388,-0.297948815,0.00958470821,-0.0404202843,0.372737171,0.2,-0.136031157,-0.108869725,-0.00707880676,0.0224399209,-0.0342429948,0.162805388,0.00958470821,0.372737171,0.136031157,-0.00707880676,0.00747899652,-0.297948815,-0.0404202843,-0.2,-0.0224399209,0.108869725
1053,29686482,-0.36866644,-0.0944666117,0.140750974,-0.188581958,0.116692051,-0.590548813,0.340836942,-0.459881961,-0.381442219,-0.298253298,-0.209686622,0.27625978,-0.0294933152,-0.00755732894,-0.136662062,-0.284861881,0.0093353641,-0.0472439051,0.353376624,0.2,-0.126288444,-0.10965066,-0.0167749298,0.0221007824,-0.0294933152,0.136662062,0.0093353641,0.353376624,0.126288444,-0.0167749298,0.00755732894,-0.284861881,-0.0472439051,-0.2,-0.0221007824,0.10965066
1054,29701877,-0.293916821,-0.0773652196,0.184550717,-0.166222349,0.14185518,-0.591454685,0.232808143,-0.429940432,-0.388413787,-0.29425776,-0.259139925,0.323506832,-0.0235133457,-0.00618921757,-0.116952177,-0.274800057,0.0113484144,-0.0473163748,0.304763664,0.2,-0.127682757,-0.108851552,-0.020731194,0.0258805466,-0.0235133457,0.116952177,0.0113484144,0.304763664,0.127682757,-0.020731194,0.00618921757,-0.274800057,-0.0473163748,-0.2,-0.0258805466,0.108851552
1055,29717379,-0.260770857,-0.0252923928,0.241401434,-0.225774482,0.179302171,-0.514687836,0.125280336,-0.427915871,-0.452604741,-0.294514686,-0.222136483,0.420897514,-0.0208616686,-0.00202339143,-0.0913693547,-0.301598517,0.0143441737,-0.0411750269,0.256376151,0.2,-0.140520948,-0.108902937,-0.0177709186,0.0336718011,-0.0208616686,0.0913693547,0.0143441737,0.256376151,0.140520948,-0.0177709186,0.00202339143,-0.301598517,-0.0411750269,-0.2,-0.0336718011,0.108902937
1056,29740801,-0.206082866,0.00387692079,0.271004379,-0.281428784,0.215301275,-0.377368689,0.0243875794,-0.367247105,-0.563792765,-0.258362949,-0.134268835,0.479130268,-0.0164866292,0.000310153663,-0.0780480295,-0.326642953,0.017224102,-0.0301894951,0.210974411,0.2,-0.162758553,-0.10167259,-0.0107415068,0.0383304214,-0.0164866292,0.0780480295,0.017224102,0.210974411,0.162758553,-0.0107415068,-0.000310153663,-0.326642953,-0.0301894951,-0.2,-0.0383304214,0.10167259
1057,29761564,-0.154665515,0.0570524149,0.246110991,-0.272519737,0.262206525,-0.236883685,-0.0486252457,-0.249649584,-0.632141411,-0.177073345,-0.000692610804,0.52813828,-0.0123732412,0.00456419319,-0.0892500542,-0.322633882,0.020976522,-0.0189506948,0.2,0.2,-0.176428282,-0.0854146689,-5.54088643e-05,0.0422510624,-0.0123732412,0.0892500542,0.020976522,0.2,0.176428282,-5.54088643e-05,-0.00456419319,-0.322633882,-0.0189506948,-0.2,-0.0422510624,0.0854146689
1058,29778348,-0.12239942,0.148692146,0.21949628,-0.229567677,0.319070935,-0.120116785,-0.115747064,-0.129583657,-0.650483847,-0.0769276246,0.123779595,0.580964148,-0.00979195356,0.0118953717,-0.101226674,-0.303305455,0.0255256748,-0.00960934281,0.2,0.2,-0.180096769,-0.0653855249,0.00990236759,0.0464771318,-0.00979195356,0.101226674,0.0255256748,0.2,0.180096769,0.00990236759,-0.0118953717,-0.303305455,-0.00960934281,-0.2,-0.0464771318,0.0653855249
1059,29800068,-0.0704199374,0.210688815,0.168796986,-0.162006468,0.366515338,-0.0349570774,-0.182160243,-0.0429636389,-0.651046157,0.00801828597,0.204319701,0.610131264,-0.00563359499,0.0168551052,-0.124041356,-0.27290291,0.0293212271,-0.00279656619,0.2,0.2,-0.180209231,-0.0483963428,0.016345576,0.0488105011,-0.00563359499,0.124041356,0.0293212271,0.2,0.180209231,0.016345576,-0.0168551052,-0.27290291,-0.00279656619,-0.2,-0.0488105011,0.0483963428
1060,29820598,0.0183770508,0.19919093,0.110745125,-0.102401093,0.383237511,0.0211162232,-0.233436465,0.00610710029,-0.642097831,0.0670794994,0.24117139,0.595499933,0.00147016406,0.0159352744,-0.150164694,-0.246080492,0.0306590009,0.00168929785,0.2,0.202748195,-0.178419566,-0.0365841001,0.0192937112,0.0476399946,0.00147016406,0.150164694,0.0306590009,0.2,0.178419566,0.0192937112,-0.0159352744,-0.246080492,0.00168929785,-0.202748195,-0.0476399946,0.0365841001
1061,29849226,0.0893376693,0.125721499,0.05286799,-0.0757960156,0.362949729,0.0423157997,-0.234279707,0.00919951219,-0.636135936,0.0752532855,0.253027141,0.545242608,0.00714701355,0.0100577199,-0.176209405,-0.234108207,0.0290359783,0.00338526398,0.2,0.20413978,-0.177227187,-0.0349493429,0.0202421713,0.0436194086,0.00714701355,0.176209405,0.0290359783,0.2,0.177227187,0.0202421713,-0.0100577199,-0.234108207,0.00338526398,-0.20413978,-0.0436194086,0.0349493429
1062,29864572,0.109521374,0.0318458863,0.000789305777,-0.0680752844,0.317280769,0.0205760207,-0.197084337,-0.0223278757,-0.646264076,0.0303949546,0.243066594,0.482393742,0.00876170993,0.0025476709,-0.199644812,-0.230633878,0.0253824615,0.00164608166,0.2,0.2,-0.179252815,-0.0439210091,0.0194453275,0.0385914993,0.00876170993,0.199644812,0.0253824615,0.2,0.179252815,0.0194453275,-0.0025476709,-0.230633878,0.00164608166,-0.2,-0.0385914993,0.0439210091
1063,29884002,0.0643699765,-0.0635268688,-0.0442346521,-0.0716781467,0.255080611,-0.0492592789,-0.121014774,-0.079912439,-0.670367956,-0.0433842987,0.202365264,0.419871867,0.00514959812,-0.00508214951,-0.219905593,-0.232255166,0.0204064488,-0.00394074231,0.2,0.2,-0.184073591,-0.0586768597,0.0161892211,0.0335897493,0.00514959812,0.219905593,0.0204064488,0.2,0.184073591,0.0161892211,0.00508214951,-0.232255166,-0.00394074231,-0.2,-0.0335897493,0.0586768597
1064,29899559,-0.0709903389,-0.140304014,-0.0731210634,-0.0730836242,0.188138738,-0.184323549,0.0190901347,-0.189614967,-0.668538809,-0.126946598,0.113908418,0.363809109,-0.00567922711,-0.0112243211,-0.232904479,-0.232887631,0.0150510991,-0.0147458839,0.208590561,0.2,-0.183707762,-0.0753893197,0.0091126734,0.0291047287,-0.00567922711,0.232904479,0.0150510991,0.208590561,0.183707762,0.0091126734,0.0112243211,-0.232887631,-0.0147458839,-0.2,-0.0291047287,0.0753893197
1065,29919746,-0.248196006,-0.179055497,-0.0533665568,-0.114739567,0.135431141,-0.373387784,0.195745021,-0.344529986,-0.607527673,-0.23311694,-0.00552564394,0.306373388,-0.0198556805,-0.0143244398,-0.224014951,-0.251632805,0.0108344913,-0.0298710227,0.288085259,0.2,-0.171505535,-0.0966233879,-0.000442051515,0.024509871,-0.0198556805,0.224014951,0.0108344913,0.288085259,0.171505535,-0.000442051515,0.0143244398,-0.251632805,-0.0298710227,-0.2,-0.024509871,0.0966233879
1066,29940956,-0.363711178,-0.184978738,0.012672375,-0.163125291,0.102781989,-0.56428504,0.346665502,-0.460983425,-0.48158735,-0.306238323,-0.133155972,0.249695495,-0.0290968943,-0.0147982991,-0.194297431,-0.273406381,0.00822255909,-0.0451428032,0.355999476,0.2,-0.14631747,-0.111247665,-0.0106524777,0.0199756396,-0.0290968943,0.194297431,0.00822255909,0.355999476,0.14631747,-0.0106524777,0.0147982991,-0.273406381,-0.0451428032,-0.2,-0.0199756396,0.111247665
1067,29959760,-0.366046339,-0.17511785,0.0920017734,-0.181311175,0.0900848061,-0.688221753,0.396743417,-0.506501198,-0.374227881,-0.33621639,-0.23136048,0.218425155,-0.0292837071,-0.014009428,-0.158599202,-0.281590029,0.00720678449,-0.0550577402,0.378534538,0.2,-0.124845576,-0.117243278,-0.0185088384,0.0174740124,-0.0292837071,0.158599202,0.00720678449,0.378534538,0.124845576,-0.0185088384,0.014009428,-0.281590029,-0.0550577402,-0.2,-0.0174740124,0.117243278
1068,29980604,-0.28506285,-0.172589719,0.166543379,-0.183568835,0.099570632,-0.691805542,0.335663021,-0.503185987,-0.362964094,-0.351534933,-0.295513719,0.226254389,-0.022805028,-0.0138071775,-0.125055479,-0.282605976,0.00796565056,-0.0553444433,0.351048359,0.2,-0.122592819,-0.120306987,-0.0236410975,0.0181003511,-0.022805028,0.125055479,0.00796565056,0.351048359,0.122592819,-0.0236410975,0.0138071775,-0.282605976,-0.0553444433,-0.2,-0.0181003511,0.120306987
1069,30003714,-0.230584547,-0.126365498,0.228633508,-0.193438083,0.138939396,-0.623184085,0.222070172,-0.484654158,-0.403661788,-0.354732841,-0.28935656,0.322625786,-0.0184467638,-0.0101092398,-0.0971149214,-0.287047137,0.0111151516,-0.0498547268,0.299931578,0.2,-0.130732358,-0.120946568,-0.0231485248,0.0258100629,-0.0184467638,0.0971149214,0.0111151516,0.299931578,0.130732358,-0.0231485248,0.0101092398,-0.287047137,-0.0498547268,-0.2,-0.0258100629,0.120946568
1070,30018172,-0.219001308,-0.0424449444,0.298046589,-0.252861083,0.197088033,-0.492407769,0.0844695866,-0.440266222,-0.518009245,-0.345642149,-0.211887956,0.457117856,-0.0175201046,-0.00339559555,-0.065879035,-0.313787487,0.0157670426,-0.0393926215,0.238011314,0.2,-0.153601849,-0.11912843,-0.0169510365,0.0365694284,-0.0175201046,0.065879035,0.0157670426,0.238011314,0.153601849,-0.0169510365,0.00339559555,-0.313787487,-0.0393926215,-0.2,-0.0365694284,0.11912843
1071,30042197,-0.197695732,0.04013988,0.319790959,-0.303326577,0.260160416,-0.328270525,-0.035392005,-0.334819466,-0.658619761,-0.28132841,-0.0622056089,0.550534129,-0.0158156586,0.0032111904,-0.0560940683,-0.33649696,0.0208128333,-0.026261642,0.2,0.2,-0.181723952,-0.106265682,-0.00497644871,0.0440427303,-0.0158156586,0.0560940683,0.0208128333,0.2,0.181723952,-0.00497644871,-0.0032111904,-0.33649696,-0.026261642,-0.2,-0.0440427303,0.106265682
1072,30057402,-0.135140181,0.13993156,0.300395161,-0.300786018,0.32687965,-0.152639955,-0.138232544,-0.170299411,-0.754911661,-0.164485261,0.112856567,0.583979189,-0.0108112144,0.0111945248,-0.0648221776,-0.335353708,0.026150372,-0.0122111964,0.2,0.2,-0.200982332,-0.0828970522,0.00902852535,0.0467183352,-0.0108112144,0.0648221776,0.026150372,0.2,0.200982332,0.00902852535,-0.0111945248,-0.335353708,-0.0122111964,-0.2,-0.0467183352,0.0828970522
1073,30080909,-0.0639923289,0.248222888,0.246034607,-0.231017187,0.405776262,-0.0185134523,-0.241243258,-0.0260845944,-0.791707575,-0.0355159715,0.241764173,0.599217117,-0.00511938632,0.019857831,-0.0892844267,-0.303957734,0.032462101,-0.00148107618,0.2,0.2,-0.208341515,-0.0571031943,0.0193411338,0.0479373693,-0.00511938632,0.0892844267,0.032462101,0.2,0.208341515,0.0193411338,-0.019857831,-0.303957734,-0.00148107618,-0.2,-0.0479373693,0.0571031943
1074,30100858,0.0335025936,0.290838033,0.179659501,-0.134397879,0.47124812,0.0815221369,-0.317298412,0.0579993166,-0.786979496,0.0625468045,0.3095707,0.582963824,0.00268020749,0.0232670426,-0.119153225,-0.260479046,0.0376998496,0.00652177095,0.2,0.226099692,-0.207395899,-0.0374906391,0.024765656,0.0466371059,0.00268020749,0.119153225,0.0376998496,0.2,0.207395899,0.024765656,-0.0232670426,-0.260479046,0.00652177095,-0.226099692,-0.0466371059,0.0374906391
1075,30121804,0.135862291,0.240311474,0.105652668,-0.0520133972,0.489885569,0.146066412,-0.343021899,0.0868182257,-0.75113827,0.121324316,0.334707648,0.54052794,0.0108689833,0.0192249179,-0.1524563,-0.223406029,0.0391908455,0.011685313,0.2,0.239068202,-0.200227654,-0.0257351369,0.0267766118,0.0432422352,0.0108689833,0.1524563,0.0391908455,0.2,0.200227654,0.0267766118,-0.0192249179,-0.223406029,0.011685313,-0.239068202,-0.0432422352,0.0257351369
1076,30146282,0.198573679,0.133149341,0.0286856648,-0.0132863401,0.456891388,0.170436636,-0.317530036,0.0743872598,-0.726149857,0.114994943,0.347811073,0.487896234,0.0158858943,0.0106519473,-0.187091451,-0.205978853,0.036551311,0.0136349308,0.2,0.233474267,-0.195229971,-0.0270010114,0.0278248858,0.0390316987,0.0158858943,0.187091451,0.036551311,0.2,0.195229971,0.0278248858,-0.0106519473,-0.205978853,0.0136349308,-0.233474267,-0.0390316987,0.0270010114
1077,30161467,0.170385554,0.0176461972,-0.0305948425,-0.0409011319,0.390648901,0.127821058,-0.255795687,0.0182530526,-0.751646399,0.00538702356,0.346749157,0.432293296,0.0136308444,0.00141169578,-0.213767679,-0.218405509,0.0312519121,0.0102256846,0.2,0.208213874,-0.20032928,-0.0489225953,0.0277399325,0.0345834637,0.0136308444,0.213767679,0.0312519121,0.2,0.20032928,0.0277399325,-0.00141169578,-0.218405509,0.0102256846,-0.208213874,-0.0345834637,0.0489225953
1078,30178967,0.0199348461,-0.0880816802,-0.0806402341,-0.10285949,0.316793799,0.00197370979,-0.117373832,-0.0889151618,-0.809745729,-0.165058181,0.293435395,0.361813068,0.00159478769,-0.00704653442,-0.236288105,-0.24628677,0.025343504,0.000157896783,0.2,0.2,-0.211949146,-0.0830116361,0.0234748316,0.0289450455,0.00159478769,0.236288105,0.025343504,0.2,0.211949146,0.0234748316,0.00704653442,-0.24628677,0.000157896783,-0.2,-0.0289450455,0.0830116361
1079,30197431,-0.241432428,-0.170087874,-0.11362417,-0.149490461,0.241008803,-0.213907108,0.118918553,-0.279406011,-0.837338448,-0.313776612,0.162273571,0.272735953,-0.0193145943,-0.0136070299,-0.251130877,-0.267270707,0.0192807043,-0.0171125686,0.253513349,0.2,-0.21746769,-0.112755322,0.0129818857,0.0218188763,-0.0193145943,0.251130877,0.0192807043,0.253513349,0.21746769,0.0129818857,0.0136070299,-0.267270707,-0.0171125686,-0.2,-0.0218188763,0.112755322
1080,30222476,-0.477497637,-0.198402032,-0.0449531078,-0.208366394,0.170751497,-0.46942541,0.373701543,-0.500629127,-0.725708663,-0.407107681,-0.012798286,0.20199205,-0.038199811,-0.0158721626,-0.220228899,-0.293764877,0.0136601198,-0.0375540328,0.368165694,0.2,-0.195141733,-0.131421536,-0.00102386288,0.016159364,-0.038199811,0.220228899,0.0136601198,0.368165694,0.195141733,-0.00102386288,0.0158721626,-0.293764877,-0.0375540328,-0.2,-0.016159364,0.131421536
1081,30241267,-0.480303615,-0.200450763,0.0913682878,-0.226403683,0.113626987,-0.650458455,0.476209015,-0.546887934,-0.557140768,-0.395284355,-0.177235886,0.138589621,-0.0384242892,-0.016036061,-0.15888427,-0.301881658,0.00909015894,-0.0520366764,0.414294057,0.2,-0.161428154,-0.129056871,-0.0141788709,0.0110871696,-0.0384242892,0.15888427,0.00909015894,0.414294057,0.161428154,-0.0141788709,0.016036061,-0.301881658,-0.0520366764,-0.2,-0.0110871696,0.129056871
1082,30258809,-0.363369465,-0.183884919,0.162738815,-0.187698573,0.0990799889,-0.712932527,0.404487312,-0.517672956,-0.486538053,-0.371400088,-0.28492251,0.146192685,-0.0290695572,-0.0147107935,-0.126767533,-0.284464358,0.00792639911,-0.0570346022,0.38201929,0.2,-0.147307611,-0.124280018,-0.0227938008,0.0116954148,-0.0290695572,0.126767533,0.00792639911,0.38201929,0.147307611,-0.0227938008,0.0147107935,-0.284464358,-0.0570346022,-0.2,-0.0116954148,0.124280018
1083,30293758,-0.24123551,-0.142217457,0.228351921,-0.163200483,0.125433594,-0.663879037,0.245880872,-0.472230524,-0.507858515,-0.353407413,-0.32317102,0.240271583,-0.0192988408,-0.0113773966,-0.0972416356,-0.273440217,0.0100346875,-0.053110323,0.310646392,0.2,-0.151571703,-0.120681483,-0.0258536816,0.0192217267,-0.0192988408,0.0972416356,0.0100346875,0.310646392,0.151571703,-0.0258536816,0.0113773966,-0.273440217,-0.053110323,-0.2,-0.0192217267,0.120681483
1084,30302123,-0.201728165,-0.0499964207,0.304528326,-0.238980845,0.169837803,-0.537762105,0.0785379559,-0.464212358,-0.610236347,-0.357638508,-0.254117459,0.413340122,-0.0161382532,-0.00399971366,-0.0629622534,-0.30754138,0.0135870242,-0.0430209684,0.23534208,0.2,-0.172047269,-0.121527702,-0.0203293967,0.0330672097,-0.0161382532,0.0629622534,0.0135870242,0.23534208,0.172047269,-0.0203293967,0.00399971366,-0.30754138,-0.0430209684,-0.2,-0.0330672097,0.121527702
1085,30320141,-0.170593426,0.0270512048,0.32433033,-0.314807326,0.211714789,-0.387610525,-0.0408000238,-0.398694605,-0.763542235,-0.318957359,-0.0973881781,0.557430804,-0.0136474741,0.00216409639,-0.0540513515,-0.341663297,0.0169371831,-0.031008842,0.2,0.2,-0.202708447,-0.113791472,-0.00779105425,0.0445944643,-0.0136474741,0.0540513515,0.0169371831,0.2,0.202708447,-0.00779105425,-0.00216409639,-0.341663297,-0.031008842,-0.2,-0.0445944643,0.113791472
1086,30352849,-0.116981052,0.10466361,0.293612033,-0.299468189,0.265736908,-0.217192128,-0.134979174,-0.225470603,-0.852579176,-0.21123378,0.0896577984,0.611355603,-0.00935848415,0.00837308884,-0.0678745851,-0.334760685,0.0212589526,-0.0173753703,0.2,0.2,-0.220515835,-0.092246756,0.00717262387,0.0489084482,-0.00935848415,0.0678745851,0.0212589526,0.2,0.220515835,0.00717262387,-0.00837308884,-0.334760685,-0.0173753703,-0.2,-0.0489084482,0.092246756
1087,30358709,-0.0687179938,0.218518078,0.25348562,-0.239272594,0.349529982,-0.0718780234,-0.222949937,-0.051120881,-0.86362952,-0.0645851493,0.242853627,0.63235265,-0.0054974395,0.0174814463,-0.085931471,-0.307672668,0.0279623985,-0.00575024188,0.2,0.2,-0.222725904,-0.0629170299,0.0194282901,0.050588212,-0.0054974395,0.085931471,0.0279623985,0.2,0.222725904,0.0194282901,-0.0174814463,-0.307672668,-0.00575024188,-0.2,-0.050588212,0.0629170299
1088,30378364,-0.000585623668,0.280336797,0.195339859,-0.165682748,0.424635977,0.0353625864,-0.296579182,0.0434894599,-0.861806393,0.0444152318,0.311369538,0.618175507,-4.68498934e-05,0.0224269438,-0.112097064,-0.274557237,0.0339708781,0.00282900691,0.2,0.219570257,-0.222361279,-0.0411169536,0.0249095631,0.0494540405,-4.68498934e-05,0.112097064,0.0339708781,0.2,0.222361279,0.0249095631,-0.0224269438,-0.274557237,0.00282900691,-0.219570257,-0.0494540405,0.0411169536
1089,30404121,0.111294106,0.253716022,0.130073801,-0.0866864324,0.467227876,0.115992278,-0.346715838,0.0917365476,-0.844875455,0.107285343,0.331322879,0.550419629,0.00890352845,0.0202972817,-0.14146679,-0.239008895,0.0373782301,0.00927938223,0.2,0.241281446,-0.218975091,-0.0285429314,0.0265058303,0.0440335703,0.00890352845,0.14146679,0.0373782301,0.2,0.218975091,0.0265058303,-0.0202972817,-0.239008895,0.00927938223,-0.241281446,-0.0440335703,0.0285429314
1090,30420381,0.198961273,0.158176675,0.0534792691,-0.03243424,0.454954594,0.158907697,-0.340173244,0.0999167785,-0.806746304,0.124293044,0.345461577,0.479375213,0.0159169018,0.012654134,-0.175934329,-0.214595408,0.0363963675,0.0127126157,0.2,0.24496255,-0.211349261,-0.0251413912,0.0276369262,0.0383500171,0.0159169018,0.175934329,0.0363963675,0.2,0.211349261,0.0276369262,-0.012654134,-0.214595408,0.0127126157,-0.24496255,-0.0383500171,0.0251413912
1091,30441533,0.192746833,0.0468017608,-0.0116081387,-0.0229508467,0.401560217,0.148522466,-0.275580853,0.0493473187,-0.791421711,0.0589352734,0.35515663,0.430725634,0.0154197466,0.00374414086,-0.205223662,-0.210327881,0.0321248174,0.0118817973,0.2,0.222206293,-0.208284342,-0.0382129453,0.0284125304,0.0344580507,0.0154197466,0.205223662,0.0321248174,0.2,0.208284342,0.0284125304,-0.00374414086,-0.210327881,0.0118817973,-0.222206293,-0.0344580507,0.0382129453
1092,30458909,0.0680875331,-0.0619856007,-0.0726842731,-0.0704238713,0.323331535,0.0454843044,-0.146411508,-0.0540702902,-0.818026423,-0.104946263,0.327198654,0.391096264,0.00544700265,-0.00495884806,-0.232707923,-0.231690742,0.0258665228,0.00363874435,0.2,0.2,-0.213605285,-0.0709892526,0.0261758924,0.0312877011,0.00544700265,0.232707923,0.0258665228,0.2,0.213605285,0.0261758924,0.00495884806,-0.231690742,0.00363874435,-0.2,-0.0312877011,0.0709892526
1093,30492589,-0.185529038,-0.151280254,-0.111712024,-0.128339306,0.242180333,-0.162633657,0.072175473,-0.231460288,-0.849242151,-0.276761055,0.208293095,0.313507348,-0.0148423231,-0.0121024203,-0.250270411,-0.257752687,0.0193744266,-0.0130106926,0.232478963,0.2,-0.21984843,-0.105352211,0.0166634476,0.0250805879,-0.0148423231,0.250270411,0.0193744266,0.232478963,0.21984843,0.0166634476,0.0121024203,-0.257752687,-0.0130106926,-0.2,-0.0250805879,0.105352211
1094,30498840,-0.463971585,-0.194129169,-0.0650380477,-0.205833673,0.172965288,-0.427188784,0.337942958,-0.482149363,-0.784232259,-0.419246584,0.0290045924,0.226581007,-0.0371177268,-0.0155303335,-0.229267121,-0.292625153,0.0138372231,-0.0341751027,0.352074331,0.2,-0.206846452,-0.133849317,0.0023203674,0.0181264806,-0.0371177268,0.229267121,0.0138372231,0.352074331,0.206846452,0.0023203674,0.0155303335,-0.292625153,-0.0341751027,-0.2,-0.0181264806,0.133849317
1095,30518433,-0.528513074,-0.206445321,0.0651110485,-0.243198797,0.114742808,-0.644080758,0.495153725,-0.576988935,-0.633371055,-0.439618289,-0.135938212,0.152712375,-0.0422810459,-0.0165156257,-0.170700028,-0.309439459,0.00917942464,-0.0515264606,0.422819176,0.2,-0.176674211,-0.137923658,-0.010875057,0.01221699,-0.0422810459,0.170700028,0.00917942464,0.422819176,0.176674211,-0.010875057,0.0165156257,-0.309439459,-0.0515264606,-0.2,-0.01221699,0.137923658
1096,30543018,-0.427599847,-0.198091745,0.149843931,-0.213545665,0.0913235843,-0.737988293,0.466860712,-0.561098278,-0.549029768,-0.411430627,-0.255107403,0.13339369,-0.0342079878,-0.0158473396,-0.132570231,-0.296095549,0.00730588675,-0.0590390635,0.41008732,0.2,-0.159805954,-0.132286125,-0.0204085922,0.0106714952,-0.0342079878,0.132570231,0.00730588675,0.41008732,0.159805954,-0.0204085922,0.0158473396,-0.296095549,-0.0590390635,-0.2,-0.0106714952,0.132286125
1097,30560574,-0.288180739,-0.160572544,0.22381866,-0.17672351,0.118353806,-0.701862276,0.314518601,-0.501644015,-0.54284066,-0.378228188,-0.307278395,0.202798933,-0.0230544591,-0.0128458035,-0.0992816031,-0.27952558,0.00946830451,-0.056148982,0.34153337,0.2,-0.158568132,-0.125645638,-0.0245822716,0.0162239146,-0.0230544591,0.0992816031,0.00946830451,0.34153337,0.158568132,-0.0245822716,0.0128458035,-0.27952558,-0.056148982,-0.2,-0.0162239146,0.125645638
1098,30587335,-0.250353426,-0.0500713363,0.322445542,-0.237560853,0.180924997,-0.572494745,0.133466527,-0.474243194,-0.612943828,-0.366871804,-0.249007881,0.388720691,-0.0200282741,-0.00400570691,-0.0548995063,-0.306902384,0.0144739997,-0.0457995796,0.260059937,0.2,-0.172588766,-0.123374361,-0.0199206305,0.0310976553,-0.0200282741,0.0548995063,0.0144739997,0.260059937,0.172588766,-0.0199206305,0.00400570691,-0.306902384,-0.0457995796,-0.2,-0.0310976553,0.123374361
1099,30598801,-0.229621798,0.0564689636,0.361851603,-0.312942356,0.230871662,-0.421602696,-0.0275814962,-0.414590418,-0.765323341,-0.34646976,-0.107055962,0.549592197,-0.0183697438,0.00451751709,-0.0371667787,-0.34082406,0.018469733,-0.0337282157,0.2,0.2,-0.203064668,-0.119293952,-0.00856447697,0.0439673758,-0.0183697438,0.0371667787,0.018469733,0.2,0.203064668,-0.00856447697,-0.00451751709,-0.34082406,-0.0337282157,-0.2,-0.0439673758,0.119293952
1100,30619839,-0.189997658,0.158106327,0.365107656,-0.351786435,0.289425164,-0.232853547,-0.132108852,-0.252507627,-0.892206311,-0.242818058,0.105952695,0.638089359,-0.0151998127,0.0126485062,-0.035701555,-0.358303896,0.0231540132,-0.0186282837,0.2,0.2,-0.228441262,-0.0985636115,0.0084762156,0.0510471487,-0.0151998127,0.035701555,0.0231540132,0.2,0.228441262,0.0084762156,-0.0126485062,-0.358303896,-0.0186282837,-0.2,-0.0510471487,0.0985636115
1101,30640991,-0.146045759,0.275856942,0.306219965,-0.310062766,0.358693123,-0.0812418312,-0.215749174,-0.0970489979,-0.954314351,-0.10060434,0.261727244,0.685426414,-0.0116836607,0.0220685554,-0.0622010157,-0.339528245,0.0286954498,-0.00649934649,0.2,0.2,-0.23,-0.0701208681,0.0209381795,0.0548341131,-0.0116836607,0.0622010157,0.0286954498,0.2,0.23,0.0209381795,-0.0220685554,-0.339528245,-0.00649934649,-0.2,-0.0548341131,0.0701208681
1102,30660427,-0.105638042,0.357261896,0.255352974,-0.241693437,0.430819064,0.0340944305,-0.266974241,-0.000453565473,-0.980143249,0.0162312053,0.337548852,0.693301916,-0.00845104337,0.0285809517,-0.0850911617,-0.308762047,0.0344655252,0.00272755444,0.2,0.2,-0.23,-0.0467537589,0.0270039082,0.0554641533,-0.00845104337,0.0850911617,0.0344655252,0.2,0.23,0.0270039082,-0.0285809517,-0.308762047,0.00272755444,-0.2,-0.0554641533,0.0467537589
1103,30684542,-0.046415884,0.350982517,0.209922642,-0.172385946,0.480104864,0.123591229,-0.27841869,0.0340619944,-0.962905586,0.102606617,0.354880631,0.653275609,-0.00371327072,0.0280786014,-0.105534811,-0.277573676,0.0384083891,0.00988729835,0.2,0.215327897,-0.23,-0.0294786766,0.0283904505,0.0522620487,-0.00371327072,0.105534811,0.0384083891,0.2,0.23,0.0283904505,-0.0280786014,-0.277573676,0.00988729835,-0.215327897,-0.0522620487,0.0294786766
1104,30699058,-0.00619035121,0.2749722,0.166534632,-0.137628049,0.481933475,0.185240477,-0.233112693,0.0192821603,-0.904524803,0.153981403,0.343627036,0.577495158,-0.000495228097,0.021997776,-0.125059415,-0.261932622,0.038554678,0.0148192382,0.2,0.208676972,-0.23,-0.0192037195,0.0274901628,0.0461996126,-0.000495228097,0.125059415,0.038554678,0.2,0.23,0.0274901628,-0.021997776,-0.261932622,0.0148192382,-0.208676972,-0.0461996126,0.0192037195
1105,30724988,-0.0447826721,0.166127712,0.128650874,-0.138267756,0.434919477,0.208255783,-0.122490786,-0.0508859642,-0.818271101,0.15620479,0.327705681,0.518721461,-0.00358261377,0.0132902169,-0.142107107,-0.26222049,0.0347935581,0.0166604626,0.2,0.2,-0.21365422,-0.018759042,0.0262164545,0.0414977169,-0.00358261377,0.142107107,0.0347935581,0.2,0.21365422,0.0262164545,-0.0132902169,-0.26222049,0.0166604626,-0.2,-0.0414977169,0.018759042
1106,30739813,-0.15256618,0.098191388,0.113739051,-0.191626698,0.357915133,0.166750878,0.0110070873,-0.157296062,-0.728151619,0.0889413804,0.297753811,0.485630929,-0.0122052944,0.00785531104,-0.148817427,-0.286232014,0.0286332107,0.0133400702,0.204953189,0.2,-0.195630324,-0.0322117239,0.0238203049,0.0388504744,-0.0122052944,0.148817427,0.0286332107,0.204953189,0.195630324,0.0238203049,-0.00785531104,-0.286232014,0.0133400702,-0.2,-0.0388504744,0.0322117239
1107,30758496,-0.291102856,0.0773680657,0.124123015,-0.256601483,0.286093086,0.0519470684,0.138936386,-0.265987217,-0.638701558,-0.0104819378,0.236203834,0.465408504,-0.0232882285,0.00618944526,-0.144144643,-0.315470667,0.0228874469,0.00415576547,0.262521373,0.2,-0.177740312,-0.0520963876,0.0188963068,0.0372326803,-0.0232882285,0.144144643,0.0228874469,0.262521373,0.177740312,0.0188963068,-0.00618944526,-0.315470667,0.00415576547,-0.2,-0.0372326803,0.0520963876
1108,30782432,-0.416410863,0.0865391195,0.133747637,-0.292299002,0.231554091,-0.114909552,0.248361453,-0.359079212,-0.561802506,-0.0956791341,0.142482281,0.468676925,-0.0333128691,0.00692312956,-0.139813563,-0.331534551,0.0185243273,-0.00919276416,0.311762654,0.2,-0.162360501,-0.0691358268,0.0113985825,0.037494154,-0.0333128691,0.139813563,0.0185243273,0.311762654,0.162360501,0.0113985825,-0.00692312956,-0.331534551,-0.00919276416,-0.2,-0.037494154,0.0691358268
1109,30799527,-0.461487442,0.0940223485,0.145053118,-0.273238897,0.201187655,-0.267401785,0.279299349,-0.387358248,-0.51052022,-0.146909431,0.0306337643,0.485956937,-0.0369189954,0.00752178788,-0.134726097,-0.322957504,0.0160950124,-0.0213921428,0.325684707,0.2,-0.152104044,-0.0793818861,0.00245070115,0.038876555,-0.0369189954,0.134726097,0.0160950124,0.325684707,0.152104044,0.00245070115,-0.00752178788,-0.322957504,-0.0213921428,-0.2,-0.038876555,0.0793818861
1110,30821995,-0.447725624,0.0961220339,0.16419141,-0.25641945,0.201947466,-0.362562299,0.251052886,-0.390110135,-0.496865302,-0.172447652,-0.0496154875,0.519025981,-0.0358180499,0.00768976271,-0.126113866,-0.315388753,0.0161557972,-0.0290049839,0.312973799,0.2,-0.14937306,-0.0844895303,-0.003969239,0.0415220785,-0.0358180499,0.126113866,0.0161557972,0.312973799,0.14937306,-0.003969239,-0.00768976271,-0.315388753,-0.0290049839,-0.2,-0.0415220785,0.0844895303
1111,30840325,-0.407755494,0.0962715894,0.198159367,-0.26976487,0.216765046,-0.39105314,0.195364773,-0.387253165,-0.512855053,-0.176887378,-0.0825794861,0.547433078,-0.0326204395,0.00770172715,-0.110828285,-0.321394192,0.0173412037,-0.0312842512,0.287914148,0.2,-0.152571011,-0.0853774756,-0.00660635889,0.0437946463,-0.0326204395,0.110828285,0.0173412037,0.287914148,0.152571011,-0.00660635889,-0.00770172715,-0.321394192,-0.0312842512,-0.2,-0.0437946463,0.0853774756
1112,30858336,-0.349019706,0.0937216356,0.223431408,-0.290833443,0.231976792,-0.357607722,0.129710853,-0.36515674,-0.547303021,-0.159830093,-0.0761464313,0.555285156,-0.0279215765,0.00749773085,-0.0994558662,-0.33087505,0.0185581434,-0.0286086178,0.258369884,0.2,-0.159460604,-0.0819660187,-0.0060917145,0.0444228125,-0.0279215765,0.0994558662,0.0185581434,0.258369884,0.159460604,-0.0060917145,-0.00749773085,-0.33087505,-0.0286086178,-0.2,-0.0444228125,0.0819660187
1113,30885603,-0.292245775,0.114005469,0.23419933,-0.29105857,0.250243723,-0.288842022,0.0649056882,-0.302529126,-0.572470427,-0.117418155,-0.02985375,0.566066682,-0.023379662,0.0091204375,-0.0946103014,-0.330976357,0.0200194979,-0.0231073618,0.22920756,0.2,-0.164494085,-0.073483631,-0.0023883,0.0452853346,-0.023379662,0.0946103014,0.0200194979,0.22920756,0.164494085,-0.0023883,-0.0091204375,-0.330976357,-0.0231073618,-0.2,-0.0452853346,0.073483631
1114,30904045,-0.249712765,0.158977181,0.21370618,-0.27022174,0.270413846,-0.222957551,0.00982632674,-0.229421571,-0.588487446,-0.0630530119,0.0424406864,0.598770678,-0.0199770212,0.0127181745,-0.103832219,-0.321599783,0.0216331077,-0.0178366041,0.204421847,0.2,-0.167697489,-0.0626106024,0.00339525491,0.0479016542,-0.0199770212,0.103832219,0.0216331077,0.204421847,0.167697489,0.00339525491,-0.0127181745,-0.321599783,-0.0178366041,-0.2,-0.0479016542,0.0626106024
1115,30918487,-0.19378674,0.19894354,0.18371664,-0.252526313,0.285052627,-0.16076827,-0.0503355451,-0.163318768,-0.612709165,-0.0122352988,0.108662881,0.626686692,-0.0155029392,0.0159154832,-0.117327512,-0.313636841,0.0228042102,-0.0128614616,0.2,0.2,-0.172541833,-0.0524470598,0.00869303048,0.0501349354,-0.0155029392,0.117327512,0.0228042102,0.2,0.172541833,0.00869303048,-0.0159154832,-0.313636841,-0.0128614616,-0.2,-0.0501349354,0.0524470598
1116,30947870,-0.113842897,0.203123257,0.135389581,-0.217401549,0.289689511,-0.116462663,-0.102404915,-0.10454797,-0.628622115,0.0317193195,0.162018776,0.632522464,-0.00910743177,0.0162498605,-0.139074688,-0.297830697,0.0231751609,-0.00931701303,0.2,0.2,-0.175724423,-0.0436561361,0.0129615021,0.0506017971,-0.00910743177,0.139074688,0.0231751609,0.2,0.175724423,0.0129615021,-0.0162498605,-0.297830697,-0.00931701303,-0.2,-0.0506017971,0.0436561361
1117,30959959,-0.0203057807,0.167790353,0.0788276345,-0.169810727,0.277390778,-0.0951576158,-0.142588213,-0.0529913194,-0.632317543,0.0610398427,0.193418056,0.612389207,-0.00162446246,0.0134232283,-0.164527564,-0.276414827,0.0221912622,-0.00761260927,0.2,0.2,-0.176463509,-0.0377920315,0.0154734445,0.0489911366,-0.00162446246,0.164527564,0.0221912622,0.2,0.176463509,0.0154734445,-0.0134232283,-0.276414827,-0.00761260927,-0.2,-0.0489911366,0.0377920315
1118,30978814,0.0620288327,0.104944326,0.0226058755,-0.12205305,0.252106994,-0.0969823673,-0.165935114,-0.0178317204,-0.641413391,0.0644164458,0.201956302,0.571248889,0.00496230662,0.00839554608,-0.189827356,-0.254923872,0.0201685596,-0.00775858939,0.2,0.2,-0.178282678,-0.0371167108,0.0161565042,0.0456999111,0.00496230662,0.189827356,0.0201685596,0.2,0.178282678,0.0161565042,-0.00839554608,-0.254923872,-0.00775858939,-0.2,-0.0456999111,0.0371167108
1119,31000973,0.111886673,0.025086116,-0.0337959044,-0.0829002634,0.219971985,-0.123839624,-0.167545885,-0.0101075778,-0.67345947,0.0338592529,0.191226065,0.519397914,0.00895093381,0.00200688928,-0.215208157,-0.237305119,0.0175977588,-0.00990716994,0.2,0.2,-0.184691894,-0.0432281494,0.0152980852,0.0415518332,0.00895093381,0.215208157,0.0175977588,0.2,0.184691894,0.0152980852,-0.00200688928,-0.237305119,-0.00990716994,-0.2,-0.0415518332,0.0432281494
1120,31024037,0.0999089852,-0.0725881234,-0.0856644437,-0.0542697161,0.183392078,-0.186110631,-0.132758424,-0.0426938124,-0.729775488,-0.0261098463,0.144699067,0.44576478,0.00799271882,-0.00580704987,-0.238549,-0.224421372,0.0146713662,-0.0148888505,0.2,0.2,-0.195955098,-0.0552219693,0.0115759254,0.0356611824,0.00799271882,0.238549,0.0146713662,0.2,0.195955098,0.0115759254,0.00580704987,-0.224421372,-0.0148888505,-0.2,-0.0356611824,0.0552219693
1121,31039877,-0.00857340451,-0.176617652,-0.124872796,-0.0568974726,0.15634653,-0.292618215,-0.0286526401,-0.145335779,-0.792882323,-0.124435209,0.0646093413,0.347824186,-0.000685872361,-0.0141294122,-0.256192758,-0.225603863,0.0125077224,-0.0234094572,0.2,0.2,-0.208576465,-0.0748870417,0.00516874731,0.0278259349,-0.000685872361,0.256192758,0.0125077224,0.2,0.208576465,0.00516874731,0.0141294122,-0.225603863,-0.0234094572,-0.2,-0.0278259349,0.0748870417
1122,31059776,-0.203496173,-0.259135038,-0.113758959,-0.0867183506,0.13834013,-0.436630458,0.155526921,-0.319718391,-0.771576643,-0.237894699,-0.0441112965,0.255066007,-0.0162796938,-0.020730803,-0.251191531,-0.239023258,0.0110672104,-0.0349304366,0.269987115,0.2,-0.204315329,-0.0975789398,-0.00352890372,0.0204052806,-0.0162796938,0.251191531,0.0110672104,0.269987115,0.204315329,-0.00352890372,0.020730803,-0.239023258,-0.0349304366,-0.2,-0.0204052806,0.0975789398
1123,31085074,-0.383831441,-0.278728068,-0.0475402698,-0.14837715,0.119753502,-0.606963992,0.35634765,-0.479789913,-0.637146831,-0.347698689,-0.144658118,0.179675639,-0.0307065153,-0.0222982454,-0.221393121,-0.266769718,0.00958028018,-0.0485571194,0.360356443,0.2,-0.177429366,-0.119539738,-0.0115726495,0.0143740511,-0.0307065153,0.221393121,0.00958028018,0.360356443,0.177429366,-0.0115726495,0.0222982454,-0.266769718,-0.0485571194,-0.2,-0.0143740511,0.119539738
1124,31098734,-0.41998437,-0.257480264,0.0704463199,-0.2071127,0.0977845117,-0.737591803,0.463298023,-0.569873512,-0.485358387,-0.397449851,-0.229966521,0.124766037,-0.0335987496,-0.0205984211,-0.168299156,-0.293200715,0.00782276094,-0.0590073442,0.40848411,0.2,-0.147071677,-0.12948997,-0.0183973217,0.00998128295,-0.0335987496,0.168299156,0.00782276094,0.40848411,0.147071677,-0.0183973217,0.0205984211,-0.293200715,-0.0590073442,-0.2,-0.00998128295,0.12948997
1125,31120043,-0.319339544,-0.255414456,0.163432956,-0.216599867,0.0762546957,-0.768637836,0.440249622,-0.59799546,-0.443073601,-0.411151081,-0.307911545,0.107663997,-0.0255471635,-0.0204331565,-0.12645517,-0.29746994,0.00610037565,-0.0614910269,0.39811233,0.2,-0.13861472,-0.132230216,-0.0246329236,0.00861311972,-0.0255471635,0.12645517,0.00610037565,0.39811233,0.13861472,-0.0246329236,0.0204331565,-0.29746994,-0.0614910269,-0.2,-0.00861311972,0.132230216
1126,31142373,-0.200393707,-0.231326506,0.23345615,-0.204354033,0.0874949396,-0.703706086,0.305581599,-0.576310635,-0.494345486,-0.411823928,-0.339120805,0.209576905,-0.0160314965,-0.0185061204,-0.0949447326,-0.291959315,0.00699959517,-0.0562964869,0.33751172,0.2,-0.148869097,-0.132364786,-0.0271296644,0.0167661524,-0.0160314965,0.0949447326,0.00699959517,0.33751172,0.148869097,-0.0271296644,0.0185061204,-0.291959315,-0.0562964869,-0.2,-0.0167661524,0.132364786
1127,31160158,-0.184020668,-0.117620818,0.324377447,-0.269155711,0.137614444,-0.587287247,0.139266863,-0.558190942,-0.631824434,-0.424071223,-0.269544423,0.425587744,-0.0147216535,-0.00940966547,-0.0540301487,-0.32112007,0.0110091555,-0.0469829798,0.262670089,0.2,-0.176364887,-0.134814245,-0.0215635538,0.0340470195,-0.0147216535,0.0540301487,0.0110091555,0.262670089,0.176364887,-0.0215635538,0.00940966547,-0.32112007,-0.0469829798,-0.2,-0.0340470195,0.134814245
1128,31178482,-0.204973057,0.0230443384,0.36976409,-0.326813132,0.210381716,-0.446905524,-0.0133281667,-0.45962441,-0.797593176,-0.3815718,-0.115896754,0.630490959,-0.0163978446,0.00184354708,-0.0336061597,-0.347065909,0.0168305373,-0.0357524419,0.2,0.2,-0.209518635,-0.12631436,-0.00927174032,0.0504392767,-0.0163978446,0.0336061597,0.0168305373,0.2,0.209518635,-0.00927174032,-0.00184354708,-0.347065909,-0.0357524419,-0.2,-0.0504392767,0.12631436
1129,31212375,-0.174274862,0.151617751,0.365324825,-0.349406421,0.281354994,-0.267433345,-0.160102785,-0.259637535,-0.940571547,-0.267701954,0.0982551053,0.727682412,-0.0139419889,0.01212942,-0.0356038287,-0.35723289,0.0225083995,-0.0213946676,0.2,0.2,-0.23,-0.103540391,0.00786040843,0.0582145929,-0.0139419889,0.0356038287,0.0225083995,0.2,0.23,0.00786040843,-0.01212942,-0.35723289,-0.0213946676,-0.2,-0.0582145929,0.103540391
1130,31220871,-0.126230791,0.299283862,0.322590977,-0.323834658,0.35674122,-0.112022035,-0.288454741,-0.0564606972,-1.02852905,-0.119016103,0.288681179,0.771837592,-0.0100984633,0.023942709,-0.0548340604,-0.345725596,0.0285392976,-0.00896176279,0.2,0.2,-0.23,-0.0738032207,0.0230944943,0.0617470074,-0.0100984633,0.0548340604,0.0285392976,0.2,0.23,0.0230944943,-0.023942709,-0.345725596,-0.00896176279,-0.2,-0.0617470074,0.0738032207
1131,31238994,-0.0127981128,0.375285238,0.228423983,-0.251271725,0.438394845,0.00121367234,-0.390067279,0.0999857411,-1.07994652,0.0195929594,0.39305383,0.739447534,-0.00102384903,0.030022819,-0.0972092077,-0.313072276,0.0350715876,9.7093787e-05,0.2,0.244993583,-0.23,-0.0460814081,0.0314443064,0.0591558027,-0.00102384903,0.0972092077,0.0350715876,0.2,0.23,0.0314443064,-0.030022819,-0.313072276,9.7093787e-05,-0.244993583,-0.0591558027,0.0460814081
1132,31261251,0.164327145,0.333247036,0.145124123,-0.12578164,0.50613302,0.100481503,-0.466854006,0.198481113,-1.07929432,0.121618316,0.434628189,0.639786482,0.0131461716,0.0266597629,-0.134694145,-0.256601738,0.0404906416,0.00803852022,0.2,0.289316501,-0.23,-0.0256763369,0.0347702551,0.0511829185,0.0131461716,0.134694145,0.0404906416,0.2,0.23,0.0347702551,-0.0266597629,-0.256601738,0.00803852022,-0.289316501,-0.0511829185,0.0256763369
1133,31280213,0.285624176,0.180640176,0.0761737898,0.00193694094,0.5109303,0.20584777,-0.440490544,0.194490254,-1.03965187,0.197674081,0.431205928,0.540264606,0.0228499341,0.0144512141,-0.165721795,-0.199128377,0.040874424,0.0164678216,0.2,0.287520614,-0.23,-0.0104651839,0.0344964743,0.0432211685,0.0228499341,0.165721795,0.040874424,0.2,0.23,0.0344964743,-0.0144512141,-0.199128377,0.0164678216,-0.287520614,-0.0432211685,0.0104651839
1134,31319460,0.284911901,0.0101809427,-0.0144869927,0.05016011,0.437191129,0.252306521,-0.348249376,0.133379295,-1.05768859,0.145007446,0.41199404,0.489070773,0.0227929521,0.000814475417,-0.206519147,-0.177427951,0.0349752903,0.0201845217,0.2,0.260020683,-0.23,-0.0209985107,0.0329595232,0.0391256618,0.0227929521,0.206519147,0.0349752903,0.2,0.23,0.0329595232,-0.000814475417,-0.177427951,0.0201845217,-0.260020683,-0.0391256618,0.0209985107
1135,31337246,0.12313775,-0.130477011,-0.0755161718,-0.00295872078,0.349708349,0.167705014,-0.169300646,-0.00808814727,-1.09768903,-0.0276911762,0.349006414,0.445614159,0.00985101998,-0.0104381609,-0.233982277,-0.201331424,0.0279766679,0.0134164011,0.2,0.2,-0.23,-0.0555382352,0.0279205132,0.0356491327,0.00985101998,0.233982277,0.0279766679,0.2,0.23,0.0279205132,0.0104381609,-0.201331424,0.0134164011,-0.2,-0.0356491327,0.0555382352
1136,31364054,-0.216209531,-0.217069879,-0.151609957,-0.138201222,0.261170208,-0.120240875,0.0919991359,-0.243072391,-1.16194141,-0.355869532,0.228187561,0.356971473,-0.0172967625,-0.0173655903,-0.268224481,-0.26219055,0.0208936167,-0.00961926997,0.241399611,0.2,-0.23,-0.121173906,0.0182550049,0.0285577178,-0.0172967625,0.268224481,0.0208936167,0.241399611,0.23,0.0182550049,0.0173655903,-0.26219055,-0.00961926997,-0.2,-0.0285577178,0.121173906
1137,31391572,-0.593773723,-0.233270973,-0.18857339,-0.209074378,0.190943331,-0.550402284,0.385498941,-0.553129673,-1.14190316,-0.635254145,0.0380234309,0.253560901,-0.0475018978,-0.0186616778,-0.284858026,-0.29408347,0.0152754664,-0.0440321827,0.373474523,0.2,-0.23,-0.177050829,0.00304187447,0.0202848721,-0.0475018978,0.284858026,0.0152754664,0.373474523,0.23,0.00304187447,0.0186616778,-0.29408347,-0.0440321827,-0.2,-0.0202848721,0.177050829
1138,31410719,-0.709659815,-0.269469023,-0.0571474396,-0.235993907,0.13030386,-0.865813017,0.58497256,-0.702876866,-1.01480663,-0.658631027,-0.133887678,0.142283961,-0.0567727852,-0.0215575218,-0.225716348,-0.306197258,0.0104243088,-0.0692650414,0.463237652,0.2,-0.23,-0.181726205,-0.0107110143,0.0113827169,-0.0567727852,0.225716348,0.0104243088,0.463237652,0.23,-0.0107110143,0.0215575218,-0.306197258,-0.0692650414,-0.2,-0.0113827169,0.181726205
1139,31429461,-0.56468153,-0.306917936,0.0899516419,-0.188866362,0.10181579,-0.944375455,0.585241437,-0.649046481,-0.881649137,-0.532659054,-0.283283442,0.0479220636,-0.0451745224,-0.0245534348,-0.159521761,-0.284989863,0.0081452632,-0.0755500364,0.463358647,0.2,-0.226329827,-0.156531811,-0.0226626754,0.00383376509,-0.0451745224,0.159521761,0.0081452632,0.463358647,0.226329827,-0.0226626754,0.0245534348,-0.284989863,-0.0755500364,-0.2,-0.00383376509,0.156531811
1140,31452226,-0.381678432,-0.303789109,0.141267627,-0.10638421,0.117555827,-0.939722538,0.465388745,-0.561944783,-0.768535495,-0.410773247,-0.369089991,0.0596386157,-0.0305342746,-0.0243031287,-0.136429568,-0.247872895,0.00940446615,-0.075177803,0.409424935,0.2,-0.203707099,-0.132154649,-0.0295271993,0.00477108926,-0.0305342746,0.136429568,0.00940446615,0.409424935,0.203707099,-0.0295271993,0.0243031287,-0.247872895,-0.075177803,-0.2,-0.00477108926,0.132154649
1141,31475884,-0.259074807,-0.247280806,0.255551547,-0.149126157,0.149028361,-0.863708913,0.321599931,-0.585763335,-0.786580265,-0.402754933,-0.343969494,0.230100796,-0.0207259846,-0.0197824645,-0.0850018039,-0.267106771,0.0119222689,-0.0690967131,0.344719969,0.2,-0.207316053,-0.130550987,-0.0275175595,0.0184080637,-0.0207259846,0.0850018039,0.0119222689,0.344719969,0.207316053,-0.0275175595,0.0197824645,-0.267106771,-0.0690967131,-0.2,-0.0184080637,0.130550987
1142,31485319,-0.196282148,-0.164270326,0.333482653,-0.201161116,0.182608426,-0.714791119,0.155097753,-0.556960583,-0.884810388,-0.436207682,-0.25269264,0.425057828,-0.0157025719,-0.0131416261,-0.0499328062,-0.290522502,0.014608674,-0.0571832895,0.269793989,0.2,-0.226962078,-0.137241536,-0.0202154112,0.0340046263,-0.0157025719,0.0499328062,0.014608674,0.269793989,0.226962078,-0.0202154112,0.0131416261,-0.290522502,-0.0571832895,-0.2,-0.0340046263,0.137241536
1143,31515980,-0.21822834,-0.063194938,0.32871148,-0.228362486,0.202589259,-0.603399336,0.0694169402,-0.513974965,-0.974758863,-0.449826807,-0.141772255,0.588353693,-0.0174582672,-0.00505559504,-0.052079834,-0.302763119,0.0162071407,-0.0482719469,0.231237623,0.2,-0.23,-0.139965361,-0.0113417804,0.0470682955,-0.0174582672,0.052079834,0.0162071407,0.231237623,0.23,-0.0113417804,0.00505559504,-0.302763119,-0.0482719469,-0.2,-0.0470682955,0.139965361
1144,31520409,-0.305769086,0.0923903063,0.395407528,-0.299396127,0.245346099,-0.439517349,-0.00227205385,-0.418270081,-1.05092835,-0.384360194,0.0108518656,0.739459991,-0.0244615269,0.0073912245,-0.0220666125,-0.334728257,0.0196276879,-0.0351613879,0.2,0.2,-0.23,-0.126872039,0.000868149251,0.0591567993,-0.0244615269,0.0220666125,0.0196276879,0.2,0.23,0.000868149251,-0.0073912245,-0.334728257,-0.0351613879,-0.2,-0.0591567993,0.126872039
1145,31523501,-0.42622745,0.245083436,0.36515972,-0.314646006,0.288150042,-0.311567456,-0.020376211,-0.35895735,-1.11999273,-0.298299789,0.163390294,0.837778628,-0.034098196,0.0196066749,-0.0356781259,-0.341590703,0.0230520034,-0.0249253964,0.2,0.2,-0.23,-0.109659958,0.0130712235,0.0670222902,-0.034098196,0.0356781259,0.0230520034,0.2,0.23,0.0130712235,-0.0196066749,-0.341590703,-0.0249253964,-0.2,-0.0670222902,0.109659958
1146,31538437,-0.464924186,0.348151058,0.363102138,-0.314565986,0.314480752,-0.191748261,-0.0361496657,-0.276094884,-1.17319787,-0.199376434,0.238514975,0.847636461,-0.0371939349,0.0278520846,-0.0366040379,-0.341554694,0.0251584601,-0.0153398609,0.2,0.2,-0.23,-0.0898752868,0.019081198,0.0678109169,-0.0371939349,0.0366040379,0.0251584601,0.2,0.23,0.019081198,-0.0278520846,-0.341554694,-0.0153398609,-0.2,-0.0678109169,0.0898752868
1147,31561416,-0.471327275,0.419805437,0.373059034,-0.318561137,0.339844584,-0.0783473551,-0.0578342713,-0.204399154,-1.2120924,-0.0931511149,0.259609371,0.825718045,-0.037706182,0.033584435,-0.0321234345,-0.343352512,0.0271875668,-0.00626778841,0.2,0.2,-0.23,-0.068630223,0.0207687497,0.0660574436,-0.037706182,0.0321234345,0.0271875668,0.2,0.23,0.0207687497,-0.033584435,-0.343352512,-0.00626778841,-0.2,-0.0660574436,0.068630223
1148,31577332,-0.452055067,0.453368723,0.353044599,-0.308467776,0.366156429,0.00486492598,-0.0545354262,-0.15624854,-1.22137916,0.00124258373,0.250942767,0.778423011,-0.0361644053,0.0362694979,-0.0411299303,-0.338810499,0.0292925143,0.000389194079,0.2,0.2,-0.23,-0.0497514833,0.0200754213,0.0622738409,-0.0361644053,0.0411299303,0.0292925143,0.2,0.23,0.0200754213,-0.0362694979,-0.338810499,0.000389194079,-0.2,-0.0622738409,0.0497514833
1149,31603016,-0.406476706,0.44961226,0.328266919,-0.306848943,0.387753457,0.0649694502,-0.0634245947,-0.131613642,-1.21562088,0.0661425143,0.232327387,0.713137448,-0.0325181365,0.0359689808,-0.0522798866,-0.338082024,0.0310202765,0.00519755602,0.2,0.2,-0.23,-0.0367714971,0.0185861909,0.0570509958,-0.0325181365,0.0522798866,0.0310202765,0.2,0.23,0.0185861909,-0.0359689808,-0.338082024,0.00519755602,-0.2,-0.0570509958,0.0367714971
1150,31618711,-0.387777209,0.422093272,0.30001542,-0.30978331,0.397258967,0.102035932,-0.0292952396,-0.150507525,-1.18345189,0.106891684,0.225269929,0.677232325,-0.0310221767,0.0337674618,-0.0649930611,-0.339402489,0.0317807174,0.00816287458,0.2,0.2,-0.23,-0.0286216632,0.0180215943,0.054178586,-0.0310221767,0.0649930611,0.0317807174,0.2,0.23,0.0180215943,-0.0337674618,-0.339402489,0.00816287458,-0.2,-0.054178586,0.0286216632
1151,31640356,-0.426483005,0.379798234,0.276972741,-0.306892902,0.385610461,0.121618472,0.0512280278,-0.202796966,-1.11121261,0.118601717,0.217311472,0.674725294,-0.0341186404,0.0303838587,-0.0753622666,-0.338101806,0.0308488369,0.00972947776,0.223052613,0.2,-0.23,-0.0262796566,0.0173849177,0.0539780235,-0.0341186404,0.0753622666,0.0308488369,0.223052613,0.23,0.0173849177,-0.0303838587,-0.338101806,0.00972947776,-0.2,-0.0539780235,0.0262796566
1152,31661908,-0.486855686,0.340418041,0.275192499,-0.321914941,0.356355846,0.127833173,0.138619989,-0.250334173,-1.02228785,0.100988172,0.200509474,0.688661516,-0.0389484549,0.0272334433,-0.0761633754,-0.344861723,0.0285084677,0.0102266538,0.262378995,0.2,-0.23,-0.0298023656,0.0160407579,0.0550929213,-0.0389484549,0.0761633754,0.0285084677,0.262378995,0.23,0.0160407579,-0.0272334433,-0.344861723,0.0102266538,-0.2,-0.0550929213,0.0298023656
1153,31680689,-0.526540458,0.310787171,0.268812418,-0.336732835,0.325583279,0.111210346,0.179056332,-0.276162773,-0.944928885,0.0616744161,0.17856051,0.698781192,-0.0421232367,0.0248629737,-0.0790344119,-0.351529776,0.0260466623,0.0088968277,0.280575349,0.2,-0.23,-0.0376651168,0.0142848408,0.0559024954,-0.0421232367,0.0790344119,0.0260466623,0.280575349,0.23,0.0142848408,-0.0248629737,-0.351529776,0.0088968277,-0.2,-0.0559024954,0.0376651168
1154,31699667,-0.541153312,0.297872841,0.264926761,-0.353021771,0.303257495,0.0777181089,0.187004894,-0.289381713,-0.899162114,0.0229134802,0.159212187,0.707221806,-0.0432922649,0.0238298273,-0.0807829574,-0.358859797,0.0242605996,0.00621744871,0.284152202,0.2,-0.229832423,-0.045417304,0.012736975,0.0565777445,-0.0432922649,0.0807829574,0.0242605996,0.284152202,0.229832423,0.012736975,-0.0238298273,-0.358859797,0.00621744871,-0.2,-0.0565777445,0.045417304
1155,31718723,-0.537659585,0.300688565,0.265674919,-0.374624431,0.289487869,0.0429197401,0.182228222,-0.302915275,-0.886390269,-0.00512223411,0.146320492,0.712529182,-0.0430127668,0.0240550852,-0.0804462865,-0.368580994,0.0231590295,0.00343357921,0.2820027,0.2,-0.227278054,-0.0510244468,0.0117056394,0.0570023346,-0.0430127668,0.0804462865,0.0231590295,0.2820027,0.227278054,0.0117056394,-0.0240550852,-0.368580994,0.00343357921,-0.2,-0.0570023346,0.0510244468
1156,31741172,-0.524162054,0.312121302,0.266283542,-0.389185935,0.281287819,0.0157208554,0.173979118,-0.31160146,-0.888474643,-0.0194058772,0.145772606,0.724372208,-0.0419329643,0.0249697042,-0.0801724061,-0.375133671,0.0225030255,0.00125766844,0.278290603,0.2,-0.227694929,-0.0538811754,0.0116618085,0.0579497766,-0.0419329643,0.0801724061,0.0225030255,0.278290603,0.227694929,0.0116618085,-0.0249697042,-0.375133671,0.00125766844,-0.2,-0.0579497766,0.0538811754
1157,31769770,-0.513978899,0.330658197,0.270709395,-0.389723688,0.274787128,0.00178898172,0.166647434,-0.306201011,-0.892322183,-0.0214387383,0.153468266,0.745484769,-0.0411183119,0.0264526558,-0.0781807721,-0.37537566,0.0219829702,0.000143118538,0.274991345,0.2,-0.228464437,-0.0542877477,0.0122774613,0.0596387815,-0.0411183119,0.0781807721,0.0219829702,0.274991345,0.228464437,0.0122774613,-0.0264526558,-0.37537566,0.000143118538,-0.2,-0.0596387815,0.0542877477
1158,31779762,-0.506820023,0.350182176,0.275705367,-0.386017025,0.272813171,-0.000990827568,0.155965164,-0.291025251,-0.897235394,-0.0146400854,0.162614882,0.769349933,-0.0405456018,0.0280145741,-0.0759325847,-0.373707661,0.0218250537,-7.92662054e-05,0.270184324,0.2,-0.229447079,-0.0529280171,0.0130091906,0.0615479946,-0.0405456018,0.0759325847,0.0218250537,0.270184324,0.229447079,0.0130091906,-0.0280145741,-0.373707661,-7.92662054e-05,-0.2,-0.0615479946,0.0529280171
1159,31801841,-0.495004624,0.357545406,0.273419231,-0.377938181,0.27276361,-0.00171380513,0.142104939,-0.273930252,-0.901461363,-0.00170389609,0.167739451,0.782860041,-0.0396003699,0.0286036325,-0.076961346,-0.370072182,0.0218210888,-0.000137104411,0.263947222,0.2,-0.23,-0.0503407792,0.0134191561,0.0626288033,-0.0396003699,0.076961346,0.0218210888,0.263947222,0.23,0.0134191561,-0.0286036325,-0.370072182,-0.000137104411,-0.2,-0.0626288033,0.0503407792
1160,31821586,-0.478240252,0.355145276,0.268153399,-0.377449632,0.271511316,-0.00136802136,0.129434839,-0.264902413,-0.909546494,0.01125219,0.1685009,0.78302443,-0.0382592201,0.028411622,-0.0793309703,-0.369852334,0.0217209053,-0.000109441709,0.258245678,0.2,-0.23,-0.047749562,0.013480072,0.0626419544,-0.0382592201,0.0793309703,0.0217209053,0.258245678,0.23,0.013480072,-0.028411622,-0.369852334,-0.000109441709,-0.2,-0.0626419544,0.047749562
1161,31838481,-0.464524567,0.346289098,0.259848416,-0.378415704,0.268602878,-0.00522849848,0.125633731,-0.266309291,-0.916497648,0.0208015591,0.167833477,0.77664417,-0.0371619654,0.0277031279,-0.0830682129,-0.370287067,0.0214882302,-0.000418279879,0.256535179,0.2,-0.23,-0.0458396882,0.0134266782,0.0621315336,-0.0371619654,0.0830682129,0.0214882302,0.256535179,0.23,0.0134266782,-0.0277031279,-0.370287067,-0.000418279879,-0.2,-0.0621315336,0.0458396882
1162,31861289,-0.457285672,0.3366777,0.252794862,-0.381211698,0.264166236,-0.0115654124,0.131876126,-0.273701757,-0.924120724,0.0243628938,0.16735746,0.769076109,-0.0365828538,0.026934216,-0.0862423122,-0.371545264,0.0211332989,-0.000925232992,0.259344257,0.2,-0.23,-0.0451274212,0.0133885968,0.0615260887,-0.0365828538,0.0862423122,0.0211332989,0.259344257,0.23,0.0133885968,-0.026934216,-0.371545264,-0.000925232992,-0.2,-0.0615260887,0.0451274212
1163,31880689,-0.455117136,0.324855775,0.246659502,-0.378281593,0.259410173,-0.0232872162,0.140370011,-0.280956775,-0.928596854,0.0242182612,0.161434457,0.76314342,-0.0364093709,0.025988462,-0.0890032239,-0.370226717,0.0207528138,-0.0018629773,0.263166505,0.2,-0.23,-0.0451563478,0.0129147565,0.0610514736,-0.0364093709,0.0890032239,0.0207528138,0.263166505,0.23,0.0129147565,-0.025988462,-0.370226717,-0.0018629773,-0.2,-0.0610514736,0.0451563478
1164,31902445,-0.454962015,0.311242938,0.242008045,-0.372163624,0.254645288,-0.0385399759,0.147053346,-0.286794335,-0.926793694,0.0219996478,0.151508659,0.75722909,-0.0363969612,0.024899435,-0.0910963796,-0.367473631,0.020371623,-0.00308319807,0.266174006,0.2,-0.23,-0.0456000704,0.0121206927,0.0605783272,-0.0363969612,0.0910963796,0.020371623,0.266174006,0.23,0.0121206927,-0.024899435,-0.367473631,-0.00308319807,-0.2,-0.0605783272,0.0456000704
1165,31920037,-0.451060772,0.296631396,0.237239644,-0.367303908,0.2497219,-0.0573664531,0.147353783,-0.291955233,-0.922390461,0.0168632437,0.139350027,0.7485829,-0.0360848618,0.0237305117,-0.0932421602,-0.365286759,0.019977752,-0.00458931625,0.266309202,0.2,-0.23,-0.0466273513,0.0111480021,0.059886632,-0.0360848618,0.0932421602,0.019977752,0.266309202,0.23,0.0111480021,-0.0237305117,-0.365286759,-0.00458931625,-0.2,-0.059886632,0.0466273513
1166,31940347,-0.440407068,0.280026019,0.230872259,-0.364578635,0.244784072,-0.0791628063,0.144054785,-0.297126263,-0.915170968,0.0110645434,0.125198871,0.734946311,-0.0352325654,0.0224020815,-0.0961074837,-0.364060386,0.0195827258,-0.0063330245,0.264824653,0.2,-0.23,-0.0477870913,0.0100159097,0.0587957048,-0.0352325654,0.0961074837,0.0195827258,0.264824653,0.23,0.0100159097,-0.0224020815,-0.364060386,-0.0063330245,-0.2,-0.0587957048,0.0477870913
1167,31959913,-0.421361983,0.262280434,0.222808704,-0.366119027,0.239810646,-0.101913258,0.137854099,-0.302104443,-0.909031808,0.00521292863,0.113766544,0.717173576,-0.0337089586,0.0209824347,-0.0997360833,-0.364753562,0.0191848516,-0.00815306067,0.262034345,0.2,-0.23,-0.0489574143,0.00910132349,0.0573738861,-0.0337089586,0.0997360833,0.0191848516,0.262034345,0.23,0.00910132349,-0.0209824347,-0.364753562,-0.00815306067,-0.2,-0.0573738861,0.0489574143
1168,31980721,-0.3967942,0.243630886,0.213543177,-0.361310542,0.235308185,-0.12416885,0.13107574,-0.301110119,-0.899569929,0.00158299087,0.102763869,0.697366297,-0.031743536,0.0194904709,-0.103905571,-0.362589744,0.0188246548,-0.00993350804,0.258984083,0.2,-0.229913986,-0.0496834018,0.00822110951,0.0557893038,-0.031743536,0.103905571,0.0188246548,0.258984083,0.229913986,0.00822110951,-0.0194904709,-0.362589744,-0.00993350804,-0.2,-0.0557893038,0.0496834018
1169,32005039,-0.371153057,0.224653453,0.203047127,-0.348814517,0.230781749,-0.144607365,0.124287046,-0.294980943,-0.879751444,0.00151252188,0.0928539112,0.680832267,-0.0296922445,0.0179722762,-0.108628793,-0.356966533,0.0184625399,-0.0115685892,0.255929171,0.2,-0.225950289,-0.0496974956,0.0074283129,0.0544665813,-0.0296922445,0.108628793,0.0184625399,0.255929171,0.225950289,0.0074283129,-0.0179722762,-0.356966533,-0.0115685892,-0.2,-0.0544665813,0.0496974956
1170,32022805,-0.347230703,0.208031267,0.19172965,-0.336389303,0.225795001,-0.163830653,0.115467273,-0.287883729,-0.854378402,0.00153861823,0.0852636918,0.670609832,-0.0277784562,0.0166425014,-0.113721658,-0.351375186,0.0180636001,-0.0131064522,0.251960273,0.2,-0.22087568,-0.0496922764,0.00682109535,0.0536487865,-0.0277784562,0.113721658,0.0180636001,0.251960273,0.22087568,0.00682109535,-0.0166425014,-0.351375186,-0.0131064522,-0.2,-0.0536487865,0.0496922764
1171,32038350,-0.324763209,0.192077234,0.180979401,-0.323540568,0.221080065,-0.181703657,0.106601521,-0.280066669,-0.823204398,0.0020540345,0.0783403888,0.662677526,-0.0259810567,0.0153661788,-0.11855927,-0.345593256,0.0176864052,-0.0145362926,0.247970685,0.2,-0.21464088,-0.0495891931,0.00626723111,0.0530142021,-0.0259810567,0.11855927,0.0176864052,0.247970685,0.21464088,0.00626723111,-0.0153661788,-0.345593256,-0.0145362926,-0.2,-0.0530142021,0.0495891931
1172,32060560,-0.303140283,0.176992148,0.170664087,-0.312666297,0.216454595,-0.197494939,0.0973385125,-0.272185624,-0.790666819,0.0020131378,0.07212203,0.655941129,-0.0242512226,0.0141593719,-0.123201161,-0.340699834,0.0173163676,-0.0157995951,0.243802331,0.2,-0.208133364,-0.0495973724,0.0057697624,0.0524752903,-0.0242512226,0.123201161,0.0173163676,0.243802331,0.208133364,0.0057697624,-0.0141593719,-0.340699834,-0.0157995951,-0.2,-0.0524752903,0.0495973724
1173,32079059,-0.289535791,0.162378117,0.162272289,-0.298225105,0.212457091,-0.212321147,0.095266439,-0.267355472,-0.748436272,0.00276481966,0.064799808,0.652463019,-0.0231628633,0.0129902494,-0.12697747,-0.334201297,0.0169965672,-0.0169856918,0.242869898,0.2,-0.199687254,-0.0494470361,0.00518398464,0.0521970415,-0.0231628633,0.12697747,0.0169965672,0.242869898,0.199687254,0.00518398464,-0.0129902494,-0.334201297,-0.0169856918,-0.2,-0.0521970415,0.0494470361
1174,32114685,-0.282738656,0.150072142,0.155535474,-0.282629877,0.209537625,-0.225939393,0.0964104384,-0.265818805,-0.695658684,0.00212046853,0.0568789877,0.649414122,-0.0226190925,0.0120057714,-0.130009037,-0.327183445,0.01676301,-0.0180751514,0.243384697,0.2,-0.189131737,-0.0495759063,0.00455031902,0.0519531298,-0.0226190925,0.130009037,0.01676301,0.243384697,0.189131737,0.00455031902,-0.0120057714,-0.327183445,-0.0180751514,-0.2,-0.0519531298,0.0495759063
1175,32118921,-0.279875576,0.136156335,0.150705725,-0.2672351,0.206219524,-0.239793435,0.101159297,-0.267471582,-0.635044873,-0.000922908599,0.0467176922,0.641973853,-0.0223900461,0.0108925068,-0.132182424,-0.320255795,0.0164975619,-0.0191834748,0.245521684,0.2,-0.177008975,-0.0501845817,0.00373741537,0.0513579082,-0.0223900461,0.132182424,0.0164975619,0.245521684,0.177008975,0.00373741537,-0.0108925068,-0.320255795,-0.0191834748,-0.2,-0.0513579082,0.0501845817
1176,32139457,-0.275417984,0.122538671,0.146373481,-0.253935486,0.20226489,-0.254069954,0.102571413,-0.268166453,-0.572717428,-0.00645496789,0.0361910425,0.629178822,-0.0220334387,0.00980309367,-0.134131934,-0.314270969,0.0161811912,-0.0203255963,0.246157136,0.2,-0.164543486,-0.0512909936,0.0028952834,0.0503343058,-0.0220334387,0.134131934,0.0161811912,0.246157136,0.164543486,0.0028952834,-0.00980309367,-0.314270969,-0.0203255963,-0.2,-0.0503343058,0.0512909936
1177,32168337,-0.270763397,0.106732465,0.139867947,-0.244360477,0.195295945,-0.271079987,0.106307618,-0.271838784,-0.519000649,-0.0172452796,0.0267285667,0.612682521,-0.0216610718,0.00853859723,-0.137059424,-0.309962215,0.0156236756,-0.021686399,0.247838428,0.2,-0.15380013,-0.0534490559,0.00213828534,0.0490146017,-0.0216610718,0.137059424,0.0156236756,0.247838428,0.15380013,0.00213828534,-0.00853859723,-0.309962215,-0.021686399,-0.2,-0.0490146017,0.0534490559
1178,32180224,-0.267846107,0.0908755213,0.130337656,-0.237006843,0.186538249,-0.292255551,0.114724882,-0.281408817,-0.47500959,-0.0323154703,0.015802756,0.594403028,-0.0214276886,0.0072700417,-0.141348055,-0.306653079,0.0149230599,-0.023380444,0.251626197,0.2,-0.145001918,-0.0564630941,0.00126422048,0.0475522423,-0.0214276886,0.141348055,0.0149230599,0.251626197,0.145001918,0.00126422048,-0.0072700417,-0.306653079,-0.023380444,-0.2,-0.0475522423,0.0564630941
1179,32199411,-0.264670491,0.0748615935,0.121622935,-0.226089388,0.177391097,-0.320067674,0.121345438,-0.290149868,-0.441697627,-0.0511018522,0.0049722488,0.575918078,-0.0211736393,0.00598892748,-0.145269679,-0.301740225,0.0141912878,-0.0256054139,0.254605447,0.2,-0.138339525,-0.0602203704,0.000397779904,0.0460734463,-0.0211736393,0.145269679,0.0141912878,0.254605447,0.138339525,0.000397779904,-0.00598892748,-0.301740225,-0.0256054139,-0.2,-0.0460734463,0.0602203704
1180,32219541,-0.26754263,0.0582323894,0.109512016,-0.208620355,0.166593909,-0.357053012,0.136111125,-0.299795508,-0.41341269,-0.0696155801,-0.00977869332,0.558002353,-0.0214034104,0.00465859115,-0.150719593,-0.29387916,0.0133275127,-0.0285642409,0.261250006,0.2,-0.132682538,-0.063923116,-0.000782295465,0.0446401882,-0.0214034104,0.150719593,0.0133275127,0.261250006,0.132682538,-0.000782295465,-0.00465859115,-0.29387916,-0.0285642409,-0.2,-0.0446401882,0.063923116
1181,32239769,-0.269649446,0.0390907489,0.0978461429,-0.195539132,0.15495871,-0.399000764,0.150543571,-0.314167261,-0.392872989,-0.092152983,-0.0269888118,0.534440458,-0.0215719557,0.00312725991,-0.155969236,-0.287992609,0.0123966968,-0.0319200611,0.267744607,0.2,-0.128574598,-0.0684305966,-0.00215910494,0.0427552366,-0.0215719557,0.155969236,0.0123966968,0.267744607,0.128574598,-0.00215910494,-0.00312725991,-0.287992609,-0.0319200611,-0.2,-0.0427552366,0.0684305966
1182,32258872,-0.264641494,0.0132898176,0.0892703608,-0.185418814,0.142979234,-0.442541391,0.160916537,-0.330916017,-0.381954432,-0.117757276,-0.0469745658,0.498682171,-0.0211713195,0.00106318541,-0.159828338,-0.283438466,0.0114383388,-0.0354033113,0.272412442,0.2,-0.126390886,-0.0735514551,-0.00375796527,0.0398945737,-0.0211713195,0.159828338,0.0114383388,0.272412442,0.126390886,-0.00375796527,-0.00106318541,-0.283438466,-0.0354033113,-0.2,-0.0398945737,0.0735514551
1183,32282375,-0.258407146,-0.0165185034,0.0819352716,-0.176059335,0.129824042,-0.487082392,0.175926104,-0.349690109,-0.375223905,-0.14480938,-0.069765754,0.453040302,-0.0206725717,-0.00132148027,-0.163129128,-0.279226701,0.0103859234,-0.0389665914,0.279166747,0.2,-0.125044781,-0.078961876,-0.00558126032,0.0362432241,-0.0206725717,0.163129128,0.0103859234,0.279166747,0.125044781,-0.00558126032,0.00132148027,-0.279226701,-0.0389665914,-0.2,-0.0362432241,0.078961876
1184,32298413,-0.254552245,-0.0440509506,0.0794992223,-0.167643145,0.118731111,-0.528016329,0.194018424,-0.371052682,-0.362158626,-0.170912236,-0.0902806744,0.406302094,-0.0203641796,-0.00352407604,-0.16422535,-0.275439415,0.0094984889,-0.0422413063,0.287308291,0.2,-0.122431725,-0.0841824472,-0.00722245395,0.0325041676,-0.0203641796,0.16422535,0.0094984889,0.287308291,0.122431725,-0.00722245395,0.00352407604,-0.275439415,-0.0422413063,-0.2,-0.0325041676,0.0841824472
1185,32319707,-0.255684406,-0.0640201569,0.0831060931,-0.162369534,0.111513108,-0.566732287,0.21083872,-0.394542187,-0.346868783,-0.198161602,-0.10829258,0.365855157,-0.0204547524,-0.00512161255,-0.162602258,-0.27306629,0.00892104864,-0.045338583,0.294877424,0.2,-0.119373757,-0.0896323204,-0.00866340637,0.0292684126,-0.0204547524,0.162602258,0.00892104864,0.294877424,0.119373757,-0.00866340637,0.00512161255,-0.27306629,-0.045338583,-0.2,-0.0292684126,0.0896323204
1186,32341735,-0.259180278,-0.0807814375,0.0933217928,-0.166828886,0.106737398,-0.598221779,0.227637187,-0.424413562,-0.342183888,-0.230047241,-0.126204953,0.331885457,-0.0207344222,-0.006462515,-0.158005193,-0.275072999,0.00853899181,-0.0478577423,0.302436734,0.2,-0.118436778,-0.0960094482,-0.0100963962,0.0265508366,-0.0207344222,0.158005193,0.00853899181,0.302436734,0.118436778,-0.0100963962,0.006462515,-0.275072999,-0.0478577423,-0.2,-0.0265508366,0.0960094482
1187,32360385,-0.256072372,-0.0924571976,0.11020197,-0.18034336,0.102734789,-0.614128292,0.234483197,-0.453709036,-0.353830755,-0.264496952,-0.140993595,0.306023806,-0.0204857898,-0.00739657581,-0.150409114,-0.281154512,0.00821878314,-0.0491302633,0.305517439,0.2,-0.120766151,-0.10289939,-0.0112794876,0.0244819045,-0.0204857898,0.150409114,0.00821878314,0.305517439,0.120766151,-0.0112794876,0.00739657581,-0.281154512,-0.0491302633,-0.2,-0.0244819045,0.10289939
1188,32380266,-0.252174526,-0.0926212594,0.130194396,-0.19071649,0.101956308,-0.617857158,0.230635941,-0.473128051,-0.375693262,-0.29179728,-0.149329633,0.301405787,-0.0201739621,-0.00740970075,-0.141412522,-0.285822421,0.00815650463,-0.0494285727,0.303786173,0.2,-0.125138652,-0.108359456,-0.0119463706,0.024112463,-0.0201739621,0.141412522,0.00815650463,0.303786173,0.125138652,-0.0119463706,0.00740970075,-0.285822421,-0.0494285727,-0.2,-0.024112463,0.108359456
1189,32401059,-0.242505267,-0.0796895698,0.157984138,-0.196038514,0.110340714,-0.599943876,0.20927085,-0.468622684,-0.397399724,-0.300574213,-0.15553546,0.321378678,-0.0194004214,-0.00637516558,-0.128907138,-0.288217331,0.00882725716,-0.0479955101,0.294171882,0.2,-0.129479945,-0.110114843,-0.0124428368,0.0257102942,-0.0194004214,0.128907138,0.00882725716,0.294171882,0.129479945,-0.0124428368,0.00637516558,-0.288217331,-0.0479955101,-0.2,-0.0257102942,0.110114843
1190,32427917,-0.223634437,-0.050022129,0.185175702,-0.208087072,0.127199277,-0.556280732,0.156261787,-0.439582765,-0.432441831,-0.296359807,-0.147314087,0.370289505,-0.0178907549,-0.00400177032,-0.116670934,-0.293639182,0.0101759422,-0.0445024586,0.270317804,0.2,-0.136488366,-0.109271961,-0.0117851269,0.0296231604,-0.0178907549,0.116670934,0.0101759422,0.270317804,0.136488366,-0.0117851269,0.00400177032,-0.293639182,-0.0445024586,-0.2,-0.0296231604,0.109271961
1191,32439526,-0.197935328,-0.00801617,0.20198983,-0.221491739,0.150350302,-0.491158873,0.080442518,-0.382632494,-0.48690635,-0.273848772,-0.120183118,0.435019881,-0.0158348262,-0.0006412936,-0.109104577,-0.299671283,0.0120280242,-0.0392927098,0.236199133,0.2,-0.14738127,-0.104769754,-0.00961464942,0.0348015904,-0.0158348262,0.109104577,0.0120280242,0.236199133,0.14738127,-0.00961464942,0.0006412936,-0.299671283,-0.0392927098,-0.2,-0.0348015904,0.104769754
1192,32458923,-0.161811784,0.0382125825,0.203955874,-0.227703199,0.182288125,-0.407976419,-0.00409085955,-0.296832979,-0.546336174,-0.219033539,-0.0752841011,0.501063466,-0.0129449427,0.0030570066,-0.108219857,-0.302466439,0.01458305,-0.0326381135,0.2,0.2,-0.159267235,-0.0938067079,-0.00602272809,0.0400850773,-0.0129449427,0.108219857,0.01458305,0.2,0.159267235,-0.00602272809,-0.0030570066,-0.302466439,-0.0326381135,-0.2,-0.0400850773,0.0938067079
1193,32480043,-0.111773536,0.0849576145,0.176106408,-0.209227577,0.220110804,-0.320024192,-0.0867747068,-0.189655617,-0.58956635,-0.135298312,-0.00525819743,0.562128603,-0.00894188285,0.00679660916,-0.120752116,-0.29415241,0.0176088643,-0.0256019354,0.2,0.2,-0.16791327,-0.0770596623,-0.000420655794,0.0449702883,-0.00894188285,0.120752116,0.0176088643,0.2,0.16791327,-0.000420655794,-0.00679660916,-0.29415241,-0.0256019354,-0.2,-0.0449702883,0.0770596623
1194,32502931,-0.0330155492,0.124125518,0.138433725,-0.184949532,0.255381048,-0.227157861,-0.165843487,-0.0755399093,-0.618852675,-0.0454341508,0.0838236213,0.598748863,-0.00264124393,0.00993004143,-0.137704824,-0.283227289,0.0204304838,-0.0181726289,0.2,0.2,-0.173770535,-0.0590868302,0.0067058897,0.047899909,-0.00264124393,0.137704824,0.0204304838,0.2,0.173770535,0.0067058897,-0.00993004143,-0.283227289,-0.0181726289,-0.2,-0.047899909,0.0590868302
1195,32520236,0.0825693831,0.128002912,0.0738033354,-0.132021874,0.280222148,-0.152926773,-0.240001529,0.024902219,-0.642146409,0.0241580047,0.168280602,0.590528548,0.00660555065,0.0102402329,-0.166788499,-0.259409843,0.0224177718,-0.0122341418,0.2,0.211205999,-0.178429282,-0.0451683991,0.0134624481,0.0472422838,0.00660555065,0.166788499,0.0224177718,0.2,0.178429282,0.0134624481,-0.0102402329,-0.259409843,-0.0122341418,-0.211205999,-0.0472422838,0.0451683991
1196,32542097,0.220954791,0.0818655416,0.00107794278,-0.0530608408,0.287460625,-0.0998001769,-0.309038162,0.106960446,-0.670780301,0.0608067624,0.230488732,0.54517895,0.0176763833,0.00654924333,-0.199514926,-0.223877378,0.02299685,-0.00798401415,0.2,0.248132201,-0.18415606,-0.0378386475,0.0184390986,0.043614316,0.0176763833,0.199514926,0.02299685,0.2,0.18415606,0.0184390986,-0.00654924333,-0.223877378,-0.00798401415,-0.248132201,-0.043614316,0.0378386475
1197,32561051,0.323474139,-0.0132861128,-0.082766138,0.0341373757,0.268982083,-0.0796720013,-0.343330979,0.143972859,-0.727285564,0.0458928086,0.268779695,0.485473633,0.0258779311,-0.00106288902,-0.237244762,-0.184638181,0.0215185666,-0.0063737601,0.2,0.264787786,-0.195457113,-0.0408214383,0.0215023756,0.0388378906,0.0258779311,0.237244762,0.0215185666,0.2,0.195457113,0.0215023756,0.00106288902,-0.184638181,-0.0063737601,-0.264787786,-0.0388378906,0.0408214383
1198,32580894,0.292113811,-0.121137485,-0.159082085,0.0550979637,0.2442265,-0.121791407,-0.279114038,0.100488558,-0.840481699,-0.0606450215,0.280195266,0.408828229,0.0233691049,-0.00969099879,-0.271586938,-0.175205916,0.01953812,-0.0097433126,0.2,0.245219851,-0.21809634,-0.0621290043,0.0224156213,0.0327062583,0.0233691049,0.271586938,0.01953812,0.2,0.21809634,0.0224156213,0.00969099879,-0.175205916,-0.0097433126,-0.245219851,-0.0327062583,0.0621290043
1199,32599403,0.0423112363,-0.223658144,-0.234320551,0.0298274495,0.223151788,-0.270901382,-0.0765312761,-0.0668950751,-0.965598583,-0.243650928,0.215717331,0.304149389,0.0033848989,-0.0178926516,-0.305444248,-0.186577648,0.017852143,-0.0216721106,0.2,0.2,-0.23,-0.0987301856,0.0172573864,0.0243319511,0.0033848989,0.305444248,0.017852143,0.2,0.23,0.0172573864,0.0178926516,-0.186577648,-0.0216721106,-0.2,-0.0243319511,0.0987301856
1200,32620908,-0.332846522,-0.292705089,-0.279579848,-0.0522808135,0.200745717,-0.550199509,0.208694845,-0.355824649,-0.99612993,-0.501512706,0.0745236874,0.188218713,-0.0266277218,-0.0234164071,-0.325810932,-0.223526366,0.0160596573,-0.0440159607,0.29391268,0.2,-0.23,-0.150302541,0.00596189499,0.015057497,-0.0266277218,0.325810932,0.0160596573,0.29391268,0.23,0.00596189499,0.0234164071,-0.223526366,-0.0440159607,-0.2,-0.015057497,0.150302541
1201,32643297,-0.621747017,-0.333667576,-0.217893943,-0.150230542,0.173989311,-0.859327972,0.483475864,-0.612091482,-0.884502351,-0.660651505,-0.0856444836,0.0477248318,-0.0497397614,-0.0266934061,-0.298052274,-0.267603744,0.0139191449,-0.0687462378,0.417564139,0.2,-0.22690047,-0.182130301,-0.00685155869,0.00381798655,-0.0497397614,0.298052274,0.0139191449,0.417564139,0.22690047,-0.00685155869,0.0266934061,-0.267603744,-0.0687462378,-0.2,-0.00381798655,0.182130301
1202,32659762,-0.638044238,-0.365383387,-0.0264067799,-0.203960434,0.124491438,-1.03851557,0.614577115,-0.708521366,-0.734442592,-0.635168731,-0.225935057,-0.0909114331,-0.051043539,-0.0292306709,-0.211883051,-0.291782195,0.00995931506,-0.0830812454,0.476559702,0.2,-0.196888518,-0.177033746,-0.0180748045,-0.00727291465,-0.051043539,0.211883051,0.00995931506,0.476559702,0.196888518,-0.0180748045,0.0292306709,-0.291782195,-0.0830812454,-0.2,0.00727291465,0.177033746
1203,32682820,-0.43588388,-0.383562118,0.144474253,-0.170278683,0.0769432858,-1.05877411,0.562550545,-0.666766405,-0.624905169,-0.517271459,-0.357945144,-0.16252093,-0.0348707104,-0.0306849694,-0.134986586,-0.276625407,0.00615546286,-0.0847019291,0.453147745,0.2,-0.174981034,-0.153454292,-0.0286356115,-0.0130016744,-0.0348707104,0.134986586,0.00615546286,0.453147745,0.174981034,-0.0286356115,0.0306849694,-0.276625407,-0.0847019291,-0.2,0.0130016744,0.153454292
1204,32700238,-0.185542241,-0.368232191,0.243701071,-0.132998616,0.0618908592,-0.961232722,0.378982902,-0.615682364,-0.619700074,-0.456860214,-0.401255488,-0.0362495072,-0.0148433793,-0.0294585752,-0.0903345183,-0.259849377,0.00495126873,-0.0768986177,0.370542306,0.2,-0.173940015,-0.141372043,-0.0321004391,-0.00289996058,-0.0148433793,0.0903345183,0.00495126873,0.370542306,0.173940015,-0.0321004391,0.0294585752,-0.259849377,-0.0768986177,-0.2,0.00289996058,0.141372043
1205,32718458,-0.0838802904,-0.251635551,0.357113719,-0.205714777,0.0799840465,-0.763581634,0.143812105,-0.608232856,-0.798664033,-0.505081773,-0.316592574,0.23627995,-0.00671042323,-0.0201308441,-0.0392988265,-0.29257165,0.00639872372,-0.0610865307,0.264715447,0.2,-0.209732807,-0.151016355,-0.0253274059,0.018902396,-0.00671042323,0.0392988265,0.00639872372,0.264715447,0.209732807,-0.0253274059,0.0201308441,-0.29257165,-0.0610865307,-0.2,-0.018902396,0.151016355
1206,32741569,-0.0891864002,-0.0788553208,0.394077748,-0.287807256,0.118267454,-0.581686378,-0.0423026904,-0.529614151,-1.00757539,-0.517665148,-0.158557639,0.518178761,-0.00713491201,-0.00630842566,-0.0226650134,-0.329513265,0.00946139634,-0.0465349102,0.2,0.2,-0.23,-0.15353303,-0.0126846111,0.0414543009,-0.00713491201,0.0226650134,0.00946139634,0.2,0.23,-0.0126846111,0.00630842566,-0.329513265,-0.0465349102,-0.2,-0.0414543009,0.15353303
1207,32760412,-0.147657454,0.0972112417,0.408414006,-0.348866612,0.193105549,-0.37888366,-0.162716702,-0.347542375,-1.18561018,-0.411637336,0.0826566964,0.736863434,-0.0118125963,0.00777689934,-0.0162136972,-0.356989975,0.0154484439,-0.0303106928,0.2,0.2,-0.23,-0.132327467,0.00661253572,0.0589490747,-0.0118125963,0.0162136972,0.0154484439,0.2,0.23,0.00661253572,-0.00777689934,-0.356989975,-0.0303106928,-0.2,-0.0589490747,0.132327467
1208,32778701,-0.214682102,0.26057291,0.3893103,-0.344705582,0.280798793,-0.19412002,-0.239190102,-0.166264459,-1.28251457,-0.262630373,0.284156889,0.845834196,-0.0171745682,0.0208458328,-0.0248103648,-0.355117512,0.0224639034,-0.0155296016,0.2,0.2,-0.23,-0.102526075,0.0227325511,0.0676667356,-0.0171745682,0.0248103648,0.0224639034,0.2,0.23,0.0227325511,-0.0208458328,-0.355117512,-0.0155296016,-0.2,-0.0676667356,0.102526075
1209,32799941,-0.244922653,0.381321758,0.367923915,-0.306657553,0.383127958,-0.0353693441,-0.27565378,-0.0487512127,-1.33507621,-0.0835280269,0.372567654,0.847227156,-0.0195938122,0.0305057406,-0.0344342381,-0.337995899,0.0306502366,-0.00282954752,0.2,0.2,-0.23,-0.0667056054,0.0298054123,0.0677781725,-0.0195938122,0.0344342381,0.0306502366,0.2,0.23,0.0298054123,-0.0305057406,-0.337995899,-0.00282954752,-0.2,-0.0677781725,0.0667056054
1210,32819999,-0.21892637,0.419268399,0.324580222,-0.238447189,0.464697182,0.0873487294,-0.294526637,0.00010647063,-1.34434712,0.055394616,0.376020193,0.779551446,-0.0175141096,0.033541472,-0.0539388999,-0.307301235,0.0371757746,0.00698789835,0.2,0.200047912,-0.23,-0.0389210768,0.0300816154,0.0623641157,-0.0175141096,0.0539388999,0.0371757746,0.2,0.23,0.0300816154,-0.033541472,-0.307301235,0.00698789835,-0.200047912,-0.0623641157,0.0389210768
1211,32843716,-0.226776198,0.384008437,0.304505974,-0.181968227,0.504499316,0.186408833,-0.224584267,-0.0239207335,-1.2851088,0.163257524,0.334777564,0.683095574,-0.0181420958,0.030720675,-0.0629723117,-0.281885702,0.0403599453,0.0149127066,0.2,0.2,-0.23,-0.0173484951,0.0267822051,0.054647646,-0.0181420958,0.0629723117,0.0403599453,0.2,0.23,0.0267822051,-0.030720675,-0.281885702,0.0149127066,-0.2,-0.054647646,0.0173484951
1212,32861385,-0.31355679,0.301264197,0.283956856,-0.175733596,0.480529547,0.259798825,-0.0577632673,-0.114429809,-1.15819192,0.234158084,0.280412436,0.597597361,-0.0250845432,0.0241011357,-0.072219415,-0.279080118,0.0384423637,0.020783906,0.2,0.2,-0.23,-0.00316838324,0.0224329948,0.0478077888,-0.0250845432,0.072219415,0.0384423637,0.2,0.23,0.0224329948,-0.0241011357,-0.279080118,0.020783906,-0.2,-0.0478077888,0.00316838324
1213,32879955,-0.45069328,0.234023735,0.266331732,-0.237727448,0.396839648,0.264858454,0.131675303,-0.232199743,-1.00347412,0.193075821,0.234294727,0.553348601,-0.0360554624,0.0187218988,-0.0801507205,-0.306977352,0.0317471719,0.0211886764,0.259253886,0.2,-0.23,-0.0113848358,0.0187435782,0.0442678881,-0.0360554624,0.0801507205,0.0317471719,0.259253886,0.23,0.0187435782,-0.0187218988,-0.306977352,0.0211886764,-0.2,-0.0442678881,0.0113848358
1214,32900519,-0.558335364,0.215721488,0.267439365,-0.319141239,0.314676881,0.200581193,0.238348156,-0.302414447,-0.876681864,0.0777688175,0.195934296,0.546792746,-0.0446668291,0.017257719,-0.0796522856,-0.343613558,0.0251741505,0.0160464954,0.30725667,0.2,-0.225336373,-0.0344462365,0.0156747437,0.0437434196,-0.0446668291,0.0796522856,0.0251741505,0.30725667,0.225336373,0.0156747437,-0.017257719,-0.343613558,0.0160464954,-0.2,-0.0437434196,0.0344462365
1215,32918363,-0.594782531,0.226884291,0.255825967,-0.357262194,0.276863456,0.104580536,0.251883179,-0.329125226,-0.817218244,-0.0202043317,0.162527606,0.567202628,-0.0475826025,0.0181507432,-0.084878315,-0.360767987,0.0221490765,0.00836644292,0.313347431,0.2,-0.213443649,-0.0540408663,0.0130022085,0.0453762102,-0.0475826025,0.084878315,0.0221490765,0.313347431,0.213443649,0.0130022085,-0.0181507432,-0.360767987,0.00836644292,-0.2,-0.0453762102,0.0540408663
1216,32943990,-0.595491171,0.254140973,0.252898186,-0.369838893,0.266016126,0.017234413,0.231901094,-0.343096346,-0.802767277,-0.0782628208,0.149886549,0.61563313,-0.0476392937,0.0203312778,-0.0861958161,-0.366427502,0.0212812901,0.00137875304,0.304355492,0.2,-0.210553455,-0.0656525642,0.0119909239,0.0492506504,-0.0476392937,0.0861958161,0.0212812901,0.304355492,0.210553455,0.0119909239,-0.0203312778,-0.366427502,0.00137875304,-0.2,-0.0492506504,0.0656525642
1217,32959918,-0.579042554,0.291513085,0.262740582,-0.357852191,0.264220476,-0.0379031077,0.196805477,-0.33084625,-0.802197397,-0.0967554525,0.148726374,0.664144456,-0.0463234043,0.0233210468,-0.081766738,-0.361033486,0.0211376381,-0.00303224862,0.288562465,0.2,-0.210439479,-0.0693510905,0.0118981099,0.0531315565,-0.0463234043,0.081766738,0.0211376381,0.288562465,0.210439479,0.0118981099,-0.0233210468,-0.361033486,-0.00303224862,-0.2,-0.0531315565,0.0693510905
1218,32990945,-0.543605745,0.317238152,0.262583405,-0.337318152,0.267006546,-0.057034906,0.15779227,-0.297477365,-0.78952986,-0.0799992159,0.149630547,0.697849512,-0.0434884596,0.0253790522,-0.0818374678,-0.351793168,0.0213605237,-0.00456279248,0.271006522,0.2,-0.207905972,-0.0659998432,0.0119704437,0.055827961,-0.0434884596,0.0818374678,0.0213605237,0.271006522,0.207905972,0.0119704437,-0.0253790522,-0.351793168,-0.00456279248,-0.2,-0.055827961,0.0659998432
1219,33000507,-0.498727351,0.322864503,0.252515942,-0.324179679,0.269369572,-0.0619372949,0.122974075,-0.267731041,-0.766468406,-0.0490801036,0.151033014,0.715874314,-0.0398981881,0.0258291602,-0.0863678262,-0.345880856,0.0215495658,-0.00495498359,0.255338334,0.2,-0.203293681,-0.0598160207,0.0120826411,0.0572699451,-0.0398981881,0.0863678262,0.0215495658,0.255338334,0.203293681,0.0120826411,-0.0258291602,-0.345880856,-0.00495498359,-0.2,-0.0572699451,0.0598160207
1220,33018318,-0.453607887,0.314692706,0.238886714,-0.325137556,0.269943565,-0.0625985786,0.104502805,-0.256152302,-0.750849545,-0.0247632284,0.154050618,0.713695168,-0.036288631,0.0251754165,-0.0925009787,-0.3463119,0.0215954852,-0.00500788629,0.247026262,0.2,-0.200169909,-0.0549526457,0.0123240495,0.0570956135,-0.036288631,0.0925009787,0.0215954852,0.247026262,0.200169909,0.0123240495,-0.0251754165,-0.3463119,-0.00500788629,-0.2,-0.0570956135,0.0549526457
1221,33054899,-0.409552753,0.293016523,0.216577634,-0.321039647,0.265870094,-0.0687320679,0.100694232,-0.254324108,-0.735802233,-0.0106195854,0.15458639,0.698328376,-0.0327642202,0.0234413218,-0.102540065,-0.344467841,0.0212696075,-0.00549856544,0.245312404,0.2,-0.197160447,-0.0521239171,0.0123669112,0.0558662701,-0.0327642202,0.102540065,0.0212696075,0.245312404,0.197160447,0.0123669112,-0.0234413218,-0.344467841,-0.00549856544,-0.2,-0.0558662701,0.0521239171
1222,33062179,-0.376334757,0.265300721,0.193834305,-0.305744767,0.256743431,-0.0840365812,0.110185124,-0.254461557,-0.706279337,-0.00275063468,0.14787744,0.680690885,-0.0301067805,0.0212240577,-0.112774563,-0.337585145,0.0205394745,-0.0067229265,0.249583306,0.2,-0.191255867,-0.0505501269,0.0118301952,0.0544552708,-0.0301067805,0.112774563,0.0205394745,0.249583306,0.191255867,0.0118301952,-0.0212240577,-0.337585145,-0.0067229265,-0.2,-0.0544552708,0.0505501269
1223,33078240,-0.353302032,0.234484479,0.173967555,-0.30074805,0.242706329,-0.110568643,0.123033598,-0.265432954,-0.676398873,-0.0100238696,0.134099439,0.659359336,-0.0282641625,0.0187587583,-0.1217146,-0.335336623,0.0194165063,-0.00884549141,0.255365119,0.2,-0.185279775,-0.0520047739,0.0107279551,0.0527487469,-0.0282641625,0.1217146,0.0194165063,0.255365119,0.185279775,0.0107279551,-0.0187587583,-0.335336623,-0.00884549141,-0.2,-0.0527487469,0.0520047739
1224,33100383,-0.336201429,0.197042808,0.151309893,-0.291772604,0.223930463,-0.154201612,0.140835911,-0.284372568,-0.646128833,-0.0296466332,0.109340355,0.633416891,-0.0268961143,0.0157634246,-0.131910548,-0.331297672,0.0179144371,-0.012336129,0.26337616,0.2,-0.179225767,-0.0559293266,0.00874722838,0.0506733513,-0.0268961143,0.131910548,0.0179144371,0.26337616,0.179225767,0.00874722838,-0.0157634246,-0.331297672,-0.012336129,-0.2,-0.0506733513,0.0559293266
1225,33121929,-0.324868053,0.157506526,0.139020935,-0.286377281,0.202839419,-0.206928104,0.161066979,-0.307012647,-0.61644274,-0.0553435273,0.0737505034,0.602041125,-0.0259894443,0.012600522,-0.137440579,-0.328869776,0.0162271535,-0.0165542483,0.272480141,0.2,-0.173288548,-0.0610687055,0.00590004027,0.04816329,-0.0259894443,0.137440579,0.0162271535,0.272480141,0.173288548,0.00590004027,-0.012600522,-0.328869776,-0.0165542483,-0.2,-0.04816329,0.0610687055
1226,33142024,-0.318661809,0.121889941,0.135895804,-0.286661446,0.185202882,-0.260051548,0.180794388,-0.333592921,-0.593807757,-0.0833901465,0.0325776897,0.573435783,-0.0254929447,0.00975119531,-0.138846888,-0.328997651,0.0148162305,-0.0208041239,0.281357475,0.2,-0.168761551,-0.0666780293,0.00260621518,0.0458748627,-0.0254929447,0.138846888,0.0148162305,0.281357475,0.168761551,0.00260621518,-0.00975119531,-0.328997651,-0.0208041239,-0.2,-0.0458748627,0.0666780293
1227,33164635,-0.316682249,0.095126152,0.14742671,-0.298535943,0.177844197,-0.298272401,0.194090903,-0.361207038,-0.581534863,-0.107099473,-0.00492940564,0.552362442,-0.0253345799,0.00761009216,-0.133657981,-0.334341174,0.0142275357,-0.0238617921,0.287340906,0.2,-0.166306973,-0.0714198947,-0.000394352451,0.0441889954,-0.0253345799,0.133657981,0.0142275357,0.287340906,0.166306973,-0.000394352451,-0.00761009216,-0.334341174,-0.0238617921,-0.2,-0.0441889954,0.0714198947
1228,33180566,-0.309078068,0.0773847997,0.168881297,-0.310888141,0.182416365,-0.312529415,0.191571489,-0.375454158,-0.580943406,-0.119708493,-0.0345017202,0.53919816,-0.0247262454,0.00619078398,-0.124003416,-0.339899664,0.0145933092,-0.0250023532,0.28620717,0.2,-0.166188681,-0.0739416987,-0.00276013762,0.0431358528,-0.0247262454,0.124003416,0.0145933092,0.28620717,0.166188681,-0.00276013762,-0.00619078398,-0.339899664,-0.0250023532,-0.2,-0.0431358528,0.0739416987
1229,33201803,-0.300971776,0.077144742,0.189786762,-0.318271965,0.197046563,-0.308433771,0.174380049,-0.374301583,-0.587547958,-0.121194661,-0.0478385352,0.547737241,-0.0240777421,0.00617157936,-0.114595957,-0.343222384,0.015763725,-0.0246747017,0.278471022,0.2,-0.167509592,-0.0742389321,-0.00382708281,0.0438189793,-0.0240777421,0.114595957,0.015763725,0.278471022,0.167509592,-0.00382708281,-0.00617157936,-0.343222384,-0.0246747017,-0.2,-0.0438189793,0.0742389321
1230,33228272,-0.294455737,0.0964310095,0.209766507,-0.325014919,0.220803946,-0.287241995,0.142943472,-0.35612151,-0.601058364,-0.110508926,-0.041211199,0.576562226,-0.023556459,0.00771448076,-0.105605072,-0.346256714,0.0176643157,-0.0229793596,0.264324562,0.2,-0.170211673,-0.0721017852,-0.00329689592,0.0461249781,-0.023556459,0.105605072,0.0176643157,0.264324562,0.170211673,-0.00329689592,-0.00771448076,-0.346256714,-0.0229793596,-0.2,-0.0461249781,0.0721017852
1231,33242282,-0.285459489,0.127773449,0.21865122,-0.333729833,0.247937292,-0.25276494,0.102388024,-0.32531637,-0.629827201,-0.0904715657,-0.0133190071,0.61169529,-0.0228367591,0.0102218759,-0.101606951,-0.350178425,0.0198349833,-0.0202211952,0.246074611,0.2,-0.17596544,-0.0680943131,-0.00106552057,0.0489356232,-0.0228367591,0.101606951,0.0198349833,0.246074611,0.17596544,-0.00106552057,-0.0102218759,-0.350178425,-0.0202211952,-0.2,-0.0489356232,0.0680943131
1232,33258510,-0.268470675,0.161402166,0.216666743,-0.334225178,0.272983998,-0.210219502,0.059312772,-0.28019464,-0.661553979,-0.059735857,0.0281568542,0.641845524,-0.021477654,0.0129121733,-0.102499966,-0.35040133,0.0218387198,-0.0168175602,0.226690747,0.2,-0.182310796,-0.0619471714,0.00225254834,0.0513476419,-0.021477654,0.102499966,0.0218387198,0.226690747,0.182310796,0.00225254834,-0.0129121733,-0.35040133,-0.0168175602,-0.2,-0.0513476419,0.0619471714
1233,33281319,-0.245649755,0.192950293,0.202438787,-0.315809637,0.293333888,-0.169583946,0.0197249353,-0.226138443,-0.677154839,-0.0172417257,0.0702597946,0.666187346,-0.0196519804,0.0154360235,-0.108902546,-0.342114337,0.023466711,-0.0135667157,0.208876221,0.2,-0.185430968,-0.0534483451,0.00562078357,0.0532949877,-0.0196519804,0.108902546,0.023466711,0.208876221,0.185430968,0.00562078357,-0.0154360235,-0.342114337,-0.0135667157,-0.2,-0.0532949877,0.0534483451
1234,33303704,-0.220414087,0.216816336,0.181981251,-0.286208987,0.307963997,-0.135386854,-0.0106271142,-0.17756471,-0.668985486,0.0301043224,0.109487727,0.685904741,-0.017633127,0.0173453069,-0.118108437,-0.328794044,0.0246371198,-0.0108309484,0.2,0.2,-0.183797097,-0.0439791355,0.00875901818,0.0548723793,-0.017633127,0.118108437,0.0246371198,0.2,0.183797097,0.00875901818,-0.0173453069,-0.328794044,-0.0108309484,-0.2,-0.0548723793,0.0439791355
1235,33318218,-0.191367313,0.218095824,0.157135516,-0.255024433,0.312094688,-0.108667612,-0.0270572379,-0.144114405,-0.644040704,0.0690346211,0.140062973,0.688593984,-0.0153093851,0.0174476659,-0.129289018,-0.314760995,0.0249675751,-0.00869340897,0.2,0.2,-0.178808141,-0.0361930758,0.0112050378,0.0550875187,-0.0153093851,0.129289018,0.0249675751,0.2,0.178808141,0.0112050378,-0.0174476659,-0.314760995,-0.00869340897,-0.2,-0.0550875187,0.0361930758
1236,33342485,-0.152798235,0.192714497,0.131354228,-0.229121089,0.301469624,-0.0907173976,-0.0356912836,-0.124828316,-0.614309728,0.0909804478,0.158432811,0.665588975,-0.0122238588,0.0154171598,-0.140890598,-0.30310449,0.0241175699,-0.00725739181,0.2,0.2,-0.172861946,-0.0318039104,0.0126746249,0.053247118,-0.0122238588,0.140890598,0.0241175699,0.2,0.172861946,0.0126746249,-0.0154171598,-0.30310449,-0.00725739181,-0.2,-0.053247118,0.0318039104
1237,33362044,-0.109760746,0.149179161,0.106034376,-0.213222787,0.277960777,-0.0844772011,-0.0387022048,-0.117453612,-0.590083957,0.0937107801,0.166289136,0.622389436,-0.00878085971,0.0119343328,-0.152284531,-0.295950254,0.0222368622,-0.00675817609,0.2,0.2,-0.168016791,-0.031257844,0.0133031309,0.0497911549,-0.00878085971,0.152284531,0.0222368622,0.2,0.168016791,0.0133031309,-0.0119343328,-0.295950254,-0.00675817609,-0.2,-0.0497911549,0.031257844
1238,33380674,-0.0802387968,0.103652328,0.0770304576,-0.199787512,0.246038347,-0.0996676162,-0.030470591,-0.122995146,-0.569070816,0.0777976438,0.165696859,0.580595136,-0.00641910374,0.00829218626,-0.165336294,-0.289904381,0.0196830678,-0.0079734093,0.2,0.2,-0.163814163,-0.0344404712,0.0132557487,0.0464476109,-0.00641910374,0.165336294,0.0196830678,0.2,0.163814163,0.0132557487,-0.00829218626,-0.289904381,-0.0079734093,-0.2,-0.0464476109,0.0344404712
1239,33400593,-0.081016399,0.063023299,0.0482085086,-0.183454052,0.210226595,-0.141913116,-0.00189216284,-0.144690186,-0.544625103,0.0453651138,0.150846943,0.554216325,-0.00648131192,0.00504186392,-0.178306171,-0.282554323,0.0168181276,-0.0113530493,0.2,0.2,-0.158925021,-0.0409269772,0.0120677555,0.044337306,-0.00648131192,0.178306171,0.0168181276,0.2,0.158925021,0.0120677555,-0.00504186392,-0.282554323,-0.0113530493,-0.2,-0.044337306,0.0409269772
1240,33421311,-0.117597029,0.026841877,0.024001684,-0.170607597,0.175491989,-0.212053165,0.0504212677,-0.19022651,-0.513819218,-0.00210502953,0.11119277,0.537060559,-0.00940776229,0.00214735016,-0.189199242,-0.276773418,0.0140393591,-0.0169642532,0.22268957,0.2,-0.152763844,-0.0504210059,0.00889542162,0.0429648447,-0.00940776229,0.189199242,0.0140393591,0.22268957,0.152763844,0.00889542162,-0.00214735016,-0.276773418,-0.0169642532,-0.2,-0.0429648447,0.0504210059
1241,33439866,-0.18608892,-0.00462267455,0.0180442575,-0.17406258,0.147425011,-0.305147618,0.125889644,-0.260014951,-0.469917089,-0.0643959045,0.0518324338,0.517839611,-0.0148871136,-0.000369813964,-0.191880084,-0.278328161,0.0117940009,-0.0244118094,0.25665034,0.2,-0.143983418,-0.0628791809,0.0041465947,0.0414271688,-0.0148871136,0.191880084,0.0117940009,0.25665034,0.143983418,0.0041465947,0.000369813964,-0.278328161,-0.0244118094,-0.2,-0.0414271688,0.0628791809
1242,33478045,-0.263426691,-0.0332326032,0.0340238102,-0.187105909,0.128002286,-0.407754779,0.208255008,-0.342394531,-0.41605559,-0.131133556,-0.0198624507,0.486002088,-0.0210741353,-0.00265860826,-0.184689285,-0.284197659,0.0102401829,-0.0326203823,0.293714754,0.2,-0.133211118,-0.0762267113,-0.00158899605,0.038880167,-0.0210741353,0.184689285,0.0102401829,0.293714754,0.133211118,-0.00158899605,0.00265860826,-0.284197659,-0.0326203823,-0.2,-0.038880167,0.0762267113
1243,33488650,-0.32108745,-0.0565692335,0.0714349449,-0.202376813,0.118369929,-0.500878572,0.279251248,-0.417859524,-0.367082208,-0.192244023,-0.0946549177,0.450711399,-0.025686996,-0.00452553868,-0.167854275,-0.291069566,0.00946959436,-0.0400702858,0.325663061,0.2,-0.123416442,-0.0884488046,-0.00757239342,0.0360569119,-0.025686996,0.167854275,0.00946959436,0.325663061,0.123416442,-0.00757239342,0.00452553868,-0.291069566,-0.0400702858,-0.2,-0.0360569119,0.0884488046
1244,33496558,-0.330774128,-0.0657964945,0.11873129,-0.210045174,0.119621001,-0.558179557,0.294508725,-0.45976764,-0.339103281,-0.236403435,-0.15765968,0.424825549,-0.0264619303,-0.00526371956,-0.146570919,-0.294520328,0.00956968009,-0.0446543646,0.332528926,0.2,-0.117820656,-0.0972806871,-0.0126127744,0.0339860439,-0.0264619303,0.146570919,0.00956968009,0.332528926,0.117820656,-0.0126127744,0.00526371956,-0.294520328,-0.0446543646,-0.2,-0.0339860439,0.0972806871
1245,33520264,-0.304041445,-0.0615162924,0.152525723,-0.197756633,0.131806374,-0.578797102,0.257739305,-0.464188397,-0.341171563,-0.254941911,-0.195811033,0.424479157,-0.0243233156,-0.00492130339,-0.131363425,-0.288990485,0.0105445099,-0.0463037682,0.315982687,0.2,-0.118234313,-0.100988382,-0.0156648827,0.0339583325,-0.0243233156,0.131363425,0.0105445099,0.315982687,0.118234313,-0.0156648827,0.00492130339,-0.288990485,-0.0463037682,-0.2,-0.0339583325,0.100988382
1246,33539514,-0.273009092,-0.0353464782,0.181506366,-0.201526076,0.149561986,-0.563736022,0.188372076,-0.450959086,-0.370518744,-0.259495318,-0.196444124,0.459289193,-0.0218407273,-0.00282771826,-0.118322136,-0.290686734,0.0119649589,-0.0450988817,0.284767434,0.2,-0.124103749,-0.101899064,-0.0157155299,0.0367431355,-0.0218407273,0.118322136,0.0119649589,0.284767434,0.124103749,-0.0157155299,0.00282771826,-0.290686734,-0.0450988817,-0.2,-0.0367431355,0.101899064
1247,33562563,-0.246867344,-0.00123165129,0.199406132,-0.222409785,0.167779878,-0.517028451,0.114727087,-0.421397716,-0.425317854,-0.252831817,-0.160575017,0.512475252,-0.0197493875,-9.8532103e-05,-0.110267241,-0.300084403,0.0134223902,-0.0413622761,0.251627189,0.2,-0.135063571,-0.100566363,-0.0128460014,0.0409980202,-0.0197493875,0.110267241,0.0134223902,0.251627189,0.135063571,-0.0128460014,9.8532103e-05,-0.300084403,-0.0413622761,-0.2,-0.0409980202,0.100566363
1248,33578451,-0.20630984,0.0299795102,0.194293469,-0.235246837,0.181416869,-0.446582675,0.0392340757,-0.362358451,-0.495627671,-0.229171321,-0.10202834,0.552405536,-0.0165047872,0.00239836082,-0.112567939,-0.305861077,0.0145133495,-0.035726614,0.217655334,0.2,-0.149125534,-0.0958342642,-0.00816226721,0.0441924429,-0.0165047872,0.112567939,0.0145133495,0.217655334,0.149125534,-0.00816226721,-0.00239836082,-0.305861077,-0.035726614,-0.2,-0.0441924429,0.0958342642
1249,33601570,-0.154540524,0.0593547933,0.176062256,-0.222036153,0.199950874,-0.367116541,-0.0300855488,-0.266351044,-0.541151702,-0.169065356,-0.0344119035,0.578839898,-0.0123632419,0.00474838346,-0.120771985,-0.299916269,0.0159960699,-0.0293693233,0.2,0.2,-0.15823034,-0.0838130713,-0.00275295228,0.0463071918,-0.0123632419,0.120771985,0.0159960699,0.2,0.15823034,-0.00275295228,-0.00474838346,-0.299916269,-0.0293693233,-0.2,-0.0463071918,0.0838130713
1250,33619817,-0.0870825127,0.087393716,0.137526751,-0.18532519,0.220546454,-0.28866151,-0.0923441127,-0.153213888,-0.554075003,-0.0817787126,0.0263926387,0.589209974,-0.00696660101,0.00699149728,-0.138112962,-0.283396336,0.0176437163,-0.0230929208,0.2,0.2,-0.160815001,-0.0663557425,0.00211141109,0.0471367979,-0.00696660101,0.138112962,0.0176437163,0.2,0.160815001,0.00211141109,-0.00699149728,-0.283396336,-0.0230929208,-0.2,-0.0471367979,0.0663557425
1251,33640304,0.019826971,0.0940192416,0.0866277069,-0.139885336,0.231808096,-0.215887547,-0.170437142,-0.0475208536,-0.562066317,-0.00414353842,0.0839681029,0.575933218,0.00158615768,0.00752153933,-0.161017532,-0.262948401,0.0185446477,-0.0172710037,0.2,0.2,-0.162413263,-0.0508287077,0.00671744823,0.0460746574,0.00158615768,0.161017532,0.0185446477,0.2,0.162413263,0.00671744823,-0.00752153933,-0.262948401,-0.0172710037,-0.2,-0.0460746574,0.0508287077
1252,33661620,0.155735731,0.0632747561,0.02531619,-0.0899045914,0.234968036,-0.155451462,-0.247798786,0.0388097651,-0.596987903,0.0414423048,0.136229262,0.52935183,0.0124588585,0.00506198049,-0.188607715,-0.240457066,0.0187974429,-0.0124361169,0.2,0.217464394,-0.169397581,-0.041711539,0.0108983409,0.0423481464,0.0124588585,0.188607715,0.0187974429,0.2,0.169397581,0.0108983409,-0.00506198049,-0.240457066,-0.0124361169,-0.217464394,-0.0423481464,0.041711539
1253,33681324,0.279783785,-0.00632689381,-0.0541217066,-0.028161874,0.229023635,-0.126035616,-0.305283397,0.102693863,-0.665028095,0.035584636,0.186550096,0.471483469,0.0223827028,-0.000506151505,-0.224354768,-0.212672843,0.0183218908,-0.0100828493,0.2,0.246212238,-0.183005619,-0.0428830728,0.0149240077,0.0377186775,0.0223827028,0.224354768,0.0183218908,0.2,0.183005619,0.0149240077,0.000506151505,-0.212672843,-0.0100828493,-0.246212238,-0.0377186775,0.0428830728
1254,33701604,0.320116907,-0.104901865,-0.136574507,0.0226620175,0.221270651,-0.141387194,-0.303195119,0.107957378,-0.774034798,-0.0301846582,0.216054782,0.404941678,0.0256093526,-0.00839214921,-0.261458528,-0.189802092,0.0177016521,-0.0113109756,0.2,0.24858082,-0.20480696,-0.0560369316,0.0172843826,0.0323953342,0.0256093526,0.261458528,0.0177016521,0.2,0.20480696,0.0172843826,0.00839214921,-0.189802092,-0.0113109756,-0.24858082,-0.0323953342,0.0560369316
1255,33727593,0.169337869,-0.21469453,-0.228379667,0.0455228053,0.209504172,-0.247717097,-0.177903771,0.0116457762,-0.920937479,-0.168692544,0.18612799,0.313789129,0.0135470295,-0.0171755624,-0.30277085,-0.179514738,0.0167603338,-0.0198173678,0.2,0.205240599,-0.23,-0.0837385088,0.0148902392,0.0251031303,0.0135470295,0.30277085,0.0167603338,0.2,0.23,0.0148902392,0.0171755624,-0.179514738,-0.0198173678,-0.205240599,-0.0251031303,0.0837385088
1256,33751041,-0.148664638,-0.319737673,-0.279726684,0.0163167343,0.199010313,-0.450901836,0.0708981007,-0.232967317,-0.992387712,-0.360315859,0.0643879548,0.19048126,-0.0118931711,-0.0255790138,-0.325877008,-0.19265747,0.015920825,-0.0360721469,0.231904145,0.2,-0.23,-0.122063172,0.00515103638,0.0152385008,-0.0118931711,0.325877008,0.015920825,0.231904145,0.23,0.00515103638,0.0255790138,-0.19265747,-0.0360721469,-0.2,-0.0152385008,0.122063172
1257,33758810,-0.488355309,-0.383027196,-0.252210051,-0.0809010565,0.173842669,-0.730470896,0.364984125,-0.517184079,-0.92127949,-0.558452129,-0.0918624625,0.043064829,-0.0390684247,-0.0306421757,-0.313494523,-0.236405475,0.0139074135,-0.0584376717,0.364242856,0.2,-0.23,-0.161690426,-0.007348997,0.00344518632,-0.0390684247,0.313494523,0.0139074135,0.364242856,0.23,-0.007348997,0.0306421757,-0.236405475,-0.0584376717,-0.2,-0.00344518632,0.161690426
1258,33780594,-0.608546674,-0.407519013,-0.121343225,-0.162570775,0.133256197,-0.974154472,0.56629163,-0.671967268,-0.745551884,-0.604786277,-0.21433185,-0.095199883,-0.0486837339,-0.032601521,-0.254604451,-0.273156849,0.0106604958,-0.0779323578,0.454831234,0.2,-0.199110377,-0.170957255,-0.017146548,-0.00761599064,-0.0486837339,0.254604451,0.0106604958,0.454831234,0.199110377,-0.017146548,0.032601521,-0.273156849,-0.0779323578,-0.2,0.00761599064,0.170957255
1259,33799685,-0.541409612,-0.411283314,0.0507332608,-0.199473903,0.0849814489,-1.07745457,0.621034324,-0.741216898,-0.638889074,-0.584708869,-0.315339923,-0.176322788,-0.0433127689,-0.0329026651,-0.177170033,-0.289763256,0.00679851592,-0.0861963654,0.479465446,0.2,-0.177777815,-0.166941774,-0.0252271938,-0.014105823,-0.0433127689,0.177170033,0.00679851592,0.479465446,0.177777815,-0.0252271938,0.0329026651,-0.289763256,-0.0861963654,-0.2,0.014105823,0.166941774
1260,33828252,-0.320427001,-0.434313506,0.19628264,-0.196513847,0.0479526594,-1.04788411,0.543200552,-0.736829877,-0.632369697,-0.52983731,-0.387976974,-0.115003705,-0.02563416,-0.0347450805,-0.111672812,-0.288431231,0.00383621275,-0.0838307285,0.444440249,0.2,-0.176473939,-0.155967462,-0.0310381579,-0.0092002964,-0.02563416,0.111672812,0.00383621275,0.444440249,0.176473939,-0.0310381579,0.0347450805,-0.288431231,-0.0838307285,-0.2,0.0092002964,0.155967462
1261,33840338,-0.125301823,-0.397835016,0.313368797,-0.205800697,0.0548134446,-0.884810686,0.338483572,-0.706048191,-0.773591757,-0.539929688,-0.368082821,0.125414997,-0.0100241458,-0.0318268013,-0.0589840412,-0.292610314,0.00438507557,-0.0707848549,0.352317607,0.2,-0.204718351,-0.157985938,-0.0294466257,0.0100331998,-0.0100241458,0.0589840412,0.00438507557,0.352317607,0.204718351,-0.0294466257,0.0318268013,-0.292610314,-0.0707848549,-0.2,-0.0100331998,0.157985938
1262,33860895,-0.117446736,-0.227032587,0.39398849,-0.246995807,0.108792894,-0.726024806,0.136085287,-0.655607522,-0.980595529,-0.580837965,-0.263969541,0.448140711,-0.00939573884,-0.018162607,-0.0227051795,-0.311148113,0.00870343149,-0.0580819845,0.261238379,0.2,-0.23,-0.166167593,-0.0211175632,0.0358512568,-0.00939573884,0.0227051795,0.00870343149,0.261238379,0.23,-0.0211175632,0.018162607,-0.311148113,-0.0580819845,-0.2,-0.0358512568,0.166167593
1263,33879453,-0.157700375,-0.0101988837,0.469408751,-0.326575816,0.18625769,-0.517733037,-0.0716497451,-0.476268023,-1.18987334,-0.532965839,-0.0758235529,0.715269923,-0.01261603,-0.000815910697,0.0112339377,-0.346959117,0.0149006152,-0.041418643,0.2,0.2,-0.23,-0.156593168,-0.00606588423,0.0572215939,-0.01261603,-0.0112339377,0.0149006152,0.2,0.23,-0.00606588423,0.000815910697,-0.346959117,-0.041418643,-0.2,-0.0572215939,0.156593168
1264,33902799,-0.237638369,0.19996725,0.470251143,-0.408168793,0.247082919,-0.325214028,-0.199167758,-0.296929032,-1.37333095,-0.403366983,0.17660816,0.890268564,-0.0190110695,0.01599738,0.0116130143,-0.383675957,0.0197666335,-0.0260171223,0.2,0.2,-0.23,-0.130673397,0.0141286528,0.0712214851,-0.0190110695,-0.0116130143,0.0197666335,0.2,0.23,0.0141286528,-0.01599738,-0.383675957,-0.0260171223,-0.2,-0.0712214851,0.130673397
1265,33923291,-0.299630374,0.38628912,0.454172879,-0.43919611,0.306683093,-0.159926444,-0.274471283,-0.134536713,-1.5103693,-0.227436796,0.351855189,0.9563483,-0.0239704299,0.0309031296,0.00437779576,-0.397638249,0.0245346475,-0.0127941155,0.2,0.2,-0.23,-0.0954873592,0.0281484151,0.076507864,-0.0239704299,-0.00437779576,0.0245346475,0.2,0.23,0.0281484151,-0.0309031296,-0.397638249,-0.0127941155,-0.2,-0.076507864,0.0954873592
1266,33941091,-0.310995072,0.516947806,0.426278979,-0.440122604,0.385837615,-0.0258072335,-0.307348728,-0.0186652932,-1.60802639,-0.0549741574,0.42994529,0.94020927,-0.0248796058,0.0413558245,-0.00817445964,-0.398055172,0.0308670092,-0.00206457868,0.2,0.2,-0.23,-0.0609948315,0.0343956232,0.0752167416,-0.0248796058,0.00817445964,0.0308670092,0.2,0.23,0.0343956232,-0.0413558245,-0.398055172,-0.00206457868,-0.2,-0.0752167416,0.0609948315
1267,33967314,-0.227690026,0.576332867,0.37148273,-0.396330744,0.476452321,0.0733421296,-0.356283754,0.078325808,-1.64338052,0.0915422663,0.441014916,0.840027392,-0.0182152021,0.0461066294,-0.0328327715,-0.378348835,0.0381161857,0.00586737037,0.2,0.235246614,-0.23,-0.0316915467,0.0352811933,0.0672021914,-0.0182152021,0.0328327715,0.0381161857,0.2,0.23,0.0352811933,-0.0461066294,-0.378348835,0.00586737037,-0.235246614,-0.0672021914,0.0316915467
1268,33977195,-0.152825192,0.547679901,0.339374423,-0.305600047,0.550365627,0.163525075,-0.364445239,0.115913704,-1.61686575,0.212930202,0.396539092,0.727286816,-0.0122260153,0.0438143921,-0.0472815096,-0.337520021,0.0440292501,0.013082006,0.2,0.252161167,-0.23,-0.0074139595,0.0317231274,0.0581829453,-0.0122260153,0.0472815096,0.0440292501,0.2,0.23,0.0317231274,-0.0438143921,-0.337520021,0.013082006,-0.252161167,-0.0581829453,0.0074139595
1269,34002273,-0.191848367,0.445174664,0.323184639,-0.2170109,0.567675889,0.270451784,-0.25759092,0.0397522114,-1.54087389,0.314601511,0.315001965,0.663112521,-0.0153478694,0.0356139731,-0.0545669124,-0.297654905,0.0454140711,0.0216361427,0.2,0.217888495,-0.23,0.0129203022,0.0252001572,0.0530490017,-0.0153478694,0.0545669124,0.0454140711,0.2,0.23,0.0252001572,-0.0356139731,-0.297654905,0.0216361427,-0.217888495,-0.0530490017,-0.0129203022
1270,34020904,-0.381258875,0.304234654,0.309132963,-0.201918557,0.481027752,0.354387403,0.00964852329,-0.158456102,-1.45605326,0.339303493,0.226546898,0.654156744,-0.03050071,0.0243387723,-0.0608901665,-0.290863351,0.0384822202,0.0283509922,0.204341835,0.2,-0.23,0.0178606987,0.0181237519,0.0523325396,-0.03050071,0.0608901665,0.0384822202,0.204341835,0.23,0.0181237519,-0.0243387723,-0.290863351,0.0283509922,-0.2,-0.0523325396,-0.0178606987
1271,34038746,-0.632510245,0.239157945,0.324994266,-0.323141098,0.322417885,0.315294713,0.291873425,-0.356728673,-1.37770593,0.188141942,0.141875744,0.669681072,-0.0506008196,0.0191326356,-0.0537525803,-0.345413494,0.0257934308,0.025223577,0.331343041,0.2,-0.23,-0.0123716116,0.0113500595,0.0535744858,-0.0506008196,0.0537525803,0.0257934308,0.331343041,0.23,0.0113500595,-0.0191326356,-0.345413494,0.025223577,-0.2,-0.0535744858,0.0123716116
1272,34064117,-0.753909588,0.260045707,0.353134871,-0.427234173,0.221183166,0.185380667,0.373288989,-0.439883202,-1.34121668,0.007992181,0.0736342147,0.697665811,-0.060312767,0.0208036566,-0.0410893083,-0.392255378,0.0176946533,0.0148304534,0.367980045,0.2,-0.23,-0.0484015638,0.00589073718,0.0558132648,-0.060312767,0.0410893083,0.0176946533,0.367980045,0.23,0.00589073718,-0.0208036566,-0.392255378,0.0148304534,-0.2,-0.0558132648,0.0484015638
1273,34078336,-0.77027446,0.297198117,0.361461967,-0.473539352,0.191439822,0.0674296245,0.344107985,-0.462098151,-1.37203872,-0.084343344,0.0482414737,0.731854081,-0.0616219568,0.0237758493,-0.0373421147,-0.413092709,0.0153151858,0.00539436996,0.354848593,0.2,-0.23,-0.0668686688,0.0038593179,0.0585483265,-0.0616219568,0.0373421147,0.0153151858,0.354848593,0.23,0.0038593179,-0.0237758493,-0.413092709,0.00539436996,-0.2,-0.0585483265,0.0668686688
1274,34100850,-0.757380486,0.367629617,0.396617293,-0.485046029,0.181650355,0.0124635911,0.281383038,-0.463958442,-1.44501054,-0.125447586,0.0729537681,0.799376309,-0.0605904388,0.0294103694,-0.021522218,-0.418270713,0.0145320284,0.000997087285,0.326622367,0.2,-0.23,-0.0750895172,0.00583630145,0.0639501047,-0.0605904388,0.021522218,0.0145320284,0.326622367,0.23,0.00583630145,-0.0294103694,-0.418270713,0.000997087285,-0.2,-0.0639501047,0.0750895172
1275,34118519,-0.734237075,0.457578063,0.45095998,-0.498490721,0.181391209,0.0359412767,0.199439526,-0.408763826,-1.53265214,-0.113071449,0.125960335,0.848562837,-0.058738966,0.036606245,0.00293199122,-0.424320824,0.0145112967,0.00287530214,0.289747787,0.2,-0.23,-0.0726142898,0.0100768268,0.0678850269,-0.058738966,-0.00293199122,0.0145112967,0.289747787,0.23,0.0100768268,-0.036606245,-0.424320824,0.00287530214,-0.2,-0.0678850269,0.0726142898
1276,34142115,-0.682171762,0.546057165,0.474135816,-0.52478528,0.175474003,0.0795517862,0.107561171,-0.334551632,-1.63496828,-0.0733934715,0.187666222,0.89006865,-0.054573741,0.0436845732,0.0133611172,-0.436153376,0.0140379202,0.00636414289,0.248402527,0.2,-0.23,-0.0646786943,0.0150132978,0.071205492,-0.054573741,-0.0133611172,0.0140379202,0.248402527,0.23,0.0150132978,-0.0436845732,-0.436153376,0.00636414289,-0.2,-0.071205492,0.0646786943
1277,34158698,-0.606274784,0.613337755,0.486932606,-0.550262988,0.182614893,0.125028864,0.03484153,-0.2403505,-1.74301815,-0.0101469466,0.24061124,0.901060879,-0.0485019827,0.0490670204,0.0191196725,-0.447618344,0.0146091914,0.0100023091,0.215678689,0.2,-0.23,-0.0520293893,0.0192488992,0.0720848703,-0.0485019827,-0.0191196725,0.0146091914,0.215678689,0.23,0.0192488992,-0.0490670204,-0.447618344,0.0100023091,-0.2,-0.0720848703,0.0520293893
1278,34178570,-0.541023552,0.666635633,0.483472437,-0.572082341,0.205862105,0.168777764,0.00342241256,-0.162612617,-1.82904232,0.0629855767,0.284407794,0.910741031,-0.0432818842,0.0533308506,0.0175625965,-0.457437053,0.0164689684,0.0135022211,0.201540086,0.2,-0.23,-0.0374028847,0.0227526236,0.0728592825,-0.0432818842,-0.0175625965,0.0164689684,0.201540086,0.23,0.0227526236,-0.0533308506,-0.457437053,0.0135022211,-0.2,-0.0728592825,0.0374028847
1279,34201533,-0.503878117,0.696038663,0.454124302,-0.566817522,0.221163109,0.197876766,-0.000675376679,-0.121923409,-1.88874042,0.127911374,0.308163285,0.949529946,-0.0403102493,0.0556830931,0.00435593575,-0.455067885,0.0176930487,0.0158301413,0.2,0.2,-0.23,-0.0244177252,0.0246530628,0.0759623957,-0.0403102493,-0.00435593575,0.0176930487,0.2,0.23,0.0246530628,-0.0556830931,-0.455067885,0.0158301413,-0.2,-0.0759623957,0.0244177252
1280,34216922,-0.503246129,0.70247364,0.446076453,-0.561591446,0.224982068,0.231134936,0.0320452638,-0.118937679,-1.94254756,0.169359997,0.303548336,0.975878894,-0.0402596903,0.0561978912,0.000734403729,-0.452716151,0.0179985654,0.0184907949,0.214420369,0.2,-0.23,-0.0161280006,0.0242838669,0.0780703115,-0.0402596903,-0.000734403729,0.0179985654,0.214420369,0.23,0.0242838669,-0.0561978912,-0.452716151,0.0184907949,-0.2,-0.0780703115,0.0161280006
1281,34256258,-0.540625453,0.677049994,0.438791662,-0.552701771,0.202410251,0.256799102,0.0985542983,-0.165848136,-2.00790906,0.186724693,0.270163596,0.996827602,-0.0432500362,0.0541639996,-0.0025437519,-0.448715797,0.0161928201,0.0205439281,0.244349434,0.2,-0.23,-0.0126550615,0.0216130877,0.0797462082,-0.0432500362,0.0025437519,0.0161928201,0.244349434,0.23,0.0216130877,-0.0541639996,-0.448715797,0.0205439281,-0.2,-0.0797462082,0.0126550615
1282,34260836,-0.61692816,0.637936413,0.448302954,-0.547057211,0.151940078,0.281283855,0.188461766,-0.245679095,-2.09471321,0.174065351,0.211540282,1.0030328,-0.0493542528,0.0510349131,0.0017363295,-0.446175745,0.0121552062,0.0225027084,0.284807795,0.2,-0.23,-0.0151869297,0.0169232225,0.08,-0.0493542528,-0.0017363295,0.0121552062,0.284807795,0.23,0.0169232225,-0.0510349131,-0.446175745,0.0225027084,-0.2,-0.08,0.0151869297
1283,34281114,-0.691588938,0.613922715,0.470089853,-0.545414686,0.0827312693,0.296800852,0.258953989,-0.321653545,-2.19789743,0.134497002,0.149177536,0.997289062,-0.0553271151,0.0491138172,0.0115404338,-0.445436609,0.00661850154,0.0237440681,0.316529295,0.2,-0.23,-0.0231005996,0.0119342029,0.0797831249,-0.0553271151,-0.0115404338,0.00661850154,0.316529295,0.23,0.0119342029,-0.0491138172,-0.445436609,0.0237440681,-0.2,-0.0797831249,0.0231005996
1284,34311816,-0.716773212,0.624734879,0.499884725,-0.561013043,0.0143775707,0.292424589,0.271080405,-0.368764937,-2.30614376,0.081472598,0.10838265,0.986580849,-0.057341857,0.0499787903,0.0249481261,-0.452455869,0.00115020566,0.0233939672,0.321986182,0.2,-0.23,-0.0337054804,0.00867061198,0.0789264679,-0.057341857,-0.0249481261,0.00115020566,0.321986182,0.23,0.00867061198,-0.0499787903,-0.452455869,0.0233939672,-0.2,-0.0789264679,0.0337054804
1285,34319921,-0.703265667,0.671871364,0.529013634,-0.591072142,-0.0430759005,0.267398536,0.226345554,-0.394043595,-2.41989803,0.03672776,0.0947044417,0.992076695,-0.0562612534,0.0537497091,0.0380561352,-0.465982464,-0.00344607204,0.0213918829,0.301855499,0.2,-0.23,-0.042654448,0.00757635534,0.0793661356,-0.0562612534,-0.0380561352,-0.00344607204,0.301855499,0.23,0.00757635534,-0.0537497091,-0.465982464,0.0213918829,-0.2,-0.0793661356,0.042654448
1286,34340417,-0.676983833,0.732436597,0.552160561,-0.619855344,-0.0794643015,0.243646234,0.157220513,-0.38792029,-2.52672291,0.0222949032,0.108738728,1.00919545,-0.0541587067,0.0585949278,0.0484722525,-0.478934905,-0.00635714412,0.0194916987,0.270749231,0.2,-0.23,-0.0455410194,0.00869909823,0.08,-0.0541587067,-0.0484722525,-0.00635714412,0.270749231,0.23,0.00869909823,-0.0585949278,-0.478934905,0.0194916987,-0.2,-0.08,0.0455410194
1287,34361030,-0.640594661,0.790197968,0.56731236,-0.651632905,-0.0974477977,0.233386174,0.0810780004,-0.347934008,-2.6221745,0.0329668261,0.147100449,1.0242579,-0.0512475729,0.0632158375,0.0552905619,-0.493234807,-0.00779582381,0.0186708939,0.2364851,0.2,-0.23,-0.0434066348,0.0117680359,0.08,-0.0512475729,-0.0552905619,-0.00779582381,0.2364851,0.23,0.0117680359,-0.0632158375,-0.493234807,0.0186708939,-0.2,-0.08,0.0434066348
1288,34379495,-0.554072917,0.831130385,0.553361058,-0.675622523,-0.101513803,0.216885015,-0.0244204588,-0.242408291,-2.69890022,0.0671663135,0.204450756,1.02573264,-0.0443258333,0.0664904308,0.0490124762,-0.504030135,-0.00812110424,0.0173508012,0.2,0.2,-0.23,-0.0365667373,0.0163560605,0.08,-0.0443258333,-0.0490124762,-0.00812110424,0.2,0.23,0.0163560605,-0.0664904308,-0.504030135,0.0173508012,-0.2,-0.08,0.0365667373
1289,34398651,-0.399982423,0.835136712,0.498582244,-0.673750281,-0.0857764035,0.191756234,-0.15822883,-0.0694829449,-2.74879122,0.132705778,0.276029527,1.01779664,-0.0319985938,0.0668109369,0.0243620098,-0.503187627,-0.00686211228,0.0153404987,0.2,0.2,-0.23,-0.0234588444,0.0220823622,0.08,-0.0319985938,-0.0243620098,-0.00686211228,0.2,0.23,0.0220823622,-0.0668109369,-0.503187627,0.0153404987,-0.2,-0.08,0.0234588444
1290,34418767,-0.148861378,0.726989925,0.389783114,-0.621583402,-0.0543239526,0.178262234,-0.314912707,0.13171275,-2.78047299,0.202112675,0.346993804,0.979938328,-0.0119089103,0.058159194,-0.0245975986,-0.479712531,-0.00434591621,0.0142609787,0.2,0.259270737,-0.23,-0.00957746506,0.0277595043,0.0783950663,-0.0119089103,0.0245975986,-0.00434591621,0.2,0.23,0.0277595043,-0.058159194,-0.479712531,0.0142609787,-0.259270737,-0.0783950663,0.00957746506
1291,34442333,0.261399418,0.418338031,0.226449966,-0.473588824,-0.0355132036,0.18648012,-0.530463815,0.353551835,-2.80863547,0.213649079,0.412930816,0.884934723,0.0209119534,0.0334670424,-0.0980975151,-0.413114971,-0.00284105629,0.0149184096,0.2,0.359098326,-0.23,-0.00727018416,0.0330344653,0.0707947779,0.0209119534,0.0980975151,-0.00284105629,0.2,0.23,0.0330344653,-0.0334670424,-0.413114971,0.0149184096,-0.359098326,-0.0707947779,0.00727018416
1292,34460184,0.812231243,-0.130850941,0.0165569875,-0.223934531,-0.0454154797,0.212676883,-0.782661021,0.59731108,-2.85830045,0.141158372,0.481330127,0.738713503,0.0649784994,-0.0104680753,-0.192549356,-0.300770539,-0.00363323838,0.0170141506,0.2,0.468789986,-0.23,-0.0217683256,0.0385064101,0.0590970802,0.0649784994,0.192549356,-0.00363323838,0.2,0.23,0.0385064101,0.0104680753,-0.300770539,0.0170141506,-0.468789986,-0.0590970802,0.0217683256
1293,34481879,1.24710381,-0.764807999,-0.249216497,0.058160007,-0.0446700901,0.212660164,-0.960318506,0.784229457,-3.12963271,-0.0388112739,0.484684676,0.505484939,0.0997683048,-0.0611846399,-0.312147424,-0.173827997,-0.00357360721,0.0170128131,0.2,0.552903256,-0.23,-0.0577622548,0.0387747741,0.0404387951,0.0997683048,0.312147424,-0.00357360721,0.2,0.23,0.0387747741,0.0611846399,-0.173827997,0.0170128131,-0.552903256,-0.0404387951,0.0577622548
1294,34501691,1.22900116,-1.03206456,-0.453617662,0.265710413,-0.0262008384,0.0844901428,-0.954729021,0.645519674,-3.6460011,-0.499195069,0.466369092,0.347004235,0.0983200932,-0.0825651646,-0.404127948,-0.0804303139,-0.00209606707,0.00675921142,0.2,0.490483853,-0.23,-0.149839014,0.0373095274,0.0277603388,0.0983200932,0.404127948,-0.00209606707,0.2,0.23,0.0373095274,0.0825651646,-0.0804303139,0.00675921142,-0.490483853,-0.0277603388,0.149839014
1295,34518213,0.970485449,-1.18309391,-0.848317266,0.506613195,0.0175618287,-0.326994807,-0.844030261,0.247362554,-4.24831867,-0.970554352,0.421005905,0.295081228,0.0776388359,-0.0946475124,-0.581742769,0.0279759377,0.0014049463,-0.0261595845,0.2,0.311313149,-0.23,-0.23,0.0336804724,0.0236064982,0.0776388359,0.581742769,0.0014049463,0.2,0.23,0.0336804724,0.0946475124,0.0279759377,-0.0261595845,-0.311313149,-0.0236064982,0.23
1296,34540582,0.515298843,-1.27498627,-1.12418032,0.646862209,0.0755830109,-0.834952235,-0.504007101,-0.160525694,-4.61772633,-1.26490188,0.43695128,0.430283487,0.0412239075,-0.101998901,-0.6,0.091087994,0.00604664087,-0.0667961788,0.2,0.2,-0.23,-0.23,0.0349561024,0.0344226789,0.0412239075,0.6,0.00604664087,0.2,0.23,0.0349561024,0.101998901,0.091087994,-0.0667961788,-0.2,-0.0344226789,0.23
1297,34560604,-0.24556151,-1.41881919,-1.32199168,0.572913468,0.0368202552,-1.42314363,0.126536503,-0.796027899,-4.54514647,-1.27245808,0.335072964,0.564600408,-0.0196449208,-0.113505535,-0.6,0.0578110605,0.00294562042,-0.11385149,0.256941427,0.2,-0.23,-0.23,0.0268058372,0.0451680326,-0.0196449208,0.6,0.00294562042,0.256941427,0.23,0.0268058372,0.113505535,0.0578110605,-0.11385149,-0.2,-0.0451680326,0.23
1298,34579880,-0.997332156,-1.52298224,-1.41900611,0.374707133,-0.00421261182,-2.12968731,0.6814695,-1.37596631,-3.89772606,-1.12800002,0.180293694,0.613266945,-0.0797865725,-0.12,-0.6,-0.0313817903,-0.000337008946,-0.12,0.506661275,0.2,-0.23,-0.23,0.0144234955,0.0490613556,-0.0797865725,0.6,-0.000337008946,0.506661275,0.23,0.0144234955,0.12,-0.0313817903,-0.12,-0.2,-0.0490613556,0.23
1299,34605780,-1.43685305,-1.56832576,-1.32685244,0.211838648,0.0554519184,-2.79457927,0.953699589,-1.69069481,-3.14524865,-0.754584968,0.0118270032,0.509985089,-0.114948244,-0.12,-0.6,-0.104672609,0.00443615347,-0.12,0.629164815,0.2,-0.23,-0.200916994,0.000946160257,0.0407988071,-0.114948244,0.6,0.00443615347,0.629164815,0.23,0.000946160257,0.12,-0.104672609,-0.12,-0.2,-0.0407988071,0.200916994
1300,34619958,-1.59760714,-1.56491292,-1.1762991,0.232949495,0.111631185,-3.18545055,1.02697623,-1.78578842,-2.43856382,-0.385291696,-0.100209951,0.352212191,-0.12,-0.12,-0.6,-0.0951727271,0.00893049479,-0.12,0.662139302,0.2,-0.23,-0.127058339,-0.00801679611,0.0281769753,-0.12,0.6,0.00893049479,0.65,0.23,-0.00801679611,0.12,-0.0951727271,-0.12,-0.2,-0.0281769753,0.127058339
1301,34640856,-1.47646189,-1.49502099,-0.920950949,0.293637514,0.134432867,-3.30765247,1.01619542,-1.73472381,-1.77396846,-0.130324215,-0.213783398,0.212602481,-0.118116951,-0.119601679,-0.6,-0.0678631186,0.0107546294,-0.12,0.657287937,0.2,-0.23,-0.0760648429,-0.0171026719,0.0170081985,-0.118116951,0.6,0.0107546294,0.65,0.23,-0.0171026719,0.119601679,-0.0678631186,-0.12,-0.2,-0.0170081985,0.0760648429
1302,34661246,-1.062644,-1.42168474,-0.5378474,0.29474014,0.124260776,-3.18159413,0.97307384,-1.58811438,-1.08819044,-0.056210883,-0.294702142,-0.00561008835,-0.0850115204,-0.113734779,-0.44203133,-0.0673669368,0.00994086206,-0.12,0.637883228,0.2,-0.23,-0.0612421766,-0.0235761714,-0.000448807068,-0.0850115204,0.44203133,0.00994086206,0.637883228,0.23,-0.0235761714,0.113734779,-0.0673669368,-0.12,-0.2,0.000448807068,0.0612421766
1303,34678942,-0.539306641,-1.27742362,-0.215478629,0.297588438,0.0925015658,-2.92591619,0.884429514,-1.36606264,-0.513878822,-0.17586872,-0.309841514,-0.361729711,-0.0431445312,-0.10219389,-0.296965383,-0.066085203,0.00740012527,-0.12,0.597993281,0.2,-0.152775764,-0.085173744,-0.0247873211,-0.0289383769,-0.0431445312,0.296965383,0.00740012527,0.597993281,0.152775764,-0.0247873211,0.10219389,-0.066085203,-0.12,-0.2,0.0289383769,0.085173744
1304,34700706,-0.0892249718,-1.16503477,-0.0317213051,0.291684151,0.0454956219,-2.54973125,0.724417388,-1.20031571,-0.0557907484,-0.38935706,-0.280042261,-0.732970774,-0.00713799775,-0.0932027817,-0.214274587,-0.0687421322,0.00363964975,-0.12,0.525987825,0.2,-0.0611581497,-0.127871412,-0.0224033809,-0.0586376619,-0.00713799775,0.214274587,0.00363964975,0.525987825,0.0611581497,-0.0224033809,0.0932027817,-0.0687421322,-0.12,-0.2,0.0586376619,0.127871412
1305,34720340,0.19828029,-1.10107768,0.0191368032,0.280887246,0.0772667676,-2.16128898,0.606944561,-0.937886119,0.360993385,-0.534692526,-0.217299685,-1.06639671,0.0158624232,-0.0880862141,-0.191388439,-0.0736007392,0.00618134141,-0.12,0.473125052,0.2,0.0221986771,-0.156938505,-0.0173839748,-0.08,0.0158624232,0.191388439,0.00618134141,0.473125052,-0.0221986771,-0.0173839748,0.0880862141,-0.0736007392,-0.12,-0.2,0.08,0.156938505
1306,34740942,0.183232278,-1.0362879,-0.0139334006,0.240384385,0.200529382,-1.8350805,0.558076084,-0.779383183,0.62429595,-0.677621245,-0.14372021,-1.27097666,0.0146585822,-0.0829030323,-0.20627003,-0.0918270268,0.0160423505,-0.12,0.451134238,0.2,0.07485919,-0.185524249,-0.0114976168,-0.08,0.0146585822,0.20627003,0.0160423505,0.451134238,-0.07485919,-0.0114976168,0.0829030323,-0.0918270268,-0.12,-0.2,0.08,0.185524249
1307,34759879,0.0151139572,-1.01800847,-0.0646436587,0.245803446,0.338721246,-1.55899429,0.498860717,-0.663133323,0.75844872,-0.754092932,-0.117928572,-1.41479385,0.00120911658,-0.0814406776,-0.229089646,-0.0893884495,0.0270976996,-0.12,0.424487323,0.2,0.101689744,-0.200818586,-0.00943428576,-0.08,0.00120911658,0.229089646,0.0270976996,0.424487323,-0.101689744,-0.00943428576,0.0814406776,-0.0893884495,-0.12,-0.2,0.08,0.200818586
1308,34779795,-0.0740649477,-1.05030394,-0.0580136701,0.236243516,0.372456998,-1.3162359,0.465620875,-0.490807861,0.841858983,-0.728475511,-0.167904422,-1.56847906,-0.00592519581,-0.0840243149,-0.226106152,-0.0936904177,0.0297965598,-0.105298872,0.409529394,0.2,0.118371797,-0.195695102,-0.0134323537,-0.08,-0.00592519581,0.226106152,0.0297965598,0.409529394,-0.118371797,-0.0134323537,0.0840243149,-0.0936904177,-0.105298872,-0.2,0.08,0.195695102
1309,34800497,0.0388745368,-1.02078772,-0.00925557315,0.252604157,0.341778427,-1.10667348,0.370540708,-0.207849279,0.938931942,-0.666999936,-0.211361453,-1.59332466,0.00310996294,-0.0816630173,-0.204165008,-0.0863281295,0.0273422742,-0.0885338783,0.366743319,0.2,0.13,-0.183399987,-0.0169089162,-0.08,0.00310996294,0.204165008,0.0273422742,0.366743319,-0.13,-0.0169089162,0.0816630173,-0.0863281295,-0.0885338783,-0.2,0.08,0.183399987
1310,34820328,0.219785437,-0.85760659,-0.00472927373,0.333913177,0.272874981,-0.984286487,0.301014632,0.16871883,1.24547315,-0.451785445,-0.269127101,-1.40183067,0.017582835,-0.0686085272,-0.202128173,-0.0497390702,0.0218299985,-0.078742919,0.335456584,0.275923473,0.13,-0.140357089,-0.0215301681,-0.08,0.017582835,0.202128173,0.0218299985,0.335456584,-0.13,-0.0215301681,0.0686085272,-0.0497390702,-0.078742919,-0.275923473,0.08,0.140357089
1311,34857320,0.409699976,-0.69138813,-0.0321782231,0.277198255,0.133386478,-0.782138288,0.280999601,0.399964064,1.42022014,-0.289553255,-0.284800231,-1.13626623,0.0327759981,-0.0553110504,-0.2144802,-0.0752607852,0.0106709182,-0.062571063,0.32644982,0.379983829,0.13,-0.107910651,-0.0227840185,-0.08,0.0327759981,0.2144802,0.0106709182,0.32644982,-0.13,-0.0227840185,0.0553110504,-0.0752607852,-0.062571063,-0.379983829,0.08,0.107910651
1312,34867035,0.592844248,-0.54428035,0.00103919697,0.116069771,-0.0785894617,-0.448680699,0.182502687,0.419380575,1.27235985,-0.431685418,-0.274214208,-0.859660268,0.0474275398,-0.043542428,-0.199532361,-0.147768603,-0.00628715694,-0.0358944559,0.282126209,0.388721259,0.13,-0.136337084,-0.0219371367,-0.0687728214,0.0474275398,0.199532361,-0.00628715694,0.282126209,-0.13,-0.0219371367,0.043542428,-0.147768603,-0.0358944559,-0.388721259,0.0687728214,0.136337084
1313,34882726,0.660231054,-0.30035156,-0.00620882818,0.0373730287,-0.276510239,-0.150702223,-0.0515187904,0.346510559,0.811920643,-0.588783979,-0.357429057,-0.520482242,0.0528184843,-0.0240281248,-0.202793973,-0.183182137,-0.0221208191,-0.0120561779,0.2,0.355929752,0.112384129,-0.167756796,-0.0285943246,-0.0416385794,0.0528184843,0.202793973,-0.0221208191,0.2,-0.112384129,-0.0285943246,0.0240281248,-0.183182137,-0.0120561779,-0.355929752,0.0416385794,0.167756796
1314,34899787,0.616069913,0.0348361991,-0.177639008,0.0439699888,-0.362337708,0.0833102912,-0.313535959,0.305124044,0.152042836,-0.7353459,-0.362389982,-0.276816964,0.049285593,0.00278689593,-0.279937553,-0.180213505,-0.0289870167,0.00666482329,0.2,0.33730582,-0.0195914328,-0.19706918,-0.0289911985,-0.0221453571,0.049285593,0.279937553,-0.0289870167,0.2,0.0195914328,-0.0289911985,-0.00278689593,-0.180213505,0.00666482329,-0.33730582,0.0221453571,0.19706918
1315,34920317,0.465979844,0.295127958,-0.298048675,0.153438374,-0.291299552,0.221912131,-0.48570317,0.251611799,-0.360569119,-0.829633474,-0.373532146,-0.183242276,0.0372783875,0.0236102366,-0.334121904,-0.130952732,-0.0233039641,0.0177529705,0.2,0.31322531,-0.122113824,-0.215926695,-0.0298825717,-0.0146593821,0.0372783875,0.334121904,-0.0233039641,0.2,0.122113824,-0.0298825717,-0.0236102366,-0.130952732,0.0177529705,-0.31322531,0.0146593821,0.215926695
1316,34940004,0.306327552,0.401285619,-0.3355892,0.265318662,-0.101046056,0.246278584,-0.636024654,0.218627676,-0.669287264,-0.879226148,-0.366434604,-0.17137824,0.0245062041,0.0321028495,-0.35101514,-0.0806066021,-0.00808368444,0.0197022867,0.2,0.298382454,-0.183857453,-0.22584523,-0.0293147683,-0.0137102592,0.0245062041,0.35101514,-0.00808368444,0.2,0.183857453,-0.0293147683,-0.0321028495,-0.0806066021,0.0197022867,-0.298382454,0.0137102592,0.22584523
1317,34973767,0.174716398,0.421343714,-0.281119287,0.343379289,0.114334688,0.197892472,-0.734689832,0.169893324,-0.838582098,-0.85353446,-0.375510961,-0.156662196,0.0139773118,0.0337074971,-0.326503679,-0.04547932,0.00914677501,0.0158313978,0.2,0.276451996,-0.21771642,-0.220706892,-0.0300408769,-0.0125329757,0.0139773118,0.326503679,0.00914677501,0.2,0.21771642,-0.0300408769,-0.0337074971,-0.04547932,0.0158313978,-0.276451996,0.0125329757,0.220706892
1318,34981270,0.0401027985,0.365580887,-0.196709812,0.376417547,0.302895546,0.128277019,-0.69631052,0.0815189034,-0.911486089,-0.792218268,-0.389956355,-0.174466535,0.00320822388,0.0292464709,-0.288519415,-0.0306121036,0.0242316437,0.0102621615,0.2,0.236683507,-0.23,-0.208443654,-0.0311965084,-0.0139573228,0.00320822388,0.288519415,0.0242316437,0.2,0.23,-0.0311965084,-0.0292464709,-0.0306121036,0.0102621615,-0.236683507,0.0139573228,0.208443654
1319,34999398,-0.0883549377,0.222502962,-0.098972708,0.335635066,0.365864277,0.0575608909,-0.419987381,-0.0619895086,-0.76443541,-0.697269201,-0.378945589,-0.208850607,-0.00706839502,0.0178002369,-0.244537719,-0.0489642203,0.0292691422,0.00460487127,0.2,0.2,-0.202887082,-0.18945384,-0.0303156471,-0.0167080486,-0.00706839502,0.244537719,0.0292691422,0.2,0.202887082,-0.0303156471,-0.0178002369,-0.0489642203,0.00460487127,-0.2,0.0167080486,0.18945384
1320,35021687,-0.123930857,0.0176630039,0.0103580663,0.132878587,0.299988031,0.000181052834,-0.0700398758,-0.187401175,-0.361191511,-0.633718908,-0.223007143,-0.28961584,-0.00991446853,0.00141304031,-0.19533887,-0.140204636,0.0239990425,1.44842267e-05,0.2,0.2,-0.122238302,-0.176743782,-0.0178405714,-0.0231692672,-0.00991446853,0.19533887,0.0239990425,0.2,0.122238302,-0.0178405714,-0.00141304031,-0.140204636,1.44842267e-05,-0.2,0.0231692672,0.176743782
1321,35039791,-0.206490725,-0.31761089,0.172421798,-0.157455057,0.169447958,0.00431047846,0.313507438,-0.455675185,-0.0508423038,-0.580824077,-0.100128785,-0.486049712,-0.016519258,-0.0254088712,-0.122410191,-0.270854776,0.0135558367,0.000344838277,0.341078347,0.2,-0.0601684608,-0.166164815,-0.00801030278,-0.0388839769,-0.016519258,0.122410191,0.0135558367,0.341078347,0.0601684608,-0.00801030278,0.0254088712,-0.270854776,0.000344838277,-0.2,0.0388839769,0.166164815
1322,35058824,-0.269491404,-0.623992324,0.350313455,-0.376116157,0.121827476,0.162311584,0.64438796,-0.641970158,0.0253857616,-0.521484435,-0.0952685028,-0.695034206,-0.0215593123,-0.0499193859,-0.0423589453,-0.36925227,0.00974619806,0.0129849267,0.489974582,0.2,-0.0449228477,-0.154296887,-0.00762148023,-0.0556027365,-0.0215593123,0.0423589453,0.00974619806,0.489974582,0.0449228477,-0.00762148023,0.0499193859,-0.36925227,0.0129849267,-0.2,0.0556027365,0.154296887
1323,35083934,-0.245368555,-0.648728192,0.419028044,-0.361670375,0.27442345,0.399167299,0.44585368,-0.582701147,-0.303295434,-0.485328615,-0.180953309,-0.730642617,-0.0196294844,-0.0518982553,-0.0114373803,-0.362751669,0.021953876,0.0319333839,0.400634156,0.2,-0.110659087,-0.147065723,-0.0144762647,-0.0584514093,-0.0196294844,0.0114373803,0.021953876,0.400634156,0.110659087,-0.0144762647,0.0518982553,-0.362751669,0.0319333839,-0.2,0.0584514093,0.147065723
1324,35105871,-0.380175769,-0.420098454,0.518633008,-0.361399353,0.49159047,0.652132034,0.122818775,-0.623083651,-0.82891041,-0.371660084,-0.263402045,-0.64386189,-0.0304140615,-0.0336078763,0.0333848536,-0.362629709,0.0393272376,0.0521705627,0.255268449,0.2,-0.215782082,-0.124332017,-0.0210721636,-0.0515089512,-0.0304140615,-0.0333848536,0.0393272376,0.255268449,0.215782082,-0.0210721636,0.0336078763,-0.362629709,0.0521705627,-0.2,0.0515089512,0.124332017
1325,35118948,-0.505930483,0.010478287,0.658900917,-0.393633515,0.698820829,0.80715704,-0.154422432,-0.581797242,-1.10495615,-0.16848141,-0.210115179,-0.430507064,-0.0404744387,0.00083826296,0.0965054125,-0.377135082,0.0559056664,0.0645725632,0.2,0.2,-0.23,-0.0836962819,-0.0168092144,-0.0344405651,-0.0404744387,-0.0965054125,0.0559056664,0.2,0.23,-0.0168092144,-0.00083826296,-0.377135082,0.0645725632,-0.2,0.0344405651,0.0836962819
1326,35144861,-0.545156837,0.488467783,0.666247249,-0.348428041,0.821237266,0.781650722,-0.339111418,-0.462326527,-1.08161318,-0.0337138325,-0.119875006,-0.129573688,-0.0436125469,0.0390774226,0.0998112619,-0.356792618,0.0656989813,0.0625320578,0.2,0.2,-0.23,-0.0567427665,-0.00959000051,-0.010365895,-0.0436125469,-0.0998112619,0.0656989813,0.2,0.23,-0.00959000051,-0.0390774226,-0.356792618,0.0625320578,-0.2,0.010365895,0.0567427665
1327,35159057,-0.585333824,0.940210283,0.622128785,-0.31403029,0.937716424,0.728539884,-0.389292866,-0.379550427,-0.986492455,0.107035421,-0.123690397,0.14566043,-0.0468267059,0.0752168226,0.0799579531,-0.34131363,0.075017314,0.0582831907,0.2,0.2,-0.23,-0.0285929158,-0.00989523172,0.0116528344,-0.0468267059,-0.0799579531,0.075017314,0.2,0.23,-0.00989523172,-0.0752168226,-0.34131363,0.0582831907,-0.2,-0.0116528344,0.0285929158
1328,35180714,-0.638758004,1.18632364,0.545068204,-0.3432118,1.00413084,0.674023211,-0.319367439,-0.410084546,-0.941721439,0.197094545,-0.190381169,0.314534277,-0.0511006403,0.0949058914,0.045280692,-0.35444531,0.0803304672,0.0539218569,0.2,0.2,-0.23,-0.010581091,-0.0152304935,0.0251627421,-0.0511006403,-0.045280692,0.0803304672,0.2,0.23,-0.0152304935,-0.0949058914,-0.35444531,0.0539218569,-0.2,-0.0251627421,0.010581091
1329,35208295,-0.662838101,1.25900686,0.517615676,-0.433453888,1.00696635,0.624285161,-0.197965384,-0.438799083,-0.935756087,0.220355913,-0.239354566,0.357917309,-0.0530270481,0.100720549,0.0329270542,-0.395054249,0.0805573082,0.0499428129,0.2,0.2,-0.23,-0.00592881739,-0.0191483653,0.0286333847,-0.0530270481,-0.0329270542,0.0805573082,0.2,0.23,-0.0191483653,-0.100720549,-0.395054249,0.0499428129,-0.2,-0.0286333847,0.00592881739
1330,35218908,-0.602137804,1.23721159,0.496876597,-0.488168687,0.992390394,0.56596601,-0.138420597,-0.381991297,-0.923011482,0.233952031,-0.212370738,0.329267651,-0.0481710243,0.0989769268,0.0235944688,-0.419675909,0.0793912315,0.0452772808,0.2,0.2,-0.23,-0.00320959389,-0.0169896591,0.0263414121,-0.0481710243,-0.0235944688,0.0793912315,0.2,0.23,-0.0169896591,-0.0989769268,-0.419675909,0.0452772808,-0.2,-0.0263414121,0.00320959389
1331,35247460,-0.528421044,1.21316409,0.483935237,-0.496066868,0.983333468,0.528070331,-0.107809298,-0.313786238,-0.899717391,0.274994969,-0.173671007,0.267412782,-0.0422736835,0.0970531273,0.0177708566,-0.423230091,0.0786666775,0.0422456264,0.2,0.2,-0.229943478,0.00499899387,-0.0138936806,0.0213930225,-0.0422736835,-0.0177708566,0.0786666775,0.2,0.229943478,-0.0138936806,-0.0970531273,-0.423230091,0.0422456264,-0.2,-0.0213930225,-0.00499899387
1332,35263034,-0.445072234,1.206761,0.459861547,-0.497151911,0.981007993,0.52638495,-0.0912884548,-0.265934467,-0.902681947,0.31512782,-0.1270639,0.236573949,-0.0356057787,0.0965408802,0.00693769604,-0.42371836,0.0784806395,0.042110796,0.2,0.2,-0.23,0.013025564,-0.010165112,0.018925916,-0.0356057787,-0.00693769604,0.0784806395,0.2,0.23,-0.010165112,-0.0965408802,-0.42371836,0.042110796,-0.2,-0.018925916,-0.013025564
1333,35277545,-0.353558362,1.20747364,0.460317075,-0.489472836,0.968751967,0.537396431,-0.104663543,-0.200363994,-0.91750747,0.336826891,-0.0592981614,0.281341851,-0.0282846689,0.0965978909,0.00714268386,-0.420262776,0.0775001574,0.0429917145,0.2,0.2,-0.23,0.0173653781,-0.00474385291,0.0225073481,-0.0282846689,-0.00714268386,0.0775001574,0.2,0.23,-0.00474385291,-0.0965978909,-0.420262776,0.0429917145,-0.2,-0.0225073481,-0.0173653781
1334,35304314,-0.292502135,1.18078065,0.441551268,-0.477014333,0.929597616,0.565380156,-0.0849780366,-0.166283026,-0.955067694,0.361948371,0.0223084725,0.37755999,-0.0234001708,0.0944624519,-0.00130192935,-0.41465645,0.0743678093,0.0452304125,0.2,0.2,-0.23,0.0223896742,0.0017846778,0.0302047992,-0.0234001708,0.00130192935,0.0743678093,0.2,0.23,0.0017846778,-0.0944624519,-0.41465645,0.0452304125,-0.2,-0.0302047992,-0.0223896742
1335,35320180,-0.275732011,1.11559391,0.422205329,-0.496056497,0.868392289,0.601968527,-0.0378581621,-0.167450041,-1.03929973,0.374539465,0.111611187,0.491365999,-0.0220585608,0.0892475128,-0.010007602,-0.423225424,0.0694713831,0.0481574821,0.2,0.2,-0.23,0.0249078929,0.008928895,0.0393092799,-0.0220585608,0.010007602,0.0694713831,0.2,0.23,0.008928895,-0.0892475128,-0.423225424,0.0481574821,-0.2,-0.0393092799,-0.0249078929
1336,35347760,-0.319295764,1.02923596,0.407676905,-0.540221214,0.770540059,0.625556886,0.0475746989,-0.197805703,-1.17369139,0.34684813,0.201477781,0.610054314,-0.0255436611,0.0823388767,-0.0165453926,-0.443099546,0.0616432047,0.0500445509,0.221408615,0.2,-0.23,0.019369626,0.0161182225,0.0488043451,-0.0255436611,0.0165453926,0.0616432047,0.221408615,0.23,0.0161182225,-0.0823388767,-0.443099546,0.0500445509,-0.2,-0.0488043451,-0.019369626
1337,35358973,-0.42066735,0.967454553,0.423294485,-0.589807034,0.64722085,0.635463536,0.145610869,-0.236236349,-1.34888589,0.310085982,0.24865976,0.715004146,-0.033653388,0.0773963642,-0.00951748192,-0.465413165,0.051777668,0.0508370829,0.265524891,0.2,-0.23,0.0120171964,0.0198927808,0.0572003317,-0.033653388,0.00951748192,0.051777668,0.265524891,0.23,0.0198927808,-0.0773963642,-0.465413165,0.0508370829,-0.2,-0.0572003317,-0.0120171964
1338,35386488,-0.510033786,0.936356843,0.451695561,-0.625709295,0.51507324,0.615159273,0.208886236,-0.246653885,-1.54063296,0.281542659,0.25471437,0.7767542,-0.0408027029,0.0749085474,0.00326300263,-0.481569183,0.0412058592,0.0492127419,0.293998806,0.2,-0.23,0.00630853176,0.0203771496,0.062140336,-0.0408027029,-0.00326300263,0.0412058592,0.293998806,0.23,0.0203771496,-0.0749085474,-0.481569183,0.0492127419,-0.2,-0.062140336,-0.00630853176
1339,35399581,-0.57102412,0.971893907,0.484455973,-0.671954155,0.390724003,0.570290387,0.228663713,-0.24262327,-1.75103712,0.24794516,0.251580119,0.835463166,-0.0456819296,0.0777515125,0.0180051878,-0.50237937,0.0312579203,0.0456232309,0.302898671,0.2,-0.23,-0.000410968065,0.0201264095,0.0668370533,-0.0456819296,-0.0180051878,0.0312579203,0.302898671,0.23,0.0201264095,-0.0777515125,-0.50237937,0.0456232309,-0.2,-0.0668370533,0.000410968065
1340,35429049,-0.598124444,1.06139266,0.508684635,-0.717485785,0.281080604,0.508871675,0.204819724,-0.226220429,-1.97270298,0.197420612,0.261660427,0.925868332,-0.0478499556,0.0849114132,0.0289080858,-0.522868603,0.0224864483,0.040709734,0.292168876,0.2,-0.23,-0.0105158776,0.0209328341,0.0740694666,-0.0478499556,-0.0289080858,0.0224864483,0.292168876,0.23,0.0209328341,-0.0849114132,-0.522868603,0.040709734,-0.2,-0.0740694666,0.0105158776
1341,35438346,-0.570357442,1.19178426,0.53847605,-0.784730434,0.210833222,0.455748022,0.121862926,-0.166167364,-2.19498205,0.156769648,0.287583053,0.994472563,-0.0456285954,0.095342741,0.0423142225,-0.553128695,0.0168666577,0.0364598417,0.254838317,0.2,-0.23,-0.0186460704,0.0230066442,0.0795578051,-0.0456285954,-0.0423142225,0.0168666577,0.254838317,0.23,0.0230066442,-0.095342741,-0.553128695,0.0364598417,-0.2,-0.0795578051,0.0186460704
1342,35459934,-0.460195154,1.28983676,0.518932641,-0.834975004,0.16672352,0.410485804,0.00223892089,-0.0548642203,-2.38550329,0.150959894,0.33534506,1.05738926,-0.0368156123,0.103186941,0.0335196882,-0.575738752,0.0133378816,0.0328388643,0.201007514,0.2,-0.23,-0.0198080212,0.0268276048,0.08,-0.0368156123,-0.0335196882,0.0133378816,0.201007514,0.23,0.0268276048,-0.103186941,-0.575738752,0.0328388643,-0.2,-0.08,0.0198080212
1343,35479901,-0.286249608,1.32322717,0.466118783,-0.865998864,0.143156216,0.387431741,-0.126747653,0.0789029077,-2.54137588,0.173726797,0.385093004,1.11026692,-0.0228999686,0.105858173,0.00975345224,-0.589699489,0.0114524972,0.0309945393,0.2,0.235506308,-0.23,-0.0152546406,0.0308074403,0.08,-0.0228999686,-0.00975345224,0.0114524972,0.2,0.23,0.0308074403,-0.105858173,-0.589699489,0.0309945393,-0.235506308,-0.08,0.0152546406
1344,35501814,-0.0504317805,1.24842751,0.396971613,-0.849788725,0.125049978,0.387118697,-0.251741618,0.220440254,-2.66392589,0.218996137,0.426498711,1.11543822,-0.00403454244,0.0998742008,-0.0213627741,-0.582404926,0.0100039983,0.0309694958,0.2,0.299198114,-0.23,-0.00620077252,0.0341198969,0.08,-0.00403454244,0.0213627741,0.0100039983,0.2,0.23,0.0341198969,-0.0998742008,-0.582404926,0.0309694958,-0.299198114,-0.08,0.00620077252
1345,35518978,0.266652107,0.994354963,0.291606158,-0.743027449,0.0702416301,0.384620219,-0.379085064,0.35088402,-2.77506328,0.264484674,0.475365639,1.10505414,0.0213321686,0.0795483971,-0.0687772289,-0.534362352,0.00561933041,0.0307696176,0.2,0.357897809,-0.23,0.00289693475,0.0380292511,0.08,0.0213321686,0.0687772289,0.00561933041,0.2,0.23,0.0380292511,-0.0795483971,-0.534362352,0.0307696176,-0.357897809,-0.08,-0.00289693475
1346,35545762,0.712752938,0.521350622,0.176850796,-0.534664273,-0.00448561972,0.396133006,-0.60928601,0.548027992,-2.90754271,0.273853153,0.519145787,0.977545023,0.0570202351,0.0417080498,-0.120417142,-0.440598923,-0.000358849578,0.0316906404,0.2,0.446612597,-0.23,0.0047706306,0.0415316629,0.0782036018,0.0570202351,0.120417142,-0.000358849578,0.2,0.23,0.0415316629,-0.0417080498,-0.440598923,0.0316906404,-0.446612597,-0.0782036018,-0.0047706306
1347,35558032,1.21357238,-0.15534699,0.057050027,-0.315216243,-0.0664830506,0.420012921,-0.900786161,0.761589646,-3.06304646,0.289998293,0.56633389,0.652454913,0.0970857906,-0.0124277592,-0.174327488,-0.341847309,-0.00531864405,0.0336010337,0.2,0.542715341,-0.23,0.00799965858,0.0453067112,0.052196393,0.0970857906,0.174327488,-0.00531864405,0.2,0.23,0.0453067112,0.0124277592,-0.341847309,0.0336010337,-0.542715341,-0.052196393,-0.00799965858
1348,35583826,1.39378607,-0.654191792,0.0171284005,-0.124264903,-0.100997262,0.420069247,-1.06599033,0.817603052,-3.23795176,0.199309319,0.596475065,0.316128492,0.111502886,-0.0523353434,-0.19229222,-0.255919207,-0.00807978094,0.0336055398,0.2,0.567921373,-0.23,-0.0101381361,0.0477180052,0.0252902794,0.111502886,0.19229222,-0.00807978094,0.2,0.23,0.0477180052,0.0523353434,-0.255919207,0.0336055398,-0.567921373,-0.0252902794,0.0101381361
1349,35608807,-0.460181355,-2.00025082,0.539851367,1.20322239,-0.324632704,1.38715994,2.24471092,0.572396576,-1.19701242,5.1537323,-1.1409049,0.267940193,-0.0368145084,-0.12,0.0429331154,0.2,-0.0259706163,0.110972795,1.05,0.457578459,-0.23,0.13,-0.08,0.0214352155,-0.0368145084,-0.0429331154,-0.0259706163,0.65,0.23,-0.08,0.12,0.2,0.110972795,-0.457578459,-0.0214352155,-0.13
1350,35624180,-1.64874136,-2.82573509,0.0506255664,2.38042879,-0.357342541,1.92342913,3.13963342,0.346808046,0.53848964,9.0755558,-2.83924437,0.312901676,-0.12,-0.12,-0.177218495,0.2,-0.0285874033,0.12,1.05,0.356063621,0.057697928,0.13,-0.08,0.0250321341,-0.12,0.177218495,-0.0285874033,0.65,-0.057697928,-0.08,0.12,0.2,0.12,-0.356063621,-0.0250321341,-0.13
1351,35651753,-1.26067352,-3.56155586,0.0877191499,2.91005564,-0.134089753,1.91117811,3.50293183,0.462502569,1.68108594,10.8682022,-3.38823843,0.470552772,-0.100853882,-0.12,-0.160526383,0.2,-0.0107271802,0.12,1.05,0.408126156,0.13,0.13,-0.08,0.0376442218,-0.100853882,0.160526383,-0.0107271802,0.65,-0.13,-0.08,0.12,0.2,0.12,-0.408126156,-0.0376442218,-0.13
1352,35665249,0.773420274,-3.88728142,0.332374543,2.63763165,0.0517270826,1.54132688,3.50638413,0.71482861,2.96322155,9.70073128,-3.70371366,-1.1215297,0.0618736219,-0.12,-0.0504314557,0.2,0.00413816661,0.12,1.05,0.521672875,0.13,0.13,-0.08,-0.08,0.0618736219,0.0504314557,0.00413816661,0.65,-0.13,-0.08,0.12,0.2,0.12,-0.521672875,0.08,-0.13
1353,35681694,4.92750216,-2.30672383,1.5980401,1.49694312,-0.614762247,0.406104296,1.91886139,1.4166708,5.43595886,5.56124973,-4.65010262,-1.72373617,0.12,-0.12,0.2,0.2,-0.0491809797,0.0324883437,1.05,0.83750186,0.13,0.13,-0.08,-0.08,0.12,-0.2,-0.0491809797,0.65,-0.13,-0.08,0.12,0.2,0.0324883437,-0.65,0.08,-0.13
1354,35704702,6.66941023,-1.3772583,2.03394341,1.30430865,-1.02538037,-0.123086244,1.52833557,1.80181885,9.82300282,3.44009638,-6.01613665,-1.05617297,0.12,-0.110180664,0.2,0.2,-0.0820304298,-0.00984689951,0.887751007,1.01081848,0.13,0.13,-0.08,-0.08,0.12,-0.2,-0.0820304298,0.65,-0.13,-0.08,0.110180664,0.2,-0.00984689951,-0.65,0.08,-0.13
1355,35734382,7.17814493,-0.272774994,2.46789813,1.05552936,-1.60265505,-0.232581526,1.19460928,1.73545718,13.4014397,2.50491357,-7.19475508,-0.530350447,0.12,-0.0218219995,0.2,0.2,-0.12,-0.0186065221,0.737574178,0.980955732,0.13,0.13,-0.08,-0.0424280357,0.12,-0.2,-0.12,0.65,-0.13,-0.08,0.0218219995,0.2,-0.0186065221,-0.65,0.0424280357,-0.13
1356,35742070,7.67594194,0.975194573,2.99855447,0.476722509,-2.04842639,-0.209818676,0.921851575,1.54146314,15.7313881,1.85854101,-7.88529634,-0.479752183,0.12,0.0780155659,0.2,0.0145251289,-0.12,-0.0167854941,0.614833209,0.893658412,0.13,0.13,-0.08,-0.0383801746,0.12,-0.2,-0.12,0.614833209,-0.13,-0.08,-0.0780155659,0.0145251289,-0.0167854941,-0.65,0.0383801746,-0.13
1357,35762968,8.21823978,2.16201401,3.38250804,-0.207715333,-2.46957731,-0.101125628,0.782460988,1.30930626,17.2121449,1.22209454,-8.71664143,-0.744398713,0.12,0.12,0.2,-0.2934719,-0.12,-0.00809005022,0.552107444,0.789187819,0.13,0.13,-0.08,-0.059551897,0.12,-0.2,-0.12,0.552107444,-0.13,-0.08,-0.12,-0.2934719,-0.00809005022,-0.65,0.059551897,-0.13
1358,35793737,8.4313488,3.04001141,3.69685769,-0.900512338,-2.7922461,-0.0406446494,0.777803063,1.13494706,18.2001648,0.985459685,-9.97780609,-1.07086313,0.12,0.12,0.2,-0.6,-0.12,-0.00325157195,0.550011379,0.710726178,0.13,0.13,-0.08,-0.08,0.12,-0.2,-0.12,0.550011379,-0.13,-0.08,-0.12,-0.6,-0.00325157195,-0.65,0.08,-0.13
1359,35802667,8.44795132,3.66686797,3.99639702,-1.34875882,-3.05853748,-0.0610534064,0.887453318,1.06664944,19.2180443,1.33296549,-11.4009142,-1.38179755,0.12,0.12,0.2,-0.6,-0.12,-0.00488427252,0.599353993,0.679992247,0.13,0.13,-0.08,-0.08,0.12,-0.2,-0.12,0.599353993,-0.13,-0.08,-0.12,-0.6,-0.00488427252,-0.65,0.08,-0.13
1360,35821868,8.31899166,4.08647823,4.22195339,-1.66288459,-3.22027922,-0.0864308998,1.07084858,1.01695681,20.1401196,1.68838155,-12.7237988,-1.63985741,0.12,0.12,0.2,-0.6,-0.12,-0.00691447198,0.681881863,0.657630563,0.13,0.13,-0.08,-0.08,0.12,-0.2,-0.12,0.65,-0.13,-0.08,-0.12,-0.6,-0.00691447198,-0.65,0.08,-0.13
1361,35845177,8.06524086,4.43733406,4.39654303,-1.88070595,-3.33044314,-0.0359491035,1.26668203,0.975315034,20.9679375,1.98568642,-13.889082,-1.80160677,0.12,0.12,0.2,-0.6,-0.12,-0.00287592828,0.770006913,0.638891765,0.13,0.13,-0.08,-0.08,0.12,-0.2,-0.12,0.65,-0.13,-0.08,-0.12,-0.6,-0.00287592828,-0.638891765,0.08,-0.13
1362,35864055,7.84547091,4.84302568,4.59611607,-2.08156347,-3.37322021,0.0711761415,1.44027042,0.922698855,21.7620907,2.25991988,-14.7642813,-1.86492193,0.12,0.12,0.2,-0.6,-0.12,0.00569409132,0.848121691,0.615214485,0.13,0.13,-0.08,-0.08,0.12,-0.2,-0.12,0.65,-0.13,-0.08,-0.12,-0.6,0.00569409132,-0.615214485,0.08,-0.13
1363,35886220,7.71170187,5.23348999,4.79005957,-2.22129011,-3.40400958,0.196764648,1.60783374,0.915641785,22.6148052,2.48283005,-15.4307613,-1.91324699,0.12,0.12,0.2,-0.6,-0.12,0.0157411718,0.923525184,0.612038803,0.13,0.13,-0.08,-0.08,0.12,-0.2,-0.12,0.65,-0.13,-0.08,-0.12,-0.6,0.0157411718,-0.612038803,0.08,-0.13
1364,35905027,7.65824842,5.56628752,4.97453356,-2.31849504,-3.4034996,0.312494695,1.80658519,0.94378984,23.6185398,2.65090084,-15.9930468,-1.98096073,0.12,0.12,0.2,-0.6,-0.12,0.0249995756,1.01296334,0.624705428,0.13,0.13,-0.08,-0.08,0.12,-0.2,-0.12,0.65,-0.13,-0.08,-0.12,-0.6,0.0249995756,-0.624705428,0.08,-0.13
1365,35926513,7.67336941,5.85818386,5.14558983,-2.40038753,-3.37362385,0.40587154,2.01361108,0.984236777,24.7288055,2.76748133,-16.4923744,-2.05546808,0.12,0.12,0.2,-0.6,-0.12,0.0324697232,1.05,0.64290655,0.13,0.13,-0.08,-0.08,0.12,-0.2,-0.12,0.65,-0.13,-0.08,-0.12,-0.6,0.0324697232,-0.64290655,0.08,-0.13
1366,35941869,7.73942947,6.14499855,5.32404423,-2.4507916,-3.35847902,0.487904847,2.23359656,1.04293704,25.9303303,2.89394641,-16.9535847,-2.13034368,0.12,0.12,0.2,-0.6,-0.12,0.0390323877,1.05,0.669321668,0.13,0.13,-0.08,-0.08,0.12,-0.2,-0.12,0.65,-0.13,-0.08,-0.12,-0.6,0.0390323877,-0.65,0.08,-0.13
1367,35964399,7.83092928,6.44355345,5.50255251,-2.47704911,-3.35118508,0.551529229,2.49396491,1.11022222,27.1947708,3.05879211,-17.397131,-2.20793629,0.12,0.12,0.2,-0.6,-0.12,0.0441223383,1.05,0.699599999,0.13,0.13,-0.08,-0.08,0.12,-0.2,-0.12,0.65,-0.13,-0.08,-0.12,-0.6,0.0441223383,-0.65,0.08,-0.13
1368,35981786,7.93143654,6.76829338,5.67401171,-2.49159884,-3.33355069,0.589688659,2.787637,1.17394233,28.4935741,3.26278067,-17.8291302,-2.28920007,0.12,0.12,0.2,-0.6,-0.12,0.0471750927,1.05,0.728274047,0.13,0.13,-0.08,-0.08,0.12,-0.2,-0.12,0.65,-0.13,-0.08,-0.12,-0.6,0.0471750927,-0.65,0.08,-0.13
1369,36004072,8.03369331,7.10792112,5.83540058,-2.50095081,-3.29785681,0.602076828,3.09998202,1.2291894,29.831892,3.50427318,-18.2651196,-2.37091732,0.12,0.12,0.2,-0.6,-0.12,0.0481661463,1.05,0.753135228,0.13,0.13,-0.08,-0.08,0.12,-0.2,-0.12,0.65,-0.13,-0.08,-0.12,-0.6,0.0481661463,-0.65,0.08,-0.13
1370,36022330,8.13648415,7.45245743,5.98946953,-2.50813389,-3.24987054,0.595905244,3.4133184,1.27838528,31.1855755,3.76601934,-18.7043419,-2.45627737,0.12,0.12,0.2,-0.6,-0.12,0.0476724195,1.05,0.775273377,0.13,0.13,-0.08,-0.08,0.12,-0.2,-0.12,0.65,-0.13,-0.08,-0.12,-0.6,0.0476724195,-0.65,0.08,-0.13
1371,36042185,8.24000168,7.79554367,6.14201498,-2.51254225,-3.18919182,0.575195968,3.71938968,1.32665753,32.5426712,4.03528547,-19.1442089,-2.55162239,0.12,0.12,0.2,-0.6,-0.12,0.0460156775,1.05,0.79699589,0.13,0.13,-0.08,-0.08,0.12,-0.2,-0.12,0.65,-0.13,-0.08,-0.12,-0.6,0.0460156775,-0.65,0.08,-0.13
1372,36060941,8.34632301,8.13489819,6.29130316,-2.50488019,-3.1162641,0.544450998,4.02681828,1.37814534,33.9112663,4.32067871,-19.5750809,-2.65810275,0.12,0.12,0.2,-0.6,-0.12,0.0435560799,1.05,0.820165402,0.13,0.13,-0.08,-0.08,0.12,-0.2,-0.12,0.65,-0.13,-0.08,-0.12,-0.6,0.0435560799,-0.65,0.08,-0.13
1373,36083217,8.46221447,8.47569752,6.43140268,-2.48339033,-3.02635169,0.503965616,4.33021021,1.43278432,35.2912216,4.6195507,-19.9904442,-2.77868843,0.12,0.12,0.2,-0.6,-0.12,0.0403172493,1.05,0.844752944,0.13,0.13,-0.08,-0.08,0.12,-0.2,-0.12,0.65,-0.13,-0.08,-0.12,-0.6,0.0403172493,-0.65,0.08,-0.13
1374,36109844,8.58986282,8.82305622,6.56305122,-2.44078684,-2.91921425,0.454752296,4.63635969,1.49420893,36.6976852,4.9396596,-20.3869686,-2.91251087,0.12,0.12,0.2,-0.6,-0.12,0.0363801837,1.05,0.872394019,0.13,0.13,-0.08,-0.08,0.12,-0.2,-0.12,0.65,-0.13,-0.08,-0.12,-0.6,0.0363801837,-0.65,0.08,-0.13
1375,36120805,8.72273159,9.18513966,6.68688917,-2.37961411,-2.80010295,0.397526622,4.93909073,1.56107378,38.1129494,5.26496315,-20.7625923,-3.05263686,0.12,0.12,0.2,-0.6,-0.12,0.0318021297,1.05,0.902483201,0.13,0.13,-0.08,-0.08,0.12,-0.2,-0.12,0.65,-0.13,-0.08,-0.12,-0.6,0.0318021297,-0.65,0.08,-0.13
1376,36138350,8.85503674,9.54361248,6.81066513,-2.29803634,-2.67512441,0.330331087,5.24461937,1.63885379,39.5272293,5.59591246,-21.1207809,-3.18574905,0.12,0.12,0.2,-0.6,-0.12,0.026426487,1.05,0.937484205,0.13,0.13,-0.08,-0.08,0.12,-0.2,-0.12,0.65,-0.13,-0.08,-0.12,-0.6,0.026426487,-0.65,0.08,-0.13
1377,36161400,8.97184181,9.87096214,6.94522095,-2.19766402,-2.55672097,0.252551138,5.55013943,1.72942615,40.9374771,5.91821241,-21.4686184,-3.29293966,0.12,0.12,0.2,-0.6,-0.12,0.0202040911,1.05,0.978241765,0.13,0.13,-0.08,-0.08,0.12,-0.2,-0.12,0.65,-0.13,-0.08,-0.12,-0.6,0.0202040911,-0.65,0.08,-0.13
1378,36179744,9.05725479,10.1490355,7.08232403,-2.07989669,-2.44554734,0.152041212,5.86719227,1.83292496,42.3698502,6.25706911,-21.817337,-3.37646961,0.12,0.12,0.2,-0.6,-0.12,0.0121632969,1.05,1.02481623,0.13,0.13,-0.08,-0.08,0.12,-0.2,-0.12,0.65,-0.13,-0.08,-0.12,-0.6,0.0121632969,-0.65,0.08,-0.13
1379,36211298,9.11513615,10.3892069,7.21515703,-1.94856477,-2.33710384,0.0221055895,6.21240187,1.94751847,43.8327217,6.63104868,-22.1694794,-3.44521666,0.12,0.12,0.2,-0.6,-0.12,0.00176844716,1.05,1.05,0.13,0.13,-0.08,-0.08,0.12,-0.2,-0.12,0.65,-0.13,-0.08,-0.12,-0.6,0.00176844716,-0.65,0.08,-0.13
1380,36219736,9.15843964,10.6170263,7.34821653,-1.80508566,-2.23149514,-0.137690365,6.59440327,2.06984806,45.3453064,7.05257082,-22.5347824,-3.50262642,0.12,0.12,0.2,-0.6,-0.12,-0.0110152292,1.05,1.05,0.13,0.13,-0.08,-0.08,0.12,-0.2,-0.12,0.65,-0.13,-0.08,-0.12,-0.6,-0.0110152292,-0.65,0.08,-0.13
1381,36237868,9.1983366,10.8476696,7.47517347,-1.65660059,-2.13157344,-0.321845889,6.99492359,2.19715738,46.8914566,7.4984498,-22.9144325,-3.52030134,0.12,0.12,0.2,-0.6,-0.12,-0.0257476711,1.05,1.05,0.13,0.13,-0.08,-0.08,0.12,-0.2,-0.12,0.65,-0.13,-0.08,-0.12,-0.6,-0.0257476711,-0.65,0.08,-0.13
1382,36259666,9.22918129,11.1361704,7.5611248,-1.52657068,-2.04709959,-0.554195225,7.39123201,2.32460237,48.4745979,7.94958305,-23.3232765,-3.29085755,0.12,0.12,0.2,-0.6,-0.12,-0.044335618,1.05,1.05,0.13,0.13,-0.08,-0.08,0.12,-0.2,-0.12,0.65,-0.13,-0.08,-0.12,-0.6,-0.044335618,-0.65,0.08,-0.13
1383,36281059,9.27123737,11.4967604,7.6176405,-1.39730239,-1.9829855,-0.811517179,7.76259136,2.46809268,50.0576134,8.37754822,-23.7503777,-2.91313577,0.12,0.12,0.2,-0.6,-0.12,-0.0649213743,1.05,1.05,0.13,0.13,-0.08,-0.08,0.12,-0.2,-0.12,0.65,-0.13,-0.08,-0.12,-0.6,-0.0649213743,-0.65,0.08,-0.13
1384,36300966,9.33738899,11.9158258,7.66719723,-1.2721715,-1.93237817,-1.06322956,8.11080837,2.6173594,51.6226006,8.77375317,-24.1819286,-2.49492502,0.12,0.12,0.2,-0.6,-0.12,-0.0850583649,1.05,1.05,0.13,0.13,-0.08,-0.08,0.12,-0.2,-0.12,0.65,-0.13,-0.08,-0.12,-0.6,-0.0850583649,-0.65,0.08,-0.13
1385,36320714,9.43652439,12.3961506,7.71779823,-1.15735662,-1.88965821,-1.29471099,8.45186806,2.76379251,53.1927299,9.1440239,-24.6121578,-2.06971264,0.12,0.12,0.2,-0.6,-0.12,-0.10357688,1.05,1.05,0.13,0.13,-0.08,-0.08,0.12,-0.2,-0.12,0.65,-0.13,-0.08,-0.12,-0.6,-0.10357688,-0.65,0.08,-0.13
1386,36340204,9.56428051,12.9362431,7.76764059,-1.05018198,-1.85340142,-1.5041424,8.79374218,2.9072423,54.7854729,9.49496365,-25.0404224,-1.64813936,0.12,0.12,0.2,-0.6,-0.12,-0.12,1.05,1.05,0.13,0.13,-0.08,-0.08,0.12,-0.2,-0.12,0.65,-0.13,-0.08,-0.12,-0.6,-0.12,-0.65,0.08,-0.13
1387,36359696,9.70675755,13.5218182,7.81098223,-0.948296428,-1.81768155,-1.70121074,9.1443491,3.04134917,56.3863335,9.82358646,-25.4592648,-1.22823882,0.12,0.12,0.2,-0.6,-0.12,-0.12,1.05,1.05,0.13,0.13,-0.08,-0.08,0.12,-0.2,-0.12,0.65,-0.13,-0.08,-0.12,-0.6,-0.12,-0.65,0.08,-0.13
1388,36380451,9.84908581,14.1513338,7.83984613,-0.847646296,-1.7798481,-1.89668643,9.49768257,3.15211606,57.966095,10.0999508,-25.8736382,-0.818371296,0.12,0.12,0.2,-0.581440833,-0.12,-0.12,1.05,1.05,0.13,0.13,-0.08,-0.0654697037,0.12,-0.2,-0.12,0.65,-0.13,-0.08,-0.12,-0.581440833,-0.12,-0.65,0.0654697037,-0.13
1389,36401066,9.96462822,14.7980795,7.86802626,-0.751171947,-1.75486279,-2.08007002,9.79501343,3.23474717,59.521534,10.3535357,-26.3022137,-0.419776589,0.12,0.12,0.2,-0.538027376,-0.12,-0.12,1.05,1.05,0.13,0.13,-0.08,-0.0335821271,0.12,-0.2,-0.12,0.65,-0.13,-0.08,-0.12,-0.538027376,-0.12,-0.65,0.0335821271,-0.13
1390,36419750,10.0673475,15.4311485,7.90709782,-0.659703135,-1.74644196,-2.25622559,10.0506258,3.30530071,61.044693,10.6104784,-26.7575092,-0.0383420996,0.12,0.12,0.2,-0.496866411,-0.12,-0.12,1.05,1.05,0.13,0.13,-0.08,-0.00306736797,0.12,-0.2,-0.12,0.65,-0.13,-0.08,-0.12,-0.496866411,-0.12,-0.65,0.00306736797,-0.13
1391,36442630,10.1785135,16.0386887,7.95348978,-0.572786212,-1.74880707,-2.43609071,10.2982616,3.3730216,62.5344658,10.8720217,-27.2374973,0.322852612,0.12,0.12,0.2,-0.457753795,-0.12,-0.12,1.05,1.05,0.13,0.13,-0.08,0.0258282089,0.12,-0.2,-0.12,0.65,-0.13,-0.08,-0.12,-0.457753795,-0.12,-0.65,-0.0258282089,-0.13
1392,36458348,10.2914019,16.6273613,7.9999752,-0.490902245,-1.75861442,-2.62196565,10.5533237,3.43761134,63.9990005,11.1409578,-27.7320576,0.675802648,0.12,0.12,0.2,-0.42090601,-0.12,-0.12,1.05,1.05,0.13,0.13,-0.08,0.0540642118,0.12,-0.2,-0.12,0.65,-0.13,-0.08,-0.12,-0.42090601,-0.12,-0.65,-0.0540642118,-0.13
1393,36483785,10.4004822,17.207243,8.04193592,-0.412720948,-1.77422285,-2.81147218,10.8202963,3.49583578,65.4370499,11.4239244,-28.2316933,1.02973986,0.12,0.12,0.2,-0.385724427,-0.12,-0.12,1.05,1.05,0.13,0.13,-0.08,0.08,0.12,-0.2,-0.12,0.65,-0.13,-0.08,-0.12,-0.385724427,-0.12,-0.65,-0.08,-0.13
1394,36498295,10.5085106,17.7756329,8.07702827,-0.337368965,-1.80566931,-3.00341105,11.0997601,3.55067682,66.8492203,11.7326136,-28.7288513,1.38689244,0.12,0.12,0.2,-0.351816034,-0.12,-0.12,1.05,1.05,0.13,0.13,-0.08,0.08,0.12,-0.2,-0.12,0.65,-0.13,-0.08,-0.12,-0.351816034,-0.12,-0.65,-0.08,-0.13
1395,36518532,10.6212311,18.3332958,8.1068182,-0.261277676,-1.85305047,-3.20520592,11.3917246,3.60911417,68.2540665,12.0637951,-29.2215481,1.75000346,0.12,0.12,0.2,-0.317574954,-0.12,-0.12,1.05,1.05,0.13,0.13,-0.08,0.08,0.12,-0.2,-0.12,0.65,-0.13,-0.08,-0.12,-0.317574954,-0.12,-0.65,-0.08,-0.13
1396,36541144,10.7413826,18.8907509,8.13247395,-0.182956383,-1.91107655,-3.41341925,11.6869936,3.67035294,69.654129,12.3960571,-29.7054329,2.12102151,0.12,0.12,0.2,-0.282330372,-0.12,-0.12,1.05,1.05,0.13,0.13,-0.08,0.08,0.12,-0.2,-0.12,0.65,-0.13,-0.08,-0.12,-0.282330372,-0.12,-0.65,-0.08,-0.13
1397,36562880,10.8712549,19.4559021,8.15412521,-0.0990232602,-1.97779512,-3.62382627,11.9857149,3.73297596,71.0613022,12.7240477,-30.1756039,2.50370359,0.12,0.12,0.2,-0.244560467,-0.12,-0.12,1.05,1.05,0.13,0.13,-0.08,0.08,0.12,-0.2,-0.12,0.65,-0.13,-0.08,-0.12,-0.244560467,-0.12,-0.65,-0.08,-0.13
1398,36579708,11.0105438,20.033062,8.17102623,-0.0101597272,-2.05260181,-3.83429074,12.2816744,3.79598308,72.4636383,13.0487757,-30.6269073,2.89903951,0.12,0.12,0.2,-0.204571877,-0.12,-0.12,1.05,1.05,0.13,0.13,-0.08,0.08,0.12,-0.2,-0.12,0.65,-0.13,-0.08,-0.12,-0.204571877,-0.12,-0.65,-0.08,-0.13
1399,36601267,11.1570826,20.6223278,8.18490601,0.0815419927,-2.14007807,-4.04528236,12.5699606,3.86050963,73.8519058,13.3717794,-31.0598602,3.29803324,0.12,0.12,0.2,-0.163306103,-0.12,-0.12,1.05,1.05,0.13,0.13,-0.08,0.08,0.12,-0.2,-0.12,0.65,-0.13,-0.08,-0.12,-0.163306103,-0.12,-0.65,-0.08,-0.13
1400,36618631,11.3052616,21.2227077,8.19716549,0.170284718,-2.24619365,-4.25669718,12.8410797,3.92700124,75.2188492,13.6835518,-31.4820728,3.68148923,0.12,0.12,0.2,-0.123371877,-0.12,-0.12,1.05,1.05,0.13,0.13,-0.08,0.08,0.12,-0.2,-0.12,0.65,-0.13,-0.08,-0.12,-0.123371877,-0.12,-0.65,-0.08,-0.13
1401,36640321,11.4580154,21.8289051,8.21274948,0.249016732,-2.36219978,-4.46146345,13.0942144,3.99236608,76.558754,13.9762335,-31.9009914,4.03603268,0.12,0.12,0.2,-0.0879424706,-0.12,-0.12,1.05,1.05,0.13,0.13,-0.08,0.08,0.12,-0.2,-0.12,0.65,-0.13,-0.08,-0.12,-0.0879424706,-0.12,-0.65,-0.08,-0.13
1402,36659791,11.616581,22.4352474,8.23154545,0.318558723,-2.48645067,-4.65698481,13.3341188,4.05576468,77.8751068,14.2496767,-32.3153572,4.36402798,0.12,0.12,0.2,-0.0566485748,-0.12,-0.12,1.05,1.05,0.13,0.13,-0.08,0.08,0.12,-0.2,-0.12,0.65,-0.13,-0.08,-0.12,-0.0566485748,-0.12,-0.65,-0.08,-0.13
1403,36684540,11.780014,23.0339279,8.25010109,0.381095082,-2.61119866,-4.84299374,13.563446,4.11355782,79.1547318,14.5092154,-32.7153931,4.6752162,0.12,0.12,0.2,-0.0285072133,-0.12,-0.12,1.05,1.05,0.13,0.13,-0.08,0.08,0.12,-0.2,-0.12,0.65,-0.13,-0.08,-0.12,-0.0285072133,-0.12,-0.65,-0.08,-0.13
1404,36697788,11.9413891,23.6195583,8.26958656,0.438356698,-2.72575402,-5.02118397,13.786993,4.16553259,80.3957672,14.7639112,-33.1031303,4.96990061,0.12,0.12,0.2,-0.0027394861,-0.12,-0.12,1.05,1.05,0.13,0.13,-0.08,0.08,0.12,-0.2,-0.12,0.65,-0.13,-0.08,-0.12,-0.0027394861,-0.12,-0.65,-0.08,-0.13
1405,36728881,12.0941973,24.1875439,8.29011726,0.492957383,-2.82875299,-5.19419527,14.0107527,4.21275997,81.6057434,15.0213242,-33.4832268,5.25342178,0.12,0.12,0.2,0.0218308225,-0.12,-0.12,1.05,1.05,0.13,0.13,-0.08,0.08,0.12,-0.2,-0.12,0.65,-0.13,-0.08,-0.12,0.0218308225,-0.12,-0.65,-0.08,-0.13
1406,36742264,12.2360973,24.7362061,8.31013393,0.547319293,-2.92098594,-5.365592,14.23771,4.25710487,82.7877579,15.2855873,-33.8570442,5.53292847,0.12,0.12,0.2,0.0462936819,-0.12,-0.12,1.05,1.05,0.13,0.13,-0.08,0.08,0.12,-0.2,-0.12,0.65,-0.13,-0.08,-0.12,0.0462936819,-0.12,-0.65,-0.08,-0.13
1407,36760169,12.3679371,25.2656384,8.32853794,0.605347335,-3.00357604,-5.5374403,14.469739,4.30172825,83.9512939,15.5566597,-34.2246132,5.81521797,0.12,0.12,0.2,0.0724063009,-0.12,-0.12,1.05,1.05,0.13,0.13,-0.08,0.08,0.12,-0.2,-0.12,0.65,-0.13,-0.08,-0.12,0.0724063009,-0.12,-0.65,-0.08,-0.13
1408,36778443,12.4912643,25.7791138,8.34486389,0.668951631,-3.07663894,-5.70883751,14.7050591,4.34758043,85.099884,15.829318,-34.5857506,6.10340452,0.12,0.12,0.2,0.101028234,-0.12,-0.12,1.05,1.05,0.13,0.13,-0.08,0.08,0.12,-0.2,-0.12,0.65,-0.13,-0.08,-0.12,0.101028234,-0.12,-0.65,-0.08,-0.13
1409,36798823,12.6088152,26.2805195,8.35936546,0.737562537,-3.1440196,-5.88040066,14.9438715,4.39435339,86.2373657,16.1031876,-34.9394608,6.40105677,0.12,0.12,0.2,0.131903142,-0.12,-0.12,1.05,1.05,0.13,0.13,-0.08,0.08,0.12,-0.2,-0.12,0.65,-0.13,-0.08,-0.12,0.131903142,-0.12,-0.65,-0.08,-0.13
1410,36820872,12.7244425,26.7738991,8.37116432,0.812962115,-3.21051264,-6.05388927,15.1886311,4.44320059,87.3709335,16.3813114,-35.2840385,6.71482706,0.12,0.12,0.2,0.165832952,-0.12,-0.12,1.05,1.05,0.13,0.13,-0.08,0.08,0.12,-0.2,-0.12,0.65,-0.13,-0.08,-0.12,0.165832952,-0.12,-0.65,-0.08,-0.13
1411,36842440,12.8419123,27.265007,8.37924004,0.894415319,-3.27841163,-6.22995949,15.4362736,4.4942584,88.4974747,16.6618919,-35.6182556,7.04352283,0.12,0.12,0.2,0.2,-0.12,-0.12,1.05,1.05,0.13,0.13,-0.08,0.08,0.12,-0.2,-0.12,0.65,-0.13,-0.08,-0.12,0.2,-0.12,-0.65,-0.08,-0.13
1412,36861876,12.9633551,27.7554989,8.38256073,0.97942245,-3.35096431,-6.40740013,15.6803694,4.54656601,89.6061249,16.9387894,-35.9401016,7.3809371,0.12,0.12,0.2,0.2,-0.12,-0.12,1.05,1.05,0.13,0.13,-0.08,0.08,0.12,-0.2,-0.12,0.65,-0.13,-0.08,-0.12,0.2,-0.12,-0.65,-0.08,-0.13
1413,36887412,13.0885057,28.2450867,8.38192177,1.06394053,-3.43113375,-6.58375359,15.9136095,4.59968328,90.6857758,17.2033672,-36.251358,7.71375132,0.12,0.12,0.2,0.2,-0.12,-0.12,1.05,1.05,0.13,0.13,-0.08,0.08,0.12,-0.2,-0.12,0.65,-0.13,-0.08,-0.12,0.2,-0.12,-0.65,-0.08,-0.13
1414,36897703,13.216733,28.7323895,8.38016701,1.14571989,-3.51805234,-6.75781059,16.1375446,4.65360975,91.7404404,17.4555359,-36.5552025,8.03503323,0.12,0.12,0.2,0.2,-0.12,-0.12,1.05,1.05,0.13,0.13,-0.08,0.08,0.12,-0.2,-0.12,0.65,-0.13,-0.08,-0.12,0.2,-0.12,-0.65,-0.08,-0.13
1415,36924894,13.3489695,29.2154732,8.37726593,1.22562349,-3.61348224,-6.93009663,16.3578014,4.70833445,92.7763214,17.7012177,-36.8488235,8.35140896,0.12,0.12,0.2,0.2,-0.12,-0.12,1.05,1.05,0.13,0.13,-0.08,0.08,0.12,-0.2,-0.12,0.65,-0.13,-0.08,-0.12,0.2,-0.12,-0.65,-0.08,-0.13
1416,36939663,13.4835644,29.6935043,8.37234879,1.30422676,-3.71714234,-7.1010561,16.5766563,4.76391125,93.7945251,17.9426727,-37.1303062,8.66714764,0.12,0.12,0.2,0.2,-0.12,-0.12,1.05,1.05,0.13,0.13,-0.08,0.08,0.12,-0.2,-0.12,0.65,-0.13,-0.08,-0.12,0.2,-0.12,-0.65,-0.08,-0.13
1417,36959783,13.6172876,30.1662064,8.36528301,1.3808285,-3.82814431,-7.27025604,16.7950974,4.81870699,94.7905884,18.1808605,-37.3983574,8.98372364,0.12,0.12,0.2,0.2,-0.12,-0.12,1.05,1.05,0.13,0.13,-0.08,0.08,0.12,-0.2,-0.12,0.65,-0.13,-0.08,-0.12,0.2,-0.12,-0.65,-0.08,-0.13
1418,36983661,13.7442074,30.6337109,8.35685539,1.45384169,-3.94606543,-7.43789911,17.0151901,4.87179565,95.764801,18.4166355,-37.6553497,9.29990578,0.12,0.12,0.2,0.2,-0.12,-0.12,1.05,1.05,0.13,0.13,-0.08,0.08,0.12,-0.2,-0.12,0.65,-0.13,-0.08,-0.12,0.2,-0.12,-0.65,-0.08,-0.13
1419,36997149,13.8588972,31.0972023,8.34851742,1.52059126,-4.06917048,-7.60509586,17.2358665,4.92447519,96.7240906,18.6471195,-37.9073181,9.60770226,0.12,0.12,0.2,0.2,-0.12,-0.12,1.05,1.05,0.13,0.13,-0.08,0.08,0.12,-0.2,-0.12,0.65,-0.13,-0.08,-0.12,0.2,-0.12,-0.65,-0.08,-0.13
1420,37023929,13.965641,31.5561924,8.3415184,1.5823983,-4.19537258,-7.7704711,17.4544258,4.9768157,97.6724091,18.8722515,-38.1554565,9.90680218,0.12,0.12,0.2,0.2,-0.12,-0.12,1.05,1.05,0.13,0.13,-0.08,0.08,0.12,-0.2,-0.12,0.65,-0.13,-0.08,-0.12,0.2,-0.12,-0.65,-0.08,-0.13
1421,37044432,14.0667381,32.007267,8.33540726,1.6410464,-4.32195234,-7.93357325,17.669529,5.02834034,98.6066055,19.0917759,-38.3959312,10.1987619,0.12,0.12,0.2,0.2,-0.12,-0.12,1.05,1.05,0.13,0.13,-0.08,0.08,0.12,-0.2,-0.12,0.65,-0.13,-0.08,-0.12,0.2,-0.12,-0.65,-0.08,-0.13
1422,37057743,14.1606178,32.4478264,8.33004093,1.69729638,-4.4418273,-8.09413052,17.8773651,5.07777452,99.5189743,19.3025589,-38.6257324,10.4783001,0.12,0.12,0.2,0.2,-0.12,-0.12,1.05,1.05,0.13,0.13,-0.08,0.08,0.12,-0.2,-0.12,0.65,-0.13,-0.08,-0.12,0.2,-0.12,-0.65,-0.08,-0.13
1423,37083337,14.2434731,32.8716583,8.32387638,1.75669491,-4.55369759,-8.25300884,18.0832176,5.12507868,100.409561,19.5118637,-38.8414421,10.7520094,0.12,0.12,0.2,0.2,-0.12,-0.12,1.05,1.05,0.13,0.13,-0.08,0.08,0.12,-0.2,-0.12,0.65,-0.13,-0.08,-0.12,0.2,-0.12,-0.65,-0.08,-0.13
1424,37098224,14.3078156,33.2714386,8.31454563,1.82164526,-4.65745735,-8.41512585,18.2877998,5.16856861,101.268051,19.727356,-39.0330505,11.0224237,0.12,0.12,0.2,0.2,-0.12,-0.12,1.05,1.05,0.13,0.13,-0.08,0.08,0.12,-0.2,-0.12,0.65,-0.13,-0.08,-0.12,0.2,-0.12,-0.65,-0.08,-0.13
1425,37128884,14.3552418,33.6458244,8.30041504,1.89234281,-4.75295734,-8.58386517,18.4904804,5.20928907,102.093842,19.949604,-39.2067833,11.2956209,0.12,0.12,0.2,0.2,-0.12,-0.12,1.05,1.05,0.13,0.13,-0.08,0.08,0.12,-0.2,-0.12,0.65,-0.13,-0.08,-0.12,0.2,-0.12,-0.65,-0.08,-0.13
1426,37141328,14.3885326,33.995163,8.28165436,1.96820617,-4.84167862,-8.75887871,18.6902981,5.24689722,102.887161,20.1769619,-39.367939,11.5755024,0.12,0.12,0.2,0.2,-0.12,-0.12,1.05,1.05,0.13,0.13,-0.08,0.08,0.12,-0.2,-0.12,0.65,-0.13,-0.08,-0.12,0.2,-0.12,-0.65,-0.08,-0.13
1427,37158356,14.4091291,34.3216362,8.25825596,2.04904985,-4.92390394,-8.93935204,18.8872871,5.28140926,103.649551,20.4083233,-39.5187798,11.8624458,0.12,0.12,0.2,0.2,-0.12,-0.12,1.05,1.05,0.13,0.13,-0.08,0.08,0.12,-0.2,-0.12,0.65,-0.13,-0.08,-0.12,0.2,-0.12,-0.65,-0.08,-0.13
1428,37186819,14.4227676,34.6274681,8.23002338,2.13412452,-5.00020647,-9.12493896,19.0800343,5.31654882,104.38237,20.6421566,-39.6566544,12.1578245,0.12,0.12,0.2,0.2,-0.12,-0.12,1.05,1.05,0.13,0.13,-0.08,0.08,0.12,-0.2,-0.12,0.65,-0.13,-0.08,-0.12,0.2,-0.12,-0.65,-0.08,-0.13
1429,37198962,14.4344006,34.9148064,8.19775963,2.22280931,-5.07312489,-9.3143158,19.266695,5.354877,105.085884,20.87467,-39.77948,12.4597797,0.12,0.12,0.2,0.2,-0.12,-0.12,1.05,1.05,0.13,0.13,-0.08,0.08,0.12,-0.2,-0.12,0.65,-0.13,-0.08,-0.12,0.2,-0.12,-0.65,-0.08,-0.13
1430,37218696,14.4470549,35.1857834,8.16254711,2.31465888,-5.14281034,-9.5051651,19.4467564,5.39649343,105.76152,21.1030922,-39.8863182,12.7654829,0.12,0.12,0.2,0.2,-0.12,-0.12,1.05,1.05,0.13,0.13,-0.08,0.08,0.12,-0.2,-0.12,0.65,-0.13,-0.08,-0.12,0.2,-0.12,-0.65,-0.08,-0.13
1431,37256827,14.4626751,35.4432869,8.12591267,2.40822363,-5.21039534,-9.69515228,19.6193829,5.44209671,106.412468,21.3242092,-39.9784546,13.070385,0.12,0.12,0.2,0.2,-0.12,-0.12,1.05,1.05,0.13,0.13,-0.08,0.08,0.12,-0.2,-0.12,0.65,-0.13,-0.08,-0.12,0.2,-0.12,-0.65,-0.08,-0.13
1432,37260739,14.4838552,35.6905746,8.08963299,2.50285506,-5.27910662,-9.88211155,19.7870178,5.49314165,107.048965,21.5373039,-40.0588951,13.3725691,0.12,0.12,0.2,0.2,-0.12,-0.12,1.05,1.05,0.13,0.13,-0.08,0.08,0.12,-0.2,-0.12,0.65,-0.13,-0.08,-0.12,0.2,-0.12,-0.65,-0.08,-0.13
1433,37278562,14.5127373,35.9324417,8.05599308,2.59622335,-5.34925604,-10.0631819,19.949934,5.55031729,107.677841,21.7406425,-40.1316261,13.6670694,0.12,0.12,0.2,0.2,-0.12,-0.12,1.05,1.05,0.13,0.13,-0.08,0.08,0.12,-0.2,-0.12,0.65,-0.13,-0.08,-0.12,0.2,-0.12,-0.65,-0.08,-0.13
1434,37303932,14.5496264,36.1723633,8.02561188,2.68657064,-5.42163706,-10.2356949,20.1070957,5.61056185,108.299026,21.9309597,-40.1984825,13.9501753,0.12,0.12,0.2,0.2,-0.12,-0.12,1.05,1.05,0.13,0.13,-0.08,0.08,0.12,-0.2,-0.12,0.65,-0.13,-0.08,-0.12,0.2,-0.12,-0.65,-0.08,-0.13
1435,37320640,14.5937347,36.4123039,7.99868631,2.77352381,-5.49635029,-10.3982534,20.2598057,5.67114925,108.91256,22.1083622,-40.2613449,14.2209902,0.12,0.12,0.2,0.2,-0.12,-0.12,1.05,1.05,0.13,0.13,-0.08,0.08,0.12,-0.2,-0.12,0.65,-0.13,-0.08,-0.12,0.2,-0.12,-0.65,-0.08,-0.13
1436,37337816,14.6421041,36.6523933,7.97393847,2.85745215,-5.57216072,-10.5509787,20.4096794,5.72866106,109.512756,22.2769585,-40.3193779,14.4823704,0.12,0.12,0.2,0.2,-0.12,-0.12,1.05,1.05,0.13,0.13,-0.08,0.08,0.12,-0.2,-0.12,0.65,-0.13,-0.08,-0.12,0.2,-0.12,-0.65,-0.08,-0.13
1437,37362045,14.6889048,36.8924828,7.94988966,2.93581486,-5.64761925,-10.6966295,20.5533485,5.78106499,110.090416,22.4406681,-40.3730583,14.7356224,0.12,0.12,0.2,0.2,-0.12,-0.12,1.05,1.05,0.13,0.13,-0.08,0.08,0.12,-0.2,-0.12,0.65,-0.13,-0.08,-0.12,0.2,-0.12,-0.65,-0.08,-0.13
1438,37391851,14.7293434,37.1304169,7.92673445,3.00606036,-5.72142267,-10.8380785,20.6881657,5.82843971,110.640038,22.6015701,-40.4258804,14.9786863,0.12,0.12,0.2,0.2,-0.12,-0.12,1.05,1.05,0.13,0.13,-0.08,0.08,0.12,-0.2,-0.12,0.65,-0.13,-0.08,-0.12,0.2,-0.12,-0.65,-0.08,-0.13
1439,37398748,14.7619658,37.3618164,7.90515566,3.06889081,-5.79311514,-10.9762125,20.8170261,5.87213707,111.164803,22.7607727,-40.4813156,15.2108049,0.12,0.12,0.2,0.2,-0.12,-0.12,1.05,1.05,0.13,0.13,-0.08,0.08,0.12,-0.2,-0.12,0.65,-0.13,-0.08,-0.12,0.2,-0.12,-0.65,-0.08,-0.13
1440,37417278,14.7876682,37.5836487,7.88510513,3.12542653,-5.86214161,-11.1117144,20.9423485,5.91328859,111.66964,22.9190578,-40.5403023,15.4334288,0.12,0.12,0.2,0.2,-0.12,-0.12,1.05,1.05,0.13,0.13,-0.08,0.08,0.12,-0.2,-0.12,0.65,-0.13,-0.08,-0.12,0.2,-0.12,-0.65,-0.08,-0.13
1441,37438485,14.808301,37.7948303,7.86618757,3.17664313,-5.92832041,-11.2447605,21.0638828,5.95252419,112.156372,23.0745831,-40.602005,15.6472073,0.12,0.12,0.2,0.2,-0.12,-0.12,1.05,1.05,0.13,0.13,-0.08,0.08,0.12,-0.2,-0.12,0.65,-0.13,-0.08,-0.12,0.2,-0.12,-0.65,-0.08,-0.13
1442,37461053,14.8241463,37.9945679,7.84839821,3.22347045,-5.99086905,-11.3741999,21.1805038,5.98979378,112.624023,23.2245274,-40.6648827,15.8513231,0.12,0.12,0.2,0.2,-0.12,-0.12,1.05,1.05,0.13,0.13,-0.08,0.08,0.12,-0.2,-0.12,0.65,-0.13,-0.08,-0.12,0.2,-0.12,-0.65,-0.08,-0.13
1443,37478507,14.8355808,38.1822319,7.83179426,3.26707935,-6.04940748,-11.4996643,21.2927914,6.02546692,113.074387,23.3682194,-40.7278061,16.0463314,0.12,0.12,0.2,0.2,-0.12,-0.12,1.05,1.05,0.13,0.13,-0.08,0.08,0.12,-0.2,-0.12,0.65,-0.13,-0.08,-0.12,0.2,-0.12,-0.65,-0.08,-0.13
1444,37504288,14.8431683,38.3578339,7.81631708,3.30845642,-6.10278797,-11.621273,21.4011631,6.05946922,113.507767,23.5066738,-40.7893105,16.2336712,0.12,0.12,0.2,0.2,-0.12,-0.12,1.05,1.05,0.13,0.13,-0.08,0.08,0.12,-0.2,-0.12,0.65,-0.13,-0.08,-0.12,0.2,-0.12,-0.65,-0.08,-0.13
1445,37518667,14.8479786,38.5218582,7.8011713,3.34850574,-6.15149879,-11.739562,21.5048046,6.09219027,113.923744,23.6399765,-40.8482094,16.4144573,0.12,0.12,0.2,0.2,-0.12,-0.12,1.05,1.05,0.13,0.13,-0.08,0.08,0.12,-0.2,-0.12,0.65,-0.13,-0.08,-0.12,0.2,-0.12,-0.65,-0.08,-0.13
1446,37541362,14.850915,38.675045,7.78659058,3.38751554,-6.19572496,-11.8544884,21.6032314,6.12415695,114.32254,23.7677746,-40.9043579,16.5882397,0.12,0.12,0.2,0.2,-0.12,-0.12,1.05,1.05,0.13,0.13,-0.08,0.08,0.12,-0.2,-0.12,0.65,-0.13,-0.08,-0.12,0.2,-0.12,-0.65,-0.08,-0.13
1447,37561191,14.8531609,38.8192329,7.77286577,3.42579651,-6.2376647,-11.9661798,21.6978016,6.15571499,114.706856,23.8910599,-40.9583702,16.756319,0.12,0.12,0.2,0.2,-0.12,-0.12,1.05,1.05,0.13,0.13,-0.08,0.08,0.12,-0.2,-0.12,0.65,-0.13,-0.08,-0.12,0.2,-0.12,-0.65,-0.08,-0.13
1448,37581225,14.855113,38.9549675,7.7594676,3.46319127,-6.27722073,-12.0743713,21.7875042,6.18641663,115.075127,24.0093918,-41.0091209,16.9189587,0.12,0.12,0.2,0.2,-0.12,-0.12,1.05,1.05,0.13,0.13,-0.08,0.08,0.12,-0.2,-0.12,0.65,-0.13,-0.08,-0.12,0.2,-0.12,-0.65,-0.08,-0.13
1449,37600365,14.8573141,39.0827789,7.74591351,3.50020838,-6.31567621,-12.1798153,21.8733444,6.21558714,115.42588,24.1241016,-41.0552444,17.0781956,0.12,0.12,0.2,0.2,-0.12,-0.12,1.05,1.05,0.13,0.13,-0.08,0.08,0.12,-0.2,-0.12,0.65,-0.13,-0.08,-0.12,0.2,-0.12,-0.65,-0.08,-0.13
1450,37620696,14.8596239,39.2023888,7.73145723,3.53673553,-6.35309219,-12.2827206,21.9540005,6.24311972,115.755875,24.2341461,-41.0958176,17.2335987,0.12,0.12,0.2,0.2,-0.12,-0.12,1.05,1.05,0.13,0.13,-0.08,0.08,0.12,-0.2,-0.12,0.65,-0.13,-0.08,-0.12,0.2,-0.12,-0.65,-0.08,-0.13
1451,37640806,14.8618422,39.3135796,7.71638298,3.57220864,-6.38938427,-12.3834486,22.0293407,6.26989174,116.064987,24.3383598,-41.1316261,17.3825989,0.12,0.12,0.2,0.2,-0.12,-0.12,1.05,1.05,0.13,0.13,-0.08,0.08,0.12,-0.2,-0.12,0.65,-0.13,-0.08,-0.12,0.2,-0.12,-0.65,-0.08,-0.13
1452,37660534,14.865016,39.4155159,7.70122147,3.60611367,-6.42555141,-12.4819546,22.0991173,6.2966795,116.355301,24.4355145,-41.1630898,17.5234737,0.12,0.12,0.2,0.2,-0.12,-0.12,1.05,1.05,0.13,0.13,-0.08,0.08,0.12,-0.2,-0.12,0.65,-0.13,-0.08,-0.12,0.2,-0.12,-0.65,-0.08,-0.13
1453,37678895,14.8693867,39.5079651,7.68638897,3.63815045,-6.46083593,-12.5775347,22.1635742,6.32327414,116.627373,24.5250778,-41.1901436,17.6554832,0.12,0.12,0.2,0.2,-0.12,-0.12,1.05,1.05,0.13,0.13,-0.08,0.08,0.12,-0.2,-0.12,0.65,-0.13,-0.08,-0.12,0.2,-0.12,-0.65,-0.08,-0.13
1454,37702738,14.874917,39.5931015,7.67230225,3.66816092,-6.4954071,-12.6692276,22.2241135,6.34989786,116.884323,24.6079445,-41.2139397,17.7791386,0.12,0.12,0.2,0.2,-0.12,-0.12,1.05,1.05,0.13,0.13,-0.08,0.08,0.12,-0.2,-0.12,0.65,-0.13,-0.08,-0.12,0.2,-0.12,-0.65,-0.08,-0.13
1455,37720671,14.8819151,39.6731415,7.65947962,3.69589305,-6.5294838,-12.755991,22.2814827,6.37644196,117.12925,24.6840668,-41.2360802,17.8947163,0.12,0.12,0.2,0.2,-0.12,-0.12,1.05,1.05,0.13,0.13,-0.08,0.08,0.12,-0.2,-0.12,0.65,-0.13,-0.08,-0.12,0.2,-0.12,-0.65,-0.08,-0.13
1456,37742625,14.8901291,39.7491684,7.64753342,3.72153616,-6.56335688,-12.8372126,22.3356228,6.40145969,117.360687,24.75387,-41.255806,18.003315,0.12,0.12,0.2,0.2,-0.12,-0.12,1.05,1.05,0.13,0.13,-0.08,0.08,0.12,-0.2,-0.12,0.65,-0.13,-0.08,-0.12,0.2,-0.12,-0.65,-0.08,-0.13
1457,37760695,14.8989153,39.8213997,7.63628626,3.74547768,-6.59692574,-12.9129915,22.3868904,6.42454243,117.578003,24.8187294,-41.2727165,18.1060753,0.12,0.12,0.2,0.2,-0.12,-0.12,1.05,1.05,0.13,0.13,-0.08,0.08,0.12,-0.2,-0.12,0.65,-0.13,-0.08,-0.12,0.2,-0.12,-0.65,-0.08,-0.13
1458,37781948,14.9074011,39.8897476,7.62544537,3.76761341,-6.62952948,-12.9837303,22.4347267,6.44582939,117.779686,24.8786831,-41.2872925,18.2023163,0.12,0.12,0.2,0.2,-0.12,-0.12,1.05,1.05,0.13,0.13,-0.08,0.08,0.12,-0.2,-0.12,0.65,-0.13,-0.08,-0.12,0.2,-0.12,-0.65,-0.08,-0.13
1459,37803969,14.9153318,39.9540634,7.61496639,3.78798437,-6.66133308,-13.0502625,22.4798088,6.46539783,117.966682,24.9347,-41.3003044,18.2923393,0.12,0.12,0.2,0.2,-0.12,-0.12,1.05,1.05,0.13,0.13,-0.08,0.08,0.12,-0.2,-0.12,0.65,-0.13,-0.08,-0.12,0.2,-0.12,-0.65,-0.08,-0.13
1460,37823869,14.9225082,40.0143394,7.60503101,3.80645895,-6.69210196,-13.1129913,22.5222111,6.48396158,118.141098,24.9869766,-41.3128815,18.3757648,0.12,0.12,0.2,0.2,-0.12,-0.12,1.05,1.05,0.13,0.13,-0.08,0.08,0.12,-0.2,-0.12,0.65,-0.13,-0.08,-0.12,0.2,-0.12,-0.65,-0.08,-0.13
1461,37838905,14.9291067,40.0706024,7.59573841,3.82329631,-6.7215929,-13.1720848,22.5625782,6.50127125,118.304253,25.0362492,-41.3248787,18.4537392,0.12,0.12,0.2,0.2,-0.12,-0.12,1.05,1.05,0.13,0.13,-0.08,0.08,0.12,-0.2,-0.12,0.65,-0.13,-0.08,-0.12,0.2,-0.12,-0.65,-0.08,-0.13
1462,37869377,14.9350882,40.1231651,7.58688641,3.83846831,-6.74961472,-13.2273331,22.5995731,6.51741219,118.455452,25.0810165,-41.3360329,18.5256062,0.12,0.12,0.2,0.2,-0.12,-0.12,1.05,1.05,0.13,0.13,-0.08,0.08,0.12,-0.2,-0.12,0.65,-0.13,-0.08,-0.12,0.2,-0.12,-0.65,-0.08,-0.13
1463,37879437,14.9403677,40.1719246,7.57868624,3.85260367,-6.77595758,-13.278985,22.6348934,6.53212023,118.596519,25.1229992,-41.3461685,18.5932064,0.12,0.12,0.2,0.2,-0.12,-0.12,1.05,1.05,0.13,0.13,-0.08,0.08,0.12,-0.2,-0.12,0.65,-0.13,-0.08,-0.12,0.2,-0.12,-0.65,-0.08,-0.13
1464,37902566,14.9447908,40.2169876,7.57076073,3.86556983,-6.80030155,-13.3271933,22.667387,6.54557085,118.726357,25.1616039,-41.3551559,18.6560459,0.12,0.12,0.2,0.2,-0.12,-0.12,1.05,1.05,0.13,0.13,-0.08,0.08,0.12,-0.2,-0.12,0.65,-0.13,-0.08,-0.12,0.2,-0.12,-0.65,-0.08,-0.13
1465,37920314,14.9482775,40.2582893,7.56315804,3.8777504,-6.82252407,-13.3724422,22.6977158,6.55787897,118.846085,25.1977921,-41.3630486,18.7147408,0.12,0.12,0.2,0.2,-0.12,-0.12,1.05,1.05,0.13,0.13,-0.08,0.08,0.12,-0.2,-0.12,0.65,-0.13,-0.08,-0.12,0.2,-0.12,-0.65,-0.08,-0.13
1466,37938337,14.9509163,40.2959633,7.55612087,3.88900352,-6.84244728,-13.4147167,22.7255669,6.56951857,118.956665,25.2312603,-41.3703842,18.7687836,0.12,0.12,0.2,0.2,-0.12,-0.12,1.05,1.05,0.13,0.13,-0.08,0.08,0.12,-0.2,-0.12,0.65,-0.13,-0.08,-0.12,0.2,-0.12,-0.65,-0.08,-0.13
1467,37963855,14.9527283,40.3298607,7.54926157,3.89954877,-6.86028862,-13.4540911,22.7505989,6.5796814,119.056381,25.2619095,-41.3761444,18.8187351,0.12,0.12,0.2,0.2,-0.12,-0.12,1.05,1.05,0.13,0.13,-0.08,0.08,0.12,-0.2,-0.12,0.65,-0.13,-0.08,-0.12,0.2,-0.12,-0.65,-0.08,-0.13
1468,37978642,14.95364,40.3596725,7.54235125,3.90961432,-6.87616587,-13.4910383,22.7729111,6.58870983,119.145531,25.2902431,-41.3800278,18.8653145,0.12,0.12,0.2,0.2,-0.12,-0.12,1.05,1.05,0.13,0.13,-0.08,0.08,0.12,-0.2,-0.12,0.65,-0.13,-0.08,-0.12,0.2,-0.12,-0.65,-0.08,-0.13
1469,38002328,14.9534616,40.3852501,7.53552771,3.91953421,-6.88981581,-13.5261889,22.7939491,6.59661579,119.224838,25.318222,-41.3819275,18.910181,0.12,0.12,0.2,0.2,-0.12,-0.12,1.05,1.05,0.13,0.13,-0.08,0.08,0.12,-0.2,-0.12,0.65,-0.13,-0.08,-0.12,0.2,-0.12,-0.65,-0.08,-0.13
1470,38019690,14.9521685,40.4065895,7.52845716,3.92929173,-6.90113401,-13.5598736,22.8131332,6.60371351,119.294243,25.3457031,-41.3818932,18.9534588,0.12,0.12,0.2,0.2,-0.12,-0.12,1.05,1.05,0.13,0.13,-0.08,0.08,0.12,-0.2,-0.12,0.65,-0.13,-0.08,-0.12,0.2,-0.12,-0.65,-0.08,-0.13
1471,38049183,14.9498062,40.4236183,7.52112913,3.93891883,-6.91058159,-13.5923147,22.8304214,6.61008835,119.353935,25.3724384,-41.379879,18.9951859,0.12,0.12,0.2,0.2,-0.12,-0.12,1.05,1.05,0.13,0.13,-0.08,0.08,0.12,-0.2,-0.12,0.65,-0.13,-0.08,-0.12,0.2,-0.12,-0.65,-0.08,-0.13
1472,38056845,14.9469013,40.4370842,7.5140624,3.94837761,-6.91867113,-13.6234522,22.84692,6.61652088,119.407242,25.3986778,-41.3768387,19.0357018,0.12,0.12,0.2,0.2,-0.12,-0.12,1.05,1.05,0.13,0.13,-0.08,0.08,0.12,-0.2,-0.12,0.65,-0.13,-0.08,-0.12,0.2,-0.12,-0.65,-0.08,-0.13
1473,38079682,14.9440489,40.4481621,7.5072484,3.95714593,-6.92584991,-13.6528282,22.8614101,6.62356377,119.455246,25.4223366,-41.3735237,19.0731678,0.12,0.12,0.2,0.2,-0.12,-0.12,1.05,1.05,0.13,0.13,-0.08,0.08,0.12,-0.2,-0.12,0.65,-0.13,-0.08,-0.12,0.2,-0.12,-0.65,-0.08,-0.13
1474,38099456,14.9425039,40.4584198,7.50170946,3.96515369,-6.93266964,-13.6799536,22.8754368,6.63167763,119.502983,25.4434738,-41.3713531,19.107336,0.12,0.12,0.2,0.2,-0.12,-0.12,1.05,1.05,0.13,0.13,-0.08,0.08,0.12,-0.2,-0.12,0.65,-0.13,-0.08,-0.12,0.2,-0.12,-0.65,-0.08,-0.13
1475,38126271,14.9429455,40.4690285,7.49722481,3.97231483,-6.93987131,-13.7039709,22.8882141,6.64007807,119.550499,25.460825,-41.3698349,19.1382332,0.12,0.12,0.2,0.2,-0.12,-0.12,1.05,1.05,0.13,0.13,-0.08,0.08,0.12,-0.2,-0.12,0.65,-0.13,-0.08,-0.12,0.2,-0.12,-0.65,-0.08,-0.13
1476,38138523,14.9452343,40.4805374,7.49354601,3.97882485,-6.94702673,-13.7245331,22.8995266,6.64797783,119.596123,25.4743919,-41.3680725,19.165741,0.12,0.12,0.2,0.2,-0.12,-0.12,1.05,1.05,0.13,0.13,-0.08,0.08,0.12,-0.2,-0.12,0.65,-0.13,-0.08,-0.12,0.2,-0.12,-0.65,-0.08,-0.13
1477,38161320,14.9489498,40.4931107,7.49076319,3.98487711,-6.9542675,-13.7419081,22.910181,6.65515995,119.640503,25.4853745,-41.3661728,19.1905384,0.12,0.12,0.2,0.2,-0.12,-0.12,1.05,1.05,0.13,0.13,-0.08,0.08,0.12,-0.2,-0.12,0.65,-0.13,-0.08,-0.12,0.2,-0.12,-0.65,-0.08,-0.13
1478,38191786,14.9529991,40.5060387,7.48820305,3.99046755,-6.96112537,-13.7567081,22.9197235,6.66093397,119.680649,25.4946861,-41.3636894,19.2128773,0.12,0.12,0.2,0.2,-0.12,-0.12,1.05,1.05,0.13,0.13,-0.08,0.08,0.12,-0.2,-0.12,0.65,-0.13,-0.08,-0.12,0.2,-0.12,-0.65,-0.08,-0.13
1479,38200516,14.9566984,40.5185776,7.48549509,3.99557972,-6.9677124,-13.7700577,22.9280243,6.66551638,119.715431,25.5031834,-41.3608398,19.2327671,0.12,0.12,0.2,0.2,-0.12,-0.12,1.05,1.05,0.13,0.13,-0.08,0.08,0.12,-0.2,-0.12,0.65,-0.13,-0.08,-0.12,0.2,-0.12,-0.65,-0.08,-0.13
1480,38217883,14.9597645,40.5303612,7.48310375,3.99986839,-6.97384071,-13.7823629,22.9353924,6.66981649,119.746704,25.5110817,-41.3591423,19.2493992,0.12,0.12,0.2,0.2,-0.12,-0.12,1.05,1.05,0.13,0.13,-0.08,0.08,0.12,-0.2,-0.12,0.65,-0.13,-0.08,-0.12,0.2,-0.12,-0.65,-0.08,-0.13
1481,38240788,14.9622965,40.5410194,7.48101568,4.00334263,-6.97952318,-13.7937002,22.9422016,6.67340565,119.774529,25.5186443,-41.3582611,19.2636585,0.12,0.12,0.2,0.2,-0.12,-0.12,1.05,1.05,0.13,0.13,-0.08,0.08,0.12,-0.2,-0.12,0.65,-0.13,-0.08,-0.12,0.2,-0.12,-0.65,-0.08,-0.13
1482,38259995,14.9642735,40.5505791,7.47910881,4.0060873,-6.98482895,-13.8040848,22.9480324,6.67650223,119.799141,25.5254402,-41.3580017,19.2757187,0.12,0.12,0.2,0.2,-0.12,-0.12,1.05,1.05,0.13,0.13,-0.08,0.08,0.12,-0.2,-0.12,0.65,-0.13,-0.08,-0.12,0.2,-0.12,-0.65,-0.08,-0.13
1483,38279530,14.9658632,40.5589142,7.47749853,4.00837708,-6.98939276,-13.8135071,22.9534359,6.67922306,119.821442,25.5316448,-41.3581238,19.2861958,0.12,0.12,0.2,0.2,-0.12,-0.12,1.05,1.05,0.13,0.13,-0.08,0.08,0.12,-0.2,-0.12,0.65,-0.13,-0.08,-0.12,0.2,-0.12,-0.65,-0.08,-0.13
