frame_index,elapsed_us,raw_action_0,raw_action_1,raw_action_2,raw_action_3,raw_action_4,raw_action_5,raw_action_6,raw_action_7,raw_action_8,raw_action_9,raw_action_10,raw_action_11,target_q_model_rad_0,target_q_model_rad_1,target_q_model_rad_2,target_q_model_rad_3,target_q_model_rad_4,target_q_model_rad_5,target_q_model_rad_6,target_q_model_rad_7,target_q_model_rad_8,target_q_model_rad_9,target_q_model_rad_10,target_q_model_rad_11,target_rad_0,target_rad_1,target_rad_2,target_rad_3,target_rad_4,target_rad_5,target_rad_6,target_rad_7,target_rad_8,target_rad_9,target_rad_10,target_rad_11
0,7789853,0.209384277,-0.0921076536,-0.0167350397,-0.0982885733,-0.0109555321,0.0188915431,-0.153593644,-0.159801662,-0.177727804,-0.087017104,-0.0989424512,0.104950383,0.0167507422,-0.00736861229,-0.105020512,-0.129486572,-0.000876442567,0.00151132345,0.3,0.3,-0.226659171,-0.213052566,-0.00791539609,0.00839603066,0.0167507422,0.105020512,-0.000876442567,0.3,-0.00791539609,0.226659171,-0.00736861229,-0.129486572,0.00151132345,0.3,-0.213052566,0.00839603066
1,7795053,0.307724476,-0.144876063,7.71482228e-05,-0.0794602484,-0.0149892131,0.0375344492,-0.213727623,-0.236783758,-0.34890759,-0.159131333,-0.131305709,0.142490402,0.0246179581,-0.011590085,-0.0999768555,-0.123838075,-0.00119913705,0.00300275594,0.3,0.3,-0.252336138,-0.2238697,-0.0105044568,0.0113992321,0.0246179581,0.0999768555,-0.00119913705,0.3,-0.0105044568,0.252336138,-0.011590085,-0.123838075,0.00300275594,0.3,-0.2238697,0.0113992321
2,7807576,0.345386267,-0.183828428,0.00455729384,-0.0566157997,-0.0159985796,0.053573437,-0.248762876,-0.269724637,-0.529478014,-0.226693466,-0.135629296,0.14730376,0.0276309013,-0.0147062743,-0.0986328118,-0.11698474,-0.00127988636,0.00428587496,0.3,0.3,-0.279421702,-0.23400402,-0.0108503437,0.0117843008,0.0276309013,0.0986328118,-0.00127988636,0.3,-0.0108503437,0.279421702,-0.0147062743,-0.11698474,0.00428587496,0.3,-0.23400402,0.0117843008
3,7828575,0.349300563,-0.219372615,0.00294817658,-0.0404884778,-0.0110658612,0.0651802346,-0.259488404,-0.271142662,-0.710288882,-0.28542158,-0.132712126,0.141074151,0.0279440451,-0.0175498092,-0.099115547,-0.112146543,-0.000885268897,0.00521441877,0.3,0.3,-0.3,-0.242813237,-0.0106169701,0.0112859321,0.0279440451,0.099115547,-0.000885268897,0.3,-0.0106169701,0.3,-0.0175498092,-0.112146543,0.00521441877,0.3,-0.242813237,0.0112859321
4,7847202,0.331214011,-0.251944393,-0.0156661421,-0.0284789987,-0.00859428663,0.0765947253,-0.270507693,-0.273693502,-0.88100791,-0.338515192,-0.128195733,0.129342273,0.0264971209,-0.0201555514,-0.104699843,-0.1085437,-0.00068754293,0.00612757802,0.3,0.3,-0.3,-0.250777279,-0.0102556586,0.0103473818,0.0264971209,0.104699843,-0.00068754293,0.3,-0.0102556586,0.3,-0.0201555514,-0.1085437,0.00612757802,0.3,-0.250777279,0.0103473818
5,7871981,0.307653069,-0.289674491,-0.0296798181,-0.0224654116,-0.004654794,0.0919348225,-0.278550774,-0.280780494,-1.04797733,-0.391530454,-0.125833407,0.112681791,0.0246122456,-0.0231739593,-0.108903945,-0.106739623,-0.00037238352,0.0073547858,0.3,0.3,-0.3,-0.258729568,-0.0100666726,0.00901454329,0.0246122456,0.108903945,-0.00037238352,0.3,-0.0100666726,0.3,-0.0231739593,-0.106739623,0.0073547858,0.3,-0.258729568,0.00901454329
6,7886515,0.290552974,-0.322756737,-0.0355239734,-0.0154798208,-0.00431040116,0.103588998,-0.296373844,-0.282708853,-1.22158301,-0.437814623,-0.135724723,0.0916692242,0.0232442379,-0.025820539,-0.110657192,-0.104643946,-0.000344832093,0.00828711987,0.3,0.3,-0.3,-0.265672193,-0.0108579779,0.00733353794,0.0232442379,0.110657192,-0.000344832093,0.3,-0.0108579779,0.3,-0.025820539,-0.104643946,0.00828711987,0.3,-0.265672193,0.00733353794
7,7905965,0.280439138,-0.350063562,-0.0398372747,-0.0115805436,-0.00610932754,0.109602079,-0.31888023,-0.287376612,-1.40029657,-0.479573518,-0.152733341,0.0694543347,0.0224351311,-0.028005085,-0.111951182,-0.103474163,-0.000488746203,0.0087681663,0.3,0.3,-0.3,-0.271936028,-0.0122186673,0.00555634677,0.0224351311,0.111951182,-0.000488746203,0.3,-0.0122186673,0.3,-0.028005085,-0.103474163,0.0087681663,0.3,-0.271936028,0.00555634677
8,7929271,0.275330245,-0.364305139,-0.043468751,-0.00349519867,-0.0113659911,0.105316624,-0.340601504,-0.285791874,-1.58003366,-0.518543005,-0.176359311,0.047665488,0.0220264196,-0.0291444111,-0.113040625,-0.10104856,-0.000909279287,0.00842532992,0.3,0.3,-0.3,-0.277781451,-0.0141087449,0.00381323904,0.0220264196,0.113040625,-0.000909279287,0.3,-0.0141087449,0.3,-0.0291444111,-0.10104856,0.00842532992,0.3,-0.277781451,0.00381323904
9,7948254,0.270804495,-0.368625492,-0.046377115,0.00316632516,-0.0171194803,0.0959752947,-0.353685856,-0.284223169,-1.75005054,-0.555510163,-0.195219159,0.028309267,0.0216643596,-0.0294900393,-0.113913134,-0.0990501025,-0.00136955842,0.00767802358,0.3,0.3,-0.3,-0.283326524,-0.0156175327,0.00226474136,0.0216643596,0.113913134,-0.00136955842,0.3,-0.0156175327,0.3,-0.0294900393,-0.0990501025,0.00767802358,0.3,-0.283326524,0.00226474136
10,7969108,0.264188111,-0.368061602,-0.0487304889,0.00971349794,-0.0233235192,0.0856406018,-0.363862008,-0.283349186,-1.92021942,-0.591148555,-0.209604129,0.0150453318,0.0211350489,-0.0294449282,-0.114619147,-0.0970859506,-0.00186588153,0.00685124815,0.3,0.3,-0.3,-0.288672283,-0.0167683303,0.00120362654,0.0211350489,0.114619147,-0.00186588153,0.3,-0.0167683303,0.3,-0.0294449282,-0.0970859506,0.00685124815,0.3,-0.288672283,0.00120362654
11,7985816,0.251367033,-0.373015255,-0.0521687791,0.0132164676,-0.0254256893,0.0819931626,-0.37249893,-0.286286414,-2.08752942,-0.627575636,-0.213593841,0.0063298461,0.0201093626,-0.0298412204,-0.115650634,-0.0960350597,-0.00203405514,0.00655945301,0.3,0.3,-0.3,-0.294136345,-0.0170875072,0.000506387688,0.0201093626,0.115650634,-0.00203405514,0.3,-0.0170875072,0.3,-0.0298412204,-0.0960350597,0.00655945301,0.3,-0.294136345,0.000506387688
12,8009276,0.23748076,-0.38310802,-0.0549746528,0.0120968558,-0.024652794,0.0825918764,-0.379644096,-0.290663034,-2.25364494,-0.661427498,-0.215506405,-0.0021218257,0.0189984608,-0.0306486416,-0.116492396,-0.0963709433,-0.00197222352,0.00660735011,0.3,0.3,-0.3,-0.299214125,-0.0172405124,-0.000169746056,0.0189984608,0.116492396,-0.00197222352,0.3,-0.0172405124,0.3,-0.0306486416,-0.0963709433,0.00660735011,0.3,-0.299214125,-0.000169746056
13,8025624,0.225175411,-0.391035527,-0.0594621599,0.0162700415,-0.0240497217,0.0803613216,-0.388262779,-0.289667428,-2.41816163,-0.688809156,-0.222240627,-0.0103109563,0.0180140328,-0.0312828422,-0.117838648,-0.0951189876,-0.00192397773,0.00642890573,0.3,0.3,-0.3,-0.3,-0.0177792501,-0.000824876502,0.0180140328,0.117838648,-0.00192397773,0.3,-0.0177792501,0.3,-0.0312828422,-0.0951189876,0.00642890573,0.3,-0.3,-0.000824876502
14,8047959,0.214792207,-0.395700276,-0.063444674,0.0196724571,-0.0249242485,0.0759122893,-0.398483843,-0.290544957,-2.58351779,-0.715994775,-0.228539079,-0.0200876128,0.0171833766,-0.0316560221,-0.119033402,-0.0940982629,-0.00199393988,0.00607298315,0.3,0.3,-0.3,-0.3,-0.0182831264,-0.00160700902,0.0171833766,0.119033402,-0.00199393988,0.3,-0.0182831264,0.3,-0.0316560221,-0.0940982629,0.00607298315,0.3,-0.3,-0.00160700902
15,8068346,0.209782124,-0.397481263,-0.0655956641,0.0211641882,-0.0270236172,0.0722426176,-0.412693977,-0.295947254,-2.75455928,-0.742403567,-0.235522017,-0.0296024568,0.0167825699,-0.031798501,-0.119678699,-0.0936507436,-0.00216188937,0.00577940941,0.3,0.3,-0.3,-0.3,-0.0188417614,-0.00236819655,0.0167825699,0.119678699,-0.00216188937,0.3,-0.0188417614,0.3,-0.031798501,-0.0936507436,0.00577940941,0.3,-0.3,-0.00236819655
16,8086876,0.205067739,-0.398886681,-0.0677243471,0.0235652942,-0.0279889796,0.0690887049,-0.423094124,-0.29923448,-2.92425108,-0.767873228,-0.240068346,-0.0372007154,0.0164054191,-0.0319109344,-0.120317304,-0.0929304117,-0.00223911837,0.00552709639,0.3,0.3,-0.3,-0.3,-0.0192054677,-0.00297605723,0.0164054191,0.120317304,-0.00223911837,0.3,-0.0192054677,0.3,-0.0319109344,-0.0929304117,0.00552709639,0.3,-0.3,-0.00297605723
17,8116219,0.196466565,-0.399676055,-0.0688177124,0.0280188881,-0.0294095892,0.0645071343,-0.423344076,-0.292988598,-3.09128094,-0.792829931,-0.243288189,-0.0453188308,0.0157173252,-0.0319740844,-0.120645314,-0.0915943336,-0.00235276714,0.00516057074,0.3,0.3,-0.3,-0.3,-0.0194630551,-0.00362550646,0.0157173252,0.120645314,-0.00235276714,0.3,-0.0194630551,0.3,-0.0319740844,-0.0915943336,0.00516057074,0.3,-0.3,-0.00362550646
18,8124784,0.185977295,-0.40213117,-0.0704660267,0.0295890793,-0.0295362901,0.0621839613,-0.424168438,-0.289252758,-3.25153804,-0.817209661,-0.244427651,-0.0507749021,0.0148781836,-0.0321704936,-0.121139808,-0.0911232762,-0.00236290321,0.0049747169,0.3,0.3,-0.3,-0.3,-0.0195542121,-0.00406199217,0.0148781836,0.121139808,-0.00236290321,0.3,-0.0195542121,0.3,-0.0321704936,-0.0911232762,0.0049747169,0.3,-0.3,-0.00406199217
19,8147234,0.174879089,-0.404284477,-0.0724423155,0.0321852565,-0.0296866596,0.05978062,-0.422817349,-0.284272045,-3.40424156,-0.839979172,-0.245359346,-0.0567372814,0.0139903271,-0.0323427582,-0.121732695,-0.0903444231,-0.00237493277,0.0047824496,0.3,0.3,-0.3,-0.3,-0.0196287477,-0.00453898251,0.0139903271,0.121732695,-0.00237493277,0.3,-0.0196287477,0.3,-0.0323427582,-0.0903444231,0.0047824496,0.3,-0.3,-0.00453898251
20,8171556,0.163128257,-0.406659424,-0.0754660517,0.0347625241,-0.0304711424,0.0574594773,-0.423988044,-0.282067269,-3.55180216,-0.861456871,-0.244813696,-0.062457595,0.0130502605,-0.0325327539,-0.122639816,-0.0895712428,-0.00243769139,0.00459675819,0.3,0.3,-0.3,-0.3,-0.0195850956,-0.0049966076,0.0130502605,0.122639816,-0.00243769139,0.3,-0.0195850956,0.3,-0.0325327539,-0.0895712428,0.00459675819,0.3,-0.3,-0.0049966076
21,8191691,0.152411029,-0.409378856,-0.0772072673,0.0343488492,-0.0303483717,0.0565179475,-0.43284744,-0.284572393,-3.69851112,-0.880782664,-0.241911814,-0.0676637888,0.0121928823,-0.0327503085,-0.12316218,-0.0896953452,-0.00242786974,0.0045214358,0.3,0.3,-0.3,-0.3,-0.0193529451,-0.0054131031,0.0121928823,0.12316218,-0.00242786974,0.3,-0.0193529451,0.3,-0.0327503085,-0.0896953452,0.0045214358,0.3,-0.3,-0.0054131031
22,8211947,0.144339085,-0.410706997,-0.0774136484,0.0345476493,-0.0297705885,0.0555591881,-0.443505168,-0.286654323,-3.84252787,-0.896641135,-0.240291089,-0.0732299685,0.0115471268,-0.0328565598,-0.123224095,-0.0896357052,-0.00238164708,0.00444473505,0.3,0.3,-0.3,-0.3,-0.0192232871,-0.00585839748,0.0115471268,0.123224095,-0.00238164708,0.3,-0.0192232871,0.3,-0.0328565598,-0.0896357052,0.00444473505,0.3,-0.3,-0.00585839748
23,8227926,0.139141902,-0.411519885,-0.0780351087,0.0353769623,-0.0303044319,0.0532947555,-0.454024494,-0.288521528,-3.9849534,-0.910631895,-0.240695044,-0.0792270824,0.0111313522,-0.0329215908,-0.123410533,-0.0893869113,-0.00242435455,0.00426358044,0.3,0.3,-0.3,-0.3,-0.0192556036,-0.00633816659,0.0111313522,0.123410533,-0.00242435455,0.3,-0.0192556036,0.3,-0.0329215908,-0.0893869113,0.00426358044,0.3,-0.3,-0.00633816659
24,8247443,0.136358082,-0.411793858,-0.0788285881,0.0358077288,-0.0310687069,0.051011432,-0.463836253,-0.290817916,-4.12509108,-0.924636483,-0.241232529,-0.0849937648,0.0109086466,-0.0329435086,-0.123648576,-0.0892576814,-0.00248549655,0.00408091456,0.3,0.3,-0.3,-0.3,-0.0192986023,-0.00679950118,0.0109086466,0.123648576,-0.00248549655,0.3,-0.0192986023,0.3,-0.0329435086,-0.0892576814,0.00408091456,0.3,-0.3,-0.00679950118
25,8267668,0.135798797,-0.412459821,-0.0790365711,0.0364583433,-0.0317095257,0.0496304259,-0.470497787,-0.291520327,-4.26265335,-0.938934922,-0.241583571,-0.0901325792,0.0108639038,-0.0329967856,-0.123710971,-0.089062497,-0.00253676206,0.00397043407,0.3,0.3,-0.3,-0.3,-0.0193266857,-0.00721060634,0.0108639038,0.123710971,-0.00253676206,0.3,-0.0193266857,0.3,-0.0329967856,-0.089062497,0.00397043407,0.3,-0.3,-0.00721060634
26,8286385,0.135446876,-0.415553182,-0.0786587521,0.0364894681,-0.0313516073,0.0504414737,-0.473811179,-0.291856617,-4.39705515,-0.953439832,-0.240563214,-0.0934196562,0.0108357501,-0.0332442546,-0.123597626,-0.0890531596,-0.00250812858,0.0040353179,0.3,0.3,-0.3,-0.3,-0.0192450571,-0.00747357249,0.0108357501,0.123597626,-0.00250812858,0.3,-0.0192450571,0.3,-0.0332442546,-0.0890531596,0.0040353179,0.3,-0.3,-0.00747357249
27,8306230,0.134706199,-0.421615511,-0.0787038729,0.0368776135,-0.0306443851,0.0522496887,-0.474919587,-0.291935205,-4.52827549,-0.968555689,-0.238057286,-0.0955011696,0.0107764959,-0.0337292409,-0.123611162,-0.0889367159,-0.00245155081,0.00417997509,0.3,0.3,-0.3,-0.3,-0.0190445828,-0.00764009356,0.0107764959,0.123611162,-0.00245155081,0.3,-0.0190445828,0.3,-0.0337292409,-0.0889367159,0.00417997509,0.3,-0.3,-0.00764009356
28,8328300,0.133411556,-0.430137068,-0.0787734464,0.037440937,-0.0291206744,0.0555597283,-0.475319833,-0.291885436,-4.65631294,-0.983906269,-0.233395487,-0.0959886983,0.0106729245,-0.0344109654,-0.123632034,-0.0887677189,-0.00232965395,0.00444477826,0.3,0.3,-0.3,-0.3,-0.018671639,-0.00767909586,0.0106729245,0.123632034,-0.00232965395,0.3,-0.018671639,0.3,-0.0344109654,-0.0887677189,0.00444477826,0.3,-0.3,-0.00767909586
29,8349918,0.132980838,-0.439720333,-0.0785095617,0.0382505395,-0.0274568833,0.0594802499,-0.475376397,-0.290666431,-4.78113317,-0.998973131,-0.22841233,-0.0965036452,0.0106384671,-0.0351776266,-0.123552869,-0.0885248382,-0.00219655067,0.00475841999,0.3,0.3,-0.3,-0.3,-0.0182729864,-0.00772029161,0.0106384671,0.123552869,-0.00219655067,0.3,-0.0182729864,0.3,-0.0351776266,-0.0885248382,0.00475841999,0.3,-0.3,-0.00772029161
30,8368868,0.13362214,-0.449697107,-0.0784106478,0.0390261039,-0.0258568991,0.063304916,-0.47558856,-0.288691431,-4.90338802,-1.01344526,-0.223801956,-0.0972582921,0.0106897712,-0.0359757686,-0.123523194,-0.0882921688,-0.00206855193,0.00506439328,0.3,0.3,-0.3,-0.3,-0.0179041564,-0.00778066337,0.0106897712,0.123523194,-0.00206855193,0.3,-0.0179041564,0.3,-0.0359757686,-0.0882921688,0.00506439328,0.3,-0.3,-0.00778066337
31,8386965,0.13439779,-0.459839553,-0.0784041509,0.0397173949,-0.0240596905,0.0672909915,-0.475893885,-0.286573768,-5.02249622,-1.02751315,-0.219064295,-0.0980008766,0.0107518232,-0.0367871642,-0.123521245,-0.0880847815,-0.00192477524,0.00538327932,0.3,0.3,-0.3,-0.3,-0.0175251436,-0.00784007013,0.0107518232,0.123521245,-0.00192477524,0.3,-0.0175251436,0.3,-0.0367871642,-0.0880847815,0.00538327932,0.3,-0.3,-0.00784007013
32,8407303,0.135653883,-0.469378829,-0.0784626678,0.0401900262,-0.0225494038,0.0707348585,-0.476874679,-0.284657449,-5.13872671,-1.04153407,-0.214792103,-0.0989744514,0.0108523107,-0.0375503063,-0.1235388,-0.0879429922,-0.00180395231,0.00565878868,0.3,0.3,-0.3,-0.3,-0.0171833682,-0.00791795611,0.0108523107,0.1235388,-0.00180395231,0.3,-0.0171833682,0.3,-0.0375503063,-0.0879429922,0.00565878868,0.3,-0.3,-0.00791795611
33,8425826,0.13743116,-0.478081465,-0.0784858167,0.0408968925,-0.0212886576,0.0737357587,-0.477847815,-0.282544702,-5.25233793,-1.0551604,-0.211027458,-0.100299291,0.0109944928,-0.0382465172,-0.123545745,-0.0877309322,-0.0017030926,0.00589886069,0.3,0.3,-0.3,-0.3,-0.0168821967,-0.00802394331,0.0109944928,0.123545745,-0.0017030926,0.3,-0.0168821967,0.3,-0.0382465172,-0.0877309322,0.00589886069,0.3,-0.3,-0.00802394331
34,8454955,0.139648259,-0.485573113,-0.0789595023,0.0415419117,-0.0207281094,0.0758210868,-0.479135484,-0.280533105,-5.36333513,-1.0684768,-0.208229631,-0.10208445,0.0111718607,-0.038845849,-0.123687851,-0.0875374265,-0.00165824875,0.00606568694,0.3,0.3,-0.3,-0.3,-0.0166583705,-0.00816675603,0.0111718607,0.123687851,-0.00165824875,0.3,-0.0166583705,0.3,-0.038845849,-0.0875374265,0.00606568694,0.3,-0.3,-0.00816675603
35,8465101,0.141266137,-0.492789745,-0.0795877427,0.0427057222,-0.0203977283,0.0775404871,-0.479689419,-0.278323859,-5.47172642,-1.08186531,-0.205155894,-0.103383757,0.011301291,-0.0394231796,-0.123876323,-0.0871882834,-0.00163181826,0.00620323896,0.3,0.3,-0.3,-0.3,-0.0164124715,-0.00827070057,0.011301291,0.123876323,-0.00163181826,0.3,-0.0164124715,0.3,-0.0394231796,-0.0871882834,0.00620323896,0.3,-0.3,-0.00827070057
36,8488032,0.142921478,-0.4985919,-0.0810269713,0.0437188819,-0.020894777,0.0781239197,-0.480823666,-0.276616961,-5.57772732,-1.09509313,-0.20284307,-0.105286874,0.0114337182,-0.039887352,-0.124308091,-0.0868843354,-0.00167158216,0.00624991357,0.3,0.3,-0.3,-0.3,-0.0162274456,-0.00842294991,0.0114337182,0.124308091,-0.00167158216,0.3,-0.0162274456,0.3,-0.039887352,-0.0868843354,0.00624991357,0.3,-0.3,-0.00842294991
37,8509463,0.144311339,-0.502668083,-0.0825988129,0.0444973074,-0.0218478423,0.077727139,-0.482012391,-0.27499193,-5.68158817,-1.10839963,-0.201311454,-0.107662417,0.0115449071,-0.0402134466,-0.124779644,-0.0866508078,-0.00174782738,0.00621817112,0.3,0.3,-0.3,-0.3,-0.0161049163,-0.00861299336,0.0115449071,0.124779644,-0.00174782738,0.3,-0.0161049163,0.3,-0.0402134466,-0.0866508078,0.00621817112,0.3,-0.3,-0.00861299336
38,8527893,0.145791858,-0.505422533,-0.0835775062,0.0451454148,-0.022727482,0.0768386573,-0.482711971,-0.272974789,-5.78267527,-1.1217891,-0.201374173,-0.110584475,0.0116633487,-0.0404338026,-0.125073252,-0.0864563756,-0.00181819856,0.00614709258,0.3,0.3,-0.3,-0.3,-0.0161099339,-0.00884675801,0.0116633487,0.125073252,-0.00181819856,0.3,-0.0161099339,0.3,-0.0404338026,-0.0864563756,0.00614709258,0.3,-0.3,-0.00884675801
39,8546333,0.147285819,-0.50727433,-0.084936209,0.045616243,-0.0236981437,0.0754576996,-0.48361066,-0.271600306,-5.88231373,-1.13496256,-0.202080786,-0.113952503,0.0117828655,-0.0405819464,-0.125480863,-0.0863151271,-0.00189585149,0.00603661597,0.3,0.3,-0.3,-0.3,-0.0161664629,-0.00911620021,0.0117828655,0.125480863,-0.00189585149,0.3,-0.0161664629,0.3,-0.0405819464,-0.0863151271,0.00603661597,0.3,-0.3,-0.00911620021
40,8569321,0.148776591,-0.508505821,-0.0861056,0.0460898243,-0.0245893467,0.0741492584,-0.484219015,-0.270468444,-5.97967148,-1.14784801,-0.203389376,-0.117538072,0.0119021273,-0.0406804657,-0.12583168,-0.0861730527,-0.00196714774,0.00593194067,0.3,0.3,-0.3,-0.3,-0.0162711501,-0.00940304577,0.0119021273,0.12583168,-0.00196714774,0.3,-0.0162711501,0.3,-0.0406804657,-0.0861730527,0.00593194067,0.3,-0.3,-0.00940304577
41,8586164,0.150237128,-0.509653628,-0.0872088447,0.0462713353,-0.0253995303,0.0731025636,-0.48513338,-0.27016446,-6.07568073,-1.1603657,-0.204244912,-0.121107593,0.0120189703,-0.0407722902,-0.126162653,-0.0861185994,-0.00203196242,0.00584820509,0.3,0.3,-0.3,-0.3,-0.0163395929,-0.00968860745,0.0120189703,0.126162653,-0.00203196242,0.3,-0.0163395929,0.3,-0.0407722902,-0.0861185994,0.00584820509,0.3,-0.3,-0.00968860745
42,8612032,0.151447043,-0.511365771,-0.0881205052,0.0460578464,-0.0258610882,0.0726446286,-0.486293674,-0.270780832,-6.1703186,-1.17196918,-0.204248965,-0.124323383,0.0121157634,-0.0409092617,-0.126436152,-0.0861826461,-0.00206888705,0.00581157029,0.3,0.3,-0.3,-0.3,-0.0163399172,-0.00994587064,0.0121157634,0.126436152,-0.00206888705,0.3,-0.0163399172,0.3,-0.0409092617,-0.0861826461,0.00581157029,0.3,-0.3,-0.00994587064
43,8625430,0.15192683,-0.514297843,-0.0885706767,0.045829121,-0.0257044695,0.0730010271,-0.487377346,-0.271803349,-6.26352215,-1.18295395,-0.203110516,-0.126584321,0.0121541464,-0.0411438274,-0.126571203,-0.0862512637,-0.00205635756,0.00584008217,0.3,0.3,-0.3,-0.3,-0.0162488413,-0.0101267457,0.0121541464,0.126571203,-0.00205635756,0.3,-0.0162488413,0.3,-0.0411438274,-0.0862512637,0.00584008217,0.3,-0.3,-0.0101267457
44,8655746,0.152518719,-0.517420709,-0.0890279859,0.0455048084,-0.025474567,0.0734082311,-0.489239752,-0.273046106,-6.35561037,-1.19295287,-0.201753974,-0.128374338,0.0122014976,-0.0413936567,-0.126708396,-0.0863485575,-0.00203796536,0.00587265849,0.3,0.3,-0.3,-0.3,-0.0161403179,-0.0102699471,0.0122014976,0.126708396,-0.00203796536,0.3,-0.0161403179,0.3,-0.0413936567,-0.0863485575,0.00587265849,0.3,-0.3,-0.0102699471
45,8665909,0.152540535,-0.521621346,-0.089278169,0.0457150862,-0.0249041282,0.0745004117,-0.490523487,-0.27392143,-6.44617033,-1.20247591,-0.199286029,-0.128660843,0.0122032428,-0.0417297077,-0.126783451,-0.0862854742,-0.00199233025,0.00596003294,0.3,0.3,-0.3,-0.3,-0.0159428823,-0.0102928674,0.0122032428,0.126783451,-0.00199233025,0.3,-0.0159428823,0.3,-0.0417297077,-0.0862854742,0.00596003294,0.3,-0.3,-0.0102928674
46,8686313,0.152848884,-0.525894642,-0.0895379782,0.0463655405,-0.0245144051,0.0755347759,-0.491305232,-0.273583293,-6.53485918,-1.21151137,-0.197073981,-0.128818855,0.0122279108,-0.0420715714,-0.126861393,-0.0860903379,-0.0019611524,0.00604278207,0.3,0.3,-0.3,-0.3,-0.0157659185,-0.0103055084,0.0122279108,0.126861393,-0.0019611524,0.3,-0.0157659185,0.3,-0.0420715714,-0.0860903379,0.00604278207,0.3,-0.3,-0.0103055084
47,8719627,0.153813437,-0.529355168,-0.089945212,0.0468347631,-0.024356572,0.0762096867,-0.492594272,-0.272864163,-6.6220026,-1.21996713,-0.195616961,-0.13005732,0.0123050749,-0.0423484135,-0.126983564,-0.0859495711,-0.00194852576,0.00609677494,0.3,0.3,-0.3,-0.3,-0.0156493568,-0.0104045856,0.0123050749,0.126983564,-0.00194852576,0.3,-0.0156493568,0.3,-0.0423484135,-0.0859495711,0.00609677494,0.3,-0.3,-0.0104045856
48,8726913,0.155203462,-0.531924844,-0.0904380679,0.0473190695,-0.0245527383,0.0764157996,-0.493682623,-0.271684408,-6.70765209,-1.22803009,-0.194815919,-0.131847963,0.0124162769,-0.0425539875,-0.12713142,-0.0858042791,-0.00196421906,0.00611326396,0.3,0.3,-0.3,-0.3,-0.0155852735,-0.010547837,0.0124162769,0.12713142,-0.00196421906,0.3,-0.0155852735,0.3,-0.0425539875,-0.0858042791,0.00611326396,0.3,-0.3,-0.010547837
49,8746197,0.156307161,-0.534417868,-0.0910732001,0.0486592092,-0.0250079259,0.0763008669,-0.493193388,-0.26918745,-6.79203224,-1.23611116,-0.194117978,-0.133319959,0.0125045729,-0.0427534294,-0.12732196,-0.0854022373,-0.00200063407,0.00610406935,0.3,0.3,-0.3,-0.3,-0.0155294383,-0.0106655967,0.0125045729,0.12732196,-0.00200063407,0.3,-0.0155294383,0.3,-0.0427534294,-0.0854022373,0.00610406935,0.3,-0.3,-0.0106655967
50,8768574,0.157394946,-0.53643012,-0.0919829234,0.0499555431,-0.0256421138,0.0760507807,-0.492252976,-0.266275138,-6.8745513,-1.24396753,-0.193846777,-0.135262579,0.0125915956,-0.0429144096,-0.127594877,-0.0850133371,-0.0020513691,0.00608406246,0.3,0.3,-0.3,-0.3,-0.0155077422,-0.0108210063,0.0125915956,0.127594877,-0.0020513691,0.3,-0.0155077422,0.3,-0.0429144096,-0.0850133371,0.00608406246,0.3,-0.3,-0.0108210063
51,8787376,0.158248633,-0.538297832,-0.0929551125,0.050804656,-0.0262785126,0.0758136064,-0.49127391,-0.263708651,-6.95542669,-1.25179493,-0.193668723,-0.137231022,0.0126598907,-0.0430638266,-0.127886534,-0.0847586032,-0.002102281,0.00606508851,0.3,0.3,-0.3,-0.3,-0.0154934978,-0.0109784818,0.0126598907,0.127886534,-0.002102281,0.3,-0.0154934978,0.3,-0.0430638266,-0.0847586032,0.00606508851,0.3,-0.3,-0.0109784818
52,8816828,0.158800051,-0.540221155,-0.0938968137,0.0518169403,-0.0268458668,0.0754814148,-0.490011036,-0.261072427,-7.03461838,-1.25935435,-0.193429127,-0.139343888,0.012704004,-0.0432176924,-0.128169044,-0.0844549179,-0.00214766935,0.00603851318,0.3,0.3,-0.3,-0.3,-0.0154743302,-0.011147511,0.012704004,0.128169044,-0.00214766935,0.3,-0.0154743302,0.3,-0.0432176924,-0.0844549179,0.00603851318,0.3,-0.3,-0.011147511
53,8825260,0.159088582,-0.542257965,-0.0947571397,0.0528363287,-0.0273202788,0.0750978738,-0.488404542,-0.258235753,-7.11205339,-1.26655781,-0.1933593,-0.141654328,0.0127270865,-0.0433806372,-0.128427142,-0.0841491014,-0.0021856223,0.0060078299,0.3,0.3,-0.3,-0.3,-0.015468744,-0.0113323462,0.0127270865,0.128427142,-0.0021856223,0.3,-0.015468744,0.3,-0.0433806372,-0.0841491014,0.0060078299,0.3,-0.3,-0.0113323462
54,8851646,0.159219772,-0.544206142,-0.0957279801,0.0538251102,-0.0278247893,0.0746904165,-0.486853957,-0.255560815,-7.18771219,-1.27331901,-0.193356976,-0.144021347,0.0127375817,-0.0435364914,-0.128718394,-0.0838524669,-0.00222598314,0.00597523332,0.3,0.3,-0.3,-0.3,-0.0154685581,-0.0115217078,0.0127375817,0.128718394,-0.00222598314,0.3,-0.0154685581,0.3,-0.0435364914,-0.0838524669,0.00597523332,0.3,-0.3,-0.0115217078
55,8867849,0.159395173,-0.546151936,-0.0964897797,0.0549341664,-0.0283295475,0.0742942169,-0.485105664,-0.252675086,-7.26133776,-1.27955735,-0.193672061,-0.146535397,0.0127516139,-0.0436921549,-0.128946934,-0.0835197501,-0.0022663638,0.00594353735,0.3,0.3,-0.3,-0.3,-0.0154937649,-0.0117228317,0.0127516139,0.128946934,-0.0022663638,0.3,-0.0154937649,0.3,-0.0436921549,-0.0835197501,0.00594353735,0.3,-0.3,-0.0117228317
56,8887962,0.15958105,-0.548097789,-0.0973916799,0.0559764504,-0.0287735015,0.0739255622,-0.483845562,-0.250205517,-7.33370113,-1.28514528,-0.193943202,-0.149170443,0.012766484,-0.0438478231,-0.129217504,-0.0832070649,-0.00230188012,0.00591404498,0.3,0.3,-0.3,-0.3,-0.0155154562,-0.0119336355,0.012766484,0.129217504,-0.00230188012,0.3,-0.0155154562,0.3,-0.0438478231,-0.0832070649,0.00591404498,0.3,-0.3,-0.0119336355
57,8908259,0.159677058,-0.550245225,-0.0983761624,0.0568245612,-0.0292062517,0.073720485,-0.482820392,-0.248274207,-7.40468693,-1.29016078,-0.193815842,-0.151083544,0.0127741647,-0.044019618,-0.129512849,-0.0829526316,-0.00233650014,0.0058976388,0.3,0.3,-0.3,-0.3,-0.0155052674,-0.0120866835,0.0127741647,0.129512849,-0.00233650014,0.3,-0.0155052674,0.3,-0.044019618,-0.0829526316,0.0058976388,0.3,-0.3,-0.0120866835
58,8926928,0.159748986,-0.552510679,-0.0991535932,0.0576064028,-0.0294925123,0.0737192631,-0.481675595,-0.246226802,-7.47414494,-1.29475689,-0.193633914,-0.152858257,0.0127799189,-0.0442008543,-0.129746078,-0.0827180792,-0.00235940099,0.00589754105,0.3,0.3,-0.3,-0.3,-0.0154907131,-0.0122286606,0.0127799189,0.129746078,-0.00235940099,0.3,-0.0154907131,0.3,-0.0442008543,-0.0827180792,0.00589754105,0.3,-0.3,-0.0122286606
59,8949775,0.160106689,-0.55461508,-0.099942714,0.0578150041,-0.029695835,0.0736885965,-0.481656462,-0.245078325,-7.54244518,-1.29858959,-0.193479478,-0.15465951,0.0128085351,-0.0443692064,-0.129982814,-0.0826554988,-0.0023756668,0.00589508772,0.3,0.3,-0.3,-0.3,-0.0154783583,-0.0123727608,0.0128085351,0.129982814,-0.0023756668,0.3,-0.0154783583,0.3,-0.0443692064,-0.0826554988,0.00589508772,0.3,-0.3,-0.0123727608
60,8975524,0.160342038,-0.556758881,-0.100580312,0.0581398979,-0.0298219975,0.0736175179,-0.481811821,-0.244316474,-7.60969496,-1.30193424,-0.193083644,-0.156165794,0.012827363,-0.0445407104,-0.130174094,-0.0825580306,-0.0023857598,0.00588940144,0.3,0.3,-0.3,-0.3,-0.0154466915,-0.0124932635,0.012827363,0.130174094,-0.0023857598,0.3,-0.0154466915,0.3,-0.0445407104,-0.0825580306,0.00588940144,0.3,-0.3,-0.0124932635
61,8993651,0.160565883,-0.558990359,-0.101119652,0.0585674867,-0.0298887789,0.0736568049,-0.482232869,-0.243681043,-7.67593431,-1.3048948,-0.1925845,-0.157139525,0.0128452706,-0.0447192287,-0.130335896,-0.082429754,-0.00239110231,0.00589254439,0.3,0.3,-0.3,-0.3,-0.01540676,-0.012571162,0.0128452706,0.130335896,-0.00239110231,0.3,-0.01540676,0.3,-0.0447192287,-0.082429754,0.00589254439,0.3,-0.3,-0.012571162
62,9006176,0.161063582,-0.560908496,-0.101657905,0.0590491705,-0.0300045386,0.0736843646,-0.482921183,-0.243227318,-7.74123526,-1.30727947,-0.192067459,-0.158425778,0.0128850865,-0.0448726797,-0.130497371,-0.0822852489,-0.00240036309,0.00589474916,0.3,0.3,-0.3,-0.3,-0.0153653967,-0.0126740623,0.0128850865,0.130497371,-0.00240036309,0.3,-0.0153653967,0.3,-0.0448726797,-0.0822852489,0.00589474916,0.3,-0.3,-0.0126740623
63,9028506,0.161641374,-0.562886775,-0.102061473,0.059070386,-0.0299140755,0.0739774704,-0.484344542,-0.243561789,-7.80573893,-1.30921662,-0.191312984,-0.159175426,0.0129313099,-0.045030942,-0.130618442,-0.0822788842,-0.00239312604,0.00591819763,0.3,0.3,-0.3,-0.3,-0.0153050387,-0.0127340341,0.0129313099,0.130618442,-0.00239312604,0.3,-0.0153050387,0.3,-0.045030942,-0.0822788842,0.00591819763,0.3,-0.3,-0.0127340341
64,9063522,0.162191615,-0.564906716,-0.102435999,0.0591785945,-0.0298284087,0.0742396042,-0.485892385,-0.244028106,-7.86969948,-1.31087148,-0.190296605,-0.159477502,0.0129753292,-0.0451925373,-0.1307308,-0.0822464217,-0.0023862727,0.00593916833,0.3,0.3,-0.3,-0.3,-0.0152237284,-0.0127582002,0.0129753292,0.1307308,-0.0023862727,0.3,-0.0152237284,0.3,-0.0451925373,-0.0822464217,0.00593916833,0.3,-0.3,-0.0127582002
65,9066684,0.163005784,-0.566657126,-0.102829523,0.0588596128,-0.0297347773,0.0744482875,-0.488330185,-0.245251477,-7.93317413,-1.31207335,-0.189304143,-0.159707457,0.0130404627,-0.0453325701,-0.130848857,-0.0823421162,-0.00237878218,0.005955863,0.3,0.3,-0.3,-0.3,-0.0151443315,-0.0127765965,0.0130404627,0.130848857,-0.00237878218,0.3,-0.0151443315,0.3,-0.0453325701,-0.0823421162,0.005955863,0.3,-0.3,-0.0127765965
66,9084860,0.163731262,-0.568346977,-0.102932706,0.0591468476,-0.0296378732,0.074608162,-0.490001827,-0.245732754,-7.99590683,-1.31312048,-0.188336998,-0.159964502,0.013098501,-0.0454677582,-0.130879812,-0.0822559457,-0.00237102985,0.00596865296,0.3,0.3,-0.3,-0.3,-0.0150669599,-0.0127971601,0.013098501,0.130879812,-0.00237102985,0.3,-0.0150669599,0.3,-0.0454677582,-0.0822559457,0.00596865296,0.3,-0.3,-0.0127971601
67,9106234,0.164699823,-0.569700599,-0.103096686,0.0592072308,-0.0295775123,0.0746837258,-0.492146522,-0.246480346,-8.0580883,-1.31384385,-0.187617332,-0.16039826,0.0131759858,-0.0455760479,-0.130929006,-0.0822378308,-0.00236620098,0.00597469807,0.3,0.3,-0.3,-0.3,-0.0150093865,-0.0128318608,0.0131759858,0.130929006,-0.00236620098,0.3,-0.0150093865,0.3,-0.0455760479,-0.0822378308,0.00597469807,0.3,-0.3,-0.0128318608
68,9129385,0.165694311,-0.570769131,-0.103337966,0.0591963083,-0.0295671001,0.0747145861,-0.494301677,-0.247483462,-8.119771,-1.31451225,-0.186770856,-0.160840705,0.0132555449,-0.0456615305,-0.13100139,-0.0822411075,-0.00236536801,0.00597716689,0.3,0.3,-0.3,-0.3,-0.0149416685,-0.0128672564,0.0132555449,0.13100139,-0.00236536801,0.3,-0.0149416685,0.3,-0.0456615305,-0.0822411075,0.00597716689,0.3,-0.3,-0.0128672564
69,9147702,0.166693196,-0.571739256,-0.103478298,0.0592565127,-0.0295676384,0.0747647732,-0.496130407,-0.248370454,-8.18085861,-1.31514847,-0.186025634,-0.161237746,0.0133354557,-0.0457391405,-0.131043489,-0.0822230462,-0.00236541107,0.00598118186,0.3,0.3,-0.3,-0.3,-0.0148820508,-0.0128990197,0.0133354557,0.131043489,-0.00236541107,0.3,-0.0148820508,0.3,-0.0457391405,-0.0822230462,0.00598118186,0.3,-0.3,-0.0128990197
70,9167260,0.167627215,-0.57282114,-0.103437319,0.0593458489,-0.0294461306,0.0749859363,-0.497442067,-0.248870105,-8.24113178,-1.31583428,-0.185230985,-0.161572561,0.0134101772,-0.0458256912,-0.131031196,-0.0821962453,-0.00235569045,0.0059988749,0.3,0.3,-0.3,-0.3,-0.0148184788,-0.0129258049,0.0134101772,0.131031196,-0.00235569045,0.3,-0.0148184788,0.3,-0.0458256912,-0.0821962453,0.0059988749,0.3,-0.3,-0.0129258049
71,9188318,0.16848582,-0.573886335,-0.103644609,0.059341073,-0.0294534527,0.0750736669,-0.498845816,-0.249543041,-8.3007803,-1.31644094,-0.184390455,-0.161835864,0.0134788656,-0.0459109068,-0.131093383,-0.0821976781,-0.00235627621,0.00600589335,0.3,0.3,-0.3,-0.3,-0.0147512364,-0.0129468691,0.0134788656,0.131093383,-0.00235627621,0.3,-0.0147512364,0.3,-0.0459109068,-0.0821976781,0.00600589335,0.3,-0.3,-0.0129468691
72,9207457,0.169006348,-0.575264394,-0.103706777,0.0596679524,-0.0293328408,0.075350821,-0.499584734,-0.249745637,-8.35962582,-1.31721222,-0.183352709,-0.161903843,0.0135205078,-0.0460211515,-0.131112033,-0.0820996143,-0.00234662727,0.00602806568,0.3,0.3,-0.3,-0.3,-0.0146682167,-0.0129523075,0.0135205078,0.131112033,-0.00234662727,0.3,-0.0146682167,0.3,-0.0460211515,-0.0820996143,0.00602806568,0.3,-0.3,-0.0129523075
73,9226203,0.169707015,-0.576474011,-0.103871942,0.0597442687,-0.0293059908,0.0755875856,-0.50057894,-0.249920785,-8.41764355,-1.31801677,-0.182618633,-0.162121475,0.0135765612,-0.0461179209,-0.131161582,-0.0820767194,-0.00234447926,0.00604700685,0.3,0.3,-0.3,-0.3,-0.0146094906,-0.012969718,0.0135765612,0.131161582,-0.00234447926,0.3,-0.0146094906,0.3,-0.0461179209,-0.0820767194,0.00604700685,0.3,-0.3,-0.012969718
74,9247747,0.170566663,-0.57738179,-0.104067355,0.0600346252,-0.0294108726,0.0755280927,-0.501315951,-0.249685273,-8.47493649,-1.31889021,-0.182108909,-0.162643343,0.0136453331,-0.0461905432,-0.131220207,-0.0819896124,-0.00235286981,0.00604224741,0.3,0.3,-0.3,-0.3,-0.0145687127,-0.0130114675,0.0136453331,0.131220207,-0.00235286981,0.3,-0.0145687127,0.3,-0.0461905432,-0.0819896124,0.00604224741,0.3,-0.3,-0.0130114675
75,9268906,0.171419606,-0.578000426,-0.104282565,0.0601446815,-0.0294874255,0.075434193,-0.502217531,-0.249683976,-8.53160954,-1.31968355,-0.181716189,-0.16355373,0.0137135684,-0.0462400341,-0.13128477,-0.0819565956,-0.00235899404,0.00603473544,0.3,0.3,-0.3,-0.3,-0.0145372951,-0.0130842984,0.0137135684,0.13128477,-0.00235899404,0.3,-0.0145372951,0.3,-0.0462400341,-0.0819565956,0.00603473544,0.3,-0.3,-0.0130842984
76,9285347,0.171869874,-0.579030097,-0.104405984,0.0608280078,-0.0296231955,0.0754003376,-0.501815617,-0.248698667,-8.58734703,-1.32094288,-0.181105033,-0.163443714,0.0137495899,-0.0463224077,-0.131321795,-0.0817515977,-0.00236985564,0.00603202701,0.3,0.3,-0.3,-0.3,-0.0144884026,-0.0130754972,0.0137495899,0.131321795,-0.00236985564,0.3,-0.0144884026,0.3,-0.0463224077,-0.0817515977,0.00603202701,0.3,-0.3,-0.0130754972
77,9307941,0.172458857,-0.579743564,-0.104727022,0.061504852,-0.0298526715,0.0752491951,-0.501351595,-0.247203827,-8.64194965,-1.32220459,-0.180935487,-0.16401583,0.0137967086,-0.0463794851,-0.131418107,-0.0815485444,-0.00238821372,0.00601993561,0.3,0.3,-0.3,-0.3,-0.014474839,-0.0131212664,0.0137967086,0.131418107,-0.00238821372,0.3,-0.014474839,0.3,-0.0463794851,-0.0815485444,0.00601993561,0.3,-0.3,-0.0131212664
78,9325946,0.172755808,-0.58067745,-0.105060153,0.0621234067,-0.0299912766,0.0752254874,-0.500531733,-0.245614558,-8.69531441,-1.32357883,-0.180684149,-0.164510667,0.0138204646,-0.046454196,-0.131518046,-0.081362978,-0.00239930212,0.00601803899,0.3,0.3,-0.3,-0.3,-0.0144547319,-0.0131608534,0.0138204646,0.131518046,-0.00239930212,0.3,-0.0144547319,0.3,-0.046454196,-0.081362978,0.00601803899,0.3,-0.3,-0.0131608534
79,9348941,0.173001051,-0.581412077,-0.105443716,0.062798366,-0.0302391425,0.0750992447,-0.49949041,-0.24383986,-8.74769402,-1.32497025,-0.180758014,-0.16565159,0.0138400841,-0.0465129662,-0.131633115,-0.0811604902,-0.0024191314,0.00600793958,0.3,0.3,-0.3,-0.3,-0.0144606411,-0.0132521272,0.0138400841,0.131633115,-0.0024191314,0.3,-0.0144606411,0.3,-0.0465129662,-0.0811604902,0.00600793958,0.3,-0.3,-0.0132521272
80,9367364,0.173151091,-0.582189202,-0.105826989,0.063543126,-0.0305003952,0.0750150234,-0.49801892,-0.241973326,-8.79892254,-1.32636344,-0.180787489,-0.167133763,0.0138520873,-0.0465751362,-0.131748097,-0.0809370622,-0.00244003162,0.00600120187,0.3,0.3,-0.3,-0.3,-0.0144629991,-0.0133707011,0.0138520873,0.131748097,-0.00244003162,0.3,-0.0144629991,0.3,-0.0465751362,-0.0809370622,0.00600120187,0.3,-0.3,-0.0133707011
81,9388358,0.173437312,-0.582546115,-0.106337465,0.0637456328,-0.0307936966,0.0747503862,-0.497511715,-0.241091281,-8.8495636,-1.32734239,-0.180993512,-0.169240505,0.013874985,-0.0466036892,-0.13190124,-0.0808763102,-0.00246349573,0.00598003089,0.3,0.3,-0.3,-0.3,-0.014479481,-0.0135392404,0.013874985,0.13190124,-0.00246349573,0.3,-0.014479481,0.3,-0.0466036892,-0.0808763102,0.00598003089,0.3,-0.3,-0.0135392404
82,9407939,0.173323333,-0.583427846,-0.106581837,0.064187564,-0.0309163146,0.0746477917,-0.496711612,-0.240171507,-8.89961052,-1.32823396,-0.180799544,-0.170388758,0.0138658667,-0.0466742277,-0.131974551,-0.0807437308,-0.00247330517,0.00597182333,0.3,0.3,-0.3,-0.3,-0.0144639635,-0.0136311007,0.0138658667,0.131974551,-0.00247330517,0.3,-0.0144639635,0.3,-0.0466742277,-0.0807437308,0.00597182333,0.3,-0.3,-0.0136311007
83,9426661,0.172881156,-0.584893525,-0.106813349,0.0648598298,-0.0309672039,0.0748630613,-0.49521783,-0.238725901,-8.94847965,-1.32913351,-0.180391058,-0.170557857,0.0138304925,-0.046791482,-0.132044005,-0.080542051,-0.00247737631,0.0059890449,0.3,0.3,-0.3,-0.3,-0.0144312847,-0.0136446285,0.0138304925,0.132044005,-0.00247737631,0.3,-0.0144312847,0.3,-0.046791482,-0.080542051,0.0059890449,0.3,-0.3,-0.0136446285
84,9446746,0.172453761,-0.586520255,-0.107332207,0.065528661,-0.0310833454,0.0750384629,-0.493888974,-0.237229541,-8.9961729,-1.32996106,-0.180002198,-0.170643196,0.0137963009,-0.0469216204,-0.132199662,-0.0803414017,-0.00248666763,0.00600307703,0.3,0.3,-0.3,-0.3,-0.0144001758,-0.0136514556,0.0137963009,0.132199662,-0.00248666763,0.3,-0.0144001758,0.3,-0.0469216204,-0.0803414017,0.00600307703,0.3,-0.3,-0.0136514556
85,9473871,0.172549427,-0.587463975,-0.107837431,0.0659623891,-0.0313307643,0.074927628,-0.493318677,-0.235987782,-9.04296684,-1.33048749,-0.180193886,-0.171752051,0.0138039541,-0.046997118,-0.132351229,-0.0802112833,-0.00250646114,0.00599421024,0.3,0.3,-0.3,-0.3,-0.0144155109,-0.013740164,0.0138039541,0.132351229,-0.00250646114,0.3,-0.0144155109,0.3,-0.046997118,-0.0802112833,0.00599421024,0.3,-0.3,-0.013740164
86,9492379,0.172890991,-0.588233769,-0.108288407,0.0661373809,-0.0317115337,0.0746225566,-0.493434787,-0.235146448,-9.08941364,-1.33089042,-0.180612728,-0.172643766,0.0138312793,-0.0470587015,-0.132486522,-0.0801587857,-0.00253692269,0.00596980453,0.3,0.3,-0.3,-0.3,-0.0144490182,-0.0138115013,0.0138312793,0.132486522,-0.00253692269,0.3,-0.0144490182,0.3,-0.0470587015,-0.0801587857,0.00596980453,0.3,-0.3,-0.0138115013
87,9506602,0.173519567,-0.588555157,-0.108837679,0.0659867302,-0.0320375115,0.0742026418,-0.494305938,-0.235214606,-9.13584423,-1.33091295,-0.180955335,-0.174092084,0.0138815653,-0.0470844126,-0.132651304,-0.080203981,-0.00256300092,0.00593621135,0.3,0.3,-0.3,-0.3,-0.0144764268,-0.0139273667,0.0138815653,0.132651304,-0.00256300092,0.3,-0.0144764268,0.3,-0.0470844126,-0.080203981,0.00593621135,0.3,-0.3,-0.0139273667
88,9526763,0.174107015,-0.588778496,-0.109146804,0.0658628494,-0.032205943,0.0738232732,-0.49515602,-0.235728219,-9.18206692,-1.3306725,-0.181087554,-0.175458774,0.0139285612,-0.0471022797,-0.132744041,-0.0802411452,-0.00257647544,0.00590586185,0.3,0.3,-0.3,-0.3,-0.0144870043,-0.0140367019,0.0139285612,0.132744041,-0.00257647544,0.3,-0.0144870043,0.3,-0.0471022797,-0.0802411452,0.00590586185,0.3,-0.3,-0.0140367019
89,9545599,0.174702927,-0.588793039,-0.109500088,0.0657128692,-0.0324887522,0.0733180866,-0.496200591,-0.236515164,-9.22817326,-1.33017659,-0.181038067,-0.17657882,0.0139762342,-0.0471034431,-0.132850026,-0.0802861392,-0.00259910017,0.00586544693,0.3,0.3,-0.3,-0.3,-0.0144830453,-0.0141263056,0.0139762342,0.132850026,-0.00259910017,0.3,-0.0144830453,0.3,-0.0471034431,-0.0802861392,0.00586544693,0.3,-0.3,-0.0141263056
90,9569411,0.175099343,-0.589150369,-0.109589681,0.0656774715,-0.03256955,0.0730943307,-0.496860027,-0.237092957,-9.2737236,-1.3296243,-0.180692211,-0.177172229,0.0140079474,-0.0471320295,-0.132876904,-0.0802967586,-0.002605564,0.00584754646,0.3,0.3,-0.3,-0.3,-0.0144553769,-0.0141737783,0.0140079474,0.132876904,-0.002605564,0.3,-0.0144553769,0.3,-0.0471320295,-0.0802967586,0.00584754646,0.3,-0.3,-0.0141737783
91,9587655,0.175338477,-0.589608371,-0.109985784,0.0658621863,-0.0328320973,0.0727710277,-0.497427106,-0.237515852,-9.31889915,-1.32892632,-0.180324897,-0.177596062,0.0140270782,-0.0471686697,-0.132995735,-0.0802413441,-0.00262656778,0.00582168221,0.3,0.3,-0.3,-0.3,-0.0144259918,-0.014207685,0.0140270782,0.132995735,-0.00262656778,0.3,-0.0144259918,0.3,-0.0471686697,-0.0802413441,0.00582168221,0.3,-0.3,-0.014207685
92,9606815,0.175691381,-0.590055108,-0.110311739,0.065950796,-0.0330697447,0.0724573731,-0.498286813,-0.237969741,-9.36371994,-1.32814682,-0.180064276,-0.177891865,0.0140553105,-0.0472044086,-0.133093522,-0.0802147612,-0.00264557958,0.00579658985,0.3,0.3,-0.3,-0.3,-0.0144051421,-0.0142313492,0.0140553105,0.133093522,-0.00264557958,0.3,-0.0144051421,0.3,-0.0472044086,-0.0802147612,0.00579658985,0.3,-0.3,-0.0142313492
93,9631482,0.176205561,-0.590385258,-0.110591866,0.0660681501,-0.0333678871,0.0720828101,-0.499252081,-0.23832275,-9.40828419,-1.32737458,-0.179976538,-0.178153068,0.0140964448,-0.0472308207,-0.13317756,-0.080179555,-0.00266943097,0.00576662481,0.3,0.3,-0.3,-0.3,-0.014398123,-0.0142522454,0.0140964448,0.13317756,-0.00266943097,0.3,-0.014398123,0.3,-0.0472308207,-0.080179555,0.00576662481,0.3,-0.3,-0.0142522454
94,9648692,0.176831588,-0.590501428,-0.110879704,0.0658592433,-0.0336167887,0.071668312,-0.500524282,-0.239137292,-9.45277119,-1.32657731,-0.179838419,-0.178408012,0.0141465271,-0.0472401142,-0.133263911,-0.080242227,-0.00268934309,0.00573346496,0.3,0.3,-0.3,-0.3,-0.0143870735,-0.0142726409,0.0141465271,0.133263911,-0.00268934309,0.3,-0.0143870735,0.3,-0.0472401142,-0.080242227,0.00573346496,0.3,-0.3,-0.0142726409
95,9681121,0.177548349,-0.590237439,-0.111006528,0.0656507686,-0.0338208042,0.071126543,-0.501791477,-0.240017042,-9.49706936,-1.32572818,-0.179839015,-0.179252431,0.0142038679,-0.0472189951,-0.133301958,-0.0803047694,-0.00270566434,0.00569012344,0.3,0.3,-0.3,-0.3,-0.0143871212,-0.0143401945,0.0142038679,0.133301958,-0.00270566434,0.3,-0.0143871212,0.3,-0.0472189951,-0.0803047694,0.00569012344,0.3,-0.3,-0.0143401945
96,9687601,0.178102165,-0.590132833,-0.111051135,0.0655425787,-0.0340437442,0.0705816299,-0.502778411,-0.240699783,-9.54127884,-1.32492566,-0.17975831,-0.179614842,0.0142481732,-0.0472106266,-0.13331534,-0.0803372264,-0.00272349954,0.00564653039,0.3,0.3,-0.3,-0.3,-0.0143806648,-0.0143691874,0.0142481732,0.13331534,-0.00272349954,0.3,-0.0143806648,0.3,-0.0472106266,-0.0803372264,0.00564653039,0.3,-0.3,-0.0143691874
97,9705704,0.1786073,-0.589929223,-0.111210681,0.0655521601,-0.0343282335,0.0699965358,-0.503433883,-0.241085902,-9.58513832,-1.32417774,-0.179721192,-0.180046275,0.014288584,-0.0471943378,-0.133363204,-0.080334352,-0.00274625868,0.00559972286,0.3,0.3,-0.3,-0.3,-0.0143776953,-0.014403702,0.014288584,0.133363204,-0.00274625868,0.3,-0.0143776953,0.3,-0.0471943378,-0.080334352,0.00559972286,0.3,-0.3,-0.014403702
98,9734648,0.178970426,-0.589742064,-0.111407772,0.0655014142,-0.0345726795,0.0694924593,-0.503995955,-0.241448224,-9.62878609,-1.32352626,-0.179681838,-0.180384874,0.0143176341,-0.0471793652,-0.133422332,-0.0803495757,-0.00276581436,0.00555939674,0.3,0.3,-0.3,-0.3,-0.014374547,-0.0144307899,0.0143176341,0.133422332,-0.00276581436,0.3,-0.014374547,0.3,-0.0471793652,-0.0803495757,0.00555939674,0.3,-0.3,-0.0144307899
99,9747184,0.179481864,-0.589305103,-0.111534953,0.0653188452,-0.0348667279,0.068913646,-0.50477761,-0.241898507,-9.67230701,-1.32297456,-0.179876402,-0.180863619,0.0143585491,-0.0471444082,-0.133460486,-0.0804043464,-0.00278933823,0.00551309168,0.3,0.3,-0.3,-0.3,-0.0143901122,-0.0144690895,0.0143585491,0.133460486,-0.00278933823,0.3,-0.0143901122,0.3,-0.0471444082,-0.0804043464,0.00551309168,0.3,-0.3,-0.0144690895
100,9767311,0.180108011,-0.588828504,-0.111575246,0.0652768761,-0.0351395793,0.0683395714,-0.505443394,-0.242186025,-9.71572304,-1.32245874,-0.180120081,-0.181377813,0.0144086409,-0.0471062803,-0.133472574,-0.0804169372,-0.00281116635,0.00546716571,0.3,0.3,-0.3,-0.3,-0.0144096065,-0.0145102251,0.0144086409,0.133472574,-0.00281116635,0.3,-0.0144096065,0.3,-0.0471062803,-0.0804169372,0.00546716571,0.3,-0.3,-0.0145102251
101,9788333,0.180350199,-0.588713944,-0.111739017,0.0651532933,-0.0352986604,0.0679721609,-0.505923033,-0.242924333,-9.75900555,-1.32204497,-0.17972976,-0.181520805,0.0144280159,-0.0470971155,-0.133521705,-0.080454012,-0.00282389283,0.00543777287,0.3,0.3,-0.3,-0.3,-0.0143783808,-0.0145216644,0.0144280159,0.133521705,-0.00282389283,0.3,-0.0143783808,0.3,-0.0470971155,-0.080454012,0.00543777287,0.3,-0.3,-0.0145216644
102,9807802,0.180611476,-0.588933885,-0.111436166,0.0650269911,-0.0351758748,0.0680024922,-0.506068945,-0.243282646,-9.80186844,-1.32178831,-0.179461658,-0.181649029,0.0144489181,-0.0471147108,-0.13343085,-0.0804919027,-0.00281406999,0.00544019938,0.3,0.3,-0.3,-0.3,-0.0143569326,-0.0145319223,0.0144489181,0.13343085,-0.00281406999,0.3,-0.0143569326,0.3,-0.0471147108,-0.0804919027,0.00544019938,0.3,-0.3,-0.0145319223
103,9831651,0.180912092,-0.589470625,-0.111217313,0.0651637763,-0.0351318903,0.0680898353,-0.505765676,-0.243024021,-9.84435081,-1.32158709,-0.179221511,-0.181720704,0.0144729674,-0.04715765,-0.133365194,-0.0804508671,-0.00281055123,0.00544718683,0.3,0.3,-0.3,-0.3,-0.0143377209,-0.0145376563,0.0144729674,0.133365194,-0.00281055123,0.3,-0.0143377209,0.3,-0.04715765,-0.0804508671,0.00544718683,0.3,-0.3,-0.0145376563
104,9845375,0.181173816,-0.590191066,-0.111262858,0.065098837,-0.0350815952,0.0682721063,-0.505717218,-0.242976904,-9.88644314,-1.32133842,-0.179004714,-0.181757092,0.0144939053,-0.0472152853,-0.133378857,-0.0804703489,-0.00280652761,0.00546176851,0.3,0.3,-0.3,-0.3,-0.0143203771,-0.0145405674,0.0144939053,0.133378857,-0.00280652761,0.3,-0.0143203771,0.3,-0.0472152853,-0.0804703489,0.00546176851,0.3,-0.3,-0.0145405674
105,9877376,0.18135114,-0.591038108,-0.111367218,0.0650525466,-0.0349515863,0.0685640424,-0.505750656,-0.242834613,-9.92847729,-1.32124841,-0.178714037,-0.181746423,0.0145080912,-0.0472830486,-0.133410165,-0.080484236,-0.0027961269,0.0054851234,0.3,0.3,-0.3,-0.3,-0.014297123,-0.0145397139,0.0145080912,0.133410165,-0.0027961269,0.3,-0.014297123,0.3,-0.0472830486,-0.080484236,0.0054851234,0.3,-0.3,-0.0145397139
106,9884666,0.181562513,-0.591851652,-0.111220375,0.0653758198,-0.034767922,0.0689022467,-0.50508076,-0.24209936,-9.97005749,-1.32118344,-0.178303555,-0.181818739,0.014525001,-0.0473481321,-0.133366112,-0.0803872541,-0.00278143376,0.00551217973,0.3,0.3,-0.3,-0.3,-0.0142642844,-0.0145454991,0.014525001,0.133366112,-0.00278143376,0.3,-0.0142642844,0.3,-0.0473481321,-0.0803872541,0.00551217973,0.3,-0.3,-0.0145454991
107,9907249,0.181799486,-0.592785478,-0.110997088,0.0654289573,-0.0344969071,0.0694200769,-0.504567146,-0.24137488,-10.0111694,-1.32118189,-0.17812182,-0.181974947,0.0145439589,-0.0474228382,-0.133299126,-0.0803713128,-0.00275975257,0.00555360615,0.3,0.3,-0.3,-0.3,-0.0142497456,-0.0145579958,0.0145439589,0.133299126,-0.00275975257,0.3,-0.0142497456,0.3,-0.0474228382,-0.0803713128,0.00555360615,0.3,-0.3,-0.0145579958
108,9929638,0.18195045,-0.593842804,-0.111090727,0.0656737015,-0.0343856923,0.0698554218,-0.503992081,-0.240677506,-10.0519505,-1.32118464,-0.177723899,-0.182075977,0.014556036,-0.0475074244,-0.133327218,-0.0802978896,-0.00275085539,0.00558843374,0.3,0.3,-0.3,-0.3,-0.014217912,-0.0145660782,0.014556036,0.133327218,-0.00275085539,0.3,-0.014217912,0.3,-0.0475074244,-0.0802978896,0.00558843374,0.3,-0.3,-0.0145660782
109,9946643,0.182058007,-0.595095754,-0.111015089,0.0657993779,-0.0340553224,0.0705508515,-0.503431797,-0.240117669,-10.0923338,-1.32121241,-0.177193627,-0.182085708,0.0145646405,-0.0476076603,-0.133304527,-0.0802601866,-0.00272442579,0.00564406812,0.3,0.3,-0.3,-0.3,-0.0141754901,-0.0145668566,0.0145646405,0.133304527,-0.00272442579,0.3,-0.0141754901,0.3,-0.0476076603,-0.0802601866,0.00564406812,0.3,-0.3,-0.0145668566
110,9986650,0.182102069,-0.596549451,-0.110962495,0.0660036355,-0.0337203555,0.0713287741,-0.502670169,-0.239221215,-10.1324663,-1.3213135,-0.176617458,-0.181969836,0.0145681655,-0.0477239561,-0.133288749,-0.0801989093,-0.00269762844,0.00570630193,0.3,0.3,-0.3,-0.3,-0.0141293967,-0.0145575869,0.0145681655,0.133288749,-0.00269762844,0.3,-0.0141293967,0.3,-0.0477239561,-0.0801989093,0.00570630193,0.3,-0.3,-0.0145575869
111,9995054,0.182188421,-0.597983062,-0.111002095,0.0661982298,-0.0334261991,0.0720001012,-0.502092004,-0.238467067,-10.1721849,-1.32130039,-0.176008269,-0.181939974,0.0145750737,-0.047838645,-0.133300629,-0.0801405311,-0.00267409593,0.0057600081,0.3,0.3,-0.3,-0.3,-0.0140806615,-0.014555198,0.0145750737,0.133300629,-0.00267409593,0.3,-0.0140806615,0.3,-0.047838645,-0.0801405311,0.0057600081,0.3,-0.3,-0.014555198
112,10010878,0.182094038,-0.59943229,-0.111221217,0.0665450692,-0.0332476646,0.0724965781,-0.50160718,-0.237598583,-10.2117119,-1.32125759,-0.175412863,-0.181898966,0.014567523,-0.0479545832,-0.133366365,-0.0800364792,-0.00265981317,0.00579972625,0.3,0.3,-0.3,-0.3,-0.0140330291,-0.0145519173,0.014567523,0.133366365,-0.00265981317,0.3,-0.0140330291,0.3,-0.0479545832,-0.0800364792,0.00579972625,0.3,-0.3,-0.0145519173
113,10025570,0.182078674,-0.600778818,-0.111569099,0.0668712035,-0.0332252122,0.0728249997,-0.501338065,-0.236724272,-10.2510929,-1.32123733,-0.174892262,-0.181411549,0.014566294,-0.0480623055,-0.13347073,-0.079938639,-0.00265801698,0.00582599998,0.3,0.3,-0.3,-0.3,-0.0139913809,-0.014512924,0.014566294,0.13347073,-0.00265801698,0.3,-0.0139913809,0.3,-0.0480623055,-0.079938639,0.00582599998,0.3,-0.3,-0.014512924
114,10050861,0.182358608,-0.601632953,-0.111903243,0.0671350807,-0.0332557969,0.0729246736,-0.501554668,-0.236020371,-10.2904377,-1.32109046,-0.174696609,-0.181405976,0.0145886886,-0.0481306362,-0.133570973,-0.0798594758,-0.00266046375,0.00583397388,0.3,0.3,-0.3,-0.3,-0.0139757288,-0.0145124781,0.0145886886,0.133570973,-0.00266046375,0.3,-0.0139757288,0.3,-0.0481306362,-0.0798594758,0.00583397388,0.3,-0.3,-0.0145124781
115,10070662,0.182691455,-0.602005005,-0.112218365,0.0673043951,-0.0332935639,0.0728297532,-0.501958132,-0.235639706,-10.3299341,-1.32081461,-0.174646258,-0.18199721,0.0146153164,-0.0481604004,-0.13366551,-0.0798086815,-0.00266348511,0.00582638025,0.3,0.3,-0.3,-0.3,-0.0139717007,-0.0145597768,0.0146153164,0.13366551,-0.00266348511,0.3,-0.0139717007,0.3,-0.0481604004,-0.0798086815,0.00582638025,0.3,-0.3,-0.0145597768
116,10086765,0.183008149,-0.602198005,-0.112508655,0.0673490465,-0.0333780758,0.0726497546,-0.502530396,-0.235713005,-10.3695536,-1.3204726,-0.174558297,-0.182634547,0.0146406519,-0.0481758404,-0.133752596,-0.0797952861,-0.00267024606,0.00581198037,0.3,0.3,-0.3,-0.3,-0.0139646637,-0.0146107638,0.0146406519,0.133752596,-0.00267024606,0.3,-0.0139646637,0.3,-0.0481758404,-0.0797952861,0.00581198037,0.3,-0.3,-0.0146107638
117,10107349,0.183314502,-0.602311194,-0.112762474,0.0675042793,-0.0334566906,0.0723554567,-0.503060997,-0.235548243,-10.4094877,-1.32004261,-0.174546406,-0.183220729,0.0146651602,-0.0481848955,-0.133828742,-0.0797487162,-0.00267653525,0.00578843653,0.3,0.3,-0.3,-0.3,-0.0139637125,-0.0146576583,0.0146651602,0.133828742,-0.00267653525,0.3,-0.0139637125,0.3,-0.0481848955,-0.0797487162,0.00578843653,0.3,-0.3,-0.0146576583
118,10126172,0.183474496,-0.602484941,-0.113083325,0.0674288869,-0.033412423,0.0722381473,-0.503828347,-0.235871404,-10.449542,-1.31941891,-0.174345672,-0.183617488,0.0146779597,-0.0481987953,-0.133924998,-0.0797713339,-0.00267299384,0.00577905178,0.3,0.3,-0.3,-0.3,-0.0139476538,-0.014689399,0.0146779597,0.133924998,-0.00267299384,0.3,-0.0139476538,0.3,-0.0481987953,-0.0797713339,0.00577905178,0.3,-0.3,-0.014689399
119,10145909,0.183473319,-0.602958918,-0.113322742,0.0675056726,-0.0333708003,0.0721594989,-0.504375458,-0.236177847,-10.4897127,-1.31886518,-0.173948735,-0.183394298,0.0146778655,-0.0482367134,-0.133996823,-0.0797482982,-0.00266966403,0.00577275991,0.3,0.3,-0.3,-0.3,-0.0139158988,-0.0146715438,0.0146778655,0.133996823,-0.00266966403,0.3,-0.0139158988,0.3,-0.0482367134,-0.0797482982,0.00577275991,0.3,-0.3,-0.0146715438
120,10177935,0.183636904,-0.603304744,-0.113589212,0.0675724,-0.0333884396,0.0719857141,-0.505238712,-0.236534193,-10.5300179,-1.31825566,-0.173666939,-0.183195755,0.0146909523,-0.0482643795,-0.134076764,-0.07972828,-0.00267107517,0.00575885713,0.3,0.3,-0.3,-0.3,-0.0138933551,-0.0146556604,0.0146909523,0.134076764,-0.00267107517,0.3,-0.0138933551,0.3,-0.0482643795,-0.07972828,0.00575885713,0.3,-0.3,-0.0146556604
121,10186308,0.184057549,-0.603507817,-0.113661453,0.0675231516,-0.033371266,0.0718613863,-0.506215751,-0.236898527,-10.5703955,-1.31762397,-0.173593268,-0.183254287,0.0147246039,-0.0482806253,-0.134098436,-0.0797430545,-0.00266970128,0.0057489109,0.3,0.3,-0.3,-0.3,-0.0138874614,-0.0146603429,0.0147246039,0.134098436,-0.00266970128,0.3,-0.0138874614,0.3,-0.0482806253,-0.0797430545,0.0057489109,0.3,-0.3,-0.0146603429
122,10207238,0.184535488,-0.603666544,-0.113792524,0.0674143061,-0.0333729498,0.0717032179,-0.507280052,-0.237421513,-10.6110983,-1.3169657,-0.17350702,-0.183407843,0.0147628391,-0.0482933235,-0.134137757,-0.0797757082,-0.00266983598,0.00573625743,0.3,0.3,-0.3,-0.3,-0.0138805616,-0.0146726274,0.0147628391,0.134137757,-0.00266983598,0.3,-0.0138805616,0.3,-0.0482933235,-0.0797757082,0.00573625743,0.3,-0.3,-0.0146726274
123,10228207,0.185280859,-0.603258908,-0.113922082,0.0673185885,-0.0334831215,0.0712749958,-0.508305371,-0.237853751,-10.6520853,-1.31620061,-0.173762202,-0.184458882,0.0148224688,-0.0482607126,-0.134176625,-0.0798044235,-0.00267864972,0.00570199966,0.3,0.3,-0.3,-0.3,-0.0139009762,-0.0147567105,0.0148224688,0.134176625,-0.00267864972,0.3,-0.0139009762,0.3,-0.0482607126,-0.0798044235,0.00570199966,0.3,-0.3,-0.0147567105
124,10250612,0.185600877,-0.603154182,-0.114028752,0.0674256608,-0.0335258394,0.0710377544,-0.50857079,-0.238041401,-10.6933994,-1.31562006,-0.173531622,-0.184724003,0.0148480701,-0.0482523346,-0.134208626,-0.0797723018,-0.00268206716,0.00568302035,0.3,0.3,-0.3,-0.3,-0.0138825297,-0.0147779202,0.0148480701,0.134208626,-0.00268206716,0.3,-0.0138825297,0.3,-0.0482523346,-0.0797723018,0.00568302035,0.3,-0.3,-0.0147779202
125,10272556,0.185878024,-0.603181481,-0.114257589,0.0672192276,-0.0336050093,0.0708423629,-0.509208143,-0.238595992,-10.7350035,-1.31505215,-0.173242569,-0.184636891,0.0148702419,-0.0482545185,-0.134277277,-0.0798342317,-0.00268840075,0.00566738904,0.3,0.3,-0.3,-0.3,-0.0138594055,-0.0147709513,0.0148702419,0.134277277,-0.00268840075,0.3,-0.0138594055,0.3,-0.0482545185,-0.0798342317,0.00566738904,0.3,-0.3,-0.0147709513
126,10286370,0.185878381,-0.60356468,-0.114173129,0.0673718229,-0.0333759002,0.0709480941,-0.509122252,-0.238332018,-10.776722,-1.31465745,-0.172914401,-0.184402332,0.0148702705,-0.0482851744,-0.134251939,-0.0797884531,-0.00267007202,0.00567584753,0.3,0.3,-0.3,-0.3,-0.0138331521,-0.0147521865,0.0148702705,0.134251939,-0.00267007202,0.3,-0.0138331521,0.3,-0.0482851744,-0.0797884531,0.00567584753,0.3,-0.3,-0.0147521865
127,10310737,0.185758993,-0.603975892,-0.11429666,0.0674950331,-0.0333050564,0.0710419118,-0.508907914,-0.23806572,-10.818409,-1.31433499,-0.1726107,-0.184196323,0.0148607194,-0.0483180714,-0.134288998,-0.0797514901,-0.00266440451,0.00568335295,0.3,0.3,-0.3,-0.3,-0.013808856,-0.0147357059,0.0148607194,0.134288998,-0.00266440451,0.3,-0.013808856,0.3,-0.0483180714,-0.0797514901,0.00568335295,0.3,-0.3,-0.0147357059
128,10327515,0.185840398,-0.604180992,-0.114554837,0.0675025731,-0.0334180258,0.0708784685,-0.50906384,-0.237965554,-10.8603039,-1.3141855,-0.172536924,-0.184278876,0.0148672318,-0.0483344793,-0.134366451,-0.0797492281,-0.00267344207,0.00567027748,0.3,0.3,-0.3,-0.3,-0.013802954,-0.01474231,0.0148672318,0.134366451,-0.00267344207,0.3,-0.013802954,0.3,-0.0483344793,-0.0797492281,0.00567027748,0.3,-0.3,-0.01474231
129,10348837,0.186105385,-0.604079068,-0.114630118,0.0675974116,-0.0334850401,0.0706502125,-0.509117186,-0.237661555,-10.9024572,-1.31404209,-0.172552139,-0.184577048,0.0148884308,-0.0483263254,-0.134389035,-0.0797207765,-0.00267880321,0.005652017,0.3,0.3,-0.3,-0.3,-0.0138041711,-0.0147661638,0.0148884308,0.134389035,-0.00267880321,0.3,-0.0138041711,0.3,-0.0483263254,-0.0797207765,0.005652017,0.3,-0.3,-0.0147661638
130,10374420,0.186160102,-0.604039431,-0.114715882,0.0675777122,-0.0334633179,0.0704510957,-0.509017169,-0.237314582,-10.9450369,-1.31389153,-0.172482729,-0.18478854,0.0148928082,-0.0483231544,-0.134414764,-0.0797266863,-0.00267706543,0.00563608766,0.3,0.3,-0.3,-0.3,-0.0137986183,-0.0147830832,0.0148928082,0.134414764,-0.00267706543,0.3,-0.0137986183,0.3,-0.0483231544,-0.0797266863,0.00563608766,0.3,-0.3,-0.0147830832
131,10385449,0.186211362,-0.60414362,-0.114504799,0.0677122325,-0.0334710293,0.070380494,-0.508345723,-0.236541301,-10.9873056,-1.31418121,-0.172796041,-0.185044512,0.014896909,-0.0483314896,-0.13435144,-0.0796863303,-0.00267768234,0.00563043952,0.3,0.3,-0.3,-0.3,-0.0138236833,-0.014803561,0.014896909,0.13435144,-0.00267768234,0.3,-0.0138236833,0.3,-0.0483314896,-0.0796863303,0.00563043952,0.3,-0.3,-0.014803561
132,10409676,0.186336175,-0.60423851,-0.114692107,0.0680757016,-0.0337365046,0.070225358,-0.507433653,-0.235706672,-11.0294209,-1.31454027,-0.172925308,-0.185325786,0.014906894,-0.0483390808,-0.134407632,-0.0795772895,-0.00269892037,0.00561802864,0.3,0.3,-0.3,-0.3,-0.0138340247,-0.0148260629,0.014906894,0.134407632,-0.00269892037,0.3,-0.0138340247,0.3,-0.0483390808,-0.0795772895,0.00561802864,0.3,-0.3,-0.0148260629
133,10429234,0.186619446,-0.604277253,-0.114923447,0.0683397055,-0.0340663679,0.0699953213,-0.506680667,-0.235096529,-11.0713196,-1.31494772,-0.173069373,-0.185710698,0.0149295557,-0.0483421803,-0.134477034,-0.0794980884,-0.00272530943,0.00559962571,0.3,0.3,-0.3,-0.3,-0.0138455498,-0.0148568559,0.0149295557,0.134477034,-0.00272530943,0.3,-0.0138455498,0.3,-0.0483421803,-0.0794980884,0.00559962571,0.3,-0.3,-0.0148568559
134,10445984,0.186767519,-0.604460657,-0.11504665,0.0683960468,-0.0342003517,0.0699979886,-0.506068289,-0.234773561,-11.1138458,-1.31534171,-0.172918245,-0.186037332,0.0149414015,-0.0483568525,-0.134513995,-0.079481186,-0.00273602813,0.00559983909,0.3,0.3,-0.3,-0.3,-0.0138334596,-0.0148829865,0.0149414015,0.134513995,-0.00273602813,0.3,-0.0138334596,0.3,-0.0483568525,-0.079481186,0.00559983909,0.3,-0.3,-0.0148829865
135,10476938,0.186951503,-0.604831457,-0.115041703,0.0685038269,-0.0343816429,0.0700575933,-0.504923224,-0.233853877,-11.1558819,-1.3157866,-0.173043832,-0.185862914,0.0149561203,-0.0483865166,-0.134512511,-0.0794488519,-0.00275053144,0.00560460746,0.3,0.3,-0.3,-0.3,-0.0138435066,-0.0148690331,0.0149561203,0.134512511,-0.00275053144,0.3,-0.0138435066,0.3,-0.0483865166,-0.0794488519,0.00560460746,0.3,-0.3,-0.0148690331
136,10485905,0.187034592,-0.605295599,-0.115347229,0.0685653612,-0.034515962,0.0699794143,-0.504476011,-0.23338519,-11.1982756,-1.31616855,-0.173214287,-0.186183825,0.0149627674,-0.0484236479,-0.134604169,-0.0794303916,-0.00276127696,0.00559835315,0.3,0.3,-0.3,-0.3,-0.0138571429,-0.014894706,0.0149627674,0.134604169,-0.00276127696,0.3,-0.0138571429,0.3,-0.0484236479,-0.0794303916,0.00559835315,0.3,-0.3,-0.014894706
137,10508396,0.187198788,-0.605334103,-0.115585297,0.0685475543,-0.0346043445,0.0697628707,-0.504474759,-0.233141959,-11.2408171,-1.31631124,-0.173600122,-0.187049314,0.014975903,-0.0484267282,-0.134675589,-0.0794357337,-0.00276834756,0.00558102965,0.3,0.3,-0.3,-0.3,-0.0138880098,-0.0149639452,0.014975903,0.134675589,-0.00276834756,0.3,-0.0138880098,0.3,-0.0484267282,-0.0794357337,0.00558102965,0.3,-0.3,-0.0149639452
138,10528357,0.187194481,-0.605227947,-0.115908742,0.0685259327,-0.034804415,0.0694115683,-0.504529238,-0.233109444,-11.2837915,-1.31649184,-0.173774049,-0.187790215,0.0149755585,-0.0484182358,-0.134772623,-0.0794422202,-0.0027843532,0.00555292547,0.3,0.3,-0.3,-0.3,-0.0139019239,-0.0150232172,0.0149755585,0.134772623,-0.0027843532,0.3,-0.0139019239,0.3,-0.0484182358,-0.0794422202,0.00555292547,0.3,-0.3,-0.0150232172
139,10546950,0.187236533,-0.605086386,-0.115953721,0.0684596524,-0.0346917175,0.0692380741,-0.504595876,-0.233057827,-11.3269014,-1.31650305,-0.173844203,-0.188476771,0.0149789226,-0.0484069109,-0.134786116,-0.0794621043,-0.0027753374,0.00553904593,0.3,0.3,-0.3,-0.3,-0.0139075363,-0.0150781417,0.0149789226,0.134786116,-0.0027753374,0.3,-0.0139075363,0.3,-0.0484069109,-0.0794621043,0.00553904593,0.3,-0.3,-0.0150781417
140,10569265,0.187109157,-0.605233729,-0.115975663,0.0687025934,-0.0345110372,0.069256641,-0.504225671,-0.23255454,-11.370286,-1.31641805,-0.174015567,-0.189051345,0.0149687326,-0.0484186983,-0.134792699,-0.079389222,-0.00276088297,0.00554053128,0.3,0.3,-0.3,-0.3,-0.0139212453,-0.0151241076,0.0149687326,0.134792699,-0.00276088297,0.3,-0.0139212453,0.3,-0.0484186983,-0.079389222,0.00554053128,0.3,-0.3,-0.0151241076
141,10587702,0.187026039,-0.605509341,-0.116370857,0.0688484386,-0.0345304348,0.0692154765,-0.504116595,-0.232445464,-11.4137478,-1.31604695,-0.174043208,-0.18952547,0.0149620831,-0.0484407473,-0.134911257,-0.0793454684,-0.00276243478,0.00553723812,0.3,0.3,-0.3,-0.3,-0.0139234567,-0.0151620376,0.0149620831,0.134911257,-0.00276243478,0.3,-0.0139234567,0.3,-0.0484407473,-0.0793454684,0.00553723812,0.3,-0.3,-0.0151620376
142,10607354,0.186923012,-0.605915248,-0.116553083,0.0689984411,-0.0344239026,0.0692640767,-0.504033148,-0.23238647,-11.4575968,-1.31566,-0.173961267,-0.189977244,0.014953841,-0.0484732199,-0.134965925,-0.0793004677,-0.00275391221,0.00554112613,0.3,0.3,-0.3,-0.3,-0.0139169014,-0.0151981795,0.014953841,0.134965925,-0.00275391221,0.3,-0.0139169014,0.3,-0.0484732199,-0.0793004677,0.00554112613,0.3,-0.3,-0.0151981795
143,10627060,0.186900243,-0.606360376,-0.116854273,0.0689155012,-0.0343833603,0.0693344399,-0.50445497,-0.232730418,-11.5019779,-1.31497622,-0.173829854,-0.190342218,0.0149520195,-0.0485088301,-0.135056282,-0.0793253496,-0.00275066882,0.00554675519,0.3,0.3,-0.3,-0.3,-0.0139063883,-0.0152273774,0.0149520195,0.135056282,-0.00275066882,0.3,-0.0139063883,0.3,-0.0485088301,-0.0793253496,0.00554675519,0.3,-0.3,-0.0152273774
144,10646229,0.187052757,-0.606635094,-0.116935171,0.0686390251,-0.0342971534,0.0692945048,-0.505042613,-0.233221531,-11.5465546,-1.31415391,-0.173834592,-0.190783173,0.0149642205,-0.0485308075,-0.135080551,-0.0794082925,-0.00274377227,0.00554356039,0.3,0.3,-0.3,-0.3,-0.0139067674,-0.0152626538,0.0149642205,0.135080551,-0.00274377227,0.3,-0.0139067674,0.3,-0.0485308075,-0.0794082925,0.00554356039,0.3,-0.3,-0.0152626538
145,10669081,0.186834171,-0.60724932,-0.117020473,0.0685793459,-0.0340515338,0.0694232211,-0.505438626,-0.233783707,-11.5917425,-1.31323886,-0.173381969,-0.190775216,0.0149467337,-0.0485799456,-0.135106142,-0.0794261962,-0.0027241227,0.00555385768,0.3,0.3,-0.3,-0.3,-0.0138705575,-0.0152620173,0.0149467337,0.135106142,-0.0027241227,0.3,-0.0138705575,0.3,-0.0485799456,-0.0794261962,0.00555385768,0.3,-0.3,-0.0152620173
146,10686609,0.186718628,-0.607797384,-0.117094383,0.0688857809,-0.0340497866,0.0695216358,-0.50518471,-0.23358497,-11.6367283,-1.31237972,-0.173275009,-0.190916166,0.0149374902,-0.0486237907,-0.135128315,-0.0793342657,-0.00272398293,0.00556173086,0.3,0.3,-0.3,-0.3,-0.0138620007,-0.0152732933,0.0149374902,0.135128315,-0.00272398293,0.3,-0.0138620007,0.3,-0.0486237907,-0.0793342657,0.00556173086,0.3,-0.3,-0.0152732933
147,10708539,0.18699339,-0.608120978,-0.117375709,0.0687290728,-0.0340920202,0.0695147142,-0.505941868,-0.234071448,-11.6825123,-1.31134272,-0.173272714,-0.191218421,0.0149594712,-0.0486496782,-0.135212713,-0.0793812782,-0.00272736162,0.00556117713,0.3,0.3,-0.3,-0.3,-0.0138618171,-0.0152974737,0.0149594712,0.135212713,-0.00272736162,0.3,-0.0138618171,0.3,-0.0486496782,-0.0793812782,0.00556117713,0.3,-0.3,-0.0152974737
148,10742642,0.18746312,-0.60825032,-0.117547646,0.0683262423,-0.0340875573,0.0694650039,-0.507199585,-0.235058889,-11.7288523,-1.310094,-0.173313648,-0.19157587,0.0149970496,-0.0486600256,-0.135264294,-0.0795021273,-0.00272700459,0.00555720031,0.3,0.3,-0.3,-0.3,-0.0138650918,-0.0153260696,0.0149970496,0.135264294,-0.00272700459,0.3,-0.0138650918,0.3,-0.0486600256,-0.0795021273,0.00555720031,0.3,-0.3,-0.0153260696
149,10749754,0.187529027,-0.608727455,-0.117525391,0.068047151,-0.033898402,0.0695288926,-0.508115292,-0.23614043,-11.7759514,-1.30899632,-0.172792867,-0.191456392,0.0150023222,-0.0486981964,-0.135257617,-0.0795858547,-0.00271187216,0.00556231141,0.3,0.3,-0.3,-0.3,-0.0138234293,-0.0153165114,0.0150023222,0.135257617,-0.00271187216,0.3,-0.0138234293,0.3,-0.0486981964,-0.0795858547,0.00556231141,0.3,-0.3,-0.0153165114
150,10767273,0.187633052,-0.609008014,-0.117492676,0.0677513778,-0.0337175988,0.069511421,-0.509058297,-0.237228185,-11.8232632,-1.30783558,-0.172174394,-0.191295102,0.0150106442,-0.0487206411,-0.135247803,-0.0796745867,-0.0026974079,0.00556091368,0.3,0.3,-0.3,-0.3,-0.0137739515,-0.0153036082,0.0150106442,0.135247803,-0.0026974079,0.3,-0.0137739515,0.3,-0.0487206411,-0.0796745867,0.00556091368,0.3,-0.3,-0.0153036082
151,10790798,0.187556431,-0.609439731,-0.117366672,0.0677859634,-0.0335408039,0.0695350245,-0.509497762,-0.237538233,-11.8707447,-1.30701482,-0.171597615,-0.190470755,0.0150045145,-0.0487551785,-0.135210001,-0.079664211,-0.00268326432,0.00556280196,0.3,0.3,-0.3,-0.3,-0.0137278092,-0.0152376604,0.0150045145,0.135210001,-0.00268326432,0.3,-0.0137278092,0.3,-0.0487551785,-0.079664211,0.00556280196,0.3,-0.3,-0.0152376604
152,10816456,0.187527388,-0.609915316,-0.117330387,0.0677498877,-0.0333021544,0.0697462484,-0.509982705,-0.237716541,-11.9182701,-1.30621564,-0.171105236,-0.189678878,0.0150021911,-0.0487932253,-0.135199116,-0.0796750337,-0.00266417235,0.00557969987,0.3,0.3,-0.3,-0.3,-0.0136884189,-0.0151743102,0.0150021911,0.135199116,-0.00266417235,0.3,-0.0136884189,0.3,-0.0487932253,-0.0796750337,0.00557969987,0.3,-0.3,-0.0151743102
153,10828354,0.187635064,-0.610356569,-0.117302544,0.067847088,-0.0331447721,0.0698655471,-0.510165155,-0.237578645,-11.9661236,-1.30560374,-0.170837998,-0.189141527,0.0150108051,-0.0488285255,-0.135190763,-0.0796458736,-0.00265158176,0.00558924377,0.3,0.3,-0.3,-0.3,-0.0136670399,-0.0151313221,0.0150108051,0.135190763,-0.00265158176,0.3,-0.0136670399,0.3,-0.0488285255,-0.0796458736,0.00558924377,0.3,-0.3,-0.0151313221
154,10845864,0.188049197,-0.610287368,-0.117386997,0.0678263307,-0.0331660695,0.0697847009,-0.510687768,-0.237671077,-12.0143461,-1.30496669,-0.170912743,-0.189508647,0.0150439358,-0.0488229895,-0.135216099,-0.0796521008,-0.00265328556,0.00558277607,0.3,0.3,-0.3,-0.3,-0.0136730194,-0.0151606917,0.0150439358,0.135216099,-0.00265328556,0.3,-0.0136730194,0.3,-0.0488229895,-0.0796521008,0.00558277607,0.3,-0.3,-0.0151606917
155,10868454,0.188677773,-0.610015869,-0.117147438,0.0675428361,-0.0331077352,0.0697998926,-0.511186182,-0.237938479,-12.0629835,-1.30448186,-0.171063006,-0.190193191,0.0150942218,-0.0488012695,-0.135144231,-0.0797371492,-0.00264861882,0.00558399141,0.3,0.3,-0.3,-0.3,-0.0136850405,-0.0152154553,0.0150942218,0.135144231,-0.00264861882,0.3,-0.0136850405,0.3,-0.0488012695,-0.0797371492,0.00558399141,0.3,-0.3,-0.0152154553
156,10886211,0.189094111,-0.609958589,-0.117076077,0.0674325898,-0.0330979079,0.0698411688,-0.511218488,-0.23818098,-12.1121426,-1.30406177,-0.170889542,-0.190579504,0.0151275289,-0.0487966871,-0.135122823,-0.0797702231,-0.00264783263,0.00558729351,0.3,0.3,-0.3,-0.3,-0.0136711633,-0.0152463603,0.0151275289,0.135122823,-0.00264783263,0.3,-0.0136711633,0.3,-0.0487966871,-0.0797702231,0.00558729351,0.3,-0.3,-0.0152463603
157,10908200,0.189285636,-0.610223472,-0.116982341,0.0675214007,-0.0330385529,0.0700236857,-0.510621607,-0.23793073,-12.1612444,-1.30381,-0.170573622,-0.190498933,0.0151428509,-0.0488178778,-0.135094702,-0.0797435798,-0.00264308423,0.00560189486,0.3,0.3,-0.3,-0.3,-0.0136458898,-0.0152399147,0.0151428509,0.135094702,-0.00264308423,0.3,-0.0136458898,0.3,-0.0488178778,-0.0797435798,0.00560189486,0.3,-0.3,-0.0152399147
158,10925352,0.189341187,-0.610783696,-0.11703676,0.067621015,-0.0330009498,0.0702849403,-0.510065794,-0.237643689,-12.2104101,-1.30369306,-0.17001918,-0.189927727,0.015147295,-0.0488626957,-0.135111028,-0.0797136955,-0.00264007598,0.00562279522,0.3,0.3,-0.3,-0.3,-0.0136015344,-0.0151942182,0.015147295,0.135111028,-0.00264007598,0.3,-0.0136015344,0.3,-0.0488626957,-0.0797136955,0.00562279522,0.3,-0.3,-0.0151942182
159,10956388,0.189540103,-0.611007035,-0.117215477,0.0676753446,-0.033114098,0.0702994466,-0.509673297,-0.237294629,-12.2598019,-1.30346882,-0.169697821,-0.190048024,0.0151632082,-0.0488805628,-0.135164643,-0.0796973966,-0.00264912784,0.00562395573,0.3,0.3,-0.3,-0.3,-0.0135758257,-0.0152038419,0.0151632082,0.135164643,-0.00264912784,0.3,-0.0135758257,0.3,-0.0488805628,-0.0796973966,0.00562395573,0.3,-0.3,-0.0152038419
160,10965486,0.189685941,-0.611276925,-0.117176928,0.067483373,-0.0330069624,0.0705136061,-0.509543121,-0.237231731,-12.3092899,-1.3033638,-0.169403762,-0.190279722,0.0151748753,-0.048902154,-0.135153078,-0.0797549881,-0.00264055699,0.00564108849,0.3,0.3,-0.3,-0.3,-0.0135523009,-0.0152223778,0.0151748753,0.135153078,-0.00264055699,0.3,-0.0135523009,0.3,-0.048902154,-0.0797549881,0.00564108849,0.3,-0.3,-0.0152223778
161,10986624,0.190175816,-0.611112714,-0.117234416,0.0673273802,-0.0330850556,0.070296526,-0.509851992,-0.237195626,-12.3593645,-1.30310047,-0.169498295,-0.190946907,0.0152140653,-0.0488890171,-0.135170325,-0.0798017859,-0.00264680445,0.00562372208,0.3,0.3,-0.3,-0.3,-0.0135598636,-0.0152757525,0.0152140653,0.135170325,-0.00264680445,0.3,-0.0135598636,0.3,-0.0488890171,-0.0798017859,0.00562372208,0.3,-0.3,-0.0152757525
162,11008291,0.190237477,-0.611317992,-0.117331274,0.0675342754,-0.0330519676,0.070238106,-0.509570539,-0.236911446,-12.409791,-1.30294454,-0.169174224,-0.190798491,0.0152189982,-0.0489054394,-0.135199382,-0.0797397174,-0.00264415741,0.00561904848,0.3,0.3,-0.3,-0.3,-0.0135339379,-0.0152638793,0.0152189982,0.135199382,-0.00264415741,0.3,-0.0135339379,0.3,-0.0489054394,-0.0797397174,0.00561904848,0.3,-0.3,-0.0152638793
163,11034168,0.190179497,-0.611607075,-0.117505148,0.0678831413,-0.0330903158,0.0702847168,-0.508886874,-0.236260742,-12.4599743,-1.30290234,-0.168910652,-0.190557748,0.0152143598,-0.048928566,-0.135251544,-0.0796350576,-0.00264722526,0.00562277734,0.3,0.3,-0.3,-0.3,-0.0135128522,-0.0152446198,0.0152143598,0.135251544,-0.00264722526,0.3,-0.0135128522,0.3,-0.048928566,-0.0796350576,0.00562277734,0.3,-0.3,-0.0152446198
164,11051232,0.190411106,-0.611662149,-0.117759094,0.0683464929,-0.033330515,0.0700492635,-0.508219182,-0.235132113,-12.510397,-1.30282795,-0.169103235,-0.190753564,0.0152328885,-0.048932972,-0.135327728,-0.0794960521,-0.0026664412,0.00560394108,0.3,0.3,-0.3,-0.3,-0.0135282588,-0.0152602851,0.0152328885,0.135327728,-0.0026664412,0.3,-0.0135282588,0.3,-0.048932972,-0.0794960521,0.00560394108,0.3,-0.3,-0.0152602851
165,11065982,0.190544501,-0.611739635,-0.118038617,0.0684255585,-0.0334160924,0.0700545907,-0.507844925,-0.234652638,-12.560955,-1.30266118,-0.169100776,-0.1909924,0.0152435601,-0.0489391708,-0.135411585,-0.0794723324,-0.00267328739,0.00560436726,0.3,0.3,-0.3,-0.3,-0.0135280621,-0.015279392,0.0152435601,0.135411585,-0.00267328739,0.3,-0.0135280621,0.3,-0.0489391708,-0.0794723324,0.00560436726,0.3,-0.3,-0.015279392
166,11092527,0.190686628,-0.611692727,-0.118198536,0.0684309378,-0.0334608667,0.0699384585,-0.507454634,-0.234257206,-12.611927,-1.30247366,-0.169375226,-0.191964194,0.0152549303,-0.0489354181,-0.135459561,-0.0794707187,-0.00267686933,0.00559507668,0.3,0.3,-0.3,-0.3,-0.0135500181,-0.0153571355,0.0152549303,0.135459561,-0.00267686933,0.3,-0.0135500181,0.3,-0.0489354181,-0.0794707187,0.00559507668,0.3,-0.3,-0.0153571355
167,11108855,0.190886304,-0.61168009,-0.118498251,0.0683893934,-0.0335971452,0.0696630552,-0.507551849,-0.234276548,-12.6637249,-1.30215669,-0.169593289,-0.192696452,0.0152709043,-0.0489344072,-0.135549475,-0.079483182,-0.00268777162,0.00557304442,0.3,0.3,-0.3,-0.3,-0.0135674632,-0.0154157162,0.0152709043,0.135549475,-0.00268777162,0.3,-0.0135674632,0.3,-0.0489344072,-0.079483182,0.00557304442,0.3,-0.3,-0.0154157162
168,11127650,0.190914392,-0.611734092,-0.118745252,0.0684377924,-0.0337208398,0.0694242343,-0.507459641,-0.23439005,-12.7158518,-1.30164182,-0.169478104,-0.193235725,0.0152731514,-0.0489387274,-0.135623576,-0.0794686623,-0.00269766718,0.00555393875,0.3,0.3,-0.3,-0.3,-0.0135582483,-0.015458858,0.0152731514,0.135623576,-0.00269766718,0.3,-0.0135582483,0.3,-0.0489387274,-0.0794686623,0.00555393875,0.3,-0.3,-0.015458858
169,11148266,0.19080238,-0.612176836,-0.118839577,0.0681840032,-0.0335559808,0.0694853514,-0.507671237,-0.234820396,-12.7684479,-1.30110168,-0.16931814,-0.193367958,0.0152641904,-0.0489741468,-0.135651873,-0.079544799,-0.00268447846,0.00555882812,0.3,0.3,-0.3,-0.3,-0.0135454512,-0.0154694366,0.0152641904,0.135651873,-0.00268447846,0.3,-0.0135454512,0.3,-0.0489741468,-0.079544799,0.00555882812,0.3,-0.3,-0.0154694366
170,11166993,0.190766588,-0.612649202,-0.118849985,0.0680340827,-0.033293426,0.0696242005,-0.5079633,-0.235228106,-12.8214378,-1.30041778,-0.169028163,-0.193443328,0.015261327,-0.0490119362,-0.135654996,-0.0795897752,-0.00266347408,0.00556993604,0.3,0.3,-0.3,-0.3,-0.013522253,-0.0154754663,0.015261327,0.135654996,-0.00266347408,0.3,-0.013522253,0.3,-0.0490119362,-0.0795897752,0.00556993604,0.3,-0.3,-0.0154754663
171,11187573,0.19086951,-0.612923861,-0.119006895,0.068111673,-0.0332263373,0.0695072263,-0.508191228,-0.235301822,-12.8748646,-1.29959881,-0.169011593,-0.193707615,0.0152695608,-0.0490339088,-0.135702068,-0.0795664981,-0.00265810698,0.00556057811,0.3,0.3,-0.3,-0.3,-0.0135209274,-0.0154966092,0.0152695608,0.135702068,-0.00265810698,0.3,-0.0135209274,0.3,-0.0490339088,-0.0795664981,0.00556057811,0.3,-0.3,-0.0154966092
172,11209299,0.191049367,-0.61314857,-0.119115844,0.0681043416,-0.0331373401,0.0694831237,-0.508530676,-0.235439464,-12.9285641,-1.29879737,-0.169157431,-0.194054782,0.0152839494,-0.0490518856,-0.135734753,-0.0795686975,-0.00265098721,0.0055586499,0.3,0.3,-0.3,-0.3,-0.0135325944,-0.0155243826,0.0152839494,0.135734753,-0.00265098721,0.3,-0.0135325944,0.3,-0.0490518856,-0.0795686975,0.0055586499,0.3,-0.3,-0.0155243826
173,11228144,0.191613734,-0.61298418,-0.119201832,0.0679528192,-0.0331394859,0.0692715347,-0.509323657,-0.235744596,-12.9830122,-1.29782605,-0.169566929,-0.19475013,0.0153290987,-0.0490387344,-0.135760549,-0.0796141542,-0.00265115887,0.00554172277,0.3,0.3,-0.3,-0.3,-0.0135653543,-0.0155800104,0.0153290987,0.135760549,-0.00265115887,0.3,-0.0135653543,0.3,-0.0490387344,-0.0796141542,0.00554172277,0.3,-0.3,-0.0155800104
174,11260693,0.19189316,-0.613007605,-0.119386092,0.0677406117,-0.0330397785,0.0692008883,-0.510051668,-0.236453906,-13.0382175,-1.29669154,-0.169546098,-0.195139632,0.0153514528,-0.0490406084,-0.135815828,-0.0796778165,-0.00264318228,0.00553607106,0.3,0.3,-0.3,-0.3,-0.0135636878,-0.0156111705,0.0153514528,0.135815828,-0.00264318228,0.3,-0.0135636878,0.3,-0.0490406084,-0.0796778165,0.00553607106,0.3,-0.3,-0.0156111705
175,11267165,0.192090482,-0.613094687,-0.119523562,0.0676161721,-0.0330000855,0.0690918565,-0.510565102,-0.237062618,-13.0940056,-1.29565632,-0.169442013,-0.195415795,0.0153672385,-0.049047575,-0.135857069,-0.0797151484,-0.00264000684,0.00552734852,0.3,0.3,-0.3,-0.3,-0.013555361,-0.0156332636,0.0153672385,0.135857069,-0.00264000684,0.3,-0.013555361,0.3,-0.049047575,-0.0797151484,0.00552734852,0.3,-0.3,-0.0156332636
176,11284771,0.192338347,-0.613234818,-0.119544171,0.0672940016,-0.0328416266,0.0691032633,-0.511410952,-0.237977847,-13.1503792,-1.29451907,-0.16919215,-0.195603818,0.0153870678,-0.0490587854,-0.135863251,-0.0798117995,-0.00262733012,0.00552826107,0.3,0.3,-0.3,-0.3,-0.013535372,-0.0156483054,0.0153870678,0.135863251,-0.00262733012,0.3,-0.013535372,0.3,-0.0490587854,-0.0798117995,0.00552826107,0.3,-0.3,-0.0156483054
177,11320681,0.192463174,-0.613424301,-0.119637392,0.0671991929,-0.0327881984,0.0689774528,-0.512025297,-0.238787279,-13.207386,-1.29329193,-0.168689638,-0.195639297,0.015397054,-0.0490739441,-0.135891218,-0.0798402421,-0.00262305588,0.00551819623,0.3,0.3,-0.3,-0.3,-0.0134951711,-0.0156511438,0.015397054,0.135891218,-0.00262305588,0.3,-0.0134951711,0.3,-0.0490739441,-0.0798402421,0.00551819623,0.3,-0.3,-0.0156511438
178,11326289,0.192475095,-0.613800466,-0.119537935,0.0668354779,-0.0324227512,0.0691820234,-0.5128479,-0.239798248,-13.2648211,-1.29214203,-0.168226466,-0.195413649,0.0153980076,-0.0491040373,-0.13586138,-0.0799493566,-0.0025938201,0.00553456187,0.3,0.3,-0.3,-0.3,-0.0134581172,-0.0156330919,0.0153980076,0.13586138,-0.0025938201,0.3,-0.0134581172,0.3,-0.0491040373,-0.0799493566,0.00553456187,0.3,-0.3,-0.0156330919
179,11345818,0.192799762,-0.614024222,-0.119244538,0.066601187,-0.0320200324,0.069391571,-0.513565898,-0.240371481,-13.3227491,-1.29111564,-0.168067053,-0.195463881,0.015423981,-0.0491219378,-0.135773361,-0.0800196439,-0.00256160259,0.00555132568,0.3,0.3,-0.3,-0.3,-0.0134453642,-0.0156371105,0.015423981,0.135773361,-0.00256160259,0.3,-0.0134453642,0.3,-0.0491219378,-0.0800196439,0.00555132568,0.3,-0.3,-0.0156371105
180,11366887,0.193260923,-0.614097059,-0.119280055,0.066525124,-0.0318826064,0.0693446472,-0.514231741,-0.240800828,-13.3813124,-1.29000938,-0.168015346,-0.195552319,0.0154608738,-0.0491277647,-0.135784017,-0.0800424628,-0.00255060852,0.00554757178,0.3,0.3,-0.3,-0.3,-0.0134412277,-0.0156441855,0.0154608738,0.135784017,-0.00255060852,0.3,-0.0134412277,0.3,-0.0491277647,-0.0800424628,0.00554757178,0.3,-0.3,-0.0156441855
181,11386234,0.193653479,-0.614174247,-0.119255967,0.0666277409,-0.0317419544,0.0693858936,-0.514390588,-0.240708604,-13.4401817,-1.28916752,-0.168034375,-0.195727393,0.0154922783,-0.0491339397,-0.13577679,-0.0800116777,-0.00253935635,0.00555087149,0.3,0.3,-0.3,-0.3,-0.01344275,-0.0156581914,0.0154922783,0.13577679,-0.00253935635,0.3,-0.01344275,0.3,-0.0491339397,-0.0800116777,0.00555087149,0.3,-0.3,-0.0156581914
182,11405183,0.194019377,-0.614248335,-0.119290598,0.066939272,-0.0317109935,0.0693838373,-0.514068067,-0.240268722,-13.4992218,-1.28841865,-0.167901725,-0.195980996,0.0155215502,-0.0491398668,-0.135787179,-0.0799182184,-0.00253687948,0.00555070698,0.3,0.3,-0.3,-0.3,-0.013432138,-0.0156784797,0.0155215502,0.135787179,-0.00253687948,0.3,-0.013432138,0.3,-0.0491398668,-0.0799182184,0.00555070698,0.3,-0.3,-0.0156784797
183,11428525,0.194432974,-0.614042103,-0.119542249,0.0670984238,-0.031882856,0.0691510886,-0.513801813,-0.239695728,-13.5590973,-1.28771746,-0.168054059,-0.196476489,0.0155546379,-0.0491233683,-0.135862675,-0.0798704728,-0.00255062848,0.00553208709,0.3,0.3,-0.3,-0.3,-0.0134443247,-0.0157181191,0.0155546379,0.135862675,-0.00255062848,0.3,-0.0134443247,0.3,-0.0491233683,-0.0798704728,0.00553208709,0.3,-0.3,-0.0157181191
184,11449474,0.194401428,-0.614146411,-0.119810872,0.0671883896,-0.0319237672,0.0692251548,-0.513224602,-0.239393324,-13.6191339,-1.28723133,-0.167770475,-0.19669646,0.0155521142,-0.0491317129,-0.135943262,-0.0798434831,-0.00255390137,0.00553801239,0.3,0.3,-0.3,-0.3,-0.013421638,-0.0157357168,0.0155521142,0.135943262,-0.00255390137,0.3,-0.013421638,0.3,-0.0491317129,-0.0798434831,0.00553801239,0.3,-0.3,-0.0157357168
185,11465697,0.194509327,-0.614343464,-0.120027035,0.0668961257,-0.0319290943,0.0691099018,-0.51334691,-0.239666581,-13.6798573,-1.28676856,-0.167551965,-0.196740404,0.0155607462,-0.0491474771,-0.136008111,-0.0799311623,-0.00255432755,0.00552879214,0.3,0.3,-0.3,-0.3,-0.0134041572,-0.0157392323,0.0155607462,0.136008111,-0.00255432755,0.3,-0.0134041572,0.3,-0.0491474771,-0.0799311623,0.00552879214,0.3,-0.3,-0.0157392323
186,11495183,0.194422632,-0.614665747,-0.120059066,0.0669731349,-0.0317317843,0.0690480247,-0.513323128,-0.239690304,-13.7414494,-1.28635037,-0.167125762,-0.196675956,0.0155538106,-0.0491732597,-0.13601772,-0.0799080595,-0.00253854275,0.00552384198,0.3,0.3,-0.3,-0.3,-0.0133700609,-0.0157340765,0.0155538106,0.13601772,-0.00253854275,0.3,-0.0133700609,0.3,-0.0491732597,-0.0799080595,0.00552384198,0.3,-0.3,-0.0157340765
187,11508264,0.1942866,-0.614890635,-0.120108001,0.0671154708,-0.0317019559,0.0690236241,-0.512813866,-0.239336044,-13.8028994,-1.28606713,-0.166971311,-0.196704373,0.015542928,-0.0491912508,-0.1360324,-0.0798653588,-0.00253615648,0.00552188993,0.3,0.3,-0.3,-0.3,-0.0133577049,-0.0157363498,0.015542928,0.1360324,-0.00253615648,0.3,-0.0133577049,0.3,-0.0491912508,-0.0798653588,0.00552188993,0.3,-0.3,-0.0157363498
188,11527774,0.19425042,-0.615101814,-0.12023627,0.0672767833,-0.031689357,0.06890589,-0.512323081,-0.238743424,-13.8647804,-1.28596663,-0.167072833,-0.196953431,0.0155400336,-0.0492081451,-0.136070881,-0.079816965,-0.00253514856,0.0055124712,0.3,0.3,-0.3,-0.3,-0.0133658266,-0.0157562745,0.0155400336,0.136070881,-0.00253514856,0.3,-0.0133658266,0.3,-0.0492081451,-0.079816965,0.0055124712,0.3,-0.3,-0.0157562745
189,11548619,0.194561392,-0.615110219,-0.120213695,0.0673904642,-0.0315451398,0.0688941181,-0.512164533,-0.238178194,-13.9270258,-1.28571451,-0.167404726,-0.197564557,0.0155649114,-0.0492088175,-0.136064108,-0.0797828607,-0.00252361119,0.00551152945,0.3,0.3,-0.3,-0.3,-0.0133923781,-0.0158051646,0.0155649114,0.136064108,-0.00252361119,0.3,-0.0133923781,0.3,-0.0492088175,-0.0797828607,0.00551152945,0.3,-0.3,-0.0158051646
190,11566716,0.194662288,-0.615218759,-0.1204492,0.0677121505,-0.0316411145,0.0688068494,-0.511449933,-0.237352788,-13.9898138,-1.28554893,-0.167697415,-0.198147029,0.015572983,-0.0492175007,-0.13613476,-0.0796863548,-0.00253128916,0.00550454795,0.3,0.3,-0.3,-0.3,-0.0134157932,-0.0158517623,0.015572983,0.13613476,-0.00253128916,0.3,-0.0134157932,0.3,-0.0492175007,-0.0796863548,0.00550454795,0.3,-0.3,-0.0158517623
191,11587639,0.194984317,-0.615317941,-0.120685034,0.0675591975,-0.0315972902,0.0688957348,-0.511211574,-0.237132058,-14.0530396,-1.28544676,-0.168011472,-0.198790431,0.0155987453,-0.0492254353,-0.13620551,-0.0797322407,-0.00252778322,0.00551165879,0.3,0.3,-0.3,-0.3,-0.0134409177,-0.0159032345,0.0155987453,0.13620551,-0.00252778322,0.3,-0.0134409177,0.3,-0.0492254353,-0.0797322407,0.00551165879,0.3,-0.3,-0.0159032345
192,11607479,0.1954422,-0.615302801,-0.120878875,0.0673709214,-0.0315208212,0.0688612238,-0.51149559,-0.23726137,-14.1172018,-1.28521395,-0.168240055,-0.199513361,0.015635376,-0.0492242241,-0.136263663,-0.0797887236,-0.00252166569,0.0055088979,0.3,0.3,-0.3,-0.3,-0.0134592044,-0.0159610689,0.015635376,0.136263663,-0.00252166569,0.3,-0.0134592044,0.3,-0.0492242241,-0.0797887236,0.0055088979,0.3,-0.3,-0.0159610689
193,11628050,0.19552134,-0.615562081,-0.120959498,0.0675551221,-0.0313245542,0.0689136758,-0.511161804,-0.237187341,-14.1818562,-1.28483999,-0.167988971,-0.199964613,0.0156417072,-0.0492449665,-0.136287849,-0.0797334634,-0.00250596434,0.00551309407,0.3,0.3,-0.3,-0.3,-0.0134391177,-0.015997169,0.0156417072,0.136287849,-0.00250596434,0.3,-0.0134391177,0.3,-0.0492449665,-0.0797334634,0.00551309407,0.3,-0.3,-0.015997169
194,11659420,0.195396766,-0.616034687,-0.121155381,0.0677854121,-0.031194251,0.0689608678,-0.510713935,-0.236940786,-14.2469778,-1.28449285,-0.167729288,-0.200258896,0.0156317413,-0.0492827749,-0.136346614,-0.0796643764,-0.00249554008,0.00551686943,0.3,0.3,-0.3,-0.3,-0.0134183431,-0.0160207117,0.0156317413,0.136346614,-0.00249554008,0.3,-0.0134183431,0.3,-0.0492827749,-0.0796643764,0.00551686943,0.3,-0.3,-0.0160207117
195,11667706,0.195378542,-0.616405249,-0.121468768,0.0676488951,-0.0310806688,0.0689769536,-0.511020124,-0.237095043,-14.3127689,-1.28407466,-0.16760999,-0.200498059,0.0156302834,-0.0493124199,-0.13644063,-0.0797053315,-0.0024864535,0.00551815629,0.3,0.3,-0.3,-0.3,-0.0134087992,-0.0160398448,0.0156302834,0.13644063,-0.0024864535,0.3,-0.0134087992,0.3,-0.0493124199,-0.0797053315,0.00551815629,0.3,-0.3,-0.0160398448
196,11687495,0.195680469,-0.616440654,-0.121716216,0.0675770864,-0.0310625918,0.0687959567,-0.511443138,-0.237337187,-14.3793192,-1.28352642,-0.167636275,-0.201002568,0.0156544375,-0.0493152523,-0.136514865,-0.0797268741,-0.00248500735,0.00550367653,0.3,0.3,-0.3,-0.3,-0.013410902,-0.0160802054,0.0156544375,0.136514865,-0.00248500735,0.3,-0.013410902,0.3,-0.0493152523,-0.0797268741,0.00550367653,0.3,-0.3,-0.0160802054
197,11709647,0.195834875,-0.616463065,-0.121860936,0.0674663037,-0.0308732521,0.0686793402,-0.511929989,-0.237806097,-14.4467793,-1.28287971,-0.167623162,-0.201591596,0.01566679,-0.0493170452,-0.136558281,-0.0797601089,-0.00246986017,0.00549434721,0.3,0.3,-0.3,-0.3,-0.013409853,-0.0161273277,0.01566679,0.136558281,-0.00246986017,0.3,-0.013409853,0.3,-0.0493170452,-0.0797601089,0.00549434721,0.3,-0.3,-0.0161273277
198,11726410,0.196002692,-0.616425216,-0.121818461,0.0675145313,-0.0306767523,0.0685898066,-0.51205945,-0.237948865,-14.5148191,-1.28233016,-0.167715013,-0.202277213,0.0156802154,-0.0493140173,-0.136545538,-0.0797456406,-0.00245414019,0.00548718452,0.3,0.3,-0.3,-0.3,-0.013417201,-0.0161821771,0.0156802154,0.136545538,-0.00245414019,0.3,-0.013417201,0.3,-0.0493140173,-0.0797456406,0.00548718452,0.3,-0.3,-0.0161821771
199,11747630,0.196280599,-0.616500318,-0.121864676,0.0673635229,-0.0304767657,0.0686218813,-0.51237613,-0.238357663,-14.5834904,-1.28175354,-0.16781956,-0.20290716,0.0157024479,-0.0493200254,-0.136559403,-0.0797909431,-0.00243814126,0.0054897505,0.3,0.3,-0.3,-0.3,-0.0134255648,-0.0162325728,0.0157024479,0.136559403,-0.00243814126,0.3,-0.0134255648,0.3,-0.0493200254,-0.0797909431,0.0054897505,0.3,-0.3,-0.0162325728
200,11765345,0.196459055,-0.616831005,-0.121974818,0.0673893169,-0.0303598437,0.0686132088,-0.512515426,-0.238578394,-14.6529026,-1.28124368,-0.167785659,-0.203026995,0.0157167244,-0.0493464804,-0.136592446,-0.0797832049,-0.0024287875,0.00548905671,0.3,0.3,-0.3,-0.3,-0.0134228528,-0.0162421596,0.0157167244,0.136592446,-0.0024287875,0.3,-0.0134228528,0.3,-0.0493464804,-0.0797832049,0.00548905671,0.3,-0.3,-0.0162421596
201,11791531,0.196681783,-0.61720866,-0.122111611,0.0674557462,-0.0302448329,0.0686632693,-0.512618661,-0.238697603,-14.7229223,-1.28078222,-0.16770947,-0.202881023,0.0157345426,-0.0493766928,-0.136633483,-0.0797632761,-0.00241958663,0.00549306154,0.3,0.3,-0.3,-0.3,-0.0134167576,-0.0162304819,0.0157345426,0.136633483,-0.00241958663,0.3,-0.0134167576,0.3,-0.0493766928,-0.0797632761,0.00549306154,0.3,-0.3,-0.0162304819
202,11806777,0.197168112,-0.617251456,-0.12223126,0.0669236556,-0.0300548952,0.068677336,-0.513643682,-0.239558429,-14.7938728,-1.28035891,-0.167842701,-0.202935219,0.0157734489,-0.0493801165,-0.136669378,-0.0799229033,-0.00240439162,0.00549418688,0.3,0.3,-0.3,-0.3,-0.0134274161,-0.0162348175,0.0157734489,0.136669378,-0.00240439162,0.3,-0.0134274161,0.3,-0.0493801165,-0.0799229033,0.00549418688,0.3,-0.3,-0.0162348175
203,11826300,0.197763011,-0.61693871,-0.122166827,0.0667699426,-0.0299168136,0.0685036629,-0.514283895,-0.240159392,-14.8657246,-1.27999318,-0.168088675,-0.203586414,0.0158210409,-0.0493550968,-0.136650048,-0.0799690172,-0.00239334509,0.00548029304,0.3,0.3,-0.3,-0.3,-0.013447094,-0.0162869132,0.0158210409,0.136650048,-0.00239334509,0.3,-0.013447094,0.3,-0.0493550968,-0.0799690172,0.00548029304,0.3,-0.3,-0.0162869132
204,11855683,0.198321372,-0.616675198,-0.122061789,0.0667208135,-0.0298176222,0.068355754,-0.514559031,-0.24048622,-14.938343,-1.27971411,-0.168345958,-0.204081669,0.0158657098,-0.0493340158,-0.136618537,-0.0799837559,-0.00238540977,0.00546846032,0.3,0.3,-0.3,-0.3,-0.0134676766,-0.0163265336,0.0158657098,0.136618537,-0.00238540977,0.3,-0.0134676766,0.3,-0.0493340158,-0.0799837559,0.00546846032,0.3,-0.3,-0.0163265336
205,11865417,0.19850634,-0.616851628,-0.122068562,0.0665903464,-0.0295254048,0.0685352236,-0.514559925,-0.24108842,-15.0117025,-1.27955437,-0.167945817,-0.20428656,0.0158805072,-0.0493481302,-0.136620568,-0.0800228961,-0.00236203238,0.00548281789,0.3,0.3,-0.3,-0.3,-0.0134356654,-0.0163429248,0.0158805072,0.136620568,-0.00236203238,0.3,-0.0134356654,0.3,-0.0493481302,-0.0800228961,0.00548281789,0.3,-0.3,-0.0163429248
206,11886999,0.198740631,-0.617203832,-0.121973515,0.0662969351,-0.0291825384,0.0688217953,-0.514703453,-0.241775468,-15.0857573,-1.27943945,-0.167611465,-0.20435594,0.0158992505,-0.0493763065,-0.136592054,-0.0801109195,-0.00233460307,0.00550574362,0.3,0.3,-0.3,-0.3,-0.0134089172,-0.0163484752,0.0158992505,0.136592054,-0.00233460307,0.3,-0.0134089172,0.3,-0.0493763065,-0.0801109195,0.00550574362,0.3,-0.3,-0.0163484752
207,11908807,0.198846146,-0.617611706,-0.122033916,0.0660276338,-0.0289328303,0.068993859,-0.515018463,-0.24247919,-15.1608019,-1.27943838,-0.167175442,-0.204316095,0.0159076917,-0.0494089365,-0.136610175,-0.0801917098,-0.00231462643,0.00551950872,0.3,0.3,-0.3,-0.3,-0.0133740354,-0.0163452876,0.0159076917,0.136610175,-0.00231462643,0.3,-0.0133740354,0.3,-0.0494089365,-0.0801917098,0.00551950872,0.3,-0.3,-0.0163452876
208,11925443,0.199021071,-0.617936969,-0.122159623,0.0658960566,-0.0288153067,0.069017604,-0.515194654,-0.243027925,-15.2363377,-1.27945638,-0.166798159,-0.204339236,0.0159216857,-0.0494349575,-0.136647887,-0.080231183,-0.00230522454,0.00552140832,0.3,0.3,-0.3,-0.3,-0.0133438528,-0.0163471389,0.0159216857,0.136647887,-0.00230522454,0.3,-0.0133438528,0.3,-0.0494349575,-0.080231183,0.00552140832,0.3,-0.3,-0.0163471389
209,11949326,0.199343219,-0.617833853,-0.12209975,0.0656654537,-0.0285588764,0.0689802542,-0.51559037,-0.243488476,-15.3130569,-1.27951634,-0.166880503,-0.205100223,0.0159474576,-0.0494267082,-0.136629925,-0.0803003639,-0.00228471011,0.00551842034,0.3,0.3,-0.3,-0.3,-0.0133504403,-0.0164080179,0.0159474576,0.136629925,-0.00228471011,0.3,-0.0133504403,0.3,-0.0494267082,-0.0803003639,0.00551842034,0.3,-0.3,-0.0164080179
210,11965162,0.199591056,-0.617972374,-0.121862128,0.0657041222,-0.0281775631,0.0692136064,-0.515379727,-0.243644208,-15.3903027,-1.27971184,-0.166703716,-0.205347195,0.0159672844,-0.0494377899,-0.136558639,-0.0802887633,-0.00225420505,0.00553708851,0.3,0.3,-0.3,-0.3,-0.0133362973,-0.0164277756,0.0159672844,0.136558639,-0.00225420505,0.3,-0.0133362973,0.3,-0.0494377899,-0.0802887633,0.00553708851,0.3,-0.3,-0.0164277756
211,11993363,0.19985792,-0.618181109,-0.12178237,0.0655777007,-0.0278614312,0.0693709776,-0.515367866,-0.243806809,-15.4684858,-1.28007126,-0.166781053,-0.205459699,0.0159886336,-0.0494544888,-0.136534711,-0.0803266898,-0.0022289145,0.00554967821,0.3,0.3,-0.3,-0.3,-0.0133424842,-0.0164367759,0.0159886336,0.136534711,-0.0022289145,0.3,-0.0133424842,0.3,-0.0494544888,-0.0803266898,0.00554967821,0.3,-0.3,-0.0164367759
212,12006880,0.199993372,-0.618391156,-0.121787891,0.0660234466,-0.0276662484,0.0694949701,-0.514613211,-0.243075743,-15.5470667,-1.28071141,-0.166885987,-0.205694228,0.0159994698,-0.0494712925,-0.136536367,-0.080192966,-0.00221329987,0.00555959761,0.3,0.3,-0.3,-0.3,-0.013350879,-0.0164555383,0.0159994698,0.136536367,-0.00221329987,0.3,-0.013350879,0.3,-0.0494712925,-0.080192966,0.00555959761,0.3,-0.3,-0.0164555383
213,12042170,0.199867427,-0.618682265,-0.121971555,0.0664230436,-0.0276567452,0.0696733147,-0.513115227,-0.241981864,-15.625947,-1.28151751,-0.16676636,-0.205879644,0.0159893942,-0.0494945812,-0.136591467,-0.0800730869,-0.00221253961,0.00557386518,0.3,0.3,-0.3,-0.3,-0.0133413088,-0.0164703715,0.0159893942,0.136591467,-0.00221253961,0.3,-0.0133413088,0.3,-0.0494945812,-0.0800730869,0.00557386518,0.3,-0.3,-0.0164703715
214,12049769,0.19971621,-0.619201899,-0.122008517,0.0662604123,-0.0273473114,0.070126608,-0.512262344,-0.241478801,-15.7053814,-1.28250539,-0.166692063,-0.206076249,0.0159772968,-0.0495361519,-0.136602555,-0.0801218763,-0.00218778491,0.00561012864,0.3,0.3,-0.3,-0.3,-0.0133353651,-0.0164861,0.0159772968,0.136602555,-0.00218778491,0.3,-0.0133353651,0.3,-0.0495361519,-0.0801218763,0.00561012864,0.3,-0.3,-0.0164861
215,12065197,0.199865401,-0.619546592,-0.12205328,0.0661155581,-0.0271299798,0.0703428239,-0.512024581,-0.24133566,-15.7861414,-1.28343034,-0.166749403,-0.206526458,0.0159892321,-0.0495637274,-0.136615984,-0.0801653326,-0.00217039838,0.00562742591,0.3,0.3,-0.3,-0.3,-0.0133399522,-0.0165221167,0.0159892321,0.136615984,-0.00217039838,0.3,-0.0133399522,0.3,-0.0495637274,-0.0801653326,0.00562742591,0.3,-0.3,-0.0165221167
216,12089168,0.199661508,-0.62008518,-0.122219652,0.0661947802,-0.0269210916,0.070567131,-0.511610746,-0.241273895,-15.8677454,-1.28427851,-0.166443259,-0.206675485,0.0159729207,-0.0496068144,-0.136665896,-0.0801415659,-0.00215368733,0.00564537048,0.3,0.3,-0.3,-0.3,-0.0133154607,-0.0165340388,0.0159729207,0.136665896,-0.00215368733,0.3,-0.0133154607,0.3,-0.0496068144,-0.0801415659,0.00564537048,0.3,-0.3,-0.0165340388
217,12108757,0.199545071,-0.62061882,-0.122283377,0.0662865788,-0.026670238,0.070756264,-0.511246204,-0.241088003,-15.9501534,-1.28534222,-0.166199863,-0.206846505,0.0159636056,-0.0496495056,-0.136685013,-0.0801140264,-0.00213361904,0.00566050112,0.3,0.3,-0.3,-0.3,-0.013295989,-0.0165477204,0.0159636056,0.136685013,-0.00213361904,0.3,-0.013295989,0.3,-0.0496495056,-0.0801140264,0.00566050112,0.3,-0.3,-0.0165477204
218,12126790,0.19968766,-0.620784581,-0.122435935,0.0663758367,-0.0264948253,0.0707398355,-0.511213124,-0.240863115,-16.033535,-1.28621554,-0.166047513,-0.207173333,0.0159750128,-0.0496627665,-0.13673078,-0.080087249,-0.00211958602,0.00565918684,0.3,0.3,-0.3,-0.3,-0.0132838011,-0.0165738666,0.0159750128,0.13673078,-0.00211958602,0.3,-0.0132838011,0.3,-0.0496627665,-0.080087249,0.00565918684,0.3,-0.3,-0.0165738666
219,12153281,0.199758574,-0.620796323,-0.122655913,0.0664395913,-0.0263483115,0.0706377178,-0.511128187,-0.240649641,-16.1178093,-1.28709459,-0.165923148,-0.207567066,0.0159806859,-0.0496637058,-0.136796774,-0.0800681226,-0.00210786492,0.00565101743,0.3,0.3,-0.3,-0.3,-0.0132738519,-0.0166053653,0.0159806859,0.136796774,-0.00210786492,0.3,-0.0132738519,0.3,-0.0496637058,-0.0800681226,0.00565101743,0.3,-0.3,-0.0166053653
220,12164850,0.199602798,-0.620981038,-0.122869879,0.0665843114,-0.0261273384,0.0706316158,-0.510897458,-0.240472123,-16.2029381,-1.28802776,-0.165704206,-0.207811907,0.0159682238,-0.049678483,-0.136860964,-0.0800247066,-0.00209018707,0.00565052927,0.3,0.3,-0.3,-0.3,-0.0132563365,-0.0166249526,0.0159682238,0.136860964,-0.00209018707,0.3,-0.0132563365,0.3,-0.049678483,-0.0800247066,0.00565052927,0.3,-0.3,-0.0166249526
221,12188275,0.199730262,-0.620993376,-0.123081408,0.0665196776,-0.0259986799,0.0705153197,-0.510943055,-0.240371659,-16.2891083,-1.28899837,-0.165794343,-0.208266139,0.015978421,-0.0496794701,-0.136924423,-0.0800440967,-0.00207989439,0.00564122558,0.3,0.3,-0.3,-0.3,-0.0132635474,-0.0166612911,0.015978421,0.136924423,-0.00207989439,0.3,-0.0132635474,0.3,-0.0496794701,-0.0800440967,0.00564122558,0.3,-0.3,-0.0166612911
222,12206470,0.199845284,-0.620993555,-0.123264268,0.0663432851,-0.0257779714,0.0705230236,-0.511214674,-0.240675762,-16.3763237,-1.2899071,-0.165715709,-0.208738998,0.0159876227,-0.0496794844,-0.13697928,-0.0800970145,-0.00206223771,0.00564184189,0.3,0.3,-0.3,-0.3,-0.0132572567,-0.0166991198,0.0159876227,0.13697928,-0.00206223771,0.3,-0.0132572567,0.3,-0.0496794844,-0.0800970145,0.00564184189,0.3,-0.3,-0.0166991198
223,12229526,0.199854791,-0.620909095,-0.123388365,0.066381216,-0.0255764406,0.0703788102,-0.511195362,-0.240703955,-16.4645672,-1.29078877,-0.165665537,-0.209596038,0.0159883833,-0.0496727276,-0.137016509,-0.0800856352,-0.00204611525,0.00563030481,0.3,0.3,-0.3,-0.3,-0.013253243,-0.016767683,0.0159883833,0.137016509,-0.00204611525,0.3,-0.013253243,0.3,-0.0496727276,-0.0800856352,0.00563030481,0.3,-0.3,-0.016767683
224,12245661,0.199708715,-0.620974183,-0.123469546,0.0661969185,-0.0252030846,0.0704408064,-0.511510611,-0.241017386,-16.5541019,-1.29176867,-0.165482491,-0.209886461,0.0159766972,-0.0496779346,-0.137040864,-0.0801409245,-0.00201624677,0.00563526452,0.3,0.3,-0.3,-0.3,-0.0132385993,-0.0167909169,0.0159766972,0.137040864,-0.00201624677,0.3,-0.0132385993,0.3,-0.0496779346,-0.0801409245,0.00563526452,0.3,-0.3,-0.0167909169
225,12268680,0.199774116,-0.621007264,-0.123547889,0.0658906847,-0.0248249061,0.0705605522,-0.512121975,-0.24166882,-16.6446781,-1.29272699,-0.165223315,-0.210005566,0.0159819293,-0.0496805811,-0.137064367,-0.0802327946,-0.00198599249,0.00564484417,0.3,0.3,-0.3,-0.3,-0.0132178652,-0.0168004453,0.0159819293,0.137064367,-0.00198599249,0.3,-0.0132178652,0.3,-0.0496805811,-0.0802327946,0.00564484417,0.3,-0.3,-0.0168004453
226,12292009,0.199887335,-0.621105373,-0.123718172,0.0658350885,-0.0245527476,0.0705375597,-0.512837231,-0.242252871,-16.7368469,-1.29366183,-0.164942622,-0.210040435,0.0159909868,-0.0496884298,-0.137115452,-0.0802494735,-0.00196421981,0.00564300478,0.3,0.3,-0.3,-0.3,-0.0131954098,-0.0168032348,0.0159909868,0.137115452,-0.00196421981,0.3,-0.0131954098,0.3,-0.0496884298,-0.0802494735,0.00564300478,0.3,-0.3,-0.0168032348
227,12304815,0.200266734,-0.621069908,-0.123822071,0.0657229349,-0.0243439153,0.0705234632,-0.513634503,-0.242808819,-16.8299599,-1.29459858,-0.164880171,-0.210162461,0.0160213387,-0.0496855927,-0.137146621,-0.0802831195,-0.00194751322,0.00564187706,0.3,0.3,-0.3,-0.3,-0.0131904137,-0.0168129969,0.0160213387,0.137146621,-0.00194751322,0.3,-0.0131904137,0.3,-0.0496855927,-0.0802831195,0.00564187706,0.3,-0.3,-0.0168129969
228,12331078,0.200514272,-0.621094465,-0.12395855,0.0661173537,-0.0242862012,0.0703281909,-0.513431013,-0.242574692,-16.9242611,-1.29569972,-0.164542928,-0.210264817,0.0160411417,-0.0496875572,-0.137187565,-0.0801647939,-0.0019428961,0.00562625527,0.3,0.3,-0.3,-0.3,-0.0131634343,-0.0168211854,0.0160411417,0.137187565,-0.0019428961,0.3,-0.0131634343,0.3,-0.0496875572,-0.0801647939,0.00562625527,0.3,-0.3,-0.0168211854
229,12347764,0.200422734,-0.621474862,-0.124050245,0.0661926568,-0.0239484087,0.0705916658,-0.513021171,-0.242481157,-17.0193272,-1.29691529,-0.163966089,-0.210078746,0.0160338187,-0.049717989,-0.137215073,-0.080142203,-0.00191587269,0.00564733326,0.3,0.3,-0.3,-0.3,-0.0131172872,-0.0168062997,0.0160338187,0.137215073,-0.00191587269,0.3,-0.0131172872,0.3,-0.049717989,-0.080142203,0.00564733326,0.3,-0.3,-0.0168062997
230,12366855,0.200570628,-0.621859968,-0.124156468,0.0656401664,-0.0235264581,0.0709480792,-0.51344192,-0.243071035,-17.1158028,-1.29833436,-0.163547069,-0.209944293,0.0160456502,-0.0497487974,-0.13724694,-0.0803079501,-0.00188211665,0.00567584634,0.3,0.3,-0.3,-0.3,-0.0130837655,-0.0167955434,0.0160456502,0.13724694,-0.00188211665,0.3,-0.0130837655,0.3,-0.0497487974,-0.0803079501,0.00567584634,0.3,-0.3,-0.0167955434
231,12397575,0.200708881,-0.622277677,-0.124088444,0.0655257776,-0.023105178,0.0711877048,-0.513612688,-0.243263587,-17.2134953,-1.2998209,-0.163216352,-0.209834963,0.0160567105,-0.0497822142,-0.137226533,-0.0803422667,-0.00184841424,0.00569501638,0.3,0.3,-0.3,-0.3,-0.0130573082,-0.016786797,0.0160567105,0.137226533,-0.00184841424,0.3,-0.0130573082,0.3,-0.0497822142,-0.0803422667,0.00569501638,0.3,-0.3,-0.016786797
232,12406620,0.200757429,-0.622624815,-0.124176741,0.0655830652,-0.0227995086,0.071322158,-0.513662457,-0.243193686,-17.3122826,-1.30146289,-0.162903279,-0.20979555,0.0160605943,-0.0498099852,-0.137253022,-0.0803250805,-0.00182396069,0.00570577264,0.3,0.3,-0.3,-0.3,-0.0130322623,-0.016783644,0.0160605943,0.137253022,-0.00182396069,0.3,-0.0130322623,0.3,-0.0498099852,-0.0803250805,0.00570577264,0.3,-0.3,-0.016783644
233,12429280,0.201031119,-0.622586787,-0.124275446,0.0655192435,-0.0225760825,0.0712778941,-0.514079571,-0.24314706,-17.4122944,-1.30322015,-0.162831411,-0.209955081,0.0160824895,-0.0498069429,-0.137282634,-0.080344227,-0.0018060866,0.00570223153,0.3,0.3,-0.3,-0.3,-0.0130265129,-0.0167964065,0.0160824895,0.137282634,-0.0018060866,0.3,-0.0130265129,0.3,-0.0498069429,-0.080344227,0.00570223153,0.3,-0.3,-0.0167964065
234,12445563,0.201380759,-0.62222898,-0.124331415,0.0655652061,-0.0223952383,0.0711626559,-0.514318168,-0.242977351,-17.5135574,-1.30509591,-0.162675709,-0.210178405,0.0161104608,-0.0497783184,-0.137299424,-0.0803304382,-0.00179161906,0.00569301248,0.3,0.3,-0.3,-0.3,-0.0130140567,-0.0168142724,0.0161104608,0.137299424,-0.00179161906,0.3,-0.0130140567,0.3,-0.0497783184,-0.0803304382,0.00569301248,0.3,-0.3,-0.0168142724
235,12472133,0.201565489,-0.621895313,-0.124465697,0.0655195117,-0.0222496167,0.0710810497,-0.5142501,-0.242932335,-17.6158772,-1.30709541,-0.162258059,-0.210214585,0.0161252391,-0.0497516251,-0.137339709,-0.0803441465,-0.00177996933,0.00568648398,0.3,0.3,-0.3,-0.3,-0.0129806447,-0.0168171668,0.0161252391,0.137339709,-0.00177996933,0.3,-0.0129806447,0.3,-0.0497516251,-0.0803441465,0.00568648398,0.3,-0.3,-0.0168171668
236,12485518,0.201521516,-0.621714175,-0.124546349,0.0653812662,-0.0220214929,0.0710348114,-0.51406914,-0.242906481,-17.719408,-1.30932951,-0.16168049,-0.210031494,0.0161217213,-0.049737134,-0.137363905,-0.0803856201,-0.00176171944,0.00568278491,0.3,0.3,-0.3,-0.3,-0.0129344392,-0.0168025196,0.0161217213,0.137363905,-0.00176171944,0.3,-0.0129344392,0.3,-0.049737134,-0.0803856201,0.00568278491,0.3,-0.3,-0.0168025196
237,12510635,0.201343536,-0.621545136,-0.124636464,0.0653712302,-0.0217757951,0.0709843487,-0.513830841,-0.242782593,-17.8240967,-1.31159556,-0.160948277,-0.209846243,0.0161074829,-0.0497236109,-0.137390939,-0.0803886309,-0.00174206361,0.00567874789,0.3,0.3,-0.3,-0.3,-0.0128758621,-0.0167876995,0.0161074829,0.137390939,-0.00174206361,0.3,-0.0128758621,0.3,-0.0497236109,-0.0803886309,0.00567874789,0.3,-0.3,-0.0167876995
238,12530961,0.201088294,-0.621517003,-0.124661371,0.0654384717,-0.0215295684,0.0709412321,-0.51350826,-0.242372721,-17.9297504,-1.31401134,-0.16046831,-0.209564298,0.0160870636,-0.0497213602,-0.137398411,-0.0803684585,-0.00172236547,0.00567529857,0.3,0.3,-0.3,-0.3,-0.0128374648,-0.0167651439,0.0160870636,0.137398411,-0.00172236547,0.3,-0.0128374648,0.3,-0.0497213602,-0.0803684585,0.00567529857,0.3,-0.3,-0.0167651439
239,12547287,0.20109199,-0.621148705,-0.125005305,0.0653079823,-0.0214119405,0.0706528127,-0.513973713,-0.242365643,-18.0370331,-1.31636405,-0.160290197,-0.209686473,0.0160873592,-0.0496918964,-0.137501591,-0.0804076053,-0.00171295524,0.00565222502,0.3,0.3,-0.3,-0.3,-0.0128232157,-0.0167749178,0.0160873592,0.137501591,-0.00171295524,0.3,-0.0128232157,0.3,-0.0496918964,-0.0804076053,0.00565222502,0.3,-0.3,-0.0167749178
240,12567819,0.201109201,-0.620675445,-0.125145689,0.0654606968,-0.0212471839,0.0703953877,-0.514052331,-0.242114529,-18.1453266,-1.31878865,-0.160140559,-0.209867224,0.0160887361,-0.0496540356,-0.137543707,-0.080361791,-0.00169977471,0.00563163102,0.3,0.3,-0.3,-0.3,-0.0128112447,-0.0167893779,0.0160887361,0.137543707,-0.00169977471,0.3,-0.0128112447,0.3,-0.0496540356,-0.080361791,0.00563163102,0.3,-0.3,-0.0167893779
241,12587310,0.201148763,-0.620233178,-0.125174776,0.0656756759,-0.0210046601,0.0702361688,-0.513698757,-0.241477713,-18.2549171,-1.32139647,-0.160056397,-0.210243672,0.0160919011,-0.0496186543,-0.137552433,-0.0802972972,-0.0016803728,0.0056188935,0.3,0.3,-0.3,-0.3,-0.0128045118,-0.0168194938,0.0160919011,0.137552433,-0.0016803728,0.3,-0.0128045118,0.3,-0.0496186543,-0.0802972972,0.0056188935,0.3,-0.3,-0.0168194938
242,12607019,0.20140627,-0.619628727,-0.125420898,0.0656826645,-0.0209334642,0.0699578151,-0.513622522,-0.240991995,-18.365654,-1.32397664,-0.16020754,-0.210847884,0.0161125016,-0.0495702982,-0.137626269,-0.0802952006,-0.00167467713,0.00559662521,0.3,0.3,-0.3,-0.3,-0.0128166032,-0.0168678308,0.0161125016,0.137626269,-0.00167467713,0.3,-0.0128166032,0.3,-0.0495702982,-0.0802952006,0.00559662521,0.3,-0.3,-0.0168678308
243,12630912,0.201386064,-0.619380653,-0.125648513,0.0656221658,-0.0207493231,0.0698523149,-0.513534307,-0.240832254,-18.4777012,-1.32665396,-0.159967944,-0.210924849,0.0161108851,-0.0495504522,-0.137694554,-0.0803133503,-0.00165994585,0.00558818519,0.3,0.3,-0.3,-0.3,-0.0127974355,-0.0168739879,0.0161108851,0.137694554,-0.00165994585,0.3,-0.0127974355,0.3,-0.0495504522,-0.0803133503,0.00558818519,0.3,-0.3,-0.0168739879
244,12647847,0.201216146,-0.619380713,-0.125754744,0.0658712089,-0.0204832815,0.0698304325,-0.51299876,-0.240240633,-18.5909729,-1.3293879,-0.159571618,-0.210914537,0.0160972917,-0.049550457,-0.137726423,-0.0802386373,-0.00163866252,0.0055864346,0.3,0.3,-0.3,-0.3,-0.0127657294,-0.016873163,0.0160972917,0.137726423,-0.00163866252,0.3,-0.0127657294,0.3,-0.049550457,-0.0802386373,0.0055864346,0.3,-0.3,-0.016873163
245,12683901,0.20120728,-0.619202077,-0.126081154,0.065867357,-0.0203630701,0.0697087646,-0.512816072,-0.23984623,-18.7054272,-1.33207417,-0.159339473,-0.211134017,0.0160965824,-0.0495361662,-0.137824346,-0.0802397929,-0.00162904561,0.00557670116,0.3,0.3,-0.3,-0.3,-0.0127471578,-0.0168907213,0.0160965824,0.137824346,-0.00162904561,0.3,-0.0127471578,0.3,-0.0495361662,-0.0802397929,0.00557670116,0.3,-0.3,-0.0168907213
246,12687171,0.201199248,-0.619081974,-0.126252517,0.0658029839,-0.020109117,0.0696764588,-0.512786627,-0.239641398,-18.8211765,-1.33476877,-0.158967659,-0.211248428,0.0160959399,-0.0495265579,-0.137875755,-0.0802591048,-0.00160872936,0.00557411671,0.3,0.3,-0.3,-0.3,-0.0127174127,-0.0168998742,0.0160959399,0.137875755,-0.00160872936,0.3,-0.0127174127,0.3,-0.0495265579,-0.0802591048,0.00557411671,0.3,-0.3,-0.0168998742
247,12706327,0.201133892,-0.619002759,-0.126550019,0.0658749565,-0.0199328382,0.0695093051,-0.512846231,-0.239423722,-18.9383926,-1.3373754,-0.158540517,-0.211205155,0.0160907114,-0.0495202208,-0.137965006,-0.080237513,-0.00159462705,0.0055607444,0.3,0.3,-0.3,-0.3,-0.0126832414,-0.0168964124,0.0160907114,0.137965006,-0.00159462705,0.3,-0.0126832414,0.3,-0.0495202208,-0.080237513,0.0055607444,0.3,-0.3,-0.0168964124
248,12732106,0.201125428,-0.618851006,-0.12675859,0.0658657774,-0.0196928289,0.0693872422,-0.512954712,-0.239265651,-19.0569286,-1.33997905,-0.15818806,-0.211226419,0.0160900342,-0.0495080805,-0.138027577,-0.0802402668,-0.00157542631,0.00555097938,0.3,0.3,-0.3,-0.3,-0.0126550448,-0.0168981135,0.0160900342,0.138027577,-0.00157542631,0.3,-0.0126550448,0.3,-0.0495080805,-0.0802402668,0.00555097938,0.3,-0.3,-0.0168981135
249,12746665,0.201072991,-0.61867404,-0.12698181,0.0657567084,-0.0194155984,0.0692916811,-0.513255894,-0.239419833,-19.1769485,-1.34255755,-0.157677859,-0.211186603,0.0160858393,-0.0494939232,-0.138094543,-0.0802729875,-0.00155324787,0.00554333448,0.3,0.3,-0.3,-0.3,-0.0126142287,-0.0168949282,0.0160858393,0.138094543,-0.00155324787,0.3,-0.0126142287,0.3,-0.0494939232,-0.0802729875,0.00554333448,0.3,-0.3,-0.0168949282
250,12766745,0.201082185,-0.618472934,-0.127126172,0.0654161498,-0.0190576352,0.069247745,-0.513898432,-0.239921153,-19.2985439,-1.34506404,-0.157190263,-0.211027697,0.0160865748,-0.0494778347,-0.138137852,-0.0803751551,-0.00152461082,0.0055398196,0.3,0.3,-0.3,-0.3,-0.0125752211,-0.0168822157,0.0160865748,0.138137852,-0.00152461082,0.3,-0.0125752211,0.3,-0.0494778347,-0.0803751551,0.0055398196,0.3,-0.3,-0.0168822157
251,12786667,0.201281503,-0.618243098,-0.127090573,0.0652779192,-0.0186844785,0.0691742748,-0.514534116,-0.240129262,-19.4216118,-1.34761357,-0.156919315,-0.210884064,0.0161025202,-0.0494594479,-0.138127172,-0.0804166242,-0.00149475828,0.00553394198,0.3,0.3,-0.3,-0.3,-0.0125535452,-0.0168707252,0.0161025202,0.138127172,-0.00149475828,0.3,-0.0125535452,0.3,-0.0494594479,-0.0804166242,0.00553394198,0.3,-0.3,-0.0168707252
252,12808417,0.201348633,-0.618122518,-0.127218038,0.0652776212,-0.0183290746,0.0691241175,-0.51497978,-0.240402654,-19.5459137,-1.35006666,-0.156273589,-0.210599855,0.0161078906,-0.0494498014,-0.138165411,-0.0804167137,-0.00146632597,0.0055299294,0.3,0.3,-0.3,-0.3,-0.0125018871,-0.0168479884,0.0161078906,0.138165411,-0.00146632597,0.3,-0.0125018871,0.3,-0.0494498014,-0.0804167137,0.0055299294,0.3,-0.3,-0.0168479884
253,12826520,0.201378539,-0.617950439,-0.127345651,0.0652742609,-0.0180254988,0.0691068023,-0.515214026,-0.240424246,-19.671772,-1.3526454,-0.155678064,-0.210307926,0.0161102831,-0.0494360352,-0.138203695,-0.0804177217,-0.00144203991,0.00552854419,0.3,0.3,-0.3,-0.3,-0.0124542451,-0.0168246341,0.0161102831,0.138203695,-0.00144203991,0.3,-0.0124542451,0.3,-0.0494360352,-0.0804177217,0.00552854419,0.3,-0.3,-0.0168246341
254,12857490,0.201410607,-0.617885411,-0.127447724,0.0653996021,-0.0177309923,0.0692177117,-0.515072882,-0.240118071,-19.7986717,-1.35537267,-0.154940009,-0.20986931,0.0161128485,-0.0494308329,-0.138234317,-0.0803801194,-0.00141847938,0.00553741693,0.3,0.3,-0.3,-0.3,-0.0123952007,-0.0167895448,0.0161128485,0.138234317,-0.00141847938,0.3,-0.0123952007,0.3,-0.0494308329,-0.0803801194,0.00553741693,0.3,-0.3,-0.0167895448
255,12867345,0.201724842,-0.61758101,-0.127696738,0.0651240274,-0.0175251607,0.0689817294,-0.515686154,-0.240388736,-19.9272232,-1.35794604,-0.154332519,-0.209525213,0.0161379874,-0.0494064808,-0.138309021,-0.0804627918,-0.00140201285,0.00551853836,0.3,0.3,-0.3,-0.3,-0.0123466015,-0.016762017,0.0161379874,0.138309021,-0.00140201285,0.3,-0.0123466015,0.3,-0.0494064808,-0.0804627918,0.00551853836,0.3,-0.3,-0.016762017
256,12886189,0.201876253,-0.617297351,-0.127788603,0.0647204295,-0.0170960892,0.0687864721,-0.516789615,-0.241094276,-20.0575619,-1.36053586,-0.153728381,-0.209083378,0.0161501002,-0.0493837881,-0.138336581,-0.0805838712,-0.00136768714,0.00550291777,0.3,0.3,-0.3,-0.3,-0.0122982705,-0.0167266703,0.0161501002,0.138336581,-0.00136768714,0.3,-0.0122982705,0.3,-0.0493837881,-0.0805838712,0.00550291777,0.3,-0.3,-0.0167266703
257,12911921,0.20205307,-0.616493404,-0.127978921,0.0648837686,-0.0170806833,0.068235822,-0.516899288,-0.240692437,-20.1893463,-1.36332667,-0.153547958,-0.208951458,0.0161642456,-0.0493194723,-0.138393676,-0.0805348694,-0.00136645466,0.00545886576,0.3,0.3,-0.3,-0.3,-0.0122838366,-0.0167161167,0.0161642456,0.138393676,-0.00136645466,0.3,-0.0122838366,0.3,-0.0493194723,-0.0805348694,0.00545886576,0.3,-0.3,-0.0167161167
258,12927537,0.202306718,-0.615701377,-0.128155947,0.0651209876,-0.0170325786,0.0678117201,-0.516568363,-0.239943698,-20.321661,-1.36625016,-0.153546676,-0.209039822,0.0161845374,-0.0492561102,-0.138446784,-0.0804637037,-0.00136260629,0.00542493761,0.3,0.3,-0.3,-0.3,-0.0122837341,-0.0167231858,0.0161845374,0.138446784,-0.00136260629,0.3,-0.0122837341,0.3,-0.0492561102,-0.0804637037,0.00542493761,0.3,-0.3,-0.0167231858
259,12946953,0.20270963,-0.614890099,-0.128377035,0.0647993088,-0.0167577397,0.0674973875,-0.517225504,-0.240245774,-20.4561615,-1.36902404,-0.15330866,-0.209225729,0.0162167704,-0.0491912079,-0.138513111,-0.0805602074,-0.00134061918,0.005399791,0.3,0.3,-0.3,-0.3,-0.0122646928,-0.0167380583,0.0162167704,0.138513111,-0.00134061918,0.3,-0.0122646928,0.3,-0.0491912079,-0.0805602074,0.005399791,0.3,-0.3,-0.0167380583
260,12967212,0.202678859,-0.614436686,-0.128425822,0.0648509115,-0.0164257288,0.067443639,-0.51719892,-0.240214854,-20.5921059,-1.37182832,-0.152943507,-0.209150046,0.0162143087,-0.0491549349,-0.138527746,-0.0805447266,-0.0013140583,0.00539549112,0.3,0.3,-0.3,-0.3,-0.0122354805,-0.0167320037,0.0162143087,0.138527746,-0.0013140583,0.3,-0.0122354805,0.3,-0.0491549349,-0.0805447266,0.00539549112,0.3,-0.3,-0.0167320037
261,12987352,0.202602357,-0.61419785,-0.128600612,0.0648650005,-0.0162601825,0.0673282295,-0.516849518,-0.240004957,-20.7291698,-1.3748908,-0.152533442,-0.208918616,0.0162081885,-0.049135828,-0.138580184,-0.0805404998,-0.0013008146,0.00538625836,0.3,0.3,-0.3,-0.3,-0.0122026753,-0.0167134893,0.0162081885,0.138580184,-0.0013008146,0.3,-0.0122026753,0.3,-0.049135828,-0.0805404998,0.00538625836,0.3,-0.3,-0.0167134893
262,13022048,0.20278196,-0.613650143,-0.128811032,0.0649083182,-0.0161053445,0.0669540614,-0.51687187,-0.239568383,-20.8679695,-1.37779307,-0.152362123,-0.20895201,0.0162225568,-0.0490920115,-0.138643309,-0.0805275045,-0.00128842756,0.00535632491,0.3,0.3,-0.3,-0.3,-0.0121889699,-0.0167161608,0.0162225568,0.138643309,-0.00128842756,0.3,-0.0121889699,0.3,-0.0490920115,-0.0805275045,0.00535632491,0.3,-0.3,-0.0167161608
263,13030721,0.202720374,-0.613377094,-0.128906533,0.0647716001,-0.0157693215,0.0669844747,-0.516826034,-0.239543855,-21.0081272,-1.38066053,-0.151827663,-0.208726108,0.0162176299,-0.0490701675,-0.13867196,-0.08056852,-0.00126154572,0.00535875797,0.3,0.3,-0.3,-0.3,-0.0121462131,-0.0166980886,0.0162176299,0.13867196,-0.00126154572,0.3,-0.0121462131,0.3,-0.0490701675,-0.08056852,0.00535875797,0.3,-0.3,-0.0166980886
264,13046266,0.202769324,-0.613097191,-0.128981888,0.0646230876,-0.015461741,0.0668884143,-0.516762316,-0.239503235,-21.1499557,-1.38363934,-0.151436388,-0.208514482,0.0162215459,-0.0490477753,-0.138694566,-0.0806130737,-0.00123693928,0.00535107315,0.3,0.3,-0.3,-0.3,-0.0121149111,-0.0166811585,0.0162215459,0.138694566,-0.00123693928,0.3,-0.0121149111,0.3,-0.0490477753,-0.0806130737,0.00535107315,0.3,-0.3,-0.0166811585
265,13068491,0.202930808,-0.612710357,-0.129136711,0.0645848736,-0.0151454955,0.0667195395,-0.516872942,-0.239383996,-21.2933865,-1.38654363,-0.151087672,-0.208326891,0.0162344646,-0.0490168285,-0.138741013,-0.0806245379,-0.00121163964,0.00533756316,0.3,0.3,-0.3,-0.3,-0.0120870137,-0.0166661513,0.0162344646,0.138741013,-0.00121163964,0.3,-0.0120870137,0.3,-0.0490168285,-0.0806245379,0.00533756316,0.3,-0.3,-0.0166661513
266,13087932,0.203023776,-0.612371743,-0.129285172,0.0644080266,-0.0148538705,0.0666334406,-0.516899467,-0.239435002,-21.4381905,-1.38941681,-0.150543407,-0.207891569,0.0162419021,-0.0489897394,-0.138785551,-0.080677592,-0.00118830964,0.00533067524,0.3,0.3,-0.3,-0.3,-0.0120434725,-0.0166313255,0.0162419021,0.138785551,-0.00118830964,0.3,-0.0120434725,0.3,-0.0489897394,-0.080677592,0.00533067524,0.3,-0.3,-0.0166313255
267,13117314,0.202983096,-0.612355292,-0.129340678,0.0642937869,-0.0144618619,0.0666379184,-0.516871631,-0.239482194,-21.5845165,-1.39228594,-0.149925843,-0.207314447,0.0162386477,-0.0489884233,-0.138802204,-0.0807118639,-0.00115694895,0.00533103347,0.3,0.3,-0.3,-0.3,-0.0119940674,-0.0165851557,0.0162386477,0.138802204,-0.00115694895,0.3,-0.0119940674,0.3,-0.0489884233,-0.0807118639,0.00533103347,0.3,-0.3,-0.0165851557
268,13127754,0.203140482,-0.612089694,-0.129519984,0.0643726364,-0.0142593607,0.0663853437,-0.517006218,-0.239189133,-21.7325306,-1.39508426,-0.149612144,-0.207028896,0.0162512386,-0.0489671755,-0.138855995,-0.0806882091,-0.00114074886,0.00531082749,0.3,0.3,-0.3,-0.3,-0.0119689715,-0.0165623116,0.0162512386,0.138855995,-0.00114074886,0.3,-0.0119689715,0.3,-0.0489671755,-0.0806882091,0.00531082749,0.3,-0.3,-0.0165623116
269,13146265,0.203130752,-0.611917198,-0.129641175,0.0643119365,-0.013924907,0.0663850158,-0.516967416,-0.239064991,-21.881897,-1.39790654,-0.149086118,-0.206519112,0.0162504601,-0.0489533758,-0.138892353,-0.0807064191,-0.00111399256,0.00531080127,0.3,0.3,-0.3,-0.3,-0.0119268894,-0.016521529,0.0162504601,0.138892353,-0.00111399256,0.3,-0.0119268894,0.3,-0.0489533758,-0.0807064191,0.00531080127,0.3,-0.3,-0.016521529
270,13167951,0.20328182,-0.611533165,-0.129756331,0.0643102452,-0.0136898728,0.0661442652,-0.516980886,-0.238697678,-22.032856,-1.40082908,-0.148870647,-0.206243515,0.0162625456,-0.0489226532,-0.138926899,-0.0807069264,-0.00109518982,0.00529154122,0.3,0.3,-0.3,-0.3,-0.0119096518,-0.0164994812,0.0162625456,0.138926899,-0.00109518982,0.3,-0.0119096518,0.3,-0.0489226532,-0.0807069264,0.00529154122,0.3,-0.3,-0.0164994812
271,13186903,0.203476578,-0.610982418,-0.130002052,0.0644692853,-0.0135185346,0.0657720268,-0.516961753,-0.238266259,-22.1853695,-1.40363181,-0.148576006,-0.206083789,0.0162781262,-0.0488785934,-0.139000615,-0.0806592144,-0.00108148277,0.00526176214,0.3,0.3,-0.3,-0.3,-0.0118860805,-0.0164867032,0.0162781262,0.139000615,-0.00108148277,0.3,-0.0118860805,0.3,-0.0488785934,-0.0806592144,0.00526176214,0.3,-0.3,-0.0164867032
272,13215006,0.203464314,-0.610465884,-0.130177736,0.0644975528,-0.0132786734,0.0655778944,-0.516731322,-0.237955958,-22.3393135,-1.40647662,-0.148095667,-0.205800951,0.0162771451,-0.0488372707,-0.139053321,-0.0806507342,-0.00106229387,0.00524623156,0.3,0.3,-0.3,-0.3,-0.0118476534,-0.016464076,0.0162771451,0.139053321,-0.00106229387,0.3,-0.0118476534,0.3,-0.0488372707,-0.0806507342,0.00524623156,0.3,-0.3,-0.016464076
273,13227049,0.203344196,-0.610142171,-0.130304411,0.064477995,-0.012991189,0.0654686242,-0.516391873,-0.237548038,-22.4948044,-1.40944386,-0.147645235,-0.205411091,0.0162675357,-0.0488113737,-0.139091323,-0.0806566015,-0.00103929512,0.00523748994,0.3,0.3,-0.3,-0.3,-0.0118116188,-0.0164328873,0.0162675357,0.139091323,-0.00103929512,0.3,-0.0118116188,0.3,-0.0488113737,-0.0806566015,0.00523748994,0.3,-0.3,-0.0164328873
274,13251764,0.203456685,-0.60963279,-0.130479306,0.0646397918,-0.0128307939,0.0651544929,-0.516005695,-0.236810103,-22.6518269,-1.41231143,-0.147400036,-0.205323458,0.0162765348,-0.0487706232,-0.139143792,-0.0806080624,-0.00102646351,0.00521235943,0.3,0.3,-0.3,-0.3,-0.0117920029,-0.0164258766,0.0162765348,0.139143792,-0.00102646351,0.3,-0.0117920029,0.3,-0.0487706232,-0.0806080624,0.00521235943,0.3,-0.3,-0.0164258766
275,13268228,0.203441799,-0.609225929,-0.130840704,0.0644713342,-0.0126323532,0.0648974106,-0.516096234,-0.236730814,-22.8103924,-1.41499865,-0.147055313,-0.205116004,0.0162753439,-0.0487380743,-0.139252211,-0.0806585997,-0.00101058826,0.00519179285,0.3,0.3,-0.3,-0.3,-0.011764425,-0.0164092803,0.0162753439,0.139252211,-0.00101058826,0.3,-0.011764425,0.3,-0.0487380743,-0.0806585997,0.00519179285,0.3,-0.3,-0.0164092803
276,13288484,0.20348756,-0.608737767,-0.131088138,0.0642023981,-0.0123944329,0.064603582,-0.516382992,-0.236826271,-22.970892,-1.41771281,-0.146763578,-0.204725847,0.0162790048,-0.0486990213,-0.139326441,-0.0807392806,-0.000991554633,0.00516828656,0.3,0.3,-0.3,-0.3,-0.0117410862,-0.0163780677,0.0162790048,0.139326441,-0.000991554633,0.3,-0.0117410862,0.3,-0.0486990213,-0.0807392806,0.00516828656,0.3,-0.3,-0.0163780677
277,13307599,0.203774557,-0.608005047,-0.131167501,0.0641097277,-0.012167152,0.0642616749,-0.516582608,-0.23668313,-23.1328335,-1.42032695,-0.146728873,-0.204575092,0.0163019645,-0.0486404037,-0.13935025,-0.0807670817,-0.000973372161,0.00514093399,0.3,0.3,-0.3,-0.3,-0.0117383099,-0.0163660073,0.0163019645,0.13935025,-0.000973372161,0.3,-0.0117383099,0.3,-0.0486404037,-0.0807670817,0.00514093399,0.3,-0.3,-0.0163660073
278,13326858,0.204125643,-0.60710752,-0.131484628,0.0639183894,-0.0120812478,0.0637142435,-0.517116964,-0.236912802,-23.2965889,-1.42274022,-0.146681175,-0.204512313,0.0163300514,-0.0485686016,-0.139445388,-0.0808244832,-0.00096649982,0.00509713948,0.3,0.3,-0.3,-0.3,-0.011734494,-0.016360985,0.0163300514,0.139445388,-0.00096649982,0.3,-0.011734494,0.3,-0.0485686016,-0.0808244832,0.00509713948,0.3,-0.3,-0.016360985
279,13348422,0.204158515,-0.606553733,-0.131513327,0.0637383908,-0.0116355475,0.0635469928,-0.517529726,-0.237440795,-23.4619884,-1.42504609,-0.146122992,-0.204076841,0.0163326812,-0.0485242987,-0.139453998,-0.0808784828,-0.0009308438,0.00508375943,0.3,0.3,-0.3,-0.3,-0.0116898394,-0.0163261473,0.0163326812,0.139453998,-0.0009308438,0.3,-0.0116898394,0.3,-0.0485242987,-0.0808784828,0.00508375943,0.3,-0.3,-0.0163261473
280,13368393,0.20408152,-0.60607028,-0.131655753,0.0636280403,-0.0113278469,0.0633075684,-0.517784536,-0.237879276,-23.6291866,-1.4272716,-0.145351499,-0.203420401,0.0163265216,-0.0484856224,-0.139496726,-0.0809115879,-0.000906227753,0.00506460547,0.3,0.3,-0.3,-0.3,-0.0116281199,-0.016273632,0.0163265216,0.139496726,-0.000906227753,0.3,-0.0116281199,0.3,-0.0484856224,-0.0809115879,0.00506460547,0.3,-0.3,-0.016273632
281,13388196,0.204111621,-0.605728388,-0.131606445,0.0634187013,-0.0108657163,0.0632398501,-0.518057525,-0.238147587,-23.7978096,-1.42941439,-0.144737646,-0.202702105,0.0163289297,-0.048458271,-0.139481933,-0.0809743896,-0.000869257301,0.00505918801,0.3,0.3,-0.3,-0.3,-0.0115790117,-0.0162161684,0.0163289297,0.139481933,-0.000869257301,0.3,-0.0115790117,0.3,-0.048458271,-0.0809743896,0.00505918801,0.3,-0.3,-0.0162161684
282,13413497,0.20428896,-0.605349898,-0.13168323,0.0632965639,-0.0105325319,0.0630403981,-0.518476427,-0.238161996,-23.9683323,-1.43141973,-0.144345313,-0.202111706,0.0163431168,-0.0484279919,-0.139504969,-0.0810110308,-0.000842602551,0.00504323184,0.3,0.3,-0.3,-0.3,-0.0115476251,-0.0161689365,0.0163431168,0.139504969,-0.000842602551,0.3,-0.0115476251,0.3,-0.0484279919,-0.0810110308,0.00504323184,0.3,-0.3,-0.0161689365
283,13427746,0.204450727,-0.604913235,-0.131780714,0.0632993802,-0.0101761213,0.0629294291,-0.518480659,-0.237971514,-24.1402721,-1.43328106,-0.144044429,-0.201990888,0.0163560581,-0.0483930588,-0.139534214,-0.0810101859,-0.000814089701,0.00503435433,0.3,0.3,-0.3,-0.3,-0.0115235543,-0.016159271,0.0163560581,0.139534214,-0.000814089701,0.3,-0.0115235543,0.3,-0.0483930588,-0.0810101859,0.00503435433,0.3,-0.3,-0.016159271
284,13445363,0.204613954,-0.60445714,-0.132155076,0.0632770881,-0.0100538358,0.0625814945,-0.518677056,-0.238011822,-24.314106,-1.43520582,-0.143615603,-0.201378748,0.0163691163,-0.0483565712,-0.139646523,-0.0810168736,-0.000804306865,0.00500651956,0.3,0.3,-0.3,-0.3,-0.0114892483,-0.0161102998,0.0163691163,0.139646523,-0.000804306865,0.3,-0.0114892483,0.3,-0.0483565712,-0.0810168736,0.00500651956,0.3,-0.3,-0.0161102998
285,13467423,0.204955116,-0.603863776,-0.132298097,0.0629698038,-0.00973918755,0.0623741448,-0.519278049,-0.238387749,-24.4896679,-1.43696487,-0.143152267,-0.200634539,0.0163964093,-0.0483091021,-0.139689429,-0.0811090589,-0.000779135004,0.00498993158,0.3,0.3,-0.3,-0.3,-0.0114521813,-0.0160507631,0.0163964093,0.139689429,-0.000779135004,0.3,-0.0114521813,0.3,-0.0483091021,-0.0811090589,0.00498993158,0.3,-0.3,-0.0160507631
286,13486179,0.205290094,-0.603189647,-0.132308513,0.0624865554,-0.00932796951,0.0622182488,-0.520025074,-0.239086196,-24.6670513,-1.43860769,-0.142646626,-0.200056463,0.0164232075,-0.0482551718,-0.139692554,-0.0812540334,-0.000746237561,0.00497745991,0.3,0.3,-0.3,-0.3,-0.0114117301,-0.0160045171,0.0164232075,0.139692554,-0.000746237561,0.3,-0.0114117301,0.3,-0.0482551718,-0.0812540334,0.00497745991,0.3,-0.3,-0.0160045171
287,13510997,0.205323368,-0.602762222,-0.132205278,0.0623744354,-0.00884990208,0.0620763563,-0.520211339,-0.239427507,-24.846056,-1.44018197,-0.141977683,-0.199273631,0.0164258695,-0.0482209778,-0.139661583,-0.0812876694,-0.000707992166,0.0049661085,0.3,0.3,-0.3,-0.3,-0.0113582146,-0.0159418905,0.0164258695,0.139661583,-0.000707992166,0.3,-0.0113582146,0.3,-0.0482209778,-0.0812876694,0.0049661085,0.3,-0.3,-0.0159418905
288,13525857,0.205409467,-0.602341175,-0.132257789,0.0624595061,-0.00853471737,0.061800506,-0.520314336,-0.239303708,-25.0266647,-1.4417454,-0.14143011,-0.198397666,0.0164327574,-0.048187294,-0.139677337,-0.0812621482,-0.00068277739,0.00494404048,0.3,0.3,-0.3,-0.3,-0.0113144088,-0.0158718133,0.0164327574,0.139677337,-0.00068277739,0.3,-0.0113144088,0.3,-0.048187294,-0.0812621482,0.00494404048,0.3,-0.3,-0.0158718133
289,13557944,0.20554252,-0.601942837,-0.132288605,0.0624723136,-0.00814875867,0.0616901517,-0.520304501,-0.239086181,-25.2087288,-1.4432478,-0.140843749,-0.197465509,0.0164434016,-0.048155427,-0.139686581,-0.0812583059,-0.000651900694,0.00493521214,0.3,0.3,-0.3,-0.3,-0.0112674999,-0.0157972407,0.0164434016,0.139686581,-0.000651900694,0.3,-0.0112674999,0.3,-0.048155427,-0.0812583059,0.00493521214,0.3,-0.3,-0.0157972407
290,13566260,0.205711186,-0.601553559,-0.132367253,0.0626607835,-0.00791889522,0.0614301711,-0.520070493,-0.238469124,-25.3925095,-1.44475067,-0.140401125,-0.196488619,0.0164568949,-0.0481242847,-0.139710176,-0.0812017649,-0.000633511618,0.00491441369,0.3,0.3,-0.3,-0.3,-0.01123209,-0.0157190895,0.0164568949,0.139710176,-0.000633511618,0.3,-0.01123209,0.3,-0.0481242847,-0.0812017649,0.00491441369,0.3,-0.3,-0.0157190895
291,13585720,0.206010416,-0.600877404,-0.132603288,0.0628553554,-0.00781483576,0.061030075,-0.519739032,-0.237623557,-25.5777645,-1.44618678,-0.140276864,-0.196121812,0.0164808333,-0.0480701923,-0.139780986,-0.0811433934,-0.000625186861,0.004882406,0.3,0.3,-0.3,-0.3,-0.0112221491,-0.0156897449,0.0164808333,0.139780986,-0.000625186861,0.3,-0.0112221491,0.3,-0.0480701923,-0.0811433934,0.004882406,0.3,-0.3,-0.0156897449
292,13611192,0.206579313,-0.59978956,-0.132787183,0.062970005,-0.0077784243,0.0604499541,-0.519365132,-0.236595526,-25.7645741,-1.44762301,-0.140634745,-0.196560547,0.016526345,-0.0479831648,-0.139836155,-0.0811089985,-0.000622273944,0.00483599633,0.3,0.3,-0.3,-0.3,-0.0112507796,-0.0157248437,0.016526345,0.139836155,-0.000622273944,0.3,-0.0112507796,0.3,-0.0479831648,-0.0811089985,0.00483599633,0.3,-0.3,-0.0157248437
293,13625727,0.20686391,-0.599061072,-0.13293083,0.0629312024,-0.00753096677,0.0601633228,-0.518812597,-0.236092553,-25.9533043,-1.44897437,-0.140442386,-0.19645679,0.0165491128,-0.0479248857,-0.139879249,-0.0811206393,-0.000602477342,0.00481306583,0.3,0.3,-0.3,-0.3,-0.0112353909,-0.0157165432,0.0165491128,0.139879249,-0.000602477342,0.3,-0.0112353909,0.3,-0.0479248857,-0.0811206393,0.00481306583,0.3,-0.3,-0.0157165432
294,13647350,0.206926629,-0.598464847,-0.13322258,0.0630561262,-0.00743165473,0.0597747378,-0.51792717,-0.235383272,-26.1438446,-1.45026553,-0.140190855,-0.196091622,0.0165541303,-0.0478771877,-0.139966774,-0.0810831621,-0.000594532378,0.00478197902,0.3,0.3,-0.3,-0.3,-0.0112152684,-0.0156873298,0.0165541303,0.139966774,-0.000594532378,0.3,-0.0112152684,0.3,-0.0478771877,-0.0810831621,0.00478197902,0.3,-0.3,-0.0156873298
295,13665902,0.206639633,-0.598313212,-0.133288667,0.0628896728,-0.0069458005,0.0598494075,-0.51711601,-0.235160381,-26.3359184,-1.45145667,-0.13949585,-0.19528003,0.0165311706,-0.047865057,-0.1399866,-0.0811330982,-0.00055566404,0.0047879526,0.3,0.3,-0.3,-0.3,-0.011159668,-0.0156224024,0.0165311706,0.1399866,-0.00055566404,0.3,-0.011159668,0.3,-0.047865057,-0.0811330982,0.0047879526,0.3,-0.3,-0.0156224024
296,13693301,0.206635237,-0.597862005,-0.133425847,0.0626196116,-0.00669075828,0.0595237538,-0.516980171,-0.234988943,-26.5301208,-1.45231009,-0.1392041,-0.19481729,0.0165308189,-0.0478289604,-0.140027754,-0.0812141165,-0.000535260662,0.00476190031,0.3,0.3,-0.3,-0.3,-0.011136328,-0.0155853832,0.0165308189,0.140027754,-0.000535260662,0.3,-0.011136328,0.3,-0.0478289604,-0.0812141165,0.00476190031,0.3,-0.3,-0.0155853832
297,13706753,0.206517309,-0.597467065,-0.13372916,0.0621085428,-0.00637150649,0.0592276677,-0.517609894,-0.235686138,-26.7263317,-1.45278609,-0.138739109,-0.194107771,0.0165213847,-0.0477973652,-0.140118748,-0.0813674372,-0.000509720519,0.00473821342,0.3,0.3,-0.3,-0.3,-0.0110991287,-0.0155286217,0.0165213847,0.140118748,-0.000509720519,0.3,-0.0110991287,0.3,-0.0477973652,-0.0813674372,0.00473821342,0.3,-0.3,-0.0155286217
298,13731705,0.206613034,-0.596826136,-0.133663237,0.0618975312,-0.00597951096,0.0588564798,-0.518059194,-0.236014992,-26.9244652,-1.45312619,-0.138483077,-0.193461239,0.0165290427,-0.0477460909,-0.140098971,-0.0814307407,-0.000478360876,0.00470851839,0.3,0.3,-0.3,-0.3,-0.0110786462,-0.0154768991,0.0165290427,0.140098971,-0.000478360876,0.3,-0.0110786462,0.3,-0.0477460909,-0.0814307407,0.00470851839,0.3,-0.3,-0.0154768991
299,13746170,0.206905544,-0.595926106,-0.133664921,0.0618845783,-0.00568958186,0.0583749861,-0.518559396,-0.236025482,-27.1244774,-1.45322931,-0.138544098,-0.192945212,0.0165524435,-0.0476740885,-0.140099476,-0.0814346265,-0.000455166548,0.00466999888,0.3,0.3,-0.3,-0.3,-0.0110835278,-0.015435617,0.0165524435,0.140099476,-0.000455166548,0.3,-0.0110835278,0.3,-0.0476740885,-0.0814346265,0.00466999888,0.3,-0.3,-0.015435617
300,13766355,0.207093284,-0.594990849,-0.133753896,0.0622221567,-0.00552714709,0.0578762591,-0.518139124,-0.235495865,-27.3258572,-1.4532609,-0.138290271,-0.19233419,0.0165674627,-0.047599268,-0.140126169,-0.081333353,-0.000442171767,0.00463010073,0.3,0.3,-0.3,-0.3,-0.0110632217,-0.0153867352,0.0165674627,0.140126169,-0.000442171767,0.3,-0.0110632217,0.3,-0.047599268,-0.081333353,0.00463010073,0.3,-0.3,-0.0153867352
301,13787512,0.207117468,-0.594454467,-0.133833289,0.0622570664,-0.00522087468,0.0576635562,-0.517802119,-0.23519145,-27.5288258,-1.45320225,-0.137946874,-0.191355467,0.0165693974,-0.0475563574,-0.140149987,-0.0813228801,-0.000417669974,0.0046130845,0.3,0.3,-0.3,-0.3,-0.0110357499,-0.0153084373,0.0165693974,0.140149987,-0.000417669974,0.3,-0.0110357499,0.3,-0.0475563574,-0.0813228801,0.0046130845,0.3,-0.3,-0.0153084373
302,13805538,0.207185522,-0.593933821,-0.133911535,0.0619543195,-0.00486221723,0.0575339831,-0.51775831,-0.235187918,-27.7340202,-1.45304954,-0.137462914,-0.190339655,0.0165748417,-0.0475147057,-0.140173461,-0.0814137042,-0.000388977379,0.00460271865,0.3,0.3,-0.3,-0.3,-0.0109970331,-0.0152271724,0.0165748417,0.140173461,-0.000388977379,0.3,-0.0109970331,0.3,-0.0475147057,-0.0814137042,0.00460271865,0.3,-0.3,-0.0152271724
303,13827730,0.207242355,-0.59345603,-0.133906469,0.061724741,-0.00457591144,0.0573751479,-0.51757586,-0.235106528,-27.940918,-1.45273101,-0.137162298,-0.18932572,0.0165793884,-0.0474764824,-0.140171941,-0.0814825777,-0.000366072915,0.00459001184,0.3,0.3,-0.3,-0.3,-0.0109729838,-0.0151460576,0.0165793884,0.140171941,-0.000366072915,0.3,-0.0109729838,0.3,-0.0474764824,-0.0814825777,0.00459001184,0.3,-0.3,-0.0151460576
304,13849590,0.207284078,-0.593179941,-0.133908898,0.0616012253,-0.00424702885,0.0571806803,-0.517531693,-0.234993383,-28.1499481,-1.45235968,-0.136859536,-0.188266367,0.0165827262,-0.0474543953,-0.140172669,-0.0815196324,-0.000339762308,0.00457445443,0.3,0.3,-0.3,-0.3,-0.0109487629,-0.0150613093,0.0165827262,0.140172669,-0.000339762308,0.3,-0.0109487629,0.3,-0.0474543953,-0.0815196324,0.00457445443,0.3,-0.3,-0.0150613093
305,13867070,0.20763509,-0.592547238,-0.134027719,0.0612891316,-0.00397529686,0.0568830259,-0.518148661,-0.235339627,-28.360981,-1.45163643,-0.136655584,-0.187375844,0.0166108072,-0.047403779,-0.140208316,-0.0816132605,-0.000318023749,0.00455064207,0.3,0.3,-0.3,-0.3,-0.0109324467,-0.0149900675,0.0166108072,0.140208316,-0.000318023749,0.3,-0.0109324467,0.3,-0.047403779,-0.0816132605,0.00455064207,0.3,-0.3,-0.0149900675
306,13887434,0.207949013,-0.59175086,-0.134113222,0.0611522608,-0.00379239605,0.0564558581,-0.5184834,-0.235531121,-28.5739441,-1.45083952,-0.136366233,-0.186357498,0.016635921,-0.0473400688,-0.140233967,-0.0816543218,-0.000303391684,0.00451646864,0.3,0.3,-0.3,-0.3,-0.0109092987,-0.0149085999,0.016635921,0.140233967,-0.000303391684,0.3,-0.0109092987,0.3,-0.0473400688,-0.0816543218,0.00451646864,0.3,-0.3,-0.0149085999
307,13908254,0.208005041,-0.591192007,-0.134030819,0.0608977936,-0.00334516563,0.0563435704,-0.518558443,-0.235923752,-28.788681,-1.44992959,-0.135600507,-0.184937492,0.0166404033,-0.0472953606,-0.140209246,-0.0817306619,-0.000267613251,0.00450748563,0.3,0.3,-0.3,-0.3,-0.0108480406,-0.0147949994,0.0166404033,0.140209246,-0.000267613251,0.3,-0.0108480406,0.3,-0.0472953606,-0.0817306619,0.00450748563,0.3,-0.3,-0.0147949994
308,13927870,0.208291337,-0.590505242,-0.133948445,0.0606983788,-0.00306846434,0.0560180433,-0.518736482,-0.235981643,-29.0052299,-1.44889855,-0.135341451,-0.183649197,0.016663307,-0.0472404194,-0.140184534,-0.0817904864,-0.000245477147,0.00448144346,0.3,0.3,-0.3,-0.3,-0.010827316,-0.0146919358,0.016663307,0.140184534,-0.000245477147,0.3,-0.010827316,0.3,-0.0472404194,-0.0817904864,0.00448144346,0.3,-0.3,-0.0146919358
309,13948035,0.208410084,-0.589944363,-0.133840367,0.0606690496,-0.00272759795,0.0557773896,-0.518660784,-0.235842898,-29.2237949,-1.44774163,-0.13493453,-0.182241753,0.0166728067,-0.047195549,-0.14015211,-0.0817992851,-0.000218207836,0.00446219116,0.3,0.3,-0.3,-0.3,-0.0107947624,-0.0145793402,0.0166728067,0.14015211,-0.000218207836,0.3,-0.0107947624,0.3,-0.047195549,-0.0817992851,0.00446219116,0.3,-0.3,-0.0145793402
310,13967623,0.208509579,-0.589410722,-0.133724034,0.0605499558,-0.00241664634,0.0555910468,-0.518502772,-0.235653549,-29.4440022,-1.44648957,-0.134680465,-0.180923581,0.0166807663,-0.0471528578,-0.14011721,-0.0818350133,-0.000193331707,0.00444728374,0.3,0.3,-0.3,-0.3,-0.0107744372,-0.0144738865,0.0166807663,0.14011721,-0.000193331707,0.3,-0.0107744372,0.3,-0.0471528578,-0.0818350133,0.00444728374,0.3,-0.3,-0.0144738865
311,13995294,0.208892286,-0.588521421,-0.133814394,0.0603060387,-0.00230452605,0.0551159307,-0.518765092,-0.23551181,-29.666563,-1.44521141,-0.134769872,-0.179822892,0.0167113829,-0.0470817137,-0.140144318,-0.0819081884,-0.000184362084,0.00440927446,0.3,0.3,-0.3,-0.3,-0.0107815897,-0.0143858314,0.0167113829,0.140144318,-0.000184362084,0.3,-0.0107815897,0.3,-0.0470817137,-0.0819081884,0.00440927446,0.3,-0.3,-0.0143858314
312,14006454,0.209309503,-0.58728379,-0.133904099,0.0603946932,-0.00232085283,0.0544731319,-0.518517911,-0.235079288,-29.8907337,-1.44376123,-0.134652048,-0.17873919,0.0167447603,-0.0469827032,-0.14017123,-0.0818815921,-0.000185668226,0.00435785055,0.3,0.3,-0.3,-0.3,-0.0107721639,-0.0142991352,0.0167447603,0.14017123,-0.000185668226,0.3,-0.0107721639,0.3,-0.0469827032,-0.0818815921,0.00435785055,0.3,-0.3,-0.0142991352
313,14027632,0.209307939,-0.586446524,-0.133796632,0.0602327548,-0.00201191078,0.0542501733,-0.517946899,-0.234917492,-30.1168671,-1.44228864,-0.134118423,-0.177327082,0.0167446351,-0.0469157219,-0.14013899,-0.0819301736,-0.000160952862,0.00434001386,0.3,0.3,-0.3,-0.3,-0.0107294738,-0.0141861665,0.0167446351,0.14013899,-0.000160952862,0.3,-0.0107294738,0.3,-0.0469157219,-0.0819301736,0.00434001386,0.3,-0.3,-0.0141861665
314,14046975,0.209498793,-0.585500538,-0.133805692,0.0598375984,-0.0017985208,0.0538528822,-0.518110096,-0.235053033,-30.3451176,-1.44062006,-0.133917063,-0.176020369,0.0167599034,-0.0468400431,-0.140141708,-0.0820487205,-0.000143881664,0.00430823058,0.3,0.3,-0.3,-0.3,-0.0107133651,-0.0140816295,0.0167599034,0.140141708,-0.000143881664,0.3,-0.0107133651,0.3,-0.0468400431,-0.0820487205,0.00430823058,0.3,-0.3,-0.0140816295
315,14067375,0.209638745,-0.58470124,-0.133600235,0.0595049486,-0.00140603248,0.0535660796,-0.518313408,-0.23535803,-30.5754337,-1.43871236,-0.133510977,-0.174604207,0.0167710996,-0.0467760992,-0.14008007,-0.0821485154,-0.000112482598,0.00428528637,0.3,0.3,-0.3,-0.3,-0.0106808782,-0.0139683366,0.0167710996,0.14008007,-0.000112482598,0.3,-0.0106808782,0.3,-0.0467760992,-0.0821485154,0.00428528637,0.3,-0.3,-0.0139683366
316,14090300,0.209465191,-0.583998024,-0.133605123,0.0594650283,-0.00118535932,0.0531225316,-0.518177807,-0.235298797,-30.8076477,-1.43665779,-0.133097365,-0.17303434,0.0167572153,-0.046719842,-0.140081537,-0.0821604915,-9.48287454e-05,0.00424980253,0.3,0.3,-0.3,-0.3,-0.0106477892,-0.0138427472,0.0167572153,0.140081537,-9.48287454e-05,0.3,-0.0106477892,0.3,-0.046719842,-0.0821604915,0.00424980253,0.3,-0.3,-0.0138427472
317,14106288,0.209668592,-0.582879007,-0.133546382,0.059513662,-0.00108125655,0.0525379367,-0.517920494,-0.234645322,-31.0416698,-1.43455851,-0.133255333,-0.172049642,0.0167734873,-0.0466303205,-0.140063915,-0.0821459014,-8.65005236e-05,0.00420303494,0.3,0.3,-0.3,-0.3,-0.0106604266,-0.0137639713,0.0167734873,0.140063915,-8.65005236e-05,0.3,-0.0106604266,0.3,-0.0466303205,-0.0821459014,0.00420303494,0.3,-0.3,-0.0137639713
318,14130491,0.21007514,-0.581504107,-0.133665472,0.0595193766,-0.00108753319,0.0518651009,-0.517759144,-0.234163627,-31.2775593,-1.43216848,-0.133344412,-0.171290025,0.0168060112,-0.0465203285,-0.140099642,-0.082144187,-8.70026555e-05,0.00414920807,0.3,0.3,-0.3,-0.3,-0.0106675529,-0.013703202,0.0168060112,0.140099642,-8.70026555e-05,0.3,-0.0106675529,0.3,-0.0465203285,-0.082144187,0.00414920807,0.3,-0.3,-0.013703202
319,14144954,0.210110307,-0.580382466,-0.133708671,0.0593522303,-0.000906461792,0.0513837561,-0.517475069,-0.234093517,-31.5156021,-1.42955971,-0.133101746,-0.170154259,0.0168088245,-0.0464305973,-0.140112601,-0.0821943309,-7.25169433e-05,0.00411070049,0.3,0.3,-0.3,-0.3,-0.0106481397,-0.0136123407,0.0168088245,0.140112601,-7.25169433e-05,0.3,-0.0106481397,0.3,-0.0464305973,-0.0821943309,0.00411070049,0.3,-0.3,-0.0136123407
320,14167643,0.210030511,-0.579393268,-0.13373436,0.0589883775,-0.000657583354,0.0510293394,-0.517472625,-0.234364271,-31.7557373,-1.42685425,-0.132801965,-0.168779492,0.0168024409,-0.0463514614,-0.140120308,-0.0823034868,-5.26066683e-05,0.00408234715,0.3,0.3,-0.3,-0.3,-0.0106241572,-0.0135023594,0.0168024409,0.140120308,-5.26066683e-05,0.3,-0.0106241572,0.3,-0.0463514614,-0.0823034868,0.00408234715,0.3,-0.3,-0.0135023594
321,14186213,0.210107148,-0.578308403,-0.133556306,0.0587743893,-0.000438693416,0.050565619,-0.517318428,-0.234238207,-31.9977188,-1.42393732,-0.13275528,-0.167448103,0.0168085718,-0.0462646723,-0.140066892,-0.0823676832,-3.50954733e-05,0.00404524952,0.3,0.3,-0.3,-0.3,-0.0106204224,-0.0133958483,0.0168085718,0.140066892,-3.50954733e-05,0.3,-0.0106204224,0.3,-0.0462646723,-0.0823676832,0.00404524952,0.3,-0.3,-0.0133958483
322,14209689,0.209891841,-0.577576578,-0.13323018,0.05871455,3.72207032e-05,0.0503579043,-0.516843557,-0.234025985,-32.2417526,-1.42080569,-0.132407069,-0.166229561,0.0167913473,-0.0462061262,-0.139969054,-0.082385635,2.97765626e-06,0.00402863234,0.3,0.3,-0.3,-0.3,-0.0105925655,-0.0132983649,0.0167913473,0.139969054,2.97765626e-06,0.3,-0.0105925655,0.3,-0.0462061262,-0.082385635,0.00402863234,0.3,-0.3,-0.0132983649
323,14231671,0.210026026,-0.576622546,-0.133319139,0.0586294383,0.000102862192,0.0497622378,-0.516900539,-0.233934104,-32.4875107,-1.41734254,-0.132460132,-0.165289819,0.0168020821,-0.0461298037,-0.139995742,-0.0824111685,8.22897535e-06,0.00398097903,0.3,0.3,-0.3,-0.3,-0.0105968106,-0.0132231855,0.0168020821,0.139995742,8.22897535e-06,0.3,-0.0105968106,0.3,-0.0461298037,-0.0824111685,0.00398097903,0.3,-0.3,-0.0132231855
324,14246505,0.210348681,-0.57531023,-0.133476958,0.0584024601,0.000216562272,0.0490786284,-0.517341614,-0.234144807,-32.7357712,-1.41355658,-0.132376552,-0.164334357,0.0168278944,-0.0460248184,-0.140043087,-0.082479262,1.73249817e-05,0.00392629027,0.3,0.3,-0.3,-0.3,-0.0105901241,-0.0131467485,0.0168278944,0.140043087,1.73249817e-05,0.3,-0.0105901241,0.3,-0.0460248184,-0.082479262,0.00392629027,0.3,-0.3,-0.0131467485
325,14266985,0.210429922,-0.574096382,-0.133230403,0.0584111102,0.000482942734,0.0486956201,-0.516771555,-0.233734548,-32.9854813,-1.40956402,-0.132207066,-0.163195401,0.0168343937,-0.0459277105,-0.139969121,-0.0824766669,3.86354188e-05,0.00389564961,0.3,0.3,-0.3,-0.3,-0.0105765653,-0.0130556321,0.0168343937,0.139969121,3.86354188e-05,0.3,-0.0105765653,0.3,-0.0459277105,-0.0824766669,0.00389564961,0.3,-0.3,-0.0130556321
326,14286269,0.210441604,-0.573238492,-0.133308217,0.0583750308,0.000583992573,0.0481605083,-0.516286373,-0.233431697,-33.237339,-1.40540457,-0.132045552,-0.161785483,0.0168353283,-0.0458590794,-0.139992465,-0.0824874908,4.67194058e-05,0.00385284066,0.3,0.3,-0.3,-0.3,-0.0105636442,-0.0129428387,0.0168353283,0.139992465,4.67194058e-05,0.3,-0.0105636442,0.3,-0.0458590794,-0.0824874908,0.00385284066,0.3,-0.3,-0.0129428387
327,14307654,0.21055308,-0.57224834,-0.133383676,0.0583137348,0.000735581329,0.0475575849,-0.516412854,-0.233259365,-33.4914589,-1.40077043,-0.132013813,-0.160582885,0.0168442464,-0.0457798672,-0.140015103,-0.0825058796,5.88465063e-05,0.0038046068,0.3,0.3,-0.3,-0.3,-0.010561105,-0.0128466308,0.0168442464,0.140015103,5.88465063e-05,0.3,-0.010561105,0.3,-0.0457798672,-0.0825058796,0.0038046068,0.3,-0.3,-0.0128466308
328,14327461,0.210188642,-0.571694434,-0.133322492,0.0583669096,0.000946169253,0.0472899303,-0.515817463,-0.233081058,-33.7472191,-1.3959651,-0.131484583,-0.158772543,0.0168150914,-0.0457355547,-0.139996748,-0.0824899271,7.56935403e-05,0.00378319442,0.3,0.3,-0.3,-0.3,-0.0105187666,-0.0127018034,0.0168150914,0.139996748,7.56935403e-05,0.3,-0.0105187666,0.3,-0.0457355547,-0.0824899271,0.00378319442,0.3,-0.3,-0.0127018034
329,14350474,0.21022132,-0.57084173,-0.133165091,0.0583517142,0.00102033152,0.0467540957,-0.515345395,-0.232327119,-34.005043,-1.3911227,-0.131734833,-0.157308325,0.0168177056,-0.0456673384,-0.139949527,-0.0824944858,8.16265214e-05,0.00374032766,0.3,0.3,-0.3,-0.3,-0.0105387866,-0.012584666,0.0168177056,0.139949527,8.16265214e-05,0.3,-0.0105387866,0.3,-0.0456673384,-0.0824944858,0.00374032766,0.3,-0.3,-0.012584666
330,14375100,0.2104837,-0.56984657,-0.133095577,0.0582602359,0.00119824859,0.0462991595,-0.515297055,-0.231920972,-34.2649612,-1.38594615,-0.131881267,-0.15605621,0.016838696,-0.0455877256,-0.139928673,-0.0825219292,9.58598871e-05,0.00370393276,0.3,0.3,-0.3,-0.3,-0.0105505013,-0.0124844968,0.016838696,0.139928673,9.58598871e-05,0.3,-0.0105505013,0.3,-0.0455877256,-0.0825219292,0.00370393276,0.3,-0.3,-0.0124844968
331,14385362,0.210401505,-0.569028735,-0.132936746,0.058465682,0.00136264088,0.045892328,-0.514349341,-0.231175572,-34.526844,-1.38053346,-0.131681964,-0.154505968,0.0168321204,-0.0455222988,-0.139881024,-0.0824602954,0.00010901127,0.00367138624,0.3,0.3,-0.3,-0.3,-0.0105345571,-0.0123604774,0.0168321204,0.139881024,0.00010901127,0.3,-0.0105345571,0.3,-0.0455222988,-0.0824602954,0.00367138624,0.3,-0.3,-0.0123604774
332,14419643,0.210324377,-0.568307519,-0.132818148,0.0583575703,0.00157329149,0.0455410182,-0.513867736,-0.230622768,-34.7907715,-1.37507474,-0.131711245,-0.152805686,0.0168259501,-0.0454646015,-0.139845444,-0.0824927289,0.000125863319,0.00364328146,0.3,0.3,-0.3,-0.3,-0.0105368996,-0.0122244549,0.0168259501,0.139845444,0.000125863319,0.3,-0.0105368996,0.3,-0.0454646015,-0.0824927289,0.00364328146,0.3,-0.3,-0.0122244549
333,14429266,0.2106812,-0.567114949,-0.13283518,0.0578824095,0.00169518124,0.04504456,-0.514224172,-0.230802372,-35.0572357,-1.36917853,-0.131620631,-0.151299015,0.016854496,-0.0453691959,-0.139850554,-0.0826352771,0.000135614499,0.0036035648,0.3,0.3,-0.3,-0.3,-0.0105296504,-0.0121039212,0.016854496,0.139850554,0.000135614499,0.3,-0.0105296504,0.3,-0.0453691959,-0.0826352771,0.0036035648,0.3,-0.3,-0.0121039212
334,14444790,0.210858122,-0.566122711,-0.132675409,0.0574151687,0.00193482009,0.0446445942,-0.514679909,-0.231381208,-35.3255844,-1.36289358,-0.13140431,-0.149459928,0.0168686497,-0.0452898169,-0.139802623,-0.0827754494,0.000154785607,0.00357156754,0.3,0.3,-0.3,-0.3,-0.0105123448,-0.0119567943,0.0168686497,0.139802623,0.000154785607,0.3,-0.0105123448,0.3,-0.0452898169,-0.0827754494,0.00357156754,0.3,-0.3,-0.0119567943
335,14475919,0.211006179,-0.564900935,-0.13263303,0.0573499426,0.00200269162,0.0438727289,-0.514971852,-0.231644228,-35.5965233,-1.35635352,-0.131054521,-0.147654101,0.0168804944,-0.0451920748,-0.139789909,-0.0827950172,0.000160215329,0.00350981832,0.3,0.3,-0.3,-0.3,-0.0104843616,-0.0118123281,0.0168804944,0.139789909,0.000160215329,0.3,-0.0104843616,0.3,-0.0451920748,-0.0827950172,0.00350981832,0.3,-0.3,-0.0118123281
336,14485699,0.211316928,-0.563353419,-0.132492706,0.057467252,0.00198094407,0.0430878513,-0.514999032,-0.231338739,-35.8690491,-1.34937036,-0.131058827,-0.146028236,0.0169053543,-0.0450682735,-0.139747812,-0.0827598244,0.000158475526,0.0034470281,0.3,0.3,-0.3,-0.3,-0.0104847062,-0.0116822588,0.0169053543,0.139747812,0.000158475526,0.3,-0.0104847062,0.3,-0.0450682735,-0.0827598244,0.0034470281,0.3,-0.3,-0.0116822588
337,14519694,0.211450115,-0.562154472,-0.13228789,0.0574904419,0.00210719858,0.042510476,-0.514815986,-0.231121272,-36.1437492,-1.34218729,-0.130816162,-0.144174322,0.0169160092,-0.0449723577,-0.139686367,-0.0827528674,0.000168575887,0.00340083808,0.3,0.3,-0.3,-0.3,-0.0104652929,-0.0115339458,0.0169160092,0.139686367,0.000168575887,0.3,-0.0104652929,0.3,-0.0449723577,-0.0827528674,0.00340083808,0.3,-0.3,-0.0115339458
338,14526486,0.211676881,-0.560900629,-0.132095709,0.0573035926,0.00228983653,0.0419700779,-0.514985979,-0.23106198,-36.4208984,-1.33452547,-0.130840003,-0.142408818,0.0169341505,-0.0448720503,-0.139628713,-0.0828089222,0.000183186922,0.00335760623,0.3,0.3,-0.3,-0.3,-0.0104672003,-0.0113927054,0.0169341505,0.139628713,0.000183186922,0.3,-0.0104672003,0.3,-0.0448720503,-0.0828089222,0.00335760623,0.3,-0.3,-0.0113927054
339,14549278,0.211706415,-0.559733987,-0.132040426,0.0572614484,0.00234335591,0.0414249375,-0.514918268,-0.230941266,-36.7002373,-1.32672489,-0.130795091,-0.140514314,0.0169365132,-0.0447787189,-0.139612128,-0.0828215655,0.000187468473,0.003313995,0.3,0.3,-0.3,-0.3,-0.0104636073,-0.0112411451,0.0169365132,0.139612128,0.000187468473,0.3,-0.0104636073,0.3,-0.0447787189,-0.0828215655,0.003313995,0.3,-0.3,-0.0112411451
340,14579442,0.211836696,-0.558465898,-0.131832883,0.0570480265,0.0024792233,0.0409344994,-0.514835,-0.23096247,-36.9817276,-1.31861651,-0.130696848,-0.138564572,0.0169469357,-0.0446772718,-0.139549865,-0.0828855921,0.000198337864,0.00327475995,0.3,0.3,-0.3,-0.3,-0.0104557478,-0.0110851657,0.0169469357,0.139549865,0.000198337864,0.3,-0.0104557478,0.3,-0.0446772718,-0.0828855921,0.00327475995,0.3,-0.3,-0.0110851657
341,14586296,0.211943328,-0.557264566,-0.131622896,0.0567662567,0.0026611425,0.0404626764,-0.515055716,-0.231257468,-37.2656708,-1.3101331,-0.13045077,-0.136467472,0.0169554663,-0.0445811653,-0.139486869,-0.082970123,0.0002128914,0.00323701411,0.3,0.3,-0.3,-0.3,-0.0104360616,-0.0109173977,0.0169554663,0.139486869,0.0002128914,0.3,-0.0104360616,0.3,-0.0445811653,-0.082970123,0.00323701411,0.3,-0.3,-0.0109173977
342,14618874,0.212084949,-0.556047738,-0.131289259,0.0566846468,0.00279095024,0.0399236418,-0.515052438,-0.231205329,-37.5517731,-1.30127382,-0.130285129,-0.134340584,0.0169667959,-0.044483819,-0.139386778,-0.082994606,0.000223276019,0.00319389135,0.3,0.3,-0.3,-0.3,-0.0104228103,-0.0107472467,0.0169667959,0.139386778,0.000223276019,0.3,-0.0104228103,0.3,-0.044483819,-0.082994606,0.00319389135,0.3,-0.3,-0.0107472467
343,14630167,0.212229595,-0.554749489,-0.131125987,0.0566430725,0.00284108915,0.0392855406,-0.515079916,-0.231090531,-37.8400154,-1.29208529,-0.130295917,-0.132640436,0.0169783676,-0.0443799591,-0.139337796,-0.0830070782,0.000227287132,0.00314284325,0.3,0.3,-0.3,-0.3,-0.0104236734,-0.0106112349,0.0169783676,0.139337796,0.000227287132,0.3,-0.0104236734,0.3,-0.0443799591,-0.0830070782,0.00314284325,0.3,-0.3,-0.0106112349
344,14646347,0.21249333,-0.55326432,-0.13101764,0.056553077,0.00283968193,0.0385634638,-0.515251696,-0.2310642,-38.1306419,-1.28254974,-0.130352765,-0.131065711,0.0169994664,-0.0442611456,-0.139305292,-0.0830340769,0.000227174554,0.00308507711,0.3,0.3,-0.3,-0.3,-0.0104282212,-0.0104852569,0.0169994664,0.139305292,0.000227174554,0.3,-0.0104282212,0.3,-0.0442611456,-0.0830340769,0.00308507711,0.3,-0.3,-0.0104852569
345,14677453,0.212747693,-0.551738739,-0.130776703,0.0566167682,0.00284061232,0.0378179662,-0.514969826,-0.230651721,-38.4232597,-1.27276027,-0.130490705,-0.12944895,0.0170198154,-0.0441390991,-0.139233011,-0.0830149695,0.000227248985,0.0030254373,0.3,0.3,-0.3,-0.3,-0.0104392564,-0.010355916,0.0170198154,0.139233011,0.000227248985,0.3,-0.0104392564,0.3,-0.0441390991,-0.0830149695,0.0030254373,0.3,-0.3,-0.010355916
346,14686205,0.212983742,-0.550171733,-0.130609959,0.0566616319,0.00280657224,0.0370001942,-0.514603019,-0.230138332,-38.7180901,-1.26269209,-0.130747944,-0.127889037,0.0170386994,-0.0440137386,-0.139182988,-0.0830015104,0.000224525779,0.00296001554,0.3,0.3,-0.3,-0.3,-0.0104598355,-0.010231123,0.0170386994,0.139182988,0.000224525779,0.3,-0.0104598355,0.3,-0.0440137386,-0.0830015104,0.00296001554,0.3,-0.3,-0.010231123
347,14706468,0.212908059,-0.548744678,-0.130392134,0.0567612126,0.00284944405,0.036346782,-0.513945818,-0.229526579,-39.0149956,-1.25240195,-0.130879655,-0.126142487,0.0170326447,-0.0438995743,-0.13911764,-0.0829716362,0.000227955524,0.00290774256,0.3,0.3,-0.3,-0.3,-0.0104703724,-0.010091399,0.0170326447,0.13911764,0.000227955524,0.3,-0.0104703724,0.3,-0.0438995743,-0.0829716362,0.00290774256,0.3,-0.3,-0.010091399
348,14730677,0.212858319,-0.547456086,-0.130154043,0.0567407906,0.00290106051,0.0357782505,-0.513299763,-0.229030743,-39.3140259,-1.24194288,-0.131060541,-0.1242925,0.0170286655,-0.0437964869,-0.139046213,-0.0829777628,0.000232084841,0.00286226004,0.3,0.3,-0.3,-0.3,-0.0104848433,-0.00994340003,0.0170286655,0.139046213,0.000232084841,0.3,-0.0104848433,0.3,-0.0437964869,-0.0829777628,0.00286226004,0.3,-0.3,-0.00994340003
349,14747698,0.212970644,-0.546422422,-0.129936159,0.0565018021,0.00306936121,0.0353459679,-0.513115764,-0.22911945,-39.6152191,-1.23108423,-0.131076097,-0.122259766,0.0170376515,-0.0437137938,-0.138980848,-0.0830494594,0.000245548896,0.00282767743,0.3,0.3,-0.3,-0.3,-0.0104860878,-0.00978078127,0.0170376515,0.138980848,0.000245548896,0.3,-0.0104860878,0.3,-0.0437137938,-0.0830494594,0.00282767743,0.3,-0.3,-0.00978078127
350,14772640,0.213019103,-0.54518503,-0.129687533,0.0565373525,0.00311615202,0.0346827991,-0.512755215,-0.228698641,-39.9190292,-1.21992993,-0.131128758,-0.120230228,0.0170415282,-0.0436148024,-0.13890626,-0.0830387942,0.000249292161,0.00277462393,0.3,0.3,-0.3,-0.3,-0.0104903007,-0.00961841822,0.0170415282,0.13890626,0.000249292161,0.3,-0.0104903007,0.3,-0.0436148024,-0.0830387942,0.00277462393,0.3,-0.3,-0.00961841822
351,14787250,0.2129758,-0.544355333,-0.129234731,0.0568320677,0.00320008048,0.0342784077,-0.511640728,-0.227652222,-40.2241135,-1.20865083,-0.131268561,-0.118093714,0.017038064,-0.0435484266,-0.138770419,-0.0829503797,0.000256006438,0.00274227262,0.3,0.3,-0.3,-0.3,-0.0105014849,-0.00944749713,0.017038064,0.138770419,0.000256006438,0.3,-0.0105014849,0.3,-0.0435484266,-0.0829503797,0.00274227262,0.3,-0.3,-0.00944749713
352,14812235,0.213344827,-0.54296875,-0.129489034,0.0568722449,0.00284683541,0.0331828855,-0.511598766,-0.227012455,-40.5321426,-1.19700372,-0.131675884,-0.116312958,0.0170675862,-0.0434375,-0.13884671,-0.0829383265,0.000227746833,0.00265463084,0.3,0.3,-0.3,-0.3,-0.0105340707,-0.00930503666,0.0170675862,0.13884671,0.000227746833,0.3,-0.0105340707,0.3,-0.0434375,-0.0829383265,0.00265463084,0.3,-0.3,-0.00930503666
353,14830469,0.213584229,-0.541654587,-0.129183501,0.0568047464,0.00299706333,0.0326757133,-0.511351943,-0.226577848,-40.8419952,-1.1850692,-0.131933242,-0.114407055,0.0170867383,-0.0433323669,-0.13875505,-0.0829585761,0.000239765067,0.00261405706,0.3,0.3,-0.3,-0.3,-0.0105546594,-0.00915256441,0.0170867383,0.13875505,0.000239765067,0.3,-0.0105546594,0.3,-0.0433323669,-0.0829585761,0.00261405706,0.3,-0.3,-0.00915256441
354,14855426,0.213857517,-0.5401631,-0.129377633,0.0567116328,0.00269396394,0.0318037979,-0.511178851,-0.226513863,-41.1543694,-1.17300117,-0.132096589,-0.112406023,0.0171086013,-0.043213048,-0.13881329,-0.0829865102,0.000215517115,0.00254430383,0.3,0.3,-0.3,-0.3,-0.0105677271,-0.00899248183,0.0171086013,0.13881329,0.000215517115,0.3,-0.0105677271,0.3,-0.043213048,-0.0829865102,0.00254430383,0.3,-0.3,-0.00899248183
355,14875216,0.213869378,-0.539068162,-0.129095659,0.0563634709,0.00304485601,0.0314245708,-0.511033118,-0.227103829,-41.468811,-1.16054988,-0.131603658,-0.109925754,0.0171095502,-0.043125453,-0.138728698,-0.0830909587,0.000243588481,0.00251396567,0.3,0.3,-0.3,-0.3,-0.0105282927,-0.00879406035,0.0171095502,0.138728698,0.000243588481,0.3,-0.0105282927,0.3,-0.043125453,-0.0830909587,0.00251396567,0.3,-0.3,-0.00879406035
356,14885714,0.21410276,-0.537770867,-0.128676236,0.0562413707,0.00313516171,0.030755708,-0.511201978,-0.227039695,-41.7853775,-1.14792717,-0.131826147,-0.108063817,0.0171282208,-0.0430216694,-0.138602871,-0.0831275888,0.000250812937,0.00246045664,0.3,0.3,-0.3,-0.3,-0.0105460918,-0.00864510536,0.0171282208,0.138602871,0.000250812937,0.3,-0.0105460918,0.3,-0.0430216694,-0.0831275888,0.00246045664,0.3,-0.3,-0.00864510536
357,14907799,0.214227006,-0.536457002,-0.128428996,0.0560622849,0.0032397625,0.0301267579,-0.511257052,-0.227031752,-42.1043205,-1.13495588,-0.131966591,-0.106073685,0.0171381605,-0.0429165602,-0.138528699,-0.0831813145,0.000259181,0.00241014063,0.3,0.3,-0.3,-0.3,-0.0105573273,-0.0084858948,0.0171381605,0.138528699,0.000259181,0.3,-0.0105573273,0.3,-0.0429165602,-0.0831813145,0.00241014063,0.3,-0.3,-0.0084858948
358,14927874,0.214619547,-0.535163224,-0.128063709,0.0557775125,0.00342940562,0.0295943785,-0.51158917,-0.227333784,-42.4249382,-1.12189233,-0.132281199,-0.10410504,0.0171695638,-0.0428130579,-0.138419113,-0.0832667463,0.00027435245,0.00236755028,0.3,0.3,-0.3,-0.3,-0.0105824959,-0.00832840323,0.0171695638,0.138419113,0.00027435245,0.3,-0.0105824959,0.3,-0.0428130579,-0.0832667463,0.00236755028,0.3,-0.3,-0.00832840323
359,14949925,0.21520403,-0.533506572,-0.127952769,0.055714421,0.00346336863,0.0288237259,-0.51189357,-0.227498949,-42.7486954,-1.10846698,-0.132413417,-0.10207355,0.0172163224,-0.0426805258,-0.138385831,-0.0832856737,0.00027706949,0.00230589807,0.3,0.3,-0.3,-0.3,-0.0105930734,-0.00816588402,0.0172163224,0.138385831,0.00027706949,0.3,-0.0105930734,0.3,-0.0426805258,-0.0832856737,0.00230589807,0.3,-0.3,-0.00816588402
360,14972130,0.21573323,-0.531825781,-0.12746954,0.0557379611,0.00350595335,0.0282770731,-0.511399746,-0.227242947,-43.0732765,-1.09492874,-0.132549807,-0.0999849737,0.0172586584,-0.0425460625,-0.138240862,-0.0832786117,0.000280476268,0.00226216584,0.3,0.3,-0.3,-0.3,-0.0106039846,-0.00799879789,0.0172586584,0.138240862,0.000280476268,0.3,-0.0106039846,0.3,-0.0425460625,-0.0832786117,0.00226216584,0.3,-0.3,-0.00799879789
361,14991967,0.21618548,-0.530295789,-0.127314419,0.0557599813,0.00331148389,0.0273151621,-0.511153817,-0.226894572,-43.4005585,-1.08124983,-0.132646784,-0.0977780297,0.0172948384,-0.0424236631,-0.138194326,-0.0832720056,0.000264918711,0.00218521297,0.3,0.3,-0.3,-0.3,-0.0106117427,-0.00782224238,0.0172948384,0.138194326,0.000264918711,0.3,-0.0106117427,0.3,-0.0424236631,-0.0832720056,0.00218521297,0.3,-0.3,-0.00782224238
362,15011918,0.216577843,-0.528723896,-0.127250493,0.0552203096,0.00338908471,0.0267158896,-0.511612892,-0.227480382,-43.7299881,-1.06710267,-0.132533714,-0.0954155028,0.0173262274,-0.0422979116,-0.138175148,-0.0834339071,0.000271126777,0.00213727117,0.3,0.3,-0.3,-0.3,-0.0106026971,-0.00763324022,0.0173262274,0.138175148,0.000271126777,0.3,-0.0106026971,0.3,-0.0422979116,-0.0834339071,0.00213727117,0.3,-0.3,-0.00763324022
363,15026222,0.216750398,-0.527355313,-0.127004206,0.0549662896,0.00341633661,0.026104318,-0.511526585,-0.2279585,-44.0614738,-1.05300283,-0.132256404,-0.0926989019,0.0173400319,-0.0421884251,-0.138101262,-0.0835101131,0.000273306929,0.00208834544,0.3,0.3,-0.3,-0.3,-0.0105805123,-0.00741591215,0.0173400319,0.138101262,0.000273306929,0.3,-0.0105805123,0.3,-0.0421884251,-0.0835101131,0.00208834544,0.3,-0.3,-0.00741591215
364,15048794,0.21718277,-0.525760055,-0.126724601,0.0548398048,0.00343262032,0.0252974425,-0.511625886,-0.22809884,-44.3952408,-1.03860486,-0.132346839,-0.0900704861,0.0173746216,-0.0420608044,-0.13801738,-0.0835480586,0.000274609625,0.0020237954,0.3,0.3,-0.3,-0.3,-0.0105877471,-0.00720563889,0.0173746216,0.13801738,0.000274609625,0.3,-0.0105877471,0.3,-0.0420608044,-0.0835480586,0.0020237954,0.3,-0.3,-0.00720563889
365,15066848,0.217725933,-0.524109662,-0.126278043,0.0547470935,0.00348268705,0.0246018339,-0.511678815,-0.227996811,-44.730732,-1.02408314,-0.132616132,-0.0876158252,0.0174180746,-0.0419287729,-0.137883413,-0.083575872,0.000278614964,0.00196814671,0.3,0.3,-0.3,-0.3,-0.0106092906,-0.00700926602,0.0174180746,0.137883413,0.000278614964,0.3,-0.0106092906,0.3,-0.0419287729,-0.083575872,0.00196814671,0.3,-0.3,-0.00700926602
366,15091080,0.218053862,-0.522818565,-0.125821382,0.0549650751,0.0034625805,0.0238934364,-0.511114955,-0.227383032,-45.068306,-1.00945818,-0.132924691,-0.084992826,0.017444309,-0.0418254852,-0.137746415,-0.0835104775,0.00027700644,0.00191147491,0.3,0.3,-0.3,-0.3,-0.0106339753,-0.00679942608,0.017444309,0.137746415,0.00027700644,0.3,-0.0106339753,0.3,-0.0418254852,-0.0835104775,0.00191147491,0.3,-0.3,-0.00679942608
367,15106604,0.218576998,-0.52140671,-0.125550121,0.0548985638,0.00342584215,0.0232364591,-0.510854542,-0.226951271,-45.4079628,-0.994760334,-0.133416414,-0.082461901,0.0174861598,-0.0417125368,-0.137665036,-0.0835304309,0.000274067372,0.00185891673,0.3,0.3,-0.3,-0.3,-0.0106733131,-0.00659695208,0.0174861598,0.137665036,0.000274067372,0.3,-0.0106733131,0.3,-0.0417125368,-0.0835304309,0.00185891673,0.3,-0.3,-0.00659695208
368,15128637,0.219153807,-0.519833803,-0.125339225,0.0548975132,0.00326907518,0.0224633291,-0.510410488,-0.226487964,-45.7496185,-0.979981661,-0.133727014,-0.0799263492,0.0175323045,-0.0415867043,-0.137601767,-0.083530746,0.000261526015,0.00179706633,0.3,0.3,-0.3,-0.3,-0.0106981611,-0.00639410794,0.0175323045,0.137601767,0.000261526015,0.3,-0.0106981611,0.3,-0.0415867043,-0.083530746,0.00179706633,0.3,-0.3,-0.00639410794
369,15153413,0.219625011,-0.518330634,-0.12504372,0.0546833277,0.00318202586,0.0217701569,-0.509877205,-0.22615321,-46.0931091,-0.965084314,-0.13400048,-0.0772405639,0.0175700009,-0.0414664507,-0.137513116,-0.0835950017,0.000254562069,0.00174161255,0.3,0.3,-0.3,-0.3,-0.0107200384,-0.00617924511,0.0175700009,0.137513116,0.000254562069,0.3,-0.0107200384,0.3,-0.0414664507,-0.0835950017,0.00174161255,0.3,-0.3,-0.00617924511
370,15165105,0.21996595,-0.516973913,-0.124652773,0.0546266958,0.00318969251,0.0210896954,-0.50916779,-0.225644797,-46.4381599,-0.950112402,-0.134140313,-0.074578099,0.017597276,-0.041357913,-0.137395832,-0.0836119913,0.000255175401,0.00168717563,0.3,0.3,-0.3,-0.3,-0.010731225,-0.00596624792,0.017597276,0.137395832,0.000255175401,0.3,-0.010731225,0.3,-0.041357913,-0.0836119913,0.00168717563,0.3,-0.3,-0.00596624792
371,15187628,0.220277622,-0.515635848,-0.124480046,0.0547178052,0.00301787583,0.0202495586,-0.508613706,-0.225129351,-46.7841873,-0.934903443,-0.13434507,-0.0719230324,0.0176222098,-0.0412508678,-0.137344014,-0.0835846584,0.000241430067,0.00161996469,0.3,0.3,-0.3,-0.3,-0.0107476056,-0.00575384259,0.0176222098,0.137344014,0.000241430067,0.3,-0.0107476056,0.3,-0.0412508678,-0.0835846584,0.00161996469,0.3,-0.3,-0.00575384259
372,15205766,0.22062701,-0.514254332,-0.124218419,0.0548387282,0.00293499697,0.0194769185,-0.508080304,-0.22437045,-47.1308937,-0.919699192,-0.134729713,-0.0694046095,0.0176501608,-0.0411403465,-0.137265526,-0.0835483816,0.000234799758,0.00155815348,0.3,0.3,-0.3,-0.3,-0.0107783771,-0.00555236876,0.0176501608,0.137265526,0.000234799758,0.3,-0.0107783771,0.3,-0.0411403465,-0.0835483816,0.00155815348,0.3,-0.3,-0.00555236876
373,15233515,0.221083507,-0.51291728,-0.124003544,0.0549593568,0.00285924342,0.0188125409,-0.507512271,-0.223732382,-47.4773064,-0.904429913,-0.135028884,-0.0669450238,0.0176866806,-0.0410333824,-0.137201063,-0.083512193,0.000228739474,0.00150500327,0.3,0.3,-0.3,-0.3,-0.0108023107,-0.00535560191,0.0176866806,0.137201063,0.000228739474,0.3,-0.0108023107,0.3,-0.0410333824,-0.083512193,0.00150500327,0.3,-0.3,-0.00535560191
374,15249538,0.221775353,-0.511552989,-0.123861447,0.0548247024,0.0028397555,0.0181515291,-0.507246912,-0.223418951,-47.8232231,-0.889115632,-0.135372415,-0.0645476133,0.0177420282,-0.0409242392,-0.137158434,-0.0835525893,0.00022718044,0.00145212233,0.3,0.3,-0.3,-0.3,-0.0108297932,-0.00516380906,0.0177420282,0.137158434,0.00022718044,0.3,-0.0108297932,0.3,-0.0409242392,-0.0835525893,0.00145212233,0.3,-0.3,-0.00516380906
375,15265622,0.222534746,-0.510129035,-0.123588383,0.0548300706,0.00289370678,0.0174939651,-0.506963968,-0.222969919,-48.1679306,-0.873824656,-0.135667235,-0.062253613,0.0178027797,-0.0408103228,-0.137076515,-0.0835509788,0.000231496543,0.00139951721,0.3,0.3,-0.3,-0.3,-0.0108533788,-0.00498028904,0.0178027797,0.137076515,0.000231496543,0.3,-0.0108533788,0.3,-0.0408103228,-0.0835509788,0.00139951721,0.3,-0.3,-0.00498028904
376,15291309,0.223252192,-0.508832097,-0.12345776,0.0548439957,0.00283459248,0.0168584064,-0.506534994,-0.222582683,-48.5106659,-0.858515859,-0.135761753,-0.0597270429,0.0178601754,-0.0407065678,-0.137037328,-0.0835468013,0.000226767398,0.00134867251,0.3,0.3,-0.3,-0.3,-0.0108609402,-0.00477816343,0.0178601754,0.137037328,0.000226767398,0.3,-0.0108609402,0.3,-0.0407065678,-0.0835468013,0.00134867251,0.3,-0.3,-0.00477816343
377,15305429,0.224161759,-0.507426739,-0.123270541,0.0547822602,0.00289293169,0.0162314121,-0.506257176,-0.222288072,-48.851181,-0.843182206,-0.136072338,-0.0578418821,0.0179329407,-0.0405941391,-0.136981162,-0.0835653219,0.000231434535,0.00129851297,0.3,0.3,-0.3,-0.3,-0.010885787,-0.00462735057,0.0179329407,0.136981162,0.000231434535,0.3,-0.010885787,0.3,-0.0405941391,-0.0835653219,0.00129851297,0.3,-0.3,-0.00462735057
378,15328049,0.225137666,-0.505961001,-0.123154834,0.0547196381,0.0029203631,0.0155924698,-0.506087959,-0.222263172,-49.189003,-0.827724099,-0.136149764,-0.0560699739,0.0180110133,-0.0404768801,-0.13694645,-0.0835841086,0.000233629048,0.00124739759,0.3,0.3,-0.3,-0.3,-0.0108919811,-0.00448559791,0.0180110133,0.13694645,0.000233629048,0.3,-0.0108919811,0.3,-0.0404768801,-0.0835841086,0.00124739759,0.3,-0.3,-0.00448559791
379,15348455,0.225928158,-0.504690826,-0.123070635,0.0546159744,0.00300911954,0.0151148327,-0.50577569,-0.222485825,-49.5238533,-0.81219852,-0.135842502,-0.0539637357,0.0180742526,-0.0403752661,-0.13692119,-0.0836152077,0.000240729563,0.00120918661,0.3,0.3,-0.3,-0.3,-0.0108674002,-0.00431709886,0.0180742526,0.13692119,0.000240729563,0.3,-0.0108674002,0.3,-0.0403752661,-0.0836152077,0.00120918661,0.3,-0.3,-0.00431709886
380,15366006,0.226815119,-0.503565311,-0.123010352,0.0543042831,0.00317655201,0.014803661,-0.505903721,-0.223106354,-49.8554497,-0.796652734,-0.135418072,-0.051674135,0.0181452096,-0.0402852249,-0.136903106,-0.0837087151,0.000254124161,0.00118429288,0.3,0.3,-0.3,-0.3,-0.0108334458,-0.0041339308,0.0181452096,0.136903106,0.000254124161,0.3,-0.0108334458,0.3,-0.0402852249,-0.0837087151,0.00118429288,0.3,-0.3,-0.0041339308
381,15387278,0.227833599,-0.502683043,-0.122715577,0.0541280992,0.00344541483,0.0145897418,-0.505934596,-0.223562956,-50.1832619,-0.781001747,-0.134940639,-0.0492637344,0.0182266879,-0.0402146435,-0.136814673,-0.0837615702,0.000275633186,0.00116717935,0.3,0.3,-0.3,-0.3,-0.0107952511,-0.00394109875,0.0182266879,0.136814673,0.000275633186,0.3,-0.0107952511,0.3,-0.0402146435,-0.0837615702,0.00116717935,0.3,-0.3,-0.00394109875
382,15406496,0.229007244,-0.501635134,-0.122549787,0.054157421,0.00351900654,0.0140747512,-0.506183147,-0.223556623,-50.5070953,-0.765269518,-0.134781465,-0.0469820723,0.0183205795,-0.0401308107,-0.136764936,-0.0837527737,0.000281520523,0.00112598009,0.3,0.3,-0.3,-0.3,-0.0107825172,-0.00375856578,0.0183205795,0.136764936,0.000281520523,0.3,-0.0107825172,0.3,-0.0401308107,-0.0837527737,0.00112598009,0.3,-0.3,-0.00375856578
383,15426742,0.230133712,-0.500641763,-0.122332796,0.0543166995,0.0036349541,0.0136995753,-0.506057441,-0.223387986,-50.8262405,-0.749668777,-0.134509727,-0.044662606,0.018410697,-0.0400513411,-0.136699839,-0.0837049901,0.000290796328,0.00109596603,0.3,0.3,-0.3,-0.3,-0.0107607782,-0.00357300848,0.018410697,0.136699839,0.000290796328,0.3,-0.0107607782,0.3,-0.0400513411,-0.0837049901,0.00109596603,0.3,-0.3,-0.00357300848
384,15446297,0.231508464,-0.49947226,-0.122217059,0.054264687,0.00366561743,0.0133131407,-0.506136894,-0.223353878,-51.1405373,-0.734181166,-0.134379178,-0.0424521826,0.0185206771,-0.0399577808,-0.136665118,-0.0837205939,0.000293249395,0.00106505126,0.3,0.3,-0.3,-0.3,-0.0107503343,-0.00339617461,0.0185206771,0.136665118,0.000293249395,0.3,-0.0107503343,0.3,-0.0399577808,-0.0837205939,0.00106505126,0.3,-0.3,-0.00339617461
385,15477688,0.233043715,-0.498043776,-0.122049831,0.0540351048,0.00378425722,0.0129517056,-0.506524503,-0.223517329,-51.4501991,-0.718774617,-0.134303749,-0.0405216888,0.0186434972,-0.039843502,-0.136614949,-0.0837894686,0.000302740578,0.00103613645,0.3,0.3,-0.3,-0.3,-0.0107442999,-0.0032417351,0.0186434972,0.136614949,0.000302740578,0.3,-0.0107442999,0.3,-0.039843502,-0.0837894686,0.00103613645,0.3,-0.3,-0.0032417351
386,15484980,0.23429063,-0.4969365,-0.121762961,0.0542436019,0.00389060378,0.0126287276,-0.506142735,-0.223333716,-51.7542915,-0.703486562,-0.133840457,-0.0384654701,0.0187432504,-0.03975492,-0.136528888,-0.0837269194,0.000311248302,0.00101029821,0.3,0.3,-0.3,-0.3,-0.0107072365,-0.00307723761,0.0187432504,0.136528888,0.000311248302,0.3,-0.0107072365,0.3,-0.03975492,-0.0837269194,0.00101029821,0.3,-0.3,-0.00307723761
387,15505353,0.235475913,-0.495990038,-0.121810265,0.0541490465,0.00393932546,0.0123257013,-0.506238461,-0.223562568,-52.0532837,-0.688210189,-0.133335337,-0.0362374,0.018838073,-0.039679203,-0.136543079,-0.083755286,0.000315146036,0.000986056104,0.3,0.3,-0.3,-0.3,-0.010666827,-0.002898992,0.018838073,0.136543079,0.000315146036,0.3,-0.010666827,0.3,-0.039679203,-0.083755286,0.000986056104,0.3,-0.3,-0.002898992
388,15528021,0.236736968,-0.494941205,-0.12167044,0.0541287065,0.00408293353,0.0120766573,-0.506374836,-0.223672256,-52.3468094,-0.673063338,-0.132739246,-0.0340709947,0.0189389575,-0.0395952964,-0.136501132,-0.0837613881,0.000326634683,0.000966132581,0.3,0.3,-0.3,-0.3,-0.0106191397,-0.00272567958,0.0189389575,0.136501132,0.000326634683,0.3,-0.0106191397,0.3,-0.0395952964,-0.0837613881,0.000966132581,0.3,-0.3,-0.00272567958
389,15545567,0.238013744,-0.493924499,-0.121591441,0.0541225635,0.00412495527,0.0118321832,-0.506414652,-0.223907664,-52.6345673,-0.65795815,-0.132077932,-0.0318368264,0.0190410995,-0.0395139599,-0.136477432,-0.083763231,0.000329996422,0.000946574658,0.3,0.3,-0.3,-0.298693722,-0.0105662346,-0.00254694611,0.0190410995,0.136477432,0.000329996422,0.3,-0.0105662346,0.3,-0.0395139599,-0.083763231,0.000946574658,0.3,-0.298693722,-0.00254694611
390,15568933,0.239264235,-0.492964596,-0.121441774,0.0541751124,0.00424441649,0.0115765706,-0.506466866,-0.223908722,-52.9167519,-0.643081009,-0.131598428,-0.029656237,0.0191411388,-0.0394371676,-0.136432532,-0.0837474663,0.000339553319,0.000926125646,0.3,0.3,-0.3,-0.296462151,-0.0105278742,-0.00237249896,0.0191411388,0.136432532,0.000339553319,0.3,-0.0105278742,0.3,-0.0394371676,-0.0837474663,0.000926125646,0.3,-0.296462151,-0.00237249896
391,15587434,0.24070631,-0.491721272,-0.12130376,0.0541913696,0.00431664893,0.011283162,-0.506620526,-0.223959863,-53.1930084,-0.628322124,-0.131234229,-0.0280857347,0.0192565048,-0.0393377018,-0.136391128,-0.0837425891,0.000345331915,0.000902652964,0.3,0.3,-0.3,-0.294248319,-0.0104987383,-0.00224685878,0.0192565048,0.136391128,0.000345331915,0.3,-0.0104987383,0.3,-0.0393377018,-0.0837425891,0.000902652964,0.3,-0.294248319,-0.00224685878
392,15607488,0.241969302,-0.490724653,-0.120991997,0.0542764999,0.00449477462,0.0110675795,-0.506342471,-0.223791361,-53.4632645,-0.613786221,-0.130875975,-0.0264988504,0.0193575442,-0.0392579722,-0.136297599,-0.08371705,0.00035958197,0.00088540636,0.3,0.3,-0.3,-0.292067933,-0.010470078,-0.00211990803,0.0193575442,0.136297599,0.00035958197,0.3,-0.010470078,0.3,-0.0392579722,-0.08371705,0.00088540636,0.3,-0.292067933,-0.00211990803
393,15632081,0.243269742,-0.489551097,-0.120898619,0.0541740358,0.0046399408,0.0107949236,-0.506435692,-0.223888397,-53.7277718,-0.599449515,-0.130559698,-0.0251679514,0.0194615793,-0.0391640878,-0.136269586,-0.0837477893,0.000371195264,0.000863593891,0.3,0.3,-0.3,-0.289917427,-0.0104447758,-0.00201343611,0.0194615793,0.136269586,0.000371195264,0.3,-0.0104447758,0.3,-0.0391640878,-0.0837477893,0.000863593891,0.3,-0.289917427,-0.00201343611
394,15646862,0.244399622,-0.488507777,-0.120680474,0.0540867783,0.00487809861,0.0106899142,-0.506216526,-0.22404705,-53.9861183,-0.585434496,-0.130017295,-0.0236925744,0.0195519698,-0.0390806222,-0.136204142,-0.0837739665,0.000390247889,0.000855193138,0.3,0.3,-0.3,-0.287815174,-0.0104013836,-0.00189540595,0.0195519698,0.136204142,0.000390247889,0.3,-0.0104013836,0.3,-0.0390806222,-0.0837739665,0.000855193138,0.3,-0.287815174,-0.00189540595
395,15668328,0.245447338,-0.487666398,-0.120525122,0.0540150627,0.0050869626,0.0106339874,-0.506058037,-0.224290103,-54.2384872,-0.571845114,-0.129436225,-0.021986397,0.019635787,-0.0390133119,-0.136157537,-0.0837954812,0.000406957008,0.00085071899,0.3,0.3,-0.3,-0.285776767,-0.010354898,-0.00175891176,0.019635787,0.136157537,0.000406957008,0.3,-0.010354898,0.3,-0.0390133119,-0.0837954812,0.00085071899,0.3,-0.285776767,-0.00175891176
396,15686157,0.246498108,-0.486932039,-0.12038222,0.0543234348,0.00521751214,0.0103772162,-0.505857408,-0.224162847,-54.4846039,-0.558733523,-0.128782079,-0.0202403851,0.0197198486,-0.0389545631,-0.136114666,-0.0837029696,0.000417400971,0.000830177292,0.3,0.3,-0.3,-0.283810028,-0.0103025663,-0.00161923081,0.0197198486,0.136114666,0.000417400971,0.3,-0.0103025663,0.3,-0.0389545631,-0.0837029696,0.000830177292,0.3,-0.283810028,-0.00161923081
397,15718201,0.247486755,-0.486076802,-0.120364651,0.054695487,0.00525861513,0.0100691495,-0.50563854,-0.223702177,-54.7245598,-0.546076596,-0.128308654,-0.0185806416,0.0197989404,-0.0388861442,-0.136109395,-0.0835913539,0.00042068921,0.000805531964,0.3,0.3,-0.3,-0.281911489,-0.0102646923,-0.00148645133,0.0197989404,0.136109395,0.00042068921,0.3,-0.0102646923,0.3,-0.0388861442,-0.0835913539,0.000805531964,0.3,-0.281911489,-0.00148645133
398,15726568,0.248360977,-0.485236108,-0.12035875,0.0549326688,0.00530885532,0.00983008835,-0.50525558,-0.223200142,-54.9582062,-0.534178197,-0.127957761,-0.0168150607,0.0198688781,-0.0388188887,-0.136107625,-0.0835201994,0.000424708426,0.000786407068,0.3,0.3,-0.3,-0.28012673,-0.0102366209,-0.00134520486,0.0198688781,0.136107625,0.000424708426,0.3,-0.0102366209,0.3,-0.0388188887,-0.0835201994,0.000786407068,0.3,-0.28012673,-0.00134520486
399,15745787,0.249322325,-0.484382272,-0.120281778,0.0551424026,0.00540052587,0.00957234576,-0.504910529,-0.222679898,-55.1858711,-0.522993207,-0.127786279,-0.0152357295,0.019945786,-0.0387505817,-0.136084533,-0.0834572792,0.00043204207,0.000765787661,0.3,0.3,-0.3,-0.278448981,-0.0102229023,-0.00121885836,0.019945786,0.136084533,0.00043204207,0.3,-0.0102229023,0.3,-0.0387505817,-0.0834572792,0.000765787661,0.3,-0.278448981,-0.00121885836
400,15771207,0.250233293,-0.483666986,-0.12022312,0.0552834347,0.0055777831,0.00942257605,-0.504645109,-0.222316399,-55.4076233,-0.512444437,-0.127683327,-0.0137950024,0.0200186634,-0.0386933589,-0.136066936,-0.0834149696,0.000446222648,0.000753806084,0.3,0.3,-0.3,-0.276866665,-0.0102146661,-0.00110360019,0.0200186634,0.136066936,0.000446222648,0.3,-0.0102146661,0.3,-0.0386933589,-0.0834149696,0.000753806084,0.3,-0.276866665,-0.00110360019
401,15785480,0.251224667,-0.482834518,-0.120170094,0.0550989546,0.00579334842,0.00932824332,-0.504710793,-0.222475037,-55.6236687,-0.502558112,-0.127592772,-0.012425377,0.0200979733,-0.0386267614,-0.136051028,-0.0834703136,0.000463467874,0.000746259466,0.3,0.3,-0.3,-0.275383717,-0.0102074218,-0.000994030163,0.0200979733,0.136051028,0.000463467874,0.3,-0.0102074218,0.3,-0.0386267614,-0.0834703136,0.000746259466,0.3,-0.275383717,-0.000994030163
402,15809717,0.252141595,-0.48198691,-0.120203756,0.0551696829,0.00592467748,0.00906997081,-0.504729509,-0.222653553,-55.8340034,-0.493306696,-0.127302065,-0.0110292546,0.0201713276,-0.0385589528,-0.136061127,-0.0834490951,0.000473974198,0.000725597665,0.3,0.3,-0.3,-0.273996004,-0.0101841652,-0.000882340372,0.0201713276,0.136061127,0.000473974198,0.3,-0.0101841652,0.3,-0.0385589528,-0.0834490951,0.000725597665,0.3,-0.273996004,-0.000882340372
403,15826463,0.252902031,-0.481369793,-0.119940147,0.0553162768,0.00623737229,0.00897062849,-0.504476845,-0.222615823,-56.0385475,-0.484659672,-0.126924187,-0.00969892927,0.0202321625,-0.0385095835,-0.135982044,-0.0834051169,0.000498989783,0.000717650279,0.3,0.3,-0.3,-0.272698951,-0.010153935,-0.000775914341,0.0202321625,0.135982044,0.000498989783,0.3,-0.010153935,0.3,-0.0385095835,-0.0834051169,0.000717650279,0.3,-0.272698951,-0.000775914341
404,15847319,0.253692865,-0.480751783,-0.119943984,0.0552686192,0.00644515036,0.00885011349,-0.504559398,-0.222891361,-56.2376747,-0.476534069,-0.126510829,-0.00837138202,0.0202954292,-0.0384601426,-0.135983195,-0.0834194142,0.000515612029,0.000708009079,0.3,0.3,-0.3,-0.27148011,-0.0101208663,-0.000669710562,0.0202954292,0.135983195,0.000515612029,0.3,-0.0101208663,0.3,-0.0384601426,-0.0834194142,0.000708009079,0.3,-0.27148011,-0.000669710562
405,15869204,0.25445202,-0.480130345,-0.119913578,0.0551793911,0.0066894372,0.00874984358,-0.504612207,-0.223233148,-56.4314308,-0.468908906,-0.126066223,-0.00706036715,0.0203561616,-0.0384104276,-0.135974073,-0.0834461827,0.000535154976,0.000699987486,0.3,0.3,-0.3,-0.270336336,-0.0100852978,-0.000564829372,0.0203561616,0.135974073,0.000535154976,0.3,-0.0100852978,0.3,-0.0384104276,-0.0834461827,0.000699987486,0.3,-0.270336336,-0.000564829372
406,15887327,0.255235463,-0.479613811,-0.119821906,0.0549926385,0.00701546762,0.0087853875,-0.504815757,-0.223754957,-56.6199989,-0.461800337,-0.125681847,-0.00576365832,0.0204188371,-0.0383691049,-0.135946572,-0.0835022084,0.00056123741,0.000702831,0.3,0.3,-0.3,-0.269270051,-0.0100545478,-0.000461092666,0.0204188371,0.135946572,0.00056123741,0.3,-0.0100545478,0.3,-0.0383691049,-0.0835022084,0.000702831,0.3,-0.269270051,-0.000461092666
407,15906624,0.256009668,-0.479125053,-0.11964047,0.0549517162,0.00734555582,0.00873880368,-0.504891872,-0.224039346,-56.8034935,-0.455178201,-0.125324413,-0.00448934035,0.0204807734,-0.0383300042,-0.135892141,-0.0835144851,0.000587644465,0.000699104294,0.3,0.3,-0.3,-0.26827673,-0.0100259531,-0.000359147228,0.0204807734,0.135892141,0.000587644465,0.3,-0.0100259531,0.3,-0.0383300042,-0.0835144851,0.000699104294,0.3,-0.26827673,-0.000359147228
408,15926693,0.256693035,-0.478495777,-0.119526125,0.05522158,0.00753495935,0.00848278217,-0.504801512,-0.223812401,-56.9817352,-0.449033976,-0.125143155,-0.00335392775,0.0205354428,-0.0382796621,-0.135857838,-0.083433526,0.000602796748,0.000678622574,0.3,0.3,-0.3,-0.267355096,-0.0100114524,-0.00026831422,0.0205354428,0.135857838,0.000602796748,0.3,-0.0100114524,0.3,-0.0382796621,-0.083433526,0.000678622574,0.3,-0.267355096,-0.00026831422
409,15956665,0.257309109,-0.477835387,-0.119536012,0.0552833453,0.00771535095,0.00832326151,-0.50480926,-0.223788574,-57.1548424,-0.443343878,-0.124976404,-0.00222477433,0.0205847287,-0.038226831,-0.135860804,-0.0834149964,0.000617228076,0.000665860921,0.3,0.3,-0.3,-0.266501582,-0.00999811232,-0.000177981947,0.0205847287,0.135860804,0.000617228076,0.3,-0.00999811232,0.3,-0.038226831,-0.0834149964,0.000665860921,0.3,-0.266501582,-0.000177981947
410,15967597,0.257984549,-0.476964384,-0.119691283,0.0552923381,0.00776722236,0.00802256726,-0.505022585,-0.223837942,-57.3231697,-0.438083321,-0.12484917,-0.00108976988,0.0206387639,-0.0381571507,-0.135907385,-0.0834122986,0.000621377788,0.000641805381,0.3,0.3,-0.3,-0.265712498,-0.00998793364,-8.71815905e-05,0.0206387639,0.135907385,0.000621377788,0.3,-0.00998793364,0.3,-0.0381571507,-0.0834122986,0.000641805381,0.3,-0.265712498,-8.71815905e-05
411,15986226,0.258627892,-0.476163477,-0.119611897,0.0551457368,0.00803122297,0.00793736707,-0.505164862,-0.224101767,-57.4868736,-0.433161885,-0.124663189,2.6629541e-05,0.0206902313,-0.0380930781,-0.135883569,-0.083456279,0.000642497838,0.000634989366,0.3,0.3,-0.3,-0.264974283,-0.00997305512,2.13036328e-06,0.0206902313,0.135883569,0.000642497838,0.3,-0.00997305512,0.3,-0.0380930781,-0.083456279,0.000634989366,0.3,-0.264974283,2.13036328e-06
412,16012135,0.259349883,-0.475295871,-0.119558521,0.0549586751,0.00819146633,0.00777678564,-0.505440116,-0.224536479,-57.6459923,-0.428577304,-0.124642238,0.000852829136,0.0207479906,-0.0380236697,-0.135867556,-0.0835123975,0.000655317307,0.000622142851,0.3,0.3,-0.3,-0.264286596,-0.00997137904,6.82263309e-05,0.0207479906,0.135867556,0.000655317307,0.3,-0.00997137904,0.3,-0.0380236697,-0.0835123975,0.000622142851,0.3,-0.264286596,6.82263309e-05
413,16033004,0.260039955,-0.474666446,-0.119555578,0.0547526963,0.00840075221,0.00769682927,-0.505780399,-0.225398377,-57.8006897,-0.424235731,-0.124299653,0.00187494687,0.0208031964,-0.0379733157,-0.135866673,-0.0835741911,0.000672060177,0.000615746342,0.3,0.3,-0.3,-0.26363536,-0.00994397223,0.00014999575,0.0208031964,0.135866673,0.000672060177,0.3,-0.00994397223,0.3,-0.0379733157,-0.0835741911,0.000615746342,0.3,-0.26363536,0.00014999575
414,16049508,0.260591716,-0.474310338,-0.119371355,0.0546585768,0.00873294938,0.00777543196,-0.505903184,-0.226086065,-57.9509087,-0.420162827,-0.123772345,0.00305574574,0.0208473372,-0.0379448271,-0.135811406,-0.0836024269,0.000698635951,0.000622034557,0.3,0.3,-0.3,-0.263024424,-0.00990178764,0.000244459659,0.0208473372,0.135811406,0.000698635951,0.3,-0.00990178764,0.3,-0.0379448271,-0.0836024269,0.000622034557,0.3,-0.263024424,0.000244459659
415,16066028,0.261086762,-0.474034697,-0.119193487,0.0546343438,0.00898623373,0.00777784735,-0.505876124,-0.226234227,-58.0969086,-0.416400045,-0.123503774,0.00431187218,0.020886941,-0.0379227757,-0.135758046,-0.0836096969,0.000718898699,0.000622227788,0.3,0.3,-0.3,-0.262460007,-0.00988030195,0.000344949774,0.020886941,0.135758046,0.000718898699,0.3,-0.00988030195,0.3,-0.0379227757,-0.0836096969,0.000622227788,0.3,-0.262460007,0.000344949774
416,16087487,0.261499733,-0.473717749,-0.119125918,0.0548722185,0.00914118811,0.00764068589,-0.505591154,-0.225909308,-58.2385101,-0.412889212,-0.12327677,0.00545656821,0.0209199786,-0.0378974199,-0.135737775,-0.0835383344,0.000731295049,0.000611254871,0.3,0.3,-0.3,-0.261933382,-0.00986214161,0.000436525457,0.0209199786,0.135737775,0.000731295049,0.3,-0.00986214161,0.3,-0.0378974199,-0.0835383344,0.000611254871,0.3,-0.261933382,0.000436525457
417,16107418,0.261826664,-0.473437607,-0.118985794,0.0550296232,0.009369676,0.00757801626,-0.505316675,-0.225460619,-58.3759537,-0.40958935,-0.123285197,0.00645186426,0.0209461331,-0.0378750086,-0.135695738,-0.083491113,0.00074957408,0.000606241301,0.3,0.3,-0.3,-0.261438403,-0.00986281574,0.000516149141,0.0209461331,0.135695738,0.00074957408,0.3,-0.00986281574,0.3,-0.0378750086,-0.083491113,0.000606241301,0.3,-0.261438403,0.000516149141
418,16127777,0.262296796,-0.472781986,-0.119216628,0.0550663434,0.00933303498,0.0073329038,-0.50536108,-0.225306705,-58.5095673,-0.406521887,-0.123342238,0.00722234882,0.0209837437,-0.0378225589,-0.135764989,-0.083480097,0.000746642798,0.000586632304,0.3,0.3,-0.3,-0.260978283,-0.00986737907,0.000577787906,0.0209837437,0.135764989,0.000746642798,0.3,-0.00986737907,0.3,-0.0378225589,-0.083480097,0.000586632304,0.3,-0.260978283,0.000577787906
419,16148228,0.262901187,-0.471809208,-0.119184576,0.0548903421,0.00942047965,0.00713828299,-0.505451322,-0.225409657,-58.639286,-0.403558314,-0.123535626,0.00733641675,0.021032095,-0.0377447367,-0.135755373,-0.0835328974,0.000753638372,0.000571062639,0.3,0.3,-0.3,-0.260533747,-0.00988285005,0.00058691334,0.021032095,0.135755373,0.000753638372,0.3,-0.00988285005,0.3,-0.0377447367,-0.0835328974,0.000571062639,0.3,-0.260533747,0.00058691334
420,16167538,0.263401777,-0.471045464,-0.119238287,0.0545973703,0.00960123632,0.00701316912,-0.505687773,-0.226072103,-58.7654114,-0.400701135,-0.123435378,0.00753616588,0.0210721421,-0.0376836371,-0.135771486,-0.0836207889,0.000768098906,0.000561053529,0.3,0.3,-0.3,-0.26010517,-0.00987483025,0.000602893271,0.0210721421,0.135771486,0.000768098906,0.3,-0.00987483025,0.3,-0.0376836371,-0.0836207889,0.000561053529,0.3,-0.26010517,0.000602893271
421,16188444,0.263815463,-0.47026664,-0.119195864,0.0543729551,0.00983053632,0.00681129005,-0.505887389,-0.226680845,-58.8881645,-0.397848636,-0.123207465,0.00800415594,0.021105237,-0.0376213312,-0.135758759,-0.0836881135,0.000786442906,0.000544903204,0.3,0.3,-0.3,-0.259677295,-0.00985659719,0.000640332475,0.021105237,0.135758759,0.000786442906,0.3,-0.00985659719,0.3,-0.0376213312,-0.0836881135,0.000544903204,0.3,-0.259677295,0.000640332475
422,16209055,0.263960391,-0.469864398,-0.119082227,0.0542993993,0.0101161366,0.00681398995,-0.505859137,-0.227173209,-59.0071182,-0.395204753,-0.122883089,0.00878610834,0.0211168313,-0.0375891519,-0.135724668,-0.0837101802,0.000809290931,0.000545119196,0.3,0.3,-0.3,-0.259280713,-0.00983064711,0.000702888668,0.0211168313,0.135724668,0.000809290931,0.3,-0.00983064711,0.3,-0.0375891519,-0.0837101802,0.000545119196,0.3,-0.259280713,0.000702888668
423,16226716,0.264059126,-0.469527513,-0.118959211,0.0545013063,0.0102830725,0.00672012381,-0.505542457,-0.227171376,-59.1224747,-0.392707527,-0.122644097,0.00950595737,0.0211247301,-0.037562201,-0.135687763,-0.0836496081,0.000822645798,0.000537609905,0.3,0.3,-0.3,-0.258906129,-0.00981152773,0.000760476589,0.0211247301,0.135687763,0.000822645798,0.3,-0.00981152773,0.3,-0.037562201,-0.0836496081,0.000537609905,0.3,-0.258906129,0.000760476589
424,16247872,0.264167517,-0.469116211,-0.118766345,0.0548025556,0.0104170013,0.00656840578,-0.505146742,-0.226567298,-59.2343674,-0.390374839,-0.122700028,0.0099435579,0.0211334014,-0.0375292969,-0.135629904,-0.0835592333,0.000833360106,0.000525472462,0.3,0.3,-0.3,-0.258556226,-0.00981600225,0.000795484632,0.0211334014,0.135629904,0.000833360106,0.3,-0.00981600225,0.3,-0.0375292969,-0.0835592333,0.000525472462,0.3,-0.258556226,0.000795484632
425,16267018,0.264353007,-0.468779981,-0.118850112,0.0546622127,0.0105147772,0.00655206339,-0.505018055,-0.226590678,-59.3428192,-0.388170272,-0.122645095,0.0105336867,0.0211482406,-0.0375023985,-0.135655034,-0.0836013362,0.000841182172,0.000524165072,0.3,0.3,-0.3,-0.258225541,-0.0098116076,0.000842694938,0.0211482406,0.135655034,0.000841182172,0.3,-0.0098116076,0.3,-0.0375023985,-0.0836013362,0.000524165072,0.3,-0.258225541,0.000842694938
426,16288192,0.264585406,-0.468362778,-0.118843108,0.0545743369,0.010623863,0.00642014295,-0.504861295,-0.226459816,-59.4482841,-0.386086822,-0.122777566,0.0112322252,0.0211668324,-0.0374690223,-0.135652933,-0.0836276989,0.000849909037,0.000513611436,0.3,0.3,-0.3,-0.257913023,-0.00982220531,0.000898578018,0.0211668324,0.135652933,0.000849909037,0.3,-0.00982220531,0.3,-0.0374690223,-0.0836276989,0.000513611436,0.3,-0.257913023,0.000898578018
427,16307324,0.264728278,-0.46811673,-0.118858874,0.054535158,0.0107600847,0.00644624047,-0.504592776,-0.226510152,-59.5503082,-0.384148508,-0.122693129,0.0120896241,0.0211782622,-0.0374493384,-0.135657662,-0.0836394526,0.000860806778,0.000515699238,0.3,0.3,-0.3,-0.257622276,-0.00981545031,0.000967169926,0.0211782622,0.135657662,0.000860806778,0.3,-0.00981545031,0.3,-0.0374493384,-0.0836394526,0.000515699238,0.3,-0.257622276,0.000967169926
428,16326481,0.264839917,-0.467829704,-0.118801773,0.0548249222,0.0107523147,0.00620244537,-0.504098296,-0.225939229,-59.6490326,-0.382332802,-0.122790217,0.0128241526,0.0211871934,-0.0374263763,-0.135640532,-0.0835525233,0.000860185176,0.000496195629,0.3,0.3,-0.3,-0.25734992,-0.00982321739,0.00102593221,0.0211871934,0.135640532,0.000860185176,0.3,-0.00982321739,0.3,-0.0374263763,-0.0835525233,0.000496195629,0.3,-0.25734992,0.00102593221
429,16356618,0.264998645,-0.467789412,-0.118702039,0.0546772368,0.0110167079,0.00630290946,-0.504078329,-0.225881293,-59.7448959,-0.380576164,-0.122835867,0.0135334544,0.0211998916,-0.0374231529,-0.135610612,-0.083596829,0.000881336629,0.000504232757,0.3,0.3,-0.3,-0.257086425,-0.00982686937,0.00108267635,0.0211998916,0.135610612,0.000881336629,0.3,-0.00982686937,0.3,-0.0374231529,-0.083596829,0.000504232757,0.3,-0.257086425,0.00108267635
430,16365269,0.265186369,-0.467449903,-0.118760109,0.0548752695,0.0110016773,0.00606819987,-0.503802419,-0.225476354,-59.8378296,-0.378878355,-0.122889154,0.0139175579,0.0212149096,-0.0373959923,-0.135628033,-0.0835374191,0.00088013418,0.00048545599,0.3,0.3,-0.3,-0.256831753,-0.00983113229,0.00111340463,0.0212149096,0.135628033,0.00088013418,0.3,-0.00983113229,0.3,-0.0373959923,-0.0835374191,0.00048545599,0.3,-0.256831753,0.00111340463
431,16390870,0.265172839,-0.467260033,-0.118854515,0.0550279245,0.0110620791,0.00595300272,-0.503486931,-0.22521919,-59.9278488,-0.377327204,-0.122882165,0.0144449919,0.0212138271,-0.0373808026,-0.135656355,-0.0834916227,0.000884966329,0.000476240218,0.3,0.3,-0.3,-0.256599081,-0.0098305732,0.00115559936,0.0212138271,0.135656355,0.000884966329,0.3,-0.0098305732,0.3,-0.0373808026,-0.0834916227,0.000476240218,0.3,-0.256599081,0.00115559936
432,16405460,0.265466541,-0.466697097,-0.118995927,0.0548560321,0.0110776518,0.00579546299,-0.503633916,-0.225231767,-60.0152321,-0.375843138,-0.122982539,0.0147916973,0.0212373233,-0.0373357677,-0.135698778,-0.0835431904,0.00088621214,0.000463637039,0.3,0.3,-0.3,-0.256376471,-0.00983860314,0.00118333578,0.0212373233,0.135698778,0.00088621214,0.3,-0.00983860314,0.3,-0.0373357677,-0.0835431904,0.000463637039,0.3,-0.256376471,0.00118333578
433,16430859,0.265624702,-0.46625182,-0.119016796,0.0548247285,0.0111646922,0.00561290188,-0.503639698,-0.22524552,-60.0999985,-0.374363631,-0.122936293,0.0152570866,0.0212499762,-0.0373001456,-0.135705039,-0.0835525814,0.000893175378,0.00044903215,0.3,0.3,-0.3,-0.256154545,-0.00983490348,0.00122056693,0.0212499762,0.135705039,0.000893175378,0.3,-0.00983490348,0.3,-0.0373001456,-0.0835525814,0.00044903215,0.3,-0.256154545,0.00122056693
434,16448518,0.265668899,-0.465872198,-0.119067974,0.0548752919,0.0112236459,0.00545334164,-0.50358659,-0.225223646,-60.1821823,-0.372966886,-0.122946575,0.0157268699,0.0212535119,-0.0372697759,-0.135720392,-0.0835374124,0.00089789167,0.000436267331,0.3,0.3,-0.3,-0.255945033,-0.00983572602,0.00125814959,0.0212535119,0.135720392,0.00089789167,0.3,-0.00983572602,0.3,-0.0372697759,-0.0835374124,0.000436267331,0.3,-0.255945033,0.00125814959
435,16466274,0.26584056,-0.465615183,-0.119119376,0.0546620898,0.01136945,0.00548109598,-0.50384438,-0.225755945,-60.2619438,-0.371651232,-0.122878626,0.0162332747,0.0212672448,-0.0372492146,-0.135735813,-0.0836013731,0.000909556001,0.000438487679,0.3,0.3,-0.3,-0.255747685,-0.00983029008,0.00129866198,0.0212672448,0.135735813,0.000909556001,0.3,-0.00983029008,0.3,-0.0372492146,-0.0836013731,0.000438487679,0.3,-0.255747685,0.00129866198
436,16499703,0.266146749,-0.465382338,-0.119036213,0.054488305,0.0115301106,0.00553514902,-0.504086494,-0.226245388,-60.3395004,-0.370368093,-0.122768946,0.0168065801,0.0212917399,-0.037230587,-0.135710864,-0.0836535085,0.000922408849,0.000442811921,0.3,0.3,-0.3,-0.255555214,-0.00982151568,0.00134452641,0.0212917399,0.135710864,0.000922408849,0.3,-0.00982151568,0.3,-0.037230587,-0.0836535085,0.000442811921,0.3,-0.255555214,0.00134452641
437,16506497,0.266318202,-0.465304732,-0.11896766,0.0545721613,0.01167526,0.0055557657,-0.503973305,-0.22644271,-60.414566,-0.369140029,-0.12254636,0.0173088443,0.0213054562,-0.0372243786,-0.135690298,-0.0836283516,0.000934020802,0.000444461256,0.3,0.3,-0.3,-0.255371004,-0.00980370879,0.00138470754,0.0213054562,0.135690298,0.000934020802,0.3,-0.00980370879,0.3,-0.0372243786,-0.0836283516,0.000444461256,0.3,-0.255371004,0.00138470754
438,16531321,0.266441435,-0.465281069,-0.118987441,0.054581441,0.0117725814,0.00555267325,-0.503935397,-0.226476312,-60.4874382,-0.367956191,-0.122430317,0.0178864785,0.0213153148,-0.0372224855,-0.135696232,-0.0836255677,0.00094180651,0.00044421386,0.3,0.3,-0.3,-0.255193429,-0.00979442537,0.00143091828,0.0213153148,0.135696232,0.00094180651,0.3,-0.00979442537,0.3,-0.0372224855,-0.0836255677,0.00044421386,0.3,-0.255193429,0.00143091828
439,16545911,0.266611487,-0.46514824,-0.119069025,0.0544850118,0.0118586421,0.00553195551,-0.50406599,-0.226542443,-60.558136,-0.366832107,-0.122384004,0.018358795,0.0213289189,-0.0372118592,-0.135720707,-0.0836544964,0.000948691368,0.000442556441,0.3,0.3,-0.3,-0.255024816,-0.00979072034,0.0014687036,0.0213289189,0.135720707,0.000948691368,0.3,-0.00979072034,0.3,-0.0372118592,-0.0836544964,0.000442556441,0.3,-0.255024816,0.0014687036
440,16568233,0.26681453,-0.464984328,-0.119147874,0.0543364473,0.0119589521,0.00553020742,-0.504310489,-0.226850405,-60.6267548,-0.365733474,-0.122336082,0.0189146195,0.0213451624,-0.0371987462,-0.135744362,-0.0836990658,0.000956716165,0.000442416593,0.3,0.3,-0.3,-0.254860021,-0.00978688657,0.00151316956,0.0213451624,0.135744362,0.000956716165,0.3,-0.00978688657,0.3,-0.0371987462,-0.0836990658,0.000442416593,0.3,-0.254860021,0.00151316956
441,16598334,0.267041951,-0.464763671,-0.119214773,0.0542358086,0.012105369,0.005544791,-0.504604518,-0.227230787,-60.6934624,-0.364690661,-0.12230701,0.01938718,0.0213633561,-0.0371810937,-0.135764432,-0.0837292574,0.000968429521,0.00044358328,0.3,0.3,-0.3,-0.254703599,-0.0097845608,0.0015509744,0.0213633561,0.135764432,0.000968429521,0.3,-0.0097845608,0.3,-0.0371810937,-0.0837292574,0.00044358328,0.3,-0.254703599,0.0015509744
442,16607459,0.267262012,-0.464425325,-0.119194053,0.0543746315,0.0121732866,0.00542392628,-0.504656732,-0.227286935,-60.7580605,-0.363728553,-0.122228287,0.0197833218,0.0213809609,-0.037154026,-0.135758216,-0.0836876106,0.000973862931,0.000433914103,0.3,0.3,-0.3,-0.254559283,-0.00977826297,0.00158266574,0.0213809609,0.135758216,0.000973862931,0.3,-0.00977826297,0.3,-0.037154026,-0.0836876106,0.000433914103,0.3,-0.254559283,0.00158266574
443,16626816,0.267369002,-0.464192659,-0.119130656,0.0544611178,0.0122658703,0.00537094148,-0.504554868,-0.227180719,-60.8206177,-0.36281094,-0.122184582,0.0201399717,0.0213895202,-0.0371354127,-0.135739197,-0.0836616646,0.000981269628,0.000429675318,0.3,0.3,-0.3,-0.254421641,-0.00977476656,0.00161119774,0.0213895202,0.135739197,0.000981269628,0.3,-0.00977476656,0.3,-0.0371354127,-0.0836616646,0.000429675318,0.3,-0.254421641,0.00161119774
444,16649221,0.267585367,-0.463871837,-0.119161494,0.0543068908,0.0123175895,0.00531101413,-0.504696727,-0.227237746,-60.8813934,-0.361934751,-0.122268587,0.0204127375,0.0214068294,-0.0371097469,-0.135748448,-0.0837079328,0.000985407159,0.00042488113,0.3,0.3,-0.3,-0.254290213,-0.00978148699,0.001633019,0.0214068294,0.135748448,0.000985407159,0.3,-0.00978148699,0.3,-0.0371097469,-0.0837079328,0.00042488113,0.3,-0.254290213,0.001633019
445,16666304,0.267719299,-0.463585228,-0.119073823,0.0543052517,0.0123882843,0.00524653122,-0.504584491,-0.227122962,-60.9403305,-0.36109674,-0.122328483,0.0207047164,0.0214175439,-0.0370868182,-0.135722147,-0.0837084245,0.000991062745,0.000419722497,0.3,0.3,-0.3,-0.254164511,-0.00978627861,0.00165637732,0.0214175439,0.135722147,0.000991062745,0.3,-0.00978627861,0.3,-0.0370868182,-0.0837084245,0.000419722497,0.3,-0.254164511,0.00165637732
446,16686538,0.26787284,-0.46326378,-0.119025797,0.0543627329,0.0123982765,0.00513454387,-0.504457712,-0.226892233,-60.9973679,-0.360335886,-0.122509718,0.0209303591,0.0214298272,-0.0370611024,-0.135707739,-0.0836911801,0.000991862118,0.00041076351,0.3,0.3,-0.3,-0.254050383,-0.00980077744,0.00167442873,0.0214298272,0.135707739,0.000991862118,0.3,-0.00980077744,0.3,-0.0370611024,-0.0836911801,0.00041076351,0.3,-0.254050383,0.00167442873
447,16707891,0.268131077,-0.462750703,-0.119097814,0.0542970449,0.0123635931,0.00495162886,-0.504527867,-0.226829469,-61.0527382,-0.359582126,-0.122657612,0.0210704152,0.0214504862,-0.0370200562,-0.135729344,-0.0837108865,0.000989087448,0.000396130309,0.3,0.3,-0.3,-0.253937319,-0.00981260896,0.00168563321,0.0214504862,0.135729344,0.000989087448,0.3,-0.00981260896,0.3,-0.0370200562,-0.0837108865,0.000396130309,0.3,-0.253937319,0.00168563321
448,16726679,0.26827836,-0.462289959,-0.119110361,0.054291524,0.012375013,0.00482439762,-0.504481435,-0.226886734,-61.1063576,-0.35882166,-0.122597747,0.0213053748,0.0214622688,-0.0369831967,-0.135733108,-0.0837125428,0.000990001038,0.00038595181,0.3,0.3,-0.3,-0.253823249,-0.00980781972,0.00170442998,0.0214622688,0.135733108,0.000990001038,0.3,-0.00980781972,0.3,-0.0369831967,-0.0837125428,0.00038595181,0.3,-0.253823249,0.00170442998
449,16747497,0.268244714,-0.46226415,-0.118970759,0.0542999469,0.0125186453,0.004877856,-0.50417906,-0.226894572,-61.1582069,-0.358117878,-0.12241511,0.0217136219,0.0214595771,-0.036981132,-0.135691228,-0.0837100159,0.00100149162,0.00039022848,0.3,0.3,-0.3,-0.253717682,-0.00979320884,0.00173708975,0.0214595771,0.135691228,0.00100149162,0.3,-0.00979320884,0.3,-0.036981132,-0.0837100159,0.00039022848,0.3,-0.253717682,0.00173708975
450,16766605,0.268278837,-0.462164164,-0.118987657,0.0543215945,0.0125445388,0.00479796482,-0.504093349,-0.226746306,-61.2086143,-0.357415855,-0.122388057,0.0220531039,0.021462307,-0.0369731331,-0.135696297,-0.0837035216,0.00100356311,0.000383837186,0.3,0.3,-0.3,-0.253612378,-0.00979104459,0.00176424831,0.021462307,0.135696297,0.00100356311,0.3,-0.00979104459,0.3,-0.0369731331,-0.0837035216,0.000383837186,0.3,-0.253612378,0.00176424831
451,16794376,0.268302619,-0.462151259,-0.119075596,0.0542133525,0.0126236612,0.00485291891,-0.504144549,-0.226940885,-61.2572479,-0.356698155,-0.122253217,0.0223980397,0.0214642096,-0.0369721007,-0.135722679,-0.0837359942,0.0010098929,0.000388233513,0.3,0.3,-0.3,-0.253504723,-0.00978025734,0.00179184318,0.0214642096,0.135722679,0.0010098929,0.3,-0.00978025734,0.3,-0.0369721007,-0.0837359942,0.000388233513,0.3,-0.253504723,0.00179184318
452,16805202,0.268416017,-0.461991489,-0.119136177,0.0542113185,0.0126659544,0.00475876126,-0.50424397,-0.227026507,-61.3045616,-0.355990648,-0.12223234,0.022484526,0.0214732814,-0.0369593191,-0.135740853,-0.0837366045,0.00101327635,0.000380700901,0.3,0.3,-0.3,-0.253398597,-0.00977858722,0.00179876208,0.0214732814,0.135740853,0.00101327635,0.3,-0.00977858722,0.3,-0.0369593191,-0.0837366045,0.000380700901,0.3,-0.253398597,0.00179876208
453,16826377,0.268462032,-0.461751282,-0.11895255,0.0543996282,0.0128120752,0.00467335153,-0.504015923,-0.226751551,-61.3503685,-0.355284393,-0.122221522,0.0222513694,0.0214769626,-0.0369401026,-0.135685765,-0.0836801115,0.00102496602,0.000373868123,0.3,0.3,-0.3,-0.253292659,-0.00977772176,0.00178010955,0.0214769626,0.135685765,0.00102496602,0.3,-0.00977772176,0.3,-0.0369401026,-0.0836801115,0.000373868123,0.3,-0.253292659,0.00178010955
454,16861570,0.268539488,-0.461374313,-0.118995056,0.0545293614,0.0127596045,0.00448710844,-0.50380981,-0.226545006,-61.3945122,-0.35461542,-0.122302532,0.0219790526,0.0214831591,-0.036909945,-0.135698517,-0.0836411916,0.00102076836,0.000358968675,0.3,0.3,-0.3,-0.253192313,-0.00978420258,0.00175832421,0.0214831591,0.135698517,0.00102076836,0.3,-0.00978420258,0.3,-0.036909945,-0.0836411916,0.000358968675,0.3,-0.253192313,0.00175832421
455,16871365,0.268454909,-0.461249411,-0.118987255,0.0544857047,0.0129005918,0.00451642647,-0.503629446,-0.226560399,-61.4374161,-0.353913009,-0.122250766,0.0219441075,0.0214763927,-0.0368999529,-0.135696176,-0.0836542886,0.00103204735,0.000361314118,0.3,0.3,-0.3,-0.253086951,-0.00978006124,0.0017555286,0.0214763927,0.135696176,0.00103204735,0.3,-0.00978006124,0.3,-0.0368999529,-0.0836542886,0.000361314118,0.3,-0.253086951,0.0017555286
456,16886401,0.268259943,-0.461149871,-0.119064845,0.0546860248,0.0128787886,0.00442460505,-0.503247023,-0.226226717,-61.4788628,-0.353257388,-0.122157998,0.0222536698,0.0214607954,-0.0368919897,-0.135719454,-0.0835941926,0.00103030309,0.000353968404,0.3,0.3,-0.3,-0.252988608,-0.00977263987,0.00178029358,0.0214607954,0.135719454,0.00103030309,0.3,-0.00977263987,0.3,-0.0368919897,-0.0835941926,0.000353968404,0.3,-0.252988608,0.00178029358
457,16910792,0.268048286,-0.461381614,-0.119091325,0.0545802675,0.0129897259,0.00458789477,-0.502946377,-0.226301879,-61.5189171,-0.352605015,-0.122033805,0.0228008758,0.0214438629,-0.0369105291,-0.135727397,-0.0836259197,0.00103917807,0.000367031582,0.3,0.3,-0.3,-0.252890752,-0.00976270437,0.00182407007,0.0214438629,0.135727397,0.00103917807,0.3,-0.00976270437,0.3,-0.0369105291,-0.0836259197,0.000367031582,0.3,-0.252890752,0.00182407007
458,16931059,0.268182516,-0.461221188,-0.119112864,0.0543267392,0.0130357845,0.00457328791,-0.503194928,-0.22648783,-61.5579567,-0.351925224,-0.122241214,0.0227971692,0.0214546013,-0.0368976951,-0.135733859,-0.0837019783,0.00104286276,0.000365863033,0.3,0.3,-0.3,-0.252788784,-0.00977929711,0.00182377353,0.0214546013,0.135733859,0.00104286276,0.3,-0.00977929711,0.3,-0.0368976951,-0.0837019783,0.000365863033,0.3,-0.252788784,0.00182377353
459,16948449,0.268303275,-0.461003095,-0.11920052,0.0542356968,0.0130368927,0.00449267775,-0.503343761,-0.226850331,-61.5958328,-0.351223141,-0.12219663,0.0228690337,0.021464262,-0.0368802476,-0.135760156,-0.083729291,0.00104295142,0.00035941422,0.3,0.3,-0.3,-0.252683471,-0.00977573037,0.0018295227,0.021464262,0.135760156,0.00104295142,0.3,-0.00977573037,0.3,-0.0368802476,-0.083729291,0.00035941422,0.3,-0.252683471,0.0018295227
460,16970307,0.268404782,-0.460871696,-0.119022027,0.0542067997,0.0131508559,0.00447315862,-0.503294468,-0.22688967,-61.6324425,-0.350617766,-0.122327402,0.0229645353,0.0214723825,-0.0368697357,-0.135706608,-0.0837379601,0.00105206847,0.00035785269,0.3,0.3,-0.3,-0.252592665,-0.00978619218,0.00183716282,0.0214723825,0.135706608,0.00105206847,0.3,-0.00978619218,0.3,-0.0368697357,-0.0837379601,0.00035785269,0.3,-0.252592665,0.00183716282
461,16987136,0.268516302,-0.460699379,-0.118942782,0.0541416109,0.0132714529,0.00444345642,-0.503294587,-0.226906151,-61.6681023,-0.35002926,-0.122397333,0.0230048075,0.0214813042,-0.0368559504,-0.135682835,-0.0837575167,0.00106171623,0.000355476514,0.3,0.3,-0.3,-0.252504389,-0.00979178667,0.0018403846,0.0214813042,0.135682835,0.00106171623,0.3,-0.00979178667,0.3,-0.0368559504,-0.0837575167,0.000355476514,0.3,-0.252504389,0.0018403846
462,17007632,0.26858294,-0.460438997,-0.118947312,0.0542284399,0.0132489614,0.00431794208,-0.503196836,-0.226755545,-61.7024536,-0.349434555,-0.122510299,0.0231095217,0.0214866352,-0.0368351197,-0.135684194,-0.083731468,0.00105991691,0.000345435366,0.3,0.3,-0.3,-0.252415183,-0.00980082393,0.00184876174,0.0214866352,0.135684194,0.00105991691,0.3,-0.00980082393,0.3,-0.0368351197,-0.083731468,0.000345435366,0.3,-0.252415183,0.00184876174
463,17027999,0.268596441,-0.460363597,-0.119089976,0.0541315936,0.0132802911,0.00434191944,-0.503294349,-0.227005824,-61.7358131,-0.348893642,-0.122479305,0.0233011339,0.0214877152,-0.0368290877,-0.135726993,-0.0837605219,0.00106242329,0.000347353555,0.3,0.3,-0.3,-0.252334046,-0.00979834437,0.00186409071,0.0214877152,0.135726993,0.00106242329,0.3,-0.00979834437,0.3,-0.0368290877,-0.0837605219,0.000347353555,0.3,-0.252334046,0.00186409071
464,17049425,0.268742979,-0.460152298,-0.119119853,0.0539215803,0.0133630736,0.00437137857,-0.503531635,-0.227426976,-61.7682838,-0.348310292,-0.122378334,0.0234801564,0.0214994383,-0.0368121839,-0.135735956,-0.0838235259,0.00106904589,0.000349710286,0.3,0.3,-0.3,-0.252246544,-0.00979026675,0.00187841251,0.0214994383,0.135735956,0.00106904589,0.3,-0.00979026675,0.3,-0.0368121839,-0.0838235259,0.000349710286,0.3,-0.252246544,0.00187841251
465,17072681,0.268835098,-0.460076779,-0.119093448,0.0538101643,0.0134595744,0.00441406714,-0.503697157,-0.227801442,-61.7998619,-0.347765774,-0.122246839,0.0238367673,0.0215068078,-0.0368061423,-0.135728034,-0.0838569507,0.00107676595,0.000353125371,0.3,0.3,-0.3,-0.252164866,-0.00977974713,0.00190694138,0.0215068078,0.135728034,0.00107676595,0.3,-0.00977974713,0.3,-0.0368061423,-0.0838569507,0.000353125371,0.3,-0.252164866,0.00190694138
466,17085414,0.268968314,-0.459882528,-0.119079031,0.0538253784,0.0134949805,0.00433251914,-0.503831089,-0.227906153,-61.8304176,-0.347257465,-0.122267209,0.0240432024,0.0215174651,-0.0367906022,-0.135723709,-0.0838523865,0.00107959844,0.000346601531,0.3,0.3,-0.3,-0.25208862,-0.00978137672,0.00192345619,0.0215174651,0.135723709,0.00107959844,0.3,-0.00978137672,0.3,-0.0367906022,-0.0838523865,0.000346601531,0.3,-0.25208862,0.00192345619
467,17106938,0.269158244,-0.459749222,-0.119111404,0.0538242422,0.0135143632,0.00430126395,-0.503900588,-0.228137076,-61.8600006,-0.346746653,-0.122426823,0.0242772121,0.0215326595,-0.0367799377,-0.135733421,-0.0838527273,0.00108114906,0.000344101116,0.3,0.3,-0.3,-0.252011998,-0.00979414582,0.00194217697,0.0215326595,0.135733421,0.00108114906,0.3,-0.00979414582,0.3,-0.0367799377,-0.0838527273,0.000344101116,0.3,-0.252011998,0.00194217697
468,17127401,0.269424558,-0.459563375,-0.11911986,0.0538050272,0.0134637039,0.00424068049,-0.503935516,-0.228250816,-61.8886948,-0.346285045,-0.122717522,0.0245366506,0.0215539646,-0.03676507,-0.135735958,-0.0838584919,0.00107709631,0.000339254439,0.3,0.3,-0.3,-0.251942757,-0.00981740177,0.00196293205,0.0215539646,0.135735958,0.00107709631,0.3,-0.00981740177,0.3,-0.03676507,-0.0838584919,0.000339254439,0.3,-0.251942757,0.00196293205
469,17158477,0.269706815,-0.459401697,-0.119087413,0.053639546,0.0134929195,0.00428180816,-0.504009783,-0.228501841,-61.9165573,-0.345832407,-0.122940034,0.0247628074,0.0215765452,-0.0367521358,-0.135726224,-0.0839081362,0.00107943356,0.000342544653,0.3,0.3,-0.3,-0.251874861,-0.00983520269,0.00198102459,0.0215765452,0.135726224,0.00107943356,0.3,-0.00983520269,0.3,-0.0367521358,-0.0839081362,0.000342544653,0.3,-0.251874861,0.00198102459
470,17166468,0.269864231,-0.459321886,-0.118962228,0.0535847321,0.0135421259,0.00431229314,-0.503871977,-0.228605062,-61.943615,-0.345387667,-0.123055667,0.0249862205,0.0215891385,-0.0367457509,-0.135688668,-0.0839245804,0.00108337007,0.000344983451,0.3,0.3,-0.3,-0.25180815,-0.00984445333,0.00199889764,0.0215891385,0.135688668,0.00108337007,0.3,-0.00984445333,0.3,-0.0367457509,-0.0839245804,0.000344983451,0.3,-0.25180815,0.00199889764
471,17187350,0.269977123,-0.459103048,-0.118852578,0.053549096,0.0136105558,0.00428965176,-0.503762662,-0.228635043,-61.9698296,-0.344908506,-0.123213664,0.0246022772,0.0215981698,-0.0367282438,-0.135655773,-0.0839352712,0.00108884446,0.00034317214,0.3,0.3,-0.3,-0.251736276,-0.0098570931,0.00196818218,0.0215981698,0.135655773,0.00108884446,0.3,-0.0098570931,0.3,-0.0367282438,-0.0839352712,0.00034317214,0.3,-0.251736276,0.00196818218
472,17206878,0.270062447,-0.458765894,-0.118808992,0.0534697808,0.0136334384,0.00418360764,-0.503742695,-0.228686869,-61.9953537,-0.344416678,-0.123283871,0.0242684502,0.0216049957,-0.0367012715,-0.135642698,-0.0839590658,0.00109067507,0.000334688611,0.3,0.3,-0.3,-0.251662502,-0.00986270964,0.00194147602,0.0216049957,0.135642698,0.00109067507,0.3,-0.00986270964,0.3,-0.0367012715,-0.0839590658,0.000334688611,0.3,-0.251662502,0.00194147602
473,17226513,0.269918621,-0.458731383,-0.118817247,0.0535777584,0.0136405258,0.00416043401,-0.503440678,-0.228637278,-62.0199089,-0.343990952,-0.123069786,0.0246420726,0.0215934896,-0.0366985106,-0.135645174,-0.0839266725,0.00109124206,0.000332834721,0.3,0.3,-0.3,-0.251598643,-0.00984558284,0.00197136581,0.0215934896,0.135645174,0.00109124206,0.3,-0.00984558284,0.3,-0.0366985106,-0.0839266725,0.000332834721,0.3,-0.251598643,0.00197136581
474,17249704,0.2696805,-0.458858669,-0.11877352,0.0537939779,0.0136647318,0.0041814493,-0.502988517,-0.228195354,-62.043438,-0.343647808,-0.122978017,0.0251475181,0.02157444,-0.0367086935,-0.135632056,-0.0838618066,0.00109317854,0.000334515944,0.3,0.3,-0.3,-0.251547171,-0.00983824134,0.00201180145,0.02157444,0.135632056,0.00109317854,0.3,-0.00983824134,0.3,-0.0367086935,-0.0838618066,0.000334515944,0.3,-0.251547171,0.00201180145
475,17268888,0.269558668,-0.459074408,-0.118755005,0.0537227876,0.0137783075,0.00436092261,-0.502817512,-0.228080705,-62.0662346,-0.343247265,-0.122904018,0.0256465431,0.0215646935,-0.0367259526,-0.135626502,-0.0838831637,0.0011022646,0.000348873809,0.3,0.3,-0.3,-0.25148709,-0.00983232141,0.00205172345,0.0215646935,0.135626502,0.0011022646,0.3,-0.00983232141,0.3,-0.0367259526,-0.0838831637,0.000348873809,0.3,-0.25148709,0.00205172345
476,17285674,0.269530863,-0.459126055,-0.118823923,0.0537948012,0.0137311686,0.00430591777,-0.502722919,-0.227897599,-62.0882225,-0.342894793,-0.122904979,0.0258672684,0.021562469,-0.0367300844,-0.135647177,-0.0838615596,0.00109849349,0.000344473422,0.3,0.3,-0.3,-0.251434219,-0.0098323983,0.00206938148,0.021562469,0.135647177,0.00109849349,0.3,-0.0098323983,0.3,-0.0367300844,-0.0838615596,0.000344473422,0.3,-0.251434219,0.00206938148
477,17310890,0.269614965,-0.458846569,-0.118830279,0.0538943335,0.0137008103,0.00411833683,-0.502725124,-0.22757037,-62.1095657,-0.342557997,-0.123179704,0.0253438912,0.0215691972,-0.0367077255,-0.135649084,-0.0838316999,0.00109606482,0.000329466946,0.3,0.3,-0.3,-0.251383699,-0.00985437632,0.0020275113,0.0215691972,0.135649084,0.00109606482,0.3,-0.00985437632,0.3,-0.0367077255,-0.0838316999,0.000329466946,0.3,-0.251383699,0.0020275113
478,17324769,0.269723684,-0.458452433,-0.118931837,0.0538328886,0.0136658531,0.00397317857,-0.502775669,-0.227659166,-62.130291,-0.342173427,-0.123228356,0.0248261206,0.0215778947,-0.0366761947,-0.135679551,-0.0838501334,0.00109326825,0.000317854285,0.3,0.3,-0.3,-0.251326014,-0.0098582685,0.00198608965,0.0215778947,0.135679551,0.00109326825,0.3,-0.0098582685,0.3,-0.0366761947,-0.0838501334,0.000317854285,0.3,-0.251326014,0.00198608965
479,17354000,0.269580811,-0.458292991,-0.118724085,0.0538979098,0.0137986364,0.00393549446,-0.50238651,-0.227462783,-62.1503525,-0.34181568,-0.123232126,0.0245705452,0.0215664649,-0.0366634393,-0.135617226,-0.0838306271,0.00110389091,0.000314839557,0.3,0.3,-0.3,-0.251272352,-0.0098585701,0.00196564361,0.0215664649,0.135617226,0.00110389091,0.3,-0.0098585701,0.3,-0.0366634393,-0.0838306271,0.000314839557,0.3,-0.251272352,0.00196564361
480,17366504,0.269687593,-0.457664937,-0.118804865,0.0537259579,0.0137736946,0.0037664345,-0.502474725,-0.227516055,-62.1699982,-0.341343015,-0.123558193,0.0235531647,0.0215750074,-0.0366131949,-0.135641459,-0.0838822126,0.00110189557,0.00030131476,0.3,0.3,-0.3,-0.251201452,-0.00988465548,0.00188425317,0.0215750074,0.135641459,0.00110189557,0.3,-0.00988465548,0.3,-0.0366131949,-0.0838822126,0.00030131476,0.3,-0.251201452,0.00188425317
481,17390158,0.26954788,-0.457418233,-0.118792862,0.0536407754,0.0138265388,0.0037222486,-0.502298176,-0.227680564,-62.1890068,-0.340917736,-0.123460479,0.0235678386,0.0215638304,-0.0365934587,-0.135637859,-0.0839077674,0.0011061231,0.000297779888,0.3,0.3,-0.3,-0.25113766,-0.00987683833,0.00188542709,0.0215638304,0.135637859,0.0011061231,0.3,-0.00987683833,0.3,-0.0365934587,-0.0839077674,0.000297779888,0.3,-0.25113766,0.00188542709
482,17408211,0.269281805,-0.45745182,-0.118798211,0.0536166094,0.0139079485,0.00382675533,-0.502084672,-0.227867648,-62.2075005,-0.340466022,-0.12313363,0.0240542404,0.0215425444,-0.0365961456,-0.135639463,-0.0839150172,0.00111263588,0.000306140427,0.3,0.3,-0.3,-0.251069903,-0.00985069036,0.00192433923,0.0215425444,0.135639463,0.00111263588,0.3,-0.00985069036,0.3,-0.0365961456,-0.0839150172,0.000306140427,0.3,-0.251069903,0.00192433923
483,17425416,0.269251168,-0.457449436,-0.118878894,0.0534692816,0.0139277205,0.00389178935,-0.502137542,-0.22814627,-62.2252083,-0.34008953,-0.122991502,0.0245299805,0.0215400934,-0.0365959549,-0.135663668,-0.0839592155,0.00111421764,0.000311343148,0.3,0.3,-0.3,-0.251013429,-0.00983932018,0.00196239844,0.0215400934,0.135663668,0.00111421764,0.3,-0.00983932018,0.3,-0.0365959549,-0.0839592155,0.000311343148,0.3,-0.251013429,0.00196239844
484,17449444,0.269398332,-0.457324177,-0.118879437,0.0532212965,0.0140029993,0.00392799173,-0.502532721,-0.228697494,-62.2425041,-0.33968088,-0.122782528,0.0250191633,0.0215518665,-0.0365859342,-0.135663831,-0.084033611,0.00112023994,0.000314239338,0.3,0.3,-0.3,-0.250952132,-0.00982260227,0.00200153306,0.0215518665,0.135663831,0.00112023994,0.3,-0.00982260227,0.3,-0.0365859342,-0.084033611,0.000314239338,0.3,-0.250952132,0.00200153306
485,17468797,0.269495785,-0.457239121,-0.118575536,0.053348247,0.0140850516,0.00389552466,-0.50242734,-0.228426293,-62.259182,-0.339407295,-0.122818552,0.0252973605,0.0215596628,-0.0365791297,-0.135572661,-0.0839955259,0.00112680413,0.000311641973,0.3,0.3,-0.3,-0.250911094,-0.00982548416,0.00202378884,0.0215596628,0.135572661,0.00112680413,0.3,-0.00982548416,0.3,-0.0365791297,-0.0839955259,0.000311641973,0.3,-0.250911094,0.00202378884
486,17489167,0.269414753,-0.457314253,-0.118521176,0.0537712052,0.013986459,0.00376374531,-0.501929462,-0.22763209,-62.2750511,-0.339375019,-0.122926563,0.0259367805,0.0215531802,-0.0365851402,-0.135556353,-0.0838686384,0.00111891672,0.000301099624,0.3,0.3,-0.3,-0.250906253,-0.00983412504,0.00207494244,0.0215531802,0.135556353,0.00111891672,0.3,-0.00983412504,0.3,-0.0365851402,-0.0838686384,0.000301099624,0.3,-0.250906253,0.00207494244
487,17515502,0.269521683,-0.457093507,-0.118596569,0.0540156439,0.0138750691,0.00359333563,-0.501731038,-0.22692208,-62.2901688,-0.339270115,-0.123154268,0.0259867087,0.0215617347,-0.0365674806,-0.135578971,-0.0837953068,0.00111000553,0.00028746685,0.3,0.3,-0.3,-0.250890517,-0.00985234141,0.0020789367,0.0215617347,0.135578971,0.00111000553,0.3,-0.00985234141,0.3,-0.0365674806,-0.0837953068,0.00028746685,0.3,-0.250890517,0.0020789367
488,17526737,0.26969412,-0.456767589,-0.118710518,0.0537911691,0.0138197513,0.00356187229,-0.501858413,-0.226889789,-62.305069,-0.33911401,-0.123357795,0.0258895271,0.0215755296,-0.0365414071,-0.135613155,-0.0838626493,0.00110558011,0.000284949783,0.3,0.3,-0.3,-0.250867102,-0.00986862361,0.00207116216,0.0215755296,0.135613155,0.00110558011,0.3,-0.00986862361,0.3,-0.0365414071,-0.0838626493,0.000284949783,0.3,-0.250867102,0.00207116216
489,17546554,0.26983428,-0.456315637,-0.118840933,0.0535969101,0.0137403887,0.00346182426,-0.501965523,-0.227196589,-62.3196564,-0.338916481,-0.123380363,0.025517486,0.0215867424,-0.0365052509,-0.13565228,-0.083920927,0.00109923109,0.000276945941,0.3,0.3,-0.3,-0.250837472,-0.00987042904,0.00204139888,0.0215867424,0.13565228,0.00109923109,0.3,-0.00987042904,0.3,-0.0365052509,-0.083920927,0.000276945941,0.3,-0.250837472,0.00204139888
490,17579216,0.269901186,-0.456054896,-0.118906252,0.0535351448,0.0137009285,0.00331701036,-0.502040863,-0.227469027,-62.3337746,-0.338728905,-0.123324044,0.0254528206,0.0215920949,-0.0364843917,-0.135671876,-0.0839394566,0.00109607428,0.000265360828,0.3,0.3,-0.3,-0.250809336,-0.00986592352,0.00203622565,0.0215920949,0.135671876,0.00109607428,0.3,-0.00986592352,0.3,-0.0364843917,-0.0839394566,0.000265360828,0.3,-0.250809336,0.00203622565
491,17587198,0.269707173,-0.456160337,-0.118874669,0.0533633195,0.0139097963,0.00349921919,-0.50215137,-0.227960229,-62.3476791,-0.338452935,-0.122938156,0.0257383529,0.0215765738,-0.0364928269,-0.135662401,-0.0839910042,0.0011127837,0.000279937536,0.3,0.3,-0.3,-0.25076794,-0.00983505249,0.00205906823,0.0215765738,0.135662401,0.0011127837,0.3,-0.00983505249,0.3,-0.0364928269,-0.0839910042,0.000279937536,0.3,-0.25076794,0.00205906823
492,17608229,0.269680738,-0.456333071,-0.118973397,0.0529445596,0.0140817137,0.00374897057,-0.502693057,-0.228902355,-62.3612747,-0.338133246,-0.122649342,0.0261290148,0.0215744591,-0.0365066457,-0.135692019,-0.0841166321,0.0011265371,0.000299917646,0.3,0.3,-0.3,-0.250719987,-0.00981194735,0.00209032118,0.0215744591,0.135692019,0.0011265371,0.3,-0.00981194735,0.3,-0.0365066457,-0.0841166321,0.000299917646,0.3,-0.250719987,0.00209032118
493,17626862,0.269645214,-0.4566347,-0.118875623,0.0530566759,0.0142278727,0.00384590798,-0.502898693,-0.229182273,-62.3745613,-0.337973177,-0.122456945,0.0266203266,0.0215716171,-0.036530776,-0.135662687,-0.0840829972,0.00113822982,0.000307672638,0.3,0.3,-0.3,-0.250695977,-0.00979655564,0.00212962613,0.0215716171,0.135662687,0.00113822982,0.3,-0.00979655564,0.3,-0.036530776,-0.0840829972,0.000307672638,0.3,-0.250695977,0.00212962613
494,17649197,0.269839346,-0.456873655,-0.118780173,0.0530514009,0.0143443244,0.00397799164,-0.50322175,-0.229332566,-62.3873253,-0.337825954,-0.122422755,0.0270712748,0.0215871477,-0.0365498924,-0.135634052,-0.0840845797,0.00114754595,0.000318239331,0.3,0.3,-0.3,-0.250673893,-0.00979382038,0.00216570199,0.0215871477,0.135634052,0.00114754595,0.3,-0.00979382038,0.3,-0.0365498924,-0.0840845797,0.000318239331,0.3,-0.250673893,0.00216570199
495,17666405,0.270183027,-0.456646442,-0.118870869,0.0530671291,0.0142728491,0.00385334739,-0.503606677,-0.229403585,-62.3998146,-0.337726146,-0.122563079,0.0270330906,0.0216146421,-0.0365317154,-0.135661261,-0.0840798613,0.00114182793,0.000308267791,0.3,0.3,-0.3,-0.250658922,-0.00980504632,0.00216264725,0.0216146421,0.135661261,0.00114182793,0.3,-0.00980504632,0.3,-0.0365317154,-0.0840798613,0.000308267791,0.3,-0.250658922,0.00216264725
496,17687982,0.270465761,-0.45641467,-0.118822671,0.0531138033,0.0142540904,0.00379530876,-0.503767014,-0.229373664,-62.4118576,-0.337692887,-0.12269628,0.026976509,0.0216372609,-0.0365131736,-0.135646801,-0.084065859,0.00114032723,0.000303624701,0.3,0.3,-0.3,-0.250653933,-0.00981570244,0.00215812072,0.0216372609,0.135646801,0.00114032723,0.3,-0.00981570244,0.3,-0.0365131736,-0.084065859,0.000303624701,0.3,-0.250653933,0.00215812072
497,17707322,0.270590007,-0.456350297,-0.118833221,0.0531277098,0.0142459059,0.00382302818,-0.503691912,-0.229431897,-62.4235344,-0.337660074,-0.122597158,0.0270605087,0.0216472006,-0.0365080237,-0.135649966,-0.0840616871,0.00113967247,0.000305842254,0.3,0.3,-0.3,-0.250649011,-0.00980777264,0.0021648407,0.0216472006,0.135649966,0.00113967247,0.3,-0.00980777264,0.3,-0.0365080237,-0.0840616871,0.000305842254,0.3,-0.250649011,0.0021648407
498,17727986,0.270514905,-0.456452221,-0.118812926,0.0532256141,0.0142801888,0.00385320489,-0.503463507,-0.229347467,-62.4348602,-0.337609649,-0.122435994,0.0272511914,0.0216411924,-0.0365161777,-0.135643878,-0.0840323158,0.00114241511,0.000308256391,0.3,0.3,-0.3,-0.250641447,-0.00979487956,0.00218009531,0.0216411924,0.135643878,0.00114241511,0.3,-0.00979487956,0.3,-0.0365161777,-0.0840323158,0.000308256391,0.3,-0.250641447,0.00218009531
499,17754040,0.270290732,-0.456715256,-0.118766584,0.0531995147,0.0143461796,0.00399994524,-0.503185093,-0.229291409,-62.4456902,-0.337539166,-0.122279346,0.0275074504,0.0216232586,-0.0365372205,-0.135629975,-0.0840401456,0.00114769436,0.000319995619,0.3,0.3,-0.3,-0.250630875,-0.00978234768,0.00220059603,0.0216232586,0.135629975,0.00114769436,0.3,-0.00978234768,0.3,-0.0365372205,-0.0840401456,0.000319995619,0.3,-0.250630875,0.00220059603
500,17765991,0.270090848,-0.456816375,-0.118807971,0.0532037728,0.0143167553,0.00397429336,-0.503008783,-0.229131162,-62.4562492,-0.33742696,-0.122259036,0.0276885908,0.0216072679,-0.03654531,-0.135642391,-0.0840388682,0.00114534043,0.000317943469,0.3,0.3,-0.3,-0.250614044,-0.00978072286,0.00221508726,0.0216072679,0.135642391,0.00114534043,0.3,-0.00978072286,0.3,-0.03654531,-0.0840388682,0.000317943469,0.3,-0.250614044,0.00221508726
501,17786259,0.269858927,-0.457421511,-0.118697412,0.0531003363,0.0144697782,0.00427555572,-0.502846181,-0.229263082,-62.4662895,-0.337406158,-0.122123316,0.0286248736,0.0215887141,-0.0365937209,-0.135609224,-0.0840698991,0.00115758225,0.000342044458,0.3,0.3,-0.3,-0.250610924,-0.00976986527,0.00228998989,0.0215887141,0.135609224,0.00115758225,0.3,-0.00976986527,0.3,-0.0365937209,-0.0840698991,0.000342044458,0.3,-0.250610924,0.00228998989
502,17805979,0.270029783,-0.457307637,-0.118615039,0.0533316433,0.0143569857,0.00406554993,-0.502896667,-0.228694901,-62.4759254,-0.337423474,-0.12253911,0.0285375677,0.0216023827,-0.0365846109,-0.135584512,-0.084000507,0.00114855886,0.000325243995,0.3,0.3,-0.3,-0.250613521,-0.00980312884,0.00228300542,0.0216023827,0.135584512,0.00114855886,0.3,-0.00980312884,0.3,-0.0365846109,-0.084000507,0.000325243995,0.3,-0.250613521,0.00228300542
503,17827738,0.27025035,-0.45695439,-0.118645057,0.0534616113,0.0142308306,0.00386043219,-0.503014147,-0.22832197,-62.4852257,-0.337411165,-0.122925378,0.0281434469,0.021620028,-0.0365563512,-0.135593517,-0.0839615166,0.00113846645,0.000308834575,0.3,0.3,-0.3,-0.250611675,-0.00983403027,0.00225147575,0.021620028,0.135593517,0.00113846645,0.3,-0.00983403027,0.3,-0.0365563512,-0.0839615166,0.000308834575,0.3,-0.250611675,0.00225147575
504,17858328,0.270350277,-0.456657141,-0.11867933,0.0534390472,0.0141598163,0.00378967426,-0.502944052,-0.228256285,-62.4940224,-0.337469399,-0.123018622,0.0278730411,0.0216280222,-0.0365325713,-0.135603799,-0.0839682858,0.00113278531,0.000303173941,0.3,0.3,-0.3,-0.25062041,-0.00984148979,0.00222984329,0.0216280222,0.135603799,0.00113278531,0.3,-0.00984148979,0.3,-0.0365325713,-0.0839682858,0.000303173941,0.3,-0.25062041,0.00222984329
505,17868288,0.270500779,-0.456238568,-0.118667558,0.0534750707,0.0141253285,0.00358202914,-0.50285393,-0.22804518,-62.5028458,-0.337466955,-0.123121284,0.0274434406,0.0216400623,-0.0364990854,-0.135600267,-0.0839574788,0.00113002628,0.000286562331,0.3,0.3,-0.3,-0.250620043,-0.00984970272,0.00219547525,0.0216400623,0.135600267,0.00113002628,0.3,-0.00984970272,0.3,-0.0364990854,-0.0839574788,0.000286562331,0.3,-0.250620043,0.00219547525
506,17888271,0.270444036,-0.456278622,-0.118721642,0.0532205887,0.014213182,0.00375350821,-0.502830744,-0.228439599,-62.5113144,-0.337381542,-0.122841306,0.0279574059,0.0216355228,-0.0365022898,-0.135616492,-0.0840338234,0.00113705456,0.000300280657,0.3,0.3,-0.3,-0.250607231,-0.00982730448,0.00223659247,0.0216355228,0.135616492,0.00113705456,0.3,-0.00982730448,0.3,-0.0365022898,-0.0840338234,0.000300280657,0.3,-0.250607231,0.00223659247
507,17906659,0.270197868,-0.45653072,-0.118726932,0.05339453,0.0142015442,0.00372562814,-0.502601624,-0.228277072,-62.5193253,-0.337383658,-0.122618824,0.0285900757,0.0216158295,-0.0365224576,-0.135618079,-0.083981641,0.00113612354,0.000298050251,0.3,0.3,-0.3,-0.250607549,-0.00980950594,0.00228720605,0.0216158295,0.135618079,0.00113612354,0.3,-0.00980950594,0.3,-0.0365224576,-0.083981641,0.000298050251,0.3,-0.250607549,0.00228720605
508,17928777,0.270135462,-0.456535399,-0.1187279,0.0534714162,0.0142186442,0.00369566772,-0.502660513,-0.228059664,-62.5271339,-0.33731249,-0.122693218,0.028552169,0.021610837,-0.0365228319,-0.13561837,-0.0839585751,0.00113749154,0.000295653418,0.3,0.3,-0.3,-0.250596873,-0.00981545746,0.00228417352,0.021610837,0.13561837,0.00113749154,0.3,-0.00981545746,0.3,-0.0365228319,-0.0839585751,0.000295653418,0.3,-0.250596873,0.00228417352
509,17946725,0.270255446,-0.456239939,-0.118872069,0.0533945709,0.014109306,0.00357798906,-0.502907515,-0.228169918,-62.5347176,-0.337246865,-0.122751094,0.0283374488,0.0216204357,-0.0364991951,-0.135661621,-0.0839816287,0.00112874448,0.000286239125,0.3,0.3,-0.3,-0.25058703,-0.00982008755,0.00226699591,0.0216204357,0.135661621,0.00112874448,0.3,-0.00982008755,0.3,-0.0364991951,-0.0839816287,0.000286239125,0.3,-0.25058703,0.00226699591
510,17969397,0.27043283,-0.455757052,-0.118828677,0.0534201376,0.0140684741,0.00336513971,-0.503026724,-0.228118449,-62.5422668,-0.33716473,-0.122945704,0.0276353229,0.0216346264,-0.0364605641,-0.135648603,-0.0839739587,0.00112547792,0.000269211177,0.3,0.3,-0.3,-0.250574709,-0.00983565629,0.00221082583,0.0216346264,0.135648603,0.00112547792,0.3,-0.00983565629,0.3,-0.0364605641,-0.0839739587,0.000269211177,0.3,-0.250574709,0.00221082583
511,17992168,0.270498365,-0.455535233,-0.118748516,0.0533106104,0.0141469827,0.0034009018,-0.502971351,-0.228242636,-62.5496864,-0.337029427,-0.122981027,0.0272835307,0.0216398692,-0.0364428186,-0.135624555,-0.0840068169,0.00113175862,0.000272072144,0.3,0.3,-0.3,-0.250554414,-0.00983848214,0.00218268245,0.0216398692,0.135624555,0.00113175862,0.3,-0.00983848214,0.3,-0.0364428186,-0.0840068169,0.000272072144,0.3,-0.250554414,0.00218268245
512,18006187,0.270333797,-0.45564878,-0.118760675,0.053298492,0.0142169278,0.00347545603,-0.502767742,-0.228449479,-62.5568199,-0.336849391,-0.122753769,0.0273911804,0.0216267037,-0.0364519024,-0.135628203,-0.0840104524,0.00113735422,0.000278036483,0.3,0.3,-0.3,-0.250527409,-0.00982030153,0.00219129443,0.0216267037,0.135628203,0.00113735422,0.3,-0.00982030153,0.3,-0.0364519024,-0.0840104524,0.000278036483,0.3,-0.250527409,0.00219129443
513,18030163,0.270275921,-0.455770701,-0.118746161,0.05313842,0.0143396463,0.00358957355,-0.502881289,-0.228722319,-62.5638123,-0.336609751,-0.122707509,0.0271872021,0.0216220737,-0.0364616561,-0.135623848,-0.084058474,0.00114717171,0.000287165884,0.3,0.3,-0.3,-0.250491463,-0.00981660068,0.00217497617,0.0216220737,0.135623848,0.00114717171,0.3,-0.00981660068,0.3,-0.0364616561,-0.084058474,0.000287165884,0.3,-0.250491463,0.00217497617
514,18048904,0.270264953,-0.455829591,-0.118826531,0.0530424304,0.0143557303,0.00363272754,-0.503025234,-0.229013875,-62.5706482,-0.336400598,-0.122550741,0.0272846241,0.0216211963,-0.0364663672,-0.135647959,-0.0840872709,0.00114845842,0.000290618204,0.3,0.3,-0.3,-0.25046009,-0.00980405927,0.00218276992,0.0216211963,0.135647959,0.00114845842,0.3,-0.00980405927,0.3,-0.0364663672,-0.0840872709,0.000290618204,0.3,-0.25046009,0.00218276992
515,18067301,0.270141751,-0.456072867,-0.118806943,0.0530642569,0.0144456215,0.00373055669,-0.502980947,-0.22920756,-62.5772552,-0.336227924,-0.122248411,0.027691476,0.02161134,-0.0364858294,-0.135642083,-0.0840807229,0.00115564972,0.000298444536,0.3,0.3,-0.3,-0.250434189,-0.00977987289,0.00221531808,0.02161134,0.135642083,0.00115564972,0.3,-0.00977987289,0.3,-0.0364858294,-0.0840807229,0.000298444536,0.3,-0.250434189,0.00221531808
516,18088806,0.270135224,-0.456120461,-0.11873889,0.0532337688,0.0144288214,0.00368102873,-0.502973258,-0.22894834,-62.5836029,-0.336175442,-0.122374773,0.0278082546,0.0216108179,-0.0364896369,-0.135621667,-0.0840298694,0.00115430571,0.000294482298,0.3,0.3,-0.3,-0.250426316,-0.00978998184,0.00222466037,0.0216108179,0.135621667,0.00115430571,0.3,-0.00978998184,0.3,-0.0364896369,-0.0840298694,0.000294482298,0.3,-0.250426316,0.00222466037
517,18108456,0.270383,-0.455902249,-0.11879988,0.0530378036,0.0144042997,0.00365219917,-0.503385842,-0.229127303,-62.5898552,-0.336080909,-0.122559831,0.0277758129,0.02163064,-0.0364721799,-0.135639964,-0.0840886589,0.00115234397,0.000292175934,0.3,0.3,-0.3,-0.250412136,-0.00980478644,0.00222206503,0.02163064,0.135639964,0.00115234397,0.3,-0.00980478644,0.3,-0.0364721799,-0.0840886589,0.000292175934,0.3,-0.250412136,0.00222206503
518,18128339,0.270550549,-0.455427796,-0.118774988,0.053343717,0.0142071666,0.00328310113,-0.503338516,-0.228590637,-62.5957642,-0.33609432,-0.122869968,0.0275690686,0.0216440439,-0.0364342237,-0.135632496,-0.0839968849,0.00113657333,0.000262648091,0.3,0.3,-0.3,-0.250414148,-0.00982959747,0.00220552549,0.0216440439,0.135632496,0.00113657333,0.3,-0.00982959747,0.3,-0.0364342237,-0.0839968849,0.000262648091,0.3,-0.250414148,0.00220552549
519,18149577,0.270636231,-0.455114692,-0.118922666,0.0531119257,0.0141595257,0.00329270307,-0.503447473,-0.228901938,-62.6016502,-0.33607769,-0.122900084,0.027596496,0.0216508985,-0.0364091754,-0.1356768,-0.0840664223,0.00113276206,0.000263416246,0.3,0.3,-0.3,-0.250411654,-0.00983200669,0.00220771968,0.0216508985,0.1356768,0.00113276206,0.3,-0.00983200669,0.3,-0.0364091754,-0.0840664223,0.000263416246,0.3,-0.250411654,0.00220771968
520,18165652,0.270582378,-0.454894722,-0.118781172,0.053230498,0.0141460411,0.00322611304,-0.503110945,-0.228683978,-62.6072006,-0.336165756,-0.122846834,0.0276765283,0.0216465902,-0.0363915777,-0.135634352,-0.0840308506,0.00113168329,0.000258089043,0.3,0.3,-0.3,-0.250424863,-0.00982774675,0.00221412227,0.0216465902,0.135634352,0.00113168329,0.3,-0.00982774675,0.3,-0.0363915777,-0.0840308506,0.000258089043,0.3,-0.250424863,0.00221412227
521,18190416,0.270642996,-0.454963624,-0.118863992,0.0528147072,0.0142592434,0.00339711714,-0.503494382,-0.229449213,-62.6126976,-0.336069196,-0.122646838,0.0278759636,0.0216514397,-0.03639709,-0.135659198,-0.0841555879,0.00114073947,0.000271769371,0.3,0.3,-0.3,-0.250410379,-0.00981174707,0.00223007709,0.0216514397,0.135659198,0.00114073947,0.3,-0.00981174707,0.3,-0.03639709,-0.0841555879,0.000271769371,0.3,-0.250410379,0.00223007709
522,18205693,0.270684153,-0.454925567,-0.118864141,0.0526710153,0.0143303899,0.00340148993,-0.503747344,-0.229876131,-62.6182899,-0.335937023,-0.12246199,0.0280506983,0.0216547322,-0.0363940454,-0.135659242,-0.0841986954,0.00114643119,0.000272119194,0.3,0.3,-0.3,-0.250390553,-0.00979695916,0.00224405587,0.0216547322,0.135659242,0.00114643119,0.3,-0.00979695916,0.3,-0.0363940454,-0.0841986954,0.000272119194,0.3,-0.250390553,0.00224405587
523,18227997,0.270520031,-0.455299228,-0.118806697,0.0526856184,0.0144928358,0.00363193243,-0.503678858,-0.230249882,-62.6235466,-0.335833073,-0.122140482,0.0284344237,0.0216416025,-0.0364239383,-0.135642009,-0.0841943145,0.00115942687,0.000290554594,0.3,0.3,-0.3,-0.250374961,-0.00977123857,0.0022747539,0.0216416025,0.135642009,0.00115942687,0.3,-0.00977123857,0.3,-0.0364239383,-0.0841943145,0.000290554594,0.3,-0.250374961,0.0022747539
524,18253020,0.270540714,-0.455397248,-0.118667856,0.0529781803,0.0144892056,0.00356575055,-0.503452361,-0.229737639,-62.6286278,-0.335810214,-0.122266218,0.0284064133,0.0216432571,-0.0364317799,-0.135600357,-0.0841065459,0.00115913644,0.000285260044,0.3,0.3,-0.3,-0.250371532,-0.00978129745,0.00227251306,0.0216432571,0.135600357,0.00115913644,0.3,-0.00978129745,0.3,-0.0364317799,-0.0841065459,0.000285260044,0.3,-0.250371532,0.00227251306
525,18266140,0.27071473,-0.455388248,-0.118621483,0.0528217368,0.0145871481,0.00366288563,-0.503664732,-0.229769662,-62.6337128,-0.33564043,-0.122412592,0.0279660691,0.0216571784,-0.0364310598,-0.135586445,-0.084153479,0.00116697185,0.000293030851,0.3,0.3,-0.3,-0.250346065,-0.00979300737,0.00223728552,0.0216571784,0.135586445,0.00116697185,0.3,-0.00979300737,0.3,-0.0364310598,-0.084153479,0.000293030851,0.3,-0.250346065,0.00223728552
526,18286454,0.270665586,-0.455508798,-0.118540883,0.0529515967,0.0145671172,0.00368752144,-0.503377676,-0.229481235,-62.6385994,-0.335582525,-0.122447424,0.0280021355,0.0216532469,-0.0364407039,-0.135562265,-0.084114521,0.00116536938,0.000295001715,0.3,0.3,-0.3,-0.250337379,-0.00979579389,0.00224017084,0.0216532469,0.135562265,0.00116536938,0.3,-0.00979579389,0.3,-0.0364407039,-0.084114521,0.000295001715,0.3,-0.250337379,0.00224017084
527,18306705,0.27059859,-0.455727339,-0.118601695,0.0529027358,0.0145647647,0.00380053162,-0.503267169,-0.229432046,-62.6433525,-0.335588843,-0.122465879,0.0282984823,0.0216478872,-0.0364581871,-0.135580508,-0.0841291793,0.00116518117,0.000304042529,0.3,0.3,-0.3,-0.250338326,-0.0097972703,0.00226387858,0.0216478872,0.135580508,0.00116518117,0.3,-0.0097972703,0.3,-0.0364581871,-0.0841291793,0.000304042529,0.3,-0.250338326,0.00226387858
528,18327534,0.270720869,-0.455493718,-0.118650362,0.0529482365,0.0144550595,0.00367149059,-0.503269434,-0.229218945,-62.6478767,-0.335585922,-0.122509614,0.0281486642,0.0216576695,-0.0364394975,-0.135595109,-0.0841155291,0.00115640476,0.000293719247,0.3,0.3,-0.3,-0.250337888,-0.00980076909,0.00225189313,0.0216576695,0.135595109,0.00115640476,0.3,-0.00980076909,0.3,-0.0364394975,-0.0841155291,0.000293719247,0.3,-0.250337888,0.00225189313
529,18346677,0.270754904,-0.455231309,-0.118786432,0.0528615937,0.0143639343,0.00355607877,-0.503457069,-0.229419827,-62.6522293,-0.335493386,-0.122408427,0.0280430727,0.0216603923,-0.0364185047,-0.13563593,-0.0841415219,0.00114911474,0.000284486301,0.3,0.3,-0.3,-0.250324008,-0.00979267418,0.00224344581,0.0216603923,0.13563593,0.00114911474,0.3,-0.00979267418,0.3,-0.0364185047,-0.0841415219,0.000284486301,0.3,-0.250324008,0.00224344581
530,18365970,0.270799726,-0.454825997,-0.118837625,0.052754093,0.0143455351,0.00340930349,-0.503647685,-0.229647994,-62.6566238,-0.335388988,-0.122337453,0.0276331473,0.0216639781,-0.0363860798,-0.135651287,-0.0841737721,0.00114764281,0.000272744279,0.3,0.3,-0.3,-0.250308348,-0.00978699625,0.00221065179,0.0216639781,0.135651287,0.00114764281,0.3,-0.00978699625,0.3,-0.0363860798,-0.0841737721,0.000272744279,0.3,-0.250308348,0.00221065179
531,18391632,0.270621628,-0.454526961,-0.118733123,0.0528438836,0.014443852,0.00333405775,-0.503456712,-0.229717776,-62.6608429,-0.33526516,-0.122183628,0.0271026287,0.0216497302,-0.0363621569,-0.135619937,-0.0841468349,0.00115550816,0.00026672462,0.3,0.3,-0.3,-0.250289774,-0.00977469027,0.0021682103,0.0216497302,0.135619937,0.00115550816,0.3,-0.00977469027,0.3,-0.0363621569,-0.0841468349,0.00026672462,0.3,-0.250289774,0.0021682103
532,18405356,0.270263284,-0.454662949,-0.118658841,0.053063795,0.0145017076,0.00332841184,-0.503052294,-0.2293991,-62.6648521,-0.335229635,-0.122093737,0.0273178965,0.0216210628,-0.0363730359,-0.135597652,-0.0840808615,0.00116013661,0.000266272947,0.3,0.3,-0.3,-0.250284445,-0.00976749897,0.00218543172,0.0216210628,0.135597652,0.00116013661,0.3,-0.00976749897,0.3,-0.0363730359,-0.0840808615,0.000266272947,0.3,-0.250284445,0.00218543172
533,18428334,0.270058483,-0.454944253,-0.118605658,0.0530312173,0.01462714,0.00349754794,-0.502941489,-0.229177922,-62.6687584,-0.335149854,-0.122129276,0.0276893713,0.0216046786,-0.0363955402,-0.135581698,-0.0840906348,0.0011701712,0.000279803835,0.3,0.3,-0.3,-0.250272478,-0.00977034211,0.0022151497,0.0216046786,0.135581698,0.0011701712,0.3,-0.00977034211,0.3,-0.0363955402,-0.0840906348,0.000279803835,0.3,-0.250272478,0.0022151497
534,18459183,0.269968212,-0.45519042,-0.118728273,0.0530172139,0.0146102412,0.00359391514,-0.502949893,-0.229183555,-62.6724396,-0.335075706,-0.122157797,0.0282081943,0.0215974569,-0.0364152336,-0.135618482,-0.0840948358,0.00116881929,0.000287513211,0.3,0.3,-0.3,-0.250261356,-0.00977262378,0.00225665554,0.0215974569,0.135618482,0.00116881929,0.3,-0.00977262378,0.3,-0.0364152336,-0.0840948358,0.000287513211,0.3,-0.250261356,0.00225665554
535,18465297,0.270166129,-0.454652667,-0.118789479,0.053039737,0.0145003768,0.00338068558,-0.503122985,-0.229102165,-62.6761017,-0.334926307,-0.122499987,0.0270715598,0.0216132903,-0.0363722134,-0.135636844,-0.0840880789,0.00116003014,0.000270454846,0.3,0.3,-0.3,-0.250238946,-0.009799999,0.00216572478,0.0216132903,0.135636844,0.00116003014,0.3,-0.009799999,0.3,-0.0363722134,-0.0840880789,0.000270454846,0.3,-0.250238946,0.00216572478
536,18486222,0.270242363,-0.454544663,-0.118730865,0.0528649427,0.0145335756,0.00339420931,-0.503186107,-0.229377493,-62.6797638,-0.334883064,-0.1223794,0.0269017685,0.0216193891,-0.0363635731,-0.13561926,-0.0841405172,0.00116268605,0.000271536745,0.3,0.3,-0.3,-0.25023246,-0.00979035199,0.00215214148,0.0216193891,0.13561926,0.00116268605,0.3,-0.00979035199,0.3,-0.0363635731,-0.0841405172,0.000271536745,0.3,-0.25023246,0.00215214148
537,18507624,0.270016998,-0.454822242,-0.118601494,0.052946765,0.0146653112,0.003511813,-0.502844036,-0.229380473,-62.6832886,-0.334783643,-0.121983685,0.0271701049,0.0216013598,-0.0363857794,-0.135580448,-0.0841159705,0.0011732249,0.00028094504,0.3,0.3,-0.3,-0.250217547,-0.00975869477,0.00217360839,0.0216013598,0.135580448,0.0011732249,0.3,-0.00975869477,0.3,-0.0363857794,-0.0841159705,0.00028094504,0.3,-0.250217547,0.00217360839
538,18527894,0.26980722,-0.455131024,-0.11866919,0.0529399924,0.0147490427,0.00363755925,-0.502765,-0.229351357,-62.6866341,-0.334638298,-0.121915206,0.0272526015,0.0215845776,-0.0364104819,-0.135600757,-0.0841180023,0.00117992342,0.00029100474,0.3,0.3,-0.3,-0.250195745,-0.00975321651,0.00218020812,0.0215845776,0.135600757,0.00117992342,0.3,-0.00975321651,0.3,-0.0364104819,-0.0841180023,0.00029100474,0.3,-0.250195745,0.00218020812
539,18546321,0.269566357,-0.455468088,-0.118843399,0.0529801622,0.0147334952,0.00374499406,-0.502800584,-0.229408607,-62.6898117,-0.334586054,-0.121763274,0.0279768296,0.0215653086,-0.0364374471,-0.13565302,-0.0841059513,0.00117867962,0.000299599525,0.3,0.3,-0.3,-0.250187908,-0.00974106193,0.00223814636,0.0215653086,0.13565302,0.00117867962,0.3,-0.00974106193,0.3,-0.0364374471,-0.0841059513,0.000299599525,0.3,-0.250187908,0.00223814636
540,18568289,0.269659489,-0.455434114,-0.118798085,0.0531649664,0.0146809965,0.00362316309,-0.502842307,-0.229003891,-62.6928902,-0.334558696,-0.121926613,0.027922146,0.0215727592,-0.0364347291,-0.135639425,-0.0840505101,0.00117447972,0.000289853048,0.3,0.3,-0.3,-0.250183804,-0.00975412905,0.00223377168,0.0215727592,0.135639425,0.00117447972,0.3,-0.00975412905,0.3,-0.0364347291,-0.0840505101,0.000289853048,0.3,-0.250183804,0.00223377168
541,18586305,0.269794732,-0.455173403,-0.118809588,0.0532446764,0.0145999128,0.00347915571,-0.502818644,-0.228735983,-62.6958275,-0.334531397,-0.122203834,0.0274261758,0.0215835786,-0.0364138722,-0.135642876,-0.0840265971,0.00116799302,0.000278332457,0.3,0.3,-0.3,-0.250179709,-0.00977630675,0.00219409406,0.0215835786,0.135642876,0.00116799302,0.3,-0.00977630675,0.3,-0.0364138722,-0.0840265971,0.000278332457,0.3,-0.250179709,0.00219409406
542,18611597,0.26991415,-0.454935133,-0.118805334,0.0531224757,0.0145735936,0.0034047456,-0.502914429,-0.228789315,-62.6986732,-0.334534794,-0.122341216,0.0272888113,0.021593132,-0.0363948107,-0.1356416,-0.0840632573,0.00116588749,0.000272379648,0.3,0.3,-0.3,-0.250180219,-0.00978729725,0.0021831049,0.021593132,0.1356416,0.00116588749,0.3,-0.00978729725,0.3,-0.0363948107,-0.0840632573,0.000272379648,0.3,-0.250180219,0.0021831049
543,18629320,0.270011365,-0.454801261,-0.118768491,0.0529800579,0.0146313505,0.00340773165,-0.503045201,-0.228947148,-62.7015343,-0.334526092,-0.122409508,0.0271720551,0.0216009092,-0.0363841009,-0.135630547,-0.0841059826,0.00117050804,0.000272618532,0.3,0.3,-0.3,-0.250178914,-0.00979276061,0.00217376441,0.0216009092,0.135630547,0.00117050804,0.3,-0.00979276061,0.3,-0.0363841009,-0.0841059826,0.000272618532,0.3,-0.250178914,0.00217376441
544,18646919,0.269938886,-0.45477283,-0.118750438,0.0529652163,0.0146840736,0.0034383887,-0.502915204,-0.229040056,-62.7043343,-0.334469885,-0.122361027,0.0270141196,0.0215951109,-0.0363818264,-0.135625131,-0.0841104351,0.00117472589,0.000275071096,0.3,0.3,-0.3,-0.250170483,-0.00978888214,0.00216112956,0.0215951109,0.135625131,0.00117472589,0.3,-0.00978888214,0.3,-0.0363818264,-0.0841104351,0.000275071096,0.3,-0.250170483,0.00216112956
545,18666846,0.269896954,-0.454872489,-0.118762903,0.0528512299,0.0147404252,0.00353058591,-0.502990842,-0.229330838,-62.7070999,-0.334384531,-0.122178689,0.0272336546,0.0215917563,-0.0363897991,-0.135628871,-0.084144631,0.00117923401,0.000282446872,0.3,0.3,-0.3,-0.25015768,-0.00977429509,0.00217869237,0.0215917563,0.135628871,0.00117923401,0.3,-0.00977429509,0.3,-0.0363897991,-0.084144631,0.000282446872,0.3,-0.25015768,0.00217869237
546,18696128,0.270002097,-0.45489639,-0.11874833,0.0526951216,0.0147975991,0.00361776538,-0.50321877,-0.229674816,-62.7098846,-0.334249914,-0.122021019,0.0272884089,0.0216001678,-0.0363917112,-0.135624499,-0.0841914635,0.00118380792,0.000289421231,0.3,0.3,-0.3,-0.250137487,-0.00976168156,0.00218307272,0.0216001678,0.135624499,0.00118380792,0.3,-0.00976168156,0.3,-0.0363917112,-0.0841914635,0.000289421231,0.3,-0.250137487,0.00218307272
547,18709089,0.270014077,-0.454959512,-0.118780598,0.0527296327,0.0148006724,0.00363160064,-0.503273845,-0.229859427,-62.7125854,-0.334120721,-0.121850245,0.0273641422,0.0216011262,-0.0363967609,-0.135634179,-0.0841811102,0.00118405379,0.000290528052,0.3,0.3,-0.3,-0.250118108,-0.00974801958,0.00218913138,0.0216011262,0.135634179,0.00118405379,0.3,-0.00974801958,0.3,-0.0363967609,-0.0841811102,0.000290528052,0.3,-0.250118108,0.00218913138
548,18727859,0.270109951,-0.454911172,-0.118790306,0.0526878498,0.0148149636,0.00362278381,-0.50349319,-0.230024695,-62.7151909,-0.334018081,-0.121838778,0.0272986554,0.0216087961,-0.0363928938,-0.135637092,-0.084193645,0.00118519709,0.000289822705,0.3,0.3,-0.3,-0.250102712,-0.00974710226,0.00218389243,0.0216087961,0.135637092,0.00118519709,0.3,-0.00974710226,0.3,-0.0363928938,-0.084193645,0.000289822705,0.3,-0.250102712,0.00218389243
549,18746455,0.270175099,-0.45493257,-0.118807413,0.0527768694,0.0147947911,0.0035727045,-0.503586829,-0.229962051,-62.7178116,-0.334003448,-0.121813133,0.027505368,0.0216140079,-0.0363946056,-0.135642224,-0.0841669392,0.00118358329,0.00028581636,0.3,0.3,-0.3,-0.250100517,-0.00974505067,0.00220042944,0.0216140079,0.135642224,0.00118358329,0.3,-0.00974505067,0.3,-0.0363946056,-0.0841669392,0.00028581636,0.3,-0.250100517,0.00220042944
550,18774772,0.270193458,-0.454835743,-0.118821703,0.0529817864,0.014732467,0.00347008323,-0.50349772,-0.229637653,-62.7201614,-0.333990365,-0.121928908,0.0274786092,0.0216154766,-0.0363868594,-0.135646511,-0.0841054641,0.00117859736,0.000277606659,0.3,0.3,-0.3,-0.250098555,-0.00975431263,0.00219828874,0.0216154766,0.135646511,0.00117859736,0.3,-0.00975431263,0.3,-0.0363868594,-0.0841054641,0.000277606659,0.3,-0.250098555,0.00219828874
551,18787409,0.270371079,-0.45449239,-0.118922718,0.0529114008,0.0146271288,0.00333229592,-0.503722012,-0.229532689,-62.7225914,-0.33401078,-0.122227505,0.0273135081,0.0216296864,-0.0363593912,-0.135676815,-0.0841265798,0.00117017031,0.000266583674,0.3,0.3,-0.3,-0.250101617,-0.00977820039,0.00218508065,0.0216296864,0.135676815,0.00117017031,0.3,-0.00977820039,0.3,-0.0363593912,-0.0841265798,0.000266583674,0.3,-0.250101617,0.00218508065
552,18809798,0.270560294,-0.453790069,-0.118908823,0.0529646762,0.014527333,0.00306966272,-0.503788471,-0.22939615,-62.7249641,-0.33396399,-0.122493558,0.0263330042,0.0216448236,-0.0363032055,-0.135672647,-0.0841105971,0.00116218664,0.000245573018,0.3,0.3,-0.3,-0.250094599,-0.00979948461,0.00210664034,0.0216448236,0.135672647,0.00116218664,0.3,-0.00979948461,0.3,-0.0363032055,-0.0841105971,0.000245573018,0.3,-0.250094599,0.00210664034
553,18830174,0.270394504,-0.453818589,-0.118657373,0.0528997406,0.0146834813,0.00318718841,-0.503401816,-0.229407057,-62.7273102,-0.333949327,-0.122368865,0.0262229014,0.0216315603,-0.0363054872,-0.135597212,-0.0841300778,0.0011746785,0.000254975073,0.3,0.3,-0.3,-0.250092399,-0.00978950918,0.00209783211,0.0216315603,0.135597212,0.0011746785,0.3,-0.00978950918,0.3,-0.0363054872,-0.0841300778,0.000254975073,0.3,-0.250092399,0.00209783211
554,18849133,0.270105988,-0.454193354,-0.118681341,0.0529160276,0.0146900434,0.00330923987,-0.503095567,-0.229285061,-62.7294998,-0.334058762,-0.122109897,0.0271684006,0.021608479,-0.0363354683,-0.135604402,-0.0841251917,0.00117520347,0.000264739189,0.3,0.3,-0.3,-0.250108814,-0.00976879179,0.00217347205,0.021608479,0.135604402,0.00117520347,0.3,-0.00976879179,0.3,-0.0363354683,-0.0841251917,0.000264739189,0.3,-0.250108814,0.00217347205
555,18875862,0.269981176,-0.454041392,-0.118719146,0.0530828387,0.0146308234,0.00320047326,-0.502899468,-0.228915051,-62.7313347,-0.334034353,-0.122093767,0.0266730245,0.0215984941,-0.0363233113,-0.135615744,-0.0840751484,0.00117046587,0.000256037861,0.3,0.3,-0.3,-0.250105153,-0.00976750135,0.00213384196,0.0215984941,0.135615744,0.00117046587,0.3,-0.00976750135,0.3,-0.0363233113,-0.0840751484,0.000256037861,0.3,-0.250105153,0.00213384196
556,18890745,0.269831687,-0.453752726,-0.118707232,0.053009782,0.0146304062,0.00314353709,-0.502891064,-0.228865921,-62.733242,-0.333935201,-0.122127287,0.0259190984,0.021586535,-0.0363002181,-0.13561217,-0.0840970654,0.00117043249,0.000251482967,0.3,0.3,-0.3,-0.25009028,-0.00977018297,0.00207352787,0.021586535,0.13561217,0.00117043249,0.3,-0.00977018297,0.3,-0.0363002181,-0.0840970654,0.000251482967,0.3,-0.25009028,0.00207352787
557,18907127,0.269742996,-0.453578204,-0.118697412,0.0530012846,0.014619343,0.00301436149,-0.502816558,-0.228846461,-62.7353859,-0.333878905,-0.121917307,0.0257288758,0.0215794396,-0.0362862563,-0.135609224,-0.0840996146,0.00116954744,0.000241148919,0.3,0.3,-0.3,-0.250081836,-0.00975338459,0.00205831006,0.0215794396,0.135609224,0.00116954744,0.3,-0.00975338459,0.3,-0.0362862563,-0.0840996146,0.000241148919,0.3,-0.250081836,0.00205831006
558,18927464,0.26971525,-0.453445464,-0.118819855,0.0529520959,0.0145795429,0.00295273121,-0.502803624,-0.228833541,-62.7373619,-0.333792776,-0.12187352,0.025887154,0.02157722,-0.0362756371,-0.135645957,-0.0841143712,0.00116636343,0.000236218497,0.3,0.3,-0.3,-0.250068916,-0.00974988163,0.00207097232,0.02157722,0.135645957,0.00116636343,0.3,-0.00974988163,0.3,-0.0362756371,-0.0841143712,0.000236218497,0.3,-0.250068916,0.00207097232
559,18948905,0.269417763,-0.453525007,-0.118837222,0.0531201251,0.0146349631,0.00301741087,-0.502476394,-0.228668898,-62.7391167,-0.333717227,-0.121741034,0.0260152724,0.021553421,-0.0362820005,-0.135651167,-0.0840639625,0.00117079705,0.00024139287,0.3,0.3,-0.3,-0.250057584,-0.00973928273,0.00208122179,0.021553421,0.135651167,0.00117079705,0.3,-0.00973928273,0.3,-0.0362820005,-0.0840639625,0.00024139287,0.3,-0.250057584,0.00208122179
560,18972690,0.269450456,-0.453337252,-0.11873927,0.0530717298,0.0146664595,0.00294912606,-0.502588332,-0.228570819,-62.7408257,-0.333558589,-0.121925101,0.0254465044,0.0215560365,-0.0362669802,-0.135621781,-0.084078481,0.00117331676,0.000235930085,0.3,0.3,-0.3,-0.250033788,-0.00975400805,0.00203572035,0.0215560365,0.135621781,0.00117331676,0.3,-0.00975400805,0.3,-0.0362669802,-0.084078481,0.000235930085,0.3,-0.250033788,0.00203572035
561,18985919,0.269486457,-0.453263551,-0.118896857,0.0530182607,0.0145936031,0.00282103452,-0.502838671,-0.228672311,-62.7427826,-0.333520979,-0.121952906,0.0254959092,0.0215589166,-0.0362610841,-0.135669057,-0.0840945218,0.00116748825,0.000225682762,0.3,0.3,-0.3,-0.250028147,-0.0097562325,0.00203967273,0.0215589166,0.135669057,0.00116748825,0.3,-0.0097562325,0.3,-0.0362610841,-0.0840945218,0.000225682762,0.3,-0.250028147,0.00203967273
562,19012559,0.269225359,-0.453891248,-0.118787944,0.0532714725,0.0147091039,0.0030462367,-0.502342463,-0.228415683,-62.7442017,-0.333613664,-0.121616766,0.0267004091,0.0215380287,-0.0363112998,-0.135636383,-0.0840185583,0.00117672831,0.000243698936,0.3,0.3,-0.3,-0.25004205,-0.00972934127,0.00213603273,0.0215380287,0.135636383,0.00117672831,0.3,-0.00972934127,0.3,-0.0363112998,-0.0840185583,0.000243698936,0.3,-0.25004205,0.00213603273
563,19025366,0.269399375,-0.45390445,-0.119092897,0.053158585,0.0145735871,0.00301940832,-0.502703369,-0.228403971,-62.7455444,-0.333625585,-0.121842064,0.027040476,0.02155195,-0.036312356,-0.135727869,-0.0840524245,0.00116588697,0.000241552666,0.3,0.3,-0.3,-0.250043838,-0.00974736512,0.00216323808,0.02155195,0.135727869,0.00116588697,0.3,-0.00974736512,0.3,-0.036312356,-0.0840524245,0.000241552666,0.3,-0.250043838,0.00216323808
564,19047417,0.269621909,-0.453960031,-0.119019896,0.0529586598,0.0146530112,0.00313259661,-0.502994895,-0.228640303,-62.7470512,-0.333662242,-0.12188486,0.0271374844,0.0215697527,-0.0363168025,-0.135705969,-0.0841124021,0.0011722409,0.000250607729,0.3,0.3,-0.3,-0.250049336,-0.00975078881,0.00217099875,0.0215697527,0.135705969,0.0011722409,0.3,-0.00975078881,0.3,-0.0363168025,-0.0841124021,0.000250607729,0.3,-0.250049336,0.00217099875
565,19072592,0.269844741,-0.453867495,-0.119108267,0.0530102141,0.0145139033,0.00301110512,-0.503275871,-0.228850603,-62.7485695,-0.333664805,-0.121914178,0.0267850515,0.0215875793,-0.0363093996,-0.13573248,-0.0840969358,0.00116111226,0.000240888409,0.3,0.3,-0.3,-0.250049721,-0.00975313425,0.00214280412,0.0215875793,0.13573248,0.00116111226,0.3,-0.00975313425,0.3,-0.0363093996,-0.0840969358,0.000240888409,0.3,-0.250049721,0.00214280412
566,19085429,0.270055413,-0.454022914,-0.119281717,0.0527608432,0.0145751564,0.00309185218,-0.503718019,-0.229668066,-62.7502251,-0.33366552,-0.121733256,0.0268276315,0.0216044331,-0.0363218331,-0.135784515,-0.084171747,0.00116601251,0.000247348174,0.3,0.3,-0.3,-0.250049828,-0.00973866045,0.00214621052,0.0216044331,0.135784515,0.00116601251,0.3,-0.00973866045,0.3,-0.0363218331,-0.084171747,0.000247348174,0.3,-0.250049828,0.00214621052
567,19106209,0.270286947,-0.453998744,-0.119209759,0.0525161847,0.0147342691,0.00323142088,-0.504201531,-0.230326861,-62.7520485,-0.333624333,-0.121555656,0.0269326027,0.0216229558,-0.0363198996,-0.135762928,-0.0842451446,0.00117874153,0.00025851367,0.3,0.3,-0.3,-0.25004365,-0.0097244525,0.00215460822,0.0216229558,0.135762928,0.00117874153,0.3,-0.0097244525,0.3,-0.0363198996,-0.0842451446,0.00025851367,0.3,-0.25004365,0.00215460822
568,19127810,0.270227432,-0.454128921,-0.118997633,0.0528043434,0.0147815384,0.00324091362,-0.503958523,-0.230002731,-62.7535858,-0.333686441,-0.121553555,0.0269924626,0.0216181946,-0.0363303137,-0.13569929,-0.084158697,0.00118252307,0.000259273089,0.3,0.3,-0.3,-0.250052966,-0.00972428441,0.00215939701,0.0216181946,0.13569929,0.00118252307,0.3,-0.00972428441,0.3,-0.0363303137,-0.084158697,0.000259273089,0.3,-0.250052966,0.00215939701
569,19146573,0.270270824,-0.453904867,-0.118975535,0.0530998819,0.0147001222,0.00302277901,-0.503813982,-0.229434937,-62.7550163,-0.333736002,-0.121922143,0.0263326839,0.021621666,-0.0363123894,-0.135692661,-0.0840700354,0.00117600977,0.000241822321,0.3,0.3,-0.3,-0.2500604,-0.00975377142,0.00210661471,0.021621666,0.135692661,0.00117600977,0.3,-0.00975377142,0.3,-0.0363123894,-0.0840700354,0.000241822321,0.3,-0.2500604,0.00210661471
570,19167264,0.27034387,-0.453602076,-0.118999243,0.0531959347,0.0146496417,0.00289562182,-0.503808081,-0.229119241,-62.7565536,-0.333738416,-0.122159392,0.0258205049,0.0216275096,-0.036288166,-0.135699773,-0.0840412196,0.00117197134,0.000231649745,0.3,0.3,-0.3,-0.250060762,-0.00977275133,0.00206564039,0.0216275096,0.135699773,0.00117197134,0.3,-0.00977275133,0.3,-0.036288166,-0.0840412196,0.000231649745,0.3,-0.250060762,0.00206564039
571,19190048,0.270161599,-0.45353508,-0.119004272,0.0532114729,0.014621513,0.002972082,-0.503353775,-0.229018837,-62.757946,-0.333769083,-0.122001432,0.0257565007,0.0216129279,-0.0362828064,-0.135701282,-0.0840365581,0.00116972104,0.00023776656,0.3,0.3,-0.3,-0.250065362,-0.00976011455,0.00206052005,0.0216129279,0.135701282,0.00116972104,0.3,-0.00976011455,0.3,-0.0362828064,-0.0840365581,0.00023776656,0.3,-0.250065362,0.00206052005
572,19208647,0.269969046,-0.453845173,-0.118981913,0.0529249497,0.0147360582,0.00323419296,-0.503124535,-0.229284808,-62.7592773,-0.333794564,-0.121801384,0.0261964519,0.0215975237,-0.0363076138,-0.135694574,-0.0841225151,0.00117888466,0.000258735437,0.3,0.3,-0.3,-0.250069185,-0.0097441107,0.00209571615,0.0215975237,0.135694574,0.00117888466,0.3,-0.0097441107,0.3,-0.0363076138,-0.0841225151,0.000258735437,0.3,-0.250069185,0.00209571615
573,19225886,0.269883245,-0.454203248,-0.119068772,0.0526643209,0.0148201985,0.00343326572,-0.503286898,-0.229789674,-62.7606926,-0.333703339,-0.121450216,0.0266900267,0.0215906596,-0.0363362598,-0.135720631,-0.0842007037,0.00118561588,0.000274661258,0.3,0.3,-0.3,-0.250055501,-0.00971601725,0.00213520214,0.0215906596,0.135720631,0.00118561588,0.3,-0.00971601725,0.3,-0.0363362598,-0.0842007037,0.000274661258,0.3,-0.250055501,0.00213520214
574,19248993,0.26970464,-0.454514772,-0.119025499,0.052892603,0.0147983488,0.00339624868,-0.503157675,-0.229616076,-62.7618675,-0.333637625,-0.121274181,0.0270786267,0.0215763712,-0.0363611817,-0.13570765,-0.0841322191,0.0011838679,0.000271699894,0.3,0.3,-0.3,-0.250045644,-0.00970193446,0.00216629013,0.0215763712,0.13570765,0.0011838679,0.3,-0.00970193446,0.3,-0.0363611817,-0.0841322191,0.000271699894,0.3,-0.250045644,0.00216629013
575,19266406,0.269801557,-0.454499066,-0.119009048,0.0527342632,0.0148791187,0.00346975448,-0.503486514,-0.229774415,-62.7633095,-0.333530277,-0.121427998,0.0266793631,0.0215841246,-0.0363599253,-0.135702714,-0.084179721,0.00119032949,0.000277580358,0.3,0.3,-0.3,-0.250029542,-0.00971423984,0.00213434905,0.0215841246,0.135702714,0.00119032949,0.3,-0.00971423984,0.3,-0.0363599253,-0.084179721,0.000277580358,0.3,-0.250029542,0.00213434905
576,19296092,0.269996226,-0.454296231,-0.119032755,0.0529389568,0.0147716347,0.00324275927,-0.50359726,-0.229516715,-62.7646866,-0.333568275,-0.121551737,0.0267824121,0.0215996981,-0.0363436985,-0.135709827,-0.084118313,0.00118173078,0.000259420741,0.3,0.3,-0.3,-0.250035241,-0.00972413898,0.00214259297,0.0215996981,0.135709827,0.00118173078,0.3,-0.00972413898,0.3,-0.0363436985,-0.084118313,0.000259420741,0.3,-0.250035241,0.00214259297
577,19305784,0.270073146,-0.454219967,-0.119036309,0.0530969724,0.0147411376,0.00316316774,-0.503553033,-0.229232669,-62.7657433,-0.33362636,-0.121684141,0.0269770101,0.0216058517,-0.0363375974,-0.135710893,-0.0840709083,0.00117929101,0.000253053419,0.3,0.3,-0.3,-0.250043954,-0.00973473132,0.00215816081,0.0216058517,0.135710893,0.00117929101,0.3,-0.00973473132,0.3,-0.0363375974,-0.0840709083,0.000253053419,0.3,-0.250043954,0.00215816081
578,19326582,0.270041764,-0.454136074,-0.119136073,0.0531759821,0.0146716489,0.0031250855,-0.503437281,-0.228930727,-62.7668076,-0.333737552,-0.121753819,0.0271567181,0.0216033411,-0.0363308859,-0.135740822,-0.0840472054,0.00117373191,0.00025000684,0.3,0.3,-0.3,-0.250060633,-0.00974030554,0.00217253745,0.0216033411,0.135740822,0.00117373191,0.3,-0.00974030554,0.3,-0.0363308859,-0.0840472054,0.00025000684,0.3,-0.250060633,0.00217253745
579,19352535,0.26994276,-0.453938067,-0.119081713,0.0532976873,0.0146301314,0.00306830765,-0.503157914,-0.228674054,-62.7675285,-0.333817422,-0.121774323,0.0266615953,0.0215954208,-0.0363150454,-0.135724514,-0.0840106938,0.00117041051,0.000245464612,0.3,0.3,-0.3,-0.250072613,-0.00974194586,0.00213292763,0.0215954208,0.135724514,0.00117041051,0.3,-0.00974194586,0.3,-0.0363150454,-0.0840106938,0.000245464612,0.3,-0.250072613,0.00213292763
580,19365706,0.270026177,-0.45370993,-0.11907348,0.0531566963,0.0146069406,0.00295791705,-0.503265321,-0.228676602,-62.7685966,-0.333828092,-0.121867396,0.0261029005,0.0216020942,-0.0362967944,-0.135722044,-0.0840529911,0.00116855524,0.000236633364,0.3,0.3,-0.3,-0.250074214,-0.00974939167,0.00208823204,0.0216020942,0.135722044,0.00116855524,0.3,-0.00974939167,0.3,-0.0362967944,-0.0840529911,0.000236633364,0.3,-0.250074214,0.00208823204
581,19386913,0.26989609,-0.45378238,-0.119073465,0.053093221,0.0146525223,0.00299943029,-0.503189981,-0.22875616,-62.7697258,-0.333841562,-0.121698767,0.026396079,0.0215916872,-0.0363025904,-0.13572204,-0.0840720337,0.00117220178,0.000239954423,0.3,0.3,-0.3,-0.250076234,-0.00973590136,0.00211168632,0.0215916872,0.13572204,0.00117220178,0.3,-0.00973590136,0.3,-0.0363025904,-0.0840720337,0.000239954423,0.3,-0.250076234,0.00211168632
582,19406269,0.269570798,-0.454161912,-0.118962124,0.0533296689,0.0147442827,0.00311917253,-0.502619863,-0.228441775,-62.7704506,-0.333889723,-0.121438079,0.0268263221,0.0215656638,-0.036332953,-0.135688637,-0.0840010993,0.00117954262,0.000249533802,0.3,0.3,-0.3,-0.250083458,-0.00971504629,0.00214610577,0.0215656638,0.135688637,0.00117954262,0.3,-0.00971504629,0.3,-0.036332953,-0.0840010993,0.000249533802,0.3,-0.250083458,0.00214610577
583,19427872,0.269375414,-0.454521298,-0.119066797,0.0532475598,0.0147944968,0.00330988201,-0.50250107,-0.228484079,-62.771183,-0.33384645,-0.121291243,0.0272463821,0.0215500331,-0.0363617039,-0.135720039,-0.0840257321,0.00118355975,0.000264790561,0.3,0.3,-0.3,-0.250076967,-0.0097032994,0.00217971057,0.0215500331,0.135720039,0.00118355975,0.3,-0.0097032994,0.3,-0.0363617039,-0.0840257321,0.000264790561,0.3,-0.250076967,0.00217971057
584,19447435,0.269511014,-0.454546303,-0.119075336,0.053206604,0.0147212129,0.00324565172,-0.502711952,-0.228331044,-62.7718124,-0.333906204,-0.121397667,0.0274482835,0.0215608811,-0.0363637042,-0.135722601,-0.0840380188,0.00117769703,0.000259652138,0.3,0.3,-0.3,-0.250085931,-0.00971181333,0.00219586268,0.0215608811,0.135722601,0.00117769703,0.3,-0.00971181333,0.3,-0.0363637042,-0.0840380188,0.000259652138,0.3,-0.250085931,0.00219586268
585,19467605,0.269582927,-0.454661727,-0.119067721,0.0533087477,0.0146587845,0.00316877081,-0.502729535,-0.228007019,-62.7724762,-0.333982408,-0.121462524,0.0277510881,0.0215666342,-0.0363729382,-0.135720316,-0.0840073757,0.00117270276,0.000253501665,0.3,0.3,-0.3,-0.250097361,-0.00971700191,0.00222008705,0.0215666342,0.135720316,0.00117270276,0.3,-0.00971700191,0.3,-0.0363729382,-0.0840073757,0.000253501665,0.3,-0.250097361,0.00222008705
586,19499456,0.269612402,-0.454674274,-0.119304605,0.0533435009,0.0145643251,0.00312362099,-0.502840102,-0.228022993,-62.7730141,-0.334055215,-0.121498398,0.0279672425,0.0215689921,-0.0363739419,-0.135791381,-0.0839969497,0.00116514601,0.000249889679,0.3,0.3,-0.3,-0.250108282,-0.00971987188,0.0022373794,0.0215689921,0.135791381,0.00116514601,0.3,-0.00971987188,0.3,-0.0363739419,-0.0839969497,0.000249889679,0.3,-0.250108282,0.0022373794
587,19507782,0.269801944,-0.454554141,-0.119350694,0.0533482395,0.0145042427,0.0030147112,-0.503094673,-0.228025198,-62.7735596,-0.334228367,-0.121637225,0.028286824,0.0215841556,-0.0363643312,-0.135805208,-0.0839955281,0.00116033942,0.000241176896,0.3,0.3,-0.3,-0.250134255,-0.00973097801,0.00226294592,0.0215841556,0.135805208,0.00116033942,0.3,-0.00973097801,0.3,-0.0363643312,-0.0839955281,0.000241176896,0.3,-0.250134255,0.00226294592
588,19526228,0.269981742,-0.454400301,-0.119202927,0.0534026548,0.0145360501,0.00298262341,-0.50316453,-0.227883622,-62.774044,-0.334374666,-0.121726237,0.0282282457,0.0215985394,-0.0363520241,-0.135760878,-0.0839792036,0.00116288401,0.000238609873,0.3,0.3,-0.3,-0.2501562,-0.00973809898,0.00225825965,0.0215985394,0.135760878,0.00116288401,0.3,-0.00973809898,0.3,-0.0363520241,-0.0839792036,0.000238609873,0.3,-0.2501562,0.00225825965
589,19548484,0.270242453,-0.454042107,-0.119303033,0.0531937778,0.0144413197,0.00285419868,-0.503494442,-0.22808598,-62.7746429,-0.334445387,-0.121977739,0.0279083438,0.0216193962,-0.0363233685,-0.13579091,-0.0840418667,0.00115530558,0.000228335895,0.3,0.3,-0.3,-0.250166808,-0.00975821912,0.00223266751,0.0216193962,0.13579091,0.00115530558,0.3,-0.00975821912,0.3,-0.0363233685,-0.0840418667,0.000228335895,0.3,-0.250166808,0.00223266751
590,19566759,0.27021572,-0.454096824,-0.119134136,0.0532466434,0.0145600652,0.00291117094,-0.503357828,-0.228103742,-62.7752533,-0.334581763,-0.12191432,0.0277966671,0.0216172576,-0.0363277459,-0.135740241,-0.084026007,0.00116480522,0.000232893676,0.3,0.3,-0.3,-0.250187264,-0.00975314558,0.00222373337,0.0216172576,0.135740241,0.00116480522,0.3,-0.00975314558,0.3,-0.0363277459,-0.084026007,0.000232893676,0.3,-0.250187264,0.00222373337
591,19592051,0.270241618,-0.4541201,-0.119021572,0.0533095449,0.0145884762,0.00292378943,-0.503178656,-0.227949232,-62.7757339,-0.3346349,-0.121887073,0.0276027676,0.0216193295,-0.036329608,-0.135706472,-0.0840071365,0.00116707809,0.000233903155,0.3,0.3,-0.3,-0.250195235,-0.00975096583,0.00220822141,0.0216193295,0.135706472,0.00116707809,0.3,-0.00975096583,0.3,-0.036329608,-0.0840071365,0.000233903155,0.3,-0.250195235,0.00220822141
592,19605399,0.270147353,-0.454257935,-0.119174108,0.0532276332,0.0145923961,0.00301688514,-0.50312674,-0.228176594,-62.7763557,-0.334595025,-0.121651381,0.0275340583,0.0216117883,-0.0363406348,-0.135752232,-0.08403171,0.00116739169,0.000241350811,0.3,0.3,-0.3,-0.250189254,-0.0097321105,0.00220272467,0.0216117883,0.135752232,0.00116739169,0.3,-0.0097321105,0.3,-0.0363406348,-0.08403171,0.000241350811,0.3,-0.250189254,0.00220272467
593,19628265,0.270058841,-0.454396099,-0.119242333,0.053146001,0.0146103203,0.00310858572,-0.503210485,-0.228454307,-62.7768707,-0.334540725,-0.121382982,0.0276066605,0.0216047072,-0.0363516879,-0.1357727,-0.0840561997,0.00116882563,0.000248686858,0.3,0.3,-0.3,-0.250181109,-0.00971063852,0.00220853284,0.0216047072,0.1357727,0.00116882563,0.3,-0.00971063852,0.3,-0.0363516879,-0.0840561997,0.000248686858,0.3,-0.250181109,0.00220853284
594,19647483,0.269847184,-0.454819232,-0.119127266,0.0532293804,0.0147461379,0.003270966,-0.503009439,-0.228385732,-62.7774391,-0.334530622,-0.12110357,0.02789874,0.0215877748,-0.0363855386,-0.13573818,-0.0840311859,0.00117969103,0.00026167728,0.3,0.3,-0.3,-0.250179593,-0.00968828559,0.0022318992,0.0215877748,0.13573818,0.00117969103,0.3,-0.00968828559,0.3,-0.0363855386,-0.0840311859,0.00026167728,0.3,-0.250179593,0.0022318992
595,19666622,0.269868106,-0.454899311,-0.119208001,0.0531877317,0.0147317089,0.00327387336,-0.503182054,-0.22837618,-62.7780647,-0.334463358,-0.121139064,0.0279495046,0.0215894485,-0.0363919449,-0.1357624,-0.0840436805,0.00117853671,0.000261909869,0.3,0.3,-0.3,-0.250169504,-0.00969112515,0.00223596036,0.0215894485,0.1357624,0.00117853671,0.3,-0.00969112515,0.3,-0.0363919449,-0.0840436805,0.000261909869,0.3,-0.250169504,0.00223596036
596,19691372,0.270001233,-0.454683512,-0.119400524,0.0531254523,0.0146328546,0.00316810003,-0.50358212,-0.228551582,-62.7787285,-0.334439307,-0.121300735,0.0278640632,0.0216000986,-0.036374681,-0.135820157,-0.0840623643,0.00117062837,0.000253448002,0.3,0.3,-0.3,-0.250165896,-0.00970405877,0.00222912505,0.0216000986,0.135820157,0.00117062837,0.3,-0.00970405877,0.3,-0.036374681,-0.0840623643,0.000253448002,0.3,-0.250165896,0.00222912505
597,19705300,0.270064592,-0.454535574,-0.119344205,0.0531588905,0.0146640996,0.00314967846,-0.503735304,-0.228650346,-62.7794189,-0.334476411,-0.121265829,0.0278053507,0.0216051674,-0.0363628459,-0.135803261,-0.0840523329,0.00117312796,0.000251974277,0.3,0.3,-0.3,-0.250171462,-0.00970126629,0.00222442806,0.0216051674,0.135803261,0.00117312796,0.3,-0.00970126629,0.3,-0.0363628459,-0.0840523329,0.000251974277,0.3,-0.250171462,0.00222442806
598,19728947,0.270105302,-0.45435971,-0.119337924,0.0531734414,0.0146665191,0.00307926117,-0.503858984,-0.2286966,-62.7801628,-0.334515125,-0.121220909,0.0277673379,0.0216084242,-0.0363487768,-0.135801377,-0.0840479676,0.00117332153,0.000246340893,0.3,0.3,-0.3,-0.250177269,-0.00969767272,0.00222138703,0.0216084242,0.135801377,0.00117332153,0.3,-0.00969767272,0.3,-0.0363487768,-0.0840479676,0.000246340893,0.3,-0.250177269,0.00222138703
599,19746355,0.270130783,-0.454302311,-0.11931549,0.053036727,0.0147177679,0.0031156023,-0.504023075,-0.228912428,-62.7808838,-0.334591806,-0.121122956,0.0279043037,0.0216104627,-0.0363441849,-0.135794647,-0.0840889819,0.00117742144,0.000249248184,0.3,0.3,-0.3,-0.250188771,-0.0096898365,0.0022323443,0.0216104627,0.135794647,0.00117742144,0.3,-0.0096898365,0.3,-0.0363441849,-0.0840889819,0.000249248184,0.3,-0.250188771,0.0022323443
600,19769615,0.270085543,-0.454232275,-0.119331822,0.0531211719,0.0147029301,0.00307956734,-0.504036129,-0.228987128,-62.7815132,-0.33463791,-0.121000029,0.027742967,0.0216068435,-0.036338582,-0.135799547,-0.0840636484,0.00117623441,0.000246365387,0.3,0.3,-0.3,-0.250195687,-0.00968000233,0.00221943736,0.0216068435,0.135799547,0.00117623441,0.3,-0.00968000233,0.3,-0.036338582,-0.0840636484,0.000246365387,0.3,-0.250195687,0.00221943736
601,19793012,0.270068973,-0.454189718,-0.119248807,0.0531599522,0.0147143621,0.00305237272,-0.50400275,-0.228864327,-62.782196,-0.334696501,-0.121037088,0.0276412722,0.0216055179,-0.0363351774,-0.135774642,-0.0840520144,0.00117714897,0.000244189817,0.3,0.3,-0.3,-0.250204475,-0.00968296707,0.00221130177,0.0216055179,0.135774642,0.00117714897,0.3,-0.00968296707,0.3,-0.0363351774,-0.0840520144,0.000244189817,0.3,-0.250204475,0.00221130177
602,19812352,0.270120293,-0.453926057,-0.119243853,0.0530659109,0.0147444159,0.00303053739,-0.504101813,-0.228929624,-62.7830009,-0.33466056,-0.121053107,0.0270718653,0.0216096234,-0.0363140845,-0.135773156,-0.0840802267,0.00117955327,0.000242442992,0.3,0.3,-0.3,-0.250199084,-0.00968424857,0.00216574922,0.0216096234,0.135773156,0.00117955327,0.3,-0.00968424857,0.3,-0.0363140845,-0.0840802267,0.000242442992,0.3,-0.250199084,0.00216574922
603,19826390,0.269997418,-0.453902006,-0.119127363,0.0530909523,0.0148270372,0.00305088842,-0.50385946,-0.228887305,-62.7837105,-0.334610283,-0.120973706,0.026749758,0.0215997934,-0.0363121605,-0.135738209,-0.0840727143,0.00118616298,0.000244071074,0.3,0.3,-0.3,-0.250191543,-0.0096778965,0.00213998064,0.0215997934,0.135738209,0.00118616298,0.3,-0.0096778965,0.3,-0.0363121605,-0.0840727143,0.000244071074,0.3,-0.250191543,0.00213998064
604,19847948,0.269975632,-0.453581929,-0.119293764,0.0531497858,0.0146863814,0.0028398193,-0.503941357,-0.228749394,-62.7844582,-0.334586024,-0.121086746,0.0264565777,0.0215980506,-0.0362865543,-0.135788129,-0.0840550642,0.00117491052,0.000227185544,0.3,0.3,-0.3,-0.250187904,-0.00968693972,0.00211652622,0.0215980506,0.135788129,0.00117491052,0.3,-0.00968693972,0.3,-0.0362865543,-0.0840550642,0.000227185544,0.3,-0.250187904,0.00211652622
605,19870645,0.269889683,-0.453277737,-0.11937698,0.0532609895,0.0145752197,0.0026717463,-0.503841341,-0.228491902,-62.7851219,-0.334599406,-0.121046036,0.0266283751,0.0215911746,-0.036262219,-0.135813094,-0.0840217032,0.00116601758,0.000213739704,0.3,0.3,-0.3,-0.250189911,-0.00968368292,0.00213027,0.0215911746,0.135813094,0.00116601758,0.3,-0.00968368292,0.3,-0.036262219,-0.0840217032,0.000213739704,0.3,-0.250189911,0.00213027
606,19886913,0.269787401,-0.453045696,-0.119339652,0.0531597771,0.0146152684,0.00274768448,-0.50376147,-0.228507727,-62.7857857,-0.334500998,-0.121104456,0.0264863856,0.0215829921,-0.0362436557,-0.135801896,-0.0840520669,0.00116922148,0.000219814759,0.3,0.3,-0.3,-0.25017515,-0.00968835652,0.00211891085,0.0215829921,0.135801896,0.00116922148,0.3,-0.00968835652,0.3,-0.0362436557,-0.0840520669,0.000219814759,0.3,-0.25017515,0.00211891085
607,19912601,0.269693255,-0.453193486,-0.119316228,0.0530797653,0.0146920225,0.0028122114,-0.503703594,-0.228723109,-62.7865562,-0.334478438,-0.120911442,0.0269230157,0.0215754604,-0.0362554789,-0.135794868,-0.0840760704,0.0011753618,0.000224976912,0.3,0.3,-0.3,-0.250171766,-0.00967291534,0.00215384126,0.0215754604,0.135794868,0.0011753618,0.3,-0.00967291534,0.3,-0.0362554789,-0.0840760704,0.000224976912,0.3,-0.250171766,0.00215384126
608,19934336,0.269651949,-0.453264177,-0.119225547,0.0530692562,0.0147130201,0.00285980222,-0.503722072,-0.228681669,-62.787384,-0.334421545,-0.120887443,0.0272465628,0.021572156,-0.0362611341,-0.135767664,-0.0840792231,0.00117704161,0.000228784177,0.3,0.3,-0.3,-0.250163232,-0.00967099547,0.00217972502,0.021572156,0.135767664,0.00117704161,0.3,-0.00967099547,0.3,-0.0362611341,-0.0840792231,0.000228784177,0.3,-0.250163232,0.00217972502
609,19946973,0.269522697,-0.453847587,-0.119254008,0.0529199354,0.0148057519,0.00316656684,-0.503727376,-0.229032487,-62.7878418,-0.334483534,-0.120623581,0.0279026404,0.0215618157,-0.036307807,-0.135776202,-0.0841240194,0.00118446015,0.000253325347,0.3,0.3,-0.3,-0.25017253,-0.00964988649,0.00223221123,0.0215618157,0.135776202,0.00118446015,0.3,-0.00964988649,0.3,-0.036307807,-0.0841240194,0.000253325347,0.3,-0.25017253,0.00223221123
610,19975344,0.269468635,-0.454179794,-0.119395144,0.0529311411,0.0148135386,0.00321972719,-0.503896117,-0.229312643,-62.7883949,-0.334464729,-0.120293297,0.0284514446,0.0215574908,-0.0363343835,-0.135818543,-0.0841206577,0.00118508309,0.000257578176,0.3,0.3,-0.3,-0.250169709,-0.00962346375,0.00227611557,0.0215574908,0.135818543,0.00118508309,0.3,-0.00962346375,0.3,-0.0363343835,-0.0841206577,0.000257578176,0.3,-0.250169709,0.00227611557
611,19992611,0.269347847,-0.454503983,-0.118954286,0.0533340573,0.0149391657,0.00328308181,-0.503495872,-0.228330478,-62.7886658,-0.334683597,-0.120453492,0.0286602322,0.0215478277,-0.0363603187,-0.135686286,-0.0839997828,0.00119513325,0.000262646545,0.3,0.3,-0.3,-0.25020254,-0.00963627934,0.00229281858,0.0215478277,0.135686286,0.00119513325,0.3,-0.00963627934,0.3,-0.0363603187,-0.0839997828,0.000262646545,0.3,-0.25020254,0.00229281858
612,20009591,0.269194573,-0.454801917,-0.118976176,0.0536961816,0.0148460595,0.00326597271,-0.502947748,-0.227491647,-62.7886734,-0.334923089,-0.120433651,0.0287600067,0.0215355659,-0.0363841534,-0.135692853,-0.0838911455,0.00118768476,0.000261277817,0.3,0.3,-0.3,-0.250238463,-0.00963469207,0.00230080053,0.0215355659,0.135692853,0.00118768476,0.3,-0.00963469207,0.3,-0.0363841534,-0.0838911455,0.000261277817,0.3,-0.250238463,0.00230080053
613,20026749,0.269207925,-0.454718351,-0.119174935,0.0538528301,0.0146971019,0.00308054872,-0.502889991,-0.226886407,-62.7887306,-0.335056067,-0.120768897,0.0286398996,0.021536634,-0.0363774681,-0.13575248,-0.083844151,0.00117576815,0.000246443897,0.3,0.3,-0.3,-0.25025841,-0.00966151178,0.00229119197,0.021536634,0.13575248,0.00117576815,0.3,-0.00966151178,0.3,-0.0363774681,-0.083844151,0.000246443897,0.3,-0.25025841,0.00229119197
614,20047794,0.269334555,-0.454525888,-0.119279429,0.0536236726,0.0146472296,0.00312235369,-0.503033817,-0.226894185,-62.7888451,-0.33524695,-0.120957628,0.0285438392,0.0215467644,-0.036362071,-0.135783829,-0.0839128982,0.00117177837,0.000249788295,0.3,0.3,-0.3,-0.250287043,-0.00967661023,0.00228350714,0.0215467644,0.135783829,0.00117177837,0.3,-0.00967661023,0.3,-0.036362071,-0.0839128982,0.000249788295,0.3,-0.250287043,0.00228350714
615,20067987,0.269606858,-0.45367825,-0.119510517,0.0534567162,0.0143945627,0.00275436672,-0.503257513,-0.227031574,-62.7890663,-0.33523339,-0.121204987,0.027714096,0.0215685487,-0.03629426,-0.135853155,-0.0839629851,0.00115156502,0.000220349338,0.3,0.3,-0.3,-0.250285009,-0.00969639897,0.00221712768,0.0215685487,0.135853155,0.00115156502,0.3,-0.00969639897,0.3,-0.03629426,-0.0839629851,0.000220349338,0.3,-0.250285009,0.00221712768
616,20087845,0.269658834,-0.453135252,-0.119426049,0.0532711893,0.0144463908,0.00258246949,-0.50348103,-0.227372229,-62.7895508,-0.335200578,-0.121345125,0.026883401,0.0215727067,-0.0362508202,-0.135827815,-0.0840186432,0.00115571126,0.000206597559,0.3,0.3,-0.3,-0.250280087,-0.00970761001,0.00215067208,0.0215727067,0.135827815,0.00115571126,0.3,-0.00970761001,0.3,-0.0362508202,-0.0840186432,0.000206597559,0.3,-0.250280087,0.00215067208
617,20117556,0.269493461,-0.453013569,-0.119316585,0.0534211807,0.0144720729,0.00248253997,-0.503312528,-0.227413535,-62.7899475,-0.335180998,-0.121085249,0.0270224735,0.0215594769,-0.0362410855,-0.135794976,-0.0839736458,0.00115776584,0.000198603198,0.3,0.3,-0.3,-0.25027715,-0.00968681991,0.00216179788,0.0215594769,0.135794976,0.00115776584,0.3,-0.00968681991,0.3,-0.0362410855,-0.0839736458,0.000198603198,0.3,-0.25027715,0.00216179788
618,20125525,0.269195348,-0.452993661,-0.119414315,0.0534790047,0.0145056387,0.00246954616,-0.50319922,-0.227459654,-62.7902489,-0.335094273,-0.120926298,0.0270475745,0.0215356278,-0.0362394929,-0.135824294,-0.0839562986,0.0011604511,0.000197563693,0.3,0.3,-0.3,-0.250264141,-0.00967410386,0.00216380596,0.0215356278,0.135824294,0.0011604511,0.3,-0.00967410386,0.3,-0.0362394929,-0.0839562986,0.000197563693,0.3,-0.250264141,0.00216380596
619,20149347,0.268893838,-0.453470647,-0.11943572,0.0533139855,0.0146532375,0.00280585466,-0.503148913,-0.227786839,-62.7904968,-0.335134387,-0.120576553,0.0280619562,0.021511507,-0.0362776518,-0.135830716,-0.0840058044,0.001172259,0.000224468373,0.3,0.3,-0.3,-0.250270158,-0.00964612424,0.00224495649,0.021511507,0.135830716,0.001172259,0.3,-0.00964612424,0.3,-0.0362776518,-0.0840058044,0.000224468373,0.3,-0.250270158,0.00224495649
620,20169570,0.269027472,-0.453510851,-0.119468495,0.0532320142,0.0146099851,0.00279844669,-0.503482044,-0.227848649,-62.7907867,-0.335143477,-0.120591715,0.0284777842,0.0215221977,-0.0362808681,-0.135840549,-0.0840303957,0.0011687988,0.000223875735,0.3,0.3,-0.3,-0.250271522,-0.0096473372,0.00227822274,0.0215221977,0.135840549,0.0011687988,0.3,-0.0096473372,0.3,-0.0362808681,-0.0840303957,0.000223875735,0.3,-0.250271522,0.00227822274
621,20186307,0.26925388,-0.453432471,-0.119373709,0.0531562865,0.0147068771,0.00281235436,-0.50372225,-0.228009343,-62.7912903,-0.335060507,-0.120650031,0.0279624984,0.0215403104,-0.0362745976,-0.135812113,-0.0840531141,0.00117655016,0.000224988349,0.3,0.3,-0.3,-0.250259076,-0.00965200245,0.00223699987,0.0215403104,0.135812113,0.00117655016,0.3,-0.00965200245,0.3,-0.0362745976,-0.0840531141,0.000224988349,0.3,-0.250259076,0.00223699987
622,20207857,0.269370109,-0.453338146,-0.119381398,0.0532665178,0.0146019636,0.00268535991,-0.503792465,-0.227992788,-62.7916946,-0.335081279,-0.120728493,0.0279340688,0.0215496087,-0.0362670517,-0.135814419,-0.0840200447,0.00116815709,0.000214828793,0.3,0.3,-0.3,-0.250262192,-0.00965827942,0.00223472551,0.0215496087,0.135814419,0.00116815709,0.3,-0.00965827942,0.3,-0.0362670517,-0.0840200447,0.000214828793,0.3,-0.250262192,0.00223472551
623,20227662,0.269628137,-0.452962756,-0.119436905,0.0532388575,0.0145516889,0.00251578819,-0.50408572,-0.227989808,-62.792305,-0.33508575,-0.120907336,0.0273470208,0.021570251,-0.0362370205,-0.135831071,-0.0840283427,0.00116413511,0.000201263055,0.3,0.3,-0.3,-0.250262862,-0.00967258692,0.00218776166,0.021570251,0.135831071,0.00116413511,0.3,-0.00967258692,0.3,-0.0362370205,-0.0840283427,0.000201263055,0.3,-0.250262862,0.00218776166
624,20246822,0.269603163,-0.453017473,-0.119342357,0.0531561486,0.014655211,0.00265952246,-0.503964663,-0.228096262,-62.7927589,-0.335093439,-0.120792948,0.0275948383,0.021568253,-0.0362413979,-0.135802707,-0.0840531554,0.00117241688,0.000212761797,0.3,0.3,-0.3,-0.250264016,-0.00966343582,0.00220758706,0.021568253,0.135802707,0.00117241688,0.3,-0.00966343582,0.3,-0.0362413979,-0.0840531554,0.000212761797,0.3,-0.250264016,0.00220758706
625,20272323,0.269556761,-0.45284915,-0.119424656,0.0531175062,0.0146409534,0.00264155725,-0.504010618,-0.228234485,-62.793354,-0.335030466,-0.120757788,0.0273392238,0.0215645409,-0.036227932,-0.135827397,-0.0840647481,0.00117127627,0.00021132458,0.3,0.3,-0.3,-0.25025457,-0.00966062307,0.0021871379,0.0215645409,0.135827397,0.00117127627,0.3,-0.00966062307,0.3,-0.036227932,-0.0840647481,0.00021132458,0.3,-0.25025457,0.0021871379
626,20285385,0.269583046,-0.45280692,-0.119444802,0.0531274527,0.0145964855,0.00258967699,-0.504052341,-0.228252351,-62.7938194,-0.335063428,-0.120685473,0.0275429524,0.0215666437,-0.0362245536,-0.135833441,-0.0840617642,0.00116771884,0.00020717416,0.3,0.3,-0.3,-0.250259514,-0.00965483785,0.0022034362,0.0215666437,0.135833441,0.00116771884,0.3,-0.00965483785,0.3,-0.0362245536,-0.0840617642,0.00020717416,0.3,-0.250259514,0.0022034362
627,20310374,0.269545645,-0.45250681,-0.119503953,0.05321059,0.0145214377,0.00246829726,-0.504139066,-0.228240713,-62.7943001,-0.335019469,-0.12061768,0.0272585545,0.0215636516,-0.0362005448,-0.135851186,-0.084036823,0.00116171502,0.000197463781,0.3,0.3,-0.3,-0.25025292,-0.00964941442,0.00218068436,0.0215636516,0.135851186,0.00116171502,0.3,-0.00964941442,0.3,-0.0362005448,-0.084036823,0.000197463781,0.3,-0.25025292,0.00218068436
628,20329621,0.269495875,-0.452459455,-0.119450338,0.0530790128,0.0145938722,0.00252550072,-0.504200041,-0.228436574,-62.7948914,-0.335004807,-0.120505355,0.0272418689,0.02155967,-0.0361967564,-0.135835101,-0.0840762962,0.00116750978,0.000202040058,0.3,0.3,-0.3,-0.250250721,-0.00964042842,0.00217934951,0.02155967,0.135835101,0.00116750978,0.3,-0.00964042842,0.3,-0.0361967564,-0.0840762962,0.000202040058,0.3,-0.250250721,0.00217934951
629,20348367,0.269281656,-0.452687293,-0.119289376,0.0532567427,0.0146530913,0.00260369782,-0.503872812,-0.228159845,-62.7953568,-0.33511278,-0.120384619,0.0277791806,0.0215425324,-0.0362149835,-0.135786813,-0.0840229772,0.00117224731,0.000208295826,0.3,0.3,-0.3,-0.250266917,-0.00963076949,0.00222233444,0.0215425324,0.135786813,0.00117224731,0.3,-0.00963076949,0.3,-0.0362149835,-0.0840229772,0.000208295826,0.3,-0.250266917,0.00222233444
630,20366407,0.269300103,-0.452673316,-0.119432621,0.0532828979,0.0145919118,0.00254141376,-0.50393343,-0.228041217,-62.7957687,-0.335148931,-0.120401479,0.0279515535,0.0215440083,-0.0362138653,-0.135829786,-0.0840151306,0.00116735294,0.000203313101,0.3,0.3,-0.3,-0.25027234,-0.00963211834,0.00223612428,0.0215440083,0.135829786,0.00116735294,0.3,-0.00963211834,0.3,-0.0362138653,-0.0840151306,0.000203313101,0.3,-0.25027234,0.00223612428
631,20386449,0.269246727,-0.452616453,-0.11945314,0.0532948375,0.0145539967,0.00253070751,-0.503881156,-0.227937028,-62.7960739,-0.335209936,-0.120437235,0.0281754881,0.0215397382,-0.0362093163,-0.135835942,-0.0840115488,0.00116431974,0.000202456601,0.3,0.3,-0.3,-0.25028149,-0.00963497877,0.00225403905,0.0215397382,0.135835942,0.00116431974,0.3,-0.00963497877,0.3,-0.0362093163,-0.0840115488,0.000202456601,0.3,-0.25028149,0.00225403905
632,20411369,0.269201428,-0.452807546,-0.119375385,0.0533319227,0.0145582603,0.00257701473,-0.503774285,-0.227769122,-62.7963142,-0.335365683,-0.120380715,0.0285942685,0.0215361142,-0.0362246037,-0.135812616,-0.0840004232,0.00116466083,0.000206161179,0.3,0.3,-0.3,-0.250304852,-0.00963045716,0.00228754148,0.0215361142,0.135812616,0.00116466083,0.3,-0.00963045716,0.3,-0.0362246037,-0.0840004232,0.000206161179,0.3,-0.250304852,0.00228754148
633,20427684,0.269260943,-0.452854604,-0.119358413,0.0534089878,0.0144987144,0.00251102378,-0.503668785,-0.227438986,-62.7965317,-0.335491985,-0.120489635,0.0288479663,0.0215408754,-0.0362283683,-0.135807524,-0.0839773037,0.00115989715,0.000200881902,0.3,0.3,-0.3,-0.250323798,-0.00963917077,0.00230783731,0.0215408754,0.135807524,0.00115989715,0.3,-0.00963917077,0.3,-0.0362283683,-0.0839773037,0.000200881902,0.3,-0.250323798,0.00230783731
634,20447645,0.269254297,-0.45288834,-0.119448841,0.0534166358,0.0144570451,0.00250160508,-0.50368768,-0.227334887,-62.7966843,-0.335642874,-0.12056917,0.0290713105,0.0215403438,-0.0362310672,-0.135834652,-0.0839750092,0.00115656361,0.000200128406,0.3,0.3,-0.3,-0.250346431,-0.00964553356,0.00232570484,0.0215403438,0.135834652,0.00115656361,0.3,-0.00964553356,0.3,-0.0362310672,-0.0839750092,0.000200128406,0.3,-0.250346431,0.00232570484
635,20481271,0.269301593,-0.452834427,-0.119401097,0.0533985309,0.0144589311,0.00250262464,-0.503673553,-0.227275416,-62.7968674,-0.335773021,-0.120591529,0.0291344523,0.0215441275,-0.0362267542,-0.135820329,-0.0839804407,0.00115671448,0.000200209972,0.3,0.3,-0.3,-0.250365953,-0.0096473223,0.00233075619,0.0215441275,0.135820329,0.00115671448,0.3,-0.0096473223,0.3,-0.0362267542,-0.0839804407,0.000200209972,0.3,-0.250365953,0.00233075619
636,20485432,0.269518793,-0.452593327,-0.119435593,0.0531186834,0.0144257024,0.00247773179,-0.504029274,-0.227504358,-62.7973175,-0.335871965,-0.120775327,0.0290462654,0.0215615034,-0.0362074661,-0.135830678,-0.084064395,0.00115405619,0.000198218543,0.3,0.3,-0.3,-0.250380795,-0.00966202617,0.00232370123,0.0215615034,0.135830678,0.00115405619,0.3,-0.00966202617,0.3,-0.0362074661,-0.084064395,0.000198218543,0.3,-0.250380795,0.00232370123
637,20506228,0.269694239,-0.452406436,-0.119373716,0.0530292355,0.0144235222,0.00244621281,-0.504178941,-0.227657109,-62.7977486,-0.335994065,-0.120818742,0.029003609,0.0215755391,-0.0361925149,-0.135812115,-0.0840912294,0.00115388177,0.000195697024,0.3,0.3,-0.3,-0.25039911,-0.00966549933,0.00232028872,0.0215755391,0.135812115,0.00115388177,0.3,-0.00966549933,0.3,-0.0361925149,-0.0840912294,0.000195697024,0.3,-0.25039911,0.00232028872
638,20530896,0.26975891,-0.452171355,-0.119411439,0.0533244535,0.0142964674,0.0021957492,-0.504103839,-0.227470398,-62.7979736,-0.336056411,-0.120806932,0.0288663246,0.0215807128,-0.0361737084,-0.135823432,-0.0840026639,0.00114371739,0.000175659936,0.3,0.3,-0.3,-0.250408462,-0.0096645546,0.00230930597,0.0215807128,0.135823432,0.00114371739,0.3,-0.0096645546,0.3,-0.0361737084,-0.0840026639,0.000175659936,0.3,-0.250408462,0.00230930597
639,20547004,0.269534081,-0.452370942,-0.11940556,0.0535537265,0.0143282199,0.00223488291,-0.503772557,-0.227251574,-62.7980881,-0.336167425,-0.120535716,0.0292216092,0.0215627265,-0.0361896753,-0.135821668,-0.083933882,0.00114625759,0.000178790633,0.3,0.3,-0.3,-0.250425114,-0.00964285731,0.00233772874,0.0215627265,0.135821668,0.00114625759,0.3,-0.00964285731,0.3,-0.0361896753,-0.083933882,0.000178790633,0.3,-0.250425114,0.00233772874
640,20568665,0.26932466,-0.452749252,-0.119283743,0.0536351837,0.0144013744,0.00240642484,-0.503423095,-0.226918891,-62.7979584,-0.336302489,-0.120369539,0.0295344591,0.0215459728,-0.0362199402,-0.135785123,-0.0839094449,0.00115210995,0.000192513987,0.3,0.3,-0.3,-0.250445373,-0.00962956309,0.00236275673,0.0215459728,0.135785123,0.00115210995,0.3,-0.00962956309,0.3,-0.0362199402,-0.0839094449,0.000192513987,0.3,-0.250445373,0.00236275673
641,20586359,0.269362897,-0.452908546,-0.119469903,0.0534796603,0.0143637042,0.00244776229,-0.503593981,-0.226963833,-62.7980652,-0.336332977,-0.120460682,0.0294360612,0.0215490317,-0.0362326837,-0.135840971,-0.0839561019,0.00114909634,0.000195820983,0.3,0.3,-0.3,-0.250449947,-0.00963685453,0.00235488489,0.0215490317,0.135840971,0.00114909634,0.3,-0.00963685453,0.3,-0.0362326837,-0.0839561019,0.000195820983,0.3,-0.250449947,0.00235488489
642,20605728,0.269402802,-0.452852249,-0.119680658,0.0534455925,0.0142941056,0.00237654941,-0.503792644,-0.227128476,-62.7982292,-0.336314827,-0.120506428,0.0292048138,0.0215522242,-0.0362281799,-0.135904197,-0.0839663222,0.00114352845,0.000190123953,0.3,0.3,-0.3,-0.250447224,-0.00964051425,0.0023363851,0.0215522242,0.135904197,0.00114352845,0.3,-0.00964051425,0.3,-0.0362281799,-0.0839663222,0.000190123953,0.3,-0.250447224,0.0023363851
643,20630611,0.269304961,-0.453142792,-0.119491756,0.0534021072,0.0144830309,0.00255909702,-0.503686488,-0.227263212,-62.7984085,-0.336337179,-0.120428436,0.0292099286,0.0215443969,-0.0362514234,-0.135847527,-0.0839793678,0.00115864247,0.000204727761,0.3,0.3,-0.3,-0.250450577,-0.00963427484,0.00233679429,0.0215443969,0.135847527,0.00115864247,0.3,-0.00963427484,0.3,-0.0362514234,-0.0839793678,0.000204727761,0.3,-0.250450577,0.00233679429
644,20646205,0.269253939,-0.453332216,-0.11939612,0.0534848869,0.0145376287,0.00258644437,-0.503560662,-0.227084816,-62.7986794,-0.336368471,-0.120436966,0.0292223524,0.0215403152,-0.0362665772,-0.135818836,-0.0839545339,0.0011630103,0.00020691555,0.3,0.3,-0.3,-0.250455271,-0.00963495731,0.00233778819,0.0215403152,0.135818836,0.0011630103,0.3,-0.00963495731,0.3,-0.0362665772,-0.0839545339,0.00020691555,0.3,-0.250455271,0.00233778819
645,20670736,0.269254565,-0.453338534,-0.11937356,0.0534089506,0.0145615349,0.0026227925,-0.503640711,-0.227074534,-62.7987747,-0.336385787,-0.120540783,0.0291197877,0.0215403652,-0.0362670827,-0.135812068,-0.0839773148,0.00116492279,0.0002098234,0.3,0.3,-0.3,-0.250457868,-0.00964326262,0.00232958302,0.0215403652,0.135812068,0.00116492279,0.3,-0.00964326262,0.3,-0.0362670827,-0.0839773148,0.0002098234,0.3,-0.250457868,0.00232958302
646,20685827,0.269182295,-0.453441948,-0.119501561,0.0534268059,0.0145195071,0.0026426143,-0.50370276,-0.227180302,-62.7989082,-0.336432278,-0.120409347,0.0292925462,0.0215345836,-0.0362753558,-0.135850468,-0.0839719582,0.00116156057,0.000211409144,0.3,0.3,-0.3,-0.250464842,-0.00963274777,0.0023434037,0.0215345836,0.135850468,0.00116156057,0.3,-0.00963274777,0.3,-0.0362753558,-0.0839719582,0.000211409144,0.3,-0.250464842,0.0023434037
647,20706847,0.269301116,-0.453252912,-0.119602829,0.0534020215,0.0144398855,0.00252981507,-0.503934979,-0.227255628,-62.7991447,-0.336466998,-0.120421439,0.0293182991,0.0215440893,-0.0362602329,-0.135880849,-0.0839793935,0.00115519084,0.000202385206,0.3,0.3,-0.3,-0.25047005,-0.00963371515,0.00234546393,0.0215440893,0.135880849,0.00115519084,0.3,-0.00963371515,0.3,-0.0362602329,-0.0839793935,0.000202385206,0.3,-0.25047005,0.00234546393
648,20738588,0.269345939,-0.453121394,-0.11951194,0.0533512868,0.0145159382,0.00254003098,-0.504015625,-0.227336556,-62.7994347,-0.336527079,-0.120333999,0.0292669181,0.0215476751,-0.0362497115,-0.135853582,-0.083994614,0.00116127506,0.000203202479,0.3,0.3,-0.3,-0.250479062,-0.00962671995,0.00234135345,0.0215476751,0.135853582,0.00116127506,0.3,-0.00962671995,0.3,-0.0362497115,-0.083994614,0.000203202479,0.3,-0.250479062,0.00234135345
649,20747477,0.269407362,-0.452943802,-0.119604029,0.053244669,0.0144585352,0.00246793753,-0.504255295,-0.227587864,-62.7997627,-0.336532533,-0.120338477,0.0292887688,0.0215525889,-0.0362355042,-0.135881209,-0.0840265993,0.00115668282,0.000197435003,0.3,0.3,-0.3,-0.25047988,-0.00962707818,0.0023431015,0.0215525889,0.135881209,0.00115668282,0.3,-0.00962707818,0.3,-0.0362355042,-0.0840265993,0.000197435003,0.3,-0.25047988,0.0023431015
650,20765840,0.269506007,-0.452722549,-0.119634487,0.0532042384,0.0144504467,0.00235576741,-0.50454396,-0.227753684,-62.8001747,-0.336609274,-0.120429665,0.0291776601,0.0215604806,-0.036217804,-0.135890346,-0.0840387285,0.00115603574,0.000188461393,0.3,0.3,-0.3,-0.250491391,-0.00963437319,0.00233421281,0.0215604806,0.135890346,0.00115603574,0.3,-0.00963437319,0.3,-0.036217804,-0.0840387285,0.000188461393,0.3,-0.250491391,0.00233421281
651,20789933,0.269490451,-0.45259431,-0.119458869,0.0533505976,0.0144919259,0.00233916077,-0.504378974,-0.22750394,-62.8005333,-0.336676449,-0.120448001,0.0292159356,0.021559236,-0.0362075448,-0.135837661,-0.0839948207,0.00115935408,0.000187132861,0.3,0.3,-0.3,-0.250501467,-0.00963584006,0.00233727485,0.021559236,0.135837661,0.00115935408,0.3,-0.00963584006,0.3,-0.0362075448,-0.0839948207,0.000187132861,0.3,-0.250501467,0.00233727485
652,20807269,0.269519359,-0.452403873,-0.11941652,0.0532911569,0.0144900493,0.0023533639,-0.504292309,-0.227403551,-62.8009109,-0.336690634,-0.120579332,0.0288986769,0.0215615487,-0.0361923099,-0.135824956,-0.0840126529,0.00115920395,0.000188269112,0.3,0.3,-0.3,-0.250503595,-0.00964634657,0.00231189415,0.0215615487,0.135824956,0.00115920395,0.3,-0.00964634657,0.3,-0.0361923099,-0.0840126529,0.000188269112,0.3,-0.250503595,0.00231189415
653,20831234,0.269646823,-0.452074111,-0.119394585,0.0532129034,0.0144483484,0.00223994208,-0.504379213,-0.227450952,-62.8013268,-0.336700439,-0.120688304,0.0283616055,0.0215717459,-0.0361659288,-0.135818376,-0.084036129,0.00115586787,0.000179195367,0.3,0.3,-0.3,-0.250505066,-0.00965506434,0.00226892844,0.0215717459,0.135818376,0.00115586787,0.3,-0.00965506434,0.3,-0.0361659288,-0.084036129,0.000179195367,0.3,-0.250505066,0.00226892844
654,20846742,0.269385368,-0.452363819,-0.119241983,0.0532417074,0.0145900417,0.00245371391,-0.503996193,-0.227553949,-62.8017502,-0.336697489,-0.120246954,0.0287068971,0.0215508294,-0.0361891055,-0.135772595,-0.0840274878,0.00116720334,0.000196297113,0.3,0.3,-0.3,-0.250504623,-0.00961975634,0.00229655176,0.0215508294,0.135772595,0.00116720334,0.3,-0.00961975634,0.3,-0.0361891055,-0.0840274878,0.000196297113,0.3,-0.250504623,0.00229655176
655,20874588,0.269116014,-0.45267272,-0.119182393,0.0533438772,0.0146059878,0.00256854109,-0.50360173,-0.227252722,-62.8019943,-0.336753756,-0.120066769,0.0290342644,0.0215292811,-0.0362138176,-0.135754718,-0.0839968368,0.00116847903,0.000205483288,0.3,0.3,-0.3,-0.250513063,-0.00960534155,0.00232274115,0.0215292811,0.135754718,0.00116847903,0.3,-0.00960534155,0.3,-0.0362138176,-0.0839968368,0.000205483288,0.3,-0.250513063,0.00232274115
656,20885919,0.269013911,-0.452998668,-0.119314693,0.0532762371,0.0145676956,0.00264387135,-0.503643036,-0.227212846,-62.8021851,-0.336871028,-0.119908795,0.0299243815,0.0215211129,-0.0362398934,-0.135794408,-0.0840171289,0.00116541564,0.000211509708,0.3,0.3,-0.3,-0.250530654,-0.00959270358,0.00239395052,0.0215211129,0.135794408,0.00116541564,0.3,-0.00959270358,0.3,-0.0362398934,-0.0840171289,0.000211509708,0.3,-0.250530654,0.00239395052
657,20908488,0.269122452,-0.452808738,-0.119439282,0.0533077642,0.014465725,0.00250615506,-0.503922999,-0.227167457,-62.8023376,-0.336853802,-0.11991781,0.0300267953,0.0215297961,-0.036224699,-0.135831784,-0.0840076707,0.001157258,0.000200492404,0.3,0.3,-0.3,-0.25052807,-0.0095934248,0.00240214363,0.0215297961,0.135831784,0.001157258,0.3,-0.0095934248,0.3,-0.036224699,-0.0840076707,0.000200492404,0.3,-0.25052807,0.00240214363
658,20926940,0.269211203,-0.452486366,-0.119426288,0.0535406359,0.0143104,0.00221183896,-0.503956795,-0.226716623,-62.8024597,-0.337014109,-0.120224282,0.029802369,0.0215368962,-0.0361989093,-0.135827886,-0.0839378092,0.001144832,0.000176947117,0.3,0.3,-0.3,-0.250552116,-0.00961794257,0.00238418952,0.0215368962,0.135827886,0.001144832,0.3,-0.00961794257,0.3,-0.0361989093,-0.0839378092,0.000176947117,0.3,-0.250552116,0.00238418952
659,20946781,0.269494981,-0.451745331,-0.119630255,0.0534165613,0.0141438451,0.00193673617,-0.504361928,-0.226875827,-62.8026886,-0.337107629,-0.120458275,0.0292784348,0.0215595984,-0.0361396265,-0.135889076,-0.0839750316,0.00113150761,0.000154938893,0.3,0.3,-0.3,-0.250566144,-0.00963666201,0.00234227479,0.0215595984,0.135889076,0.00113150761,0.3,-0.00963666201,0.3,-0.0361396265,-0.0839750316,0.000154938893,0.3,-0.250566144,0.00234227479
660,20979094,0.269555837,-0.451338381,-0.119532607,0.0534567758,0.0141550517,0.00178272859,-0.504306436,-0.22688514,-62.8028336,-0.337213516,-0.120532736,0.0289395768,0.021564467,-0.0361070704,-0.135859782,-0.0839629672,0.00113240413,0.000142618287,0.3,0.3,-0.3,-0.250582027,-0.00964261889,0.00231516615,0.021564467,0.135859782,0.00113240413,0.3,-0.00964261889,0.3,-0.0361070704,-0.0839629672,0.000142618287,0.3,-0.250582027,0.00231516615
661,20987528,0.269298971,-0.451410711,-0.119279414,0.0535893589,0.0143121332,0.00188071595,-0.503828168,-0.226612866,-62.8029861,-0.337300837,-0.120521069,0.0288310684,0.0215439177,-0.0361128569,-0.135783824,-0.0839231923,0.00114497066,0.000150457276,0.3,0.3,-0.3,-0.250595126,-0.00964168549,0.00230648547,0.0215439177,0.135783824,0.00114497066,0.3,-0.00964168549,0.3,-0.0361128569,-0.0839231923,0.000150457276,0.3,-0.250595126,0.00230648547
662,21007783,0.269140422,-0.451576978,-0.119310513,0.0534250364,0.0143986391,0.00203460758,-0.503675461,-0.226741955,-62.8030891,-0.337263077,-0.120415017,0.0288173147,0.0215312338,-0.0361261582,-0.135793154,-0.0839724891,0.00115189113,0.000162768606,0.3,0.3,-0.3,-0.250589462,-0.00963320136,0.00230538517,0.0215312338,0.135793154,0.00115189113,0.3,-0.00963320136,0.3,-0.0361261582,-0.0839724891,0.000162768606,0.3,-0.250589462,0.00230538517
663,21043126,0.268808424,-0.451929361,-0.119328283,0.0535690598,0.01443775,0.00212387298,-0.503313422,-0.22666961,-62.803112,-0.337234378,-0.120164528,0.028964201,0.021504674,-0.0361543489,-0.135798485,-0.0839292821,0.00115502,0.000169909839,0.3,0.3,-0.3,-0.250585157,-0.00961316228,0.00231713608,0.021504674,0.135798485,0.00115502,0.3,-0.00961316228,0.3,-0.0361543489,-0.0839292821,0.000169909839,0.3,-0.250585157,0.00231713608
664,21049364,0.268692881,-0.452237099,-0.119166709,0.0534519143,0.0145578003,0.00233875192,-0.503170252,-0.226503611,-62.8031998,-0.337195635,-0.120171212,0.0290266331,0.0214954305,-0.036178968,-0.135750013,-0.0839644257,0.00116462402,0.000187100153,0.3,0.3,-0.3,-0.250579345,-0.00961369693,0.00232213065,0.0214954305,0.135750013,0.00116462402,0.3,-0.00961369693,0.3,-0.036178968,-0.0839644257,0.000187100153,0.3,-0.250579345,0.00232213065
665,21067784,0.268724799,-0.452352732,-0.119251251,0.0534445643,0.0144842817,0.00230610347,-0.503185034,-0.226361141,-62.8033218,-0.337130129,-0.120153919,0.0290180743,0.0214979839,-0.0361882186,-0.135775375,-0.0839666307,0.00115874253,0.000184488278,0.3,0.3,-0.3,-0.250569519,-0.00961231351,0.00232144594,0.0214979839,0.135775375,0.00115874253,0.3,-0.00961231351,0.3,-0.0361882186,-0.0839666307,0.000184488278,0.3,-0.250569519,0.00232144594
666,21088151,0.268724203,-0.452319294,-0.119309552,0.053614974,0.0143982647,0.00216785842,-0.503167689,-0.226067141,-62.8033981,-0.337067783,-0.120271489,0.0289396811,0.0214979362,-0.0361855435,-0.135792866,-0.0839155078,0.00115186118,0.000173428673,0.3,0.3,-0.3,-0.250560167,-0.00962171912,0.00231517449,0.0214979362,0.135792866,0.00115186118,0.3,-0.00962171912,0.3,-0.0361855435,-0.0839155078,0.000173428673,0.3,-0.250560167,0.00231517449
667,21119198,0.268738925,-0.452311188,-0.119478695,0.053529758,0.0143726505,0.00224119471,-0.503291905,-0.226285681,-62.8034592,-0.337045223,-0.120187268,0.0289592054,0.021499114,-0.036184895,-0.135843609,-0.0839410726,0.00114981204,0.000179295577,0.3,0.3,-0.3,-0.250556783,-0.00961498141,0.00231673643,0.021499114,0.135843609,0.00114981204,0.3,-0.00961498141,0.3,-0.036184895,-0.0839410726,0.000179295577,0.3,-0.250556783,0.00231673643
668,21125685,0.268878281,-0.451975852,-0.119576789,0.0535899363,0.0142229749,0.0019928345,-0.503513992,-0.226248994,-62.8035011,-0.337071091,-0.120291904,0.0289072301,0.0215102625,-0.0361580682,-0.135873037,-0.0839230191,0.00113783799,0.00015942676,0.3,0.3,-0.3,-0.250560664,-0.00962335229,0.00231257841,0.0215102625,0.135873037,0.00113783799,0.3,-0.00962335229,0.3,-0.0361580682,-0.0839230191,0.00015942676,0.3,-0.250560664,0.00231257841
669,21146185,0.268743813,-0.452128768,-0.119442858,0.0535626449,0.0144292535,0.00215111324,-0.503467977,-0.226427764,-62.8035469,-0.337076664,-0.120044976,0.0290144198,0.021499505,-0.0361703014,-0.135832857,-0.0839312065,0.00115434028,0.000172089059,0.3,0.3,-0.3,-0.2505615,-0.00960359812,0.00232115358,0.021499505,0.135832857,0.00115434028,0.3,-0.00960359812,0.3,-0.0361703014,-0.0839312065,0.000172089059,0.3,-0.2505615,0.00232115358
670,21169193,0.268603146,-0.452440828,-0.119452141,0.0535752587,0.0144247888,0.0022123612,-0.503427744,-0.226368785,-62.8034286,-0.337184578,-0.120002434,0.0298158471,0.0214882517,-0.0361952662,-0.135835642,-0.0839274224,0.0011539831,0.000176988896,0.3,0.3,-0.3,-0.250577687,-0.00960019469,0.00238526776,0.0214882517,0.135835642,0.0011539831,0.3,-0.00960019469,0.3,-0.0361952662,-0.0839274224,0.000176988896,0.3,-0.250577687,0.00238526776
671,21187636,0.268600285,-0.452597708,-0.119475007,0.0535842963,0.0144709693,0.00228866329,-0.503548384,-0.226284161,-62.8035011,-0.337319493,-0.120086819,0.0299742687,0.0214880228,-0.0362078166,-0.135842502,-0.0839247111,0.00115767755,0.000183093064,0.3,0.3,-0.3,-0.250597924,-0.00960694551,0.0023979415,0.0214880228,0.135842502,0.00115767755,0.3,-0.00960694551,0.3,-0.0362078166,-0.0839247111,0.000183093064,0.3,-0.250597924,0.0023979415
672,21213663,0.26881671,-0.452327907,-0.119459733,0.0537072159,0.0143541796,0.00214204704,-0.503616095,-0.225999221,-62.8033295,-0.337407619,-0.120348893,0.0296222512,0.0215053368,-0.0361862326,-0.13583792,-0.0838878352,0.00114833437,0.000171363764,0.3,0.3,-0.3,-0.250611143,-0.00962791145,0.00236978009,0.0215053368,0.13583792,0.00114833437,0.3,-0.00962791145,0.3,-0.0361862326,-0.0838878352,0.000171363764,0.3,-0.250611143,0.00236978009
673,21226389,0.268850833,-0.452300876,-0.119435295,0.0536704771,0.0143951289,0.00217207475,-0.503607154,-0.226081729,-62.8034744,-0.337460756,-0.120327324,0.0293830391,0.0215080667,-0.0361840701,-0.135830589,-0.0838988569,0.00115161031,0.00017376598,0.3,0.3,-0.3,-0.250619113,-0.00962618589,0.00235064313,0.0215080667,0.135830589,0.00115161031,0.3,-0.00962618589,0.3,-0.0361840701,-0.0838988569,0.00017376598,0.3,-0.250619113,0.00235064313
674,21247627,0.269050777,-0.452099293,-0.119552635,0.053475108,0.014346105,0.00212793308,-0.503876984,-0.226458251,-62.8036041,-0.337452829,-0.120264351,0.0291307084,0.0215240622,-0.0361679435,-0.13586579,-0.0839574676,0.0011476884,0.000170234647,0.3,0.3,-0.3,-0.250617924,-0.00962114811,0.00233045667,0.0215240622,0.13586579,0.0011476884,0.3,-0.00962114811,0.3,-0.0361679435,-0.0839574676,0.000170234647,0.3,-0.250617924,0.00233045667
675,21267942,0.268776983,-0.452368051,-0.119474247,0.0536064319,0.0144433146,0.00225220574,-0.503515124,-0.226505011,-62.803688,-0.337474734,-0.119961321,0.0293029156,0.0215021586,-0.0361894441,-0.135842274,-0.0839180704,0.00115546517,0.000180176459,0.3,0.3,-0.3,-0.25062121,-0.00959690571,0.00234423324,0.0215021586,0.135842274,0.00115546517,0.3,-0.00959690571,0.3,-0.0361894441,-0.0839180704,0.000180176459,0.3,-0.25062121,0.00234423324
676,21287849,0.268661052,-0.452558488,-0.119413652,0.0535421073,0.0145050185,0.00237491797,-0.503477931,-0.226457387,-62.8038177,-0.337454557,-0.119953766,0.0293255709,0.0214928842,-0.036204679,-0.135824095,-0.0839373678,0.00116040148,0.000189993437,0.3,0.3,-0.3,-0.250618184,-0.00959630132,0.00234604567,0.0214928842,0.135824095,0.00116040148,0.3,-0.00959630132,0.3,-0.036204679,-0.0839373678,0.000189993437,0.3,-0.250618184,0.00234604567
677,21307800,0.268782169,-0.45242849,-0.119562641,0.0534035936,0.0144197317,0.00229410292,-0.503809571,-0.226615787,-62.8042068,-0.33738023,-0.120108537,0.0291844159,0.0215025735,-0.0361942792,-0.135868792,-0.0839789219,0.00115357853,0.000183528233,0.3,0.3,-0.3,-0.250607035,-0.00960868299,0.00233475327,0.0215025735,0.135868792,0.00115357853,0.3,-0.00960868299,0.3,-0.0361942792,-0.0839789219,0.000183528233,0.3,-0.250607035,0.00233475327
678,21327760,0.269007474,-0.452241302,-0.119583234,0.05324791,0.0144298673,0.00226234668,-0.50424999,-0.226995096,-62.8046036,-0.337316245,-0.12024083,0.0290551037,0.0215205979,-0.0361793041,-0.13587497,-0.084025627,0.00115438938,0.000180987734,0.3,0.3,-0.3,-0.250597437,-0.00961926639,0.00232440829,0.0215205979,0.13587497,0.00115438938,0.3,-0.00961926639,0.3,-0.0361793041,-0.084025627,0.000180987734,0.3,-0.250597437,0.00232440829
679,21358180,0.269295394,-0.451819599,-0.119637072,0.0530486815,0.0143936398,0.00216690102,-0.504716992,-0.227487117,-62.8052635,-0.337295532,-0.120301187,0.0289445315,0.0215436316,-0.0361455679,-0.135891122,-0.0840853956,0.00115149118,0.000173352081,0.3,0.3,-0.3,-0.25059433,-0.00962409496,0.00231556252,0.0215436316,0.135891122,0.00115149118,0.3,-0.00962409496,0.3,-0.0361455679,-0.0840853956,0.000173352081,0.3,-0.25059433,0.00231556252
680,21366194,0.269373029,-0.451617271,-0.119709797,0.0530036464,0.0143916402,0.00219356408,-0.504841208,-0.228054777,-62.8058014,-0.337299883,-0.119965911,0.0291922372,0.0215498424,-0.0361293817,-0.135912939,-0.0840989061,0.00115133122,0.000175485127,0.3,0.3,-0.3,-0.250594983,-0.00959727287,0.00233537897,0.0215498424,0.135912939,0.00115133122,0.3,-0.00959727287,0.3,-0.0361293817,-0.0840989061,0.000175485127,0.3,-0.250594983,0.00233537897
681,21386836,0.2692568,-0.452022761,-0.119311593,0.0530990064,0.0146418642,0.00241501583,-0.504544854,-0.228066251,-62.8060913,-0.337381035,-0.119679339,0.0294942912,0.021540544,-0.0361618209,-0.135793478,-0.0840702981,0.00117134914,0.000193201266,0.3,0.3,-0.3,-0.250607155,-0.00957434714,0.00235954329,0.021540544,0.135793478,0.00117134914,0.3,-0.00957434714,0.3,-0.0361618209,-0.0840702981,0.000193201266,0.3,-0.250607155,0.00235954329
682,21412173,0.269263774,-0.452331096,-0.119312607,0.0530246459,0.0147451889,0.00250803819,-0.504725933,-0.228205755,-62.8067055,-0.337331295,-0.119460255,0.0297139026,0.0215411019,-0.0361864877,-0.135793782,-0.0840926062,0.00117961511,0.000200643055,0.3,0.3,-0.3,-0.250599694,-0.00955682039,0.00237711221,0.0215411019,0.135793782,0.00117961511,0.3,-0.00955682039,0.3,-0.0361864877,-0.0840926062,0.000200643055,0.3,-0.250599694,0.00237711221
683,21428087,0.269008726,-0.452757865,-0.119145781,0.0534153208,0.0147651201,0.0025524667,-0.504171133,-0.227432713,-62.8068733,-0.337428093,-0.119431958,0.0299570411,0.0215206981,-0.0362206292,-0.135743734,-0.0839754038,0.00118120961,0.000204197336,0.3,0.3,-0.3,-0.250614214,-0.00955455661,0.00239656329,0.0215206981,0.135743734,0.00118120961,0.3,-0.00955455661,0.3,-0.0362206292,-0.0839754038,0.000204197336,0.3,-0.250614214,0.00239656329
684,21448737,0.268844843,-0.453090161,-0.119091719,0.0538003221,0.0146801155,0.0025607897,-0.50355196,-0.2263107,-62.8068428,-0.337664694,-0.119684003,0.0300000645,0.0215075874,-0.0362472129,-0.135727516,-0.0838599034,0.00117440924,0.000204863176,0.3,0.3,-0.3,-0.250649704,-0.00957472026,0.00240000516,0.0215075874,0.135727516,0.00117440924,0.3,-0.00957472026,0.3,-0.0362472129,-0.0838599034,0.000204863176,0.3,-0.250649704,0.00240000516
685,21468278,0.269126803,-0.452607542,-0.119371772,0.0539954752,0.0143134585,0.0021703816,-0.503501058,-0.225422874,-62.8068504,-0.337812662,-0.120140746,0.0296017099,0.0215301442,-0.0362086034,-0.135811532,-0.0838013574,0.00114507668,0.000173630528,0.3,0.3,-0.3,-0.250671899,-0.0096112597,0.00236813679,0.0215301442,0.135811532,0.00114507668,0.3,-0.0096112597,0.3,-0.0362086034,-0.0838013574,0.000173630528,0.3,-0.250671899,0.00236813679
686,21487588,0.269190699,-0.452608347,-0.119430318,0.0536961481,0.0143723078,0.00236393255,-0.503495455,-0.225768283,-62.8068962,-0.337827563,-0.119999871,0.0295516513,0.0215352559,-0.0362086678,-0.135829096,-0.0838911556,0.00114978462,0.000189114604,0.3,0.3,-0.3,-0.250674134,-0.00959998965,0.00236413211,0.0215352559,0.135829096,0.00114978462,0.3,-0.00959998965,0.3,-0.0362086678,-0.0838911556,0.000189114604,0.3,-0.250674134,0.00236413211
687,21508963,0.269307613,-0.452710807,-0.119479761,0.0533931516,0.0143713523,0.0024393145,-0.503647089,-0.226273566,-62.8069611,-0.337874711,-0.119933121,0.0296458304,0.0215446091,-0.0362168646,-0.135843928,-0.0839820545,0.00114970818,0.00019514516,0.3,0.3,-0.3,-0.250681207,-0.00959464967,0.00237166643,0.0215446091,0.135843928,0.00114970818,0.3,-0.00959464967,0.3,-0.0362168646,-0.0839820545,0.00019514516,0.3,-0.250681207,0.00237166643
688,21526610,0.269460738,-0.452557385,-0.119577453,0.0532881618,0.0142974323,0.00224361429,-0.503973007,-0.226490319,-62.8072205,-0.337957799,-0.119886562,0.0297652744,0.021556859,-0.0362045908,-0.135873236,-0.0840135515,0.00114379458,0.000179489143,0.3,0.3,-0.3,-0.25069367,-0.00959092498,0.00238122195,0.021556859,0.135873236,0.00114379458,0.3,-0.00959092498,0.3,-0.0362045908,-0.0840135515,0.000179489143,0.3,-0.25069367,0.00238122195
689,21551030,0.269221365,-0.452835768,-0.119349815,0.0534620956,0.0144872069,0.00238227006,-0.503658772,-0.226418853,-62.8069763,-0.33798182,-0.119542129,0.0299714599,0.0215377092,-0.0362268615,-0.135804944,-0.0839613713,0.00115897655,0.000190581605,0.3,0.3,-0.3,-0.250697273,-0.00956337035,0.00239771679,0.0215377092,0.135804944,0.00115897655,0.3,-0.00956337035,0.3,-0.0362268615,-0.0839613713,0.000190581605,0.3,-0.250697273,0.00239771679
690,21566786,0.269174546,-0.452731311,-0.119265608,0.0535331629,0.0145265795,0.00227027084,-0.50368911,-0.226134658,-62.8072243,-0.337962627,-0.119773865,0.0291970652,0.0215339637,-0.0362185049,-0.135779683,-0.0839400511,0.00116212636,0.000181621667,0.3,0.3,-0.3,-0.250694394,-0.00958190918,0.00233576521,0.0215339637,0.135779683,0.00116212636,0.3,-0.00958190918,0.3,-0.0362185049,-0.0839400511,0.000181621667,0.3,-0.250694394,0.00233576521
691,21591991,0.269119322,-0.452869296,-0.119245201,0.053723868,0.0145205203,0.00226937025,-0.503505826,-0.225781664,-62.8073311,-0.3381221,-0.119674981,0.0296506714,0.0215295458,-0.0362295437,-0.13577356,-0.0838828396,0.00116164163,0.00018154962,0.3,0.3,-0.3,-0.250718315,-0.00957399845,0.00237205371,0.0215295458,0.13577356,0.00116164163,0.3,-0.00957399845,0.3,-0.0362295437,-0.0838828396,0.00018154962,0.3,-0.250718315,0.00237205371
692,21605714,0.269169748,-0.452795088,-0.119510025,0.0537687279,0.0143457977,0.00220511854,-0.503534555,-0.225765884,-62.8071632,-0.3381221,-0.119607441,0.0299008768,0.0215335798,-0.0362236071,-0.135853007,-0.0838693816,0.00114766382,0.000176409483,0.3,0.3,-0.3,-0.250718315,-0.00956859529,0.00239207014,0.0215335798,0.135853007,0.00114766382,0.3,-0.00956859529,0.3,-0.0362236071,-0.0838693816,0.000176409483,0.3,-0.250718315,0.00239207014
693,21630377,0.269161284,-0.452955276,-0.119685382,0.0535766892,0.0143547198,0.00232956558,-0.503693104,-0.226142198,-62.8072319,-0.338187337,-0.119488284,0.0302467681,0.0215329027,-0.0362364221,-0.135905614,-0.0839269932,0.00114837758,0.000186365247,0.3,0.3,-0.3,-0.250728101,-0.00955906272,0.00241974145,0.0215329027,0.135905614,0.00114837758,0.3,-0.00955906272,0.3,-0.0362364221,-0.0839269932,0.000186365247,0.3,-0.250728101,0.00241974145
694,21651738,0.269168615,-0.453196377,-0.119460501,0.053557802,0.0144003825,0.00243547768,-0.503655374,-0.226156488,-62.8070221,-0.338365734,-0.119340353,0.0309596248,0.0215334892,-0.0362557101,-0.13583815,-0.0839326594,0.0011520306,0.000194838215,0.3,0.3,-0.3,-0.25075486,-0.00954722822,0.00247676998,0.0215334892,0.13583815,0.0011520306,0.3,-0.00954722822,0.3,-0.0362557101,-0.0839326594,0.000194838215,0.3,-0.25075486,0.00247676998
695,21666529,0.269379169,-0.453162014,-0.119486302,0.0535026677,0.014355015,0.00230418728,-0.503974736,-0.226090387,-62.8070412,-0.338428676,-0.119588539,0.030786138,0.0215503335,-0.0362529612,-0.135845891,-0.0839491997,0.0011484012,0.000184334982,0.3,0.3,-0.3,-0.250764301,-0.00956708312,0.00246289104,0.0215503335,0.135845891,0.0011484012,0.3,-0.00956708312,0.3,-0.0362529612,-0.0839491997,0.000184334982,0.3,-0.250764301,0.00246289104
696,21687984,0.269338399,-0.453379571,-0.119612373,0.05348517,0.014392403,0.00239098282,-0.50403893,-0.226385549,-62.8069649,-0.338522047,-0.1194686,0.0310506336,0.0215470719,-0.0362703657,-0.135883712,-0.083954449,0.00115139224,0.000191278625,0.3,0.3,-0.3,-0.250778307,-0.00955748796,0.00248405069,0.0215470719,0.135883712,0.00115139224,0.3,-0.00955748796,0.3,-0.0362703657,-0.083954449,0.000191278625,0.3,-0.250778307,0.00248405069
697,21706881,0.269547045,-0.453193754,-0.1195843,0.05354435,0.0143325459,0.00230039121,-0.504276633,-0.226326957,-62.8069801,-0.338613123,-0.119681641,0.0307767596,0.0215637636,-0.0362555003,-0.13587529,-0.083936695,0.00114660367,0.000184031297,0.3,0.3,-0.3,-0.250791968,-0.00957453132,0.00246214077,0.0215637636,0.13587529,0.00114660367,0.3,-0.00957453132,0.3,-0.0362555003,-0.083936695,0.000184031297,0.3,-0.250791968,0.00246214077
698,21727607,0.269763321,-0.452944785,-0.119546562,0.0535407811,0.014332599,0.00221364596,-0.504390657,-0.226259902,-62.8072052,-0.338698596,-0.119793713,0.0303088911,0.0215810657,-0.0362355828,-0.135863969,-0.0839377657,0.00114660792,0.000177091677,0.3,0.3,-0.3,-0.250804789,-0.00958349705,0.00242471129,0.0215810657,0.135863969,0.00114660792,0.3,-0.00958349705,0.3,-0.0362355828,-0.0839377657,0.000177091677,0.3,-0.250804789,0.00242471129
699,21749291,0.269762695,-0.452851206,-0.119563699,0.0533923395,0.0143928248,0.00228398945,-0.50443691,-0.226621658,-62.8074303,-0.338640213,-0.119666211,0.0301398784,0.0215810156,-0.0362280965,-0.13586911,-0.0839822982,0.00115142599,0.000182719156,0.3,0.3,-0.3,-0.250796032,-0.0095732969,0.00241119027,0.0215810156,0.13586911,0.00115142599,0.3,-0.0095732969,0.3,-0.0362280965,-0.0839822982,0.000182719156,0.3,-0.250796032,0.00241119027
700,21766357,0.269660741,-0.453126788,-0.119542368,0.0532250591,0.0145618264,0.00247432571,-0.504525363,-0.227035627,-62.8078003,-0.338645935,-0.119445167,0.0302537512,0.0215728593,-0.0362501431,-0.13586271,-0.0840324823,0.00116494611,0.000197946057,0.3,0.3,-0.3,-0.25079689,-0.0095556134,0.0024203001,0.0215728593,0.13586271,0.00116494611,0.3,-0.0095556134,0.3,-0.0362501431,-0.0840324823,0.000197946057,0.3,-0.25079689,0.0024203001
701,21803087,0.269637376,-0.45313549,-0.119626671,0.0532343686,0.014530953,0.00245189853,-0.504614234,-0.227208748,-62.8080978,-0.338614017,-0.119230174,0.0304358453,0.0215709901,-0.0362508392,-0.135888001,-0.0840296894,0.00116247624,0.000196151882,0.3,0.3,-0.3,-0.250792103,-0.00953841388,0.00243486762,0.0215709901,0.135888001,0.00116247624,0.3,-0.00953841388,0.3,-0.0362508392,-0.0840296894,0.000196151882,0.3,-0.250792103,0.00243486762
702,21807353,0.269436419,-0.453513294,-0.119715944,0.0533261895,0.0145130428,0.002563813,-0.504553735,-0.227279231,-62.8082275,-0.338658154,-0.118895128,0.0312909111,0.0215549135,-0.0362810636,-0.135914783,-0.0840021431,0.00116104342,0.00020510504,0.3,0.3,-0.3,-0.250798723,-0.00951161027,0.00250327289,0.0215549135,0.135914783,0.00116104342,0.3,-0.00951161027,0.3,-0.0362810636,-0.0840021431,0.00020510504,0.3,-0.250798723,0.00250327289
703,21826154,0.269375086,-0.453988194,-0.11963167,0.0534475558,0.0145277325,0.00269406126,-0.504523516,-0.226983353,-62.8082275,-0.338819385,-0.118861325,0.0321451053,0.0215500069,-0.0363190556,-0.135889501,-0.0839657333,0.0011622186,0.000215524901,0.3,0.3,-0.3,-0.250822908,-0.00950890601,0.00257160842,0.0215500069,0.135889501,0.0011622186,0.3,-0.00950890601,0.3,-0.0363190556,-0.0839657333,0.000215524901,0.3,-0.250822908,0.00257160842
704,21847788,0.269650847,-0.453965515,-0.119639628,0.0535919964,0.0144871091,0.00262256362,-0.504779637,-0.226653621,-62.808445,-0.338902563,-0.119113833,0.0318400338,0.0215720677,-0.0363172412,-0.135891888,-0.0839224011,0.00115896873,0.00020980509,0.3,0.3,-0.3,-0.250835384,-0.00952910662,0.00254720271,0.0215720677,0.135891888,0.00115896873,0.3,-0.00952910662,0.3,-0.0363172412,-0.0839224011,0.00020980509,0.3,-0.250835384,0.00254720271
705,21865447,0.270014167,-0.453720301,-0.119733885,0.0535231195,0.0143932952,0.00253184885,-0.505156159,-0.226716891,-62.80867,-0.339029193,-0.119356908,0.0314747058,0.0216011333,-0.0362976241,-0.135920165,-0.0839430641,0.00115146361,0.000202547908,0.3,0.3,-0.3,-0.250854379,-0.00954855263,0.00251797646,0.0216011333,0.135920165,0.00115146361,0.3,-0.00954855263,0.3,-0.0362976241,-0.0839430641,0.000202547908,0.3,-0.250854379,0.00251797646
706,21891579,0.270292699,-0.453525752,-0.119867049,0.0535781421,0.0142684998,0.00236562407,-0.505315125,-0.226669028,-62.8090057,-0.339301556,-0.119348571,0.0315964855,0.0216234159,-0.0362820601,-0.135960115,-0.0839265574,0.00114147998,0.000189249925,0.3,0.3,-0.3,-0.250895233,-0.00954788566,0.00252771884,0.0216234159,0.135960115,0.00114147998,0.3,-0.00954788566,0.3,-0.0362820601,-0.0839265574,0.000189249925,0.3,-0.250895233,0.00252771884
707,21906237,0.270396113,-0.45351541,-0.119802549,0.0536390841,0.0142822443,0.00236881129,-0.505138993,-0.226434886,-62.8090935,-0.339559406,-0.119254045,0.032053411,0.0216316891,-0.0362812328,-0.135940765,-0.0839082748,0.00114257954,0.000189504903,0.3,0.3,-0.3,-0.250933911,-0.00954032362,0.00256427288,0.0216316891,0.135940765,0.00114257954,0.3,-0.00954032362,0.3,-0.0362812328,-0.0839082748,0.000189504903,0.3,-0.250933911,0.00256427288
708,21927206,0.270222992,-0.4537507,-0.119663984,0.0536988676,0.0143744722,0.00247242232,-0.504758596,-0.226110443,-62.8090172,-0.339807689,-0.119124025,0.0323794298,0.0216178393,-0.036300056,-0.135899195,-0.0838903397,0.00114995778,0.000197793785,0.3,0.3,-0.3,-0.250971153,-0.00952992201,0.00259035438,0.0216178393,0.135899195,0.00114995778,0.3,-0.00952992201,0.3,-0.036300056,-0.0838903397,0.000197793785,0.3,-0.250971153,0.00259035438
709,21961719,0.270208687,-0.453709841,-0.119759835,0.0537272505,0.0143148005,0.0023794889,-0.504751384,-0.2260122,-62.8090401,-0.339889646,-0.11906974,0.032002531,0.0216166949,-0.0362967873,-0.135927951,-0.0838818248,0.00114518404,0.000190359112,0.3,0.3,-0.3,-0.250983447,-0.00952557921,0.00256020248,0.0216166949,0.135927951,0.00114518404,0.3,-0.00952557921,0.3,-0.0362967873,-0.0838818248,0.000190359112,0.3,-0.250983447,0.00256020248
710,21969588,0.270269722,-0.453613341,-0.119807646,0.0535550527,0.0142820412,0.00235939003,-0.504912972,-0.226139709,-62.809269,-0.339925677,-0.119066514,0.0316346698,0.0216215777,-0.0362890673,-0.135942294,-0.0839334842,0.0011425633,0.000188751202,0.3,0.3,-0.3,-0.250988851,-0.00952532113,0.00253077358,0.0216215777,0.135942294,0.0011425633,0.3,-0.00952532113,0.3,-0.0362890673,-0.0839334842,0.000188751202,0.3,-0.250988851,0.00253077358
711,21986285,0.270218045,-0.453843236,-0.119704828,0.053486377,0.0143926535,0.0025079858,-0.504732132,-0.226242006,-62.8095589,-0.339951068,-0.118786551,0.0316097029,0.0216174436,-0.0363074589,-0.135911448,-0.0839540869,0.00115141228,0.000200638864,0.3,0.3,-0.3,-0.25099266,-0.00950292408,0.00252877623,0.0216174436,0.135911448,0.00115141228,0.3,-0.00950292408,0.3,-0.0363074589,-0.0839540869,0.000200638864,0.3,-0.25099266,0.00252877623
712,22010763,0.270049632,-0.454318225,-0.119696148,0.0535813905,0.0144868912,0.00264918106,-0.504436791,-0.226215407,-62.8096809,-0.33986187,-0.118444502,0.0317379162,0.0216039705,-0.036345458,-0.135908844,-0.0839255828,0.0011589513,0.000211934485,0.3,0.3,-0.3,-0.25097928,-0.00947556019,0.00253903329,0.0216039705,0.135908844,0.0011589513,0.3,-0.00947556019,0.3,-0.036345458,-0.0839255828,0.000211934485,0.3,-0.25097928,0.00253903329
713,22027291,0.269942194,-0.454542577,-0.119707018,0.0536842197,0.0144975996,0.00263597956,-0.504432678,-0.225814953,-62.8098335,-0.339851528,-0.118486248,0.0317394882,0.0215953755,-0.0363634062,-0.135912105,-0.0838947341,0.00115980797,0.000210878365,0.3,0.3,-0.3,-0.250977729,-0.00947889984,0.00253915906,0.0215953755,0.135912105,0.00115980797,0.3,-0.00947889984,0.3,-0.0363634062,-0.0838947341,0.000210878365,0.3,-0.250977729,0.00253915906
714,22047317,0.269941866,-0.454509735,-0.119853511,0.0538322479,0.0143813575,0.00248021795,-0.504505932,-0.225401536,-62.8098373,-0.339949995,-0.118465558,0.0318932459,0.0215953493,-0.0363607788,-0.135956053,-0.0838503256,0.0011505086,0.000198417436,0.3,0.3,-0.3,-0.250992499,-0.00947724462,0.00255145967,0.0215953493,0.135956053,0.0011505086,0.3,-0.00947724462,0.3,-0.0363607788,-0.0838503256,0.000198417436,0.3,-0.250992499,0.00255145967
715,22069083,0.269836426,-0.454393238,-0.120015845,0.0540320314,0.0142853316,0.00229460932,-0.504475355,-0.22499828,-62.8098068,-0.34006834,-0.118423596,0.0321102887,0.0215869141,-0.036351459,-0.136004753,-0.0837903906,0.00114282653,0.000183568746,0.3,0.3,-0.3,-0.251010251,-0.00947388768,0.0025688231,0.0215869141,0.136004753,0.00114282653,0.3,-0.00947388768,0.3,-0.036351459,-0.0837903906,0.000183568746,0.3,-0.251010251,0.0025688231
716,22085893,0.269893974,-0.454005688,-0.120104261,0.0539876297,0.0142214606,0.0021317529,-0.504733562,-0.224759877,-62.8097992,-0.340289384,-0.118603215,0.0321450271,0.0215915179,-0.0363204551,-0.136031278,-0.0838037111,0.00113771684,0.000170540232,0.3,0.3,-0.3,-0.251043408,-0.00948825717,0.00257160217,0.0215915179,0.136031278,0.00113771684,0.3,-0.00948825717,0.3,-0.0363204551,-0.0838037111,0.000170540232,0.3,-0.251043408,0.00257160217
717,22107952,0.26988107,-0.453813374,-0.120193549,0.0541770644,0.0140635166,0.00189080951,-0.504685342,-0.224439621,-62.8095055,-0.340576142,-0.118489489,0.0325654559,0.0215904856,-0.0363050699,-0.136058065,-0.0837468807,0.00112508133,0.000151264761,0.3,0.3,-0.3,-0.251086421,-0.00947915912,0.00260523647,0.0215904856,0.136058065,0.00112508133,0.3,-0.00947915912,0.3,-0.0363050699,-0.0837468807,0.000151264761,0.3,-0.251086421,0.00260523647
718,22127390,0.269701421,-0.453785658,-0.120298602,0.0543397553,0.0139892017,0.00177476683,-0.504576981,-0.22418493,-62.8091278,-0.34077251,-0.118336774,0.0327947773,0.0215761137,-0.0363028526,-0.136089581,-0.0836980734,0.00111913614,0.000141981347,0.3,0.3,-0.3,-0.251115876,-0.00946694195,0.00262358218,0.0215761137,0.136089581,0.00111913614,0.3,-0.00946694195,0.3,-0.0363028526,-0.0836980734,0.000141981347,0.3,-0.251115876,0.00262358218
719,22147315,0.269633591,-0.453933388,-0.120296344,0.0541760325,0.0140240295,0.00188706303,-0.50466758,-0.22418651,-62.8087349,-0.341062814,-0.118301935,0.033114437,0.0215706873,-0.036314671,-0.136088903,-0.0837471902,0.00112192236,0.000150965042,0.3,0.3,-0.3,-0.251159422,-0.00946415484,0.00264915496,0.0215706873,0.136088903,0.00112192236,0.3,-0.00946415484,0.3,-0.036314671,-0.0837471902,0.000150965042,0.3,-0.251159422,0.00264915496
720,22167325,0.269773662,-0.453749478,-0.120139606,0.0540568121,0.0141102001,0.00184436981,-0.504838824,-0.22404103,-62.8086662,-0.341241032,-0.118399158,0.032703694,0.021581893,-0.0362999582,-0.136041882,-0.0837829564,0.00112881601,0.000147549585,0.3,0.3,-0.3,-0.251186155,-0.00947193265,0.00261629552,0.021581893,0.136041882,0.00112881601,0.3,-0.00947193265,0.3,-0.0362999582,-0.0837829564,0.000147549585,0.3,-0.251186155,0.00261629552
721,22189784,0.269837797,-0.45355466,-0.120269962,0.0539976843,0.0141169429,0.00176817516,-0.504999697,-0.224212199,-62.8087463,-0.341306567,-0.118336752,0.032315921,0.0215870237,-0.0362843728,-0.136080988,-0.0838006947,0.00112935543,0.000141454013,0.3,0.3,-0.3,-0.251195985,-0.00946694016,0.00258527368,0.0215870237,0.136080988,0.00112935543,0.3,-0.00946694016,0.3,-0.0362843728,-0.0838006947,0.000141454013,0.3,-0.251195985,0.00258527368
722,22206030,0.269705921,-0.453490376,-0.12044993,0.0540852882,0.0140662501,0.00167504756,-0.505054235,-0.224347249,-62.8087959,-0.341408223,-0.118069008,0.0324457921,0.0215764737,-0.0362792301,-0.136134979,-0.0837744135,0.00112530001,0.000134003805,0.3,0.3,-0.3,-0.251211233,-0.00944552064,0.00259566337,0.0215764737,0.136134979,0.00112530001,0.3,-0.00944552064,0.3,-0.0362792301,-0.0837744135,0.000134003805,0.3,-0.251211233,0.00259566337
723,22230908,0.269599617,-0.453815013,-0.120414011,0.0541019775,0.0141540579,0.00180957525,-0.505074263,-0.224315345,-62.8088417,-0.341513157,-0.117720351,0.0328271836,0.0215679693,-0.0363052011,-0.136124203,-0.0837694068,0.00113232464,0.00014476602,0.3,0.3,-0.3,-0.251226974,-0.00941762805,0.00262617469,0.0215679693,0.136124203,0.00113232464,0.3,-0.00941762805,0.3,-0.0363052011,-0.0837694068,0.00014476602,0.3,-0.251226974,0.00262617469
724,22246452,0.26951623,-0.454162359,-0.120559461,0.0541189276,0.0141244959,0.00188225042,-0.50515902,-0.224330097,-62.8088722,-0.34153229,-0.117383733,0.0332580656,0.0215612984,-0.0363329887,-0.136167838,-0.0837643217,0.00112995967,0.000150580034,0.3,0.3,-0.3,-0.251229843,-0.00939069867,0.00266064525,0.0215612984,0.136167838,0.00112995967,0.3,-0.00939069867,0.3,-0.0363329887,-0.0837643217,0.000150580034,0.3,-0.251229843,0.00266064525
725,22271719,0.269561976,-0.454397529,-0.120617278,0.0540730953,0.014163048,0.00192182057,-0.505475104,-0.224373013,-62.8090096,-0.341603369,-0.117338531,0.0333144329,0.0215649581,-0.0363518023,-0.136185183,-0.0837780714,0.00113304384,0.000153745646,0.3,0.3,-0.3,-0.251240505,-0.00938708246,0.00266515464,0.0215649581,0.136185183,0.00113304384,0.3,-0.00938708246,0.3,-0.0363518023,-0.0837780714,0.000153745646,0.3,-0.251240505,0.00266515464
726,22287424,0.269853503,-0.454153895,-0.120632723,0.0540768243,0.0141242808,0.00177773996,-0.5058496,-0.224221498,-62.80933,-0.341767699,-0.11748758,0.0330331698,0.0215882802,-0.0363323116,-0.136189817,-0.0837769527,0.00112994246,0.000142219197,0.3,0.3,-0.3,-0.251265155,-0.00939900637,0.00264265358,0.0215882802,0.136189817,0.00112994246,0.3,-0.00939900637,0.3,-0.0363323116,-0.0837769527,0.000142219197,0.3,-0.251265155,0.00264265358
727,22307354,0.270011663,-0.454004139,-0.12071681,0.0540242046,0.0141426353,0.00173344591,-0.506043792,-0.224331453,-62.8096466,-0.341913015,-0.117352888,0.0330376402,0.0216009331,-0.0363203311,-0.136215043,-0.0837927386,0.00113141082,0.000138675673,0.3,0.3,-0.3,-0.251286952,-0.00938823104,0.00264301121,0.0216009331,0.136215043,0.00113141082,0.3,-0.00938823104,0.3,-0.0363203311,-0.0837927386,0.000138675673,0.3,-0.251286952,0.00264301121
728,22332376,0.270089656,-0.453955084,-0.120882303,0.0539733917,0.0141220521,0.00167383498,-0.506380677,-0.224555969,-62.8100319,-0.34207201,-0.117151126,0.0332417861,0.0216071725,-0.0363164067,-0.136264691,-0.0838079825,0.00112976417,0.000133906798,0.3,0.3,-0.3,-0.251310802,-0.0093720901,0.00265934289,0.0216071725,0.136264691,0.00112976417,0.3,-0.0093720901,0.3,-0.0363164067,-0.0838079825,0.000133906798,0.3,-0.251310802,0.00265934289
729,22345779,0.269942045,-0.454244435,-0.120964982,0.0540571176,0.0141448239,0.00172344549,-0.506526291,-0.224610314,-62.8103523,-0.342330307,-0.116715819,0.0340514556,0.0215953636,-0.0363395548,-0.136289494,-0.0837828647,0.00113158591,0.000137875639,0.3,0.3,-0.3,-0.251349546,-0.00933726549,0.00272411644,0.0215953636,0.136289494,0.00113158591,0.3,-0.00933726549,0.3,-0.0363395548,-0.0837828647,0.000137875639,0.3,-0.251349546,0.00272411644
730,22373416,0.269714803,-0.454644501,-0.120927744,0.0541388616,0.0142417122,0.00186693831,-0.50653708,-0.224476442,-62.8105583,-0.342636257,-0.116288699,0.0348689295,0.0215771842,-0.0363715601,-0.136278323,-0.0837583415,0.00113933697,0.000149355065,0.3,0.3,-0.3,-0.251395439,-0.00930309594,0.00278951436,0.0215771842,0.136278323,0.00113933697,0.3,-0.00930309594,0.3,-0.0363715601,-0.0837583415,0.000149355065,0.3,-0.251395439,0.00278951436
731,22385342,0.269718379,-0.4545075,-0.120873928,0.0543008894,0.0141851921,0.00169282092,-0.506656647,-0.223871276,-62.8108559,-0.343024343,-0.116384111,0.035005115,0.0215774703,-0.0363606,-0.136262178,-0.0837097332,0.00113481537,0.000135425674,0.3,0.3,-0.3,-0.251453651,-0.00931072891,0.0028004092,0.0215774703,0.136262178,0.00113481537,0.3,-0.00931072891,0.3,-0.0363606,-0.0837097332,0.000135425674,0.3,-0.251453651,0.0028004092
732,22417952,0.269943476,-0.454020917,-0.120873027,0.0542286597,0.0141212177,0.00151758851,-0.506949246,-0.223621264,-62.8111687,-0.343393803,-0.116518602,0.0347050019,0.0215954781,-0.0363216734,-0.136261908,-0.0837314021,0.00112969741,0.00012140708,0.3,0.3,-0.3,-0.25150907,-0.00932148814,0.00277640015,0.0215954781,0.136261908,0.00112969741,0.3,-0.00932148814,0.3,-0.0363216734,-0.0837314021,0.00012140708,0.3,-0.25150907,0.00277640015
733,22426710,0.270165414,-0.453207165,-0.121045284,0.0543191992,0.0138789294,0.00109727692,-0.507188678,-0.223312557,-62.8115883,-0.343681842,-0.116652369,0.0341595337,0.0216132331,-0.0362565732,-0.136313585,-0.0837042402,0.00111031435,8.77821539e-05,0.3,0.3,-0.3,-0.251552276,-0.00933218956,0.00273276269,0.0216132331,0.136313585,0.00111031435,0.3,-0.00933218956,0.3,-0.0362565732,-0.0837042402,8.77821539e-05,0.3,-0.251552276,0.00273276269
734,22448202,0.269880235,-0.453031182,-0.121165521,0.0545641184,0.0138012292,0.000961633516,-0.50689131,-0.222995341,-62.8118248,-0.344069779,-0.116257608,0.0346302949,0.0215904188,-0.0362424946,-0.136349656,-0.0836307645,0.00110409833,7.69306812e-05,0.3,0.3,-0.3,-0.251610467,-0.00930060863,0.00277042359,0.0215904188,0.136349656,0.00110409833,0.3,-0.00930060863,0.3,-0.0362424946,-0.0836307645,7.69306812e-05,0.3,-0.251610467,0.00277042359
735,22472976,0.269636035,-0.452807367,-0.121148117,0.054677289,0.0138211166,0.000881038723,-0.506685376,-0.222596228,-62.8118019,-0.344298989,-0.116025634,0.0344252549,0.0215708828,-0.0362245893,-0.136344435,-0.0835968133,0.00110568933,7.04830978e-05,0.3,0.3,-0.3,-0.251644848,-0.00928205073,0.00275402039,0.0215708828,0.136344435,0.00110568933,0.3,-0.00928205073,0.3,-0.0362245893,-0.0835968133,7.04830978e-05,0.3,-0.251644848,0.00275402039
736,22484866,0.269381523,-0.452690214,-0.121281199,0.0546237044,0.0138201518,0.000805506308,-0.506729186,-0.22253412,-62.8120842,-0.344441861,-0.115792111,0.0343479626,0.0215505219,-0.0362152171,-0.13638436,-0.0836128887,0.00110561214,6.44405046e-05,0.3,0.3,-0.3,-0.251666279,-0.00926336884,0.00274783701,0.0215505219,0.13638436,0.00110561214,0.3,-0.00926336884,0.3,-0.0362152171,-0.0836128887,6.44405046e-05,0.3,-0.251666279,0.00274783701
737,22510200,0.269309551,-0.45264715,-0.121262059,0.0542799756,0.0139389345,0.0009647673,-0.50698334,-0.222899139,-62.8124771,-0.344535053,-0.11564564,0.0343737379,0.021544764,-0.036211772,-0.136378618,-0.0837160073,0.00111511476,7.7181384e-05,0.3,0.3,-0.3,-0.251680258,-0.00925165117,0.00274989903,0.021544764,0.136378618,0.00111511476,0.3,-0.00925165117,0.3,-0.036211772,-0.0837160073,7.7181384e-05,0.3,-0.251680258,0.00274989903
738,22530093,0.26927036,-0.452635169,-0.121370219,0.0543304794,0.0139290122,0.000880131905,-0.507110059,-0.222918853,-62.8131142,-0.344632417,-0.115470126,0.0343402959,0.0215416288,-0.0362108135,-0.136411066,-0.0837008562,0.00111432098,7.04105524e-05,0.3,0.3,-0.3,-0.251694863,-0.0092376101,0.00274722368,0.0215416288,0.136411066,0.00111432098,0.3,-0.0092376101,0.3,-0.0362108135,-0.0837008562,7.04105524e-05,0.3,-0.251694863,0.00274722368
739,22546588,0.269085437,-0.452850014,-0.121364027,0.0545252785,0.0139845768,0.00090686162,-0.506991744,-0.222714543,-62.8134956,-0.34474656,-0.115172699,0.0348867252,0.021526835,-0.0362280011,-0.136409208,-0.0836424164,0.00111876614,7.25489296e-05,0.3,0.3,-0.3,-0.251711984,-0.00921381593,0.00279093802,0.021526835,0.136409208,0.00111876614,0.3,-0.00921381593,0.3,-0.0362280011,-0.0836424164,7.25489296e-05,0.3,-0.251711984,0.00279093802
740,22575826,0.269002199,-0.453067034,-0.121430218,0.0546713695,0.0139470128,0.000853414007,-0.507073462,-0.222345173,-62.8137321,-0.344938487,-0.114970878,0.0352647938,0.0215201759,-0.0362453628,-0.136429065,-0.0835985892,0.00111576103,6.82731206e-05,0.3,0.3,-0.3,-0.251740773,-0.00919767022,0.0028211835,0.0215201759,0.136429065,0.00111576103,0.3,-0.00919767022,0.3,-0.0362453628,-0.0835985892,6.82731206e-05,0.3,-0.251740773,0.0028211835
741,22585130,0.2687383,-0.453362703,-0.121634521,0.0549545214,0.013846104,0.000774723187,-0.506957114,-0.221834496,-62.8138428,-0.34522438,-0.114642076,0.0362216756,0.021499064,-0.0362690163,-0.136490356,-0.0835136436,0.00110768832,6.19778549e-05,0.3,0.3,-0.3,-0.251783657,-0.0091713661,0.00289773405,0.021499064,0.136490356,0.00110768832,0.3,-0.0091713661,0.3,-0.0362690163,-0.0835136436,6.19778549e-05,0.3,-0.251783657,0.00289773405
742,22614529,0.26864782,-0.453393161,-0.121668614,0.0550363697,0.0138137862,0.000738456205,-0.506987095,-0.221296772,-62.8137398,-0.345632166,-0.114634454,0.036770083,0.0214918256,-0.0362714529,-0.136500584,-0.0834890891,0.0011051029,5.90764964e-05,0.3,0.3,-0.3,-0.251844825,-0.00917075634,0.00294160664,0.0214918256,0.136500584,0.0011051029,0.3,-0.00917075634,0.3,-0.0362714529,-0.0834890891,5.90764964e-05,0.3,-0.251844825,0.00294160664
743,22626524,0.268830478,-0.453109145,-0.121865451,0.0551331826,0.0136065604,0.000444108096,-0.507284403,-0.220802322,-62.8137856,-0.346073717,-0.114824593,0.0369376615,0.0215064383,-0.0362487316,-0.136559635,-0.0834600452,0.00108852483,3.55286477e-05,0.3,0.3,-0.3,-0.251911058,-0.00918596745,0.00295501292,0.0215064383,0.136559635,0.00108852483,0.3,-0.00918596745,0.3,-0.0362487316,-0.0834600452,3.55286477e-05,0.3,-0.251911058,0.00295501292
744,22651902,0.269026726,-0.452707201,-0.121945083,0.0550911091,0.0134956371,0.000229542027,-0.507568777,-0.220646039,-62.8138123,-0.346457183,-0.114909373,0.0371233076,0.0215221381,-0.0362165761,-0.136583525,-0.0834726673,0.00107965097,1.83633622e-05,0.3,0.3,-0.3,-0.251968578,-0.00919274986,0.00296986461,0.0215221381,0.136583525,0.00107965097,0.3,-0.00919274986,0.3,-0.0362165761,-0.0834726673,1.83633622e-05,0.3,-0.251968578,0.00296986461
745,22668466,0.269457728,-0.452105254,-0.122046903,0.0548780113,0.0133516993,-1.32271012e-07,-0.508153856,-0.220766395,-62.8140068,-0.346803427,-0.115211569,0.0368320383,0.0215566182,-0.0361684203,-0.136614071,-0.0835365966,0.00106813595,-1.0581681e-08,0.3,0.3,-0.3,-0.252020514,-0.0092169255,0.00294656307,0.0215566182,0.136614071,0.00106813595,0.3,-0.0092169255,0.3,-0.0361684203,-0.0835365966,-1.0581681e-08,0.3,-0.252020514,0.00294656307
746,22688734,0.269597173,-0.451761901,-0.121874265,0.0550359748,0.0133700036,-0.000193889078,-0.508042693,-0.220497325,-62.814167,-0.347150087,-0.115169488,0.036593888,0.0215677738,-0.0361409521,-0.13656228,-0.0834892076,0.00106960028,-1.55111263e-05,0.3,0.3,-0.3,-0.252072513,-0.00921355903,0.00292751104,0.0215677738,0.13656228,0.00106960028,0.3,-0.00921355903,0.3,-0.0361409521,-0.0834892076,-1.55111263e-05,0.3,-0.252072513,0.00292751104
747,22706296,0.269567668,-0.451480657,-0.12195801,0.0552902222,0.0132131809,-0.000446346297,-0.507826567,-0.220033348,-62.8141747,-0.347438425,-0.11503268,0.0365668908,0.0215654135,-0.0361184525,-0.136587403,-0.0834129333,0.00105705447,-3.57077038e-05,0.3,0.3,-0.3,-0.252115764,-0.00920261443,0.00292535126,0.0215654135,0.136587403,0.00105705447,0.3,-0.00920261443,0.3,-0.0361184525,-0.0834129333,-3.57077038e-05,0.3,-0.252115764,0.00292535126
748,22726400,0.269465476,-0.451452404,-0.122121312,0.0551816151,0.0131502561,-0.000444314821,-0.507857323,-0.219966248,-62.8142662,-0.347740591,-0.114849426,0.0368901491,0.0215572381,-0.0361161923,-0.136636394,-0.0834455155,0.00105202049,-3.55451857e-05,0.3,0.3,-0.3,-0.252161089,-0.00918795407,0.00295121193,0.0215572381,0.136636394,0.00105202049,0.3,-0.00918795407,0.3,-0.0361161923,-0.0834455155,-3.55451857e-05,0.3,-0.252161089,0.00295121193
749,22750552,0.269586742,-0.451058388,-0.122288108,0.0550291687,0.0130443256,-0.00059497077,-0.508223534,-0.220058709,-62.81464,-0.347885698,-0.1147741,0.0365358964,0.0215669394,-0.036084671,-0.136686432,-0.0834912494,0.00104354605,-4.75976616e-05,0.3,0.3,-0.3,-0.252182855,-0.00918192804,0.00292287171,0.0215669394,0.136686432,0.00104354605,0.3,-0.00918192804,0.3,-0.036084671,-0.0834912494,-4.75976616e-05,0.3,-0.252182855,0.00292287171
750,22767395,0.269602537,-0.450921685,-0.122464053,0.0547351651,0.0131032355,-0.000531681231,-0.508594155,-0.220789924,-62.8153076,-0.34784925,-0.114358984,0.0364159681,0.021568203,-0.0360737348,-0.136739216,-0.0835794505,0.00104825884,-4.25344985e-05,0.3,0.3,-0.3,-0.252177387,-0.00914871871,0.00291327745,0.021568203,0.136739216,0.00104825884,0.3,-0.00914871871,0.3,-0.0360737348,-0.0835794505,-4.25344985e-05,0.3,-0.252177387,0.00291327745
751,22789919,0.269591451,-0.451081276,-0.122417465,0.0543880053,0.0133085474,-0.000334359793,-0.509010494,-0.221635401,-62.8161926,-0.347906291,-0.113911264,0.036790479,0.0215673161,-0.0360865021,-0.136725239,-0.0836835984,0.00106468379,-2.67487834e-05,0.3,0.3,-0.3,-0.252185944,-0.00911290109,0.00294323832,0.0215673161,0.136725239,0.00106468379,0.3,-0.00911290109,0.3,-0.0360865021,-0.0836835984,-2.67487834e-05,0.3,-0.252185944,0.00294323832
752,22805909,0.269554257,-0.451464325,-0.122287095,0.054452423,0.0135019096,-0.000188083184,-0.509184062,-0.22194691,-62.8170319,-0.348001242,-0.113436021,0.0373371616,0.0215643406,-0.036117146,-0.136686128,-0.0836642731,0.00108015276,-1.50466547e-05,0.3,0.3,-0.3,-0.252200186,-0.00907488167,0.00298697293,0.0215643406,0.136686128,0.00108015276,0.3,-0.00907488167,0.3,-0.036117146,-0.0836642731,-1.50466547e-05,0.3,-0.252200186,0.00298697293
753,22828695,0.26954487,-0.451802075,-0.122133017,0.0545604676,0.0136478674,-5.98075239e-05,-0.509262621,-0.221797258,-62.8176346,-0.348094612,-0.11327704,0.0377521329,0.0215635896,-0.036144166,-0.136639905,-0.0836318597,0.00109182939,-4.78460192e-06,0.3,0.3,-0.3,-0.252214192,-0.00906216323,0.00302017063,0.0215635896,0.136639905,0.00109182939,0.3,-0.00906216323,0.3,-0.036144166,-0.0836318597,-4.78460192e-06,0.3,-0.252214192,0.00302017063
754,22846317,0.269665003,-0.452043265,-0.122254282,0.0545626879,0.0136323366,-1.60924919e-05,-0.509638548,-0.221704841,-62.8184013,-0.348320365,-0.11324323,0.0383624807,0.0215732002,-0.0361634612,-0.136676285,-0.0836311936,0.00109058693,-1.28739935e-06,0.3,0.3,-0.3,-0.252248055,-0.00905945837,0.00306899846,0.0215732002,0.136676285,0.00109058693,0.3,-0.00905945837,0.3,-0.0361634612,-0.0836311936,-1.28739935e-06,0.3,-0.252248055,0.00306899846
755,22878643,0.269962728,-0.451557994,-0.122153319,0.0548525304,0.0135229239,-0.000310974574,-0.5097211,-0.220903859,-62.8190002,-0.348605514,-0.113563657,0.03797663,0.0215970182,-0.0361246395,-0.136645996,-0.0835442409,0.00108183391,-2.48779659e-05,0.3,0.3,-0.3,-0.252290827,-0.00908509254,0.0030381304,0.0215970182,0.136645996,0.00108183391,0.3,-0.00908509254,0.3,-0.0361246395,-0.0835442409,-2.48779659e-05,0.3,-0.252290827,0.0030381304
756,22886417,0.270042211,-0.451023489,-0.122339584,0.0553207323,0.0132178981,-0.000760613068,-0.509501338,-0.219995171,-62.8193512,-0.348986596,-0.113683037,0.0379291773,0.0216033769,-0.0360818791,-0.136701875,-0.0834037803,0.00105743185,-6.08490454e-05,0.3,0.3,-0.3,-0.252347989,-0.009094643,0.00303433418,0.0216033769,0.136701875,0.00105743185,0.3,-0.009094643,0.3,-0.0360818791,-0.0834037803,-6.08490454e-05,0.3,-0.252347989,0.00303433418
757,22905549,0.270035774,-0.450482458,-0.122707061,0.0552994758,0.0129553089,-0.00101338199,-0.509564042,-0.219912723,-62.8194923,-0.349267215,-0.113512494,0.0380803533,0.0216028619,-0.0360385966,-0.136812118,-0.0834101573,0.00103642471,-8.10705591e-05,0.3,0.3,-0.3,-0.252390082,-0.00908099949,0.00304642826,0.0216028619,0.136812118,0.00103642471,0.3,-0.00908099949,0.3,-0.0360385966,-0.0834101573,-8.10705591e-05,0.3,-0.252390082,0.00304642826
758,22927488,0.269994587,-0.450077116,-0.122782998,0.0551345907,0.012905404,-0.00108509697,-0.509645224,-0.220112264,-62.8197403,-0.349490017,-0.113358803,0.0378669426,0.0215995669,-0.0360061693,-0.136834899,-0.0834596228,0.00103243232,-8.68077576e-05,0.3,0.3,-0.3,-0.252423503,-0.00906870425,0.00302935541,0.0215995669,0.136834899,0.00103243232,0.3,-0.00906870425,0.3,-0.0360061693,-0.0834596228,-8.68077576e-05,0.3,-0.252423503,0.00302935541
759,22949322,0.269581616,-0.450588048,-0.122425824,0.055072464,0.0131748654,-0.000754542765,-0.509144127,-0.220137402,-62.8200264,-0.349712163,-0.11293713,0.0385237597,0.0215665293,-0.0360470438,-0.136727747,-0.0834782608,0.00105398923,-6.03634212e-05,0.3,0.3,-0.3,-0.252456824,-0.0090349704,0.00308190078,0.0215665293,0.136727747,0.00105398923,0.3,-0.0090349704,0.3,-0.0360470438,-0.0834782608,-6.03634212e-05,0.3,-0.252456824,0.00308190078
760,22967235,0.269258082,-0.451221704,-0.122325316,0.0550889112,0.0133458162,-0.00053004385,-0.508925796,-0.219973519,-62.8203239,-0.349857509,-0.112732217,0.0388486944,0.0215406466,-0.0360977364,-0.136697595,-0.0834733266,0.00106766529,-4.2403508e-05,0.3,0.3,-0.3,-0.252478626,-0.00901857734,0.00310789555,0.0215406466,0.136697595,0.00106766529,0.3,-0.00901857734,0.3,-0.0360977364,-0.0834733266,-4.2403508e-05,0.3,-0.252478626,0.00310789555
761,22995357,0.268948972,-0.451829284,-0.12244153,0.0551820919,0.0134128118,-0.000382441038,-0.508936822,-0.219759151,-62.8205452,-0.350067258,-0.112558253,0.0394761376,0.0215159178,-0.0361463428,-0.136732459,-0.0834453724,0.00107302494,-3.0595283e-05,0.3,0.3,-0.3,-0.252510089,-0.00900466025,0.00315809101,0.0215159178,0.136732459,0.00107302494,0.3,-0.00900466025,0.3,-0.0361463428,-0.0834453724,-3.0595283e-05,0.3,-0.252510089,0.00315809101
762,23005699,0.269073099,-0.451627225,-0.122564472,0.0552259311,0.0133286407,-0.000512470957,-0.509303391,-0.219446793,-62.8207893,-0.350219637,-0.112685941,0.0391968414,0.0215258479,-0.036130178,-0.136769342,-0.0834322207,0.00106629126,-4.09976766e-05,0.3,0.3,-0.3,-0.252532946,-0.00901487529,0.00313574731,0.0215258479,0.136769342,0.00106629126,0.3,-0.00901487529,0.3,-0.036130178,-0.0834322207,-4.09976766e-05,0.3,-0.252532946,0.00313574731
763,23026334,0.269264638,-0.451019496,-0.122529037,0.055367507,0.0132215898,-0.00085581583,-0.509379387,-0.218934596,-62.8211174,-0.35039109,-0.112812765,0.0385437347,0.0215411711,-0.0360815597,-0.136758711,-0.0833897479,0.00105772719,-6.84652664e-05,0.3,0.3,-0.3,-0.252558663,-0.0090250212,0.00308349878,0.0215411711,0.136758711,0.00105772719,0.3,-0.0090250212,0.3,-0.0360815597,-0.0833897479,-6.84652664e-05,0.3,-0.252558663,0.00308349878
764,23052465,0.26934126,-0.450156778,-0.122649662,0.0554287098,0.0130243152,-0.00124533381,-0.509485185,-0.218611628,-62.8214302,-0.350545585,-0.112977505,0.0379220173,0.0215473008,-0.0360125422,-0.136794899,-0.083371387,0.00104194522,-9.96267051e-05,0.3,0.3,-0.3,-0.252581838,-0.00903820038,0.00303376138,0.0215473008,0.136794899,0.00104194522,0.3,-0.00903820038,0.3,-0.0360125422,-0.083371387,-9.96267051e-05,0.3,-0.252581838,0.00303376138
765,23065403,0.269200891,-0.449514985,-0.122812457,0.055529274,0.0128764091,-0.00155257003,-0.509454489,-0.218442529,-62.8217239,-0.350728065,-0.112821221,0.0377390981,0.0215360713,-0.0359611988,-0.136843737,-0.0833412178,0.00103011273,-0.000124205602,0.3,0.3,-0.3,-0.25260921,-0.00902569771,0.00301912785,0.0215360713,0.136843737,0.00103011273,0.3,-0.00902569771,0.3,-0.0359611988,-0.0833412178,-0.000124205602,0.3,-0.25260921,0.00301912785
766,23088962,0.268719792,-0.449314058,-0.122853249,0.0555952676,0.0129284346,-0.00155965122,-0.509206414,-0.218444169,-62.8218307,-0.350810587,-0.112425223,0.0378796197,0.0214975834,-0.0359451246,-0.136855975,-0.0833214197,0.00103427477,-0.000124772098,0.3,0.3,-0.3,-0.252621588,-0.00899401784,0.00303036958,0.0214975834,0.136855975,0.00103427477,0.3,-0.00899401784,0.3,-0.0359451246,-0.0833214197,-0.000124772098,0.3,-0.252621588,0.00303036958
767,23110925,0.268310696,-0.449323237,-0.122899465,0.055499617,0.0129814409,-0.00152009423,-0.509203196,-0.2184643,-62.8220978,-0.350914598,-0.112156533,0.0380992554,0.0214648557,-0.035945859,-0.13686984,-0.0833501149,0.00103851527,-0.000121607538,0.3,0.3,-0.3,-0.25263719,-0.00897252262,0.00304794043,0.0214648557,0.13686984,0.00103851527,0.3,-0.00897252262,0.3,-0.035945859,-0.0833501149,-0.000121607538,0.3,-0.25263719,0.00304794043
768,23128557,0.268139243,-0.449006647,-0.123111732,0.0555376224,0.0128495898,-0.00174365228,-0.509458065,-0.218413889,-62.8223839,-0.350975484,-0.112041704,0.0381404907,0.0214511395,-0.0359205317,-0.13693352,-0.0833387133,0.00102796718,-0.000139492182,0.3,0.3,-0.3,-0.252646323,-0.00896333635,0.00305123925,0.0214511395,0.13693352,0.00102796718,0.3,-0.00896333635,0.3,-0.0359205317,-0.0833387133,-0.000139492182,0.3,-0.252646323,0.00305123925
769,23147974,0.268006444,-0.448817104,-0.123049729,0.0556204617,0.0128778657,-0.00183109986,-0.509503424,-0.218155533,-62.8226547,-0.351076841,-0.112074524,0.0381949544,0.0214405155,-0.0359053683,-0.136914919,-0.0833138615,0.00103022926,-0.000146487989,0.3,0.3,-0.3,-0.252661526,-0.00896596193,0.00305559635,0.0214405155,0.136914919,0.00103022926,0.3,-0.00896596193,0.3,-0.0359053683,-0.0833138615,-0.000146487989,0.3,-0.252661526,0.00305559635
770,23167368,0.267889291,-0.448910356,-0.123095237,0.0555639602,0.0129288547,-0.001747253,-0.509575605,-0.218139827,-62.8229904,-0.351255357,-0.111943506,0.0389495865,0.0214311433,-0.0359128284,-0.136928571,-0.0833308119,0.00103430837,-0.00013978024,0.3,0.3,-0.3,-0.252688304,-0.00895548046,0.00311596692,0.0214311433,0.136928571,0.00103430837,0.3,-0.00895548046,0.3,-0.0359128284,-0.0833308119,-0.00013978024,0.3,-0.252688304,0.00311596692
771,23191453,0.268087775,-0.448689342,-0.123153672,0.0554975159,0.0128852632,-0.00183274853,-0.509866536,-0.218110934,-62.8232498,-0.351386756,-0.112042941,0.0391484313,0.021447022,-0.0358951473,-0.136946101,-0.0833507452,0.00103082106,-0.000146619882,0.3,0.3,-0.3,-0.252708013,-0.00896343529,0.0031318745,0.021447022,0.136946101,0.00103082106,0.3,-0.00896343529,0.3,-0.0358951473,-0.0833507452,-0.000146619882,0.3,-0.252708013,0.0031318745
772,23206068,0.268044025,-0.448997587,-0.123050958,0.0556522347,0.0129294628,-0.00176199665,-0.509780228,-0.217858762,-62.8233986,-0.351660132,-0.111899465,0.0397947058,0.021443522,-0.035919807,-0.136915287,-0.0833043296,0.00103435703,-0.000140959732,0.3,0.3,-0.3,-0.25274902,-0.00895195723,0.00318357646,0.021443522,0.136915287,0.00103435703,0.3,-0.00895195723,0.3,-0.035919807,-0.0833043296,-0.000140959732,0.3,-0.25274902,0.00318357646
773,23229917,0.268034011,-0.449375331,-0.123285294,0.0557440035,0.012782895,-0.00176971732,-0.509959102,-0.21768564,-62.8234329,-0.352012694,-0.111665174,0.041117467,0.0214427209,-0.0359500265,-0.136985588,-0.0832767989,0.0010226316,-0.000141577385,0.3,0.3,-0.3,-0.252801904,-0.00893321395,0.00328939736,0.0214427209,0.136985588,0.0010226316,0.3,-0.00893321395,0.3,-0.0359500265,-0.0832767989,-0.000141577385,0.3,-0.252801904,0.00328939736
774,23247744,0.268354923,-0.449103206,-0.123246506,0.0557104945,0.0127479108,-0.00193056895,-0.510395706,-0.217295468,-62.8235741,-0.35236159,-0.111973912,0.0408322364,0.0214683938,-0.0359282565,-0.136973952,-0.0832868516,0.00101983286,-0.000154445516,0.3,0.3,-0.3,-0.252854238,-0.00895791292,0.00326657891,0.0214683938,0.136973952,0.00101983286,0.3,-0.00895791292,0.3,-0.0359282565,-0.0832868516,-0.000154445516,0.3,-0.252854238,0.00326657891
775,23268002,0.268437237,-0.448468775,-0.123410583,0.0559426136,0.0125702983,-0.002291254,-0.510518014,-0.217083395,-62.8236618,-0.35266608,-0.111948952,0.0401384868,0.0214749789,-0.035877502,-0.137023175,-0.0832172159,0.00100562386,-0.00018330032,0.3,0.3,-0.3,-0.252899912,-0.00895591617,0.00321107894,0.0214749789,0.137023175,0.00100562386,0.3,-0.00895591617,0.3,-0.035877502,-0.0832172159,-0.00018330032,0.3,-0.252899912,0.00321107894
776,23287850,0.268320531,-0.448061347,-0.123320818,0.0560768582,0.0125091337,-0.00249723485,-0.510320365,-0.216662154,-62.8237991,-0.353025466,-0.111934491,0.0399929397,0.0214656425,-0.0358449078,-0.136996245,-0.0831769425,0.00100073069,-0.000199778788,0.3,0.3,-0.3,-0.25295382,-0.00895475924,0.00319943517,0.0214656425,0.136996245,0.00100073069,0.3,-0.00895475924,0.3,-0.0358449078,-0.0831769425,-0.000199778788,0.3,-0.25295382,0.00319943517
777,23307644,0.268264413,-0.447618961,-0.12343508,0.0560373478,0.0124586346,-0.00262663979,-0.510356009,-0.216544643,-62.8239861,-0.353287786,-0.111874774,0.0394457877,0.021461153,-0.0358095169,-0.137030524,-0.0831887957,0.000996690765,-0.000210131183,0.3,0.3,-0.3,-0.252993168,-0.00894998193,0.00315566301,0.021461153,0.137030524,0.000996690765,0.3,-0.00894998193,0.3,-0.0358095169,-0.0831887957,-0.000210131183,0.3,-0.252993168,0.00315566301
778,23327276,0.268072307,-0.447209954,-0.123565972,0.0558437034,0.012463714,-0.00265553384,-0.510327995,-0.216903672,-62.8243294,-0.353200883,-0.111657709,0.0389650986,0.0214457846,-0.0357767963,-0.137069792,-0.083246889,0.00099709712,-0.000212442707,0.3,0.3,-0.3,-0.252980132,-0.00893261671,0.00311720788,0.0214457846,0.137069792,0.00099709712,0.3,-0.00893261671,0.3,-0.0357767963,-0.083246889,-0.000212442707,0.3,-0.252980132,0.00311720788
779,23349333,0.267675698,-0.447359234,-0.123524159,0.0556967445,0.0126166129,-0.00245670346,-0.510276377,-0.217246622,-62.8250008,-0.353184521,-0.111364342,0.0389346518,0.0214140558,-0.0357887387,-0.137057248,-0.0832909767,0.00100932904,-0.000196536276,0.3,0.3,-0.3,-0.252977678,-0.00890914738,0.00311477214,0.0214140558,0.137057248,0.00100932904,0.3,-0.00890914738,0.3,-0.0357887387,-0.0832909767,-0.000196536276,0.3,-0.252977678,0.00311477214
780,23367036,0.267401546,-0.44756937,-0.123577565,0.0557019822,0.0126598189,-0.00241890084,-0.51032418,-0.217362076,-62.8256302,-0.353189856,-0.111052863,0.0393313505,0.0213921237,-0.0358055496,-0.137073269,-0.0832894053,0.00101278551,-0.000193512067,0.3,0.3,-0.3,-0.252978478,-0.00888422906,0.00314650804,0.0213921237,0.137073269,0.00101278551,0.3,-0.00888422906,0.3,-0.0358055496,-0.0832894053,-0.000193512067,0.3,-0.252978478,0.00314650804
781,23388387,0.267032087,-0.447853595,-0.1236085,0.0558184497,0.0128067406,-0.00231973198,-0.510347009,-0.21735464,-62.8262482,-0.35316655,-0.110723302,0.039802216,0.0213625669,-0.0358282876,-0.13708255,-0.0832544651,0.00102453925,-0.000185578559,0.3,0.3,-0.3,-0.252974983,-0.00885786414,0.00318417728,0.0213625669,0.13708255,0.00102453925,0.3,-0.00885786414,0.3,-0.0358282876,-0.0832544651,-0.000185578559,0.3,-0.252974983,0.00318417728
782,23407605,0.2667225,-0.448148698,-0.12360964,0.0559919663,0.012858402,-0.00224201288,-0.510333061,-0.217095062,-62.8266525,-0.35327667,-0.11056082,0.0403317213,0.0213378,-0.0358518958,-0.137082892,-0.0832024101,0.00102867216,-0.00017936103,0.3,0.3,-0.3,-0.2529915,-0.00884486556,0.0032265377,0.0213378,0.137082892,0.00102867216,0.3,-0.00884486556,0.3,-0.0358518958,-0.0832024101,-0.00017936103,0.3,-0.2529915,0.0032265377
783,23428479,0.26673314,-0.448165119,-0.123725638,0.0561194047,0.0127140917,-0.00237446651,-0.51048851,-0.216663048,-62.8270111,-0.353506237,-0.110705964,0.0406915657,0.0213386512,-0.0358532095,-0.137117691,-0.0831641786,0.00101712734,-0.000189957321,0.3,0.3,-0.3,-0.253025936,-0.00885647714,0.00325532526,0.0213386512,0.137117691,0.00101712734,0.3,-0.00885647714,0.3,-0.0358532095,-0.0831641786,-0.000189957321,0.3,-0.253025936,0.00325532526
784,23448726,0.266907096,-0.448008686,-0.123675138,0.0563049503,0.0126194842,-0.00254236744,-0.510524035,-0.216019556,-62.8272705,-0.353772759,-0.110989623,0.0407721438,0.0213525677,-0.0358406949,-0.137102541,-0.0831085149,0.00100955874,-0.000203389395,0.3,0.3,-0.3,-0.253065914,-0.00887916982,0.0032617715,0.0213525677,0.137102541,0.00100955874,0.3,-0.00887916982,0.3,-0.0358406949,-0.0831085149,-0.000203389395,0.3,-0.253065914,0.0032617715
785,23466837,0.267043263,-0.447713852,-0.12384931,0.0562202185,0.0125159128,-0.00266854581,-0.510715008,-0.215996012,-62.8275795,-0.353945732,-0.111115403,0.0406288058,0.021363461,-0.0358171082,-0.137154793,-0.0831339344,0.00100127302,-0.000213483665,0.3,0.3,-0.3,-0.25309186,-0.00888923228,0.00325030446,0.021363461,0.137154793,0.00100127302,0.3,-0.00888923228,0.3,-0.0358171082,-0.0831339344,-0.000213483665,0.3,-0.25309186,0.00325030446
786,23487981,0.267232865,-0.446815848,-0.123961046,0.0562119745,0.0123748817,-0.00304702413,-0.510998309,-0.21597375,-62.8280258,-0.35404855,-0.111419529,0.0392932929,0.0213786292,-0.0357452679,-0.137188314,-0.0831364077,0.000989990532,-0.000243761931,0.3,0.3,-0.3,-0.253107283,-0.0089135623,0.00314346343,0.0213786292,0.137188314,0.000989990532,0.3,-0.0089135623,0.3,-0.0357452679,-0.0831364077,-0.000243761931,0.3,-0.253107283,0.00314346343
787,23507984,0.267123193,-0.446320474,-0.123781011,0.0562810116,0.0124029256,-0.00322759524,-0.510812223,-0.215815753,-62.8285141,-0.354183882,-0.111386821,0.0385295227,0.0213698554,-0.0357056379,-0.137134303,-0.0831156965,0.000992234051,-0.000258207619,0.3,0.3,-0.3,-0.253127582,-0.00891094565,0.00308236182,0.0213698554,0.137134303,0.000992234051,0.3,-0.00891094565,0.3,-0.0357056379,-0.0831156965,-0.000258207619,0.3,-0.253127582,0.00308236182
788,23527962,0.26674363,-0.446516901,-0.123779155,0.0561999418,0.0125456005,-0.00308870408,-0.510559559,-0.216001779,-62.8288956,-0.354218692,-0.110937566,0.0388780273,0.0213394904,-0.0357213521,-0.137133747,-0.0831400175,0.00100364804,-0.000247096326,0.3,0.3,-0.3,-0.253132804,-0.00887500525,0.00311024219,0.0213394904,0.137133747,0.00100364804,0.3,-0.00887500525,0.3,-0.0357213521,-0.0831400175,-0.000247096326,0.3,-0.253132804,0.00311024219
789,23546659,0.266308308,-0.446834415,-0.123910673,0.0563704148,0.0125886621,-0.00306427153,-0.510362744,-0.215825796,-62.8292122,-0.354262024,-0.110615678,0.0394475386,0.0213046646,-0.0357467532,-0.137173202,-0.0830888756,0.00100709297,-0.000245141722,0.3,0.3,-0.3,-0.253139304,-0.00884925425,0.00315580308,0.0213046646,0.137173202,0.00100709297,0.3,-0.00884925425,0.3,-0.0357467532,-0.0830888756,-0.000245141722,0.3,-0.253139304,0.00315580308
790,23569940,0.265863806,-0.447351843,-0.12397179,0.0565577038,0.0126305735,-0.00285169506,-0.510111511,-0.215528592,-62.8289909,-0.354349077,-0.110310331,0.0402832367,0.0212691045,-0.0357881474,-0.137191537,-0.0830326889,0.00101044588,-0.000228135604,0.3,0.3,-0.3,-0.253152362,-0.00882482648,0.00322265893,0.0212691045,0.137191537,0.00101044588,0.3,-0.00882482648,0.3,-0.0357881474,-0.0830326889,-0.000228135604,0.3,-0.253152362,0.00322265893
791,23588492,0.265594095,-0.447535872,-0.124024123,0.0570482276,0.0124435425,-0.00312531018,-0.50983727,-0.214462414,-62.8285408,-0.354615659,-0.110274568,0.040795926,0.0212475276,-0.0358028698,-0.137207237,-0.0828855317,0.000995483398,-0.000250024814,0.3,0.3,-0.3,-0.253192349,-0.00882196546,0.00326367408,0.0212475276,0.137207237,0.000995483398,0.3,-0.00882196546,0.3,-0.0358028698,-0.0828855317,-0.000250024814,0.3,-0.253192349,0.00326367408
792,23608216,0.265416026,-0.44771859,-0.124111101,0.0572322085,0.0123892967,-0.00314671732,-0.509770513,-0.2137364,-62.8281174,-0.354875535,-0.110340901,0.041135706,0.0212332821,-0.0358174872,-0.13723333,-0.0828303374,0.000991143733,-0.000251737386,0.3,0.3,-0.3,-0.25323133,-0.00882727206,0.00329085648,0.0212332821,0.13723333,0.000991143733,0.3,-0.00882727206,0.3,-0.0358174872,-0.0828303374,-0.000251737386,0.3,-0.25323133,0.00329085648
793,23632615,0.265500575,-0.447562963,-0.12433482,0.0570879243,0.0122278836,-0.00321988063,-0.5100317,-0.213559717,-62.8277016,-0.355159819,-0.110554457,0.0411838777,0.021240046,-0.035805037,-0.137300446,-0.0828736227,0.000978230685,-0.00025759045,0.3,0.3,-0.3,-0.253273973,-0.00884435654,0.00329471022,0.021240046,0.137300446,0.000978230685,0.3,-0.00884435654,0.3,-0.035805037,-0.0828736227,-0.00025759045,0.3,-0.253273973,0.00329471022
794,23647438,0.265682518,-0.447405279,-0.124364384,0.0568537787,0.0122623341,-0.00319929468,-0.510369182,-0.213818163,-62.82761,-0.355406255,-0.110648558,0.0412191674,0.0212546015,-0.0357924223,-0.137309315,-0.0829438664,0.000980986729,-0.000255943574,0.3,0.3,-0.3,-0.253310938,-0.0088518846,0.00329753339,0.0212546015,0.137309315,0.000980986729,0.3,-0.0088518846,0.3,-0.0357924223,-0.0829438664,-0.000255943574,0.3,-0.253310938,0.00329753339
795,23678723,0.265810519,-0.447016269,-0.124384575,0.057101775,0.0120876618,-0.00348662259,-0.510379553,-0.213447183,-62.8273506,-0.355647534,-0.11078091,0.0410269536,0.0212648416,-0.0357613015,-0.137315372,-0.0828694675,0.000967012942,-0.000278929807,0.3,0.3,-0.3,-0.25334713,-0.00886247277,0.00328215629,0.0212648416,0.137315372,0.000967012942,0.3,-0.00886247277,0.3,-0.0357613015,-0.0828694675,-0.000278929807,0.3,-0.25334713,0.00328215629
796,23689711,0.265838265,-0.446671724,-0.124547161,0.0571016781,0.0119708329,-0.00369108259,-0.510588586,-0.213444829,-62.8271446,-0.355843246,-0.110761434,0.0409799889,0.0212670612,-0.0357337379,-0.137364148,-0.0828694966,0.000957666636,-0.000295286607,0.3,0.3,-0.3,-0.253376487,-0.00886091471,0.00327839911,0.0212670612,0.137364148,0.000957666636,0.3,-0.00886091471,0.3,-0.0357337379,-0.0828694966,-0.000295286607,0.3,-0.253376487,0.00327839911
797,23706210,0.265772969,-0.446544409,-0.124539942,0.0569285154,0.0120657869,-0.00362279289,-0.510803223,-0.213767573,-62.8270607,-0.356003672,-0.11051029,0.0411630981,0.0212618375,-0.0357235527,-0.137361982,-0.0829214454,0.000965262949,-0.000289823432,0.3,0.3,-0.3,-0.253400551,-0.00884082317,0.00329304785,0.0212618375,0.137361982,0.000965262949,0.3,-0.00884082317,0.3,-0.0357235527,-0.0829214454,-0.000289823432,0.3,-0.253400551,0.00329304785
798,23727876,0.265685171,-0.446483999,-0.12454024,0.0568939261,0.0120923566,-0.00359758292,-0.510880828,-0.213929683,-62.8271179,-0.356147319,-0.11031957,0.041339092,0.0212548137,-0.03571872,-0.137362072,-0.0829318222,0.000967388526,-0.000287806634,0.3,0.3,-0.3,-0.253422098,-0.00882556558,0.00330712736,0.0212548137,0.137362072,0.000967388526,0.3,-0.00882556558,0.3,-0.03571872,-0.0829318222,-0.000287806634,0.3,-0.253422098,0.00330712736
799,23747178,0.265657455,-0.446040541,-0.124597214,0.0569578372,0.0120750247,-0.00375604513,-0.511033416,-0.213963047,-62.8271523,-0.356224716,-0.110278524,0.0407137759,0.0212525964,-0.0356832433,-0.137379164,-0.0829126488,0.000966001973,-0.00030048361,0.3,0.3,-0.3,-0.253433707,-0.00882228196,0.00325710207,0.0212525964,0.137379164,0.000966001973,0.3,-0.00882228196,0.3,-0.0356832433,-0.0829126488,-0.00030048361,0.3,-0.253433707,0.00325710207
800,23766335,0.265581757,-0.445679784,-0.124543361,0.0568616316,0.0121384421,-0.00381422369,-0.511226833,-0.214146689,-62.8274651,-0.356223702,-0.11016988,0.0401901156,0.0212465405,-0.0356543827,-0.137363008,-0.0829415105,0.000971075371,-0.000305137895,0.3,0.3,-0.3,-0.253433555,-0.00881359041,0.00321520925,0.0212465405,0.137363008,0.000971075371,0.3,-0.00881359041,0.3,-0.0356543827,-0.0829415105,-0.000305137895,0.3,-0.253433555,0.00321520925
801,23788168,0.265369415,-0.445529938,-0.12441048,0.0568809956,0.012230834,-0.00380713632,-0.511107028,-0.214073777,-62.8279114,-0.356224775,-0.11005412,0.0398394242,0.0212295532,-0.035642395,-0.137323144,-0.0829357013,0.000978466719,-0.000304570906,0.3,0.3,-0.3,-0.253433716,-0.00880432963,0.00318715394,0.0212295532,0.137323144,0.000978466719,0.3,-0.00880432963,0.3,-0.035642395,-0.0829357013,-0.000304570906,0.3,-0.253433716,0.00318715394
802,23806858,0.265123039,-0.445581913,-0.124432452,0.0569922999,0.0122187007,-0.00381920091,-0.510841668,-0.213836819,-62.82827,-0.356263608,-0.109936059,0.0400888287,0.0212098432,-0.035646553,-0.137329736,-0.08290231,0.000977496058,-0.000305536073,0.3,0.3,-0.3,-0.253439541,-0.00879488468,0.00320710629,0.0212098432,0.137329736,0.000977496058,0.3,-0.00879488468,0.3,-0.035646553,-0.08290231,-0.000305536073,0.3,-0.253439541,0.00320710629
803,23834400,0.264789373,-0.445981532,-0.124595977,0.056971211,0.0122561436,-0.00358405639,-0.510712504,-0.213947743,-62.8284912,-0.356297702,-0.109551527,0.0411275327,0.0211831498,-0.0356785226,-0.137378793,-0.0829086367,0.000980491489,-0.000286724512,0.3,0.3,-0.3,-0.253444655,-0.00876412213,0.00329020262,0.0211831498,0.137378793,0.000980491489,0.3,-0.00876412213,0.3,-0.0356785226,-0.0829086367,-0.000286724512,0.3,-0.253444655,0.00329020262
804,23845883,0.264725268,-0.446466446,-0.124547161,0.0568108782,0.0122976312,-0.00335470261,-0.510850132,-0.213957459,-62.8285866,-0.35651055,-0.109400436,0.0425349437,0.0211780214,-0.0357173157,-0.137364148,-0.0829567365,0.000983810499,-0.000268376209,0.3,0.3,-0.3,-0.253476582,-0.0087520349,0.00340279549,0.0211780214,0.137364148,0.000983810499,0.3,-0.0087520349,0.3,-0.0357173157,-0.0829567365,-0.000268376209,0.3,-0.253476582,0.00340279549
805,23875467,0.264945447,-0.446452171,-0.124524258,0.0569593608,0.012194139,-0.003497269,-0.511083364,-0.213555783,-62.8286743,-0.356738508,-0.109549373,0.0428319275,0.0211956358,-0.0357161736,-0.137357277,-0.0829121917,0.000975531116,-0.00027978152,0.3,0.3,-0.3,-0.253510776,-0.00876394987,0.0034265542,0.0211956358,0.137357277,0.000975531116,0.3,-0.00876394987,0.3,-0.0357161736,-0.0829121917,-0.00027978152,0.3,-0.253510776,0.0034265542
806,23886602,0.265230983,-0.44622004,-0.124601051,0.0570805296,0.0120158363,-0.00372599484,-0.511314332,-0.213285878,-62.8286095,-0.356954336,-0.109757647,0.0427251682,0.0212184787,-0.0356976032,-0.137380315,-0.0828758411,0.000961266905,-0.000298079588,0.3,0.3,-0.3,-0.25354315,-0.00878061175,0.00341801345,0.0212184787,0.137380315,0.000961266905,0.3,-0.00878061175,0.3,-0.0356976032,-0.0828758411,-0.000298079588,0.3,-0.25354315,0.00341801345
807,23906572,0.265536904,-0.445861071,-0.124829523,0.0570365563,0.011850832,-0.00392000377,-0.511734724,-0.213433176,-62.8287811,-0.357218802,-0.109847672,0.0425707549,0.0212429523,-0.0356688857,-0.137448857,-0.0828890331,0.000948066562,-0.000313600302,0.3,0.3,-0.3,-0.25358282,-0.00878781378,0.00340566039,0.0212429523,0.137448857,0.000948066562,0.3,-0.00878781378,0.3,-0.0356688857,-0.0828890331,-0.000313600302,0.3,-0.25358282,0.00340566039
808,23933625,0.265914619,-0.445474476,-0.124810971,0.0568902344,0.0118725682,-0.00399746327,-0.512046039,-0.213741988,-62.8290253,-0.357383698,-0.10984993,0.0422377437,0.0212731695,-0.035637958,-0.137443291,-0.0829329297,0.000949805453,-0.000319797061,0.3,0.3,-0.3,-0.253607555,-0.00878799438,0.0033790195,0.0212731695,0.137443291,0.000949805453,0.3,-0.00878799438,0.3,-0.035637958,-0.0829329297,-0.000319797061,0.3,-0.253607555,0.0033790195
809,23948681,0.266002178,-0.444999874,-0.124802902,0.0569129884,0.011882483,-0.00416058209,-0.512124598,-0.213866293,-62.8293762,-0.35740611,-0.109865509,0.0413957685,0.0212801743,-0.0355999899,-0.137440871,-0.0829261035,0.000950598642,-0.000332846567,0.3,0.3,-0.3,-0.253610916,-0.00878924072,0.00331166148,0.0212801743,0.137440871,0.000950598642,0.3,-0.00878924072,0.3,-0.0355999899,-0.0829261035,-0.000332846567,0.3,-0.253610916,0.00331166148
810,23967862,0.265699476,-0.445121169,-0.124586254,0.0570572875,0.0120074721,-0.00412016269,-0.511704326,-0.213650092,-62.8296242,-0.35755524,-0.109687872,0.0414112732,0.0212559581,-0.0356096935,-0.137375876,-0.0828828137,0.000960597768,-0.000329613015,0.3,0.3,-0.3,-0.253633286,-0.00877502978,0.00331290185,0.0212559581,0.137375876,0.000960597768,0.3,-0.00877502978,0.3,-0.0356096935,-0.0828828137,-0.000329613015,0.3,-0.253633286,0.00331290185
811,23987661,0.26541543,-0.445286155,-0.124669999,0.0571865253,0.0119683146,-0.00408813823,-0.511449814,-0.213368788,-62.8297691,-0.357703775,-0.109521642,0.0418364368,0.0212332344,-0.0356228924,-0.137401,-0.0828440424,0.000957465172,-0.000327051058,0.3,0.3,-0.3,-0.253655566,-0.00876173139,0.00334691495,0.0212332344,0.137401,0.000957465172,0.3,-0.00876173139,0.3,-0.0356228924,-0.0828440424,-0.000327051058,0.3,-0.253655566,0.00334691495
812,24007835,0.265239626,-0.445334852,-0.124745011,0.0571479388,0.011999405,-0.00399940042,-0.511351228,-0.213335916,-62.8299026,-0.357749104,-0.109391719,0.0419744141,0.0212191701,-0.0356267881,-0.137423503,-0.0828556184,0.000959952399,-0.000319952033,0.3,0.3,-0.3,-0.253662366,-0.00875133753,0.00335795313,0.0212191701,0.137423503,0.000959952399,0.3,-0.00875133753,0.3,-0.0356267881,-0.0828556184,-0.000319952033,0.3,-0.253662366,0.00335795313
813,24030544,0.265208602,-0.445173204,-0.124713987,0.0570613071,0.0119453091,-0.00402717432,-0.511439443,-0.213247046,-62.8300476,-0.357840776,-0.109492749,0.0420461074,0.0212166882,-0.0356138563,-0.137414196,-0.0828816079,0.000955624729,-0.000322173946,0.3,0.3,-0.3,-0.253676116,-0.00875941992,0.00336368859,0.0212166882,0.137414196,0.000955624729,0.3,-0.00875941992,0.3,-0.0356138563,-0.0828816079,-0.000322173946,0.3,-0.253676116,0.00336368859
814,24046335,0.26514563,-0.445012987,-0.124765776,0.0571447909,0.0118522216,-0.00420139544,-0.511435628,-0.213088363,-62.8302155,-0.357949406,-0.109413147,0.0420950949,0.0212116504,-0.0356010389,-0.137429733,-0.0828565627,0.000948177725,-0.000336111635,0.3,0.3,-0.3,-0.253692411,-0.00875305176,0.00336760759,0.0212116504,0.137429733,0.000948177725,0.3,-0.00875305176,0.3,-0.0356010389,-0.0828565627,-0.000336111635,0.3,-0.253692411,0.00336760759
815,24071220,0.265228927,-0.444748938,-0.124910377,0.0569003932,0.0118116746,-0.0042346199,-0.511819899,-0.213457599,-62.8304367,-0.357956767,-0.109459378,0.0421885513,0.0212183142,-0.035579915,-0.137473113,-0.082929882,0.000944933966,-0.000338769592,0.3,0.3,-0.3,-0.253693515,-0.00875675023,0.0033750841,0.0212183142,0.137473113,0.000944933966,0.3,-0.00875675023,0.3,-0.035579915,-0.082929882,-0.000338769592,0.3,-0.253693515,0.0033750841
816,24087768,0.26518932,-0.444684565,-0.124863148,0.0570188686,0.0118192183,-0.00428027846,-0.511848032,-0.213432491,-62.8306999,-0.358101547,-0.109405152,0.0424856134,0.0212151456,-0.0355747652,-0.137458944,-0.0828943394,0.000945537463,-0.000342422277,0.3,0.3,-0.3,-0.253715232,-0.0087524122,0.00339884907,0.0212151456,0.137458944,0.000945537463,0.3,-0.0087524122,0.3,-0.0355747652,-0.0828943394,-0.000342422277,0.3,-0.253715232,0.00339884907
817,24109303,0.265208691,-0.444626033,-0.124726176,0.0571351424,0.011853124,-0.00430094637,-0.511750579,-0.213182256,-62.83078,-0.358189046,-0.109443672,0.0426133461,0.0212166953,-0.0355700827,-0.137417853,-0.0828594573,0.000948249921,-0.00034407571,0.3,0.3,-0.3,-0.253728357,-0.00875549376,0.00340906769,0.0212166953,0.137417853,0.000948249921,0.3,-0.00875549376,0.3,-0.0355700827,-0.0828594573,-0.00034407571,0.3,-0.253728357,0.00340906769
818,24126274,0.265192837,-0.444545895,-0.124824412,0.057116542,0.0118349763,-0.00432041381,-0.511801064,-0.213168308,-62.8309746,-0.358246803,-0.109481931,0.0425340906,0.0212154269,-0.0355636716,-0.137447324,-0.0828650374,0.000946798101,-0.000345633104,0.3,0.3,-0.3,-0.25373702,-0.00875855446,0.00340272725,0.0212154269,0.137447324,0.000946798101,0.3,-0.00875855446,0.3,-0.0355636716,-0.0828650374,-0.000345633104,0.3,-0.25373702,0.00340272725
819,24147430,0.265231758,-0.444463342,-0.12473131,0.0571093634,0.0118593965,-0.00431051152,-0.511783838,-0.213097528,-62.8310966,-0.358333468,-0.109531686,0.0424611457,0.0212185407,-0.0355570674,-0.137419393,-0.082867191,0.000948751718,-0.000344840921,0.3,0.3,-0.3,-0.25375002,-0.00876253486,0.00339689165,0.0212185407,0.137419393,0.000948751718,0.3,-0.00876253486,0.3,-0.0355570674,-0.082867191,-0.000344840921,0.3,-0.25375002,0.00339689165
820,24166469,0.265013158,-0.445119202,-0.124624498,0.0573255979,0.0118888104,-0.00412955787,-0.511314511,-0.212666675,-62.8310051,-0.358620018,-0.10927856,0.043880336,0.0212010527,-0.0356095362,-0.137387349,-0.0828023206,0.000951104835,-0.00033036463,0.3,0.3,-0.3,-0.253793003,-0.00874228477,0.00351042688,0.0212010527,0.137387349,0.000951104835,0.3,-0.00874228477,0.3,-0.0356095362,-0.0828023206,-0.00033036463,0.3,-0.253793003,0.00351042688
821,24189524,0.264938772,-0.445543468,-0.124736153,0.057442937,0.0118433442,-0.00402542343,-0.511184394,-0.21228683,-62.8306541,-0.358826667,-0.109212533,0.044743374,0.0211951017,-0.0356434774,-0.137420846,-0.0827671189,0.000947467536,-0.000322033875,0.3,0.3,-0.3,-0.253824,-0.00873700261,0.00357946992,0.0211951017,0.137420846,0.000947467536,0.3,-0.00873700261,0.3,-0.0356434774,-0.0827671189,-0.000322033875,0.3,-0.253824,0.00357946992
822,24205904,0.265000939,-0.445430815,-0.124873266,0.0575835668,0.0116884233,-0.00417109579,-0.511245728,-0.21198757,-62.830204,-0.358993649,-0.109350197,0.044417318,0.0212000751,-0.0356344652,-0.13746198,-0.08272493,0.000935073867,-0.000333687663,0.3,0.3,-0.3,-0.253849047,-0.00874801576,0.00355338544,0.0212000751,0.13746198,0.000935073867,0.3,-0.00874801576,0.3,-0.0356344652,-0.08272493,-0.000333687663,0.3,-0.253849047,0.00355338544
823,24226848,0.265092999,-0.445142776,-0.124859877,0.057624355,0.0115767019,-0.00432755519,-0.51125741,-0.211817488,-62.8298454,-0.359137863,-0.109457314,0.0437905528,0.0212074399,-0.0356114221,-0.137457963,-0.0827126935,0.000926136151,-0.000346204415,0.3,0.3,-0.3,-0.253870679,-0.00875658512,0.00350324422,0.0212074399,0.137457963,0.000926136151,0.3,-0.00875658512,0.3,-0.0356114221,-0.0827126935,-0.000346204415,0.3,-0.253870679,0.00350324422
824,24247380,0.265201271,-0.445066392,-0.124863483,0.0574556179,0.0115739694,-0.00437621307,-0.511330605,-0.211904213,-62.8297539,-0.359282196,-0.109467506,0.0436480604,0.0212161016,-0.0356053114,-0.137459045,-0.0827633146,0.000925917551,-0.000350097045,0.3,0.3,-0.3,-0.253892329,-0.00875740051,0.00349184483,0.0212161016,0.137459045,0.000925917551,0.3,-0.00875740051,0.3,-0.0356053114,-0.0827633146,-0.000350097045,0.3,-0.253892329,0.00349184483
825,24266627,0.265039444,-0.445042223,-0.124881305,0.0574777126,0.0116594061,-0.0043472331,-0.511158764,-0.211957961,-62.8296394,-0.359287918,-0.109413691,0.0433869213,0.0212031555,-0.0356033778,-0.137464391,-0.0827566862,0.00093275249,-0.000347778648,0.3,0.3,-0.3,-0.253893188,-0.00875309527,0.0034709537,0.0212031555,0.137464391,0.00093275249,0.3,-0.00875309527,0.3,-0.0356033778,-0.0827566862,-0.000347778648,0.3,-0.253893188,0.0034709537
826,24290409,0.264940441,-0.444737077,-0.124866284,0.0574150421,0.0117384801,-0.00437883567,-0.511217594,-0.212067842,-62.8295898,-0.359146714,-0.109607354,0.0422969311,0.0211952353,-0.0355789661,-0.137459885,-0.0827754874,0.000939078405,-0.000350306854,0.3,0.3,-0.3,-0.253872007,-0.0087685883,0.00338375449,0.0211952353,0.137459885,0.000939078405,0.3,-0.0087685883,0.3,-0.0355789661,-0.0827754874,-0.000350306854,0.3,-0.253872007,0.00338375449
827,24307138,0.264755398,-0.444672555,-0.124836266,0.057447385,0.0117764855,-0.00441826601,-0.511125028,-0.212158322,-62.8297195,-0.359056264,-0.10947381,0.0420009382,0.0211804318,-0.0355738044,-0.13745088,-0.0827657845,0.000942118838,-0.00035346128,0.3,0.3,-0.3,-0.25385844,-0.00875790477,0.00336007506,0.0211804318,0.13745088,0.000942118838,0.3,-0.00875790477,0.3,-0.0355738044,-0.0827657845,-0.00035346128,0.3,-0.25385844,0.00336007506
828,24331447,0.264678359,-0.444644988,-0.124828078,0.057376273,0.0118183596,-0.00438511092,-0.511126459,-0.212241888,-62.8298531,-0.358917326,-0.109409295,0.0419289023,0.0211742687,-0.035571599,-0.137448423,-0.0827871181,0.000945468768,-0.000350808874,0.3,0.3,-0.3,-0.253837599,-0.0087527436,0.00335431218,0.0211742687,0.137448423,0.000945468768,0.3,-0.0087527436,0.3,-0.035571599,-0.0827871181,-0.000350808874,0.3,-0.253837599,0.00335431218
829,24347175,0.264565915,-0.444611639,-0.124959946,0.0573373437,0.011820781,-0.00436281785,-0.511153042,-0.212400153,-62.8299789,-0.358773082,-0.109292544,0.0420148671,0.0211652732,-0.0355689311,-0.137487984,-0.0827987969,0.000945662484,-0.000349025428,0.3,0.3,-0.3,-0.253815962,-0.00874340355,0.00336118937,0.0211652732,0.137487984,0.000945662484,0.3,-0.00874340355,0.3,-0.0355689311,-0.0827987969,-0.000349025428,0.3,-0.253815962,0.00336118937
830,24367811,0.26450336,-0.444531918,-0.124995269,0.0572048724,0.0118456176,-0.0043245866,-0.511357963,-0.21268408,-62.8300781,-0.358617783,-0.109204933,0.0422376096,0.0211602688,-0.0355625534,-0.137498581,-0.0828385383,0.000947649404,-0.000345966928,0.3,0.3,-0.3,-0.253792667,-0.00873639464,0.00337900877,0.0211602688,0.137498581,0.000947649404,0.3,-0.00873639464,0.3,-0.0355625534,-0.0828385383,-0.000345966928,0.3,-0.253792667,0.00337900877
831,24395625,0.264447987,-0.444533825,-0.124939851,0.0573587678,0.0118252244,-0.00440045446,-0.511356533,-0.212577537,-62.8301353,-0.358595461,-0.109144822,0.0423236005,0.021155839,-0.035562706,-0.137481955,-0.0827923696,0.000946017951,-0.000352036357,0.3,0.3,-0.3,-0.253789319,-0.00873158574,0.00338588804,0.021155839,0.137481955,0.000946017951,0.3,-0.00873158574,0.3,-0.035562706,-0.0827923696,-0.000352036357,0.3,-0.253789319,0.00338588804
832,24405518,0.264476359,-0.444778979,-0.125021249,0.0572101288,0.0118340785,-0.00427759113,-0.511578619,-0.212860763,-62.8301582,-0.35859251,-0.109048612,0.0431529917,0.0211581087,-0.0355823183,-0.137506375,-0.0828369614,0.000946726277,-0.00034220729,0.3,0.3,-0.3,-0.253788877,-0.00872388899,0.00345223933,0.0211581087,0.137506375,0.000946726277,0.3,-0.00872388899,0.3,-0.0355823183,-0.0828369614,-0.00034220729,0.3,-0.253788877,0.00345223933
833,24430020,0.264485866,-0.445143461,-0.124887116,0.0574376099,0.0118478816,-0.00423028925,-0.511472762,-0.212455481,-62.8300247,-0.358784497,-0.10905499,0.0440667793,0.0211588693,-0.0356114769,-0.137466135,-0.082768717,0.000947830528,-0.00033842314,0.3,0.3,-0.3,-0.253817675,-0.00872439921,0.00352534235,0.0211588693,0.137466135,0.000947830528,0.3,-0.00872439921,0.3,-0.0356114769,-0.082768717,-0.00033842314,0.3,-0.253817675,0.00352534235
834,24445865,0.264666885,-0.445150524,-0.124868907,0.0575263537,0.0118051078,-0.00425775582,-0.511540115,-0.212127939,-62.8296967,-0.358901322,-0.109310046,0.0439379998,0.0211733508,-0.035612042,-0.137460672,-0.0827420939,0.000944408625,-0.000340620466,0.3,0.3,-0.3,-0.253835198,-0.00874480367,0.00351503998,0.0211733508,0.137460672,0.000944408625,0.3,-0.00874480367,0.3,-0.035612042,-0.0827420939,-0.000340620466,0.3,-0.253835198,0.00351503998
835,24471583,0.264944285,-0.444809765,-0.124965303,0.0575205535,0.0116613265,-0.00445407396,-0.511755466,-0.211950287,-62.8295784,-0.359057516,-0.109629944,0.0433845147,0.0211955428,-0.0355847812,-0.137489591,-0.082743834,0.000932906121,-0.000356325917,0.3,0.3,-0.3,-0.253858627,-0.00877039552,0.00347076118,0.0211955428,0.137489591,0.000932906121,0.3,-0.00877039552,0.3,-0.0355847812,-0.082743834,-0.000356325917,0.3,-0.253858627,0.00347076118
836,24486804,0.265255004,-0.444380671,-0.125026733,0.05744325,0.011558027,-0.0046306015,-0.51201731,-0.212034538,-62.829586,-0.359159321,-0.109761707,0.0427441448,0.0212204003,-0.0355504537,-0.13750802,-0.082767025,0.000924642161,-0.00037044812,0.3,0.3,-0.3,-0.253873898,-0.0087809366,0.00341953158,0.0212204003,0.13750802,0.000924642161,0.3,-0.0087809366,0.3,-0.0355504537,-0.082767025,-0.00037044812,0.3,-0.253873898,0.00341953158
837,24506833,0.2652542,-0.444339484,-0.124948576,0.0573146157,0.0116933091,-0.00450451532,-0.511857808,-0.21234268,-62.8296814,-0.359163672,-0.10954088,0.0424172878,0.021220336,-0.0355471587,-0.137484573,-0.0828056153,0.000935464725,-0.000360361226,0.3,0.3,-0.3,-0.253874551,-0.00876327038,0.00339338303,0.021220336,0.137484573,0.000935464725,0.3,-0.00876327038,0.3,-0.0355471587,-0.0828056153,-0.000360361226,0.3,-0.253874551,0.00339338303
838,24545677,0.265062809,-0.44447577,-0.125068158,0.0572317727,0.011750184,-0.00440072455,-0.511876583,-0.212752536,-62.8298683,-0.359081835,-0.109257422,0.0424359925,0.0212050247,-0.0355580616,-0.137520447,-0.0828304682,0.00094001472,-0.000352057964,0.3,0.3,-0.3,-0.253862275,-0.00874059379,0.0033948794,0.0212050247,0.137520447,0.00094001472,0.3,-0.00874059379,0.3,-0.0355580616,-0.0828304682,-0.000352057964,0.3,-0.253862275,0.0033948794
