frame_index,elapsed_us,raw_action_0,raw_action_1,raw_action_2,raw_action_3,raw_action_4,raw_action_5,raw_action_6,raw_action_7,raw_action_8,raw_action_9,raw_action_10,raw_action_11,target_q_model_rad_0,target_q_model_rad_1,target_q_model_rad_2,target_q_model_rad_3,target_q_model_rad_4,target_q_model_rad_5,target_q_model_rad_6,target_q_model_rad_7,target_q_model_rad_8,target_q_model_rad_9,target_q_model_rad_10,target_q_model_rad_11,target_rad_0,target_rad_1,target_rad_2,target_rad_3,target_rad_4,target_rad_5,target_rad_6,target_rad_7,target_rad_8,target_rad_9,target_rad_10,target_rad_11
0,7668267,3.25590515,-0.135344684,1.79331136,-2.34121609,5.50126696,-3.19698477,-4.53728247,-1.86887884,8.95039749,3.70166302,-5.53732586,-5.20476532,0.042,-0.0162413621,0.042,-0.042,0.042,-0.042,-0.042,-0.042,0.042,0.042,-0.042,-0.042,0.042,-0.042,0.042,-0.042,-0.042,-0.042,-0.0162413621,-0.042,-0.042,-0.042,0.042,-0.042
1,7682666,2.02390838,0.706662238,1.6884712,-1.11952484,5.23711205,-4.62940836,-4.44540882,-3.52392602,3.22573519,0.711628735,0.37526226,-3.72359514,0.042,0.042,0.042,-0.042,0.042,-0.042,-0.042,-0.042,0.042,0.042,0.042,-0.042,0.042,-0.042,0.042,-0.042,0.042,-0.042,0.042,-0.042,-0.042,-0.042,0.042,-0.042
2,7691833,0.457710117,-0.224779204,0.42787239,-0.719332337,4.11262751,-4.29508591,-3.46433306,-4.47441912,0.59109962,-0.440238386,0.22213909,-2.92146587,0.042,-0.0269735044,0.042,-0.042,0.042,-0.042,-0.042,-0.042,0.042,-0.042,0.0266566908,-0.042,0.042,-0.042,0.042,-0.042,0.0266566908,-0.042,-0.0269735044,-0.042,-0.042,-0.042,-0.042,-0.042
3,7713363,-1.09680986,-1.15315711,-0.331380695,-0.705641568,2.69274211,-3.20559001,-2.6305263,-5.0355854,-0.307757437,-1.18005002,-0.047574915,-2.04676652,-0.042,-0.042,-0.0397656834,-0.042,0.042,-0.042,-0.042,-0.042,-0.0369308925,-0.042,-0.0057089898,-0.042,-0.042,0.0397656834,0.042,-0.042,-0.0057089898,0.0369308925,-0.042,-0.042,-0.042,-0.042,-0.042,-0.042
4,7733701,-2.69285464,-1.63020766,-0.381003737,-0.760243177,1.55209267,-1.60734439,-2.44880533,-5.30796909,-0.1065429,-1.16049922,-0.323602051,-2.06176472,-0.042,-0.042,-0.042,-0.042,0.042,-0.042,-0.042,-0.042,-0.012785148,-0.042,-0.0388322461,-0.042,-0.042,0.042,0.042,-0.042,-0.0388322461,0.012785148,-0.042,-0.042,-0.042,-0.042,-0.042,-0.042
5,7753910,-4.14971876,-1.92722225,-0.400308371,-0.890149653,0.24687472,-0.112361565,-2.76536512,-5.64156055,0.0987080932,-1.4242034,-0.694748402,-2.35256743,-0.042,-0.042,-0.042,-0.042,0.0296249664,-0.0134833878,-0.042,-0.042,0.0118449712,-0.042,-0.042,-0.042,-0.042,0.042,0.0296249664,-0.042,-0.042,-0.0118449712,-0.042,-0.042,-0.0134833878,-0.042,-0.042,-0.042
6,7784199,-4.26020622,-1.96526015,-0.412778169,-0.848916948,-0.245565176,0.578937411,-3.0377121,-5.74427223,0.201356381,-1.20842803,-0.502421439,-2.36604881,-0.042,-0.042,-0.042,-0.042,-0.0294678211,0.042,-0.042,-0.042,0.0241627657,-0.042,-0.042,-0.042,-0.042,0.042,-0.0294678211,-0.042,-0.042,-0.0241627657,-0.042,-0.042,0.042,-0.042,-0.042,-0.042
7,7792425,-3.88206005,-1.97826374,-0.345722646,-0.713207006,-0.332471669,0.821302891,-3.36480188,-6.07606506,0.227702826,-1.02097833,-0.307955623,-2.32915545,-0.042,-0.042,-0.0414867175,-0.042,-0.0398966002,0.042,-0.042,-0.042,0.0273243392,-0.042,-0.0369546747,-0.042,-0.042,0.0414867175,-0.0398966002,-0.042,-0.0369546747,-0.0273243392,-0.042,-0.042,0.042,-0.042,-0.042,-0.042
8,7813711,-3.49837542,-2.05738354,-0.302296668,-0.646984637,-0.337748766,0.786606729,-3.60287356,-6.46605539,0.182633236,-0.933127403,-0.189980358,-2.24790263,-0.042,-0.042,-0.0362756002,-0.042,-0.0405298519,0.042,-0.042,-0.042,0.0219159883,-0.042,-0.0227976429,-0.042,-0.042,0.0362756002,-0.0405298519,-0.042,-0.0227976429,-0.0219159883,-0.042,-0.042,0.042,-0.042,-0.042,-0.042
9,7837270,-3.37278771,-2.11299467,-0.293102831,-0.588817775,-0.25267908,0.728649735,-3.77207375,-6.82656765,0.174427122,-0.878110588,-0.151150256,-2.22348356,-0.042,-0.042,-0.0351723397,-0.042,-0.0303214896,0.042,-0.042,-0.042,0.0209312546,-0.042,-0.0181380308,-0.042,-0.042,0.0351723397,-0.0303214896,-0.042,-0.0181380308,-0.0209312546,-0.042,-0.042,0.042,-0.042,-0.042,-0.042
10,7852724,-3.43980002,-2.16928458,-0.287504733,-0.599981129,-0.103061646,0.597203553,-3.8404057,-7.10828018,0.204674184,-0.870966673,-0.150144368,-2.22646165,-0.042,-0.042,-0.0345005679,-0.042,-0.0123673975,0.042,-0.042,-0.042,0.0245609021,-0.042,-0.0180173242,-0.042,-0.042,0.0345005679,-0.0123673975,-0.042,-0.0180173242,-0.0245609021,-0.042,-0.042,0.042,-0.042,-0.042,-0.042
11,7879967,-3.56586838,-2.2022593,-0.287894249,-0.66687417,0.0744515285,0.407959253,-3.84228683,-7.32757235,0.240474313,-0.898026168,-0.17072922,-2.26798964,-0.042,-0.042,-0.0345473099,-0.042,0.00893418342,0.042,-0.042,-0.042,0.0288569176,-0.042,-0.0204875064,-0.042,-0.042,0.0345473099,0.00893418342,-0.042,-0.0204875064,-0.0288569176,-0.042,-0.042,0.042,-0.042,-0.042,-0.042
12,7903071,-3.64718294,-2.22493029,-0.266577601,-0.761937797,0.222675532,0.205054671,-3.8013823,-7.49889135,0.278263062,-0.942440152,-0.203516304,-2.30286646,-0.042,-0.042,-0.0319893122,-0.042,0.0267210639,0.0246065605,-0.042,-0.042,0.0333915675,-0.042,-0.0244219565,-0.042,-0.042,0.0319893122,0.0267210639,-0.042,-0.0244219565,-0.0333915675,-0.042,-0.042,0.0246065605,-0.042,-0.042,-0.042
13,7921523,-3.61283946,-2.22884083,-0.223529041,-0.86090225,0.293095291,0.0408870652,-3.75934529,-7.64759779,0.295957088,-0.996286094,-0.230970621,-2.30041265,-0.042,-0.042,-0.0268234849,-0.042,0.0351714349,0.00490644783,-0.042,-0.042,0.0355148506,-0.042,-0.0277164745,-0.042,-0.042,0.0268234849,0.0351714349,-0.042,-0.0277164745,-0.0355148506,-0.042,-0.042,0.00490644783,-0.042,-0.042,-0.042
14,7939013,-3.45552588,-2.20187354,-0.160426721,-0.974987566,0.250256509,-0.0368913077,-3.7369597,-7.78462839,0.279997289,-1.0711956,-0.246361524,-2.26249361,-0.042,-0.042,-0.0192512065,-0.042,0.030030781,-0.00442695692,-0.042,-0.042,0.0335996747,-0.042,-0.0295633829,-0.042,-0.042,0.0192512065,0.030030781,-0.042,-0.0295633829,-0.0335996747,-0.042,-0.042,-0.00442695692,-0.042,-0.042,-0.042
15,7964657,-3.22850275,-2.15798903,-0.094143562,-1.08098793,0.10964451,0.00207168795,-3.74891162,-7.91213751,0.241381615,-1.15819895,-0.242421031,-2.19857645,-0.042,-0.042,-0.0112972274,-0.042,0.0131573412,0.000248602554,-0.042,-0.042,0.0289657938,-0.042,-0.0290905237,-0.042,-0.042,0.0112972274,0.0131573412,-0.042,-0.0290905237,-0.0289657938,-0.042,-0.042,0.000248602554,-0.042,-0.042,-0.042
16,7977995,-2.95724773,-2.0958221,-0.0286031589,-1.19587362,-0.0710635334,0.102595091,-3.80860972,-8.0348711,0.1993168,-1.27022767,-0.21890983,-2.10343528,-0.042,-0.042,-0.00343237907,-0.042,-0.00852762401,0.0123114109,-0.042,-0.042,0.023918016,-0.042,-0.0262691796,-0.042,-0.042,0.00343237907,-0.00852762401,-0.042,-0.0262691796,-0.023918016,-0.042,-0.042,0.0123114109,-0.042,-0.042,-0.042
17,8010908,-2.67054939,-2.03305507,0.0374405459,-1.35893404,-0.185395986,0.148869023,-3.93161845,-8.151721,0.199909598,-1.43442059,-0.184438378,-1.9831928,-0.042,-0.042,0.0044928655,-0.042,-0.0222475183,0.0178642827,-0.042,-0.042,0.0239891517,-0.042,-0.0221326053,-0.042,-0.042,-0.0044928655,-0.0222475183,-0.042,-0.0221326053,-0.0239891517,-0.042,-0.042,0.0178642827,-0.042,-0.042,-0.042
18,8026582,-2.41756296,-1.97287011,0.123541594,-1.58260751,-0.212186009,0.111000866,-4.12726831,-8.25051212,0.254625261,-1.65434361,-0.144393772,-1.87013125,-0.042,-0.042,0.0148249912,-0.042,-0.025462321,0.0133201039,-0.042,-0.042,0.0305550313,-0.042,-0.0173272526,-0.042,-0.042,-0.0148249912,-0.025462321,-0.042,-0.0173272526,-0.0305550313,-0.042,-0.042,0.0133201039,-0.042,-0.042,-0.042
19,8043386,-2.20539451,-1.90931153,0.248011857,-1.93432438,-0.153686166,-0.0347305275,-4.38901758,-8.32924271,0.351995558,-1.9837569,-0.112704672,-1.75221336,-0.042,-0.042,0.0297614229,-0.042,-0.0184423399,-0.00416766331,-0.042,-0.042,0.042,-0.042,-0.0135245606,-0.042,-0.042,-0.0297614229,-0.0184423399,-0.042,-0.0135245606,-0.042,-0.042,-0.042,-0.00416766331,-0.042,-0.042,-0.042
20,8060234,-2.00330114,-1.92079449,0.482995957,-2.32579756,-0.0330851972,-0.27355656,-4.70407534,-8.34267902,0.516167462,-2.36300182,-0.0988710895,-1.64097786,-0.042,-0.042,0.042,-0.042,-0.00397022367,-0.0328267872,-0.042,-0.042,0.042,-0.042,-0.0118645307,-0.042,-0.042,-0.042,-0.00397022367,-0.042,-0.0118645307,-0.042,-0.042,-0.042,-0.0328267872,-0.042,-0.042,-0.042
21,8081138,-1.69524324,-2.07494688,0.776411057,-2.55615807,0.0384644791,-0.487602085,-5.04245853,-8.28330612,0.708744705,-2.63341522,-0.0725375861,-1.57433808,-0.042,-0.042,0.042,-0.042,0.0046157375,-0.042,-0.042,-0.042,0.042,-0.042,-0.00870451033,-0.042,-0.042,-0.042,0.0046157375,-0.042,-0.00870451033,-0.042,-0.042,-0.042,-0.042,-0.042,-0.042,-0.042
22,8102138,-1.32448292,-2.30161285,0.932993412,-2.62682056,0.037650682,-0.596410751,-5.32716131,-8.2085619,0.77619499,-2.72897172,-0.0378078446,-1.55232823,-0.042,-0.042,0.042,-0.042,0.00451808184,-0.042,-0.042,-0.042,0.042,-0.042,-0.00453694135,-0.042,-0.042,-0.042,0.00451808184,-0.042,-0.00453694135,-0.042,-0.042,-0.042,-0.042,-0.042,-0.042,-0.042
23,8119391,-1.01316059,-2.48997045,0.880682588,-2.56170893,0.0241455063,-0.605082333,-5.51172066,-8.14932823,0.669585347,-2.65881324,-0.0143849477,-1.56404626,-0.042,-0.042,0.042,-0.042,0.00289746076,-0.042,-0.042,-0.042,0.042,-0.042,-0.00172619373,-0.042,-0.042,-0.042,0.00289746076,-0.042,-0.00172619373,-0.042,-0.042,-0.042,-0.042,-0.042,-0.042,-0.042
24,8138247,-0.790194094,-2.48978519,0.559189439,-2.47603178,0.115098096,-0.566808343,-5.61854029,-8.11881065,0.354545385,-2.46819925,0.00136521459,-1.586707,-0.042,-0.042,0.042,-0.042,0.0138117716,-0.042,-0.042,-0.042,0.042,-0.042,0.00016382575,-0.042,-0.042,-0.042,0.0138117716,-0.042,0.00016382575,-0.042,-0.042,-0.042,-0.042,-0.042,-0.042,-0.042
25,8155945,-0.702854931,-2.28681684,0.128757209,-2.45729685,0.289216906,-0.511719823,-5.70919085,-8.1207428,-0.0635764077,-2.27248096,-0.0102120265,-1.55142534,-0.042,-0.042,0.015450865,-0.042,0.0347060287,-0.042,-0.042,-0.042,-0.00762916893,-0.042,-0.00122544318,-0.042,-0.042,-0.015450865,0.0347060287,-0.042,-0.00122544318,0.00762916893,-0.042,-0.042,-0.042,-0.042,-0.042,-0.042
26,8173742,-0.669343114,-2.05328584,-0.0730106309,-2.49873161,0.391111791,-0.431380659,-5.85242987,-8.13138103,-0.295988679,-2.22647023,-0.0370307714,-1.44880891,-0.042,-0.042,-0.00876127571,-0.042,0.042,-0.042,-0.042,-0.042,-0.0355186415,-0.042,-0.00444369256,-0.042,-0.042,0.00876127571,0.042,-0.042,-0.00444369256,0.0355186415,-0.042,-0.042,-0.042,-0.042,-0.042,-0.042
27,8193728,-0.497066438,-2.00365925,0.186372086,-2.53263903,0.286802679,-0.315796316,-6.03259802,-8.10219669,-0.0527932681,-2.35958242,0.0163546316,-1.33466506,-0.042,-0.042,0.0223646504,-0.042,0.0344163215,-0.0378955579,-0.042,-0.042,-0.00633519217,-0.042,0.0019625558,-0.042,-0.042,-0.0223646504,0.0344163215,-0.042,0.0019625558,0.00633519217,-0.042,-0.042,-0.0378955579,-0.042,-0.042,-0.042
28,8220592,-0.271414667,-2.22825933,0.811424255,-2.65369129,0.00481857359,-0.247806221,-6.16752434,-8.05099392,0.501756668,-2.66286278,0.0862024799,-1.26441348,-0.0325697601,-0.042,0.042,-0.042,0.000578228831,-0.0297367465,-0.042,-0.042,0.042,-0.042,0.0103442976,-0.042,-0.0325697601,-0.042,0.000578228831,-0.042,0.0103442976,-0.042,-0.042,-0.042,-0.0297367465,-0.042,-0.042,-0.042
29,8231961,-0.0913867503,-2.57144904,1.28581548,-2.80229235,-0.227422744,-0.270900279,-6.19046021,-8.01810265,0.884685755,-2.89680028,0.105729565,-1.22532856,-0.01096641,-0.042,0.042,-0.042,-0.0272907293,-0.0325080335,-0.042,-0.042,0.042,-0.042,0.0126875478,-0.042,-0.01096641,-0.042,-0.0272907293,-0.042,0.0126875478,-0.042,-0.042,-0.042,-0.0325080335,-0.042,-0.042,-0.042
30,8269327,0.0191051066,-2.78872466,1.29734552,-2.76302862,-0.282070369,-0.344004303,-6.16080999,-8.02713585,0.872979343,-2.86783981,0.110026866,-1.21017623,0.00229261279,-0.042,0.042,-0.042,-0.0338484442,-0.0412805164,-0.042,-0.042,0.042,-0.042,0.0132032239,-0.042,0.00229261279,-0.042,-0.0338484442,-0.042,0.0132032239,-0.042,-0.042,-0.042,-0.0412805164,-0.042,-0.042,-0.042
31,8281322,0.0313727409,-2.80475473,1.02388227,-2.58812714,-0.191380084,-0.417289317,-6.13547277,-8.05530167,0.617845774,-2.67197704,0.0998606384,-1.19658971,0.0037647289,-0.042,0.042,-0.042,-0.02296561,-0.042,-0.042,-0.042,0.042,-0.042,0.0119832766,-0.042,0.0037647289,-0.042,-0.02296561,-0.042,0.0119832766,-0.042,-0.042,-0.042,-0.042,-0.042,-0.042,-0.042
32,8292532,-0.109535545,-2.58637357,0.477527112,-2.5235672,0.0697210208,-0.470336229,-6.08954763,-8.07727528,0.152820215,-2.39291239,0.0439651087,-1.19084322,-0.0131442654,-0.042,0.042,-0.042,0.00836652249,-0.042,-0.042,-0.042,0.0183384258,-0.042,0.00527581304,-0.042,-0.0131442654,-0.042,0.00836652249,-0.042,0.00527581304,-0.0183384258,-0.042,-0.042,-0.042,-0.042,-0.042,-0.042
33,8328781,-0.257715404,-2.2868557,0.0444929972,-2.51969576,0.281634837,-0.416074604,-6.03693628,-8.06861782,-0.214590788,-2.21058011,-0.00209592655,-1.15939891,-0.0309258485,-0.042,0.00533915967,-0.042,0.0337961805,-0.042,-0.042,-0.042,-0.0257508945,-0.042,-0.000251511186,-0.042,-0.0309258485,-0.00533915967,0.0337961805,-0.042,-0.000251511186,0.0257508945,-0.042,-0.042,-0.042,-0.042,-0.042,-0.042
34,8332273,-0.262222201,-2.09174967,-0.0104043391,-2.52027512,0.31273219,-0.328407764,-6.00511026,-8.02690125,-0.280875295,-2.20484495,-0.00412831455,-1.09962833,-0.0314666641,-0.042,-0.00124852069,-0.042,0.0375278628,-0.0394089317,-0.042,-0.042,-0.0337050354,-0.042,-0.000495397747,-0.042,-0.0314666641,0.00124852069,0.0375278628,-0.042,-0.000495397747,0.0337050354,-0.042,-0.042,-0.0394089317,-0.042,-0.042,-0.042
35,8352344,-0.0634004027,-2.01368046,0.242520303,-2.55337381,0.182854891,-0.221912175,-6.05175877,-8.00839806,-0.0553808808,-2.316957,0.0630092174,-1.04947329,-0.00760804832,-0.042,0.0291024363,-0.042,0.0219425869,-0.0266294611,-0.042,-0.042,-0.0066457057,-0.042,0.00756110609,-0.042,-0.00760804832,-0.0291024363,0.0219425869,-0.042,0.00756110609,0.0066457057,-0.042,-0.042,-0.0266294611,-0.042,-0.042,-0.042
36,8376424,0.169470459,-2.06478763,0.654264808,-2.63181162,0.000231519341,-0.179431751,-6.11905003,-8.0184145,0.334186733,-2.50548482,0.0914912745,-1.01847553,0.0203364551,-0.042,0.042,-0.042,2.7782321e-05,-0.0215318102,-0.042,-0.042,0.0401024079,-0.042,0.0109789529,-0.042,0.0203364551,-0.042,2.7782321e-05,-0.042,0.0109789529,-0.0401024079,-0.042,-0.042,-0.0215318102,-0.042,-0.042,-0.042
37,8397828,0.339382261,-2.1952877,0.918372154,-2.65168858,-0.123957589,-0.20423691,-6.15886259,-8.04637146,0.578073323,-2.61615562,0.0781193972,-1.02219093,0.0407258713,-0.042,0.042,-0.042,-0.0148749107,-0.0245084292,-0.042,-0.042,0.042,-0.042,0.00937432766,-0.042,0.0407258713,-0.042,-0.0148749107,-0.042,0.00937432766,-0.042,-0.042,-0.042,-0.0245084292,-0.042,-0.042,-0.042
38,8415673,0.376257509,-2.18174028,0.783350587,-2.59968996,-0.0762542486,-0.261892915,-6.23194599,-8.11459541,0.469719946,-2.52410293,0.063164711,-1.01627851,0.042,-0.042,0.042,-0.042,-0.00915050983,-0.0314271498,-0.042,-0.042,0.042,-0.042,0.00757976532,-0.042,0.042,-0.042,-0.00915050983,-0.042,0.00757976532,-0.042,-0.042,-0.042,-0.0314271498,-0.042,-0.042,-0.042
39,8433226,0.269407779,-1.97675514,0.362359673,-2.54139423,0.1353122,-0.347819328,-6.3239603,-8.19946384,0.0926566869,-2.31192946,0.0338013433,-0.975378871,0.0323289335,-0.042,0.042,-0.042,0.016237464,-0.0417383194,-0.042,-0.042,0.0111188024,-0.042,0.0040561612,-0.042,0.0323289335,-0.042,0.016237464,-0.042,0.0040561612,-0.0111188024,-0.042,-0.042,-0.0417383194,-0.042,-0.042,-0.042
40,8464555,0.119003728,-1.64627063,-0.0837156922,-2.49791431,0.34435901,-0.356260419,-6.4310751,-8.28680515,-0.332995057,-2.11783862,0.0173152853,-0.914066851,0.0142804474,-0.042,-0.0100458831,-0.042,0.0413230813,-0.042,-0.042,-0.042,-0.0399594069,-0.042,0.00207783423,-0.042,0.0142804474,0.0100458831,0.0413230813,-0.042,0.00207783423,0.0399594069,-0.042,-0.042,-0.042,-0.042,-0.042,-0.042
41,8473478,0.0992622823,-1.30460215,-0.39277783,-2.39432812,0.431178153,-0.247320533,-6.57015848,-8.35028172,-0.677317023,-1.96885276,0.0385782458,-0.853442848,0.0119114739,-0.042,-0.042,-0.042,0.042,-0.0296784639,-0.042,-0.042,-0.042,-0.042,0.00462938949,-0.042,0.0119114739,0.042,0.042,-0.042,0.00462938949,0.042,-0.042,-0.042,-0.0296784639,-0.042,-0.042,-0.042
42,8493862,0.252910167,-0.953296483,-0.590325713,-2.19028759,0.467605561,-0.0973746032,-6.7854495,-8.43249893,-0.888431191,-1.84063792,0.0733705461,-0.730988503,0.03034922,-0.042,-0.042,-0.042,0.042,-0.0116849524,-0.042,-0.042,-0.042,-0.042,0.00880446553,-0.042,0.03034922,0.042,0.042,-0.042,0.00880446553,0.042,-0.042,-0.042,-0.0116849524,-0.042,-0.042,-0.042
43,8518293,0.456027865,-0.591275215,-0.822514772,-1.95887196,0.545752048,-0.00795625523,-7.07522392,-8.59463978,-1.10312164,-1.72000885,0.0846046507,-0.555706203,0.042,-0.042,-0.042,-0.042,0.042,-0.000954750627,-0.042,-0.042,-0.042,-0.042,0.0101525581,-0.042,0.042,0.042,0.042,-0.042,0.0101525581,0.042,-0.042,-0.042,-0.000954750627,-0.042,-0.042,-0.042
44,8537177,0.605829895,-0.193612248,-1.19894838,-1.69639754,0.67971921,0.0225052685,-7.41358423,-8.84797668,-1.40780652,-1.55332434,0.0742669776,-0.353170961,0.042,-0.0232334697,-0.042,-0.042,0.042,0.00270063221,-0.042,-0.042,-0.042,-0.042,0.00891203731,-0.042,0.042,0.042,0.042,-0.042,0.00891203731,0.042,-0.0232334697,-0.042,0.00270063221,-0.042,-0.042,-0.042
45,8553334,0.703844547,0.144169599,-1.60403657,-1.35099041,0.79542762,0.0563101359,-7.75037718,-9.13457298,-1.7221514,-1.27031684,0.086593464,-0.213263437,0.042,0.0173003519,-0.042,-0.042,0.042,0.0067572163,-0.042,-0.042,-0.042,-0.042,0.0103912157,-0.0255916125,0.042,0.042,0.042,-0.042,0.0103912157,0.042,0.0173003519,-0.042,0.0067572163,-0.042,-0.042,-0.0255916125
46,8573607,0.761148036,0.327056855,-1.92980993,-0.942839921,0.820895553,0.159975633,-7.99653292,-9.37841511,-1.99530017,-0.878429532,0.147392333,-0.151197493,0.042,0.0392468226,-0.042,-0.042,0.042,0.019197076,-0.042,-0.042,-0.042,-0.042,0.0176870799,-0.0181436992,0.042,0.042,0.042,-0.042,0.0176870799,0.042,0.0392468226,-0.042,0.019197076,-0.042,-0.042,-0.0181436992
47,8593743,0.762670517,0.305107534,-2.12098527,-0.600450754,0.76714313,0.30629611,-8.08638573,-9.61018085,-2.21370125,-0.512531459,0.208743781,-0.123345695,0.042,0.0366129041,-0.042,-0.042,0.042,0.0367555332,-0.042,-0.042,-0.042,-0.042,0.0250492537,-0.0148014835,0.042,0.042,0.042,-0.042,0.0250492537,0.042,0.0366129041,-0.042,0.0367555332,-0.042,-0.042,-0.0148014835
48,8633648,0.703125656,0.124789812,-2.16620374,-0.52568996,0.690663815,0.413301229,-8.03153419,-9.86847305,-2.30388808,-0.389250129,0.237493932,-0.102747954,0.042,0.0149747774,-0.042,-0.042,0.042,0.042,-0.042,-0.042,-0.042,-0.042,0.0284992719,-0.0123297545,0.042,0.042,0.042,-0.042,0.0284992719,0.042,0.0149747774,-0.042,0.042,-0.042,-0.042,-0.0123297545
49,8642466,0.566784084,-0.178563327,-1.90508401,-0.973402381,0.562767804,0.38845256,-7.89761066,-10.1932726,-2.12890291,-0.767736435,0.232884467,-0.0324412137,0.042,-0.0214275992,-0.042,-0.042,0.042,0.042,-0.042,-0.042,-0.042,-0.042,0.027946136,-0.00389294565,0.042,0.042,0.042,-0.042,0.027946136,0.042,-0.0214275992,-0.042,0.042,-0.042,-0.042,-0.00389294565
50,8659677,0.352918625,-0.614755869,-0.875003099,-2.22823238,0.332504213,0.0425780155,-7.77591419,-10.5550365,-1.2161175,-2.05311418,0.192078173,0.0873445421,0.042,-0.042,-0.042,-0.042,0.0399005055,0.00510936186,-0.042,-0.042,-0.042,-0.042,0.0230493808,0.0104813451,0.042,0.042,0.0399005055,-0.042,0.0230493808,0.042,-0.042,-0.042,0.00510936186,-0.042,-0.042,0.0104813451
51,8681349,0.0212274604,-1.4272958,1.74157536,-3.63181019,-0.146022797,-0.708874702,-7.74381733,-10.7248182,1.33552516,-3.92971396,0.0202773754,0.162429273,0.00254729524,-0.042,0.042,-0.042,-0.0175227356,-0.042,-0.042,-0.042,0.042,-0.042,0.00243328504,0.0194915128,0.00254729524,-0.042,-0.0175227356,-0.042,0.00243328504,-0.042,-0.042,-0.042,-0.042,-0.042,-0.042,0.0194915128
52,8698608,0.580905497,-1.61254251,2.23277521,-3.6464963,-0.482818991,-1.23343289,-7.53042555,-10.6680422,1.0731771,-4.49111795,-0.0348083004,0.0892743245,0.042,-0.042,0.042,-0.042,-0.042,-0.042,-0.042,-0.042,0.042,-0.042,-0.00417699605,0.0107129189,0.042,-0.042,-0.042,-0.042,-0.00417699605,-0.042,-0.042,-0.042,-0.042,-0.042,-0.042,0.0107129189
53,8718501,0.669454515,-1.7751286,2.28967071,-3.5547967,-0.576250136,-1.48075163,-7.60145569,-10.5760927,0.985799968,-4.12975454,-0.065918915,-0.000612440519,0.042,-0.042,0.042,-0.042,-0.042,-0.042,-0.042,-0.042,0.042,-0.042,-0.0079102698,-7.34928623e-05,0.042,-0.042,-0.042,-0.042,-0.0079102698,-0.042,-0.042,-0.042,-0.042,-0.042,-0.042,-7.34928623e-05
54,8733359,0.244218811,-1.86591625,2.23593545,-3.51629925,-0.436135292,-1.74802279,-7.51327753,-10.3376942,0.714289784,-4.08448029,-0.0203456879,0.10005068,0.0293062574,-0.042,0.042,-0.042,-0.042,-0.042,-0.042,-0.042,0.042,-0.042,-0.00244148254,0.0120060816,0.0293062574,-0.042,-0.042,-0.042,-0.00244148254,-0.042,-0.042,-0.042,-0.042,-0.042,-0.042,0.0120060816
55,8756282,-0.608480453,-1.97190523,2.25818992,-3.58858681,-0.321026266,-1.92184472,-7.1261301,-9.95047379,0.561344743,-4.08573103,-0.0306679159,0.0749106109,-0.042,-0.042,0.042,-0.042,-0.0385231519,-0.042,-0.042,-0.042,0.042,-0.042,-0.00368014991,0.00898927331,-0.042,-0.042,-0.0385231519,-0.042,-0.00368014991,-0.042,-0.042,-0.042,-0.042,-0.042,-0.042,0.00898927331
56,8774937,-1.68482339,-2.39112782,2.46948171,-3.88472033,-0.339852422,-2.07856607,-6.46375942,-9.45985699,0.568696916,-4.34764099,-0.213615209,-0.161686957,-0.042,-0.042,0.042,-0.042,-0.0407822907,-0.042,-0.042,-0.042,0.042,-0.042,-0.0256338251,-0.0194024348,-0.042,-0.042,-0.0407822907,-0.042,-0.0256338251,-0.042,-0.042,-0.042,-0.042,-0.042,-0.042,-0.0194024348
57,8794371,-2.27284598,-2.80769324,2.48171091,-3.96697998,-0.26120618,-2.15185738,-5.82978153,-9.03568363,0.512604177,-4.59115267,-0.289393634,-0.590841889,-0.042,-0.042,0.042,-0.042,-0.0313447416,-0.042,-0.042,-0.042,0.042,-0.042,-0.034727236,-0.042,-0.042,-0.042,-0.0313447416,-0.042,-0.034727236,-0.042,-0.042,-0.042,-0.042,-0.042,-0.042,-0.042
58,8823052,-2.64639854,-3.1202426,2.39131141,-3.9184432,-0.167710006,-2.18942094,-5.31302977,-8.68707085,0.500994682,-4.63408279,-0.302020907,-0.90105015,-0.042,-0.042,0.042,-0.042,-0.0201252007,-0.042,-0.042,-0.042,0.042,-0.042,-0.0362425089,-0.042,-0.042,-0.042,-0.0201252007,-0.042,-0.0362425089,-0.042,-0.042,-0.042,-0.042,-0.042,-0.042,-0.042
59,8837202,-2.96113753,-3.36645579,2.28221679,-3.84512663,-0.0908953398,-2.26944518,-4.82530737,-8.41849899,0.505782485,-4.56592894,-0.322143465,-1.10092556,-0.042,-0.042,0.042,-0.042,-0.0109074408,-0.042,-0.042,-0.042,0.042,-0.042,-0.0386572158,-0.042,-0.042,-0.042,-0.0109074408,-0.042,-0.0386572158,-0.042,-0.042,-0.042,-0.042,-0.042,-0.042,-0.042
60,8859540,-3.26030874,-3.60142708,2.16677713,-3.74372673,-0.00539645925,-2.3795011,-4.37921047,-8.19224167,0.529277265,-4.47364902,-0.333934635,-1.25724864,-0.042,-0.042,0.042,-0.042,-0.00064757511,-0.042,-0.042,-0.042,0.042,-0.042,-0.0400721562,-0.042,-0.042,-0.042,-0.00064757511,-0.042,-0.0400721562,-0.042,-0.042,-0.042,-0.042,-0.042,-0.042,-0.042
61,8878086,-3.47756863,-3.8119278,2.06880474,-3.67948866,0.0567841157,-2.48714542,-4.01767111,-7.97592831,0.605721653,-4.3695612,-0.337697566,-1.38104427,-0.042,-0.042,0.042,-0.042,0.00681409389,-0.042,-0.042,-0.042,0.042,-0.042,-0.0405237079,-0.042,-0.042,-0.042,0.00681409389,-0.042,-0.0405237079,-0.042,-0.042,-0.042,-0.042,-0.042,-0.042,-0.042
62,8898547,-3.59593058,-4.01873636,1.98257494,-3.63383007,0.0836835429,-2.56560707,-3.73080468,-7.79580307,0.682443738,-4.27240038,-0.347718388,-1.47572434,-0.042,-0.042,0.042,-0.042,0.0100420251,-0.042,-0.042,-0.042,0.042,-0.042,-0.0417262065,-0.042,-0.042,-0.042,0.0100420251,-0.042,-0.0417262065,-0.042,-0.042,-0.042,-0.042,-0.042,-0.042,-0.042
63,8918253,-3.64244723,-4.19984102,1.90567136,-3.56677389,0.0819266066,-2.62747145,-3.49951482,-7.66504908,0.721830547,-4.17043352,-0.361366242,-1.52706802,-0.042,-0.042,0.042,-0.042,0.00983119279,-0.042,-0.042,-0.042,0.042,-0.042,-0.042,-0.042,-0.042,-0.042,0.00983119279,-0.042,-0.042,-0.042,-0.042,-0.042,-0.042,-0.042,-0.042,-0.042
64,8934500,-3.62992525,-4.35267019,1.83370447,-3.49741125,0.0458256155,-2.66672802,-3.33346915,-7.56770277,0.770688951,-4.04928255,-0.362138957,-1.55347502,-0.042,-0.042,0.042,-0.042,0.00549907386,-0.042,-0.042,-0.042,0.042,-0.042,-0.042,-0.042,-0.042,-0.042,0.00549907386,-0.042,-0.042,-0.042,-0.042,-0.042,-0.042,-0.042,-0.042,-0.042
65,8958473,-3.57985425,-4.46428204,1.76871347,-3.41635847,0.00125107914,-2.70434976,-3.19706607,-7.49243307,0.794297099,-3.93086147,-0.361040235,-1.54462922,-0.042,-0.042,0.042,-0.042,0.000150129497,-0.042,-0.042,-0.042,0.042,-0.042,-0.042,-0.042,-0.042,-0.042,0.000150129497,-0.042,-0.042,-0.042,-0.042,-0.042,-0.042,-0.042,-0.042,-0.042
66,8972600,-3.49837399,-4.53650188,1.70601964,-3.3402524,-0.0501358695,-2.73931456,-3.07659793,-7.42930794,0.803960264,-3.81550527,-0.356212288,-1.51448154,-0.042,-0.042,0.042,-0.042,-0.00601630434,-0.042,-0.042,-0.042,0.042,-0.042,-0.042,-0.042,-0.042,-0.042,-0.00601630434,-0.042,-0.042,-0.042,-0.042,-0.042,-0.042,-0.042,-0.042,-0.042
67,8996450,-3.34743547,-4.58633518,1.63789403,-3.27778053,-0.113513298,-2.75215364,-2.96889043,-7.36387825,0.822348833,-3.69769955,-0.331834495,-1.4774158,-0.042,-0.042,0.042,-0.042,-0.0136215958,-0.042,-0.042,-0.042,0.042,-0.042,-0.0398201394,-0.042,-0.042,-0.042,-0.0136215958,-0.042,-0.0398201394,-0.042,-0.042,-0.042,-0.042,-0.042,-0.042,-0.042
68,9017478,-3.09792399,-4.62934875,1.55125642,-3.20765734,-0.18988803,-2.72412491,-2.86125636,-7.29086065,0.832121193,-3.55908298,-0.284531891,-1.43310356,-0.042,-0.042,0.042,-0.042,-0.0227865636,-0.042,-0.042,-0.042,0.042,-0.042,-0.034143827,-0.042,-0.042,-0.042,-0.0227865636,-0.042,-0.034143827,-0.042,-0.042,-0.042,-0.042,-0.042,-0.042,-0.042
69,9034227,-2.75470448,-4.66185236,1.42324841,-3.09425259,-0.257686764,-2.63813972,-2.77129149,-7.20555449,0.850503385,-3.3478415,-0.207337499,-1.39968991,-0.042,-0.042,0.042,-0.042,-0.0309224117,-0.042,-0.042,-0.042,0.042,-0.042,-0.0248804998,-0.042,-0.042,-0.042,-0.0309224117,-0.042,-0.0248804998,-0.042,-0.042,-0.042,-0.042,-0.042,-0.042,-0.042
70,9069340,-2.402776,-4.64186859,1.25686324,-2.92150164,-0.283285826,-2.53091979,-2.70754361,-7.11069822,0.816425562,-3.09014797,-0.149632633,-1.35605967,-0.042,-0.042,0.042,-0.042,-0.0339942992,-0.042,-0.042,-0.042,0.042,-0.042,-0.0179559159,-0.042,-0.042,-0.042,-0.0339942992,-0.042,-0.0179559159,-0.042,-0.042,-0.042,-0.042,-0.042,-0.042,-0.042
71,9076673,-2.33504748,-4.57297468,1.14065647,-2.78882217,-0.280434698,-2.45627284,-2.64926553,-7.07789421,0.722189605,-2.95806766,-0.181353658,-1.25505722,-0.042,-0.042,0.042,-0.042,-0.0336521637,-0.042,-0.042,-0.042,0.042,-0.042,-0.021762439,-0.042,-0.042,-0.042,-0.0336521637,-0.042,-0.021762439,-0.042,-0.042,-0.042,-0.042,-0.042,-0.042,-0.042
72,9095259,-2.31586337,-4.48133039,1.03899503,-2.71419954,-0.258018762,-2.35442281,-2.6097858,-7.07764387,0.666190326,-2.90497303,-0.199798822,-1.19359732,-0.042,-0.042,0.042,-0.042,-0.0309622514,-0.042,-0.042,-0.042,0.042,-0.042,-0.0239758587,-0.042,-0.042,-0.042,-0.0309622514,-0.042,-0.0239758587,-0.042,-0.042,-0.042,-0.042,-0.042,-0.042,-0.042
73,9125261,-2.14498329,-4.36573172,0.935567737,-2.65113592,-0.204776317,-2.17407703,-2.62236667,-7.07912827,0.627514124,-2.82024336,-0.170756906,-1.21653342,-0.042,-0.042,0.042,-0.042,-0.024573158,-0.042,-0.042,-0.042,0.042,-0.042,-0.0204908288,-0.042,-0.042,-0.042,-0.024573158,-0.042,-0.0204908288,-0.042,-0.042,-0.042,-0.042,-0.042,-0.042,-0.042
74,9138689,-1.89763272,-4.19965124,0.816081405,-2.54960489,-0.13841629,-1.96398425,-2.68191385,-7.11518335,0.548260331,-2.69640279,-0.127977461,-1.26382411,-0.042,-0.042,0.042,-0.042,-0.0166099548,-0.042,-0.042,-0.042,0.042,-0.042,-0.0153572953,-0.042,-0.042,-0.042,-0.0166099548,-0.042,-0.0153572953,-0.042,-0.042,-0.042,-0.042,-0.042,-0.042,-0.042
75,9160278,-1.61013854,-3.96386504,0.673065901,-2.44021559,-0.0606977828,-1.71615028,-2.80822706,-7.20144987,0.428077102,-2.57717061,-0.0856411532,-1.27345538,-0.042,-0.042,0.042,-0.042,-0.00728373393,-0.042,-0.042,-0.042,0.042,-0.042,-0.0102769384,-0.042,-0.042,-0.042,-0.00728373393,-0.042,-0.0102769384,-0.042,-0.042,-0.042,-0.042,-0.042,-0.042,-0.042
76,9173688,-1.35462379,-3.65439081,0.492588252,-2.36908436,0.0290268511,-1.42170608,-2.96933198,-7.33806705,0.262614846,-2.48144126,-0.0679429546,-1.20830965,-0.042,-0.042,0.042,-0.042,0.00348322213,-0.042,-0.042,-0.042,0.0315137815,-0.042,-0.00815315455,-0.042,-0.042,-0.042,0.00348322213,-0.042,-0.00815315455,-0.0315137815,-0.042,-0.042,-0.042,-0.042,-0.042,-0.042
77,9199123,-1.11294127,-3.30202866,0.293661207,-2.35609818,0.107569002,-1.05949163,-3.16675997,-7.50061035,0.0584429763,-2.40947843,-0.0587398559,-1.10313618,-0.042,-0.042,0.0352393448,-0.042,0.0129082802,-0.042,-0.042,-0.042,0.00701315716,-0.042,-0.00704878271,-0.042,-0.042,-0.0352393448,0.0129082802,-0.042,-0.00704878271,-0.00701315716,-0.042,-0.042,-0.042,-0.042,-0.042,-0.042
78,9217241,-0.831126869,-2.94881368,0.128098518,-2.34446955,0.141055793,-0.671445191,-3.43121481,-7.68228531,-0.127965987,-2.37552691,-0.0387700796,-0.964726627,-0.042,-0.042,0.0153718221,-0.042,0.0169266951,-0.042,-0.042,-0.042,-0.0153559184,-0.042,-0.00465240955,-0.042,-0.042,-0.0153718221,0.0169266951,-0.042,-0.00465240955,0.0153559184,-0.042,-0.042,-0.042,-0.042,-0.042,-0.042
79,9235365,-0.824217439,-2.77718782,0.315951079,-2.44288921,0.0289263502,-0.46462509,-3.72228885,-7.86803913,0.0162557699,-2.59204817,-0.0288079679,-0.767957926,-0.042,-0.042,0.0379141295,-0.042,0.00347116202,-0.042,-0.042,-0.042,0.00195069239,-0.042,-0.00345695615,-0.042,-0.042,-0.0379141295,0.00347116202,-0.042,-0.00345695615,-0.00195069239,-0.042,-0.042,-0.042,-0.042,-0.042,-0.042
80,9254296,-1.04841852,-2.9040668,0.952799201,-2.71620798,-0.117991291,-0.477531761,-4.00197554,-7.95986748,0.641580403,-3.05358791,-0.0588165298,-0.679385543,-0.042,-0.042,0.042,-0.042,-0.0141589549,-0.042,-0.042,-0.042,0.042,-0.042,-0.00705798358,-0.042,-0.042,-0.042,-0.0141589549,-0.042,-0.00705798358,-0.042,-0.042,-0.042,-0.042,-0.042,-0.042,-0.042
81,9278857,-1.14312589,-3.03333211,1.33874869,-2.98777294,-0.128063738,-0.610277772,-4.26389313,-7.90987015,0.99742955,-3.33179855,-0.0599233732,-0.732218564,-0.042,-0.042,0.042,-0.042,-0.0153676486,-0.042,-0.042,-0.042,0.042,-0.042,-0.00719080478,-0.042,-0.042,-0.042,-0.0153676486,-0.042,-0.00719080478,-0.042,-0.042,-0.042,-0.042,-0.042,-0.042,-0.042
82,9294342,-0.961259246,-3.04236698,1.36719847,-2.91934919,-0.149988607,-0.644028544,-4.53436565,-7.83971786,0.958628237,-3.21844172,-0.0241982788,-0.850885987,-0.042,-0.042,0.042,-0.042,-0.0179986328,-0.042,-0.042,-0.042,0.042,-0.042,-0.00290379345,-0.042,-0.042,-0.042,-0.0179986328,-0.042,-0.00290379345,-0.042,-0.042,-0.042,-0.042,-0.042,-0.042,-0.042
83,9316450,-0.747324347,-2.97280312,1.12732816,-2.66133308,-0.146538943,-0.577285647,-4.75244761,-7.79435682,0.698863387,-2.91346359,0.00552741438,-0.967979252,-0.042,-0.042,0.042,-0.042,-0.0175846732,-0.042,-0.042,-0.042,0.042,-0.042,0.000663289726,-0.042,-0.042,-0.042,-0.0175846732,-0.042,0.000663289726,-0.042,-0.042,-0.042,-0.042,-0.042,-0.042,-0.042
84,9336077,-0.617835641,-2.76916909,0.623504519,-2.43280268,-0.0476446114,-0.420767516,-4.88094616,-7.75966597,0.271831721,-2.57201624,0.00925730169,-1.04223442,-0.042,-0.042,0.042,-0.042,-0.00571735337,-0.042,-0.042,-0.042,0.0326198065,-0.042,0.0011108762,-0.042,-0.042,-0.042,-0.00571735337,-0.042,0.0011108762,-0.0326198065,-0.042,-0.042,-0.042,-0.042,-0.042,-0.042
85,9355922,-0.603143513,-2.35609221,-0.0519972593,-2.34476662,0.158032775,-0.225634873,-5.00537586,-7.73728371,-0.287637115,-2.23276329,0.00868171826,-1.04663801,-0.042,-0.042,-0.00623967111,-0.042,0.018963933,-0.0270761847,-0.042,-0.042,-0.0345164537,-0.042,0.00104180619,-0.042,-0.042,0.00623967111,0.018963933,-0.042,0.00104180619,0.0345164537,-0.042,-0.042,-0.0270761847,-0.042,-0.042,-0.042
86,9375677,-0.397590399,-1.83689916,-0.604407072,-2.15318203,0.318716854,-0.00764398649,-5.26018858,-7.78708458,-0.851802886,-1.92469466,0.0220996067,-0.961582303,-0.042,-0.042,-0.042,-0.042,0.0382460225,-0.000917278379,-0.042,-0.042,-0.042,-0.042,0.0026519528,-0.042,-0.042,0.042,0.0382460225,-0.042,0.0026519528,0.042,-0.042,-0.042,-0.000917278379,-0.042,-0.042,-0.042
87,9395394,0.0265721511,-1.22539461,-1.09893966,-1.6728636,0.524125516,0.183011785,-5.69640017,-7.97225523,-1.38457108,-1.54269099,0.0374467447,-0.730626166,0.00318865813,-0.042,-0.042,-0.042,0.042,0.0219614142,-0.042,-0.042,-0.042,-0.042,0.00449360937,-0.042,0.00318865813,0.042,0.042,-0.042,0.00449360937,0.042,-0.042,-0.042,0.0219614142,-0.042,-0.042,-0.042
88,9424961,0.486909539,-0.376865268,-1.85633433,-0.547238946,0.810121775,0.371273339,-6.19529867,-8.24089909,-2.00785112,-0.748914897,0.0192973297,-0.354078323,0.042,-0.042,-0.042,-0.042,0.042,0.042,-0.042,-0.042,-0.042,-0.042,0.00231567957,-0.042,0.042,0.042,0.042,-0.042,0.00231567957,0.042,-0.042,-0.042,0.042,-0.042,-0.042,-0.042
89,9432606,0.843039811,0.783025563,-2.55556369,1.21430409,1.09965205,0.4509193,-6.49292088,-8.45860481,-2.82571244,0.812684536,-0.294068933,0.125780031,0.042,0.042,-0.042,0.042,0.042,0.042,-0.042,-0.042,-0.042,0.042,-0.0352882719,0.0150936037,0.042,0.042,0.042,-0.042,-0.0352882719,0.042,0.042,0.042,0.042,-0.042,0.042,0.0150936037
90,9455305,1.09443772,1.33723295,-2.21716428,1.5790776,1.03569567,0.628680348,-6.29994202,-8.27661037,-2.74592352,0.943801224,-0.334458858,0.0160559397,0.042,0.042,-0.042,0.042,0.042,0.042,-0.042,-0.042,-0.042,0.042,-0.0401350629,0.00192671277,0.042,0.042,0.042,-0.042,-0.0401350629,0.042,0.042,0.042,0.042,-0.042,0.042,0.00192671277
91,9473392,0.942989588,1.29970574,-2.25748324,1.2801615,0.853544831,0.915860057,-5.99673176,-8.07783413,-2.64718628,0.61199832,-0.165563911,-0.105774902,0.042,0.042,-0.042,0.042,0.042,0.042,-0.042,-0.042,-0.042,0.042,-0.0198676693,-0.0126929882,0.042,0.042,0.042,-0.042,-0.0198676693,0.042,0.042,0.042,0.042,-0.042,0.042,-0.0126929882
92,9512869,0.506598413,0.363786191,-2.00453782,0.232462466,0.549526632,1.26737642,-5.94829035,-8.16671944,-2.06933045,-0.365967482,0.137473583,-0.429493278,0.042,0.042,-0.042,0.0278954959,0.042,0.042,-0.042,-0.042,-0.042,-0.042,0.01649683,-0.042,0.042,0.042,0.042,-0.042,0.01649683,0.042,0.042,0.0278954959,0.042,-0.042,-0.042,-0.042
93,9515453,-0.884199023,-0.759275436,-0.518667996,-2.32633972,0.254804581,0.455239713,-6.18456697,-8.58627892,-0.671387553,-2.68566227,-0.111198805,-0.602846563,-0.042,-0.042,-0.042,-0.042,0.0305765498,0.042,-0.042,-0.042,-0.042,-0.042,-0.0133438566,-0.042,-0.042,0.042,0.0305765498,-0.042,-0.0133438566,0.042,-0.042,-0.042,0.042,-0.042,-0.042,-0.042
94,9533725,-1.46319413,-2.07159066,1.26673567,-3.36347437,-0.149940521,-0.394894302,-6.55727291,-8.9439106,0.555534005,-3.77514911,-0.476248145,-1.00047278,-0.042,-0.042,0.042,-0.042,-0.0179928625,-0.042,-0.042,-0.042,0.042,-0.042,-0.042,-0.042,-0.042,-0.042,-0.0179928625,-0.042,-0.042,-0.042,-0.042,-0.042,-0.042,-0.042,-0.042,-0.042
95,9561910,-1.42680991,-2.75590181,1.74970281,-3.55787468,-0.464062929,-0.728308439,-6.75009918,-9.0814476,0.519979417,-4.13110304,-0.489590645,-1.26384354,-0.042,-0.042,0.042,-0.042,-0.042,-0.042,-0.042,-0.042,0.042,-0.042,-0.042,-0.042,-0.042,-0.042,-0.042,-0.042,-0.042,-0.042,-0.042,-0.042,-0.042,-0.042,-0.042,-0.042
96,9572978,-1.48914456,-3.40620971,1.92185009,-3.65990162,-0.586963296,-0.896656036,-6.82593298,-9.21411419,0.680803716,-4.06384563,-0.414825767,-1.35743713,-0.042,-0.042,0.042,-0.042,-0.042,-0.042,-0.042,-0.042,0.042,-0.042,-0.042,-0.042,-0.042,-0.042,-0.042,-0.042,-0.042,-0.042,-0.042,-0.042,-0.042,-0.042,-0.042,-0.042
97,9594364,-1.54655361,-3.92125201,1.83115673,-3.64736319,-0.608114064,-0.959920764,-6.67946672,-9.11153126,0.865748048,-3.87765527,-0.232646704,-1.56179631,-0.042,-0.042,0.042,-0.042,-0.042,-0.042,-0.042,-0.042,0.042,-0.042,-0.0279176044,-0.042,-0.042,-0.042,-0.042,-0.042,-0.0279176044,-0.042,-0.042,-0.042,-0.042,-0.042,-0.042,-0.042
98,9613546,-1.80625892,-4.27901316,1.63069582,-3.54088354,-0.546382308,-1.08467448,-6.23573351,-8.69544792,0.853885353,-3.71549988,-0.193290681,-1.7352283,-0.042,-0.042,0.042,-0.042,-0.042,-0.042,-0.042,-0.042,0.042,-0.042,-0.0231948817,-0.042,-0.042,-0.042,-0.042,-0.042,-0.0231948817,-0.042,-0.042,-0.042,-0.042,-0.042,-0.042,-0.042
99,9634392,-2.25236344,-4.57874107,1.55459261,-3.54800749,-0.486207962,-1.18675995,-5.68602657,-8.12840271,0.878184974,-3.70483875,-0.243770033,-1.79050016,-0.042,-0.042,0.042,-0.042,-0.042,-0.042,-0.042,-0.042,0.042,-0.042,-0.029252404,-0.042,-0.042,-0.042,-0.042,-0.042,-0.029252404,-0.042,-0.042,-0.042,-0.042,-0.042,-0.042,-0.042
100,9660320,-2.58324623,-4.82202244,1.58286738,-3.60240698,-0.425712287,-1.27012384,-5.14050579,-7.63285637,0.995254815,-3.75425458,-0.274290204,-1.82242405,-0.042,-0.042,0.042,-0.042,-0.042,-0.042,-0.042,-0.042,0.042,-0.042,-0.0329148245,-0.042,-0.042,-0.042,-0.042,-0.042,-0.0329148245,-0.042,-0.042,-0.042,-0.042,-0.042,-0.042,-0.042
101,9672804,-2.58328342,-4.95194817,1.58143079,-3.5632987,-0.353405625,-1.30930412,-4.6464467,-7.23631191,1.02395713,-3.71963501,-0.273044616,-1.78347635,-0.042,-0.042,0.042,-0.042,-0.042,-0.042,-0.042,-0.042,0.042,-0.042,-0.0327653539,-0.042,-0.042,-0.042,-0.042,-0.042,-0.0327653539,-0.042,-0.042,-0.042,-0.042,-0.042,-0.042,-0.042
102,9699963,-2.34496808,-5.0047946,1.45350993,-3.39070368,-0.321406186,-1.28024912,-4.25727272,-6.91982698,0.94226855,-3.50119352,-0.240717113,-1.7499181,-0.042,-0.042,0.042,-0.042,-0.0385687423,-0.042,-0.042,-0.042,0.042,-0.042,-0.0288860536,-0.042,-0.042,-0.042,-0.0385687423,-0.042,-0.0288860536,-0.042,-0.042,-0.042,-0.042,-0.042,-0.042,-0.042
103,9717301,-2.07373953,-4.98006821,1.2680124,-3.15498877,-0.300726265,-1.25164771,-3.93598151,-6.6842618,0.777068913,-3.21747446,-0.216568649,-1.6658299,-0.042,-0.042,0.042,-0.042,-0.0360871518,-0.042,-0.042,-0.042,0.042,-0.042,-0.0259882379,-0.042,-0.042,-0.042,-0.0360871518,-0.042,-0.0259882379,-0.042,-0.042,-0.042,-0.042,-0.042,-0.042,-0.042
104,9733200,-1.75032723,-4.87783432,1.04377663,-2.91654825,-0.275965482,-1.18685877,-3.69677758,-6.50861025,0.589991331,-2.94247031,-0.175616741,-1.62049568,-0.042,-0.042,0.042,-0.042,-0.0331158578,-0.042,-0.042,-0.042,0.042,-0.042,-0.0210740089,-0.042,-0.042,-0.042,-0.0331158578,-0.042,-0.0210740089,-0.042,-0.042,-0.042,-0.042,-0.042,-0.042,-0.042
105,9759023,-1.47303152,-4.72537327,0.884783387,-2.75341511,-0.236812741,-1.09230387,-3.52253509,-6.3908205,0.451087177,-2.75842428,-0.144844711,-1.56299675,-0.042,-0.042,0.042,-0.042,-0.0284175289,-0.042,-0.042,-0.042,0.042,-0.042,-0.0173813653,-0.042,-0.042,-0.042,-0.0284175289,-0.042,-0.0173813653,-0.042,-0.042,-0.042,-0.042,-0.042,-0.042,-0.042
106,9773766,-1.29984713,-4.57892752,0.874063134,-2.71364594,-0.204076916,-1.02861261,-3.39042115,-6.32304764,0.437838376,-2.71275449,-0.137460858,-1.46769845,-0.042,-0.042,0.042,-0.042,-0.0244892299,-0.042,-0.042,-0.042,0.042,-0.042,-0.0164953029,-0.042,-0.042,-0.042,-0.0244892299,-0.042,-0.0164953029,-0.042,-0.042,-0.042,-0.042,-0.042,-0.042,-0.042
107,9797365,-1.13362694,-4.4521904,0.925700307,-2.72147894,-0.181592375,-0.972623229,-3.31056738,-6.27523327,0.500440359,-2.7263217,-0.11486309,-1.39269078,-0.042,-0.042,0.042,-0.042,-0.021791085,-0.042,-0.042,-0.042,0.042,-0.042,-0.0137835708,-0.042,-0.042,-0.042,-0.021791085,-0.042,-0.0137835708,-0.042,-0.042,-0.042,-0.042,-0.042,-0.042,-0.042
108,9812679,-0.904396236,-4.31127977,0.948524952,-2.69765854,-0.164216444,-0.911473334,-3.30643845,-6.25733519,0.527314782,-2.70963001,-0.0865084007,-1.32965672,-0.042,-0.042,0.042,-0.042,-0.0197059733,-0.042,-0.042,-0.042,0.042,-0.042,-0.0103810081,-0.042,-0.042,-0.042,-0.0197059733,-0.042,-0.0103810081,-0.042,-0.042,-0.042,-0.042,-0.042,-0.042,-0.042
109,9837707,-0.651917517,-4.13431978,0.890685678,-2.59755611,-0.142952919,-0.841795087,-3.37355399,-6.28267288,0.472031832,-2.62154365,-0.0632398352,-1.26727402,-0.042,-0.042,0.042,-0.042,-0.0171543503,-0.042,-0.042,-0.042,0.042,-0.042,-0.00758878022,-0.042,-0.042,-0.042,-0.0171543503,-0.042,-0.00758878022,-0.042,-0.042,-0.042,-0.042,-0.042,-0.042,-0.042
110,9860068,-0.399871439,-3.9251585,0.751851797,-2.44324017,-0.111531481,-0.744066119,-3.48549128,-6.3472209,0.343802512,-2.48067832,-0.0453270078,-1.19911373,-0.042,-0.042,0.042,-0.042,-0.0133837777,-0.042,-0.042,-0.042,0.0412563014,-0.042,-0.00543924093,-0.042,-0.042,-0.042,-0.0133837777,-0.042,-0.00543924093,-0.0412563014,-0.042,-0.042,-0.042,-0.042,-0.042,-0.042
111,9877451,-0.20831047,-3.70413923,0.584531426,-2.33449411,-0.0747253075,-0.637503564,-3.61098337,-6.43355513,0.184227869,-2.36321735,-0.0429830104,-1.11150372,-0.0249972564,-0.042,0.042,-0.042,-0.0089670369,-0.042,-0.042,-0.042,0.0221073443,-0.042,-0.00515796125,-0.042,-0.0249972564,-0.042,-0.0089670369,-0.042,-0.00515796125,-0.0221073443,-0.042,-0.042,-0.042,-0.042,-0.042,-0.042
112,9899538,-0.0637916476,-3.45053148,0.385198563,-2.30275726,-0.0193771534,-0.529956877,-3.74966598,-6.52468014,0.00149835646,-2.27255177,-0.0417176634,-1.01940811,-0.00765499771,-0.042,0.042,-0.042,-0.0023252584,-0.042,-0.042,-0.042,0.000179802775,-0.042,-0.00500611961,-0.042,-0.00765499771,-0.042,-0.0023252584,-0.042,-0.00500611961,-0.000179802775,-0.042,-0.042,-0.042,-0.042,-0.042,-0.042
113,9917721,0.0260448456,-3.18542123,0.23430118,-2.33688545,0.0198105276,-0.450418651,-3.90478635,-6.62555885,-0.159618154,-2.24392653,-0.0282682478,-0.928952634,0.00312538147,-0.042,0.0281161416,-0.042,0.00237726331,-0.042,-0.042,-0.042,-0.0191541785,-0.042,-0.00339218974,-0.042,0.00312538147,-0.0281161416,0.00237726331,-0.042,-0.00339218974,0.0191541785,-0.042,-0.042,-0.042,-0.042,-0.042,-0.042
114,9933906,0.0793258771,-2.98717237,0.277985215,-2.41099501,0.00262397528,-0.413013369,-4.07803631,-6.74371862,-0.149582878,-2.32519269,-0.0124193616,-0.832695127,0.00951910526,-0.042,0.0333582258,-0.042,0.000314877033,-0.042,-0.042,-0.042,-0.0179499453,-0.042,-0.00149032339,-0.042,0.00951910526,-0.0333582258,0.000314877033,-0.042,-0.00149032339,0.0179499453,-0.042,-0.042,-0.042,-0.042,-0.042,-0.042
115,9953852,0.0830229297,-2.95919752,0.659484863,-2.54205418,-0.104595348,-0.434888333,-4.25208521,-6.84305,0.19001016,-2.57616162,-0.00782538578,-0.745392859,0.00996275157,-0.042,0.042,-0.042,-0.0125514418,-0.042,-0.042,-0.042,0.0228012192,-0.042,-0.000939046293,-0.042,0.00996275157,-0.042,-0.0125514418,-0.042,-0.000939046293,-0.0228012192,-0.042,-0.042,-0.042,-0.042,-0.042,-0.042
116,9986065,0.00885274634,-3.02307749,1.11886108,-2.75531244,-0.190686584,-0.552224159,-4.4072032,-6.88149786,0.638745189,-2.85936451,-0.0242553353,-0.691583872,0.00106232956,-0.042,0.042,-0.042,-0.02288239,-0.042,-0.042,-0.042,0.042,-0.042,-0.00291064024,-0.042,0.00106232956,-0.042,-0.02288239,-0.042,-0.00291064024,-0.042,-0.042,-0.042,-0.042,-0.042,-0.042,-0.042
117,9995399,-0.020029407,-3.0232749,1.30455458,-2.86004782,-0.206377476,-0.69167161,-4.5726037,-6.87810755,0.800397575,-2.96485925,-0.0302195549,-0.677279592,-0.00240352884,-0.042,0.042,-0.042,-0.0247652972,-0.042,-0.042,-0.042,0.042,-0.042,-0.00362634659,-0.042,-0.00240352884,-0.042,-0.0247652972,-0.042,-0.00362634659,-0.042,-0.042,-0.042,-0.042,-0.042,-0.042,-0.042
118,10012271,0.0104216337,-2.97892046,1.23291826,-2.75776196,-0.184914887,-0.768826604,-4.70975208,-6.83693933,0.689040124,-2.84903145,-0.0461789891,-0.696764171,0.00125059605,-0.042,0.042,-0.042,-0.0221897864,-0.042,-0.042,-0.042,0.042,-0.042,-0.00554147869,-0.042,0.00125059605,-0.042,-0.0221897864,-0.042,-0.00554147869,-0.042,-0.042,-0.042,-0.042,-0.042,-0.042,-0.042
119,10036386,0.0465916842,-2.9079566,1.02180147,-2.57981777,-0.137840495,-0.752932489,-4.76926136,-6.75971651,0.474679172,-2.6705544,-0.0529569983,-0.726010501,0.00559100211,-0.042,0.042,-0.042,-0.0165408593,-0.042,-0.042,-0.042,0.042,-0.042,-0.0063548398,-0.042,0.00559100211,-0.042,-0.0165408593,-0.042,-0.0063548398,-0.042,-0.042,-0.042,-0.042,-0.042,-0.042,-0.042
120,10056382,0.0370950848,-2.82426906,0.776290178,-2.45453739,-0.0735480189,-0.674467444,-4.73480558,-6.64107513,0.264701009,-2.52125335,-0.0531985238,-0.752389789,0.00445141017,-0.042,0.042,-0.042,-0.00882576227,-0.042,-0.042,-0.042,0.0317641211,-0.042,-0.00638382286,-0.042,0.00445141017,-0.042,-0.00882576227,-0.042,-0.00638382286,-0.0317641211,-0.042,-0.042,-0.042,-0.042,-0.042,-0.042
121,10075375,-0.0405592062,-2.7315371,0.578667879,-2.45086813,-0.0194600672,-0.59090203,-4.64343977,-6.49783993,0.103686452,-2.44258666,-0.0457266867,-0.768896759,-0.00486710474,-0.042,0.042,-0.042,-0.00233520806,-0.042,-0.042,-0.042,0.0124423742,-0.042,-0.00548720241,-0.042,-0.00486710474,-0.042,-0.00233520806,-0.042,-0.00548720241,-0.0124423742,-0.042,-0.042,-0.042,-0.042,-0.042,-0.042
122,10098786,-0.116246805,-2.68235612,0.612628341,-2.51617813,-0.0418971069,-0.535677612,-4.56405687,-6.37528038,0.143173978,-2.50210667,-0.0196124092,-0.76331836,-0.0139496166,-0.042,0.042,-0.042,-0.00502765283,-0.042,-0.042,-0.042,0.0171808773,-0.042,-0.0023534891,-0.042,-0.0139496166,-0.042,-0.00502765283,-0.042,-0.0023534891,-0.0171808773,-0.042,-0.042,-0.042,-0.042,-0.042,-0.042
123,10113313,-0.142988771,-2.72998571,0.886805654,-2.60568905,-0.132511705,-0.531245351,-4.52586508,-6.28881264,0.408113152,-2.66810203,0.00220414251,-0.757932127,-0.0171586525,-0.042,0.042,-0.042,-0.0159014046,-0.042,-0.042,-0.042,0.042,-0.042,0.000264497101,-0.042,-0.0171586525,-0.042,-0.0159014046,-0.042,0.000264497101,-0.042,-0.042,-0.042,-0.042,-0.042,-0.042,-0.042
124,10135839,-0.120651662,-2.78878736,1.10231733,-2.6904645,-0.190918267,-0.576030731,-4.53155661,-6.23439837,0.621736765,-2.77845931,0.00885582343,-0.769240916,-0.0144781995,-0.042,0.042,-0.042,-0.022910192,-0.042,-0.042,-0.042,0.042,-0.042,0.00106269881,-0.042,-0.0144781995,-0.042,-0.022910192,-0.042,0.00106269881,-0.042,-0.042,-0.042,-0.042,-0.042,-0.042,-0.042
125,10153825,-0.0514306538,-2.78773952,1.10832918,-2.64481783,-0.193384469,-0.621034145,-4.57562065,-6.21270227,0.632667065,-2.73259997,0.00657599047,-0.792392552,-0.00617167845,-0.042,0.042,-0.042,-0.0232061362,-0.042,-0.042,-0.042,0.042,-0.042,0.000789118856,-0.042,-0.00617167845,-0.042,-0.0232061362,-0.042,0.000789118856,-0.042,-0.042,-0.042,-0.042,-0.042,-0.042,-0.042
126,10175784,0.0312189627,-2.71893549,0.914114952,-2.48057318,-0.148444772,-0.619219124,-4.62964725,-6.21665573,0.459494114,-2.55577397,-0.00379138067,-0.819580972,0.00374627553,-0.042,0.042,-0.042,-0.0178133726,-0.042,-0.042,-0.042,0.042,-0.042,-0.000454965681,-0.042,0.00374627553,-0.042,-0.0178133726,-0.042,-0.000454965681,-0.042,-0.042,-0.042,-0.042,-0.042,-0.042,-0.042
127,10198730,0.0428517535,-2.52894425,0.5055058,-2.35519838,-0.00488924608,-0.579499483,-4.67405319,-6.24359608,0.113277808,-2.32181096,-0.0219061896,-0.827970564,0.00514221042,-0.042,0.042,-0.042,-0.000586709529,-0.042,-0.042,-0.042,0.0135933369,-0.042,-0.00262874275,-0.042,0.00514221042,-0.042,-0.000586709529,-0.042,-0.00262874275,-0.0135933369,-0.042,-0.042,-0.042,-0.042,-0.042,-0.042
128,10213286,0.00711940601,-2.22438335,0.00888246298,-2.29529428,0.169647306,-0.489192814,-4.72420406,-6.29111338,-0.332445264,-2.10624552,-0.0188954994,-0.805695713,0.000854328722,-0.042,0.00106589556,-0.042,0.0203576767,-0.042,-0.042,-0.042,-0.0398934317,-0.042,-0.00226745993,-0.042,0.000854328722,-0.00106589556,0.0203576767,-0.042,-0.00226745993,0.0398934317,-0.042,-0.042,-0.042,-0.042,-0.042,-0.042
129,10238918,0.00717294961,-1.90578389,-0.307360083,-2.24807978,0.23415333,-0.348691165,-4.83814192,-6.39170551,-0.66983515,-1.99917912,0.022755105,-0.730621755,0.000860753953,-0.042,-0.0368832099,-0.042,0.0280983996,-0.0418429399,-0.042,-0.042,-0.042,-0.042,0.00273061261,-0.042,0.000860753953,0.0368832099,0.0280983996,-0.042,0.00273061261,0.042,-0.042,-0.042,-0.0418429399,-0.042,-0.042,-0.042
130,10254600,0.0545748249,-1.71186519,-0.226576507,-2.26179743,0.181224793,-0.24663806,-5.02986765,-6.53946304,-0.645033658,-2.08057928,0.0612030402,-0.619306386,0.00654897898,-0.042,-0.0271891809,-0.042,0.0217469752,-0.0295965672,-0.042,-0.042,-0.042,-0.042,0.00734436482,-0.042,0.00654897898,0.0271891809,0.0217469752,-0.042,0.00734436482,0.042,-0.042,-0.042,-0.0295965672,-0.042,-0.042,-0.042
131,10278791,0.083538577,-1.78728473,0.431894809,-2.46969986,0.000287555158,-0.258958697,-5.22109652,-6.67941046,-0.0294509213,-2.4934032,0.0889444649,-0.515860319,0.0100246292,-0.042,0.042,-0.042,3.4506619e-05,-0.0310750437,-0.042,-0.042,-0.00353411056,-0.042,0.0106733358,-0.042,0.0100246292,-0.042,3.4506619e-05,-0.042,0.0106733358,0.00353411056,-0.042,-0.042,-0.0310750437,-0.042,-0.042,-0.042
132,10293634,0.0337198749,-2.07665944,1.336748,-2.87184095,-0.179925442,-0.460082859,-5.33899832,-6.74296713,0.905927181,-3.10813236,0.0589558668,-0.453287244,0.00404638499,-0.042,0.042,-0.042,-0.021591053,-0.042,-0.042,-0.042,0.042,-0.042,0.00707470402,-0.042,0.00404638499,-0.042,-0.021591053,-0.042,0.00707470402,-0.042,-0.042,-0.042,-0.042,-0.042,-0.042,-0.042
133,10313616,0.110435203,-2.21797609,1.6162951,-3.02773333,-0.233377278,-0.698944867,-5.47337818,-6.77971554,1.08361769,-3.29301929,0.0297929142,-0.457294613,0.0132522243,-0.042,0.042,-0.042,-0.0280052733,-0.042,-0.042,-0.042,0.042,-0.042,0.0035751497,-0.042,0.0132522243,-0.042,-0.0280052733,-0.042,0.0035751497,-0.042,-0.042,-0.042,-0.042,-0.042,-0.042,-0.042
134,10343390,0.182362586,-2.25297427,1.48668313,-2.80740929,-0.21043241,-0.816373944,-5.61914158,-6.78699255,0.885659635,-3.0390594,0.00453361124,-0.501907945,0.0218835104,-0.042,0.042,-0.042,-0.0252518892,-0.042,-0.042,-0.042,0.042,-0.042,0.000544033349,-0.042,0.0218835104,-0.042,-0.0252518892,-0.042,0.000544033349,-0.042,-0.042,-0.042,-0.042,-0.042,-0.042,-0.042
135,10352996,0.179298028,-2.22955847,1.15910137,-2.54520178,-0.119005919,-0.843117833,-5.69160414,-6.70897341,0.573639512,-2.74378443,-0.009738978,-0.568739474,0.0215157634,-0.042,0.042,-0.042,-0.0142807102,-0.042,-0.042,-0.042,0.042,-0.042,-0.00116867736,-0.042,0.0215157634,-0.042,-0.0142807102,-0.042,-0.00116867736,-0.042,-0.042,-0.042,-0.042,-0.042,-0.042,-0.042
136,10375843,0.0739781708,-2.15174198,0.733006477,-2.4302783,0.0118341893,-0.773374557,-5.61471367,-6.56359768,0.207362801,-2.49190712,-0.0363077074,-0.638636291,0.00887738049,-0.042,0.042,-0.042,0.00142010272,-0.042,-0.042,-0.042,0.0248835361,-0.042,-0.00435692489,-0.042,0.00887738049,-0.042,0.00142010272,-0.042,-0.00435692489,-0.0248835361,-0.042,-0.042,-0.042,-0.042,-0.042,-0.042
137,10395080,-0.124952078,-2.09406066,0.452008188,-2.45881939,0.0647130683,-0.656153202,-5.43450308,-6.39620972,-0.0306601748,-2.34892344,-0.061539337,-0.710110724,-0.0149942493,-0.042,0.042,-0.042,0.0077655682,-0.042,-0.042,-0.042,-0.00367922097,-0.042,-0.00738472044,-0.042,-0.0149942493,-0.042,0.0077655682,-0.042,-0.00738472044,0.00367922097,-0.042,-0.042,-0.042,-0.042,-0.042,-0.042
138,10413576,-0.271613926,-2.11559391,0.502760172,-2.54455614,0.0018203333,-0.54685533,-5.26156187,-6.25871849,0.0433302857,-2.41722202,-0.0291265845,-0.773335636,-0.0325936711,-0.042,0.042,-0.042,0.000218439996,-0.042,-0.042,-0.042,0.00519963428,-0.042,-0.00349519014,-0.042,-0.0325936711,-0.042,0.000218439996,-0.042,-0.00349519014,-0.00519963428,-0.042,-0.042,-0.042,-0.042,-0.042,-0.042
139,10438853,-0.232280686,-2.26790738,0.860583067,-2.6086874,-0.122855961,-0.512492537,-5.14300442,-6.17413855,0.405189991,-2.61574197,0.0108455084,-0.827206135,-0.0278736824,-0.042,0.042,-0.042,-0.0147427154,-0.042,-0.042,-0.042,0.042,-0.042,0.00130146101,-0.042,-0.0278736824,-0.042,-0.0147427154,-0.042,0.00130146101,-0.042,-0.042,-0.042,-0.042,-0.042,-0.042,-0.042
140,10455719,-0.080071941,-2.42625713,1.09229875,-2.62676716,-0.204403102,-0.530389905,-5.07095957,-6.1494689,0.633973718,-2.700634,0.0321263,-0.881217837,-0.00960863292,-0.042,0.042,-0.042,-0.0245283723,-0.042,-0.042,-0.042,0.042,-0.042,0.003855156,-0.042,-0.00960863292,-0.042,-0.0245283723,-0.042,0.003855156,-0.042,-0.042,-0.042,-0.042,-0.042,-0.042,-0.042
141,10476558,0.076006256,-2.43908095,0.974300504,-2.48283386,-0.173189729,-0.542383373,-5.08355665,-6.20635223,0.538817286,-2.55324602,0.0374101289,-0.920026779,0.00912075073,-0.042,0.042,-0.042,-0.0207827675,-0.042,-0.042,-0.042,0.042,-0.042,0.00448921546,-0.042,0.00912075073,-0.042,-0.0207827675,-0.042,0.00448921546,-0.042,-0.042,-0.042,-0.042,-0.042,-0.042,-0.042
142,10493868,0.11100848,-2.19472027,0.406798691,-2.31855869,0.0668021217,-0.559444845,-5.17054367,-6.32843065,0.0609582551,-2.21744227,0.00383428112,-0.923199177,0.0133210176,-0.042,0.042,-0.042,0.0080162546,-0.042,-0.042,-0.042,0.00731499061,-0.042,0.000460113734,-0.042,0.0133210176,-0.042,0.0080162546,-0.042,0.000460113734,-0.00731499061,-0.042,-0.042,-0.042,-0.042,-0.042,-0.042
143,10515532,0.056713108,-1.72173429,-0.348201692,-2.19686365,0.381894231,-0.501096427,-5.31319141,-6.50498247,-0.626246333,-1.87029862,-0.0254388601,-0.854942262,0.00680557296,-0.042,-0.0417842031,-0.042,0.042,-0.042,-0.042,-0.042,-0.042,-0.042,-0.00305266321,-0.042,0.00680557296,0.0417842031,0.042,-0.042,-0.00305266321,0.042,-0.042,-0.042,-0.042,-0.042,-0.042,-0.042
144,10533760,0.0347637795,-1.24157143,-0.857845902,-2.0310564,0.507885575,-0.320553303,-5.5344491,-6.70032454,-1.20341086,-1.65766788,-0.00773274526,-0.695931077,0.00417165354,-0.042,-0.042,-0.042,0.042,-0.0384663963,-0.042,-0.042,-0.042,-0.042,-0.000927929431,-0.042,0.00417165354,0.042,0.042,-0.042,-0.000927929431,0.042,-0.042,-0.042,-0.0384663963,-0.042,-0.042,-0.042
145,10556677,0.135681853,-0.928215146,-0.979344368,-1.79821992,0.486719042,-0.110026076,-5.85327673,-6.93189859,-1.38584626,-1.57973254,0.0405493751,-0.488279223,0.0162818223,-0.042,-0.042,-0.042,0.042,-0.0132031292,-0.042,-0.042,-0.042,-0.042,0.00486592501,-0.042,0.0162818223,0.042,0.042,-0.042,0.00486592501,0.042,-0.042,-0.042,-0.0132031292,-0.042,-0.042,-0.042
146,10589559,0.2055071,-0.777832866,-0.751028657,-1.85118306,0.397123247,-0.0243934132,-6.1940608,-7.22197485,-1.19448292,-1.79671609,0.0935621262,-0.257354438,0.024660852,-0.042,-0.042,-0.042,0.042,-0.00292720959,-0.042,-0.042,-0.042,-0.042,0.0112274551,-0.0308825326,0.024660852,0.042,0.042,-0.042,0.0112274551,0.042,-0.042,-0.042,-0.00292720959,-0.042,-0.042,-0.0308825326
147,10594357,0.192725927,-0.922276616,0.190224156,-2.4105463,0.167164862,-0.164191127,-6.4733882,-7.45930767,-0.289959252,-2.46883821,0.131252229,-0.200819626,0.0231271112,-0.042,0.0228268987,-0.042,0.0200597835,-0.0197029352,-0.042,-0.042,-0.0347951102,-0.042,0.0157502675,-0.0240983552,0.0231271112,-0.0228268987,0.0200597835,-0.042,0.0157502675,0.0347951102,-0.042,-0.042,-0.0197029352,-0.042,-0.042,-0.0240983552
148,10613128,0.125245139,-1.39046919,1.64869297,-3.16694784,-0.168636799,-0.550766945,-6.58719635,-7.5554595,1.18783438,-3.4743259,0.0968478024,-0.186404869,0.0150294167,-0.042,0.042,-0.042,-0.0202364159,-0.042,-0.042,-0.042,0.042,-0.042,0.0116217363,-0.0223685843,0.0150294167,-0.042,-0.0202364159,-0.042,0.0116217363,-0.042,-0.042,-0.042,-0.042,-0.042,-0.042,-0.0223685843
149,10636999,0.356796533,-1.65124488,1.94441164,-3.27931023,-0.358242869,-0.912688732,-6.59085655,-7.63138866,1.07692206,-3.81464696,-0.0155789927,-0.165450647,0.042,-0.042,0.042,-0.042,-0.042,-0.042,-0.042,-0.042,0.042,-0.042,-0.00186947912,-0.0198540777,0.042,-0.042,-0.042,-0.042,-0.00186947912,-0.042,-0.042,-0.042,-0.042,-0.042,-0.042,-0.0198540777
150,10654903,0.388749123,-1.78530014,1.81779993,-3.0436821,-0.34248817,-1.09240568,-6.64876747,-7.66741323,0.839866638,-3.44735146,-0.0640453547,-0.257522434,0.042,-0.042,0.042,-0.042,-0.0410985804,-0.042,-0.042,-0.042,0.042,-0.042,-0.00768544257,-0.0309026921,0.042,-0.042,-0.0410985804,-0.042,-0.00768544257,-0.042,-0.042,-0.042,-0.042,-0.042,-0.042,-0.0309026921
151,10676752,0.238675773,-1.83868396,1.51997745,-2.82702065,-0.209648371,-1.2430197,-6.63469458,-7.49946213,0.613412857,-3.12630677,-0.0462349579,-0.377808452,0.0286410928,-0.042,0.042,-0.042,-0.0251578045,-0.042,-0.042,-0.042,0.042,-0.042,-0.00554819494,-0.042,0.0286410928,-0.042,-0.0251578045,-0.042,-0.00554819494,-0.042,-0.042,-0.042,-0.042,-0.042,-0.042,-0.042
152,10693966,0.0214644782,-1.908939,1.23133838,-2.69810104,-0.130364239,-1.27734852,-6.45443344,-7.16183472,0.455818057,-2.85552764,-0.0333372205,-0.544210553,0.00257573739,-0.042,0.042,-0.042,-0.0156437087,-0.042,-0.042,-0.042,0.042,-0.042,-0.00400046647,-0.042,0.00257573739,-0.042,-0.0156437087,-0.042,-0.00400046647,-0.042,-0.042,-0.042,-0.042,-0.042,-0.042,-0.042
153,10715678,-0.193446457,-1.98929691,1.06655133,-2.69427395,-0.121646062,-1.26697552,-6.12134647,-6.74734974,0.362537414,-2.70962787,-0.0289604142,-0.675193608,-0.0232135749,-0.042,0.042,-0.042,-0.0145975274,-0.042,-0.042,-0.042,0.042,-0.042,-0.00347524971,-0.042,-0.0232135749,-0.042,-0.0145975274,-0.042,-0.00347524971,-0.042,-0.042,-0.042,-0.042,-0.042,-0.042,-0.042
154,10737084,-0.250178725,-2.08562016,0.989425778,-2.69435596,-0.13256526,-1.21144342,-5.76310205,-6.42579556,0.387062788,-2.63030457,-0.019254908,-0.827123642,-0.0300214469,-0.042,0.042,-0.042,-0.0159078312,-0.042,-0.042,-0.042,0.042,-0.042,-0.00231058896,-0.042,-0.0300214469,-0.042,-0.0159078312,-0.042,-0.00231058896,-0.042,-0.042,-0.042,-0.042,-0.042,-0.042,-0.042
155,10753729,-0.174519166,-2.15283418,0.903647542,-2.62252808,-0.101788878,-1.11504483,-5.45874262,-6.22079277,0.389368474,-2.52838492,0.00289091095,-0.941910028,-0.0209423,-0.042,0.042,-0.042,-0.0122146654,-0.042,-0.042,-0.042,0.042,-0.042,0.000346909314,-0.042,-0.0209423,-0.042,-0.0122146654,-0.042,0.000346909314,-0.042,-0.042,-0.042,-0.042,-0.042,-0.042,-0.042
156,10776462,-0.0697479099,-2.11324668,0.692351699,-2.50868177,0.00801194459,-0.987984776,-5.25409031,-6.14159536,0.245443523,-2.35833764,0.0185683016,-0.98020792,-0.00836974919,-0.042,0.042,-0.042,0.000961433351,-0.042,-0.042,-0.042,0.0294532228,-0.042,0.00222819619,-0.042,-0.00836974919,-0.042,0.000961433351,-0.042,0.00222819619,-0.0294532228,-0.042,-0.042,-0.042,-0.042,-0.042,-0.042
157,10794267,-0.00540748239,-1.93352389,0.332477599,-2.3902545,0.181207895,-0.844079316,-5.167593,-6.17050314,-0.048772838,-2.13836598,0.0180424545,-0.96338886,-0.000648897886,-0.042,0.0398973119,-0.042,0.0217449474,-0.042,-0.042,-0.042,-0.00585274056,-0.042,0.00216509454,-0.042,-0.000648897886,-0.0398973119,0.0217449474,-0.042,0.00216509454,0.00585274056,-0.042,-0.042,-0.042,-0.042,-0.042,-0.042
158,10817779,0.00758507103,-1.68189073,-0.0287026204,-2.30983639,0.312388003,-0.694309711,-5.18954134,-6.271101,-0.376871288,-1.97045386,0.016484715,-0.889155924,0.000910208523,-0.042,-0.00344431445,-0.042,0.0374865603,-0.042,-0.042,-0.042,-0.042,-0.042,0.00197816581,-0.042,0.000910208523,0.00344431445,0.0374865603,-0.042,0.00197816581,0.042,-0.042,-0.042,-0.042,-0.042,-0.042,-0.042
159,10833296,0.0350869894,-1.48724508,-0.21062015,-2.26768923,0.300597727,-0.531067789,-5.29189396,-6.4103961,-0.588756919,-1.92376208,0.0340811536,-0.784317434,0.00421043873,-0.042,-0.025274418,-0.042,0.0360717273,-0.042,-0.042,-0.042,-0.042,-0.042,0.00408973843,-0.042,0.00421043873,0.025274418,0.0360717273,-0.042,0.00408973843,0.042,-0.042,-0.042,-0.042,-0.042,-0.042,-0.042
160,10866197,0.057589937,-1.48348463,-0.00621270761,-2.33397818,0.15089491,-0.405713052,-5.43454456,-6.56285095,-0.435487747,-2.08255792,0.0547531135,-0.67916131,0.00691079244,-0.042,-0.000745524913,-0.042,0.0181073892,-0.042,-0.042,-0.042,-0.042,-0.042,0.00657037362,-0.042,0.00691079244,0.000745524913,0.0181073892,-0.042,0.00657037362,0.042,-0.042,-0.042,-0.042,-0.042,-0.042,-0.042
161,10880428,0.0475950837,-1.76028609,0.741956711,-2.55752659,-0.105497807,-0.403345942,-5.53992367,-6.68262482,0.285286874,-2.55875778,0.0652281046,-0.587123454,0.00571141005,-0.042,0.042,-0.042,-0.0126597369,-0.042,-0.042,-0.042,0.0342344248,-0.042,0.00782737255,-0.042,0.00571141005,-0.042,-0.0126597369,-0.042,0.00782737255,-0.0342344248,-0.042,-0.042,-0.042,-0.042,-0.042,-0.042
162,10905397,0.045879133,-2.1479435,1.41504002,-2.86847878,-0.259705991,-0.591827869,-5.57583666,-6.73808908,0.930213094,-3.00891232,0.0406046994,-0.562635779,0.00550549597,-0.042,0.042,-0.042,-0.0311647189,-0.042,-0.042,-0.042,0.042,-0.042,0.00487256393,-0.042,0.00550549597,-0.042,-0.0311647189,-0.042,0.00487256393,-0.042,-0.042,-0.042,-0.042,-0.042,-0.042,-0.042
163,10920127,0.109253839,-2.32825828,1.5379374,-2.87082386,-0.283605993,-0.760874093,-5.64543629,-6.80063057,0.976884425,-3.03189063,0.0340195224,-0.586761534,0.0131104606,-0.042,0.042,-0.042,-0.0340327191,-0.042,-0.042,-0.042,0.042,-0.042,0.00408234268,-0.042,0.0131104606,-0.042,-0.0340327191,-0.042,0.00408234268,-0.042,-0.042,-0.042,-0.042,-0.042,-0.042,-0.042
164,10944523,0.15567863,-2.36739326,1.30886042,-2.62638855,-0.222848415,-0.832531512,-5.72602987,-6.8264432,0.726688683,-2.76684093,0.0272131581,-0.639081538,0.0186814356,-0.042,0.042,-0.042,-0.0267418098,-0.042,-0.042,-0.042,0.042,-0.042,0.00326557897,-0.042,0.0186814356,-0.042,-0.0267418098,-0.042,0.00326557897,-0.042,-0.042,-0.042,-0.042,-0.042,-0.042,-0.042
165,10955796,0.124566346,-2.27975965,0.895489454,-2.42237568,-0.0737307146,-0.824797571,-5.72812033,-6.79818106,0.352901995,-2.50177145,-0.00105025247,-0.670547187,0.0149479616,-0.042,0.042,-0.042,-0.00884768575,-0.042,-0.042,-0.042,0.042,-0.042,-0.000126030296,-0.042,0.0149479616,-0.042,-0.00884768575,-0.042,-0.000126030296,-0.042,-0.042,-0.042,-0.042,-0.042,-0.042,-0.042
166,10973329,-0.0620711707,-2.07816911,0.394609481,-2.41594839,0.121208884,-0.736550331,-5.62163115,-6.72654581,-0.0654316694,-2.27341914,-0.0377843305,-0.701859891,-0.00744854048,-0.042,0.042,-0.042,0.0145450661,-0.042,-0.042,-0.042,-0.00785180032,-0.042,-0.00453411967,-0.042,-0.00744854048,-0.042,0.0145450661,-0.042,-0.00453411967,0.00785180032,-0.042,-0.042,-0.042,-0.042,-0.042,-0.042
167,10994821,-0.25142327,-1.92275786,0.165473267,-2.45759296,0.157856137,-0.578574479,-5.47214413,-6.62442255,-0.257802278,-2.1969099,-0.0333279073,-0.748655796,-0.0301707923,-0.042,0.0198567921,-0.042,0.0189427364,-0.042,-0.042,-0.042,-0.0309362733,-0.042,-0.00399934888,-0.042,-0.0301707923,-0.0198567921,0.0189427364,-0.042,-0.00399934888,0.0309362733,-0.042,-0.042,-0.042,-0.042,-0.042,-0.042
168,11013940,-0.264591604,-1.92221546,0.374733329,-2.53347301,0.052504532,-0.464654654,-5.36882019,-6.54477167,-0.0655672252,-2.33850908,0.0194253344,-0.769026399,-0.0317509925,-0.042,0.042,-0.042,0.00630054384,-0.042,-0.042,-0.042,-0.00786806703,-0.042,0.00233104013,-0.042,-0.0317509925,-0.042,0.00630054384,-0.042,0.00233104013,0.00786806703,-0.042,-0.042,-0.042,-0.042,-0.042,-0.042
169,11037805,-0.0961928517,-2.11662745,0.918260098,-2.60937071,-0.128449053,-0.437399596,-5.31303406,-6.5041256,0.465585053,-2.61092353,0.0549890772,-0.786471725,-0.0115431422,-0.042,0.042,-0.042,-0.0154138863,-0.042,-0.042,-0.042,0.042,-0.042,0.00659868926,-0.042,-0.0115431422,-0.042,-0.0154138863,-0.042,0.00659868926,-0.042,-0.042,-0.042,-0.042,-0.042,-0.042,-0.042
170,11054524,0.107365578,-2.31738853,1.187379,-2.64307404,-0.232520401,-0.478409559,-5.27337742,-6.48853779,0.717832208,-2.70775676,0.0587997548,-0.832277358,0.0128838694,-0.042,0.042,-0.042,-0.0279024482,-0.042,-0.042,-0.042,0.042,-0.042,0.00705597058,-0.042,0.0128838694,-0.042,-0.0279024482,-0.042,0.00705597058,-0.042,-0.042,-0.042,-0.042,-0.042,-0.042,-0.042
171,11078595,0.242294893,-2.35324669,1.02671027,-2.48147821,-0.191528529,-0.532668531,-5.31898403,-6.54739141,0.57060802,-2.53812385,0.042969387,-0.861906111,0.0290753871,-0.042,0.042,-0.042,-0.0229834235,-0.042,-0.042,-0.042,0.042,-0.042,0.00515632644,-0.042,0.0290753871,-0.042,-0.0229834235,-0.042,0.00515632644,-0.042,-0.042,-0.042,-0.042,-0.042,-0.042,-0.042
172,11094443,0.221455827,-2.11521602,0.409174323,-2.3357048,0.0786284134,-0.587639451,-5.41265249,-6.6572237,0.0396439172,-2.19382358,-0.00550403073,-0.852134943,0.0265746993,-0.042,0.042,-0.042,0.00943540961,-0.042,-0.042,-0.042,0.00475727007,-0.042,-0.000660483688,-0.042,0.0265746993,-0.042,0.00943540961,-0.042,-0.000660483688,-0.00475727007,-0.042,-0.042,-0.042,-0.042,-0.042,-0.042
173,11115674,0.105041139,-1.68424511,-0.322035909,-2.25324726,0.385796845,-0.53560859,-5.51423311,-6.80779934,-0.634629846,-1.88159525,-0.035773389,-0.788267493,0.0126049367,-0.042,-0.038644309,-0.042,0.042,-0.042,-0.042,-0.042,-0.042,-0.042,-0.00429280668,-0.042,0.0126049367,0.038644309,0.042,-0.042,-0.00429280668,0.042,-0.042,-0.042,-0.042,-0.042,-0.042,-0.042
174,11137275,0.0334995613,-1.29391885,-0.718703866,-2.15727806,0.452382356,-0.343028933,-5.65191698,-6.95000458,-1.10278583,-1.73733246,0.00375245512,-0.670689225,0.00401994735,-0.042,-0.042,-0.042,0.042,-0.0411634719,-0.042,-0.042,-0.042,-0.042,0.000450294614,-0.042,0.00401994735,0.042,0.042,-0.042,0.000450294614,0.042,-0.042,-0.042,-0.0411634719,-0.042,-0.042,-0.042
175,11153739,0.115465909,-1.10812867,-0.631215334,-2.06396914,0.354970723,-0.141920581,-5.86246967,-7.10546398,-1.08520758,-1.7792083,0.0638687834,-0.537368894,0.0138559091,-0.042,-0.042,-0.042,0.042,-0.0170304698,-0.042,-0.042,-0.042,-0.042,0.00766425401,-0.042,0.0138559091,0.042,0.042,-0.042,0.00766425401,0.042,-0.042,-0.042,-0.0170304698,-0.042,-0.042,-0.042
176,11173737,0.196601331,-1.17261791,0.045217663,-2.30576992,0.153907239,-0.102489546,-6.09028435,-7.25721121,-0.457716316,-2.19795632,0.127156839,-0.445181847,0.0235921597,-0.042,0.00542611957,-0.042,0.0184688687,-0.0122987455,-0.042,-0.042,-0.042,-0.042,0.0152588207,-0.042,0.0235921597,-0.00542611957,0.0184688687,-0.042,0.0152588207,0.042,-0.042,-0.042,-0.0122987455,-0.042,-0.042,-0.042
177,11198566,0.169527814,-1.55540037,1.33042192,-2.87661219,-0.156165048,-0.3295407,-6.19293547,-7.33431959,0.856548965,-3.05454803,0.11415901,-0.412880749,0.0203433377,-0.042,0.042,-0.042,-0.0187398058,-0.039544884,-0.042,-0.042,0.042,-0.042,0.0136990812,-0.042,0.0203433377,-0.042,-0.0187398058,-0.042,0.0136990812,-0.042,-0.042,-0.042,-0.039544884,-0.042,-0.042,-0.042
178,11212784,0.281970412,-1.85187304,1.81158566,-3.18084526,-0.271081239,-0.661404729,-6.23894215,-7.3600626,1.24958766,-3.46711779,0.0785257667,-0.413497627,0.0338364494,-0.042,0.042,-0.042,-0.0325297487,-0.042,-0.042,-0.042,0.042,-0.042,0.00942309201,-0.042,0.0338364494,-0.042,-0.0325297487,-0.042,0.00942309201,-0.042,-0.042,-0.042,-0.042,-0.042,-0.042,-0.042
179,11251746,0.34650442,-1.98104179,1.75221097,-2.99527121,-0.280105293,-0.841549397,-6.3313942,-7.38526154,1.02413166,-3.25350428,0.0162571054,-0.434721082,0.0415805304,-0.042,0.042,-0.042,-0.0336126351,-0.042,-0.042,-0.042,0.042,-0.042,0.00195085265,-0.042,0.0415805304,-0.042,-0.0336126351,-0.042,0.00195085265,-0.042,-0.042,-0.042,-0.042,-0.042,-0.042,-0.042
180,11259887,0.292178571,-2.02611399,1.42407525,-2.70671415,-0.166106582,-0.9362818,-6.3813982,-7.25807095,0.72860384,-2.91613007,0.0106089078,-0.481163114,0.0350614285,-0.042,0.042,-0.042,-0.0199327898,-0.042,-0.042,-0.042,0.042,-0.042,0.00127306893,-0.042,0.0350614285,-0.042,-0.0199327898,-0.042,0.00127306893,-0.042,-0.042,-0.042,-0.042,-0.042,-0.042,-0.042
181,11278224,0.143914387,-2.02447939,1.04301643,-2.52999163,-0.0500478819,-0.919946134,-6.28155708,-7.01731777,0.396633655,-2.65637994,-0.0140897073,-0.574895263,0.0172697264,-0.042,0.042,-0.042,-0.00600574583,-0.042,-0.042,-0.042,0.042,-0.042,-0.00169076487,-0.042,0.0172697264,-0.042,-0.00600574583,-0.042,-0.00169076487,-0.042,-0.042,-0.042,-0.042,-0.042,-0.042,-0.042
182,11301716,-0.0765556544,-2.00075293,0.732582092,-2.53878355,0.0210410133,-0.806974769,-6.01873875,-6.70058489,0.145239532,-2.47550821,-0.0362411737,-0.681868911,-0.00918667853,-0.042,0.042,-0.042,0.0025249216,-0.042,-0.042,-0.042,0.0174287438,-0.042,-0.00434894085,-0.042,-0.00918667853,-0.042,0.0025249216,-0.042,-0.00434894085,-0.0174287438,-0.042,-0.042,-0.042,-0.042,-0.042,-0.042
183,11328248,-0.232175693,-2.04626131,0.685180187,-2.59019709,-0.0179852284,-0.676264048,-5.7178297,-6.43952179,0.154711649,-2.44907522,-0.0248803422,-0.782943189,-0.0278610831,-0.042,0.042,-0.042,-0.00215822741,-0.042,-0.042,-0.042,0.0185653979,-0.042,-0.00298564106,-0.042,-0.0278610831,-0.042,-0.00215822741,-0.042,-0.00298564106,-0.0185653979,-0.042,-0.042,-0.042,-0.042,-0.042,-0.042
184,11339922,-0.197499946,-2.17270732,0.870803595,-2.62770081,-0.101696432,-0.596875489,-5.46241426,-6.25335503,0.375623584,-2.53861451,0.0211894251,-0.875258386,-0.0236999935,-0.042,0.042,-0.042,-0.0122035718,-0.042,-0.042,-0.042,0.042,-0.042,0.00254273102,-0.042,-0.0236999935,-0.042,-0.0122035718,-0.042,0.00254273102,-0.042,-0.042,-0.042,-0.042,-0.042,-0.042,-0.042
185,11360399,-0.0095061101,-2.31206942,1.01138866,-2.59368944,-0.168035194,-0.566940486,-5.27570868,-6.16363382,0.536630273,-2.56920314,0.0492007844,-0.935229897,-0.00114073321,-0.042,0.042,-0.042,-0.0201642233,-0.042,-0.042,-0.042,0.042,-0.042,0.00590409413,-0.042,-0.00114073321,-0.042,-0.0201642233,-0.042,0.00590409413,-0.042,-0.042,-0.042,-0.042,-0.042,-0.042,-0.042
186,11379247,0.173145607,-2.33308077,0.885750651,-2.46487856,-0.137038082,-0.552891076,-5.1880331,-6.16836309,0.451798737,-2.4356463,0.0490027219,-0.957128286,0.0207774729,-0.042,0.042,-0.042,-0.0164445698,-0.042,-0.042,-0.042,0.042,-0.042,0.00588032663,-0.042,0.0207774729,-0.042,-0.0164445698,-0.042,0.00588032663,-0.042,-0.042,-0.042,-0.042,-0.042,-0.042,-0.042
187,11405511,0.23746641,-2.12457347,0.383787632,-2.32189608,0.0777960345,-0.554409206,-5.20045662,-6.25409079,0.0389847346,-2.13915396,0.0129650496,-0.941192806,0.0284959692,-0.042,0.042,-0.042,0.00933552414,-0.042,-0.042,-0.042,0.00467816815,-0.042,0.00155580595,-0.042,0.0284959692,-0.042,0.00933552414,-0.042,0.00155580595,-0.00467816815,-0.042,-0.042,-0.042,-0.042,-0.042,-0.042
188,11426493,0.213756293,-1.73726678,-0.269276619,-2.20274448,0.362132221,-0.525488079,-5.27567339,-6.39727736,-0.566047966,-1.82037127,-0.0208746493,-0.863458574,0.0256507552,-0.042,-0.0323131943,-0.042,0.042,-0.042,-0.042,-0.042,-0.042,-0.042,-0.00250495791,-0.042,0.0256507552,0.0323131943,0.042,-0.042,-0.00250495791,0.042,-0.042,-0.042,-0.042,-0.042,-0.042,-0.042
189,11444058,0.183689982,-1.33460462,-0.744023442,-2.08235073,0.499358982,-0.417983383,-5.41316128,-6.58501625,-1.11307001,-1.62943101,-0.0145059973,-0.712689281,0.0220427978,-0.042,-0.042,-0.042,0.042,-0.042,-0.042,-0.042,-0.042,-0.042,-0.00174071968,-0.042,0.0220427978,0.042,0.042,-0.042,-0.00174071968,0.042,-0.042,-0.042,-0.042,-0.042,-0.042,-0.042
190,11466678,0.2258306,-1.00598037,-0.940189004,-1.87874377,0.479402512,-0.225876808,-5.65302229,-6.84925318,-1.35652292,-1.5753535,0.0358123705,-0.468291044,0.027099672,-0.042,-0.042,-0.042,0.042,-0.027105217,-0.042,-0.042,-0.042,-0.042,0.00429748446,-0.042,0.027099672,0.042,0.042,-0.042,0.00429748446,0.042,-0.042,-0.042,-0.027105217,-0.042,-0.042,-0.042
191,11483973,0.300738037,-0.803905845,-0.848916173,-1.85056245,0.402155817,-0.104400292,-5.95171547,-7.18787193,-1.28508592,-1.71973431,0.0853461921,-0.215747043,0.0360885644,-0.042,-0.042,-0.042,0.042,-0.012528035,-0.042,-0.042,-0.042,-0.042,0.0102415431,-0.0258896452,0.0360885644,0.042,0.042,-0.042,0.0102415431,0.042,-0.042,-0.042,-0.012528035,-0.042,-0.042,-0.0258896452
192,11505755,0.352532357,-0.848870814,-0.200258106,-2.23507547,0.236797005,-0.143776312,-6.23402023,-7.4863801,-0.678898871,-2.19974279,0.127967119,-0.152302638,0.042,-0.042,-0.0240309727,-0.042,0.0284156406,-0.0172531575,-0.042,-0.042,-0.042,-0.042,0.0153560543,-0.0182763165,0.042,0.0240309727,0.0284156406,-0.042,0.0153560543,0.042,-0.042,-0.042,-0.0172531575,-0.042,-0.042,-0.0182763165
193,11524971,0.30305016,-1.29673839,1.31196296,-2.98479509,-0.148026958,-0.418184757,-6.38478851,-7.6232686,0.825311065,-3.170439,0.107880592,-0.215668976,0.0363660192,-0.042,0.042,-0.042,-0.017763235,-0.042,-0.042,-0.042,0.042,-0.042,0.0129456711,-0.0258802772,0.0363660192,-0.042,-0.017763235,-0.042,0.0129456711,-0.042,-0.042,-0.042,-0.042,-0.042,-0.042,-0.0258802772
194,11546905,0.466386229,-1.56830597,1.8939743,-3.32442093,-0.325054377,-0.823224127,-6.40399837,-7.70061016,1.2080301,-3.78963256,0.0548584834,-0.169905633,0.042,-0.042,0.042,-0.042,-0.0390065253,-0.042,-0.042,-0.042,0.042,-0.042,0.006583018,-0.0203886759,0.042,-0.042,-0.0390065253,-0.042,0.006583018,-0.042,-0.042,-0.042,-0.042,-0.042,-0.042,-0.0203886759
195,11562191,0.574208021,-1.73258638,1.91357481,-3.18618059,-0.395371258,-1.02955472,-6.45727205,-7.72835445,0.953276575,-3.5639472,-0.0595180616,-0.227778524,0.042,-0.042,0.042,-0.042,-0.042,-0.042,-0.042,-0.042,0.042,-0.042,-0.00714216739,-0.0273334229,0.042,-0.042,-0.042,-0.042,-0.00714216739,-0.042,-0.042,-0.042,-0.042,-0.042,-0.042,-0.0273334229
196,11587087,0.509840906,-1.78417385,1.64534402,-2.91388369,-0.243699849,-1.18428171,-6.45363426,-7.56542587,0.739880323,-3.20448399,-0.0386984125,-0.28132689,0.042,-0.042,0.042,-0.042,-0.0292439818,-0.042,-0.042,-0.042,0.042,-0.042,-0.0046438095,-0.0337592268,0.042,-0.042,-0.0292439818,-0.042,-0.0046438095,-0.042,-0.042,-0.042,-0.042,-0.042,-0.042,-0.0337592268
197,11603474,0.352623075,-1.84738123,1.36723292,-2.73403788,-0.115082309,-1.22648287,-6.31462383,-7.21748781,0.566394985,-2.91836882,-0.0324263275,-0.37522766,0.042,-0.042,0.042,-0.042,-0.013809877,-0.042,-0.042,-0.042,0.042,-0.042,-0.0038911593,-0.042,0.042,-0.042,-0.013809877,-0.042,-0.0038911593,-0.042,-0.042,-0.042,-0.042,-0.042,-0.042,-0.042
198,11623762,0.101094909,-1.97351539,1.23682821,-2.71006536,-0.104526527,-1.20155323,-5.98576784,-6.74517536,0.463192642,-2.79449677,-0.0429859534,-0.474596977,0.0121313891,-0.042,0.042,-0.042,-0.0125431833,-0.042,-0.042,-0.042,0.042,-0.042,-0.00515831441,-0.042,0.0121313891,-0.042,-0.0125431833,-0.042,-0.00515831441,-0.042,-0.042,-0.042,-0.042,-0.042,-0.042,-0.042
199,11647096,-0.163595781,-2.16280699,1.2994889,-2.80052948,-0.171552315,-1.16897666,-5.60519218,-6.33175802,0.533962488,-2.83009028,-0.0411339328,-0.54253751,-0.0196314937,-0.042,0.042,-0.042,-0.0205862778,-0.042,-0.042,-0.042,0.042,-0.042,-0.00493607193,-0.042,-0.0196314937,-0.042,-0.0205862778,-0.042,-0.00493607193,-0.042,-0.042,-0.042,-0.042,-0.042,-0.042,-0.042
200,11663586,-0.285058528,-2.36355495,1.3974216,-2.86602497,-0.244728446,-1.14207268,-5.25044727,-5.98416567,0.667714775,-2.88280559,-0.0233177543,-0.636283517,-0.0342070234,-0.042,0.042,-0.042,-0.0293674135,-0.042,-0.042,-0.042,0.042,-0.042,-0.00279813051,-0.042,-0.0342070234,-0.042,-0.0293674135,-0.042,-0.00279813051,-0.042,-0.042,-0.042,-0.042,-0.042,-0.042,-0.042
201,11686861,-0.218885109,-2.50114346,1.36525214,-2.80425787,-0.270599246,-1.10612619,-4.96481609,-5.727108,0.691860974,-2.8119967,0.0011059083,-0.750105441,-0.0262662131,-0.042,0.042,-0.042,-0.0324719095,-0.042,-0.042,-0.042,0.042,-0.042,0.000132708997,-0.042,-0.0262662131,-0.042,-0.0324719095,-0.042,0.000132708997,-0.042,-0.042,-0.042,-0.042,-0.042,-0.042,-0.042
202,11705833,-0.0264850669,-2.52430415,1.12933338,-2.56622219,-0.225648969,-1.01951897,-4.75279331,-5.57250738,0.545230031,-2.57052135,0.0378808379,-0.869974315,-0.00317820802,-0.042,0.042,-0.042,-0.0270778763,-0.042,-0.042,-0.042,0.042,-0.042,0.00454570055,-0.042,-0.00317820802,-0.042,-0.0270778763,-0.042,0.00454570055,-0.042,-0.042,-0.042,-0.042,-0.042,-0.042,-0.042
203,11724327,0.147935271,-2.3551693,0.608790874,-2.28015804,-0.0284737684,-0.86875242,-4.60959673,-5.52345896,0.15592356,-2.18885159,0.0355278999,-0.964625478,0.0177522326,-0.042,0.042,-0.042,-0.00341685221,-0.042,-0.042,-0.042,0.0187108272,-0.042,0.00426334798,-0.042,0.0177522326,-0.042,-0.00341685221,-0.042,0.00426334798,-0.0187108272,-0.042,-0.042,-0.042,-0.042,-0.042,-0.042
204,11749374,0.203577325,-1.88753569,-0.203176185,-2.09333658,0.336851865,-0.679637671,-4.56882763,-5.58492184,-0.50751543,-1.73974502,0.000701837242,-0.962432086,0.024429279,-0.042,-0.0243811423,-0.042,0.0404222238,-0.042,-0.042,-0.042,-0.042,-0.042,8.4220469e-05,-0.042,0.024429279,0.0243811423,0.0404222238,-0.042,8.4220469e-05,0.042,-0.042,-0.042,-0.042,-0.042,-0.042,-0.042
205,11764144,0.260227472,-1.28857327,-0.927430511,-1.86884224,0.607234716,-0.461844474,-4.67395639,-5.73565388,-1.28151476,-1.37347198,-0.0220535174,-0.831831396,0.0312272966,-0.042,-0.042,-0.042,0.042,-0.042,-0.042,-0.042,-0.042,-0.042,-0.00264642209,-0.042,0.0312272966,0.042,0.042,-0.042,-0.00264642209,0.042,-0.042,-0.042,-0.042,-0.042,-0.042,-0.042
206,11783830,0.374263138,-0.680812716,-1.44362986,-1.34196413,0.73239094,-0.192222223,-4.98983145,-6.00221395,-1.79927003,-1.04154778,0.0134180225,-0.516187429,0.042,-0.042,-0.042,-0.042,0.042,-0.0230666667,-0.042,-0.042,-0.042,-0.042,0.00161016271,-0.042,0.042,0.042,0.042,-0.042,0.00161016271,0.042,-0.042,-0.042,-0.0230666667,-0.042,-0.042,-0.042
207,11803264,0.479978085,-0.0423945971,-1.98961496,-0.488605112,0.845871985,0.104444101,-5.42746735,-6.37534285,-2.31681848,-0.428654045,0.00975143537,-0.0804520026,0.042,-0.00508735165,-0.042,-0.042,0.042,0.0125332922,-0.042,-0.042,-0.042,-0.042,0.00117017224,-0.00965424031,0.042,0.042,0.042,-0.042,0.00117017224,0.042,-0.00508735165,-0.042,0.0125332922,-0.042,-0.042,-0.00965424031
208,11824995,0.686154127,0.668725193,-2.64005303,0.910845816,1.00329936,0.469502896,-5.74760485,-6.7011323,-3.0005126,0.70796591,-0.0972110406,0.189971805,0.042,0.042,-0.042,0.042,0.042,0.042,-0.042,-0.042,-0.042,0.042,-0.0116653249,0.0227966166,0.042,0.042,0.042,-0.042,-0.0116653249,0.042,0.042,0.042,0.042,-0.042,0.042,0.0227966166
209,11848009,0.962205708,1.09739757,-2.63315868,1.49602079,0.999028683,0.930443287,-5.7151823,-6.84197426,-3.14241052,1.13511086,-0.276745826,-0.0717039853,0.042,0.042,-0.042,0.042,0.042,0.042,-0.042,-0.042,-0.042,0.042,-0.0332094991,-0.00860447824,0.042,0.042,0.042,-0.042,-0.0332094991,0.042,0.042,0.042,0.042,-0.042,0.042,-0.00860447824
210,11871127,1.04715657,0.840107024,-2.67038846,1.23917198,0.942528486,1.36668086,-5.530056,-7.0409584,-2.88561082,0.763258994,-0.157634526,-0.324297309,0.042,0.042,-0.042,0.042,0.042,0.042,-0.042,-0.042,-0.042,0.042,-0.0189161432,-0.0389156771,0.042,0.042,0.042,-0.042,-0.0189161432,0.042,0.042,0.042,0.042,-0.042,0.042,-0.0389156771
211,11891341,0.787537038,-0.153426513,-2.19767189,0.0201125704,0.713074803,1.56251609,-5.41832542,-7.62079859,-2.10423422,-0.42198211,0.136324972,-0.316095412,0.042,-0.0184111816,-0.042,0.00241350845,0.042,0.042,-0.042,-0.042,-0.042,-0.042,0.0163589966,-0.0379314494,0.042,0.042,0.042,-0.042,0.0163589966,0.042,-0.0184111816,0.00241350845,0.042,-0.042,-0.042,-0.0379314494
212,11910680,0.14863871,-1.02091897,-0.544287443,-2.41194916,0.347597271,0.331114471,-5.65836477,-8.29519176,-0.545778215,-3.10656691,-0.0911893472,0.165763199,0.0178366452,-0.042,-0.042,-0.042,0.0417116725,0.0397337365,-0.042,-0.042,-0.042,-0.042,-0.0109427217,0.0198915839,0.0178366452,0.042,0.0417116725,-0.042,-0.0109427217,0.042,-0.042,-0.042,0.0397337365,-0.042,-0.042,0.0198915839
213,11929686,0.0715945587,-1.7189126,0.851959348,-3.07459259,-0.119549245,-0.528867841,-6.28708076,-8.65866947,0.150770858,-3.96692371,-0.415182233,0.0442691743,0.00859134704,-0.042,0.042,-0.042,-0.0143459094,-0.042,-0.042,-0.042,0.018092503,-0.042,-0.042,0.00531230092,0.00859134704,-0.042,-0.0143459094,-0.042,-0.042,-0.018092503,-0.042,-0.042,-0.042,-0.042,-0.042,0.00531230092
214,11951123,0.294716626,-1.99383795,1.44905388,-3.17654085,-0.440972745,-0.912413895,-6.84269953,-8.90530586,0.0264692418,-4.08571291,-0.46163249,-0.0612341203,0.0353659952,-0.042,0.042,-0.042,-0.042,-0.042,-0.042,-0.042,0.00317630902,-0.042,-0.042,-0.00734809443,0.0353659952,-0.042,-0.042,-0.042,-0.042,-0.00317630902,-0.042,-0.042,-0.042,-0.042,-0.042,-0.00734809443
215,11963287,0.293836832,-2.5464437,1.92427373,-3.53416967,-0.623662889,-1.22814572,-7.1947341,-9.14189148,0.221053302,-4.13884687,-0.471879184,-0.104763731,0.0352604198,-0.042,0.042,-0.042,-0.042,-0.042,-0.042,-0.042,0.0265263963,-0.042,-0.042,-0.0125716478,0.0352604198,-0.042,-0.042,-0.042,-0.042,-0.0265263963,-0.042,-0.042,-0.042,-0.042,-0.042,-0.0125716478
216,11978777,0.132483885,-2.88043976,2.17987204,-3.85813618,-0.613333046,-1.52534771,-7.10222721,-9.17096233,0.340332687,-4.38176441,-0.43922618,-0.210959524,0.0158980662,-0.042,0.042,-0.042,-0.042,-0.042,-0.042,-0.042,0.0408399224,-0.042,-0.042,-0.0253151429,0.0158980662,-0.042,-0.042,-0.042,-0.042,-0.0408399224,-0.042,-0.042,-0.042,-0.042,-0.042,-0.0253151429
217,12000510,-0.0202534385,-2.95441222,2.25816965,-4.04025316,-0.447738975,-1.89956808,-6.72948503,-8.89772129,0.285203993,-4.675807,-0.454392552,-0.286662668,-0.00243041262,-0.042,0.042,-0.042,-0.042,-0.042,-0.042,-0.042,0.0342244792,-0.042,-0.042,-0.0343995202,-0.00243041262,-0.042,-0.042,-0.042,-0.042,-0.0342244792,-0.042,-0.042,-0.042,-0.042,-0.042,-0.0343995202
218,12013807,-0.120517626,-2.87157559,2.25431037,-4.0727706,-0.289937645,-2.15218019,-6.21458292,-8.57535744,0.152900681,-4.85293007,-0.487966001,-0.349748939,-0.0144621152,-0.042,0.042,-0.042,-0.0347925174,-0.042,-0.042,-0.042,0.0183480817,-0.042,-0.042,-0.0419698727,-0.0144621152,-0.042,-0.0347925174,-0.042,-0.042,-0.0183480817,-0.042,-0.042,-0.042,-0.042,-0.042,-0.0419698727
219,12040848,-0.179765731,-2.80835676,2.20889354,-4.08686638,-0.189343542,-2.24977446,-5.72246122,-8.25545692,0.115607172,-4.89925385,-0.492309332,-0.471025884,-0.0215718877,-0.042,0.042,-0.042,-0.022721225,-0.042,-0.042,-0.042,0.0138728607,-0.042,-0.042,-0.042,-0.0215718877,-0.042,-0.022721225,-0.042,-0.042,-0.0138728607,-0.042,-0.042,-0.042,-0.042,-0.042,-0.042
220,12053740,-0.212127849,-2.78891516,2.14579844,-4.06492901,-0.15743804,-2.22649479,-5.29762936,-7.81822252,0.194929719,-4.80607939,-0.43983236,-0.664007902,-0.0254553419,-0.042,0.042,-0.042,-0.0188925648,-0.042,-0.042,-0.042,0.0233915663,-0.042,-0.042,-0.042,-0.0254553419,-0.042,-0.0188925648,-0.042,-0.042,-0.0233915663,-0.042,-0.042,-0.042,-0.042,-0.042,-0.042
221,12075296,-0.241779819,-2.79947066,2.06127119,-3.99504375,-0.167317718,-2.1575408,-4.94976473,-7.3376255,0.309674114,-4.60434914,-0.366794139,-0.816277444,-0.0290135783,-0.042,0.042,-0.042,-0.0200781262,-0.042,-0.042,-0.042,0.0371608937,-0.042,-0.042,-0.042,-0.0290135783,-0.042,-0.0200781262,-0.042,-0.042,-0.0371608937,-0.042,-0.042,-0.042,-0.042,-0.042,-0.042
222,12099337,-0.222869709,-2.86991858,1.86602747,-3.77661753,-0.194827825,-2.01604748,-4.65998745,-6.84240532,0.41612941,-4.23272705,-0.272253782,-0.946974516,-0.0267443651,-0.042,0.042,-0.042,-0.023379339,-0.042,-0.042,-0.042,0.042,-0.042,-0.0326704538,-0.042,-0.0267443651,-0.042,-0.023379339,-0.042,-0.0326704538,-0.042,-0.042,-0.042,-0.042,-0.042,-0.042,-0.042
223,12113548,-0.236029014,-2.99339199,1.72269559,-3.54065275,-0.253190041,-1.89622784,-4.38728571,-6.37571621,0.520295322,-3.80531955,-0.167321116,-0.968683243,-0.0283234817,-0.042,0.042,-0.042,-0.0303828049,-0.042,-0.042,-0.042,0.042,-0.042,-0.0200785339,-0.042,-0.0283234817,-0.042,-0.0303828049,-0.042,-0.0200785339,-0.042,-0.042,-0.042,-0.042,-0.042,-0.042,-0.042
224,12145108,-0.231900945,-3.17335343,1.60286081,-3.30044937,-0.325180441,-1.81751156,-4.15278006,-5.93841314,0.621507585,-3.38992429,-0.0599344745,-0.963993669,-0.0278281134,-0.042,0.042,-0.042,-0.0390216529,-0.042,-0.042,-0.042,0.042,-0.042,-0.00719213694,-0.042,-0.0278281134,-0.042,-0.0390216529,-0.042,-0.00719213694,-0.042,-0.042,-0.042,-0.042,-0.042,-0.042,-0.042
225,12153082,-0.234163061,-3.32784843,1.45720732,-3.0829525,-0.368599176,-1.7487551,-3.94274998,-5.56843424,0.610032856,-3.0896337,-0.00488524884,-0.947576165,-0.0280995673,-0.042,0.042,-0.042,-0.042,-0.042,-0.042,-0.042,0.042,-0.042,-0.000586229861,-0.042,-0.0280995673,-0.042,-0.042,-0.042,-0.000586229861,-0.042,-0.042,-0.042,-0.042,-0.042,-0.042,-0.042
226,12172404,-0.211284116,-3.41418481,1.29787409,-2.88058519,-0.360976815,-1.65728879,-3.76416969,-5.29167318,0.549691856,-2.8501997,0.00788664445,-0.942160249,-0.0253540939,-0.042,0.042,-0.042,-0.042,-0.042,-0.042,-0.042,0.042,-0.042,0.000946397334,-0.042,-0.0253540939,-0.042,-0.042,-0.042,0.000946397334,-0.042,-0.042,-0.042,-0.042,-0.042,-0.042,-0.042
227,12197793,-0.199701235,-3.44155216,1.15542197,-2.72073317,-0.310318381,-1.52057052,-3.60011244,-5.10734034,0.46969521,-2.67251492,0.0017753616,-0.937613487,-0.0239641482,-0.042,0.042,-0.042,-0.0372382057,-0.042,-0.042,-0.042,0.042,-0.042,0.000213043392,-0.042,-0.0239641482,-0.042,-0.0372382057,-0.042,0.000213043392,-0.042,-0.042,-0.042,-0.042,-0.042,-0.042,-0.042
228,12214944,-0.136009067,-3.40958595,1.02551126,-2.58572769,-0.236138463,-1.34944522,-3.46713161,-4.98424864,0.412938476,-2.52715087,0.00230874494,-0.952320755,-0.0163210881,-0.042,0.042,-0.042,-0.0283366156,-0.042,-0.042,-0.042,0.042,-0.042,0.000277049392,-0.042,-0.0163210881,-0.042,-0.0283366156,-0.042,0.000277049392,-0.042,-0.042,-0.042,-0.042,-0.042,-0.042,-0.042
229,12245381,-0.0447457246,-3.32331276,0.909024477,-2.48101854,-0.170194253,-1.15546489,-3.38865423,-4.92281628,0.355969757,-2.41937828,-0.00959892944,-0.958554447,-0.00536948696,-0.042,0.042,-0.042,-0.0204233104,-0.042,-0.042,-0.042,0.042,-0.042,-0.00115187153,-0.042,-0.00536948696,-0.042,-0.0204233104,-0.042,-0.00115187153,-0.042,-0.042,-0.042,-0.042,-0.042,-0.042,-0.042
230,12256562,0.029230535,-3.21650743,0.835823417,-2.41919374,-0.123925403,-0.955591738,-3.35678792,-4.91689062,0.320249766,-2.3626554,-0.0182161629,-0.947408497,0.0035076642,-0.042,0.042,-0.042,-0.0148710483,-0.042,-0.042,-0.042,0.0384299719,-0.042,-0.00218593955,-0.042,0.0035076642,-0.042,-0.0148710483,-0.042,-0.00218593955,-0.0384299719,-0.042,-0.042,-0.042,-0.042,-0.042,-0.042
231,12273384,0.0569754578,-3.12746406,0.826496482,-2.42763662,-0.113158599,-0.808747828,-3.3700819,-4.9507618,0.331556082,-2.38099599,-0.0209499821,-0.916050911,0.00683705494,-0.042,0.042,-0.042,-0.0135790318,-0.042,-0.042,-0.042,0.0397867298,-0.042,-0.00251399785,-0.042,0.00683705494,-0.042,-0.0135790318,-0.042,-0.00251399785,-0.0397867298,-0.042,-0.042,-0.042,-0.042,-0.042,-0.042
232,12292569,0.106914319,-3.04878759,0.816794395,-2.41861248,-0.116666727,-0.709098876,-3.4274087,-4.9978075,0.350931078,-2.3839469,-0.0303713232,-0.896125376,0.0128297183,-0.042,0.042,-0.042,-0.0140000072,-0.042,-0.042,-0.042,0.042,-0.042,-0.00364455879,-0.042,0.0128297183,-0.042,-0.0140000072,-0.042,-0.00364455879,-0.042,-0.042,-0.042,-0.042,-0.042,-0.042,-0.042
233,12318269,0.128834903,-2.98644853,0.818124533,-2.41833162,-0.123722106,-0.657276094,-3.51091743,-5.06497526,0.361379176,-2.39872694,-0.0377521291,-0.861486375,0.0154601884,-0.042,0.042,-0.042,-0.0148466527,-0.042,-0.042,-0.042,0.042,-0.042,-0.0045302555,-0.042,0.0154601884,-0.042,-0.0148466527,-0.042,-0.0045302555,-0.042,-0.042,-0.042,-0.042,-0.042,-0.042,-0.042
234,12339748,0.140323475,-2.93170762,0.811873198,-2.40500641,-0.12737219,-0.623515666,-3.61264658,-5.14313126,0.361914694,-2.40333366,-0.039985694,-0.83282578,0.016838817,-0.042,0.042,-0.042,-0.0152846628,-0.042,-0.042,-0.042,0.042,-0.042,-0.00479828328,-0.042,0.016838817,-0.042,-0.0152846628,-0.042,-0.00479828328,-0.042,-0.042,-0.042,-0.042,-0.042,-0.042,-0.042
235,12352867,0.143266186,-2.87823248,0.791054249,-2.39052391,-0.124475479,-0.595568836,-3.71190238,-5.2191987,0.345855862,-2.40154982,-0.0393592119,-0.804328799,0.0171919423,-0.042,0.042,-0.042,-0.0149370575,-0.042,-0.042,-0.042,0.0415027034,-0.042,-0.00472310543,-0.042,0.0171919423,-0.042,-0.0149370575,-0.042,-0.00472310543,-0.0415027034,-0.042,-0.042,-0.042,-0.042,-0.042,-0.042
236,12376866,0.144925445,-2.82748508,0.763257146,-2.37612295,-0.116887897,-0.571642578,-3.79686856,-5.28925514,0.321090907,-2.39569736,-0.0373585969,-0.778506875,0.0173910534,-0.042,0.042,-0.042,-0.0140265477,-0.042,-0.042,-0.042,0.0385309088,-0.042,-0.00448303163,-0.042,0.0173910534,-0.042,-0.0140265477,-0.042,-0.00448303163,-0.0385309088,-0.042,-0.042,-0.042,-0.042,-0.042,-0.042
237,12393321,0.136494249,-2.7765758,0.749110937,-2.37833643,-0.107010186,-0.554219127,-3.87079692,-5.3515029,0.307880819,-2.40620804,-0.0295214653,-0.755683064,0.0163793099,-0.042,0.042,-0.042,-0.0128412223,-0.042,-0.042,-0.042,0.0369456983,-0.042,-0.00354257584,-0.042,0.0163793099,-0.042,-0.0128412223,-0.042,-0.00354257584,-0.0369456983,-0.042,-0.042,-0.042,-0.042,-0.042,-0.042
238,12423310,0.121089533,-2.73186541,0.763902545,-2.39612103,-0.102728061,-0.549224436,-3.93512797,-5.40301323,0.321635753,-2.4349606,-0.0225469396,-0.729022026,0.014530744,-0.042,0.042,-0.042,-0.0123273674,-0.042,-0.042,-0.042,0.0385962903,-0.042,-0.00270563275,-0.042,0.014530744,-0.042,-0.0123273674,-0.042,-0.00270563275,-0.0385962903,-0.042,-0.042,-0.042,-0.042,-0.042,-0.042
239,12433793,0.0937547237,-2.70079517,0.812849998,-2.42885494,-0.105050817,-0.563230634,-3.99074268,-5.44400263,0.365520775,-2.48159003,-0.0185511038,-0.701874197,0.0112505668,-0.042,0.042,-0.042,-0.0126060981,-0.042,-0.042,-0.042,0.042,-0.042,-0.00222613245,-0.042,0.0112505668,-0.042,-0.0126060981,-0.042,-0.00222613245,-0.042,-0.042,-0.042,-0.042,-0.042,-0.042,-0.042
240,12455386,0.0646464676,-2.681005,0.872908115,-2.46223593,-0.111483917,-0.590239823,-4.04001522,-5.47416353,0.420672208,-2.52926278,-0.0188127905,-0.680800676,0.00775757611,-0.042,0.042,-0.042,-0.01337807,-0.042,-0.042,-0.042,0.042,-0.042,-0.00225753486,-0.042,0.00775757611,-0.042,-0.01337807,-0.042,-0.00225753486,-0.042,-0.042,-0.042,-0.042,-0.042,-0.042,-0.042
241,12487948,0.0453772843,-2.66299415,0.909705281,-2.47724485,-0.116775751,-0.619587779,-4.08447599,-5.49602556,0.45373255,-2.55343008,-0.0212389901,-0.672277153,0.00544527411,-0.042,0.042,-0.042,-0.0140130901,-0.042,-0.042,-0.042,0.042,-0.042,-0.00254867882,-0.042,0.00544527411,-0.042,-0.0140130901,-0.042,-0.00254867882,-0.042,-0.042,-0.042,-0.042,-0.042,-0.042,-0.042
242,12494596,0.0446024165,-2.63776994,0.899053574,-2.46018314,-0.118101463,-0.63893795,-4.12302017,-5.51143599,0.442804754,-2.53817701,-0.0251093209,-0.67708534,0.00535228997,-0.042,0.042,-0.042,-0.0141721755,-0.042,-0.042,-0.042,0.042,-0.042,-0.00301311851,-0.042,0.00535228997,-0.042,-0.0141721755,-0.042,-0.00301311851,-0.042,-0.042,-0.042,-0.042,-0.042,-0.042,-0.042
243,12515314,0.0526963919,-2.59998345,0.841240287,-2.42045784,-0.110698782,-0.644297361,-4.15261555,-5.52512646,0.389379859,-2.49177957,-0.0281077772,-0.688892245,0.00632356703,-0.042,0.042,-0.042,-0.0132838538,-0.042,-0.042,-0.042,0.042,-0.042,-0.00337293327,-0.042,0.00632356703,-0.042,-0.0132838538,-0.042,-0.00337293327,-0.042,-0.042,-0.042,-0.042,-0.042,-0.042,-0.042
244,12537625,0.0587403178,-2.54882264,0.754898906,-2.38151073,-0.0937687606,-0.638232946,-4.17139292,-5.54050398,0.311240017,-2.43618345,-0.0305100605,-0.697553992,0.00704883814,-0.042,0.042,-0.042,-0.0112522513,-0.042,-0.042,-0.042,0.0373488021,-0.042,-0.00366120726,-0.042,0.00704883814,-0.042,-0.0112522513,-0.042,-0.00366120726,-0.0373488021,-0.042,-0.042,-0.042,-0.042,-0.042,-0.042
245,12552953,0.0581417754,-2.48438334,0.666390777,-2.36430311,-0.0696618333,-0.624986649,-4.18575621,-5.56341743,0.231848061,-2.39203715,-0.0294985995,-0.70048964,0.00697701305,-0.042,0.042,-0.042,-0.00835942,-0.042,-0.042,-0.042,0.0278217673,-0.042,-0.00353983194,-0.042,0.00697701305,-0.042,-0.00835942,-0.042,-0.00353983194,-0.0278217673,-0.042,-0.042,-0.042,-0.042,-0.042,-0.042
246,12580788,0.0557448491,-2.40622544,0.600056887,-2.37131691,-0.0456845239,-0.607294679,-4.20626497,-5.59914207,0.176792935,-2.37318873,-0.0196041018,-0.694983006,0.0066893819,-0.042,0.042,-0.042,-0.00548214287,-0.042,-0.042,-0.042,0.0212151521,-0.042,-0.00235249221,-0.042,0.0066893819,-0.042,-0.00548214287,-0.042,-0.00235249221,-0.0212151521,-0.042,-0.042,-0.042,-0.042,-0.042,-0.042
247,12593448,0.0615487657,-2.32731581,0.582253695,-2.38880634,-0.0322325528,-0.590412021,-4.24461603,-5.65222263,0.167102575,-2.38364363,-0.00614506751,-0.680716991,0.00738585189,-0.042,0.042,-0.042,-0.00386790633,-0.042,-0.042,-0.042,0.020052309,-0.042,-0.000737408102,-0.042,0.00738585189,-0.042,-0.00386790633,-0.042,-0.000737408102,-0.020052309,-0.042,-0.042,-0.042,-0.042,-0.042,-0.042
248,12617350,0.0690356642,-2.27820611,0.638212442,-2.40948868,-0.041691158,-0.587219,-4.29812574,-5.71442938,0.220701784,-2.42753744,0.000815842301,-0.656814635,0.0082842797,-0.042,0.042,-0.042,-0.00500293896,-0.042,-0.042,-0.042,0.0264842141,-0.042,9.79010761e-05,-0.042,0.0082842797,-0.042,-0.00500293896,-0.042,9.79010761e-05,-0.0264842141,-0.042,-0.042,-0.042,-0.042,-0.042,-0.042
249,12635335,0.0798806027,-2.26708746,0.739819169,-2.42937708,-0.0672963038,-0.600040913,-4.35925293,-5.77468681,0.316132873,-2.48537493,0.00167848915,-0.636016071,0.00958567232,-0.042,0.042,-0.042,-0.00807555646,-0.042,-0.042,-0.042,0.0379359448,-0.042,0.000201418698,-0.042,0.00958567232,-0.042,-0.00807555646,-0.042,0.000201418698,-0.0379359448,-0.042,-0.042,-0.042,-0.042,-0.042,-0.042
250,12656458,0.087583065,-2.2804904,0.831102014,-2.4454236,-0.0913519561,-0.628001511,-4.41933918,-5.82620192,0.394853711,-2.52498055,-0.00335853174,-0.62527889,0.0105099678,-0.042,0.042,-0.042,-0.0109622347,-0.042,-0.042,-0.042,0.042,-0.042,-0.000403023809,-0.042,0.0105099678,-0.042,-0.0109622347,-0.042,-0.000403023809,-0.042,-0.042,-0.042,-0.042,-0.042,-0.042,-0.042
251,12676981,0.0919696093,-2.28793263,0.859576225,-2.44113302,-0.0954197496,-0.658169866,-4.47468662,-5.8708849,0.413210601,-2.52562237,-0.00966720283,-0.624485791,0.0110363531,-0.042,0.042,-0.042,-0.01145037,-0.042,-0.042,-0.042,0.042,-0.042,-0.00116006434,-0.042,0.0110363531,-0.042,-0.01145037,-0.042,-0.00116006434,-0.042,-0.042,-0.042,-0.042,-0.042,-0.042,-0.042
252,12693890,0.0911083966,-2.26110125,0.800706744,-2.41526508,-0.0712211728,-0.673065841,-4.52408314,-5.91121387,0.358410507,-2.48524261,-0.0151522867,-0.631664217,0.0109330076,-0.042,0.042,-0.042,-0.00854654074,-0.042,-0.042,-0.042,0.042,-0.042,-0.00181827441,-0.042,0.0109330076,-0.042,-0.00854654074,-0.042,-0.00181827441,-0.042,-0.042,-0.042,-0.042,-0.042,-0.042,-0.042
253,12716029,0.0732224211,-2.18735123,0.662974596,-2.39380121,-0.0155347548,-0.669241309,-4.56267214,-5.94454098,0.235696733,-2.41123509,-0.0205150992,-0.643388331,0.00878669053,-0.042,0.042,-0.042,-0.00186417058,-0.042,-0.042,-0.042,0.028283608,-0.042,-0.0024618119,-0.042,0.00878669053,-0.042,-0.00186417058,-0.042,-0.0024618119,-0.028283608,-0.042,-0.042,-0.042,-0.042,-0.042,-0.042
254,12734895,0.0480082594,-2.07169414,0.489925236,-2.38294744,0.0549797565,-0.64269495,-4.59791756,-5.97378063,0.0815888345,-2.32876205,-0.0203894377,-0.658675194,0.00576099113,-0.042,0.042,-0.042,0.00659757078,-0.042,-0.042,-0.042,0.00979066014,-0.042,-0.00244673252,-0.042,0.00576099113,-0.042,0.00659757078,-0.042,-0.00244673252,-0.00979066014,-0.042,-0.042,-0.042,-0.042,-0.042,-0.042
255,12756486,0.0331373326,-1.94351768,0.357845247,-2.37806225,0.104972981,-0.597142339,-4.64586258,-6.01060867,-0.0408069491,-2.2756319,-0.0102038756,-0.665443361,0.00397647992,-0.042,0.042,-0.042,0.0125967577,-0.042,-0.042,-0.042,-0.0048968339,-0.042,-0.00122446507,-0.042,0.00397647992,-0.042,0.0125967577,-0.042,-0.00122446507,0.0048968339,-0.042,-0.042,-0.042,-0.042,-0.042,-0.042
256,12776972,0.0379877128,-1.83854449,0.326034576,-2.38465834,0.11210496,-0.547510266,-4.72081566,-6.0649209,-0.0712085515,-2.28203893,0.00789034367,-0.659493983,0.00455852553,-0.042,0.0391241491,-0.042,0.0134525952,-0.042,-0.042,-0.042,-0.00854502618,-0.042,0.00094684124,-0.042,0.00455852553,-0.0391241491,0.0134525952,-0.042,0.00094684124,0.00854502618,-0.042,-0.042,-0.042,-0.042,-0.042,-0.042
257,12795408,0.0709771588,-1.7888031,0.411766142,-2.40678596,0.0800758377,-0.516838729,-4.81843328,-6.13053131,0.0124507807,-2.3409636,0.0193445329,-0.651535869,0.00851725906,-0.042,0.042,-0.042,0.00960910052,-0.042,-0.042,-0.042,0.00149409369,-0.042,0.00232134394,-0.042,0.00851725906,-0.042,0.00960910052,-0.042,0.00232134394,-0.00149409369,-0.042,-0.042,-0.042,-0.042,-0.042,-0.042
258,12816190,0.116354294,-1.8012197,0.571835995,-2.44213343,0.0273481086,-0.517769158,-4.92270947,-6.19938517,0.171738878,-2.42878246,0.0222389046,-0.651758313,0.0139625153,-0.042,0.042,-0.042,0.00328177303,-0.042,-0.042,-0.042,0.0206086653,-0.042,0.00266866855,-0.042,0.0139625153,-0.042,0.00328177303,-0.042,0.00266866855,-0.0206086653,-0.042,-0.042,-0.042,-0.042,-0.042,-0.042
259,12833922,0.156409755,-1.86217606,0.713684559,-2.46341372,-0.0218570009,-0.544883907,-5.02051878,-6.26354551,0.301767647,-2.48443198,0.0159824844,-0.670186281,0.0187691706,-0.042,0.042,-0.042,-0.00262284011,-0.042,-0.042,-0.042,0.0362121177,-0.042,0.00191789813,-0.042,0.0187691706,-0.042,-0.00262284011,-0.042,0.00191789813,-0.0362121177,-0.042,-0.042,-0.042,-0.042,-0.042,-0.042
260,12857848,0.165887162,-1.90812397,0.727118492,-2.45568419,-0.0228739791,-0.586534262,-5.11279058,-6.32929134,0.304233611,-2.46056318,0.00432028994,-0.700191855,0.0199064595,-0.042,0.042,-0.042,-0.00274487749,-0.042,-0.042,-0.042,0.0365080333,-0.042,0.000518434793,-0.042,0.0199064595,-0.042,-0.00274487749,-0.042,0.000518434793,-0.0365080333,-0.042,-0.042,-0.042,-0.042,-0.042,-0.042
261,12878497,0.126351699,-1.88069701,0.59249413,-2.43756819,0.0455473289,-0.625351071,-5.20104694,-6.40209436,0.179563329,-2.37884831,-0.00886292011,-0.720833302,0.0151622039,-0.042,0.042,-0.042,0.00546567947,-0.042,-0.042,-0.042,0.0215475994,-0.042,-0.00106355041,-0.042,0.0151622039,-0.042,0.00546567947,-0.042,-0.00106355041,-0.0215475994,-0.042,-0.042,-0.042,-0.042,-0.042,-0.042
262,12897825,0.0498387627,-1.78716087,0.396402091,-2.42472029,0.14208591,-0.636398673,-5.28102303,-6.47278595,0.00305974111,-2.28698492,-0.0177822709,-0.733920574,0.00598065153,-0.042,0.042,-0.042,0.0170503092,-0.042,-0.042,-0.042,0.000367168933,-0.042,-0.00213387251,-0.042,0.00598065153,-0.042,0.0170503092,-0.042,-0.00213387251,-0.000367168933,-0.042,-0.042,-0.042,-0.042,-0.042,-0.042
263,12919327,-0.0297654755,-1.67295551,0.270308137,-2.4229579,0.197603166,-0.605342209,-5.35959291,-6.53284502,-0.10658589,-2.24845433,-0.00933888182,-0.730214477,-0.00357185706,-0.042,0.0324369764,-0.042,0.0237123799,-0.042,-0.042,-0.042,-0.0127903068,-0.042,-0.00112066582,-0.042,-0.00357185706,-0.0324369764,0.0237123799,-0.042,-0.00112066582,0.0127903068,-0.042,-0.042,-0.042,-0.042,-0.042,-0.042
264,12936343,-0.0657976717,-1.62556684,0.326439202,-2.44501162,0.167825192,-0.559833467,-5.43309116,-6.57015562,-0.060539566,-2.29395652,0.00675328448,-0.719781578,-0.0078957206,-0.042,0.0391727042,-0.042,0.0201390231,-0.042,-0.042,-0.042,-0.00726474792,-0.042,0.000810394138,-0.042,-0.0078957206,-0.0391727042,0.0201390231,-0.042,0.000810394138,0.00726474792,-0.042,-0.042,-0.042,-0.042,-0.042,-0.042
265,12957204,-0.0522973798,-1.71348822,0.592120171,-2.50151682,0.0572647601,-0.542654991,-5.48182964,-6.58416319,0.179801762,-2.44161987,0.0185266715,-0.703650534,-0.00627568558,-0.042,0.042,-0.042,0.00687177122,-0.042,-0.042,-0.042,0.0215762115,-0.042,0.00222320057,-0.042,-0.00627568558,-0.042,0.00687177122,-0.042,0.00222320057,-0.0215762115,-0.042,-0.042,-0.042,-0.042,-0.042,-0.042
266,12974359,0.0124632232,-1.94580948,0.942760468,-2.55064583,-0.095870398,-0.570827246,-5.48469353,-6.57548332,0.484183073,-2.60851407,0.0207677316,-0.713759959,0.00149558678,-0.042,0.042,-0.042,-0.0115044478,-0.042,-0.042,-0.042,0.042,-0.042,0.00249212779,-0.042,0.00149558678,-0.042,-0.0115044478,-0.042,0.00249212779,-0.042,-0.042,-0.042,-0.042,-0.042,-0.042,-0.042
267,12996506,0.0701585114,-2.15439653,1.08329284,-2.55950165,-0.165562421,-0.645966232,-5.4774394,-6.5801692,0.597595394,-2.65239644,0.0174880363,-0.73796314,0.00841902137,-0.042,0.042,-0.042,-0.0198674905,-0.042,-0.042,-0.042,0.042,-0.042,0.00209856436,-0.042,0.00841902137,-0.042,-0.0198674905,-0.042,0.00209856436,-0.042,-0.042,-0.042,-0.042,-0.042,-0.042,-0.042
268,13015772,0.0825749189,-2.2316072,0.974025607,-2.48541117,-0.126848429,-0.725610554,-5.48354578,-6.6053443,0.489708483,-2.55184269,0.00433328003,-0.75524354,0.00990899026,-0.042,0.042,-0.042,-0.0152218115,-0.042,-0.042,-0.042,0.042,-0.042,0.000519993603,-0.042,0.00990899026,-0.042,-0.0152218115,-0.042,0.000519993603,-0.042,-0.042,-0.042,-0.042,-0.042,-0.042,-0.042
269,13035588,0.00956625864,-2.14120603,0.643957376,-2.43371153,0.0276137143,-0.780281484,-5.48416758,-6.63707304,0.203609109,-2.37570214,-0.0218750536,-0.76006031,0.00114795104,-0.042,0.042,-0.042,0.00331364572,-0.042,-0.042,-0.042,0.0244330931,-0.042,-0.00262500644,-0.042,0.00114795104,-0.042,0.00331364572,-0.042,-0.00262500644,-0.0244330931,-0.042,-0.042,-0.042,-0.042,-0.042,-0.042
270,13063277,-0.112364337,-1.94905853,0.279995114,-2.42091846,0.197891027,-0.760125637,-5.46224928,-6.65582943,-0.110124253,-2.21038747,-0.0428968593,-0.769951165,-0.0134837204,-0.042,0.0335994136,-0.042,0.0237469232,-0.042,-0.042,-0.042,-0.0132149103,-0.042,-0.00514762312,-0.042,-0.0134837204,-0.0335994136,0.0237469232,-0.042,-0.00514762312,0.0132149103,-0.042,-0.042,-0.042,-0.042,-0.042,-0.042
271,13079226,-0.197855428,-1.78277397,0.122175559,-2.42058325,0.25472483,-0.666197896,-5.43679953,-6.64928436,-0.269310862,-2.15005136,-0.0272298232,-0.766718626,-0.0237426513,-0.042,0.0146610671,-0.042,0.0305669796,-0.042,-0.042,-0.042,-0.0323173034,-0.042,-0.00326757878,-0.042,-0.0237426513,-0.0146610671,0.0305669796,-0.042,-0.00326757878,0.0323173034,-0.042,-0.042,-0.042,-0.042,-0.042,-0.042
272,13106972,-0.170929581,-1.75111258,0.308004826,-2.45593786,0.159883827,-0.554165542,-5.4372139,-6.6376195,-0.109458365,-2.26954651,0.0201725606,-0.731675327,-0.0205115497,-0.042,0.0369605792,-0.042,0.0191860592,-0.042,-0.042,-0.042,-0.0131350037,-0.042,0.00242070727,-0.042,-0.0205115497,-0.0369605792,0.0191860592,-0.042,0.00242070727,0.0131350037,-0.042,-0.042,-0.042,-0.042,-0.042,-0.042
273,13119235,-0.0639355332,-1.93293333,0.829734564,-2.54934883,-0.0459763035,-0.504499912,-5.43383455,-6.61619425,0.386040419,-2.55494952,0.0527396947,-0.694727719,-0.00767226398,-0.042,0.042,-0.042,-0.00551715642,-0.042,-0.042,-0.042,0.042,-0.042,0.00632876337,-0.042,-0.00767226398,-0.042,-0.00551715642,-0.042,0.00632876337,-0.042,-0.042,-0.042,-0.042,-0.042,-0.042,-0.042
274,13144879,0.0689386204,-2.2222085,1.23015559,-2.65405798,-0.206019253,-0.568607509,-5.39514112,-6.58038759,0.733832538,-2.75525188,0.0468862168,-0.70444268,0.00827263445,-0.042,0.042,-0.042,-0.0247223103,-0.042,-0.042,-0.042,0.042,-0.042,0.00562634602,-0.042,0.00827263445,-0.042,-0.0247223103,-0.042,0.00562634602,-0.042,-0.042,-0.042,-0.042,-0.042,-0.042,-0.042
275,13152915,0.16254662,-2.36582208,1.23264742,-2.59858894,-0.229002744,-0.665009797,-5.4084878,-6.5824852,0.716186225,-2.70371628,0.0376529656,-0.72652775,0.0195055944,-0.042,0.042,-0.042,-0.0274803293,-0.042,-0.042,-0.042,0.042,-0.042,0.00451835588,-0.042,0.0195055944,-0.042,-0.0274803293,-0.042,0.00451835588,-0.042,-0.042,-0.042,-0.042,-0.042,-0.042,-0.042
276,13173867,0.186960325,-2.3725338,0.969918847,-2.43123531,-0.147793293,-0.73951304,-5.43394756,-6.60400963,0.458802402,-2.50111508,0.00615283102,-0.73850131,0.022435239,-0.042,0.042,-0.042,-0.0177351952,-0.042,-0.042,-0.042,0.042,-0.042,0.000738339722,-0.042,0.022435239,-0.042,-0.0177351952,-0.042,0.000738339722,-0.042,-0.042,-0.042,-0.042,-0.042,-0.042,-0.042
277,13195063,0.08665438,-2.20153689,0.492737502,-2.37987518,0.0684173182,-0.764286995,-5.42138863,-6.62628555,0.0503322594,-2.27084851,-0.0357170627,-0.735561013,0.0103985256,-0.042,0.042,-0.042,0.00821007818,-0.042,-0.042,-0.042,0.00603987113,-0.042,-0.00428604752,-0.042,0.0103985256,-0.042,0.00821007818,-0.042,-0.00428604752,-0.00603987113,-0.042,-0.042,-0.042,-0.042,-0.042,-0.042
278,13213631,-0.0721611381,-1.95478082,0.0850284696,-2.38987207,0.241565734,-0.679849267,-5.36790943,-6.62372398,-0.300210595,-2.10735345,-0.0451451018,-0.743860126,-0.00865933657,-0.042,0.0102034163,-0.042,0.0289878881,-0.042,-0.042,-0.042,-0.0360252714,-0.042,-0.00541741222,-0.042,-0.00865933657,-0.0102034163,0.0289878881,-0.042,-0.00541741222,0.0360252714,-0.042,-0.042,-0.042,-0.042,-0.042,-0.042
279,13237403,-0.118071362,-1.77398598,-0.0172304343,-2.39076567,0.236258805,-0.528662086,-5.3382535,-6.61107254,-0.423006266,-2.08997989,0.00605916977,-0.735387862,-0.0141685635,-0.042,-0.00206765212,-0.042,0.0283510566,-0.042,-0.042,-0.042,-0.042,-0.042,0.000727100372,-0.042,-0.0141685635,0.00206765212,0.0283510566,-0.042,0.000727100372,0.042,-0.042,-0.042,-0.042,-0.042,-0.042,-0.042
280,13253142,-0.0287057422,-1.77534461,0.314567834,-2.45160484,0.097514309,-0.424632579,-5.35937643,-6.61901236,-0.132792354,-2.27083468,0.0520956963,-0.70309943,-0.00344468907,-0.042,0.0377481401,-0.042,0.0117017171,-0.042,-0.042,-0.042,-0.0159350824,-0.042,0.00625148356,-0.042,-0.00344468907,-0.0377481401,0.0117017171,-0.042,0.00625148356,0.0159350824,-0.042,-0.042,-0.042,-0.042,-0.042,-0.042
281,13277274,0.101265967,-2.01092339,0.983671784,-2.58244419,-0.120481357,-0.424376965,-5.36928558,-6.62022495,0.519894302,-2.63444686,0.0678659007,-0.674746037,0.012151916,-0.042,0.042,-0.042,-0.0144577628,-0.042,-0.042,-0.042,0.042,-0.042,0.00814390808,-0.042,0.012151916,-0.042,-0.0144577628,-0.042,0.00814390808,-0.042,-0.042,-0.042,-0.042,-0.042,-0.042,-0.042
282,13294703,0.207317457,-2.24805522,1.31482291,-2.69631481,-0.222040802,-0.533510566,-5.3762579,-6.6115098,0.82663542,-2.80483818,0.0545854196,-0.691154361,0.0248780948,-0.042,0.042,-0.042,-0.0266448963,-0.042,-0.042,-0.042,0.042,-0.042,0.00655025035,-0.042,0.0248780948,-0.042,-0.0266448963,-0.042,0.00655025035,-0.042,-0.042,-0.042,-0.042,-0.042,-0.042,-0.042
283,13316184,0.271598548,-2.34033036,1.23615158,-2.5890193,-0.199699968,-0.654835463,-5.44045782,-6.63047218,0.724557757,-2.68918085,0.0324374735,-0.70063144,0.0325918257,-0.042,0.042,-0.042,-0.0239639962,-0.042,-0.042,-0.042,0.042,-0.042,0.00389249682,-0.042,0.0325918257,-0.042,-0.0239639962,-0.042,0.00389249682,-0.042,-0.042,-0.042,-0.042,-0.042,-0.042,-0.042
284,13343008,0.251919121,-2.31202793,0.937000513,-2.43053055,-0.093087472,-0.7298159,-5.4867506,-6.6487031,0.431782454,-2.48773026,-0.000371083617,-0.689018846,0.0302302945,-0.042,0.042,-0.042,-0.0111704966,-0.042,-0.042,-0.042,0.042,-0.042,-4.45300341e-05,-0.042,0.0302302945,-0.042,-0.0111704966,-0.042,-4.45300341e-05,-0.042,-0.042,-0.042,-0.042,-0.042,-0.042,-0.042
285,13353904,0.110488698,-2.14207935,0.477615505,-2.40262747,0.108495079,-0.745463014,-5.46092939,-6.65031672,0.0338971354,-2.28125811,-0.0420463607,-0.681822658,0.0132586437,-0.042,0.042,-0.042,0.0130194095,-0.042,-0.042,-0.042,0.00406765625,-0.042,-0.00504556328,-0.042,0.0132586437,-0.042,0.0130194095,-0.042,-0.00504556328,-0.00406765625,-0.042,-0.042,-0.042,-0.042,-0.042,-0.042
286,13373317,-0.0605142377,-1.95908368,0.177596226,-2.42542124,0.209078401,-0.648723722,-5.37392187,-6.60289001,-0.226358861,-2.16851974,-0.0441060066,-0.700572789,-0.00726170853,-0.042,0.0213115472,-0.042,0.0250894082,-0.042,-0.042,-0.042,-0.0271630633,-0.042,-0.00529272079,-0.042,-0.00726170853,-0.0213115472,0.0250894082,-0.042,-0.00529272079,0.0271630633,-0.042,-0.042,-0.042,-0.042,-0.042,-0.042
287,13395455,-0.10425137,-1.87705851,0.19725357,-2.4531827,0.150396675,-0.518632174,-5.29431343,-6.54730797,-0.231680423,-2.20453,0.00381913409,-0.715188622,-0.0125101644,-0.042,0.0236704284,-0.042,0.018047601,-0.042,-0.042,-0.042,-0.0278016508,-0.042,0.00045829609,-0.042,-0.0125101644,-0.0236704284,0.018047601,-0.042,0.00045829609,0.0278016508,-0.042,-0.042,-0.042,-0.042,-0.042,-0.042
288,13422121,0.00554100052,-1.94256067,0.540240645,-2.5070405,0.00998885185,-0.444750428,-5.26091385,-6.52629805,0.0932644904,-2.38502192,0.043193087,-0.718551517,0.000664920062,-0.042,0.042,-0.042,0.00119866222,-0.042,-0.042,-0.042,0.0111917388,-0.042,0.00518317044,-0.042,0.000664920062,-0.042,0.00119866222,-0.042,0.00518317044,-0.0111917388,-0.042,-0.042,-0.042,-0.042,-0.042,-0.042
289,13432378,0.169378564,-2.14173532,0.995150328,-2.57052088,-0.156376526,-0.448766023,-5.24010706,-6.51501131,0.54105711,-2.60404992,0.0511229858,-0.738375425,0.0203254277,-0.042,0.042,-0.042,-0.0187651831,-0.042,-0.042,-0.042,0.042,-0.042,0.00613475829,-0.042,0.0203254277,-0.042,-0.0187651831,-0.042,0.00613475829,-0.042,-0.042,-0.042,-0.042,-0.042,-0.042,-0.042
290,13455387,0.276762903,-2.28892708,1.13183475,-2.56791401,-0.209383249,-0.523044348,-5.26421595,-6.52883387,0.670194864,-2.63751268,0.0379654355,-0.754532158,0.0332115483,-0.042,0.042,-0.042,-0.0251259899,-0.042,-0.042,-0.042,0.042,-0.042,0.00455585226,-0.042,0.0332115483,-0.042,-0.0251259899,-0.042,0.00455585226,-0.042,-0.042,-0.042,-0.042,-0.042,-0.042,-0.042
291,13477622,0.304708749,-2.30682111,0.968518972,-2.45387316,-0.144220904,-0.618167937,-5.32684135,-6.57423544,0.508458257,-2.50202489,0.0133075081,-0.733311951,0.0365650499,-0.042,0.042,-0.042,-0.0173065084,-0.042,-0.042,-0.042,0.042,-0.042,0.00159690097,-0.042,0.0365650499,-0.042,-0.0173065084,-0.042,0.00159690097,-0.042,-0.042,-0.042,-0.042,-0.042,-0.042,-0.042
292,13494336,0.210941315,-2.1671567,0.579706073,-2.40440369,0.0446024761,-0.69338727,-5.36609507,-6.63211775,0.160931572,-2.31561422,-0.0221162736,-0.685938716,0.0253129578,-0.042,0.042,-0.042,0.00535229713,-0.042,-0.042,-0.042,0.0193117887,-0.042,-0.00265395284,-0.042,0.0253129578,-0.042,0.00535229713,-0.042,-0.00265395284,-0.0193117887,-0.042,-0.042,-0.042,-0.042,-0.042,-0.042
293,13522659,0.0565422289,-1.98590302,0.250055283,-2.41852045,0.192406952,-0.679109097,-5.34652519,-6.66812229,-0.143456519,-2.20045328,-0.0433935672,-0.647334039,0.00678506747,-0.042,0.030006634,-0.042,0.0230888343,-0.042,-0.042,-0.042,-0.0172147822,-0.042,-0.00520722806,-0.042,0.00678506747,-0.030006634,0.0230888343,-0.042,-0.00520722806,0.0172147822,-0.042,-0.042,-0.042,-0.042,-0.042,-0.042
294,13536688,-0.0652734935,-1.90144622,0.213365287,-2.45501232,0.171534568,-0.581584871,-5.28612614,-6.65489197,-0.222458184,-2.21842599,-0.0193835348,-0.632424474,-0.00783281922,-0.042,0.0256038344,-0.042,0.0205841482,-0.042,-0.042,-0.042,-0.0266949821,-0.042,-0.00232602417,-0.042,-0.00783281922,-0.0256038344,0.0205841482,-0.042,-0.00232602417,0.0266949821,-0.042,-0.042,-0.042,-0.042,-0.042,-0.042
295,13553845,-0.0613574795,-1.98709238,0.561998963,-2.5337534,0.0202185288,-0.501660526,-5.22562075,-6.62221813,0.093859449,-2.42928147,0.0251734164,-0.621385038,-0.00736289755,-0.042,0.042,-0.042,0.00242622346,-0.042,-0.042,-0.042,0.0112631339,-0.042,0.00302080996,-0.042,-0.00736289755,-0.042,0.00242622346,-0.042,0.00302080996,-0.0112631339,-0.042,-0.042,-0.042,-0.042,-0.042,-0.042
296,13577446,0.0356479138,-2.20375156,1.07595074,-2.63906527,-0.150643826,-0.520952344,-5.16537762,-6.57827187,0.608411551,-2.71243477,0.038733311,-0.635731578,0.00427774966,-0.042,0.042,-0.042,-0.0180772591,-0.042,-0.042,-0.042,0.042,-0.042,0.00464799732,-0.042,0.00427774966,-0.042,-0.0180772591,-0.042,0.00464799732,-0.042,-0.042,-0.042,-0.042,-0.042,-0.042,-0.042
297,13594641,0.165811136,-2.32970595,1.2384088,-2.66132069,-0.206730813,-0.604111195,-5.16110039,-6.54633522,0.763242245,-2.75253701,0.0383020118,-0.680796623,0.0198973364,-0.042,0.042,-0.042,-0.0248076975,-0.042,-0.042,-0.042,0.042,-0.042,0.00459624141,-0.042,0.0198973364,-0.042,-0.0248076975,-0.042,0.00459624141,-0.042,-0.042,-0.042,-0.042,-0.042,-0.042,-0.042
298,13613820,0.27175808,-2.31344724,1.0431366,-2.48531389,-0.15867424,-0.669974029,-5.21339512,-6.546031,0.573233545,-2.55435634,0.02246603,-0.708677948,0.0326109695,-0.042,0.042,-0.042,-0.0190409088,-0.042,-0.042,-0.042,0.042,-0.042,0.0026959236,-0.042,0.0326109695,-0.042,-0.0190409088,-0.042,0.0026959236,-0.042,-0.042,-0.042,-0.042,-0.042,-0.042,-0.042
299,13642801,0.261255294,-2.08639526,0.480379492,-2.34788036,0.0698962584,-0.705522597,-5.26988602,-6.57895184,0.0831769705,-2.23772883,-0.0208271742,-0.697085381,0.0313506353,-0.042,0.042,-0.042,0.00838755101,-0.042,-0.042,-0.042,0.00998123646,-0.042,-0.0024992609,-0.042,0.0313506353,-0.042,0.00838755101,-0.042,-0.0024992609,-0.00998123646,-0.042,-0.042,-0.042,-0.042,-0.042,-0.042
300,13653638,0.16928114,-1.72124052,-0.19618687,-2.26845932,0.339143306,-0.635116935,-5.29284286,-6.63330507,-0.541027486,-1.9349426,-0.0433786511,-0.651418328,0.0203137368,-0.042,-0.0235424244,-0.042,0.0406971967,-0.042,-0.042,-0.042,-0.042,-0.042,-0.00520543814,-0.042,0.0203137368,0.0235424244,0.0406971967,-0.042,-0.00520543814,0.042,-0.042,-0.042,-0.042,-0.042,-0.042,-0.042
301,13673765,0.100501157,-1.37479496,-0.60873723,-2.17897272,0.391103148,-0.432295352,-5.33682156,-6.71165419,-1.01045156,-1.78214133,0.0123462901,-0.547042787,0.0120601389,-0.042,-0.042,-0.042,0.042,-0.042,-0.042,-0.042,-0.042,-0.042,0.00148155481,-0.042,0.0120601389,0.042,0.042,-0.042,0.00148155481,0.042,-0.042,-0.042,-0.042,-0.042,-0.042,-0.042
302,13693650,0.153939053,-1.20116687,-0.538329244,-2.11403084,0.289145768,-0.235253692,-5.46072817,-6.84250927,-1.00821185,-1.83385706,0.076819621,-0.415529072,0.0184726864,-0.042,-0.042,-0.042,0.0346974921,-0.028230443,-0.042,-0.042,-0.042,-0.042,0.00921835452,-0.042,0.0184726864,0.042,0.0346974921,-0.042,0.00921835452,0.042,-0.042,-0.042,-0.028230443,-0.042,-0.042,-0.042
303,13713489,0.218531594,-1.30426598,0.175074697,-2.34633732,0.0738023743,-0.19036451,-5.60705328,-6.97731161,-0.340382248,-2.27023554,0.128220588,-0.328968763,0.0262237912,-0.042,0.0210089636,-0.042,0.00885628492,-0.0228437412,-0.042,-0.042,-0.0408458698,-0.042,0.0153864706,-0.0394762516,0.0262237912,-0.0210089636,0.00885628492,-0.042,0.0153864706,0.0408458698,-0.042,-0.042,-0.0228437412,-0.042,-0.042,-0.0394762516
304,13743238,0.198457643,-1.64770722,1.37414801,-2.89562273,-0.165332973,-0.426828414,-5.68148661,-7.03630877,0.917292953,-3.09989667,0.102051757,-0.287632525,0.0238149172,-0.042,0.042,-0.042,-0.0198399568,-0.042,-0.042,-0.042,0.042,-0.042,0.0122462109,-0.034515903,0.0238149172,-0.042,-0.0198399568,-0.042,0.0122462109,-0.042,-0.042,-0.042,-0.042,-0.042,-0.042,-0.034515903
305,13755293,0.361520529,-1.78804028,1.75164902,-3.11855555,-0.254876435,-0.744653404,-5.75818205,-7.0675559,1.1431458,-3.47058702,0.0557712466,-0.270016521,0.042,-0.042,0.042,-0.042,-0.0305851722,-0.042,-0.042,-0.042,0.042,-0.042,0.00669254959,-0.0324019825,0.042,-0.042,-0.0305851722,-0.042,0.00669254959,-0.042,-0.042,-0.042,-0.042,-0.042,-0.042,-0.0324019825
306,13773684,0.46413818,-1.84399343,1.66698265,-2.92294312,-0.254032671,-0.920999467,-5.87891436,-7.06954384,0.909976363,-3.20320964,-0.0149889402,-0.297098041,0.042,-0.042,0.042,-0.042,-0.0304839206,-0.042,-0.042,-0.042,0.042,-0.042,-0.00179867283,-0.0356517649,0.042,-0.042,-0.0304839206,-0.042,-0.00179867283,-0.042,-0.042,-0.042,-0.042,-0.042,-0.042,-0.0356517649
307,13795336,0.43729344,-1.87323236,1.39345062,-2.690907,-0.136665255,-1.04632187,-5.91240978,-6.93503141,0.677694261,-2.90759754,-0.0135017,-0.316312253,0.042,-0.042,0.042,-0.042,-0.0163998306,-0.042,-0.042,-0.042,0.042,-0.042,-0.001620204,-0.0379574704,0.042,-0.042,-0.0163998306,-0.042,-0.001620204,-0.042,-0.042,-0.042,-0.042,-0.042,-0.042,-0.0379574704
308,13818426,0.318225533,-1.9261744,1.14341664,-2.57429028,-0.0599585585,-1.07131779,-5.78025103,-6.67939234,0.470374823,-2.72592402,-0.0316700786,-0.377240002,0.0381870639,-0.042,0.042,-0.042,-0.00719502702,-0.042,-0.042,-0.042,0.042,-0.042,-0.00380040944,-0.042,0.0381870639,-0.042,-0.00719502702,-0.042,-0.00380040944,-0.042,-0.042,-0.042,-0.042,-0.042,-0.042,-0.042
309,13837476,0.119100139,-2.06125331,1.08379328,-2.60392094,-0.0862491652,-1.03660309,-5.47752905,-6.32868004,0.406664878,-2.66900063,-0.0531645566,-0.470542282,0.0142920166,-0.042,0.042,-0.042,-0.0103498998,-0.042,-0.042,-0.042,0.042,-0.042,-0.00637974679,-0.042,0.0142920166,-0.042,-0.0103498998,-0.042,-0.00637974679,-0.042,-0.042,-0.042,-0.042,-0.042,-0.042,-0.042
310,13859813,-0.0553402044,-2.24362111,1.17022657,-2.69371367,-0.168270856,-0.99401319,-5.14708233,-6.02020693,0.507856071,-2.71327281,-0.0454163402,-0.581111252,-0.00664082453,-0.042,0.042,-0.042,-0.0201925027,-0.042,-0.042,-0.042,0.042,-0.042,-0.00544996083,-0.042,-0.00664082453,-0.042,-0.0201925027,-0.042,-0.00544996083,-0.042,-0.042,-0.042,-0.042,-0.042,-0.042,-0.042
311,13879880,-0.0818383396,-2.38756084,1.22019422,-2.7079525,-0.221733749,-0.965017438,-4.87801027,-5.78897333,0.609104753,-2.72001719,-0.00852556527,-0.697720349,-0.00982060075,-0.042,0.042,-0.042,-0.0266080499,-0.042,-0.042,-0.042,0.042,-0.042,-0.00102306783,-0.042,-0.00982060075,-0.042,-0.0266080499,-0.042,-0.00102306783,-0.042,-0.042,-0.042,-0.042,-0.042,-0.042,-0.042
312,13897632,0.016612608,-2.44010592,1.1251893,-2.59185457,-0.210077167,-0.919996977,-4.69894028,-5.65530777,0.569215238,-2.59687352,0.0206279177,-0.797504663,0.00199351296,-0.042,0.042,-0.042,-0.02520926,-0.042,-0.042,-0.042,0.042,-0.042,0.00247535013,-0.042,0.00199351296,-0.042,-0.02520926,-0.042,0.00247535013,-0.042,-0.042,-0.042,-0.042,-0.042,-0.042,-0.042
313,13919047,0.1537209,-2.36617064,0.81604743,-2.37401724,-0.105044216,-0.822389781,-4.59277725,-5.61333609,0.337473631,-2.33783412,0.0294172764,-0.876427054,0.018446508,-0.042,0.042,-0.042,-0.0126053059,-0.042,-0.042,-0.042,0.0404968357,-0.042,0.00353007317,-0.042,0.018446508,-0.042,-0.0126053059,-0.042,0.00353007317,-0.0404968357,-0.042,-0.042,-0.042,-0.042,-0.042,-0.042
314,13940122,0.203776285,-2.04724908,0.164098948,-2.22462702,0.179748923,-0.705328465,-4.56094503,-5.65966606,-0.187027931,-1.97376108,0.0105966479,-0.897071898,0.0244531542,-0.042,0.0196918738,-0.042,0.0215698707,-0.042,-0.042,-0.042,-0.0224433517,-0.042,0.00127159774,-0.042,0.0244531542,-0.0196918738,0.0215698707,-0.042,0.00127159774,0.0224433517,-0.042,-0.042,-0.042,-0.042,-0.042,-0.042
315,13956907,0.257428765,-1.55322707,-0.579309583,-2.05374527,0.43337059,-0.505718112,-4.63508987,-5.79474831,-0.899412632,-1.61621463,0.0208187792,-0.824541509,0.0308914518,-0.042,-0.042,-0.042,0.042,-0.042,-0.042,-0.042,-0.042,-0.042,0.00249825351,-0.042,0.0308914518,0.042,0.042,-0.042,0.00249825351,0.042,-0.042,-0.042,-0.042,-0.042,-0.042,-0.042
316,13973589,0.309349954,-1.06156349,-1.06893349,-1.78242326,0.548017919,-0.280879319,-4.85202503,-6.028965,-1.44983363,-1.37392533,0.0408965163,-0.601425946,0.0371219945,-0.042,-0.042,-0.042,0.042,-0.0337055182,-0.042,-0.042,-0.042,-0.042,0.00490758196,-0.042,0.0371219945,0.042,0.042,-0.042,0.00490758196,0.042,-0.042,-0.042,-0.0337055182,-0.042,-0.042,-0.042
317,13994347,0.387544066,-0.688082993,-1.31006098,-1.44556165,0.559322476,-0.0671686232,-5.18715763,-6.38369942,-1.71787918,-1.21375525,0.0757925361,-0.285677433,0.042,-0.042,-0.042,-0.042,0.042,-0.00806023479,-0.042,-0.042,-0.042,-0.042,0.00909510434,-0.034281292,0.042,0.042,0.042,-0.042,0.00909510434,0.042,-0.042,-0.042,-0.00806023479,-0.042,-0.042,-0.034281292
318,14022212,0.441503853,-0.386136204,-1.4427197,-1.24823844,0.555247426,0.0902290493,-5.57772398,-6.83471394,-1.88729811,-1.11521375,0.0993645638,-0.0169941336,0.042,-0.042,-0.042,-0.042,0.042,0.0108274859,-0.042,-0.042,-0.042,-0.042,0.0119237477,-0.00203929603,0.042,0.042,0.042,-0.042,0.0119237477,0.042,-0.042,-0.042,0.0108274859,-0.042,-0.042,-0.00203929603
319,14033700,0.518596947,-0.186685413,-1.52165949,-1.18671167,0.546718597,0.161565259,-5.96578646,-7.31813812,-1.95098674,-1.09954751,0.11888396,0.0595217273,0.042,-0.0224022496,-0.042,-0.042,0.042,0.0193878311,-0.042,-0.042,-0.042,-0.042,0.0142660752,0.00714260727,0.042,0.042,0.042,-0.042,0.0142660752,0.042,-0.0224022496,-0.042,0.0193878311,-0.042,-0.042,0.00714260727
320,14053771,0.587355435,-0.0997402444,-1.44856656,-1.36237311,0.534914434,0.125957698,-6.32359028,-7.80154419,-1.85437453,-1.27270412,0.139146924,0.0547830574,0.042,-0.0119688293,-0.042,-0.042,0.042,0.0151149237,-0.042,-0.042,-0.042,-0.042,0.0166976309,0.00657396689,0.042,0.042,0.042,-0.042,0.0166976309,0.042,-0.0119688293,-0.042,0.0151149237,-0.042,-0.042,0.00657396689
321,14074714,0.568868697,-0.304729909,-0.778306961,-2.07153559,0.391173065,-0.0546121635,-6.63994694,-8.22799587,-1.21981347,-1.97280765,0.181787461,-0.00560451299,0.042,-0.036567589,-0.042,-0.042,0.042,-0.00655345961,-0.042,-0.042,-0.042,-0.042,0.0218144953,-0.000672541559,0.042,0.042,0.042,-0.042,0.0218144953,0.042,-0.036567589,-0.042,-0.00655345961,-0.042,-0.042,-0.000672541559
322,14096883,0.279850394,-1.13388824,1.45515406,-3.33219433,-0.128066331,-0.563344121,-6.87260294,-8.44825363,0.960285485,-3.52217078,0.10513632,-0.0807910413,0.0335820472,-0.042,0.042,-0.042,-0.0153679597,-0.042,-0.042,-0.042,0.042,-0.042,0.0126163584,-0.00969492495,0.0335820472,-0.042,-0.0153679597,-0.042,0.0126163584,-0.042,-0.042,-0.042,-0.042,-0.042,-0.042,-0.00969492495
323,14117347,0.626534998,-1.47733247,2.07599068,-3.50141716,-0.418875515,-1.03891146,-6.79495525,-8.4961729,1.01625061,-4.2307992,-0.0349224061,-0.0265584327,0.042,-0.042,0.042,-0.042,-0.042,-0.042,-0.042,-0.042,0.042,-0.042,-0.00419068873,-0.00318701193,0.042,-0.042,-0.042,-0.042,-0.00419068873,-0.042,-0.042,-0.042,-0.042,-0.042,-0.042,-0.00318701193
324,14134512,0.738810182,-1.68402827,2.17329264,-3.41527319,-0.499827355,-1.32082593,-6.82898808,-8.5611763,0.822157502,-3.97508407,-0.145107418,-0.0218985602,0.042,-0.042,0.042,-0.042,-0.042,-0.042,-0.042,-0.042,0.042,-0.042,-0.0174128902,-0.00262782723,0.042,-0.042,-0.042,-0.042,-0.0174128902,-0.042,-0.042,-0.042,-0.042,-0.042,-0.042,-0.00262782723
325,14165287,0.700278878,-1.80090809,1.97427869,-3.20849419,-0.365731239,-1.51249695,-6.77622175,-8.34179592,0.723289013,-3.59367633,-0.0883422568,-0.165752709,0.042,-0.042,0.042,-0.042,-0.042,-0.042,-0.042,-0.042,0.042,-0.042,-0.0106010708,-0.0198903251,0.042,-0.042,-0.042,-0.042,-0.0106010708,-0.042,-0.042,-0.042,-0.042,-0.042,-0.042,-0.0198903251
326,14173004,0.544733107,-1.85061824,1.66056561,-3.00001383,-0.237003684,-1.56730521,-6.58297491,-7.8031435,0.665834188,-3.20028758,-0.0228397176,-0.411983639,0.042,-0.042,0.042,-0.042,-0.0284404421,-0.042,-0.042,-0.042,0.042,-0.042,-0.00274076611,-0.042,0.042,-0.042,-0.0284404421,-0.042,-0.00274076611,-0.042,-0.042,-0.042,-0.042,-0.042,-0.042,-0.042
327,14198872,0.314578682,-1.94869232,1.46155286,-2.89695263,-0.199118048,-1.59001243,-6.16975164,-7.05609369,0.591457248,-2.96481514,-0.01015535,-0.57021904,0.0377494419,-0.042,0.042,-0.042,-0.0238941658,-0.042,-0.042,-0.042,0.042,-0.042,-0.001218642,-0.042,0.0377494419,-0.042,-0.0238941658,-0.042,-0.001218642,-0.042,-0.042,-0.042,-0.042,-0.042,-0.042,-0.042
328,14216891,0.133773252,-2.0880332,1.34649277,-2.8233943,-0.22075364,-1.58823621,-5.70434809,-6.43904924,0.570246994,-2.83618999,0.00556124747,-0.665951908,0.0160527903,-0.042,0.042,-0.042,-0.0264904368,-0.042,-0.042,-0.042,0.042,-0.042,0.000667349696,-0.042,0.0160527903,-0.042,-0.0264904368,-0.042,0.000667349696,-0.042,-0.042,-0.042,-0.042,-0.042,-0.042,-0.042
329,14233621,0.0515155047,-2.22418237,1.25770557,-2.72261333,-0.232172161,-1.53842604,-5.27477264,-5.97459507,0.564904273,-2.71324348,0.0268710721,-0.732206583,0.00618186057,-0.042,0.042,-0.042,-0.0278606594,-0.042,-0.042,-0.042,0.042,-0.042,0.00322452866,-0.042,0.00618186057,-0.042,-0.0278606594,-0.042,0.00322452866,-0.042,-0.042,-0.042,-0.042,-0.042,-0.042,-0.042
330,14263778,0.0786556304,-2.31743479,1.12020218,-2.58415318,-0.192697108,-1.45123827,-4.91690207,-5.66790104,0.510561407,-2.5480473,0.0331804901,-0.803571701,0.00943867564,-0.042,0.042,-0.042,-0.0231236529,-0.042,-0.042,-0.042,0.042,-0.042,0.00398165882,-0.042,0.00943867564,-0.042,-0.0231236529,-0.042,0.00398165882,-0.042,-0.042,-0.042,-0.042,-0.042,-0.042,-0.042
331,14273172,0.133421436,-2.32534504,0.894575,-2.42800474,-0.086343959,-1.33536839,-4.64444447,-5.50730658,0.362782866,-2.34367895,0.0274641998,-0.858770072,0.0160105723,-0.042,0.042,-0.042,-0.0103612751,-0.042,-0.042,-0.042,0.042,-0.042,0.00329570398,-0.042,0.0160105723,-0.042,-0.0103612751,-0.042,0.00329570398,-0.042,-0.042,-0.042,-0.042,-0.042,-0.042,-0.042
332,14293565,0.130617872,-2.18574739,0.537557721,-2.34390974,0.0958095714,-1.19439936,-4.44618368,-5.45788765,0.0874636173,-2.12188578,0.0215363465,-0.880623221,0.0156741446,-0.042,0.042,-0.042,0.0114971486,-0.042,-0.042,-0.042,0.0104956341,-0.042,0.00258436158,-0.042,0.0156741446,-0.042,0.0114971486,-0.042,0.00258436158,-0.0104956341,-0.042,-0.042,-0.042,-0.042,-0.042,-0.042
333,14316171,0.119180307,-1.94087172,0.178052992,-2.29974937,0.255939096,-0.978470325,-4.33917952,-5.49483681,-0.210502341,-1.94479454,0.0270209443,-0.873381257,0.0143016368,-0.042,0.021366359,-0.042,0.0307126915,-0.042,-0.042,-0.042,-0.025260281,-0.042,0.00324251331,-0.042,0.0143016368,-0.021366359,0.0307126915,-0.042,0.00324251331,0.025260281,-0.042,-0.042,-0.042,-0.042,-0.042,-0.042
334,14339207,0.161421567,-1.7159667,-0.0413583741,-2.26626492,0.292385995,-0.719641089,-4.33309126,-5.59212732,-0.43157652,-1.86637318,0.0546356775,-0.828683436,0.0193705881,-0.042,-0.00496300489,-0.042,0.0350863194,-0.042,-0.042,-0.042,-0.042,-0.042,0.0065562813,-0.042,0.0193705881,0.00496300489,0.0350863194,-0.042,0.0065562813,0.042,-0.042,-0.042,-0.042,-0.042,-0.042,-0.042
335,14352652,0.249548092,-1.61727834,0.00307448022,-2.26639414,0.202894002,-0.512336493,-4.41433334,-5.72075176,-0.412210256,-1.92423463,0.0739602447,-0.768467188,0.0299457711,-0.042,0.000368937626,-0.042,0.0243472803,-0.042,-0.042,-0.042,-0.042,-0.042,0.00887522936,-0.042,0.0299457711,-0.000368937626,0.0243472803,-0.042,0.00887522936,0.042,-0.042,-0.042,-0.042,-0.042,-0.042,-0.042
336,14379716,0.310848266,-1.7094686,0.38875103,-2.3675375,0.0189552233,-0.402902871,-4.54326582,-5.86289835,-0.0477589592,-2.17348528,0.0874007046,-0.706073046,0.0373017919,-0.042,0.042,-0.042,0.00227462679,-0.042,-0.042,-0.042,-0.00573107511,-0.042,0.0104880846,-0.042,0.0373017919,-0.042,0.00227462679,-0.042,0.0104880846,0.00573107511,-0.042,-0.042,-0.042,-0.042,-0.042,-0.042
337,14393190,0.324867576,-1.98421323,1.01083374,-2.5435586,-0.184364676,-0.444602489,-4.65995169,-5.97834301,0.580778182,-2.56122112,0.0695599616,-0.661230862,0.0389841092,-0.042,0.042,-0.042,-0.0221237612,-0.042,-0.042,-0.042,0.042,-0.042,0.00834719539,-0.042,0.0389841092,-0.042,-0.0221237612,-0.042,0.00834719539,-0.042,-0.042,-0.042,-0.042,-0.042,-0.042,-0.042
338,14416943,0.324207008,-2.18313098,1.29426062,-2.66300631,-0.241320521,-0.597673774,-4.78760624,-6.08006239,0.842619121,-2.71910167,0.0516279936,-0.659340739,0.0389048409,-0.042,0.042,-0.042,-0.0289584625,-0.042,-0.042,-0.042,0.042,-0.042,0.00619535923,-0.042,0.0389048409,-0.042,-0.0289584625,-0.042,0.00619535923,-0.042,-0.042,-0.042,-0.042,-0.042,-0.042,-0.042
339,14434250,0.328591883,-2.24222684,1.2296766,-2.55184221,-0.189284921,-0.722954571,-4.92158651,-6.18348455,0.752106965,-2.61180735,0.0395246148,-0.659420431,0.039431026,-0.042,0.042,-0.042,-0.0227141905,-0.042,-0.042,-0.042,0.042,-0.042,0.00474295378,-0.042,0.039431026,-0.042,-0.0227141905,-0.042,0.00474295378,-0.042,-0.042,-0.042,-0.042,-0.042,-0.042,-0.042
340,14460435,0.306663334,-2.18220901,0.928336501,-2.37679529,-0.0709919408,-0.770041347,-5.01266813,-6.2478261,0.468467712,-2.40196443,0.0197629649,-0.668779671,0.0367996001,-0.042,0.042,-0.042,-0.0085190329,-0.042,-0.042,-0.042,0.042,-0.042,0.00237155579,-0.042,0.0367996001,-0.042,-0.0085190329,-0.042,0.00237155579,-0.042,-0.042,-0.042,-0.042,-0.042,-0.042,-0.042
341,14472967,0.195652276,-1.95258689,0.374450833,-2.32807875,0.164828211,-0.740564167,-5.0209012,-6.26947546,0.000414621085,-2.14050794,-0.0109240562,-0.685861945,0.0234782732,-0.042,0.042,-0.042,0.0197793853,-0.042,-0.042,-0.042,4.97545302e-05,-0.042,-0.00131088674,-0.042,0.0234782732,-0.042,0.0197793853,-0.042,-0.00131088674,-4.97545302e-05,-0.042,-0.042,-0.042,-0.042,-0.042,-0.042
342,14497248,0.0824326873,-1.65334785,-0.151176482,-2.29409695,0.310085863,-0.580583453,-4.98207855,-6.26601362,-0.507980108,-1.9132123,0.00027186051,-0.700805664,0.00989192247,-0.042,-0.0181411779,-0.042,0.0372103035,-0.042,-0.042,-0.042,-0.042,-0.042,3.26232612e-05,-0.042,0.00989192247,0.0181411779,0.0372103035,-0.042,3.26232612e-05,0.042,-0.042,-0.042,-0.042,-0.042,-0.042,-0.042
343,14514208,0.102164164,-1.37369919,-0.426770091,-2.21690273,0.31535247,-0.375231683,-5.02334499,-6.3132596,-0.832225502,-1.79732203,0.0600468032,-0.665395081,0.0122596997,-0.042,-0.042,-0.042,0.0378422964,-0.042,-0.042,-0.042,-0.042,-0.042,0.00720561638,-0.042,0.0122596997,0.042,0.0378422964,-0.042,0.00720561638,0.042,-0.042,-0.042,-0.042,-0.042,-0.042,-0.042
344,14534299,0.256315857,-1.19410384,-0.356905371,-2.13084745,0.251459807,-0.202563167,-5.1914072,-6.44049501,-0.796628952,-1.81302226,0.109217644,-0.593559265,0.0307579029,-0.042,-0.042,-0.042,0.0301751769,-0.02430758,-0.042,-0.042,-0.042,-0.042,0.0131061172,-0.042,0.0307579029,0.042,0.0301751769,-0.042,0.0131061172,0.042,-0.042,-0.042,-0.02430758,-0.042,-0.042,-0.042
345,14555807,0.378565162,-1.1743871,0.0857148543,-2.25768423,0.126551718,-0.155282483,-5.40370941,-6.6152215,-0.361177146,-2.09203458,0.147895575,-0.500519395,0.042,-0.042,0.0102857825,-0.042,0.0151862061,-0.0186338979,-0.042,-0.042,-0.042,-0.042,0.0177474689,-0.042,0.042,-0.0102857825,0.0151862061,-0.042,0.0177474689,0.042,-0.042,-0.042,-0.0186338979,-0.042,-0.042,-0.042
346,14574270,0.407678068,-1.3874321,0.954060197,-2.59950686,-0.0933623463,-0.282917857,-5.55008793,-6.76288366,0.539226592,-2.69045138,0.139206976,-0.418009281,0.042,-0.042,0.042,-0.042,-0.0112034816,-0.0339501429,-0.042,-0.042,0.042,-0.042,0.0167048371,-0.042,0.042,-0.042,-0.0112034816,-0.042,0.0167048371,-0.042,-0.042,-0.042,-0.0339501429,-0.042,-0.042,-0.042
347,14593793,0.430825979,-1.64593792,1.54167342,-2.89067698,-0.184731841,-0.552532971,-5.64705658,-6.83430672,1.1295892,-3.09405899,0.0948561579,-0.38869375,0.042,-0.042,0.042,-0.042,-0.0221678209,-0.042,-0.042,-0.042,0.042,-0.042,0.0113827389,-0.042,0.042,-0.042,-0.0221678209,-0.042,0.0113827389,-0.042,-0.042,-0.042,-0.042,-0.042,-0.042,-0.042
348,14621234,0.460761964,-1.76610112,1.5846808,-2.83560085,-0.188677102,-0.758777082,-5.76020384,-6.87523699,1.0491519,-3.05688047,0.0462363064,-0.381455988,0.042,-0.042,0.042,-0.042,-0.0226412523,-0.042,-0.042,-0.042,0.042,-0.042,0.00554835677,-0.042,0.042,-0.042,-0.0226412523,-0.042,0.00554835677,-0.042,-0.042,-0.042,-0.042,-0.042,-0.042,-0.042
349,14632577,0.442070574,-1.80524135,1.34594893,-2.60834169,-0.11627619,-0.861581743,-5.83381271,-6.80208111,0.782831192,-2.79286885,0.0267912764,-0.405731201,0.042,-0.042,0.042,-0.042,-0.0139531428,-0.042,-0.042,-0.042,0.042,-0.042,0.00321495317,-0.042,0.042,-0.042,-0.0139531428,-0.042,0.00321495317,-0.042,-0.042,-0.042,-0.042,-0.042,-0.042,-0.042
350,14661405,0.370111436,-1.78023326,0.960506558,-2.4459548,0.00699065626,-0.876952171,-5.78927708,-6.62468481,0.435516387,-2.53296423,0.00534850359,-0.480429083,0.042,-0.042,0.042,-0.042,0.000838878751,-0.042,-0.042,-0.042,0.042,-0.042,0.000641820431,-0.042,0.042,-0.042,0.000838878751,-0.042,0.000641820431,-0.042,-0.042,-0.042,-0.042,-0.042,-0.042,-0.042
351,14671976,0.207885131,-1.67645919,0.51639545,-2.4277091,0.154358327,-0.794297576,-5.62785435,-6.39766645,0.0544055812,-2.27715039,-0.0226676017,-0.597479105,0.0249462157,-0.042,0.042,-0.042,0.0185229993,-0.042,-0.042,-0.042,0.00652866974,-0.042,-0.0027201122,-0.042,0.0249462157,-0.042,0.0185229993,-0.042,-0.0027201122,-0.00652866974,-0.042,-0.042,-0.042,-0.042,-0.042,-0.042
352,14694390,0.060683284,-1.57291782,0.246675491,-2.42120171,0.196084291,-0.64185071,-5.44383383,-6.21419525,-0.169588953,-2.11933017,-0.0108135492,-0.69423461,0.00728199407,-0.042,0.029601059,-0.042,0.0235301149,-0.042,-0.042,-0.042,-0.0203506744,-0.042,-0.0012976259,-0.042,0.00728199407,-0.029601059,0.0235301149,-0.042,-0.0012976259,0.0203506744,-0.042,-0.042,-0.042,-0.042,-0.042,-0.042
353,14713942,0.0601700358,-1.49634695,0.191045865,-2.42162657,0.158236772,-0.488980204,-5.33541727,-6.12172937,-0.218314901,-2.09995937,0.0576075688,-0.744326711,0.0072204043,-0.042,0.0229255038,-0.042,0.0189884126,-0.042,-0.042,-0.042,-0.0261977881,-0.042,0.00691290826,-0.042,0.0072204043,-0.0229255038,0.0189884126,-0.042,0.00691290826,0.0261977881,-0.042,-0.042,-0.042,-0.042,-0.042,-0.042
354,14733595,0.164890647,-1.511585,0.397427708,-2.44129038,0.0663724914,-0.407854319,-5.31846094,-6.12309027,-0.0118861496,-2.20796967,0.0921534002,-0.743264318,0.0197868776,-0.042,0.042,-0.042,0.00796469897,-0.042,-0.042,-0.042,-0.00142633796,-0.042,0.011058408,-0.042,0.0197868776,-0.042,0.00796469897,-0.042,0.011058408,0.00142633796,-0.042,-0.042,-0.042,-0.042,-0.042,-0.042
355,14757454,0.281776547,-1.64473426,0.75190413,-2.49496508,-0.0517447703,-0.404208392,-5.33354902,-6.16393566,0.356386244,-2.39395452,0.0908311829,-0.736368954,0.0338131857,-0.042,0.042,-0.042,-0.00620937243,-0.042,-0.042,-0.042,0.042,-0.042,0.0108997419,-0.042,0.0338131857,-0.042,-0.00620937243,-0.042,0.0108997419,-0.042,-0.042,-0.042,-0.042,-0.042,-0.042,-0.042
356,14773320,0.375076026,-1.86005366,1.00099707,-2.50322914,-0.150187433,-0.458103299,-5.34212351,-6.20875216,0.593417287,-2.49418426,0.0617654622,-0.757436216,0.042,-0.042,0.042,-0.042,-0.0180224919,-0.042,-0.042,-0.042,0.042,-0.042,0.00741185546,-0.042,0.042,-0.042,-0.0180224919,-0.042,0.00741185546,-0.042,-0.042,-0.042,-0.042,-0.042,-0.042,-0.042
357,14804505,0.385182917,-1.97591698,0.966010809,-2.45079184,-0.131812513,-0.55434829,-5.37674522,-6.28216267,0.561796308,-2.44587827,0.0374498963,-0.747944713,0.042,-0.042,0.042,-0.042,-0.0158175015,-0.042,-0.042,-0.042,0.042,-0.042,0.00449398756,-0.042,0.042,-0.042,-0.0158175015,-0.042,0.00449398756,-0.042,-0.042,-0.042,-0.042,-0.042,-0.042,-0.042
358,14814403,0.303880394,-1.91518605,0.663182497,-2.39988804,0.0195952356,-0.649081588,-5.418962,-6.36581898,0.292074889,-2.28640628,0.0112004951,-0.715960205,0.0364656472,-0.042,0.042,-0.042,0.00235142827,-0.042,-0.042,-0.042,0.0350489867,-0.042,0.00134405941,-0.042,0.0364656472,-0.042,0.00235142827,-0.042,0.00134405941,-0.0350489867,-0.042,-0.042,-0.042,-0.042,-0.042,-0.042
359,14835293,0.178346992,-1.72350824,0.237434417,-2.37215376,0.21389538,-0.665521145,-5.43540335,-6.43951845,-0.0923651233,-2.09562254,-0.0117398351,-0.697234213,0.021401639,-0.042,0.02849213,-0.042,0.0256674457,-0.042,-0.042,-0.042,-0.0110838148,-0.042,-0.00140878022,-0.042,0.021401639,-0.02849213,0.0256674457,-0.042,-0.00140878022,0.0110838148,-0.042,-0.042,-0.042,-0.042,-0.042,-0.042
360,14867056,0.119151101,-1.46720171,-0.161111593,-2.31642675,0.312513769,-0.537715197,-5.45577526,-6.51414299,-0.498866379,-1.9315275,0.0177306104,-0.676809072,0.0142981321,-0.042,-0.0193333912,-0.042,0.0375016522,-0.042,-0.042,-0.042,-0.042,-0.042,0.00212767325,-0.042,0.0142981321,0.0193333912,0.0375016522,-0.042,0.00212767325,0.042,-0.042,-0.042,-0.042,-0.042,-0.042,-0.042
361,14878002,0.151847422,-1.23576283,-0.375985622,-2.23525,0.317924798,-0.384843886,-5.52340221,-6.61780977,-0.765578508,-1.84227216,0.0489331298,-0.619714975,0.0182216907,-0.042,-0.042,-0.042,0.0381509757,-0.042,-0.042,-0.042,-0.042,-0.042,0.00587197557,-0.042,0.0182216907,0.042,0.0381509757,-0.042,0.00587197557,0.042,-0.042,-0.042,-0.042,-0.042,-0.042,-0.042
362,14899672,0.269857287,-1.06758761,-0.338113517,-2.16219759,0.278723001,-0.255142927,-5.67107677,-6.7772789,-0.74766463,-1.87410414,0.094499886,-0.520004153,0.0323828745,-0.042,-0.040573622,-0.042,0.0334467602,-0.0306171513,-0.042,-0.042,-0.042,-0.042,0.0113399863,-0.042,0.0323828745,0.040573622,0.0334467602,-0.042,0.0113399863,0.042,-0.042,-0.042,-0.0306171513,-0.042,-0.042,-0.042
363,14918693,0.378692836,-1.02898729,0.00256590545,-2.26920128,0.181381643,-0.220381945,-5.84662771,-6.96171951,-0.412561953,-2.10542083,0.127263486,-0.427941084,0.042,-0.042,0.000307908654,-0.042,0.0217657971,-0.0264458334,-0.042,-0.042,-0.042,-0.042,0.0152716184,-0.042,0.042,-0.000307908654,0.0217657971,-0.042,0.0152716184,0.042,-0.042,-0.042,-0.0264458334,-0.042,-0.042,-0.042
364,14933216,0.400993615,-1.23047161,0.81915915,-2.59124136,-0.0303226113,-0.318024278,-5.96267653,-7.09044647,0.402515054,-2.62712979,0.131032199,-0.363755614,0.042,-0.042,0.042,-0.042,-0.00363871336,-0.0381629133,-0.042,-0.042,0.042,-0.042,0.0157238638,-0.042,0.042,-0.042,-0.00363871336,-0.042,0.0157238638,-0.042,-0.042,-0.042,-0.0381629133,-0.042,-0.042,-0.042
365,14954822,0.415324956,-1.54066789,1.53910208,-2.89689875,-0.167405799,-0.567271054,-6.01146221,-7.14152479,1.12154484,-3.11385036,0.0999357998,-0.319197536,0.042,-0.042,0.042,-0.042,-0.0200886959,-0.042,-0.042,-0.042,0.042,-0.042,0.011992296,-0.0383037043,0.042,-0.042,-0.0200886959,-0.042,0.011992296,-0.042,-0.042,-0.042,-0.042,-0.042,-0.042,-0.0383037043
366,14973606,0.453242958,-1.69501567,1.63870013,-2.88784313,-0.204787821,-0.798306346,-6.05088758,-7.15656233,1.06647217,-3.16092706,0.0436067246,-0.297796279,0.042,-0.042,0.042,-0.042,-0.0245745385,-0.042,-0.042,-0.042,0.042,-0.042,0.00523280695,-0.0357355535,0.042,-0.042,-0.0245745385,-0.042,0.00523280695,-0.042,-0.042,-0.042,-0.042,-0.042,-0.042,-0.0357355535
367,14998379,0.434318304,-1.73587644,1.4447329,-2.69454432,-0.144203991,-0.938672721,-6.07705641,-7.06211138,0.824989915,-2.92542195,0.0160830598,-0.310696483,0.042,-0.042,0.042,-0.042,-0.0173044789,-0.042,-0.042,-0.042,0.042,-0.042,0.00192996718,-0.0372835779,0.042,-0.042,-0.0173044789,-0.042,0.00192996718,-0.042,-0.042,-0.042,-0.042,-0.042,-0.042,-0.0372835779
368,15015873,0.375694305,-1.73683488,1.12693357,-2.52377462,-0.04133166,-0.99783504,-6.01089096,-6.84501839,0.547419667,-2.67867112,0.0049011372,-0.384826928,0.042,-0.042,0.042,-0.042,-0.0049597992,-0.042,-0.042,-0.042,0.042,-0.042,0.000588136464,-0.042,0.042,-0.042,-0.0049597992,-0.042,0.000588136464,-0.042,-0.042,-0.042,-0.042,-0.042,-0.042,-0.042
369,15035016,0.240981787,-1.68179488,0.754116774,-2.4950819,0.077987276,-0.955940604,-5.82526207,-6.56594515,0.229548842,-2.44657564,-0.0170639679,-0.501601875,0.0289178145,-0.042,0.042,-0.042,0.00935847312,-0.042,-0.042,-0.042,0.027545861,-0.042,-0.00204767615,-0.042,0.0289178145,-0.042,0.00935847312,-0.042,-0.00204767615,-0.027545861,-0.042,-0.042,-0.042,-0.042,-0.042,-0.042
370,15054135,0.10265854,-1.64798391,0.542702079,-2.49168491,0.108411111,-0.834079504,-5.58486795,-6.30979347,0.0545695834,-2.28808975,-0.026043646,-0.622682571,0.0123190248,-0.042,0.042,-0.042,0.0130093333,-0.042,-0.042,-0.042,0.00654835001,-0.042,-0.00312523752,-0.042,0.0123190248,-0.042,0.0130093333,-0.042,-0.00312523752,-0.00654835001,-0.042,-0.042,-0.042,-0.042,-0.042,-0.042
371,15076710,0.0448813178,-1.65875149,0.541673303,-2.51044941,0.0732397214,-0.689305246,-5.37956238,-6.13573074,0.0851447582,-2.27777267,0.0212364104,-0.701036692,0.00538575813,-0.042,0.042,-0.042,0.00878876656,-0.042,-0.042,-0.042,0.010217371,-0.042,0.00254836924,-0.042,0.00538575813,-0.042,0.00878876656,-0.042,0.00254836924,-0.010217371,-0.042,-0.042,-0.042,-0.042,-0.042,-0.042
372,15099847,0.102536619,-1.74832523,0.720735669,-2.52088642,-0.0100510232,-0.594196379,-5.23862839,-6.03976917,0.275274128,-2.36287856,0.0612139367,-0.744048178,0.0123043942,-0.042,0.042,-0.042,-0.00120612279,-0.042,-0.042,-0.042,0.0330328953,-0.042,0.0073456724,-0.042,0.0123043942,-0.042,-0.00120612279,-0.042,0.0073456724,-0.0330328953,-0.042,-0.042,-0.042,-0.042,-0.042,-0.042
373,15113494,0.223609731,-1.89056671,0.894643664,-2.49638271,-0.0935605913,-0.556755781,-5.14556408,-5.9994545,0.45577383,-2.42606592,0.0671886876,-0.784576118,0.0268331677,-0.042,0.042,-0.042,-0.011227271,-0.042,-0.042,-0.042,0.042,-0.042,0.00806264251,-0.042,0.0268331677,-0.042,-0.011227271,-0.042,0.00806264251,-0.042,-0.042,-0.042,-0.042,-0.042,-0.042,-0.042
374,15136314,0.308451951,-1.9607172,0.852168322,-2.4318347,-0.0837142169,-0.564817548,-5.11376286,-6.02113056,0.43746382,-2.36956692,0.0541630536,-0.804355204,0.0370142341,-0.042,0.042,-0.042,-0.010045706,-0.042,-0.042,-0.042,0.042,-0.042,0.00649956644,-0.042,0.0370142341,-0.042,-0.010045706,-0.042,0.00649956644,-0.042,-0.042,-0.042,-0.042,-0.042,-0.042,-0.042
375,15155762,0.306028068,-1.86800921,0.530754924,-2.35767698,0.057791695,-0.594871998,-5.13480425,-6.08966732,0.167838857,-2.18737626,0.0277577527,-0.796699524,0.0367233682,-0.042,0.042,-0.042,0.0069350034,-0.042,-0.042,-0.042,0.0201406628,-0.042,0.00333093032,-0.042,0.0367233682,-0.042,0.0069350034,-0.042,0.00333093032,-0.0201406628,-0.042,-0.042,-0.042,-0.042,-0.042,-0.042
376,15173491,0.253033251,-1.61516666,0.0334863029,-2.29082632,0.262553334,-0.579516768,-5.19007397,-6.19572067,-0.282130152,-1.95317423,0.00925536081,-0.76545769,0.0303639901,-0.042,0.00401835635,-0.042,0.0315064001,-0.042,-0.042,-0.042,-0.0338556182,-0.042,0.0011106433,-0.042,0.0303639901,-0.00401835635,0.0315064001,-0.042,0.0011106433,0.0338556182,-0.042,-0.042,-0.042,-0.042,-0.042,-0.042
377,15205356,0.231455743,-1.28247321,-0.431190759,-2.19542313,0.368854493,-0.442627639,-5.30659819,-6.35070181,-0.762099445,-1.77221406,0.0407391749,-0.675782204,0.0277746892,-0.042,-0.042,-0.042,0.042,-0.042,-0.042,-0.042,-0.042,-0.042,0.00488870099,-0.042,0.0277746892,0.042,0.042,-0.042,0.00488870099,0.042,-0.042,-0.042,-0.042,-0.042,-0.042,-0.042
378,15215090,0.268678904,-1.00662673,-0.670224309,-2.04403114,0.380651742,-0.272449762,-5.49147987,-6.55834866,-1.04691696,-1.67622685,0.0670799911,-0.527881205,0.0322414684,-0.042,-0.042,-0.042,0.042,-0.0326939714,-0.042,-0.042,-0.042,-0.042,0.00804959893,-0.042,0.0322414684,0.042,0.042,-0.042,0.00804959893,0.042,-0.042,-0.042,-0.0326939714,-0.042,-0.042,-0.042
379,15233290,0.360071301,-0.817594886,-0.662978649,-1.92744327,0.354813874,-0.138556808,-5.73270178,-6.83161592,-1.05964291,-1.71254504,0.106226861,-0.344821811,0.042,-0.042,-0.042,-0.042,0.042,-0.016626817,-0.042,-0.042,-0.042,-0.042,0.0127472234,-0.0413786173,0.042,0.042,0.042,-0.042,0.0127472234,0.042,-0.042,-0.042,-0.016626817,-0.042,-0.042,-0.0413786173
380,15255278,0.432702482,-0.751454592,-0.345249176,-2.06288099,0.282784283,-0.126173437,-5.98541594,-7.12524557,-0.755129278,-1.96927512,0.135717303,-0.217631638,0.042,-0.042,-0.0414299011,-0.042,0.033934114,-0.0151408124,-0.042,-0.042,-0.042,-0.042,0.0162860763,-0.0261157966,0.042,0.0414299011,0.033934114,-0.042,0.0162860763,0.042,-0.042,-0.042,-0.0151408124,-0.042,-0.042,-0.0261157966
381,15274962,0.43532604,-0.963277578,0.598308802,-2.56821203,0.044656314,-0.270526618,-6.15750313,-7.31781387,0.151406631,-2.57374406,0.140374959,-0.237950087,0.042,-0.042,0.042,-0.042,0.00535875767,-0.0324631941,-0.042,-0.042,0.0181687957,-0.042,0.016844995,-0.0285540104,0.042,-0.042,0.00535875767,-0.042,0.016844995,-0.0181687957,-0.042,-0.042,-0.0324631941,-0.042,-0.042,-0.0285540104
382,15297518,0.44548291,-1.34448195,1.65281713,-3.05331135,-0.183031037,-0.58227098,-6.22140694,-7.38651276,1.21699238,-3.30969787,0.111291841,-0.216833726,0.042,-0.042,0.042,-0.042,-0.0219637245,-0.042,-0.042,-0.042,0.042,-0.042,0.0133550209,-0.0260200471,0.042,-0.042,-0.0219637245,-0.042,0.0133550209,-0.042,-0.042,-0.042,-0.042,-0.042,-0.042,-0.0260200471
383,15320207,0.568925381,-1.54163671,1.83612549,-3.07657099,-0.289902598,-0.861810327,-6.24075317,-7.41768599,1.09875774,-3.45945835,0.0210521482,-0.210234612,0.042,-0.042,0.042,-0.042,-0.0347883117,-0.042,-0.042,-0.042,0.042,-0.042,0.00252625778,-0.0252281535,0.042,-0.042,-0.0347883117,-0.042,0.00252625778,-0.042,-0.042,-0.042,-0.042,-0.042,-0.042,-0.0252281535
384,15341130,0.565434992,-1.60665345,1.65278649,-2.85049486,-0.222926587,-1.01482058,-6.27830172,-7.33630371,0.85798347,-3.14003539,-0.00574019551,-0.257003993,0.042,-0.042,0.042,-0.042,-0.0267511904,-0.042,-0.042,-0.042,0.042,-0.042,-0.000688823462,-0.0308404791,0.042,-0.042,-0.0267511904,-0.042,-0.000688823462,-0.042,-0.042,-0.042,-0.042,-0.042,-0.042,-0.0308404791
385,15352735,0.492382914,-1.63686264,1.32607448,-2.63134909,-0.0903166384,-1.0988847,-6.23616695,-7.06826115,0.628196239,-2.82742691,0.00646768883,-0.360810667,0.042,-0.042,0.042,-0.042,-0.0108379966,-0.042,-0.042,-0.042,0.042,-0.042,0.000776122659,-0.042,0.042,-0.042,-0.0108379966,-0.042,0.000776122659,-0.042,-0.042,-0.042,-0.042,-0.042,-0.042,-0.042
386,15375631,0.349316567,-1.62574923,0.923211217,-2.53272295,0.033086814,-1.06668997,-6.05287361,-6.70167923,0.322064519,-2.54963923,-0.00262049958,-0.512518048,0.0419179881,-0.042,0.042,-0.042,0.00397041768,-0.042,-0.042,-0.042,0.0386477423,-0.042,-0.00031445995,-0.042,0.0419179881,-0.042,0.00397041768,-0.042,-0.00031445995,-0.0386477423,-0.042,-0.042,-0.042,-0.042,-0.042,-0.042
387,15394544,0.162144139,-1.58924997,0.615701079,-2.52152586,0.0991304293,-0.98358798,-5.77539635,-6.34889507,0.0753373802,-2.33164835,-0.0192433596,-0.64611131,0.0194572967,-0.042,0.042,-0.042,0.0118956515,-0.042,-0.042,-0.042,0.00904048562,-0.042,-0.00230920315,-0.042,0.0194572967,-0.042,0.0118956515,-0.042,-0.00230920315,-0.00904048562,-0.042,-0.042,-0.042,-0.042,-0.042,-0.042
388,15426529,0.0488403291,-1.59184313,0.524108171,-2.52483225,0.0939045176,-0.826953113,-5.51838875,-6.11732626,0.0432337858,-2.25621033,0.0148439966,-0.740343153,0.00586083949,-0.042,0.042,-0.042,0.0112685421,-0.042,-0.042,-0.042,0.00518805429,-0.042,0.00178127959,-0.042,0.00586083949,-0.042,0.0112685421,-0.042,0.00178127959,-0.00518805429,-0.042,-0.042,-0.042,-0.042,-0.042,-0.042
389,15437231,0.0578609779,-1.67101431,0.653689384,-2.52778053,0.0294162557,-0.683856726,-5.33005762,-5.98190975,0.194391251,-2.3084712,0.0622205883,-0.791017413,0.00694331735,-0.042,0.042,-0.042,0.00352995068,-0.042,-0.042,-0.042,0.0233269501,-0.042,0.0074664706,-0.042,0.00694331735,-0.042,0.00352995068,-0.042,0.0074664706,-0.0233269501,-0.042,-0.042,-0.042,-0.042,-0.042,-0.042
390,15453362,0.167236567,-1.8429414,0.880026579,-2.51336479,-0.0713362545,-0.609680772,-5.19883919,-5.92093706,0.427398175,-2.4048264,0.0743227452,-0.818749845,0.020068388,-0.042,0.042,-0.042,-0.00856035054,-0.042,-0.042,-0.042,0.042,-0.042,0.00891872942,-0.042,0.020068388,-0.042,-0.00856035054,-0.042,0.00891872942,-0.042,-0.042,-0.042,-0.042,-0.042,-0.042,-0.042
391,15476093,0.266324013,-2.00546312,0.965416789,-2.47157955,-0.119133979,-0.601484656,-5.11495638,-5.92119884,0.522411942,-2.42189908,0.0634608865,-0.834795177,0.0319588816,-0.042,0.042,-0.042,-0.0142960775,-0.042,-0.042,-0.042,0.042,-0.042,0.00761530638,-0.042,0.0319588816,-0.042,-0.0142960775,-0.042,0.00761530638,-0.042,-0.042,-0.042,-0.042,-0.042,-0.042,-0.042
392,15495522,0.299328893,-2.04559755,0.799942374,-2.39184046,-0.0557303354,-0.631080508,-5.0860424,-5.9733367,0.387959898,-2.30673099,0.0408902317,-0.835975111,0.0359194672,-0.042,0.042,-0.042,-0.00668764025,-0.042,-0.042,-0.042,0.042,-0.042,0.00490682781,-0.042,0.0359194672,-0.042,-0.00668764025,-0.042,0.00490682781,-0.042,-0.042,-0.042,-0.042,-0.042,-0.042,-0.042
393,15516961,0.24403505,-1.90650475,0.399949759,-2.33373785,0.120229773,-0.653358936,-5.09013748,-6.0602603,0.045439098,-2.1028173,0.0122966394,-0.813053191,0.029284206,-0.042,0.042,-0.042,0.0144275728,-0.042,-0.042,-0.042,0.00545269176,-0.042,0.00147559673,-0.042,0.029284206,-0.042,0.0144275728,-0.042,0.00147559673,-0.00545269176,-0.042,-0.042,-0.042,-0.042,-0.042,-0.042
394,15535786,0.179605514,-1.64208436,-0.0760653093,-2.28111458,0.292479008,-0.590881288,-5.12504482,-6.17402506,-0.400175929,-1.89768791,0.0114731081,-0.772883773,0.0215526617,-0.042,-0.00912783712,-0.042,0.035097481,-0.042,-0.042,-0.042,-0.042,-0.042,0.00137677297,-0.042,0.0215526617,0.00912783712,0.035097481,-0.042,0.00137677297,0.042,-0.042,-0.042,-0.042,-0.042,-0.042,-0.042
395,15563522,0.188385621,-1.36368346,-0.407090396,-2.20729828,0.340761364,-0.43362686,-5.2163825,-6.31639624,-0.766069949,-1.7710737,0.0481303446,-0.699502587,0.0226062745,-0.042,-0.042,-0.042,0.0408913636,-0.042,-0.042,-0.042,-0.042,-0.042,0.00577564135,-0.042,0.0226062745,0.042,0.0408913636,-0.042,0.00577564135,0.042,-0.042,-0.042,-0.042,-0.042,-0.042,-0.042
396,15577430,0.262452662,-1.18271744,-0.439903319,-2.13284683,0.288856119,-0.271824509,-5.37802792,-6.49795675,-0.845433593,-1.77429807,0.0822680444,-0.589063406,0.0314943194,-0.042,-0.042,-0.042,0.0346627343,-0.0326189411,-0.042,-0.042,-0.042,-0.042,0.00987216532,-0.042,0.0314943194,0.042,0.0346627343,-0.042,0.00987216532,0.042,-0.042,-0.042,-0.0326189411,-0.042,-0.042,-0.042
397,15595733,0.342818767,-1.15397203,-0.0838225111,-2.21321487,0.172208846,-0.19721666,-5.572258,-6.69937897,-0.520521998,-1.99954629,0.121378735,-0.481925964,0.041138252,-0.042,-0.0100587013,-0.042,0.0206650615,-0.0236659992,-0.042,-0.042,-0.042,-0.042,0.0145654482,-0.042,0.041138252,0.0100587013,0.0206650615,-0.042,0.0145654482,0.042,-0.042,-0.042,-0.0236659992,-0.042,-0.042,-0.042
398,15615010,0.358309299,-1.34919012,0.739547372,-2.54337502,-0.0422081873,-0.287023991,-5.70913124,-6.85987043,0.305833519,-2.55198503,0.132615238,-0.409101814,0.042,-0.042,0.042,-0.042,-0.00506498247,-0.034442879,-0.042,-0.042,0.0367000222,-0.042,0.0159138286,-0.042,0.042,-0.042,-0.00506498247,-0.042,0.0159138286,-0.0367000222,-0.042,-0.042,-0.034442879,-0.042,-0.042,-0.042
399,15638262,0.39088431,-1.65992653,1.50516236,-2.87102461,-0.19474116,-0.525349379,-5.77413845,-6.92351341,1.07686019,-3.04744601,0.0920936614,-0.39331311,0.042,-0.042,0.042,-0.042,-0.0233689392,-0.042,-0.042,-0.042,0.042,-0.042,0.0110512394,-0.042,0.042,-0.042,-0.0233689392,-0.042,0.0110512394,-0.042,-0.042,-0.042,-0.042,-0.042,-0.042,-0.042
400,15655205,0.438553095,-1.80040455,1.63248956,-2.89895725,-0.220453769,-0.762699068,-5.85928631,-6.97077608,1.08605158,-3.13022637,0.0531998128,-0.368316501,0.042,-0.042,0.042,-0.042,-0.0264544523,-0.042,-0.042,-0.042,0.042,-0.042,0.00638397753,-0.042,0.042,-0.042,-0.0264544523,-0.042,0.00638397753,-0.042,-0.042,-0.042,-0.042,-0.042,-0.042,-0.042
401,15676195,0.436273813,-1.84440494,1.44281721,-2.6867547,-0.164389804,-0.893501639,-5.9289012,-6.92182016,0.847241879,-2.87599421,0.0268371049,-0.384551674,0.042,-0.042,0.042,-0.042,-0.0197267765,-0.042,-0.042,-0.042,0.042,-0.042,0.00322045259,-0.042,0.042,-0.042,-0.0197267765,-0.042,0.00322045259,-0.042,-0.042,-0.042,-0.042,-0.042,-0.042,-0.042
402,15694229,0.385676444,-1.83318055,1.11185265,-2.50144053,-0.049991399,-0.955333292,-5.88998318,-6.74749994,0.547140956,-2.63787723,0.00858224928,-0.429057986,0.042,-0.042,0.042,-0.042,-0.00599896789,-0.042,-0.042,-0.042,0.042,-0.042,0.00102986991,-0.042,0.042,-0.042,-0.00599896789,-0.042,0.00102986991,-0.042,-0.042,-0.042,-0.042,-0.042,-0.042,-0.042
403,15716272,0.253956228,-1.7677505,0.723458648,-2.46665478,0.0821688548,-0.910211265,-5.71487522,-6.50085783,0.21111986,-2.41176891,-0.0208469182,-0.52056694,0.0304747474,-0.042,0.042,-0.042,0.00986026257,-0.042,-0.042,-0.042,0.0253343832,-0.042,-0.00250163019,-0.042,0.0304747474,-0.042,0.00986026257,-0.042,-0.00250163019,-0.0253343832,-0.042,-0.042,-0.042,-0.042,-0.042,-0.042
404,15741626,0.101696968,-1.73237169,0.502194762,-2.46931267,0.114554755,-0.782340705,-5.47286749,-6.26674414,0.0212761126,-2.26096725,-0.0328987315,-0.634277105,0.0122036362,-0.042,0.042,-0.042,0.0137465706,-0.042,-0.042,-0.042,0.00255313352,-0.042,-0.00394784778,-0.042,0.0122036362,-0.042,0.0137465706,-0.042,-0.00394784778,-0.00255313352,-0.042,-0.042,-0.042,-0.042,-0.042,-0.042
405,15754008,0.0157351941,-1.75449169,0.533695936,-2.50691795,0.0640732422,-0.649397016,-5.26451015,-6.1045475,0.0688968897,-2.27942705,0.0161272679,-0.702385426,0.00188822329,-0.042,0.042,-0.042,0.00768878907,-0.042,-0.042,-0.042,0.00826762676,-0.042,0.00193527214,-0.042,0.00188822329,-0.042,0.00768878907,-0.042,0.00193527214,-0.00826762676,-0.042,-0.042,-0.042,-0.042,-0.042,-0.042
406,15776393,0.0755603537,-1.86954117,0.767574191,-2.5345397,-0.0383294001,-0.570643425,-5.11723995,-6.01104832,0.310296357,-2.39702606,0.0581518076,-0.753965139,0.00906724244,-0.042,0.042,-0.042,-0.00459952801,-0.042,-0.042,-0.042,0.0372355628,-0.042,0.00697821692,-0.042,0.00906724244,-0.042,-0.00459952801,-0.042,0.00697821692,-0.0372355628,-0.042,-0.042,-0.042,-0.042,-0.042,-0.042
407,15794435,0.204854533,-2.02708292,0.977501631,-2.52218723,-0.132824913,-0.55334729,-5.01958466,-5.97235394,0.524866521,-2.47839689,0.0661900938,-0.800359488,0.024582544,-0.042,0.042,-0.042,-0.0159389895,-0.042,-0.042,-0.042,0.042,-0.042,0.00794281125,-0.042,0.024582544,-0.042,-0.0159389895,-0.042,0.00794281125,-0.042,-0.042,-0.042,-0.042,-0.042,-0.042,-0.042
408,15817902,0.30798012,-2.08503723,0.919349909,-2.44022417,-0.118383266,-0.569155991,-4.99560976,-6.00023746,0.495051801,-2.40278101,0.0561738238,-0.830741942,0.0369576144,-0.042,0.042,-0.042,-0.0142059919,-0.042,-0.042,-0.042,0.042,-0.042,0.00674085885,-0.042,0.0369576144,-0.042,-0.0142059919,-0.042,0.00674085885,-0.042,-0.042,-0.042,-0.042,-0.042,-0.042,-0.042
409,15833240,0.322235346,-1.92882276,0.490349859,-2.33240223,0.064240627,-0.590910971,-5.03422022,-6.07950878,0.13908872,-2.15442324,0.0278014559,-0.829865158,0.0386682415,-0.042,0.042,-0.042,0.00770887524,-0.042,-0.042,-0.042,0.0166906464,-0.042,0.00333617471,-0.042,0.0386682415,-0.042,0.00770887524,-0.042,0.00333617471,-0.0166906464,-0.042,-0.042,-0.042,-0.042,-0.042,-0.042
410,15871589,0.289033473,-1.5724957,-0.177513734,-2.22820807,0.331441969,-0.555187285,-5.11433887,-6.20590496,-0.474273771,-1.83818638,0.00726550072,-0.785022616,0.0346840167,-0.042,-0.021301648,-0.042,0.0397730362,-0.042,-0.042,-0.042,-0.042,-0.042,0.000871860087,-0.042,0.0346840167,0.021301648,0.0397730362,-0.042,0.000871860087,0.042,-0.042,-0.042,-0.042,-0.042,-0.042,-0.042
411,15878549,0.281208038,-1.13245654,-0.79750967,-2.04129028,0.512815118,-0.415516347,-5.25520229,-6.3875494,-1.14571595,-1.55647933,0.00902861357,-0.660293698,0.0337449646,-0.042,-0.042,-0.042,0.042,-0.042,-0.042,-0.042,-0.042,-0.042,0.00108343363,-0.042,0.0337449646,0.042,0.042,-0.042,0.00108343363,0.042,-0.042,-0.042,-0.042,-0.042,-0.042,-0.042
412,15903331,0.357982188,-0.711564898,-1.21721828,-1.66783917,0.582591116,-0.18442136,-5.51286602,-6.66409063,-1.59673178,-1.32815337,0.0581896678,-0.405577987,0.042,-0.042,-0.042,-0.042,0.042,-0.0221305633,-0.042,-0.042,-0.042,-0.042,0.00698276013,-0.042,0.042,0.042,0.042,-0.042,0.00698276013,0.042,-0.042,-0.042,-0.0221305633,-0.042,-0.042,-0.042
413,15918740,0.476615101,-0.316381902,-1.56050062,-1.19746697,0.646880507,0.0392932743,-5.85420513,-7.04479218,-1.94163239,-1.02390742,0.0833307281,-0.125182435,0.042,-0.0379658282,-0.042,-0.042,0.042,0.00471519291,-0.042,-0.042,-0.042,-0.042,0.00999968737,-0.0150218922,0.042,0.042,0.042,-0.042,0.00999968737,0.042,-0.0379658282,-0.042,0.00471519291,-0.042,-0.042,-0.0150218922
414,15933485,0.613734961,0.0833739862,-2.06315684,-0.417503327,0.756856561,0.266700089,-6.1836729,-7.42874098,-2.38074756,-0.383013219,0.0829996318,0.0253722779,0.042,0.0100048783,-0.042,-0.042,0.042,0.0320040107,-0.042,-0.042,-0.042,-0.042,0.00995995581,0.00304467335,0.042,0.042,0.042,-0.042,0.00995995581,0.042,0.0100048783,-0.042,0.0320040107,-0.042,-0.042,0.00304467335
415,15967271,0.821767867,0.49452129,-2.65629482,0.789602995,0.945341825,0.527752101,-6.35318708,-7.65803909,-2.95954585,0.661343336,0.0388814211,0.0432795808,0.042,0.042,-0.042,0.042,0.042,0.042,-0.042,-0.042,-0.042,0.042,0.00466577053,0.00519354969,0.042,0.042,0.042,-0.042,0.00466577053,0.042,0.042,0.042,0.042,-0.042,0.042,0.00519354969
416,15973226,1.02483499,0.77161181,-2.64755821,1.34628594,0.955799818,0.884282649,-6.21506739,-7.62191963,-3.13731575,1.1631335,-0.119374178,-0.184537068,0.042,0.042,-0.042,0.042,0.042,0.042,-0.042,-0.042,-0.042,0.042,-0.0143249014,-0.0221444482,0.042,0.042,0.042,-0.042,-0.0143249014,0.042,0.042,0.042,0.042,-0.042,0.042,-0.0221444482
417,15996316,0.993964434,0.395748019,-2.61296892,1.09718192,0.848454833,1.3130995,-5.94943905,-7.60873127,-2.8865819,0.813098967,-0.0194013864,-0.298994333,0.042,0.042,-0.042,0.042,0.042,0.042,-0.042,-0.042,-0.042,0.042,-0.00232816637,-0.0358793199,0.042,0.042,0.042,-0.042,-0.00232816637,0.042,0.042,0.042,0.042,-0.042,0.042,-0.0358793199
418,16015252,0.596353114,-0.371134967,-2.16754413,-0.18960768,0.621836543,1.28758323,-5.82446098,-7.92223883,-2.12235522,-0.43889901,0.0753241479,-0.112514883,0.042,-0.042,-0.042,-0.0227529216,0.042,0.042,-0.042,-0.042,-0.042,-0.042,0.00903889775,-0.013501786,0.042,0.042,0.042,-0.042,0.00903889775,0.042,-0.042,-0.0227529216,0.042,-0.042,-0.042,-0.013501786
419,16036950,0.110126883,-0.972483814,-0.572096944,-2.56529188,0.282032132,0.14044635,-6.01485825,-8.32868958,-0.5742383,-2.97843599,-0.0777146593,0.181123286,0.0132152259,-0.042,-0.042,-0.042,0.0338438559,0.016853562,-0.042,-0.042,-0.042,-0.042,-0.00932575911,0.0217347944,0.0132152259,0.042,0.0338438559,-0.042,-0.00932575911,0.042,-0.042,-0.042,0.016853562,-0.042,-0.042,0.0217347944
420,16060971,0.157932997,-1.62994874,1.02828777,-3.10323477,-0.212694705,-0.606230438,-6.58745146,-8.53982162,0.389882982,-3.85789728,-0.293848842,0.0139518715,0.0189519596,-0.042,0.042,-0.042,-0.0255233645,-0.042,-0.042,-0.042,0.042,-0.042,-0.0352618611,0.00167422459,0.0189519596,-0.042,-0.0255233645,-0.042,-0.0352618611,-0.042,-0.042,-0.042,-0.042,-0.042,-0.042,0.00167422459
421,16072101,0.366497189,-1.86136985,1.52629745,-3.10411167,-0.459827155,-0.939005733,-7.02095842,-8.78398514,0.0922462046,-4.00679874,-0.370826095,-0.00719959196,0.042,-0.042,0.042,-0.042,-0.042,-0.042,-0.042,-0.042,0.0110695446,-0.042,-0.042,-0.000863951035,0.042,-0.042,-0.042,-0.042,-0.042,-0.0110695446,-0.042,-0.042,-0.042,-0.042,-0.042,-0.000863951035
422,16097651,0.0539766811,-2.24637961,1.98967052,-3.46907568,-0.463180244,-1.24541593,-7.24375725,-9.26983452,0.112473831,-4.2394228,-0.428361923,0.163693875,0.00647720173,-0.042,0.042,-0.042,-0.042,-0.042,-0.042,-0.042,0.0134968597,-0.042,-0.042,0.019643265,0.00647720173,-0.042,-0.042,-0.042,-0.042,-0.0134968597,-0.042,-0.042,-0.042,-0.042,-0.042,0.019643265
423,16114362,-0.500356674,-2.42879319,2.26826739,-3.84607458,-0.288932234,-1.63490093,-6.94561434,-9.78329659,0.0361605026,-4.71962786,-0.470413029,0.149666011,-0.042,-0.042,0.042,-0.042,-0.0346718681,-0.042,-0.042,-0.042,0.00433926031,-0.042,-0.042,0.0179599214,-0.042,-0.042,-0.0346718681,-0.042,-0.042,-0.00433926031,-0.042,-0.042,-0.042,-0.042,-0.042,0.0179599214
424,16135895,-0.975520015,-2.53109884,2.38097215,-4.0478878,-0.0589911379,-1.96533632,-6.32710266,-10.0792475,-0.0984030962,-5.14209461,-0.539206266,-0.0837906227,-0.042,-0.042,0.042,-0.042,-0.00707893655,-0.042,-0.042,-0.042,-0.0118083715,-0.042,-0.042,-0.0100548747,-0.042,-0.042,-0.00707893655,-0.042,-0.042,0.0118083715,-0.042,-0.042,-0.042,-0.042,-0.042,-0.0100548747
425,16157750,-1.2542423,-2.66614199,2.41025901,-4.14415836,0.0997435525,-2.21512294,-5.64443398,-10.1304827,-0.182151318,-5.46011305,-0.601017833,-0.378442556,-0.042,-0.042,0.042,-0.042,0.0119692263,-0.042,-0.042,-0.042,-0.0218581581,-0.042,-0.042,-0.042,-0.042,-0.042,0.0119692263,-0.042,-0.042,0.0218581581,-0.042,-0.042,-0.042,-0.042,-0.042,-0.042
426,16174034,-1.41383111,-2.79675698,2.40210891,-4.20427942,0.163480699,-2.39839268,-5.04202461,-10.0911665,-0.228302613,-5.63591003,-0.619079888,-0.615355015,-0.042,-0.042,0.042,-0.042,0.0196176839,-0.042,-0.042,-0.042,-0.0273963135,-0.042,-0.042,-0.042,-0.042,-0.042,0.0196176839,-0.042,-0.042,0.0273963135,-0.042,-0.042,-0.042,-0.042,-0.042,-0.042
427,16197709,-1.54303992,-2.93003702,2.39028907,-4.28423119,0.168521464,-2.5371213,-4.6202116,-9.92831516,-0.186503381,-5.67884493,-0.570764899,-0.793131828,-0.042,-0.042,0.042,-0.042,0.0202225757,-0.042,-0.042,-0.042,-0.0223804057,-0.042,-0.042,-0.042,-0.042,-0.042,0.0202225757,-0.042,-0.042,0.0223804057,-0.042,-0.042,-0.042,-0.042,-0.042,-0.042
428,16212637,-1.63099825,-3.07378101,2.35047436,-4.35279703,0.159835756,-2.62858844,-4.3534894,-9.73352146,-0.143633738,-5.6420002,-0.524325967,-0.908599734,-0.042,-0.042,0.042,-0.042,0.0191802907,-0.042,-0.042,-0.042,-0.0172360486,-0.042,-0.042,-0.042,-0.042,-0.042,0.0191802907,-0.042,-0.042,0.0172360486,-0.042,-0.042,-0.042,-0.042,-0.042,-0.042
429,16237877,-1.69906116,-3.20091677,2.31184626,-4.36284399,0.135697931,-2.68797112,-4.16067791,-9.51737881,-0.0733824894,-5.5280776,-0.474683702,-0.956297517,-0.042,-0.042,0.042,-0.042,0.0162837517,-0.042,-0.042,-0.042,-0.00880589873,-0.042,-0.042,-0.042,-0.042,-0.042,0.0162837517,-0.042,-0.042,0.00880589873,-0.042,-0.042,-0.042,-0.042,-0.042,-0.042
430,16258512,-1.70907462,-3.32096815,2.27959418,-4.33199549,0.0841067806,-2.70297718,-4.01273012,-9.24865627,0.0276606493,-5.36237478,-0.415093511,-0.979250312,-0.042,-0.042,0.042,-0.042,0.0100928137,-0.042,-0.042,-0.042,0.00331927791,-0.042,-0.042,-0.042,-0.042,-0.042,0.0100928137,-0.042,-0.042,-0.00331927791,-0.042,-0.042,-0.042,-0.042,-0.042,-0.042
431,16272428,-1.64348674,-3.42593408,2.25050139,-4.26050282,0.020914793,-2.66774297,-3.89042139,-8.96067524,0.116971076,-5.17259645,-0.351523876,-0.969776392,-0.042,-0.042,0.042,-0.042,0.00250977516,-0.042,-0.042,-0.042,0.0140365291,-0.042,-0.042,-0.042,-0.042,-0.042,0.00250977516,-0.042,-0.042,-0.0140365291,-0.042,-0.042,-0.042,-0.042,-0.042,-0.042
432,16296455,-1.49397993,-3.5337317,2.21563601,-4.15880394,-0.0671081319,-2.57784438,-3.80381298,-8.63766098,0.227716953,-4.9295907,-0.28035292,-0.956728399,-0.042,-0.042,0.042,-0.042,-0.00805297583,-0.042,-0.042,-0.042,0.0273260343,-0.042,-0.0336423504,-0.042,-0.042,-0.042,-0.00805297583,-0.042,-0.0336423504,-0.0273260343,-0.042,-0.042,-0.042,-0.042,-0.042,-0.042
433,16313924,-1.22262359,-3.6195302,2.13736463,-3.99871349,-0.148868188,-2.43374014,-3.74673104,-8.24385357,0.351604909,-4.61904669,-0.187294185,-0.949336231,-0.042,-0.042,0.042,-0.042,-0.0178641826,-0.042,-0.042,-0.042,0.042,-0.042,-0.0224753022,-0.042,-0.042,-0.042,-0.0178641826,-0.042,-0.0224753022,-0.042,-0.042,-0.042,-0.042,-0.042,-0.042,-0.042
434,16341338,-0.835749865,-3.71120381,2.0280447,-3.78780508,-0.239480764,-2.27651072,-3.7012403,-7.75463152,0.511257827,-4.21729565,-0.073371537,-0.938351631,-0.042,-0.042,0.042,-0.042,-0.0287376916,-0.042,-0.042,-0.042,0.042,-0.042,-0.00880458444,-0.042,-0.042,-0.042,-0.0287376916,-0.042,-0.00880458444,-0.042,-0.042,-0.042,-0.042,-0.042,-0.042,-0.042
435,16356926,-0.454941809,-3.75973535,1.86475098,-3.52934933,-0.30600059,-2.15415716,-3.63094854,-7.23089552,0.630092144,-3.76288247,0.00691930205,-0.970543265,-0.042,-0.042,0.042,-0.042,-0.0367200708,-0.042,-0.042,-0.042,0.042,-0.042,0.000830316246,-0.042,-0.042,-0.042,-0.0367200708,-0.042,0.000830316246,-0.042,-0.042,-0.042,-0.042,-0.042,-0.042,-0.042
436,16372298,-0.335126132,-3.76694989,1.74050093,-3.32942867,-0.322328269,-2.108253,-3.52555966,-6.7913537,0.651654303,-3.44577622,0.0212707017,-0.909946561,-0.0402151358,-0.042,0.042,-0.042,-0.0386793923,-0.042,-0.042,-0.042,0.042,-0.042,0.0025524842,-0.042,-0.0402151358,-0.042,-0.0386793923,-0.042,0.0025524842,-0.042,-0.042,-0.042,-0.042,-0.042,-0.042,-0.042
437,16401286,-0.369685829,-3.76138711,1.64380491,-3.17630625,-0.304437995,-2.09294724,-3.41916394,-6.42297554,0.65477407,-3.22978044,0.0197406132,-0.819710791,-0.042,-0.042,0.042,-0.042,-0.0365325594,-0.042,-0.042,-0.042,0.042,-0.042,0.00236887358,-0.042,-0.042,-0.042,-0.0365325594,-0.042,0.00236887358,-0.042,-0.042,-0.042,-0.042,-0.042,-0.042,-0.042
438,16413789,-0.414198279,-3.75382781,1.53631496,-3.05356598,-0.285157323,-2.03623557,-3.34007835,-6.0876255,0.656143606,-3.05921507,0.0251068044,-0.776569188,-0.042,-0.042,0.042,-0.042,-0.0342188787,-0.042,-0.042,-0.042,0.042,-0.042,0.00301281653,-0.042,-0.042,-0.042,-0.0342188787,-0.042,0.00301281653,-0.042,-0.042,-0.042,-0.042,-0.042,-0.042,-0.042
439,16435939,-0.366582334,-3.72930861,1.39527166,-2.91152191,-0.281302214,-1.91337657,-3.28994203,-5.78485012,0.628711343,-2.87521529,0.0334412791,-0.798377335,-0.042,-0.042,0.042,-0.042,-0.0337562656,-0.042,-0.042,-0.042,0.042,-0.042,0.00401295349,-0.042,-0.042,-0.042,-0.0337562656,-0.042,0.00401295349,-0.042,-0.042,-0.042,-0.042,-0.042,-0.042,-0.042
440,16454823,-0.270902455,-3.67059851,1.23708558,-2.75492573,-0.271852672,-1.74789882,-3.25737762,-5.54752588,0.560527503,-2.6926434,0.0348812267,-0.830947161,-0.0325082946,-0.042,0.042,-0.042,-0.0326223207,-0.042,-0.042,-0.042,0.042,-0.042,0.00418574721,-0.042,-0.0325082946,-0.042,-0.0326223207,-0.042,0.00418574721,-0.042,-0.042,-0.042,-0.042,-0.042,-0.042,-0.042
441,16475236,-0.118569747,-3.5651269,1.04170632,-2.5630517,-0.22622928,-1.53535259,-3.23813343,-5.36597061,0.457426965,-2.49528193,0.0320822857,-0.867137551,-0.0142283696,-0.042,0.042,-0.042,-0.0271475136,-0.042,-0.042,-0.042,0.042,-0.042,0.00384987429,-0.042,-0.0142283696,-0.042,-0.0271475136,-0.042,0.00384987429,-0.042,-0.042,-0.042,-0.042,-0.042,-0.042,-0.042
442,16495271,0.00713805109,-3.4191339,0.854127884,-2.39771605,-0.161657691,-1.28900623,-3.22624207,-5.26091051,0.340482742,-2.33646202,0.0107883178,-0.864252269,0.000856566131,-0.042,0.042,-0.042,-0.0193989229,-0.042,-0.042,-0.042,0.040857929,-0.042,0.00129459813,-0.042,0.000856566131,-0.042,-0.0193989229,-0.042,0.00129459813,-0.040857929,-0.042,-0.042,-0.042,-0.042,-0.042,-0.042
443,16512363,0.109722614,-3.25239491,0.685328364,-2.27858734,-0.107224569,-1.00185359,-3.23192787,-5.21833324,0.221561164,-2.22385454,-0.0115746809,-0.83777976,0.0131667137,-0.042,0.042,-0.042,-0.0128669482,-0.042,-0.042,-0.042,0.0265873396,-0.042,-0.00138896171,-0.042,0.0131667137,-0.042,-0.0128669482,-0.042,-0.00138896171,-0.0265873396,-0.042,-0.042,-0.042,-0.042,-0.042,-0.042
444,16537874,0.132119447,-3.112252,0.613747001,-2.28293419,-0.0939747095,-0.761736751,-3.24867964,-5.24536228,0.156926647,-2.23781872,-0.00626878347,-0.75821346,0.0158543336,-0.042,0.042,-0.042,-0.0112769651,-0.042,-0.042,-0.042,0.0188311976,-0.042,-0.000752254017,-0.042,0.0158543336,-0.042,-0.0112769651,-0.042,-0.000752254017,-0.0188311976,-0.042,-0.042,-0.042,-0.042,-0.042,-0.042
445,16553387,0.15430738,-3.00419641,0.632239103,-2.3289752,-0.110641003,-0.623167217,-3.30114198,-5.29842997,0.190044433,-2.31582975,0.00579623505,-0.689947605,0.0185168856,-0.042,0.042,-0.042,-0.0132769203,-0.042,-0.042,-0.042,0.0228053319,-0.042,0.000695548207,-0.042,0.0185168856,-0.042,-0.0132769203,-0.042,0.000695548207,-0.0228053319,-0.042,-0.042,-0.042,-0.042,-0.042,-0.042
446,16574619,0.167446941,-2.91149926,0.728346467,-2.40409517,-0.126565307,-0.572100043,-3.40009427,-5.36755705,0.30644697,-2.42623138,0.00780968741,-0.633342147,0.0200936329,-0.042,0.042,-0.042,-0.0151878369,-0.042,-0.042,-0.042,0.0367736363,-0.042,0.000937162489,-0.042,0.0200936329,-0.042,-0.0151878369,-0.042,0.000937162489,-0.0367736363,-0.042,-0.042,-0.042,-0.042,-0.042,-0.042
447,16603814,0.164008468,-2.83233118,0.862876892,-2.47802591,-0.128812611,-0.580488861,-3.53619027,-5.43783188,0.457550108,-2.52984738,0.00118951499,-0.596182048,0.0196810162,-0.042,0.042,-0.042,-0.0154575133,-0.042,-0.042,-0.042,0.042,-0.042,0.000142741799,-0.042,0.0196810162,-0.042,-0.0154575133,-0.042,0.000142741799,-0.042,-0.042,-0.042,-0.042,-0.042,-0.042,-0.042
448,16612929,0.179943174,-2.75184798,0.936107516,-2.49850368,-0.119399317,-0.596969068,-3.6870873,-5.49650717,0.535915256,-2.56547403,-0.00325914845,-0.582518041,0.0215931809,-0.042,0.042,-0.042,-0.014327918,-0.042,-0.042,-0.042,0.042,-0.042,-0.000391097814,-0.042,0.0215931809,-0.042,-0.014327918,-0.042,-0.000391097814,-0.042,-0.042,-0.042,-0.042,-0.042,-0.042,-0.042
449,16634410,0.228526235,-2.66233253,0.905937433,-2.44353962,-0.0989229083,-0.596847117,-3.81595755,-5.53859901,0.507777631,-2.51795983,-0.00810961798,-0.571950376,0.0274231482,-0.042,0.042,-0.042,-0.011870749,-0.042,-0.042,-0.042,0.042,-0.042,-0.000973154157,-0.042,0.0274231482,-0.042,-0.011870749,-0.042,-0.000973154157,-0.042,-0.042,-0.042,-0.042,-0.042,-0.042,-0.042
450,16655626,0.277650028,-2.56166601,0.783134341,-2.34672737,-0.0686158687,-0.570349336,-3.90686202,-5.56781769,0.392112374,-2.42659545,-0.00826909766,-0.559249699,0.0333180034,-0.042,0.042,-0.042,-0.00823390424,-0.042,-0.042,-0.042,0.042,-0.042,-0.000992291719,-0.042,0.0333180034,-0.042,-0.00823390424,-0.042,-0.000992291719,-0.042,-0.042,-0.042,-0.042,-0.042,-0.042,-0.042
451,16673784,0.300966531,-2.4432373,0.600223541,-2.27432489,-0.0311475582,-0.527462602,-3.95983577,-5.58805561,0.217072368,-2.33863735,-0.00223566592,-0.533566892,0.0361159837,-0.042,0.042,-0.042,-0.00373770699,-0.042,-0.042,-0.042,0.0260486841,-0.042,-0.00026827991,-0.042,0.0361159837,-0.042,-0.00373770699,-0.042,-0.00026827991,-0.0260486841,-0.042,-0.042,-0.042,-0.042,-0.042,-0.042
452,16700399,0.288650334,-2.30336761,0.411521882,-2.26442814,0.00298086554,-0.490576118,-3.98336267,-5.61849165,0.0251299553,-2.28633118,0.00935582072,-0.48335886,0.0346380401,-0.042,0.042,-0.042,0.000357703865,-0.042,-0.042,-0.042,0.00301559463,-0.042,0.00112269849,-0.042,0.0346380401,-0.042,0.000357703865,-0.042,0.00112269849,-0.00301559463,-0.042,-0.042,-0.042,-0.042,-0.042,-0.042
453,16713302,0.241027832,-2.18646073,0.371953934,-2.3119669,0.000644572079,-0.474118084,-4.00037575,-5.67568684,-0.0270683058,-2.33776593,0.0267567169,-0.406308413,0.0289233398,-0.042,0.042,-0.042,7.73486495e-05,-0.042,-0.042,-0.042,-0.00324819669,-0.042,0.00321080603,-0.042,0.0289233398,-0.042,7.73486495e-05,-0.042,0.00321080603,0.00324819669,-0.042,-0.042,-0.042,-0.042,-0.042,-0.042
454,16733884,0.187350765,-2.17368984,0.61756742,-2.41907072,-0.0637651607,-0.504869878,-4.02751827,-5.74157095,0.197008193,-2.52222896,0.0290489141,-0.347441316,0.0224820918,-0.042,0.042,-0.042,-0.00765181929,-0.042,-0.042,-0.042,0.0236409831,-0.042,0.00348586969,-0.0416929579,0.0224820918,-0.042,-0.00765181929,-0.042,0.00348586969,-0.0236409831,-0.042,-0.042,-0.042,-0.042,-0.042,-0.0416929579
455,16753291,0.131896213,-2.21297431,0.998334765,-2.61131287,-0.114991657,-0.613043547,-4.09004545,-5.78856087,0.592345059,-2.77274656,0.00984722376,-0.322495401,0.0158275455,-0.042,0.042,-0.042,-0.0137989989,-0.042,-0.042,-0.042,0.042,-0.042,0.00118166685,-0.0386994481,0.0158275455,-0.042,-0.0137989989,-0.042,0.00118166685,-0.042,-0.042,-0.042,-0.042,-0.042,-0.042,-0.0386994481
456,16777467,0.175424397,-2.19348121,1.18135476,-2.69582129,-0.135758102,-0.730467677,-4.19548512,-5.81613398,0.751653433,-2.86127496,-0.00814476982,-0.349073768,0.0210509276,-0.042,0.042,-0.042,-0.0162909722,-0.042,-0.042,-0.042,0.042,-0.042,-0.000977372378,-0.0418888521,0.0210509276,-0.042,-0.0162909722,-0.042,-0.000977372378,-0.042,-0.042,-0.042,-0.042,-0.042,-0.042,-0.0418888521
457,16797964,0.290783644,-2.12779856,1.11231697,-2.56457758,-0.124439225,-0.789301515,-4.30831766,-5.83243465,0.660140276,-2.70168996,-0.0190084279,-0.416343123,0.0348940372,-0.042,0.042,-0.042,-0.014932707,-0.042,-0.042,-0.042,0.042,-0.042,-0.00228101134,-0.042,0.0348940372,-0.042,-0.014932707,-0.042,-0.00228101134,-0.042,-0.042,-0.042,-0.042,-0.042,-0.042,-0.042
458,16815871,0.388641864,-2.01508951,0.843973398,-2.35613918,-0.0575419292,-0.781156838,-4.39455843,-5.83893013,0.411993384,-2.45671844,-0.0250212178,-0.475048929,0.042,-0.042,0.042,-0.042,-0.0069050315,-0.042,-0.042,-0.042,0.042,-0.042,-0.00300254613,-0.042,0.042,-0.042,-0.0069050315,-0.042,-0.00300254613,-0.042,-0.042,-0.042,-0.042,-0.042,-0.042,-0.042
459,16833834,0.381397635,-1.77243364,0.309264898,-2.24558353,0.13342461,-0.732937098,-4.43449259,-5.84796858,-0.0507796779,-2.17525244,-0.0377870128,-0.491402179,0.042,-0.042,0.0371117878,-0.042,0.0160109532,-0.042,-0.042,-0.042,-0.00609356135,-0.042,-0.00453444153,-0.042,0.042,-0.0371117878,0.0160109532,-0.042,-0.00453444153,0.00609356135,-0.042,-0.042,-0.042,-0.042,-0.042,-0.042
460,16861068,0.337541401,-1.44350278,-0.325472265,-2.14938831,0.286722571,-0.582893133,-4.44938612,-5.90428782,-0.677388906,-1.90714443,-0.0140057653,-0.448033154,0.0405049682,-0.042,-0.0390566719,-0.042,0.0344067085,-0.042,-0.042,-0.042,-0.042,-0.042,-0.00168069184,-0.042,0.0405049682,0.0390566719,0.0344067085,-0.042,-0.00168069184,0.042,-0.042,-0.042,-0.042,-0.042,-0.042,-0.042
461,16878900,0.297808588,-1.0828234,-0.784151435,-2.0175395,0.349754751,-0.381717056,-4.54297829,-6.10464573,-1.17761266,-1.74655449,0.0410213321,-0.28066361,0.0357370305,-0.042,-0.042,-0.042,0.0419705701,-0.042,-0.042,-0.042,-0.042,-0.042,0.00492255986,-0.0336796331,0.0357370305,0.042,0.0419705701,-0.042,0.00492255986,0.042,-0.042,-0.042,-0.042,-0.042,-0.042,-0.0336796331
462,16897320,0.336919099,-0.800637245,-0.940624118,-1.80783701,0.357953489,-0.19046028,-4.77316475,-6.43497372,-1.37380052,-1.67471421,0.0998142287,-0.0538366809,0.0404302919,-0.042,-0.042,-0.042,0.042,-0.0228552336,-0.042,-0.042,-0.042,-0.042,0.0119777074,-0.00646040171,0.0404302919,0.042,0.042,-0.042,0.0119777074,0.042,-0.042,-0.042,-0.0228552336,-0.042,-0.042,-0.00646040171
463,16917825,0.419783443,-0.611779988,-0.902977228,-1.7178793,0.351618618,-0.0520189516,-5.1258378,-6.84027481,-1.36108959,-1.68562305,0.136833459,0.0387523435,0.042,-0.042,-0.042,-0.042,0.042,-0.00624227419,-0.042,-0.042,-0.042,-0.042,0.0164200151,0.00465028122,0.042,0.042,0.042,-0.042,0.0164200151,0.042,-0.042,-0.042,-0.00624227419,-0.042,-0.042,0.00465028122
464,16932593,0.483838439,-0.566694319,-0.559464693,-1.95356703,0.298081905,-0.0740770549,-5.50924397,-7.25535679,-1.01724148,-1.98978519,0.158254296,0.051277414,0.042,-0.042,-0.042,-0.042,0.0357698286,-0.00888924658,-0.042,-0.042,-0.042,-0.042,0.0189905155,0.00615328968,0.042,0.042,0.0357698286,-0.042,0.0189905155,0.042,-0.042,-0.042,-0.00888924658,-0.042,-0.042,0.00615328968
465,16953634,0.418269306,-0.884547591,0.644820213,-2.68729353,0.0286416113,-0.327964962,-5.81356478,-7.52950239,0.159805432,-2.80530834,0.142565876,-0.0597939976,0.042,-0.042,0.042,-0.042,0.00343699336,-0.0393557954,-0.042,-0.042,0.0191766518,-0.042,0.0171079051,-0.00717527971,0.042,-0.042,0.00343699336,-0.042,0.0171079051,-0.0191766518,-0.042,-0.042,-0.0393557954,-0.042,-0.042,-0.00717527971
466,16987373,0.403070152,-1.26110113,1.76662147,-3.28174686,-0.222165585,-0.747564077,-5.93799973,-7.66557455,1.15187955,-3.75956941,0.0626251027,0.0266786665,0.042,-0.042,0.042,-0.042,-0.0266598701,-0.042,-0.042,-0.042,0.042,-0.042,0.00751501232,0.00320143998,0.042,-0.042,-0.0266598701,-0.042,0.00751501232,-0.042,-0.042,-0.042,-0.042,-0.042,-0.042,0.00320143998
467,16993297,0.585686922,-1.41545057,1.96852696,-3.25008011,-0.382057697,-1.06853199,-5.973382,-7.74681044,0.881903768,-3.87988901,-0.0688252449,0.0505353734,0.042,-0.042,0.042,-0.042,-0.042,-0.042,-0.042,-0.042,0.042,-0.042,-0.00825902939,0.00606424481,0.042,-0.042,-0.042,-0.042,-0.00825902939,-0.042,-0.042,-0.042,-0.042,-0.042,-0.042,0.00606424481
468,17013296,0.57533741,-1.46340024,1.83241498,-3.06604815,-0.297623217,-1.28700018,-6.02392864,-7.67943239,0.692470849,-3.58732152,-0.0930258706,0.00508386362,0.042,-0.042,0.042,-0.042,-0.0357147861,-0.042,-0.042,-0.042,0.042,-0.042,-0.0111631045,0.000610063635,0.042,-0.042,-0.0357147861,-0.042,-0.0111631045,-0.042,-0.042,-0.042,-0.042,-0.042,-0.042,0.000610063635
469,17038798,0.46864745,-1.45274627,1.59094799,-2.89011812,-0.165594041,-1.43606436,-5.95008183,-7.3617754,0.56844002,-3.29281306,-0.0611941367,-0.134372815,0.042,-0.042,0.042,-0.042,-0.019871285,-0.042,-0.042,-0.042,0.042,-0.042,-0.00734329641,-0.0161247379,0.042,-0.042,-0.019871285,-0.042,-0.00734329641,-0.042,-0.042,-0.042,-0.042,-0.042,-0.042,-0.0161247379
470,17055221,0.29768908,-1.52426076,1.38590515,-2.78173542,-0.111096814,-1.47463608,-5.73245144,-6.83881187,0.556908369,-2.98824859,-0.00911228359,-0.371687055,0.0357226896,-0.042,0.042,-0.042,-0.0133316177,-0.042,-0.042,-0.042,0.042,-0.042,-0.00109347403,-0.042,0.0357226896,-0.042,-0.0133316177,-0.042,-0.00109347403,-0.042,-0.042,-0.042,-0.042,-0.042,-0.042,-0.042
471,17075745,0.145287752,-1.6364013,1.25841773,-2.73093653,-0.130683929,-1.52732813,-5.40349293,-6.30317688,0.517318547,-2.81226516,0.0100475624,-0.51460135,0.0174345303,-0.042,0.042,-0.042,-0.0156820714,-0.042,-0.042,-0.042,0.042,-0.042,0.00120570749,-0.042,0.0174345303,-0.042,-0.0156820714,-0.042,0.00120570749,-0.042,-0.042,-0.042,-0.042,-0.042,-0.042,-0.042
472,17094975,0.10050676,-1.74018276,1.1473279,-2.64757204,-0.151338995,-1.54543507,-5.09548998,-5.89574671,0.5036726,-2.66687155,0.0326980762,-0.616260886,0.0120608112,-0.042,0.042,-0.042,-0.0181606793,-0.042,-0.042,-0.042,0.042,-0.042,0.00392376915,-0.042,0.0120608112,-0.042,-0.0181606793,-0.042,0.00392376915,-0.042,-0.042,-0.042,-0.042,-0.042,-0.042,-0.042
473,17118587,0.144495264,-1.78217268,0.942076564,-2.5024786,-0.0935980752,-1.50579095,-4.85482931,-5.6394186,0.399206817,-2.44768596,0.0436461903,-0.716807365,0.0173394316,-0.042,0.042,-0.042,-0.011231769,-0.042,-0.042,-0.042,0.042,-0.042,0.00523754284,-0.042,0.0173394316,-0.042,-0.011231769,-0.042,0.00523754284,-0.042,-0.042,-0.042,-0.042,-0.042,-0.042,-0.042
474,17136666,0.161718577,-1.66111553,0.534214139,-2.37467861,0.107384808,-1.41516352,-4.70526314,-5.54668856,0.0981159955,-2.15358305,0.0351193585,-0.786231935,0.0194062293,-0.042,0.042,-0.042,0.012886177,-0.042,-0.042,-0.042,0.0117739195,-0.042,0.00421432301,-0.042,0.0194062293,-0.042,0.012886177,-0.042,0.00421432301,-0.0117739195,-0.042,-0.042,-0.042,-0.042,-0.042,-0.042
475,17155458,0.144916356,-1.34882462,-0.0129027022,-2.25202465,0.371219724,-1.21654117,-4.66632986,-5.59096622,-0.362196505,-1.8404727,0.0371295512,-0.801127672,0.0173899627,-0.042,-0.00154832426,-0.042,0.042,-0.042,-0.042,-0.042,-0.042,-0.042,0.00445554614,-0.042,0.0173899627,0.00154832426,0.042,-0.042,0.00445554614,0.042,-0.042,-0.042,-0.042,-0.042,-0.042,-0.042
476,17174601,0.202326804,-0.921833217,-0.59248364,-2.07015991,0.544253826,-0.828552365,-4.76673317,-5.75839758,-0.943665147,-1.57181692,0.0717391968,-0.720165908,0.0242792165,-0.042,-0.042,-0.042,0.042,-0.042,-0.042,-0.042,-0.042,-0.042,0.00860870361,-0.042,0.0242792165,0.042,0.042,-0.042,0.00860870361,0.042,-0.042,-0.042,-0.042,-0.042,-0.042,-0.042
477,17193594,0.323710024,-0.508066714,-1.091061,-1.68635499,0.620194137,-0.412555486,-5.04727507,-6.05251408,-1.45813441,-1.31205428,0.0848521441,-0.48645249,0.0388452029,-0.042,-0.042,-0.042,0.042,-0.042,-0.042,-0.042,-0.042,-0.042,0.0101822573,-0.042,0.0388452029,0.042,0.042,-0.042,0.0101822573,0.042,-0.042,-0.042,-0.042,-0.042,-0.042,-0.042
478,17217817,0.414312929,-0.105896622,-1.55005169,-1.13053894,0.678653836,-0.0774701834,-5.4566493,-6.46796894,-1.91430032,-0.948477745,0.0791985393,-0.141703606,0.042,-0.0127075946,-0.042,-0.042,0.042,-0.009296422,-0.042,-0.042,-0.042,-0.042,0.00950382471,-0.0170044327,0.042,0.042,0.042,-0.042,0.00950382471,0.042,-0.0127075946,-0.042,-0.009296422,-0.042,-0.042,-0.0170044327
479,17234252,0.527902424,0.212525636,-2.06361628,-0.180663213,0.745481193,0.263103664,-5.86437464,-6.86572695,-2.41921401,-0.155728877,0.0795619115,0.0529143065,0.042,0.0255030763,-0.042,-0.0216795856,0.042,0.0315724397,-0.042,-0.042,-0.042,-0.0186874652,0.00954742938,0.00634971678,0.042,0.042,0.042,-0.042,0.00954742938,0.042,0.0255030763,-0.0216795856,0.0315724397,-0.042,-0.0186874652,0.00634971678
480,17260788,0.740849078,0.517378747,-2.51943994,0.897865236,0.835554183,0.664212108,-6.07839537,-7.07807446,-2.95320344,0.761892557,0.0641031265,0.0458981656,0.042,0.042,-0.042,0.042,0.042,0.042,-0.042,-0.042,-0.042,0.042,0.00769237518,0.00550777987,0.042,0.042,0.042,-0.042,0.00769237518,0.042,0.042,0.042,0.042,-0.042,0.042,0.00550777987
481,17274202,0.92628032,0.584381402,-2.47440243,1.24992383,0.753026485,1.10965574,-6.016994,-7.11109114,-3.02849627,1.05814683,-0.00810644776,-0.17914407,0.042,0.042,-0.042,0.042,0.042,0.042,-0.042,-0.042,-0.042,0.042,-0.000972773731,-0.0214972883,0.042,0.042,0.042,-0.042,-0.000972773731,0.042,0.042,0.042,0.042,-0.042,0.042,-0.0214972883
482,17296502,0.856416821,0.218343198,-2.43504262,0.863025844,0.622158229,1.39990985,-5.88989305,-7.19421291,-2.7203207,0.606689751,0.0510375611,-0.213072538,0.042,0.0262011838,-0.042,0.042,0.042,0.042,-0.042,-0.042,-0.042,0.042,0.00612450734,-0.0255687046,0.042,0.042,0.042,-0.042,0.00612450734,0.042,0.0262011838,0.042,0.042,-0.042,0.042,-0.0255687046
483,17321981,0.440390915,-0.314413607,-2.0467701,-0.402051121,0.442482382,1.0931499,-5.89644718,-7.52347422,-2.0594039,-0.544077992,0.0364083461,-0.00273668952,0.042,-0.0377296329,-0.042,-0.042,0.042,0.042,-0.042,-0.042,-0.042,-0.042,0.00436900154,-0.000328402743,0.042,0.042,0.042,-0.042,0.00436900154,0.042,-0.0377296329,-0.042,0.042,-0.042,-0.042,-0.000328402743
484,17333304,0.0476637706,-0.753339529,-0.563213944,-2.52639103,0.169374257,0.0513239652,-6.18164396,-7.90407515,-0.636283815,-2.71145082,-0.0200031847,0.172476113,0.00571965247,-0.042,-0.042,-0.042,0.0203249109,0.00615887582,-0.042,-0.042,-0.042,-0.042,-0.00240038216,0.0206971335,0.00571965247,0.042,0.0203249109,-0.042,-0.00240038216,0.042,-0.042,-0.042,0.00615887582,-0.042,-0.042,0.0206971335
485,17353728,0.196273312,-1.31907928,1.25317824,-3.07333374,-0.28280881,-0.637304664,-6.64687347,-8.13066959,0.681215823,-3.72918391,-0.129722923,0.0652396157,0.0235527974,-0.042,0.042,-0.042,-0.0339370573,-0.042,-0.042,-0.042,0.042,-0.042,-0.0155667508,0.00782875389,0.0235527974,-0.042,-0.0339370573,-0.042,-0.0155667508,-0.042,-0.042,-0.042,-0.042,-0.042,-0.042,0.00782875389
486,17375302,0.652543902,-1.59951091,1.80851686,-3.07033825,-0.569830894,-0.956777394,-6.8816309,-8.33878803,0.546843648,-3.74926662,-0.145199418,-0.017434109,0.042,-0.042,0.042,-0.042,-0.042,-0.042,-0.042,-0.042,0.042,-0.042,-0.0174239302,-0.00209209308,0.042,-0.042,-0.042,-0.042,-0.0174239302,-0.042,-0.042,-0.042,-0.042,-0.042,-0.042,-0.00209209308
487,17397003,0.636101842,-1.90288889,2.02539229,-3.21667671,-0.530168474,-1.38413584,-7.01017237,-8.60926819,0.611047208,-3.79585457,-0.12953037,0.0727715343,0.042,-0.042,0.042,-0.042,-0.042,-0.042,-0.042,-0.042,0.042,-0.042,-0.0155436444,0.00873258412,0.042,-0.042,-0.042,-0.042,-0.0155436444,-0.042,-0.042,-0.042,-0.042,-0.042,-0.042,0.00873258412
488,17418892,0.385177374,-2.09065604,2.08920121,-3.35348558,-0.471319884,-1.85182655,-6.86525202,-8.58491611,0.607265472,-3.83993697,-0.0780233666,0.0296089463,0.042,-0.042,0.042,-0.042,-0.042,-0.042,-0.042,-0.042,0.042,-0.042,-0.009362804,0.00355307356,0.042,-0.042,-0.042,-0.042,-0.009362804,-0.042,-0.042,-0.042,-0.042,-0.042,-0.042,0.00355307356
489,17433596,0.00223637,-2.18437862,2.18011832,-3.53111982,-0.43838793,-2.28185987,-6.50966835,-8.17549992,0.622053087,-3.92525649,-0.0892399326,-0.0386330001,0.0002683644,-0.042,0.042,-0.042,-0.042,-0.042,-0.042,-0.042,0.042,-0.042,-0.0107087919,-0.00463596001,0.0002683644,-0.042,-0.042,-0.042,-0.0107087919,-0.042,-0.042,-0.042,-0.042,-0.042,-0.042,-0.00463596001
490,17453591,-0.315632731,-2.30634165,2.19959545,-3.61559153,-0.413934559,-2.4858427,-5.99628782,-7.59257317,0.514463842,-3.99017715,-0.158680707,-0.194256723,-0.0378759277,-0.042,0.042,-0.042,-0.042,-0.042,-0.042,-0.042,0.042,-0.042,-0.0190416849,-0.0233108068,-0.0378759277,-0.042,-0.042,-0.042,-0.0190416849,-0.042,-0.042,-0.042,-0.042,-0.042,-0.042,-0.0233108068
491,17475047,-0.450083196,-2.43250489,2.13506722,-3.59082556,-0.378468037,-2.51880527,-5.51656055,-7.01984882,0.481841385,-3.95549417,-0.150516301,-0.396785885,-0.042,-0.042,0.042,-0.042,-0.042,-0.042,-0.042,-0.042,0.042,-0.042,-0.0180619562,-0.042,-0.042,-0.042,-0.042,-0.042,-0.0180619562,-0.042,-0.042,-0.042,-0.042,-0.042,-0.042,-0.042
492,17493367,-0.425465316,-2.5281229,2.01321912,-3.47584581,-0.352358848,-2.49159408,-5.08570385,-6.47743797,0.486138463,-3.77514672,-0.117542215,-0.550238192,-0.042,-0.042,0.042,-0.042,-0.042,-0.042,-0.042,-0.042,0.042,-0.042,-0.0141050658,-0.042,-0.042,-0.042,-0.042,-0.042,-0.0141050658,-0.042,-0.042,-0.042,-0.042,-0.042,-0.042,-0.042
493,17518581,-0.337764084,-2.63020849,1.8491714,-3.3203702,-0.347964048,-2.41583157,-4.71574259,-5.96032906,0.524684429,-3.51373529,-0.0618438646,-0.666969597,-0.0405316901,-0.042,0.042,-0.042,-0.0417556858,-0.042,-0.042,-0.042,0.042,-0.042,-0.00742126375,-0.042,-0.0405316901,-0.042,-0.0417556858,-0.042,-0.00742126375,-0.042,-0.042,-0.042,-0.042,-0.042,-0.042,-0.042
494,17532495,-0.281309098,-2.73744869,1.70117617,-3.16648006,-0.356388837,-2.34424353,-4.38299036,-5.53770924,0.55810827,-3.26373529,-0.0114668161,-0.719044149,-0.0337570918,-0.042,0.042,-0.042,-0.042,-0.042,-0.042,-0.042,0.042,-0.042,-0.00137601793,-0.042,-0.0337570918,-0.042,-0.042,-0.042,-0.00137601793,-0.042,-0.042,-0.042,-0.042,-0.042,-0.042,-0.042
495,17557251,-0.222041383,-2.8553822,1.53864598,-3.00052166,-0.362243801,-2.26307416,-4.08721447,-5.19140625,0.591761529,-3.01345372,0.0305613466,-0.765508652,-0.026644966,-0.042,0.042,-0.042,-0.042,-0.042,-0.042,-0.042,0.042,-0.042,0.00366736159,-0.042,-0.026644966,-0.042,-0.042,-0.042,0.00366736159,-0.042,-0.042,-0.042,-0.042,-0.042,-0.042,-0.042
496,17577154,-0.179516986,-2.95559716,1.37347376,-2.84257126,-0.354085028,-2.16283083,-3.81874609,-4.94672823,0.553937852,-2.80032706,0.0405734405,-0.793552935,-0.0215420383,-0.042,0.042,-0.042,-0.042,-0.042,-0.042,-0.042,0.042,-0.042,0.00486881286,-0.042,-0.0215420383,-0.042,-0.042,-0.042,0.00486881286,-0.042,-0.042,-0.042,-0.042,-0.042,-0.042,-0.042
497,17593696,-0.158992276,-3.02488518,1.22647953,-2.7055254,-0.323253542,-2.04058433,-3.58751798,-4.80363512,0.48159951,-2.62673402,0.0305003878,-0.806678653,-0.0190790731,-0.042,0.042,-0.042,-0.0387904251,-0.042,-0.042,-0.042,0.042,-0.042,0.00366004653,-0.042,-0.0190790731,-0.042,-0.0387904251,-0.042,0.00366004653,-0.042,-0.042,-0.042,-0.042,-0.042,-0.042,-0.042
498,17621912,-0.101161227,-3.05230975,1.07583225,-2.573349,-0.261556476,-1.87639308,-3.39897156,-4.72390747,0.402948856,-2.46956921,0.0198362768,-0.839057326,-0.0121393472,-0.042,0.042,-0.042,-0.0313867772,-0.042,-0.042,-0.042,0.042,-0.042,0.00238035321,-0.042,-0.0121393472,-0.042,-0.0313867772,-0.042,0.00238035321,-0.042,-0.042,-0.042,-0.042,-0.042,-0.042,-0.042
499,17633670,-0.0384622701,-3.0375433,0.954814672,-2.47506714,-0.182721823,-1.68533361,-3.25080252,-4.69747066,0.335544616,-2.35427022,0.0114302672,-0.8634848,-0.00461547241,-0.042,0.042,-0.042,-0.0219266188,-0.042,-0.042,-0.042,0.0402653539,-0.042,0.00137163207,-0.042,-0.00461547241,-0.042,-0.0219266188,-0.042,0.00137163207,-0.0402653539,-0.042,-0.042,-0.042,-0.042,-0.042,-0.042
500,17654220,0.0318176635,-2.97955894,0.857338905,-2.40075111,-0.112865277,-1.47107744,-3.1542635,-4.71001959,0.290181935,-2.27516413,0.00950397551,-0.876339376,0.00381811962,-0.042,0.042,-0.042,-0.0135438332,-0.042,-0.042,-0.042,0.0348218322,-0.042,0.00114047706,-0.042,0.00381811962,-0.042,-0.0135438332,-0.042,0.00114047706,-0.0348218322,-0.042,-0.042,-0.042,-0.042,-0.042,-0.042
501,17673688,0.117328294,-2.88251257,0.765967488,-2.33850813,-0.0627516881,-1.22534704,-3.11884212,-4.75906086,0.2497527,-2.21769285,0.011277453,-0.879682183,0.0140793952,-0.042,0.042,-0.042,-0.00753020257,-0.042,-0.042,-0.042,0.029970324,-0.042,0.00135329437,-0.042,0.0140793952,-0.042,-0.00753020257,-0.042,0.00135329437,-0.029970324,-0.042,-0.042,-0.042,-0.042,-0.042,-0.042
502,17694406,0.181499705,-2.77358365,0.698667586,-2.30345917,-0.0361608975,-0.958263218,-3.13274145,-4.84020519,0.214793265,-2.19298124,0.016444141,-0.861652672,0.0217799646,-0.042,0.042,-0.042,-0.0043393077,-0.042,-0.042,-0.042,0.0257751918,-0.042,0.00197329693,-0.042,0.0217799646,-0.042,-0.0043393077,-0.042,0.00197329693,-0.0257751918,-0.042,-0.042,-0.042,-0.042,-0.042,-0.042
503,17713905,0.270391107,-2.64779067,0.600184858,-2.24896264,-0.017354466,-0.718946338,-3.20328689,-4.93921137,0.153803691,-2.15375137,0.0189879276,-0.844829082,0.0324469328,-0.042,0.042,-0.042,-0.00208253592,-0.042,-0.042,-0.042,0.018456443,-0.042,0.00227855131,-0.042,0.0324469328,-0.042,-0.00208253592,-0.042,0.00227855131,-0.018456443,-0.042,-0.042,-0.042,-0.042,-0.042,-0.042
504,17740402,0.330467433,-2.51742244,0.487746388,-2.22469425,-0.00538083538,-0.554409564,-3.31048656,-5.05780888,0.0609999672,-2.13190365,0.0226587877,-0.796167672,0.0396560919,-0.042,0.042,-0.042,-0.000645700246,-0.042,-0.042,-0.042,0.00731999606,-0.042,0.00271905452,-0.042,0.0396560919,-0.042,-0.000645700246,-0.042,0.00271905452,-0.00731999606,-0.042,-0.042,-0.042,-0.042,-0.042,-0.042
505,17755313,0.400440931,-2.35896492,0.323425323,-2.20130038,0.0229882337,-0.425172925,-3.45477009,-5.18892622,-0.084603712,-2.08403182,0.0285000354,-0.754422188,0.042,-0.042,0.0388110387,-0.042,0.00275858805,-0.042,-0.042,-0.042,-0.0101524454,-0.042,0.00342000425,-0.042,0.042,-0.0388110387,0.00275858805,-0.042,0.00342000425,0.0101524454,-0.042,-0.042,-0.042,-0.042,-0.042,-0.042
506,17775251,0.445821971,-2.18329525,0.178621903,-2.21350956,0.0570379905,-0.334330738,-3.62111878,-5.33931494,-0.218706802,-2.06754041,0.0435325243,-0.684708595,0.042,-0.042,0.0214346284,-0.042,0.00684455886,-0.0401196885,-0.042,-0.042,-0.0262448162,-0.042,0.00522390291,-0.042,0.042,-0.0214346284,0.00684455886,-0.042,0.00522390291,0.0262448162,-0.042,-0.042,-0.0401196885,-0.042,-0.042,-0.042
507,17796498,0.48663047,-2.02943683,0.131258503,-2.23630667,0.0710833147,-0.270593554,-3.80166578,-5.50564957,-0.26184839,-2.09161878,0.061119169,-0.616344333,0.042,-0.042,0.0157510203,-0.042,0.00852999777,-0.0324712265,-0.042,-0.042,-0.0314218068,-0.042,0.00733430028,-0.042,0.042,-0.0157510203,0.00852999777,-0.042,0.00733430028,0.0314218068,-0.042,-0.042,-0.0324712265,-0.042,-0.042,-0.042
508,17815188,0.515126169,-1.94354427,0.254731894,-2.29329634,0.0431520343,-0.240086883,-3.98736286,-5.66795111,-0.145351902,-2.19246793,0.0724240243,-0.568492711,0.042,-0.042,0.0305678272,-0.042,0.00517824411,-0.028810426,-0.042,-0.042,-0.0174422282,-0.042,0.00869088292,-0.042,0.042,-0.0305678272,0.00517824411,-0.042,0.00869088292,0.0174422282,-0.042,-0.042,-0.028810426,-0.042,-0.042,-0.042
509,17834820,0.520625114,-1.96351135,0.571822405,-2.3819108,-0.0367896333,-0.264949858,-4.1568594,-5.80794954,0.165164635,-2.37963462,0.0704332441,-0.538935184,0.042,-0.042,0.042,-0.042,-0.004414756,-0.031793983,-0.042,-0.042,0.0198197562,-0.042,0.00845198929,-0.042,0.042,-0.042,-0.004414756,-0.042,0.00845198929,-0.0198197562,-0.042,-0.042,-0.031793983,-0.042,-0.042,-0.042
510,17864219,0.489502668,-2.04814935,0.944388866,-2.50504589,-0.107315883,-0.3502132,-4.31296015,-5.89825344,0.547833741,-2.56661224,0.0493212193,-0.551838219,0.042,-0.042,0.042,-0.042,-0.012877906,-0.042,-0.042,-0.042,0.042,-0.042,0.00591854632,-0.042,0.042,-0.042,-0.012877906,-0.042,0.00591854632,-0.042,-0.042,-0.042,-0.042,-0.042,-0.042,-0.042
511,17877812,0.478339821,-2.10414457,1.11530745,-2.55744076,-0.1251508,-0.457586765,-4.46633434,-5.94930124,0.721058905,-2.6240325,0.0343297794,-0.575921416,0.042,-0.042,0.042,-0.042,-0.015018096,-0.042,-0.042,-0.042,0.042,-0.042,0.00411957353,-0.042,0.042,-0.042,-0.015018096,-0.042,0.00411957353,-0.042,-0.042,-0.042,-0.042,-0.042,-0.042,-0.042
512,17899581,0.50207299,-2.11692429,1.03778028,-2.47041798,-0.09533903,-0.536385179,-4.5950222,-5.9629097,0.636135221,-2.52298403,0.019693112,-0.594680369,0.042,-0.042,0.042,-0.042,-0.0114406836,-0.042,-0.042,-0.042,0.042,-0.042,0.00236317344,-0.042,0.042,-0.042,-0.0114406836,-0.042,0.00236317344,-0.042,-0.042,-0.042,-0.042,-0.042,-0.042,-0.042
513,17917265,0.511524558,-2.05901647,0.753341556,-2.3429575,-0.00449027494,-0.564453542,-4.67032766,-5.94470119,0.375422031,-2.33580494,0.00334817916,-0.606959641,0.042,-0.042,0.042,-0.042,-0.000538832992,-0.042,-0.042,-0.042,0.042,-0.042,0.000401781499,-0.042,0.042,-0.042,-0.000538832992,-0.042,0.000401781499,-0.042,-0.042,-0.042,-0.042,-0.042,-0.042,-0.042
514,17935478,0.459441036,-1.87697959,0.264615446,-2.27546072,0.167988539,-0.538503528,-4.69119692,-5.91029024,-0.0610348321,-2.09097219,-0.0108393021,-0.620629907,0.042,-0.042,0.0317538536,-0.042,0.0201586246,-0.042,-0.042,-0.042,-0.00732417986,-0.042,-0.00130071625,-0.042,0.042,-0.0317538536,0.0201586246,-0.042,-0.00130071625,0.00732417986,-0.042,-0.042,-0.042,-0.042,-0.042,-0.042
515,17953655,0.418853045,-1.60829926,-0.287193835,-2.18404961,0.286675394,-0.411989301,-4.69471455,-5.91196823,-0.621623695,-1.84009767,0.0150578246,-0.604094326,0.042,-0.042,-0.0344632602,-0.042,0.0344010472,-0.042,-0.042,-0.042,-0.042,-0.042,0.00180693895,-0.042,0.042,0.0344632602,0.0344010472,-0.042,0.00180693895,0.042,-0.042,-0.042,-0.042,-0.042,-0.042,-0.042
516,17975536,0.412521362,-1.32375813,-0.636000395,-2.06764603,0.315192014,-0.256074697,-4.7694416,-6.02819395,-1.01169491,-1.67946911,0.0611305758,-0.50672543,0.042,-0.042,-0.042,-0.042,0.0378230417,-0.0307289636,-0.042,-0.042,-0.042,-0.042,0.0073356691,-0.042,0.042,0.042,0.0378230417,-0.042,0.0073356691,0.042,-0.042,-0.042,-0.0307289636,-0.042,-0.042,-0.042
517,17998516,0.469466031,-1.13254201,-0.675272226,-1.94641459,0.281617135,-0.125299245,-4.94790173,-6.25786448,-1.08540821,-1.66253376,0.118689939,-0.355589896,0.042,-0.042,-0.042,-0.042,0.0337940562,-0.0150359094,-0.042,-0.042,-0.042,-0.042,0.0142427927,-0.042,0.042,0.042,0.0337940562,-0.042,0.0142427927,0.042,-0.042,-0.042,-0.0150359094,-0.042,-0.042,-0.042
518,18014209,0.513942957,-1.13510907,-0.297019541,-2.09050512,0.162843615,-0.100433484,-5.16599131,-6.5243001,-0.740668595,-1.9307791,0.158408225,-0.243908122,0.042,-0.042,-0.035642345,-0.042,0.0195412338,-0.012052018,-0.042,-0.042,-0.042,-0.042,0.0190089869,-0.0292689747,0.042,0.035642345,0.0195412338,-0.042,0.0190089869,0.042,-0.042,-0.042,-0.012052018,-0.042,-0.042,-0.0292689747
519,18034397,0.495185196,-1.43076873,0.768565297,-2.60248852,-0.116128802,-0.273075134,-5.33843946,-6.70906639,0.309689939,-2.67166448,0.14268373,-0.23921597,0.042,-0.042,0.042,-0.042,-0.0139354563,-0.032769016,-0.042,-0.042,0.0371627927,-0.042,0.0171220475,-0.0287059164,0.042,-0.042,-0.0139354563,-0.042,0.0171220475,-0.0371627927,-0.042,-0.042,-0.032769016,-0.042,-0.042,-0.0287059164
520,18057058,0.493255943,-1.64495814,1.64777637,-3.09421349,-0.215615243,-0.675620019,-5.44658422,-6.79721165,1.20939755,-3.36518645,0.0752010122,-0.182080373,0.042,-0.042,0.042,-0.042,-0.0258738291,-0.042,-0.042,-0.042,0.042,-0.042,0.00902412146,-0.0218496448,0.042,-0.042,-0.0258738291,-0.042,0.00902412146,-0.042,-0.042,-0.042,-0.042,-0.042,-0.042,-0.0218496448
521,18080526,0.653884292,-1.66210186,1.76226699,-3.03915834,-0.27804473,-0.97288692,-5.57280684,-6.85144949,1.00794065,-3.39940166,-0.0164105818,-0.1619104,0.042,-0.042,0.042,-0.042,-0.0333653677,-0.042,-0.042,-0.042,0.042,-0.042,-0.00196926981,-0.019429248,0.042,-0.042,-0.0333653677,-0.042,-0.00196926981,-0.042,-0.042,-0.042,-0.042,-0.042,-0.042,-0.019429248
522,18097006,0.728317499,-1.64544225,1.54505289,-2.77069283,-0.178346455,-1.1643014,-5.66838264,-6.7768445,0.795250952,-3.0224123,-0.0179048032,-0.193803191,0.042,-0.042,0.042,-0.042,-0.0214015746,-0.042,-0.042,-0.042,0.042,-0.042,-0.00214857638,-0.0232563829,0.042,-0.042,-0.0214015746,-0.042,-0.00214857638,-0.042,-0.042,-0.042,-0.042,-0.042,-0.042,-0.0232563829
523,18117915,0.752821684,-1.63938236,1.23519886,-2.56583357,-0.047400374,-1.28353834,-5.62522793,-6.53636265,0.596515954,-2.73924255,-0.00364488736,-0.235703215,0.042,-0.042,0.042,-0.042,-0.00568804488,-0.042,-0.042,-0.042,0.042,-0.042,-0.000437386483,-0.0282843858,0.042,-0.042,-0.00568804488,-0.042,-0.000437386483,-0.042,-0.042,-0.042,-0.042,-0.042,-0.042,-0.0282843858
524,18133253,0.701605201,-1.68249559,0.982492208,-2.49905396,0.0189148635,-1.29908001,-5.38050556,-6.17908573,0.405777752,-2.56633162,-0.0169617608,-0.291870773,0.042,-0.042,0.042,-0.042,0.00226978362,-0.042,-0.042,-0.042,0.042,-0.042,-0.0020354113,-0.0350244927,0.042,-0.042,0.00226978362,-0.042,-0.0020354113,-0.042,-0.042,-0.042,-0.042,-0.042,-0.042,-0.0350244927
525,18155242,0.607971907,-1.81499386,0.963089705,-2.54013681,-0.0348174945,-1.29320467,-5.01199532,-5.83136702,0.383842349,-2.5294559,-0.0370996818,-0.327564687,0.042,-0.042,0.042,-0.042,-0.00417809933,-0.042,-0.042,-0.042,0.042,-0.042,-0.00445196182,-0.0393077624,0.042,-0.042,-0.00417809933,-0.042,-0.00445196182,-0.042,-0.042,-0.042,-0.042,-0.042,-0.042,-0.0393077624
526,18173609,0.51447165,-1.96980047,1.11307991,-2.61762762,-0.137107193,-1.3001138,-4.67530107,-5.57098389,0.537206471,-2.61059833,-0.0295784622,-0.350291282,0.042,-0.042,0.042,-0.042,-0.0164528632,-0.042,-0.042,-0.042,0.042,-0.042,-0.00354941547,-0.042,0.042,-0.042,-0.0164528632,-0.042,-0.00354941547,-0.042,-0.042,-0.042,-0.042,-0.042,-0.042,-0.042
527,18201030,0.464849293,-2.05263376,1.21886992,-2.66591549,-0.194831789,-1.34834015,-4.44836664,-5.38922691,0.643260896,-2.68037653,-0.0195805579,-0.350830436,0.042,-0.042,0.042,-0.042,-0.0233798146,-0.042,-0.042,-0.042,0.042,-0.042,-0.00234966695,-0.042,0.042,-0.042,-0.0233798146,-0.042,-0.00234966695,-0.042,-0.042,-0.042,-0.042,-0.042,-0.042,-0.042
528,18212696,0.475987792,-2.06426692,1.2175411,-2.62071323,-0.198538095,-1.40387905,-4.30867958,-5.26760578,0.630426586,-2.64887476,-0.0194486007,-0.346074194,0.042,-0.042,0.042,-0.042,-0.0238245714,-0.042,-0.042,-0.042,0.042,-0.042,-0.00233383209,-0.0415289032,0.042,-0.042,-0.0238245714,-0.042,-0.00233383209,-0.042,-0.042,-0.042,-0.042,-0.042,-0.042,-0.0415289032
529,18233888,0.524998546,-2.03995013,1.12210095,-2.49900484,-0.159976959,-1.42384052,-4.20194626,-5.17542791,0.548768222,-2.52407432,-0.0176937729,-0.360575736,0.042,-0.042,0.042,-0.042,-0.0191972351,-0.042,-0.042,-0.042,0.042,-0.042,-0.00212325275,-0.042,0.042,-0.042,-0.0191972351,-0.042,-0.00212325275,-0.042,-0.042,-0.042,-0.042,-0.042,-0.042,-0.042
530,18254292,0.570032597,-1.99823558,0.975424886,-2.37847352,-0.103619926,-1.38952589,-4.08512068,-5.08986855,0.432206482,-2.38719511,-0.0187580232,-0.38577798,0.042,-0.042,0.042,-0.042,-0.0124343911,-0.042,-0.042,-0.042,0.042,-0.042,-0.00225096278,-0.042,0.042,-0.042,-0.0124343911,-0.042,-0.00225096278,-0.042,-0.042,-0.042,-0.042,-0.042,-0.042,-0.042
531,18273884,0.585922778,-1.94935083,0.820082307,-2.30767632,-0.0506032892,-1.29957283,-3.948452,-5.00875616,0.3125467,-2.27557564,-0.0208683927,-0.420882761,0.042,-0.042,0.042,-0.042,-0.0060723947,-0.042,-0.042,-0.042,0.037505604,-0.042,-0.00250420712,-0.042,0.042,-0.042,-0.0060723947,-0.042,-0.00250420712,-0.037505604,-0.042,-0.042,-0.042,-0.042,-0.042,-0.042
532,18295766,0.562791884,-1.90023446,0.715780079,-2.30018997,-0.0175304338,-1.16820538,-3.8126626,-4.95357847,0.23397851,-2.22109532,-0.0133792004,-0.445388526,0.042,-0.042,0.042,-0.042,-0.00210365206,-0.042,-0.042,-0.042,0.0280774212,-0.042,-0.00160550404,-0.042,0.042,-0.042,-0.00210365206,-0.042,-0.00160550404,-0.0280774212,-0.042,-0.042,-0.042,-0.042,-0.042,-0.042
533,18318171,0.518143475,-1.88050675,0.735091388,-2.33185887,-0.0289840959,-1.01200318,-3.70572519,-4.93275547,0.256826222,-2.24788284,0.00442937482,-0.45335862,0.042,-0.042,0.042,-0.042,-0.00347809151,-0.042,-0.042,-0.042,0.0308191466,-0.042,0.000531524979,-0.042,0.042,-0.042,-0.00347809151,-0.042,0.000531524979,-0.0308191466,-0.042,-0.042,-0.042,-0.042,-0.042,-0.042
534,18343822,0.467295825,-1.91017652,0.864588618,-2.38443184,-0.0747662783,-0.87553829,-3.64684415,-4.94051933,0.37805593,-2.34000731,0.0184252802,-0.455014974,0.042,-0.042,0.042,-0.042,-0.00897195339,-0.042,-0.042,-0.042,0.042,-0.042,0.00221103363,-0.042,0.042,-0.042,-0.00897195339,-0.042,0.00221103363,-0.042,-0.042,-0.042,-0.042,-0.042,-0.042,-0.042
535,18355821,0.42860651,-1.95407176,0.983155489,-2.43453765,-0.107829034,-0.808318853,-3.64196706,-4.96688652,0.494426489,-2.42897201,0.0230881609,-0.454498768,0.042,-0.042,0.042,-0.042,-0.0129394841,-0.042,-0.042,-0.042,0.042,-0.042,0.00277057931,-0.042,0.042,-0.042,-0.0129394841,-0.042,0.00277057931,-0.042,-0.042,-0.042,-0.042,-0.042,-0.042,-0.042
536,18377529,0.416197687,-1.9832921,1.01325929,-2.4249115,-0.111141607,-0.783279538,-3.67417741,-5.00292921,0.522948086,-2.43564868,0.0204384737,-0.476267874,0.042,-0.042,0.042,-0.042,-0.0133369929,-0.042,-0.042,-0.042,0.042,-0.042,0.00245261684,-0.042,0.042,-0.042,-0.0133369929,-0.042,0.00245261684,-0.042,-0.042,-0.042,-0.042,-0.042,-0.042,-0.042
537,18394257,0.420903057,-1.98991811,0.94869256,-2.35933805,-0.0912522599,-0.755766511,-3.71672273,-5.03986549,0.466214776,-2.37044621,0.0179081224,-0.508608878,0.042,-0.042,0.042,-0.042,-0.0109502712,-0.042,-0.042,-0.042,0.042,-0.042,0.00214897469,-0.042,0.042,-0.042,-0.0109502712,-0.042,0.00214897469,-0.042,-0.042,-0.042,-0.042,-0.042,-0.042,-0.042
538,18417374,0.416835129,-1.96625233,0.806909382,-2.28332448,-0.0524222218,-0.70356822,-3.75165319,-5.06913424,0.347782582,-2.27329612,0.0181143172,-0.5459252,0.042,-0.042,0.042,-0.042,-0.00629066661,-0.042,-0.042,-0.042,0.0417339098,-0.042,0.00217371807,-0.042,0.042,-0.042,-0.00629066661,-0.042,0.00217371807,-0.0417339098,-0.042,-0.042,-0.042,-0.042,-0.042,-0.042
539,18439707,0.376450628,-1.89734173,0.602897644,-2.25100613,0.00955319777,-0.635655105,-3.77203417,-5.09108639,0.177760422,-2.17172956,0.021020487,-0.575547934,0.042,-0.042,0.042,-0.042,0.00114638373,-0.042,-0.042,-0.042,0.0213312507,-0.042,0.00252245843,-0.042,0.042,-0.042,0.00114638373,-0.042,0.00252245843,-0.0213312507,-0.042,-0.042,-0.042,-0.042,-0.042,-0.042
540,18453637,0.31587705,-1.79328179,0.408118278,-2.25315118,0.0675556883,-0.559024274,-3.795192,-5.1204052,0.00663488358,-2.09510875,0.0333549194,-0.591872096,0.037905246,-0.042,0.042,-0.042,0.0081066826,-0.042,-0.042,-0.042,0.00079618603,-0.042,0.00400259033,-0.042,0.037905246,-0.042,0.0081066826,-0.042,0.00400259033,-0.00079618603,-0.042,-0.042,-0.042,-0.042,-0.042,-0.042
541,18473391,0.284074515,-1.70193493,0.316955149,-2.26666641,0.0796312168,-0.484198362,-3.84331489,-5.1763339,-0.0873803347,-2.0815196,0.053399343,-0.582877159,0.0340889418,-0.042,0.0380346179,-0.042,0.00955574602,-0.042,-0.042,-0.042,-0.0104856402,-0.042,0.00640792117,-0.042,0.0340889418,-0.0380346179,0.00955574602,-0.042,0.00640792117,0.0104856402,-0.042,-0.042,-0.042,-0.042,-0.042,-0.042
542,18496819,0.286218494,-1.67481542,0.398315758,-2.30198526,0.0399996601,-0.434880912,-3.92127061,-5.25676155,-0.0152650587,-2.1562922,0.0681342855,-0.559527397,0.0343462193,-0.042,0.042,-0.042,0.00479995921,-0.042,-0.042,-0.042,-0.00183180705,-0.042,0.00817611426,-0.042,0.0343462193,-0.042,0.00479995921,-0.042,0.00817611426,0.00183180705,-0.042,-0.042,-0.042,-0.042,-0.042,-0.042
543,18513380,0.303514093,-1.75350642,0.676320076,-2.36789465,-0.0475900024,-0.437680215,-4.012043,-5.34002972,0.258032292,-2.32376742,0.0668653399,-0.542369783,0.0364216912,-0.042,0.042,-0.042,-0.00571080029,-0.042,-0.042,-0.042,0.0309638751,-0.042,0.00802384079,-0.042,0.0364216912,-0.042,-0.00571080029,-0.042,0.00802384079,-0.0309638751,-0.042,-0.042,-0.042,-0.042,-0.042,-0.042
544,18536046,0.322257698,-1.88841987,0.978982925,-2.4517951,-0.127414986,-0.506678283,-4.10400963,-5.40852785,0.550997198,-2.48265958,0.0516443625,-0.548511267,0.0386709237,-0.042,0.042,-0.042,-0.0152897984,-0.042,-0.042,-0.042,0.042,-0.042,0.0061973235,-0.042,0.0386709237,-0.042,-0.0152897984,-0.042,0.0061973235,-0.042,-0.042,-0.042,-0.042,-0.042,-0.042,-0.042
545,18556398,0.357831478,-1.96734416,1.07204819,-2.46411467,-0.142103851,-0.599851072,-4.20865297,-5.47810364,0.631113708,-2.50248528,0.0373741724,-0.566024542,0.042,-0.042,0.042,-0.042,-0.0170524621,-0.042,-0.042,-0.042,0.042,-0.042,0.00448490068,-0.042,0.042,-0.042,-0.0170524621,-0.042,0.00448490068,-0.042,-0.042,-0.042,-0.042,-0.042,-0.042,-0.042
546,18573778,0.400640756,-1.97095788,0.954670429,-2.36599636,-0.100683816,-0.653357327,-4.31132174,-5.54376936,0.514133573,-2.38460159,0.0224731155,-0.592504382,0.042,-0.042,0.042,-0.042,-0.0120820579,-0.042,-0.042,-0.042,0.042,-0.042,0.00269677386,-0.042,0.042,-0.042,-0.0120820579,-0.042,0.00269677386,-0.042,-0.042,-0.042,-0.042,-0.042,-0.042,-0.042
547,18595216,0.393718064,-1.85544515,0.610951304,-2.27787971,0.0355130285,-0.658287764,-4.39056587,-5.59543896,0.214939743,-2.18730402,0.00778090209,-0.615307868,0.042,-0.042,0.042,-0.042,0.00426156342,-0.042,-0.042,-0.042,0.0257927692,-0.042,0.000933708251,-0.042,0.042,-0.042,0.00426156342,-0.042,0.000933708251,-0.0257927692,-0.042,-0.042,-0.042,-0.042,-0.042,-0.042
548,18616005,0.333713353,-1.62659526,0.132676318,-2.23048449,0.216188908,-0.595740199,-4.43679333,-5.63542223,-0.213257208,-1.96432078,0.00384804606,-0.624303997,0.0400456023,-0.042,0.0159211582,-0.042,0.0259426689,-0.042,-0.042,-0.042,-0.025590865,-0.042,0.000461765528,-0.042,0.0400456023,-0.0159211582,0.0259426689,-0.042,0.000461765528,0.025590865,-0.042,-0.042,-0.042,-0.042,-0.042,-0.042
549,18633744,0.303756505,-1.34159672,-0.305183649,-2.15898514,0.302212238,-0.436074853,-4.50128126,-5.71491003,-0.666716576,-1.78659678,0.0464499481,-0.581649542,0.0364507806,-0.042,-0.0366220379,-0.042,0.0362654686,-0.042,-0.042,-0.042,-0.042,-0.042,0.00557399377,-0.042,0.0364507806,0.0366220379,0.0362654686,-0.042,0.00557399377,0.042,-0.042,-0.042,-0.042,-0.042,-0.042,-0.042
550,18656845,0.326221049,-1.11447835,-0.445406646,-2.07569265,0.284123302,-0.274227351,-4.64608908,-5.86293602,-0.855156362,-1.72356653,0.0904380977,-0.479866236,0.0391465259,-0.042,-0.042,-0.042,0.0340947962,-0.0329072821,-0.042,-0.042,-0.042,-0.042,0.0108525717,-0.042,0.0391465259,0.042,0.0340947962,-0.042,0.0108525717,0.042,-0.042,-0.042,-0.0329072821,-0.042,-0.042,-0.042
551,18673358,0.364799082,-1.0807122,-0.130562723,-2.1291213,0.154554307,-0.179243848,-4.84435892,-6.05695629,-0.576331735,-1.92076027,0.14001514,-0.35912317,0.042,-0.042,-0.0156675267,-0.042,0.0185465169,-0.0215092617,-0.042,-0.042,-0.042,-0.042,0.0168018168,-0.042,0.042,0.0156675267,0.0185465169,-0.042,0.0168018168,0.042,-0.042,-0.042,-0.0215092617,-0.042,-0.042,-0.042
552,18696822,0.339475125,-1.36054146,0.815587282,-2.4985137,-0.0996215194,-0.282878816,-4.99384546,-6.20799589,0.361814529,-2.56966138,0.138922691,-0.27435258,0.040737015,-0.042,0.042,-0.042,-0.0119545823,-0.0339454579,-0.042,-0.042,0.042,-0.042,0.016670723,-0.0329223096,0.040737015,-0.042,-0.0119545823,-0.042,0.016670723,-0.042,-0.042,-0.042,-0.0339454579,-0.042,-0.042,-0.0329223096
553,18712839,0.355999976,-1.61455631,1.56358695,-2.94173717,-0.201673985,-0.616858482,-5.08222103,-6.28034449,1.10815024,-3.18111849,0.0801223069,-0.219024047,0.042,-0.042,0.042,-0.042,-0.0242008781,-0.042,-0.042,-0.042,0.042,-0.042,0.00961467683,-0.0262828857,0.042,-0.042,-0.0242008781,-0.042,0.00961467683,-0.042,-0.042,-0.042,-0.042,-0.042,-0.042,-0.0262828857
554,18735394,0.513973832,-1.65913451,1.66781962,-2.89987278,-0.257252008,-0.856324136,-5.20446062,-6.33997011,0.942749083,-3.20564818,-0.00830675289,-0.224498942,0.042,-0.042,0.042,-0.042,-0.0308702409,-0.042,-0.042,-0.042,0.042,-0.042,-0.000996810347,-0.0269398731,0.042,-0.042,-0.0308702409,-0.042,-0.000996810347,-0.042,-0.042,-0.042,-0.042,-0.042,-0.042,-0.0269398731
555,18757573,0.598151803,-1.6479739,1.46146774,-2.65465689,-0.171292871,-1.00673079,-5.30931091,-6.29758549,0.744163215,-2.87852883,-0.00870619342,-0.264488399,0.042,-0.042,0.042,-0.042,-0.0205551445,-0.042,-0.042,-0.042,0.042,-0.042,-0.00104474321,-0.0317386079,0.042,-0.042,-0.0205551445,-0.042,-0.00104474321,-0.042,-0.042,-0.042,-0.042,-0.042,-0.042,-0.0317386079
556,18774113,0.633767486,-1.63853037,1.13417745,-2.45105076,-0.0501070358,-1.08412147,-5.31150675,-6.12647486,0.532142878,-2.59155416,0.00395946577,-0.350715697,0.042,-0.042,0.042,-0.042,-0.00601284429,-0.042,-0.042,-0.042,0.042,-0.042,0.000475135893,-0.042,0.042,-0.042,-0.00601284429,-0.042,0.000475135893,-0.042,-0.042,-0.042,-0.042,-0.042,-0.042,-0.042
557,18795643,0.589515388,-1.57931948,0.725757241,-2.38387632,0.085519366,-1.07382727,-5.15355253,-5.85969067,0.22357434,-2.34287691,-0.0139601119,-0.449983329,0.042,-0.042,0.042,-0.042,0.0102623239,-0.042,-0.042,-0.042,0.0268289208,-0.042,-0.00167521343,-0.042,0.042,-0.042,0.0102623239,-0.042,-0.00167521343,-0.0268289208,-0.042,-0.042,-0.042,-0.042,-0.042,-0.042
558,18814972,0.4787772,-1.52413595,0.461930811,-2.38884068,0.149433792,-1.0069598,-4.92186975,-5.6308713,0.00251863524,-2.16781163,-0.0369631425,-0.527019322,0.042,-0.042,0.042,-0.042,0.017932055,-0.042,-0.042,-0.042,0.000302236229,-0.042,-0.00443557709,-0.042,0.042,-0.042,0.017932055,-0.042,-0.00443557709,-0.000302236229,-0.042,-0.042,-0.042,-0.042,-0.042,-0.042
559,18833661,0.353255093,-1.51719916,0.466205955,-2.40569782,0.110880755,-0.864051521,-4.72933197,-5.50174046,0.0102860741,-2.14627337,-0.00213216618,-0.585490584,0.042,-0.042,0.042,-0.042,0.0133056906,-0.042,-0.042,-0.042,0.0012343289,-0.042,-0.000255859941,-0.042,0.042,-0.042,0.0133056906,-0.042,-0.000255859941,-0.0012343289,-0.042,-0.042,-0.042,-0.042,-0.042,-0.042
560,18866316,0.30907163,-1.65775263,0.754622579,-2.44086695,-0.0263404213,-0.736077368,-4.59195948,-5.4429884,0.2778714,-2.29771829,0.0374284685,-0.601905525,0.0370885956,-0.042,0.042,-0.042,-0.00316085055,-0.042,-0.042,-0.042,0.033344568,-0.042,0.00449141622,-0.042,0.0370885956,-0.042,-0.00316085055,-0.042,0.00449141622,-0.033344568,-0.042,-0.042,-0.042,-0.042,-0.042,-0.042
561,18880024,0.308172882,-1.87530017,1.10317659,-2.52701807,-0.162936464,-0.721695721,-4.51831913,-5.44231176,0.621549428,-2.52446699,0.0510372072,-0.572379649,0.0369807458,-0.042,0.042,-0.042,-0.0195523757,-0.042,-0.042,-0.042,0.042,-0.042,0.00612446487,-0.042,0.0369807458,-0.042,-0.0195523757,-0.042,0.00612446487,-0.042,-0.042,-0.042,-0.042,-0.042,-0.042,-0.042
562,18902426,0.334061593,-2.016891,1.20201731,-2.54578638,-0.188946247,-0.798603654,-4.50963497,-5.4787612,0.704965234,-2.5728519,0.0353730842,-0.5599069,0.0400873911,-0.042,0.042,-0.042,-0.0226735497,-0.042,-0.042,-0.042,0.042,-0.042,0.00424477011,-0.042,0.0400873911,-0.042,-0.0226735497,-0.042,0.00424477011,-0.042,-0.042,-0.042,-0.042,-0.042,-0.042,-0.042
563,18920251,0.372591555,-2.067065,1.09274638,-2.42648315,-0.144845217,-0.860741258,-4.52226448,-5.52557707,0.588409841,-2.45228338,0.0178975593,-0.560546696,0.042,-0.042,0.042,-0.042,-0.0173814261,-0.042,-0.042,-0.042,0.042,-0.042,0.00214770712,-0.042,0.042,-0.042,-0.0173814261,-0.042,0.00214770712,-0.042,-0.042,-0.042,-0.042,-0.042,-0.042,-0.042
564,18941265,0.389184207,-2.02137566,0.825335264,-2.28803301,-0.0394785218,-0.864191949,-4.52306652,-5.55687714,0.351832539,-2.26845312,0.00260202959,-0.579767168,0.042,-0.042,0.042,-0.042,-0.00473742262,-0.042,-0.042,-0.042,0.042,-0.042,0.000312243551,-0.042,0.042,-0.042,-0.00473742262,-0.042,0.000312243551,-0.042,-0.042,-0.042,-0.042,-0.042,-0.042,-0.042
565,18952621,0.326466501,-1.85431755,0.416754931,-2.25632572,0.134088308,-0.804317832,-4.48729753,-5.56609583,0.00786241516,-2.07300711,-0.0105468594,-0.595292389,0.0391759801,-0.042,0.042,-0.042,0.0160905969,-0.042,-0.042,-0.042,0.00094348982,-0.042,-0.00126562312,-0.042,0.0391759801,-0.042,0.0160905969,-0.042,-0.00126562312,-0.00094348982,-0.042,-0.042,-0.042,-0.042,-0.042,-0.042
566,18981903,0.23516497,-1.66702294,0.128966331,-2.26650143,0.220854998,-0.664146721,-4.42858028,-5.56631899,-0.27127707,-1.96251047,0.0129333287,-0.588587523,0.0282197964,-0.042,0.0154759598,-0.042,0.0265025997,-0.042,-0.042,-0.042,-0.0325532484,-0.042,0.00155199945,-0.042,0.0282197964,-0.0154759598,0.0265025997,-0.042,0.00155199945,0.0325532484,-0.042,-0.042,-0.042,-0.042,-0.042,-0.042
567,18992874,0.197562009,-1.57271862,0.136178821,-2.29831123,0.165384889,-0.517709851,-4.3945837,-5.59796476,-0.308194011,-2.00859904,0.0603634715,-0.551386535,0.0237074411,-0.042,0.0163414586,-0.042,0.0198461866,-0.042,-0.042,-0.042,-0.0369832814,-0.042,0.00724361658,-0.042,0.0237074411,-0.0163414586,0.0198461866,-0.042,0.00724361658,0.0369832814,-0.042,-0.042,-0.042,-0.042,-0.042,-0.042
568,19015272,0.211155385,-1.68128765,0.58543992,-2.40808821,-0.00567103922,-0.449496984,-4.39206982,-5.64523172,0.119398654,-2.2963078,0.0890080035,-0.496703446,0.0253386462,-0.042,0.042,-0.042,-0.000680524707,-0.042,-0.042,-0.042,0.0143278384,-0.042,0.0106809604,-0.042,0.0253386462,-0.042,-0.000680524707,-0.042,0.0106809604,-0.0143278384,-0.042,-0.042,-0.042,-0.042,-0.042,-0.042
569,19035723,0.238682076,-1.92813218,1.18835425,-2.62074852,-0.167402878,-0.534222603,-4.40883827,-5.66285801,0.727787316,-2.67763186,0.0703384057,-0.483679801,0.0286418492,-0.042,0.042,-0.042,-0.0200883454,-0.042,-0.042,-0.042,0.042,-0.042,0.00844060868,-0.042,0.0286418492,-0.042,-0.0200883454,-0.042,0.00844060868,-0.042,-0.042,-0.042,-0.042,-0.042,-0.042,-0.042
570,19053728,0.326189637,-2.04169083,1.36864448,-2.6997385,-0.206364393,-0.686233997,-4.49747181,-5.69416666,0.86821717,-2.76827097,0.0487810671,-0.504624367,0.0391427565,-0.042,0.042,-0.042,-0.0247637272,-0.042,-0.042,-0.042,0.042,-0.042,0.00585372806,-0.042,0.0391427565,-0.042,-0.0247637272,-0.042,0.00585372806,-0.042,-0.042,-0.042,-0.042,-0.042,-0.042,-0.042
571,19075301,0.429511935,-2.06836987,1.23017764,-2.51721478,-0.169164479,-0.786714673,-4.5976615,-5.72143507,0.708862543,-2.5689652,0.0291486233,-0.535687506,0.042,-0.042,0.042,-0.042,-0.0202997375,-0.042,-0.042,-0.042,0.042,-0.042,0.0034978348,-0.042,0.042,-0.042,-0.0202997375,-0.042,0.0034978348,-0.042,-0.042,-0.042,-0.042,-0.042,-0.042,-0.042
572,19094418,0.497018933,-2.02231264,0.911393285,-2.30393028,-0.0646431297,-0.808063149,-4.653018,-5.72040987,0.420015842,-2.32493973,0.00892807916,-0.563360453,0.042,-0.042,0.042,-0.042,-0.00775717556,-0.042,-0.042,-0.042,0.042,-0.042,0.0010713695,-0.042,0.042,-0.042,-0.00775717556,-0.042,0.0010713695,-0.042,-0.042,-0.042,-0.042,-0.042,-0.042,-0.042
573,19123860,0.453025043,-1.85232437,0.411573142,-2.24099398,0.137379944,-0.756670594,-4.62485933,-5.68185377,0.00878402963,-2.07883191,-0.0144925192,-0.586580932,0.042,-0.042,0.042,-0.042,0.0164855933,-0.042,-0.042,-0.042,0.00105408356,-0.042,-0.0017391023,-0.042,0.042,-0.042,0.0164855933,-0.042,-0.0017391023,-0.00105408356,-0.042,-0.042,-0.042,-0.042,-0.042,-0.042
574,19140480,0.348674715,-1.65556347,0.00725391135,-2.23011875,0.263178438,-0.626799941,-4.53447723,-5.62928581,-0.376080841,-1.89499485,-0.0118046924,-0.603154182,0.0418409657,-0.042,0.000870469362,-0.042,0.0315814126,-0.042,-0.042,-0.042,-0.042,-0.042,-0.00141656309,-0.042,0.0418409657,-0.000870469362,0.0315814126,-0.042,-0.00141656309,0.042,-0.042,-0.042,-0.042,-0.042,-0.042,-0.042
575,19154329,0.27965948,-1.49590242,-0.119220555,-2.24765539,0.226649702,-0.457637548,-4.48570299,-5.64656639,-0.557828903,-1.87666738,0.0572999828,-0.569514036,0.0335591376,-0.042,-0.0143064666,-0.042,0.0271979642,-0.042,-0.042,-0.042,-0.042,-0.042,0.00687599793,-0.042,0.0335591376,0.0143064666,0.0271979642,-0.042,0.00687599793,0.042,-0.042,-0.042,-0.042,-0.042,-0.042,-0.042
576,19176416,0.276803404,-1.52457857,0.257907659,-2.34272051,0.0664618686,-0.358788639,-4.5120821,-5.72055531,-0.217781141,-2.11961365,0.106058143,-0.507048428,0.0332164085,-0.042,0.0309489191,-0.042,0.00797542423,-0.042,-0.042,-0.042,-0.026133737,-0.042,0.0127269772,-0.042,0.0332164085,-0.0309489191,0.00797542423,-0.042,0.0127269772,0.026133737,-0.042,-0.042,-0.042,-0.042,-0.042,-0.042
577,19192747,0.262516767,-1.79154956,1.07791543,-2.60427332,-0.145713717,-0.430421829,-4.55238581,-5.78263044,0.640961945,-2.68005013,0.0976528525,-0.426263362,0.031502012,-0.042,0.042,-0.042,-0.017485646,-0.042,-0.042,-0.042,0.042,-0.042,0.0117183423,-0.042,0.031502012,-0.042,-0.017485646,-0.042,0.0117183423,-0.042,-0.042,-0.042,-0.042,-0.042,-0.042,-0.042
578,19220118,0.318873018,-1.92610836,1.47122705,-2.83608723,-0.199429899,-0.643724144,-4.65186596,-5.83361626,1.00557864,-2.97625566,0.0657659695,-0.403920919,0.0382647622,-0.042,0.042,-0.042,-0.0239315879,-0.042,-0.042,-0.042,0.042,-0.042,0.00789191633,-0.042,0.0382647622,-0.042,-0.0239315879,-0.042,0.00789191633,-0.042,-0.042,-0.042,-0.042,-0.042,-0.042,-0.042
579,19234283,0.446002156,-1.96361244,1.41751552,-2.68558073,-0.194032729,-0.78067404,-4.79226828,-5.86801434,0.86414969,-2.79594564,0.0250349306,-0.445577055,0.042,-0.042,0.042,-0.042,-0.0232839274,-0.042,-0.042,-0.042,0.042,-0.042,0.00300419167,-0.042,0.042,-0.042,-0.0232839274,-0.042,0.00300419167,-0.042,-0.042,-0.042,-0.042,-0.042,-0.042,-0.042
580,19262795,0.541882873,-1.94530642,1.12281549,-2.40995359,-0.103112549,-0.831557274,-4.88331652,-5.8511014,0.599265158,-2.48915148,0.019439429,-0.492889047,0.042,-0.042,0.042,-0.042,-0.0123735058,-0.042,-0.042,-0.042,0.042,-0.042,0.00233273149,-0.042,0.042,-0.042,-0.0123735058,-0.042,0.00233273149,-0.042,-0.042,-0.042,-0.042,-0.042,-0.042,-0.042
581,19273528,0.553521037,-1.81882262,0.61613822,-2.25688744,0.0885268822,-0.795996308,-4.87769175,-5.77743721,0.177061245,-2.19624662,-0.00428947806,-0.541739047,0.042,-0.042,0.042,-0.042,0.0106232259,-0.042,-0.042,-0.042,0.0212473494,-0.042,-0.000514737368,-0.042,0.042,-0.042,0.0106232259,-0.042,-0.000514737368,-0.0212473494,-0.042,-0.042,-0.042,-0.042,-0.042,-0.042
582,19294239,0.447818786,-1.63123035,0.101732925,-2.23439646,0.259523988,-0.67301929,-4.76691008,-5.67490911,-0.261104912,-1.95133698,-0.0249744207,-0.582125843,0.042,-0.042,0.0122079509,-0.042,0.0311428785,-0.042,-0.042,-0.042,-0.0313325894,-0.042,-0.00299693048,-0.042,0.042,-0.0122079509,0.0311428785,-0.042,-0.00299693048,0.0313325894,-0.042,-0.042,-0.042,-0.042,-0.042,-0.042
583,19316664,0.329964727,-1.46767044,-0.160762191,-2.23834181,0.239206612,-0.474283606,-4.66588306,-5.63758802,-0.573059678,-1.85106862,0.0328205228,-0.579594254,0.0395957673,-0.042,-0.0192914629,-0.042,0.0287047935,-0.042,-0.042,-0.042,-0.042,-0.042,0.00393846273,-0.042,0.0395957673,0.0192914629,0.0287047935,-0.042,0.00393846273,0.042,-0.042,-0.042,-0.042,-0.042,-0.042,-0.042
584,19333483,0.282149166,-1.46287775,0.0655443594,-2.30731487,0.0910401121,-0.342194885,-4.64592409,-5.68327141,-0.398298204,-2.01303267,0.0973978341,-0.527958572,0.0338578999,-0.042,0.00786532313,-0.042,0.0109248134,-0.0410633862,-0.042,-0.042,-0.042,-0.042,0.0116877401,-0.042,0.0338578999,-0.00786532313,0.0109248134,-0.042,0.0116877401,0.042,-0.042,-0.042,-0.0410633862,-0.042,-0.042,-0.042
585,19373066,0.272532582,-1.74780321,0.883636236,-2.52631664,-0.147536859,-0.36767745,-4.66641521,-5.74459648,0.418474704,-2.53455901,0.108572319,-0.468436867,0.0327039099,-0.042,0.042,-0.042,-0.0177044231,-0.042,-0.042,-0.042,0.042,-0.042,0.0130286783,-0.042,0.0327039099,-0.042,-0.0177044231,-0.042,0.0130286783,-0.042,-0.042,-0.042,-0.042,-0.042,-0.042,-0.042
586,19376636,0.267917573,-1.93119574,1.45375085,-2.86613083,-0.21434021,-0.591019571,-4.732728,-5.81802082,1.04555905,-3.0232718,0.0932640433,-0.394959122,0.0321501088,-0.042,0.042,-0.042,-0.0257208252,-0.042,-0.042,-0.042,0.042,-0.042,0.0111916852,-0.042,0.0321501088,-0.042,-0.0257208252,-0.042,0.0111916852,-0.042,-0.042,-0.042,-0.042,-0.042,-0.042,-0.042
587,19392119,0.403709948,-1.96890271,1.4976424,-2.7803278,-0.231992543,-0.766987383,-4.87118626,-5.88331127,0.928691804,-2.94418263,0.0251669213,-0.416359812,0.042,-0.042,0.042,-0.042,-0.0278391051,-0.042,-0.042,-0.042,0.042,-0.042,0.00302003056,-0.042,0.042,-0.042,-0.0278391051,-0.042,0.00302003056,-0.042,-0.042,-0.042,-0.042,-0.042,-0.042,-0.042
588,19425065,0.513673544,-1.96787679,1.24044299,-2.48877001,-0.148248821,-0.845216751,-4.97084904,-5.88762283,0.701837957,-2.58779812,0.0246109851,-0.464697212,0.042,-0.042,0.042,-0.042,-0.0177898586,-0.042,-0.042,-0.042,0.042,-0.042,0.00295331821,-0.042,0.042,-0.042,-0.0177898586,-0.042,0.00295331821,-0.042,-0.042,-0.042,-0.042,-0.042,-0.042,-0.042
589,19431834,0.566341043,-1.87802219,0.786995053,-2.26381016,0.0182684287,-0.834791839,-4.99047804,-5.83049107,0.317091137,-2.27958822,0.00550840423,-0.520154417,0.042,-0.042,0.042,-0.042,0.00219221145,-0.042,-0.042,-0.042,0.0380509365,-0.042,0.000661008507,-0.042,0.042,-0.042,0.00219221145,-0.042,0.000661008507,-0.0380509365,-0.042,-0.042,-0.042,-0.042,-0.042,-0.042
590,19462405,0.487101823,-1.6822691,0.199111998,-2.22586489,0.236555338,-0.735405445,-4.88746786,-5.7224226,-0.173497781,-1.99123907,-0.0304692984,-0.569751084,0.042,-0.042,0.0238934398,-0.042,0.0283866405,-0.042,-0.042,-0.042,-0.0208197337,-0.042,-0.0036563158,-0.042,0.042,-0.0238934398,0.0283866405,-0.042,-0.0036563158,0.0208197337,-0.042,-0.042,-0.042,-0.042,-0.042,-0.042
591,19476559,0.35895133,-1.49551046,-0.171889424,-2.2247982,0.281140953,-0.542056978,-4.75898647,-5.6629014,-0.5707739,-1.82966685,0.00418408215,-0.57567066,0.042,-0.042,-0.0206267309,-0.042,0.0337369144,-0.042,-0.042,-0.042,-0.042,-0.042,0.000502089858,-0.042,0.042,0.0206267309,0.0337369144,-0.042,0.000502089858,0.042,-0.042,-0.042,-0.042,-0.042,-0.042,-0.042
592,19492141,0.275448501,-1.42968106,-0.0773426294,-2.29104328,0.153547615,-0.3812581,-4.69990396,-5.69625998,-0.543276191,-1.93555987,0.0834352151,-0.519417107,0.0330538201,-0.042,-0.00928111553,-0.042,0.0184257138,-0.042,-0.042,-0.042,-0.042,-0.042,0.0100122258,-0.042,0.0330538201,0.00928111553,0.0184257138,-0.042,0.0100122258,0.042,-0.042,-0.042,-0.042,-0.042,-0.042,-0.042
593,19520700,0.261471272,-1.66438806,0.67705822,-2.47802162,-0.0937644839,-0.358451903,-4.70298386,-5.75962973,0.187908605,-2.40491438,0.113416433,-0.46293655,0.0313765526,-0.042,0.042,-0.042,-0.0112517381,-0.042,-0.042,-0.042,0.0225490326,-0.042,0.013609972,-0.042,0.0313765526,-0.042,-0.0112517381,-0.042,0.013609972,-0.0225490326,-0.042,-0.042,-0.042,-0.042,-0.042,-0.042
594,19533642,0.236570135,-1.93912053,1.41577387,-2.86008215,-0.213356048,-0.567990839,-4.73189497,-5.79333591,0.981394827,-2.967906,0.0775802806,-0.408099592,0.0283884162,-0.042,0.042,-0.042,-0.0256027257,-0.042,-0.042,-0.042,0.042,-0.042,0.00930963367,-0.042,0.0283884162,-0.042,-0.0256027257,-0.042,0.00930963367,-0.042,-0.042,-0.042,-0.042,-0.042,-0.042,-0.042
595,19555382,0.373668939,-1.98332846,1.55658507,-2.86560249,-0.241710752,-0.779512823,-4.85530138,-5.85440683,0.969200313,-3.03826737,0.022872787,-0.401385307,0.042,-0.042,0.042,-0.042,-0.0290052903,-0.042,-0.042,-0.042,0.042,-0.042,0.00274473444,-0.042,0.042,-0.042,-0.0290052903,-0.042,0.00274473444,-0.042,-0.042,-0.042,-0.042,-0.042,-0.042,-0.042
596,19579203,0.500776052,-1.98271239,1.35582042,-2.58871031,-0.176980853,-0.889771044,-4.97004461,-5.86597586,0.776274264,-2.69783163,0.0170204248,-0.430805862,0.042,-0.042,0.042,-0.042,-0.0212377024,-0.042,-0.042,-0.042,0.042,-0.042,0.00204245098,-0.042,0.042,-0.042,-0.0212377024,-0.042,0.00204245098,-0.042,-0.042,-0.042,-0.042,-0.042,-0.042,-0.042
597,19593905,0.580592871,-1.92030859,0.98219502,-2.33139324,-0.0397353172,-0.912148118,-5.00633049,-5.80742788,0.472510397,-2.40470695,0.0131041631,-0.472338468,0.042,-0.042,0.042,-0.042,-0.00476823807,-0.042,-0.042,-0.042,0.042,-0.042,0.00157249957,-0.042,0.042,-0.042,-0.00476823807,-0.042,0.00157249957,-0.042,-0.042,-0.042,-0.042,-0.042,-0.042,-0.042
598,19613505,0.541161478,-1.74953437,0.432414562,-2.25568819,0.170266807,-0.829534829,-4.91001368,-5.67722082,0.0278379582,-2.1211803,-0.0166118219,-0.52509582,0.042,-0.042,0.042,-0.042,0.0204320168,-0.042,-0.042,-0.042,0.00334055498,-0.042,-0.00199341863,-0.042,0.042,-0.042,0.0204320168,-0.042,-0.00199341863,-0.00334055498,-0.042,-0.042,-0.042,-0.042,-0.042,-0.042
599,19641886,0.42450425,-1.58566976,0.0305836052,-2.25074339,0.258305758,-0.656587243,-4.74388266,-5.56712723,-0.349956721,-1.92479885,-0.0215943232,-0.566558838,0.042,-0.042,0.00367003262,-0.042,0.030996691,-0.042,-0.042,-0.042,-0.0419948065,-0.042,-0.00259131879,-0.042,0.042,-0.00367003262,0.030996691,-0.042,-0.00259131879,0.0419948065,-0.042,-0.042,-0.042,-0.042,-0.042,-0.042
600,19655116,0.310561717,-1.47728229,-0.0567478612,-2.28413057,0.183989137,-0.472234458,-4.63060808,-5.55423498,-0.503866851,-1.92161298,0.0491176024,-0.552878261,0.037267406,-0.042,-0.00680974334,-0.042,0.0220786965,-0.042,-0.042,-0.042,-0.042,-0.042,0.00589411229,-0.042,0.037267406,0.00680974334,0.0220786965,-0.042,0.00589411229,0.042,-0.042,-0.042,-0.042,-0.042,-0.042,-0.042
601,19674615,0.271819621,-1.56543434,0.37186721,-2.38927603,0.00376646221,-0.387183458,-4.60038948,-5.60999107,-0.101690874,-2.20303965,0.103048101,-0.495072186,0.0326183546,-0.042,0.042,-0.042,0.000451975465,-0.042,-0.042,-0.042,-0.0122029048,-0.042,0.0123657721,-0.042,0.0326183546,-0.042,0.000451975465,-0.042,0.0123657721,0.0122029048,-0.042,-0.042,-0.042,-0.042,-0.042,-0.042
602,19695092,0.246830359,-1.84202182,1.14110124,-2.6512804,-0.1740437,-0.488509029,-4.60970831,-5.66422558,0.717567444,-2.73512506,0.0878056809,-0.430348545,0.0296196431,-0.042,0.042,-0.042,-0.020885244,-0.042,-0.042,-0.042,0.042,-0.042,0.0105366817,-0.042,0.0296196431,-0.042,-0.020885244,-0.042,0.0105366817,-0.042,-0.042,-0.042,-0.042,-0.042,-0.042,-0.042
603,19718305,0.321320266,-1.96402752,1.44808078,-2.81165123,-0.213181525,-0.693242073,-4.69674778,-5.72555304,0.974014699,-2.94053173,0.0519775711,-0.42284894,0.0385584319,-0.042,0.042,-0.042,-0.0255817831,-0.042,-0.042,-0.042,0.042,-0.042,0.00623730853,-0.042,0.0385584319,-0.042,-0.0255817831,-0.042,0.00623730853,-0.042,-0.042,-0.042,-0.042,-0.042,-0.042,-0.042
604,19733517,0.446519971,-1.99532712,1.35259295,-2.62900496,-0.189249098,-0.818197906,-4.81812286,-5.77042246,0.818930566,-2.72103095,0.022736216,-0.461535841,0.042,-0.042,0.042,-0.042,-0.0227098918,-0.042,-0.042,-0.042,0.042,-0.042,0.00272834592,-0.042,0.042,-0.042,-0.0227098918,-0.042,0.00272834592,-0.042,-0.042,-0.042,-0.042,-0.042,-0.042,-0.042
605,19753629,0.537097692,-1.96057856,1.04024124,-2.35950565,-0.0861215293,-0.856217802,-4.88483286,-5.76945925,0.534763992,-2.42060781,0.0123847462,-0.504455805,0.042,-0.042,0.042,-0.042,-0.0103345835,-0.042,-0.042,-0.042,0.042,-0.042,0.00148616955,-0.042,0.042,-0.042,-0.0103345835,-0.042,0.00148616955,-0.042,-0.042,-0.042,-0.042,-0.042,-0.042,-0.042
606,19775838,0.524838924,-1.79406035,0.495076746,-2.24527693,0.129247904,-0.806323826,-4.85778046,-5.71781921,0.0838082433,-2.13319397,-0.0133170523,-0.540731609,0.042,-0.042,0.042,-0.042,0.0155097485,-0.042,-0.042,-0.042,0.0100569892,-0.042,-0.00159804627,-0.042,0.042,-0.042,0.0155097485,-0.042,-0.00159804627,-0.0100569892,-0.042,-0.042,-0.042,-0.042,-0.042,-0.042
607,19795238,0.419757485,-1.57830369,-0.0176155381,-2.21710062,0.285027564,-0.649033189,-4.74709606,-5.64570808,-0.375298411,-1.8932575,-0.0200556964,-0.57233268,0.042,-0.042,-0.00211386457,-0.042,0.0342033076,-0.042,-0.042,-0.042,-0.042,-0.042,-0.00240668356,-0.042,0.042,0.00211386457,0.0342033076,-0.042,-0.00240668356,0.042,-0.042,-0.042,-0.042,-0.042,-0.042,-0.042
608,19815755,0.313194066,-1.40470636,-0.234464779,-2.22548199,0.238337219,-0.433775991,-4.66564417,-5.64924669,-0.659256518,-1.8299818,0.0527049862,-0.54120928,0.037583288,-0.042,-0.0281357735,-0.042,0.0286004663,-0.042,-0.042,-0.042,-0.042,-0.042,0.00632459834,-0.042,0.037583288,0.0281357735,0.0286004663,-0.042,0.00632459834,0.042,-0.042,-0.042,-0.042,-0.042,-0.042,-0.042
609,19837622,0.277381212,-1.43144751,0.104014352,-2.30755424,0.0683023259,-0.307767779,-4.66879272,-5.72218943,-0.369297564,-2.05159521,0.114633642,-0.476175606,0.0332857454,-0.042,0.0124817222,-0.042,0.00819627911,-0.0369321334,-0.042,-0.042,-0.042,-0.042,0.0137560371,-0.042,0.0332857454,-0.0124817222,0.00819627911,-0.042,0.0137560371,0.042,-0.042,-0.042,-0.0369321334,-0.042,-0.042,-0.042
610,19868895,0.237901479,-1.74159729,1.02562535,-2.59308195,-0.161860436,-0.381047636,-4.70222092,-5.79078102,0.581900716,-2.67381525,0.11508029,-0.392941356,0.0285481775,-0.042,0.042,-0.042,-0.0194232523,-0.042,-0.042,-0.042,0.042,-0.042,0.0138096347,-0.042,0.0285481775,-0.042,-0.0194232523,-0.042,0.0138096347,-0.042,-0.042,-0.042,-0.042,-0.042,-0.042,-0.042
611,19878553,0.266116083,-1.86432612,1.53276014,-2.9173851,-0.20988977,-0.644031763,-4.77851105,-5.87830639,1.08823323,-3.16117764,0.0872370154,-0.299810827,0.0319339299,-0.042,0.042,-0.042,-0.0251867723,-0.042,-0.042,-0.042,0.042,-0.042,0.0104684418,-0.0359772992,0.0319339299,-0.042,-0.0251867723,-0.042,0.0104684418,-0.042,-0.042,-0.042,-0.042,-0.042,-0.042,-0.0359772992
612,19897179,0.435682803,-1.87145603,1.5286262,-2.78649187,-0.234134257,-0.812176526,-4.91893148,-5.93311405,0.885024607,-3.00260115,0.000876087695,-0.34023267,0.042,-0.042,0.042,-0.042,-0.0280961108,-0.042,-0.042,-0.042,0.042,-0.042,0.000105130523,-0.0408279204,0.042,-0.042,-0.0280961108,-0.042,0.000105130523,-0.042,-0.042,-0.042,-0.042,-0.042,-0.042,-0.0408279204
613,19917698,0.548447311,-1.85188925,1.25680876,-2.49448395,-0.132435143,-0.890275002,-5.01079702,-5.90272713,0.685080051,-2.62983274,0.0162757263,-0.399131984,0.042,-0.042,0.042,-0.042,-0.0158922172,-0.042,-0.042,-0.042,0.042,-0.042,0.00195308715,-0.042,0.042,-0.042,-0.0158922172,-0.042,0.00195308715,-0.042,-0.042,-0.042,-0.042,-0.042,-0.042,-0.042
614,19936674,0.596238971,-1.76102173,0.794011593,-2.27705288,0.0305472463,-0.876330912,-5.01127863,-5.80051184,0.314533144,-2.31165433,0.00507893786,-0.482088655,0.042,-0.042,0.042,-0.042,0.00366566956,-0.042,-0.042,-0.042,0.0377439773,-0.042,0.000609472543,-0.042,0.042,-0.042,0.00366566956,-0.042,0.000609472543,-0.0377439773,-0.042,-0.042,-0.042,-0.042,-0.042,-0.042
615,19955181,0.515757382,-1.57171011,0.205758065,-2.23680496,0.239817709,-0.769421399,-4.88312721,-5.65207529,-0.174946785,-2.00488019,-0.0355326906,-0.559045911,0.042,-0.042,0.0246909678,-0.042,0.028778125,-0.042,-0.042,-0.042,-0.0209936142,-0.042,-0.00426392287,-0.042,0.042,-0.0246909678,0.028778125,-0.042,-0.00426392287,0.0209936142,-0.042,-0.042,-0.042,-0.042,-0.042,-0.042
616,19975365,0.378846288,-1.38651621,-0.152732193,-2.23986292,0.268527746,-0.562152207,-4.75556326,-5.58893251,-0.551442921,-1.84936965,0.00494210422,-0.562274635,0.042,-0.042,-0.0183278632,-0.042,0.0322233295,-0.042,-0.042,-0.042,-0.042,-0.042,0.000593052506,-0.042,0.042,0.0183278632,0.0322233295,-0.042,0.000593052506,0.042,-0.042,-0.042,-0.042,-0.042,-0.042,-0.042
617,19995676,0.297409236,-1.32525265,-0.0643522441,-2.2841301,0.148605615,-0.392215312,-4.7079587,-5.62076569,-0.521198869,-1.93859231,0.0858791471,-0.519737899,0.0356891084,-0.042,-0.0077222693,-0.042,0.0178326738,-0.042,-0.042,-0.042,-0.042,-0.042,0.0103054976,-0.042,0.0356891084,0.0077222693,0.0178326738,-0.042,0.0103054976,0.042,-0.042,-0.042,-0.042,-0.042,-0.042,-0.042
618,20017704,0.275422931,-1.54913545,0.643362403,-2.45656538,-0.085778147,-0.366541982,-4.72081995,-5.6937623,0.169650778,-2.38621426,0.115454912,-0.452879936,0.0330507517,-0.042,0.042,-0.042,-0.0102933776,-0.042,-0.042,-0.042,0.0203580934,-0.042,0.0138545895,-0.042,0.0330507517,-0.042,-0.0102933776,-0.042,0.0138545895,-0.0203580934,-0.042,-0.042,-0.042,-0.042,-0.042,-0.042
619,20034901,0.259440154,-1.8359679,1.37303174,-2.80110264,-0.206310511,-0.570669472,-4.75024509,-5.74357224,0.942556441,-2.92463779,0.0765703171,-0.395953238,0.0311328185,-0.042,0.042,-0.042,-0.0247572613,-0.042,-0.042,-0.042,0.042,-0.042,0.00918843806,-0.042,0.0311328185,-0.042,-0.0247572613,-0.042,0.00918843806,-0.042,-0.042,-0.042,-0.042,-0.042,-0.042,-0.042
620,20053882,0.382847697,-1.89997578,1.51452136,-2.80896568,-0.230680019,-0.781195104,-4.86694479,-5.82023811,0.94626075,-2.99567056,0.0267709512,-0.388097554,0.042,-0.042,0.042,-0.042,-0.0276816022,-0.042,-0.042,-0.042,0.042,-0.042,0.00321251415,-0.042,0.042,-0.042,-0.0276816022,-0.042,0.00321251415,-0.042,-0.042,-0.042,-0.042,-0.042,-0.042,-0.042
621,20077494,0.488740116,-1.89945257,1.32641971,-2.55109978,-0.167441905,-0.896417737,-4.98614216,-5.8564105,0.758234203,-2.67689419,0.0178386047,-0.424684227,0.042,-0.042,0.042,-0.042,-0.0200930285,-0.042,-0.042,-0.042,0.042,-0.042,0.00214063257,-0.042,0.042,-0.042,-0.0200930285,-0.042,0.00214063257,-0.042,-0.042,-0.042,-0.042,-0.042,-0.042,-0.042
622,20092733,0.535201192,-1.81028569,0.944952011,-2.31654692,-0.0210787542,-0.935640156,-5.03852844,-5.82233238,0.449038684,-2.39868331,0.012110047,-0.460094988,0.042,-0.042,0.042,-0.042,-0.00252945051,-0.042,-0.042,-0.042,0.042,-0.042,0.00145320565,-0.042,0.042,-0.042,-0.00252945051,-0.042,0.00145320565,-0.042,-0.042,-0.042,-0.042,-0.042,-0.042,-0.042
623,20117433,0.457992226,-1.56212473,0.329759568,-2.25137568,0.229755968,-0.874951482,-4.98188782,-5.72085714,-0.0429309942,-2.08949876,-0.0184279457,-0.512829363,0.042,-0.042,0.0395711482,-0.042,0.0275707161,-0.042,-0.042,-0.042,-0.0051517193,-0.042,-0.00221135348,-0.042,0.042,-0.0395711482,0.0275707161,-0.042,-0.00221135348,0.0051517193,-0.042,-0.042,-0.042,-0.042,-0.042,-0.042
624,20134021,0.338232279,-1.2543236,-0.23343651,-2.18883276,0.351260692,-0.660246134,-4.88874102,-5.6521306,-0.5867607,-1.80237854,-0.0101872869,-0.552305877,0.0405878735,-0.042,-0.0280123812,-0.042,0.042,-0.042,-0.042,-0.042,-0.042,-0.042,-0.00122247443,-0.042,0.0405878735,0.0280123812,0.042,-0.042,-0.00122247443,0.042,-0.042,-0.042,-0.042,-0.042,-0.042,-0.042
625,20157821,0.282645047,-0.966306746,-0.53315866,-2.11709499,0.33458963,-0.410761327,-4.89240551,-5.718297,-0.938465595,-1.68908191,0.0625716597,-0.488157094,0.0339174056,-0.042,-0.042,-0.042,0.0401507556,-0.042,-0.042,-0.042,-0.042,-0.042,0.00750859916,-0.042,0.0339174056,0.042,0.0401507556,-0.042,0.00750859916,0.042,-0.042,-0.042,-0.042,-0.042,-0.042,-0.042
626,20174444,0.344620764,-0.828857124,-0.409070492,-2.03824902,0.242498726,-0.229158998,-5.04487419,-5.90847778,-0.834045708,-1.76806831,0.126780286,-0.367449552,0.0413544917,-0.042,-0.042,-0.042,0.0290998471,-0.0274990797,-0.042,-0.042,-0.042,-0.042,0.0152136344,-0.042,0.0413544917,0.042,0.0290998471,-0.042,0.0152136344,0.042,-0.042,-0.042,-0.0274990797,-0.042,-0.042,-0.042
627,20194222,0.39017269,-0.938154995,0.233720273,-2.26043463,0.063278012,-0.210592046,-5.23790026,-6.121387,-0.205073178,-2.18443584,0.161759764,-0.28580755,0.042,-0.042,0.0280464327,-0.042,0.00759336144,-0.0252710456,-0.042,-0.042,-0.0246087813,-0.042,0.0194111717,-0.034296906,0.042,-0.0280464327,0.00759336144,-0.042,0.0194111717,0.0246087813,-0.042,-0.042,-0.0252710456,-0.042,-0.042,-0.034296906
628,20214828,0.376283616,-1.26602292,1.30125749,-2.71975279,-0.157147944,-0.440690994,-5.35250568,-6.26953983,0.921721816,-2.9575851,0.12937215,-0.20656237,0.042,-0.042,0.042,-0.042,-0.0188577533,-0.042,-0.042,-0.042,0.042,-0.042,0.015524658,-0.0247874844,0.042,-0.042,-0.0188577533,-0.042,0.015524658,-0.042,-0.042,-0.042,-0.042,-0.042,-0.042,-0.0247874844
629,20244514,0.52488929,-1.42361724,1.62612367,-2.87660456,-0.232809454,-0.751082063,-5.42994022,-6.38016272,1.05917442,-3.25948834,0.059239354,-0.194391698,0.042,-0.042,0.042,-0.042,-0.0279371345,-0.042,-0.042,-0.042,0.042,-0.042,0.00710872248,-0.0233270037,0.042,-0.042,-0.0279371345,-0.042,0.00710872248,-0.042,-0.042,-0.042,-0.042,-0.042,-0.042,-0.0233270037
630,20253716,0.615896523,-1.45276678,1.50712442,-2.67648506,-0.200001448,-0.919978499,-5.55142689,-6.45541048,0.851438999,-2.99505234,0.0131959394,-0.251146048,0.042,-0.042,0.042,-0.042,-0.0240001738,-0.042,-0.042,-0.042,0.042,-0.042,0.00158351272,-0.0301375258,0.042,-0.042,-0.0240001738,-0.042,0.00158351272,-0.042,-0.042,-0.042,-0.042,-0.042,-0.042,-0.0301375258
631,20276348,0.615888596,-1.35810089,1.10502815,-2.40618801,-0.0262997188,-1.04489946,-5.65990257,-6.38832951,0.57643044,-2.64048862,0.0395785533,-0.348585963,0.042,-0.042,0.042,-0.042,-0.00315596625,-0.042,-0.042,-0.042,0.042,-0.042,0.00474942639,-0.0418303156,0.042,-0.042,-0.00315596625,-0.042,0.00474942639,-0.042,-0.042,-0.042,-0.042,-0.042,-0.042,-0.0418303156
632,20303395,0.469830722,-0.95034194,0.188946202,-2.28978348,0.382755548,-1.09069347,-5.71320343,-6.2450738,-0.123171449,-2.11617446,0.00511366874,-0.501766086,0.042,-0.042,0.0226735443,-0.042,0.042,-0.042,-0.042,-0.042,-0.0147805738,-0.042,0.000613640249,-0.042,0.042,-0.0226735443,0.042,-0.042,0.000613640249,0.0147805738,-0.042,-0.042,-0.042,-0.042,-0.042,-0.042
633,20319763,0.375533015,-0.349015206,-0.895552754,-1.99226487,0.719230711,-0.84065944,-5.7387023,-6.17471933,-1.16197217,-1.43492901,-0.0527414754,-0.580246508,0.042,-0.0418818247,-0.042,-0.042,0.042,-0.042,-0.042,-0.042,-0.042,-0.042,-0.00632897705,-0.042,0.042,0.042,0.042,-0.042,-0.00632897705,0.042,-0.0418818247,-0.042,-0.042,-0.042,-0.042,-0.042
634,20340056,0.466256052,0.350445598,-1.86259234,-1.09507322,0.995105624,-0.382967025,-5.9604888,-6.34234476,-2.13253808,-0.739274383,0.00185228884,-0.363443673,0.042,0.042,-0.042,-0.042,0.042,-0.042,-0.042,-0.042,-0.042,-0.042,0.000222274661,-0.042,0.042,0.042,0.042,-0.042,0.000222274661,0.042,0.042,-0.042,-0.042,-0.042,-0.042,-0.042
635,20353926,0.682416201,1.05218458,-2.61724949,0.847127438,1.16415107,0.169540763,-6.20333242,-6.51169634,-2.93182182,0.720592141,-0.109836482,0.0757390708,0.042,0.042,-0.042,0.042,0.042,0.0203448915,-0.042,-0.042,-0.042,0.042,-0.0131803778,0.00908868849,0.042,0.042,0.042,-0.042,-0.0131803778,0.042,0.042,0.042,0.0203448915,-0.042,0.042,0.00908868849
636,20375384,0.891473055,1.31725001,-2.34290981,1.55243671,0.98040247,0.679026842,-6.04971552,-6.53068066,-2.94727063,1.04927015,-0.29519698,0.0889572352,0.042,0.042,-0.042,0.042,0.042,0.042,-0.042,-0.042,-0.042,0.042,-0.0354236376,0.0106748682,0.042,0.042,0.042,-0.042,-0.0354236376,0.042,0.042,0.042,0.042,-0.042,0.042,0.0106748682
637,20394662,0.852805912,1.12803686,-2.41710567,1.46324062,0.79756856,1.03222358,-5.78146458,-6.42773485,-2.88756847,0.931938052,-0.23269847,-0.00480882544,0.042,0.042,-0.042,0.042,0.042,0.042,-0.042,-0.042,-0.042,0.042,-0.0279238164,-0.000577059053,0.042,0.042,0.042,-0.042,-0.0279238164,0.042,0.042,0.042,0.042,-0.042,0.042,-0.000577059053
638,20417071,0.677019596,0.528780103,-2.47727966,0.893570006,0.62235105,1.37010515,-5.67650509,-6.49996471,-2.61923623,0.499756604,-0.0522363782,-0.154503271,0.042,0.042,-0.042,0.042,0.042,0.042,-0.042,-0.042,-0.042,0.042,-0.00626836538,-0.0185403925,0.042,0.042,0.042,-0.042,-0.00626836538,0.042,0.042,0.042,0.042,-0.042,0.042,-0.0185403925
639,20434293,0.210558102,-0.0641754791,-2.08065033,-0.294683605,0.475573629,1.03458393,-5.83880901,-6.78933287,-1.89538777,-0.61795181,-0.00666709989,-0.0390864052,0.0252669722,-0.00770105749,-0.042,-0.0353620327,0.042,0.042,-0.042,-0.042,-0.042,-0.042,-0.000800051987,-0.00469036862,0.0252669722,0.042,0.042,-0.042,-0.000800051987,0.042,-0.00770105749,-0.0353620327,0.042,-0.042,-0.042,-0.00469036862
640,20458557,-0.0586165152,-0.26997757,-0.847890496,-1.99026811,0.30625844,-0.0120663643,-6.22680712,-7.2118516,-0.889209569,-2.1429646,-0.0513627753,0.0662301257,-0.00703398183,-0.0323973083,-0.042,-0.042,0.0367510128,-0.00144796371,-0.042,-0.042,-0.042,-0.042,-0.00616353303,0.00794761509,-0.00703398183,0.042,0.0367510128,-0.042,-0.00616353303,0.042,-0.0323973083,-0.042,-0.00144796371,-0.042,-0.042,0.00794761509
641,20474960,0.243964761,-0.963317573,1.14883113,-2.75867605,-0.25712195,-0.64288795,-6.63050461,-7.51763916,0.756179571,-3.21466923,-0.0294512957,0.0549042001,0.0292757714,-0.042,0.042,-0.042,-0.030854634,-0.042,-0.042,-0.042,0.042,-0.042,-0.00353415549,0.00658850402,0.0292757714,-0.042,-0.030854634,-0.042,-0.00353415549,-0.042,-0.042,-0.042,-0.042,-0.042,-0.042,0.00658850402
642,20501255,0.781834841,-1.21588326,1.66503286,-2.83767176,-0.54653579,-1.14594448,-6.74264622,-7.85628223,0.656210601,-3.56724882,-0.0461282656,0.101944223,0.042,-0.042,0.042,-0.042,-0.042,-0.042,-0.042,-0.042,0.042,-0.042,-0.00553539187,0.0122333068,0.042,-0.042,-0.042,-0.042,-0.00553539187,-0.042,-0.042,-0.042,-0.042,-0.042,-0.042,0.0122333068
643,20514481,0.92916888,-1.29067922,1.70863807,-2.80676889,-0.476568401,-1.62305665,-6.82349968,-8.23757172,0.709488869,-3.44636011,-0.0189853236,0.11647708,0.042,-0.042,0.042,-0.042,-0.042,-0.042,-0.042,-0.042,0.042,-0.042,-0.00227823883,0.0139772496,0.042,-0.042,-0.042,-0.042,-0.00227823883,-0.042,-0.042,-0.042,-0.042,-0.042,-0.042,0.0139772496
644,20551723,0.901596189,-1.21078968,1.48709369,-2.73668194,-0.296883136,-2.01274228,-6.81016159,-8.26695061,0.575091422,-3.28585601,-0.00715484098,0.0171540659,0.042,-0.042,0.042,-0.042,-0.0356259763,-0.042,-0.042,-0.042,0.042,-0.042,-0.000858580917,0.00205848791,0.042,-0.042,-0.0356259763,-0.042,-0.000858580917,-0.042,-0.042,-0.042,-0.042,-0.042,-0.042,0.00205848791
645,20553307,0.767950714,-0.955184758,1.16180944,-2.66143131,-0.0536044203,-2.31175232,-6.70047045,-7.88836432,0.445441842,-3.04796171,-0.00540917739,-0.0721581504,0.042,-0.042,0.042,-0.042,-0.00643253043,-0.042,-0.042,-0.042,0.042,-0.042,-0.000649101287,-0.00865897804,0.042,-0.042,-0.00643253043,-0.042,-0.000649101287,-0.042,-0.042,-0.042,-0.042,-0.042,-0.042,-0.00865897804
646,20572136,0.53075254,-0.719103754,0.935096741,-2.66709042,0.122560106,-2.46492124,-6.49085379,-7.32617426,0.325598389,-2.77293992,-0.0156655051,-0.122083269,0.042,-0.042,0.042,-0.042,0.0147072127,-0.042,-0.042,-0.042,0.0390718067,-0.042,-0.00187986061,-0.0146499923,0.042,-0.042,0.0147072127,-0.042,-0.00187986061,-0.0390718067,-0.042,-0.042,-0.042,-0.042,-0.042,-0.0146499923
647,20602277,0.382630438,-0.629072368,0.811393023,-2.6558795,0.176136702,-2.44860959,-6.22997332,-6.8480134,0.265574008,-2.57294202,0.00195308775,-0.219201401,0.042,-0.042,0.042,-0.042,0.0211364043,-0.042,-0.042,-0.042,0.031868881,-0.042,0.00023437053,-0.0263041681,0.042,-0.042,0.0211364043,-0.042,0.00023437053,-0.031868881,-0.042,-0.042,-0.042,-0.042,-0.042,-0.0263041681
648,20612939,0.322106838,-0.597288072,0.711599827,-2.56293774,0.198918402,-2.3528347,-5.98109341,-6.50406361,0.211446941,-2.41909933,0.0369521379,-0.291525841,0.0386528206,-0.042,0.042,-0.042,0.0238702083,-0.042,-0.042,-0.042,0.0253736329,-0.042,0.00443425655,-0.0349831009,0.0386528206,-0.042,0.0238702083,-0.042,0.00443425655,-0.0253736329,-0.042,-0.042,-0.042,-0.042,-0.042,-0.0349831009
649,20646875,0.342061102,-0.531334579,0.474854738,-2.42020893,0.276747406,-2.21395493,-5.7865119,-6.28758574,0.0452650301,-2.1794939,0.0551402681,-0.383221984,0.0410473323,-0.042,0.042,-0.042,0.0332096887,-0.042,-0.042,-0.042,0.00543180361,-0.042,0.00661683217,-0.042,0.0410473323,-0.042,0.0332096887,-0.042,0.00661683217,-0.00543180361,-0.042,-0.042,-0.042,-0.042,-0.042,-0.042
650,20653527,0.366054803,-0.301806509,-0.0766545981,-2.19256759,0.500319064,-2.01238537,-5.69080067,-6.24317694,-0.40000242,-1.84338152,0.0481193475,-0.40535444,0.042,-0.0362167811,-0.00919855177,-0.042,0.042,-0.042,-0.042,-0.042,-0.042,-0.042,0.00577432171,-0.042,0.042,0.00919855177,0.042,-0.042,0.00577432171,0.042,-0.0362167811,-0.042,-0.042,-0.042,-0.042,-0.042
651,20675245,0.439018875,0.201643616,-1.14110601,-1.71848249,0.822682202,-1.59203839,-5.73378801,-6.4530282,-1.37587011,-1.37416077,0.0363544859,-0.207271725,0.042,0.0241972339,-0.042,-0.042,0.042,-0.042,-0.042,-0.042,-0.042,-0.042,0.00436253831,-0.024872607,0.042,0.042,0.042,-0.042,0.00436253831,0.042,0.0241972339,-0.042,-0.042,-0.042,-0.042,-0.024872607
652,20701910,0.628862143,0.812069774,-2.21156573,-0.396607012,1.06012022,-0.743562758,-5.96295547,-6.78833199,-2.46402884,-0.274404377,0.0135441795,0.0751589462,0.042,0.042,-0.042,-0.042,0.042,-0.042,-0.042,-0.042,-0.042,-0.0329285252,0.00162530154,0.00901907355,0.042,0.042,0.042,-0.042,0.00162530154,0.042,0.042,-0.042,-0.042,-0.042,-0.0329285252,0.00901907355
653,20715508,0.924975693,1.27183497,-2.58170557,1.29318333,0.999155283,0.318318635,-5.93973112,-6.88668585,-3.10605597,1.11186564,-0.114646174,0.154193237,0.042,0.042,-0.042,0.042,0.042,0.0381982362,-0.042,-0.042,-0.042,0.042,-0.0137575409,0.0185031885,0.042,0.042,0.042,-0.042,-0.0137575409,0.042,0.042,0.042,0.0381982362,-0.042,0.042,0.0185031885
654,20734373,1.19438684,1.08856535,-2.11138153,1.62927461,0.642393768,0.915526211,-5.63101864,-6.84431696,-2.90595436,1.12484097,-0.179158449,0.00408851728,0.042,0.042,-0.042,0.042,0.042,0.042,-0.042,-0.042,-0.042,0.042,-0.0214990139,0.000490622073,0.042,0.042,0.042,-0.042,-0.0214990139,0.042,0.042,0.042,0.042,-0.042,0.042,0.000490622073
655,20753146,1.08801651,0.767968774,-2.15604424,1.37164295,0.377837926,1.12058258,-5.36511803,-6.70633984,-2.74583626,0.927300036,-0.124325521,-0.00781517383,0.042,0.042,-0.042,0.042,0.042,0.042,-0.042,-0.042,-0.042,0.042,-0.0149190626,-0.000937820859,0.042,0.042,0.042,-0.042,-0.0149190626,0.042,0.042,0.042,0.042,-0.042,0.042,-0.000937820859
656,20783963,0.792882681,0.142732084,-1.91584945,0.743948638,0.139605582,1.24350131,-5.33524227,-6.69440889,-2.1870122,0.342096269,-0.00376922637,-0.120368324,0.042,0.0171278501,-0.042,0.042,0.0167526698,0.042,-0.042,-0.042,-0.042,0.0410515523,-0.000452307165,-0.0144441989,0.042,0.042,0.0167526698,-0.042,-0.000452307165,0.042,0.0171278501,0.042,0.042,-0.042,0.0410515523,-0.0144441989
657,20797825,0.165110186,-0.14510718,-1.46160102,-0.536608517,0.106441192,0.620915651,-5.60515833,-6.95171499,-1.34877861,-0.957672298,0.0485502668,0.122507781,0.0198132223,-0.0174128616,-0.042,-0.042,0.0127729431,0.042,-0.042,-0.042,-0.042,-0.042,0.00582603201,0.0147009337,0.0198132223,0.042,0.0127729431,-0.042,0.00582603201,0.042,-0.0174128616,-0.042,0.042,-0.042,-0.042,0.0147009337
658,20813981,-0.207695767,-0.396816522,-0.23644641,-1.84501672,0.128663361,-0.206646681,-5.88430452,-7.34579992,-0.448147327,-1.95735276,-0.126487106,0.00981601886,-0.0249234921,-0.042,-0.0283735693,-0.042,0.0154396033,-0.0247976017,-0.042,-0.042,-0.042,-0.042,-0.0151784527,0.00117792226,-0.0249234921,0.0283735693,0.0154396033,-0.042,-0.0151784527,0.042,-0.042,-0.042,-0.0247976017,-0.042,-0.042,0.00117792226
659,20832737,0.0508070774,-0.840254724,1.18412936,-2.39228964,-0.201816022,-0.615027368,-6.08034897,-7.63672781,0.867050111,-2.7747767,0.0316570029,0.0109860748,0.00609684929,-0.042,0.042,-0.042,-0.0242179227,-0.042,-0.042,-0.042,0.042,-0.042,0.00379884034,0.00131832898,0.00609684929,-0.042,-0.0242179227,-0.042,0.00379884034,-0.042,-0.042,-0.042,-0.042,-0.042,-0.042,0.00131832898
660,20860378,0.460259736,-1.04548407,1.51645505,-2.49273062,-0.352244884,-1.02230203,-6.14918709,-8.007267,0.825445354,-3.10488224,0.0818367675,0.0691096783,0.042,-0.042,0.042,-0.042,-0.042,-0.042,-0.042,-0.042,0.042,-0.042,0.0098204121,0.00829316139,0.042,-0.042,-0.042,-0.042,0.0098204121,-0.042,-0.042,-0.042,-0.042,-0.042,-0.042,0.00829316139
661,20879702,0.682467937,-1.05286944,1.387429,-2.40360641,-0.278470635,-1.29867232,-6.26651192,-8.29290104,0.67852658,-2.9301405,0.115392953,-0.0278678462,0.042,-0.042,0.042,-0.042,-0.0334164762,-0.042,-0.042,-0.042,0.042,-0.042,0.0138471544,-0.00334414154,0.042,-0.042,-0.0334164762,-0.042,0.0138471544,-0.042,-0.042,-0.042,-0.042,-0.042,-0.042,-0.00334414154
662,20899594,0.606360674,-0.666421294,0.705129743,-2.34569645,0.162176579,-1.54710495,-6.4362855,-8.27937508,0.192972928,-2.49008512,0.128361642,-0.178712085,0.042,-0.042,0.042,-0.042,0.0194611895,-0.042,-0.042,-0.042,0.0231567514,-0.042,0.0154033971,-0.0214454502,0.042,-0.042,0.0194611895,-0.042,0.0154033971,-0.0231567514,-0.042,-0.042,-0.042,-0.042,-0.042,-0.0214454502
663,20919054,0.333350271,0.0260109752,-0.230837375,-2.22733831,0.74550426,-1.67588425,-6.61732292,-8.07475185,-0.521147788,-1.94816983,0.0349378102,-0.222283572,0.0400020325,0.00312131703,-0.027700485,-0.042,0.042,-0.042,-0.042,-0.042,-0.042,-0.042,0.00419253722,-0.0266740286,0.0400020325,0.027700485,0.042,-0.042,0.00419253722,0.042,0.00312131703,-0.042,-0.042,-0.042,-0.042,-0.0266740286
664,20932113,0.147260949,0.605830014,-1.20427752,-1.89823437,1.07706392,-1.50367761,-6.6996007,-7.95265388,-1.58346808,-1.39324903,-0.0544804931,-0.190299481,0.0176713139,0.042,-0.042,-0.042,0.042,-0.042,-0.042,-0.042,-0.042,-0.042,-0.00653765917,-0.0228359377,0.0176713139,0.042,0.042,-0.042,-0.00653765917,0.042,0.042,-0.042,-0.042,-0.042,-0.042,-0.0228359377
665,20954236,0.366742015,0.886826396,-1.9312197,-0.833839297,1.06797016,-0.842322767,-6.75681305,-7.93368149,-2.23211432,-0.584948838,0.0704762489,-0.0620203726,0.042,0.042,-0.042,-0.042,0.042,-0.042,-0.042,-0.042,-0.042,-0.042,0.00845714986,-0.00744244471,0.042,0.042,0.042,-0.042,0.00845714986,0.042,0.042,-0.042,-0.042,-0.042,-0.042,-0.00744244471
666,20985129,0.664986134,1.16817307,-2.51593328,0.937966943,0.984551907,0.123062357,-6.64348412,-7.82593489,-2.84601784,0.820021808,0.010736797,0.0999058485,0.042,0.042,-0.042,0.042,0.042,0.0147674829,-0.042,-0.042,-0.042,0.042,0.00128841564,0.0119887018,0.042,0.042,0.042,-0.042,0.00128841564,0.042,0.042,0.042,0.0147674829,-0.042,0.042,0.0119887018
667,20995468,0.985372424,1.21372116,-2.26885819,1.52411187,0.744305968,0.691367924,-6.26342869,-7.52257872,-2.8799963,1.20055568,-0.145917207,0.0603078045,0.042,0.042,-0.042,0.042,0.042,0.042,-0.042,-0.042,-0.042,0.042,-0.0175100648,0.00723693654,0.042,0.042,0.042,-0.042,-0.0175100648,0.042,0.042,0.042,0.042,-0.042,0.042,0.00723693654
668,21013576,0.964483857,0.936463237,-2.32096481,1.35797679,0.545452952,0.952769041,-5.91400337,-7.24634933,-2.86322832,1.09915769,-0.115325771,-0.0249359086,0.042,0.042,-0.042,0.042,0.042,0.042,-0.042,-0.042,-0.042,0.042,-0.0138390926,-0.00299230903,0.042,0.042,0.042,-0.042,-0.0138390926,0.042,0.042,0.042,0.042,-0.042,0.042,-0.00299230903
669,21041485,0.698294103,0.415022016,-2.30053067,0.812288761,0.375783354,1.12986279,-5.76856899,-7.10658264,-2.49722028,0.591973662,-0.04000891,-0.111194775,0.042,0.042,-0.042,0.042,0.042,0.042,-0.042,-0.042,-0.042,0.042,-0.0048010692,-0.0133433729,0.042,0.042,0.042,-0.042,-0.0048010692,0.042,0.042,0.042,0.042,-0.042,0.042,-0.0133433729
670,21054299,0.187084451,-0.0593687296,-1.79816854,-0.304897308,0.238318056,0.741629064,-5.94071054,-7.2039032,-1.67466426,-0.550077379,0.00680390745,-0.0025151493,0.0224501342,-0.00712424755,-0.042,-0.036587677,0.0285981667,0.042,-0.042,-0.042,-0.042,-0.042,0.000816468894,-0.000301817916,0.0224501342,0.042,0.0285981667,-0.042,0.000816468894,0.042,-0.00712424755,-0.036587677,0.042,-0.042,-0.042,-0.000301817916
671,21074300,-0.161634192,-0.2495206,-0.657819271,-1.79891729,0.212479532,-0.180441976,-6.19720078,-7.55291414,-0.839757979,-1.79784167,-0.151627779,0.0725652799,-0.019396103,-0.029942472,-0.042,-0.042,0.0254975438,-0.0216530371,-0.042,-0.042,-0.042,-0.042,-0.0181953335,0.00870783359,-0.019396103,0.042,0.0254975438,-0.042,-0.0181953335,0.042,-0.029942472,-0.042,-0.0216530371,-0.042,-0.042,0.00870783359
672,21101750,0.199633941,-0.840524793,1.08507323,-2.321383,-0.220719755,-0.604067981,-6.42553568,-7.81180239,0.722249985,-2.61564469,0.0115006045,-0.0237312801,0.0239560729,-0.042,0.042,-0.042,-0.0264863706,-0.042,-0.042,-0.042,0.042,-0.042,0.00138007253,-0.00284775361,0.0239560729,-0.042,-0.0264863706,-0.042,0.00138007253,-0.042,-0.042,-0.042,-0.042,-0.042,-0.042,-0.00284775361
673,21113597,0.661791682,-1.10726917,1.55453825,-2.49040794,-0.433912128,-1.05248511,-6.47619343,-8.15607452,0.851821899,-3.07874489,0.112474963,0.0466743857,0.042,-0.042,0.042,-0.042,-0.042,-0.042,-0.042,-0.042,0.042,-0.042,0.0134969956,0.00560092628,0.042,-0.042,-0.042,-0.042,0.0134969956,-0.042,-0.042,-0.042,-0.042,-0.042,-0.042,0.00560092628
674,21149963,0.8288306,-1.14027166,1.489133,-2.42221832,-0.375950098,-1.37553501,-6.51896143,-8.49411678,0.701673806,-3.00843167,0.107949808,0.0428400449,0.042,-0.042,0.042,-0.042,-0.042,-0.042,-0.042,-0.042,0.042,-0.042,0.012953977,0.00514080539,0.042,-0.042,-0.042,-0.042,0.012953977,-0.042,-0.042,-0.042,-0.042,-0.042,-0.042,0.00514080539
675,21155464,0.747617662,-0.829883993,0.977454305,-2.32937765,-0.0202253796,-1.6302278,-6.60492229,-8.5316391,0.333339125,-2.70008397,0.126785815,-0.0601563267,0.042,-0.042,0.042,-0.042,-0.00242704555,-0.042,-0.042,-0.042,0.040000695,-0.042,0.0152142978,-0.00721875921,0.042,-0.042,-0.00242704555,-0.042,0.0152142978,-0.040000695,-0.042,-0.042,-0.042,-0.042,-0.042,-0.00721875921
676,21172900,0.477903843,-0.176086247,0.125664592,-2.28682995,0.552200735,-1.79547215,-6.75598717,-8.29130554,-0.238357857,-2.16877484,0.0622255914,-0.163548604,0.042,-0.0211303496,0.015079751,-0.042,0.042,-0.042,-0.042,-0.042,-0.0286029428,-0.042,0.00746707097,-0.0196258324,0.042,-0.015079751,0.042,-0.042,0.00746707097,0.0286029428,-0.0211303496,-0.042,-0.042,-0.042,-0.042,-0.0196258324
677,21197758,0.147524834,0.467207521,-0.7123456,-2.17746449,0.98029387,-1.74663115,-6.81899071,-8.05992031,-1.05800319,-1.72016525,-0.0420834646,-0.125722289,0.01770298,0.042,-0.042,-0.042,0.042,-0.042,-0.042,-0.042,-0.042,-0.042,-0.00505001575,-0.0150866747,0.01770298,0.042,0.042,-0.042,-0.00505001575,0.042,0.042,-0.042,-0.042,-0.042,-0.042,-0.0150866747
678,21213328,0.210271865,0.744345069,-1.37621748,-1.65168142,1.04589367,-1.33464158,-6.80503607,-7.99930143,-1.77473235,-1.19716597,0.00857627764,-0.108720399,0.0252326238,0.042,-0.042,-0.042,0.042,-0.042,-0.042,-0.042,-0.042,-0.042,0.00102915332,-0.0130464479,0.0252326238,0.042,0.042,-0.042,0.00102915332,0.042,0.042,-0.042,-0.042,-0.042,-0.042,-0.0130464479
679,21241124,0.451765656,0.859099567,-1.9759872,-0.555019319,0.933517098,-0.566132605,-6.79823542,-8.02741814,-2.28185296,-0.389208466,0.0912537202,0.0166312773,0.042,0.042,-0.042,-0.042,0.042,-0.042,-0.042,-0.042,-0.042,-0.042,0.0109504464,0.00199575327,0.042,0.042,0.042,-0.042,0.0109504464,0.042,0.042,-0.042,-0.042,-0.042,-0.042,0.00199575327
680,21252344,0.723416269,1.01354885,-2.47088313,0.975503683,0.870481074,0.267141849,-6.65334415,-7.94094372,-2.82488251,0.844099641,0.0410638377,0.0924999937,0.042,0.042,-0.042,0.042,0.042,0.0320570219,-0.042,-0.042,-0.042,0.042,0.00492766052,0.0110999992,0.042,0.042,0.042,-0.042,0.00492766052,0.042,0.042,0.042,0.0320570219,-0.042,0.042,0.0110999992
681,21280313,0.976982772,0.935297728,-2.25602007,1.3653928,0.672168016,0.744944096,-6.32253313,-7.68767166,-2.86677217,1.1398772,-0.0551260263,-0.0270547047,0.042,0.042,-0.042,0.042,0.042,0.042,-0.042,-0.042,-0.042,0.042,-0.00661512315,-0.00324656457,0.042,0.042,0.042,-0.042,-0.00661512315,0.042,0.042,0.042,0.042,-0.042,0.042,-0.00324656457
682,21293362,0.930273294,0.636909783,-2.18693638,1.20780468,0.457523257,0.898237824,-6.03804779,-7.41131735,-2.73265362,0.980820358,-0.0835133865,-0.0300001539,0.042,0.042,-0.042,0.042,0.042,0.042,-0.042,-0.042,-0.042,0.042,-0.0100216064,-0.00360001847,0.042,0.042,0.042,-0.042,-0.0100216064,0.042,0.042,0.042,0.042,-0.042,0.042,-0.00360001847
683,21314431,0.612769425,0.145485789,-1.89854813,0.581771255,0.21143809,0.890215993,-5.97130919,-7.25205755,-2.13855314,0.298199922,-0.036274083,-0.0385220647,0.042,0.0174582946,-0.042,0.042,0.0253725708,0.042,-0.042,-0.042,-0.042,0.0357839906,-0.00435288996,-0.00462264776,0.042,0.042,0.0253725708,-0.042,-0.00435288996,0.042,0.0174582946,0.042,0.042,-0.042,0.0357839906,-0.00462264776
684,21335332,0.0954082385,-0.170366794,-1.27496827,-0.678084433,0.14478606,0.275926173,-6.16216564,-7.36815548,-1.25739312,-0.951573014,-0.0149837472,0.0973717868,0.0114489886,-0.0204440153,-0.042,-0.042,0.0173743272,0.0331111407,-0.042,-0.042,-0.042,-0.042,-0.00179804966,0.0116846144,0.0114489886,0.042,0.0173743272,-0.042,-0.00179804966,0.042,-0.0204440153,-0.042,0.0331111407,-0.042,-0.042,0.0116846144
685,21354470,-0.110535547,-0.501930237,-0.0521150343,-1.86736,0.144689679,-0.44993788,-6.34467316,-7.6506238,-0.416463047,-1.91450655,-0.222398311,-0.0153361922,-0.0132642657,-0.042,-0.00625380412,-0.042,0.0173627615,-0.042,-0.042,-0.042,-0.042,-0.042,-0.0266877973,-0.00184034307,-0.0132642657,0.00625380412,0.0173627615,-0.042,-0.0266877973,0.042,-0.042,-0.042,-0.042,-0.042,-0.042,-0.00184034307
686,21377030,0.234530285,-0.902308226,1.19742846,-2.21754217,-0.199795038,-0.800949574,-6.42432213,-7.8957634,0.879998684,-2.5855,0.0540946499,-0.0276616924,0.0281436342,-0.042,0.042,-0.042,-0.0239754045,-0.042,-0.042,-0.042,0.042,-0.042,0.00649135798,-0.00331940308,0.0281436342,-0.042,-0.0239754045,-0.042,0.00649135798,-0.042,-0.042,-0.042,-0.042,-0.042,-0.042,-0.00331940308
687,21397919,0.558152914,-1.04215097,1.42593586,-2.29956532,-0.324486554,-1.1895957,-6.38534403,-8.23816013,0.818881691,-2.90526628,0.103558064,0.0575239174,0.042,-0.042,0.042,-0.042,-0.0389383864,-0.042,-0.042,-0.042,0.042,-0.042,0.0124269676,0.00690287009,0.042,-0.042,-0.0389383864,-0.042,0.0124269676,-0.042,-0.042,-0.042,-0.042,-0.042,-0.042,0.00690287009
688,21420362,0.671298742,-0.941600025,1.24463367,-2.23400974,-0.21186626,-1.40701616,-6.40463877,-8.4919281,0.581417084,-2.8136332,0.113192096,0.060619913,0.042,-0.042,0.042,-0.042,-0.0254239511,-0.042,-0.042,-0.042,0.042,-0.042,0.0135830516,0.00727438956,0.042,-0.042,-0.0254239511,-0.042,0.0135830516,-0.042,-0.042,-0.042,-0.042,-0.042,-0.042,0.00727438956
689,21433343,0.546971142,-0.452181637,0.544677615,-2.17481232,0.260071933,-1.5850004,-6.51781797,-8.44289494,0.0743807703,-2.36122084,0.127072573,-0.0484574847,0.042,-0.042,0.042,-0.042,0.031208632,-0.042,-0.042,-0.042,0.00892569244,-0.042,0.0152487087,-0.00581489816,0.042,-0.042,0.031208632,-0.042,0.0152487087,-0.00892569244,-0.042,-0.042,-0.042,-0.042,-0.042,-0.00581489816
690,21456571,0.22592558,0.249175429,-0.361587435,-2.116539,0.798294961,-1.61250079,-6.64834261,-8.27044392,-0.662134647,-1.87248421,0.017145168,-0.0769003704,0.0271110696,0.0299010515,-0.042,-0.042,0.042,-0.042,-0.042,-0.042,-0.042,-0.042,0.00205742016,-0.00922804445,0.0271110696,0.042,0.042,-0.042,0.00205742016,0.042,0.0299010515,-0.042,-0.042,-0.042,-0.042,-0.00922804445
691,21473523,0.0543521419,0.719625175,-1.18047583,-1.84012878,1.00507641,-1.38961911,-6.6784215,-8.18484879,-1.59132206,-1.37764609,-0.0414569527,-0.0817662328,0.00652225703,0.042,-0.042,-0.042,0.042,-0.042,-0.042,-0.042,-0.042,-0.042,-0.00497483432,-0.00981194794,0.00652225703,0.042,0.042,-0.042,-0.00497483432,0.042,0.042,-0.042,-0.042,-0.042,-0.042,-0.00981194794
692,21496886,0.301069051,0.894204676,-1.81673527,-0.934159517,0.934717357,-0.751381874,-6.69127893,-8.18960476,-2.16090608,-0.652901232,0.0670754388,-0.0191160962,0.0361282861,0.042,-0.042,-0.042,0.042,-0.042,-0.042,-0.042,-0.042,-0.042,0.00804905266,-0.00229393154,0.0361282861,0.042,0.042,-0.042,0.00804905266,0.042,0.042,-0.042,-0.042,-0.042,-0.042,-0.00229393154
693,21513750,0.608238459,1.03927803,-2.40046,0.680997372,0.854912043,0.1427463,-6.5931983,-8.12750149,-2.71248841,0.62092036,0.0632064119,0.0884917974,0.042,0.042,-0.042,0.042,0.042,0.0171295559,-0.042,-0.042,-0.042,0.042,0.00758476943,0.0106190157,0.042,0.042,0.042,-0.042,0.00758476943,0.042,0.042,0.042,0.0171295559,-0.042,0.042,0.0106190157
694,21535231,0.920883358,1.01250529,-2.24750853,1.32275105,0.688979208,0.691555679,-6.27497101,-7.86159372,-2.82138753,1.09787869,-0.0270665511,0.00376795651,0.042,0.042,-0.042,0.042,0.042,0.042,-0.042,-0.042,-0.042,0.042,-0.00324798614,0.000452154782,0.042,0.042,0.042,-0.042,-0.00324798614,0.042,0.042,0.042,0.042,-0.042,0.042,0.000452154782
695,21554357,0.966149986,0.700090647,-2.13261247,1.22706079,0.477236897,0.888054073,-5.94984388,-7.56372166,-2.72766328,1.026088,-0.0555308685,-0.0225557499,0.042,0.042,-0.042,0.042,0.042,0.042,-0.042,-0.042,-0.042,0.042,-0.00666370422,-0.00270668998,0.042,0.042,0.042,-0.042,-0.00666370422,0.042,0.042,0.042,0.042,-0.042,0.042,-0.00270668998
696,21575166,0.714308679,0.179242522,-1.9508661,0.607328653,0.246190399,0.944911182,-5.83120584,-7.4000988,-2.2443347,0.404708862,-0.00127010047,-0.0562115721,0.042,0.0215091026,-0.042,0.042,0.0295428479,0.042,-0.042,-0.042,-0.042,0.042,-0.000152412057,-0.00674538866,0.042,0.042,0.0295428479,-0.042,-0.000152412057,0.042,0.0215091026,0.042,0.042,-0.042,0.042,-0.00674538866
697,21610112,0.196939975,-0.217093199,-1.36677241,-0.713037431,0.131524175,0.396740735,-6.01624155,-7.50643873,-1.38118863,-0.886435091,0.00150312856,0.0736007839,0.023632797,-0.0260511839,-0.042,-0.042,0.015782901,0.042,-0.042,-0.042,-0.042,-0.042,0.000180375427,0.00883209407,0.023632797,0.042,0.015782901,-0.042,0.000180375427,0.042,-0.0260511839,-0.042,0.042,-0.042,-0.042,0.00883209407
698,21613841,-0.0449145995,-0.654918671,0.0500238165,-1.89333344,0.0246026292,-0.341268569,-6.23641157,-7.77134037,-0.294925749,-2.02242351,-0.147061855,0.0505479313,-0.00538975194,-0.042,0.00600285798,-0.042,0.00295231551,-0.0409522283,-0.042,-0.042,-0.0353910899,-0.042,-0.0176474226,0.00606575176,-0.00538975194,-0.00600285798,0.00295231551,-0.042,-0.0176474226,0.0353910899,-0.042,-0.042,-0.0409522283,-0.042,-0.042,0.00606575176
699,21632131,0.290474564,-1.07631445,1.25964069,-2.20741463,-0.272701889,-0.717676997,-6.33669567,-7.99478579,0.882779241,-2.60133648,0.0593075827,0.0267055854,0.0348569477,-0.042,0.042,-0.042,-0.0327242267,-0.042,-0.042,-0.042,0.042,-0.042,0.00711690992,0.00320467025,0.0348569477,-0.042,-0.0327242267,-0.042,0.00711690992,-0.042,-0.042,-0.042,-0.042,-0.042,-0.042,0.00320467025
700,21664327,0.568021297,-1.17758274,1.47334671,-2.32327986,-0.352962136,-1.1324451,-6.30495071,-8.32993126,0.772542894,-2.90065169,0.0738184825,0.0722014681,0.042,-0.042,0.042,-0.042,-0.042,-0.042,-0.042,-0.042,0.042,-0.042,0.0088582179,0.00866417617,0.042,-0.042,-0.042,-0.042,0.0088582179,-0.042,-0.042,-0.042,-0.042,-0.042,-0.042,0.00866417617
701,21673312,0.700680852,-1.06563783,1.31094551,-2.29960728,-0.22875455,-1.39200115,-6.32718658,-8.55364609,0.585726559,-2.82381463,0.107309863,0.0228677001,0.042,-0.042,0.042,-0.042,-0.027450546,-0.042,-0.042,-0.042,0.042,-0.042,0.0128771836,0.00274412401,0.042,-0.042,-0.027450546,-0.042,0.0128771836,-0.042,-0.042,-0.042,-0.042,-0.042,-0.042,0.00274412401
702,21693962,0.56875968,-0.560342908,0.589598536,-2.31780624,0.235764116,-1.61790478,-6.43185425,-8.47882366,0.085112974,-2.38025641,0.121900998,-0.133500069,0.042,-0.042,0.042,-0.042,0.0282916939,-0.042,-0.042,-0.042,0.0102135569,-0.042,0.0146281198,-0.0160200083,0.042,-0.042,0.0282916939,-0.042,0.0146281198,-0.0102135569,-0.042,-0.042,-0.042,-0.042,-0.042,-0.0160200083
703,21717543,0.26263687,0.137707382,-0.263308614,-2.27362061,0.769331753,-1.71377671,-6.53792191,-8.25206375,-0.634340942,-1.87569404,0.0124233104,-0.186479092,0.0315164244,0.0165248859,-0.0315970337,-0.042,0.042,-0.042,-0.042,-0.042,-0.042,-0.042,0.00149079725,-0.022377491,0.0315164244,0.0315970337,0.042,-0.042,0.00149079725,0.042,0.0165248859,-0.042,-0.042,-0.042,-0.042,-0.022377491
704,21733494,0.0535295978,0.625944734,-1.08285928,-1.97486722,1.00357687,-1.52685857,-6.56503105,-8.14032745,-1.55201447,-1.41765451,-0.069095552,-0.16108714,0.00642355174,0.042,-0.042,-0.042,0.042,-0.042,-0.042,-0.042,-0.042,-0.042,-0.00829146624,-0.0193304569,0.00642355174,0.042,0.042,-0.042,-0.00829146624,0.042,0.042,-0.042,-0.042,-0.042,-0.042,-0.0193304569
705,21757646,0.275386721,0.790899277,-1.66109824,-1.12792206,0.942116499,-0.909586132,-6.59747982,-8.13305759,-2.04899001,-0.80777216,0.0601147786,-0.0610821135,0.0330464065,0.042,-0.042,-0.042,0.042,-0.042,-0.042,-0.042,-0.042,-0.042,0.00721377343,-0.00732985362,0.0330464065,0.042,0.042,-0.042,0.00721377343,0.042,0.042,-0.042,-0.042,-0.042,-0.042,-0.00732985362
706,21775205,0.544207454,0.872548103,-2.25505924,0.343423605,0.834750831,-0.0091372095,-6.55425787,-8.11314297,-2.56362844,0.341381282,0.0777294859,0.0795716271,0.042,0.042,-0.042,0.0412108326,0.042,-0.00109646514,-0.042,-0.042,-0.042,0.0409657538,0.00932753831,0.00954859525,0.042,0.042,0.042,-0.042,0.00932753831,0.042,0.042,0.0412108326,-0.00109646514,-0.042,0.0409657538,0.00954859525
707,21798535,0.84895581,0.92129308,-2.31293392,1.23496974,0.730319917,0.608422279,-6.31541729,-7.90183163,-2.83651209,1.05238032,0.00932853669,0.038462542,0.042,0.042,-0.042,0.042,0.042,0.042,-0.042,-0.042,-0.042,0.042,0.0011194244,0.00461550504,0.042,0.042,0.042,-0.042,0.0011194244,0.042,0.042,0.042,0.042,-0.042,0.042,0.00461550504
708,21813578,0.96805799,0.735256672,-2.17782831,1.25558579,0.549246967,0.863219917,-6.01027298,-7.61375284,-2.77779388,1.05254519,-0.0712095052,-0.0168654099,0.042,0.042,-0.042,0.042,0.042,0.042,-0.042,-0.042,-0.042,0.042,-0.00854514062,-0.00202384919,0.042,0.042,0.042,-0.042,-0.00854514062,0.042,0.042,0.042,0.042,-0.042,0.042,-0.00202384919
709,21837552,0.798236787,0.346114933,-2.10963559,0.806168139,0.351202667,0.962582707,-5.84869289,-7.43047619,-2.45329475,0.603189468,-0.0381597206,-0.0464203954,0.042,0.041533792,-0.042,0.042,0.042,0.042,-0.042,-0.042,-0.042,0.042,-0.00457916647,-0.00557044744,0.042,0.042,0.042,-0.042,-0.00457916647,0.042,0.041533792,0.042,0.042,-0.042,0.042,-0.00557044744
710,21861310,0.35797888,-0.11051698,-1.66553438,-0.255544305,0.176869363,0.64877516,-5.96859789,-7.4322834,-1.68172669,-0.463528097,0.0219030157,0.0128874965,0.042,-0.0132620376,-0.042,-0.0306653166,0.0212243235,0.042,-0.042,-0.042,-0.042,-0.042,0.00262836188,0.00154649958,0.042,0.042,0.0212243235,-0.042,0.00262836188,0.042,-0.0132620376,-0.0306653166,0.042,-0.042,-0.042,0.00154649958
711,21884138,-0.0681618452,-0.410267949,-0.486771733,-1.78351772,0.111558981,-0.169547364,-6.20342779,-7.72464895,-0.708559275,-1.80596352,-0.106578358,0.0860330686,-0.00817942142,-0.042,-0.042,-0.042,0.0133870777,-0.0203456837,-0.042,-0.042,-0.042,-0.042,-0.0127894029,0.0103239682,-0.00817942142,0.042,0.0133870777,-0.042,-0.0127894029,0.042,-0.042,-0.042,-0.0203456837,-0.042,-0.042,0.0103239682
712,21897091,0.198207229,-0.964171648,1.1304301,-2.22365904,-0.228784531,-0.643720388,-6.34533644,-7.94278908,0.769711673,-2.55140591,0.014441561,0.0548923984,0.0237848675,-0.042,0.042,-0.042,-0.0274541438,-0.042,-0.042,-0.042,0.042,-0.042,0.00173298731,0.00658708781,0.0237848675,-0.042,-0.0274541438,-0.042,0.00173298731,-0.042,-0.042,-0.042,-0.042,-0.042,-0.042,0.00658708781
713,21922578,0.570793509,-1.13105512,1.47671235,-2.31840467,-0.379321545,-1.09791064,-6.32431936,-8.24685192,0.783720911,-2.93498135,0.0766699538,0.124071002,0.042,-0.042,0.042,-0.042,-0.042,-0.042,-0.042,-0.042,0.042,-0.042,0.00920039445,0.0148885202,0.042,-0.042,-0.042,-0.042,0.00920039445,-0.042,-0.042,-0.042,-0.042,-0.042,-0.042,0.0148885202
714,21931962,0.742756426,-1.09541667,1.39983964,-2.33204603,-0.31412217,-1.38819396,-6.34827709,-8.53810692,0.645939052,-2.88641858,0.0973752737,0.0705306977,0.042,-0.042,0.042,-0.042,-0.0376946604,-0.042,-0.042,-0.042,0.042,-0.042,0.0116850328,0.00846368372,0.042,-0.042,-0.0376946604,-0.042,0.0116850328,-0.042,-0.042,-0.042,-0.042,-0.042,-0.042,0.00846368372
715,21966157,0.651003122,-0.710899591,0.828145146,-2.34919977,0.0659561977,-1.62386119,-6.44458532,-8.55105877,0.223031759,-2.55933452,0.118204355,-0.0819095969,0.042,-0.042,0.042,-0.042,0.00791474372,-0.042,-0.042,-0.042,0.0267638111,-0.042,0.0141845226,-0.00982915163,0.042,-0.042,0.00791474372,-0.042,0.0141845226,-0.0267638111,-0.042,-0.042,-0.042,-0.042,-0.042,-0.00982915163
716,21972684,0.380994767,-0.0463062376,-0.00739755668,-2.32778692,0.645745397,-1.79076815,-6.60103035,-8.31410408,-0.392994881,-2.00702548,0.0454389267,-0.232632667,0.042,-0.00555674851,-0.000887706801,-0.042,0.042,-0.042,-0.042,-0.042,-0.042,-0.042,0.0054526712,-0.02791592,0.042,0.000887706801,0.042,-0.042,0.0054526712,0.042,-0.00555674851,-0.042,-0.042,-0.042,-0.042,-0.02791592
717,21993886,0.0629369393,0.507256746,-0.75596869,-2.18229628,0.981928229,-1.72752643,-6.65331745,-8.13719177,-1.17676425,-1.63994026,-0.0405669585,-0.15967004,0.00755243272,0.042,-0.042,-0.042,0.042,-0.042,-0.042,-0.042,-0.042,-0.042,-0.00486803502,-0.0191604048,0.00755243272,0.042,0.042,-0.042,-0.00486803502,0.042,0.042,-0.042,-0.042,-0.042,-0.042,-0.0191604048
718,22017893,0.158657968,0.64048785,-1.21331787,-1.71401072,0.968446732,-1.29411399,-6.65299606,-8.10212708,-1.66929519,-1.24636948,0.0395776145,-0.114878848,0.0190389562,0.042,-0.042,-0.042,0.042,-0.042,-0.042,-0.042,-0.042,-0.042,0.00474931374,-0.0137854618,0.0190389562,0.042,0.042,-0.042,0.00474931374,0.042,0.042,-0.042,-0.042,-0.042,-0.042,-0.0137854618
719,22035328,0.341103315,0.570326269,-1.52415359,-1.07535577,0.756530464,-0.592976213,-6.65574217,-8.17802715,-1.93690455,-0.821295679,0.120838292,0.000774152577,0.0409323978,0.042,-0.042,-0.042,0.042,-0.042,-0.042,-0.042,-0.042,-0.042,0.014500595,9.28983092e-05,0.0409323978,0.042,0.042,-0.042,0.014500595,0.042,0.042,-0.042,-0.042,-0.042,-0.042,9.28983092e-05
720,22055316,0.518389463,0.515592098,-1.88771522,-0.239650682,0.628103554,0.0365280136,-6.63871861,-8.28555775,-2.2612772,-0.150368556,0.105216458,0.0966487825,0.042,0.042,-0.042,-0.0287580818,0.042,0.00438336164,-0.042,-0.042,-0.042,-0.0180442268,0.012625975,0.0115978539,0.042,0.042,0.042,-0.042,0.012625975,0.042,0.042,-0.0287580818,0.00438336164,-0.042,-0.0180442268,0.0115978539
721,22078273,0.726209223,0.557880461,-2.39562273,0.757811427,0.679335296,0.470641792,-6.57149744,-8.27794361,-2.74974942,0.713810444,0.103278756,0.101799242,0.042,0.042,-0.042,0.042,0.042,0.042,-0.042,-0.042,-0.042,0.042,0.0123934507,0.0122159091,0.042,0.042,0.042,-0.042,0.0123934507,0.042,0.042,0.042,0.042,-0.042,0.042,0.0122159091
722,22094254,0.971357405,0.568407536,-2.42728639,1.25347352,0.643946707,0.809561491,-6.38661432,-8.09317398,-2.96273875,1.17220926,0.0313114822,-0.0465003476,0.042,0.042,-0.042,0.042,0.042,0.042,-0.042,-0.042,-0.042,0.042,0.00375737786,-0.00558004171,0.042,0.042,0.042,-0.042,0.00375737786,0.042,0.042,0.042,0.042,-0.042,0.042,-0.00558004171
723,22114213,0.962469637,0.45917514,-2.31951046,1.1510663,0.503277898,0.94677645,-6.14449787,-7.86356735,-2.78382182,0.966563821,-0.061326988,-0.0793007463,0.042,0.042,-0.042,0.042,0.042,0.042,-0.042,-0.042,-0.042,0.042,-0.00735923856,-0.00951608956,0.042,0.042,0.042,-0.042,-0.00735923856,0.042,0.042,0.042,0.042,-0.042,0.042,-0.00951608956
724,22133569,0.626794636,0.139965683,-2.11337137,0.526148558,0.33414945,0.888518155,-6.03435278,-7.73369837,-2.24440503,0.285955966,-0.0282363519,-0.0260045528,0.042,0.016795882,-0.042,0.042,0.040097934,0.042,-0.042,-0.042,-0.042,0.0343147159,-0.00338836223,-0.00312054634,0.042,0.042,0.040097934,-0.042,-0.00338836223,0.042,0.016795882,0.042,0.042,-0.042,0.0343147159,-0.00312054634
725,22162863,0.152309418,-0.173163533,-1.42271423,-0.761545122,0.18689388,0.30873397,-6.17934608,-7.85921383,-1.42295229,-0.902218282,-0.00435759127,0.117427915,0.0182771301,-0.020779624,-0.042,-0.042,0.0224272656,0.0370480764,-0.042,-0.042,-0.042,-0.042,-0.000522910953,0.0140913498,0.0182771301,0.042,0.0224272656,-0.042,-0.000522910953,0.042,-0.020779624,-0.042,0.0370480764,-0.042,-0.042,0.0140913498
726,22173657,-0.0642755032,-0.57653451,-0.00120315887,-2.05305386,0.0770094171,-0.417782873,-6.37458849,-8.10180378,-0.354311317,-2.0657239,-0.153098911,0.0497617051,-0.00771306038,-0.042,-0.000144379064,-0.042,0.00924113005,-0.042,-0.042,-0.042,-0.042,-0.042,-0.0183718693,0.00597140461,-0.00771306038,0.000144379064,0.00924113005,-0.042,-0.0183718693,0.042,-0.042,-0.042,-0.042,-0.042,-0.042,0.00597140461
727,22197522,0.315003276,-1.055933,1.32956457,-2.43023396,-0.310663432,-0.791085124,-6.50848341,-8.34022713,0.889932156,-2.81122351,0.0379180014,0.0436380766,0.0378003931,-0.042,0.042,-0.042,-0.0372796118,-0.042,-0.042,-0.042,0.042,-0.042,0.00455016017,0.0052365692,0.0378003931,-0.042,-0.0372796118,-0.042,0.00455016017,-0.042,-0.042,-0.042,-0.042,-0.042,-0.042,0.0052365692
728,22216415,0.670478404,-1.22774911,1.58407104,-2.50853777,-0.439294845,-1.21613598,-6.52305937,-8.66985703,0.814593494,-3.07742977,0.0835671127,0.0514234453,0.042,-0.042,0.042,-0.042,-0.042,-0.042,-0.042,-0.042,0.042,-0.042,0.0100280535,0.00617081344,0.042,-0.042,-0.042,-0.042,0.0100280535,-0.042,-0.042,-0.042,-0.042,-0.042,-0.042,0.00617081344
729,22236611,0.801656306,-1.17621624,1.42969406,-2.45286846,-0.31441772,-1.47845697,-6.59208965,-8.90264416,0.632393122,-2.95725083,0.100327089,-0.0290512368,0.042,-0.042,0.042,-0.042,-0.0377301264,-0.042,-0.042,-0.042,0.042,-0.042,0.0120392507,-0.00348614842,0.042,-0.042,-0.0377301264,-0.042,0.0120392507,-0.042,-0.042,-0.042,-0.042,-0.042,-0.042,-0.00348614842
730,22260487,0.641221344,-0.744947135,0.768376112,-2.43091297,0.132532954,-1.72703457,-6.68855572,-8.79655075,0.177932784,-2.5656333,0.110475577,-0.144134834,0.042,-0.042,0.042,-0.042,0.0159039545,-0.042,-0.042,-0.042,0.0213519341,-0.042,0.0132570693,-0.0172961801,0.042,-0.042,0.0159039545,-0.042,0.0132570693,-0.0213519341,-0.042,-0.042,-0.042,-0.042,-0.042,-0.0172961801
731,22275168,0.302853316,-0.0932492763,0.0152226798,-2.42171764,0.663358748,-1.8675456,-6.78900814,-8.49963093,-0.385215759,-2.1184938,0.0300750602,-0.170875445,0.0363423979,-0.0111899132,0.00182672158,-0.042,0.042,-0.042,-0.042,-0.042,-0.042,-0.042,0.00360900722,-0.0205050534,0.0363423979,-0.00182672158,0.042,-0.042,0.00360900722,0.042,-0.0111899132,-0.042,-0.042,-0.042,-0.042,-0.0205050534
732,22293337,0.0278685112,0.379847556,-0.569627762,-2.32842731,0.929284275,-1.76310587,-6.78952265,-8.25239849,-0.992340267,-1.79110789,-0.0284530222,-0.14835836,0.00334422134,0.042,-0.042,-0.042,0.042,-0.042,-0.042,-0.042,-0.042,-0.042,-0.00341436267,-0.0178030032,0.00334422134,0.042,0.042,-0.042,-0.00341436267,0.042,0.042,-0.042,-0.042,-0.042,-0.042,-0.0178030032
733,22318343,0.101737216,0.439734638,-0.781441689,-2.02452469,0.844893038,-1.35715508,-6.73540163,-8.14706421,-1.24069428,-1.57610345,0.0572153516,-0.0961022079,0.0122084659,0.042,-0.042,-0.042,0.042,-0.042,-0.042,-0.042,-0.042,-0.042,0.00686584219,-0.0115322649,0.0122084659,0.042,0.042,-0.042,0.00686584219,0.042,0.042,-0.042,-0.042,-0.042,-0.042,-0.0115322649
734,22333880,0.243778154,0.232620597,-0.691891551,-1.80253124,0.599752188,-0.871621788,-6.68394709,-8.17108154,-1.12587249,-1.57741261,0.125069439,0.0201381557,0.0292533785,0.0279144716,-0.042,-0.042,0.042,-0.042,-0.042,-0.042,-0.042,-0.042,0.0150083327,0.00241657868,0.0292533785,0.042,0.042,-0.042,0.0150083327,0.042,0.0279144716,-0.042,-0.042,-0.042,-0.042,0.00241657868
735,22356696,0.277433872,-0.132165194,-0.136314794,-1.99557757,0.304656148,-0.583723009,-6.63572598,-8.27535057,-0.527680695,-1.98317301,0.145368591,0.148044989,0.0332920647,-0.0158598232,-0.0163577753,-0.042,0.0365587378,-0.042,-0.042,-0.042,-0.042,-0.042,0.0174442309,0.0177653986,0.0332920647,0.0163577753,0.0365587378,-0.042,0.0174442309,0.042,-0.0158598232,-0.042,-0.042,-0.042,-0.042,0.0177653986
736,22373550,0.263990492,-0.678337514,1.18658984,-2.57572317,-0.0295777731,-0.766142488,-6.58895636,-8.31939697,0.805105209,-2.85929036,0.153383151,0.188385129,0.031678859,-0.042,0.042,-0.042,-0.00354933277,-0.042,-0.042,-0.042,0.042,-0.042,0.0184059781,0.0226062155,0.031678859,-0.042,-0.00354933277,-0.042,0.0184059781,-0.042,-0.042,-0.042,-0.042,-0.042,-0.042,0.0226062155
737,22411997,0.606213927,-0.934650123,1.73432755,-2.68547106,-0.223546267,-1.22199869,-6.42815971,-8.29561234,1.0321126,-3.38055706,0.10741806,0.244986951,0.042,-0.042,0.042,-0.042,-0.026825552,-0.042,-0.042,-0.042,0.042,-0.042,0.0128901672,0.0293984342,0.042,-0.042,-0.026825552,-0.042,0.0128901672,-0.042,-0.042,-0.042,-0.042,-0.042,-0.042,0.0293984342
738,22417667,0.805442929,-0.884554029,1.60283816,-2.56949472,-0.243983001,-1.38994169,-6.38889074,-8.25032043,0.765887558,-3.20631456,0.0852634981,0.118348531,0.042,-0.042,0.042,-0.042,-0.0292779601,-0.042,-0.042,-0.042,0.042,-0.042,0.0102316198,0.0142018238,0.042,-0.042,-0.0292779601,-0.042,0.0102316198,-0.042,-0.042,-0.042,-0.042,-0.042,-0.042,0.0142018238
739,22433660,0.777803183,-0.503072858,0.869887948,-2.42022514,0.118451647,-1.46003568,-6.51023197,-8.06087971,0.250130385,-2.64229012,0.0997914225,-0.13442494,0.042,-0.042,0.042,-0.042,0.0142141977,-0.042,-0.042,-0.042,0.0300156462,-0.042,0.0119749707,-0.0161309928,0.042,-0.042,0.0142141977,-0.042,0.0119749707,-0.0300156462,-0.042,-0.042,-0.042,-0.042,-0.042,-0.0161309928
740,22465393,0.536587298,0.286213458,-0.479897559,-2.18416691,0.830833137,-1.4507277,-6.69631624,-7.84919024,-0.769970179,-1.82373106,-0.00133970007,-0.292918682,0.042,0.0343456149,-0.042,-0.042,0.042,-0.042,-0.042,-0.042,-0.042,-0.042,-0.000160764009,-0.0351502419,0.042,0.042,0.042,-0.042,-0.000160764009,0.042,0.0343456149,-0.042,-0.042,-0.042,-0.042,-0.0351502419
741,22473638,0.486336738,0.929901421,-1.7744894,-1.36798406,1.22504425,-1.08789873,-6.78507566,-7.77664137,-2.14382887,-0.869656324,-0.11043606,-0.322184026,0.042,0.042,-0.042,-0.042,0.042,-0.042,-0.042,-0.042,-0.042,-0.042,-0.0132523271,-0.0386620831,0.042,0.042,0.042,-0.042,-0.0132523271,0.042,0.042,-0.042,-0.042,-0.042,-0.042,-0.0386620831
742,22493249,0.749290586,1.43572056,-2.51746202,0.649801373,1.24449754,-0.222281277,-6.74700785,-7.66360569,-2.79610848,0.563092351,-0.0746030957,-0.0299842432,0.042,0.042,-0.042,0.042,0.042,-0.0266737533,-0.042,-0.042,-0.042,0.042,-0.00895237148,-0.00359810919,0.042,0.042,0.042,-0.042,-0.00895237148,0.042,0.042,0.042,-0.0266737533,-0.042,0.042,-0.00359810919
743,22531955,0.943267882,1.5840168,-2.23483157,1.47198963,0.947915077,0.496462017,-6.38269186,-7.41117573,-2.73304081,0.941366017,-0.199876785,0.108351626,0.042,0.042,-0.042,0.042,0.042,0.042,-0.042,-0.042,-0.042,0.042,-0.0239852142,0.0130021951,0.042,0.042,0.042,-0.042,-0.0239852142,0.042,0.042,0.042,0.042,-0.042,0.042,0.0130021951
744,22535167,0.944645464,1.38867402,-2.1412704,1.47856927,0.655294836,0.769226491,-5.95737314,-7.09809923,-2.68128181,0.965546131,-0.201921463,0.168916807,0.042,0.042,-0.042,0.042,0.042,0.042,-0.042,-0.042,-0.042,0.042,-0.0242305756,0.0202700168,0.042,0.042,0.042,-0.042,-0.0242305756,0.042,0.042,0.042,0.042,-0.042,0.042,0.0202700168
745,22558444,0.792464435,0.927459836,-2.18219161,1.08639681,0.385646999,1.06063795,-5.76885128,-6.90075493,-2.54590535,0.728548944,-0.0663847625,-0.0186512321,0.042,0.042,-0.042,0.042,0.042,0.042,-0.042,-0.042,-0.042,0.042,-0.0079661715,-0.00223814785,0.042,0.042,0.042,-0.042,-0.0079661715,0.042,0.042,0.042,0.042,-0.042,0.042,-0.00223814785
746,22572674,0.33632189,0.323120922,-1.96837568,0.11439319,0.243960261,0.9695943,-5.90118933,-6.92503643,-1.90096056,-0.206330031,0.0123763457,-0.0872401372,0.0403586268,0.0387745106,-0.042,0.0137271827,0.0292752314,0.042,-0.042,-0.042,-0.042,-0.0247596037,0.00148516148,-0.0104688165,0.0403586268,0.042,0.0292752314,-0.042,0.00148516148,0.042,0.0387745106,0.0137271827,0.042,-0.042,-0.0247596037,-0.0104688165
747,22604297,-0.199977532,0.0471210182,-1.03291631,-1.20780075,0.177296728,0.150071457,-6.161973,-7.26434612,-1.04062045,-1.40749347,-0.0520402789,0.0852952376,-0.0239973038,0.00565452218,-0.042,-0.042,0.0212756073,0.0180085748,-0.042,-0.042,-0.042,-0.042,-0.00624483347,0.0102354285,-0.0239973038,0.042,0.0212756073,-0.042,-0.00624483347,0.042,0.00565452218,-0.042,0.0180085748,-0.042,-0.042,0.0102354285
748,22612696,-0.148266107,-0.556165099,0.524524808,-2.02337503,-0.0490356348,-0.409626991,-6.34327555,-7.55600929,0.209997237,-2.2069962,-0.117036082,-0.00688825455,-0.0177919328,-0.042,0.042,-0.042,-0.00588427618,-0.042,-0.042,-0.042,0.0251996684,-0.042,-0.0140443298,-0.000826590545,-0.0177919328,-0.042,-0.00588427618,-0.042,-0.0140443298,-0.0251996684,-0.042,-0.042,-0.042,-0.042,-0.042,-0.000826590545
749,22636218,0.264854521,-0.980631113,1.38185322,-2.37176752,-0.303729653,-0.774728537,-6.41312122,-7.87316561,0.894341111,-2.82470727,0.0520946383,-0.0425178409,0.0317825425,-0.042,0.042,-0.042,-0.0364475584,-0.042,-0.042,-0.042,0.042,-0.042,0.0062513566,-0.0051021409,0.0317825425,-0.042,-0.0364475584,-0.042,0.0062513566,-0.042,-0.042,-0.042,-0.042,-0.042,-0.042,-0.0051021409
750,22659548,0.540023088,-1.14003325,1.47391593,-2.43320227,-0.347051203,-1.14145076,-6.43972445,-8.25264645,0.765661836,-2.96270633,0.090270862,-0.0496591628,0.042,-0.042,0.042,-0.042,-0.0416461444,-0.042,-0.042,-0.042,0.042,-0.042,0.0108325034,-0.00595909953,0.042,-0.042,-0.0416461444,-0.042,0.0108325034,-0.042,-0.042,-0.042,-0.042,-0.042,-0.042,-0.00595909953
751,22674460,0.608573973,-1.00335705,1.07852805,-2.3698101,-0.0961260349,-1.40671349,-6.55150032,-8.43756676,0.463952601,-2.64942861,0.135559112,-0.218339279,0.042,-0.042,0.042,-0.042,-0.0115351242,-0.042,-0.042,-0.042,0.042,-0.042,0.0162670934,-0.0262007135,0.042,-0.042,-0.0115351242,-0.042,0.0162670934,-0.042,-0.042,-0.042,-0.042,-0.042,-0.042,-0.0262007135
752,22694984,0.418026,-0.41361931,0.156990483,-2.25236893,0.485512346,-1.62482727,-6.72314024,-8.33636284,-0.200127915,-2.044842,0.10531871,-0.359825075,0.042,-0.042,0.018838858,-0.042,0.042,-0.042,-0.042,-0.042,-0.0240153497,-0.042,0.0126382452,-0.042,0.042,-0.018838858,0.042,-0.042,0.0126382452,0.0240153497,-0.042,-0.042,-0.042,-0.042,-0.042,-0.042
753,22712737,0.0681558847,0.306824207,-0.882923722,-2.02860308,0.972336411,-1.60118067,-6.82519197,-8.23732376,-1.23250079,-1.57572496,-0.0708495602,-0.238446817,0.00817870617,0.0368189049,-0.042,-0.042,0.042,-0.042,-0.042,-0.042,-0.042,-0.042,-0.00850194722,-0.028613618,0.00817870617,0.042,0.042,-0.042,-0.00850194722,0.042,0.0368189049,-0.042,-0.042,-0.042,-0.042,-0.028613618
754,22744352,0.0831295624,0.683056235,-1.59288621,-1.39036047,1.03859866,-1.16320348,-6.83095741,-8.19539547,-2.00559187,-0.97597605,-0.0174988583,-0.151315033,0.00997554749,0.042,-0.042,-0.042,0.042,-0.042,-0.042,-0.042,-0.042,-0.042,-0.00209986299,-0.018157804,0.00997554749,0.042,0.042,-0.042,-0.00209986299,0.042,0.042,-0.042,-0.042,-0.042,-0.042,-0.018157804
755,22760589,0.363146931,0.798436642,-2.15639615,-0.0503015183,0.877075911,-0.254323512,-6.78997278,-8.17984486,-2.47682261,0.0352395773,0.0800879747,0.0310520791,0.042,0.042,-0.042,-0.00603618219,0.042,-0.0305188215,-0.042,-0.042,-0.042,0.00422874928,0.00961055696,0.00372624949,0.042,0.042,0.042,-0.042,0.00961055696,0.042,0.042,-0.00603618219,-0.0305188215,-0.042,0.00422874928,0.00372624949
756,22772452,0.70119375,0.970175624,-2.44021797,1.20895505,0.779972553,0.523377955,-6.58174706,-8.00667953,-2.89038944,1.00810587,0.0358875506,0.0965375528,0.042,0.042,-0.042,0.042,0.042,0.042,-0.042,-0.042,-0.042,0.042,0.00430650607,0.0115845063,0.042,0.042,0.042,-0.042,0.00430650607,0.042,0.042,0.042,0.042,-0.042,0.042,0.0115845063
757,22804927,0.950552642,0.827566803,-2.21823215,1.3682785,0.572165489,0.902346492,-6.2319994,-7.72889757,-2.85746121,1.13143337,-0.0343760252,-0.0143927196,0.042,0.042,-0.042,0.042,0.042,0.042,-0.042,-0.042,-0.042,0.042,-0.00412512302,-0.00172712635,0.042,0.042,0.042,-0.042,-0.00412512302,0.042,0.042,0.042,0.042,-0.042,0.042,-0.00172712635
758,22815408,0.857587636,0.522701979,-2.21270514,1.07058704,0.391865343,1.00883079,-5.99060631,-7.48986673,-2.66454697,0.856162906,-0.0382204354,-0.0525240004,0.042,0.042,-0.042,0.042,0.042,0.042,-0.042,-0.042,-0.042,0.042,-0.00458645225,-0.00630288005,0.042,0.042,0.042,-0.042,-0.00458645225,0.042,0.042,0.042,0.042,-0.042,0.042,-0.00630288005
759,22837316,0.458081365,-0.034817446,-1.83468747,0.169993237,0.166406065,0.908849835,-6.00263834,-7.4366641,-1.9313519,-0.059980832,0.047531195,-0.0675584003,0.042,-0.00417809352,-0.042,0.0203991884,0.0199687278,0.042,-0.042,-0.042,-0.042,-0.00719769984,0.0057037434,-0.00810700804,0.042,0.042,0.0199687278,-0.042,0.0057037434,0.042,-0.00417809352,0.0203991884,0.042,-0.042,-0.00719769984,-0.00810700804
760,22863111,-0.124821737,-0.271534771,-0.894601107,-1.3498565,0.11351534,0.0527383499,-6.21423388,-7.70426226,-0.93202287,-1.48163879,-0.0342849717,0.136591405,-0.0149786085,-0.0325841725,-0.042,-0.042,0.0136218408,0.00632860199,-0.042,-0.042,-0.042,-0.042,-0.0041141966,0.0163909686,-0.0149786085,0.042,0.0136218408,-0.042,-0.0041141966,0.042,-0.0325841725,-0.042,0.00632860199,-0.042,-0.042,0.0163909686
761,22880037,-0.0168192051,-0.832606614,0.777430296,-2.09043074,-0.139701247,-0.514651,-6.37620449,-7.94544601,0.463079929,-2.3652842,-0.0902553871,0.0499729514,-0.00201830462,-0.042,0.042,-0.042,-0.0167641497,-0.042,-0.042,-0.042,0.042,-0.042,-0.0108306465,0.00599675417,-0.00201830462,-0.042,-0.0167641497,-0.042,-0.0108306465,-0.042,-0.042,-0.042,-0.042,-0.042,-0.042,0.00599675417
762,22900027,0.376069129,-1.09620321,1.40686238,-2.32396746,-0.350895464,-0.966223657,-6.3925004,-8.23081303,0.830932975,-2.86234903,0.0477759503,0.0558849201,0.042,-0.042,0.042,-0.042,-0.042,-0.042,-0.042,-0.042,0.042,-0.042,0.00573311403,0.00670619041,0.042,-0.042,-0.042,-0.042,0.00573311403,-0.042,-0.042,-0.042,-0.042,-0.042,-0.042,0.00670619041
763,22921116,0.593935788,-1.13963103,1.44377351,-2.37629938,-0.344361097,-1.32630181,-6.39736366,-8.57234669,0.691345453,-2.94928694,0.0720210671,0.0751977414,0.042,-0.042,0.042,-0.042,-0.0413233316,-0.042,-0.042,-0.042,0.042,-0.042,0.00864252806,0.00902372897,0.042,-0.042,-0.0413233316,-0.042,0.00864252806,-0.042,-0.042,-0.042,-0.042,-0.042,-0.042,0.00902372897
764,22937122,0.591575205,-0.926816821,1.1281848,-2.36630678,-0.104221746,-1.58076167,-6.46227932,-8.69274044,0.42363888,-2.76985693,0.108008832,-0.0136305513,0.042,-0.042,0.042,-0.042,-0.0125066096,-0.042,-0.042,-0.042,0.042,-0.042,0.0129610598,-0.00163566615,0.042,-0.042,-0.0125066096,-0.042,0.0129610598,-0.042,-0.042,-0.042,-0.042,-0.042,-0.042,-0.00163566615
765,22955375,0.383429974,-0.35299778,0.382636368,-2.38610554,0.400841802,-1.79818749,-6.6100297,-8.51568222,-0.0609662533,-2.30104399,0.09988074,-0.161076963,0.042,-0.042,0.042,-0.042,0.042,-0.042,-0.042,-0.042,-0.00731595039,-0.042,0.0119856888,-0.0193292356,0.042,-0.042,0.042,-0.042,0.0119856888,0.00731595039,-0.042,-0.042,-0.042,-0.042,-0.042,-0.0193292356
766,22973751,0.0857521296,0.306506366,-0.409822762,-2.30810928,0.856097817,-1.82273126,-6.69805956,-8.27541828,-0.747403324,-1.88089299,0.00713474303,-0.149691492,0.0102902555,0.0367807639,-0.042,-0.042,0.042,-0.042,-0.042,-0.042,-0.042,-0.042,0.000856169164,-0.0179629791,0.0102902555,0.042,0.042,-0.042,0.000856169164,0.042,0.0367807639,-0.042,-0.042,-0.042,-0.042,-0.0179629791
767,23005015,0.0877506584,0.67697382,-1.14815605,-1.90139413,1.0046531,-1.51543963,-6.70052147,-8.18436718,-1.53386021,-1.41624963,-0.00218470767,-0.114604823,0.010530079,0.042,-0.042,-0.042,0.042,-0.042,-0.042,-0.042,-0.042,-0.042,-0.000262164921,-0.0137525788,0.010530079,0.042,0.042,-0.042,-0.000262164921,0.042,0.042,-0.042,-0.042,-0.042,-0.042,-0.0137525788
768,23016868,0.366541147,0.831963122,-1.78581429,-0.944522262,0.940972686,-0.817784488,-6.72234297,-8.19616413,-2.1028564,-0.713698626,0.0938947946,-0.00435496867,0.042,0.042,-0.042,-0.042,0.042,-0.042,-0.042,-0.042,-0.042,-0.042,0.0112673753,-0.00052259624,0.042,0.042,0.042,-0.042,0.0112673753,0.042,0.042,-0.042,-0.042,-0.042,-0.042,-0.00052259624
769,23033584,0.671085536,0.955543995,-2.38609409,0.667467415,0.872927487,0.115806416,-6.63858747,-8.14194965,-2.69815588,0.585834026,0.0788959488,0.0846765786,0.042,0.042,-0.042,0.042,0.042,0.0138967699,-0.042,-0.042,-0.042,0.042,0.00946751386,0.0101611894,0.042,0.042,0.042,-0.042,0.00946751386,0.042,0.042,0.042,0.0138967699,-0.042,0.042,0.0101611894
770,23063670,0.971903086,0.963971019,-2.27422547,1.32597506,0.717483938,0.690917253,-6.32941008,-7.90337992,-2.86422729,1.10684907,-0.0173214599,-0.0126566226,0.042,0.042,-0.042,0.042,0.042,0.042,-0.042,-0.042,-0.042,0.042,-0.00207857519,-0.00151879471,0.042,0.042,0.042,-0.042,-0.00207857519,0.042,0.042,0.042,0.042,-0.042,0.042,-0.00151879471
771,23077353,1.00305998,0.784787893,-2.19861484,1.27575839,0.53337276,0.877901435,-6.01193476,-7.60405302,-2.78394341,1.03388953,-0.0979586318,-0.0139539661,0.042,0.042,-0.042,0.042,0.042,0.042,-0.042,-0.042,-0.042,0.042,-0.0117550358,-0.00167447593,0.042,0.042,0.042,-0.042,-0.0117550358,0.042,0.042,0.042,0.042,-0.042,0.042,-0.00167447593
772,23099961,0.780522048,0.394201994,-2.07023668,0.83496958,0.307661355,0.978250802,-5.85939932,-7.41940498,-2.40864158,0.575264931,-0.0428709611,-0.0488950647,0.042,0.042,-0.042,0.042,0.0369193625,0.042,-0.042,-0.042,-0.042,0.042,-0.00514451534,-0.00586740777,0.042,0.042,0.0369193625,-0.042,-0.00514451534,0.042,0.042,0.042,0.042,-0.042,0.042,-0.00586740777
773,23113577,0.291470557,-0.0175112449,-1.66623771,-0.237167835,0.166354716,0.634194613,-6.00711679,-7.42815971,-1.6509347,-0.49076131,0.0208693314,0.00840502698,0.0349764669,-0.00210134938,-0.042,-0.0284601402,0.0199625659,0.042,-0.042,-0.042,-0.042,-0.042,0.00250431977,0.00100860324,0.0349764669,0.042,0.0199625659,-0.042,0.00250431977,0.042,-0.00210134938,-0.0284601402,0.042,-0.042,-0.042,0.00100860324
774,23136303,-0.151718244,-0.211522639,-0.659965634,-1.63027871,0.192975342,-0.189629257,-6.22743607,-7.71512461,-0.846655846,-1.64916372,-0.146912694,0.0380746759,-0.0182061893,-0.0253827167,-0.042,-0.042,0.0231570411,-0.0227555108,-0.042,-0.042,-0.042,-0.042,-0.0176295233,0.00456896111,-0.0182061893,0.042,0.0231570411,-0.042,-0.0176295233,0.042,-0.0253827167,-0.042,-0.0227555108,-0.042,-0.042,0.00456896111
775,23154930,0.0900620148,-0.720545411,0.940693021,-2.22628069,-0.13620688,-0.612658441,-6.38521814,-7.94599104,0.624108613,-2.46513414,-0.0173273981,-0.0356568359,0.0108074418,-0.042,0.042,-0.042,-0.0163448256,-0.042,-0.042,-0.042,0.042,-0.042,-0.00207928777,-0.00427882031,0.0108074418,-0.042,-0.0163448256,-0.042,-0.00207928777,-0.042,-0.042,-0.042,-0.042,-0.042,-0.042,-0.00427882031
776,23175885,0.478523493,-1.01133478,1.46870613,-2.42313671,-0.352612317,-1.03056479,-6.39966345,-8.2592411,0.855643868,-2.981879,0.0758410543,0.0441779234,0.042,-0.042,0.042,-0.042,-0.042,-0.042,-0.042,-0.042,0.042,-0.042,0.00910092652,0.0053013508,0.042,-0.042,-0.042,-0.042,0.00910092652,-0.042,-0.042,-0.042,-0.042,-0.042,-0.042,0.0053013508
777,23198361,0.656964302,-1.04011762,1.41169655,-2.36324406,-0.310119569,-1.33532631,-6.41884613,-8.56877232,0.689206541,-2.9656055,0.0991868824,0.0576585829,0.042,-0.042,0.042,-0.042,-0.0372143483,-0.042,-0.042,-0.042,0.042,-0.042,0.0119024259,0.00691902995,0.042,-0.042,-0.0372143483,-0.042,0.0119024259,-0.042,-0.042,-0.042,-0.042,-0.042,-0.042,0.00691902995
778,23214683,0.597480178,-0.723829865,0.881081223,-2.28984356,0.0480077565,-1.54876494,-6.52268171,-8.61663437,0.288955599,-2.6141274,0.131510228,-0.0634543523,0.042,-0.042,0.042,-0.042,0.00576093078,-0.042,-0.042,-0.042,0.0346746719,-0.042,0.0157812274,-0.00761452228,0.042,-0.042,0.00576093078,-0.042,0.0157812274,-0.0346746719,-0.042,-0.042,-0.042,-0.042,-0.042,-0.00761452228
779,23237706,0.321367264,-0.058356449,-0.0212930925,-2.24922752,0.626957655,-1.69018865,-6.6928401,-8.4357214,-0.361750036,-2.06093168,0.0671885237,-0.178640023,0.0385640717,-0.00700277388,-0.0025551711,-0.042,0.042,-0.042,-0.042,-0.042,-0.042,-0.042,0.00806262285,-0.0214368027,0.0385640717,0.0025551711,0.042,-0.042,0.00806262285,0.042,-0.00700277388,-0.042,-0.042,-0.042,-0.042,-0.0214368027
780,23254054,0.0391499959,0.578886509,-1.01017249,-2.02358961,1.02662969,-1.58371425,-6.77884293,-8.28957748,-1.38520503,-1.54242742,-0.0602974296,-0.181395292,0.00469799951,0.042,-0.042,-0.042,0.042,-0.042,-0.042,-0.042,-0.042,-0.042,-0.00723569155,-0.0217674351,0.00469799951,0.042,0.042,-0.042,-0.00723569155,0.042,0.042,-0.042,-0.042,-0.042,-0.042,-0.0217674351
781,23279446,0.212694928,0.885296583,-1.73808217,-1.19581926,1.07585371,-1.06052005,-6.80217266,-8.23809338,-2.09389997,-0.845483482,0.0212445855,-0.126736507,0.0255233914,0.042,-0.042,-0.042,0.042,-0.042,-0.042,-0.042,-0.042,-0.042,0.00254935026,-0.0152083808,0.0255233914,0.042,0.042,-0.042,0.00254935026,0.042,0.042,-0.042,-0.042,-0.042,-0.042,-0.0152083808
782,23295275,0.540770173,1.04495037,-2.37540293,0.445838839,0.976004362,-0.105186179,-6.74000835,-8.16546535,-2.64828897,0.405195683,0.0668831766,0.0254926868,0.042,0.042,-0.042,0.042,0.042,-0.0126223415,-0.042,-0.042,-0.042,0.042,0.00802598119,0.00305912241,0.042,0.042,0.042,-0.042,0.00802598119,0.042,0.042,0.042,-0.0126223415,-0.042,0.042,0.00305912241
783,23317056,0.853095651,1.15004396,-2.29548573,1.30965793,0.777355433,0.582966864,-6.43128157,-7.89580631,-2.81129265,1.02742207,-0.0340395421,0.0355974324,0.042,0.042,-0.042,0.042,0.042,0.042,-0.042,-0.042,-0.042,0.042,-0.00408474505,0.00427169189,0.042,0.042,0.042,-0.042,-0.00408474505,0.042,0.042,0.042,0.042,-0.042,0.042,0.00427169189
784,23335476,0.955243587,0.94387728,-2.16511273,1.3030895,0.569628239,0.840528786,-6.07112789,-7.59167671,-2.75415611,1.0226208,-0.0861584321,0.0162779391,0.042,0.042,-0.042,0.042,0.042,0.042,-0.042,-0.042,-0.042,0.042,-0.0103390118,0.00195335269,0.042,0.042,0.042,-0.042,-0.0103390118,0.042,0.042,0.042,0.042,-0.042,0.042,0.00195335269
785,23354874,0.784260094,0.52651608,-2.11211848,0.881250083,0.353258252,0.980963588,-5.88984489,-7.38863564,-2.47983837,0.647374451,-0.0294999629,-0.0576510839,0.042,0.042,-0.042,0.042,0.042,0.042,-0.042,-0.042,-0.042,0.042,-0.00353999555,-0.00691813007,0.042,0.042,0.042,-0.042,-0.00353999555,0.042,0.042,0.042,0.042,-0.042,0.042,-0.00691813007
786,23375859,0.312192917,0.0111420527,-1.70266938,-0.165169895,0.174641758,0.721434653,-6.01778984,-7.37081909,-1.70923686,-0.405630171,0.0287772007,-0.0337519385,0.03746315,0.00133704633,-0.042,-0.0198203874,0.020957011,0.042,-0.042,-0.042,-0.042,-0.042,0.00345326409,-0.00405023262,0.03746315,0.042,0.020957011,-0.042,0.00345326409,0.042,0.00133704633,-0.0198203874,0.042,-0.042,-0.042,-0.00405023262
787,23395003,-0.189675122,-0.253929406,-0.63829422,-1.68171525,0.155615032,-0.122579098,-6.25665188,-7.66022301,-0.820612133,-1.70677531,-0.127339572,0.0379006229,-0.0227610147,-0.0304715288,-0.042,-0.042,0.0186738038,-0.0147094917,-0.042,-0.042,-0.042,-0.042,-0.0152807486,0.00454807475,-0.0227610147,0.042,0.0186738038,-0.042,-0.0152807486,0.042,-0.0304715288,-0.042,-0.0147094917,-0.042,-0.042,0.00454807475
788,23421908,0.0842199773,-0.836091518,1.04330289,-2.25812864,-0.193130434,-0.586606741,-6.42389536,-7.89101553,0.699685574,-2.53305507,-0.016249381,-0.0347604305,0.0101063973,-0.042,0.042,-0.042,-0.023175652,-0.042,-0.042,-0.042,0.042,-0.042,-0.00194992572,-0.00417125165,0.0101063973,-0.042,-0.023175652,-0.042,-0.00194992572,-0.042,-0.042,-0.042,-0.042,-0.042,-0.042,-0.00417125165
789,23434766,0.509719551,-1.0834533,1.51419544,-2.43483591,-0.393125147,-1.03803718,-6.42793226,-8.21147442,0.834286869,-3.03983355,0.0806262642,0.0755005851,0.042,-0.042,0.042,-0.042,-0.042,-0.042,-0.042,-0.042,0.042,-0.042,0.00967515171,0.00906007022,0.042,-0.042,-0.042,-0.042,0.00967515171,-0.042,-0.042,-0.042,-0.042,-0.042,-0.042,0.00906007022
790,23457039,0.694987774,-1.09943902,1.47147822,-2.38022518,-0.343475491,-1.34672499,-6.43729877,-8.52456665,0.684396982,-3.00319195,0.0967972055,0.0996761248,0.042,-0.042,0.042,-0.042,-0.0412170589,-0.042,-0.042,-0.042,0.042,-0.042,0.0116156647,0.011961135,0.042,-0.042,-0.0412170589,-0.042,0.0116156647,-0.042,-0.042,-0.042,-0.042,-0.042,-0.042,0.011961135
791,23473676,0.639996529,-0.811509728,1.00611591,-2.31155348,-0.021197211,-1.56632841,-6.51763535,-8.56265259,0.343115956,-2.69035149,0.128339484,-0.0426419452,0.042,-0.042,0.042,-0.042,-0.00254366532,-0.042,-0.042,-0.042,0.0411739147,-0.042,0.0154007381,-0.00511703342,0.042,-0.042,-0.00254366532,-0.042,0.0154007381,-0.0411739147,-0.042,-0.042,-0.042,-0.042,-0.042,-0.00511703342
792,23497338,0.354597956,-0.18209523,0.199933946,-2.30935049,0.520706117,-1.73916626,-6.66080856,-8.34526062,-0.206898183,-2.19825268,0.0833639205,-0.147277713,0.042,-0.0218514276,0.0239920735,-0.042,0.042,-0.042,-0.042,-0.042,-0.0248277819,-0.042,0.0100036705,-0.0176733255,0.042,-0.0239920735,0.042,-0.042,0.0100036705,0.0248277819,-0.0218514276,-0.042,-0.042,-0.042,-0.042,-0.0176733255
793,23517745,-0.00802335516,0.429919332,-0.59261632,-2.24881649,0.921448171,-1.72201383,-6.73468781,-8.12950134,-0.968930364,-1.78439844,-0.0294743851,-0.153735384,-0.000962802619,0.042,-0.042,-0.042,0.042,-0.042,-0.042,-0.042,-0.042,-0.042,-0.00353692621,-0.0184482461,-0.000962802619,0.042,0.042,-0.042,-0.00353692621,0.042,0.042,-0.042,-0.042,-0.042,-0.042,-0.0184482461
794,23534544,0.0407413915,0.688891053,-1.23392069,-1.81931329,1.00015783,-1.37388146,-6.72877216,-8.07025051,-1.65595806,-1.3228476,-0.00632587075,-0.169464707,0.00488896698,0.042,-0.042,-0.042,0.042,-0.042,-0.042,-0.042,-0.042,-0.042,-0.00075910449,-0.0203357649,0.00488896698,0.042,0.042,-0.042,-0.00075910449,0.042,0.042,-0.042,-0.042,-0.042,-0.042,-0.0203357649
795,23555363,0.317331791,0.772806883,-1.76437259,-0.942045927,0.900939405,-0.687841475,-6.75721693,-8.11396599,-2.10262656,-0.709888279,0.088514626,-0.0541410185,0.0380798149,0.042,-0.042,-0.042,0.042,-0.042,-0.042,-0.042,-0.042,-0.042,0.0106217551,-0.00649692222,0.0380798149,0.042,0.042,-0.042,0.0106217551,0.042,0.042,-0.042,-0.042,-0.042,-0.042,-0.00649692222
796,23574674,0.585218847,0.812517405,-2.30586147,0.465752631,0.81922698,0.121201724,-6.71843338,-8.10719872,-2.59861207,0.409836143,0.0826135427,0.0478606373,0.042,0.042,-0.042,0.042,0.042,0.0145442069,-0.042,-0.042,-0.042,0.042,0.00991362512,0.00574327648,0.042,0.042,0.042,-0.042,0.00991362512,0.042,0.042,0.042,0.0145442069,-0.042,0.042,0.00574327648
797,23595089,0.867716908,0.840955436,-2.3636477,1.25288153,0.727180779,0.649415851,-6.50227976,-7.93373585,-2.87679458,1.06387198,0.0250914972,-0.00445879437,0.042,0.042,-0.042,0.042,0.042,0.042,-0.042,-0.042,-0.042,0.042,0.00301097967,-0.000535055324,0.042,0.042,0.042,-0.042,0.00301097967,0.042,0.042,0.042,0.042,-0.042,0.042,-0.000535055324
798,23614899,0.951853096,0.66703546,-2.23199272,1.24114823,0.550846577,0.874505579,-6.21900272,-7.6742444,-2.80352116,1.04098189,-0.0610807762,-0.0426508188,0.042,0.042,-0.042,0.042,0.042,0.042,-0.042,-0.042,-0.042,0.042,-0.00732969314,-0.00511809826,0.042,0.042,0.042,-0.042,-0.00732969314,0.042,0.042,0.042,0.042,-0.042,0.042,-0.00511809826
799,23636571,0.73947227,0.338937521,-2.15815306,0.785662949,0.363810331,0.942378163,-6.05725384,-7.50692797,-2.45786381,0.562198162,-0.0365314037,-0.0364699923,0.042,0.0406725025,-0.042,0.042,0.042,0.042,-0.042,-0.042,-0.042,0.042,-0.00438376844,-0.00437639907,0.042,0.042,0.042,-0.042,-0.00438376844,0.042,0.0406725025,0.042,0.042,-0.042,0.042,-0.00437639907
800,23655209,0.285440475,-0.0613688529,-1.70299721,-0.230061755,0.205035508,0.605101585,-6.1706624,-7.50586939,-1.70977163,-0.453879476,0.0140652917,0.00556063885,0.034252857,-0.00736426234,-0.042,-0.0276074106,0.0246042609,0.042,-0.042,-0.042,-0.042,-0.042,0.00168783501,0.000667276662,0.034252857,0.042,0.0246042609,-0.042,0.00168783501,0.042,-0.00736426234,-0.0276074106,0.042,-0.042,-0.042,0.000667276662
801,23681433,-0.159868971,-0.26126352,-0.663795471,-1.72703016,0.202745795,-0.22084251,-6.38387728,-7.78433228,-0.860911369,-1.70656896,-0.146871656,0.045896221,-0.0191842765,-0.0313516223,-0.042,-0.042,0.0243294954,-0.0265011013,-0.042,-0.042,-0.042,-0.042,-0.0176245987,0.00550754651,-0.0191842765,0.042,0.0243294954,-0.042,-0.0176245987,0.042,-0.0313516223,-0.042,-0.0265011013,-0.042,-0.042,0.00550754651
802,23693865,0.109061264,-0.833631039,1.05292737,-2.29369974,-0.174668208,-0.671200931,-6.52955627,-8.0092783,0.698411226,-2.56874132,-0.0228433013,-0.000889851712,0.0130873516,-0.042,0.042,-0.042,-0.0209601849,-0.042,-0.042,-0.042,0.042,-0.042,-0.00274119616,-0.000106782205,0.0130873516,-0.042,-0.0209601849,-0.042,-0.00274119616,-0.042,-0.042,-0.042,-0.042,-0.042,-0.042,-0.000106782205
803,23713882,0.513163209,-1.07647157,1.49892807,-2.44634676,-0.381160349,-1.1251024,-6.51209784,-8.32586098,0.800832093,-3.06238627,0.0574747436,0.1059701,0.042,-0.042,0.042,-0.042,-0.042,-0.042,-0.042,-0.042,0.042,-0.042,0.00689696923,0.0127164119,0.042,-0.042,-0.042,-0.042,0.00689696923,-0.042,-0.042,-0.042,-0.042,-0.042,-0.042,0.0127164119
804,23734477,0.675359488,-1.07855773,1.44663954,-2.41455317,-0.331739008,-1.4383229,-6.5177846,-8.64332294,0.661043704,-3.01922464,0.080119893,0.103784762,0.042,-0.042,0.042,-0.042,-0.039808681,-0.042,-0.042,-0.042,0.042,-0.042,0.00961438715,0.0124541715,0.042,-0.042,-0.039808681,-0.042,0.00961438715,-0.042,-0.042,-0.042,-0.042,-0.042,-0.042,0.0124541715
805,23755251,0.602695167,-0.741016865,0.913323402,-2.38716555,0.029977724,-1.66899359,-6.59810543,-8.67654324,0.274001032,-2.68170285,0.113481984,-0.0471097343,0.042,-0.042,0.042,-0.042,0.00359732687,-0.042,-0.042,-0.042,0.0328801239,-0.042,0.013617838,-0.00565316811,0.042,-0.042,0.00359732687,-0.042,0.013617838,-0.0328801239,-0.042,-0.042,-0.042,-0.042,-0.042,-0.00565316811
806,23775930,0.338286668,-0.0698638633,0.0220436268,-2.35689259,0.613753021,-1.81707919,-6.74819946,-8.46431065,-0.347572416,-2.12112761,0.0611217543,-0.187965766,0.0405944002,-0.00838366359,0.00264523521,-0.042,0.042,-0.042,-0.042,-0.042,-0.0417086899,-0.042,0.00733461052,-0.0225558919,0.0405944002,-0.00264523521,0.042,-0.042,0.00733461052,0.0417086899,-0.00838366359,-0.042,-0.042,-0.042,-0.042,-0.0225558919
807,23793606,0.0690421611,0.5561831,-0.900581241,-2.12250948,1.01623189,-1.71854329,-6.8090353,-8.28544331,-1.27535963,-1.62244582,-0.0359322578,-0.161421567,0.00828505933,0.042,-0.042,-0.042,0.042,-0.042,-0.042,-0.042,-0.042,-0.042,-0.00431187093,-0.0193705881,0.00828505933,0.042,0.042,-0.042,-0.00431187093,0.042,0.042,-0.042,-0.042,-0.042,-0.042,-0.0193705881
808,23828698,0.215634882,0.8044765,-1.55677116,-1.40533948,1.04774642,-1.21140766,-6.80478525,-8.23136139,-1.94106495,-1.01333356,0.0435224585,-0.116521902,0.0258761859,0.042,-0.042,-0.042,0.042,-0.042,-0.042,-0.042,-0.042,-0.042,0.00522269502,-0.0139826283,0.0258761859,0.042,0.042,-0.042,0.00522269502,0.042,0.042,-0.042,-0.042,-0.042,-0.042,-0.0139826283
809,23843568,0.465591162,0.862538397,-2.14051223,-0.0608008131,0.897425473,-0.307186067,-6.75636292,-8.21974945,-2.45838642,0.00700379815,0.101727292,0.0305951573,0.042,0.042,-0.042,-0.00729609758,0.042,-0.0368623281,-0.042,-0.042,-0.042,0.000840455778,0.012207275,0.00367141888,0.042,0.042,0.042,-0.042,0.012207275,0.042,0.042,-0.00729609758,-0.0368623281,-0.042,0.000840455778,0.00367141888
810,23858755,0.788387895,1.01892281,-2.45960855,1.21046221,0.811599672,0.492419183,-6.53012705,-8.06534863,-2.9055419,1.0217768,0.0439261384,0.0694039166,0.042,0.042,-0.042,0.042,0.042,0.042,-0.042,-0.042,-0.042,0.042,0.00527113661,0.00832846999,0.042,0.042,0.042,-0.042,0.00527113661,0.042,0.042,0.042,0.042,-0.042,0.042,0.00832846999
811,23880767,1.02085948,0.858792305,-2.25804448,1.36273289,0.607837319,0.905398965,-6.17710829,-7.80203104,-2.89417124,1.15025127,-0.0345931351,-0.0550994091,0.042,0.042,-0.042,0.042,0.042,0.042,-0.042,-0.042,-0.042,0.042,-0.00415117621,-0.00661192909,0.042,0.042,0.042,-0.042,-0.00415117621,0.042,0.042,0.042,0.042,-0.042,0.042,-0.00661192909
812,23898702,0.928405106,0.512980759,-2.25525594,1.08078122,0.430431247,1.06161821,-5.90825891,-7.58185959,-2.7075491,0.886667252,-0.0242171735,-0.075381726,0.042,0.042,-0.042,0.042,0.042,0.042,-0.042,-0.042,-0.042,0.042,-0.00290606081,-0.00904580712,0.042,0.042,0.042,-0.042,-0.00290606081,0.042,0.042,0.042,0.042,-0.042,0.042,-0.00904580712
813,23917809,0.528363824,0.0128788911,-1.94104576,0.249873102,0.236696213,0.967436373,-5.88881063,-7.53660965,-2.02113223,0.0172306392,0.0335044339,-0.0587633364,0.042,0.00154546693,-0.042,0.0299847722,0.0284035456,0.042,-0.042,-0.042,-0.042,0.00206767671,0.00402053207,-0.00705160037,0.042,0.042,0.0284035456,-0.042,0.00402053207,0.042,0.00154546693,0.0299847722,0.042,-0.042,0.00206767671,-0.00705160037
814,23933875,-0.0323762037,-0.215866357,-1.05981994,-1.19603741,0.148274839,0.159947053,-6.10843086,-7.78265858,-1.07838881,-1.33491457,-0.0219418481,0.160957426,-0.00388514444,-0.0259039629,-0.042,-0.042,0.0177929807,0.0191936463,-0.042,-0.042,-0.042,-0.042,-0.00263302177,0.0193148911,-0.00388514444,0.042,0.0177929807,-0.042,-0.00263302177,0.042,-0.0259039629,-0.042,0.0191936463,-0.042,-0.042,0.0193148911
815,23957146,-0.0367557891,-0.665380836,0.427877873,-2.11856651,0.00792466104,-0.470518857,-6.30084753,-8.02358055,0.038350787,-2.19836974,-0.163049668,-0.0300756618,-0.00441069469,-0.042,0.042,-0.042,0.000950959325,-0.042,-0.042,-0.042,0.00460209444,-0.042,-0.0195659602,-0.00360907942,-0.00441069469,-0.042,0.000950959325,-0.042,-0.0195659602,-0.00460209444,-0.042,-0.042,-0.042,-0.042,-0.042,-0.00360907942
816,23981849,0.33358413,-1.03714335,1.38881099,-2.38515425,-0.298425466,-0.851893723,-6.39090443,-8.27662659,0.908495009,-2.80221033,0.0660271794,-0.0402721167,0.0400300956,-0.042,0.042,-0.042,-0.0358110559,-0.042,-0.042,-0.042,0.042,-0.042,0.00792326152,-0.004832654,0.0400300956,-0.042,-0.0358110559,-0.042,0.00792326152,-0.042,-0.042,-0.042,-0.042,-0.042,-0.042,-0.004832654
817,23992777,0.604748845,-1.12660551,1.46052563,-2.38698626,-0.350813866,-1.24074852,-6.41089106,-8.60438061,0.78475064,-2.96099305,0.11659307,-0.0207290128,0.042,-0.042,0.042,-0.042,-0.042,-0.042,-0.042,-0.042,0.042,-0.042,0.0139911684,-0.00248748153,0.042,-0.042,-0.042,-0.042,0.0139911684,-0.042,-0.042,-0.042,-0.042,-0.042,-0.042,-0.00248748153
818,24018954,0.636805952,-0.940057039,1.0971663,-2.30754375,-0.120015576,-1.48421395,-6.50375891,-8.78485584,0.469338775,-2.73610973,0.135436654,-0.0803286657,0.042,-0.042,0.042,-0.042,-0.0144018692,-0.042,-0.042,-0.042,0.042,-0.042,0.0162523985,-0.00963943988,0.042,-0.042,-0.0144018692,-0.042,0.0162523985,-0.042,-0.042,-0.042,-0.042,-0.042,-0.042,-0.00963943988
819,24033766,0.415321529,-0.335774601,0.215940744,-2.28057384,0.459178954,-1.72012806,-6.66730499,-8.65808678,-0.14657706,-2.18724036,0.104789332,-0.199891403,0.042,-0.0402929521,0.0259128892,-0.042,0.042,-0.042,-0.042,-0.042,-0.0175892472,-0.042,0.0125747198,-0.0239869684,0.042,-0.0259128892,0.042,-0.042,0.0125747198,0.0175892472,-0.0402929521,-0.042,-0.042,-0.042,-0.042,-0.0239869684
820,24053759,0.107896581,0.400859296,-0.87723434,-2.05671167,1.0091033,-1.71801829,-6.77870369,-8.50074005,-1.16549945,-1.63855922,-0.0559007525,-0.172928751,0.0129475898,0.042,-0.042,-0.042,0.042,-0.042,-0.042,-0.042,-0.042,-0.042,-0.00670809031,-0.0207514501,0.0129475898,0.042,0.042,-0.042,-0.00670809031,0.042,0.042,-0.042,-0.042,-0.042,-0.042,-0.0207514501
821,24086729,0.185781956,0.821720541,-1.70665514,-1.33499348,1.14285398,-1.27226162,-6.7889533,-8.41324615,-2.07806277,-0.925150156,-0.0292730927,-0.146726429,0.0222938347,0.042,-0.042,-0.042,0.042,-0.042,-0.042,-0.042,-0.042,-0.042,-0.00351277113,-0.0176071715,0.0222938347,0.042,0.042,-0.042,-0.00351277113,0.042,0.042,-0.042,-0.042,-0.042,-0.042,-0.0176071715
822,24093704,0.531056583,1.02068901,-2.36298704,0.306583107,1.05056953,-0.297526747,-6.72886467,-8.32665348,-2.6418221,0.300554872,0.0646226034,0.00970762037,0.042,0.042,-0.042,0.0367899728,0.042,-0.0357032096,-0.042,-0.042,-0.042,0.0360665846,0.0077547124,0.00116491444,0.042,0.042,0.042,-0.042,0.0077547124,0.042,0.042,0.0367899728,-0.0357032096,-0.042,0.0360665846,0.00116491444
823,24123312,0.855072856,1.15069771,-2.32081437,1.29871929,0.819075048,0.536815226,-6.40102673,-8.07451248,-2.83204746,1.01072335,-0.0243920758,0.0639493614,0.042,0.042,-0.042,0.042,0.042,0.042,-0.042,-0.042,-0.042,0.042,-0.0029270491,0.00767392337,0.042,0.042,0.042,-0.042,-0.0029270491,0.042,0.042,0.042,0.042,-0.042,0.042,0.00767392337
824,24135726,0.983181179,0.99279356,-2.15923834,1.33726299,0.603545308,0.834196866,-6.02300787,-7.77368164,-2.75464368,1.01132441,-0.112091072,0.0442583859,0.042,0.042,-0.042,0.042,0.042,0.042,-0.042,-0.042,-0.042,0.042,-0.0134509286,0.00531100631,0.042,0.042,0.042,-0.042,-0.0134509286,0.042,0.042,0.042,0.042,-0.042,0.042,0.00531100631
825,24155263,0.846714079,0.592664719,-2.16815495,0.927247107,0.391069323,1.01563168,-5.80735397,-7.5697031,-2.55733657,0.680744708,-0.0268126726,-0.0460802652,0.042,0.042,-0.042,0.042,0.042,0.042,-0.042,-0.042,-0.042,0.042,-0.00321752071,-0.00552963182,0.042,0.042,0.042,-0.042,-0.00321752071,0.042,0.042,0.042,0.042,-0.042,0.042,-0.00552963182
826,24178458,0.421648651,0.0221799538,-1.76092172,-0.118718602,0.188538283,0.833562672,-5.9009223,-7.56192398,-1.78240848,-0.373073012,0.052472055,-0.0499240942,0.042,0.00266159445,-0.042,-0.0142462322,0.022624594,0.042,-0.042,-0.042,-0.042,-0.042,0.0062966466,-0.00599089131,0.042,0.042,0.022624594,-0.042,0.0062966466,0.042,0.00266159445,-0.0142462322,0.042,-0.042,-0.042,-0.00599089131
827,24192855,-0.0987306088,-0.257463455,-0.681794524,-1.66367459,0.130750328,-0.0201529711,-6.14329672,-7.86048269,-0.824955404,-1.71989238,-0.0806698725,0.0694925264,-0.0118476731,-0.0308956146,-0.042,-0.042,0.0156900394,-0.00241835654,-0.042,-0.042,-0.042,-0.042,-0.0096803847,0.00833910316,-0.0118476731,0.042,0.0156900394,-0.042,-0.0096803847,0.042,-0.0308956146,-0.042,-0.00241835654,-0.042,-0.042,0.00833910316
828,24217219,0.108429268,-0.82630384,0.98963809,-2.21152115,-0.181900606,-0.517657518,-6.32196045,-8.07982826,0.664701343,-2.49448133,-0.0170823932,-0.0494138747,0.0130115122,-0.042,0.042,-0.042,-0.0218280727,-0.042,-0.042,-0.042,0.042,-0.042,-0.00204988718,-0.00592966497,0.0130115122,-0.042,-0.0218280727,-0.042,-0.00204988718,-0.042,-0.042,-0.042,-0.042,-0.042,-0.042,-0.00592966497
829,24234937,0.465073586,-1.0927124,1.47777569,-2.38361692,-0.35902822,-0.938159347,-6.3569088,-8.37558937,0.867769718,-2.9384563,0.0813031048,-0.00976287853,0.042,-0.042,0.042,-0.042,-0.042,-0.042,-0.042,-0.042,0.042,-0.042,0.00975637257,-0.00117154542,0.042,-0.042,-0.042,-0.042,0.00975637257,-0.042,-0.042,-0.042,-0.042,-0.042,-0.042,-0.00117154542
830,24260537,0.655024946,-1.12169003,1.41459835,-2.35689783,-0.309620827,-1.24376047,-6.41023874,-8.68224621,0.702851593,-2.91817498,0.106448397,-0.0116841076,0.042,-0.042,0.042,-0.042,-0.0371544993,-0.042,-0.042,-0.042,0.042,-0.042,0.0127738076,-0.00140209291,0.042,-0.042,-0.0371544993,-0.042,0.0127738076,-0.042,-0.042,-0.042,-0.042,-0.042,-0.042,-0.00140209291
831,24274957,0.58190459,-0.799452841,0.857879758,-2.31618881,0.058285594,-1.48222625,-6.53293467,-8.73003197,0.286545455,-2.56362629,0.136586621,-0.134574905,0.042,-0.042,0.042,-0.042,0.00699427128,-0.042,-0.042,-0.042,0.0343854547,-0.042,0.0163903946,-0.0161489886,0.042,-0.042,0.00699427128,-0.042,0.0163903946,-0.0343854547,-0.042,-0.042,-0.042,-0.042,-0.042,-0.0161489886
832,24293685,0.296970636,-0.132690147,-0.0118811484,-2.26095772,0.620473325,-1.65838754,-6.70941877,-8.53380775,-0.354902864,-2.03418851,0.0715476871,-0.237040356,0.0356364763,-0.0159228176,-0.00142573781,-0.042,0.042,-0.042,-0.042,-0.042,-0.042,-0.042,0.00858572245,-0.0284448427,0.0356364763,0.00142573781,0.042,-0.042,0.00858572245,0.042,-0.0159228176,-0.042,-0.042,-0.042,-0.042,-0.0284448427
833,24321556,-0.0330925919,0.48079595,-0.905455351,-2.0954833,0.985092163,-1.59840369,-6.78696585,-8.36451149,-1.29173601,-1.60398912,-0.0669627339,-0.19955951,-0.00397111103,0.042,-0.042,-0.042,0.042,-0.042,-0.042,-0.042,-0.042,-0.042,-0.00803552806,-0.0239471412,-0.00397111103,0.042,0.042,-0.042,-0.00803552806,0.042,0.042,-0.042,-0.042,-0.042,-0.042,-0.0239471412
834,24333749,0.114307597,0.76081264,-1.56142306,-1.43654609,1.03573382,-1.13994312,-6.81042767,-8.30702591,-1.95647168,-1.0335784,0.00180795789,-0.157895416,0.0137169117,0.042,-0.042,-0.042,0.042,-0.042,-0.042,-0.042,-0.042,-0.042,0.000216954947,-0.0189474499,0.0137169117,0.042,0.042,-0.042,0.000216954947,0.042,0.042,-0.042,-0.042,-0.042,-0.042,-0.0189474499
835,24368633,0.436873645,0.895075917,-2.17159724,-0.092416063,0.929580033,-0.292455137,-6.81527472,-8.28356266,-2.44753242,-0.0301294439,0.0785428733,-0.0105676847,0.042,0.042,-0.042,-0.0110899276,0.042,-0.0350946164,-0.042,-0.042,-0.042,-0.00361553326,0.00942514479,-0.00126812216,0.042,0.042,0.042,-0.042,0.00942514479,0.042,0.042,-0.0110899276,-0.0350946164,-0.042,-0.00361553326,-0.00126812216
836,24376878,0.77944088,1.12158346,-2.49779439,1.20534325,0.860644221,0.43123737,-6.6192131,-8.12552261,-2.89276576,1.00663722,0.00261168927,0.0766156837,0.042,0.042,-0.042,0.042,0.042,0.042,-0.042,-0.042,-0.042,0.042,0.000313402712,0.00919388205,0.042,0.042,0.042,-0.042,0.000313402712,0.042,0.042,0.042,0.042,-0.042,0.042,0.00919388205
837,24395525,1.01004398,0.963424921,-2.2692709,1.38277555,0.636535048,0.835772336,-6.2671113,-7.84859943,-2.87944913,1.14559507,-0.0643669441,-0.0416567177,0.042,0.042,-0.042,0.042,0.042,0.042,-0.042,-0.042,-0.042,0.042,-0.0077240333,-0.00499880612,0.042,0.042,0.042,-0.042,-0.0077240333,0.042,0.042,0.042,0.042,-0.042,0.042,-0.00499880612
838,24422452,0.901026368,0.592143536,-2.27534318,1.09386206,0.445926815,1.01194882,-5.99713612,-7.62596989,-2.72037244,0.889241993,-0.0383972377,-0.0746475533,0.042,0.042,-0.042,0.042,0.042,0.042,-0.042,-0.042,-0.042,0.042,-0.00460766852,-0.00895770639,0.042,0.042,0.042,-0.042,-0.00460766852,0.042,0.042,0.042,0.042,-0.042,0.042,-0.00895770639
839,24436978,0.499540061,0.0593187138,-2.00006104,0.251316845,0.26039353,0.946022809,-5.97166491,-7.57429743,-2.06327653,0.0176819712,0.0222925209,-0.067096144,0.042,0.00711824566,-0.042,0.0301580215,0.0312472236,0.042,-0.042,-0.042,-0.042,0.00212183654,0.0026751025,-0.00805153728,0.042,0.042,0.0312472236,-0.042,0.0026751025,0.042,0.00711824566,0.0301580215,0.042,-0.042,0.00212183654,-0.00805153728
840,24456927,-0.0476773418,-0.186454624,-1.13164103,-1.17125678,0.171299487,0.153413013,-6.19767284,-7.81600237,-1.14859331,-1.30980957,-0.0396138355,0.139898077,-0.00572128102,-0.0223745549,-0.042,-0.042,0.0205559385,0.0184095615,-0.042,-0.042,-0.042,-0.042,-0.00475366026,0.0167877692,-0.00572128102,0.042,0.0205559385,-0.042,-0.00475366026,0.042,-0.0223745549,-0.042,0.0184095615,-0.042,-0.042,0.0167877692
841,24475275,-0.075144425,-0.633825541,0.358411789,-2.15888071,0.039898701,-0.491441458,-6.41280174,-8.05899811,-0.0346862189,-2.21016479,-0.184262216,-0.0555832498,-0.009017331,-0.042,0.042,-0.042,0.00478784412,-0.042,-0.042,-0.042,-0.00416234627,-0.042,-0.0221114659,-0.00666998997,-0.009017331,-0.042,0.00478784412,-0.042,-0.0221114659,0.00416234627,-0.042,-0.042,-0.042,-0.042,-0.042,-0.00666998997
842,24496973,0.314374506,-1.02859235,1.38445163,-2.42590141,-0.297504425,-0.882042825,-6.51016665,-8.30870342,0.913917184,-2.87134504,0.0540420488,-0.0374990106,0.0377249408,-0.042,0.042,-0.042,-0.035700531,-0.042,-0.042,-0.042,0.042,-0.042,0.00648504585,-0.00449988127,0.0377249408,-0.042,-0.035700531,-0.042,0.00648504585,-0.042,-0.042,-0.042,-0.042,-0.042,-0.042,-0.00449988127
843,24516873,0.578286886,-1.14404368,1.48183632,-2.4313302,-0.358789682,-1.28314209,-6.5238409,-8.64367294,0.770444453,-3.04089618,0.0889543369,0.0125864325,0.042,-0.042,0.042,-0.042,-0.042,-0.042,-0.042,-0.042,0.042,-0.042,0.0106745204,0.0015103719,0.042,-0.042,-0.042,-0.042,0.0106745204,-0.042,-0.042,-0.042,-0.042,-0.042,-0.042,0.0015103719
844,24533379,0.628264546,-0.986182153,1.16593421,-2.34861422,-0.149269387,-1.53183341,-6.60124254,-8.8306427,0.501012862,-2.82597327,0.11594066,-0.0519780032,0.042,-0.042,0.042,-0.042,-0.0179123265,-0.042,-0.042,-0.042,0.042,-0.042,0.0139128792,-0.00623736039,0.042,-0.042,-0.0179123265,-0.042,0.0139128792,-0.042,-0.042,-0.042,-0.042,-0.042,-0.042,-0.00623736039
845,24555397,0.415241092,-0.398148656,0.308557242,-2.33069038,0.416773558,-1.76793158,-6.74465799,-8.70506191,-0.0892000347,-2.29399276,0.0976816565,-0.165578812,0.042,-0.042,0.0370268691,-0.042,0.042,-0.042,-0.042,-0.042,-0.0107040042,-0.042,0.0117217988,-0.0198694575,0.042,-0.0370268691,0.042,-0.042,0.0117217988,0.0107040042,-0.042,-0.042,-0.042,-0.042,-0.042,-0.0198694575
846,24576742,0.115404338,0.355336249,-0.749399066,-2.10400295,0.977847815,-1.7603873,-6.85678911,-8.53162766,-1.01187825,-1.75097144,-0.030190751,-0.134788245,0.0138485205,0.042,-0.042,-0.042,0.042,-0.042,-0.042,-0.042,-0.042,-0.042,-0.00362289011,-0.0161745894,0.0138485205,0.042,0.042,-0.042,-0.00362289011,0.042,0.042,-0.042,-0.042,-0.042,-0.042,-0.0161745894
847,24593672,0.134196743,0.780088186,-1.55518222,-1.51069772,1.10976076,-1.34256566,-6.86471701,-8.4380827,-1.92888188,-1.07889688,-0.0128597096,-0.146619618,0.0161036092,0.042,-0.042,-0.042,0.042,-0.042,-0.042,-0.042,-0.042,-0.042,-0.00154316515,-0.0175943542,0.0161036092,0.042,0.042,-0.042,-0.00154316515,0.042,0.042,-0.042,-0.042,-0.042,-0.042,-0.0175943542
848,24624060,0.451274484,0.945461571,-2.19441414,-0.11593727,1.00465536,-0.44596687,-6.81960392,-8.38320541,-2.48885012,-0.0378019623,0.089315936,-0.0109891919,0.042,0.042,-0.042,-0.0139124724,0.042,-0.042,-0.042,-0.042,-0.042,-0.00453623548,0.0107179123,-0.00131870303,0.042,0.042,0.042,-0.042,0.0107179123,0.042,0.042,-0.0139124724,-0.042,-0.042,-0.00453623548,-0.00131870303
849,24637571,0.793779671,1.13876569,-2.46971369,1.21352386,0.874423981,0.442201376,-6.55375385,-8.20785999,-2.8983922,0.994759142,0.02504416,0.0695476681,0.042,0.042,-0.042,0.042,0.042,0.042,-0.042,-0.042,-0.042,0.042,0.0030052992,0.00834572017,0.042,0.042,0.042,-0.042,0.0030052992,0.042,0.042,0.042,0.042,-0.042,0.042,0.00834572017
850,24654328,1.02591288,0.946050406,-2.22309184,1.3943969,0.626661479,0.879070878,-6.14855623,-7.92036247,-2.86694336,1.12653089,-0.043497622,-0.0304532014,0.042,0.042,-0.042,0.042,0.042,0.042,-0.042,-0.042,-0.042,0.042,-0.00521971464,-0.00365438417,0.042,0.042,0.042,-0.042,-0.00521971464,0.042,0.042,0.042,0.042,-0.042,0.042,-0.00365438417
851,24674668,0.926926732,0.555723548,-2.24980187,1.09264231,0.431245118,1.0613687,-5.86008978,-7.69007778,-2.72372222,0.900936007,-0.00738137588,-0.0728166401,0.042,0.042,-0.042,0.042,0.042,0.042,-0.042,-0.042,-0.042,0.042,-0.000885765105,-0.00873799682,0.042,0.042,0.042,-0.042,-0.000885765105,0.042,0.042,0.042,0.042,-0.042,0.042,-0.00873799682
852,24695223,0.53527379,-0.0120028891,-1.95696926,0.210452735,0.231183887,1.00701976,-5.83314514,-7.66372871,-2.03902626,0.00890190899,0.0570066012,-0.0778615847,0.042,-0.00144034669,-0.042,0.0252543283,0.0277420664,0.042,-0.042,-0.042,-0.042,0.00106822908,0.00684079215,-0.00934339017,0.042,0.042,0.0277420664,-0.042,0.00684079215,0.042,-0.00144034669,0.0252543283,0.042,-0.042,0.00106822908,-0.00934339017
853,24714971,-0.0404777937,-0.218619317,-1.09492934,-1.23147082,0.159744352,0.165440813,-6.06127405,-7.92839718,-1.12044966,-1.34190667,-0.0341927111,0.153125301,-0.00485733524,-0.026234318,-0.042,-0.042,0.0191693223,0.0198528975,-0.042,-0.042,-0.042,-0.042,-0.00410312533,0.0183750361,-0.00485733524,0.042,0.0191693223,-0.042,-0.00410312533,0.042,-0.026234318,-0.042,0.0198528975,-0.042,-0.042,0.0183750361
854,24733707,-0.0562763624,-0.620838881,0.371361792,-2.18513823,0.046432063,-0.496270508,-6.28189993,-8.17250824,-0.00847113878,-2.21864581,-0.176647782,-0.0484615639,-0.00675316349,-0.042,0.042,-0.042,0.00557184756,-0.042,-0.042,-0.042,-0.00101653665,-0.042,-0.0211977339,-0.00581538767,-0.00675316349,-0.042,0.00557184756,-0.042,-0.0211977339,0.00101653665,-0.042,-0.042,-0.042,-0.042,-0.042,-0.00581538767
855,24754430,0.338380218,-1.00375557,1.4015013,-2.44699574,-0.296745986,-0.883527815,-6.39604855,-8.42358685,0.919303954,-2.88589835,0.0632146448,-0.0220343173,0.0406056261,-0.042,0.042,-0.042,-0.0356095183,-0.042,-0.042,-0.042,0.042,-0.042,0.00758575737,-0.00264411807,0.0406056261,-0.042,-0.0356095183,-0.042,0.00758575737,-0.042,-0.042,-0.042,-0.042,-0.042,-0.042,-0.00264411807
856,24773802,0.61749512,-1.12618017,1.50636661,-2.4610815,-0.367024094,-1.28081846,-6.43255854,-8.7483387,0.770902455,-3.04631782,0.0912413448,0.0297657773,0.042,-0.042,0.042,-0.042,-0.042,-0.042,-0.042,-0.042,0.042,-0.042,0.0109489614,0.00357189327,0.042,-0.042,-0.042,-0.042,0.0109489614,-0.042,-0.042,-0.042,-0.042,-0.042,-0.042,0.00357189327
857,24795750,0.66305238,-0.974435925,1.17415166,-2.38714552,-0.151745975,-1.5359273,-6.53097486,-8.90580273,0.495617747,-2.80443811,0.118088223,-0.0747578517,0.042,-0.042,0.042,-0.042,-0.018209517,-0.042,-0.042,-0.042,0.042,-0.042,0.0141705868,-0.0089709422,0.042,-0.042,-0.018209517,-0.042,0.0141705868,-0.042,-0.042,-0.042,-0.042,-0.042,-0.042,-0.0089709422
858,24822662,0.443960786,-0.389357775,0.29895249,-2.3694663,0.423901498,-1.77669001,-6.68795204,-8.75183582,-0.105506927,-2.26403761,0.099250786,-0.203143761,0.042,-0.042,0.0358742988,-0.042,0.042,-0.042,-0.042,-0.042,-0.0126608312,-0.042,0.0119100943,-0.0243772513,0.042,-0.0358742988,0.042,-0.042,0.0119100943,0.0126608312,-0.042,-0.042,-0.042,-0.042,-0.042,-0.0243772513
859,24835087,0.138555095,0.350827426,-0.78785336,-2.13640928,1.01532364,-1.79209256,-6.80625772,-8.55508614,-1.11183417,-1.67707145,-0.0582428947,-0.204665363,0.0166266114,0.042,-0.042,-0.042,0.042,-0.042,-0.042,-0.042,-0.042,-0.042,-0.00698914737,-0.0245598435,0.0166266114,0.042,0.042,-0.042,-0.00698914737,0.042,0.042,-0.042,-0.042,-0.042,-0.042,-0.0245598435
860,24859133,0.189311221,0.797884822,-1.62950361,-1.43802845,1.17348456,-1.36017001,-6.82173824,-8.44259357,-2.03069973,-0.985786259,-0.0145399012,-0.177844733,0.0227173465,0.042,-0.042,-0.042,0.042,-0.042,-0.042,-0.042,-0.042,-0.042,-0.00174478814,-0.021341368,0.0227173465,0.042,0.042,-0.042,-0.00174478814,0.042,0.042,-0.042,-0.042,-0.042,-0.042,-0.021341368
861,24878493,0.516269922,0.995624065,-2.30258608,0.161519378,1.08532512,-0.398009956,-6.75806475,-8.35216808,-2.58340168,0.182456911,0.0876208842,-0.01699486,0.042,0.042,-0.042,0.0193823254,0.042,-0.042,-0.042,-0.042,-0.042,0.0218948293,0.0105145061,-0.0020393832,0.042,0.042,0.042,-0.042,0.0105145061,0.042,0.042,0.0193823254,-0.042,-0.042,0.0218948293,-0.0020393832
862,24897820,0.836365223,1.17675912,-2.36500287,1.25348103,0.876527131,0.49697265,-6.44865894,-8.10107708,-2.84115601,0.978519022,-0.00364172831,0.0461759865,0.042,0.042,-0.042,0.042,0.042,0.042,-0.042,-0.042,-0.042,0.042,-0.000437007397,0.00554111838,0.042,0.042,0.042,-0.042,-0.000437007397,0.042,0.042,0.042,0.042,-0.042,0.042,0.00554111838
863,24918019,0.999626994,1.00009334,-2.18843508,1.36305654,0.635791779,0.866294801,-6.04006243,-7.79516125,-2.80397511,1.06754148,-0.0644975826,0.0124732256,0.042,0.042,-0.042,0.042,0.042,0.042,-0.042,-0.042,-0.042,0.042,-0.00773970991,0.00149678707,0.042,0.042,0.042,-0.042,-0.00773970991,0.042,0.042,0.042,0.042,-0.042,0.042,0.00149678707
864,24933930,0.880098224,0.601523578,-2.22579622,1.00164163,0.433407158,1.07508469,-5.78542757,-7.5856843,-2.64489532,0.797411978,0.00210389495,-0.0767681226,0.042,0.042,-0.042,0.042,0.042,0.042,-0.042,-0.042,-0.042,0.042,0.000252467394,-0.00921217471,0.042,0.042,0.042,-0.042,0.000252467394,0.042,0.042,0.042,0.042,-0.042,0.042,-0.00921217471
865,24953758,0.469084471,0.0138908215,-1.8680501,0.0300814025,0.227819562,0.966803491,-5.81972408,-7.5959816,-1.9057374,-0.181708038,0.0691391006,-0.0763637722,0.042,0.00166689858,-0.042,0.0036097683,0.0273383474,0.042,-0.042,-0.042,-0.042,-0.0218049645,0.00829669207,-0.00916365266,0.042,0.042,0.0273383474,-0.042,0.00829669207,0.042,0.00166689858,0.0036097683,0.042,-0.042,-0.0218049645,-0.00916365266
866,24979816,-0.108414501,-0.190330535,-0.905535698,-1.44174516,0.163194746,0.0764943063,-6.06317997,-7.88131046,-0.970867753,-1.51798379,-0.0549386144,0.109623648,-0.0130097401,-0.0228396642,-0.042,-0.042,0.0195833695,0.00917931676,-0.042,-0.042,-0.042,-0.042,-0.00659263372,0.0131548378,-0.0130097401,0.042,0.0195833695,-0.042,-0.00659263372,0.042,-0.0228396642,-0.042,0.00917931676,-0.042,-0.042,0.0131548378
867,24995736,0.0121473707,-0.722209156,0.741875529,-2.19172382,-0.0890674144,-0.500100017,-6.26538086,-8.10722256,0.413072169,-2.36708331,-0.0804036483,-0.0340711214,0.00145768449,-0.042,0.042,-0.042,-0.0106880897,-0.042,-0.042,-0.042,0.042,-0.042,-0.0096484378,-0.00408853456,0.00145768449,-0.042,-0.0106880897,-0.042,-0.0096484378,-0.042,-0.042,-0.042,-0.042,-0.042,-0.042,-0.00408853456
868,25015041,0.426688731,-1.05323124,1.45926261,-2.44087029,-0.353278607,-0.929149449,-6.34118938,-8.3781538,0.879258633,-2.92058611,0.0622055866,-0.0301148184,0.042,-0.042,0.042,-0.042,-0.042,-0.042,-0.042,-0.042,0.042,-0.042,0.00746467039,-0.0036137782,0.042,-0.042,-0.042,-0.042,0.00746467039,-0.042,-0.042,-0.042,-0.042,-0.042,-0.042,-0.0036137782
869,25033411,0.660548389,-1.11588442,1.44224024,-2.38910055,-0.340185642,-1.28467405,-6.39177465,-8.69208336,0.731456101,-2.93544912,0.105532259,-0.031681329,0.042,-0.042,0.042,-0.042,-0.0408222771,-0.042,-0.042,-0.042,0.042,-0.042,0.012663871,-0.00380175948,0.042,-0.042,-0.0408222771,-0.042,0.012663871,-0.042,-0.042,-0.042,-0.042,-0.042,-0.042,-0.00380175948
870,25054406,0.636451602,-0.815199673,0.860744119,-2.33024788,0.0320552364,-1.5303899,-6.52788591,-8.78160477,0.310306132,-2.54435635,0.141460225,-0.177358136,0.042,-0.042,0.042,-0.042,0.00384662837,-0.042,-0.042,-0.042,0.0372367358,-0.042,0.016975227,-0.0212829763,0.042,-0.042,0.00384662837,-0.042,0.016975227,-0.0372367358,-0.042,-0.042,-0.042,-0.042,-0.042,-0.0212829763
871,25074353,0.411683291,-0.0937972665,-0.210162222,-2.19652319,0.691943944,-1.70480716,-6.73149586,-8.62600803,-0.497139692,-1.88575172,0.0604056902,-0.307573438,0.042,-0.011255672,-0.0252194667,-0.042,0.042,-0.042,-0.042,-0.042,-0.042,-0.042,0.00724868283,-0.0369088125,0.042,0.0252194667,0.042,-0.042,0.00724868283,0.042,-0.011255672,-0.042,-0.042,-0.042,-0.042,-0.0369088125
872,25093524,0.190873817,0.61599803,-1.35222101,-1.79036212,1.11512601,-1.55118942,-6.82299948,-8.51018238,-1.72457147,-1.27346039,-0.0730912536,-0.221385241,0.022904858,0.042,-0.042,-0.042,0.042,-0.042,-0.042,-0.042,-0.042,-0.042,-0.00877095044,-0.0265662289,0.022904858,0.042,0.042,-0.042,-0.00877095044,0.042,0.042,-0.042,-0.042,-0.042,-0.042,-0.0265662289
873,25113142,0.418593645,1.00768554,-2.12207556,-0.484757096,1.15401113,-0.849163055,-6.83868265,-8.39300442,-2.41172099,-0.300588995,0.054514952,-0.085050568,0.042,0.042,-0.042,-0.042,0.042,-0.042,-0.042,-0.042,-0.042,-0.0360706794,0.00654179424,-0.0102060682,0.042,0.042,0.042,-0.042,0.00654179424,0.042,0.042,-0.042,-0.042,-0.042,-0.0360706794,-0.0102060682
874,25135229,0.741144001,1.2931931,-2.53463674,1.10955358,0.996011496,0.228592545,-6.59573269,-8.20599461,-2.90422106,0.920129657,0.0179329906,0.0869857296,0.042,0.042,-0.042,0.042,0.042,0.0274311054,-0.042,-0.042,-0.042,0.042,0.00215195887,0.0104382876,0.042,0.042,0.042,-0.042,0.00215195887,0.042,0.042,0.042,0.0274311054,-0.042,0.042,0.0104382876
875,25163892,1.01783335,1.1904217,-2.17971206,1.47648787,0.697766542,0.774140954,-6.14844942,-7.86538506,-2.81318426,1.09099495,-0.0844560042,0.0441395193,0.042,0.042,-0.042,0.042,0.042,0.042,-0.042,-0.042,-0.042,0.042,-0.0101347205,0.00529674232,0.042,0.042,0.042,-0.042,-0.0101347205,0.042,0.042,0.042,0.042,-0.042,0.042,0.00529674232
876,25177489,0.951305449,0.940001249,-2.23618269,1.26943576,0.499946684,0.943037927,-5.79419231,-7.54631948,-2.75899148,0.979962647,-0.0842443928,0.00852135289,0.042,0.042,-0.042,0.042,0.042,0.042,-0.042,-0.042,-0.042,0.042,-0.0101093271,0.00102256235,0.042,0.042,0.042,-0.042,-0.0101093271,0.042,0.042,0.042,0.042,-0.042,0.042,0.00102256235
877,25194873,0.640464246,0.381229639,-2.08920598,0.602498889,0.305275619,1.06778181,-5.69618893,-7.44122314,-2.26998281,0.361733168,0.0121420696,-0.116047345,0.042,0.042,-0.042,0.042,0.0366330743,0.042,-0.042,-0.042,-0.042,0.042,0.00145704836,-0.0139256814,0.042,0.042,0.0366330743,-0.042,0.00145704836,0.042,0.042,0.042,0.042,-0.042,0.042,-0.0139256814
878,25215635,0.0815643966,-0.0340343341,-1.48197579,-0.686226547,0.182470977,0.497031838,-5.92887354,-7.59292793,-1.42672503,-0.869669378,0.0171960462,0.0416435562,0.00978772759,-0.00408412009,-0.042,-0.042,0.0218965173,0.042,-0.042,-0.042,-0.042,-0.042,0.00206352554,0.00499722674,0.00978772759,0.042,0.0218965173,-0.042,0.00206352554,0.042,-0.00408412009,-0.042,0.042,-0.042,-0.042,0.00499722674
879,25241176,-0.220963165,-0.365153998,-0.231888697,-2.02556515,0.169540286,-0.329426825,-6.18269157,-7.90341902,-0.553804755,-1.96362424,-0.197300196,-0.0357698426,-0.0265155798,-0.042,-0.0278266436,-0.042,0.0203448343,-0.039531219,-0.042,-0.042,-0.042,-0.042,-0.0236760235,-0.00429238111,-0.0265155798,0.0278266436,0.0203448343,-0.042,-0.0236760235,0.042,-0.042,-0.042,-0.039531219,-0.042,-0.042,-0.00429238111
880,25259883,0.158987403,-0.897608936,1.2629292,-2.39311457,-0.231167942,-0.753645658,-6.33598566,-8.12794876,0.868467629,-2.7338233,0.0290130135,-0.0049635265,0.0190784883,-0.042,0.042,-0.042,-0.0277401531,-0.042,-0.042,-0.042,0.042,-0.042,0.00348156162,-0.00059562318,0.0190784883,-0.042,-0.0277401531,-0.042,0.00348156162,-0.042,-0.042,-0.042,-0.042,-0.042,-0.042,-0.00059562318
881,25272326,0.504560351,-1.11897838,1.56168425,-2.48514032,-0.390226513,-1.18672943,-6.35670185,-8.45967865,0.753446758,-3.1586926,0.0707847327,0.157742083,0.042,-0.042,0.042,-0.042,-0.042,-0.042,-0.042,-0.042,0.042,-0.042,0.00849416792,0.01892905,0.042,-0.042,-0.042,-0.042,0.00849416792,-0.042,-0.042,-0.042,-0.042,-0.042,-0.042,0.01892905
882,25293588,0.41618821,-1.13702548,1.51927447,-2.47084808,-0.297812879,-1.52217066,-6.37408209,-8.77219009,0.568754911,-3.19091558,0.0754212961,0.267636836,0.042,-0.042,0.042,-0.042,-0.0357375455,-0.042,-0.042,-0.042,0.042,-0.042,0.00905055553,0.0321164203,0.042,-0.042,-0.0357375455,-0.042,0.00905055553,-0.042,-0.042,-0.042,-0.042,-0.042,-0.042,0.0321164203
883,25320697,-0.0114541985,-0.997144938,1.47241759,-2.55555582,-0.141170889,-1.87154341,-6.38739538,-8.85560513,0.382400334,-3.2848115,0.0789310858,0.381161332,-0.00137450382,-0.042,0.042,-0.042,-0.0169405067,-0.042,-0.042,-0.042,0.042,-0.042,0.00947173029,0.042,-0.00137450382,-0.042,-0.0169405067,-0.042,0.00947173029,-0.042,-0.042,-0.042,-0.042,-0.042,-0.042,0.042
884,25332550,-0.537659168,-0.855672061,1.54037094,-2.69396782,-0.0607117638,-2.1068182,-6.30803299,-8.65845394,0.383575976,-3.44840384,0.0277579874,0.3990722,-0.042,-0.042,0.042,-0.042,-0.00728541166,-0.042,-0.042,-0.042,0.042,-0.042,0.00333095849,0.042,-0.042,-0.042,-0.00728541166,-0.042,0.00333095849,-0.042,-0.042,-0.042,-0.042,-0.042,-0.042,0.042
885,25357220,-0.904097795,-1.0577569,1.74950564,-2.93563461,-0.166288078,-2.13730693,-6.11170578,-8.24945259,0.520183206,-3.51443934,-0.0297578052,0.128579244,-0.042,-0.042,0.042,-0.042,-0.0199545693,-0.042,-0.042,-0.042,0.042,-0.042,-0.00357093662,0.0154295093,-0.042,-0.042,-0.0199545693,-0.042,-0.00357093662,-0.042,-0.042,-0.042,-0.042,-0.042,-0.042,0.0154295093
886,25372440,-0.981556654,-1.35343564,1.89795566,-3.11528349,-0.294164509,-2.14142513,-5.86405325,-7.75895262,0.662667692,-3.56854033,-0.0236129314,-0.178239986,-0.042,-0.042,0.042,-0.042,-0.035299741,-0.042,-0.042,-0.042,0.042,-0.042,-0.00283355176,-0.0213887984,-0.042,-0.042,-0.035299741,-0.042,-0.00283355176,-0.042,-0.042,-0.042,-0.042,-0.042,-0.042,-0.0213887984
887,25395840,-0.867472589,-1.58494198,1.90443301,-3.09153938,-0.369460195,-2.13111877,-5.62142706,-7.26558971,0.679044008,-3.44156599,0.0244233478,-0.393699378,-0.042,-0.042,0.042,-0.042,-0.042,-0.042,-0.042,-0.042,0.042,-0.042,0.00293080173,-0.042,-0.042,-0.042,-0.042,-0.042,0.00293080173,-0.042,-0.042,-0.042,-0.042,-0.042,-0.042,-0.042
888,25421838,-0.643925726,-1.71145868,1.76538849,-2.89999008,-0.35729596,-2.0983181,-5.40124273,-6.8038826,0.63329035,-3.15209007,0.105913639,-0.527570546,-0.042,-0.042,0.042,-0.042,-0.042,-0.042,-0.042,-0.042,0.042,-0.042,0.0127096367,-0.042,-0.042,-0.042,-0.042,-0.042,0.0127096367,-0.042,-0.042,-0.042,-0.042,-0.042,-0.042,-0.042
889,25434986,-0.489838719,-1.78074574,1.54530811,-2.67956257,-0.280901372,-2.04564047,-5.21648979,-6.41631126,0.57542181,-2.83707261,0.145027608,-0.631275237,-0.042,-0.042,0.042,-0.042,-0.0337081647,-0.042,-0.042,-0.042,0.042,-0.042,0.0174033129,-0.042,-0.042,-0.042,-0.0337081647,-0.042,0.0174033129,-0.042,-0.042,-0.042,-0.042,-0.042,-0.042,-0.042
890,25454011,-0.380450159,-1.78570926,1.24064302,-2.45059824,-0.159862339,-1.96747077,-5.03929472,-6.07725382,0.468908966,-2.51730943,0.146872252,-0.759942174,-0.042,-0.042,0.042,-0.042,-0.0191834807,-0.042,-0.042,-0.042,0.042,-0.042,0.0176246703,-0.042,-0.042,-0.042,-0.0191834807,-0.042,0.0176246703,-0.042,-0.042,-0.042,-0.042,-0.042,-0.042,-0.042
891,25475743,-0.372015715,-1.63269889,0.750066876,-2.31432343,0.0849401876,-1.89529169,-4.88113737,-5.82785988,0.171107158,-2.15090704,0.108590364,-0.906854808,-0.042,-0.042,0.042,-0.042,0.0101928225,-0.042,-0.042,-0.042,0.020532859,-0.042,0.0130308437,-0.042,-0.042,-0.042,0.0101928225,-0.042,0.0130308437,-0.020532859,-0.042,-0.042,-0.042,-0.042,-0.042,-0.042
892,25497391,-0.335161805,-1.26628578,0.0652723089,-2.19084191,0.404313177,-1.74053133,-4.7990551,-5.72739458,-0.303719848,-1.71603394,0.0597012788,-1.05206096,-0.0402194166,-0.042,0.00783267707,-0.042,0.042,-0.042,-0.042,-0.042,-0.0364463818,-0.042,0.00716415346,-0.042,-0.0402194166,-0.00783267707,0.042,-0.042,0.00716415346,0.0364463818,-0.042,-0.042,-0.042,-0.042,-0.042,-0.042
893,25515343,-0.274941772,-0.663479865,-0.753825188,-1.99546409,0.762722909,-1.43634188,-4.90400648,-5.84996748,-1.13871562,-1.34851933,-0.0674080476,-0.970149755,-0.0329930127,-0.042,-0.042,-0.042,0.042,-0.042,-0.042,-0.042,-0.042,-0.042,-0.00808896571,-0.042,-0.0329930127,0.042,0.042,-0.042,-0.00808896571,0.042,-0.042,-0.042,-0.042,-0.042,-0.042,-0.042
894,25533512,0.0250222683,0.195566714,-1.81524026,-1.01212502,1.11604607,-0.865066707,-5.2430234,-6.10968161,-2.22464371,-0.699660778,-0.179345503,-0.492305279,0.0030026722,0.0234680057,-0.042,-0.042,0.042,-0.042,-0.042,-0.042,-0.042,-0.042,-0.0215214604,-0.042,0.0030026722,0.042,0.042,-0.042,-0.0215214604,0.042,0.0234680057,-0.042,-0.042,-0.042,-0.042,-0.042
895,25554872,0.480203241,1.20246029,-2.39286089,0.90928477,1.19050145,-0.0760828257,-5.63127422,-6.27044725,-2.69476128,0.652974427,-0.300054848,0.188684359,0.042,0.042,-0.042,0.042,0.042,-0.00912993908,-0.042,-0.042,-0.042,0.042,-0.0360065818,0.0226421231,0.042,0.042,0.042,-0.042,-0.0360065818,0.042,0.042,0.042,-0.00912993908,-0.042,0.042,0.0226421231
896,25585699,0.833532572,1.61072159,-2.03984737,1.48092639,0.976660848,0.451514632,-5.63282061,-6.18985319,-2.51304793,0.843117416,-0.370778233,0.197228223,0.042,0.042,-0.042,0.042,0.042,0.042,-0.042,-0.042,-0.042,0.042,-0.042,0.0236673868,0.042,0.042,0.042,-0.042,-0.042,0.042,0.042,0.042,0.042,-0.042,0.042,0.0236673868
897,25597374,0.850448549,1.56954038,-2.08243132,1.21223617,0.754889727,0.763299108,-5.54711342,-6.10507011,-2.44401741,0.584982157,-0.209703773,0.0246671513,0.042,0.042,-0.042,0.042,0.042,0.042,-0.042,-0.042,-0.042,0.042,-0.0251644528,0.00296005815,0.042,0.042,0.042,-0.042,-0.0251644528,0.042,0.042,0.042,0.042,-0.042,0.042,0.00296005815
898,25613773,0.772526741,0.957665563,-2.09624887,0.533372343,0.568117678,1.00316131,-5.66797018,-6.29535675,-2.22751355,0.0422183685,0.0540496334,-0.317748159,0.042,0.042,-0.042,0.042,0.042,0.042,-0.042,-0.042,-0.042,0.00506620422,0.00648595601,-0.0381297791,0.042,0.042,0.042,-0.042,0.00648595601,0.042,0.042,0.042,0.042,-0.042,0.00506620422,-0.0381297791
899,25641031,0.0156518705,0.0618122518,-1.27860868,-1.15809023,0.377744675,0.487073302,-6.0207324,-6.7266345,-1.33698332,-1.38884234,-0.00424886122,-0.523657799,0.00187822446,0.00741747022,-0.042,-0.042,0.042,0.042,-0.042,-0.042,-0.042,-0.042,-0.000509863347,-0.042,0.00187822446,0.042,0.042,-0.042,-0.000509863347,0.042,0.00741747022,-0.042,0.042,-0.042,-0.042,-0.042
900,25653525,-0.617669106,-1.00075614,0.287574947,-2.60560322,-0.0316041186,-0.234893948,-6.41347265,-7.30376625,-0.340110332,-2.64374232,-0.242908448,-0.81324935,-0.042,-0.042,0.0345089936,-0.042,-0.00379249424,-0.0281872737,-0.042,-0.042,-0.0408132398,-0.042,-0.0291490138,-0.042,-0.042,-0.0345089936,-0.00379249424,-0.042,-0.0291490138,0.0408132398,-0.042,-0.042,-0.0281872737,-0.042,-0.042,-0.042
901,25689250,-0.864623249,-1.94412971,1.45169675,-3.07058954,-0.313970268,-0.763446987,-6.72899103,-7.63002348,0.595184863,-3.33652401,-0.283662379,-1.10868478,-0.042,-0.042,0.042,-0.042,-0.0376764321,-0.042,-0.042,-0.042,0.042,-0.042,-0.0340394855,-0.042,-0.042,-0.042,-0.0376764321,-0.042,-0.0340394855,-0.042,-0.042,-0.042,-0.042,-0.042,-0.042,-0.042
902,25693652,-0.834385812,-2.50334787,1.68075275,-3.13052416,-0.49050656,-1.07448566,-6.77856731,-7.92882156,0.630359054,-3.51893711,-0.302842468,-1.18216658,-0.042,-0.042,0.042,-0.042,-0.042,-0.042,-0.042,-0.042,0.042,-0.042,-0.0363410962,-0.042,-0.042,-0.042,-0.042,-0.042,-0.0363410962,-0.042,-0.042,-0.042,-0.042,-0.042,-0.042,-0.042
903,25714107,-0.848117769,-2.98901534,1.63846314,-3.15733528,-0.512372494,-1.39349771,-6.7582469,-8.11835861,0.723617673,-3.39494157,-0.193645,-1.28068244,-0.042,-0.042,0.042,-0.042,-0.042,-0.042,-0.042,-0.042,0.042,-0.042,-0.0232374001,-0.042,-0.042,-0.042,-0.042,-0.042,-0.0232374001,-0.042,-0.042,-0.042,-0.042,-0.042,-0.042,-0.042
904,25746498,-1.07311428,-3.30567884,1.43504405,-3.07773638,-0.415742993,-1.75732481,-6.54671144,-8.03784943,0.728770375,-3.19546413,-0.10226015,-1.44305289,-0.042,-0.042,0.042,-0.042,-0.042,-0.042,-0.042,-0.042,0.042,-0.042,-0.012271218,-0.042,-0.042,-0.042,-0.042,-0.042,-0.012271218,-0.042,-0.042,-0.042,-0.042,-0.042,-0.042,-0.042
905,25757970,-1.5398463,-3.52347922,1.27540123,-3.03710461,-0.310053408,-1.99844861,-6.19126892,-7.71638393,0.675566554,-3.11607909,-0.130087018,-1.55479801,-0.042,-0.042,0.042,-0.042,-0.037206409,-0.042,-0.042,-0.042,0.042,-0.042,-0.0156104422,-0.042,-0.042,-0.042,-0.037206409,-0.042,-0.0156104422,-0.042,-0.042,-0.042,-0.042,-0.042,-0.042,-0.042
906,25774037,-2.09515071,-3.80092287,1.23801267,-3.08203697,-0.256771982,-2.06601787,-5.71929502,-7.27934217,0.709990501,-3.1566608,-0.203586012,-1.6528616,-0.042,-0.042,0.042,-0.042,-0.0308126378,-0.042,-0.042,-0.042,0.042,-0.042,-0.0244303215,-0.042,-0.042,-0.042,-0.0308126378,-0.042,-0.0244303215,-0.042,-0.042,-0.042,-0.042,-0.042,-0.042,-0.042
907,25793982,-2.51787066,-4.12122536,1.29589391,-3.19851208,-0.264095098,-1.96235478,-5.22109461,-6.87261248,0.795522451,-3.27757978,-0.278777182,-1.72595632,-0.042,-0.042,0.042,-0.042,-0.0316914117,-0.042,-0.042,-0.042,0.042,-0.042,-0.0334532619,-0.042,-0.042,-0.042,-0.0316914117,-0.042,-0.0334532619,-0.042,-0.042,-0.042,-0.042,-0.042,-0.042,-0.042
908,25823233,-2.65968418,-4.37270403,1.29472804,-3.2022934,-0.272730142,-1.79939318,-4.77509069,-6.54325438,0.833168387,-3.27916336,-0.301185995,-1.79128277,-0.042,-0.042,0.042,-0.042,-0.032727617,-0.042,-0.042,-0.042,0.042,-0.042,-0.0361423194,-0.042,-0.042,-0.042,-0.032727617,-0.042,-0.0361423194,-0.042,-0.042,-0.042,-0.042,-0.042,-0.042,-0.042
909,25835987,-2.55769444,-4.50337172,1.19306171,-3.05348682,-0.247469485,-1.62578738,-4.45855474,-6.30786514,0.785769165,-3.14037132,-0.262331128,-1.82519543,-0.042,-0.042,0.042,-0.042,-0.0296963382,-0.042,-0.042,-0.042,0.042,-0.042,-0.0314797354,-0.042,-0.042,-0.042,-0.0296963382,-0.042,-0.0314797354,-0.042,-0.042,-0.042,-0.042,-0.042,-0.042,-0.042
910,25865681,-2.33120227,-4.49739647,0.985053301,-2.8132019,-0.189479679,-1.45187986,-4.25687408,-6.16089201,0.638391078,-2.91809225,-0.199283123,-1.84653401,-0.042,-0.042,0.042,-0.042,-0.0227375615,-0.042,-0.042,-0.042,0.042,-0.042,-0.0239139748,-0.042,-0.042,-0.042,-0.0227375615,-0.042,-0.0239139748,-0.042,-0.042,-0.042,-0.042,-0.042,-0.042,-0.042
911,25879532,-2.13775396,-4.39263344,0.766979456,-2.58709908,-0.128322452,-1.27023947,-4.12255764,-6.09634066,0.47894907,-2.71036792,-0.150246769,-1.84547806,-0.042,-0.042,0.042,-0.042,-0.0153986943,-0.042,-0.042,-0.042,0.042,-0.042,-0.0180296123,-0.042,-0.042,-0.042,-0.0153986943,-0.042,-0.0180296123,-0.042,-0.042,-0.042,-0.042,-0.042,-0.042,-0.042
912,25898153,-1.98865569,-4.23878431,0.62002933,-2.45874548,-0.0972615182,-1.05302286,-4.03180265,-6.08258533,0.368752003,-2.58675885,-0.118621968,-1.83363986,-0.042,-0.042,0.042,-0.042,-0.0116713822,-0.042,-0.042,-0.042,0.042,-0.042,-0.0142346361,-0.042,-0.042,-0.042,-0.0116713822,-0.042,-0.0142346361,-0.042,-0.042,-0.042,-0.042,-0.042,-0.042,-0.042
913,25919747,-1.85752416,-4.08021069,0.559494972,-2.4236536,-0.0791972801,-0.841850638,-3.97627926,-6.10234833,0.335897297,-2.54313803,-0.0993228629,-1.81441259,-0.042,-0.042,0.042,-0.042,-0.00950367361,-0.042,-0.042,-0.042,0.0403076756,-0.042,-0.0119187436,-0.042,-0.042,-0.042,-0.00950367361,-0.042,-0.0119187436,-0.0403076756,-0.042,-0.042,-0.042,-0.042,-0.042,-0.042
914,25937860,-1.77539086,-3.95452404,0.606964111,-2.46831369,-0.0814972222,-0.719802976,-3.95563912,-6.15730524,0.394403666,-2.58426285,-0.0980910733,-1.7751534,-0.042,-0.042,0.042,-0.042,-0.00977966666,-0.042,-0.042,-0.042,0.042,-0.042,-0.0117709288,-0.042,-0.042,-0.042,-0.00977966666,-0.042,-0.0117709288,-0.042,-0.042,-0.042,-0.042,-0.042,-0.042,-0.042
915,25956700,-1.65625858,-3.86895061,0.685508847,-2.50497437,-0.0784833804,-0.673951805,-3.97195482,-6.2332058,0.474390626,-2.63145208,-0.0932012871,-1.74643993,-0.042,-0.042,0.042,-0.042,-0.00941800565,-0.042,-0.042,-0.042,0.042,-0.042,-0.0111841545,-0.042,-0.042,-0.042,-0.00941800565,-0.042,-0.0111841545,-0.042,-0.042,-0.042,-0.042,-0.042,-0.042,-0.042
916,25973465,-1.5306381,-3.79913545,0.720706224,-2.50060987,-0.0682991669,-0.658330441,-4.02136993,-6.32469654,0.507364452,-2.63855624,-0.0872406438,-1.72383726,-0.042,-0.042,0.042,-0.042,-0.00819590002,-0.042,-0.042,-0.042,0.042,-0.042,-0.0104688773,-0.042,-0.042,-0.042,-0.00819590002,-0.042,-0.0104688773,-0.042,-0.042,-0.042,-0.042,-0.042,-0.042,-0.042
917,25997007,-1.39707649,-3.71422458,0.67643559,-2.44949102,-0.0472317673,-0.647856891,-4.08762217,-6.42830467,0.46223098,-2.58617306,-0.0824592039,-1.70498312,-0.042,-0.042,0.042,-0.042,-0.00566781208,-0.042,-0.042,-0.042,0.042,-0.042,-0.00989510447,-0.042,-0.042,-0.042,-0.00566781208,-0.042,-0.00989510447,-0.042,-0.042,-0.042,-0.042,-0.042,-0.042,-0.042
918,26016354,-1.29511464,-3.58453798,0.55724299,-2.39250088,-0.00816468522,-0.624569654,-4.16291809,-6.53557682,0.348886251,-2.5006988,-0.0768157616,-1.68769944,-0.042,-0.042,0.042,-0.042,-0.000979762226,-0.042,-0.042,-0.042,0.0418663502,-0.042,-0.0092178914,-0.042,-0.042,-0.042,-0.000979762226,-0.042,-0.0092178914,-0.0418663502,-0.042,-0.042,-0.042,-0.042,-0.042,-0.042
919,26038038,-1.23931181,-3.38681817,0.367623389,-2.37203169,0.0657444671,-0.592557311,-4.24808788,-6.64417362,0.17947492,-2.40332627,-0.0743551329,-1.66103244,-0.042,-0.042,0.042,-0.042,0.00788933605,-0.042,-0.042,-0.042,0.0215369904,-0.042,-0.00892261595,-0.042,-0.042,-0.042,0.00788933605,-0.042,-0.00892261595,-0.0215369904,-0.042,-0.042,-0.042,-0.042,-0.042,-0.042
920,26055011,-1.2033149,-3.15620804,0.223334968,-2.38648462,0.142016679,-0.554640055,-4.35606718,-6.7474966,0.0530472584,-2.34774351,-0.0716259032,-1.61203575,-0.042,-0.042,0.0268001962,-0.042,0.0170420015,-0.042,-0.042,-0.042,0.00636567101,-0.042,-0.00859510839,-0.042,-0.042,-0.0268001962,0.0170420015,-0.042,-0.00859510839,-0.00636567101,-0.042,-0.042,-0.042,-0.042,-0.042,-0.042
921,26076130,-1.11828554,-2.9647181,0.20967935,-2.40748739,0.178825885,-0.517997801,-4.50075817,-6.84190035,0.040657077,-2.35279059,-0.0637067035,-1.5522995,-0.042,-0.042,0.025161522,-0.042,0.0214591062,-0.042,-0.042,-0.042,0.00487884924,-0.042,-0.00764480442,-0.042,-0.042,-0.025161522,0.0214591062,-0.042,-0.00764480442,-0.00487884924,-0.042,-0.042,-0.042,-0.042,-0.042,-0.042
922,26095190,-0.967860579,-2.84936476,0.317649692,-2.42586708,0.158650845,-0.485611051,-4.68147707,-6.92649746,0.133291364,-2.40287638,-0.0481269807,-1.49110615,-0.042,-0.042,0.0381179631,-0.042,0.0190381014,-0.042,-0.042,-0.042,0.0159949636,-0.042,-0.00577523768,-0.042,-0.042,-0.0381179631,0.0190381014,-0.042,-0.00577523768,-0.0159949636,-0.042,-0.042,-0.042,-0.042,-0.042,-0.042
923,26115269,-0.810586989,-2.79606986,0.451485932,-2.4408102,0.107279994,-0.46843341,-4.87118053,-7.01150322,0.243786782,-2.45650458,-0.0343897268,-1.43938565,-0.042,-0.042,0.042,-0.042,0.0128735992,-0.042,-0.042,-0.042,0.0292544138,-0.042,-0.00412676722,-0.042,-0.042,-0.042,0.0128735992,-0.042,-0.00412676722,-0.0292544138,-0.042,-0.042,-0.042,-0.042,-0.042,-0.042
924,26135254,-0.677521348,-2.74384284,0.484362513,-2.44012022,0.0868979916,-0.470634311,-5.05210161,-7.10749626,0.260856569,-2.45492339,-0.0268627629,-1.40974677,-0.042,-0.042,0.042,-0.042,0.010427759,-0.042,-0.042,-0.042,0.0313027883,-0.042,-0.00322353154,-0.042,-0.042,-0.042,0.010427759,-0.042,-0.00322353154,-0.0313027883,-0.042,-0.042,-0.042,-0.042,-0.042,-0.042
925,26157535,-0.600935459,-2.61958003,0.361675143,-2.42589903,0.135428071,-0.481090397,-5.23088169,-7.21761751,0.141868412,-2.37911773,-0.0251860246,-1.38963306,-0.042,-0.042,0.042,-0.042,0.0162513685,-0.042,-0.042,-0.042,0.0170242095,-0.042,-0.00302232295,-0.042,-0.042,-0.042,0.0162513685,-0.042,-0.00302232295,-0.0170242095,-0.042,-0.042,-0.042,-0.042,-0.042,-0.042
926,26174450,-0.577677429,-2.40136218,0.138392746,-2.40584707,0.235818833,-0.476767927,-5.42549944,-7.33937025,-0.0656060204,-2.26774096,-0.0287469998,-1.35547376,-0.042,-0.042,0.0166071296,-0.042,0.02829826,-0.042,-0.042,-0.042,-0.00787272245,-0.042,-0.00344963998,-0.042,-0.042,-0.0166071296,0.02829826,-0.042,-0.00344963998,0.00787272245,-0.042,-0.042,-0.042,-0.042,-0.042,-0.042
927,26195278,-0.570326924,-2.14220142,-0.0344833322,-2.38787413,0.317844361,-0.439971358,-5.65753317,-7.46262693,-0.232599393,-2.19227982,-0.0303383544,-1.29169893,-0.042,-0.042,-0.00413799986,-0.042,0.0381413233,-0.042,-0.042,-0.042,-0.0279119271,-0.042,-0.00364060253,-0.042,-0.042,0.00413799986,0.0381413233,-0.042,-0.00364060253,0.0279119271,-0.042,-0.042,-0.042,-0.042,-0.042,-0.042
928,26215604,-0.534367681,-1.95010591,-0.0149033125,-2.39202881,0.314293563,-0.382897973,-5.91390085,-7.5657177,-0.226218522,-2.21073246,-0.017549172,-1.21257198,-0.042,-0.042,-0.00178839751,-0.042,0.0377152276,-0.042,-0.042,-0.042,-0.0271462226,-0.042,-0.00210590065,-0.042,-0.042,0.00178839751,0.0377152276,-0.042,-0.00210590065,0.0271462226,-0.042,-0.042,-0.042,-0.042,-0.042,-0.042
929,26235879,-0.474240661,-1.90654981,0.255224824,-2.45447254,0.219533741,-0.347266972,-6.15615082,-7.63359833,0.0245876499,-2.35078979,0.01231822,-1.15137184,-0.042,-0.042,0.0306269789,-0.042,0.026344049,-0.0416720366,-0.042,-0.042,0.00295051798,-0.042,0.0014781864,-0.042,-0.042,-0.0306269789,0.026344049,-0.042,0.0014781864,-0.00295051798,-0.042,-0.042,-0.0416720366,-0.042,-0.042,-0.042
930,26261254,-0.403300345,-2.0239017,0.660923243,-2.54472923,0.0691652372,-0.362355173,-6.32994604,-7.66412735,0.393642455,-2.55974007,0.0354650654,-1.13195992,-0.042,-0.042,0.042,-0.042,0.00829982847,-0.042,-0.042,-0.042,0.042,-0.042,0.00425580785,-0.042,-0.042,-0.042,0.00829982847,-0.042,0.00425580785,-0.042,-0.042,-0.042,-0.042,-0.042,-0.042,-0.042
931,26274264,-0.305973411,-2.23192549,0.945362568,-2.58008432,-0.0660669059,-0.405790597,-6.40966749,-7.66990709,0.616268516,-2.67633533,0.042787496,-1.16366398,-0.0367168093,-0.042,0.042,-0.042,-0.0079280287,-0.042,-0.042,-0.042,0.042,-0.042,0.00513449952,-0.042,-0.0367168093,-0.042,-0.0079280287,-0.042,0.00513449952,-0.042,-0.042,-0.042,-0.042,-0.042,-0.042,-0.042
932,26295345,-0.285585105,-2.34916687,0.879991293,-2.55594063,-0.0611233227,-0.465720832,-6.44620609,-7.69253683,0.545791388,-2.61932278,0.0404433832,-1.21055734,-0.0342702127,-0.042,0.042,-0.042,-0.00733479872,-0.042,-0.042,-0.042,0.042,-0.042,0.00485320598,-0.042,-0.0342702127,-0.042,-0.00733479872,-0.042,0.00485320598,-0.042,-0.042,-0.042,-0.042,-0.042,-0.042,-0.042
933,26315572,-0.372182846,-2.24145842,0.490444213,-2.50213957,0.100482143,-0.517541587,-6.48566246,-7.7256794,0.203456491,-2.41160083,0.0260015037,-1.2538985,-0.042,-0.042,0.042,-0.042,0.0120578572,-0.042,-0.042,-0.042,0.0244147789,-0.042,0.00312018044,-0.042,-0.042,-0.042,0.0120578572,-0.042,0.00312018044,-0.0244147789,-0.042,-0.042,-0.042,-0.042,-0.042,-0.042
934,26335033,-0.529307783,-1.95708001,0.015054021,-2.46846151,0.302417606,-0.512285709,-6.55368519,-7.76049232,-0.240432262,-2.20512772,-0.0211797506,-1.25283206,-0.042,-0.042,0.00180648252,-0.042,0.0362901127,-0.042,-0.042,-0.042,-0.0288518715,-0.042,-0.00254157007,-0.042,-0.042,-0.00180648252,0.0362901127,-0.042,-0.00254157007,0.0288518715,-0.042,-0.042,-0.042,-0.042,-0.042,-0.042
935,26358641,-0.665704548,-1.70453835,-0.191989422,-2.46900845,0.387881547,-0.441879421,-6.66491413,-7.78799248,-0.467699111,-2.1598506,-0.0688273236,-1.18426466,-0.042,-0.042,-0.0230387306,-0.042,0.042,-0.042,-0.042,-0.042,-0.042,-0.042,-0.00825927883,-0.042,-0.042,0.0230387306,0.042,-0.042,-0.00825927883,0.042,-0.042,-0.042,-0.042,-0.042,-0.042,-0.042
936,26381217,-0.612769306,-1.67424154,0.0848608539,-2.48957205,0.283120632,-0.357241899,-6.78057814,-7.76630545,-0.172746345,-2.29020596,-0.0106166676,-1.13753831,-0.042,-0.042,0.0101833025,-0.042,0.0339744759,-0.042,-0.042,-0.042,-0.0207295614,-0.042,-0.00127400011,-0.042,-0.042,-0.0101833025,0.0339744759,-0.042,-0.00127400011,0.0207295614,-0.042,-0.042,-0.042,-0.042,-0.042,-0.042
937,26394714,-0.483487785,-1.91132605,0.757691622,-2.61966896,0.0390951559,-0.348515034,-6.84680223,-7.70099449,0.473298073,-2.62366772,0.0570604131,-1.11451852,-0.042,-0.042,0.042,-0.042,0.00469141871,-0.041821804,-0.042,-0.042,0.042,-0.042,0.00684724957,-0.042,-0.042,-0.042,0.00469141871,-0.042,0.00684724957,-0.042,-0.042,-0.042,-0.041821804,-0.042,-0.042,-0.042
938,26417567,-0.305077583,-2.28354335,1.27006912,-2.71634007,-0.186200351,-0.418771595,-6.79402828,-7.62775707,0.900870979,-2.86968112,0.0654803216,-1.133322,-0.0366093099,-0.042,0.042,-0.042,-0.0223440421,-0.042,-0.042,-0.042,0.042,-0.042,0.0078576386,-0.042,-0.0366093099,-0.042,-0.0223440421,-0.042,0.0078576386,-0.042,-0.042,-0.042,-0.042,-0.042,-0.042,-0.042
939,26438484,-0.201331571,-2.52155471,1.21330392,-2.63522911,-0.218658239,-0.502275825,-6.71089649,-7.62444305,0.830907762,-2.79614902,0.0601805449,-1.17640555,-0.0241597885,-0.042,0.042,-0.042,-0.0262389886,-0.042,-0.042,-0.042,0.042,-0.042,0.00722166538,-0.042,-0.0241597885,-0.042,-0.0262389886,-0.042,0.00722166538,-0.042,-0.042,-0.042,-0.042,-0.042,-0.042,-0.042
940,26458773,-0.259242058,-2.42017508,0.646664143,-2.4646225,0.0121219829,-0.589356124,-6.68039131,-7.67817831,0.336858839,-2.45865321,0.0354194045,-1.22388232,-0.0311090469,-0.042,0.042,-0.042,0.00145463794,-0.042,-0.042,-0.042,0.0404230607,-0.042,0.00425032854,-0.042,-0.0311090469,-0.042,0.00145463794,-0.042,0.00425032854,-0.0404230607,-0.042,-0.042,-0.042,-0.042,-0.042,-0.042
941,26472376,-0.483117461,-1.9699868,-0.190584257,-2.39293098,0.389590114,-0.586963892,-6.69597387,-7.74004889,-0.437822044,-2.067909,-0.045259878,-1.22303426,-0.042,-0.042,-0.0228701109,-0.042,0.042,-0.042,-0.042,-0.042,-0.042,-0.042,-0.00543118536,-0.042,-0.042,0.0228701109,0.042,-0.042,-0.00543118536,0.042,-0.042,-0.042,-0.042,-0.042,-0.042,-0.042
942,26493363,-0.732075453,-1.51019049,-0.74472034,-2.34598923,0.601240456,-0.466053218,-6.77355719,-7.79780388,-1.15806401,-1.91368771,-0.214688212,-1.09108448,-0.042,-0.042,-0.042,-0.042,0.042,-0.042,-0.042,-0.042,-0.042,-0.042,-0.0257625854,-0.042,-0.042,0.042,0.042,-0.042,-0.0257625854,0.042,-0.042,-0.042,-0.042,-0.042,-0.042,-0.042
943,26517157,-0.606178761,-1.31770921,-0.647573948,-2.21819639,0.528324664,-0.262335062,-6.93431187,-7.79805422,-1.11649096,-1.92775297,-0.125530243,-0.970785081,-0.042,-0.042,-0.042,-0.042,0.042,-0.0314802074,-0.042,-0.042,-0.042,-0.042,-0.0150636292,-0.042,-0.042,0.042,0.042,-0.042,-0.0150636292,0.042,-0.042,-0.042,-0.0314802074,-0.042,-0.042,-0.042
944,26533750,-0.356470346,-1.45986426,0.233628929,-2.45897865,0.232730806,-0.168046027,-7.15252495,-7.76462698,-0.184266195,-2.35791063,0.0893708616,-0.889386058,-0.042,-0.042,0.0280354714,-0.042,0.0279276967,-0.0201655233,-0.042,-0.042,-0.0221119434,-0.042,0.0107245034,-0.042,-0.042,-0.0280354714,0.0279276967,-0.042,0.0107245034,0.0221119434,-0.042,-0.042,-0.0201655233,-0.042,-0.042,-0.042
945,26556603,-0.227889016,-1.92868245,1.52384317,-2.97808647,-0.173762798,-0.344348133,-7.18614244,-7.68234539,1.10036075,-3.16132545,0.147971928,-0.872196734,-0.027346682,-0.042,0.042,-0.042,-0.0208515358,-0.0413217759,-0.042,-0.042,0.042,-0.042,0.0177566314,-0.042,-0.027346682,-0.042,-0.0208515358,-0.042,0.0177566314,-0.042,-0.042,-0.042,-0.0413217759,-0.042,-0.042,-0.042
946,26574276,-0.0685901195,-2.34402966,1.82536113,-3.11867237,-0.320414066,-0.601292193,-7.0808568,-7.64662409,1.35958409,-3.35067177,0.126377359,-0.910635829,-0.00823081434,-0.042,0.042,-0.042,-0.038449688,-0.042,-0.042,-0.042,0.042,-0.042,0.0151652831,-0.042,-0.00823081434,-0.042,-0.038449688,-0.042,0.0151652831,-0.042,-0.042,-0.042,-0.042,-0.042,-0.042,-0.042
947,26598336,0.00497429073,-2.51192904,1.5097872,-2.7853694,-0.299483448,-0.751100063,-7.05949116,-7.72110081,1.00865436,-3.00888777,0.124813505,-0.948007822,0.000596914887,-0.042,0.042,-0.042,-0.0359380138,-0.042,-0.042,-0.042,0.042,-0.042,0.0149776205,-0.042,0.000596914887,-0.042,-0.0359380138,-0.042,0.0149776205,-0.042,-0.042,-0.042,-0.042,-0.042,-0.042,-0.042
948,26615275,-0.0943362862,-2.36749721,0.720830202,-2.41981173,-0.00251470879,-0.860797048,-7.0304184,-7.74850273,0.308503211,-2.47856164,0.0445877798,-1.00718665,-0.0113203543,-0.042,0.042,-0.042,-0.000301765054,-0.042,-0.042,-0.042,0.0370203853,-0.042,0.00535053357,-0.042,-0.0113203543,-0.042,-0.000301765054,-0.042,0.00535053357,-0.0370203853,-0.042,-0.042,-0.042,-0.042,-0.042,-0.042
949,26639243,-0.421329916,-1.85307801,-0.33562693,-2.3233633,0.444685787,-0.761679828,-6.91575289,-7.71903086,-0.638966084,-1.95028269,-0.0879902616,-1.06901932,-0.042,-0.042,-0.0402752316,-0.042,0.042,-0.042,-0.042,-0.042,-0.042,-0.042,-0.0105588314,-0.042,-0.042,0.0402752316,0.042,-0.042,-0.0105588314,0.042,-0.042,-0.042,-0.042,-0.042,-0.042,-0.042
950,26654036,-0.757290363,-1.41749978,-0.879308462,-2.30145884,0.631453931,-0.537082136,-6.80410624,-7.64917517,-1.34436011,-1.8033638,-0.227800697,-1.02471018,-0.042,-0.042,-0.042,-0.042,0.042,-0.042,-0.042,-0.042,-0.042,-0.042,-0.0273360837,-0.042,-0.042,0.042,0.042,-0.042,-0.0273360837,0.042,-0.042,-0.042,-0.042,-0.042,-0.042,-0.042
951,26674925,-0.63672936,-1.29463196,-0.64110589,-2.23836231,0.498618275,-0.284301817,-6.82913303,-7.5871563,-1.12934875,-1.90868878,-0.0845819935,-0.944178402,-0.042,-0.042,-0.042,-0.042,0.042,-0.0341162181,-0.042,-0.042,-0.042,-0.042,-0.0101498392,-0.042,-0.042,0.042,0.042,-0.042,-0.0101498392,0.042,-0.042,-0.042,-0.0341162181,-0.042,-0.042,-0.042
952,26696616,-0.353201896,-1.50014329,0.440377533,-2.56388521,0.153767645,-0.211662307,-6.97121572,-7.54901028,-0.0103982687,-2.47737145,0.113873862,-0.865475297,-0.042,-0.042,0.042,-0.042,0.0184521174,-0.0253994769,-0.042,-0.042,-0.00124779224,-0.042,0.0136648634,-0.042,-0.042,-0.042,0.0184521174,-0.042,0.0136648634,0.00124779224,-0.042,-0.042,-0.0253994769,-0.042,-0.042,-0.042
953,26715016,-0.129036754,-1.97036123,1.64738083,-3.05573988,-0.226518244,-0.40037024,-6.95368385,-7.47434425,1.20097053,-3.218817,0.14947924,-0.848707318,-0.0154844105,-0.042,0.042,-0.042,-0.0271821892,-0.042,-0.042,-0.042,0.042,-0.042,0.0179375088,-0.042,-0.0154844105,-0.042,-0.0271821892,-0.042,0.0179375088,-0.042,-0.042,-0.042,-0.042,-0.042,-0.042,-0.042
954,26735556,0.0943141729,-2.33391356,1.80306244,-3.05834675,-0.335078239,-0.625809491,-6.90141726,-7.49590302,1.30430853,-3.26885319,0.139515713,-0.877139091,0.0113177007,-0.042,0.042,-0.042,-0.0402093887,-0.042,-0.042,-0.042,0.042,-0.042,0.0167418855,-0.042,0.0113177007,-0.042,-0.0402093887,-0.042,0.0167418855,-0.042,-0.042,-0.042,-0.042,-0.042,-0.042,-0.042
955,26753600,0.144528911,-2.42718911,1.40301645,-2.65780687,-0.251855344,-0.763348877,-6.95288324,-7.60165548,0.895213366,-2.87332726,0.129998595,-0.87771523,0.0173434693,-0.042,0.042,-0.042,-0.0302226412,-0.042,-0.042,-0.042,0.042,-0.042,0.0155998313,-0.042,0.0173434693,-0.042,-0.0302226412,-0.042,0.0155998313,-0.042,-0.042,-0.042,-0.042,-0.042,-0.042,-0.042
956,26775316,-0.0551037677,-2.17512417,0.538968921,-2.39090967,0.121938609,-0.883625269,-6.96593857,-7.63653946,0.137837678,-2.36796165,0.0249489993,-0.892293692,-0.00661245212,-0.042,0.042,-0.042,0.014632633,-0.042,-0.042,-0.042,0.0165405214,-0.042,0.00299387991,-0.042,-0.00661245212,-0.042,0.014632633,-0.042,0.00299387991,-0.0165405214,-0.042,-0.042,-0.042,-0.042,-0.042,-0.042
957,26792478,-0.433077723,-1.70755506,-0.33890897,-2.34940338,0.465260476,-0.754958332,-6.84952259,-7.58266258,-0.657124102,-1.95485866,-0.106329493,-0.936295688,-0.042,-0.042,-0.0406690764,-0.042,0.042,-0.042,-0.042,-0.042,-0.042,-0.042,-0.0127595392,-0.042,-0.042,0.0406690764,0.042,-0.042,-0.0127595392,0.042,-0.042,-0.042,-0.042,-0.042,-0.042,-0.042
958,26813779,-0.719730556,-1.40471971,-0.672048569,-2.36176634,0.506752193,-0.511660457,-6.69517851,-7.47047615,-1.09732401,-1.89007199,-0.156458735,-0.936664581,-0.042,-0.042,-0.042,-0.042,0.042,-0.042,-0.042,-0.042,-0.042,-0.042,-0.0187750483,-0.042,-0.042,0.042,0.042,-0.042,-0.0187750483,0.042,-0.042,-0.042,-0.042,-0.042,-0.042,-0.042
959,26846916,-0.531894982,-1.40192735,-0.242523149,-2.37463713,0.296580821,-0.283688843,-6.67763615,-7.39438152,-0.645118237,-2.08479333,0.010219425,-0.909600973,-0.042,-0.042,-0.0291027778,-0.042,0.0355896986,-0.0340426612,-0.042,-0.042,-0.042,-0.042,0.001226331,-0.042,-0.042,0.0291027778,0.0355896986,-0.042,0.001226331,0.042,-0.042,-0.042,-0.0340426612,-0.042,-0.042,-0.042
960,26857595,-0.295771182,-1.75810874,0.971247196,-2.72090101,-0.0648182705,-0.286851853,-6.71320486,-7.32822132,0.54906857,-2.73634744,0.126112923,-0.858640313,-0.0354925418,-0.042,0.042,-0.042,-0.00777819246,-0.0344222224,-0.042,-0.042,0.042,-0.042,0.0151335508,-0.042,-0.0354925418,-0.042,-0.00777819246,-0.042,0.0151335508,-0.042,-0.042,-0.042,-0.0344222224,-0.042,-0.042,-0.042
961,26878069,0.00353230163,-2.1871829,1.69049168,-3.0007534,-0.297714084,-0.434910417,-6.63779163,-7.263587,1.2421267,-3.16091967,0.143391892,-0.86032778,0.000423876196,-0.042,0.042,-0.042,-0.0357256901,-0.042,-0.042,-0.042,0.042,-0.042,0.0172070271,-0.042,0.000423876196,-0.042,-0.0357256901,-0.042,0.0172070271,-0.042,-0.042,-0.042,-0.042,-0.042,-0.042,-0.042
962,26900143,0.20331569,-2.40087843,1.59632969,-2.79834843,-0.311571687,-0.588540077,-6.65520096,-7.31763029,1.10362923,-2.99004269,0.143559128,-0.859513938,0.0243978828,-0.042,0.042,-0.042,-0.0373886025,-0.042,-0.042,-0.042,0.042,-0.042,0.0172270954,-0.042,0.0243978828,-0.042,-0.0373886025,-0.042,0.0172270954,-0.042,-0.042,-0.042,-0.042,-0.042,-0.042,-0.042
963,26917086,0.210692063,-2.36927223,1.07456565,-2.42123556,-0.146786213,-0.706080437,-6.73223877,-7.39212465,0.602648616,-2.59034038,0.0985444784,-0.838704348,0.0252830476,-0.042,0.042,-0.042,-0.0176143456,-0.042,-0.042,-0.042,0.042,-0.042,0.0118253374,-0.042,0.0252830476,-0.042,-0.0176143456,-0.042,0.0118253374,-0.042,-0.042,-0.042,-0.042,-0.042,-0.042,-0.042
964,26932516,-0.0830775052,-1.98102701,0.157582879,-2.35140991,0.275735795,-0.773183525,-6.73509121,-7.42705202,-0.197720662,-2.1564815,-0.0216789991,-0.8124066,-0.00996930063,-0.042,0.0189099455,-0.042,0.0330882955,-0.042,-0.042,-0.042,-0.0237264794,-0.042,-0.00260147989,-0.042,-0.00996930063,-0.0189099455,0.0330882955,-0.042,-0.00260147989,0.0237264794,-0.042,-0.042,-0.042,-0.042,-0.042,-0.042
965,26957338,-0.472159505,-1.58935666,-0.428005129,-2.3714695,0.451109558,-0.60033828,-6.6312356,-7.35495138,-0.76247555,-1.94108272,-0.113803677,-0.818197548,-0.042,-0.042,-0.042,-0.042,0.042,-0.042,-0.042,-0.042,-0.042,-0.042,-0.0136564413,-0.042,-0.042,0.042,0.042,-0.042,-0.0136564413,0.042,-0.042,-0.042,-0.042,-0.042,-0.042,-0.042
966,26975678,-0.574248612,-1.46766424,-0.378421575,-2.40535164,0.332452893,-0.39640674,-6.50346041,-7.2593832,-0.769931018,-2.0132103,-0.049986437,-0.847395062,-0.042,-0.042,-0.042,-0.042,0.0398943472,-0.042,-0.042,-0.042,-0.042,-0.042,-0.00599837244,-0.042,-0.042,0.042,0.0398943472,-0.042,-0.00599837244,0.042,-0.042,-0.042,-0.042,-0.042,-0.042,-0.042
967,26993799,-0.407529503,-1.70186841,0.498909146,-2.59781456,0.0230904967,-0.304896891,-6.45678949,-7.18200397,0.0776080787,-2.47146749,0.0639109313,-0.825973868,-0.042,-0.042,0.042,-0.042,0.0027708596,-0.0365876269,-0.042,-0.042,0.00931296945,-0.042,0.00766931176,-0.042,-0.042,-0.042,0.0027708596,-0.042,0.00766931176,-0.00931296945,-0.042,-0.042,-0.0365876269,-0.042,-0.042,-0.042
968,27018851,-0.117846534,-2.0902648,1.44892251,-2.85321188,-0.246311635,-0.390752137,-6.38113832,-7.11118031,1.02110577,-2.99760652,0.109703563,-0.825175166,-0.014141584,-0.042,0.042,-0.042,-0.0295573962,-0.042,-0.042,-0.042,0.042,-0.042,0.0131644276,-0.042,-0.014141584,-0.042,-0.0295573962,-0.042,0.0131644276,-0.042,-0.042,-0.042,-0.042,-0.042,-0.042,-0.042
969,27033769,0.167280823,-2.32721853,1.54896033,-2.79601145,-0.305300653,-0.501787961,-6.35465097,-7.13368464,1.10154283,-2.97358012,0.127292603,-0.859229445,0.0200736988,-0.042,0.042,-0.042,-0.0366360784,-0.042,-0.042,-0.042,0.042,-0.042,0.0152751124,-0.042,0.0200736988,-0.042,-0.0366360784,-0.042,0.0152751124,-0.042,-0.042,-0.042,-0.042,-0.042,-0.042,-0.042
970,27056759,0.29616046,-2.29889154,1.09273553,-2.42426634,-0.179026261,-0.581703722,-6.45506048,-7.22336245,0.660518646,-2.57465768,0.104845688,-0.871000886,0.0355392551,-0.042,0.042,-0.042,-0.0214831513,-0.042,-0.042,-0.042,0.042,-0.042,0.0125814825,-0.042,0.0355392551,-0.042,-0.0214831513,-0.042,0.0125814825,-0.042,-0.042,-0.042,-0.042,-0.042,-0.042,-0.042
971,27075621,0.0950814709,-1.84035647,0.0564031079,-2.28678846,0.306676507,-0.676803589,-6.55709648,-7.3264451,-0.24103111,-2.0597291,0.00961640105,-0.820621848,0.0114097765,-0.042,0.00676837295,-0.042,0.0368011808,-0.042,-0.042,-0.042,-0.0289237332,-0.042,0.00115396813,-0.042,0.0114097765,-0.00676837295,0.0368011808,-0.042,0.00115396813,0.0289237332,-0.042,-0.042,-0.042,-0.042,-0.042,-0.042
972,27095536,-0.246736601,-1.29944301,-0.763623118,-2.21111012,0.582107782,-0.540413976,-6.59442854,-7.39422846,-1.09505033,-1.75000274,-0.0959627107,-0.726305902,-0.0296083921,-0.042,-0.042,-0.042,0.042,-0.042,-0.042,-0.042,-0.042,-0.042,-0.0115155253,-0.042,-0.0296083921,0.042,0.042,-0.042,-0.0115155253,0.042,-0.042,-0.042,-0.042,-0.042,-0.042,-0.042
973,27123294,-0.355305761,-1.06245053,-0.857709765,-2.11471415,0.507323802,-0.299854368,-6.60687542,-7.39021254,-1.2986424,-1.69720137,-0.0357426703,-0.677471817,-0.042,-0.042,-0.042,-0.042,0.042,-0.0359825242,-0.042,-0.042,-0.042,-0.042,-0.00428912044,-0.042,-0.042,0.042,0.042,-0.042,-0.00428912044,0.042,-0.042,-0.042,-0.0359825242,-0.042,-0.042,-0.042
974,27133459,-0.210868344,-1.15051842,-0.255337834,-2.29422522,0.234023809,-0.137723982,-6.69461727,-7.4202776,-0.742887914,-2.04755473,0.0802789479,-0.596974432,-0.0253042012,-0.042,-0.0306405401,-0.042,0.0280828571,-0.0165268779,-0.042,-0.042,-0.042,-0.042,0.00963347375,-0.042,-0.0253042012,0.0306405401,0.0280828571,-0.042,0.00963347375,0.042,-0.042,-0.042,-0.0165268779,-0.042,-0.042,-0.042
975,27153620,-0.0552138574,-1.57710552,1.14019895,-2.79829264,-0.134630278,-0.27637729,-6.72421074,-7.41167212,0.648618758,-2.88530612,0.135962546,-0.587402642,-0.00662566289,-0.042,0.042,-0.042,-0.0161556333,-0.0331652749,-0.042,-0.042,0.042,-0.042,0.0163155055,-0.042,-0.00662566289,-0.042,-0.0161556333,-0.042,0.0163155055,-0.042,-0.042,-0.042,-0.0331652749,-0.042,-0.042,-0.042
976,27175887,0.19042246,-1.96398294,1.78087425,-3.1041131,-0.30772838,-0.551140666,-6.67531633,-7.38244915,1.30864656,-3.30836082,0.139913321,-0.648829579,0.0228506953,-0.042,0.042,-0.042,-0.0369274056,-0.042,-0.042,-0.042,0.042,-0.042,0.0167895985,-0.042,0.0228506953,-0.042,-0.0369274056,-0.042,0.0167895985,-0.042,-0.042,-0.042,-0.042,-0.042,-0.042,-0.042
977,27195148,0.346949071,-2.1306026,1.64741194,-2.85359049,-0.305956006,-0.736157596,-6.73925877,-7.46461105,1.11156917,-3.06008053,0.124536172,-0.703343213,0.0416338885,-0.042,0.042,-0.042,-0.0367147207,-0.042,-0.042,-0.042,0.042,-0.042,0.0149443406,-0.042,0.0416338885,-0.042,-0.0367147207,-0.042,0.0149443406,-0.042,-0.042,-0.042,-0.042,-0.042,-0.042,-0.042
978,27223175,0.310966045,-2.08865905,1.10724437,-2.47697973,-0.122671649,-0.875827432,-6.83630419,-7.50635719,0.600630522,-2.6337738,0.0831336454,-0.701126695,0.0373159254,-0.042,0.042,-0.042,-0.0147205979,-0.042,-0.042,-0.042,0.042,-0.042,0.00997603744,-0.042,0.0373159254,-0.042,-0.0147205979,-0.042,0.00997603744,-0.042,-0.042,-0.042,-0.042,-0.042,-0.042,-0.042
979,27233482,0.00381077081,-1.68489647,0.188030556,-2.39559698,0.323827982,-0.961492479,-6.82928371,-7.48870182,-0.201350167,-2.18879318,-0.0213999301,-0.674730957,0.000457292497,-0.042,0.0225636667,-0.042,0.0388593578,-0.042,-0.042,-0.042,-0.0241620201,-0.042,-0.00256799161,-0.042,0.000457292497,-0.0225636667,0.0388593578,-0.042,-0.00256799161,0.0241620201,-0.042,-0.042,-0.042,-0.042,-0.042,-0.042
980,27256409,-0.400215596,-1.29116571,-0.392436296,-2.38677263,0.484523624,-0.740535319,-6.69522285,-7.36870193,-0.734063864,-1.94114113,-0.090716131,-0.710770547,-0.042,-0.042,-0.042,-0.042,0.042,-0.042,-0.042,-0.042,-0.042,-0.042,-0.0108859357,-0.042,-0.042,0.042,0.042,-0.042,-0.0108859357,0.042,-0.042,-0.042,-0.042,-0.042,-0.042,-0.042
981,27273393,-0.512338936,-1.1730293,-0.409619004,-2.40389156,0.367595255,-0.469940215,-6.52793121,-7.23849392,-0.814775407,-1.96590459,-0.0223258808,-0.773666739,-0.042,-0.042,-0.042,-0.042,0.042,-0.042,-0.042,-0.042,-0.042,-0.042,-0.0026791057,-0.042,-0.042,0.042,0.042,-0.042,-0.0026791057,0.042,-0.042,-0.042,-0.042,-0.042,-0.042,-0.042
982,27295261,-0.309284836,-1.34049737,0.291756779,-2.53274679,0.104394712,-0.328041852,-6.48562193,-7.16615295,-0.139127493,-2.32747507,0.0847288966,-0.768055141,-0.0371141803,-0.042,0.0350108135,-0.042,0.0125273654,-0.0393650222,-0.042,-0.042,-0.0166952991,-0.042,0.0101674676,-0.042,-0.0371141803,-0.0350108135,0.0125273654,-0.042,0.0101674676,0.0166952991,-0.042,-0.042,-0.0393650222,-0.042,-0.042,-0.042
983,27320801,-0.0120204054,-1.69941235,1.28524232,-2.73794556,-0.179970637,-0.370547146,-6.45511436,-7.11654043,0.87166667,-2.86204886,0.13850832,-0.751128435,-0.00144244865,-0.042,0.042,-0.042,-0.0215964764,-0.042,-0.042,-0.042,0.042,-0.042,0.0166209984,-0.042,-0.00144244865,-0.042,-0.0215964764,-0.042,0.0166209984,-0.042,-0.042,-0.042,-0.042,-0.042,-0.042,-0.042
984,27343579,0.267956644,-1.99414539,1.50998664,-2.76322222,-0.281893611,-0.46783933,-6.43991613,-7.13250113,1.09271669,-2.93895006,0.149365962,-0.795409024,0.0321547973,-0.042,0.042,-0.042,-0.0338272333,-0.042,-0.042,-0.042,0.042,-0.042,0.0179239154,-0.042,0.0321547973,-0.042,-0.0338272333,-0.042,0.0179239154,-0.042,-0.042,-0.042,-0.042,-0.042,-0.042,-0.042
985,27358009,0.37871328,-2.05223036,1.17131388,-2.4743371,-0.204856962,-0.553342164,-6.54236269,-7.22609806,0.757637143,-2.62603879,0.120403506,-0.806597412,0.042,-0.042,0.042,-0.042,-0.0245828354,-0.042,-0.042,-0.042,0.042,-0.042,0.0144484207,-0.042,0.042,-0.042,-0.0245828354,-0.042,0.0144484207,-0.042,-0.042,-0.042,-0.042,-0.042,-0.042,-0.042
986,27372127,0.176642895,-1.71153247,0.281983227,-2.34049034,0.213987023,-0.691121101,-6.65872669,-7.33114958,-0.023285117,-2.18249869,0.0349995866,-0.736144781,0.0211971474,-0.042,0.0338379872,-0.042,0.0256784427,-0.042,-0.042,-0.042,-0.00279421404,-0.042,0.0041999504,-0.042,0.0211971474,-0.0338379872,0.0256784427,-0.042,0.0041999504,0.00279421404,-0.042,-0.042,-0.042,-0.042,-0.042,-0.042
987,27394214,-0.1555686,-1.22482789,-0.52488327,-2.27677441,0.515333533,-0.609081864,-6.70241928,-7.40157938,-0.807160497,-1.84608591,-0.0595367774,-0.667863488,-0.018668232,-0.042,-0.042,-0.042,0.042,-0.042,-0.042,-0.042,-0.042,-0.042,-0.00714441329,-0.042,-0.018668232,0.042,0.042,-0.042,-0.00714441329,0.042,-0.042,-0.042,-0.042,-0.042,-0.042,-0.042
988,27424132,-0.365053922,-0.978529334,-0.785575271,-2.22135353,0.487420648,-0.38900423,-6.67034674,-7.40068007,-1.19101,-1.75562382,-0.0470535606,-0.648573101,-0.042,-0.042,-0.042,-0.042,0.042,-0.042,-0.042,-0.042,-0.042,-0.042,-0.00564642727,-0.042,-0.042,0.042,0.042,-0.042,-0.00564642727,0.042,-0.042,-0.042,-0.042,-0.042,-0.042,-0.042
989,27438525,-0.237643525,-1.03368652,-0.366157144,-2.25702763,0.264115095,-0.184396207,-6.71499634,-7.41877174,-0.814753354,-1.96650612,0.0623232573,-0.600403547,-0.028517223,-0.042,-0.042,-0.042,0.0316938114,-0.0221275449,-0.042,-0.042,-0.042,-0.042,0.00747879088,-0.042,-0.028517223,0.042,0.0316938114,-0.042,0.00747879088,0.042,-0.042,-0.042,-0.0221275449,-0.042,-0.042,-0.042
990,27453622,-0.050170783,-1.34855855,0.745538354,-2.62313223,-0.032981202,-0.225210875,-6.76800585,-7.43000841,0.28383401,-2.60671425,0.144015729,-0.582032442,-0.00602049395,-0.042,0.042,-0.042,-0.00395774424,-0.027025305,-0.042,-0.042,0.0340600812,-0.042,0.0172818875,-0.042,-0.00602049395,-0.042,-0.00395774424,-0.042,0.0172818875,-0.0340600812,-0.042,-0.042,-0.027025305,-0.042,-0.042,-0.042
991,27475297,0.190131813,-1.7492466,1.61976087,-2.92963839,-0.262684882,-0.42102477,-6.72569323,-7.40654612,1.18217099,-3.11883378,0.152762413,-0.635726094,0.0228158176,-0.042,0.042,-0.042,-0.0315221858,-0.042,-0.042,-0.042,0.042,-0.042,0.0183314896,-0.042,0.0228158176,-0.042,-0.0315221858,-0.042,0.0183314896,-0.042,-0.042,-0.042,-0.042,-0.042,-0.042,-0.042
992,27494569,0.361040443,-1.96780014,1.63179672,-2.8325429,-0.27964139,-0.629332542,-6.75913858,-7.47020817,1.15783727,-3.05441165,0.141460419,-0.676073492,0.042,-0.042,0.042,-0.042,-0.0335569668,-0.042,-0.042,-0.042,0.042,-0.042,0.0169752502,-0.042,0.042,-0.042,-0.0335569668,-0.042,0.0169752502,-0.042,-0.042,-0.042,-0.042,-0.042,-0.042,-0.042
993,27515595,0.347658783,-1.96452069,1.20270729,-2.52081299,-0.144769341,-0.77867806,-6.86415577,-7.53486061,0.732635021,-2.69953728,0.105832472,-0.668510377,0.041719054,-0.042,0.042,-0.042,-0.0173723209,-0.042,-0.042,-0.042,0.042,-0.042,0.0126998967,-0.042,0.041719054,-0.042,-0.0173723209,-0.042,0.0126998967,-0.042,-0.042,-0.042,-0.042,-0.042,-0.042,-0.042
994,27536006,0.0764786452,-1.60697687,0.338133782,-2.4174304,0.269366294,-0.909107983,-6.89865828,-7.52935171,-0.0280741211,-2.2757628,0.0143445916,-0.626122057,0.00917743742,-0.042,0.0405760539,-0.042,0.0323239553,-0.042,-0.042,-0.042,-0.00336889453,-0.042,0.001721351,-0.042,0.00917743742,-0.0405760539,0.0323239553,-0.042,0.001721351,0.00336889453,-0.042,-0.042,-0.042,-0.042,-0.042,-0.042
995,27562013,-0.271462113,-1.17023683,-0.353599548,-2.38647556,0.502340376,-0.755484283,-6.8259201,-7.45774794,-0.664529264,-1.94883728,-0.0711488053,-0.661959589,-0.0325754535,-0.042,-0.042,-0.042,0.042,-0.042,-0.042,-0.042,-0.042,-0.042,-0.00853785664,-0.042,-0.0325754535,0.042,0.042,-0.042,-0.00853785664,0.042,-0.042,-0.042,-0.042,-0.042,-0.042,-0.042
996,27573827,-0.429488063,-0.937371314,-0.631420374,-2.32579231,0.477699727,-0.498973161,-6.68365097,-7.35603189,-1.02712333,-1.83194482,-0.0520354137,-0.722442091,-0.042,-0.042,-0.042,-0.042,0.042,-0.042,-0.042,-0.042,-0.042,-0.042,-0.00624424964,-0.042,-0.042,0.042,0.042,-0.042,-0.00624424964,0.042,-0.042,-0.042,-0.042,-0.042,-0.042,-0.042
997,27597994,-0.193625778,-0.817828,-0.506179094,-2.19220304,0.379503816,-0.271481454,-6.70672512,-7.37111282,-0.899760783,-1.8809042,0.0465678349,-0.667452335,-0.0232350934,-0.042,-0.042,-0.042,0.042,-0.0325777745,-0.042,-0.042,-0.042,-0.042,0.00558814019,-0.042,-0.0232350934,0.042,0.042,-0.042,0.00558814019,0.042,-0.042,-0.042,-0.0325777745,-0.042,-0.042,-0.042
998,27619920,0.176543996,-0.760877073,-0.155112714,-2.18447161,0.301615834,-0.203790024,-6.86541557,-7.49648428,-0.533706486,-2.03573847,0.121745318,-0.5721277,0.0211852795,-0.042,-0.0186135256,-0.042,0.0361939001,-0.0244548029,-0.042,-0.042,-0.042,-0.042,0.0146094382,-0.042,0.0211852795,0.0186135256,0.0361939001,-0.042,0.0146094382,0.042,-0.042,-0.042,-0.0244548029,-0.042,-0.042,-0.042
999,27632437,0.41068542,-0.808619261,0.298873901,-2.38410187,0.191770583,-0.254890233,-7.03690529,-7.65810156,-0.0519367382,-2.31246209,0.144900858,-0.537600875,0.042,-0.042,0.0358648682,-0.042,0.02301247,-0.030586828,-0.042,-0.042,-0.00623240858,-0.042,0.017388103,-0.042,0.042,-0.0358648682,0.02301247,-0.042,0.017388103,0.00623240858,-0.042,-0.042,-0.030586828,-0.042,-0.042,-0.042
1000,27659079,0.453291982,-1.01672971,0.893735647,-2.62829351,0.0320236459,-0.367910743,-7.17810011,-7.76009274,0.552179813,-2.65623689,0.130775362,-0.520029724,0.042,-0.042,0.042,-0.042,0.00384283751,-0.042,-0.042,-0.042,0.042,-0.042,0.0156930435,-0.042,0.042,-0.042,0.00384283751,-0.042,0.0156930435,-0.042,-0.042,-0.042,-0.042,-0.042,-0.042,-0.042
1001,27674507,0.405780286,-1.37644923,1.41740191,-2.77225208,-0.134881631,-0.594201148,-7.22504425,-7.83436346,1.0172081,-2.99739122,0.101298839,-0.417622,0.042,-0.042,0.042,-0.042,-0.0161857957,-0.042,-0.042,-0.042,0.042,-0.042,0.0121558607,-0.042,0.042,-0.042,-0.0161857957,-0.042,0.0121558607,-0.042,-0.042,-0.042,-0.042,-0.042,-0.042,-0.042
1002,27699202,0.24135232,-1.66687262,1.51463115,-2.82356548,-0.18609485,-0.86956358,-7.16989899,-7.87949991,0.995097578,-3.09977937,0.0422461554,-0.339080751,0.0289622784,-0.042,0.042,-0.042,-0.022331382,-0.042,-0.042,-0.042,0.042,-0.042,0.00506953865,-0.0406896901,0.0289622784,-0.042,-0.022331382,-0.042,0.00506953865,-0.042,-0.042,-0.042,-0.042,-0.042,-0.042,-0.0406896901
1003,27714222,0.0636773407,-1.82660913,1.38510633,-2.74033785,-0.16897139,-1.07837439,-7.0477376,-7.79156876,0.783403814,-2.98106527,0.00427654758,-0.380968332,0.00764128089,-0.042,0.042,-0.042,-0.0202765667,-0.042,-0.042,-0.042,0.042,-0.042,0.00051318571,-0.042,0.00764128089,-0.042,-0.0202765667,-0.042,0.00051318571,-0.042,-0.042,-0.042,-0.042,-0.042,-0.042,-0.042
1004,27738273,-0.0723400116,-1.83583868,1.04252481,-2.63637686,-0.0557345152,-1.18007755,-6.86330462,-7.59093523,0.482267141,-2.73253822,-0.012817964,-0.524994016,-0.00868080139,-0.042,0.042,-0.042,-0.00668814182,-0.042,-0.042,-0.042,0.042,-0.042,-0.00153815567,-0.042,-0.00868080139,-0.042,-0.00668814182,-0.042,-0.00153815567,-0.042,-0.042,-0.042,-0.042,-0.042,-0.042,-0.042
1005,27759932,-0.16354686,-1.57387626,0.396550894,-2.55683136,0.207676291,-1.16215718,-6.66094398,-7.38270998,-0.0219196416,-2.32261896,-0.0318785682,-0.712604225,-0.0196256232,-0.042,0.042,-0.042,0.024921155,-0.042,-0.042,-0.042,-0.002630357,-0.042,-0.00382542819,-0.042,-0.0196256232,-0.042,0.024921155,-0.042,-0.00382542819,0.002630357,-0.042,-0.042,-0.042,-0.042,-0.042,-0.042
1006,27772790,-0.150689393,-1.08868456,-0.412805468,-2.34324169,0.510553658,-0.921064138,-6.50257826,-7.26861382,-0.691031396,-1.83226013,-0.0442517698,-0.847515285,-0.0180827272,-0.042,-0.042,-0.042,0.042,-0.042,-0.042,-0.042,-0.042,-0.042,-0.00531021237,-0.042,-0.0180827272,0.042,0.042,-0.042,-0.00531021237,0.042,-0.042,-0.042,-0.042,-0.042,-0.042,-0.042
1007,27796019,0.0455421694,-0.505890727,-1.18721104,-1.90244126,0.72963047,-0.532244563,-6.52464581,-7.35156584,-1.51540148,-1.42202604,-0.0265078247,-0.698280871,0.00546506032,-0.042,-0.042,-0.042,0.042,-0.042,-0.042,-0.042,-0.042,-0.042,-0.00318093896,-0.042,0.00546506032,0.042,0.042,-0.042,-0.00318093896,0.042,-0.042,-0.042,-0.042,-0.042,-0.042,-0.042
1008,27814009,0.392080456,0.0381729677,-1.76074505,-0.994555712,0.900348544,-0.155031711,-6.78926277,-7.55089235,-2.03904653,-0.865743279,0.0262104701,-0.376282424,0.042,0.00458075613,-0.042,-0.042,0.042,-0.0186038053,-0.042,-0.042,-0.042,-0.042,0.00314525642,-0.042,0.042,0.042,0.042,-0.042,0.00314525642,0.042,0.00458075613,-0.042,-0.0186038053,-0.042,-0.042,-0.042
1009,27838219,0.626765609,0.479814082,-2.35077477,0.40854463,0.993765593,0.206060141,-6.98677349,-7.69830894,-2.55977702,0.203804895,0.0148539767,-0.0269546881,0.042,0.042,-0.042,0.042,0.042,0.024727217,-0.042,-0.042,-0.042,0.0244565874,0.0017824772,-0.00323456258,0.042,0.042,0.042,-0.042,0.0017824772,0.042,0.042,0.042,0.024727217,-0.042,0.0244565874,-0.00323456258
1010,27862267,0.821049511,0.864726663,-2.43600249,1.25422513,0.944539309,0.590923071,-6.9235549,-7.63615131,-2.89654374,0.915275455,-0.0624169111,0.0256524272,0.042,0.042,-0.042,0.042,0.042,0.042,-0.042,-0.042,-0.042,0.042,-0.00749002934,0.00307829127,0.042,0.042,0.042,-0.042,-0.00749002934,0.042,0.042,0.042,0.042,-0.042,0.042,0.00307829127
1011,27880324,0.856309712,0.677505434,-2.32260418,1.13045144,0.758801103,1.01358318,-6.70082188,-7.54352474,-2.7493372,0.721459687,-0.0166840777,-0.132674232,0.042,0.042,-0.042,0.042,0.042,0.042,-0.042,-0.042,-0.042,0.042,-0.00200208932,-0.0159209079,0.042,0.042,0.042,-0.042,-0.00200208932,0.042,0.042,0.042,0.042,-0.042,0.042,-0.0159209079
1012,27909535,0.509723663,-0.130215406,-1.93577659,-0.10947375,0.463870913,1.13177061,-6.60164261,-7.71339941,-2.08999538,-0.467371315,0.111662209,-0.129746959,0.042,-0.0156258488,-0.042,-0.01313685,0.042,0.042,-0.042,-0.042,-0.042,-0.042,0.0133994651,-0.015569635,0.042,0.042,0.042,-0.042,0.0133994651,0.042,-0.0156258488,-0.01313685,0.042,-0.042,-0.042,-0.015569635
1013,27918071,-0.218791828,-0.86900413,-0.526046038,-2.36780834,0.167649806,0.123430222,-6.71442938,-8.1183691,-0.61517787,-2.90178323,-0.0347637311,0.22429201,-0.0262550193,-0.042,-0.042,-0.042,0.0201179767,0.0148116267,-0.042,-0.042,-0.042,-0.042,-0.00417164773,0.0269150412,-0.0262550193,0.042,0.0201179767,-0.042,-0.00417164773,0.042,-0.042,-0.042,0.0148116267,-0.042,-0.042,0.0269150412
1014,27933271,-0.318647414,-1.70481396,1.10011625,-3.04562092,-0.198512882,-0.676220894,-7.12077188,-8.36606789,0.424433559,-3.71462893,-0.342165172,0.00300536631,-0.0382376897,-0.042,0.042,-0.042,-0.0238215458,-0.042,-0.042,-0.042,0.042,-0.042,-0.0410598207,0.000360643957,-0.0382376897,-0.042,-0.0238215458,-0.042,-0.0410598207,-0.042,-0.042,-0.042,-0.042,-0.042,-0.042,0.000360643957
1015,27953665,0.0437958762,-2.06662393,1.63172185,-3.10075474,-0.550388694,-0.977759957,-7.42700863,-8.58132267,0.226274639,-3.8115871,-0.381361037,-0.0990883261,0.00525550514,-0.042,0.042,-0.042,-0.042,-0.042,-0.042,-0.042,0.0271529567,-0.042,-0.042,-0.0118905991,0.00525550514,-0.042,-0.042,-0.042,-0.042,-0.0271529567,-0.042,-0.042,-0.042,-0.042,-0.042,-0.0118905991
1016,27980345,-0.257826209,-2.49654651,1.97120798,-3.37613249,-0.596469462,-1.28685141,-7.57270336,-8.91923046,0.215380847,-3.95346451,-0.432837099,-0.0894188136,-0.0309391451,-0.042,0.042,-0.042,-0.042,-0.042,-0.042,-0.042,0.0258457017,-0.042,-0.042,-0.0107302576,-0.0309391451,-0.042,-0.042,-0.042,-0.042,-0.0258457017,-0.042,-0.042,-0.042,-0.042,-0.042,-0.0107302576
1017,27997922,-0.941457152,-2.7606945,2.21141648,-3.74164772,-0.495798409,-1.7068857,-7.36818981,-9.15038586,0.286831975,-4.31645155,-0.45250091,-0.232283369,-0.042,-0.042,0.042,-0.042,-0.042,-0.042,-0.042,-0.042,0.034419837,-0.042,-0.042,-0.0278740042,-0.042,-0.042,-0.042,-0.042,-0.042,-0.034419837,-0.042,-0.042,-0.042,-0.042,-0.042,-0.0278740042
1018,28017677,-1.53899193,-2.91083574,2.35030723,-3.95790863,-0.264432669,-2.08804226,-6.8005476,-9.24994564,0.173874721,-4.69426823,-0.496739745,-0.44481957,-0.042,-0.042,0.042,-0.042,-0.0317319202,-0.042,-0.042,-0.042,0.0208649665,-0.042,-0.042,-0.042,-0.042,-0.042,-0.0317319202,-0.042,-0.042,-0.0208649665,-0.042,-0.042,-0.042,-0.042,-0.042,-0.042
1019,28034409,-1.94336772,-3.0614295,2.34006214,-4.01561594,-0.0217114054,-2.38254929,-6.05697727,-9.23871326,0.0370507129,-4.98083448,-0.554378986,-0.704131186,-0.042,-0.042,0.042,-0.042,-0.00260536864,-0.042,-0.042,-0.042,0.00444608554,-0.042,-0.042,-0.042,-0.042,-0.042,-0.00260536864,-0.042,-0.042,-0.00444608554,-0.042,-0.042,-0.042,-0.042,-0.042,-0.042
1020,28063261,-2.26124167,-3.19495797,2.31859422,-4.04254675,0.140828073,-2.60916328,-5.30896664,-9.19893074,-0.0429086611,-5.17296314,-0.613784254,-0.917882144,-0.042,-0.042,0.042,-0.042,0.0168993688,-0.042,-0.042,-0.042,-0.00514903933,-0.042,-0.042,-0.042,-0.042,-0.042,0.0168993688,-0.042,-0.042,0.00514903933,-0.042,-0.042,-0.042,-0.042,-0.042,-0.042
1021,28076741,-2.45757675,-3.27567458,2.27693915,-4.04604006,0.227773339,-2.76016784,-4.60571766,-9.14418316,-0.0993180424,-5.2840004,-0.650185168,-1.0473454,-0.042,-0.042,0.042,-0.042,0.0273328006,-0.042,-0.042,-0.042,-0.0119181651,-0.042,-0.042,-0.042,-0.042,-0.042,0.0273328006,-0.042,-0.042,0.0119181651,-0.042,-0.042,-0.042,-0.042,-0.042,-0.042
1022,28100109,-2.57799459,-3.33666515,2.24174237,-4.07663059,0.261448056,-2.82105923,-4.05110216,-9.05901051,-0.0905981809,-5.32572556,-0.649894834,-1.12374878,-0.042,-0.042,0.042,-0.042,0.0313737667,-0.042,-0.042,-0.042,-0.0108717817,-0.042,-0.042,-0.042,-0.042,-0.042,0.0313737667,-0.042,-0.042,0.0108717817,-0.042,-0.042,-0.042,-0.042,-0.042,-0.042
1023,28113321,-2.5898664,-3.41329527,2.20878315,-4.13779449,0.237525582,-2.80092216,-3.70538855,-8.89264488,-0.00607384369,-5.25365067,-0.598167002,-1.17170966,-0.042,-0.042,0.042,-0.042,0.0285030699,-0.042,-0.042,-0.042,-0.000728861243,-0.042,-0.042,-0.042,-0.042,-0.042,0.0285030699,-0.042,-0.042,0.000728861243,-0.042,-0.042,-0.042,-0.042,-0.042,-0.042
1024,28141297,-2.53933406,-3.50032544,2.17925882,-4.15485764,0.187479079,-2.74833298,-3.50927472,-8.6644783,0.093052119,-5.11308718,-0.525373101,-1.19120646,-0.042,-0.042,0.042,-0.042,0.0224974895,-0.042,-0.042,-0.042,0.0111662543,-0.042,-0.042,-0.042,-0.042,-0.042,0.0224974895,-0.042,-0.042,-0.0111662543,-0.042,-0.042,-0.042,-0.042,-0.042,-0.042
1025,28152296,-2.43261957,-3.59626794,2.16166186,-4.11773825,0.114691801,-2.67092323,-3.39753771,-8.4289856,0.179063588,-4.93672895,-0.454979122,-1.17690527,-0.042,-0.042,0.042,-0.042,0.0137630162,-0.042,-0.042,-0.042,0.0214876306,-0.042,-0.042,-0.042,-0.042,-0.042,0.0137630162,-0.042,-0.042,-0.0214876306,-0.042,-0.042,-0.042,-0.042,-0.042,-0.042
1026,28176346,-2.24401212,-3.72120857,2.14363313,-4.04332781,0.0125006586,-2.56504607,-3.33485174,-8.19194603,0.28302145,-4.71919441,-0.372548282,-1.13856995,-0.042,-0.042,0.042,-0.042,0.00150007904,-0.042,-0.042,-0.042,0.033962574,-0.042,-0.042,-0.042,-0.042,-0.042,0.00150007904,-0.042,-0.042,-0.033962574,-0.042,-0.042,-0.042,-0.042,-0.042,-0.042
1027,28195638,-1.94504821,-3.84831047,2.06219292,-3.91132593,-0.0932871029,-2.40862322,-3.29758811,-7.90874004,0.390349478,-4.44879198,-0.277718604,-1.11700046,-0.042,-0.042,0.042,-0.042,-0.0111944523,-0.042,-0.042,-0.042,0.042,-0.042,-0.0333262324,-0.042,-0.042,-0.042,-0.0111944523,-0.042,-0.0333262324,-0.042,-0.042,-0.042,-0.042,-0.042,-0.042,-0.042
1028,28213935,-1.58913314,-3.97898602,1.91458499,-3.70683193,-0.193979442,-2.22008276,-3.25549388,-7.54948997,0.507347286,-4.07698536,-0.179356068,-1.11075068,-0.042,-0.042,0.042,-0.042,-0.0232775331,-0.042,-0.042,-0.042,0.042,-0.042,-0.0215227282,-0.042,-0.042,-0.042,-0.0232775331,-0.042,-0.0215227282,-0.042,-0.042,-0.042,-0.042,-0.042,-0.042,-0.042
1029,28234249,-1.56517625,-4.04217196,1.8149308,-3.54306269,-0.234763145,-2.13628459,-3.15078878,-7.27580261,0.520269811,-3.82628155,-0.16628617,-1.04792619,-0.042,-0.042,0.042,-0.042,-0.0281715775,-0.042,-0.042,-0.042,0.042,-0.042,-0.0199543405,-0.042,-0.042,-0.042,-0.0281715775,-0.042,-0.0199543405,-0.042,-0.042,-0.042,-0.042,-0.042,-0.042,-0.042
1030,28255281,-1.69952071,-4.06817198,1.75312161,-3.43907261,-0.223403513,-2.11233139,-3.03987789,-7.05906248,0.540234149,-3.68458486,-0.180693865,-0.998570859,-0.042,-0.042,0.042,-0.042,-0.0268084216,-0.042,-0.042,-0.042,0.042,-0.042,-0.0216832638,-0.042,-0.042,-0.042,-0.0268084216,-0.042,-0.0216832638,-0.042,-0.042,-0.042,-0.042,-0.042,-0.042,-0.042
1031,28279291,-1.67900264,-4.10365343,1.67010188,-3.34341669,-0.217662424,-2.03384304,-2.97424102,-6.79096127,0.636897743,-3.52604604,-0.147672802,-1.02338552,-0.042,-0.042,0.042,-0.042,-0.0261194909,-0.042,-0.042,-0.042,0.042,-0.042,-0.0177207363,-0.042,-0.042,-0.042,-0.0261194909,-0.042,-0.0177207363,-0.042,-0.042,-0.042,-0.042,-0.042,-0.042,-0.042
1032,28296749,-1.59365463,-4.13214779,1.58998871,-3.23943901,-0.225459129,-1.9362365,-2.91528511,-6.52286291,0.695606172,-3.36512232,-0.116929688,-1.04280901,-0.042,-0.042,0.042,-0.042,-0.0270550954,-0.042,-0.042,-0.042,0.042,-0.042,-0.0140315625,-0.042,-0.042,-0.042,-0.0270550954,-0.042,-0.0140315625,-0.042,-0.042,-0.042,-0.042,-0.042,-0.042,-0.042
1033,28318262,-1.42985809,-4.14730453,1.46395171,-3.08242369,-0.246037185,-1.82257879,-2.88786268,-6.27550697,0.701533735,-3.14585161,-0.0759086087,-1.07034731,-0.042,-0.042,0.042,-0.042,-0.0295244622,-0.042,-0.042,-0.042,0.042,-0.042,-0.00910903305,-0.042,-0.042,-0.042,-0.0295244622,-0.042,-0.00910903305,-0.042,-0.042,-0.042,-0.042,-0.042,-0.042,-0.042
1034,28343586,-1.24865091,-4.12418365,1.30445564,-2.8845067,-0.257715285,-1.69546843,-2.87242293,-6.06488037,0.630055368,-2.91498852,-0.0454714596,-1.06098819,-0.042,-0.042,0.042,-0.042,-0.0309258342,-0.042,-0.042,-0.042,0.042,-0.042,-0.00545657516,-0.042,-0.042,-0.042,-0.0309258342,-0.042,-0.00545657516,-0.042,-0.042,-0.042,-0.042,-0.042,-0.042,-0.042
1035,28355393,-1.09996104,-4.06916285,1.14476085,-2.71116114,-0.245361537,-1.53952456,-2.85321212,-5.89575195,0.526518583,-2.7327764,-0.0432040989,-1.03405368,-0.042,-0.042,0.042,-0.042,-0.0294433844,-0.042,-0.042,-0.042,0.042,-0.042,-0.00518449187,-0.042,-0.042,-0.042,-0.0294433844,-0.042,-0.00518449187,-0.042,-0.042,-0.042,-0.042,-0.042,-0.042,-0.042
1036,28373857,-0.97428453,-3.99217296,1.01613939,-2.58714104,-0.218536496,-1.34163404,-2.83758855,-5.77352381,0.450628936,-2.61154461,-0.0463104844,-1.01050031,-0.042,-0.042,0.042,-0.042,-0.0262243795,-0.042,-0.042,-0.042,0.042,-0.042,-0.00555725813,-0.042,-0.042,-0.042,-0.0262243795,-0.042,-0.00555725813,-0.042,-0.042,-0.042,-0.042,-0.042,-0.042,-0.042
1037,28394299,-0.835578263,-3.89996696,0.931434751,-2.51373768,-0.194938153,-1.1121043,-2.84516454,-5.68260574,0.412478447,-2.54509258,-0.0404912829,-0.992803872,-0.042,-0.042,0.042,-0.042,-0.0233925784,-0.042,-0.042,-0.042,0.042,-0.042,-0.00485895395,-0.042,-0.042,-0.042,-0.0233925784,-0.042,-0.00485895395,-0.042,-0.042,-0.042,-0.042,-0.042,-0.042,-0.042
1038,28422552,-0.729153693,-3.80407357,0.902087688,-2.48897266,-0.18405512,-0.889609516,-2.88792109,-5.63437653,0.411277324,-2.53171396,-0.0294600502,-0.972656012,-0.042,-0.042,0.042,-0.042,-0.0220866144,-0.042,-0.042,-0.042,0.042,-0.042,-0.00353520602,-0.042,-0.042,-0.042,-0.0220866144,-0.042,-0.00353520602,-0.042,-0.042,-0.042,-0.042,-0.042,-0.042,-0.042
1039,28438144,-0.573517144,-3.69928217,0.885371566,-2.46907902,-0.173605695,-0.728750706,-2.98762655,-5.6130414,0.423395693,-2.52178812,-0.00334696844,-0.955980718,-0.042,-0.042,0.042,-0.042,-0.0208326834,-0.042,-0.042,-0.042,0.042,-0.042,-0.000401636213,-0.042,-0.042,-0.042,-0.0208326834,-0.042,-0.000401636213,-0.042,-0.042,-0.042,-0.042,-0.042,-0.042,-0.042
1040,28454502,-0.376939982,-3.5728426,0.841887236,-2.41853666,-0.1610277,-0.621484101,-3.12678361,-5.62739944,0.400890797,-2.47651458,0.019170085,-0.935054481,-0.042,-0.042,0.042,-0.042,-0.019323324,-0.042,-0.042,-0.042,0.042,-0.042,0.0023004102,-0.042,-0.042,-0.042,-0.019323324,-0.042,0.0023004102,-0.042,-0.042,-0.042,-0.042,-0.042,-0.042,-0.042
1041,28477331,-0.172057107,-3.41687012,0.738219142,-2.33112144,-0.140074909,-0.53089422,-3.28791356,-5.67506742,0.316892058,-2.39105487,0.0290977806,-0.916928828,-0.0206468529,-0.042,0.042,-0.042,-0.016808989,-0.042,-0.042,-0.042,0.0380270469,-0.042,0.00349173367,-0.042,-0.0206468529,-0.042,-0.016808989,-0.042,0.00349173367,-0.0380270469,-0.042,-0.042,-0.042,-0.042,-0.042,-0.042
1042,28493953,-0.00614058226,-3.21781349,0.556170464,-2.24770212,-0.0989259928,-0.445548415,-3.4582293,-5.74998331,0.15714255,-2.28118372,0.0251379237,-0.899442494,-0.000736869872,-0.042,0.042,-0.042,-0.0118711191,-0.042,-0.042,-0.042,0.018857106,-0.042,0.00301655084,-0.042,-0.000736869872,-0.042,-0.0118711191,-0.042,0.00301655084,-0.018857106,-0.042,-0.042,-0.042,-0.042,-0.042,-0.042
1043,28513724,0.105621941,-2.93448877,0.23763153,-2.20134974,-0.0101905018,-0.372480929,-3.63078904,-5.86124372,-0.138731644,-2.13638473,0.0202968307,-0.858766317,0.012674633,-0.042,0.0285157835,-0.042,-0.00122286022,-0.042,-0.042,-0.042,-0.0166477972,-0.042,0.00243561968,-0.042,0.012674633,-0.0285157835,-0.00122286022,-0.042,0.00243561968,0.0166477972,-0.042,-0.042,-0.042,-0.042,-0.042,-0.042
1044,28541387,0.196187153,-2.58509827,-0.111646779,-2.17324066,0.0980758592,-0.299657792,-3.82316279,-6.01986647,-0.478487462,-2.00778317,0.0278950874,-0.783715725,0.0235424584,-0.042,-0.0133976135,-0.042,0.0117691031,-0.035958935,-0.042,-0.042,-0.042,-0.042,0.00334741049,-0.042,0.0235424584,0.0133976135,0.0117691031,-0.042,0.00334741049,0.042,-0.042,-0.042,-0.035958935,-0.042,-0.042,-0.042
1045,28554420,0.298434645,-2.23432517,-0.359183967,-2.1362381,0.196093649,-0.234646231,-4.05102539,-6.23447323,-0.735043824,-1.93212581,0.0267351363,-0.684180081,0.0358121574,-0.042,-0.042,-0.042,0.0235312378,-0.0281575477,-0.042,-0.042,-0.042,-0.042,0.00320821635,-0.042,0.0358121574,0.042,0.0235312378,-0.042,0.00320821635,0.042,-0.042,-0.042,-0.0281575477,-0.042,-0.042,-0.042
1046,28576921,0.361000955,-1.94725943,-0.355991125,-2.14655542,0.23005271,-0.203615144,-4.31715345,-6.50199223,-0.758958578,-2.00477409,0.041958604,-0.536017239,0.042,-0.042,-0.042,-0.042,0.0276063251,-0.0244338173,-0.042,-0.042,-0.042,-0.042,0.00503503248,-0.042,0.042,0.042,0.0276063251,-0.042,0.00503503248,0.042,-0.042,-0.042,-0.0244338173,-0.042,-0.042,-0.042
1047,28594504,0.408922851,-1.8159616,0.0324267522,-2.28623056,0.138378322,-0.210937664,-4.58630323,-6.75200081,-0.401765108,-2.2646172,0.059554074,-0.434655279,0.042,-0.042,0.00389121026,-0.042,0.0166053987,-0.0253125197,-0.042,-0.042,-0.042,-0.042,0.00714648888,-0.042,0.042,-0.00389121026,0.0166053987,-0.042,0.00714648888,0.042,-0.042,-0.042,-0.0253125197,-0.042,-0.042,-0.042
1048,28618412,0.405104667,-1.92218101,0.84912622,-2.59192705,-0.0852967948,-0.312843472,-4.80131817,-6.92058229,0.410904109,-2.7722621,0.0571308173,-0.387072682,0.042,-0.042,0.042,-0.042,-0.0102356154,-0.0375412166,-0.042,-0.042,0.042,-0.042,0.00685569808,-0.042,0.042,-0.042,-0.0102356154,-0.042,0.00685569808,-0.042,-0.042,-0.042,-0.0375412166,-0.042,-0.042,-0.042
1049,28634506,0.363205552,-2.02611375,1.45354366,-2.9124856,-0.174471751,-0.536483467,-5.00876617,-6.98684883,1.03639936,-3.1472888,0.0318301544,-0.383970201,0.042,-0.042,0.042,-0.042,-0.0209366101,-0.042,-0.042,-0.042,0.042,-0.042,0.00381961852,-0.042,0.042,-0.042,-0.0209366101,-0.042,0.00381961852,-0.042,-0.042,-0.042,-0.042,-0.042,-0.042,-0.042
1050,28657715,0.412564278,-2.01340103,1.51588404,-2.85914516,-0.156916738,-0.707265556,-5.23044968,-7.00360107,1.01754832,-3.11259866,0.0169480406,-0.398954898,0.042,-0.042,0.042,-0.042,-0.0188300085,-0.042,-0.042,-0.042,0.042,-0.042,0.00203376487,-0.042,0.042,-0.042,-0.0188300085,-0.042,0.00203376487,-0.042,-0.042,-0.042,-0.042,-0.042,-0.042,-0.042
1051,28676780,0.448640287,-1.95925677,1.25501907,-2.6013279,-0.0831031725,-0.762157321,-5.40480661,-6.91691971,0.747071803,-2.8173039,0.00686302781,-0.440236062,0.042,-0.042,0.042,-0.042,-0.0099723807,-0.042,-0.042,-0.042,0.042,-0.042,0.000823563337,-0.042,0.042,-0.042,-0.0099723807,-0.042,0.000823563337,-0.042,-0.042,-0.042,-0.042,-0.042,-0.042,-0.042
1052,28697384,0.39063552,-1.82792389,0.79263103,-2.4284997,0.0795252845,-0.745452642,-5.45656633,-6.75740051,0.331861556,-2.53292918,-0.0143025368,-0.480723709,0.042,-0.042,0.042,-0.042,0.00954303414,-0.042,-0.042,-0.042,0.0398233867,-0.042,-0.00171630442,-0.042,0.042,-0.042,0.00954303414,-0.042,-0.00171630442,-0.0398233867,-0.042,-0.042,-0.042,-0.042,-0.042,-0.042
1053,28714434,0.226333857,-1.65372324,0.28322491,-2.39243126,0.25051257,-0.655174255,-5.39408159,-6.5603323,-0.11645323,-2.24424386,-0.0476045609,-0.567834139,0.0271600628,-0.042,0.0339869893,-0.042,0.0300615084,-0.042,-0.042,-0.042,-0.0139743876,-0.042,-0.0057125473,-0.042,0.0271600628,-0.0339869893,0.0300615084,-0.042,-0.0057125473,0.0139743876,-0.042,-0.042,-0.042,-0.042,-0.042,-0.042
1054,28742470,0.0649917871,-1.51513124,-0.0189367719,-2.37157011,0.246228933,-0.48791787,-5.3055892,-6.40390015,-0.432272941,-2.07748508,-0.0140758939,-0.632720113,0.00779901445,-0.042,-0.00227241263,-0.042,0.029547472,-0.042,-0.042,-0.042,-0.042,-0.042,-0.00168910727,-0.042,0.00779901445,0.00227241263,0.029547472,-0.042,-0.00168910727,0.042,-0.042,-0.042,-0.042,-0.042,-0.042,-0.042
1055,28754787,0.0237441175,-1.4472959,-0.0248374194,-2.38578844,0.145050675,-0.360991865,-5.28518152,-6.35115147,-0.472046912,-2.1071651,0.0529193953,-0.638062775,0.0028492941,-0.042,-0.00298049033,-0.042,0.017406081,-0.042,-0.042,-0.042,-0.042,-0.042,0.00635032743,-0.042,0.0028492941,0.00298049033,0.017406081,-0.042,0.00635032743,0.042,-0.042,-0.042,-0.042,-0.042,-0.042,-0.042
1056,28777506,0.100750193,-1.51525831,0.351233602,-2.46170807,0.0071528405,-0.329276502,-5.33793259,-6.38118744,-0.0934531242,-2.32674623,0.0903037935,-0.618225873,0.0120900232,-0.042,0.042,-0.042,0.000858340859,-0.0395131803,-0.042,-0.042,-0.0112143749,-0.042,0.0108364552,-0.042,0.0120900232,-0.042,0.000858340859,-0.042,0.0108364552,0.0112143749,-0.042,-0.042,-0.0395131803,-0.042,-0.042,-0.042
1057,28794461,0.219641849,-1.74565291,0.96574533,-2.59131289,-0.163592428,-0.39536339,-5.39547157,-6.42695522,0.552500367,-2.670892,0.0839426666,-0.611440837,0.0263570219,-0.042,0.042,-0.042,-0.0196310914,-0.042,-0.042,-0.042,0.042,-0.042,0.01007312,-0.042,0.0263570219,-0.042,-0.0196310914,-0.042,0.01007312,-0.042,-0.042,-0.042,-0.042,-0.042,-0.042,-0.042
1058,28817412,0.319223821,-1.98137546,1.26334345,-2.66174936,-0.235654712,-0.52245456,-5.45894623,-6.46469069,0.843910336,-2.77737761,0.0583774149,-0.654016137,0.0383068585,-0.042,0.042,-0.042,-0.0282785654,-0.042,-0.042,-0.042,0.042,-0.042,0.00700528979,-0.042,0.0383068585,-0.042,-0.0282785654,-0.042,0.00700528979,-0.042,-0.042,-0.042,-0.042,-0.042,-0.042,-0.042
1059,28835307,0.368107975,-2.06757259,1.15696418,-2.52571726,-0.185849577,-0.648869097,-5.55368614,-6.52106905,0.723834813,-2.6188283,0.0364571139,-0.672532797,0.042,-0.042,0.042,-0.042,-0.0223019493,-0.042,-0.042,-0.042,0.042,-0.042,0.00437485367,-0.042,0.042,-0.042,-0.0223019493,-0.042,0.00437485367,-0.042,-0.042,-0.042,-0.042,-0.042,-0.042,-0.042
1060,28859447,0.302697867,-1.94437063,0.71102798,-2.38697433,0.0157515034,-0.754960299,-5.6320672,-6.57575417,0.318097591,-2.35158873,0.000617139041,-0.642388463,0.0363237441,-0.042,0.042,-0.042,0.00189018041,-0.042,-0.042,-0.042,0.038171711,-0.042,7.4056685e-05,-0.042,0.0363237441,-0.042,0.00189018041,-0.042,7.4056685e-05,-0.038171711,-0.042,-0.042,-0.042,-0.042,-0.042,-0.042
1061,28878536,0.13308686,-1.65914369,0.104987264,-2.34609938,0.286393225,-0.77140522,-5.6466856,-6.6252346,-0.223241478,-2.07888746,-0.0455187857,-0.612769246,0.0159704232,-0.042,0.0125984716,-0.042,0.034367187,-0.042,-0.042,-0.042,-0.0267889774,-0.042,-0.00546225429,-0.042,0.0159704232,-0.0125984716,0.034367187,-0.042,-0.00546225429,0.0267889774,-0.042,-0.042,-0.042,-0.042,-0.042,-0.042
1062,28897319,-0.00887052342,-1.37948501,-0.326443791,-2.29935551,0.364663213,-0.611655176,-5.61752701,-6.64905596,-0.696706593,-1.90085387,-0.0127201229,-0.58721298,-0.00106446281,-0.042,-0.039173255,-0.042,0.042,-0.042,-0.042,-0.042,-0.042,-0.042,-0.00152641475,-0.042,-0.00106446281,0.039173255,0.042,-0.042,-0.00152641475,0.042,-0.042,-0.042,-0.042,-0.042,-0.042,-0.042
1063,28918903,-0.0290989392,-1.2595216,-0.34030953,-2.29722071,0.261059999,-0.42896089,-5.60807705,-6.6882472,-0.791055739,-1.92883968,0.0474941917,-0.539265871,-0.0034918727,-0.042,-0.0408371437,-0.042,0.0313271999,-0.042,-0.042,-0.042,-0.042,-0.042,0.005699303,-0.042,-0.0034918727,0.0408371437,0.0313271999,-0.042,0.005699303,0.042,-0.042,-0.042,-0.042,-0.042,-0.042,-0.042
1064,28933663,0.0656262785,-1.38199282,0.231284976,-2.42524481,0.0474673957,-0.329300672,-5.64711761,-6.74767447,-0.264559329,-2.25942659,0.102240399,-0.489864916,0.00787515342,-0.042,0.0277541971,-0.042,0.00569608748,-0.0395160806,-0.042,-0.042,-0.0317471194,-0.042,0.0122688478,-0.042,0.00787515342,-0.0277541971,0.00569608748,-0.042,0.0122688478,0.0317471194,-0.042,-0.042,-0.0395160806,-0.042,-0.042,-0.042
1065,28966750,0.142535642,-1.70424175,1.20368659,-2.71974134,-0.177893072,-0.433397472,-5.66904879,-6.78434229,0.750163019,-2.87101436,0.105624236,-0.437824219,0.017104277,-0.042,0.042,-0.042,-0.0213471687,-0.042,-0.042,-0.042,0.042,-0.042,0.0126749083,-0.042,0.017104277,-0.042,-0.0213471687,-0.042,0.0126749083,-0.042,-0.042,-0.042,-0.042,-0.042,-0.042,-0.042
1066,28977348,0.277102888,-1.87192774,1.560745,-2.8984704,-0.227769971,-0.64706248,-5.72586632,-6.82573557,1.12033463,-3.15320301,0.111268915,-0.4153018,0.0332523465,-0.042,0.042,-0.042,-0.0273323965,-0.042,-0.042,-0.042,0.042,-0.042,0.0133522698,-0.042,0.0332523465,-0.042,-0.0273323965,-0.042,0.0133522698,-0.042,-0.042,-0.042,-0.042,-0.042,-0.042,-0.042
1067,28995770,0.397105008,-1.93356478,1.43773937,-2.68357658,-0.208867759,-0.781360865,-5.84036064,-6.84477329,0.924111485,-2.88785625,0.0657498017,-0.469443202,0.042,-0.042,0.042,-0.042,-0.025064131,-0.042,-0.042,-0.042,0.042,-0.042,0.0078899762,-0.042,0.042,-0.042,-0.025064131,-0.042,0.0078899762,-0.042,-0.042,-0.042,-0.042,-0.042,-0.042,-0.042
1068,29014279,0.40548864,-1.8684051,1.04270852,-2.41935539,-0.0699255764,-0.868015647,-5.91300201,-6.79597235,0.537056506,-2.57380867,0.0375829712,-0.470825166,0.042,-0.042,0.042,-0.042,-0.00839106917,-0.042,-0.042,-0.042,0.042,-0.042,0.00450995654,-0.042,0.042,-0.042,-0.00839106917,-0.042,0.00450995654,-0.042,-0.042,-0.042,-0.042,-0.042,-0.042,-0.042
1069,29034482,0.237341836,-1.62343585,0.422227114,-2.37724113,0.203305632,-0.889973581,-5.88313532,-6.71523952,-0.00634916127,-2.27753186,-0.0234228224,-0.462851405,0.0284810203,-0.042,0.042,-0.042,0.0243966758,-0.042,-0.042,-0.042,-0.000761899352,-0.042,-0.00281073868,-0.042,0.0284810203,-0.042,0.0243966758,-0.042,-0.00281073868,0.000761899352,-0.042,-0.042,-0.042,-0.042,-0.042,-0.042
1070,29060226,0.00849628448,-1.44319868,0.101908505,-2.38900518,0.27165401,-0.753111899,-5.75841475,-6.59168386,-0.311546952,-2.10108352,-0.0561757907,-0.507602155,0.00101955414,-0.042,0.0122290206,-0.042,0.0325984812,-0.042,-0.042,-0.042,-0.0373856342,-0.042,-0.00674109489,-0.042,0.00101955414,-0.0122290206,0.0325984812,-0.042,-0.00674109489,0.0373856342,-0.042,-0.042,-0.042,-0.042,-0.042,-0.042
1071,29072124,-0.124026462,-1.46328938,0.227363616,-2.48221159,0.128405005,-0.570893049,-5.60864162,-6.46910858,-0.241881967,-2.20994139,0.00853674859,-0.545660913,-0.0148831755,-0.042,0.0272836339,-0.042,0.0154086006,-0.042,-0.042,-0.042,-0.029025836,-0.042,0.00102440983,-0.042,-0.0148831755,-0.0272836339,0.0154086006,-0.042,0.00102440983,0.029025836,-0.042,-0.042,-0.042,-0.042,-0.042,-0.042
1072,29096152,-0.0489818268,-1.70844615,0.830812216,-2.60606527,-0.0863308758,-0.511487842,-5.49021435,-6.37872028,0.347952724,-2.5484302,0.0578925982,-0.597561419,-0.00587781921,-0.042,0.042,-0.042,-0.0103597051,-0.042,-0.042,-0.042,0.0417543268,-0.042,0.00694711179,-0.042,-0.00587781921,-0.042,-0.0103597051,-0.042,0.00694711179,-0.0417543268,-0.042,-0.042,-0.042,-0.042,-0.042,-0.042
1073,29112892,0.131421983,-2.0034945,1.28823912,-2.7176137,-0.228631705,-0.57555002,-5.39550352,-6.31131268,0.805790782,-2.7856133,0.0649043322,-0.677523077,0.015770638,-0.042,0.042,-0.042,-0.0274358046,-0.042,-0.042,-0.042,0.042,-0.042,0.00778851986,-0.042,0.015770638,-0.042,-0.0274358046,-0.042,0.00778851986,-0.042,-0.042,-0.042,-0.042,-0.042,-0.042,-0.042
1074,29142142,0.30739069,-2.1182003,1.22377181,-2.56535578,-0.217877507,-0.643342853,-5.4066329,-6.32591009,0.750373244,-2.64105892,0.0634351522,-0.757170975,0.0368868828,-0.042,0.042,-0.042,-0.0261453009,-0.042,-0.042,-0.042,0.042,-0.042,0.00761221826,-0.042,0.0368868828,-0.042,-0.0261453009,-0.042,0.00761221826,-0.042,-0.042,-0.042,-0.042,-0.042,-0.042,-0.042
1075,29152572,0.361382812,-1.95068145,0.640164971,-2.31447077,0.00725226104,-0.691019654,-5.49486446,-6.40214825,0.238814414,-2.24355817,0.0238234606,-0.78977865,0.042,-0.042,0.042,-0.042,0.000870271325,-0.042,-0.042,-0.042,0.0286577296,-0.042,0.00285881527,-0.042,0.042,-0.042,0.000870271325,-0.042,0.00285881527,-0.0286577296,-0.042,-0.042,-0.042,-0.042,-0.042,-0.042
1076,29174772,0.236225933,-1.47350228,-0.308761388,-2.18785524,0.42198509,-0.669763863,-5.58795977,-6.54256773,-0.601121843,-1.80051661,-0.0367741808,-0.727757037,0.0283471119,-0.042,-0.0370513666,-0.042,0.042,-0.042,-0.042,-0.042,-0.042,-0.042,-0.0044129017,-0.042,0.0283471119,0.0370513666,0.042,-0.042,-0.0044129017,0.042,-0.042,-0.042,-0.042,-0.042,-0.042,-0.042
1077,29193611,0.14007099,-0.945110202,-1.04603314,-1.9695797,0.611732244,-0.451415777,-5.70570135,-6.70734882,-1.40509963,-1.49206769,-0.0177879184,-0.576396286,0.0168085188,-0.042,-0.042,-0.042,0.042,-0.042,-0.042,-0.042,-0.042,-0.042,-0.00213455021,-0.042,0.0168085188,0.042,0.042,-0.042,-0.00213455021,0.042,-0.042,-0.042,-0.042,-0.042,-0.042,-0.042
1078,29213200,0.22213003,-0.600667596,-1.28815615,-1.57825148,0.613901138,-0.164897338,-5.92135143,-6.901402,-1.715168,-1.27301586,0.0570184514,-0.384317935,0.0266556036,-0.042,-0.042,-0.042,0.042,-0.0197876805,-0.042,-0.042,-0.042,-0.042,0.00684221417,-0.042,0.0266556036,0.042,0.042,-0.042,0.00684221417,0.042,-0.042,-0.042,-0.0197876805,-0.042,-0.042,-0.042
1079,29234831,0.341338545,-0.352423966,-1.37735093,-1.31940377,0.574470162,0.0486365333,-6.19801521,-7.20994711,-1.8186146,-1.1791116,0.096115306,-0.145592421,0.0409606254,-0.042,-0.042,-0.042,0.042,0.005836384,-0.042,-0.042,-0.042,-0.042,0.0115338367,-0.0174710906,0.0409606254,0.042,0.042,-0.042,0.0115338367,0.042,-0.042,-0.042,0.005836384,-0.042,-0.042,-0.0174710906
1080,29255530,0.464688599,-0.145560145,-1.45803058,-1.2024163,0.56858629,0.124837682,-6.47697258,-7.58360767,-1.84972382,-1.15878415,0.10835667,-0.0166795515,0.042,-0.0174672174,-0.042,-0.042,0.042,0.0149805218,-0.042,-0.042,-0.042,-0.042,0.0130028003,-0.00200154617,0.042,0.042,0.042,-0.042,0.0130028003,0.042,-0.0174672174,-0.042,0.0149805218,-0.042,-0.042,-0.00200154617
1081,29272689,0.578386128,-0.0142820477,-1.45911777,-1.2817955,0.589269996,0.0772296563,-6.75296497,-7.97925234,-1.80739427,-1.24827266,0.117852844,0.0175559297,0.042,-0.00171384573,-0.042,-0.042,0.042,0.00926755875,-0.042,-0.042,-0.042,-0.042,0.0141423413,0.00210671157,0.042,0.042,0.042,-0.042,0.0141423413,0.042,-0.00171384573,-0.042,0.00926755875,-0.042,-0.042,0.00210671157
1082,29298876,0.603482962,-0.132773072,-1.0388974,-1.78549552,0.498806566,-0.0439725406,-6.99852848,-8.35182858,-1.41655087,-1.7231642,0.157151729,0.013828625,0.042,-0.0159327686,-0.042,-0.042,0.042,-0.00527670488,-0.042,-0.042,-0.042,-0.042,0.0188582075,0.001659435,0.042,0.042,0.042,-0.042,0.0188582075,0.042,-0.0159327686,-0.042,-0.00527670488,-0.042,-0.042,0.001659435
1083,29312732,0.347713798,-0.773729444,0.700349927,-2.95238924,0.0924021974,-0.414639026,-7.16870356,-8.57598877,0.235963404,-2.96598625,0.151779413,-0.0576951019,0.0417256558,-0.042,0.042,-0.042,0.0110882637,-0.042,-0.042,-0.042,0.0283156085,-0.042,0.0182135296,-0.00692341223,0.0417256558,-0.042,0.0110882637,-0.042,0.0182135296,-0.0283156085,-0.042,-0.042,-0.042,-0.042,-0.042,-0.00692341223
1084,29335027,0.390918732,-1.32700813,1.98797774,-3.53633928,-0.309129268,-0.907668293,-7.13184452,-8.65891266,1.21253037,-4.10995007,0.0124616809,0.090375945,0.042,-0.042,0.042,-0.042,-0.0370955122,-0.042,-0.042,-0.042,0.042,-0.042,0.00149540171,0.0108451134,0.042,-0.042,-0.0370955122,-0.042,0.00149540171,-0.042,-0.042,-0.042,-0.042,-0.042,-0.042,0.0108451134
1085,29353135,0.637638748,-1.59388614,2.18314695,-3.42654085,-0.489271343,-1.23757493,-7.03624678,-8.70416355,0.885043085,-4.07991028,-0.114699982,0.0208295602,0.042,-0.042,0.042,-0.042,-0.042,-0.042,-0.042,-0.042,0.042,-0.042,-0.0137639979,0.00249954723,0.042,-0.042,-0.042,-0.042,-0.0137639979,-0.042,-0.042,-0.042,-0.042,-0.042,-0.042,0.00249954723
1086,29373782,0.646818817,-1.71913695,2.01479626,-3.20801544,-0.390085489,-1.4245131,-7.00250959,-8.5757637,0.803123176,-3.64596748,-0.0668404773,-0.151271999,0.042,-0.042,0.042,-0.042,-0.042,-0.042,-0.042,-0.042,0.042,-0.042,-0.00802085727,-0.0181526399,0.042,-0.042,-0.042,-0.042,-0.00802085727,-0.042,-0.042,-0.042,-0.042,-0.042,-0.042,-0.0181526399
1087,29396798,0.561455131,-1.75304401,1.62462568,-2.93478727,-0.240612507,-1.53259242,-6.86321354,-8.11907864,0.671358943,-3.17216253,0.00809418038,-0.421728164,0.042,-0.042,0.042,-0.042,-0.0288735008,-0.042,-0.042,-0.042,0.042,-0.042,0.000971301645,-0.042,0.042,-0.042,-0.0288735008,-0.042,0.000971301645,-0.042,-0.042,-0.042,-0.042,-0.042,-0.042,-0.042
1088,29427393,0.403871864,-1.76548922,1.2489593,-2.74467134,-0.124507442,-1.583781,-6.54758835,-7.45992947,0.488550007,-2.81285524,0.0197803378,-0.589278281,0.042,-0.042,0.042,-0.042,-0.0149408931,-0.042,-0.042,-0.042,0.042,-0.042,0.00237364054,-0.042,0.042,-0.042,-0.0149408931,-0.042,0.00237364054,-0.042,-0.042,-0.042,-0.042,-0.042,-0.042,-0.042
1089,29441280,0.23491846,-1.76508665,0.961591125,-2.67283726,-0.0397067703,-1.61853731,-6.12720728,-6.85920477,0.30606842,-2.57364368,0.00308407471,-0.6757254,0.0281902152,-0.042,0.042,-0.042,-0.00476481244,-0.042,-0.042,-0.042,0.0367282104,-0.042,0.000370088965,-0.042,0.0281902152,-0.042,-0.00476481244,-0.042,0.000370088965,-0.0367282104,-0.042,-0.042,-0.042,-0.042,-0.042,-0.042
1090,29453139,0.129393876,-1.80439758,0.832216859,-2.62345076,-0.000709943473,-1.56668293,-5.72237396,-6.43943167,0.263071984,-2.43731594,0.00984251872,-0.731717765,0.0155272651,-0.042,0.042,-0.042,-8.51932168e-05,-0.042,-0.042,-0.042,0.0315686381,-0.042,0.00118110225,-0.042,0.0155272651,-0.042,-8.51932168e-05,-0.042,0.00118110225,-0.0315686381,-0.042,-0.042,-0.042,-0.042,-0.042,-0.042
1091,29478547,0.109713055,-1.91070914,0.882943153,-2.57640076,-0.0200618468,-1.44721985,-5.37042665,-6.1638341,0.348156542,-2.40314198,0.0280566979,-0.763470292,0.0131655666,-0.042,0.042,-0.042,-0.00240742162,-0.042,-0.042,-0.042,0.041778785,-0.042,0.00336680375,-0.042,0.0131655666,-0.042,-0.00240742162,-0.042,0.00336680375,-0.041778785,-0.042,-0.042,-0.042,-0.042,-0.042,-0.042
1092,29494060,0.151829705,-2.04402256,0.973597527,-2.53652573,-0.0602029711,-1.30575013,-5.09628153,-6.00045538,0.452446461,-2.41349268,0.0433280878,-0.781931818,0.0182195646,-0.042,0.042,-0.042,-0.00722435653,-0.042,-0.042,-0.042,0.042,-0.042,0.00519937053,-0.042,0.0182195646,-0.042,-0.00722435653,-0.042,0.00519937053,-0.042,-0.042,-0.042,-0.042,-0.042,-0.042,-0.042
1093,29513928,0.198533148,-2.12916231,0.961977363,-2.48119879,-0.0623318627,-1.18860972,-4.9056325,-5.9247427,0.463387311,-2.38049865,0.0446003452,-0.79447937,0.0238239777,-0.042,0.042,-0.042,-0.00747982353,-0.042,-0.042,-0.042,0.042,-0.042,0.00535204142,-0.042,0.0238239777,-0.042,-0.00747982353,-0.042,0.00535204142,-0.042,-0.042,-0.042,-0.042,-0.042,-0.042,-0.042
1094,29535876,0.218322307,-2.10143757,0.764142275,-2.40014172,0.0160199478,-1.08938313,-4.78705502,-5.91726637,0.308726072,-2.25328898,0.0322230682,-0.803859234,0.0261986768,-0.042,0.042,-0.042,0.00192239374,-0.042,-0.042,-0.042,0.0370471287,-0.042,0.00386676818,-0.042,0.0261986768,-0.042,0.00192239374,-0.042,0.00386676818,-0.0370471287,-0.042,-0.042,-0.042,-0.042,-0.042,-0.042
1095,29555608,0.188911468,-1.94246149,0.403246164,-2.34056664,0.168577999,-0.968040705,-4.72326994,-5.96185732,0.004752215,-2.0675292,0.0130278245,-0.799501002,0.0226693761,-0.042,0.042,-0.042,0.0202293599,-0.042,-0.042,-0.042,0.0005702658,-0.042,0.00156333894,-0.042,0.0226693761,-0.042,0.0202293599,-0.042,0.00156333894,-0.0005702658,-0.042,-0.042,-0.042,-0.042,-0.042,-0.042
1096,29582628,0.158116013,-1.7076596,0.0100355968,-2.28842783,0.293444514,-0.798251867,-4.70865488,-6.04792452,-0.363906741,-1.90004313,0.0161720589,-0.771059692,0.0189739215,-0.042,0.00120427161,-0.042,0.0352133417,-0.042,-0.042,-0.042,-0.042,-0.042,0.00194064707,-0.042,0.0189739215,-0.00120427161,0.0352133417,-0.042,0.00194064707,0.042,-0.042,-0.042,-0.042,-0.042,-0.042,-0.042
1097,29593121,0.195348591,-1.47159362,-0.301850766,-2.22248793,0.328958988,-0.597869575,-4.75798273,-6.17954254,-0.700498998,-1.78684902,0.0424968712,-0.715801954,0.0234418309,-0.042,-0.0362220919,-0.042,0.0394750786,-0.042,-0.042,-0.042,-0.042,-0.042,0.00509962454,-0.042,0.0234418309,0.0362220919,0.0394750786,-0.042,0.00509962454,0.042,-0.042,-0.042,-0.042,-0.042,-0.042,-0.042
1098,29629388,0.27994886,-1.30226696,-0.387086719,-2.16625786,0.274227142,-0.408254266,-4.90009737,-6.35994244,-0.813751936,-1.78386533,0.0751706064,-0.621027946,0.0335938632,-0.042,-0.042,-0.042,0.0329072571,-0.042,-0.042,-0.042,-0.042,-0.042,0.00902047276,-0.042,0.0335938632,0.042,0.0329072571,-0.042,0.00902047276,0.042,-0.042,-0.042,-0.042,-0.042,-0.042,-0.042
1099,29638604,0.373554707,-1.25996041,-0.148824558,-2.20902634,0.162411094,-0.290696859,-5.10920763,-6.57326841,-0.597323656,-1.94918978,0.105270699,-0.528125286,0.042,-0.042,-0.0178589469,-0.042,0.0194893312,-0.0348836231,-0.042,-0.042,-0.042,-0.042,0.0126324838,-0.042,0.042,0.0178589469,0.0194893312,-0.042,0.0126324838,0.042,-0.042,-0.042,-0.0348836231,-0.042,-0.042,-0.042
1100,29661461,0.414450705,-1.40765119,0.500989914,-2.45979309,-0.0223681815,-0.306596071,-5.29996395,-6.75908566,0.0447153263,-2.37348509,0.121333599,-0.469577342,0.042,-0.042,0.042,-0.042,-0.00268418178,-0.0367915285,-0.042,-0.042,0.00536583915,-0.042,0.0145600319,-0.042,0.042,-0.042,-0.00268418178,-0.042,0.0145600319,-0.00536583915,-0.042,-0.042,-0.0367915285,-0.042,-0.042,-0.042
1101,29674799,0.415042311,-1.71690989,1.33858919,-2.77629185,-0.195990503,-0.468913108,-5.42831993,-6.85410738,0.909757495,-2.90296173,0.0948890299,-0.446702719,0.042,-0.042,0.042,-0.042,-0.0235188603,-0.042,-0.042,-0.042,0.042,-0.042,0.0113866836,-0.042,0.042,-0.042,-0.0235188603,-0.042,0.0113866836,-0.042,-0.042,-0.042,-0.042,-0.042,-0.042,-0.042
1102,29698303,0.451965988,-1.88122654,1.58008814,-2.88028908,-0.218330234,-0.69223398,-5.56041622,-6.91114855,1.08758748,-3.05335569,0.0744867772,-0.439389467,0.042,-0.042,0.042,-0.042,-0.0261996281,-0.042,-0.042,-0.042,0.042,-0.042,0.00893841326,-0.042,0.042,-0.042,-0.0261996281,-0.042,0.00893841326,-0.042,-0.042,-0.042,-0.042,-0.042,-0.042,-0.042
1103,29718805,0.457228094,-1.93060064,1.44384861,-2.6913271,-0.166250631,-0.825427294,-5.67660093,-6.90792274,0.894791067,-2.85443234,0.0502751842,-0.432518482,0.042,-0.042,0.042,-0.042,-0.0199500757,-0.042,-0.042,-0.042,0.042,-0.042,0.00603302211,-0.042,0.042,-0.042,-0.0199500757,-0.042,0.00603302211,-0.042,-0.042,-0.042,-0.042,-0.042,-0.042,-0.042
1104,29733857,0.421494305,-1.90766978,1.12389326,-2.48342609,-0.0549873635,-0.886630893,-5.70083857,-6.79231834,0.584916651,-2.61713767,0.0296754986,-0.447262764,0.042,-0.042,0.042,-0.042,-0.00659848362,-0.042,-0.042,-0.042,0.042,-0.042,0.00356105983,-0.042,0.042,-0.042,-0.00659848362,-0.042,0.00356105983,-0.042,-0.042,-0.042,-0.042,-0.042,-0.042,-0.042
1105,29753359,0.306222975,-1.80152333,0.684358597,-2.42802334,0.104160137,-0.847199976,-5.59418869,-6.60274553,0.202263594,-2.3768332,-0.00649516284,-0.507737339,0.036746757,-0.042,0.042,-0.042,0.0124992165,-0.042,-0.042,-0.042,0.0242716312,-0.042,-0.000779419541,-0.042,0.036746757,-0.042,0.0124992165,-0.042,-0.000779419541,-0.0242716312,-0.042,-0.042,-0.042,-0.042,-0.042,-0.042
1106,29778142,0.132661283,-1.71471953,0.409072191,-2.4340415,0.165366948,-0.71720171,-5.41092682,-6.39796019,-0.0391586572,-2.21711159,-0.0273858607,-0.592933178,0.015919354,-0.042,0.042,-0.042,0.0198440337,-0.042,-0.042,-0.042,-0.00469903886,-0.042,-0.00328630328,-0.042,0.015919354,-0.042,0.0198440337,-0.042,-0.00328630328,0.00469903886,-0.042,-0.042,-0.042,-0.042,-0.042,-0.042
1107,29796421,0.0295847971,-1.69205129,0.398124158,-2.46798658,0.115258761,-0.569927454,-5.24857283,-6.23958826,-0.043165274,-2.21902394,0.0239101313,-0.660464704,0.00355017565,-0.042,0.042,-0.042,0.0138310513,-0.042,-0.042,-0.042,-0.00517983288,-0.042,0.00286921576,-0.042,0.00355017565,-0.042,0.0138310513,-0.042,0.00286921576,0.00517983288,-0.042,-0.042,-0.042,-0.042,-0.042,-0.042
1108,29820531,0.078383483,-1.78193521,0.641687155,-2.51243114,0.000185910612,-0.492582411,-5.13763475,-6.14759493,0.195867151,-2.34914947,0.0639273673,-0.705998719,0.00940601796,-0.042,0.042,-0.042,2.23092735e-05,-0.042,-0.042,-0.042,0.0235040581,-0.042,0.00767128408,-0.042,0.00940601796,-0.042,2.23092735e-05,-0.042,0.00767128408,-0.0235040581,-0.042,-0.042,-0.042,-0.042,-0.042,-0.042
1109,29834423,0.220560715,-1.95403004,0.936958075,-2.5285387,-0.127140924,-0.478223175,-5.06744909,-6.10485411,0.497256756,-2.48246574,0.0681664944,-0.759289742,0.0264672858,-0.042,0.042,-0.042,-0.0152569109,-0.042,-0.042,-0.042,0.042,-0.042,0.00817997932,-0.042,0.0264672858,-0.042,-0.0152569109,-0.042,0.00817997932,-0.042,-0.042,-0.042,-0.042,-0.042,-0.042,-0.042
1110,29862395,0.345451951,-2.04533362,0.952375054,-2.46352911,-0.14583683,-0.502330124,-5.06316423,-6.12133694,0.538676441,-2.44113803,0.0575395413,-0.805361688,0.0414542341,-0.042,0.042,-0.042,-0.0175004196,-0.042,-0.042,-0.042,0.042,-0.042,0.00690474495,-0.042,0.0414542341,-0.042,-0.0175004196,-0.042,0.00690474495,-0.042,-0.042,-0.042,-0.042,-0.042,-0.042,-0.042
1111,29877805,0.388673872,-1.91874957,0.539732575,-2.34038591,0.0185840651,-0.535903156,-5.12529135,-6.19557428,0.194515318,-2.18561792,0.0260687657,-0.819551408,0.042,-0.042,0.042,-0.042,0.00223008782,-0.042,-0.042,-0.042,0.0233418381,-0.042,0.00312825188,-0.042,0.042,-0.042,0.00223008782,-0.042,0.00312825188,-0.0233418381,-0.042,-0.042,-0.042,-0.042,-0.042,-0.042
1112,29898752,0.379184544,-1.5349915,-0.245499119,-2.19706202,0.32921198,-0.518769085,-5.2291398,-6.33891678,-0.528775394,-1.80075669,-0.00343538076,-0.777574241,0.042,-0.042,-0.0294598943,-0.042,0.0395054376,-0.042,-0.042,-0.042,-0.042,-0.042,-0.000412245691,-0.042,0.042,0.0294598943,0.0395054376,-0.042,-0.000412245691,0.042,-0.042,-0.042,-0.042,-0.042,-0.042,-0.042
1113,29917311,0.399155796,-1.00549972,-1.06381452,-1.91526043,0.576548636,-0.355231166,-5.40206861,-6.58255625,-1.36378443,-1.4397223,0.0053355284,-0.598824084,0.042,-0.042,-0.042,-0.042,0.042,-0.042,-0.042,-0.042,-0.042,-0.042,0.000640263408,-0.042,0.042,0.042,0.042,-0.042,0.000640263408,0.042,-0.042,-0.042,-0.042,-0.042,-0.042,-0.042
1114,29942019,0.497954398,-0.495475054,-1.61375523,-1.29370391,0.730269909,-0.0913963765,-5.69410801,-6.90389204,-1.95109534,-1.01258695,0.0463094935,-0.314579606,0.042,-0.042,-0.042,-0.042,0.042,-0.0109675652,-0.042,-0.042,-0.042,-0.042,0.00555713922,-0.0377495527,0.042,0.042,0.042,-0.042,0.00555713922,0.042,-0.042,-0.042,-0.0109675652,-0.042,-0.042,-0.0377495527
1115,29952927,0.647695601,0.0158966556,-2.18951297,-0.186386973,0.88067162,0.249102578,-6.00886965,-7.24132156,-2.51370549,-0.165704578,0.0589508191,-0.0271424241,0.042,0.00190759867,-0.042,-0.0223664367,0.042,0.0298923093,-0.042,-0.042,-0.042,-0.0198845494,0.00707409829,-0.0032570909,0.042,0.042,0.042,-0.042,0.00707409829,0.042,0.00190759867,-0.0223664367,0.0298923093,-0.042,-0.0198845494,-0.0032570909
1116,29975266,0.887812138,0.622408211,-2.63661623,1.15882921,1.03407836,0.602083147,-6.1009016,-7.40714121,-3.10784173,0.949745536,-0.0710217059,0.0729660392,0.042,0.042,-0.042,0.042,0.042,0.042,-0.042,-0.042,-0.042,0.042,-0.0085226047,0.0087559247,0.042,0.042,0.042,-0.042,-0.0085226047,0.042,0.042,0.042,0.042,-0.042,0.042,0.0087559247
1117,29998341,1.05034029,0.841510892,-2.54585171,1.42482448,0.998367071,1.01467597,-5.8846674,-7.38772821,-3.03796172,1.00627184,-0.21918425,-0.183818355,0.042,0.042,-0.042,0.042,0.042,0.042,-0.042,-0.042,-0.042,0.042,-0.02630211,-0.0220582026,0.042,0.042,0.042,-0.042,-0.02630211,0.042,0.042,0.042,0.042,-0.042,0.042,-0.0220582026
1118,30018036,0.996750772,0.259588748,-2.4743309,0.854945838,0.875031292,1.42818475,-5.63821173,-7.51161718,-2.64730501,0.419744462,0.00299488008,-0.286609828,0.042,0.0311506498,-0.042,0.042,0.042,0.042,-0.042,-0.042,-0.042,0.042,0.00035938561,-0.0343931794,0.042,0.042,0.042,-0.042,0.00035938561,0.042,0.0311506498,0.042,0.042,-0.042,0.042,-0.0343931794
1119,30035304,0.53800112,-0.609577417,-1.71030533,-1.01731181,0.601293504,1.02044308,-5.61635828,-8.05665016,-1.65117455,-1.3455565,0.0409280211,-0.00938842725,0.042,-0.042,-0.042,-0.042,0.042,0.042,-0.042,-0.042,-0.042,-0.042,0.00491136253,-0.00112661127,0.042,0.042,0.042,-0.042,0.00491136253,0.042,-0.042,-0.042,0.042,-0.042,-0.042,-0.00112661127
1120,30054402,0.282279521,-1.36942542,0.103430271,-2.85940266,0.209772676,-0.155109033,-5.92921925,-8.44252872,-0.0511799082,-3.47161794,-0.23371008,0.169860899,0.0338735425,-0.042,0.0124116325,-0.042,0.0251727211,-0.018613084,-0.042,-0.042,-0.00614158899,-0.042,-0.0280452096,0.0203833079,0.0338735425,-0.0124116325,0.0251727211,-0.042,-0.0280452096,0.00614158899,-0.042,-0.042,-0.018613084,-0.042,-0.042,0.0203833079
1121,30073821,0.365203053,-1.7132715,1.15138412,-3.10653162,-0.272089839,-0.710219622,-6.5656662,-8.68057346,0.196777344,-4.02275848,-0.353348821,0.0327320062,0.042,-0.042,0.042,-0.042,-0.0326507807,-0.042,-0.042,-0.042,0.0236132812,-0.042,-0.042,0.00392784074,0.042,-0.042,-0.0326507807,-0.042,-0.042,-0.0236132812,-0.042,-0.042,-0.042,-0.042,-0.042,0.00392784074
1122,30096920,0.391377389,-1.99395263,1.64344895,-3.21460295,-0.445568234,-1.06575084,-6.99863338,-9.01211643,0.0367296077,-4.07229662,-0.443802178,0.134402692,0.042,-0.042,0.042,-0.042,-0.042,-0.042,-0.042,-0.042,0.00440755293,-0.042,-0.042,0.0161283231,0.042,-0.042,-0.042,-0.042,-0.042,-0.00440755293,-0.042,-0.042,-0.042,-0.042,-0.042,0.0161283231
1123,30113192,0.143118843,-2.36985278,2.06334591,-3.63198185,-0.464776903,-1.34169614,-7.14187002,-9.36137199,0.201077938,-4.28852367,-0.461601377,0.138031363,0.0171742612,-0.042,0.042,-0.042,-0.042,-0.042,-0.042,-0.042,0.0241293526,-0.042,-0.042,0.0165637636,0.0171742612,-0.042,-0.042,-0.042,-0.042,-0.0241293526,-0.042,-0.042,-0.042,-0.042,-0.042,0.0165637636
1124,30137146,-0.0846105814,-2.56463408,2.27222896,-3.95473242,-0.388396084,-1.70911205,-6.87888288,-9.41031933,0.272775292,-4.60168123,-0.447466582,-0.00922271516,-0.0101532698,-0.042,0.042,-0.042,-0.042,-0.042,-0.042,-0.042,0.0327330351,-0.042,-0.042,-0.00110672582,-0.0101532698,-0.042,-0.042,-0.042,-0.042,-0.0327330351,-0.042,-0.042,-0.042,-0.042,-0.042,-0.00110672582
1125,30157218,-0.135972321,-2.60146618,2.32767296,-4.12192297,-0.284708858,-2.02937579,-6.42925501,-9.12388134,0.229177594,-4.87323141,-0.466066241,-0.211273775,-0.0163166785,-0.042,0.042,-0.042,-0.0341650629,-0.042,-0.042,-0.042,0.0275013113,-0.042,-0.042,-0.0253528529,-0.0163166785,-0.042,-0.0341650629,-0.042,-0.042,-0.0275013113,-0.042,-0.042,-0.042,-0.042,-0.042,-0.0253528529
1126,30173843,-0.0417770036,-2.58927035,2.28877211,-4.15580368,-0.225043714,-2.22825956,-5.97158241,-8.68397903,0.207116365,-4.95847988,-0.461292207,-0.4096784,-0.00501324043,-0.042,0.042,-0.042,-0.0270052457,-0.042,-0.042,-0.042,0.0248539639,-0.042,-0.042,-0.042,-0.00501324043,-0.042,-0.0270052457,-0.042,-0.042,-0.0248539639,-0.042,-0.042,-0.042,-0.042,-0.042,-0.042
1127,30196223,0.10739135,-2.55993462,2.1815331,-4.09071589,-0.192519397,-2.36868501,-5.52433538,-8.15953064,0.19718343,-4.85042048,-0.433168679,-0.528405905,0.012886962,-0.042,0.042,-0.042,-0.0231023276,-0.042,-0.042,-0.042,0.0236620116,-0.042,-0.042,-0.042,0.012886962,-0.042,-0.0231023276,-0.042,-0.042,-0.0236620116,-0.042,-0.042,-0.042,-0.042,-0.042,-0.042
1128,30215046,0.216573924,-2.5590055,2.04188657,-3.94263029,-0.194368899,-2.41555262,-5.13894701,-7.52677011,0.304985553,-4.55463171,-0.346607953,-0.678120732,0.0259888709,-0.042,0.042,-0.042,-0.0233242679,-0.042,-0.042,-0.042,0.0365982664,-0.042,-0.0415929544,-0.042,0.0259888709,-0.042,-0.0233242679,-0.042,-0.0415929544,-0.0365982664,-0.042,-0.042,-0.042,-0.042,-0.042,-0.042
1129,30235348,0.221157238,-2.61672115,1.82646477,-3.73101902,-0.194470882,-2.36036825,-4.7866807,-6.93122244,0.350576669,-4.2050786,-0.292415053,-0.775420427,0.0265388685,-0.042,0.042,-0.042,-0.0233365059,-0.042,-0.042,-0.042,0.042,-0.042,-0.0350898063,-0.042,0.0265388685,-0.042,-0.0233365059,-0.042,-0.0350898063,-0.042,-0.042,-0.042,-0.042,-0.042,-0.042,-0.042
1130,30256284,0.117355078,-2.72207332,1.68017328,-3.52313089,-0.224004865,-2.28559208,-4.45204258,-6.40329933,0.421103925,-3.83884263,-0.219324976,-0.788008749,0.0140826094,-0.042,0.042,-0.042,-0.0268805838,-0.042,-0.042,-0.042,0.042,-0.042,-0.0263189971,-0.042,0.0140826094,-0.042,-0.0268805838,-0.042,-0.0263189971,-0.042,-0.042,-0.042,-0.042,-0.042,-0.042,-0.042
1131,30274898,-0.0369494967,-2.84805775,1.59037948,-3.34776068,-0.260561168,-2.20029092,-4.16600895,-5.94141865,0.506126761,-3.53020644,-0.141450822,-0.785923958,-0.00443393961,-0.042,0.042,-0.042,-0.0312673402,-0.042,-0.042,-0.042,0.042,-0.042,-0.0169740987,-0.042,-0.00443393961,-0.042,-0.0312673402,-0.042,-0.0169740987,-0.042,-0.042,-0.042,-0.042,-0.042,-0.042,-0.042
1132,30295239,-0.162956938,-2.98206162,1.51396334,-3.20532894,-0.285477877,-2.07440472,-3.94208622,-5.55411816,0.564799249,-3.29238439,-0.0894164518,-0.79015398,-0.0195548326,-0.042,0.042,-0.042,-0.0342573452,-0.042,-0.042,-0.042,0.042,-0.042,-0.0107299742,-0.042,-0.0195548326,-0.042,-0.0342573452,-0.042,-0.0107299742,-0.042,-0.042,-0.042,-0.042,-0.042,-0.042,-0.042
1133,30313628,-0.18755509,-3.10002303,1.43416846,-3.04447603,-0.310376555,-1.92264056,-3.77808094,-5.2359643,0.593321741,-3.0439477,-0.0367441103,-0.816328526,-0.0225066108,-0.042,0.042,-0.042,-0.0372451866,-0.042,-0.042,-0.042,0.042,-0.042,-0.00440929323,-0.042,-0.0225066108,-0.042,-0.0372451866,-0.042,-0.00440929323,-0.042,-0.042,-0.042,-0.042,-0.042,-0.042,-0.042
1134,30336023,-0.149142295,-3.16396451,1.29530001,-2.85760593,-0.299969256,-1.74173605,-3.63731384,-4.99612331,0.563405693,-2.81219935,0.0110851936,-0.858831167,-0.0178970754,-0.042,0.042,-0.042,-0.0359963107,-0.042,-0.042,-0.042,0.042,-0.042,0.00133022323,-0.042,-0.0178970754,-0.042,-0.0359963107,-0.042,0.00133022323,-0.042,-0.042,-0.042,-0.042,-0.042,-0.042,-0.042
1135,30357013,-0.0882361978,-3.16909599,1.12902904,-2.66528749,-0.247835815,-1.52891636,-3.50243449,-4.83419609,0.46285212,-2.6054256,0.0264317226,-0.881825566,-0.0105883437,-0.042,0.042,-0.042,-0.0297402978,-0.042,-0.042,-0.042,0.042,-0.042,0.00317180671,-0.042,-0.0105883437,-0.042,-0.0297402978,-0.042,0.00317180671,-0.042,-0.042,-0.042,-0.042,-0.042,-0.042,-0.042
1136,30374621,-0.0442949347,-3.14136481,0.989789367,-2.52152967,-0.186069056,-1.29718566,-3.38069224,-4.72810745,0.370946169,-2.46266031,0.0256798584,-0.890118659,-0.00531539217,-0.042,0.042,-0.042,-0.0223282868,-0.042,-0.042,-0.042,0.042,-0.042,0.00308158301,-0.042,-0.00531539217,-0.042,-0.0223282868,-0.042,0.00308158301,-0.042,-0.042,-0.042,-0.042,-0.042,-0.042,-0.042
1137,30399640,-0.00922083482,-3.10745192,0.909121871,-2.45799732,-0.149640694,-1.06456637,-3.29093647,-4.65689802,0.336743385,-2.40124369,0.0137500875,-0.893287778,-0.00110650018,-0.042,0.042,-0.042,-0.0179568833,-0.042,-0.042,-0.042,0.0404092062,-0.042,0.0016500105,-0.042,-0.00110650018,-0.042,-0.0179568833,-0.042,0.0016500105,-0.0404092062,-0.042,-0.042,-0.042,-0.042,-0.042,-0.042
1138,30416054,-0.0208185054,-3.09099317,0.933069706,-2.50806999,-0.149311334,-0.868176401,-3.24821925,-4.61483335,0.385778517,-2.44881773,-0.00280053914,-0.876548707,-0.00249822065,-0.042,0.042,-0.042,-0.0179173601,-0.042,-0.042,-0.042,0.042,-0.042,-0.000336064696,-0.042,-0.00249822065,-0.042,-0.0179173601,-0.042,-0.000336064696,-0.042,-0.042,-0.042,-0.042,-0.042,-0.042,-0.042
1139,30432698,-0.0423522107,-3.09694242,1.00280893,-2.58828259,-0.1625745,-0.770102322,-3.26797152,-4.60216713,0.476444602,-2.53483367,-0.0157373659,-0.857817292,-0.00508226529,-0.042,0.042,-0.042,-0.01950894,-0.042,-0.042,-0.042,0.042,-0.042,-0.00188848391,-0.042,-0.00508226529,-0.042,-0.01950894,-0.042,-0.00188848391,-0.042,-0.042,-0.042,-0.042,-0.042,-0.042,-0.042
1140,30455483,-0.0425010212,-3.10214138,1.05242193,-2.63219309,-0.169691563,-0.731012642,-3.34141207,-4.60787153,0.541116297,-2.58941221,-0.0239049494,-0.849487662,-0.00510012254,-0.042,0.042,-0.042,-0.0203629875,-0.042,-0.042,-0.042,0.042,-0.042,-0.00286859393,-0.042,-0.00510012254,-0.042,-0.0203629875,-0.042,-0.00286859393,-0.042,-0.042,-0.042,-0.042,-0.042,-0.042,-0.042
1141,30473402,0.0217034519,-3.08566809,1.0183562,-2.56745815,-0.162409067,-0.690908849,-3.43514132,-4.62633753,0.526678979,-2.5398407,-0.024155207,-0.861198545,0.00260441422,-0.042,0.042,-0.042,-0.0194890881,-0.042,-0.042,-0.042,0.042,-0.042,-0.00289862484,-0.042,0.00260441422,-0.042,-0.0194890881,-0.042,-0.00289862484,-0.042,-0.042,-0.042,-0.042,-0.042,-0.042,-0.042
1142,30498381,0.109941617,-3.044384,0.903561234,-2.43159437,-0.144051805,-0.622622073,-3.51041698,-4.65763044,0.435985088,-2.42479944,-0.0227440149,-0.873346865,0.013192994,-0.042,0.042,-0.042,-0.0172862166,-0.042,-0.042,-0.042,0.042,-0.042,-0.00272928178,-0.042,0.013192994,-0.042,-0.0172862166,-0.042,-0.00272928178,-0.042,-0.042,-0.042,-0.042,-0.042,-0.042,-0.042
1143,30512855,0.174785152,-2.99242067,0.763111472,-2.31018782,-0.126573265,-0.544829786,-3.55261779,-4.70169592,0.318332374,-2.32049608,-0.0267934948,-0.862412453,0.0209742182,-0.042,0.042,-0.042,-0.0151887918,-0.042,-0.042,-0.042,0.0381998849,-0.042,-0.00321521938,-0.042,0.0209742182,-0.042,-0.0151887918,-0.042,-0.00321521938,-0.0381998849,-0.042,-0.042,-0.042,-0.042,-0.042,-0.042
1144,30533201,0.190004781,-2.94933915,0.674628258,-2.2763133,-0.122061849,-0.486463457,-3.56726742,-4.75015879,0.240947545,-2.2890954,-0.0265586004,-0.826882005,0.0228005737,-0.042,0.042,-0.042,-0.0146474218,-0.042,-0.042,-0.042,0.0289137053,-0.042,-0.00318703204,-0.042,0.0228005737,-0.042,-0.0146474218,-0.042,-0.00318703204,-0.0289137053,-0.042,-0.042,-0.042,-0.042,-0.042,-0.042
1145,30554273,0.157342955,-2.92874169,0.697261453,-2.33290577,-0.135265619,-0.468771905,-3.57095981,-4.80287361,0.263295859,-2.343436,-0.019863151,-0.781805158,0.0188811547,-0.042,0.042,-0.042,-0.0162318742,-0.042,-0.042,-0.042,0.0315955031,-0.042,-0.00238357812,-0.042,0.0188811547,-0.042,-0.0162318742,-0.042,-0.00238357812,-0.0315955031,-0.042,-0.042,-0.042,-0.042,-0.042,-0.042
1146,30575578,0.0937961638,-2.92720723,0.827168941,-2.44939947,-0.153899401,-0.497407347,-3.59180021,-4.85638237,0.388896555,-2.46229863,-0.0145162307,-0.748020232,0.0112555397,-0.042,0.042,-0.042,-0.0184679282,-0.042,-0.042,-0.042,0.042,-0.042,-0.00174194768,-0.042,0.0112555397,-0.042,-0.0184679282,-0.042,-0.00174194768,-0.042,-0.042,-0.042,-0.042,-0.042,-0.042,-0.042
1147,30594198,0.0508576185,-2.92583203,0.964862823,-2.55178642,-0.164220363,-0.548766315,-3.65107894,-4.90788269,0.517809927,-2.56371927,-0.0149971657,-0.741176844,0.00610291421,-0.042,0.042,-0.042,-0.0197064435,-0.042,-0.042,-0.042,0.042,-0.042,-0.00179965988,-0.042,0.00610291421,-0.042,-0.0197064435,-0.042,-0.00179965988,-0.042,-0.042,-0.042,-0.042,-0.042,-0.042,-0.042
1148,30615209,0.0715920776,-2.90812612,1.01047134,-2.55693769,-0.164249346,-0.579391062,-3.73614979,-4.95640898,0.553103149,-2.56772089,-0.0155155398,-0.762121856,0.00859104931,-0.042,0.042,-0.042,-0.0197099215,-0.042,-0.042,-0.042,0.042,-0.042,-0.00186186478,-0.042,0.00859104931,-0.042,-0.0197099215,-0.042,-0.00186186478,-0.042,-0.042,-0.042,-0.042,-0.042,-0.042,-0.042
1149,30634389,0.131443962,-2.87571955,0.946102619,-2.46917868,-0.151771128,-0.577117324,-3.808846,-5.00079155,0.48772192,-2.48338675,-0.0169364661,-0.78503406,0.0157732755,-0.042,0.042,-0.042,-0.0182125354,-0.042,-0.042,-0.042,0.042,-0.042,-0.00203237593,-0.042,0.0157732755,-0.042,-0.0182125354,-0.042,-0.00203237593,-0.042,-0.042,-0.042,-0.042,-0.042,-0.042,-0.042
1150,30662023,0.191779435,-2.83397126,0.809906125,-2.35496044,-0.131867081,-0.544726491,-3.84747219,-5.03463554,0.362948984,-2.37206888,-0.0208255053,-0.79717344,0.0230135322,-0.042,0.042,-0.042,-0.0158240497,-0.042,-0.042,-0.042,0.042,-0.042,-0.00249906063,-0.042,0.0230135322,-0.042,-0.0158240497,-0.042,-0.00249906063,-0.042,-0.042,-0.042,-0.042,-0.042,-0.042,-0.042
1151,30675128,0.220701367,-2.79157734,0.674833894,-2.28813219,-0.11306411,-0.505227804,-3.84842229,-5.05951929,0.240146279,-2.29506707,-0.0231139138,-0.790327251,0.026484164,-0.042,0.042,-0.042,-0.0135676932,-0.042,-0.042,-0.042,0.0288175535,-0.042,-0.00277366966,-0.042,0.026484164,-0.042,-0.0135676932,-0.042,-0.00277366966,-0.0288175535,-0.042,-0.042,-0.042,-0.042,-0.042,-0.042
1152,30693353,0.195684791,-2.76860309,0.639518619,-2.31250477,-0.114751786,-0.491935223,-3.8255825,-5.08481121,0.202384412,-2.30672264,-0.0175176561,-0.753829658,0.0234821749,-0.042,0.042,-0.042,-0.0137702143,-0.042,-0.042,-0.042,0.0242861295,-0.042,-0.00210211873,-0.042,0.0234821749,-0.042,-0.0137702143,-0.042,-0.00210211873,-0.0242861295,-0.042,-0.042,-0.042,-0.042,-0.042,-0.042
1153,30716524,0.132478386,-2.78366685,0.758284092,-2.41313028,-0.141545221,-0.520096123,-3.80404496,-5.11263609,0.309423953,-2.41355395,-0.013456583,-0.712142408,0.0158974063,-0.042,0.042,-0.042,-0.0169854265,-0.042,-0.042,-0.042,0.0371308744,-0.042,-0.00161478996,-0.042,0.0158974063,-0.042,-0.0169854265,-0.042,-0.00161478996,-0.0371308744,-0.042,-0.042,-0.042,-0.042,-0.042,-0.042
1154,30745958,0.0627186,-2.81541872,0.94578135,-2.54938173,-0.16670832,-0.588724494,-3.81053233,-5.14088297,0.486614883,-2.55446148,-0.0162932947,-0.684318483,0.007526232,-0.042,0.042,-0.042,-0.0200049984,-0.042,-0.042,-0.042,0.042,-0.042,-0.00195519537,-0.042,0.007526232,-0.042,-0.0200049984,-0.042,-0.00195519537,-0.042,-0.042,-0.042,-0.042,-0.042,-0.042,-0.042
1155,30754145,0.0457652248,-2.82778311,1.06216705,-2.62250376,-0.176830739,-0.658287704,-3.85908747,-5.17098284,0.587915242,-2.62629223,-0.0216358081,-0.680535614,0.00549182698,-0.042,0.042,-0.042,-0.0212196887,-0.042,-0.042,-0.042,0.042,-0.042,-0.00259629697,-0.042,0.00549182698,-0.042,-0.0212196887,-0.042,-0.00259629697,-0.042,-0.042,-0.042,-0.042,-0.042,-0.042,-0.042
1156,30776235,0.096895352,-2.81076622,1.04416406,-2.56476831,-0.168914169,-0.687868237,-3.91906285,-5.19826889,0.55976814,-2.5682621,-0.0247923732,-0.704560935,0.0116274422,-0.042,0.042,-0.042,-0.0202697003,-0.042,-0.042,-0.042,0.042,-0.042,-0.00297508478,-0.042,0.0116274422,-0.042,-0.0202697003,-0.042,-0.00297508478,-0.042,-0.042,-0.042,-0.042,-0.042,-0.042,-0.042
1157,30794184,0.17148219,-2.77428985,0.914761424,-2.43398333,-0.145172998,-0.668014765,-3.9509201,-5.21351433,0.438453197,-2.43884706,-0.026163727,-0.732188582,0.0205778629,-0.042,0.042,-0.042,-0.0174207598,-0.042,-0.042,-0.042,0.042,-0.042,-0.00313964725,-0.042,0.0205778629,-0.042,-0.0174207598,-0.042,-0.00313964725,-0.042,-0.042,-0.042,-0.042,-0.042,-0.042,-0.042
1158,30816929,0.226590827,-2.72825336,0.739941239,-2.31845427,-0.114933014,-0.614299119,-3.93948698,-5.21390152,0.283309311,-2.3148663,-0.0260984376,-0.748982728,0.0271908993,-0.042,0.042,-0.042,-0.0137919617,-0.042,-0.042,-0.042,0.0339971173,-0.042,-0.00313181251,-0.042,0.0271908993,-0.042,-0.0137919617,-0.042,-0.00313181251,-0.0339971173,-0.042,-0.042,-0.042,-0.042,-0.042,-0.042
1159,30832676,0.238656357,-2.67341757,0.592506886,-2.27991724,-0.0907727927,-0.558817804,-3.89608526,-5.21250629,0.150603101,-2.24769402,-0.0170480013,-0.738709867,0.0286387628,-0.042,0.042,-0.042,-0.0108927351,-0.042,-0.042,-0.042,0.0180723721,-0.042,-0.00204576015,-0.042,0.0286387628,-0.042,-0.0108927351,-0.042,-0.00204576015,-0.0180723721,-0.042,-0.042,-0.042,-0.042,-0.042,-0.042
1160,30856805,0.212008938,-2.63574648,0.576291919,-2.32422972,-0.0992953926,-0.531456888,-3.85021257,-5.22569227,0.128031224,-2.27809906,-0.000614088029,-0.701391757,0.0254410726,-0.042,0.042,-0.042,-0.0119154471,-0.042,-0.042,-0.042,0.0153637469,-0.042,-7.36905634e-05,-0.042,0.0254410726,-0.042,-0.0119154471,-0.042,-7.36905634e-05,-0.0153637469,-0.042,-0.042,-0.042,-0.042,-0.042,-0.042
1161,30882882,0.150482789,-2.64741135,0.750702143,-2.4357233,-0.139608294,-0.55579704,-3.8274045,-5.25398922,0.29168418,-2.41589165,0.00652000681,-0.657337248,0.0180579346,-0.042,0.042,-0.042,-0.0167529953,-0.042,-0.042,-0.042,0.0350021017,-0.042,0.000782400817,-0.042,0.0180579346,-0.042,-0.0167529953,-0.042,0.000782400817,-0.0350021017,-0.042,-0.042,-0.042,-0.042,-0.042,-0.042
1162,30898034,0.0901708901,-2.68279576,0.980434418,-2.58060884,-0.172914848,-0.626740515,-3.85062742,-5.28333807,0.515938878,-2.57706571,-0.00127322599,-0.63441515,0.0108205068,-0.042,0.042,-0.042,-0.0207497817,-0.042,-0.042,-0.042,0.042,-0.042,-0.000152787119,-0.042,0.0108205068,-0.042,-0.0207497817,-0.042,-0.000152787119,-0.042,-0.042,-0.042,-0.042,-0.042,-0.042,-0.042
1163,30921491,0.0982267112,-2.69205379,1.09277618,-2.6356473,-0.181327432,-0.694687724,-3.91863966,-5.31289625,0.615249157,-2.63327503,-0.00965639949,-0.639694989,0.0117872053,-0.042,0.042,-0.042,-0.0217592919,-0.042,-0.042,-0.042,0.042,-0.042,-0.00115876794,-0.042,0.0117872053,-0.042,-0.0217592919,-0.042,-0.00115876794,-0.042,-0.042,-0.042,-0.042,-0.042,-0.042,-0.042
1164,30939409,0.162648261,-2.6720562,1.05164504,-2.55115223,-0.165074855,-0.719103396,-3.98911285,-5.33942127,0.565666318,-2.55114746,-0.0151972622,-0.663555741,0.0195177913,-0.042,0.042,-0.042,-0.0198089826,-0.042,-0.042,-0.042,0.042,-0.042,-0.00182367146,-0.042,0.0195177913,-0.042,-0.0198089826,-0.042,-0.00182367146,-0.042,-0.042,-0.042,-0.042,-0.042,-0.042,-0.042
1165,30957939,0.234863713,-2.63417387,0.896243095,-2.40424204,-0.129736781,-0.686986506,-4.02354527,-5.35025215,0.423191577,-2.40784597,-0.0169453397,-0.690313101,0.0281836456,-0.042,0.042,-0.042,-0.0155684137,-0.042,-0.042,-0.042,0.042,-0.042,-0.00203344077,-0.042,0.0281836456,-0.042,-0.0155684137,-0.042,-0.00203344077,-0.042,-0.042,-0.042,-0.042,-0.042,-0.042,-0.042
1166,30980943,0.276539266,-2.58339286,0.69030726,-2.29028463,-0.0867810026,-0.617922723,-4.00634718,-5.33902264,0.241370469,-2.27635145,-0.0169446543,-0.705952585,0.0331847119,-0.042,0.042,-0.042,-0.0104137203,-0.042,-0.042,-0.042,0.0289644563,-0.042,-0.00203335851,-0.042,0.0331847119,-0.042,-0.0104137203,-0.042,-0.00203335851,-0.0289644563,-0.042,-0.042,-0.042,-0.042,-0.042,-0.042
1167,30997271,0.268732548,-2.52335334,0.523223996,-2.27258873,-0.0530854613,-0.554515123,-3.95527554,-5.32315588,0.0852950811,-2.21395612,-0.00750913098,-0.68796593,0.0322479057,-0.042,0.042,-0.042,-0.00637025535,-0.042,-0.042,-0.042,0.0102354097,-0.042,-0.000901095718,-0.042,0.0322479057,-0.042,-0.00637025535,-0.042,-0.000901095718,-0.0102354097,-0.042,-0.042,-0.042,-0.042,-0.042,-0.042
1168,31013198,0.232432559,-2.49320316,0.52746582,-2.32866907,-0.0713898465,-0.514910519,-3.90433407,-5.32375622,0.0736376792,-2.26311517,0.0120103806,-0.651293099,0.0278919071,-0.042,0.042,-0.042,-0.00856678158,-0.042,-0.042,-0.042,0.00883652151,-0.042,0.00144124568,-0.042,0.0278919071,-0.042,-0.00856678158,-0.042,0.00144124568,-0.00883652151,-0.042,-0.042,-0.042,-0.042,-0.042,-0.042
1169,31035336,0.16747348,-2.53282213,0.766772747,-2.45524883,-0.129967898,-0.532322943,-3.88308215,-5.34283447,0.302243143,-2.4400785,0.0184192881,-0.609797299,0.0200968176,-0.042,0.042,-0.042,-0.0155961478,-0.042,-0.042,-0.042,0.0362691772,-0.042,0.00221031457,-0.042,0.0200968176,-0.042,-0.0155961478,-0.042,0.00221031457,-0.0362691772,-0.042,-0.042,-0.042,-0.042,-0.042,-0.042
1170,31055676,0.113480344,-2.58809543,1.03471935,-2.61962557,-0.168084651,-0.610998154,-3.91714096,-5.36057329,0.570916414,-2.62684989,0.00634248182,-0.596644759,0.0136176413,-0.042,0.042,-0.042,-0.0201701581,-0.042,-0.042,-0.042,0.042,-0.042,0.000761097819,-0.042,0.0136176413,-0.042,-0.0201701581,-0.042,0.000761097819,-0.042,-0.042,-0.042,-0.042,-0.042,-0.042,-0.042
1171,31078294,0.144562855,-2.59941196,1.13548851,-2.65928078,-0.176778287,-0.68521291,-3.9993844,-5.37858677,0.657903731,-2.66542339,-0.00514762104,-0.6161654,0.0173475426,-0.042,0.042,-0.042,-0.0212133944,-0.042,-0.042,-0.042,0.042,-0.042,-0.000617714524,-0.042,0.0173475426,-0.042,-0.0212133944,-0.042,-0.000617714524,-0.042,-0.042,-0.042,-0.042,-0.042,-0.042,-0.042
1172,31096220,0.233216017,-2.57925677,1.05342817,-2.53497219,-0.156469405,-0.705624402,-4.07825661,-5.39110518,0.568111539,-2.53860116,-0.014296934,-0.659406543,0.0279859221,-0.042,0.042,-0.042,-0.0187763286,-0.042,-0.042,-0.042,0.042,-0.042,-0.00171563208,-0.042,0.0279859221,-0.042,-0.0187763286,-0.042,-0.00171563208,-0.042,-0.042,-0.042,-0.042,-0.042,-0.042,-0.042
1173,31112881,0.317156643,-2.5372982,0.843787313,-2.35713482,-0.110462822,-0.664768994,-4.1113205,-5.389853,0.375934601,-2.35962653,-0.0201842263,-0.694872439,0.0380587971,-0.042,0.042,-0.042,-0.0132555386,-0.042,-0.042,-0.042,0.042,-0.042,-0.00242210716,-0.042,0.0380587971,-0.042,-0.0132555386,-0.042,-0.00242210716,-0.042,-0.042,-0.042,-0.042,-0.042,-0.042,-0.042
1174,31133473,0.341873527,-2.47091889,0.580107331,-2.25239849,-0.0455750003,-0.59295249,-4.08587408,-5.37267733,0.142169252,-2.21221709,-0.0225650668,-0.701891124,0.0410248232,-0.042,0.042,-0.042,-0.00546900004,-0.042,-0.042,-0.042,0.0170603102,-0.042,-0.00270780802,-0.042,0.0410248232,-0.042,-0.00546900004,-0.042,-0.00270780802,-0.0170603102,-0.042,-0.042,-0.042,-0.042,-0.042,-0.042
1175,31154941,0.308697015,-2.3778317,0.357969224,-2.26286745,0.00508660823,-0.522527099,-4.03006792,-5.36004782,-0.072966285,-2.14407229,-0.00487302616,-0.673934519,0.0370436418,-0.042,0.042,-0.042,0.000610392988,-0.042,-0.042,-0.042,-0.00875595421,-0.042,-0.000584763139,-0.042,0.0370436418,-0.042,0.000610392988,-0.042,-0.000584763139,0.00875595421,-0.042,-0.042,-0.042,-0.042,-0.042,-0.042
1176,31179768,0.257777184,-2.3323791,0.383714795,-2.33544636,-0.0276920199,-0.468898267,-3.98669052,-5.37846708,-0.0755670592,-2.22188759,0.0273722988,-0.622474909,0.0309332621,-0.042,0.042,-0.042,-0.00332304239,-0.042,-0.042,-0.042,-0.00906804711,-0.042,0.00328467585,-0.042,0.0309332621,-0.042,-0.00332304239,-0.042,0.00328467585,0.00906804711,-0.042,-0.042,-0.042,-0.042,-0.042,-0.042
1177,31202318,0.187519088,-2.40817285,0.745830774,-2.48530817,-0.125579655,-0.488835841,-3.9811883,-5.4147048,0.271105409,-2.4752233,0.0338013843,-0.573976517,0.0225022906,-0.042,0.042,-0.042,-0.0150695586,-0.042,-0.042,-0.042,0.032532649,-0.042,0.00405616611,-0.042,0.0225022906,-0.042,-0.0150695586,-0.042,0.00405616611,-0.032532649,-0.042,-0.042,-0.042,-0.042,-0.042,-0.042
1178,31213575,0.112722576,-2.50290346,1.11468601,-2.70773983,-0.177923575,-0.604388356,-4.03799152,-5.43528414,0.652075827,-2.73019481,0.0102947429,-0.564166963,0.0135267091,-0.042,0.042,-0.042,-0.021350829,-0.042,-0.042,-0.042,0.042,-0.042,0.00123536915,-0.042,0.0135267091,-0.042,-0.021350829,-0.042,0.00123536915,-0.042,-0.042,-0.042,-0.042,-0.042,-0.042,-0.042
1179,31234486,0.16213502,-2.52798986,1.22601843,-2.73972416,-0.193609089,-0.705610991,-4.14861012,-5.45457697,0.73748225,-2.756073,-0.00684960559,-0.597621083,0.0194562024,-0.042,0.042,-0.042,-0.0232330906,-0.042,-0.042,-0.042,0.042,-0.042,-0.000821952671,-0.042,0.0194562024,-0.042,-0.0232330906,-0.042,-0.000821952671,-0.042,-0.042,-0.042,-0.042,-0.042,-0.042,-0.042
1180,31257706,0.278085232,-2.51135159,1.09329176,-2.55324268,-0.16838789,-0.733626485,-4.24600267,-5.46986675,0.594184756,-2.55867362,-0.0183666646,-0.659774661,0.0333702278,-0.042,0.042,-0.042,-0.0202065468,-0.042,-0.042,-0.042,0.042,-0.042,-0.00220399976,-0.042,0.0333702278,-0.042,-0.0202065468,-0.042,-0.00220399976,-0.042,-0.042,-0.042,-0.042,-0.042,-0.042,-0.042
1181,31274324,0.378400981,-2.45933175,0.80267787,-2.31828308,-0.100359298,-0.682114959,-4.28183794,-5.47141314,0.332609743,-2.31750441,-0.0285554156,-0.710254014,0.042,-0.042,0.042,-0.042,-0.0120431158,-0.042,-0.042,-0.042,0.0399131691,-0.042,-0.00342664987,-0.042,0.042,-0.042,-0.0120431158,-0.042,-0.00342664987,-0.0399131691,-0.042,-0.042,-0.042,-0.042,-0.042,-0.042
1182,31299032,0.383897334,-2.33086705,0.38382706,-2.21230459,0.0302825421,-0.594166398,-4.24726105,-5.45534945,-0.0301165916,-2.10430574,-0.0329125449,-0.714013278,0.042,-0.042,0.042,-0.042,0.00363390505,-0.042,-0.042,-0.042,-0.00361399099,-0.042,-0.00394950539,-0.042,0.042,-0.042,0.00363390505,-0.042,-0.00394950539,0.00361399099,-0.042,-0.042,-0.042,-0.042,-0.042,-0.042
1183,31317632,0.349483788,-2.14393711,0.00240572728,-2.20622492,0.119463451,-0.478280634,-4.19085026,-5.46083355,-0.410972863,-1.97640622,0.00654720515,-0.662621439,0.0419380546,-0.042,0.000288687274,-0.042,0.0143356141,-0.042,-0.042,-0.042,-0.042,-0.042,0.000785664618,-0.042,0.0419380546,-0.000288687274,0.0143356141,-0.042,0.000785664618,0.042,-0.042,-0.042,-0.042,-0.042,-0.042,-0.042
1184,31333257,0.303829998,-2.01097083,-0.0458831377,-2.28629637,0.0909221098,-0.37587747,-4.17058182,-5.53254986,-0.502684951,-2.04330277,0.0630110204,-0.57201916,0.0364595997,-0.042,-0.00550597653,-0.042,0.0109106532,-0.042,-0.042,-0.042,-0.042,-0.042,0.00756132245,-0.042,0.0364595997,0.00550597653,0.0109106532,-0.042,0.00756132245,0.042,-0.042,-0.042,-0.042,-0.042,-0.042,-0.042
1185,31356480,0.257345796,-2.12102938,0.507203341,-2.46198606,-0.0768655613,-0.368882895,-4.1961832,-5.62075472,0.0108582936,-2.42181015,0.0792918205,-0.492156982,0.0308814955,-0.042,0.042,-0.042,-0.00922386736,-0.042,-0.042,-0.042,0.00130299523,-0.042,0.00951501846,-0.042,0.0308814955,-0.042,-0.00922386736,-0.042,0.00951501846,-0.00130299523,-0.042,-0.042,-0.042,-0.042,-0.042,-0.042
1186,31375410,0.115921736,-2.29423714,1.21782899,-2.8433814,-0.162267029,-0.547819018,-4.28286028,-5.66630125,0.796473265,-2.9524796,0.0411375389,-0.423904747,0.0139106083,-0.042,0.042,-0.042,-0.0194720435,-0.042,-0.042,-0.042,0.042,-0.042,0.00493650466,-0.042,0.0139106083,-0.042,-0.0194720435,-0.042,0.00493650466,-0.042,-0.042,-0.042,-0.042,-0.042,-0.042,-0.042
1187,31397685,0.18715255,-2.31834626,1.46390188,-2.94829607,-0.202348292,-0.730962157,-4.45612812,-5.69971848,0.946524322,-3.0730319,-0.00351920351,-0.450799972,0.022458306,-0.042,0.042,-0.042,-0.024281795,-0.042,-0.042,-0.042,0.042,-0.042,-0.000422304422,-0.042,0.022458306,-0.042,-0.024281795,-0.042,-0.000422304422,-0.042,-0.042,-0.042,-0.042,-0.042,-0.042,-0.042
1188,31423163,0.343259543,-2.31358099,1.3402983,-2.7229538,-0.190946102,-0.813764036,-4.62781763,-5.70998192,0.780397117,-2.78763175,-0.0173119754,-0.523905516,0.0411911452,-0.042,0.042,-0.042,-0.0229135323,-0.042,-0.042,-0.042,0.042,-0.042,-0.00207743704,-0.042,0.0411911452,-0.042,-0.0229135323,-0.042,-0.00207743704,-0.042,-0.042,-0.042,-0.042,-0.042,-0.042,-0.042
1189,31433427,0.461942583,-2.27704549,1.01431882,-2.41221237,-0.108368248,-0.79614675,-4.70137835,-5.68719053,0.494516551,-2.46043968,-0.0200603679,-0.597646534,0.042,-0.042,0.042,-0.042,-0.0130041897,-0.042,-0.042,-0.042,0.042,-0.042,-0.00240724415,-0.042,0.042,-0.042,-0.0130041897,-0.042,-0.00240724415,-0.042,-0.042,-0.042,-0.042,-0.042,-0.042,-0.042
1190,31458575,0.483291864,-2.1978569,0.571398735,-2.2320385,0.022086747,-0.699003756,-4.64351702,-5.60401773,0.126718342,-2.20219088,-0.0334472805,-0.642707944,0.042,-0.042,0.042,-0.042,0.00265040964,-0.042,-0.042,-0.042,0.0152062011,-0.042,-0.00401367366,-0.042,0.042,-0.042,0.00265040964,-0.042,-0.00401367366,-0.0152062011,-0.042,-0.042,-0.042,-0.042,-0.042,-0.042
1191,31474854,0.392120004,-2.08410811,0.172697589,-2.23662424,0.128893167,-0.587169766,-4.49320269,-5.51269722,-0.23108004,-2.04390526,-0.0300766304,-0.637294531,0.042,-0.042,0.0207237107,-0.042,0.01546718,-0.042,-0.042,-0.042,-0.0277296048,-0.042,-0.00360919565,-0.042,0.042,-0.0207237107,0.01546718,-0.042,-0.00360919565,0.0277296048,-0.042,-0.042,-0.042,-0.042,-0.042,-0.042
1192,31494456,0.280821711,-2.01055503,0.0948574245,-2.32491207,0.0769006237,-0.470224828,-4.36350584,-5.4953537,-0.361659735,-2.08590436,0.0304881651,-0.589127898,0.0336986053,-0.042,0.0113828909,-0.042,0.00922807485,-0.042,-0.042,-0.042,-0.042,-0.042,0.00365857981,-0.042,0.0336986053,-0.0113828909,0.00922807485,-0.042,0.00365857981,0.042,-0.042,-0.042,-0.042,-0.042,-0.042,-0.042
1193,31516738,0.201879501,-2.13202429,0.56464076,-2.47805882,-0.0937998146,-0.444918722,-4.30513573,-5.52890205,0.0684129745,-2.40985107,0.0626563206,-0.53473562,0.0242255402,-0.042,0.042,-0.042,-0.0112559777,-0.042,-0.042,-0.042,0.00820955694,-0.042,0.00751875848,-0.042,0.0242255402,-0.042,-0.0112559777,-0.042,0.00751875848,-0.00820955694,-0.042,-0.042,-0.042,-0.042,-0.042,-0.042
1194,31533892,0.10001269,-2.31954908,1.17672718,-2.79327488,-0.188547075,-0.587932825,-4.33695221,-5.55217314,0.733665228,-2.84776759,0.0304175485,-0.504860401,0.0120015228,-0.042,0.042,-0.042,-0.022625649,-0.042,-0.042,-0.042,0.042,-0.042,0.00365010582,-0.042,0.0120015228,-0.042,-0.022625649,-0.042,0.00365010582,-0.042,-0.042,-0.042,-0.042,-0.042,-0.042,-0.042
1195,31556245,0.171948299,-2.3726728,1.38712215,-2.88102961,-0.220245719,-0.741958499,-4.46649218,-5.59000444,0.895475626,-2.9439106,0.00185075775,-0.536810756,0.0206337959,-0.042,0.042,-0.042,-0.0264294863,-0.042,-0.042,-0.042,0.042,-0.042,0.00022209093,-0.042,0.0206337959,-0.042,-0.0264294863,-0.042,0.00022209093,-0.042,-0.042,-0.042,-0.042,-0.042,-0.042,-0.042
1196,31576307,0.326639771,-2.37247634,1.23776078,-2.65022612,-0.199213952,-0.808142364,-4.60229301,-5.62089205,0.717513621,-2.67357492,-0.0147602521,-0.610840559,0.0391967726,-0.042,0.042,-0.042,-0.0239056742,-0.042,-0.042,-0.042,0.042,-0.042,-0.00177123025,-0.042,0.0391967726,-0.042,-0.0239056742,-0.042,-0.00177123025,-0.042,-0.042,-0.042,-0.042,-0.042,-0.042,-0.042
1197,31593483,0.43967405,-2.32493711,0.893684864,-2.34460306,-0.106202826,-0.776869297,-4.65965462,-5.63877439,0.40403679,-2.35881329,-0.0301033631,-0.669788659,0.042,-0.042,0.042,-0.042,-0.0127443391,-0.042,-0.042,-0.042,0.042,-0.042,-0.00361240357,-0.042,0.042,-0.042,-0.0127443391,-0.042,-0.00361240357,-0.042,-0.042,-0.042,-0.042,-0.042,-0.042,-0.042
1198,31617621,0.440590769,-2.17907882,0.365728438,-2.20026541,0.0809206888,-0.680339813,-4.61189079,-5.61604548,-0.0398646966,-2.08088326,-0.0468865857,-0.686872721,0.042,-0.042,0.042,-0.042,0.00971048266,-0.042,-0.042,-0.042,-0.00478376359,-0.042,-0.00562639028,-0.042,0.042,-0.042,0.00971048266,-0.042,-0.00562639028,0.00478376359,-0.042,-0.042,-0.042,-0.042,-0.042,-0.042
1199,31635487,0.375324845,-1.97741127,-0.127490103,-2.18006325,0.194722742,-0.52529937,-4.50137997,-5.59888029,-0.527344346,-1.8951019,-0.0146704875,-0.649003744,0.042,-0.042,-0.0152988124,-0.042,0.023366729,-0.042,-0.042,-0.042,-0.042,-0.042,-0.0017604585,-0.042,0.042,0.0152988124,0.023366729,-0.042,-0.0017604585,0.042,-0.042,-0.042,-0.042,-0.042,-0.042,-0.042
1200,31653804,0.294925302,-1.83024466,-0.232934073,-2.26395273,0.148896456,-0.379042506,-4.43847084,-5.67248487,-0.69939059,-1.93910837,0.0563887432,-0.557996809,0.0353910363,-0.042,-0.0279520887,-0.042,0.0178675747,-0.042,-0.042,-0.042,-0.042,-0.042,0.00676664919,-0.042,0.0353910363,0.0279520887,0.0178675747,-0.042,0.00676664919,0.042,-0.042,-0.042,-0.042,-0.042,-0.042,-0.042
1201,31675376,0.249349803,-1.93556499,0.337094724,-2.44799662,-0.0431869514,-0.332193732,-4.45249367,-5.77346659,-0.177072838,-2.32950592,0.0964407176,-0.481905282,0.0299219763,-0.042,0.0404513669,-0.042,-0.00518243417,-0.0398632479,-0.042,-0.042,-0.0212487406,-0.042,0.0115728861,-0.042,0.0299219763,-0.0404513669,-0.00518243417,-0.042,0.0115728861,0.0212487406,-0.042,-0.042,-0.0398632479,-0.042,-0.042,-0.042
1202,31700717,0.112955205,-2.17146182,1.22699332,-2.87769461,-0.168700248,-0.510073066,-4.52769184,-5.83297491,0.814530849,-3.00801849,0.0606551953,-0.389043808,0.0135546246,-0.042,0.042,-0.042,-0.0202440298,-0.042,-0.042,-0.042,0.042,-0.042,0.00727862343,-0.042,0.0135546246,-0.042,-0.0202440298,-0.042,0.00727862343,-0.042,-0.042,-0.042,-0.042,-0.042,-0.042,-0.042
1203,31713635,0.203673363,-2.19433141,1.55976224,-3.04054308,-0.215805799,-0.727281749,-4.6991086,-5.88207483,1.02499104,-3.23896813,0.00772368908,-0.396160811,0.0244408035,-0.042,0.042,-0.042,-0.0258966959,-0.042,-0.042,-0.042,0.042,-0.042,0.00092684269,-0.042,0.0244408035,-0.042,-0.0258966959,-0.042,0.00092684269,-0.042,-0.042,-0.042,-0.042,-0.042,-0.042,-0.042
1204,31741325,0.388580352,-2.19511151,1.4624964,-2.80831528,-0.210829169,-0.82351023,-4.8961525,-5.89228058,0.859964848,-2.9248004,-0.0146288648,-0.474274218,0.042,-0.042,0.042,-0.042,-0.0252995002,-0.042,-0.042,-0.042,0.042,-0.042,-0.00175546378,-0.042,0.042,-0.042,-0.0252995002,-0.042,-0.00175546378,-0.042,-0.042,-0.042,-0.042,-0.042,-0.042,-0.042
1205,31753693,0.50695622,-2.17391515,1.14064574,-2.48022079,-0.112344861,-0.82193774,-4.98627853,-5.84674454,0.601757169,-2.55963707,-0.00308867544,-0.548031271,0.042,-0.042,0.042,-0.042,-0.0134813833,-0.042,-0.042,-0.042,0.042,-0.042,-0.000370641053,-0.042,0.042,-0.042,-0.0134813833,-0.042,-0.000370641053,-0.042,-0.042,-0.042,-0.042,-0.042,-0.042,-0.042
1206,31782142,0.540860295,-2.1371038,0.728629231,-2.27467871,0.00979618728,-0.718247235,-4.92987633,-5.72052479,0.259093434,-2.30294132,-0.0144928209,-0.604941547,0.042,-0.042,0.042,-0.042,0.00117554247,-0.042,-0.042,-0.042,0.031091212,-0.042,-0.00173913851,-0.042,0.042,-0.042,0.00117554247,-0.042,-0.00173913851,-0.031091212,-0.042,-0.042,-0.042,-0.042,-0.042,-0.042
1207,31793635,0.439390302,-2.09928012,0.4034428,-2.28198051,0.106582813,-0.611474156,-4.74532986,-5.55954409,-0.0117360502,-2.16675425,-0.0261101425,-0.614338338,0.042,-0.042,0.042,-0.042,0.0127899376,-0.042,-0.042,-0.042,-0.00140832603,-0.042,-0.0031332171,-0.042,0.042,-0.042,0.0127899376,-0.042,-0.0031332171,0.00140832603,-0.042,-0.042,-0.042,-0.042,-0.042,-0.042
1208,31813941,0.275641382,-2.14812589,0.490364343,-2.40075445,0.0259208977,-0.526289046,-4.55174398,-5.45501471,0.0396992676,-2.27431417,0.00582942739,-0.584079385,0.0330769658,-0.042,0.042,-0.042,0.00311050773,-0.042,-0.042,-0.042,0.00476391211,-0.042,0.000699531287,-0.042,0.0330769658,-0.042,0.00311050773,-0.042,0.000699531287,-0.00476391211,-0.042,-0.042,-0.042,-0.042,-0.042,-0.042
1209,31848527,0.120336697,-2.3286531,0.981085181,-2.58588219,-0.131510332,-0.542198002,-4.42620754,-5.39182758,0.507660806,-2.59206653,0.0293396451,-0.57011646,0.0144404036,-0.042,0.042,-0.042,-0.0157812399,-0.042,-0.042,-0.042,0.042,-0.042,0.00352075741,-0.042,0.0144404036,-0.042,-0.0157812399,-0.042,0.00352075741,-0.042,-0.042,-0.042,-0.042,-0.042,-0.042,-0.042
1210,31857838,0.040101707,-2.43877268,1.31154406,-2.82230473,-0.197269052,-0.665627122,-4.42883778,-5.38586569,0.847813725,-2.87222743,0.0259818733,-0.55569911,0.00481220484,-0.042,0.042,-0.042,-0.0236722863,-0.042,-0.042,-0.042,0.042,-0.042,0.00311782479,-0.042,0.00481220484,-0.042,-0.0236722863,-0.042,0.00311782479,-0.042,-0.042,-0.042,-0.042,-0.042,-0.042,-0.042
1211,31887350,0.139405608,-2.4730444,1.33413613,-2.76683187,-0.217258424,-0.756182671,-4.50128269,-5.39152908,0.828940451,-2.80080032,0.00248903781,-0.622566283,0.016728673,-0.042,0.042,-0.042,-0.0260710108,-0.042,-0.042,-0.042,0.042,-0.042,0.000298684537,-0.042,0.016728673,-0.042,-0.0260710108,-0.042,0.000298684537,-0.042,-0.042,-0.042,-0.042,-0.042,-0.042,-0.042
1212,31900656,0.291700155,-2.46318913,1.09412825,-2.49023962,-0.176262826,-0.754802823,-4.54819775,-5.39516926,0.605638325,-2.50862002,-0.00487198308,-0.713925719,0.0350040185,-0.042,0.042,-0.042,-0.0211515391,-0.042,-0.042,-0.042,0.042,-0.042,-0.00058463797,-0.042,0.0350040185,-0.042,-0.0211515391,-0.042,-0.00058463797,-0.042,-0.042,-0.042,-0.042,-0.042,-0.042,-0.042
1213,31918351,0.414487094,-2.38731146,0.676980853,-2.20645905,-0.0651082993,-0.656613588,-4.54059172,-5.39101553,0.250923961,-2.19572592,-0.0267620757,-0.781162024,0.042,-0.042,0.042,-0.042,-0.00781299591,-0.042,-0.042,-0.042,0.0301108754,-0.042,-0.00321144909,-0.042,0.042,-0.042,-0.00781299591,-0.042,-0.00321144909,-0.0301108754,-0.042,-0.042,-0.042,-0.042,-0.042,-0.042
1214,31934205,0.400565833,-2.16766572,0.0673833862,-2.10883474,0.142037719,-0.525736749,-4.47890282,-5.38576841,-0.27561152,-1.90084076,-0.0373768061,-0.773523211,0.042,-0.042,0.00808600634,-0.042,0.0170445263,-0.042,-0.042,-0.042,-0.0330733824,-0.042,-0.00448521674,-0.042,0.042,-0.00808600634,0.0170445263,-0.042,-0.00448521674,0.0330733824,-0.042,-0.042,-0.042,-0.042,-0.042,-0.042
1215,31952428,0.367819071,-1.89820921,-0.381816298,-2.11171675,0.222798437,-0.357452393,-4.44153643,-5.44500971,-0.75098896,-1.76533473,0.02667238,-0.679553211,0.042,-0.042,-0.042,-0.042,0.0267358124,-0.042,-0.042,-0.042,-0.042,-0.042,0.00320068561,-0.042,0.042,0.042,0.0267358124,-0.042,0.00320068561,0.042,-0.042,-0.042,-0.042,-0.042,-0.042,-0.042
1216,31983384,0.31714046,-1.75696588,-0.295885295,-2.21592331,0.1365619,-0.240629494,-4.48288202,-5.59896469,-0.740127802,-1.91147566,0.0923515409,-0.533027232,0.0380568552,-0.042,-0.0355062354,-0.042,0.016387428,-0.0288755393,-0.042,-0.042,-0.042,-0.042,0.0110821849,-0.042,0.0380568552,0.0355062354,0.016387428,-0.042,0.0110821849,0.042,-0.042,-0.042,-0.0288755393,-0.042,-0.042,-0.042
1217,31993232,0.250765264,-1.98169363,0.620756388,-2.51331425,-0.119529493,-0.273629159,-4.58793783,-5.74417686,0.137388125,-2.54338837,0.113738053,-0.420536011,0.0300918317,-0.042,0.042,-0.042,-0.0143435392,-0.032835499,-0.042,-0.042,0.016486575,-0.042,0.0136485663,-0.042,0.0300918317,-0.042,-0.0143435392,-0.042,0.0136485663,-0.016486575,-0.042,-0.042,-0.032835499,-0.042,-0.042,-0.042
1218,32015517,0.08584252,-2.2004962,1.47421336,-3.0875473,-0.184088379,-0.568059266,-4.71133041,-5.81047344,1.08646381,-3.26514554,0.0441636331,-0.362126112,0.0103011024,-0.042,0.042,-0.042,-0.0220906055,-0.042,-0.042,-0.042,0.042,-0.042,0.00529963598,-0.042,0.0103011024,-0.042,-0.0220906055,-0.042,0.00529963598,-0.042,-0.042,-0.042,-0.042,-0.042,-0.042,-0.042
1219,32034807,0.272956908,-2.16376162,1.65729725,-3.08808422,-0.245584428,-0.784480929,-4.90915489,-5.89153242,0.989365876,-3.3285265,-0.0390162095,-0.398142785,0.0327548289,-0.042,0.042,-0.042,-0.0294701314,-0.042,-0.042,-0.042,0.042,-0.042,-0.00468194515,-0.042,0.0327548289,-0.042,-0.0294701314,-0.042,-0.00468194515,-0.042,-0.042,-0.042,-0.042,-0.042,-0.042,-0.042
1220,32055741,0.444434226,-2.18225288,1.47182286,-2.79505014,-0.202131748,-0.871866524,-5.08649492,-5.89122105,0.821993232,-2.90827155,-0.0311449617,-0.467112154,0.042,-0.042,0.042,-0.042,-0.0242558098,-0.042,-0.042,-0.042,0.042,-0.042,-0.00373739541,-0.042,0.042,-0.042,-0.0242558098,-0.042,-0.00373739541,-0.042,-0.042,-0.042,-0.042,-0.042,-0.042,-0.042
1221,32077385,0.524279118,-2.20195508,1.13145804,-2.48959875,-0.0952084363,-0.865034401,-5.11283922,-5.81279802,0.564746082,-2.56591463,-0.0102578253,-0.546125352,0.042,-0.042,0.042,-0.042,-0.0114250124,-0.042,-0.042,-0.042,0.042,-0.042,-0.00123093903,-0.042,0.042,-0.042,-0.0114250124,-0.042,-0.00123093903,-0.042,-0.042,-0.042,-0.042,-0.042,-0.042,-0.042
1222,32097249,0.516374588,-2.24386311,0.795165658,-2.32652426,-0.0172128603,-0.758884728,-4.9458499,-5.61980009,0.288872004,-2.35949397,-0.0250273347,-0.610199094,0.042,-0.042,0.042,-0.042,-0.00206554323,-0.042,-0.042,-0.042,0.0346646404,-0.042,-0.00300328016,-0.042,0.042,-0.042,-0.00206554323,-0.042,-0.00300328016,-0.0346646404,-0.042,-0.042,-0.042,-0.042,-0.042,-0.042
1223,32113305,0.405642688,-2.32874703,0.664968848,-2.34839344,-0.0155801922,-0.667266071,-4.66912222,-5.4122653,0.188789293,-2.31189013,-0.032496646,-0.636379838,0.042,-0.042,0.042,-0.042,-0.00186962306,-0.042,-0.042,-0.042,0.0226547152,-0.042,-0.00389959753,-0.042,0.042,-0.042,-0.00186962306,-0.042,-0.00389959753,-0.0226547152,-0.042,-0.042,-0.042,-0.042,-0.042,-0.042
1224,32144358,0.225172386,-2.44873381,0.861063004,-2.48969698,-0.101457737,-0.62851423,-4.42662716,-5.28162718,0.374593675,-2.46348619,-0.00714006275,-0.633746862,0.0270206863,-0.042,0.042,-0.042,-0.0121749285,-0.042,-0.042,-0.042,0.042,-0.042,-0.00085680753,-0.042,0.0270206863,-0.042,-0.0121749285,-0.042,-0.00085680753,-0.042,-0.042,-0.042,-0.042,-0.042,-0.042,-0.042
1225,32153935,0.0790779069,-2.54888868,1.1307981,-2.66249037,-0.173524201,-0.667816281,-4.30010128,-5.21105671,0.641552269,-2.65825844,0.0118919387,-0.646960557,0.00948934883,-0.042,0.042,-0.042,-0.0208229041,-0.042,-0.042,-0.042,0.042,-0.042,0.00142703265,-0.042,0.00948934883,-0.042,-0.0208229041,-0.042,0.00142703265,-0.042,-0.042,-0.042,-0.042,-0.042,-0.042,-0.042
1226,32175217,0.0780810863,-2.58920336,1.24009025,-2.71375418,-0.198554546,-0.72372961,-4.28585672,-5.18998384,0.749834359,-2.71108699,0.0112535134,-0.690665007,0.00936973035,-0.042,0.042,-0.042,-0.0238265455,-0.042,-0.042,-0.042,0.042,-0.042,0.00135042161,-0.042,0.00936973035,-0.042,-0.0238265455,-0.042,0.00135042161,-0.042,-0.042,-0.042,-0.042,-0.042,-0.042,-0.042
1227,32195245,0.176405594,-2.58160281,1.14757097,-2.5729847,-0.179495811,-0.73569423,-4.30680561,-5.19368458,0.667831182,-2.57159495,0.0103823133,-0.747291505,0.0211686713,-0.042,0.042,-0.042,-0.0215394974,-0.042,-0.042,-0.042,0.042,-0.042,0.00124587759,-0.042,0.0211686713,-0.042,-0.0215394974,-0.042,0.00124587759,-0.042,-0.042,-0.042,-0.042,-0.042,-0.042,-0.042
1228,32215271,0.295826316,-2.5386703,0.890064716,-2.33683968,-0.121168405,-0.671327174,-4.30562496,-5.20023203,0.448744059,-2.33664203,0.0030843839,-0.803955615,0.0354991579,-0.042,0.042,-0.042,-0.0145402086,-0.042,-0.042,-0.042,0.042,-0.042,0.000370126069,-0.042,0.0354991579,-0.042,-0.0145402086,-0.042,0.000370126069,-0.042,-0.042,-0.042,-0.042,-0.042,-0.042,-0.042
1229,32234371,0.344554365,-2.42167282,0.496868104,-2.17892694,-0.0048712045,-0.567515492,-4.26951075,-5.20361853,0.118659511,-2.10315537,-0.0135715455,-0.818927348,0.0413465238,-0.042,0.042,-0.042,-0.000584544539,-0.042,-0.042,-0.042,0.0142391413,-0.042,-0.00162858546,-0.042,0.0413465238,-0.042,-0.000584544539,-0.042,-0.00162858546,-0.0142391413,-0.042,-0.042,-0.042,-0.042,-0.042,-0.042
1230,32255891,0.327085167,-2.23048878,0.0865864232,-2.16215467,0.113659211,-0.463520706,-4.22840548,-5.22837353,-0.270686418,-1.94375598,0.000937476754,-0.775101602,0.0392502201,-0.042,0.0103903708,-0.042,0.0136391053,-0.042,-0.042,-0.042,-0.0324823701,-0.042,0.000112497211,-0.042,0.0392502201,-0.0103903708,0.0136391053,-0.042,0.000112497211,0.0324823701,-0.042,-0.042,-0.042,-0.042,-0.042,-0.042
1231,32282332,0.293567002,-2.07036948,-0.0507040322,-2.23011971,0.112539463,-0.355744272,-4.22444773,-5.30733109,-0.444055647,-1.96408474,0.0580251366,-0.688294172,0.0352280402,-0.042,-0.00608448386,-0.042,0.0135047355,-0.042,-0.042,-0.042,-0.042,-0.042,0.00696301639,-0.042,0.0352280402,0.00608448386,0.0135047355,-0.042,0.00696301639,0.042,-0.042,-0.042,-0.042,-0.042,-0.042,-0.042
1232,32296656,0.247356147,-2.14005375,0.400108278,-2.40420914,-0.0422204509,-0.326938033,-4.26006126,-5.41263008,-0.0472152531,-2.29432154,0.0859171897,-0.589292884,0.0296827376,-0.042,0.042,-0.042,-0.00506645411,-0.039232564,-0.042,-0.042,-0.00566583037,-0.042,0.0103100628,-0.042,0.0296827376,-0.042,-0.00506645411,-0.042,0.0103100628,0.00566583037,-0.042,-0.042,-0.039232564,-0.042,-0.042,-0.042
1233,32313525,0.107014582,-2.35242605,1.16083503,-2.78156519,-0.165976942,-0.478783756,-4.34510279,-5.48424053,0.766422927,-2.86318612,0.0521196947,-0.508082628,0.0128417498,-0.042,0.042,-0.042,-0.019917233,-0.042,-0.042,-0.042,0.042,-0.042,0.00625436336,-0.042,0.0128417498,-0.042,-0.019917233,-0.042,0.00625436336,-0.042,-0.042,-0.042,-0.042,-0.042,-0.042,-0.042
1234,32338214,0.137820616,-2.41306067,1.47988808,-2.95963383,-0.20397824,-0.672474205,-4.50773668,-5.54683781,1.01899552,-3.06688046,0.0138646327,-0.524762154,0.016538474,-0.042,0.042,-0.042,-0.0244773889,-0.042,-0.042,-0.042,0.042,-0.042,0.00166375592,-0.042,0.016538474,-0.042,-0.0244773889,-0.042,0.00166375592,-0.042,-0.042,-0.042,-0.042,-0.042,-0.042,-0.042
1235,32354458,0.297735363,-2.42476821,1.38343918,-2.75939131,-0.202021539,-0.762816131,-4.68242073,-5.57691765,0.858724535,-2.81603956,-0.00553232804,-0.597318649,0.0357282436,-0.042,0.042,-0.042,-0.0242425847,-0.042,-0.042,-0.042,0.042,-0.042,-0.000663879365,-0.042,0.0357282436,-0.042,-0.0242425847,-0.042,-0.000663879365,-0.042,-0.042,-0.042,-0.042,-0.042,-0.042,-0.042
1236,32381379,0.423148334,-2.4060266,1.06382799,-2.42610741,-0.12191011,-0.748899579,-4.76212168,-5.57189035,0.569587827,-2.47159052,-0.00650391355,-0.666495144,0.042,-0.042,0.042,-0.042,-0.0146292132,-0.042,-0.042,-0.042,0.042,-0.042,-0.000780469626,-0.042,0.042,-0.042,-0.0146292132,-0.042,-0.000780469626,-0.042,-0.042,-0.042,-0.042,-0.042,-0.042,-0.042
1237,32394280,0.469546616,-2.35099006,0.637796998,-2.20219278,0.000615872443,-0.641898394,-4.71600342,-5.50274992,0.213257134,-2.2037406,-0.020202741,-0.711197734,0.042,-0.042,0.042,-0.042,7.39046931e-05,-0.042,-0.042,-0.042,0.0255908561,-0.042,-0.00242432892,-0.042,0.042,-0.042,7.39046931e-05,-0.042,-0.00242432892,-0.0255908561,-0.042,-0.042,-0.042,-0.042,-0.042,-0.042
1238,32426943,0.378646284,-2.25107241,0.243296206,-2.20456886,0.115173824,-0.526065767,-4.56490517,-5.39957762,-0.127534151,-2.04925299,-0.0180893093,-0.699157953,0.042,-0.042,0.0291955447,-0.042,0.0138208589,-0.042,-0.042,-0.042,-0.0153040981,-0.042,-0.00217071712,-0.042,0.042,-0.0291955447,0.0138208589,-0.042,-0.00217071712,0.0153040981,-0.042,-0.042,-0.042,-0.042,-0.042,-0.042
1239,32433293,0.261094034,-2.21071887,0.205337569,-2.30747414,0.0698132887,-0.433787405,-4.41153431,-5.34392071,-0.22432217,-2.10350013,0.0225302055,-0.658614337,0.031331284,-0.042,0.0246405083,-0.042,0.00837759465,-0.042,-0.042,-0.042,-0.0269186604,-0.042,0.00270362467,-0.042,0.031331284,-0.0246405083,0.00837759465,-0.042,0.00270362467,0.0269186604,-0.042,-0.042,-0.042,-0.042,-0.042,-0.042
1240,32460708,0.169174194,-2.32363582,0.688470483,-2.47746992,-0.10006173,-0.408858091,-4.33860779,-5.34668112,0.226676196,-2.43315101,0.0665091798,-0.613585889,0.0203009033,-0.042,0.042,-0.042,-0.0120074075,-0.042,-0.042,-0.042,0.0272011435,-0.042,0.00798110157,-0.042,0.0203009033,-0.042,-0.0120074075,-0.042,0.00798110157,-0.0272011435,-0.042,-0.042,-0.042,-0.042,-0.042,-0.042
1241,32474679,0.063165389,-2.47846055,1.24951911,-2.80784607,-0.191489607,-0.546138525,-4.37140226,-5.36547422,0.822287023,-2.8421545,0.0414006673,-0.596668005,0.00757984668,-0.042,0.042,-0.042,-0.0229787529,-0.042,-0.042,-0.042,0.042,-0.042,0.00496808007,-0.042,0.00757984668,-0.042,-0.0229787529,-0.042,0.00496808007,-0.042,-0.042,-0.042,-0.042,-0.042,-0.042,-0.042
1242,32494302,0.130790159,-2.51874256,1.42911434,-2.88454533,-0.22052151,-0.68640238,-4.49461031,-5.40459299,0.958296239,-2.92797399,0.0169334207,-0.633029699,0.0156948191,-0.042,0.042,-0.042,-0.0264625812,-0.042,-0.042,-0.042,0.042,-0.042,0.00203201048,-0.042,0.0156948191,-0.042,-0.0264625812,-0.042,0.00203201048,-0.042,-0.042,-0.042,-0.042,-0.042,-0.042,-0.042
1243,32523302,0.286523789,-2.51066017,1.26234043,-2.64133883,-0.192786664,-0.741042376,-4.61483908,-5.42466164,0.778545856,-2.66596222,0.00817504898,-0.697059393,0.0343828547,-0.042,0.042,-0.042,-0.0231343997,-0.042,-0.042,-0.042,0.042,-0.042,0.000981005877,-0.042,0.0343828547,-0.042,-0.0231343997,-0.042,0.000981005877,-0.042,-0.042,-0.042,-0.042,-0.042,-0.042,-0.042
1244,32534637,0.424216866,-2.46425462,0.891013384,-2.30179739,-0.105265938,-0.68474251,-4.65147495,-5.42155266,0.44618094,-2.32689786,-0.0115113147,-0.760358632,0.042,-0.042,0.042,-0.042,-0.0126319125,-0.042,-0.042,-0.042,0.042,-0.042,-0.00138135776,-0.042,0.042,-0.042,-0.0126319125,-0.042,-0.00138135776,-0.042,-0.042,-0.042,-0.042,-0.042,-0.042,-0.042
1245,32553375,0.422776401,-2.32356572,0.35866794,-2.14219379,0.0731011406,-0.570498824,-4.59336519,-5.38791704,0.00108408928,-2.04113889,-0.0325044468,-0.764965534,0.042,-0.042,0.042,-0.042,0.00877213687,-0.042,-0.042,-0.042,0.000130090714,-0.042,-0.00390053362,-0.042,0.042,-0.042,0.00877213687,-0.042,-0.00390053362,-0.000130090714,-0.042,-0.042,-0.042,-0.042,-0.042,-0.042
1246,32576306,0.358679324,-2.13220859,-0.11257644,-2.1292696,0.176857412,-0.422160119,-4.49091721,-5.36374187,-0.465505421,-1.8677336,-0.00473304093,-0.718419671,0.042,-0.042,-0.0135091728,-0.042,0.0212228894,-0.042,-0.042,-0.042,-0.042,-0.042,-0.000567964911,-0.042,0.042,0.0135091728,0.0212228894,-0.042,-0.000567964911,0.042,-0.042,-0.042,-0.042,-0.042,-0.042,-0.042
1247,32593357,0.283455193,-1.99210882,-0.182142347,-2.23053026,0.117228262,-0.286564857,-4.43998194,-5.42652035,-0.59599191,-1.93599856,0.0723203272,-0.620032966,0.0340146232,-0.042,-0.0218570817,-0.042,0.0140673915,-0.0343877828,-0.042,-0.042,-0.042,-0.042,0.00867843926,-0.042,0.0340146232,0.0218570817,0.0140673915,-0.042,0.00867843926,0.042,-0.042,-0.042,-0.0343877828,-0.042,-0.042,-0.042
1248,32614317,0.22638993,-2.14287138,0.503239512,-2.46426535,-0.0918111056,-0.284842908,-4.46070719,-5.52417231,0.0333530046,-2.40194058,0.103773147,-0.537386954,0.0271667916,-0.042,0.042,-0.042,-0.0110173327,-0.034181149,-0.042,-0.042,0.00400236055,-0.042,0.0124527776,-0.042,0.0271667916,-0.042,-0.0110173327,-0.042,0.0124527776,-0.00400236055,-0.042,-0.042,-0.034181149,-0.042,-0.042,-0.042
1249,32635366,0.0560552143,-2.35669065,1.34009826,-2.95092344,-0.180705994,-0.512486041,-4.5433135,-5.5819521,0.962377727,-3.06804609,0.0552784838,-0.466906279,0.00672662571,-0.042,0.042,-0.042,-0.0216847193,-0.042,-0.042,-0.042,0.042,-0.042,0.00663341805,-0.042,0.00672662571,-0.042,-0.0216847193,-0.042,0.00663341805,-0.042,-0.042,-0.042,-0.042,-0.042,-0.042,-0.042
1250,32662644,0.172019541,-2.35275126,1.587942,-3.04333496,-0.228556216,-0.726321757,-4.71951723,-5.65561438,1.04770374,-3.21070647,-0.00339764357,-0.49235338,0.020642345,-0.042,0.042,-0.042,-0.0274267459,-0.042,-0.042,-0.042,0.042,-0.042,-0.000407717228,-0.042,0.020642345,-0.042,-0.0274267459,-0.042,-0.000407717228,-0.042,-0.042,-0.042,-0.042,-0.042,-0.042,-0.042
1251,32674370,0.35853526,-2.35473204,1.41827929,-2.76757097,-0.210020542,-0.816726923,-4.89592695,-5.67331648,0.856926978,-2.83907557,-0.012326587,-0.573775589,0.042,-0.042,0.042,-0.042,-0.0252024651,-0.042,-0.042,-0.042,0.042,-0.042,-0.00147919044,-0.042,0.042,-0.042,-0.0252024651,-0.042,-0.00147919044,-0.042,-0.042,-0.042,-0.042,-0.042,-0.042,-0.042
1252,32697251,0.478567332,-2.33148694,1.0421803,-2.4036231,-0.10729982,-0.793177843,-4.95363474,-5.64172554,0.540176272,-2.45755911,-0.00885036215,-0.655489981,0.042,-0.042,0.042,-0.042,-0.0128759784,-0.042,-0.042,-0.042,0.042,-0.042,-0.00106204346,-0.042,0.042,-0.042,-0.0128759784,-0.042,-0.00106204346,-0.042,-0.042,-0.042,-0.042,-0.042,-0.042,-0.042
1253,32716279,0.500749052,-2.26594973,0.54691577,-2.18274307,0.0421720073,-0.664964437,-4.85803175,-5.52739573,0.135510579,-2.15925479,-0.0278650895,-0.715153873,0.042,-0.042,0.042,-0.042,0.00506064087,-0.042,-0.042,-0.042,0.0162612695,-0.042,-0.00334381074,-0.042,0.042,-0.042,0.00506064087,-0.042,-0.00334381074,-0.0162612695,-0.042,-0.042,-0.042,-0.042,-0.042,-0.042
1254,32733230,0.392930895,-2.15619016,0.116506323,-2.1896925,0.157503456,-0.529811263,-4.66161823,-5.40128946,-0.249269128,-1.98455632,-0.0246997178,-0.705016315,0.042,-0.042,0.0139807588,-0.042,0.0189004147,-0.042,-0.042,-0.042,-0.0299122953,-0.042,-0.00296396613,-0.042,0.042,-0.0139807588,0.0189004147,-0.042,-0.00296396613,0.0299122953,-0.042,-0.042,-0.042,-0.042,-0.042,-0.042
1255,32755582,0.26618582,-2.08900476,0.0783859566,-2.30884457,0.0890239403,-0.401836872,-4.50988579,-5.36563873,-0.349178731,-2.05686879,0.0460734367,-0.650017083,0.0319422984,-0.042,0.00940631479,-0.042,0.0106828728,-0.042,-0.042,-0.042,-0.0419014478,-0.042,0.00552881241,-0.042,0.0319422984,-0.00940631479,0.0106828728,-0.042,0.00552881241,0.0419014478,-0.042,-0.042,-0.042,-0.042,-0.042,-0.042
1256,32775289,0.174382716,-2.24445605,0.680218339,-2.50376034,-0.115781188,-0.383410811,-4.44770622,-5.38660908,0.214407951,-2.46008468,0.083822459,-0.591323733,0.020925926,-0.042,0.042,-0.042,-0.0138937426,-0.042,-0.042,-0.042,0.0257289541,-0.042,0.0100586951,-0.042,0.020925926,-0.042,-0.0138937426,-0.042,0.0100586951,-0.0257289541,-0.042,-0.042,-0.042,-0.042,-0.042,-0.042
1257,32794039,0.0538715944,-2.43109965,1.32200801,-2.88923264,-0.197098851,-0.561584711,-4.48723269,-5.41232491,0.910512269,-2.94544482,0.0426246673,-0.562179327,0.00646459132,-0.042,0.042,-0.042,-0.0236518621,-0.042,-0.042,-0.042,0.042,-0.042,0.00511496007,-0.042,0.00646459132,-0.042,-0.0236518621,-0.042,0.00511496007,-0.042,-0.042,-0.042,-0.042,-0.042,-0.042,-0.042
1258,32815399,0.154176489,-2.4611423,1.49527705,-2.93683243,-0.228231043,-0.72192359,-4.62751484,-5.4622426,1.00422227,-3.01094294,0.00935282186,-0.59940207,0.0185011786,-0.042,0.042,-0.042,-0.0273877251,-0.042,-0.042,-0.042,0.042,-0.042,0.00112233862,-0.042,0.0185011786,-0.042,-0.0273877251,-0.042,0.00112233862,-0.042,-0.042,-0.042,-0.042,-0.042,-0.042,-0.042
1259,32835092,0.329480499,-2.45508385,1.28551769,-2.64340353,-0.195422888,-0.780853808,-4.75713825,-5.48176718,0.78658247,-2.67673683,0.0024096407,-0.675980031,0.0395376599,-0.042,0.042,-0.042,-0.0234507465,-0.042,-0.042,-0.042,0.042,-0.042,0.000289156884,-0.042,0.0395376599,-0.042,-0.0234507465,-0.042,0.000289156884,-0.042,-0.042,-0.042,-0.042,-0.042,-0.042,-0.042
1260,32864682,0.454426765,-2.40870857,0.889139414,-2.29285765,-0.0921055079,-0.726087928,-4.79074144,-5.47613144,0.435037225,-2.32431126,-0.0159111097,-0.735096335,0.042,-0.042,0.042,-0.042,-0.0110526609,-0.042,-0.042,-0.042,0.042,-0.042,-0.00190933317,-0.042,0.042,-0.042,-0.0110526609,-0.042,-0.00190933317,-0.042,-0.042,-0.042,-0.042,-0.042,-0.042,-0.042
1261,32878573,0.442557991,-2.26533246,0.326920062,-2.13378763,0.107287697,-0.600946784,-4.71112204,-5.4177475,-0.0285022985,-2.0249691,-0.0383505598,-0.749771833,0.042,-0.042,0.0392304075,-0.042,0.0128745237,-0.042,-0.042,-0.042,-0.00342027582,-0.042,-0.00460206717,-0.042,0.042,-0.0392304075,0.0128745237,-0.042,-0.00460206717,0.00342027582,-0.042,-0.042,-0.042,-0.042,-0.042,-0.042
1262,32906110,0.366226673,-2.06997943,-0.152641729,-2.13091755,0.209473163,-0.433616877,-4.58174849,-5.3723464,-0.505344212,-1.8513813,-0.00205136463,-0.702258885,0.042,-0.042,-0.0183170074,-0.042,0.0251367795,-0.042,-0.042,-0.042,-0.042,-0.042,-0.000246163756,-0.042,0.042,0.0183170074,0.0251367795,-0.042,-0.000246163756,0.042,-0.042,-0.042,-0.042,-0.042,-0.042,-0.042
1263,32917722,0.274343908,-1.94544983,-0.178148538,-2.24765635,0.142852515,-0.315212429,-4.50505924,-5.42500114,-0.614100993,-1.94124806,0.0619762242,-0.604910731,0.0329212689,-0.042,-0.0213778245,-0.042,0.0171423018,-0.0378254914,-0.042,-0.042,-0.042,-0.042,0.0074371469,-0.042,0.0329212689,0.0213778245,0.0171423018,-0.042,0.0074371469,0.042,-0.042,-0.042,-0.0378254914,-0.042,-0.042,-0.042
1264,32933257,0.211552233,-2.06790233,0.508413196,-2.4685359,-0.0733058453,-0.305924058,-4.51950026,-5.52694082,0.0334827192,-2.41826653,0.105671033,-0.510874093,0.0253862679,-0.042,0.042,-0.042,-0.00879670143,-0.036710887,-0.042,-0.042,0.00401792631,-0.042,0.012680524,-0.042,0.0253862679,-0.042,-0.00879670143,-0.042,0.012680524,-0.00401792631,-0.042,-0.042,-0.036710887,-0.042,-0.042,-0.042
1265,32955816,0.0799333453,-2.27571893,1.33653867,-2.94498396,-0.175813437,-0.521409392,-4.60335875,-5.58518314,0.957552731,-3.06451702,0.0554929376,-0.455085784,0.00959200144,-0.042,0.042,-0.042,-0.0210976124,-0.042,-0.042,-0.042,0.042,-0.042,0.00665915251,-0.042,0.00959200144,-0.042,-0.0210976124,-0.042,0.00665915251,-0.042,-0.042,-0.042,-0.042,-0.042,-0.042,-0.042
1266,32975032,0.208565935,-2.29350781,1.57977796,-3.03404474,-0.231352091,-0.722312033,-4.77939415,-5.64477873,1.05165935,-3.1806798,-0.00131534413,-0.505569339,0.0250279123,-0.042,0.042,-0.042,-0.0277622509,-0.042,-0.042,-0.042,0.042,-0.042,-0.000157841295,-0.042,0.0250279123,-0.042,-0.0277622509,-0.042,-0.000157841295,-0.042,-0.042,-0.042,-0.042,-0.042,-0.042,-0.042
1267,32994425,0.393980205,-2.29980779,1.40282071,-2.74790621,-0.202967286,-0.806990683,-4.95562267,-5.66562366,0.862250984,-2.81546521,-0.00430691615,-0.582479894,0.042,-0.042,0.042,-0.042,-0.0243560743,-0.042,-0.042,-0.042,0.042,-0.042,-0.000516829938,-0.042,0.042,-0.042,-0.0243560743,-0.042,-0.000516829938,-0.042,-0.042,-0.042,-0.042,-0.042,-0.042,-0.042
1268,33017466,0.5185287,-2.27938962,1.01058626,-2.36975431,-0.0980725884,-0.77898103,-5.0084281,-5.6339407,0.52116996,-2.4235785,-0.00812586769,-0.66228193,0.042,-0.042,0.042,-0.042,-0.0117687106,-0.042,-0.042,-0.042,0.042,-0.042,-0.000975104123,-0.042,0.042,-0.042,-0.0117687106,-0.042,-0.000975104123,-0.042,-0.042,-0.042,-0.042,-0.042,-0.042,-0.042
1269,33038295,0.521645784,-2.19817591,0.487428278,-2.17919397,0.0733945742,-0.660702944,-4.91001511,-5.53315401,0.0893336236,-2.12881947,-0.0357808843,-0.698889852,0.042,-0.042,0.042,-0.042,0.00880734891,-0.042,-0.042,-0.042,0.0107200348,-0.042,-0.00429370612,-0.042,0.042,-0.042,0.00880734891,-0.042,-0.00429370612,-0.0107200348,-0.042,-0.042,-0.042,-0.042,-0.042,-0.042
1270,33058809,0.410144627,-2.07591319,0.0501702875,-2.18412733,0.186603069,-0.511084497,-4.72580767,-5.41976643,-0.309666663,-1.95603848,-0.0223842934,-0.684889317,0.042,-0.042,0.0060204345,-0.042,0.0223923683,-0.042,-0.042,-0.042,-0.0371599996,-0.042,-0.00268611521,-0.042,0.042,-0.0060204345,0.0223923683,-0.042,-0.00268611521,0.0371599996,-0.042,-0.042,-0.042,-0.042,-0.042,-0.042
1271,33082929,0.291670084,-1.99005616,-0.00176441669,-2.29389477,0.113975801,-0.363308072,-4.58937883,-5.3965621,-0.423870146,-2.02173162,0.0575531721,-0.629473686,0.0350004101,-0.042,-0.000211730003,-0.042,0.0136770961,-0.042,-0.042,-0.042,-0.042,-0.042,0.00690638065,-0.042,0.0350004101,0.000211730003,0.0136770961,-0.042,0.00690638065,0.042,-0.042,-0.042,-0.042,-0.042,-0.042,-0.042
1272,33099209,0.204302251,-2.14770794,0.620207071,-2.49294376,-0.102529228,-0.345561266,-4.53713846,-5.43524885,0.151641846,-2.43736982,0.0919174179,-0.568004131,0.0245162702,-0.042,0.042,-0.042,-0.0123035073,-0.0414673519,-0.042,-0.042,0.0181970215,-0.042,0.0110300902,-0.042,0.0245162702,-0.042,-0.0123035073,-0.042,0.0110300902,-0.0181970215,-0.042,-0.042,-0.0414673519,-0.042,-0.042,-0.042
1273,33120255,0.0787418261,-2.36330175,1.32112229,-2.89509249,-0.20168376,-0.533728182,-4.57136106,-5.4652338,0.913787544,-2.96446872,0.0473556779,-0.537928104,0.00944901913,-0.042,0.042,-0.042,-0.0242020512,-0.042,-0.042,-0.042,0.042,-0.042,0.00568268135,-0.042,0.00944901913,-0.042,-0.0242020512,-0.042,0.00568268135,-0.042,-0.042,-0.042,-0.042,-0.042,-0.042,-0.042
1274,33136018,0.174078584,-2.39807415,1.51709294,-2.95812273,-0.239722729,-0.713911951,-4.71057892,-5.52499199,1.02018094,-3.054039,0.0122514702,-0.563714802,0.02088943,-0.042,0.042,-0.042,-0.0287667274,-0.042,-0.042,-0.042,0.042,-0.042,0.00147017643,-0.042,0.02088943,-0.042,-0.0287667274,-0.042,0.00147017643,-0.042,-0.042,-0.042,-0.042,-0.042,-0.042,-0.042
1275,33155324,0.350287676,-2.39887857,1.31790709,-2.66919136,-0.209295988,-0.776100099,-4.84904242,-5.54692316,0.81106782,-2.71371675,0.00383108854,-0.646514833,0.042,-0.042,0.042,-0.042,-0.0251155186,-0.042,-0.042,-0.042,0.042,-0.042,0.000459730625,-0.042,0.042,-0.042,-0.0251155186,-0.042,0.000459730625,-0.042,-0.042,-0.042,-0.042,-0.042,-0.042,-0.042
1276,33178547,0.478247792,-2.35345888,0.914924264,-2.30596876,-0.0976674557,-0.718474984,-4.89326525,-5.53882217,0.459527493,-2.34587502,-0.0106609277,-0.720006466,0.042,-0.042,0.042,-0.042,-0.0117200947,-0.042,-0.042,-0.042,0.042,-0.042,-0.00127931133,-0.042,0.042,-0.042,-0.0117200947,-0.042,-0.00127931133,-0.042,-0.042,-0.042,-0.042,-0.042,-0.042,-0.042
1277,33200060,0.477164298,-2.19275546,0.300019622,-2.13022995,0.121579908,-0.586444318,-4.8198781,-5.47539377,-0.0457926877,-2.01266003,-0.0367028788,-0.745341837,0.042,-0.042,0.0360023546,-0.042,0.0145895889,-0.042,-0.042,-0.042,-0.00549512252,-0.042,-0.00440434545,-0.042,0.042,-0.0360023546,0.0145895889,-0.042,-0.00440434545,0.00549512252,-0.042,-0.042,-0.042,-0.042,-0.042,-0.042
1278,33213941,0.410784781,-1.9688791,-0.257211983,-2.1005764,0.250265002,-0.411134362,-4.69113684,-5.42923641,-0.597643375,-1.79049838,-0.00858156383,-0.698573053,0.042,-0.042,-0.030865438,-0.042,0.0300318003,-0.042,-0.042,-0.042,-0.042,-0.042,-0.00102978766,-0.042,0.042,0.030865438,0.0300318003,-0.042,-0.00102978766,0.042,-0.042,-0.042,-0.042,-0.042,-0.042,-0.042
1279,33237237,0.330422997,-1.81029439,-0.338996023,-2.19885588,0.182894975,-0.260217905,-4.62846327,-5.49324465,-0.760747254,-1.84818304,0.0734107494,-0.590981901,0.0396507597,-0.042,-0.0406795228,-0.042,0.021947397,-0.0312261486,-0.042,-0.042,-0.042,-0.042,0.00880928993,-0.042,0.0396507597,0.0406795228,0.021947397,-0.042,0.00880928993,0.042,-0.042,-0.042,-0.0312261486,-0.042,-0.042,-0.042
1280,33254487,0.274037927,-1.94740963,0.365991861,-2.43451738,-0.0488870293,-0.234003156,-4.66176844,-5.6018734,-0.117968999,-2.31769562,0.122998349,-0.51843673,0.0328845513,-0.042,0.042,-0.042,-0.00586644351,-0.0280803788,-0.042,-0.042,-0.0141562799,-0.042,0.0147598019,-0.042,0.0328845513,-0.042,-0.00586644351,-0.042,0.0147598019,0.0141562799,-0.042,-0.042,-0.0280803788,-0.042,-0.042,-0.042
1281,33283499,0.0888247341,-2.21940541,1.34827125,-2.9818697,-0.17912893,-0.479183763,-4.73713875,-5.66057777,0.978965461,-3.11344051,0.0662052259,-0.433900118,0.0106589681,-0.042,0.042,-0.042,-0.0214954716,-0.042,-0.042,-0.042,0.042,-0.042,0.00794462711,-0.042,0.0106589681,-0.042,-0.0214954716,-0.042,0.00794462711,-0.042,-0.042,-0.042,-0.042,-0.042,-0.042,-0.042
1282,33297805,0.213064075,-2.19877553,1.64427209,-3.11627436,-0.241230637,-0.750607729,-4.89897156,-5.75487232,1.06807184,-3.35671234,-0.00758800283,-0.425545424,0.0255676889,-0.042,0.042,-0.042,-0.0289476764,-0.042,-0.042,-0.042,0.042,-0.042,-0.00091056034,-0.042,0.0255676889,-0.042,-0.0289476764,-0.042,-0.00091056034,-0.042,-0.042,-0.042,-0.042,-0.042,-0.042,-0.042
1283,33315239,0.402435571,-2.21331787,1.50817323,-2.84862471,-0.241619289,-0.865787446,-5.08203936,-5.77924824,0.872300267,-2.96830869,-0.0349705517,-0.498825848,0.042,-0.042,0.042,-0.042,-0.0289943147,-0.042,-0.042,-0.042,0.042,-0.042,-0.00419646621,-0.042,0.042,-0.042,-0.0289943147,-0.042,-0.00419646621,-0.042,-0.042,-0.042,-0.042,-0.042,-0.042,-0.042
1284,33339079,0.508166552,-2.22401214,1.14838684,-2.48765087,-0.12786755,-0.877160013,-5.13431025,-5.732409,0.611932874,-2.55002141,-0.0141426288,-0.598047435,0.042,-0.042,0.042,-0.042,-0.015344106,-0.042,-0.042,-0.042,0.042,-0.042,-0.00169711545,-0.042,0.042,-0.042,-0.015344106,-0.042,-0.00169711545,-0.042,-0.042,-0.042,-0.042,-0.042,-0.042,-0.042
1285,33355089,0.542429805,-2.20476651,0.6826123,-2.23166561,0.00656819344,-0.755673468,-5.02039814,-5.58697987,0.230800122,-2.2411828,-0.0309508964,-0.692409635,0.042,-0.042,0.042,-0.042,0.000788183212,-0.042,-0.042,-0.042,0.0276960146,-0.042,-0.00371410757,-0.042,0.042,-0.042,0.000788183212,-0.042,-0.00371410757,-0.0276960146,-0.042,-0.042,-0.042,-0.042,-0.042,-0.042
1286,33376095,0.439945221,-2.13097525,0.252467424,-2.21151876,0.140906185,-0.623924494,-4.78363323,-5.41679144,-0.127421692,-2.04304719,-0.0438456014,-0.713475943,0.042,-0.042,0.0302960908,-0.042,0.0169087422,-0.042,-0.042,-0.042,-0.015290603,-0.042,-0.00526147217,-0.042,0.042,-0.0302960908,0.0169087422,-0.042,-0.00526147217,0.015290603,-0.042,-0.042,-0.042,-0.042,-0.042,-0.042
1287,33400055,0.297817171,-2.06581378,0.146111071,-2.32239676,0.106657572,-0.482559472,-4.58742285,-5.33943319,-0.276107758,-2.07047892,0.0245141499,-0.676440477,0.0357380605,-0.042,0.0175333285,-0.042,0.0127989087,-0.042,-0.042,-0.042,-0.033132931,-0.042,0.00294169798,-0.042,0.0357380605,-0.0175333285,0.0127989087,-0.042,0.00294169798,0.033132931,-0.042,-0.042,-0.042,-0.042,-0.042,-0.042
1288,33424225,0.200535297,-2.1800046,0.610916495,-2.47483206,-0.0742313266,-0.424098283,-4.48291445,-5.3306818,0.147368163,-2.38186073,0.0763338804,-0.633799493,0.0240642357,-0.042,0.042,-0.042,-0.00890775919,-0.042,-0.042,-0.042,0.0176841795,-0.042,0.00916006565,-0.042,0.0240642357,-0.042,-0.00890775919,-0.042,0.00916006565,-0.0176841795,-0.042,-0.042,-0.042,-0.042,-0.042,-0.042
1289,33436006,0.0720877051,-2.38183951,1.24590921,-2.81734371,-0.194553316,-0.551397026,-4.48468113,-5.34978962,0.830460727,-2.85681963,0.0523057953,-0.590203047,0.00865052462,-0.042,0.042,-0.042,-0.0233463979,-0.042,-0.042,-0.042,0.042,-0.042,0.00627669543,-0.042,0.00865052462,-0.042,-0.0233463979,-0.042,0.00627669543,-0.042,-0.042,-0.042,-0.042,-0.042,-0.042,-0.042
1290,33458005,0.136756346,-2.45704556,1.45564711,-2.91302681,-0.234108597,-0.706960618,-4.58888626,-5.38917017,0.986855924,-2.96441627,0.0150431767,-0.630915582,0.0164107615,-0.042,0.042,-0.042,-0.0280930316,-0.042,-0.042,-0.042,0.042,-0.042,0.00180518121,-0.042,0.0164107615,-0.042,-0.0280930316,-0.042,0.00180518121,-0.042,-0.042,-0.042,-0.042,-0.042,-0.042,-0.042
1291,33475380,0.301078171,-2.4716711,1.28198242,-2.65605354,-0.211756021,-0.770190179,-4.69782257,-5.40848064,0.794567406,-2.68072557,0.00438658893,-0.70416218,0.0361293805,-0.042,0.042,-0.042,-0.0254107225,-0.042,-0.042,-0.042,0.042,-0.042,0.000526390672,-0.042,0.0361293805,-0.042,-0.0254107225,-0.042,0.000526390672,-0.042,-0.042,-0.042,-0.042,-0.042,-0.042,-0.042
1292,33493307,0.441227049,-2.42635369,0.892690301,-2.29021406,-0.109491587,-0.716167152,-4.73441362,-5.41783667,0.447213829,-2.31491327,-0.0140450113,-0.769416928,0.042,-0.042,0.042,-0.042,-0.0131389904,-0.042,-0.042,-0.042,0.042,-0.042,-0.00168540135,-0.042,0.042,-0.042,-0.0131389904,-0.042,-0.00168540135,-0.042,-0.042,-0.042,-0.042,-0.042,-0.042,-0.042
1293,33517849,0.447229296,-2.24354124,0.266616881,-2.10087109,0.11397443,-0.586210668,-4.68087769,-5.39611244,-0.0738054067,-1.97045732,-0.0415189862,-0.782023072,0.042,-0.042,0.0319940257,-0.042,0.0136769316,-0.042,-0.042,-0.042,-0.0088566488,-0.042,-0.00498227835,-0.042,0.042,-0.0319940257,0.0136769316,-0.042,-0.00498227835,0.0088566488,-0.042,-0.042,-0.042,-0.042,-0.042,-0.042
1294,33532542,0.397440791,-1.97171545,-0.332055807,-2.06585503,0.263476014,-0.401384503,-4.59353113,-5.38893175,-0.662464559,-1.73825336,-0.00250162184,-0.720536888,0.042,-0.042,-0.0398466969,-0.042,0.0316171217,-0.042,-0.042,-0.042,-0.042,-0.042,-0.000300194621,-0.042,0.042,0.0398466969,0.0316171217,-0.042,-0.000300194621,0.042,-0.042,-0.042,-0.042,-0.042,-0.042,-0.042
1295,33557584,0.340809464,-1.75163448,-0.481497914,-2.12477303,0.224094778,-0.238624245,-4.57487822,-5.48303699,-0.887090921,-1.7536751,0.0756554455,-0.600244999,0.0408971357,-0.042,-0.042,-0.042,0.0268913734,-0.0286349094,-0.042,-0.042,-0.042,-0.042,0.00907865345,-0.042,0.0408971357,0.042,0.0268913734,-0.042,0.00907865345,0.042,-0.042,-0.042,-0.0286349094,-0.042,-0.042,-0.042
1296,33576961,0.296293586,-1.80924487,0.141238078,-2.34575844,0.0182590336,-0.192476884,-4.66051531,-5.63139153,-0.335621208,-2.18198109,0.136895254,-0.490757525,0.0355552304,-0.042,0.0169485694,-0.042,0.00219108403,-0.023097226,-0.042,-0.042,-0.040274545,-0.042,0.0164274305,-0.042,0.0355552304,-0.0169485694,0.00219108403,-0.042,0.0164274305,0.040274545,-0.042,-0.042,-0.023097226,-0.042,-0.042,-0.042
1297,33594811,0.123773247,-2.11989665,1.26022387,-2.93131065,-0.166791335,-0.415693939,-4.76876926,-5.70685959,0.888226867,-3.06454182,0.0829623193,-0.416745603,0.0148527896,-0.042,0.042,-0.042,-0.0200149602,-0.042,-0.042,-0.042,0.042,-0.042,0.00995547831,-0.042,0.0148527896,-0.042,-0.0200149602,-0.042,0.00995547831,-0.042,-0.042,-0.042,-0.042,-0.042,-0.042,-0.042
1298,33613221,0.246007174,-2.13379097,1.67173278,-3.16162682,-0.239991128,-0.712663352,-4.93381405,-5.78946257,1.12507069,-3.41872311,0.00119740888,-0.424689054,0.0295208609,-0.042,0.042,-0.042,-0.0287989354,-0.042,-0.042,-0.042,0.042,-0.042,0.000143689066,-0.042,0.0295208609,-0.042,-0.0287989354,-0.042,0.000143689066,-0.042,-0.042,-0.042,-0.042,-0.042,-0.042,-0.042
1299,33636056,0.442219675,-2.14051604,1.59414876,-2.92005348,-0.25362584,-0.847222507,-5.13678169,-5.83194351,0.914376855,-3.07603955,-0.0394670665,-0.474712074,0.042,-0.042,0.042,-0.042,-0.0304351008,-0.042,-0.042,-0.042,0.042,-0.042,-0.00473604798,-0.042,0.042,-0.042,-0.0304351008,-0.042,-0.00473604798,-0.042,-0.042,-0.042,-0.042,-0.042,-0.042,-0.042
1300,33658831,0.542383373,-2.17203355,1.25173628,-2.55930281,-0.136550993,-0.88879776,-5.22135401,-5.79020023,0.687943459,-2.63267159,-0.00923966244,-0.560984969,0.042,-0.042,0.042,-0.042,-0.0163861191,-0.042,-0.042,-0.042,0.042,-0.042,-0.00110875949,-0.042,0.042,-0.042,-0.0163861191,-0.042,-0.00110875949,-0.042,-0.042,-0.042,-0.042,-0.042,-0.042,-0.042
1301,33675309,0.57859093,-2.18220568,0.819882274,-2.29189682,-0.0171432346,-0.796891093,-5.12816477,-5.63666868,0.333073407,-2.33263803,-0.0195053965,-0.651199341,0.042,-0.042,0.042,-0.042,-0.00205718815,-0.042,-0.042,-0.042,0.0399688089,-0.042,-0.00234064758,-0.042,0.042,-0.042,-0.00205718815,-0.042,-0.00234064758,-0.0399688089,-0.042,-0.042,-0.042,-0.042,-0.042,-0.042
1302,33695454,0.478681743,-2.18709898,0.463283539,-2.25630903,0.0837625787,-0.671451509,-4.87327576,-5.42509365,0.0469356813,-2.16548729,-0.0382935181,-0.684902012,0.042,-0.042,0.042,-0.042,0.0100515094,-0.042,-0.042,-0.042,0.00563228175,-0.042,-0.00459522218,-0.042,0.042,-0.042,0.0100515094,-0.042,-0.00459522218,-0.00563228175,-0.042,-0.042,-0.042,-0.042,-0.042,-0.042
1303,33722383,0.303199321,-2.22731495,0.45840323,-2.37576628,0.0408650413,-0.566863954,-4.6128974,-5.28329849,0.0260857679,-2.22170711,-0.00371197984,-0.678147972,0.0363839185,-0.042,0.042,-0.042,0.00490380496,-0.042,-0.042,-0.042,0.00313029215,-0.042,-0.00044543758,-0.042,0.0363839185,-0.042,0.00490380496,-0.042,-0.00044543758,-0.00313029215,-0.042,-0.042,-0.042,-0.042,-0.042,-0.042
1304,33734190,0.135576516,-2.39574409,0.912654042,-2.54880285,-0.121626109,-0.546070695,-4.43177462,-5.2023859,0.445234537,-2.51196003,0.0322778821,-0.669918001,0.016269182,-0.042,0.042,-0.042,-0.0145951331,-0.042,-0.042,-0.042,0.042,-0.042,0.00387334585,-0.042,0.016269182,-0.042,-0.0145951331,-0.042,0.00387334585,-0.042,-0.042,-0.042,-0.042,-0.042,-0.042,-0.042
1305,33752834,0.057503473,-2.52883768,1.26561987,-2.78067636,-0.20056659,-0.637400091,-4.39031601,-5.17783022,0.805923343,-2.77726173,0.026849255,-0.684693575,0.00690041676,-0.042,0.042,-0.042,-0.0240679908,-0.042,-0.042,-0.042,0.042,-0.042,0.0032219106,-0.042,0.00690041676,-0.042,-0.0240679908,-0.042,0.0032219106,-0.042,-0.042,-0.042,-0.042,-0.042,-0.042,-0.042
1306,33776446,0.139566496,-2.56560755,1.32158315,-2.75345945,-0.215198994,-0.719342053,-4.44230509,-5.19517612,0.848203361,-2.75581527,0.0185161382,-0.733327329,0.0167479795,-0.042,0.042,-0.042,-0.0258238792,-0.042,-0.042,-0.042,0.042,-0.042,0.00222193658,-0.042,0.0167479795,-0.042,-0.0258238792,-0.042,0.00222193658,-0.042,-0.042,-0.042,-0.042,-0.042,-0.042,-0.042
1307,33794018,0.29001987,-2.54897356,1.10198998,-2.48340321,-0.168972105,-0.720165074,-4.48601818,-5.21738148,0.64566803,-2.49001312,0.0123335533,-0.79602325,0.0348023844,-0.042,0.042,-0.042,-0.0202766526,-0.042,-0.042,-0.042,0.042,-0.042,0.00148002639,-0.042,0.0348023844,-0.042,-0.0202766526,-0.042,0.00148002639,-0.042,-0.042,-0.042,-0.042,-0.042,-0.042,-0.042
1308,33827314,0.409310311,-2.46299982,0.694878101,-2.18819761,-0.0567148998,-0.626232028,-4.48367357,-5.23477697,0.297889709,-2.17828178,-0.0144276209,-0.835554421,0.042,-0.042,0.042,-0.042,-0.00680578798,-0.042,-0.042,-0.042,0.0357467651,-0.042,-0.00173131451,-0.042,0.042,-0.042,-0.00680578798,-0.042,-0.00173131451,-0.0357467651,-0.042,-0.042,-0.042,-0.042,-0.042,-0.042
1309,33833321,0.410200715,-2.22843528,0.0791950524,-2.07588339,0.163357854,-0.499028295,-4.43627262,-5.23614788,-0.231696457,-1.87300158,-0.0344583765,-0.822327197,0.042,-0.042,0.00950340629,-0.042,0.0196029425,-0.042,-0.042,-0.042,-0.0278035748,-0.042,-0.00413500518,-0.042,0.042,-0.00950340629,0.0196029425,-0.042,-0.00413500518,0.0278035748,-0.042,-0.042,-0.042,-0.042,-0.042,-0.042
1310,33858477,0.390472531,-1.93798316,-0.395465016,-2.07244301,0.264381051,-0.336979389,-4.40619802,-5.28389406,-0.732332587,-1.71601701,0.0254090764,-0.738883734,0.042,-0.042,-0.042,-0.042,0.0317257261,-0.0404375267,-0.042,-0.042,-0.042,-0.042,0.00304908916,-0.042,0.042,0.042,0.0317257261,-0.042,0.00304908916,0.042,-0.042,-0.042,-0.0404375267,-0.042,-0.042,-0.042
1311,33878242,0.349324673,-1.77388418,-0.341266394,-2.1719017,0.184739143,-0.216310993,-4.45106554,-5.41840029,-0.758805275,-1.83583689,0.094769612,-0.603871167,0.0419189608,-0.042,-0.0409519672,-0.042,0.0221686971,-0.0259573191,-0.042,-0.042,-0.042,-0.042,0.0113723534,-0.042,0.0419189608,0.0409519672,0.0221686971,-0.042,0.0113723534,0.042,-0.042,-0.042,-0.0259573191,-0.042,-0.042,-0.042
1312,33896782,0.301639318,-1.97853446,0.543834329,-2.47268152,-0.0859982148,-0.227757961,-4.56406546,-5.54875755,0.0718690902,-2.44067836,0.121775009,-0.510259688,0.0361967182,-0.042,0.042,-0.042,-0.0103197858,-0.0273309553,-0.042,-0.042,0.00862429082,-0.042,0.014613001,-0.042,0.0361967182,-0.042,-0.0103197858,-0.042,0.014613001,-0.00862429082,-0.042,-0.042,-0.0273309553,-0.042,-0.042,-0.042
1313,33917899,0.111381359,-2.22215462,1.46112192,-3.06771421,-0.191361696,-0.517940223,-4.68615055,-5.61076593,1.10399616,-3.22044277,0.0530488268,-0.438705325,0.0133657631,-0.042,0.042,-0.042,-0.0229634035,-0.042,-0.042,-0.042,0.042,-0.042,0.00636585921,-0.042,0.0133657631,-0.042,-0.0229634035,-0.042,0.00636585921,-0.042,-0.042,-0.042,-0.042,-0.042,-0.042,-0.042
1314,33932646,0.280538291,-2.2038784,1.66820645,-3.08993816,-0.261062264,-0.758527339,-4.88332319,-5.7049036,1.04706132,-3.30591965,-0.0255252719,-0.478255868,0.0336645949,-0.042,0.042,-0.042,-0.0313274717,-0.042,-0.042,-0.042,0.042,-0.042,-0.00306303263,-0.042,0.0336645949,-0.042,-0.0313274717,-0.042,-0.00306303263,-0.042,-0.042,-0.042,-0.042,-0.042,-0.042,-0.042
1315,33954500,0.441874653,-2.22180033,1.46796095,-2.77865696,-0.216353029,-0.857869804,-5.07166147,-5.72877264,0.861733496,-2.87670255,-0.0209053159,-0.534415901,0.042,-0.042,0.042,-0.042,-0.0259623635,-0.042,-0.042,-0.042,0.042,-0.042,-0.00250863791,-0.042,0.042,-0.042,-0.0259623635,-0.042,-0.00250863791,-0.042,-0.042,-0.042,-0.042,-0.042,-0.042,-0.042
1316,33978335,0.530611515,-2.21770811,1.07569611,-2.4094491,-0.0900707841,-0.841925144,-5.12193775,-5.67145681,0.556799829,-2.48005962,-0.00594643131,-0.626498461,0.042,-0.042,0.042,-0.042,-0.0108084941,-0.042,-0.042,-0.042,0.042,-0.042,-0.000713571757,-0.042,0.042,-0.042,-0.0108084941,-0.042,-0.000713571757,-0.042,-0.042,-0.042,-0.042,-0.042,-0.042,-0.042
1317,33992754,0.533317149,-2.18204856,0.584735751,-2.20126057,0.0547602102,-0.703320324,-4.98132229,-5.50208664,0.161897674,-2.18703437,-0.0285730287,-0.703903258,0.042,-0.042,0.042,-0.042,0.00657122523,-0.042,-0.042,-0.042,0.0194277209,-0.042,-0.00342876345,-0.042,0.042,-0.042,0.00657122523,-0.042,-0.00342876345,-0.0194277209,-0.042,-0.042,-0.042,-0.042,-0.042,-0.042
1318,34023845,0.396530062,-2.13956428,0.26017651,-2.24872589,0.136836052,-0.579666555,-4.72988987,-5.33319855,-0.12563099,-2.07175899,-0.0291965008,-0.69471091,0.042,-0.042,0.0312211812,-0.042,0.0164203262,-0.042,-0.042,-0.042,-0.0150757188,-0.042,-0.00350358009,-0.042,0.042,-0.0312211812,0.0164203262,-0.042,-0.00350358009,0.0150757188,-0.042,-0.042,-0.042,-0.042,-0.042,-0.042
1319,34033799,0.236158565,-2.17505503,0.377746463,-2.38232374,0.038560383,-0.481708139,-4.51233959,-5.23779154,-0.0701007918,-2.19679546,0.0279754363,-0.676340044,0.0283390278,-0.042,0.042,-0.042,0.00462724596,-0.042,-0.042,-0.042,-0.00841209501,-0.042,0.00335705236,-0.042,0.0283390278,-0.042,0.00462724596,-0.042,0.00335705236,0.00841209501,-0.042,-0.042,-0.042,-0.042,-0.042,-0.042
1320,34052423,0.106435798,-2.36917114,0.968639255,-2.60412645,-0.144287154,-0.495127827,-4.4004364,-5.19654322,0.512110233,-2.58562875,0.0515231714,-0.652748823,0.0127722958,-0.042,0.042,-0.042,-0.0173144585,-0.042,-0.042,-0.042,0.042,-0.042,0.00618278056,-0.042,0.0127722958,-0.042,-0.0173144585,-0.042,0.00618278056,-0.042,-0.042,-0.042,-0.042,-0.042,-0.042,-0.042
1321,34076080,0.0714093298,-2.49661422,1.34621286,-2.84987068,-0.212341636,-0.62519902,-4.42301607,-5.20336723,0.902682602,-2.86172557,0.0308524817,-0.676445961,0.00856911957,-0.042,0.042,-0.042,-0.0254809964,-0.042,-0.042,-0.042,0.042,-0.042,0.00370229781,-0.042,0.00856911957,-0.042,-0.0254809964,-0.042,0.00370229781,-0.042,-0.042,-0.042,-0.042,-0.042,-0.042,-0.042
1322,34093686,0.193376109,-2.5260458,1.35001922,-2.75965166,-0.221690685,-0.722184539,-4.52024841,-5.23888254,0.876595199,-2.77079153,0.017109165,-0.731463313,0.0232051331,-0.042,0.042,-0.042,-0.0266028821,-0.042,-0.042,-0.042,0.042,-0.042,0.0020530998,-0.042,0.0232051331,-0.042,-0.0266028821,-0.042,0.0020530998,-0.042,-0.042,-0.042,-0.042,-0.042,-0.042,-0.042
1323,34120722,0.35435155,-2.50087619,1.06585002,-2.43138266,-0.159851611,-0.722552598,-4.58212662,-5.26891851,0.613406599,-2.44392896,0.00696049258,-0.792225242,0.042,-0.042,0.042,-0.042,-0.0191821933,-0.042,-0.042,-0.042,0.042,-0.042,0.00083525911,-0.042,0.042,-0.042,-0.0191821933,-0.042,0.00083525911,-0.042,-0.042,-0.042,-0.042,-0.042,-0.042,-0.042
1324,34137902,0.459672898,-2.38310671,0.56210351,-2.12819004,-0.00667542592,-0.618808627,-4.58015347,-5.28592587,0.186066121,-2.0921886,-0.032003127,-0.829546809,0.042,-0.042,0.042,-0.042,-0.00080105111,-0.042,-0.042,-0.042,0.0223279345,-0.042,-0.00384037524,-0.042,0.042,-0.042,-0.00080105111,-0.042,-0.00384037524,-0.0223279345,-0.042,-0.042,-0.042,-0.042,-0.042,-0.042
1325,34168518,0.433171123,-2.12042022,-0.109432489,-2.04326916,0.222280204,-0.473775655,-4.51687908,-5.28586864,-0.413578212,-1.78348351,-0.0373791605,-0.798535287,0.042,-0.042,-0.0131318986,-0.042,0.0266736245,-0.042,-0.042,-0.042,-0.042,-0.042,-0.00448549926,-0.042,0.042,0.0131318986,0.0266736245,-0.042,-0.00448549926,0.042,-0.042,-0.042,-0.042,-0.042,-0.042,-0.042
1326,34173882,0.402893305,-1.83560526,-0.539171934,-2.04423523,0.318374455,-0.328476369,-4.46645546,-5.34111834,-0.902297735,-1.64491904,0.010500636,-0.710953116,0.042,-0.042,-0.042,-0.042,0.0382049346,-0.0394171643,-0.042,-0.042,-0.042,-0.042,0.00126007631,-0.042,0.042,0.042,0.0382049346,-0.042,0.00126007631,0.042,-0.042,-0.042,-0.0394171643,-0.042,-0.042,-0.042
1327,34193545,0.381910861,-1.64256394,-0.436674893,-2.13047457,0.228787571,-0.200309724,-4.53593969,-5.4913497,-0.879986882,-1.7768575,0.0978192687,-0.576791406,0.042,-0.042,-0.042,-0.042,0.0274545085,-0.0240371668,-0.042,-0.042,-0.042,-0.042,0.0117383122,-0.042,0.042,0.042,0.0274545085,-0.042,0.0117383122,0.042,-0.042,-0.042,-0.0240371668,-0.042,-0.042,-0.042
1328,34221749,0.356329262,-1.8167243,0.468957692,-2.46389866,-0.0527743734,-0.209013447,-4.70762491,-5.6452837,-0.0192099065,-2.4087863,0.135070473,-0.493827939,0.042,-0.042,0.042,-0.042,-0.00633292481,-0.0250816137,-0.042,-0.042,-0.00230518878,-0.042,0.0162084568,-0.042,0.042,-0.042,-0.00633292481,-0.042,0.0162084568,0.00230518878,-0.042,-0.042,-0.0250816137,-0.042,-0.042,-0.042
1329,34233674,0.177937135,-2.10127711,1.49702525,-3.12931824,-0.209464908,-0.495580703,-4.84436321,-5.70364237,1.14257014,-3.26778245,0.0657294393,-0.457291305,0.0213524562,-0.042,0.042,-0.042,-0.0251357889,-0.042,-0.042,-0.042,0.042,-0.042,0.00788753271,-0.042,0.0213524562,-0.042,-0.0251357889,-0.042,0.00788753271,-0.042,-0.042,-0.042,-0.042,-0.042,-0.042,-0.042
1330,34267011,0.373314798,-2.08555746,1.73078501,-3.15644455,-0.279762566,-0.763249338,-5.04110479,-5.80872965,1.08688831,-3.41756058,-0.0184396282,-0.465078264,0.042,-0.042,0.042,-0.042,-0.0335715079,-0.042,-0.042,-0.042,0.042,-0.042,-0.00221275538,-0.042,0.042,-0.042,-0.0335715079,-0.042,-0.00221275538,-0.042,-0.042,-0.042,-0.042,-0.042,-0.042,-0.042
1331,34273309,0.550059021,-2.10120034,1.52005374,-2.79294014,-0.233338654,-0.85302943,-5.23162794,-5.83348131,0.892042696,-2.92449307,-0.0148405582,-0.517147601,0.042,-0.042,0.042,-0.042,-0.0280006385,-0.042,-0.042,-0.042,0.042,-0.042,-0.00178086698,-0.042,0.042,-0.042,-0.0280006385,-0.042,-0.00178086698,-0.042,-0.042,-0.042,-0.042,-0.042,-0.042,-0.042
1332,34298961,0.615682065,-2.10647011,1.10689747,-2.42197227,-0.0840525478,-0.856138825,-5.2876296,-5.77305794,0.58663553,-2.50916314,0.00121049955,-0.585925221,0.042,-0.042,0.042,-0.042,-0.0100863057,-0.042,-0.042,-0.042,0.042,-0.042,0.000145259947,-0.042,0.042,-0.042,-0.0100863057,-0.042,0.000145259947,-0.042,-0.042,-0.042,-0.042,-0.042,-0.042,-0.042
1333,34313209,0.603013277,-2.07868814,0.603193641,-2.21606588,0.0736821666,-0.729816735,-5.14339256,-5.58447552,0.177256808,-2.21176767,-0.0272822976,-0.657501817,0.042,-0.042,0.042,-0.042,0.00884186,-0.042,-0.042,-0.042,0.0212708169,-0.042,-0.00327387571,-0.042,0.042,-0.042,0.00884186,-0.042,-0.00327387571,-0.0212708169,-0.042,-0.042,-0.042,-0.042,-0.042,-0.042
1334,34350578,0.44850409,-2.0622592,0.275458515,-2.26253986,0.149459392,-0.593875408,-4.87405586,-5.38884926,-0.110288084,-2.09023643,-0.0309681222,-0.65814656,0.042,-0.042,0.0330550218,-0.042,0.017935127,-0.042,-0.042,-0.042,-0.01323457,-0.042,-0.00371617466,-0.042,0.042,-0.0330550218,0.017935127,-0.042,-0.00371617466,0.01323457,-0.042,-0.042,-0.042,-0.042,-0.042,-0.042
1335,34357563,0.268053174,-2.14729977,0.433788866,-2.40415287,0.0360694975,-0.497765511,-4.62077904,-5.26587582,-0.0198787898,-2.22837496,0.0211798791,-0.656135321,0.0321663809,-0.042,0.042,-0.042,0.0043283397,-0.042,-0.042,-0.042,-0.00238545477,-0.042,0.00254158549,-0.042,0.0321663809,-0.042,0.0043283397,-0.042,0.00254158549,0.00238545477,-0.042,-0.042,-0.042,-0.042,-0.042,-0.042
1336,34375688,0.0820478275,-2.38359928,1.05682254,-2.66675949,-0.154360801,-0.535037458,-4.47556973,-5.20167065,0.587035716,-2.647856,0.0365994461,-0.637116134,0.00984573931,-0.042,0.042,-0.042,-0.0185232961,-0.042,-0.042,-0.042,0.042,-0.042,0.00439193353,-0.042,0.00984573931,-0.042,-0.0185232961,-0.042,0.00439193353,-0.042,-0.042,-0.042,-0.042,-0.042,-0.042,-0.042
1337,34394673,0.0395082012,-2.51384687,1.39747429,-2.89796114,-0.223823994,-0.669763803,-4.4802084,-5.19466925,0.929665267,-2.90885997,0.0228528101,-0.669861197,0.00474098414,-0.042,0.042,-0.042,-0.0268588793,-0.042,-0.042,-0.042,0.042,-0.042,0.00274233721,-0.042,0.00474098414,-0.042,-0.0268588793,-0.042,0.00274233721,-0.042,-0.042,-0.042,-0.042,-0.042,-0.042,-0.042
1338,34416946,0.175947562,-2.54306912,1.36982012,-2.76960325,-0.232388645,-0.757149041,-4.56108284,-5.2171917,0.877485514,-2.78048563,0.0165669806,-0.737618744,0.0211137074,-0.042,0.042,-0.042,-0.0278866374,-0.042,-0.042,-0.042,0.042,-0.042,0.00198803768,-0.042,0.0211137074,-0.042,-0.0278866374,-0.042,0.00198803768,-0.042,-0.042,-0.042,-0.042,-0.042,-0.042,-0.042
1339,34436516,0.347502053,-2.51311326,1.06048751,-2.41640091,-0.161535814,-0.742983401,-4.60471201,-5.23939562,0.602336586,-2.43119097,0.0112544969,-0.806967795,0.0417002463,-0.042,0.042,-0.042,-0.0193842977,-0.042,-0.042,-0.042,0.042,-0.042,0.00135053962,-0.042,0.0417002463,-0.042,-0.0193842977,-0.042,0.00135053962,-0.042,-0.042,-0.042,-0.042,-0.042,-0.042,-0.042
1340,34457316,0.45854032,-2.37113547,0.501981258,-2.0962491,0.0122917295,-0.615269899,-4.58553076,-5.2507782,0.137377009,-2.04731584,-0.0312663764,-0.852690935,0.042,-0.042,0.042,-0.042,0.00147500753,-0.042,-0.042,-0.042,0.0164852411,-0.042,-0.00375196517,-0.042,0.042,-0.042,0.00147500753,-0.042,-0.00375196517,-0.0164852411,-0.042,-0.042,-0.042,-0.042,-0.042,-0.042
1341,34473916,0.446390271,-2.06414294,-0.237799734,-1.99134445,0.260959923,-0.443836808,-4.51926804,-5.25424814,-0.526157975,-1.70130312,-0.0384354368,-0.816905797,0.042,-0.042,-0.0285359681,-0.042,0.0313151908,-0.042,-0.042,-0.042,-0.042,-0.042,-0.00461225241,-0.042,0.042,0.0285359681,0.0313151908,-0.042,-0.00461225241,0.042,-0.042,-0.042,-0.042,-0.042,-0.042,-0.042
1342,34509669,0.41794619,-1.74258161,-0.676474214,-1.99814415,0.325470656,-0.25635013,-4.49651718,-5.33807182,-1.02088857,-1.5711441,0.0369931385,-0.700017035,0.042,-0.042,-0.042,-0.042,0.0390564787,-0.0307620156,-0.042,-0.042,-0.042,-0.042,0.00443917662,-0.042,0.042,0.042,0.0390564787,-0.042,0.00443917662,0.042,-0.042,-0.042,-0.0307620156,-0.042,-0.042,-0.042
1343,34513018,0.386431366,-1.59813499,-0.467476338,-2.11124897,0.198231012,-0.131690413,-4.5961957,-5.5095005,-0.909261584,-1.76513946,0.122828551,-0.542826772,0.042,-0.042,-0.042,-0.042,0.0237877214,-0.0158028495,-0.042,-0.042,-0.042,-0.042,0.0147394261,-0.042,0.042,0.042,0.0237877214,-0.042,0.0147394261,0.042,-0.042,-0.042,-0.0158028495,-0.042,-0.042,-0.042
1344,34533229,0.322698623,-1.87063289,0.614126682,-2.52706099,-0.103932023,-0.193161547,-4.77722406,-5.65648127,0.134461269,-2.53713417,0.138417304,-0.471844822,0.0387238348,-0.042,0.042,-0.042,-0.0124718428,-0.0231793857,-0.042,-0.042,0.0161353523,-0.042,0.0166100764,-0.042,0.0387238348,-0.042,-0.0124718428,-0.042,0.0166100764,-0.0161353523,-0.042,-0.042,-0.0231793857,-0.042,-0.042,-0.042
1345,34560839,0.156106681,-2.10876274,1.56494808,-3.20864916,-0.208678514,-0.560263872,-4.91313791,-5.72922087,1.21101487,-3.39158106,0.0479672477,-0.425841898,0.0187328017,-0.042,0.042,-0.042,-0.0250414217,-0.042,-0.042,-0.042,0.042,-0.042,0.00575606972,-0.042,0.0187328017,-0.042,-0.0250414217,-0.042,0.00575606972,-0.042,-0.042,-0.042,-0.042,-0.042,-0.042,-0.042
1346,34574255,0.38908866,-2.07425761,1.7334187,-3.13756514,-0.287959158,-0.817373395,-5.10985661,-5.84994936,1.02304411,-3.40161514,-0.0425128043,-0.456427932,0.042,-0.042,0.042,-0.042,-0.034555099,-0.042,-0.042,-0.042,0.042,-0.042,-0.00510153651,-0.042,0.042,-0.042,-0.034555099,-0.042,-0.00510153651,-0.042,-0.042,-0.042,-0.042,-0.042,-0.042,-0.042
1347,34596774,0.524297118,-2.11298323,1.50436962,-2.80925465,-0.221599489,-0.927651346,-5.29642344,-5.88684511,0.84988308,-2.92618585,-0.0320098326,-0.491734803,0.042,-0.042,0.042,-0.042,-0.0265919387,-0.042,-0.042,-0.042,0.042,-0.042,-0.00384117991,-0.042,0.042,-0.042,-0.0265919387,-0.042,-0.00384117991,-0.042,-0.042,-0.042,-0.042,-0.042,-0.042,-0.042
1348,34613232,0.572950721,-2.14203596,1.12030816,-2.45835304,-0.0870712698,-0.94228673,-5.31092215,-5.80189848,0.574006736,-2.53373456,-0.0104851313,-0.582843959,0.042,-0.042,0.042,-0.042,-0.0104485524,-0.042,-0.042,-0.042,0.042,-0.042,-0.00125821576,-0.042,0.042,-0.042,-0.0104485524,-0.042,-0.00125821576,-0.042,-0.042,-0.042,-0.042,-0.042,-0.042,-0.042
1349,34634621,0.544334531,-2.16647196,0.700508118,-2.27025986,0.0257409737,-0.807069182,-5.11061525,-5.57685995,0.238438368,-2.27798152,-0.0314549059,-0.669490635,0.042,-0.042,0.042,-0.042,0.00308891684,-0.042,-0.042,-0.042,0.0286126041,-0.042,-0.0037745887,-0.042,0.042,-0.042,0.00308891684,-0.042,-0.0037745887,-0.0286126041,-0.042,-0.042,-0.042,-0.042,-0.042,-0.042
1350,34653580,0.412144631,-2.19636655,0.460598767,-2.30432796,0.0742969885,-0.670722306,-4.80074072,-5.35289192,0.0376590379,-2.18217754,-0.0365254804,-0.693691254,0.042,-0.042,0.042,-0.042,0.00891563863,-0.042,-0.042,-0.042,0.00451908454,-0.042,-0.00438305765,-0.042,0.042,-0.042,0.00891563863,-0.042,-0.00438305765,-0.00451908454,-0.042,-0.042,-0.042,-0.042,-0.042,-0.042
1351,34680179,0.239088908,-2.28858519,0.641370654,-2.43847942,-0.0239085928,-0.570978403,-4.53859997,-5.21692991,0.188352659,-2.32672286,0.0120733529,-0.693211973,0.0286906689,-0.042,0.042,-0.042,-0.00286903113,-0.042,-0.042,-0.042,0.0226023191,-0.042,0.00144880235,-0.042,0.0286906689,-0.042,-0.00286903113,-0.042,0.00144880235,-0.0226023191,-0.042,-0.042,-0.042,-0.042,-0.042,-0.042
1352,34699061,0.104350507,-2.45278168,1.0732795,-2.63628721,-0.157003418,-0.585144162,-4.39192915,-5.14311981,0.609275877,-2.61381674,0.0339189805,-0.695263028,0.0125220609,-0.042,0.042,-0.042,-0.0188404101,-0.042,-0.042,-0.042,0.042,-0.042,0.00407027766,-0.042,0.0125220609,-0.042,-0.0188404101,-0.042,0.00407027766,-0.042,-0.042,-0.042,-0.042,-0.042,-0.042,-0.042
1353,34713290,0.0793737248,-2.54591966,1.30133188,-2.78021002,-0.209922671,-0.675944448,-4.37985849,-5.13493109,0.834600508,-2.77402115,0.0241655223,-0.713876188,0.00952484697,-0.042,0.042,-0.042,-0.0251907206,-0.042,-0.042,-0.042,0.042,-0.042,0.00289986268,-0.042,0.00952484697,-0.042,-0.0251907206,-0.042,0.00289986268,-0.042,-0.042,-0.042,-0.042,-0.042,-0.042,-0.042
1354,34733612,0.184110403,-2.56559992,1.24913871,-2.65699768,-0.203976512,-0.729356349,-4.42545128,-5.15332222,0.780314982,-2.65548658,0.0180113502,-0.763169765,0.0220932484,-0.042,0.042,-0.042,-0.0244771814,-0.042,-0.042,-0.042,0.042,-0.042,0.00216136202,-0.042,0.0220932484,-0.042,-0.0244771814,-0.042,0.00216136202,-0.042,-0.042,-0.042,-0.042,-0.042,-0.042,-0.042
1355,34755239,0.323219299,-2.53295469,0.973853469,-2.36837292,-0.140565485,-0.692329466,-4.44221973,-5.17410755,0.53769803,-2.37392879,0.0071307458,-0.819242597,0.0387863159,-0.042,0.042,-0.042,-0.0168678582,-0.042,-0.042,-0.042,0.042,-0.042,0.000855689496,-0.042,0.0387863159,-0.042,-0.0168678582,-0.042,0.000855689496,-0.042,-0.042,-0.042,-0.042,-0.042,-0.042,-0.042
1356,34773438,0.402911425,-2.39941335,0.492403954,-2.12987471,0.0107160732,-0.574020147,-4.41741037,-5.1845994,0.138013378,-2.06205654,-0.0231386423,-0.853241026,0.042,-0.042,0.042,-0.042,0.00128592879,-0.042,-0.042,-0.042,0.0165616053,-0.042,-0.00277663708,-0.042,0.042,-0.042,0.00128592879,-0.042,-0.00277663708,-0.0165616053,-0.042,-0.042,-0.042,-0.042,-0.042,-0.042
1357,34804552,0.396894872,-2.12688804,-0.120369971,-2.05982256,0.205556691,-0.433281302,-4.37269354,-5.20559168,-0.425711423,-1.78878164,-0.0156622604,-0.817654431,0.042,-0.042,-0.0144443965,-0.042,0.0246668029,-0.042,-0.042,-0.042,-0.042,-0.042,-0.00187947124,-0.042,0.042,0.0144443965,0.0246668029,-0.042,-0.00187947124,0.042,-0.042,-0.042,-0.042,-0.042,-0.042,-0.042
1358,34813829,0.384688795,-1.84000707,-0.491400331,-2.0677824,0.284018576,-0.304525226,-4.36453104,-5.29313707,-0.850213408,-1.67777216,0.0346331969,-0.72061944,0.042,-0.042,-0.042,-0.042,0.0340822291,-0.0365430272,-0.042,-0.042,-0.042,-0.042,0.00415598363,-0.042,0.042,0.042,0.0340822291,-0.042,0.00415598363,0.042,-0.042,-0.042,-0.0365430272,-0.042,-0.042,-0.042
1359,34833244,0.369546026,-1.68353415,-0.311132014,-2.16544819,0.186207026,-0.198077515,-4.46306181,-5.45558739,-0.746743679,-1.84798253,0.106688514,-0.58332175,0.042,-0.042,-0.0373358417,-0.042,0.0223448431,-0.0237693018,-0.042,-0.042,-0.042,-0.042,0.0128026217,-0.042,0.042,0.0373358417,0.0223448431,-0.042,0.0128026217,0.042,-0.042,-0.042,-0.0237693018,-0.042,-0.042,-0.042
1360,34861340,0.333324999,-1.90950048,0.648514509,-2.52086115,-0.103818886,-0.235735089,-4.62594843,-5.59871817,0.180132121,-2.52333856,0.125331342,-0.500480771,0.0399989998,-0.042,0.042,-0.042,-0.0124582663,-0.0282882106,-0.042,-0.042,0.0216158545,-0.042,0.0150397611,-0.042,0.0399989998,-0.042,-0.0124582663,-0.042,0.0150397611,-0.0216158545,-0.042,-0.042,-0.0282882106,-0.042,-0.042,-0.042
1361,34880656,0.181896687,-2.15674424,1.53193772,-3.12322712,-0.217517078,-0.536602437,-4.76851797,-5.65465403,1.16256058,-3.25723433,0.0537012741,-0.475052476,0.0218276024,-0.042,0.042,-0.042,-0.0261020494,-0.042,-0.042,-0.042,0.042,-0.042,0.00644415289,-0.042,0.0218276024,-0.042,-0.0261020494,-0.042,0.00644415289,-0.042,-0.042,-0.042,-0.042,-0.042,-0.042,-0.042
1362,34901278,0.353935897,-2.14123845,1.70635116,-3.10151148,-0.279972702,-0.778482974,-4.97531319,-5.75267601,1.05535841,-3.32208776,-0.0240542963,-0.48142755,0.042,-0.042,0.042,-0.042,-0.0335967243,-0.042,-0.042,-0.042,0.042,-0.042,-0.00288651556,-0.042,0.042,-0.042,-0.0335967243,-0.042,-0.00288651556,-0.042,-0.042,-0.042,-0.042,-0.042,-0.042,-0.042
1363,34918595,0.502937019,-2.15740204,1.47510207,-2.74168444,-0.214784414,-0.866051435,-5.15207291,-5.76491499,0.869263828,-2.85129976,-0.00715783611,-0.535186648,0.042,-0.042,0.042,-0.042,-0.0257741296,-0.042,-0.042,-0.042,0.042,-0.042,-0.000858940333,-0.042,0.042,-0.042,-0.0257741296,-0.042,-0.000858940333,-0.042,-0.042,-0.042,-0.042,-0.042,-0.042,-0.042
1364,34941958,0.563162386,-2.15189457,1.06653869,-2.39269114,-0.0745089948,-0.854074657,-5.18822002,-5.68924427,0.553026855,-2.47327876,0.00052049011,-0.608473182,0.042,-0.042,0.042,-0.042,-0.00894107938,-0.042,-0.042,-0.042,0.042,-0.042,6.24588132e-05,-0.042,0.042,-0.042,-0.00894107938,-0.042,6.24588132e-05,-0.042,-0.042,-0.042,-0.042,-0.042,-0.042,-0.042
1365,34959473,0.532457352,-2.13419628,0.607781768,-2.22442722,0.0665325597,-0.723050058,-5.02423429,-5.49292946,0.1796875,-2.21213078,-0.02777417,-0.671322703,0.042,-0.042,0.042,-0.042,0.00798390716,-0.042,-0.042,-0.042,0.0215625,-0.042,-0.0033329004,-0.042,0.042,-0.042,0.00798390716,-0.042,-0.0033329004,-0.0215625,-0.042,-0.042,-0.042,-0.042,-0.042,-0.042
1366,34971821,0.384642839,-2.12954187,0.342620134,-2.28099489,0.123019032,-0.598578513,-4.75309134,-5.30149603,-0.0548033193,-2.12263536,-0.0269602239,-0.674919367,0.042,-0.042,0.0411144161,-0.042,0.0147622839,-0.042,-0.042,-0.042,-0.00657639831,-0.042,-0.00323522687,-0.042,0.042,-0.0411144161,0.0147622839,-0.042,-0.00323522687,0.00657639831,-0.042,-0.042,-0.042,-0.042,-0.042,-0.042
1367,34995768,0.211085096,-2.23485136,0.579091072,-2.42796564,-0.00685356185,-0.513550282,-4.51184273,-5.1834507,0.12638177,-2.30161381,0.0244996138,-0.665775001,0.0253302115,-0.042,0.042,-0.042,-0.000822427422,-0.042,-0.042,-0.042,0.0151658124,-0.042,0.00293995366,-0.042,0.0253302115,-0.042,-0.000822427422,-0.042,0.00293995366,-0.0151658124,-0.042,-0.042,-0.042,-0.042,-0.042,-0.042
1368,35017619,0.0534736514,-2.44315481,1.11736345,-2.69605303,-0.162747175,-0.567888379,-4.38479376,-5.12041187,0.656801343,-2.67895269,0.0299850218,-0.659087777,0.00641683817,-0.042,0.042,-0.042,-0.0195296609,-0.042,-0.042,-0.042,0.042,-0.042,0.00359820262,-0.042,0.00641683817,-0.042,-0.0195296609,-0.042,0.00359820262,-0.042,-0.042,-0.042,-0.042,-0.042,-0.042,-0.042
1369,35034851,0.0430898108,-2.54739285,1.373806,-2.8622961,-0.221946657,-0.689484298,-4.39720726,-5.11639786,0.900344372,-2.8643477,0.0149727762,-0.692819953,0.00517077729,-0.042,0.042,-0.042,-0.0266335988,-0.042,-0.042,-0.042,0.042,-0.042,0.00179673314,-0.042,0.00517077729,-0.042,-0.0266335988,-0.042,0.00179673314,-0.042,-0.042,-0.042,-0.042,-0.042,-0.042,-0.042
1370,35054959,0.19020611,-2.56541467,1.29461277,-2.68992519,-0.219644517,-0.749585569,-4.4673996,-5.13596821,0.811717153,-2.69226193,0.0159333795,-0.763804018,0.0228247333,-0.042,0.042,-0.042,-0.026357342,-0.042,-0.042,-0.042,0.042,-0.042,0.00191200554,-0.042,0.0228247333,-0.042,-0.026357342,-0.042,0.00191200554,-0.042,-0.042,-0.042,-0.042,-0.042,-0.042,-0.042
1371,35086798,0.362963736,-2.52008963,0.957574844,-2.33339548,-0.143421888,-0.702715218,-4.49601221,-5.16530228,0.517426372,-2.34400129,0.00525042042,-0.830463648,0.042,-0.042,0.042,-0.042,-0.0172106266,-0.042,-0.042,-0.042,0.042,-0.042,0.000630050451,-0.042,0.042,-0.042,-0.0172106266,-0.042,0.000630050451,-0.042,-0.042,-0.042,-0.042,-0.042,-0.042,-0.042
1372,35093872,0.452918321,-2.32360649,0.33369872,-2.05696678,0.0683364198,-0.561685324,-4.47709417,-5.18519688,0.00448507443,-1.95154953,-0.0386068895,-0.866353929,0.042,-0.042,0.0400438464,-0.042,0.00820037037,-0.042,-0.042,-0.042,0.000538208932,-0.042,-0.00463282675,-0.042,0.042,-0.0400438464,0.00820037037,-0.042,-0.00463282675,-0.000538208932,-0.042,-0.042,-0.042,-0.042,-0.042,-0.042
1373,35116043,0.468960553,-1.96701586,-0.419186503,-1.9496516,0.30182001,-0.378189832,-4.44321918,-5.22009993,-0.703036606,-1.61022723,-0.0254130885,-0.815233409,0.042,-0.042,-0.042,-0.042,0.0362184012,-0.042,-0.042,-0.042,-0.042,-0.042,-0.00304957062,-0.042,0.042,0.042,0.0362184012,-0.042,-0.00304957062,0.042,-0.042,-0.042,-0.042,-0.042,-0.042,-0.042
1374,35142210,0.475481331,-1.60867119,-0.836291909,-1.91183507,0.367891699,-0.191731811,-4.47652483,-5.3536005,-1.18393481,-1.46842599,0.0453957058,-0.676420569,0.042,-0.042,-0.042,-0.042,0.042,-0.0230078173,-0.042,-0.042,-0.042,-0.042,0.0054474847,-0.042,0.042,0.042,0.042,-0.042,0.0054474847,0.042,-0.042,-0.042,-0.0230078173,-0.042,-0.042,-0.042
1375,35154187,0.484639734,-1.42365348,-0.671426892,-1.98948681,0.26545012,-0.0651152879,-4.64659119,-5.57338858,-1.10270214,-1.62213457,0.125464499,-0.509509861,0.042,-0.042,-0.042,-0.042,0.0318540144,-0.00781383455,-0.042,-0.042,-0.042,-0.042,0.0150557399,-0.042,0.042,0.042,0.0318540144,-0.042,0.0150557399,0.042,-0.042,-0.042,-0.00781383455,-0.042,-0.042,-0.042
1376,35178351,0.436089218,-1.64248228,0.331834078,-2.43375444,-0.0281657688,-0.10984689,-4.90879726,-5.76961327,-0.154641971,-2.36997604,0.156863168,-0.449170828,0.042,-0.042,0.0398200893,-0.042,-0.00337989226,-0.0131816268,-0.042,-0.042,-0.0185570365,-0.042,0.0188235801,-0.042,0.042,-0.0398200893,-0.00337989226,-0.042,0.0188235801,0.0185570365,-0.042,-0.042,-0.0131816268,-0.042,-0.042,-0.042
1377,35194055,0.242481872,-1.96714354,1.52051032,-3.19930792,-0.217403889,-0.488662034,-5.0714798,-5.8548007,1.18878341,-3.37590098,0.066293925,-0.419889212,0.0290978247,-0.042,0.042,-0.042,-0.0260884666,-0.042,-0.042,-0.042,0.042,-0.042,0.00795527101,-0.042,0.0290978247,-0.042,-0.0260884666,-0.042,0.00795527101,-0.042,-0.042,-0.042,-0.042,-0.042,-0.042,-0.042
1378,35215036,0.496080667,-1.96154618,1.77030122,-3.18657494,-0.305478156,-0.80170095,-5.26193523,-5.98364258,1.07867718,-3.49965787,-0.0242009535,-0.448426336,0.042,-0.042,0.042,-0.042,-0.0366573787,-0.042,-0.042,-0.042,0.042,-0.042,-0.00290411443,-0.042,0.042,-0.042,-0.0366573787,-0.042,-0.00290411443,-0.042,-0.042,-0.042,-0.042,-0.042,-0.042,-0.042
1379,35234276,0.625375628,-1.99785912,1.58666611,-2.86798429,-0.247109771,-0.925156772,-5.47229147,-6.05360413,0.889094234,-3.0293777,-0.034372896,-0.449839652,0.042,-0.042,0.042,-0.042,-0.0296531725,-0.042,-0.042,-0.042,0.042,-0.042,-0.00412474751,-0.042,0.042,-0.042,-0.0296531725,-0.042,-0.00412474751,-0.042,-0.042,-0.042,-0.042,-0.042,-0.042,-0.042
1380,35257773,0.663781941,-2.03588963,1.20942688,-2.50929976,-0.0931097642,-0.974700809,-5.51974392,-5.97875547,0.643099189,-2.60229683,-0.00285197049,-0.524971485,0.042,-0.042,0.042,-0.042,-0.0111731717,-0.042,-0.042,-0.042,0.042,-0.042,-0.000342236459,-0.042,0.042,-0.042,-0.0111731717,-0.042,-0.000342236459,-0.042,-0.042,-0.042,-0.042,-0.042,-0.042,-0.042
1381,35273765,0.645663142,-2.0605135,0.779936671,-2.30936718,0.0286662579,-0.874891579,-5.34091997,-5.74588823,0.297483921,-2.33558869,-0.0254349634,-0.611878097,0.042,-0.042,0.042,-0.042,0.00343995094,-0.042,-0.042,-0.042,0.0356980705,-0.042,-0.00305219561,-0.042,0.042,-0.042,0.00343995094,-0.042,-0.00305219561,-0.0356980705,-0.042,-0.042,-0.042,-0.042,-0.042,-0.042
1382,35306715,0.501564324,-2.12608218,0.549747944,-2.34052563,0.0714376643,-0.740166366,-5.0083766,-5.48423767,0.100618988,-2.2418282,-0.0434816703,-0.638045788,0.042,-0.042,0.042,-0.042,0.00857251972,-0.042,-0.042,-0.042,0.0120742786,-0.042,-0.00521780044,-0.042,0.042,-0.042,0.00857251972,-0.042,-0.00521780044,-0.0120742786,-0.042,-0.042,-0.042,-0.042,-0.042,-0.042
1383,35317755,0.312683046,-2.27602935,0.756719232,-2.47330475,-0.0349053219,-0.640037835,-4.69387817,-5.30268002,0.276492149,-2.3897109,-0.0086867027,-0.653843641,0.0375219655,-0.042,0.042,-0.042,-0.00418863863,-0.042,-0.042,-0.042,0.0331790578,-0.042,-0.00104240432,-0.042,0.0375219655,-0.042,-0.00418863863,-0.042,-0.00104240432,-0.0331790578,-0.042,-0.042,-0.042,-0.042,-0.042,-0.042
1384,35333254,0.134054661,-2.44881749,1.14012516,-2.68660593,-0.15623486,-0.657062113,-4.49755669,-5.19139814,0.647602558,-2.66057801,0.0151996017,-0.666034758,0.0160865593,-0.042,0.042,-0.042,-0.0187481833,-0.042,-0.042,-0.042,0.042,-0.042,0.0018239522,-0.042,0.0160865593,-0.042,-0.0187481833,-0.042,0.0018239522,-0.042,-0.042,-0.042,-0.042,-0.042,-0.042,-0.042
1385,35370332,0.0880485177,-2.53603339,1.32669401,-2.79960251,-0.206623018,-0.735734999,-4.44538784,-5.15104342,0.830795169,-2.78854895,0.0142999515,-0.696575224,0.0105658221,-0.042,0.042,-0.042,-0.0247947621,-0.042,-0.042,-0.042,0.042,-0.042,0.00171599418,-0.042,0.0105658221,-0.042,-0.0247947621,-0.042,0.00171599418,-0.042,-0.042,-0.042,-0.042,-0.042,-0.042,-0.042
1386,35374811,0.175684497,-2.55723095,1.26030409,-2.66276026,-0.202903688,-0.778995156,-4.45531034,-5.14178705,0.768185854,-2.65875149,0.0167303924,-0.752355635,0.0210821396,-0.042,0.042,-0.042,-0.0243484426,-0.042,-0.042,-0.042,0.042,-0.042,0.00200764708,-0.042,0.0210821396,-0.042,-0.0243484426,-0.042,0.00200764708,-0.042,-0.042,-0.042,-0.042,-0.042,-0.042,-0.042
