frame_index,elapsed_us,raw_action_0,raw_action_1,raw_action_2,raw_action_3,raw_action_4,raw_action_5,raw_action_6,raw_action_7,raw_action_8,raw_action_9,raw_action_10,raw_action_11,target_q_model_rad_0,target_q_model_rad_1,target_q_model_rad_2,target_q_model_rad_3,target_q_model_rad_4,target_q_model_rad_5,target_q_model_rad_6,target_q_model_rad_7,target_q_model_rad_8,target_q_model_rad_9,target_q_model_rad_10,target_q_model_rad_11,target_rad_0,target_rad_1,target_rad_2,target_rad_3,target_rad_4,target_rad_5,target_rad_6,target_rad_7,target_rad_8,target_rad_9,target_rad_10,target_rad_11
0,8640058,0.0876745507,-0.0316847675,-0.0116253933,-0.088906616,0.00194398663,0.00066832389,-0.189901531,-0.0952011496,-0.312557876,-0.0730395913,-0.0816806853,0.0717955083,0.00701396406,-0.0025347814,-0.103487618,-0.126671985,0.00015551893,5.34659112e-05,0.3,0.3,-0.246883681,-0.210955939,-0.00653445482,0.00574364066,0.00701396406,0.103487618,0.00015551893,0.3,0.246883681,-0.00653445482,0.0025347814,-0.126671985,5.34659112e-05,-0.3,-0.00574364066,0.210955939
1,8646487,0.126749977,-0.0413187258,-0.00570411282,-0.0777033567,0.00133239443,0.0177131519,-0.276824504,-0.145194501,-0.608674526,-0.127278224,-0.111952752,0.0970299169,0.0101399982,-0.00330549806,-0.101711234,-0.123311007,0.000106591554,0.00141705215,0.3,0.3,-0.291301179,-0.219091734,-0.00895622015,0.00776239336,0.0101399982,0.101711234,0.000106591554,0.3,0.291301179,-0.00895622015,0.00330549806,-0.123311007,0.00141705215,-0.3,-0.00776239336,0.219091734
2,8658142,0.134477779,-0.0484215394,-0.00899004005,-0.0604242869,0.00616879109,0.0361938216,-0.31912598,-0.15887934,-0.890294969,-0.17809619,-0.118072934,0.101562172,0.0107582223,-0.00387372315,-0.102697012,-0.118127286,0.000493503287,0.00289550573,0.3,0.3,-0.3,-0.226714429,-0.00944583476,0.00812497377,0.0107582223,0.102697012,0.000493503287,0.3,0.3,-0.00944583476,0.00387372315,-0.118127286,0.00289550573,-0.3,-0.00812497377,0.226714429
3,8681635,0.111006707,-0.070215106,-0.0144290198,-0.0425118916,0.0259850398,0.0573304258,-0.31992203,-0.147951916,-1.15211415,-0.228964746,-0.102913462,0.0973759666,0.00888053656,-0.00561720848,-0.104328706,-0.112753567,0.00207880318,0.00458643407,0.3,0.3,-0.3,-0.234344712,-0.00823307693,0.00779007733,0.00888053656,0.104328706,0.00207880318,0.3,0.3,-0.00823307693,0.00561720848,-0.112753567,0.00458643407,-0.3,-0.00779007733,0.234344712
4,8703264,0.0796681345,-0.094275713,-0.0308294669,-0.0331650004,0.0415248536,0.0756512061,-0.330660135,-0.142564967,-1.39841282,-0.281397849,-0.0902086943,0.0885814205,0.00637345076,-0.00754205704,-0.10924884,-0.1099495,0.00332198828,0.00605209649,0.3,0.3,-0.3,-0.242209677,-0.00721669555,0.00708651364,0.00637345076,0.10924884,0.00332198828,0.3,0.3,-0.00721669555,0.00754205704,-0.1099495,0.00605209649,-0.3,-0.00708651364,0.242209677
5,8721230,0.0568337999,-0.117460482,-0.0486045927,-0.0324459784,0.0474728383,0.0898435786,-0.364166707,-0.157715619,-1.64668298,-0.335237861,-0.0824569389,0.0712600648,0.00454670399,-0.00939683855,-0.114581378,-0.109733794,0.00379782706,0.00718748629,0.3,0.3,-0.3,-0.250285679,-0.00659655511,0.00570080519,0.00454670399,0.114581378,0.00379782706,0.3,0.3,-0.00659655511,0.00939683855,-0.109733794,0.00718748629,-0.3,-0.00570080519,0.250285679
6,8742249,0.0429333188,-0.131985158,-0.0593033023,-0.0248478353,0.0431617536,0.091148749,-0.409528702,-0.171765596,-1.90384507,-0.38357085,-0.0901950225,0.046231553,0.0034346655,-0.0105588126,-0.117790991,-0.107454351,0.00345294029,0.00729189992,0.3,0.3,-0.3,-0.257535627,-0.0072156018,0.00369852424,0.0034346655,0.117790991,0.00345294029,0.3,0.3,-0.0072156018,0.0105588126,-0.107454351,0.00729189992,-0.3,-0.00369852424,0.257535627
7,8763630,0.0332919322,-0.14062658,-0.0662327707,-0.00745348586,0.0322090201,0.0798862502,-0.44321534,-0.174400166,-2.15593648,-0.429301709,-0.104118392,0.018387232,0.00266335458,-0.0112501264,-0.119869831,-0.102236046,0.00257672161,0.00639090002,0.3,0.3,-0.3,-0.264395256,-0.00832947135,0.00147097856,0.00266335458,0.119869831,0.00257672161,0.3,0.3,-0.00832947135,0.0112501264,-0.102236046,0.00639090002,-0.3,-0.00147097856,0.264395256
8,8786463,0.0278934799,-0.143864855,-0.0705291703,0.0086820405,0.0207353849,0.0650504306,-0.466911286,-0.175528049,-2.39580107,-0.471287429,-0.120516606,-0.0102448873,0.00223147839,-0.0115091884,-0.121158751,-0.0973953879,0.00165883079,0.00520403445,0.3,0.3,-0.3,-0.270693114,-0.00964132845,-0.000819590986,0.00223147839,0.121158751,0.00165883079,0.3,0.3,-0.00964132845,0.0115091884,-0.0973953879,0.00520403445,-0.3,0.000819590986,0.270693114
9,8803476,0.0195684396,-0.144998387,-0.0743123144,0.0176984593,0.0118428348,0.051059261,-0.486118883,-0.181519598,-2.62885094,-0.513991892,-0.135640591,-0.0354819186,0.00156547517,-0.0115998709,-0.122293694,-0.0946904622,0.000947426781,0.00408474088,0.3,0.3,-0.3,-0.277098784,-0.0108512473,-0.00283855349,0.00156547517,0.122293694,0.000947426781,0.3,0.3,-0.0108512473,0.0115998709,-0.0946904622,0.00408474088,-0.3,0.00283855349,0.277098784
10,8821263,0.0117282942,-0.146867096,-0.0788076371,0.0207949281,0.00431605708,0.0403579623,-0.503242433,-0.189873204,-2.85800195,-0.556632221,-0.149835393,-0.0586795919,0.000938263535,-0.0117493677,-0.123642291,-0.0937615216,0.000345284566,0.00322863698,0.3,0.3,-0.3,-0.283494833,-0.0119868314,-0.00469436735,0.000938263535,0.123642291,0.000345284566,0.3,0.3,-0.0119868314,0.0117493677,-0.0937615216,0.00322863698,-0.3,0.00469436735,0.283494833
11,8842014,-0.000311648415,-0.153076753,-0.0843608826,0.0221865308,0.00239305105,0.0343890153,-0.514390469,-0.199726418,-3.08393335,-0.598946273,-0.157894135,-0.0776171312,-2.49318732e-05,-0.0122461402,-0.125308265,-0.0933440408,0.000191444084,0.00275112122,0.3,0.3,-0.3,-0.289841941,-0.0126315308,-0.00620937049,-2.49318732e-05,0.125308265,0.000191444084,0.3,0.3,-0.0126315308,0.0122461402,-0.0933440408,0.00275112122,-0.3,0.00620937049,0.289841941
12,8862720,-0.0125050358,-0.162415788,-0.0878672376,0.0234209597,0.00362834847,0.03274858,-0.525129199,-0.21344012,-3.31000543,-0.640019357,-0.157949865,-0.0929479301,-0.00100040287,-0.012993263,-0.126360171,-0.0929737121,0.000290267877,0.0026198864,0.3,0.3,-0.3,-0.296002904,-0.0126359892,-0.00743583441,-0.00100040287,0.126360171,0.000290267877,0.3,0.3,-0.0126359892,0.012993263,-0.0929737121,0.0026198864,-0.3,0.00743583441,0.296002904
13,8883273,-0.022741029,-0.173463225,-0.0883184373,0.0266818088,0.00626824377,0.0333806872,-0.528865099,-0.217577577,-3.53232455,-0.678202212,-0.15600431,-0.105131365,-0.00181928232,-0.013877058,-0.126495531,-0.0919954574,0.000501459502,0.00267045498,0.3,0.3,-0.3,-0.3,-0.0124803448,-0.00841050923,-0.00181928232,0.126495531,0.000501459502,0.3,0.3,-0.0124803448,0.013877058,-0.0919954574,0.00267045498,-0.3,0.00841050923,0.3
14,8901941,-0.0328455903,-0.1871562,-0.0879914463,0.0312282685,0.0103353634,0.0360709578,-0.527380526,-0.214150414,-3.74700952,-0.711103261,-0.153014541,-0.11421214,-0.00262764722,-0.014972496,-0.126397434,-0.0906315194,0.000826829076,0.00288567662,0.3,0.3,-0.3,-0.3,-0.0122411633,-0.00913697124,-0.00262764722,0.126397434,0.000826829076,0.3,0.3,-0.0122411633,0.014972496,-0.0906315194,0.00288567662,-0.3,0.00913697124,0.3
15,8928439,-0.0424817577,-0.202220514,-0.0895715803,0.0358752236,0.0133733852,0.039209608,-0.52568984,-0.208666161,-3.95706129,-0.738583624,-0.149206758,-0.121317126,-0.00339854062,-0.0161776412,-0.126871474,-0.0892374329,0.00106987081,0.00313676864,0.3,0.3,-0.3,-0.3,-0.0119365406,-0.00970537007,-0.00339854062,0.126871474,0.00106987081,0.3,0.3,-0.0119365406,0.0161776412,-0.0892374329,0.00313676864,-0.3,0.00970537007,0.3
16,8942237,-0.0497422405,-0.215592965,-0.0924927294,0.0398481749,0.0156662893,0.0425294414,-0.527329385,-0.204181567,-4.16403198,-0.761675656,-0.143721908,-0.126736671,-0.00397937924,-0.0172474372,-0.127747819,-0.0880455475,0.00125330314,0.00340235531,0.3,0.3,-0.3,-0.3,-0.0114977527,-0.0101389337,-0.00397937924,0.127747819,0.00125330314,0.3,0.3,-0.0114977527,0.0172474372,-0.0880455475,0.00340235531,-0.3,0.0101389337,0.3
17,8960508,-0.0529058389,-0.226182386,-0.0951207429,0.042627655,0.016597474,0.0448950417,-0.534069061,-0.20290722,-4.36890793,-0.781319737,-0.13860485,-0.132019877,-0.00423246711,-0.0180945909,-0.128536223,-0.0872117035,0.00132779792,0.00359160334,0.3,0.3,-0.3,-0.3,-0.011088388,-0.0105615902,-0.00423246711,0.128536223,0.00132779792,0.3,0.3,-0.011088388,0.0180945909,-0.0872117035,0.00359160334,-0.3,0.0105615902,0.3
18,8982455,-0.0524367318,-0.233139142,-0.0967271477,0.0447543338,0.0164366644,0.0450790524,-0.542309463,-0.202329412,-4.57377863,-0.799175918,-0.135660455,-0.13673301,-0.00419493854,-0.0186511314,-0.129018144,-0.0865736999,0.00131493315,0.0036063242,0.3,0.3,-0.3,-0.3,-0.0108528364,-0.0109386408,-0.00419493854,0.129018144,0.00131493315,0.3,0.3,-0.0108528364,0.0186511314,-0.0865736999,0.0036063242,-0.3,0.0109386408,0.3
19,9000621,-0.051291395,-0.238157377,-0.098335661,0.0480895564,0.0158961993,0.0442290604,-0.550083339,-0.20256117,-4.77627182,-0.81684041,-0.132231072,-0.141382933,-0.0041033116,-0.0190525901,-0.129500698,-0.0855731331,0.00127169594,0.00353832483,0.3,0.3,-0.3,-0.3,-0.0105784857,-0.0113106346,-0.0041033116,0.129500698,0.00127169594,0.3,0.3,-0.0105784857,0.0190525901,-0.0855731331,0.00353832483,-0.3,0.0113106346,0.3
20,9030610,-0.0500204638,-0.241727412,-0.0994187221,0.0514795147,0.0147248833,0.0428428613,-0.555122197,-0.201745644,-4.97636652,-0.835432351,-0.129123107,-0.146833673,-0.0040016371,-0.0193381929,-0.129825617,-0.0845561456,0.00117799066,0.0034274289,0.3,0.3,-0.3,-0.3,-0.0103298485,-0.0117466938,-0.0040016371,0.129825617,0.00117799066,0.3,0.3,-0.0103298485,0.0193381929,-0.0845561456,0.0034274289,-0.3,0.0117466938,0.3
21,9040502,-0.0477143936,-0.243655652,-0.100733839,0.0534580424,0.0132423695,0.0410086736,-0.558884144,-0.201244652,-5.17241716,-0.855459154,-0.12645337,-0.153125748,-0.00381715149,-0.0194924521,-0.130220152,-0.0839625873,0.00105938956,0.00328069389,0.3,0.3,-0.3,-0.3,-0.0101162696,-0.0122500598,-0.00381715149,0.130220152,0.00105938956,0.3,0.3,-0.0101162696,0.0194924521,-0.0839625873,0.00328069389,-0.3,0.0122500598,0.3
22,9060309,-0.0455464646,-0.245157972,-0.101961516,0.0542183779,0.012104338,0.0391601063,-0.561372161,-0.200869083,-5.36496019,-0.876908123,-0.123827375,-0.159055099,-0.00364371717,-0.0196126378,-0.130588455,-0.0837344866,0.000968347043,0.00313280851,0.3,0.3,-0.3,-0.3,-0.00990619004,-0.0127244079,-0.00364371717,0.130588455,0.000968347043,0.3,0.3,-0.00990619004,0.0196126378,-0.0837344866,0.00313280851,-0.3,0.0127244079,0.3
23,9080733,-0.0450017937,-0.247718751,-0.103315964,0.0546172485,0.0118498215,0.0379634053,-0.56403023,-0.201193318,-5.55431509,-0.898871541,-0.120479211,-0.163743749,-0.00360014349,-0.0198175001,-0.130994789,-0.0836148255,0.000947985724,0.00303707242,0.3,0.3,-0.3,-0.3,-0.0096383369,-0.0130994999,-0.00360014349,0.130994789,0.000947985724,0.3,0.3,-0.0096383369,0.0198175001,-0.0836148255,0.00303707242,-0.3,0.0130994999,0.3
24,9101490,-0.0452881455,-0.251443893,-0.10424009,0.055811543,0.0123194754,0.0374061018,-0.565794408,-0.200981662,-5.74052763,-0.92069155,-0.116884664,-0.168087736,-0.00362305164,-0.0201155114,-0.131272027,-0.0832565371,0.000985558033,0.00299248815,0.3,0.3,-0.3,-0.3,-0.0093507731,-0.0134470189,-0.00362305164,0.131272027,0.000985558033,0.3,0.3,-0.0093507731,0.0201155114,-0.0832565371,0.00299248815,-0.3,0.0134470189,0.3
25,9124281,-0.0456920117,-0.255775273,-0.104847945,0.0573780872,0.0127931954,0.0370811671,-0.566671014,-0.199681461,-5.92321444,-0.941810906,-0.113688834,-0.172624066,-0.00365536094,-0.0204620218,-0.131454384,-0.0827865738,0.00102345563,0.00296649337,0.3,0.3,-0.3,-0.3,-0.00909510672,-0.0138099253,-0.00365536094,0.131454384,0.00102345563,0.3,0.3,-0.00909510672,0.0204620218,-0.0827865738,0.00296649337,-0.3,0.0138099253,0.3
26,9140825,-0.0460044369,-0.260495901,-0.105384804,0.0594791993,0.0127850026,0.0367142744,-0.566158473,-0.197166488,-6.10209179,-0.962076128,-0.110509589,-0.176845402,-0.00368035495,-0.0208396721,-0.131615441,-0.0821562402,0.00102280021,0.00293714195,0.3,0.3,-0.3,-0.3,-0.00884076715,-0.0141476321,-0.00368035495,0.131615441,0.00102280021,0.3,0.3,-0.00884076715,0.0208396721,-0.0821562402,0.00293714195,-0.3,0.0141476321,0.3
27,9174892,-0.0460296534,-0.265013307,-0.106752321,0.0619513653,0.0117685609,0.0358019397,-0.565214455,-0.193658859,-6.2780652,-0.981600106,-0.107911997,-0.180836633,-0.00368237227,-0.0212010646,-0.132025696,-0.0814145904,0.000941484869,0.00286415517,0.3,0.3,-0.3,-0.3,-0.00863295972,-0.0144669306,-0.00368237227,0.132025696,0.000941484869,0.3,0.3,-0.00863295972,0.0212010646,-0.0814145904,0.00286415517,-0.3,0.0144669306,0.3
28,9179311,-0.0457766764,-0.268390924,-0.108636893,0.0634016767,0.0102980668,0.0345944129,-0.565612853,-0.19088088,-6.45211506,-1.0004735,-0.106031492,-0.185044706,-0.00366213411,-0.0214712739,-0.132591068,-0.080979497,0.000823845342,0.00276755303,0.3,0.3,-0.3,-0.3,-0.00848251939,-0.0148035765,-0.00366213411,0.132591068,0.000823845342,0.3,0.3,-0.00848251939,0.0214712739,-0.080979497,0.00276755303,-0.3,0.0148035765,0.3
29,9205888,-0.045397494,-0.271009266,-0.11014735,0.0642344505,0.00913852174,0.0333079994,-0.566768765,-0.188970789,-6.62469864,-1.0187943,-0.104275569,-0.188815176,-0.00363179952,-0.0216807413,-0.133044205,-0.0807296649,0.000731081739,0.00266463995,0.3,0.3,-0.3,-0.3,-0.00834204555,-0.0151052141,-0.00363179952,0.133044205,0.000731081739,0.3,0.3,-0.00834204555,0.0216807413,-0.0807296649,0.00266463995,-0.3,0.0151052141,0.3
30,9221411,-0.0451925844,-0.273328453,-0.111373365,0.0649695173,0.0081928242,0.0318218768,-0.568105936,-0.187807515,-6.79583645,-1.03654146,-0.102620184,-0.192546219,-0.00361540675,-0.0218662763,-0.133412009,-0.0805091448,0.000655425936,0.00254575014,0.3,0.3,-0.3,-0.3,-0.00820961475,-0.0154036975,-0.00361540675,0.133412009,0.000655425936,0.3,0.3,-0.00820961475,0.0218662763,-0.0805091448,0.00254575014,-0.3,0.0154036975,0.3
31,9243246,-0.0452666916,-0.275889426,-0.111743644,0.0658817142,0.00796257611,0.0306684133,-0.568548441,-0.186074272,-6.96467495,-1.05377054,-0.101402342,-0.196619675,-0.00362133533,-0.0220711541,-0.133523093,-0.0802354857,0.000637006089,0.00245347306,0.3,0.3,-0.3,-0.3,-0.00811218739,-0.015729574,-0.00362133533,0.133523093,0.000637006089,0.3,0.3,-0.00811218739,0.0220711541,-0.0802354857,0.00245347306,-0.3,0.015729574,0.3
32,9258761,-0.0454068407,-0.279192597,-0.112272769,0.0671388209,0.00791883282,0.0300057419,-0.568363845,-0.184428826,-7.13128233,-1.0703795,-0.0994387269,-0.199869454,-0.00363254726,-0.0223354077,-0.133681831,-0.0798583537,0.000633506626,0.00240045935,0.3,0.3,-0.3,-0.3,-0.00795509815,-0.0159895563,-0.00363254726,0.133681831,0.000633506626,0.3,0.3,-0.00795509815,0.0223354077,-0.0798583537,0.00240045935,-0.3,0.0159895563,0.3
33,9282448,-0.0454414114,-0.282725483,-0.112946987,0.0682578534,0.00776276132,0.02947638,-0.567741871,-0.18242459,-7.2955904,-1.08629811,-0.0974819586,-0.202829063,-0.00363531291,-0.0226180387,-0.133884096,-0.079522644,0.000621020906,0.0023581104,0.3,0.3,-0.3,-0.3,-0.00779855669,-0.016226325,-0.00363531291,0.133884096,0.000621020906,0.3,0.3,-0.00779855669,0.0226180387,-0.079522644,0.0023581104,-0.3,0.016226325,0.3
34,9300585,-0.0452447869,-0.286060393,-0.114069365,0.069422625,0.00723803975,0.0288227741,-0.567196369,-0.179899156,-7.45809984,-1.10154998,-0.0959394947,-0.206112847,-0.00361958295,-0.0228848314,-0.134220809,-0.0791732125,0.00057904318,0.00230582193,0.3,0.3,-0.3,-0.3,-0.00767515957,-0.0164890277,-0.00361958295,0.134220809,0.00057904318,0.3,0.3,-0.00767515957,0.0228848314,-0.0791732125,0.00230582193,-0.3,0.0164890277,0.3
35,9321149,-0.0449049398,-0.289374292,-0.115269087,0.0706131831,0.00649005407,0.028152924,-0.566996455,-0.177632466,-7.61922359,-1.11572719,-0.0941773653,-0.209133044,-0.00359239519,-0.0231499434,-0.134580726,-0.0788160451,0.000519204326,0.00225223392,0.3,0.3,-0.3,-0.3,-0.00753418922,-0.0167306435,-0.00359239519,0.134580726,0.000519204326,0.3,0.3,-0.00753418922,0.0231499434,-0.0788160451,0.00225223392,-0.3,0.0167306435,0.3
36,9342238,-0.0443914905,-0.292562306,-0.11639595,0.0713827312,0.00594366668,0.0275276843,-0.567457736,-0.175984189,-7.77874041,-1.1291641,-0.0926131755,-0.212218925,-0.00355131924,-0.0234049845,-0.134918785,-0.0785851806,0.000475493334,0.00220221475,0.3,0.3,-0.3,-0.3,-0.00740905404,-0.016977514,-0.00355131924,0.134918785,0.000475493334,0.3,0.3,-0.00740905404,0.0234049845,-0.0785851806,0.00220221475,-0.3,0.016977514,0.3
37,9370324,-0.0431139953,-0.294494867,-0.118192799,0.0701447725,0.00590329757,0.0269631483,-0.572422743,-0.178520218,-7.93830299,-1.14160049,-0.0903801695,-0.21467942,-0.00344911963,-0.0235595894,-0.13545784,-0.0789565682,0.000472263806,0.00215705186,0.3,0.3,-0.3,-0.3,-0.00723041356,-0.0171743536,-0.00344911963,0.13545784,0.000472263806,0.3,0.3,-0.00723041356,0.0235595894,-0.0789565682,0.00215705186,-0.3,0.0171743536,0.3
38,9379350,-0.0410921909,-0.295473307,-0.119350225,0.0685593039,0.00622877199,0.0261087529,-0.579229116,-0.182691425,-8.09856129,-1.1534971,-0.0881686509,-0.216777757,-0.00328737527,-0.0236378646,-0.135805067,-0.0794322088,0.000498301759,0.00208870023,0.3,0.3,-0.3,-0.3,-0.00705349207,-0.0173422205,-0.00328737527,0.135805067,0.000498301759,0.3,0.3,-0.00705349207,0.0236378646,-0.0794322088,0.00208870023,-0.3,0.0173422205,0.3
39,9402255,-0.0381736979,-0.295963556,-0.120202988,0.0672116056,0.00663763331,0.0250651147,-0.586789668,-0.187856868,-8.25965118,-1.16506636,-0.0862326026,-0.218466491,-0.00305389583,-0.0236770844,-0.136060897,-0.0798365183,0.000531010665,0.00200520918,0.3,0.3,-0.3,-0.3,-0.00689860821,-0.0174773192,-0.00305389583,0.136060897,0.000531010665,0.3,0.3,-0.00689860821,0.0236770844,-0.0798365183,0.00200520918,-0.3,0.0174773192,0.3
40,9419231,-0.0351356417,-0.296274662,-0.120901413,0.0670154914,0.00676744618,0.0238083359,-0.592783153,-0.191975191,-8.42069054,-1.17648423,-0.0839324221,-0.219703123,-0.00281085134,-0.023701973,-0.136270424,-0.0798953526,0.000541395694,0.00190466687,0.3,0.3,-0.3,-0.3,-0.00671459377,-0.0175762498,-0.00281085134,0.136270424,0.000541395694,0.3,0.3,-0.00671459377,0.023701973,-0.0798953526,0.00190466687,-0.3,0.0175762498,0.3
41,9440525,-0.0326884501,-0.296725839,-0.121692017,0.0682370961,0.0065865838,0.0226250254,-0.59623301,-0.194124579,-8.58085537,-1.18813241,-0.0808930323,-0.220555931,-0.00261507601,-0.0237380672,-0.136507605,-0.0795288712,0.000526926704,0.00181000203,0.3,0.3,-0.3,-0.3,-0.00647144258,-0.0176444745,-0.00261507601,0.136507605,0.000526926704,0.3,0.3,-0.00647144258,0.0237380672,-0.0795288712,0.00181000203,-0.3,0.0176444745,0.3
42,9471339,-0.0298734177,-0.296724766,-0.123091385,0.069803074,0.00516282208,0.0208173525,-0.597795784,-0.193896323,-8.74036789,-1.200037,-0.0796599835,-0.222407401,-0.00238987342,-0.0237379813,-0.136927415,-0.0790590778,0.000413025767,0.0016653882,0.3,0.3,-0.3,-0.3,-0.00637279868,-0.017792592,-0.00238987342,0.136927415,0.000413025767,0.3,0.3,-0.00637279868,0.0237379813,-0.0790590778,0.0016653882,-0.3,0.017792592,0.3
43,9480906,-0.0270997398,-0.296555787,-0.124712899,0.0704594478,0.0037194055,0.0191899296,-0.599931121,-0.193923414,-8.89983177,-1.21227086,-0.0791559368,-0.224375233,-0.00216797918,-0.023724463,-0.13741387,-0.0788621657,0.00029755244,0.00153519437,0.3,0.3,-0.3,-0.3,-0.00633247495,-0.0179500186,-0.00216797918,0.13741387,0.00029755244,0.3,0.3,-0.00633247495,0.023724463,-0.0788621657,0.00153519437,-0.3,0.0179500186,0.3
44,9500366,-0.0245945938,-0.296690434,-0.126436338,0.0709370077,0.00268912036,0.0179875568,-0.602546334,-0.194466591,-9.06017685,-1.22478008,-0.0781436563,-0.225117609,-0.0019675675,-0.0237352347,-0.137930901,-0.0787188977,0.000215129629,0.00143900454,0.3,0.3,-0.3,-0.3,-0.0062514925,-0.0180094087,-0.0019675675,0.137930901,0.000215129629,0.3,0.3,-0.0062514925,0.0237352347,-0.0787188977,0.00143900454,-0.3,0.0180094087,0.3
45,9521720,-0.0223725289,-0.297890961,-0.12748611,0.0724367127,0.00197276077,0.0172017198,-0.602451205,-0.193149939,-9.22010422,-1.23788953,-0.0777773634,-0.225241929,-0.00178980231,-0.0238312769,-0.138245833,-0.0782689862,0.000157820862,0.00137613758,0.3,0.3,-0.3,-0.3,-0.00622218907,-0.0180193543,-0.00178980231,0.138245833,0.000157820862,0.3,0.3,-0.00622218907,0.0238312769,-0.0782689862,0.00137613758,-0.3,0.0180193543,0.3
46,9541145,-0.0206952766,-0.30197069,-0.126595452,0.0760767236,0.00175066991,0.0174258351,-0.596114039,-0.186272815,-9.37663555,-1.25153458,-0.0778815001,-0.224805653,-0.00165562212,-0.0241576552,-0.137978636,-0.0771769829,0.000140053593,0.00139406681,0.3,0.3,-0.3,-0.3,-0.00623052001,-0.0179844522,-0.00165562212,0.137978636,0.000140053593,0.3,0.3,-0.00623052001,0.0241576552,-0.0771769829,0.00139406681,-0.3,0.0179844522,0.3
47,9561656,-0.0195613764,-0.308759123,-0.126161128,0.0786781162,0.00206735963,0.0189136155,-0.588814914,-0.178381115,-9.52999306,-1.26477563,-0.0772202313,-0.222615898,-0.00156491011,-0.0247007298,-0.137848338,-0.0763965651,0.00016538877,0.00151308924,0.3,0.3,-0.3,-0.3,-0.0061776185,-0.0178092718,-0.00156491011,0.137848338,0.00016538877,0.3,0.3,-0.0061776185,0.0247007298,-0.0763965651,0.00151308924,-0.3,0.0178092718,0.3
48,9582306,-0.0181820616,-0.31623733,-0.126452029,0.0784658417,0.00329182413,0.0213227961,-0.585367739,-0.174484417,-9.68208027,-1.27778733,-0.0753107071,-0.219272971,-0.00145456493,-0.0252989864,-0.137935609,-0.0764602475,0.000263345931,0.00170582369,0.3,0.3,-0.3,-0.3,-0.00602485657,-0.0175418377,-0.00145456493,0.137935609,0.000263345931,0.3,0.3,-0.00602485657,0.0252989864,-0.0764602475,0.00170582369,-0.3,0.0175418377,0.3
49,9600205,-0.0167196989,-0.322880805,-0.126634717,0.0788132325,0.00428010896,0.0230670907,-0.582041383,-0.169923946,-9.83395004,-1.29043829,-0.0731254667,-0.216892332,-0.00133757591,-0.0258304644,-0.137990415,-0.0763560303,0.000342408717,0.00184536725,0.3,0.3,-0.3,-0.3,-0.00585003734,-0.0173513865,-0.00133757591,0.137990415,0.000342408717,0.3,0.3,-0.00585003734,0.0258304644,-0.0763560303,0.00184536725,-0.3,0.0173513865,0.3
50,9620669,-0.0152661977,-0.327541351,-0.127264231,0.079926677,0.00394860515,0.0230999924,-0.57836163,-0.164541945,-9.98572159,-1.30198574,-0.071535863,-0.217426166,-0.00122129582,-0.0262033081,-0.138179269,-0.0760219969,0.000315888412,0.00184799939,0.3,0.3,-0.3,-0.3,-0.00572286904,-0.0173940933,-0.00122129582,0.138179269,0.000315888412,0.3,0.3,-0.00572286904,0.0262033081,-0.0760219969,0.00184799939,-0.3,0.0173940933,0.3
51,9650670,-0.0150529603,-0.33058542,-0.12807937,0.0809693262,0.00337241264,0.0225097612,-0.575118124,-0.159533083,-10.1375809,-1.31215751,-0.0698100999,-0.220456257,-0.00120423682,-0.0264468336,-0.138423811,-0.0757092021,0.000269793011,0.00180078089,0.3,0.3,-0.3,-0.3,-0.00558480799,-0.0176365006,-0.00120423682,0.138423811,0.000269793011,0.3,0.3,-0.00558480799,0.0264468336,-0.0757092021,0.00180078089,-0.3,0.0176365006,0.3
52,9667076,-0.0158281755,-0.332469434,-0.12871322,0.0815390274,0.00296352734,0.0219183173,-0.572481573,-0.155977473,-10.2900286,-1.32120454,-0.0680482984,-0.22408092,-0.00126625404,-0.0265975547,-0.138613966,-0.0755382918,0.000237082187,0.00175346538,0.3,0.3,-0.3,-0.3,-0.00544386387,-0.0179264736,-0.00126625404,0.138613966,0.000237082187,0.3,0.3,-0.00544386387,0.0265975547,-0.0755382918,0.00175346538,-0.3,0.0179264736,0.3
53,9687418,-0.0169332307,-0.333335429,-0.129423186,0.0815108493,0.00262122066,0.0212080721,-0.571689129,-0.154432029,-10.4437876,-1.32927716,-0.0662254691,-0.227637172,-0.00135465845,-0.0266668344,-0.138826956,-0.0755467452,0.000209697653,0.00169664577,0.3,0.3,-0.3,-0.3,-0.00529803753,-0.0182109737,-0.00135465845,0.138826956,0.000209697653,0.3,0.3,-0.00529803753,0.0266668344,-0.0755467452,0.00169664577,-0.3,0.0182109737,0.3
54,9713541,-0.0182713475,-0.333601058,-0.130053341,0.0816660821,0.00220680633,0.0202157106,-0.57057035,-0.152583927,-10.5984354,-1.33655119,-0.0651248097,-0.23151432,-0.0014617078,-0.0266880846,-0.139016002,-0.0755001754,0.000176544506,0.00161725685,0.3,0.3,-0.3,-0.3,-0.00520998478,-0.0185211456,-0.0014617078,0.139016002,0.000176544506,0.3,0.3,-0.00520998478,0.0266880846,-0.0755001754,0.00161725685,-0.3,0.0185211456,0.3
55,9726954,-0.0190604497,-0.333243787,-0.130865112,0.0811889693,0.00178802607,0.0190312508,-0.571849465,-0.15312773,-10.7548237,-1.34271896,-0.0646768883,-0.235362008,-0.00152483597,-0.026659503,-0.139259534,-0.0756433092,0.000143042086,0.00152250007,0.3,0.3,-0.3,-0.3,-0.00517415106,-0.0188289607,-0.00152483597,0.139259534,0.000143042086,0.3,0.3,-0.00517415106,0.026659503,-0.0756433092,0.00152250007,-0.3,0.0188289607,0.3
56,9740253,-0.0194521714,-0.332475871,-0.131869704,0.080668278,0.00138796656,0.0176673178,-0.573804379,-0.1545268,-10.9133434,-1.34795916,-0.0643760934,-0.238568753,-0.00155617371,-0.0265980697,-0.139560911,-0.0757995166,0.000111037325,0.00141338542,0.3,0.3,-0.3,-0.3,-0.00515008748,-0.0190855002,-0.00155617371,0.139560911,0.000111037325,0.3,0.3,-0.00515008748,0.0265980697,-0.0757995166,0.00141338542,-0.3,0.0190855002,0.3
57,9760736,-0.019937383,-0.331735849,-0.13269496,0.0804834068,0.00127757678,0.0163953956,-0.575604022,-0.1559899,-11.0740995,-1.35280633,-0.0640946552,-0.240979403,-0.00159499064,-0.026538868,-0.139808488,-0.075854978,0.000102206143,0.00131163165,0.3,0.3,-0.3,-0.3,-0.00512757242,-0.0192783523,-0.00159499064,0.139808488,0.000102206143,0.3,0.3,-0.00512757242,0.026538868,-0.075854978,0.00131163165,-0.3,0.0192783523,0.3
58,9781987,-0.0201936215,-0.331092864,-0.133155704,0.080272913,0.00153411471,0.0154829798,-0.577182829,-0.157253072,-11.2372217,-1.35759139,-0.0641862378,-0.242766023,-0.00161548972,-0.0264874291,-0.139946711,-0.0759181261,0.000122729177,0.00123863839,0.3,0.3,-0.3,-0.3,-0.00513489902,-0.0194212818,-0.00161548972,0.139946711,0.000122729177,0.3,0.3,-0.00513489902,0.0264874291,-0.0759181261,0.00123863839,-0.3,0.0194212818,0.3
59,9815595,-0.0200867709,-0.330792129,-0.133734658,0.0803652629,0.00156678457,0.0146266408,-0.577707648,-0.157776535,-11.4026108,-1.3623668,-0.0653051287,-0.244358778,-0.00160694167,-0.0264633703,-0.140120398,-0.0758904211,0.000125342766,0.00117013127,0.3,0.3,-0.3,-0.3,-0.0052244103,-0.0195487022,-0.00160694167,0.140120398,0.000125342766,0.3,0.3,-0.0052244103,0.0264633703,-0.0758904211,0.00117013127,-0.3,0.0195487022,0.3
60,9822819,-0.0198724139,-0.330935717,-0.134351447,0.0801040977,0.00177137658,0.014211528,-0.578783214,-0.158924863,-11.5702343,-1.36737967,-0.0662468895,-0.244976476,-0.00158979312,-0.0264748573,-0.140305434,-0.0759687707,0.000141710127,0.00113692224,0.3,0.3,-0.3,-0.3,-0.00529975116,-0.0195981181,-0.00158979312,0.140305434,0.000141710127,0.3,0.3,-0.00529975116,0.0264748573,-0.0759687707,0.00113692224,-0.3,0.0195981181,0.3
61,9844799,-0.0195311029,-0.331657708,-0.134514287,0.0803236812,0.0021965974,0.0141646238,-0.578557611,-0.158552065,-11.7395983,-1.3726114,-0.0669765994,-0.24533847,-0.00156248823,-0.0265326166,-0.140354286,-0.0759028956,0.000175727792,0.0011331699,0.3,0.3,-0.3,-0.3,-0.00535812795,-0.0196270776,-0.00156248823,0.140354286,0.000175727792,0.3,0.3,-0.00535812795,0.0265326166,-0.0759028956,0.0011331699,-0.3,0.0196270776,0.3
62,9860693,-0.0191432182,-0.332977146,-0.134622052,0.0804920048,0.00274812989,0.0144719919,-0.577721,-0.157800719,-11.9106779,-1.37789905,-0.0673529878,-0.245527521,-0.00153145745,-0.0266381717,-0.140386616,-0.0758523986,0.000219850391,0.00115775935,0.3,0.3,-0.3,-0.3,-0.00538823903,-0.0196422017,-0.00153145745,0.140386616,0.000219850391,0.3,0.3,-0.00538823903,0.0266381717,-0.0758523986,0.00115775935,-0.3,0.0196422017,0.3
63,9879659,-0.0186977517,-0.334701747,-0.134833694,0.0803581551,0.00344827585,0.015050251,-0.577323198,-0.157489225,-12.0834036,-1.38339269,-0.0671713799,-0.245392814,-0.00149582013,-0.0267761397,-0.140450108,-0.0758925535,0.000275862068,0.00120402008,0.3,0.3,-0.3,-0.3,-0.00537371039,-0.0196314251,-0.00149582013,0.140450108,0.000275862068,0.3,0.3,-0.00537371039,0.0267761397,-0.0758925535,0.00120402008,-0.3,0.0196314251,0.3
64,9908295,-0.0181415789,-0.336500704,-0.13503629,0.0802861154,0.00416215556,0.015646467,-0.577018142,-0.156604916,-12.2581949,-1.38875091,-0.0667475089,-0.24531506,-0.00145132631,-0.0269200563,-0.140510887,-0.0759141654,0.000332972445,0.00125171736,0.3,0.3,-0.3,-0.3,-0.00533980072,-0.0196252048,-0.00145132631,0.140510887,0.000332972445,0.3,0.3,-0.00533980072,0.0269200563,-0.0759141654,0.00125171736,-0.3,0.0196252048,0.3
65,9918002,-0.0176179539,-0.338290215,-0.135285214,0.0803041086,0.00476315524,0.0162015129,-0.576774061,-0.155765578,-12.434926,-1.39386606,-0.0659824312,-0.245391056,-0.00140943632,-0.0270632172,-0.140585564,-0.0759087674,0.00038105242,0.00129612103,0.3,0.3,-0.3,-0.3,-0.00527859449,-0.0196312845,-0.00140943632,0.140585564,0.00038105242,0.3,0.3,-0.00527859449,0.0270632172,-0.0759087674,0.00129612103,-0.3,0.0196312845,0.3
66,9944782,-0.0172381308,-0.339675099,-0.13583453,0.0806150138,0.00495903334,0.0163045861,-0.576078892,-0.154487804,-12.6133833,-1.39862931,-0.0653295815,-0.246259093,-0.00137905046,-0.0271740079,-0.140750359,-0.0758154958,0.000396722667,0.00130436689,0.3,0.3,-0.3,-0.3,-0.00522636652,-0.0197007275,-0.00137905046,0.140750359,0.000396722667,0.3,0.3,-0.00522636652,0.0271740079,-0.0758154958,0.00130436689,-0.3,0.0197007275,0.3
67,9959172,-0.0171289574,-0.340493351,-0.136478528,0.0808268413,0.00493741175,0.0160440002,-0.575443685,-0.153123096,-12.793644,-1.40317833,-0.0648184642,-0.24756074,-0.00137031659,-0.0272394681,-0.140943559,-0.0757519476,0.00039499294,0.00128352001,0.3,0.3,-0.3,-0.3,-0.00518547714,-0.0198048592,-0.00137031659,0.140943559,0.00039499294,0.3,0.3,-0.00518547714,0.0272394681,-0.0757519476,0.00128352001,-0.3,0.0198048592,0.3
68,9982364,-0.0171583183,-0.340723634,-0.137185097,0.0806167424,0.00508174533,0.0157501716,-0.575686932,-0.152808949,-12.9763727,-1.40753198,-0.0640687346,-0.248745322,-0.00137266546,-0.0272578907,-0.141155529,-0.0758149773,0.000406539626,0.00126001373,0.3,0.3,-0.3,-0.3,-0.00512549877,-0.0198996258,-0.00137266546,0.141155529,0.000406539626,0.3,0.3,-0.00512549877,0.0272578907,-0.0758149773,0.00126001373,-0.3,0.0198996258,0.3
69,10006306,-0.0176746733,-0.340533912,-0.13782917,0.080583401,0.00521700457,0.0152446749,-0.575243592,-0.152148545,-13.1615,-1.41174603,-0.0633526742,-0.249660954,-0.00141397387,-0.027242713,-0.141348751,-0.0758249797,0.000417360365,0.00121957399,0.3,0.3,-0.3,-0.3,-0.00506821394,-0.0199728763,-0.00141397387,0.141348751,0.000417360365,0.3,0.3,-0.00506821394,0.027242713,-0.0758249797,0.00121957399,-0.3,0.0199728763,0.3
70,10021671,-0.0182965454,-0.340135753,-0.138317764,0.0803426877,0.00543831382,0.0147705553,-0.575614989,-0.152235717,-13.3487682,-1.41596317,-0.0629609451,-0.25056988,-0.00146372363,-0.0272108603,-0.141495329,-0.0758971937,0.000435065106,0.00118164442,0.3,0.3,-0.3,-0.3,-0.00503687561,-0.0200455904,-0.00146372363,0.141495329,0.000435065106,0.3,0.3,-0.00503687561,0.0272108603,-0.0758971937,0.00118164442,-0.3,0.0200455904,0.3
71,10041279,-0.0188105758,-0.339739174,-0.138693318,0.0802391544,0.00570382597,0.0142877419,-0.576161504,-0.152514532,-13.5380459,-1.41998184,-0.0626350567,-0.251384795,-0.00150484607,-0.0271791339,-0.141607995,-0.0759282537,0.000456306078,0.00114301935,0.3,0.3,-0.3,-0.3,-0.00501080453,-0.0201107836,-0.00150484607,0.141607995,0.000456306078,0.3,0.3,-0.00501080453,0.0271791339,-0.0759282537,0.00114301935,-0.3,0.0201107836,0.3
72,10060003,-0.0195226315,-0.339629322,-0.13887845,0.0802574009,0.00627918076,0.0140591376,-0.576248884,-0.152464375,-13.7294121,-1.42417741,-0.0621552393,-0.251698911,-0.00156181052,-0.0271703458,-0.141663535,-0.0759227797,0.000502334461,0.001124731,0.3,0.3,-0.3,-0.3,-0.00497241914,-0.0201359129,-0.00156181052,0.141663535,0.000502334461,0.3,0.3,-0.00497241914,0.0271703458,-0.0759227797,0.001124731,-0.3,0.0201359129,0.3
73,10085826,-0.0197988916,-0.339509726,-0.139151707,0.0800926313,0.00681595411,0.0138665512,-0.576773763,-0.152343407,-13.9231834,-1.42847288,-0.0622097179,-0.252017319,-0.00158391133,-0.027160778,-0.141745512,-0.0759722106,0.000545276329,0.0011093241,0.3,0.3,-0.3,-0.3,-0.00497677743,-0.0201613855,-0.00158391133,0.141745512,0.000545276329,0.3,0.3,-0.00497677743,0.027160778,-0.0759722106,0.0011093241,-0.3,0.0201613855,0.3
74,10102096,-0.0197227262,-0.339427382,-0.139540136,0.0800744444,0.00715504307,0.0136547768,-0.577012122,-0.152015209,-14.119276,-1.4327786,-0.0623881891,-0.252476603,-0.0015778181,-0.0271541905,-0.141862041,-0.0759776667,0.000572403446,0.00109238215,0.3,0.3,-0.3,-0.3,-0.00499105513,-0.0201981282,-0.0015778181,0.141862041,0.000572403446,0.3,0.3,-0.00499105513,0.0271541905,-0.0759776667,0.00109238215,-0.3,0.0201981282,0.3
75,10120642,-0.019601129,-0.339659333,-0.139809996,0.0802723616,0.00743020559,0.013604572,-0.576999366,-0.151570097,-14.3175154,-1.43710423,-0.0623915866,-0.25297159,-0.00156809032,-0.0271727467,-0.141942999,-0.0759182915,0.000594416447,0.00108836576,0.3,0.3,-0.3,-0.3,-0.00499132693,-0.0202377272,-0.00156809032,0.141942999,0.000594416447,0.3,0.3,-0.00499132693,0.0271727467,-0.0759182915,0.00108836576,-0.3,0.0202377272,0.3
76,10142912,-0.019232573,-0.339975148,-0.140141279,0.0802911967,0.00772360945,0.0136697162,-0.5771873,-0.151286483,-14.5180178,-1.44142699,-0.0622326508,-0.253465235,-0.00153860584,-0.0271980119,-0.142042384,-0.075912641,0.000617888756,0.0010935773,0.3,0.3,-0.3,-0.3,-0.00497861207,-0.0202772188,-0.00153860584,0.142042384,0.000617888756,0.3,0.3,-0.00497861207,0.0271980119,-0.075912641,0.0010935773,-0.3,0.0202772188,0.3
77,10160399,-0.0186588541,-0.340202719,-0.140495151,0.0800964385,0.00797901582,0.0136784948,-0.577709734,-0.15145281,-14.7208948,-1.44583333,-0.0620113239,-0.2539424,-0.00149270833,-0.0272162175,-0.142148545,-0.0759710684,0.000638321266,0.00109427959,0.3,0.3,-0.3,-0.3,-0.00496090591,-0.020315392,-0.00149270833,0.142148545,0.000638321266,0.3,0.3,-0.00496090591,0.0272162175,-0.0759710684,0.00109427959,-0.3,0.020315392,0.3
78,10181919,-0.0184135176,-0.340449572,-0.140867621,0.0802010596,0.00818917807,0.0135100558,-0.577401578,-0.150759429,-14.9260645,-1.45045781,-0.0616459399,-0.254337549,-0.00147308141,-0.0272359657,-0.142260286,-0.0759396821,0.000655134246,0.00108080447,0.3,0.3,-0.3,-0.3,-0.0049316752,-0.0203470039,-0.00147308141,0.142260286,0.000655134246,0.3,0.3,-0.0049316752,0.0272359657,-0.0759396821,0.00108080447,-0.3,0.0203470039,0.3
79,10212765,-0.0182842687,-0.340527594,-0.141259387,0.0799768493,0.00851792376,0.0134026194,-0.577512264,-0.150610581,-15.1337013,-1.45520544,-0.0612120517,-0.254721045,-0.00146274149,-0.0272422075,-0.142377816,-0.0760069452,0.000681433901,0.00107220955,0.3,0.3,-0.3,-0.3,-0.00489696413,-0.0203776836,-0.00146274149,0.142377816,0.000681433901,0.3,0.3,-0.00489696413,0.0272422075,-0.0760069452,0.00107220955,-0.3,0.0203776836,0.3
80,10220205,-0.0184143968,-0.340539306,-0.141548067,0.0799761638,0.00878742151,0.0132313613,-0.577186048,-0.150080115,-15.3438282,-1.46008968,-0.0606956147,-0.255126983,-0.00147315174,-0.0272431445,-0.14246442,-0.0760071509,0.000702993721,0.0010585089,0.3,0.3,-0.3,-0.3,-0.00485564917,-0.0204101586,-0.00147315174,0.14246442,0.000702993721,0.3,0.3,-0.00485564917,0.0272431445,-0.0760071509,0.0010585089,-0.3,0.0204101586,0.3
81,10251256,-0.0187118091,-0.340559721,-0.141790792,0.0799415112,0.00918996893,0.0131475991,-0.57666868,-0.149437547,-15.5560589,-1.46506214,-0.0600981787,-0.2556279,-0.00149694473,-0.0272447777,-0.142537238,-0.0760175467,0.000735197514,0.00105180793,0.3,0.3,-0.3,-0.3,-0.00480785429,-0.020450232,-0.00149694473,0.142537238,0.000735197514,0.3,0.3,-0.00480785429,0.0272447777,-0.0760175467,0.00105180793,-0.3,0.020450232,0.3
82,10261158,-0.0191892292,-0.340512097,-0.142142132,0.0800404251,0.00948787387,0.0129182059,-0.576240897,-0.148844555,-15.7708998,-1.4701916,-0.0593345687,-0.255952299,-0.00153513834,-0.0272409678,-0.14264264,-0.0759878725,0.00075902991,0.00103345647,0.3,0.3,-0.3,-0.3,-0.00474676549,-0.0204761839,-0.00153513834,0.14264264,0.00075902991,0.3,0.3,-0.00474676549,0.0272409678,-0.0759878725,0.00103345647,-0.3,0.0204761839,0.3
83,10280705,-0.0195248183,-0.340023994,-0.142616645,0.0796287432,0.009908868,0.012748342,-0.577059984,-0.149302542,-15.9885788,-1.4754765,-0.0585593842,-0.256089032,-0.00156198546,-0.0272019196,-0.142784993,-0.076111377,0.00079270944,0.00101986736,0.3,0.3,-0.3,-0.3,-0.00468475074,-0.0204871225,-0.00156198546,0.142784993,0.00079270944,0.3,0.3,-0.00468475074,0.0272019196,-0.076111377,0.00101986736,-0.3,0.0204871225,0.3
84,10302320,-0.0200624205,-0.339546531,-0.142878935,0.0797482356,0.0103467843,0.0125196911,-0.577102065,-0.148823455,-16.2093754,-1.48093975,-0.0576665252,-0.256035149,-0.00160499364,-0.0271637225,-0.14286368,-0.0760755293,0.000827742741,0.00100157529,0.3,0.3,-0.3,-0.3,-0.00461332202,-0.0204828119,-0.00160499364,0.14286368,0.000827742741,0.3,0.3,-0.00461332202,0.0271637225,-0.0760755293,0.00100157529,-0.3,0.0204828119,0.3
85,10322397,-0.0201940872,-0.338677615,-0.143490836,0.0789969712,0.010696983,0.0123072267,-0.57887733,-0.149709597,-16.4333458,-1.48632026,-0.0573666207,-0.256153643,-0.00161552697,-0.0270942092,-0.143047251,-0.0763009086,0.000855758637,0.000984578133,0.3,0.3,-0.3,-0.3,-0.00458932966,-0.0204922915,-0.00161552697,0.143047251,0.000855758637,0.3,0.3,-0.00458932966,0.0270942092,-0.0763009086,0.000984578133,-0.3,0.0204922915,0.3
86,10343649,-0.0195860118,-0.33685711,-0.144511729,0.077416271,0.0111182816,0.0119497776,-0.583336174,-0.153014675,-16.661068,-1.49164736,-0.0570655428,-0.256148696,-0.00156688094,-0.0269485688,-0.143353519,-0.0767751187,0.000889462531,0.000955982208,0.3,0.3,-0.3,-0.3,-0.00456524342,-0.0204918957,-0.00156688094,0.143353519,0.000889462531,0.3,0.3,-0.00456524342,0.0269485688,-0.0767751187,0.000955982208,-0.3,0.0204918957,0.3
87,10360806,-0.0188075267,-0.334756017,-0.144837305,0.0762698948,0.0119463503,0.0117241368,-0.587626874,-0.156678393,-16.8922291,-1.49735439,-0.0562037565,-0.255570829,-0.00150460213,-0.0267804813,-0.143451191,-0.0771190315,0.000955708027,0.000937930942,0.3,0.3,-0.3,-0.3,-0.00449630052,-0.0204456663,-0.00150460213,0.143451191,0.000955708027,0.3,0.3,-0.00449630052,0.0267804813,-0.0771190315,0.000937930942,-0.3,0.0204456663,0.3
88,10388001,-0.0179865342,-0.332541823,-0.145101175,0.0755190775,0.01262841,0.0112991724,-0.591598034,-0.159787744,-17.1266689,-1.5033356,-0.0555336103,-0.254920751,-0.00143892273,-0.0266033459,-0.143530352,-0.0773442768,0.0010102728,0.000903933793,0.3,0.3,-0.3,-0.3,-0.00444268882,-0.0203936601,-0.00143892273,0.143530352,0.0010102728,0.3,0.3,-0.00444268882,0.0266033459,-0.0773442768,0.000903933793,-0.3,0.0203936601,0.3
89,10399629,-0.0167789403,-0.330161184,-0.145673469,0.0747039989,0.0131447446,0.0108968141,-0.596013606,-0.163243979,-17.3642483,-1.50949323,-0.0545891337,-0.254003793,-0.00134231523,-0.0264128947,-0.143702041,-0.0775888003,0.00105157956,0.000871745124,0.3,0.3,-0.3,-0.3,-0.0043671307,-0.0203203034,-0.00134231523,0.143702041,0.00105157956,0.3,0.3,-0.0043671307,0.0264128947,-0.0775888003,0.000871745124,-0.3,0.0203203034,0.3
90,10425558,-0.0153016914,-0.327642351,-0.146251172,0.074000746,0.0134141408,0.0105057796,-0.600732386,-0.167222172,-17.6048546,-1.51605415,-0.0534247942,-0.25286752,-0.00122413531,-0.0262113881,-0.143875352,-0.0777997762,0.00107313126,0.000840462372,0.3,0.3,-0.3,-0.3,-0.00427398354,-0.0202294016,-0.00122413531,0.143875352,0.00107313126,0.3,0.3,-0.00427398354,0.0262113881,-0.0777997762,0.000840462372,-0.3,0.0202294016,0.3
91,10439989,-0.0136032524,-0.325247794,-0.146739364,0.0734941587,0.0135991359,0.0102421008,-0.604574502,-0.170725837,-17.8481884,-1.52334392,-0.0518946834,-0.250732183,-0.00108826019,-0.0260198236,-0.144021809,-0.0779517524,0.00108793087,0.000819368064,0.3,0.3,-0.3,-0.3,-0.00415157467,-0.0200585747,-0.00108826019,0.144021809,0.00108793087,0.3,0.3,-0.00415157467,0.0260198236,-0.0779517524,0.000819368064,-0.3,0.0200585747,0.3
92,10458930,-0.0115533974,-0.322868824,-0.146744058,0.0726212412,0.0141632818,0.0103523033,-0.608464658,-0.174679071,-18.0940037,-1.53145003,-0.0500279963,-0.248180702,-0.000924271792,-0.0258295059,-0.144023217,-0.0782136276,0.00113306254,0.000828184262,0.3,0.3,-0.3,-0.3,-0.0040022397,-0.0198544562,-0.000924271792,0.144023217,0.00113306254,0.3,0.3,-0.0040022397,0.0258295059,-0.0782136276,0.000828184262,-0.3,0.0198544562,0.3
93,10482341,-0.00919709075,-0.320602834,-0.146402299,0.0715298578,0.0150914043,0.0107457703,-0.61142695,-0.177841917,-18.3425694,-1.54106188,-0.0483755656,-0.244544894,-0.00073576726,-0.0256482267,-0.14392069,-0.0785410427,0.00120731235,0.000859661624,0.3,0.3,-0.3,-0.3,-0.00387004524,-0.0195635915,-0.00073576726,0.14392069,0.00120731235,0.3,0.3,-0.00387004524,0.0256482267,-0.0785410427,0.000859661624,-0.3,0.0195635915,0.3
94,10500014,-0.00688055623,-0.318969816,-0.145788774,0.0709632039,0.0162044335,0.011386401,-0.613155782,-0.179630965,-18.5937672,-1.55201232,-0.0463200584,-0.240217522,-0.000550444499,-0.0255175853,-0.143736632,-0.0787110388,0.00129635468,0.000910912082,0.3,0.3,-0.3,-0.3,-0.00370560467,-0.0192174017,-0.000550444499,0.143736632,0.00129635468,0.3,0.3,-0.00370560467,0.0255175853,-0.0787110388,0.000910912082,-0.3,0.0192174017,0.3
95,10522452,-0.00463164458,-0.317825019,-0.145359978,0.071224682,0.0167693347,0.0117592281,-0.613518,-0.179611161,-18.8472309,-1.56379247,-0.0442862511,-0.236494794,-0.000370531566,-0.0254260015,-0.143607993,-0.0786325954,0.00134154677,0.000940738246,0.3,0.3,-0.3,-0.3,-0.00354290009,-0.0189195836,-0.000370531566,0.143607993,0.00134154677,0.3,0.3,-0.00354290009,0.0254260015,-0.0786325954,0.000940738246,-0.3,0.0189195836,0.3
96,10541212,-0.00247428333,-0.316676766,-0.145496279,0.0717124343,0.0166011751,0.011756219,-0.612729371,-0.178236321,-19.1024895,-1.57613122,-0.0423856378,-0.233639032,-0.000197942667,-0.0253341413,-0.143648884,-0.0784862697,0.00132809401,0.000940497518,0.3,0.3,-0.3,-0.3,-0.00339085102,-0.0186911225,-0.000197942667,0.143648884,0.00132809401,0.3,0.3,-0.00339085102,0.0253341413,-0.0784862697,0.000940497518,-0.3,0.0186911225,0.3
97,10561863,-0.000762813317,-0.315330446,-0.145797804,0.0722291917,0.0159849823,0.0113654649,-0.610950708,-0.175772265,-19.3599167,-1.58887804,-0.0408702232,-0.23169671,-6.10250654e-05,-0.0252264357,-0.143739341,-0.0783312425,0.00127879858,0.000909237191,0.3,0.3,-0.3,-0.3,-0.00326961786,-0.0185357368,-6.10250654e-05,0.143739341,0.00127879858,0.3,0.3,-0.00326961786,0.0252264357,-0.0783312425,0.000909237191,-0.3,0.0185357368,0.3
98,10583928,-0.000494826934,-0.315345615,-0.145045638,0.074036032,0.0157310944,0.0112146903,-0.605266869,-0.169803619,-19.6189613,-1.60198522,-0.0393039435,-0.23029393,-3.95861547e-05,-0.0252276492,-0.143513691,-0.0777891904,0.00125848755,0.000897175223,0.3,0.3,-0.3,-0.3,-0.00314431548,-0.0184235144,-3.95861547e-05,0.143513691,0.00125848755,0.3,0.3,-0.00314431548,0.0252276492,-0.0777891904,0.000897175223,-0.3,0.0184235144,0.3
99,10600266,-0.000835800485,-0.316196471,-0.14488098,0.0750884488,0.0155533236,0.0114076044,-0.599635959,-0.16446647,-19.8798256,-1.6148926,-0.0382952951,-0.229478583,-6.68640388e-05,-0.0252957177,-0.143464294,-0.0774734654,0.00124426588,0.000912608355,0.3,0.3,-0.3,-0.3,-0.00306362361,-0.0183582866,-6.68640388e-05,0.143464294,0.00124426588,0.3,0.3,-0.00306362361,0.0252957177,-0.0774734654,0.000912608355,-0.3,0.0183582866,0.3
100,10621173,-0.00124753732,-0.316752523,-0.145529732,0.075170584,0.015154317,0.0112679265,-0.59560287,-0.160435066,-20.1431866,-1.62747121,-0.0385431424,-0.229352549,-9.98029858e-05,-0.0253402019,-0.14365892,-0.0774488248,0.00121234536,0.000901434124,0.3,0.3,-0.3,-0.3,-0.00308345139,-0.0183482039,-9.98029858e-05,0.14365892,0.00121234536,0.3,0.3,-0.00308345139,0.0253402019,-0.0774488248,0.000901434124,-0.3,0.0183482039,0.3
101,10641228,-0.00182219467,-0.317422032,-0.145802706,0.0756359622,0.0148801785,0.0108256368,-0.591590166,-0.156424612,-20.4087887,-1.6394788,-0.0392055735,-0.229745403,-0.000145775573,-0.0253937626,-0.143740812,-0.0773092113,0.00119041428,0.000866050944,0.3,0.3,-0.3,-0.3,-0.00313644588,-0.0183796322,-0.000145775573,0.143740812,0.00119041428,0.3,0.3,-0.00313644588,0.0253937626,-0.0773092113,0.000866050944,-0.3,0.0183796322,0.3
102,10662527,-0.00283702882,-0.318291187,-0.145879909,0.0758813843,0.0150576392,0.0105674518,-0.587782204,-0.153045252,-20.6769123,-1.65065742,-0.0394283496,-0.230110884,-0.000226962306,-0.025463295,-0.143763973,-0.0772355847,0.00120461114,0.000845396146,0.3,0.3,-0.3,-0.3,-0.00315426797,-0.0184088707,-0.000226962306,0.143763973,0.00120461114,0.3,0.3,-0.00315426797,0.025463295,-0.0772355847,0.000845396146,-0.3,0.0184088707,0.3
103,10679503,-0.00402191933,-0.318927497,-0.146193638,0.0755242929,0.0155153815,0.0102538243,-0.585313022,-0.150830939,-20.9477196,-1.66113257,-0.039704252,-0.230505645,-0.000321753547,-0.0255141997,-0.143858092,-0.0773427121,0.00124123052,0.000820305943,0.3,0.3,-0.3,-0.3,-0.00317634016,-0.0184404516,-0.000321753547,0.143858092,0.00124123052,0.3,0.3,-0.00317634016,0.0255141997,-0.0773427121,0.000820305943,-0.3,0.0184404516,0.3
104,10701927,-0.00472308043,-0.318895638,-0.146718726,0.0751404464,0.015784448,0.00964243338,-0.585166752,-0.150454566,-21.2214928,-1.6704489,-0.0402600095,-0.231620967,-0.000377846435,-0.025511651,-0.144015618,-0.0774578661,0.00126275584,0.00077139467,0.3,0.3,-0.3,-0.3,-0.00322080076,-0.0185296774,-0.000377846435,0.144015618,0.00126275584,0.3,0.3,-0.00322080076,0.025511651,-0.0774578661,0.00077139467,-0.3,0.0185296774,0.3
105,10733665,-0.00529758912,-0.31837976,-0.147123829,0.0747933462,0.0161159392,0.00909331255,-0.585576653,-0.150547102,-21.498024,-1.67870712,-0.0404574312,-0.232631356,-0.000423807129,-0.0254703808,-0.144137149,-0.0775619961,0.00128927514,0.000727465004,0.3,0.3,-0.3,-0.3,-0.0032365945,-0.0186105084,-0.000423807129,0.144137149,0.00128927514,0.3,0.3,-0.0032365945,0.0254703808,-0.0775619961,0.000727465004,-0.3,0.0186105084,0.3
106,10747638,-0.0061199544,-0.31774509,-0.147591859,0.0745033249,0.0167122316,0.00868182816,-0.586101651,-0.150802866,-21.7773533,-1.68604481,-0.0398901328,-0.232920691,-0.000489596352,-0.0254196072,-0.144277558,-0.0776490025,0.00133697852,0.000694546252,0.3,0.3,-0.3,-0.3,-0.00319121063,-0.0186336553,-0.000489596352,0.144277558,0.00133697852,0.3,0.3,-0.00319121063,0.0254196072,-0.0776490025,0.000694546252,-0.3,0.0186336553,0.3
107,10757900,-0.00647021085,-0.316954046,-0.147847921,0.0738845319,0.0175038967,0.00846043229,-0.587933719,-0.152495205,-22.0592823,-1.69267583,-0.0391521975,-0.232723579,-0.000517616868,-0.0253563237,-0.144354376,-0.0778346404,0.00140031174,0.000676834583,0.3,0.3,-0.3,-0.3,-0.0031321758,-0.0186178863,-0.000517616868,0.144354376,0.00140031174,0.3,0.3,-0.0031321758,0.0253563237,-0.0778346404,0.000676834583,-0.3,0.0186178863,0.3
108,10781669,-0.0061206175,-0.315288097,-0.148165926,0.0730064809,0.0181951057,0.00815569889,-0.590607047,-0.154515028,-22.3440647,-1.69912589,-0.0386399478,-0.231979743,-0.0004896494,-0.0252230477,-0.144449778,-0.0780980557,0.00145560846,0.000652455911,0.3,0.3,-0.3,-0.3,-0.00309119582,-0.0185583794,-0.0004896494,0.144449778,0.00145560846,0.3,0.3,-0.00309119582,0.0252230477,-0.0780980557,0.000652455911,-0.3,0.0185583794,0.3
109,10799488,-0.00497870473,-0.312551856,-0.149121806,0.0713600144,0.0187571105,0.00787065923,-0.5958758,-0.159070149,-22.6324711,-1.70519531,-0.0377196409,-0.23066023,-0.000398296379,-0.0250041485,-0.144736542,-0.0785919957,0.00150056884,0.000629652739,0.3,0.3,-0.3,-0.3,-0.00301757127,-0.0184528184,-0.000398296379,0.144736542,0.00150056884,0.3,0.3,-0.00301757127,0.0250041485,-0.0785919957,0.000629652739,-0.3,0.0184528184,0.3
110,10824213,-0.00361760543,-0.30950585,-0.149354562,0.070481509,0.01942816,0.00763488561,-0.600606263,-0.16323331,-22.9239845,-1.71130383,-0.0360003114,-0.228826582,-0.000289408434,-0.024760468,-0.144806369,-0.0788555473,0.0015542528,0.000610790849,0.3,0.3,-0.3,-0.3,-0.00288002491,-0.0183061266,-0.000289408434,0.144806369,0.0015542528,0.3,0.3,-0.00288002491,0.024760468,-0.0788555473,0.000610790849,-0.3,0.0183061266,0.3
111,10839159,-0.00182873989,-0.306316316,-0.149323016,0.0694713816,0.0200942475,0.00742857624,-0.604295969,-0.166401356,-23.2171288,-1.71741772,-0.0344466977,-0.226803452,-0.000146299191,-0.0245053053,-0.144796905,-0.0791585855,0.0016075398,0.000594286099,0.3,0.3,-0.3,-0.3,-0.00275573581,-0.0181442761,-0.000146299191,0.144796905,0.0016075398,0.3,0.3,-0.00275573581,0.0245053053,-0.0791585855,0.000594286099,-0.3,0.0181442761,0.3
112,10861843,0.000371044473,-0.302986413,-0.149562359,0.0682335645,0.0205723457,0.00710495235,-0.608661413,-0.170336887,-23.5126038,-1.72391057,-0.0327417888,-0.224068701,2.96835578e-05,-0.0242389131,-0.144868708,-0.0795299307,0.00164578766,0.000568396188,0.3,0.3,-0.3,-0.3,-0.0026193431,-0.0179254961,2.96835578e-05,0.144868708,0.00164578766,0.3,0.3,-0.0026193431,0.0242389131,-0.0795299307,0.000568396188,-0.3,0.0179254961,0.3
113,10881261,0.00250331452,-0.300003648,-0.149840549,0.0673071444,0.0210704152,0.00690665143,-0.612872243,-0.174270451,-23.8098469,-1.73058832,-0.0307390243,-0.220982313,0.000200265162,-0.0240002918,-0.144952165,-0.0798078567,0.00168563321,0.000552532114,0.3,0.3,-0.3,-0.3,-0.00245912194,-0.0176785851,0.000200265162,0.144952165,0.00168563321,0.3,0.3,-0.00245912194,0.0240002918,-0.0798078567,0.000552532114,-0.3,0.0176785851,0.3
114,10902246,0.00458155014,-0.297337532,-0.1500929,0.066958718,0.0214048158,0.00668017939,-0.615903497,-0.176823065,-24.1092491,-1.73763502,-0.0284097139,-0.217352241,0.000366524011,-0.0237870026,-0.14502787,-0.0799123846,0.00171238527,0.000534414351,0.3,0.3,-0.3,-0.3,-0.00227277711,-0.0173881793,0.000366524011,0.14502787,0.00171238527,0.3,0.3,-0.00227277711,0.0237870026,-0.0799123846,0.000534414351,-0.3,0.0173881793,0.3
115,10920347,0.00696931873,-0.294873744,-0.150018021,0.0666071549,0.0216741692,0.00657809339,-0.618495882,-0.178969756,-24.4101391,-1.74478042,-0.0261126366,-0.214064106,0.000557545498,-0.0235898995,-0.145005406,-0.0800178535,0.00173393354,0.000526247472,0.3,0.3,-0.3,-0.3,-0.00208901092,-0.0171251285,0.000557545498,0.145005406,0.00173393354,0.3,0.3,-0.00208901092,0.0235898995,-0.0800178535,0.000526247472,-0.3,0.0171251285,0.3
116,10945516,0.00919561926,-0.293384999,-0.14957118,0.0669582188,0.0219375789,0.00649764109,-0.61865747,-0.179116592,-24.7118282,-1.75227129,-0.0239752922,-0.210346684,0.000735649541,-0.0234707999,-0.144871354,-0.0799125344,0.00175500631,0.000519811288,0.3,0.3,-0.3,-0.3,-0.00191802338,-0.0168277347,0.000735649541,0.144871354,0.00175500631,0.3,0.3,-0.00191802338,0.0234707999,-0.0799125344,0.000519811288,-0.3,0.0168277347,0.3
117,10961761,0.0110501749,-0.293551952,-0.148318633,0.0687954724,0.0220767185,0.00645777257,-0.614620388,-0.175031021,-25.0140724,-1.76024675,-0.0230948571,-0.20708251,0.000884013996,-0.0234841561,-0.14449559,-0.0793613583,0.00176613748,0.000516621806,0.3,0.3,-0.3,-0.3,-0.00184758857,-0.0165666008,0.000884013996,0.14449559,0.00176613748,0.3,0.3,-0.00184758857,0.0234841561,-0.0793613583,0.000516621806,-0.3,0.0165666008,0.3
118,10982514,0.0125816716,-0.294807643,-0.147861823,0.069991909,0.0219542515,0.00670263031,-0.610082924,-0.170414597,-25.3175488,-1.76819968,-0.0224033073,-0.204024002,0.00100653373,-0.0235846114,-0.144358547,-0.0790024273,0.00175634012,0.000536210425,0.3,0.3,-0.3,-0.3,-0.00179226458,-0.0163219202,0.00100653373,0.144358547,0.00175634012,0.3,0.3,-0.00179226458,0.0235846114,-0.0790024273,0.000536210425,-0.3,0.0163219202,0.3
119,11013230,0.0139848804,-0.295940965,-0.148115531,0.070231922,0.0215406772,0.00676580006,-0.606166303,-0.166335613,-25.6227684,-1.77593184,-0.0222556107,-0.201726377,0.00111879043,-0.0236752772,-0.144434659,-0.0789304234,0.00172325417,0.000541264005,0.3,0.3,-0.3,-0.3,-0.00178044885,-0.0161381102,0.00111879043,0.144434659,0.00172325417,0.3,0.3,-0.00178044885,0.0236752772,-0.0789304234,0.000541264005,-0.3,0.0161381102,0.3
120,11021941,0.0146143408,-0.297469646,-0.147980288,0.0712593868,0.0209530368,0.00632264512,-0.600729942,-0.160607934,-25.9299412,-1.78310931,-0.0225826744,-0.200908706,0.00116914727,-0.0237975717,-0.144394086,-0.0786221839,0.00167624295,0.000505811609,0.3,0.3,-0.3,-0.3,-0.00180661395,-0.0160726964,0.00116914727,0.144394086,0.00167624295,0.3,0.3,-0.00180661395,0.0237975717,-0.0786221839,0.000505811609,-0.3,0.0160726964,0.3
121,11040346,0.0144227352,-0.298943162,-0.148134038,0.0716781467,0.0205577239,0.0058376831,-0.595833421,-0.155697882,-26.2390404,-1.78921223,-0.0228402205,-0.20096685,0.00115381882,-0.023915453,-0.144440211,-0.078496556,0.00164461792,0.000467014648,0.3,0.3,-0.3,-0.3,-0.00182721764,-0.016077348,0.00115381882,0.144440211,0.00164461792,0.3,0.3,-0.00182721764,0.023915453,-0.078496556,0.000467014648,-0.3,0.016077348,0.3
122,11061862,0.0134787001,-0.299808502,-0.148379177,0.0715476051,0.0205688402,0.00517534884,-0.592344046,-0.152440295,-26.5504169,-1.79435921,-0.0229945686,-0.202119857,0.00107829601,-0.0239846802,-0.144513753,-0.0785357185,0.00164550722,0.000414027907,0.3,0.3,-0.3,-0.3,-0.00183956549,-0.0161695886,0.00107829601,0.144513753,0.00164550722,0.3,0.3,-0.00183956549,0.0239846802,-0.0785357185,0.000414027907,-0.3,0.0161695886,0.3
123,11080456,0.0120341489,-0.299911827,-0.148516044,0.0711508691,0.0210033003,0.00450515654,-0.590457797,-0.150892124,-26.8642368,-1.79842103,-0.0224832818,-0.203427285,0.000962731913,-0.0239929461,-0.144554813,-0.0786547393,0.00168026403,0.000360412523,0.3,0.3,-0.3,-0.3,-0.00179866254,-0.0162741828,0.000962731913,0.144554813,0.00168026403,0.3,0.3,-0.00179866254,0.0239929461,-0.0786547393,0.000360412523,-0.3,0.0162741828,0.3
124,11112239,0.0103926454,-0.299361497,-0.148913056,0.0706987455,0.0215463992,0.00375637226,-0.589897573,-0.149990261,-27.1810741,-1.80126369,-0.0219698604,-0.204388469,0.00083141163,-0.0239489198,-0.144673917,-0.0787903763,0.00172371194,0.000300509781,0.3,0.3,-0.3,-0.3,-0.00175758883,-0.0163510776,0.00083141163,0.144673917,0.00172371194,0.3,0.3,-0.00175758883,0.0239489198,-0.0787903763,0.000300509781,-0.3,0.0163510776,0.3
125,11120770,0.00903175958,-0.29823637,-0.149611473,0.0698062479,0.0222753789,0.00311118132,-0.591395736,-0.151239321,-27.5006981,-1.8028394,-0.0210762024,-0.204738528,0.000722540766,-0.0238589096,-0.144883442,-0.0790581256,0.00178203031,0.000248894505,0.3,0.3,-0.3,-0.3,-0.00168609619,-0.0163790822,0.000722540766,0.144883442,0.00178203031,0.3,0.3,-0.00168609619,0.0238589096,-0.0790581256,0.000248894505,-0.3,0.0163790822,0.3
126,11140783,0.00810101535,-0.296633154,-0.14999105,0.0691428855,0.0231598336,0.00254506664,-0.59391582,-0.15343149,-27.8226299,-1.80335212,-0.020031102,-0.204435334,0.000648081228,-0.0237306523,-0.144997315,-0.0792571343,0.00185278669,0.000203605331,0.3,0.3,-0.3,-0.3,-0.00160248816,-0.0163548267,0.000648081228,0.144997315,0.00185278669,0.3,0.3,-0.00160248816,0.0237306523,-0.0792571343,0.000203605331,-0.3,0.0163548267,0.3
127,11162329,0.00779028144,-0.294923961,-0.150124222,0.0688803494,0.0238959584,0.00194217276,-0.596310198,-0.154837638,-28.1469688,-1.80317152,-0.0193737298,-0.203821704,0.000623222515,-0.0235939169,-0.145037267,-0.0793358952,0.00191167668,0.000155373821,0.3,0.3,-0.3,-0.3,-0.00154989839,-0.0163057363,0.000623222515,0.145037267,0.00191167668,0.3,0.3,-0.00154989839,0.0235939169,-0.0793358952,0.000155373821,-0.3,0.0163057363,0.3
128,11180548,0.00872626808,-0.292704374,-0.150213823,0.067942597,0.0247438513,0.00168432691,-0.599980474,-0.158154398,-28.4735508,-1.80267155,-0.0185683109,-0.202607259,0.000698101446,-0.0234163499,-0.145064147,-0.0796172209,0.0019795081,0.000134746153,0.3,0.3,-0.3,-0.3,-0.00148546487,-0.0162085807,0.000698101446,0.145064147,0.0019795081,0.3,0.3,-0.00148546487,0.0234163499,-0.0796172209,0.000134746153,-0.3,0.0162085807,0.3
129,11208628,0.0103288628,-0.290181279,-0.150389314,0.0668003932,0.0255473778,0.00166074513,-0.60364902,-0.161410481,-28.8027878,-1.80207801,-0.0177425425,-0.200798422,0.000826309025,-0.0232145023,-0.145116794,-0.0799598821,0.00204379022,0.00013285961,0.3,0.3,-0.3,-0.3,-0.0014194034,-0.0160638738,0.000826309025,0.145116794,0.00204379022,0.3,0.3,-0.0014194034,0.0232145023,-0.0799598821,0.00013285961,-0.3,0.0160638738,0.3
130,11219857,0.0125109423,-0.28729105,-0.15087764,0.0657540485,0.0257706009,0.00139777351,-0.607493043,-0.164708912,-29.1345234,-1.80126643,-0.016963888,-0.198968872,0.00100087538,-0.022983284,-0.145263292,-0.0802737854,0.00206164807,0.000111821881,0.3,0.3,-0.3,-0.3,-0.00135711104,-0.0159175098,0.00100087538,0.145263292,0.00206164807,0.3,0.3,-0.00135711104,0.022983284,-0.0802737854,0.000111821881,-0.3,0.0159175098,0.3
131,11241611,0.0148087759,-0.284711868,-0.150890961,0.064905718,0.0263327863,0.00139466464,-0.610528171,-0.167799294,-29.4676189,-1.80028892,-0.0153469974,-0.196665928,0.00118470207,-0.0227769494,-0.145267288,-0.0805282846,0.0021066229,0.000111573171,0.3,0.3,-0.3,-0.3,-0.00122775979,-0.0157332742,0.00118470207,0.145267288,0.0021066229,0.3,0.3,-0.00122775979,0.0227769494,-0.0805282846,0.000111573171,-0.3,0.0157332742,0.3
132,11260880,0.0170052443,-0.282316983,-0.150854394,0.0639243126,0.0269604959,0.00146129378,-0.612906694,-0.170341834,-29.802496,-1.79953408,-0.0134144006,-0.193438366,0.00136041954,-0.0225853586,-0.145256318,-0.0808227062,0.00215683967,0.000116903502,0.3,0.3,-0.3,-0.3,-0.00107315205,-0.0154750693,0.00136041954,0.145256318,0.00215683967,0.3,0.3,-0.00107315205,0.0225853586,-0.0808227062,0.000116903502,-0.3,0.0154750693,0.3
133,11278884,0.0198616125,-0.279295772,-0.151293024,0.0623773485,0.0274402108,0.00135215314,-0.616626203,-0.17430684,-30.1393738,-1.79898918,-0.0120535577,-0.190065622,0.001588929,-0.0223436618,-0.145387907,-0.0812867954,0.00219521686,0.000108172251,0.3,0.3,-0.3,-0.3,-0.000964284614,-0.0152052498,0.001588929,0.145387907,0.00219521686,0.3,0.3,-0.000964284614,0.0223436618,-0.0812867954,0.000108172251,-0.3,0.0152052498,0.3
134,11300707,0.0230940059,-0.275795013,-0.151632383,0.0612182468,0.0277135223,0.00113886525,-0.62066108,-0.178577036,-30.478363,-1.79852867,-0.0107354503,-0.186817348,0.00184752047,-0.022063601,-0.145489715,-0.081634526,0.00221708179,9.11092199e-05,0.3,0.3,-0.3,-0.3,-0.000858836025,-0.0149453878,0.00184752047,0.145489715,0.00221708179,0.3,0.3,-0.000858836025,0.022063601,-0.081634526,9.11092199e-05,-0.3,0.0149453878,0.3
135,11327816,0.0262434334,-0.272225827,-0.151592389,0.0606721193,0.0277286004,0.000818497268,-0.623411775,-0.181693852,-30.8189812,-1.7981354,-0.00924136396,-0.183727652,0.00209947467,-0.0217780662,-0.145477717,-0.0817983642,0.00221828803,6.54797815e-05,0.3,0.3,-0.3,-0.3,-0.000739309117,-0.0146982121,0.00209947467,0.145477717,0.00221828803,0.3,0.3,-0.000739309117,0.0217780662,-0.0817983642,6.54797815e-05,-0.3,0.0146982121,0.3
136,11342486,0.0293080155,-0.26910463,-0.151399717,0.060403835,0.0276268572,0.000360736565,-0.624771237,-0.1837053,-31.1602554,-1.79773676,-0.00744465832,-0.18015404,0.00234464124,-0.0215283704,-0.145419915,-0.0818788495,0.00221014857,2.88589252e-05,0.3,0.3,-0.3,-0.3,-0.000595572665,-0.0144123232,0.00234464124,0.145419915,0.00221014857,0.3,0.3,-0.000595572665,0.0215283704,-0.0818788495,2.88589252e-05,-0.3,0.0144123232,0.3
137,11360283,0.0317832381,-0.267388493,-0.150089905,0.0615424775,0.0276882146,-0.000113165006,-0.622365236,-0.182372227,-31.50214,-1.79787481,-0.00577337062,-0.175762624,0.00254265904,-0.0213910794,-0.145026971,-0.0815372568,0.00221505716,-9.05320048e-06,0.3,0.3,-0.3,-0.3,-0.00046186965,-0.0140610099,0.00254265904,0.145026971,0.00221505716,0.3,0.3,-0.00046186965,0.0213910794,-0.0815372568,-9.05320048e-06,-0.3,0.0140610099,0.3
138,11381113,0.0336503275,-0.26715818,-0.149193868,0.0624438226,0.0277040992,-0.000148149498,-0.618562996,-0.179390699,-31.8450851,-1.79775596,-0.00460006902,-0.171642184,0.0026920262,-0.0213726544,-0.14475816,-0.0812668532,0.00221632794,-1.18519599e-05,0.3,0.3,-0.3,-0.3,-0.000368005522,-0.0137313747,0.0026920262,0.14475816,0.00221632794,0.3,0.3,-0.000368005522,0.0213726544,-0.0812668532,-1.18519599e-05,-0.3,0.0137313747,0.3
139,11409772,0.0351329483,-0.267540216,-0.148663849,0.0625784174,0.0277802851,-7.92756182e-05,-0.614761889,-0.176551133,-32.1897545,-1.79747689,-0.00398882013,-0.168224528,0.00281063586,-0.0214032173,-0.144599155,-0.0812264748,0.00222242281,-6.34204946e-06,0.3,0.3,-0.3,-0.3,-0.00031910561,-0.0134579623,0.00281063586,0.144599155,0.00222242281,0.3,0.3,-0.00031910561,0.0214032173,-0.0812264748,-6.34204946e-06,-0.3,0.0134579623,0.3
140,11424496,0.0361440741,-0.268511206,-0.148101047,0.0631771088,0.027490586,-0.000489118975,-0.609978259,-0.172049552,-32.5365486,-1.79672122,-0.00420460664,-0.165798992,0.00289152592,-0.0214808965,-0.144430314,-0.0810468674,0.00219924688,-3.9129518e-05,0.3,0.3,-0.3,-0.3,-0.000336368531,-0.0132639194,0.00289152592,0.144430314,0.00219924688,0.3,0.3,-0.000336368531,0.0214808965,-0.0810468674,-3.9129518e-05,-0.3,0.0132639194,0.3
141,11441033,0.0361463986,-0.26967749,-0.147706538,0.0636243075,0.0271854475,-0.00116299524,-0.603987217,-0.166452378,-32.8853188,-1.79516959,-0.00485855574,-0.164586216,0.00289171189,-0.0215741992,-0.144311962,-0.0809127077,0.0021748358,-9.30396188e-05,0.3,0.3,-0.3,-0.3,-0.000388684459,-0.0131668973,0.00289171189,0.144311962,0.0021748358,0.3,0.3,-0.000388684459,0.0215741992,-0.0809127077,-9.30396188e-05,-0.3,0.0131668973,0.3
142,11461316,0.0354290493,-0.270197451,-0.147853792,0.0632722601,0.0271204095,-0.00192360987,-0.600134909,-0.163427576,-33.2366219,-1.79263449,-0.00524908816,-0.164583236,0.00283432394,-0.0216157961,-0.144356138,-0.081018322,0.00216963276,-0.00015388879,0.3,0.3,-0.3,-0.3,-0.000419927053,-0.0131666589,0.00283432394,0.144356138,0.00216963276,0.3,0.3,-0.000419927053,0.0216157961,-0.081018322,-0.00015388879,-0.3,0.0131666589,0.3
143,11480476,0.0338545963,-0.269963771,-0.147869602,0.063102752,0.0273062028,-0.00293257996,-0.596901953,-0.160343975,-33.5908432,-1.7892592,-0.00505549787,-0.164743721,0.00270836771,-0.0215971017,-0.144360881,-0.0810691744,0.00218449622,-0.000234606396,0.3,0.3,-0.3,-0.3,-0.000404439829,-0.0131794977,0.00270836771,0.144360881,0.00218449622,0.3,0.3,-0.000404439829,0.0215971017,-0.0810691744,-0.000234606396,-0.3,0.0131794977,0.3
144,11500787,0.0322847851,-0.269080162,-0.148096055,0.0626195818,0.0276563149,-0.00394530874,-0.595598161,-0.15898858,-33.9478416,-1.78489792,-0.00479205232,-0.164943531,0.0025827828,-0.021526413,-0.144428816,-0.0812141255,0.00221250519,-0.000315624699,0.3,0.3,-0.3,-0.3,-0.000383364186,-0.0131954825,0.0025827828,0.144428816,0.00221250519,0.3,0.3,-0.000383364186,0.021526413,-0.0812141255,-0.000315624699,-0.3,0.0131954825,0.3
145,11520866,0.0310141705,-0.267506123,-0.148497283,0.0615896396,0.0284485184,-0.0046278215,-0.596618235,-0.160240188,-34.3074188,-1.77938461,-0.00406585727,-0.164949879,0.00248113364,-0.0214004898,-0.144549185,-0.0815231081,0.00227588147,-0.00037022572,0.3,0.3,-0.3,-0.3,-0.000325268582,-0.0131959903,0.00248113364,0.144549185,0.00227588147,0.3,0.3,-0.000325268582,0.0214004898,-0.0815231081,-0.00037022572,-0.3,0.0131959903,0.3
146,11545443,0.0301418286,-0.265489519,-0.148736894,0.0607599467,0.0293852221,-0.00533840805,-0.598372817,-0.161812022,-34.669342,-1.77304351,-0.00347968284,-0.164496407,0.00241134629,-0.0212391615,-0.144621068,-0.081772016,0.00235081777,-0.000427072644,0.3,0.3,-0.3,-0.3,-0.000278374627,-0.0131597126,0.00241134629,0.144621068,0.00235081777,0.3,0.3,-0.000278374627,0.0212391615,-0.081772016,-0.000427072644,-0.3,0.0131597126,0.3
147,11559187,0.0306151211,-0.262848616,-0.149261758,0.0594324023,0.030236844,-0.00587050011,-0.602544069,-0.165631801,-35.0337906,-1.76583064,-0.00313069997,-0.163848206,0.00244920969,-0.0210278893,-0.144778527,-0.0821702793,0.00241894752,-0.000469640009,0.3,0.3,-0.3,-0.3,-0.000250455998,-0.0131078565,0.00244920969,0.144778527,0.00241894752,0.3,0.3,-0.000250455998,0.0210278893,-0.0821702793,-0.000469640009,-0.3,0.0131078565,0.3
148,11579391,0.0317919701,-0.259971857,-0.14986974,0.0584312752,0.0309892762,-0.00631577382,-0.606719196,-0.169372603,-35.4006042,-1.75790632,-0.002605855,-0.162709683,0.00254335761,-0.0207977486,-0.144960922,-0.0824706174,0.0024791421,-0.000505261905,0.3,0.3,-0.3,-0.3,-0.0002084684,-0.0130167747,0.00254335761,0.144960922,0.0024791421,0.3,0.3,-0.0002084684,0.0207977486,-0.0824706174,-0.000505261905,-0.3,0.0130167747,0.3
149,11603797,0.0337550938,-0.257024497,-0.150447577,0.0569570102,0.031937819,-0.00628778012,-0.612007082,-0.17503269,-35.7692719,-1.74963272,-0.00120496156,-0.160247713,0.00270040751,-0.0205619597,-0.145134273,-0.0829128969,0.00255502552,-0.00050302241,0.3,0.3,-0.3,-0.3,-9.63969249e-05,-0.0128198171,0.00270040751,0.145134273,0.00255502552,0.3,0.3,-9.63969249e-05,0.0205619597,-0.0829128969,-0.00050302241,-0.3,0.0128198171,0.3
150,11619840,0.0366081782,-0.2540254,-0.150656655,0.0558986664,0.03256974,-0.00635669148,-0.61675179,-0.179710582,-36.1395798,-1.74105442,-0.000232160266,-0.157578111,0.00292865425,-0.020322032,-0.145196997,-0.0832304001,0.0026055792,-0.000508535318,0.3,0.3,-0.3,-0.3,-1.85728213e-05,-0.0126062489,0.00292865425,0.145196997,0.0026055792,0.3,0.3,-1.85728213e-05,0.020322032,-0.0832304001,-0.000508535318,-0.3,0.0126062489,0.3
151,11645188,0.0398952886,-0.251426071,-0.150949776,0.0548519306,0.0330439582,-0.00635589194,-0.620728076,-0.183862194,-36.5110207,-1.73228276,0.000617963669,-0.154183507,0.00319162309,-0.0201140857,-0.145284933,-0.0835444208,0.00264351666,-0.000508471355,0.3,0.3,-0.3,-0.3,4.94370935e-05,-0.0123346806,0.00319162309,0.145284933,0.00264351666,0.3,0.3,4.94370935e-05,0.0201140857,-0.0835444208,-0.000508471355,-0.3,0.0123346806,0.3
152,11658333,0.0432638153,-0.249383673,-0.150898695,0.0543297976,0.0334567912,-0.0063937502,-0.623524487,-0.186968938,-36.8836212,-1.72355187,0.00186882564,-0.149870738,0.00346110523,-0.0199506938,-0.145269608,-0.0837010607,0.0026765433,-0.000511500016,0.3,0.3,-0.3,-0.3,0.000149506051,-0.0119896591,0.00346110523,0.145269608,0.0026765433,0.3,0.3,0.000149506051,0.0199506938,-0.0837010607,-0.000511500016,-0.3,0.0119896591,0.3
153,11680200,0.046955511,-0.247244522,-0.15088284,0.0538060479,0.0336440839,-0.00656010909,-0.625186741,-0.189202085,-37.2572937,-1.71498883,0.00283763069,-0.145316556,0.00375644088,-0.0197795618,-0.145264852,-0.0838581856,0.00269152671,-0.000524808727,0.3,0.3,-0.3,-0.3,0.000227010455,-0.0116253245,0.00375644088,0.145264852,0.00269152671,0.3,0.3,0.000227010455,0.0197795618,-0.0838581856,-0.000524808727,-0.3,0.0116253245,0.3
154,11700365,0.0510200262,-0.245089993,-0.150743261,0.053444244,0.0335885361,-0.0066902414,-0.62690562,-0.191385791,-37.6324348,-1.70645976,0.00390919205,-0.140846029,0.0040816021,-0.0196071994,-0.145222978,-0.0839667268,0.00268708289,-0.000535219312,0.3,0.3,-0.3,-0.3,0.000312735364,-0.0112676823,0.0040816021,0.145222978,0.00268708289,0.3,0.3,0.000312735364,0.0196071994,-0.0839667268,-0.000535219312,-0.3,0.0112676823,0.3
155,11722240,0.0547354706,-0.243190393,-0.150304541,0.053619422,0.0333445109,-0.00695887022,-0.627179384,-0.191984996,-38.008667,-1.69782436,0.00535425311,-0.136683404,0.00437883765,-0.0194552314,-0.145091362,-0.0839141734,0.00266756088,-0.000556709617,0.3,0.3,-0.3,-0.3,0.000428340249,-0.0109346724,0.00437883765,0.145091362,0.00266756088,0.3,0.3,0.000428340249,0.0194552314,-0.0839141734,-0.000556709617,-0.3,0.0109346724,0.3
156,11739654,0.0583199784,-0.241391227,-0.150047809,0.0535895452,0.0329009928,-0.00746035157,-0.626578271,-0.191762209,-38.3857307,-1.68889165,0.00587624311,-0.133203477,0.00466559827,-0.0193112981,-0.145014343,-0.0839231364,0.00263207942,-0.000596828125,0.3,0.3,-0.3,-0.3,0.000470099449,-0.0106562781,0.00466559827,0.145014343,0.00263207942,0.3,0.3,0.000470099449,0.0193112981,-0.0839231364,-0.000596828125,-0.3,0.0106562781,0.3
157,11762187,0.061375089,-0.23960349,-0.149819687,0.0534298085,0.0325644575,-0.00797843747,-0.625632584,-0.19165042,-38.7642517,-1.67976916,0.00653100805,-0.129951909,0.00491000712,-0.0191682792,-0.144945906,-0.0839710575,0.0026051566,-0.000638274997,0.3,0.3,-0.3,-0.3,0.000522480644,-0.0103961527,0.00491000712,0.144945906,0.0026051566,0.3,0.3,0.000522480644,0.0191682792,-0.0839710575,-0.000638274997,-0.3,0.0103961527,0.3
158,11784948,0.0634759888,-0.237768695,-0.149319813,0.0528980009,0.0325855948,-0.00837833527,-0.624218643,-0.191630572,-39.1439781,-1.670313,0.00766400713,-0.126871198,0.0050780791,-0.0190214956,-0.144795944,-0.0841305997,0.00260684758,-0.000670266822,0.3,0.3,-0.3,-0.3,0.000613120571,-0.0101496959,0.0050780791,0.144795944,0.00260684758,0.3,0.3,0.000613120571,0.0190214956,-0.0841305997,-0.000670266822,-0.3,0.0101496959,0.3
159,11800637,0.0649657547,-0.236079723,-0.148946404,0.0525674783,0.0326776318,-0.00888356287,-0.62299329,-0.191529095,-39.5256042,-1.66038561,0.00903314166,-0.123589665,0.00519726038,-0.0188863778,-0.144683921,-0.0842297565,0.00261421055,-0.00071068503,0.3,0.3,-0.3,-0.3,0.000722651333,-0.00988717318,0.00519726038,0.144683921,0.00261421055,0.3,0.3,0.000722651333,0.0188863778,-0.0842297565,-0.00071068503,-0.3,0.00988717318,0.3
160,11821217,0.0661138147,-0.234829098,-0.147934139,0.0529046506,0.0327235237,-0.00954474136,-0.620730519,-0.190201715,-39.9085884,-1.64980626,0.0101751592,-0.120547727,0.00528910518,-0.0187863278,-0.144380242,-0.0841286048,0.00261788189,-0.000763579309,0.3,0.3,-0.3,-0.3,0.000814012736,-0.00964381814,0.00528910518,0.144380242,0.00261788189,0.3,0.3,0.000814012736,0.0187863278,-0.0841286048,-0.000763579309,-0.3,0.00964381814,0.3
161,11842544,0.0671792328,-0.233895093,-0.147118837,0.0531909689,0.0327979513,-0.0101135951,-0.617955029,-0.188355759,-40.2929535,-1.63851953,0.0110398652,-0.117265306,0.00537433863,-0.0187116075,-0.144135651,-0.0840427093,0.0026238361,-0.000809087604,0.3,0.3,-0.3,-0.3,0.000883189216,-0.00938122451,0.00537433863,0.144135651,0.0026238361,0.3,0.3,0.000883189216,0.0187116075,-0.0840427093,-0.000809087604,-0.3,0.00938122451,0.3
162,11860606,0.0679022223,-0.233051017,-0.146450475,0.0533313639,0.0327651352,-0.0108351437,-0.61488235,-0.186008751,-40.6791954,-1.62660265,0.0115447585,-0.114011653,0.00543217778,-0.0186440814,-0.143935142,-0.0840005908,0.00262121081,-0.000866811499,0.3,0.3,-0.3,-0.3,0.000923580676,-0.00912093222,0.00543217778,0.143935142,0.00262121081,0.3,0.3,0.000923580676,0.0186440814,-0.0840005908,-0.000866811499,-0.3,0.00912093222,0.3
163,11886449,0.0684603229,-0.231991082,-0.146065176,0.0532407388,0.032598976,-0.011726452,-0.61214149,-0.183507547,-41.0677872,-1.6140244,0.0115173636,-0.111107647,0.00547682583,-0.0185592866,-0.143819553,-0.0840277784,0.00260791808,-0.000938116163,0.3,0.3,-0.3,-0.3,0.000921389088,-0.00888861179,0.00547682583,0.143819553,0.00260791808,0.3,0.3,0.000921389088,0.0185592866,-0.0840277784,-0.000938116163,-0.3,0.00888861179,0.3
164,11900730,0.0682944804,-0.231124073,-0.145642832,0.0535071492,0.0323962718,-0.0127631016,-0.608697772,-0.180295646,-41.4586868,-1.60066259,0.0115874419,-0.108327523,0.00546355844,-0.0184899259,-0.14369285,-0.0839478552,0.00259170175,-0.00102104813,0.3,0.3,-0.3,-0.3,0.000926995352,-0.00866620183,0.00546355844,0.14369285,0.00259170175,0.3,0.3,0.000926995352,0.0184899259,-0.0839478552,-0.00102104813,-0.3,0.00866620183,0.3
165,11922070,0.067745775,-0.230160832,-0.145437464,0.0535090007,0.0322105661,-0.0138046732,-0.606054902,-0.17789045,-41.8520889,-1.58643973,0.0113438228,-0.106249884,0.005419662,-0.0184128666,-0.143631239,-0.0839472998,0.00257684529,-0.00110437386,0.3,0.3,-0.3,-0.3,0.000907505825,-0.0084999907,0.005419662,0.143631239,0.00257684529,0.3,0.3,0.000907505825,0.0184128666,-0.0839472998,-0.00110437386,-0.3,0.0084999907,0.3
166,11941008,0.067395322,-0.228810176,-0.145304367,0.0532270037,0.0321740359,-0.0148105212,-0.604710102,-0.176358953,-42.2479973,-1.57147002,0.0110001862,-0.104651898,0.00539162576,-0.0183048141,-0.14359131,-0.0840318989,0.00257392287,-0.00118484169,0.3,0.3,-0.3,-0.3,0.000880014896,-0.00837215185,0.00539162576,0.14359131,0.00257392287,0.3,0.3,0.000880014896,0.0183048141,-0.0840318989,-0.00118484169,-0.3,0.00837215185,0.3
167,11960742,0.0671971068,-0.227149919,-0.145195201,0.0529277176,0.0323472433,-0.0156918634,-0.604102254,-0.175744876,-42.6464958,-1.55562389,0.0109027373,-0.10327854,0.00537576854,-0.0181719935,-0.14355856,-0.0841216847,0.00258777946,-0.00125534907,0.3,0.3,-0.3,-0.3,0.000872218981,-0.00826228321,0.00537576854,0.14355856,0.00258777946,0.3,0.3,0.000872218981,0.0181719935,-0.0841216847,-0.00125534907,-0.3,0.00826228321,0.3
168,11982418,0.0676199645,-0.224671409,-0.145326853,0.0521634407,0.032618355,-0.0164663643,-0.605198622,-0.177367002,-43.0473785,-1.53917229,0.0109115914,-0.101962253,0.00540959716,-0.0179737127,-0.143598056,-0.0843509678,0.0026094684,-0.00131730914,0.3,0.3,-0.3,-0.3,0.000872927308,-0.00815698028,0.00540959716,0.143598056,0.0026094684,0.3,0.3,0.000872927308,0.0179737127,-0.0843509678,-0.00131730914,-0.3,0.00815698028,0.3
169,12000673,0.0683094487,-0.221917883,-0.145318076,0.0517187044,0.0329854451,-0.0171163622,-0.606406569,-0.178613037,-43.4508705,-1.52208853,0.0112140821,-0.100233123,0.00546475589,-0.0177534306,-0.143595423,-0.0844843887,0.00263883561,-0.00136930898,0.3,0.3,-0.3,-0.3,0.00089712657,-0.00801864982,0.00546475589,0.143595423,0.00263883561,0.3,0.3,0.00089712657,0.0177534306,-0.0844843887,-0.00136930898,-0.3,0.00801864982,0.3
170,12022176,0.0691558495,-0.219322577,-0.145143613,0.0514583699,0.0332724787,-0.0177520644,-0.607324779,-0.179547906,-43.8567314,-1.50429857,0.0116596948,-0.098136045,0.00553246796,-0.0175458062,-0.143543084,-0.084562489,0.0026617983,-0.00142016515,0.3,0.3,-0.3,-0.3,0.000932775587,-0.0078508836,0.00553246796,0.143543084,0.0026617983,0.3,0.3,0.000932775587,0.0175458062,-0.084562489,-0.00142016515,-0.3,0.0078508836,0.3
171,12039313,0.0701147839,-0.216990933,-0.144875586,0.0513119698,0.0335430317,-0.0183191746,-0.607723594,-0.180355757,-44.2643356,-1.4859097,0.0124157388,-0.0954929739,0.00560918272,-0.0173592746,-0.143462676,-0.0846064091,0.00268344253,-0.00146553397,0.3,0.3,-0.3,-0.3,0.000993259102,-0.00763943791,0.00560918272,0.143462676,0.00268344253,0.3,0.3,0.000993259102,0.0173592746,-0.0846064091,-0.00146553397,-0.3,0.00763943791,0.3
172,12065724,0.071252875,-0.214655325,-0.144550025,0.0509378873,0.0337798148,-0.0187809691,-0.60786581,-0.180919409,-44.6737709,-1.46715391,0.0130225699,-0.092340067,0.00570023,-0.017172426,-0.143365008,-0.0847186338,0.00270238519,-0.00150247753,0.3,0.3,-0.3,-0.3,0.0010418056,-0.00738720536,0.00570023,0.143365008,0.00270238519,0.3,0.3,0.0010418056,0.017172426,-0.0847186338,-0.00150247753,-0.3,0.00738720536,0.3
173,12079649,0.0726274401,-0.212613061,-0.144180447,0.0508294553,0.0338578708,-0.0193035286,-0.608206034,-0.181379646,-45.0855026,-1.44798064,0.0135942502,-0.0891722515,0.00581019521,-0.0170090449,-0.143254134,-0.0847511634,0.00270862967,-0.00154428229,0.3,0.3,-0.3,-0.3,0.00108754002,-0.00713378012,0.00581019521,0.143254134,0.00270862967,0.3,0.3,0.00108754002,0.0170090449,-0.0847511634,-0.00154428229,-0.3,0.00713378012,0.3
174,12103417,0.0740181208,-0.210902691,-0.143606395,0.0508967377,0.0338503197,-0.0197993387,-0.607617497,-0.180850133,-45.4993095,-1.42834961,0.0139676752,-0.086089097,0.00592144966,-0.0168722153,-0.143081918,-0.0847309787,0.00270802557,-0.00158394709,0.3,0.3,-0.3,-0.3,0.00111741401,-0.00688712776,0.00592144966,0.143081918,0.00270802557,0.3,0.3,0.00111741401,0.0168722153,-0.0847309787,-0.00158394709,-0.3,0.00688712776,0.3
175,12120879,0.0751368329,-0.209372267,-0.14324753,0.0511006899,0.0336269327,-0.0204654448,-0.606363177,-0.179497764,-45.9152412,-1.40825129,0.0143142128,-0.0830247775,0.00601094663,-0.0167497814,-0.142974259,-0.084669793,0.00269015461,-0.00163723558,0.3,0.3,-0.3,-0.3,0.00114513703,-0.0066419822,0.00601094663,0.142974259,0.00269015461,0.3,0.3,0.00114513703,0.0167497814,-0.084669793,-0.00163723558,-0.3,0.0066419822,0.3
176,12148570,0.076115571,-0.207972988,-0.142941296,0.0512818918,0.0332368463,-0.0213601589,-0.604945362,-0.178038031,-46.3323174,-1.38769066,0.0143963266,-0.080130294,0.00608924568,-0.0166378391,-0.142882389,-0.0846154325,0.00265894771,-0.00170881271,0.3,0.3,-0.3,-0.3,0.00115170613,-0.00641042352,0.00608924568,0.142882389,0.00265894771,0.3,0.3,0.00115170613,0.0166378391,-0.0846154325,-0.00170881271,-0.3,0.00641042352,0.3
177,12162322,0.0770807415,-0.206349358,-0.142834798,0.0511004925,0.0329881757,-0.0221240837,-0.604168952,-0.177461416,-46.7503204,-1.36686885,0.0146414936,-0.0772063136,0.00616645932,-0.0165079486,-0.142850439,-0.0846698523,0.00263905406,-0.0017699267,0.3,0.3,-0.3,-0.3,0.00117131948,-0.00617650509,0.00616645932,0.142850439,0.00263905406,0.3,0.3,0.00117131948,0.0165079486,-0.0846698523,-0.0017699267,-0.3,0.00617650509,0.3
178,12180186,0.0779167414,-0.204681888,-0.142464548,0.0509300046,0.0330264047,-0.022793306,-0.603355169,-0.176919058,-47.1688271,-1.34575391,0.0150799304,-0.0742873624,0.00623333931,-0.0163745511,-0.142739365,-0.0847209986,0.00264211237,-0.00182346448,0.3,0.3,-0.3,-0.3,0.00120639443,-0.00594298899,0.00623333931,0.142739365,0.00264211237,0.3,0.3,0.00120639443,0.0163745511,-0.0847209986,-0.00182346448,-0.3,0.00594298899,0.3
179,12204357,0.0789644495,-0.202976152,-0.142295271,0.0507130884,0.0331725813,-0.0233714134,-0.60329783,-0.176914409,-47.5877838,-1.32422185,0.0154420193,-0.072053805,0.00631715596,-0.0162380922,-0.142688581,-0.0847860735,0.00265380651,-0.00186971307,0.3,0.3,-0.3,-0.3,0.00123536155,-0.0057643044,0.00631715596,0.142688581,0.00265380651,0.3,0.3,0.00123536155,0.0162380922,-0.0847860735,-0.00186971307,-0.3,0.0057643044,0.3
180,12221072,0.0801300779,-0.201095,-0.142234772,0.0505399443,0.0332320482,-0.0240453035,-0.60326612,-0.176896051,-48.0064888,-1.30230057,0.0157461707,-0.0700098351,0.00641040623,-0.0160876,-0.142670432,-0.0848380167,0.00265856385,-0.00192362428,0.3,0.3,-0.3,-0.3,0.00125969365,-0.00560078681,0.00641040623,0.142670432,0.00265856385,0.3,0.3,0.00125969365,0.0160876,-0.0848380167,-0.00192362428,-0.3,0.00560078681,0.3
181,12242303,0.081326738,-0.199335441,-0.142182007,0.0504810065,0.0332897753,-0.0247476585,-0.603322566,-0.177019432,-48.4242783,-1.28000188,0.0162180401,-0.0677427202,0.00650613904,-0.0159468353,-0.142654602,-0.084855698,0.00266318202,-0.00197981268,0.3,0.3,-0.3,-0.3,0.00129744321,-0.00541941762,0.00650613904,0.142654602,0.00266318202,0.3,0.3,0.00129744321,0.0159468353,-0.084855698,-0.00197981268,-0.3,0.00541941762,0.3
182,12265191,0.0825558603,-0.197735012,-0.141879722,0.050368432,0.0334948078,-0.0252998993,-0.603280425,-0.177288011,-48.8408546,-1.25749433,0.0168597847,-0.065155834,0.00660446882,-0.0158188009,-0.142563917,-0.0848894704,0.00267958462,-0.00202399194,0.3,0.3,-0.3,-0.3,0.00134878278,-0.00521246672,0.00660446882,0.142563917,0.00267958462,0.3,0.3,0.00134878278,0.0158188009,-0.0848894704,-0.00202399194,-0.3,0.00521246672,0.3
183,12280794,0.0840802267,-0.19590731,-0.141743347,0.050062187,0.0336938277,-0.0257726032,-0.603707433,-0.178027973,-49.2559052,-1.23481727,0.0175393634,-0.0624484345,0.00672641814,-0.0156725848,-0.142523004,-0.0849813439,0.00269550622,-0.00206180826,0.3,0.3,-0.3,-0.3,0.00140314907,-0.00499587476,0.00672641814,0.142523004,0.00269550622,0.3,0.3,0.00140314907,0.0156725848,-0.0849813439,-0.00206180826,-0.3,0.00499587476,0.3
184,12300705,0.0855355412,-0.194363117,-0.141214535,0.05013901,0.0339271724,-0.0262679514,-0.603337228,-0.177829415,-49.6691971,-1.2120018,0.0182256028,-0.0595277958,0.00684284329,-0.0155490494,-0.14236436,-0.084958297,0.00271417379,-0.00210143611,0.3,0.3,-0.3,-0.3,0.00145804822,-0.00476222366,0.00684284329,0.14236436,0.00271417379,0.3,0.3,0.00145804822,0.0155490494,-0.084958297,-0.00210143611,-0.3,0.00476222366,0.3
185,12322433,0.0870367661,-0.192990437,-0.14091529,0.0501693301,0.0338989273,-0.0268270094,-0.60291332,-0.177417874,-50.0804367,-1.18900049,0.0187719576,-0.0566654243,0.00696294129,-0.015439235,-0.142274587,-0.084949201,0.00271191418,-0.00214616075,0.3,0.3,-0.3,-0.3,0.00150175661,-0.00453323394,0.00696294129,0.142274587,0.00271191418,0.3,0.3,0.00150175661,0.015439235,-0.084949201,-0.00214616075,-0.3,0.00453323394,0.3
186,12341039,0.0883827507,-0.19186753,-0.1406046,0.0505761243,0.0336499177,-0.0276338104,-0.601831555,-0.176044866,-50.4888954,-1.165833,0.0191963743,-0.053862974,0.00707062006,-0.0153494024,-0.14218138,-0.0848271627,0.00269199342,-0.00221070483,0.3,0.3,-0.3,-0.3,0.00153570995,-0.00430903792,0.00707062006,0.14218138,0.00269199342,0.3,0.3,0.00153570995,0.0153494024,-0.0848271627,-0.00221070483,-0.3,0.00430903792,0.3
187,12371659,0.0896989778,-0.190650046,-0.140595943,0.050728254,0.0333738066,-0.0283603445,-0.60112524,-0.175023362,-50.8938789,-1.1426754,0.0195315592,-0.0511117689,0.00717591822,-0.0152520037,-0.142178783,-0.0847815238,0.00266990453,-0.00226882756,0.3,0.3,-0.3,-0.3,0.00156252474,-0.00408894151,0.00717591822,0.142178783,0.00266990453,0.3,0.3,0.00156252474,0.0152520037,-0.0847815238,-0.00226882756,-0.3,0.00408894151,0.3
188,12380241,0.0914173275,-0.189112887,-0.1406423,0.050365936,0.0333767049,-0.0287676342,-0.601593852,-0.17582804,-51.2947083,-1.11974037,0.0202260576,-0.0484637767,0.0073133862,-0.0151290309,-0.14219269,-0.0848902192,0.00267013639,-0.00230141073,0.3,0.3,-0.3,-0.3,0.00161808461,-0.00387710214,0.0073133862,0.14219269,0.00267013639,0.3,0.3,0.00161808461,0.0151290309,-0.0848902192,-0.00230141073,-0.3,0.00387710214,0.3
189,12400994,0.0929423124,-0.187670171,-0.140291303,0.0506150685,0.033442121,-0.0292721484,-0.601172984,-0.175185665,-51.6910095,-1.09689188,0.0209039357,-0.0465255938,0.00743538499,-0.0150136137,-0.142087391,-0.0848154794,0.00267536968,-0.00234177187,0.3,0.3,-0.3,-0.3,0.00167231485,-0.00372204751,0.00743538499,0.142087391,0.00267536968,0.3,0.3,0.00167231485,0.0150136137,-0.0848154794,-0.00234177187,-0.3,0.00372204751,0.3
190,12425432,0.0944015235,-0.186453789,-0.140070811,0.0507292747,0.0335547514,-0.0296897944,-0.60092932,-0.174972817,-52.0820999,-1.07413459,0.0217652954,-0.0447474308,0.00755212188,-0.0149163032,-0.142021243,-0.0847812176,0.00268438011,-0.00237518355,0.3,0.3,-0.3,-0.3,0.00174122363,-0.00357979447,0.00755212188,0.142021243,0.00268438011,0.3,0.3,0.00174122363,0.0149163032,-0.0847812176,-0.00237518355,-0.3,0.00357979447,0.3
191,12438629,0.0959145799,-0.185254127,-0.140042737,0.0507384501,0.0336608477,-0.0300679468,-0.600815475,-0.175066873,-52.4671478,-1.051458,0.0228665136,-0.0427560434,0.00767316639,-0.0148203301,-0.142012821,-0.084778465,0.00269286782,-0.00240543574,0.3,0.3,-0.3,-0.3,0.00182932109,-0.00342048347,0.00767316639,0.142012821,0.00269286782,0.3,0.3,0.00182932109,0.0148203301,-0.084778465,-0.00240543574,-0.3,0.00342048347,0.3
192,12461757,0.0971938521,-0.184281245,-0.139953345,0.0509908833,0.0337500237,-0.030515207,-0.600179017,-0.174149662,-52.8460808,-1.02902889,0.0238756947,-0.0404818133,0.00777550817,-0.0147424996,-0.141986004,-0.084702735,0.0027000019,-0.00244121656,0.3,0.3,-0.3,-0.3,0.00191005558,-0.00323854506,0.00777550817,0.141986004,0.0027000019,0.3,0.3,0.00191005558,0.0147424996,-0.084702735,-0.00244121656,-0.3,0.00323854506,0.3
193,12480069,0.0987409577,-0.183226466,-0.139932469,0.0510008782,0.0338781588,-0.0308097117,-0.600243628,-0.174221769,-53.2185669,-1.00686717,0.0249811616,-0.0381238014,0.00789927661,-0.0146581173,-0.141979741,-0.0846997365,0.0027102527,-0.00246477693,0.3,0.3,-0.3,-0.3,0.00199849293,-0.00304990411,0.00789927661,0.141979741,0.0027102527,0.3,0.3,0.00199849293,0.0146581173,-0.0846997365,-0.00246477693,-0.3,0.00304990411,0.3
194,12501457,0.100482389,-0.182121202,-0.139941305,0.051004298,0.0339850783,-0.0310538281,-0.600190461,-0.174454898,-53.584095,-0.985007405,0.0260986146,-0.0356010459,0.00803859115,-0.0145696962,-0.141982391,-0.0846987106,0.00271880627,-0.00248430625,0.3,0.3,-0.3,-0.3,0.00208788916,-0.00284808367,0.00803859115,0.141982391,0.00271880627,0.3,0.3,0.00208788916,0.0145696962,-0.0846987106,-0.00248430625,-0.3,0.00284808367,0.3
195,12526289,0.102644578,-0.180877015,-0.139933109,0.0508750565,0.0339871421,-0.0312756076,-0.600876749,-0.175156727,-53.9425583,-0.963502288,0.0267850719,-0.0335385315,0.00821156621,-0.0144701612,-0.141979933,-0.084737483,0.00271897137,-0.00250204861,0.3,0.3,-0.3,-0.3,0.00214280576,-0.00268308252,0.00821156621,0.141979933,0.00271897137,0.3,0.3,0.00214280576,0.0144701612,-0.084737483,-0.00250204861,-0.3,0.00268308252,0.3
196,12539387,0.104767345,-0.17980665,-0.139796183,0.0513323955,0.0338392667,-0.0317074433,-0.600799084,-0.175017878,-54.2934227,-0.942201257,0.0276802424,-0.0316124,0.00838138759,-0.014384532,-0.141938855,-0.0846002813,0.00270714134,-0.00253659546,0.3,0.3,-0.3,-0.3,0.00221441939,-0.002528992,0.00838138759,0.141938855,0.00270714134,0.3,0.3,0.00221441939,0.014384532,-0.0846002813,-0.00253659546,-0.3,0.002528992,0.3
197,12561938,0.106514998,-0.178952485,-0.139636517,0.0516273007,0.0338827148,-0.0319604278,-0.60011071,-0.174311563,-54.6365776,-0.921194196,0.0285634361,-0.0296593364,0.00852119982,-0.0143161988,-0.141890955,-0.0845118098,0.00271061718,-0.00255683422,0.3,0.3,-0.3,-0.3,0.00228507489,-0.00237274691,0.00852119982,0.141890955,0.00271061718,0.3,0.3,0.00228507489,0.0143161988,-0.0845118098,-0.00255683422,-0.3,0.00237274691,0.3
198,12579909,0.108188771,-0.17806372,-0.139705569,0.0515851155,0.0338880979,-0.0322137587,-0.599865079,-0.174112171,-54.9722443,-0.900656581,0.0293503404,-0.0280779134,0.00865510166,-0.0142450976,-0.141911671,-0.0845244654,0.00271104783,-0.00257710069,0.3,0.3,-0.3,-0.3,0.00234802723,-0.00224623308,0.00865510166,0.141911671,0.00271104783,0.3,0.3,0.00234802723,0.0142450976,-0.0845244654,-0.00257710069,-0.3,0.00224623308,0.3
199,12602856,0.109795086,-0.17714116,-0.139769584,0.0516346022,0.0339392796,-0.0323752314,-0.599655747,-0.174110934,-55.300087,-0.8803671,0.0304952916,-0.0263647586,0.00878360689,-0.0141712928,-0.141930875,-0.0845096193,0.00271514237,-0.00259001851,0.3,0.3,-0.3,-0.3,0.00243962333,-0.00210918069,0.00878360689,0.141930875,0.00271514237,0.3,0.3,0.00243962333,0.0141712928,-0.0845096193,-0.00259001851,-0.3,0.00210918069,0.3
200,12621140,0.110977083,-0.176651031,-0.139640927,0.0520180427,0.0340882689,-0.0324860513,-0.599084437,-0.17346479,-55.6200409,-0.860501289,0.0317799821,-0.0243509561,0.00887816668,-0.0141320825,-0.141892278,-0.0843945872,0.00272706151,-0.00259888411,0.3,0.3,-0.3,-0.3,0.00254239857,-0.00194807649,0.00887816668,0.141892278,0.00272706151,0.3,0.3,0.00254239857,0.0141320825,-0.0843945872,-0.00259888411,-0.3,0.00194807649,0.3
201,12640303,0.113047332,-0.175593197,-0.140012234,0.0513610691,0.0342625789,-0.0323697589,-0.600474119,-0.175154209,-55.9321251,-0.84084934,0.0326718464,-0.0231336132,0.00904378653,-0.0140474558,-0.14200367,-0.0845916793,0.00274100631,-0.00258958071,0.3,0.3,-0.3,-0.3,0.00261374772,-0.00185068905,0.00904378653,0.14200367,0.00274100631,0.3,0.3,0.00261374772,0.0140474558,-0.0845916793,-0.00258958071,-0.3,0.00185068905,0.3
202,12705519,0.115669899,-0.173898891,-0.140765965,0.0504800528,0.0344429202,-0.0321926102,-0.602731824,-0.177868932,-56.2365379,-0.821461499,0.0337516218,-0.0219351631,0.0092535919,-0.0139119112,-0.142229789,-0.0848559842,0.00275543362,-0.00257540882,0.3,0.3,-0.3,-0.3,0.00270012975,-0.00175481305,0.0092535919,0.142229789,0.00275543362,0.3,0.3,0.00270012975,0.0139119112,-0.0848559842,-0.00257540882,-0.3,0.00175481305,0.3
203,12743977,0.118805878,-0.171566308,-0.141910985,0.0492443778,0.0346999578,-0.0318725333,-0.60629952,-0.182285383,-56.5336113,-0.802387536,0.0352661312,-0.0204885602,0.00950447023,-0.0137253046,-0.142573296,-0.0852266867,0.00277599663,-0.00254980266,0.3,0.3,-0.3,-0.3,0.00282129049,-0.00163908482,0.00950447023,0.142573296,0.00277599663,0.3,0.3,0.00282129049,0.0137253046,-0.0852266867,-0.00254980266,-0.3,0.00163908482,0.3
204,12782204,0.122932173,-0.169387132,-0.142609164,0.0479309559,0.0352048539,-0.0312322993,-0.610110819,-0.187197119,-56.8236084,-0.78368479,0.0365160294,-0.0178125836,0.00983457386,-0.0135509706,-0.142782749,-0.0856207132,0.00281638831,-0.00249858394,0.3,0.3,-0.3,-0.3,0.00292128235,-0.00142500669,0.00983457386,0.142782749,0.00281638831,0.3,0.3,0.00292128235,0.0135509706,-0.0856207132,-0.00249858394,-0.3,0.00142500669,0.3
205,12797539,0.127911538,-0.167304561,-0.142960683,0.0477062091,0.0351174325,-0.0311037358,-0.612400115,-0.190880239,-57.105629,-0.765150607,0.0365792997,-0.0138715962,0.010232923,-0.0133843648,-0.142888205,-0.0856881373,0.0028093946,-0.00248829886,0.3,0.3,-0.3,-0.3,0.00292634398,-0.0011097277,0.010232923,0.142888205,0.0028093946,0.3,0.3,0.00292634398,0.0133843648,-0.0856881373,-0.00248829886,-0.3,0.0011097277,0.3
206,12820132,0.132860616,-0.166551903,-0.142044976,0.0487839915,0.0350657851,-0.0309539661,-0.612510979,-0.192372799,-57.3792953,-0.747164369,0.0366605818,-0.0087198643,0.0106288493,-0.0133241522,-0.142613493,-0.0853648026,0.0028052628,-0.00247631729,0.3,0.3,-0.3,-0.3,0.00293284655,-0.000697589144,0.0106288493,0.142613493,0.0028052628,0.3,0.3,0.00293284655,0.0133241522,-0.0853648026,-0.00247631729,-0.3,0.000697589144,0.3
207,12833661,0.137825862,-0.166253075,-0.141170681,0.0493956059,0.0348075442,-0.030307008,-0.611491561,-0.193252608,-57.6447601,-0.729675472,0.0370970704,-0.00318558607,0.0110260689,-0.013300246,-0.142351204,-0.0851813182,0.00278460354,-0.00242456064,0.3,0.3,-0.3,-0.3,0.00296776563,-0.000254846886,0.0110260689,0.142351204,0.00278460354,0.3,0.3,0.00296776563,0.013300246,-0.0851813182,-0.00242456064,-0.3,0.000254846886,0.3
208,12835679,0.142431632,-0.166289181,-0.140729472,0.0495224483,0.0342302211,-0.0298590418,-0.610150099,-0.193393528,-57.9021378,-0.712623298,0.0376837999,0.00169606204,0.0113945305,-0.0133031344,-0.142218842,-0.0851432655,0.00273841769,-0.00238872334,0.3,0.3,-0.3,-0.3,0.00301470399,0.000135684963,0.0113945305,0.142218842,0.00273841769,0.3,0.3,0.00301470399,0.0133031344,-0.0851432655,-0.00238872334,-0.3,-0.000135684963,0.3
209,12836878,0.146141484,-0.166209832,-0.140602067,0.0496657193,0.0335891247,-0.0296768416,-0.608479321,-0.192604467,-58.1517639,-0.696131885,0.038548097,0.00593866315,0.0116913188,-0.0132967865,-0.14218062,-0.0851002842,0.00268712997,-0.00237414733,0.3,0.3,-0.3,-0.3,0.00308384776,0.000475093052,0.0116913188,0.14218062,0.00268712997,0.3,0.3,0.00308384776,0.0132967865,-0.0851002842,-0.00237414733,-0.3,-0.000475093052,0.3
210,12838134,0.148560956,-0.16638805,-0.140533447,0.0499250367,0.0330983885,-0.0295940042,-0.606596291,-0.190871447,-58.3937988,-0.680020571,0.0395554565,0.00924504176,0.0118848765,-0.013311044,-0.142160034,-0.085022489,0.00264787108,-0.00236752033,0.3,0.3,-0.3,-0.3,0.00316443652,0.000739603341,0.0118848765,0.142160034,0.00264787108,0.3,0.3,0.00316443652,0.013311044,-0.085022489,-0.00236752033,-0.3,-0.000739603341,0.3
211,12839268,0.150191933,-0.166492134,-0.140699163,0.0500678346,0.0328349769,-0.0295896996,-0.605451643,-0.189491883,-58.6286011,-0.664429486,0.0405492075,0.0118352929,0.0120153546,-0.0133193707,-0.142209749,-0.0849796496,0.00262679815,-0.00236717597,0.3,0.3,-0.3,-0.299664423,0.0032439366,0.000946823433,0.0120153546,0.142209749,0.00262679815,0.3,0.3,0.0032439366,0.0133193707,-0.0849796496,-0.00236717597,-0.3,-0.000946823433,0.299664423
212,12863251,0.151031002,-0.166424796,-0.140699774,0.0513481572,0.0323007368,-0.030279018,-0.604063511,-0.186795145,-58.8555069,-0.649388075,0.040975228,0.0128334509,0.0120824802,-0.0133139837,-0.142209932,-0.0845955528,0.00258405894,-0.00242232144,0.3,0.3,-0.3,-0.297408211,0.00327801824,0.00102667607,0.0120824802,0.142209932,0.00258405894,0.3,0.3,0.00327801824,0.0133139837,-0.0845955528,-0.00242232144,-0.3,-0.00102667607,0.297408211
213,12881082,0.151365101,-0.166023135,-0.140668333,0.0523352548,0.0319979079,-0.030799387,-0.602624953,-0.184543431,-59.0747261,-0.634893537,0.0413710214,0.0130333789,0.0121092081,-0.0132818508,-0.1422005,-0.0842994235,0.00255983263,-0.00246395096,0.3,0.3,-0.3,-0.29523403,0.00330968171,0.00104267031,0.0121092081,0.1422005,0.00255983263,0.3,0.3,0.00330968171,0.0132818508,-0.0842994235,-0.00246395096,-0.3,-0.00104267031,0.29523403
214,12902755,0.151397601,-0.165334851,-0.140666619,0.0528805815,0.0318681672,-0.0311287139,-0.601537049,-0.183056176,-59.2869377,-0.621053338,0.0417776071,0.0127321398,0.0121118081,-0.013226788,-0.142199986,-0.0841358256,0.00254945338,-0.00249029711,0.3,0.3,-0.3,-0.293158001,0.00334220856,0.00101857118,0.0121118081,0.142199986,0.00254945338,0.3,0.3,0.00334220856,0.013226788,-0.0841358256,-0.00249029711,-0.3,-0.00101857118,0.293158001
215,12921487,0.151118368,-0.164521292,-0.140483126,0.0533598997,0.0317406654,-0.0315421969,-0.600282729,-0.181595087,-59.4924889,-0.607535303,0.041470632,0.0107839527,0.0120894694,-0.0131617033,-0.142144938,-0.0839920301,0.00253925323,-0.00252337575,0.3,0.3,-0.3,-0.291130295,0.00331765056,0.000862716213,0.0120894694,0.142144938,0.00253925323,0.3,0.3,0.00331765056,0.0131617033,-0.0839920301,-0.00252337575,-0.3,-0.000862716213,0.291130295
216,12942227,0.150541529,-0.163713843,-0.140427813,0.0533637889,0.0319599099,-0.0315703377,-0.599578679,-0.181378752,-59.6915359,-0.59446764,0.0422357358,0.00911859609,0.0120433223,-0.0130971074,-0.142128344,-0.0839908633,0.0025567928,-0.00252562702,0.3,0.3,-0.3,-0.289170146,0.00337885886,0.000729487687,0.0120433223,0.142128344,0.0025567928,0.3,0.3,0.00337885886,0.0130971074,-0.0839908633,-0.00252562702,-0.3,-0.000729487687,0.289170146
217,12959205,0.149965018,-0.162691191,-0.140546948,0.0527413301,0.0325115845,-0.0312962793,-0.599665642,-0.182571143,-59.8845139,-0.58171469,0.0437794961,0.00815316197,0.0119972014,-0.0130152953,-0.142164084,-0.084177601,0.00260092676,-0.00250370234,0.3,0.3,-0.3,-0.287257203,0.00350235969,0.000652252957,0.0119972014,0.142164084,0.00260092676,0.3,0.3,0.00350235969,0.0130152953,-0.084177601,-0.00250370234,-0.3,-0.000652252957,0.287257203
218,12981891,0.150074363,-0.161067486,-0.140955493,0.0518414117,0.0331293792,-0.0310694855,-0.601011157,-0.184817776,-60.0720825,-0.569366455,0.0450618565,0.00746865617,0.012005949,-0.0128853989,-0.142286648,-0.0844475765,0.00265035033,-0.00248555884,0.3,0.3,-0.3,-0.285404968,0.00360494852,0.000597492494,0.012005949,0.142286648,0.00265035033,0.3,0.3,0.00360494852,0.0128853989,-0.0844475765,-0.00248555884,-0.3,-0.000597492494,0.285404968
219,13000690,0.151094824,-0.158849567,-0.14148967,0.0510015227,0.0336270295,-0.0308129769,-0.603702784,-0.188865885,-60.2541542,-0.557318032,0.0463697612,0.00728720007,0.0120875859,-0.0127079654,-0.142446901,-0.0846995432,0.00269016236,-0.00246503815,0.3,0.3,-0.3,-0.283597705,0.0037095809,0.000582976006,0.0120875859,0.142446901,0.00269016236,0.3,0.3,0.0037095809,0.0127079654,-0.0846995432,-0.00246503815,-0.3,-0.000582976006,0.283597705
220,13023914,0.152366877,-0.156792641,-0.141743094,0.0507910289,0.0339813903,-0.0306533873,-0.605809629,-0.191875726,-60.4304924,-0.545783699,0.0481131636,0.00855644606,0.0121893501,-0.0125434113,-0.142522928,-0.0847626913,0.00271851122,-0.00245227098,0.3,0.3,-0.3,-0.281867555,0.00384905308,0.000684515685,0.0121893501,0.142522928,0.00271851122,0.3,0.3,0.00384905308,0.0125434113,-0.0847626913,-0.00245227098,-0.3,-0.000684515685,0.281867555
221,13041414,0.154110298,-0.155078128,-0.141718432,0.050565321,0.0343274437,-0.0304494593,-0.607433379,-0.194395512,-60.6008339,-0.534805536,0.0494175851,0.0103670573,0.0123288238,-0.0124062502,-0.14251553,-0.0848304037,0.0027461955,-0.00243595675,0.3,0.3,-0.3,-0.28022083,0.00395340681,0.000829364583,0.0123288238,0.14251553,0.0027461955,0.3,0.3,0.00395340681,0.0124062502,-0.0848304037,-0.00243595675,-0.3,-0.000829364583,0.28022083
222,13061319,0.156042814,-0.153818697,-0.141278952,0.0504068695,0.0346621312,-0.0301482417,-0.6080001,-0.195922166,-60.7655106,-0.52460891,0.0505544692,0.0126878768,0.0124834251,-0.0123054957,-0.142383686,-0.0848779391,0.0027729705,-0.00241185933,0.3,0.3,-0.3,-0.278691337,0.00404435754,0.00101503015,0.0124834251,0.142383686,0.0027729705,0.3,0.3,0.00404435754,0.0123054957,-0.0848779391,-0.00241185933,-0.3,-0.00101503015,0.278691337
223,13079412,0.157730669,-0.153146967,-0.140943304,0.0505428948,0.0346631408,-0.0299876053,-0.607293904,-0.195930779,-60.9243507,-0.515125513,0.0509744249,0.0156023148,0.0126184535,-0.0122517574,-0.142282991,-0.0848371316,0.00277305126,-0.00239900842,0.3,0.3,-0.3,-0.277268827,0.00407795399,0.00124818519,0.0126184535,0.142282991,0.00277305126,0.3,0.3,0.00407795399,0.0122517574,-0.0848371316,-0.00239900842,-0.3,-0.00124818519,0.277268827
224,13103790,0.159293473,-0.152798519,-0.140910521,0.050693512,0.0343873575,-0.0299476497,-0.606790423,-0.195877135,-61.0778008,-0.506410837,0.0510149151,0.0183730945,0.0127434778,-0.0122238815,-0.142273156,-0.0847919464,0.0027509886,-0.00239581198,0.3,0.3,-0.3,-0.275961626,0.00408119321,0.00146984756,0.0127434778,0.142273156,0.0027509886,0.3,0.3,0.00408119321,0.0122238815,-0.0847919464,-0.00239581198,-0.3,-0.00146984756,0.275961626
225,13123253,0.160619795,-0.152506456,-0.140962109,0.0513319895,0.0336849429,-0.0302031133,-0.605830312,-0.194685265,-61.2257614,-0.498277843,0.0505088009,0.0202040412,0.0128495836,-0.0122005165,-0.142288633,-0.0846004032,0.00269479543,-0.00241624907,0.3,0.3,-0.3,-0.274741676,0.00404070407,0.00161632329,0.0128495836,0.142288633,0.00269479543,0.3,0.3,0.00404070407,0.0122005165,-0.0846004032,-0.00241624907,-0.3,-0.00161632329,0.274741676
226,13144922,0.161470965,-0.152423978,-0.141050279,0.0518609174,0.0330289677,-0.0304845553,-0.604588866,-0.193195641,-61.3681145,-0.490696818,0.0500382483,0.0215944555,0.0129176772,-0.0121939182,-0.142315084,-0.0844417248,0.00264231741,-0.00243876442,0.3,0.3,-0.3,-0.273604523,0.00400305986,0.00172755644,0.0129176772,0.142315084,0.00264231741,0.3,0.3,0.00400305986,0.0121939182,-0.0844417248,-0.00243876442,-0.3,-0.00172755644,0.273604523
227,13160785,0.162109181,-0.152394578,-0.141108692,0.0520414636,0.0326940902,-0.0305820853,-0.603640974,-0.192389786,-61.5055199,-0.483760625,0.0497657247,0.022692129,0.0129687345,-0.0121915662,-0.142332608,-0.0843875609,0.00261552721,-0.00244656682,0.3,0.3,-0.3,-0.272564094,0.00398125798,0.00181537032,0.0129687345,0.142332608,0.00261552721,0.3,0.3,0.00398125798,0.0121915662,-0.0843875609,-0.00244656682,-0.3,-0.00181537032,0.272564094
228,13181315,0.162708953,-0.152090311,-0.141170666,0.0518814884,0.0326429754,-0.0305669438,-0.603335202,-0.192202583,-61.6383247,-0.477309436,0.0492935441,0.0226939749,0.0130167162,-0.0121672249,-0.1423512,-0.0844355535,0.00261143804,-0.0024453555,0.3,0.3,-0.3,-0.271596415,0.00394348353,0.00181551799,0.0130167162,0.1423512,0.00261143804,0.3,0.3,0.00394348353,0.0121672249,-0.0844355535,-0.0024453555,-0.3,-0.00181551799,0.271596415
229,13201841,0.163157627,-0.151799396,-0.141099826,0.0514987446,0.0330033563,-0.0302663743,-0.603260875,-0.193292752,-61.7665901,-0.471346587,0.0496607162,0.0228423178,0.0130526102,-0.0121439517,-0.142329948,-0.0845503766,0.0026402685,-0.00242130995,0.3,0.3,-0.3,-0.270701988,0.0039728573,0.00182738543,0.0130526102,0.142329948,0.0026402685,0.3,0.3,0.0039728573,0.0121439517,-0.0845503766,-0.00242130995,-0.3,-0.00182738543,0.270701988
230,13228674,0.163494557,-0.151494414,-0.14109619,0.0511658341,0.0334170833,-0.0299992748,-0.603483558,-0.194454238,-61.8906403,-0.465641201,0.0502668917,0.0231473912,0.0130795646,-0.0121195531,-0.142328857,-0.0846502498,0.00267336667,-0.00239994198,0.3,0.3,-0.3,-0.26984618,0.00402135134,0.00185179129,0.0130795646,0.142328857,0.00267336667,0.3,0.3,0.00402135134,0.0121195531,-0.0846502498,-0.00239994198,-0.3,-0.00185179129,0.26984618
231,13239388,0.163885862,-0.151175767,-0.141300008,0.0511064194,0.0336651243,-0.0299702566,-0.604018211,-0.19556272,-62.0104485,-0.460314482,0.0509667136,0.0235522129,0.0131108689,-0.0120940614,-0.142390002,-0.0846680742,0.00269320995,-0.00239762053,0.3,0.3,-0.3,-0.269047172,0.00407733709,0.00188417703,0.0131108689,0.142390002,0.00269320995,0.3,0.3,0.00407733709,0.0120940614,-0.0846680742,-0.00239762053,-0.3,-0.00188417703,0.269047172
232,13260362,0.164296761,-0.150727481,-0.141318247,0.0510225967,0.034008801,-0.0298082922,-0.60453707,-0.196692064,-62.126133,-0.455313981,0.0518799946,0.0243311524,0.0131437409,-0.0120581985,-0.142395474,-0.084693221,0.00272070408,-0.00238466337,0.3,0.3,-0.3,-0.268297097,0.00415039957,0.0019464922,0.0131437409,0.142395474,0.00272070408,0.3,0.3,0.00415039957,0.0120581985,-0.084693221,-0.00238466337,-0.3,-0.0019464922,0.268297097
233,13283029,0.16489391,-0.149966195,-0.141464874,0.0506906882,0.0343777202,-0.0296072997,-0.605323493,-0.19794786,-62.2382812,-0.450795144,0.0525552221,0.0248939786,0.0131915128,-0.0119972956,-0.142439462,-0.0847927935,0.00275021762,-0.00236858398,0.3,0.3,-0.3,-0.267619272,0.00420441777,0.00199151829,0.0131915128,0.142439462,0.00275021762,0.3,0.3,0.00420441777,0.0119972956,-0.0847927935,-0.00236858398,-0.3,-0.00199151829,0.267619272
234,13299224,0.165773854,-0.149107426,-0.141528621,0.0506587736,0.0344670117,-0.0296449382,-0.606119633,-0.19886288,-62.3470726,-0.446781665,0.052758161,0.0257142354,0.0132619083,-0.0119285941,-0.142458586,-0.0848023679,0.00275736094,-0.00237159505,0.3,0.3,-0.3,-0.26701725,0.00422065288,0.00205713883,0.0132619083,0.142458586,0.00275736094,0.3,0.3,0.00422065288,0.0119285941,-0.0848023679,-0.00237159505,-0.3,-0.00205713883,0.26701725
235,13325707,0.166460559,-0.148360789,-0.141527608,0.0510431491,0.0343267284,-0.029760601,-0.60607034,-0.198812604,-62.4519997,-0.443128139,0.0529795885,0.0267090555,0.0133168447,-0.0118688631,-0.142458282,-0.0846870553,0.00274613827,-0.00238084808,0.3,0.3,-0.3,-0.266469221,0.00423836708,0.00213672444,0.0133168447,0.142458282,0.00274613827,0.3,0.3,0.00423836708,0.0118688631,-0.0846870553,-0.00238084808,-0.3,-0.00213672444,0.266469221
236,13342398,0.166875333,-0.147842973,-0.141493052,0.0512349084,0.0341912694,-0.029872423,-0.605594933,-0.198429212,-62.5529251,-0.439778626,0.0530690774,0.0276334379,0.0133500266,-0.0118274379,-0.142447916,-0.0846295275,0.00273530155,-0.00238979384,0.3,0.3,-0.3,-0.265966794,0.00424552619,0.00221067503,0.0133500266,0.142447916,0.00273530155,0.3,0.3,0.00424552619,0.0118274379,-0.0846295275,-0.00238979384,-0.3,-0.00221067503,0.265966794
237,13362675,0.167672262,-0.146374717,-0.142462105,0.0502475463,0.034067031,-0.0298836697,-0.60698992,-0.200196519,-62.6509666,-0.436506599,0.0525280721,0.0275626015,0.0134137809,-0.0117099774,-0.142738631,-0.0849257361,0.00272536248,-0.00239069358,0.3,0.3,-0.3,-0.26547599,0.00420224577,0.00220500812,0.0134137809,0.142738631,0.00272536248,0.3,0.3,0.00420224577,0.0117099774,-0.0849257361,-0.00239069358,-0.3,-0.00220500812,0.26547599
238,13382331,0.168512404,-0.14432162,-0.143135011,0.0496257879,0.0341147929,-0.0301012732,-0.608425736,-0.202499181,-62.7460823,-0.433616638,0.0520899668,0.0276578758,0.0134809923,-0.0115457296,-0.142940503,-0.0851122636,0.00272918344,-0.00240810186,0.3,0.3,-0.3,-0.265042496,0.00416719735,0.00221263006,0.0134809923,0.142940503,0.00272918344,0.3,0.3,0.00416719735,0.0115457296,-0.0851122636,-0.00240810186,-0.3,-0.00221263006,0.265042496
239,13401338,0.169015929,-0.142609581,-0.143337175,0.0493818633,0.0344576389,-0.0300409663,-0.609384537,-0.204678997,-62.8384018,-0.431007832,0.0520871989,0.0283016246,0.0135212743,-0.0114087665,-0.143001153,-0.085185441,0.00275661111,-0.00240327731,0.3,0.3,-0.3,-0.264651175,0.00416697592,0.00226412997,0.0135212743,0.143001153,0.00275661111,0.3,0.3,0.00416697592,0.0114087665,-0.085185441,-0.00240327731,-0.3,-0.00226412997,0.264651175
240,13421306,0.169911295,-0.140754357,-0.143792123,0.0482798591,0.0350092277,-0.0295508057,-0.611319184,-0.208317831,-62.928154,-0.428480625,0.0523483753,0.0292707905,0.0135929036,-0.0112603486,-0.143137637,-0.0855160423,0.00280073822,-0.00236406446,0.3,0.3,-0.3,-0.264272094,0.00418787003,0.00234166324,0.0135929036,0.143137637,0.00280073822,0.3,0.3,0.00418787003,0.0112603486,-0.0855160423,-0.00236406446,-0.3,-0.00234166324,0.264272094
241,13444528,0.171453729,-0.138624698,-0.144373924,0.0468469411,0.0356248319,-0.0290669948,-0.614177942,-0.21293956,-63.01511,-0.426019341,0.0526926257,0.0309141763,0.0137162983,-0.0110899758,-0.143312177,-0.0859459177,0.00284998655,-0.00232535958,0.3,0.3,-0.3,-0.263902901,0.00421541005,0.0024731341,0.0137162983,0.143312177,0.00284998655,0.3,0.3,0.00421541005,0.0110899758,-0.0859459177,-0.00232535958,-0.3,-0.0024731341,0.263902901
242,13460345,0.173407957,-0.136212006,-0.145032644,0.0457268134,0.0361636356,-0.0287445132,-0.617218077,-0.21758683,-63.0997009,-0.423871189,0.0531426966,0.0333422795,0.0138726366,-0.0108969605,-0.143509793,-0.086281956,0.00289309084,-0.00229956105,0.3,0.3,-0.3,-0.263580678,0.00425141573,0.00266738236,0.0138726366,0.143509793,0.00289309084,0.3,0.3,0.00425141573,0.0108969605,-0.086281956,-0.00229956105,-0.3,-0.00266738236,0.263580678
243,13486301,0.175830871,-0.133886874,-0.145600915,0.0448100455,0.0365679227,-0.0285371523,-0.620219767,-0.222374216,-63.18153,-0.421906084,0.0531212538,0.0359540395,0.0140664697,-0.0107109499,-0.143680274,-0.0865569863,0.00292543381,-0.00228297219,0.3,0.3,-0.3,-0.263285913,0.00424970031,0.00287632316,0.0140664697,0.143680274,0.00292543381,0.3,0.3,0.00424970031,0.0107109499,-0.0865569863,-0.00228297219,-0.3,-0.00287632316,0.263285913
244,13500947,0.178535327,-0.131429002,-0.146150753,0.0442285351,0.0367340297,-0.0285284575,-0.622982621,-0.226774752,-63.2607536,-0.420154423,0.0526614077,0.038295459,0.0142828262,-0.0105143201,-0.143845226,-0.0867314395,0.00293872237,-0.0022822766,0.3,0.3,-0.3,-0.263023163,0.00421291262,0.00306363672,0.0142828262,0.143845226,0.00293872237,0.3,0.3,0.00421291262,0.0105143201,-0.0867314395,-0.0022822766,-0.3,-0.00306363672,0.263023163
245,13520244,0.181052789,-0.129681826,-0.146118522,0.0448442586,0.0364243686,-0.0289119147,-0.623785555,-0.228811488,-63.3367386,-0.418729693,0.0517922416,0.0410535187,0.0144842231,-0.0103745461,-0.143835557,-0.0865467224,0.00291394949,-0.00231295317,0.3,0.3,-0.3,-0.262809454,0.00414337933,0.00328428149,0.0144842231,0.143835557,0.00291394949,0.3,0.3,0.00414337933,0.0103745461,-0.0865467224,-0.00231295317,-0.3,-0.00328428149,0.262809454
246,13542327,0.183266565,-0.129240558,-0.145149544,0.0458199754,0.0361946523,-0.0289118346,-0.622433841,-0.228847861,-63.4091873,-0.417500287,0.0506788231,0.0440630391,0.0146613252,-0.0103392446,-0.143544863,-0.0862540074,0.00289557219,-0.00231294677,0.3,0.3,-0.3,-0.262625043,0.00405430585,0.00352504313,0.0146613252,0.143544863,0.00289557219,0.3,0.3,0.00405430585,0.0103392446,-0.0862540074,-0.00231294677,-0.3,-0.00352504313,0.262625043
247,13561219,0.184992969,-0.129790232,-0.143906489,0.046328377,0.0360173434,-0.0284042712,-0.619990051,-0.228157669,-63.4788437,-0.416467756,0.0501749776,0.0471404493,0.0147994375,-0.0103832185,-0.143171947,-0.0861014869,0.00288138747,-0.0022723417,0.3,0.3,-0.3,-0.262470163,0.00401399821,0.00377123594,0.0147994375,0.143171947,0.00288138747,0.3,0.3,0.00401399821,0.0103832185,-0.0861014869,-0.0022723417,-0.3,-0.00377123594,0.262470163
248,13583051,0.186379537,-0.130709291,-0.14300774,0.0463978462,0.0357066877,-0.0278003607,-0.617402673,-0.226842567,-63.5459366,-0.415403545,0.0498297997,0.0496952608,0.014910363,-0.0104567432,-0.142902322,-0.0860806461,0.00285653502,-0.00222402886,0.3,0.3,-0.3,-0.262310532,0.00398638397,0.00397562087,0.014910363,0.142902322,0.00285653502,0.3,0.3,0.00398638397,0.0104567432,-0.0860806461,-0.00222402886,-0.3,-0.00397562087,0.262310532
249,13602948,0.187028795,-0.13223739,-0.14209953,0.0473783091,0.0349264741,-0.0277838577,-0.613784552,-0.222927511,-63.6107101,-0.41435048,0.0492347032,0.0511963964,0.0149623036,-0.0105789912,-0.142629859,-0.0857865073,0.00279411793,-0.00222270861,0.3,0.3,-0.3,-0.262152572,0.00393877625,0.00409571171,0.0149623036,0.142629859,0.00279411793,0.3,0.3,0.00393877625,0.0105789912,-0.0857865073,-0.00222270861,-0.3,-0.00409571171,0.262152572
250,13620438,0.186912432,-0.133722156,-0.141913801,0.0485261455,0.0337092094,-0.0281847697,-0.610120237,-0.218179539,-63.6729736,-0.412955731,0.0482857339,0.0513322242,0.0149529946,-0.0106977725,-0.14257414,-0.0854421563,0.00269673675,-0.00225478157,0.3,0.3,-0.3,-0.26194336,0.00386285871,0.00410657793,0.0149529946,0.14257414,0.00269673675,0.3,0.3,0.00386285871,0.0106977725,-0.0854421563,-0.00225478157,-0.3,-0.00410657793,0.26194336
251,13643226,0.186069161,-0.134883434,-0.14223209,0.0494203046,0.0325065814,-0.0288516879,-0.607016087,-0.213872299,-63.7323723,-0.411428034,0.0473834351,0.0508867837,0.0148855329,-0.0107906747,-0.142669627,-0.0851739086,0.00260052651,-0.00230813503,0.3,0.3,-0.3,-0.261714205,0.00379067481,0.0040709427,0.0148855329,0.142669627,0.00260052651,0.3,0.3,0.00379067481,0.0107906747,-0.0851739086,-0.00230813503,-0.3,-0.0040709427,0.261714205
252,13662464,0.185045317,-0.135784969,-0.142468289,0.0497731119,0.0318477005,-0.0292538032,-0.605214357,-0.211184755,-63.7895775,-0.409859478,0.0466922857,0.0500180051,0.0148036253,-0.0108627975,-0.142740487,-0.0850680664,0.00254781604,-0.00234030426,0.3,0.3,-0.3,-0.261478922,0.00373538285,0.00400144041,0.0148036253,0.142740487,0.00254781604,0.3,0.3,0.00373538285,0.0108627975,-0.0850680664,-0.00234030426,-0.3,-0.00400144041,0.261478922
253,13681655,0.184067562,-0.1365062,-0.142358884,0.049518045,0.0319536589,-0.0291537121,-0.604068816,-0.210061625,-63.844902,-0.408255607,0.0463915281,0.0488119721,0.014725405,-0.010920496,-0.142707665,-0.0851445865,0.00255629271,-0.00233229697,0.3,0.3,-0.3,-0.261238341,0.00371132225,0.00390495777,0.014725405,0.142707665,0.00255629271,0.3,0.3,0.00371132225,0.010920496,-0.0851445865,-0.00233229697,-0.3,-0.00390495777,0.261238341
254,13700431,0.183011666,-0.13698481,-0.142343342,0.0490230881,0.0324730948,-0.0289076567,-0.60391134,-0.210289285,-63.8987427,-0.406510085,0.0468534417,0.0471846201,0.0146409333,-0.0109587848,-0.142703003,-0.0852930736,0.00259784758,-0.00231261253,0.3,0.3,-0.3,-0.260976513,0.00374827534,0.0037747696,0.0146409333,0.142703003,0.00259784758,0.3,0.3,0.00374827534,0.0109587848,-0.0852930736,-0.00231261253,-0.3,-0.0037747696,0.260976513
255,13722261,0.182357252,-0.136909664,-0.142691597,0.0484301485,0.0330573544,-0.0287995283,-0.605107963,-0.212089971,-63.951107,-0.404738516,0.0475833304,0.0456571504,0.0145885801,-0.0109527731,-0.142807479,-0.0854709554,0.00264458835,-0.00230396226,0.3,0.3,-0.3,-0.260710777,0.00380666643,0.00365257204,0.0145885801,0.142807479,0.00264458835,0.3,0.3,0.00380666643,0.0109527731,-0.0854709554,-0.00230396226,-0.3,-0.00365257204,0.260710777
256,13740855,0.182152972,-0.136211753,-0.143157512,0.0480703376,0.0335368253,-0.0288748667,-0.606835008,-0.214098439,-64.0020447,-0.402882308,0.0480763987,0.0439593829,0.0145722377,-0.0108969402,-0.142947254,-0.0855788987,0.00268294603,-0.00230998933,0.3,0.3,-0.3,-0.260432346,0.00384611189,0.00351675063,0.0145722377,0.142947254,0.00268294603,0.3,0.3,0.00384611189,0.0108969402,-0.0855788987,-0.00230998933,-0.3,-0.00351675063,0.260432346
257,13762696,0.181969687,-0.13530606,-0.143425331,0.0477629974,0.0341650099,-0.0288527217,-0.608386934,-0.216126874,-64.0516205,-0.401116997,0.0487649105,0.0429639444,0.014557575,-0.0108244848,-0.143027599,-0.0856711008,0.00273320079,-0.00230821773,0.3,0.3,-0.3,-0.26016755,0.00390119284,0.00343711555,0.014557575,0.143027599,0.00273320079,0.3,0.3,0.00390119284,0.0108244848,-0.0856711008,-0.00230821773,-0.3,-0.00343711555,0.26016755
258,13779203,0.181983218,-0.134178609,-0.143500701,0.0472086407,0.03487828,-0.0286992062,-0.609804332,-0.218390018,-64.0997696,-0.399656087,0.049412068,0.0430104621,0.0145586574,-0.0107342887,-0.14305021,-0.0858374078,0.0027902624,-0.0022959365,0.3,0.3,-0.3,-0.259948413,0.00395296544,0.00344083697,0.0145586574,0.14305021,0.0027902624,0.3,0.3,0.00395296544,0.0107342887,-0.0858374078,-0.0022959365,-0.3,-0.00344083697,0.259948413
259,13804928,0.182140514,-0.133282304,-0.143332556,0.0468907133,0.0354762748,-0.0284562968,-0.610613823,-0.219939709,-64.146698,-0.398514956,0.0501149595,0.0440731123,0.0145712411,-0.0106625843,-0.142999767,-0.085932786,0.00283810198,-0.00227650374,0.3,0.3,-0.3,-0.259777243,0.00400919676,0.00352584898,0.0145712411,0.142999767,0.00283810198,0.3,0.3,0.00400919676,0.0106625843,-0.085932786,-0.00227650374,-0.3,-0.00352584898,0.259777243
260,13820116,0.18262893,-0.132747769,-0.143052399,0.0470535979,0.0355808213,-0.0283998623,-0.610744298,-0.220285565,-64.1920013,-0.397572398,0.0500267334,0.0458030105,0.0146103144,-0.0106198215,-0.14291572,-0.0858839206,0.00284646571,-0.00227198899,0.3,0.3,-0.3,-0.25963586,0.00400213867,0.00366424084,0.0146103144,0.14291572,0.00284646571,0.3,0.3,0.00400213867,0.0106198215,-0.0858839206,-0.00227198899,-0.3,-0.00366424084,0.25963586
261,13842509,0.183420196,-0.132416025,-0.143184796,0.0473288186,0.0353157334,-0.0284539424,-0.610894263,-0.220574141,-64.2353134,-0.396747917,0.049927067,0.0477735288,0.0146736157,-0.010593282,-0.142955439,-0.0858013544,0.00282525867,-0.00227631539,0.3,0.3,-0.3,-0.259512188,0.00399416536,0.00382188231,0.0146736157,0.142955439,0.00282525867,0.3,0.3,0.00399416536,0.010593282,-0.0858013544,-0.00227631539,-0.3,-0.00382188231,0.259512188
262,13859790,0.184050739,-0.13213113,-0.143241942,0.0478579514,0.0347947143,-0.0288079455,-0.610418797,-0.219559848,-64.276741,-0.396197408,0.049386669,0.0496077314,0.0147240591,-0.0105704904,-0.142972583,-0.0856426146,0.00278357714,-0.00230463564,0.3,0.3,-0.3,-0.259429611,0.00395093352,0.00396861851,0.0147240591,0.142972583,0.00278357714,0.3,0.3,0.00395093352,0.0105704904,-0.0856426146,-0.00230463564,-0.3,-0.00396861851,0.259429611
263,13880582,0.18440935,-0.13211605,-0.143370971,0.0484066345,0.0341856331,-0.0292489696,-0.609669447,-0.218024537,-64.3165359,-0.395845383,0.0487724245,0.0508752316,0.014752748,-0.010569284,-0.143011291,-0.0854780097,0.00273485065,-0.00233991757,0.3,0.3,-0.3,-0.259376808,0.00390179396,0.00407001853,0.014752748,0.143011291,0.00273485065,0.3,0.3,0.00390179396,0.010569284,-0.0854780097,-0.00233991757,-0.3,-0.00407001853,0.259376808
264,13907967,0.184514627,-0.132247671,-0.143353954,0.0486371629,0.0338408463,-0.0294201113,-0.608679473,-0.216567248,-64.3549347,-0.395466119,0.0482031815,0.0514055416,0.0147611701,-0.0105798137,-0.143006186,-0.0854088511,0.0027072677,-0.00235360891,0.3,0.3,-0.3,-0.259319918,0.00385625452,0.00411244333,0.0147611701,0.143006186,0.0027072677,0.3,0.3,0.00385625452,0.0105798137,-0.0854088511,-0.00235360891,-0.3,-0.00411244333,0.259319918
265,13921102,0.184471309,-0.132548109,-0.143258542,0.0487055257,0.0336793289,-0.0294107739,-0.607979357,-0.215580776,-64.3922195,-0.395110756,0.0476802252,0.0511691459,0.0147577047,-0.0106038487,-0.142977563,-0.0853883423,0.00269434631,-0.00235286191,0.3,0.3,-0.3,-0.259266613,0.00381441802,0.00409353167,0.0147577047,0.142977563,0.00269434631,0.3,0.3,0.00381441802,0.0106038487,-0.0853883423,-0.00235286191,-0.3,-0.00409353167,0.259266613
266,13942919,0.184278831,-0.133100942,-0.142972469,0.0487639494,0.0337016955,-0.0293299779,-0.607272565,-0.214675352,-64.4281158,-0.394629478,0.0476410687,0.050731197,0.0147423065,-0.0106480753,-0.142891741,-0.0853708152,0.00269613564,-0.00234639823,0.3,0.3,-0.3,-0.259194422,0.0038112855,0.00405849576,0.0147423065,0.142891741,0.00269613564,0.3,0.3,0.0038112855,0.0106480753,-0.0853708152,-0.00234639823,-0.3,-0.00405849576,0.259194422
267,13963135,0.18405886,-0.133480415,-0.143219933,0.0486076847,0.0338105001,-0.0292084645,-0.607279778,-0.214825749,-64.4627914,-0.394041598,0.0480451956,0.0505128056,0.0147247088,-0.0106784332,-0.14296598,-0.0854176946,0.00270484,-0.00233667716,0.3,0.3,-0.3,-0.25910624,0.00384361565,0.00404102445,0.0147247088,0.14296598,0.00270484,0.3,0.3,0.00384361565,0.0106784332,-0.0854176946,-0.00233667716,-0.3,-0.00404102445,0.25910624
268,13978727,0.184043854,-0.133443296,-0.143526867,0.0482003205,0.0340716951,-0.0290974975,-0.607998013,-0.215884343,-64.4964066,-0.393419504,0.0483185872,0.0502650365,0.0147235084,-0.0106754637,-0.14305806,-0.0855399039,0.0027257356,-0.0023277998,0.3,0.3,-0.3,-0.259012926,0.00386548698,0.00402120292,0.0147235084,0.14305806,0.0027257356,0.3,0.3,0.00386548698,0.0106754637,-0.0855399039,-0.0023277998,-0.3,-0.00402120292,0.259012926
269,14003831,0.183947608,-0.133360013,-0.143466845,0.048098892,0.0344281681,-0.0290225782,-0.608348429,-0.21638146,-64.529129,-0.392860621,0.0488237888,0.0502610579,0.0147158086,-0.0106688011,-0.143040054,-0.0855703324,0.00275425345,-0.00232180625,0.3,0.3,-0.3,-0.258929093,0.0039059031,0.00402088463,0.0147158086,0.143040054,0.00275425345,0.3,0.3,0.0039059031,0.0106688011,-0.0855703324,-0.00232180625,-0.3,-0.00402088463,0.258929093
270,14020210,0.183964282,-0.133208811,-0.143418401,0.0479019694,0.034765102,-0.0289193895,-0.609080851,-0.217282951,-64.5607758,-0.392320722,0.0495945476,0.0505983196,0.0147171426,-0.0106567049,-0.14302552,-0.0856294092,0.00278120816,-0.00231355116,0.3,0.3,-0.3,-0.258848108,0.00396756381,0.00404786557,0.0147171426,0.14302552,0.00278120816,0.3,0.3,0.00396756381,0.0106567049,-0.0856294092,-0.00231355116,-0.3,-0.00404786557,0.258848108
271,14042878,0.184119329,-0.132949948,-0.143390745,0.0476643443,0.0350616537,-0.0288167372,-0.609781861,-0.218027785,-64.5913925,-0.391896069,0.0501883179,0.0508909374,0.0147295463,-0.0106359959,-0.143017223,-0.0857006967,0.0028049323,-0.00230533898,0.3,0.3,-0.3,-0.25878441,0.00401506543,0.004071275,0.0147295463,0.143017223,0.0028049323,0.3,0.3,0.00401506543,0.0106359959,-0.0857006967,-0.00230533898,-0.3,-0.004071275,0.25878441
272,14063954,0.184615865,-0.132554084,-0.143505037,0.047971718,0.0349123962,-0.0290877633,-0.610101938,-0.218114972,-64.620842,-0.391482323,0.0497291461,0.0509184226,0.0147692692,-0.0106043267,-0.143051511,-0.0856084846,0.0027929917,-0.00232702106,0.3,0.3,-0.3,-0.258722349,0.00397833169,0.00407347381,0.0147692692,0.143051511,0.0027929917,0.3,0.3,0.00397833169,0.0106043267,-0.0856084846,-0.00232702106,-0.3,-0.00407347381,0.258722349
273,14082434,0.184868693,-0.132372275,-0.14352639,0.0484147109,0.0347178578,-0.0293289926,-0.609939933,-0.217760548,-64.6491547,-0.391154438,0.0492406934,0.0510180183,0.0147894955,-0.010589782,-0.143057917,-0.0854755867,0.00277742863,-0.00234631941,0.3,0.3,-0.3,-0.258673166,0.00393925548,0.00408144146,0.0147894955,0.143057917,0.00277742863,0.3,0.3,0.00393925548,0.010589782,-0.0854755867,-0.00234631941,-0.3,-0.00408144146,0.258673166
274,14107021,0.18487139,-0.132361859,-0.143500239,0.0488411263,0.0344436653,-0.0295189153,-0.609324157,-0.216744363,-64.6765823,-0.390912771,0.0487275124,0.0512221195,0.0147897112,-0.0105889487,-0.143050072,-0.0853476621,0.00275549322,-0.00236151323,0.3,0.3,-0.3,-0.258636916,0.00389820099,0.00409776956,0.0147897112,0.143050072,0.00275549322,0.3,0.3,0.00389820099,0.0105889487,-0.0853476621,-0.00236151323,-0.3,-0.00409776956,0.258636916
275,14120594,0.184811607,-0.132468492,-0.1435076,0.0489100404,0.034252923,-0.0294749625,-0.6087991,-0.21636717,-64.7031403,-0.390505999,0.0483634211,0.0509833097,0.0147849286,-0.0105974793,-0.14305228,-0.0853269879,0.00274023384,-0.002357997,0.3,0.3,-0.3,-0.2585759,0.00386907369,0.00407866478,0.0147849286,0.14305228,0.00274023384,0.3,0.3,0.00386907369,0.0105974793,-0.0853269879,-0.002357997,-0.3,-0.00407866478,0.2585759
276,14148297,0.184519619,-0.132774308,-0.143330932,0.0488871783,0.0342181548,-0.0293706693,-0.607915342,-0.215844572,-64.7286682,-0.390016884,0.0481108055,0.050656043,0.0147615695,-0.0106219447,-0.142999279,-0.0853338465,0.00273745239,-0.00234965354,0.3,0.3,-0.3,-0.258502533,0.00384886444,0.00405248344,0.0147615695,0.142999279,0.00273745239,0.3,0.3,0.00384886444,0.0106219447,-0.0853338465,-0.00234965354,-0.3,-0.00405248344,0.258502533
277,14160892,0.18391636,-0.133129805,-0.143226579,0.0491236001,0.0341199301,-0.0295124091,-0.606875062,-0.214838028,-64.7532883,-0.389458418,0.0479466356,0.0502548181,0.0147133088,-0.0106503844,-0.142967974,-0.08526292,0.00272959441,-0.00236099273,0.3,0.3,-0.3,-0.258418763,0.00383573085,0.00402038544,0.0147133088,0.142967974,0.00272959441,0.3,0.3,0.00383573085,0.0106503844,-0.08526292,-0.00236099273,-0.3,-0.00402038544,0.258418763
278,14183553,0.183648527,-0.133053124,-0.143497214,0.0486843772,0.0342445821,-0.0294257142,-0.607127309,-0.215493783,-64.7771988,-0.388808191,0.0478043333,0.0499751344,0.0146918821,-0.0106442499,-0.143049164,-0.0853946868,0.00273956656,-0.00235405713,0.3,0.3,-0.3,-0.258321229,0.00382434666,0.00399801075,0.0146918821,0.143049164,0.00273956656,0.3,0.3,0.00382434666,0.0106442499,-0.0853946868,-0.00235405713,-0.3,-0.00399801075,0.258321229
279,14202826,0.183438748,-0.132750183,-0.143747032,0.048455134,0.0344337411,-0.029331075,-0.607693911,-0.216356039,-64.8007431,-0.388206065,0.0478233919,0.0498262048,0.0146750998,-0.0106200147,-0.14312411,-0.0854634598,0.00275469929,-0.002346486,0.3,0.3,-0.3,-0.25823091,0.00382587135,0.00398609638,0.0146750998,0.14312411,0.00275469929,0.3,0.3,0.00382587135,0.0106200147,-0.0854634598,-0.002346486,-0.3,-0.00398609638,0.25823091
280,14222973,0.183406249,-0.132427454,-0.143782496,0.0483417809,0.034637522,-0.0292711053,-0.608224332,-0.217095822,-64.8235168,-0.387561172,0.0478381366,0.0497091226,0.0146724999,-0.0105941963,-0.143134749,-0.0854974657,0.00277100176,-0.00234168842,0.3,0.3,-0.3,-0.258134176,0.00382705092,0.00397672981,0.0146724999,0.143134749,0.00277100176,0.3,0.3,0.00382705092,0.0105941963,-0.0854974657,-0.00234168842,-0.3,-0.00397672981,0.258134176
281,14241928,0.183521286,-0.132260203,-0.143691167,0.0483182296,0.0348347388,-0.029244747,-0.608599007,-0.217673659,-64.8454056,-0.387006968,0.0479426458,0.0498519503,0.0146817029,-0.0105808163,-0.14310735,-0.0855045311,0.00278677911,-0.00233957976,0.3,0.3,-0.3,-0.258051045,0.00383541167,0.00398815602,0.0146817029,0.14310735,0.00278677911,0.3,0.3,0.00383541167,0.0105808163,-0.0855045311,-0.00233957976,-0.3,-0.00398815602,0.258051045
282,14260432,0.183793053,-0.132041961,-0.143657789,0.0483108163,0.0348850302,-0.0292951856,-0.608703613,-0.217763469,-64.8666077,-0.38650471,0.0478500053,0.0500997566,0.0147034442,-0.0105633569,-0.143097337,-0.0855067551,0.00279080242,-0.00234361485,0.3,0.3,-0.3,-0.257975706,0.00382800043,0.00400798053,0.0147034442,0.143097337,0.00279080242,0.3,0.3,0.00382800043,0.0105633569,-0.0855067551,-0.00234361485,-0.3,-0.00400798053,0.257975706
283,14281920,0.184092134,-0.131635219,-0.143820658,0.0482884906,0.0348184891,-0.0294212177,-0.609099209,-0.218243971,-64.8871536,-0.386075437,0.0475101098,0.049969472,0.0147273707,-0.0105308175,-0.143146197,-0.0855134528,0.00278547913,-0.00235369742,0.3,0.3,-0.3,-0.257911316,0.00380080879,0.00399755776,0.0147273707,0.143146197,0.00278547913,0.3,0.3,0.00380080879,0.0105308175,-0.0855134528,-0.00235369742,-0.3,-0.00399755776,0.257911316
284,14301038,0.18410854,-0.131652176,-0.143635258,0.0485150553,0.0348387547,-0.0294451993,-0.608743787,-0.218028009,-64.906929,-0.385875762,0.0477049761,0.0507505387,0.0147286832,-0.0105321741,-0.143090577,-0.0854454834,0.00278710037,-0.00235561594,0.3,0.3,-0.3,-0.257881364,0.00381639808,0.0040600431,0.0147286832,0.143090577,0.00278710037,0.3,0.3,0.00381639808,0.0105321741,-0.0854454834,-0.00235561594,-0.3,-0.0040600431,0.257881364
285,14321588,0.184084341,-0.131782264,-0.143534452,0.0487464108,0.0347087905,-0.0294631645,-0.608323514,-0.217400759,-64.925972,-0.385704666,0.0477876849,0.051393874,0.0147267473,-0.0105425811,-0.143060336,-0.0853760768,0.00277670324,-0.00235705316,0.3,0.3,-0.3,-0.2578557,0.0038230148,0.00411150992,0.0147267473,0.143060336,0.00277670324,0.3,0.3,0.0038230148,0.0105425811,-0.0853760768,-0.00235705316,-0.3,-0.00411150992,0.2578557
286,14347928,0.18401055,-0.131972656,-0.143447384,0.0487816148,0.0346295945,-0.0294796377,-0.607904553,-0.216808826,-64.9440384,-0.385595202,0.0478203595,0.0518853739,0.014720844,-0.0105578125,-0.143034215,-0.0853655156,0.00277036756,-0.00235837102,0.3,0.3,-0.3,-0.25783928,0.00382562876,0.00415082991,0.014720844,0.143034215,0.00277036756,0.3,0.3,0.00382562876,0.0105578125,-0.0853655156,-0.00235837102,-0.3,-0.00415082991,0.25783928
287,14359679,0.183947593,-0.132086471,-0.143436611,0.0488856994,0.034507826,-0.0295495056,-0.607572734,-0.216371402,-64.9613037,-0.385516733,0.0479394086,0.0522855408,0.0147158074,-0.0105669177,-0.143030983,-0.0853342902,0.00276062608,-0.00236396044,0.3,0.3,-0.3,-0.25782751,0.00383515269,0.00418284327,0.0147158074,0.143030983,0.00276062608,0.3,0.3,0.00383515269,0.0105669177,-0.0853342902,-0.00236396044,-0.3,-0.00418284327,0.25782751
288,14388711,0.183766842,-0.13208136,-0.143462241,0.0489265546,0.0344341248,-0.0296617318,-0.607514977,-0.215930432,-64.978157,-0.385411024,0.048050154,0.051853288,0.0147013474,-0.0105665088,-0.143038672,-0.0853220336,0.00275472999,-0.00237293854,0.3,0.3,-0.3,-0.257811654,0.00384401232,0.00414826304,0.0147013474,0.143038672,0.00275472999,0.3,0.3,0.00384401232,0.0105665088,-0.0853220336,-0.00237293854,-0.3,-0.00414826304,0.257811654
289,14401678,0.183543772,-0.13188155,-0.143697485,0.0489901118,0.0343181118,-0.0297951773,-0.607599795,-0.215745777,-64.9947128,-0.385270625,0.0482013188,0.0511747189,0.0146835017,-0.010550524,-0.143109246,-0.0853029665,0.00274544895,-0.00238361418,0.3,0.3,-0.3,-0.257790594,0.00385610551,0.00409397751,0.0146835017,0.143109246,0.00274544895,0.3,0.3,0.00385610551,0.010550524,-0.0853029665,-0.00238361418,-0.3,-0.00409397751,0.257790594
290,14421883,0.18328166,-0.131805778,-0.143683866,0.0488803945,0.0344567522,-0.0297152419,-0.60776037,-0.215937182,-65.0107117,-0.385046333,0.0485700592,0.0507676527,0.0146625328,-0.0105444622,-0.14310516,-0.0853358816,0.00275654018,-0.00237721935,0.3,0.3,-0.3,-0.25775695,0.00388560474,0.00406141222,0.0146625328,0.14310516,0.00275654018,0.3,0.3,0.00388560474,0.0105444622,-0.0853358816,-0.00237721935,-0.3,-0.00406141222,0.25775695
291,14455513,0.182982147,-0.131810054,-0.143667728,0.0487347916,0.0346930362,-0.0296197627,-0.607834458,-0.216186464,-65.026123,-0.384774059,0.0489779003,0.0504907332,0.0146385717,-0.0105448043,-0.143100318,-0.0853795625,0.0027754429,-0.00236958101,0.3,0.3,-0.3,-0.257716109,0.00391823202,0.00403925866,0.0146385717,0.143100318,0.0027754429,0.3,0.3,0.00391823202,0.0105448043,-0.0853795625,-0.00236958101,-0.3,-0.00403925866,0.257716109
292,14459759,0.182721317,-0.131766662,-0.143687844,0.0484991297,0.0349621959,-0.0295419171,-0.608184695,-0.216625527,-65.040947,-0.384582341,0.0494674854,0.0510307699,0.0146177053,-0.010541333,-0.143106353,-0.0854502611,0.00279697567,-0.00236335337,0.3,0.3,-0.3,-0.257687351,0.00395739883,0.0040824616,0.0146177053,0.143106353,0.00279697567,0.3,0.3,0.00395739883,0.010541333,-0.0854502611,-0.00236335337,-0.3,-0.0040824616,0.257687351
293,14481037,0.182697639,-0.131463438,-0.143904433,0.0483848564,0.0351093076,-0.0296134502,-0.60888046,-0.217280671,-65.055275,-0.384541959,0.0499205031,0.0517317317,0.0146158111,-0.0105170751,-0.14317133,-0.0854845431,0.00280874461,-0.00236907601,0.3,0.3,-0.3,-0.257681294,0.00399364024,0.00413853854,0.0146158111,0.14317133,0.00280874461,0.3,0.3,0.00399364024,0.0105170751,-0.0854845431,-0.00236907601,-0.3,-0.00413853854,0.257681294
294,14506025,0.182758495,-0.131133199,-0.143863872,0.0484490357,0.0352309346,-0.029684918,-0.609304547,-0.217582837,-65.0691223,-0.384611249,0.0502060838,0.0523572303,0.0146206796,-0.0104906559,-0.143159162,-0.0854652893,0.00281847477,-0.00237479344,0.3,0.3,-0.3,-0.257691687,0.0040164867,0.00418857843,0.0146206796,0.143159162,0.00281847477,0.3,0.3,0.0040164867,0.0104906559,-0.0854652893,-0.00237479344,-0.3,-0.00418857843,0.257691687
295,14524555,0.182904705,-0.130970106,-0.143646568,0.0487430915,0.035154283,-0.0298038442,-0.609403193,-0.217175201,-65.0825729,-0.384801537,0.0503477119,0.0527075343,0.0146323764,-0.0104776084,-0.14309397,-0.0853770725,0.00281234264,-0.00238430753,0.3,0.3,-0.3,-0.257720231,0.00402781695,0.00421660274,0.0146323764,0.14309397,0.00281234264,0.3,0.3,0.00402781695,0.0104776084,-0.0853770725,-0.00238430753,-0.3,-0.00421660274,0.257720231
296,14541840,0.183466405,-0.130896643,-0.14355664,0.0487839319,0.0349968486,-0.0298587512,-0.609346986,-0.216948345,-65.0952835,-0.384875804,0.0499055944,0.0528748855,0.0146773124,-0.0104717314,-0.143066992,-0.0853648204,0.00279974788,-0.0023887001,0.3,0.3,-0.3,-0.257731371,0.00399244756,0.00422999084,0.0146773124,0.143066992,0.00279974788,0.3,0.3,0.00399244756,0.0104717314,-0.0853648204,-0.0023887001,-0.3,-0.00422999084,0.257731371
297,14561394,0.183739275,-0.13097477,-0.143529356,0.0490326285,0.0347524621,-0.0299981311,-0.608720005,-0.216331139,-65.1074905,-0.384954154,0.0493827686,0.0532181114,0.014699142,-0.0104779816,-0.143058807,-0.0852902114,0.00278019696,-0.00239985049,0.3,0.3,-0.3,-0.257743123,0.00395062149,0.00425744891,0.014699142,0.143058807,0.00278019696,0.3,0.3,0.00395062149,0.0104779816,-0.0852902114,-0.00239985049,-0.3,-0.00425744891,0.257743123
298,14583056,0.183834806,-0.131025106,-0.143522516,0.0491649769,0.0345294364,-0.0301069133,-0.608077466,-0.215776414,-65.1191254,-0.384904772,0.048687838,0.0529978238,0.0147067845,-0.0104820085,-0.143056755,-0.0852505069,0.00276235491,-0.00240855306,0.3,0.3,-0.3,-0.257735716,0.00389502704,0.0042398259,0.0147067845,0.143056755,0.00276235491,0.3,0.3,0.00389502704,0.0104820085,-0.0852505069,-0.00240855306,-0.3,-0.0042398259,0.257735716
299,14602963,0.183681861,-0.130900145,-0.143648639,0.0491309762,0.0343440324,-0.0301910136,-0.607622087,-0.215521291,-65.1307831,-0.384595096,0.0478745587,0.0516473241,0.0146945488,-0.0104720116,-0.143094592,-0.0852607071,0.00274752259,-0.00241528109,0.3,0.3,-0.3,-0.257689264,0.0038299647,0.00413178593,0.0146945488,0.143094592,0.00274752259,0.3,0.3,0.0038299647,0.0104720116,-0.0852607071,-0.00241528109,-0.3,-0.00413178593,0.257689264
300,14621245,0.183103248,-0.13133797,-0.14342621,0.0491216369,0.0344478935,-0.0300257504,-0.606823564,-0.215254053,-65.1421585,-0.384288341,0.0481477678,0.0516787544,0.0146482599,-0.0105070376,-0.143027863,-0.0852635089,0.00275583148,-0.00240206003,0.3,0.3,-0.3,-0.257643251,0.00385182142,0.00413430035,0.0146482599,0.143027863,0.00275583148,0.3,0.3,0.00385182142,0.0105070376,-0.0852635089,-0.00240206003,-0.3,-0.00413430035,0.257643251
301,14657642,0.182616636,-0.13173224,-0.143513501,0.0490705371,0.0344928391,-0.0299631227,-0.606629372,-0.215206206,-65.1528397,-0.383911848,0.0484828986,0.0522278287,0.0146093309,-0.0105385792,-0.14305405,-0.0852788389,0.00275942713,-0.00239704981,0.3,0.3,-0.3,-0.257586777,0.00387863189,0.00417822629,0.0146093309,0.14305405,0.00275942713,0.3,0.3,0.00387863189,0.0105385792,-0.0852788389,-0.00239704981,-0.3,-0.00417822629,0.257586777
302,14665839,0.18228595,-0.131845683,-0.143586293,0.0490341,0.0346059948,-0.0299319457,-0.606730521,-0.215236962,-65.1630783,-0.383551359,0.0486141928,0.052212853,0.014582876,-0.0105476546,-0.143075888,-0.08528977,0.00276847959,-0.00239455566,0.3,0.3,-0.3,-0.257532704,0.00388913542,0.00417702824,0.014582876,0.143075888,0.00276847959,0.3,0.3,0.00388913542,0.0105476546,-0.08528977,-0.00239455566,-0.3,-0.00417702824,0.257532704
303,14688183,0.182114124,-0.13163799,-0.143646717,0.0489295572,0.034693148,-0.0299747735,-0.607165515,-0.215507522,-65.1729584,-0.383204311,0.0485398173,0.0518336892,0.0145691299,-0.0105310392,-0.143094015,-0.0853211328,0.00277545184,-0.00239798188,0.3,0.3,-0.3,-0.257480647,0.00388318539,0.00414669514,0.0145691299,0.143094015,0.00277545184,0.3,0.3,0.00388318539,0.0105310392,-0.0853211328,-0.00239798188,-0.3,-0.00414669514,0.257480647
304,14705822,0.182315856,-0.131334871,-0.143793792,0.0486987829,0.0348289981,-0.029962318,-0.607967257,-0.216339126,-65.1830521,-0.382918507,0.048522789,0.0514570512,0.0145852685,-0.0105067897,-0.143138137,-0.0853903651,0.00278631985,-0.00239698544,0.3,0.3,-0.3,-0.257437776,0.00388182312,0.0041165641,0.0145852685,0.143138137,0.00278631985,0.3,0.3,0.00388182312,0.0105067897,-0.0853903651,-0.00239698544,-0.3,-0.0041165641,0.257437776
305,14726936,0.182602614,-0.131049395,-0.14367637,0.048691418,0.034917362,-0.0299150608,-0.608370841,-0.216760263,-65.192894,-0.382642984,0.0483095907,0.0510092936,0.0146082091,-0.0104839516,-0.143102911,-0.0853925746,0.00279338896,-0.00239320487,0.3,0.3,-0.3,-0.257396448,0.00386476725,0.00408074349,0.0146082091,0.143102911,0.00279338896,0.3,0.3,0.00386476725,0.0104839516,-0.0853925746,-0.00239320487,-0.3,-0.00408074349,0.257396448
306,14740480,0.182710677,-0.130986139,-0.143626928,0.0488956869,0.0348749422,-0.0299551059,-0.608345628,-0.216721192,-65.2021942,-0.382380426,0.0481817164,0.0507895499,0.0146168542,-0.0104788911,-0.143088078,-0.0853312939,0.00278999537,-0.00239640847,0.3,0.3,-0.3,-0.257357064,0.00385453731,0.004063164,0.0146168542,0.143088078,0.00278999537,0.3,0.3,0.00385453731,0.0104788911,-0.0853312939,-0.00239640847,-0.3,-0.004063164,0.257357064
307,14761543,0.182882965,-0.130852088,-0.143685475,0.0488534644,0.0348434225,-0.0299250633,-0.608505666,-0.216999069,-65.211235,-0.382108837,0.0480504259,0.0506449565,0.0146306372,-0.0104681671,-0.143105642,-0.0853439607,0.0027874738,-0.00239400506,0.3,0.3,-0.3,-0.257316326,0.00384403408,0.00405159652,0.0146306372,0.143105642,0.0027874738,0.3,0.3,0.00384403408,0.0104681671,-0.0853439607,-0.00239400506,-0.3,-0.00405159652,0.257316326
308,14780325,0.182754487,-0.130941376,-0.14353475,0.0489319414,0.034865126,-0.0299034696,-0.608052433,-0.216735899,-65.2198639,-0.381996781,0.0481901653,0.0509345792,0.0146203589,-0.0104753101,-0.143060425,-0.0853204176,0.00278921008,-0.00239227757,0.3,0.3,-0.3,-0.257299517,0.00385521322,0.00407476634,0.0146203589,0.143060425,0.00278921008,0.3,0.3,0.00385521322,0.0104753101,-0.0853204176,-0.00239227757,-0.3,-0.00407476634,0.257299517
309,14801480,0.18254979,-0.131018803,-0.143551275,0.0489744991,0.0348290913,-0.0299095102,-0.607726157,-0.216451839,-65.2282257,-0.381850362,0.0483709797,0.0512034334,0.0146039832,-0.0104815042,-0.143065383,-0.0853076503,0.0027863273,-0.00239276081,0.3,0.3,-0.3,-0.257277554,0.00386967838,0.00409627467,0.0146039832,0.143065383,0.0027863273,0.3,0.3,0.00386967838,0.0104815042,-0.0853076503,-0.00239276081,-0.3,-0.00409627467,0.257277554
310,14822107,0.182403252,-0.131064788,-0.143638685,0.0490540452,0.0347118676,-0.0299527142,-0.60770613,-0.216228351,-65.236412,-0.381682128,0.0484221093,0.0512607768,0.0145922601,-0.010485183,-0.143091606,-0.0852837864,0.00277694941,-0.00239621714,0.3,0.3,-0.3,-0.257252319,0.00387376875,0.00410086215,0.0145922601,0.143091606,0.00277694941,0.3,0.3,0.00387376875,0.010485183,-0.0852837864,-0.00239621714,-0.3,-0.00410086215,0.257252319
311,14841241,0.182226196,-0.131200448,-0.143614382,0.049077563,0.0347038582,-0.0299305096,-0.607520461,-0.215959281,-65.2440872,-0.381476909,0.0485945381,0.0513764434,0.0145780957,-0.0104960358,-0.143084314,-0.0852767311,0.00277630866,-0.00239444077,0.3,0.3,-0.3,-0.257221536,0.00388756305,0.00411011547,0.0145780957,0.143084314,0.00277630866,0.3,0.3,0.00388756305,0.0104960358,-0.0852767311,-0.00239444077,-0.3,-0.00411011547,0.257221536
312,14862445,0.181990281,-0.131403029,-0.143557042,0.0492961071,0.0346585847,-0.0300510135,-0.607227564,-0.215514272,-65.251358,-0.381347954,0.0487420969,0.0514911376,0.0145592225,-0.0105122423,-0.143067113,-0.0852111679,0.00277268678,-0.00240408108,0.3,0.3,-0.3,-0.257202193,0.00389936775,0.00411929101,0.0145592225,0.143067113,0.00277268678,0.3,0.3,0.00389936775,0.0105122423,-0.0852111679,-0.00240408108,-0.3,-0.00411929101,0.257202193
313,14889901,0.181965783,-0.131292596,-0.143669769,0.0492279008,0.0346607938,-0.0300948229,-0.607393205,-0.215556458,-65.2584915,-0.381258577,0.0486793034,0.0514877066,0.0145572627,-0.0105034077,-0.143100931,-0.0852316298,0.00277286351,-0.00240758583,0.3,0.3,-0.3,-0.257188787,0.00389434427,0.00411901653,0.0145572627,0.143100931,0.00277286351,0.3,0.3,0.00389434427,0.0105034077,-0.0852316298,-0.00240758583,-0.3,-0.00411901653,0.257188787
314,14900410,0.181918621,-0.131189466,-0.143687204,0.0491314642,0.0347499214,-0.0300358087,-0.607458293,-0.215613261,-65.2655258,-0.381233931,0.0487634093,0.0515785478,0.0145534897,-0.0104951572,-0.143106161,-0.0852605607,0.00277999371,-0.00240286469,0.3,0.3,-0.3,-0.25718509,0.00390107274,0.00412628382,0.0145534897,0.143106161,0.00277999371,0.3,0.3,0.00390107274,0.0104951572,-0.0852605607,-0.00240286469,-0.3,-0.00412628382,0.25718509
315,14920800,0.181858882,-0.131333768,-0.143473417,0.0491480231,0.034847647,-0.0299625173,-0.607396662,-0.215409651,-65.2724075,-0.381203294,0.0488509834,0.0517317392,0.0145487106,-0.0105067015,-0.143042025,-0.0852555931,0.00278781176,-0.00239700139,0.3,0.3,-0.3,-0.257180494,0.00390807867,0.00413853914,0.0145487106,0.143042025,0.00278781176,0.3,0.3,0.00390807867,0.0105067015,-0.0852555931,-0.00239700139,-0.3,-0.00413853914,0.257180494
316,14942912,0.181863561,-0.131403193,-0.143494934,0.049190823,0.0347963497,-0.0300012212,-0.607304394,-0.215244338,-65.2787704,-0.381096065,0.0488965847,0.051752314,0.0145490849,-0.0105122554,-0.14304848,-0.0852427531,0.00278370798,-0.0024000977,0.3,0.3,-0.3,-0.25716441,0.00391172677,0.00414018512,0.0145490849,0.14304848,0.00278370798,0.3,0.3,0.00391172677,0.0105122554,-0.0852427531,-0.0024000977,-0.3,-0.00414018512,0.25716441
317,14965012,0.181981847,-0.131244466,-0.143577158,0.0491566621,0.0346770436,-0.0301360395,-0.607450962,-0.215480387,-65.2848358,-0.381023467,0.048645433,0.051607985,0.0145585477,-0.0104995573,-0.143073148,-0.0852530014,0.00277416348,-0.00241088316,0.3,0.3,-0.3,-0.25715352,0.00389163464,0.0041286388,0.0145585477,0.143073148,0.00277416348,0.3,0.3,0.00389163464,0.0104995573,-0.0852530014,-0.00241088316,-0.3,-0.0041286388,0.25715352
318,14997267,0.182013169,-0.131100565,-0.143541768,0.0492048897,0.0346677452,-0.0301982723,-0.607490122,-0.21540767,-65.290863,-0.380996406,0.0485779941,0.051526852,0.0145610535,-0.0104880452,-0.14306253,-0.0852385331,0.00277341962,-0.00241586179,0.3,0.3,-0.3,-0.257149461,0.00388623953,0.00412214816,0.0145610535,0.14306253,0.00277341962,0.3,0.3,0.00388623953,0.0104880452,-0.0852385331,-0.00241586179,-0.3,-0.00412214816,0.257149461
319,15002526,0.182014287,-0.130866468,-0.143651083,0.0491635315,0.0346398018,-0.0302201901,-0.607566297,-0.215528622,-65.2968292,-0.380866706,0.0484539494,0.0513670333,0.0145611429,-0.0104693174,-0.143095325,-0.0852509405,0.00277118415,-0.00241761521,0.3,0.3,-0.3,-0.257130006,0.00387631595,0.00410936266,0.0145611429,0.143095325,0.00277118415,0.3,0.3,0.00387631595,0.0104693174,-0.0852509405,-0.00241761521,-0.3,-0.00410936266,0.257130006
320,15020320,0.181937695,-0.130829439,-0.14367865,0.0491918325,0.0346250348,-0.0302298889,-0.607649684,-0.215551198,-65.302681,-0.38081345,0.0483052097,0.0513175838,0.0145550156,-0.0104663551,-0.143103595,-0.0852424502,0.00277000278,-0.00241839111,0.3,0.3,-0.3,-0.257122017,0.00386441678,0.0041054067,0.0145550156,0.143103595,0.00277000278,0.3,0.3,0.00386441678,0.0104663551,-0.0852424502,-0.00241839111,-0.3,-0.0041054067,0.257122017
321,15042798,0.181868628,-0.130663887,-0.143837675,0.0491717905,0.0345788188,-0.030246539,-0.607626081,-0.215469152,-65.3080978,-0.380518794,0.0481689759,0.0506676063,0.0145494902,-0.0104531109,-0.143151303,-0.0852484629,0.00276630551,-0.00241972312,0.3,0.3,-0.3,-0.257077819,0.00385351807,0.0040534085,0.0145494902,0.143151303,0.00276630551,0.3,0.3,0.00385351807,0.0104531109,-0.0852484629,-0.00241972312,-0.3,-0.0040534085,0.257077819
322,15064798,0.181740567,-0.13041082,-0.144039884,0.0489979312,0.0346208736,-0.0302678403,-0.607941091,-0.216058224,-65.3135529,-0.380199611,0.0479369909,0.0499964841,0.0145392454,-0.0104328656,-0.143211965,-0.0853006206,0.00276966989,-0.00242142722,0.3,0.3,-0.3,-0.257029942,0.00383495927,0.00399971873,0.0145392454,0.143211965,0.00276966989,0.3,0.3,0.00383495927,0.0104328656,-0.0853006206,-0.00242142722,-0.3,-0.00399971873,0.257029942
323,15081154,0.181742638,-0.130035058,-0.14418897,0.0487024933,0.0348427519,-0.0301633198,-0.608566344,-0.21729368,-65.3190384,-0.379978269,0.0480059758,0.0496534184,0.0145394111,-0.0104028046,-0.143256691,-0.085389252,0.00278742015,-0.00241306558,0.3,0.3,-0.3,-0.25699674,0.00384047806,0.00397227347,0.0145394111,0.143256691,0.00278742015,0.3,0.3,0.00384047806,0.0104028046,-0.085389252,-0.00241306558,-0.3,-0.00397227347,0.25699674
324,15100680,0.181761593,-0.129945561,-0.144027621,0.0487336069,0.0350721627,-0.0300237648,-0.608767271,-0.217881039,-65.3244629,-0.379835397,0.0482913144,0.0501558483,0.0145409274,-0.0103956449,-0.143208286,-0.0853799179,0.00280577302,-0.00240190119,0.3,0.3,-0.3,-0.25697531,0.00386330515,0.00401246786,0.0145409274,0.143208286,0.00280577302,0.3,0.3,0.00386330515,0.0103956449,-0.0853799179,-0.00240190119,-0.3,-0.00401246786,0.25697531
325,15121523,0.181822494,-0.129959598,-0.143976316,0.0485638715,0.0353480093,-0.0297112279,-0.609083414,-0.218629122,-65.3297577,-0.379728526,0.0489022955,0.0510277189,0.0145457995,-0.0103967679,-0.143192895,-0.0854308385,0.00282784075,-0.00237689823,0.3,0.3,-0.3,-0.256959279,0.00391218364,0.00408221751,0.0145457995,0.143192895,0.00282784075,0.3,0.3,0.00391218364,0.0103967679,-0.0854308385,-0.00237689823,-0.3,-0.00408221751,0.256959279
326,15141454,0.182167217,-0.129966527,-0.143797725,0.0484980009,0.0354112573,-0.0296498463,-0.609233201,-0.218937963,-65.3345184,-0.379687548,0.0491171181,0.0516712032,0.0145733774,-0.0103973222,-0.143139318,-0.0854505997,0.00283290058,-0.0023719877,0.3,0.3,-0.3,-0.256953132,0.00392936945,0.00413369626,0.0145733774,0.143139318,0.00283290058,0.3,0.3,0.00392936945,0.0103973222,-0.0854505997,-0.0023719877,-0.3,-0.00413369626,0.256953132
327,15164815,0.182394207,-0.130057871,-0.143681169,0.04866492,0.0353071652,-0.0297514256,-0.608959734,-0.218384519,-65.3390656,-0.379771054,0.0492449403,0.0522761866,0.0145915365,-0.0104046297,-0.143104351,-0.085400524,0.00282457322,-0.00238011405,0.3,0.3,-0.3,-0.256965658,0.00393959522,0.00418209493,0.0145915365,0.143104351,0.00282457322,0.3,0.3,0.00393959522,0.0104046297,-0.085400524,-0.00238011405,-0.3,-0.00418209493,0.256965658
328,15181388,0.182690829,-0.129673019,-0.144065037,0.0484284014,0.0351176634,-0.0299451035,-0.609256506,-0.218549758,-65.3434296,-0.379815578,0.0488935113,0.0525258519,0.0146152663,-0.0103738415,-0.143219511,-0.0854714796,0.00280941308,-0.00239560828,0.3,0.3,-0.3,-0.256972337,0.0039114809,0.00420206815,0.0146152663,0.143219511,0.00280941308,0.3,0.3,0.0039114809,0.0103738415,-0.0854714796,-0.00239560828,-0.3,-0.00420206815,0.256972337
329,15201394,0.182807609,-0.129218459,-0.144279703,0.0484051444,0.0350462422,-0.0301067103,-0.609521806,-0.218835354,-65.3477859,-0.379964739,0.0486449115,0.0526172593,0.0146246088,-0.0103374767,-0.143283911,-0.0854784567,0.00280369937,-0.00240853682,0.3,0.3,-0.3,-0.256994711,0.00389159292,0.00420938075,0.0146246088,0.143283911,0.00280369937,0.3,0.3,0.00389159292,0.0103374767,-0.0854784567,-0.00240853682,-0.3,-0.00420938075,0.256994711
330,15223739,0.182948858,-0.128662929,-0.144445822,0.048429627,0.0348915718,-0.0302472524,-0.60986197,-0.219200864,-65.3518295,-0.380017728,0.0481526814,0.0522981733,0.0146359086,-0.0102930343,-0.143333746,-0.0854711119,0.00279132575,-0.00241978019,0.3,0.3,-0.3,-0.257002659,0.00385221452,0.00418385386,0.0146359086,0.143333746,0.00279132575,0.3,0.3,0.00385221452,0.0102930343,-0.0854711119,-0.00241978019,-0.3,-0.00418385386,0.257002659
331,15241825,0.182968318,-0.128632456,-0.14426595,0.0485177264,0.0349824503,-0.0301700011,-0.609860063,-0.219392672,-65.3556061,-0.380109012,0.0482381172,0.0522436015,0.0146374655,-0.0102905965,-0.143279785,-0.0854446821,0.00279859602,-0.00241360009,0.3,0.3,-0.3,-0.257016352,0.00385904938,0.00417948812,0.0146374655,0.143279785,0.00279859602,0.3,0.3,0.00385904938,0.0102905965,-0.0854446821,-0.00241360009,-0.3,-0.00417948812,0.257016352
332,15258825,0.183113679,-0.128737077,-0.144056931,0.0483490005,0.0351673178,-0.0299384892,-0.609987557,-0.219992369,-65.3592072,-0.380178243,0.0484463722,0.052436471,0.0146490943,-0.0102989662,-0.143217079,-0.0854952998,0.00281338543,-0.00239507914,0.3,0.3,-0.3,-0.257026736,0.00387570977,0.00419491768,0.0146490943,0.143217079,0.00281338543,0.3,0.3,0.00387570977,0.0102989662,-0.0854952998,-0.00239507914,-0.3,-0.00419491768,0.257026736
333,15283291,0.18314299,-0.128825039,-0.143995762,0.0483233593,0.0352935158,-0.0298376456,-0.609758675,-0.220008388,-65.3628311,-0.380327433,0.0488129184,0.0528686084,0.0146514392,-0.0103060031,-0.143198729,-0.0855029922,0.00282348126,-0.00238701165,0.3,0.3,-0.3,-0.257049115,0.00390503347,0.00422948867,0.0146514392,0.143198729,0.00282348126,0.3,0.3,0.00390503347,0.0103060031,-0.0855029922,-0.00238701165,-0.3,-0.00422948867,0.257049115
334,15300492,0.183160737,-0.129012972,-0.143779829,0.0484806895,0.035278935,-0.0298394933,-0.609194219,-0.219295964,-65.3663254,-0.380472243,0.0488204546,0.0531997792,0.014652859,-0.0103210378,-0.143133949,-0.0854557931,0.0028223148,-0.00238715947,0.3,0.3,-0.3,-0.257070836,0.00390563637,0.00425598234,0.014652859,0.143133949,0.0028223148,0.3,0.3,0.00390563637,0.0103210378,-0.0854557931,-0.00238715947,-0.3,-0.00425598234,0.257070836
335,15322318,0.1831965,-0.129293293,-0.143634334,0.0484377071,0.0352482162,-0.0297308657,-0.608847201,-0.218727767,-65.3700256,-0.380546331,0.0488789789,0.0535303392,0.01465572,-0.0103434634,-0.1430903,-0.0854686879,0.0028198573,-0.00237846926,0.3,0.3,-0.3,-0.25708195,0.00391031832,0.00428242713,0.01465572,0.1430903,0.0028198573,0.3,0.3,0.00391031832,0.0103434634,-0.0854686879,-0.00237846926,-0.3,-0.00428242713,0.25708195
336,15338929,0.18326737,-0.129527435,-0.143576905,0.0486630052,0.0349937789,-0.0298633873,-0.608299077,-0.217900261,-65.37323,-0.380530328,0.0487944037,0.0537135601,0.0146613896,-0.0103621948,-0.143073072,-0.0854010984,0.00279950231,-0.00238907099,0.3,0.3,-0.3,-0.257079549,0.00390355229,0.00429708481,0.0146613896,0.143073072,0.00279950231,0.3,0.3,0.00390355229,0.0103621948,-0.0854010984,-0.00238907099,-0.3,-0.00429708481,0.257079549
337,15368651,0.18321155,-0.129671827,-0.143596515,0.0491017736,0.0346210413,-0.0301626287,-0.607758164,-0.216862515,-65.3761368,-0.380517632,0.0483279862,0.0533979684,0.014656924,-0.0103737462,-0.143078955,-0.0852694679,0.0027696833,-0.0024130103,0.3,0.3,-0.3,-0.257077645,0.00386623889,0.00427183747,0.014656924,0.143078955,0.0027696833,0.3,0.3,0.00386623889,0.0103737462,-0.0852694679,-0.0024130103,-0.3,-0.00427183747,0.257077645
338,15384669,0.182993636,-0.12997508,-0.14358817,0.0492999591,0.0344177522,-0.0303102247,-0.607182801,-0.215892106,-65.3788376,-0.380598277,0.0482758582,0.053724803,0.0146394908,-0.0103980064,-0.143076451,-0.0852100123,0.00275342017,-0.00242481798,0.3,0.3,-0.3,-0.257089742,0.00386206865,0.00429798424,0.0146394908,0.143076451,0.00275342017,0.3,0.3,0.00386206865,0.0103980064,-0.0852100123,-0.00242481798,-0.3,-0.00429798424,0.257089742
339,15400192,0.182802841,-0.130136147,-0.143732071,0.0493670553,0.0342439003,-0.0304224454,-0.606988847,-0.215333134,-65.3815155,-0.380562544,0.0480453745,0.0534478314,0.0146242273,-0.0104108918,-0.143119621,-0.0851898834,0.00273951203,-0.00243379563,0.3,0.3,-0.3,-0.257084382,0.00384362996,0.00427582651,0.0146242273,0.143119621,0.00273951203,0.3,0.3,0.00384362996,0.0104108918,-0.0851898834,-0.00243379563,-0.3,-0.00427582651,0.257084382
340,15438216,0.18254979,-0.130450621,-0.14361234,0.049427446,0.0342564769,-0.0303547289,-0.606680095,-0.215031311,-65.38414,-0.380521327,0.0480559804,0.0530518703,0.0146039832,-0.0104360497,-0.143083702,-0.0851717662,0.00274051815,-0.00242837831,0.3,0.3,-0.3,-0.257078199,0.00384447843,0.00424414963,0.0146039832,0.143083702,0.00274051815,0.3,0.3,0.00384447843,0.0104360497,-0.0851717662,-0.00242837831,-0.3,-0.00424414963,0.257078199
341,15439808,0.182514668,-0.130609766,-0.143644616,0.0491715819,0.0343276896,-0.0302322041,-0.606870651,-0.215415388,-65.3865738,-0.380314559,0.0480024181,0.0525160097,0.0146011734,-0.0104487813,-0.143093385,-0.0852485254,0.00274621516,-0.00241857633,0.3,0.3,-0.3,-0.257047184,0.00384019345,0.00420128077,0.0146011734,0.143093385,0.00274621516,0.3,0.3,0.00384019345,0.0104487813,-0.0852485254,-0.00241857633,-0.3,-0.00420128077,0.257047184
342,15461603,0.18261379,-0.130767778,-0.143690094,0.0489453115,0.0344505124,-0.0301970709,-0.607165098,-0.215839088,-65.3891373,-0.380137086,0.0479009151,0.0521300584,0.0146091032,-0.0104614222,-0.143107028,-0.0853164066,0.00275604099,-0.00241576567,0.3,0.3,-0.3,-0.257020563,0.00383207321,0.00417040467,0.0146091032,0.143107028,0.00275604099,0.3,0.3,0.00383207321,0.0104614222,-0.0853164066,-0.00241576567,-0.3,-0.00417040467,0.257020563
343,15481829,0.182649553,-0.13068442,-0.143855155,0.0487560444,0.0346023068,-0.0301583726,-0.607552528,-0.216588721,-65.3915558,-0.379918873,0.0479452051,0.0520606935,0.0146119642,-0.0104547536,-0.143156546,-0.0853731867,0.00276818454,-0.00241266981,0.3,0.3,-0.3,-0.256987831,0.00383561641,0.00416485548,0.0146119642,0.143156546,0.00276818454,0.3,0.3,0.00383561641,0.0104547536,-0.0853731867,-0.00241266981,-0.3,-0.00416485548,0.256987831
344,15503807,0.182613835,-0.130466193,-0.143951029,0.0484854728,0.0348527022,-0.0300644711,-0.607963443,-0.217377648,-65.3941269,-0.379779488,0.0480838306,0.0522461012,0.0146091068,-0.0104372954,-0.143185309,-0.0854543582,0.00278821617,-0.00240515769,0.3,0.3,-0.3,-0.256966923,0.00384670645,0.0041796881,0.0146091068,0.143185309,0.00278821617,0.3,0.3,0.00384670645,0.0104372954,-0.0854543582,-0.00240515769,-0.3,-0.0041796881,0.256966923
345,15526058,0.182786033,-0.13015981,-0.143988445,0.0483401455,0.0349710174,-0.0300468765,-0.608617723,-0.218069375,-65.3968048,-0.379676849,0.0481104106,0.0522782989,0.0146228826,-0.0104127848,-0.143196534,-0.0854979564,0.00279768139,-0.00240375012,0.3,0.3,-0.3,-0.256951527,0.00384883285,0.00418226391,0.0146228826,0.143196534,0.00279768139,0.3,0.3,0.00384883285,0.0104127848,-0.0854979564,-0.00240375012,-0.3,-0.00418226391,0.256951527
346,15539381,0.183024734,-0.129950151,-0.143890768,0.0484274514,0.0350321792,-0.0300372746,-0.608907819,-0.218488678,-65.3991547,-0.379562497,0.048294507,0.0523938201,0.0146419787,-0.0103960121,-0.14316723,-0.0854717646,0.00280257434,-0.00240298197,0.3,0.3,-0.3,-0.256934375,0.00386356056,0.00419150561,0.0146419787,0.14316723,0.00280257434,0.3,0.3,0.00386356056,0.0103960121,-0.0854717646,-0.00240298197,-0.3,-0.00419150561,0.256934375
347,15562356,0.183162674,-0.129840881,-0.143800125,0.0485973395,0.0350205787,-0.0300663356,-0.608914495,-0.218505129,-65.4013519,-0.379588157,0.0484254323,0.052690465,0.0146530139,-0.0103872705,-0.143140037,-0.0854207981,0.00280164629,-0.00240530685,0.3,0.3,-0.3,-0.256938224,0.00387403458,0.0042152372,0.0146530139,0.143140037,0.00280164629,0.3,0.3,0.00387403458,0.0103872705,-0.0854207981,-0.00240530685,-0.3,-0.0042152372,0.256938224
348,15583208,0.183269203,-0.129873559,-0.143716007,0.0487476401,0.0349669009,-0.0300880391,-0.608718812,-0.218252808,-65.40345,-0.379675061,0.0485413782,0.0530213974,0.0146615362,-0.0103898847,-0.143114802,-0.085375708,0.00279735208,-0.00240704313,0.3,0.3,-0.3,-0.256951259,0.00388331026,0.0042417118,0.0146615362,0.143114802,0.00279735208,0.3,0.3,0.00388331026,0.0103898847,-0.085375708,-0.00240704313,-0.3,-0.0042417118,0.256951259
349,15602850,0.183130965,-0.130111977,-0.14355652,0.0490438789,0.0348478891,-0.0301124342,-0.608051777,-0.217315033,-65.4054794,-0.379795909,0.0487207882,0.0534314923,0.0146504772,-0.0104089582,-0.143066956,-0.0852868363,0.00278783113,-0.00240899473,0.3,0.3,-0.3,-0.256969386,0.00389766306,0.00427451938,0.0146504772,0.143066956,0.00278783113,0.3,0.3,0.00389766306,0.0104089582,-0.0852868363,-0.00240899473,-0.3,-0.00427451938,0.256969386
350,15622338,0.182908282,-0.130426019,-0.143562123,0.0493124165,0.0345799103,-0.0301997736,-0.607523859,-0.216306537,-65.4074249,-0.37991643,0.0486481301,0.05348498,0.0146326625,-0.0104340816,-0.143068637,-0.0852062751,0.00276639283,-0.00241598189,0.3,0.3,-0.3,-0.256987464,0.00389185041,0.0042787984,0.0146326625,0.143068637,0.00276639283,0.3,0.3,0.00389185041,0.0104340816,-0.0852062751,-0.00241598189,-0.3,-0.0042787984,0.256987464
351,15642001,0.182727635,-0.130866989,-0.143427715,0.0494190715,0.0344334468,-0.0302124247,-0.606926918,-0.215299726,-65.4090576,-0.379946679,0.0485920794,0.0533830449,0.0146182108,-0.0104693592,-0.143028314,-0.0851742785,0.00275467575,-0.00241699398,0.3,0.3,-0.3,-0.256992002,0.00388736635,0.00427064359,0.0146182108,0.143028314,0.00275467575,0.3,0.3,0.00388736635,0.0104693592,-0.0851742785,-0.00241699398,-0.3,-0.00427064359,0.256992002
352,15662700,0.182393655,-0.131309077,-0.143344149,0.0494646467,0.0343487822,-0.0302461833,-0.60622853,-0.214531377,-65.4104767,-0.379909247,0.0485955551,0.0532693863,0.0145914924,-0.0105047262,-0.143003245,-0.085160606,0.00274790257,-0.00241969466,0.3,0.3,-0.3,-0.256986387,0.00388764441,0.0042615509,0.0145914924,0.143003245,0.00274790257,0.3,0.3,0.00388764441,0.0105047262,-0.085160606,-0.00241969466,-0.3,-0.0042615509,0.256986387
353,15684910,0.182335407,-0.131379038,-0.143471196,0.0491202921,0.034411367,-0.030211214,-0.606382787,-0.214767382,-65.4120331,-0.379850268,0.0484018624,0.052939456,0.0145868325,-0.010510323,-0.143041359,-0.0852639124,0.00275290936,-0.00241689712,0.3,0.3,-0.3,-0.25697754,0.00387214899,0.00423515648,0.0145868325,0.143041359,0.00275290936,0.3,0.3,0.00387214899,0.010510323,-0.0852639124,-0.00241689712,-0.3,-0.00423515648,0.25697754
354,15705512,0.182319477,-0.13137874,-0.143528506,0.0489696451,0.0344925299,-0.0301681608,-0.606737077,-0.21501115,-65.413826,-0.37978366,0.0483716503,0.0526323207,0.0145855582,-0.0105102992,-0.143058552,-0.0853091065,0.00275940239,-0.00241345286,0.3,0.3,-0.3,-0.256967549,0.00386973202,0.00421058565,0.0145855582,0.143058552,0.00275940239,0.3,0.3,0.00386973202,0.0105102992,-0.0853091065,-0.00241345286,-0.3,-0.00421058565,0.256967549
355,15720126,0.18242012,-0.131192505,-0.143802658,0.0488082245,0.0345677771,-0.0301367678,-0.607560575,-0.215914771,-65.4156799,-0.379612714,0.0485024601,0.0522729754,0.0145936096,-0.0104954004,-0.143140797,-0.0853575327,0.00276542217,-0.00241094142,0.3,0.3,-0.3,-0.256941907,0.00388019681,0.00418183804,0.0145936096,0.143140797,0.00276542217,0.3,0.3,0.00388019681,0.0104954004,-0.0853575327,-0.00241094142,-0.3,-0.00418183804,0.256941907
356,15748675,0.182530805,-0.131049857,-0.143900335,0.0488767959,0.0346529186,-0.03016573,-0.608121395,-0.216532141,-65.4172592,-0.379486531,0.0486887023,0.051957719,0.0146024644,-0.0104839885,-0.1431701,-0.0853369612,0.00277223349,-0.0024132584,0.3,0.3,-0.3,-0.25692298,0.00389509618,0.00415661752,0.0146024644,0.1431701,0.00277223349,0.3,0.3,0.00389509618,0.0104839885,-0.0853369612,-0.0024132584,-0.3,-0.00415661752,0.25692298
357,15760504,0.182656333,-0.130813062,-0.143944442,0.0487370864,0.0348169655,-0.0301254168,-0.608567178,-0.21709016,-65.4187927,-0.379402131,0.0489284247,0.0519781336,0.0146125066,-0.010465045,-0.143183333,-0.0853788741,0.00278535724,-0.00241003335,0.3,0.3,-0.3,-0.25691032,0.00391427398,0.00415825069,0.0146125066,0.143183333,0.00278535724,0.3,0.3,0.00391427398,0.010465045,-0.0853788741,-0.00241003335,-0.3,-0.00415825069,0.25691032
358,15782088,0.182660818,-0.130551264,-0.143976212,0.0487871394,0.0349201635,-0.0302148834,-0.608769178,-0.217314094,-65.4203186,-0.379438132,0.0490957573,0.0521729328,0.0146128654,-0.0104441011,-0.143192863,-0.0853638582,0.00279361308,-0.00241719067,0.3,0.3,-0.3,-0.25691572,0.00392766058,0.00417383462,0.0146128654,0.143192863,0.00279361308,0.3,0.3,0.00392766058,0.0104441011,-0.0853638582,-0.00241719067,-0.3,-0.00417383462,0.25691572
359,15801795,0.182612449,-0.130426526,-0.144011691,0.0487510338,0.0350554772,-0.030119976,-0.608844042,-0.217602998,-65.4218063,-0.379555851,0.0493627824,0.0530586205,0.0146089959,-0.0104341221,-0.143203507,-0.0853746898,0.00280443817,-0.00240959808,0.3,0.3,-0.3,-0.256933378,0.00394902259,0.00424468964,0.0146089959,0.143203507,0.00280443817,0.3,0.3,0.00394902259,0.0104341221,-0.0853746898,-0.00240959808,-0.3,-0.00424468964,0.256933378
360,15824239,0.182608455,-0.130436748,-0.143866807,0.0489403605,0.0350225046,-0.0301145501,-0.608669341,-0.21725224,-65.4231949,-0.379747808,0.0495401546,0.0539016873,0.0146086764,-0.0104349399,-0.143160042,-0.0853178918,0.00280180037,-0.00240916401,0.3,0.3,-0.3,-0.256962171,0.00396321237,0.00431213498,0.0146086764,0.143160042,0.00280180037,0.3,0.3,0.00396321237,0.0104349399,-0.0853178918,-0.00240916401,-0.3,-0.00431213498,0.256962171
361,15839322,0.182751328,-0.130549848,-0.143660113,0.0491508022,0.0348608904,-0.0301647931,-0.608371317,-0.216565117,-65.4243546,-0.379816592,0.0492710434,0.0537264012,0.0146201062,-0.0104439878,-0.143098034,-0.0852547593,0.00278887123,-0.00241318345,0.3,0.3,-0.3,-0.256972489,0.00394168347,0.00429811209,0.0146201062,0.143098034,0.00278887123,0.3,0.3,0.00394168347,0.0104439878,-0.0852547593,-0.00241318345,-0.3,-0.00429811209,0.256972489
362,15864559,0.182854846,-0.130732313,-0.143577963,0.0493656285,0.0346007645,-0.0302879084,-0.607936263,-0.215719759,-65.425621,-0.379904956,0.0488156341,0.0533061251,0.0146283877,-0.010458585,-0.143073389,-0.0851903114,0.00276806116,-0.00242303267,0.3,0.3,-0.3,-0.256985743,0.00390525073,0.00426449001,0.0146283877,0.143073389,0.00276806116,0.3,0.3,0.00390525073,0.010458585,-0.0851903114,-0.00242303267,-0.3,-0.00426449001,0.256985743
363,15880461,0.182935074,-0.130861595,-0.143662617,0.0494289398,0.0343704671,-0.0303945635,-0.607705653,-0.215492621,-65.426796,-0.379946381,0.0484484844,0.0528729893,0.0146348059,-0.0104689276,-0.143098785,-0.0851713181,0.00274963737,-0.00243156508,0.3,0.3,-0.3,-0.256991957,0.00387587875,0.00422983915,0.0146348059,0.143098785,0.00274963737,0.3,0.3,0.00387587875,0.0104689276,-0.0851713181,-0.00243156508,-0.3,-0.00422983915,0.256991957
364,15902969,0.182899058,-0.130953133,-0.143730924,0.049435854,0.0342985094,-0.0303419102,-0.607435405,-0.215308711,-65.4280396,-0.379928172,0.0482525565,0.0525374226,0.0146319246,-0.0104762506,-0.143119277,-0.0851692438,0.00274388075,-0.00242735282,0.3,0.3,-0.3,-0.256989226,0.00386020452,0.00420299381,0.0146319246,0.143119277,0.00274388075,0.3,0.3,0.00386020452,0.0104762506,-0.0851692438,-0.00242735282,-0.3,-0.00420299381,0.256989226
365,15922813,0.182732895,-0.131263897,-0.143568724,0.0494072661,0.0343326442,-0.0302143116,-0.607151389,-0.215010673,-65.4292755,-0.379859775,0.0480760522,0.0522182174,0.0146186316,-0.0105011117,-0.143070617,-0.0851778202,0.00274661154,-0.00241714492,0.3,0.3,-0.3,-0.256978966,0.00384608418,0.00417745739,0.0146186316,0.143070617,0.00274661154,0.3,0.3,0.00384608418,0.0105011117,-0.0851778202,-0.00241714492,-0.3,-0.00417745739,0.256978966
366,15940836,0.182689399,-0.131593868,-0.143568188,0.0491476953,0.0344543494,-0.0300692841,-0.607233584,-0.215411603,-65.430336,-0.379645526,0.0481995083,0.0520952642,0.0146151519,-0.0105275095,-0.143070456,-0.0852556914,0.00275634795,-0.00240554273,0.3,0.3,-0.3,-0.256946829,0.00385596067,0.00416762114,0.0146151519,0.143070456,0.00275634795,0.3,0.3,0.00385596067,0.0105275095,-0.0852556914,-0.00240554273,-0.3,-0.00416762114,0.256946829
367,15958863,0.182613239,-0.13165988,-0.143618688,0.0490539372,0.0345609225,-0.0300123245,-0.607370377,-0.215839058,-65.4314194,-0.379337013,0.0481965467,0.0514634512,0.0146090591,-0.0105327904,-0.143085606,-0.0852838188,0.0027648738,-0.00240098596,0.3,0.3,-0.3,-0.256900552,0.00385572374,0.0041170761,0.0146090591,0.143085606,0.0027648738,0.3,0.3,0.00385572374,0.0105327904,-0.0852838188,-0.00240098596,-0.3,-0.0041170761,0.256900552
368,15980933,0.182496399,-0.131602168,-0.143669471,0.0490309,0.0346918218,-0.0300019514,-0.607589543,-0.216197386,-65.4327316,-0.379073232,0.0482852757,0.0506780483,0.0145997119,-0.0105281734,-0.143100841,-0.08529073,0.00277534574,-0.00240015611,0.3,0.3,-0.3,-0.256860985,0.00386282206,0.00405424386,0.0145997119,0.143100841,0.00277534574,0.3,0.3,0.00386282206,0.0105281734,-0.08529073,-0.00240015611,-0.3,-0.00405424386,0.256860985
369,16001590,0.182515591,-0.131591171,-0.143667668,0.0488967374,0.0348102562,-0.0299442615,-0.607752323,-0.216591194,-65.4341354,-0.378858,0.0483204201,0.0507475846,0.0146012473,-0.0105272937,-0.1431003,-0.0853309788,0.0027848205,-0.00239554092,0.3,0.3,-0.3,-0.2568287,0.00386563361,0.00405980676,0.0146012473,0.1431003,0.0027848205,0.3,0.3,0.00386563361,0.0105272937,-0.0853309788,-0.00239554092,-0.3,-0.00405980676,0.2568287
370,16020289,0.182721511,-0.131479576,-0.143812075,0.0486719348,0.034902107,-0.0297999755,-0.608424246,-0.217736825,-65.4355774,-0.378659099,0.0485013761,0.0510817394,0.0146177208,-0.0105183661,-0.143143623,-0.0853984196,0.00279216856,-0.00238399804,0.3,0.3,-0.3,-0.256798865,0.00388011009,0.00408653915,0.0146177208,0.143143623,0.00279216856,0.3,0.3,0.00388011009,0.0105183661,-0.0853984196,-0.00238399804,-0.3,-0.00408653915,0.256798865
371,16040649,0.182691529,-0.131499261,-0.143694088,0.0490245894,0.0348905623,-0.0298321825,-0.608311236,-0.217495307,-65.4365463,-0.378581613,0.0488499105,0.0517028533,0.0146153224,-0.0105199409,-0.143108226,-0.0852926232,0.00279124498,-0.0023865746,0.3,0.3,-0.3,-0.256787242,0.00390799284,0.00413622826,0.0146153224,0.143108226,0.00279124498,0.3,0.3,0.00390799284,0.0105199409,-0.0852926232,-0.0023865746,-0.3,-0.00413622826,0.256787242
372,16072105,0.182726935,-0.131587759,-0.143659234,0.0490957312,0.034817826,-0.029898582,-0.608165085,-0.217015192,-65.4373016,-0.378712803,0.0490147546,0.0527550913,0.0146181548,-0.0105270207,-0.14309777,-0.0852712806,0.00278542608,-0.00239188656,0.3,0.3,-0.3,-0.25680692,0.00392118037,0.00422040731,0.0146181548,0.14309777,0.00278542608,0.3,0.3,0.00392118037,0.0105270207,-0.0852712806,-0.00239188656,-0.3,-0.00422040731,0.25680692
373,16077891,0.182692632,-0.13153787,-0.143721551,0.0491880327,0.0346439444,-0.0301632732,-0.607969344,-0.216201365,-65.4379196,-0.378906608,0.0490871109,0.0530024506,0.0146154106,-0.0105230296,-0.143116465,-0.0852435902,0.00277151555,-0.00241306186,0.3,0.3,-0.3,-0.256835991,0.00392696887,0.00424019605,0.0146154106,0.143116465,0.00277151555,0.3,0.3,0.00392696887,0.0105230296,-0.0852435902,-0.00241306186,-0.3,-0.00424019605,0.256835991
374,16100007,0.182400674,-0.131540731,-0.143637523,0.0491836332,0.0346537903,-0.0301819034,-0.607653022,-0.215643778,-65.4385071,-0.379112691,0.0493979044,0.053138908,0.0145920539,-0.0105232584,-0.143091257,-0.08524491,0.00277230322,-0.00241455227,0.3,0.3,-0.3,-0.256866904,0.00395183235,0.00425111264,0.0145920539,0.143091257,0.00277230322,0.3,0.3,0.00395183235,0.0105232584,-0.08524491,-0.00241455227,-0.3,-0.00425111264,0.256866904
375,16121758,0.182263479,-0.131512091,-0.143565997,0.0492998846,0.0345753916,-0.0302335378,-0.607696831,-0.21529974,-65.4393845,-0.379294038,0.0493700728,0.0525091961,0.0145810783,-0.0105209672,-0.143069799,-0.0852100346,0.00276603132,-0.00241868302,0.3,0.3,-0.3,-0.256894106,0.00394960582,0.00420073569,0.0145810783,0.143069799,0.00276603132,0.3,0.3,0.00394960582,0.0105209672,-0.0852100346,-0.00241868302,-0.3,-0.00420073569,0.256894106
376,16142256,0.182468385,-0.131604895,-0.14369145,0.0492552184,0.0345220603,-0.0301990043,-0.608096719,-0.215601563,-65.4400558,-0.379441351,0.049422726,0.0526042096,0.0145974708,-0.0105283916,-0.143107435,-0.0852234345,0.00276176482,-0.00241592035,0.3,0.3,-0.3,-0.256916203,0.00395381808,0.00420833677,0.0145974708,0.143107435,0.00276176482,0.3,0.3,0.00395381808,0.0105283916,-0.0852234345,-0.00241592035,-0.3,-0.00420833677,0.256916203
377,16159358,0.182497472,-0.131668359,-0.143640459,0.0493975244,0.0345384777,-0.0301730093,-0.607996523,-0.215397879,-65.4404984,-0.379548162,0.0494130068,0.0525236093,0.0145997977,-0.0105334687,-0.143092138,-0.0851807427,0.00276307821,-0.00241384074,0.3,0.3,-0.3,-0.256932224,0.00395304054,0.00420188874,0.0145997977,0.143092138,0.00276307821,0.3,0.3,0.00395304054,0.0105334687,-0.0851807427,-0.00241384074,-0.3,-0.00420188874,0.256932224
378,16183485,0.182577193,-0.131611168,-0.143723473,0.0493056886,0.0345794484,-0.0301908311,-0.608072937,-0.215577185,-65.4410706,-0.379634887,0.0493098237,0.0522621274,0.0146061754,-0.0105288935,-0.143117042,-0.0852082934,0.00276635587,-0.00241526648,0.3,0.3,-0.3,-0.256945233,0.00394478589,0.00418097019,0.0146061754,0.143117042,0.00276635587,0.3,0.3,0.00394478589,0.0105288935,-0.0852082934,-0.00241526648,-0.3,-0.00418097019,0.256945233
379,16201168,0.182505071,-0.131577551,-0.143717721,0.0492253825,0.0346503034,-0.0301665347,-0.607912242,-0.215515971,-65.441803,-0.37974444,0.0494304337,0.0525431857,0.0146004057,-0.0105262041,-0.143115316,-0.0852323852,0.00277202427,-0.00241332278,0.3,0.3,-0.3,-0.256961666,0.00395443469,0.00420345485,0.0146004057,0.143115316,0.00277202427,0.3,0.3,0.00395443469,0.0105262041,-0.0852323852,-0.00241332278,-0.3,-0.00420345485,0.256961666
380,16220306,0.182484329,-0.131602079,-0.143749222,0.0492333584,0.0345797427,-0.0302405935,-0.607744694,-0.215304747,-65.4425735,-0.379807383,0.0493578091,0.0528894961,0.0145987463,-0.0105281663,-0.143124767,-0.0852299925,0.00276637942,-0.00241924748,0.3,0.3,-0.3,-0.256971107,0.00394862473,0.00423115969,0.0145987463,0.143124767,0.00276637942,0.3,0.3,0.00394862473,0.0105281663,-0.0852299925,-0.00241924748,-0.3,-0.00423115969,0.256971107
381,16240967,0.182589605,-0.131482229,-0.143757626,0.0491619147,0.0345582142,-0.030259423,-0.607970417,-0.215743661,-65.4429626,-0.37974897,0.0490477681,0.0526811555,0.0146071684,-0.0105185783,-0.143127288,-0.0852514256,0.00276465714,-0.00242075384,0.3,0.3,-0.3,-0.256962346,0.00392382145,0.00421449244,0.0146071684,0.143127288,0.00276465714,0.3,0.3,0.00392382145,0.0105185783,-0.0852514256,-0.00242075384,-0.3,-0.00421449244,0.256962346
382,16263261,0.18268384,-0.131347761,-0.143642858,0.049262803,0.0344800688,-0.0303490404,-0.607934535,-0.215589672,-65.4434586,-0.379733562,0.0485770665,0.0523033999,0.0146147072,-0.0105078208,-0.143092857,-0.0852211591,0.00275840551,-0.00242792323,0.3,0.3,-0.3,-0.256960034,0.00388616532,0.00418427199,0.0146147072,0.143092857,0.00275840551,0.3,0.3,0.00388616532,0.0105078208,-0.0852211591,-0.00242792323,-0.3,-0.00418427199,0.256960034
383,16281209,0.182716906,-0.131375998,-0.143589586,0.049219165,0.0345381461,-0.0302811805,-0.607905984,-0.215831295,-65.4440002,-0.379723191,0.0486015081,0.0523255356,0.0146173525,-0.0105100799,-0.143076876,-0.0852342505,0.00276305169,-0.00242249444,0.3,0.3,-0.3,-0.256958479,0.00388812065,0.00418604285,0.0146173525,0.143076876,0.00276305169,0.3,0.3,0.00388812065,0.0105100799,-0.0852342505,-0.00242249444,-0.3,-0.00418604285,0.256958479
384,16303748,0.182646498,-0.131311581,-0.143657714,0.049234625,0.0345383435,-0.0302449632,-0.607745111,-0.215875193,-65.4446564,-0.379658401,0.0485850088,0.0522205196,0.0146117198,-0.0105049264,-0.143097314,-0.0852296125,0.00276306748,-0.00241959706,0.3,0.3,-0.3,-0.25694876,0.00388680071,0.00417764157,0.0146117198,0.143097314,0.00276306748,0.3,0.3,0.00388680071,0.0105049264,-0.0852296125,-0.00241959706,-0.3,-0.00417764157,0.25694876
385,16322430,0.182638884,-0.131266326,-0.14366591,0.0490893908,0.034548074,-0.0301500391,-0.607843697,-0.216267571,-65.4452438,-0.37957862,0.0484676808,0.0520687923,0.0146111107,-0.0105013061,-0.143099773,-0.0852731828,0.00276384592,-0.00241200313,0.3,0.3,-0.3,-0.256936793,0.00387741446,0.00416550338,0.0146111107,0.143099773,0.00276384592,0.3,0.3,0.00387741446,0.0105013061,-0.0852731828,-0.00241200313,-0.3,-0.00416550338,0.256936793
386,16344435,0.182437807,-0.131555438,-0.143508092,0.0492348671,0.0345862173,-0.0300975237,-0.607494831,-0.215738997,-65.4456558,-0.37938863,0.0487696156,0.052218087,0.0145950246,-0.010524435,-0.143052427,-0.0852295399,0.00276689738,-0.0024078019,0.3,0.3,-0.3,-0.256908295,0.00390156925,0.00417744696,0.0145950246,0.143052427,0.00276689738,0.3,0.3,0.00390156925,0.010524435,-0.0852295399,-0.0024078019,-0.3,-0.00417744696,0.256908295
387,16361736,0.182260975,-0.131781369,-0.143621728,0.049154412,0.0346276052,-0.0300602429,-0.60747093,-0.2158425,-65.4460754,-0.379229426,0.0490071177,0.0525099784,0.014580878,-0.0105425096,-0.143086518,-0.0852536764,0.00277020842,-0.00240481943,0.3,0.3,-0.3,-0.256884414,0.00392056942,0.00420079827,0.014580878,0.143086518,0.00277020842,0.3,0.3,0.00392056942,0.0105425096,-0.0852536764,-0.00240481943,-0.3,-0.00420079827,0.256884414
388,16381095,0.182206884,-0.131708726,-0.143698767,0.0491805635,0.0346232392,-0.0301442742,-0.607552588,-0.215755463,-65.4464493,-0.379176617,0.0489474274,0.0524434969,0.0145765507,-0.0105366981,-0.14310963,-0.0852458309,0.00276985914,-0.00241154194,0.3,0.3,-0.3,-0.256876493,0.00391579419,0.00419547975,0.0145765507,0.14310963,0.00276985914,0.3,0.3,0.00391579419,0.0105366981,-0.0852458309,-0.00241154194,-0.3,-0.00419547975,0.256876493
389,16402740,0.182189897,-0.131571636,-0.143778995,0.049145218,0.0346285403,-0.0301563013,-0.607684076,-0.215876266,-65.4468765,-0.379107326,0.0489750057,0.0524118282,0.0145751917,-0.0105257308,-0.143133698,-0.0852564346,0.00277028322,-0.00241250411,0.3,0.3,-0.3,-0.256866099,0.00391800046,0.00419294626,0.0145751917,0.143133698,0.00277028322,0.3,0.3,0.00391800046,0.0105257308,-0.0852564346,-0.00241250411,-0.3,-0.00419294626,0.256866099
390,16421435,0.182295993,-0.13153924,-0.14368093,0.0490915738,0.0347101763,-0.0300754886,-0.608046949,-0.216169551,-65.4476318,-0.379074663,0.0489761792,0.0523105003,0.0145836794,-0.0105231392,-0.143104279,-0.0852725279,0.0027768141,-0.00240603909,0.3,0.3,-0.3,-0.256861199,0.00391809434,0.00418484002,0.0145836794,0.143104279,0.0027768141,0.3,0.3,0.00391809434,0.0105231392,-0.0852725279,-0.00240603909,-0.3,-0.00418484002,0.256861199
391,16445599,0.182345331,-0.131606847,-0.143602416,0.0492496267,0.0346634984,-0.0301020388,-0.607845962,-0.215706572,-65.4480972,-0.378993094,0.0488618538,0.0521069281,0.0145876265,-0.0105285478,-0.143080725,-0.085225112,0.00277307987,-0.0024081631,0.3,0.3,-0.3,-0.256848964,0.0039089483,0.00416855425,0.0145876265,0.143080725,0.00277307987,0.3,0.3,0.0039089483,0.0105285478,-0.085225112,-0.0024081631,-0.3,-0.00416855425,0.256848964
392,16459864,0.182489455,-0.13178952,-0.14358218,0.0493820235,0.0345986597,-0.0301175192,-0.60785681,-0.215623155,-65.4485474,-0.378991067,0.0488186814,0.0520750359,0.0145991564,-0.0105431616,-0.143074654,-0.0851853929,0.00276789278,-0.00240940154,0.3,0.3,-0.3,-0.25684866,0.00390549451,0.00416600287,0.0145991564,0.143074654,0.00276789278,0.3,0.3,0.00390549451,0.0105431616,-0.0851853929,-0.00240940154,-0.3,-0.00416600287,0.25684866
393,16482491,0.182538539,-0.131918669,-0.143506497,0.0493897572,0.0345667861,-0.0301165134,-0.607663095,-0.215489253,-65.4488831,-0.379050732,0.048761081,0.0521355383,0.0146030831,-0.0105534935,-0.143051949,-0.0851830728,0.00276534289,-0.00240932107,0.3,0.3,-0.3,-0.25685761,0.00390088648,0.00417084306,0.0146030831,0.143051949,0.00276534289,0.3,0.3,0.00390088648,0.0105534935,-0.0851830728,-0.00240932107,-0.3,-0.00417084306,0.25685761
394,16499753,0.182610601,-0.131864592,-0.143732354,0.0493705682,0.034438394,-0.030181827,-0.607733905,-0.215453625,-65.4494324,-0.379057586,0.0486576334,0.0521144755,0.0146088481,-0.0105491674,-0.143119706,-0.0851888295,0.00275507152,-0.00241454616,0.3,0.3,-0.3,-0.256858638,0.00389261067,0.00416915804,0.0146088481,0.143119706,0.00275507152,0.3,0.3,0.00389261067,0.0105491674,-0.0851888295,-0.00241454616,-0.3,-0.00416915804,0.256858638
395,16524621,0.182481512,-0.131947666,-0.143687308,0.049492754,0.0343786217,-0.0301965103,-0.607629538,-0.215223953,-65.4499207,-0.379051,0.0486730337,0.0519902669,0.014598521,-0.0105558133,-0.143106192,-0.0851521738,0.00275028974,-0.00241572082,0.3,0.3,-0.3,-0.25685765,0.0038938427,0.00415922135,0.014598521,0.143106192,0.00275028974,0.3,0.3,0.0038938427,0.0105558133,-0.0851521738,-0.00241572082,-0.3,-0.00415922135,0.25685765
396,16546046,0.182350203,-0.132149622,-0.143582031,0.0494728163,0.0343675539,-0.0301995091,-0.607308745,-0.214823872,-65.4501953,-0.37901926,0.0486149415,0.0518468246,0.0145880163,-0.0105719697,-0.143074609,-0.0851581551,0.00274940431,-0.00241596073,0.3,0.3,-0.3,-0.256852889,0.00388919532,0.00414774597,0.0145880163,0.143074609,0.00274940431,0.3,0.3,0.00388919532,0.0105719697,-0.0851581551,-0.00241596073,-0.3,-0.00414774597,0.256852889
397,16565906,0.18248035,-0.132176504,-0.143567681,0.0492503271,0.0344560556,-0.030088203,-0.607636213,-0.215668947,-65.4504318,-0.378964186,0.0487410165,0.0517337434,0.014598428,-0.0105741203,-0.143070304,-0.0852249019,0.00275648445,-0.00240705624,0.3,0.3,-0.3,-0.256844628,0.00389928132,0.00413869947,0.014598428,0.143070304,0.00275648445,0.3,0.3,0.00389928132,0.0105741203,-0.0852249019,-0.00240705624,-0.3,-0.00413869947,0.256844628
398,16580584,0.18246074,-0.132044002,-0.143565714,0.0492218435,0.0345223211,-0.0301002823,-0.607653975,-0.215825811,-65.4506378,-0.37896058,0.0487363376,0.0517280027,0.0145968592,-0.0105635202,-0.143069714,-0.085233447,0.00276178569,-0.00240802258,0.3,0.3,-0.3,-0.256844087,0.00389890701,0.00413824022,0.0145968592,0.143069714,0.00276178569,0.3,0.3,0.00389890701,0.0105635202,-0.085233447,-0.00240802258,-0.3,-0.00413824022,0.256844087
399,16602019,0.182472542,-0.131841779,-0.143607661,0.0490137972,0.0346702076,-0.0300211571,-0.607831895,-0.21625641,-65.4511032,-0.378954738,0.0488040298,0.0517240353,0.0145978034,-0.0105473423,-0.143082298,-0.0852958608,0.00277361661,-0.00240169257,0.3,0.3,-0.3,-0.256843211,0.00390432239,0.00413792282,0.0145978034,0.143082298,0.00277361661,0.3,0.3,0.00390432239,0.0105473423,-0.0852958608,-0.00240169257,-0.3,-0.00413792282,0.256843211
400,16620818,0.182278916,-0.131876692,-0.143486753,0.0491447747,0.0346654393,-0.0300782658,-0.607498705,-0.215626493,-65.4516068,-0.378860623,0.0488264412,0.0518537909,0.0145823133,-0.0105501354,-0.143046026,-0.0852565676,0.00277323514,-0.00240626127,0.3,0.3,-0.3,-0.256829093,0.00390611529,0.00414830327,0.0145823133,0.143046026,0.00277323514,0.3,0.3,0.00390611529,0.0105501354,-0.0852565676,-0.00240626127,-0.3,-0.00414830327,0.256829093
401,16642824,0.182146981,-0.131876707,-0.143623978,0.0491053946,0.0345909521,-0.0301548876,-0.607472956,-0.215621248,-65.4518509,-0.378746748,0.0487586483,0.051985994,0.0145717585,-0.0105501366,-0.143087193,-0.0852683816,0.00276727617,-0.00241239101,0.3,0.3,-0.3,-0.256812012,0.00390069187,0.00415887952,0.0145717585,0.143087193,0.00276727617,0.3,0.3,0.00390069187,0.0105501366,-0.0852683816,-0.00241239101,-0.3,-0.00415887952,0.256812012
402,16662089,0.182373524,-0.131674021,-0.143779978,0.0491763018,0.0344836488,-0.0302433297,-0.60806793,-0.216299683,-65.4520035,-0.378690749,0.0486634262,0.0517771654,0.0145898819,-0.0105339217,-0.143133993,-0.0852471095,0.00275869191,-0.00241946638,0.3,0.3,-0.3,-0.256803612,0.0038930741,0.00414217323,0.0145898819,0.143133993,0.00275869191,0.3,0.3,0.0038930741,0.0105339217,-0.0852471095,-0.00241946638,-0.3,-0.00414217323,0.256803612
403,16684576,0.182467207,-0.131467044,-0.143748984,0.0491082221,0.0345645361,-0.0301670264,-0.608225107,-0.216471106,-65.4522476,-0.378706127,0.0485870764,0.0516675189,0.0145973766,-0.0105173635,-0.143124695,-0.0852675334,0.00276516289,-0.00241336212,0.3,0.3,-0.3,-0.256805919,0.00388696611,0.00413340151,0.0145973766,0.143124695,0.00276516289,0.3,0.3,0.00388696611,0.0105173635,-0.0852675334,-0.00241336212,-0.3,-0.00413340151,0.256805919
404,16700186,0.182495371,-0.131533191,-0.143584341,0.0493119285,0.0346041545,-0.0301821157,-0.608045638,-0.21619384,-65.4527359,-0.378801912,0.0486643314,0.0515675731,0.0145996296,-0.0105226552,-0.143075302,-0.0852064215,0.00276833236,-0.00241456926,0.3,0.3,-0.3,-0.256820287,0.00389314651,0.00412540585,0.0145996296,0.143075302,0.00276833236,0.3,0.3,0.00389314651,0.0105226552,-0.0852064215,-0.00241456926,-0.3,-0.00412540585,0.256820287
405,16721275,0.182491213,-0.131604582,-0.14351894,0.04914435,0.0346369259,-0.0300719589,-0.607895911,-0.216372505,-65.45298,-0.378786683,0.0485940278,0.0515634269,0.014599297,-0.0105283666,-0.143055682,-0.085256695,0.00277095407,-0.00240575671,0.3,0.3,-0.3,-0.256818002,0.00388752222,0.00412507415,0.014599297,0.143055682,0.00277095407,0.3,0.3,0.00388752222,0.0105283666,-0.085256695,-0.00240575671,-0.3,-0.00412507415,0.256818002
406,16741266,0.182403967,-0.131715506,-0.143538728,0.0491653755,0.0346350223,-0.0300479755,-0.607670665,-0.215991035,-65.4532318,-0.378807038,0.0487064272,0.0517467894,0.0145923173,-0.0105372405,-0.143061619,-0.0852503873,0.00277080178,-0.00240383804,0.3,0.3,-0.3,-0.256821056,0.00389651418,0.00413974315,0.0145923173,0.143061619,0.00277080178,0.3,0.3,0.00389651418,0.0105372405,-0.0852503873,-0.00240383804,-0.3,-0.00413974315,0.256821056
407,16761427,0.182328075,-0.131919965,-0.143423453,0.0491483547,0.0346369557,-0.0300199762,-0.607416332,-0.215719178,-65.4534149,-0.37873444,0.0488039181,0.0520128272,0.014586246,-0.0105535972,-0.143027036,-0.0852554936,0.00277095646,-0.0024015981,0.3,0.3,-0.3,-0.256810166,0.00390431345,0.00416102618,0.014586246,0.143027036,0.00277095646,0.3,0.3,0.00390431345,0.0105535972,-0.0852554936,-0.0024015981,-0.3,-0.00416102618,0.256810166
408,16789608,0.18227002,-0.132156149,-0.143475369,0.0491499081,0.0345789865,-0.0300915521,-0.607280791,-0.215507224,-65.4534607,-0.378861189,0.0489028282,0.0528141223,0.0145816016,-0.0105724919,-0.143042611,-0.0852550276,0.00276631892,-0.00240732417,0.3,0.3,-0.3,-0.256829178,0.00391222626,0.00422512978,0.0145816016,0.143042611,0.00276631892,0.3,0.3,0.00391222626,0.0105724919,-0.0852550276,-0.00240732417,-0.3,-0.00422512978,0.256829178
409,16800952,0.182358399,-0.131833971,-0.143719107,0.0492144376,0.0344029255,-0.0302730724,-0.607590258,-0.215628296,-65.4534836,-0.378761262,0.0485463887,0.0519436486,0.0145886719,-0.0105467176,-0.143115732,-0.0852356687,0.00275223404,-0.00242184579,0.3,0.3,-0.3,-0.256814189,0.0038837111,0.00415549189,0.0145886719,0.143115732,0.00275223404,0.3,0.3,0.0038837111,0.0105467176,-0.0852356687,-0.00242184579,-0.3,-0.00415549189,0.256814189
410,16823807,0.182312772,-0.131885484,-0.143548787,0.0492751598,0.0344536081,-0.0302087627,-0.607674718,-0.215639398,-65.4537506,-0.378781289,0.0485946499,0.0517505594,0.0145850217,-0.0105508387,-0.143064636,-0.085217452,0.00275628865,-0.00241670102,0.3,0.3,-0.3,-0.256817193,0.00388757199,0.00414004475,0.0145850217,0.143064636,0.00275628865,0.3,0.3,0.00388757199,0.0105508387,-0.085217452,-0.00241670102,-0.3,-0.00414004475,0.256817193
411,16838879,0.182490468,-0.132017255,-0.143494427,0.0492386781,0.0344850868,-0.0301215015,-0.607755244,-0.21558015,-65.4540863,-0.37871027,0.0485557839,0.0515769832,0.0145992374,-0.0105613804,-0.143048328,-0.0852283966,0.00275880694,-0.00240972012,0.3,0.3,-0.3,-0.25680654,0.00388446271,0.00412615865,0.0145992374,0.143048328,0.00275880694,0.3,0.3,0.00388446271,0.0105613804,-0.0852283966,-0.00240972012,-0.3,-0.00412615865,0.25680654
412,16861959,0.182520732,-0.132197812,-0.143527851,0.0493103974,0.034473896,-0.0301446449,-0.607529819,-0.21535635,-65.4542313,-0.378640592,0.0484575778,0.0514898822,0.0146016586,-0.010575825,-0.143058355,-0.0852068808,0.00275791168,-0.00241157159,0.3,0.3,-0.3,-0.256796089,0.00387660623,0.00411919057,0.0146016586,0.143058355,0.00275791168,0.3,0.3,0.00387660623,0.010575825,-0.0852068808,-0.00241157159,-0.3,-0.00411919057,0.256796089
413,16891772,0.182302162,-0.132275671,-0.143595681,0.0494713075,0.0344398208,-0.0301889852,-0.607380152,-0.21524471,-65.4542007,-0.378621429,0.0484659746,0.0514148101,0.014584173,-0.0105820537,-0.143078704,-0.0851586077,0.00275518566,-0.00241511881,0.3,0.3,-0.3,-0.256793214,0.00387727797,0.00411318481,0.014584173,0.143078704,0.00275518566,0.3,0.3,0.00387727797,0.0105820537,-0.0851586077,-0.00241511881,-0.3,-0.00411318481,0.256793214
414,16898502,0.182139859,-0.132470265,-0.143451929,0.049462311,0.0344757102,-0.0301842503,-0.607174933,-0.21481283,-65.4544525,-0.378650904,0.0485441834,0.0513876155,0.0145711887,-0.0105976212,-0.143035579,-0.0851613067,0.00275805682,-0.00241474003,0.3,0.3,-0.3,-0.256797636,0.00388353467,0.00411100924,0.0145711887,0.143035579,0.00275805682,0.3,0.3,0.00388353467,0.0105976212,-0.0851613067,-0.00241474003,-0.3,-0.00411100924,0.256797636
415,16922834,0.181962416,-0.132624716,-0.143456012,0.0493821166,0.0344797857,-0.030116206,-0.607105255,-0.214775801,-65.4547577,-0.378613561,0.0487892292,0.0513987839,0.0145569932,-0.0106099772,-0.143036804,-0.085185365,0.00275838286,-0.00240929648,0.3,0.3,-0.3,-0.256792034,0.00390313834,0.00411190271,0.0145569932,0.143036804,0.00275838286,0.3,0.3,0.00390313834,0.0106099772,-0.085185365,-0.00240929648,-0.3,-0.00411190271,0.256792034
416,16943163,0.181856483,-0.132838815,-0.143370226,0.0493595079,0.0345019437,-0.0300861616,-0.607049584,-0.214774176,-65.4547272,-0.37853083,0.0488310158,0.0513483882,0.0145485187,-0.0106271052,-0.143011068,-0.0851921476,0.0027601555,-0.00240689293,0.3,0.3,-0.3,-0.256779625,0.00390648127,0.00410787106,0.0145485187,0.143011068,0.0027601555,0.3,0.3,0.00390648127,0.0106271052,-0.0851921476,-0.00240689293,-0.3,-0.00410787106,0.256779625
417,16966506,0.18199493,-0.132839739,-0.143552154,0.0492894016,0.0344327539,-0.0301251039,-0.607396185,-0.214992553,-65.4548492,-0.378436178,0.0485979803,0.0511458367,0.0145595944,-0.0106271791,-0.143065646,-0.0852131795,0.00275462031,-0.00241000831,0.3,0.3,-0.3,-0.256765427,0.00388783842,0.00409166694,0.0145595944,0.143065646,0.00275462031,0.3,0.3,0.00388783842,0.0106271791,-0.0852131795,-0.00241000831,-0.3,-0.00409166694,0.256765427
418,16982775,0.182227254,-0.132529452,-0.1437269,0.049027238,0.0345279388,-0.0301246606,-0.607964873,-0.215743229,-65.4550171,-0.378336251,0.0484527461,0.051053945,0.0145781803,-0.0106023562,-0.14311807,-0.0852918286,0.00276223511,-0.00240997285,0.3,0.3,-0.3,-0.256750438,0.00387621969,0.0040843156,0.0145781803,0.14311807,0.00276223511,0.3,0.3,0.00387621969,0.0106023562,-0.0852918286,-0.00240997285,-0.3,-0.0040843156,0.256750438
419,17005594,0.182231814,-0.132371768,-0.143670246,0.0491652153,0.0346389338,-0.0301386043,-0.607981563,-0.215946108,-65.4553299,-0.378375381,0.0485969298,0.0511870235,0.0145785451,-0.0105897415,-0.143101074,-0.0852504354,0.00277111471,-0.00241108835,0.3,0.3,-0.3,-0.256756307,0.00388775438,0.00409496188,0.0145785451,0.143101074,0.00277111471,0.3,0.3,0.00388775438,0.0105897415,-0.0852504354,-0.00241108835,-0.3,-0.00409496188,0.256756307
420,17029451,0.182401404,-0.132212013,-0.143653989,0.0491724089,0.0346311256,-0.030099893,-0.608285844,-0.216326371,-65.4556732,-0.378393859,0.0485155918,0.0511143431,0.0145921123,-0.010576961,-0.143096197,-0.0852482773,0.00277049005,-0.00240799144,0.3,0.3,-0.3,-0.256759079,0.00388124734,0.00408914745,0.0145921123,0.143096197,0.00277049005,0.3,0.3,0.00388124734,0.010576961,-0.0852482773,-0.00240799144,-0.3,-0.00408914745,0.256759079
421,17040763,0.182425424,-0.132310942,-0.143434808,0.049326174,0.0346289575,-0.0300861951,-0.607971191,-0.216064006,-65.4556427,-0.378453165,0.0486939438,0.0512702465,0.014594034,-0.0105848753,-0.143030442,-0.0852021478,0.0027703166,-0.00240689561,0.3,0.3,-0.3,-0.256767975,0.0038955155,0.00410161972,0.014594034,0.143030442,0.0027703166,0.3,0.3,0.0038955155,0.0105848753,-0.0852021478,-0.00240689561,-0.3,-0.00410161972,0.256767975
422,17060647,0.182354003,-0.132513627,-0.143362775,0.0495703146,0.0345322639,-0.0301323161,-0.607445717,-0.215242282,-65.455658,-0.37846598,0.0488158055,0.0515660979,0.0145883203,-0.0106010902,-0.143008833,-0.0851289056,0.00276258111,-0.00241058528,0.3,0.3,-0.3,-0.256769897,0.00390526444,0.00412528783,0.0145883203,0.143008833,0.00276258111,0.3,0.3,0.00390526444,0.0106010902,-0.0851289056,-0.00241058528,-0.3,-0.00412528783,0.256769897
423,17080438,0.182391733,-0.132409364,-0.143487334,0.0492544472,0.034553051,-0.0300606042,-0.607445776,-0.215541795,-65.4557495,-0.378537148,0.0487499274,0.0516378097,0.0145913386,-0.0105927491,-0.1430462,-0.0852236658,0.00276424408,-0.00240484834,0.3,0.3,-0.3,-0.256780572,0.00389999419,0.00413102478,0.0145913386,0.1430462,0.00276424408,0.3,0.3,0.00389999419,0.0105927491,-0.0852236658,-0.00240484834,-0.3,-0.00413102478,0.256780572
424,17099714,0.182355016,-0.132307872,-0.143492267,0.0494547524,0.0344248191,-0.0301788952,-0.607129216,-0.215136558,-65.4558945,-0.378601849,0.0486110561,0.0516581647,0.0145884013,-0.0105846298,-0.14304768,-0.0851635743,0.00275398552,-0.00241431162,0.3,0.3,-0.3,-0.256790277,0.00388888448,0.00413265318,0.0145884013,0.14304768,0.00275398552,0.3,0.3,0.00388888448,0.0105846298,-0.0851635743,-0.00241431162,-0.3,-0.00413265318,0.256790277
425,17134322,0.182212949,-0.132393047,-0.143433914,0.0494728349,0.0343854763,-0.030153336,-0.606959283,-0.214895353,-65.4560165,-0.378592223,0.0484894104,0.0517222695,0.0145770359,-0.0105914438,-0.143030174,-0.0851581495,0.0027508381,-0.00241226688,0.3,0.3,-0.3,-0.256788833,0.00387915283,0.00413778156,0.0145770359,0.143030174,0.0027508381,0.3,0.3,0.00387915283,0.0105914438,-0.0851581495,-0.00241226688,-0.3,-0.00413778156,0.256788833
426,17142836,0.182261541,-0.13237223,-0.143506184,0.0493041165,0.0343921147,-0.0301224478,-0.607166827,-0.215213358,-65.4560013,-0.378556758,0.0484542809,0.0517145023,0.0145809233,-0.0105897784,-0.143051855,-0.085208765,0.00275136918,-0.00240979582,0.3,0.3,-0.3,-0.256783514,0.00387634248,0.00413716018,0.0145809233,0.143051855,0.00275136918,0.3,0.3,0.00387634248,0.0105897784,-0.085208765,-0.00240979582,-0.3,-0.00413716018,0.256783514
427,17160270,0.182347715,-0.13225098,-0.143472627,0.0492848605,0.0344095267,-0.0301343706,-0.607230544,-0.215378866,-65.455925,-0.378482968,0.0483012646,0.0514506586,0.0145878172,-0.0105800784,-0.143041788,-0.0852145419,0.00275276214,-0.00241074964,0.3,0.3,-0.3,-0.256772445,0.00386410117,0.00411605269,0.0145878172,0.143041788,0.00275276214,0.3,0.3,0.00386410117,0.0105800784,-0.0852145419,-0.00241074964,-0.3,-0.00411605269,0.256772445
428,17182423,0.182333991,-0.132087573,-0.143520683,0.0492684506,0.0344507061,-0.0301625337,-0.607289076,-0.21552965,-65.4559479,-0.378511935,0.0483121499,0.0512992591,0.0145867193,-0.0105670059,-0.143056205,-0.0852194648,0.00275605649,-0.0024130027,0.3,0.3,-0.3,-0.25677679,0.003864972,0.00410394073,0.0145867193,0.143056205,0.00275605649,0.3,0.3,0.003864972,0.0105670059,-0.0852194648,-0.0024130027,-0.3,-0.00410394073,0.25677679
429,17201453,0.182298347,-0.131850451,-0.143644154,0.0492021367,0.034500353,-0.0301917773,-0.607408106,-0.215602219,-65.4562378,-0.378493041,0.0482772365,0.051305376,0.0145838678,-0.0105480361,-0.143093246,-0.085239359,0.00276002824,-0.00241534218,0.3,0.3,-0.3,-0.256773956,0.00386217892,0.00410443008,0.0145838678,0.143093246,0.00276002824,0.3,0.3,0.00386217892,0.0105480361,-0.085239359,-0.00241534218,-0.3,-0.00410443008,0.256773956
430,17231077,0.182228848,-0.131812304,-0.143630594,0.0491827577,0.0345546454,-0.0301357266,-0.60753423,-0.215605736,-65.4566116,-0.378515989,0.0483220033,0.05136583,0.0145783079,-0.0105449843,-0.143089178,-0.0852451727,0.00276437163,-0.00241085812,0.3,0.3,-0.3,-0.256777398,0.00386576027,0.0041092664,0.0145783079,0.143089178,0.00276437163,0.3,0.3,0.00386576027,0.0105449843,-0.0852451727,-0.00241085812,-0.3,-0.0041092664,0.256777398
431,17240676,0.182219803,-0.131779358,-0.143571377,0.0490541942,0.0346378721,-0.0300291311,-0.607595265,-0.215978324,-65.4566574,-0.378467739,0.0484729595,0.0514975861,0.0145775843,-0.0105423486,-0.143071413,-0.0852837417,0.00277102977,-0.00240233049,0.3,0.3,-0.3,-0.256770161,0.00387783676,0.00411980689,0.0145775843,0.143071413,0.00277102977,0.3,0.3,0.00387783676,0.0105423486,-0.0852837417,-0.00240233049,-0.3,-0.00411980689,0.256770161
432,17262082,0.182328358,-0.131673172,-0.143616155,0.049100142,0.034650214,-0.0300622433,-0.607813954,-0.216240451,-65.45681,-0.378449768,0.0485437661,0.0516573936,0.0145862687,-0.0105338538,-0.143084846,-0.0852699574,0.00277201712,-0.00240497947,0.3,0.3,-0.3,-0.256767465,0.00388350129,0.00413259149,0.0145862687,0.143084846,0.00277201712,0.3,0.3,0.00388350129,0.0105338538,-0.0852699574,-0.00240497947,-0.3,-0.00413259149,0.256767465
433,17286825,0.182509035,-0.131486252,-0.143572584,0.0490488894,0.0346423648,-0.0300860964,-0.607999027,-0.216345176,-65.4570694,-0.378481895,0.048410099,0.0516378284,0.0146007228,-0.0105189002,-0.143071775,-0.0852853332,0.00277138919,-0.00240688771,0.3,0.3,-0.3,-0.256772284,0.00387280792,0.00413102627,0.0146007228,0.143071775,0.00277138919,0.3,0.3,0.00387280792,0.0105189002,-0.0852853332,-0.00240688771,-0.3,-0.00413102627,0.256772284
434,17299778,0.182495207,-0.131507739,-0.143463686,0.0491937809,0.0346128345,-0.0301236138,-0.607609928,-0.215919316,-65.4573822,-0.378537804,0.048483029,0.0517401882,0.0145996165,-0.0105206192,-0.143039106,-0.0852418657,0.00276902676,-0.0024098891,0.3,0.3,-0.3,-0.256780671,0.00387864232,0.00413921505,0.0145996165,0.143039106,0.00276902676,0.3,0.3,0.00387864232,0.0105206192,-0.0852418657,-0.0024098891,-0.3,-0.00413921505,0.256780671
435,17322363,0.182620361,-0.131445095,-0.143620223,0.049086567,0.0345446989,-0.0300596412,-0.607925415,-0.216452554,-65.4576721,-0.378493965,0.0484898165,0.0516395308,0.0146096289,-0.0105156076,-0.143086067,-0.0852740299,0.00276357591,-0.0024047713,0.3,0.3,-0.3,-0.256774095,0.00387918532,0.00413116246,0.0146096289,0.143086067,0.00276357591,0.3,0.3,0.00387918532,0.0105156076,-0.0852740299,-0.0024047713,-0.3,-0.00413116246,0.256774095
436,17341833,0.18263945,-0.131554365,-0.143520355,0.049220182,0.0345496722,-0.030028481,-0.607789814,-0.216175258,-65.4578781,-0.378527611,0.0486176871,0.0516651236,0.014611156,-0.0105243492,-0.143056107,-0.0852339454,0.00276397377,-0.00240227848,0.3,0.3,-0.3,-0.256779142,0.00388941497,0.00413320988,0.014611156,0.143056107,0.00276397377,0.3,0.3,0.00388941497,0.0105243492,-0.0852339454,-0.00240227848,-0.3,-0.00413320988,0.256779142
437,17374021,0.182559356,-0.131716445,-0.143532634,0.0492860973,0.0345195234,-0.03005144,-0.607477248,-0.215758443,-65.4579086,-0.37851575,0.048773963,0.051753737,0.0146047485,-0.0105373156,-0.14305979,-0.0852141708,0.00276156187,-0.0024041152,0.3,0.3,-0.3,-0.256777363,0.00390191704,0.00414029896,0.0146047485,0.14305979,0.00276156187,0.3,0.3,0.00390191704,0.0105373156,-0.0852141708,-0.0024041152,-0.3,-0.00414029896,0.256777363
438,17381551,0.182434425,-0.131694838,-0.143709913,0.0490339473,0.0346261635,-0.0300246701,-0.607535303,-0.216006249,-65.4580612,-0.378521591,0.0489216447,0.0520202331,0.014594754,-0.0105355871,-0.143112974,-0.0852898158,0.00277009308,-0.00240197361,0.3,0.3,-0.3,-0.256778239,0.00391373158,0.00416161865,0.014594754,0.143112974,0.00277009308,0.3,0.3,0.00391373158,0.0105355871,-0.0852898158,-0.00240197361,-0.3,-0.00416161865,0.256778239
439,17400567,0.182238877,-0.131579667,-0.143741012,0.0490571447,0.0346577354,-0.030084094,-0.607400119,-0.215865314,-65.4582825,-0.378607273,0.0490454957,0.0523000211,0.0145791101,-0.0105263734,-0.143122303,-0.0852828566,0.00277261883,-0.00240672752,0.3,0.3,-0.3,-0.256791091,0.00392363966,0.00418400168,0.0145791101,0.143122303,0.00277261883,0.3,0.3,0.00392363966,0.0105263734,-0.0852828566,-0.00240672752,-0.3,-0.00418400168,0.256791091
440,17426593,0.182290807,-0.131391525,-0.143750146,0.0489490516,0.03469209,-0.0300643016,-0.607824385,-0.2161863,-65.4586639,-0.378632128,0.0489429906,0.0523014367,0.0145832646,-0.010511322,-0.143125044,-0.0853152845,0.0027753672,-0.00240514413,0.3,0.3,-0.3,-0.256794819,0.00391543925,0.00418411493,0.0145832646,0.143125044,0.0027753672,0.3,0.3,0.00391543925,0.010511322,-0.0853152845,-0.00240514413,-0.3,-0.00418411493,0.256794819
441,17439627,0.18244341,-0.131298676,-0.143700838,0.0490696467,0.0346415713,-0.030146597,-0.608027577,-0.216212869,-65.4588699,-0.378664196,0.048793029,0.0521590561,0.0145954728,-0.0105038941,-0.143110251,-0.085279106,0.00277132571,-0.00241172776,0.3,0.3,-0.3,-0.256799629,0.00390344232,0.00417272449,0.0145954728,0.143110251,0.00277132571,0.3,0.3,0.00390344232,0.0105038941,-0.085279106,-0.00241172776,-0.3,-0.00417272449,0.256799629
442,17462263,0.182631955,-0.131144464,-0.143702,0.0492139198,0.0345857181,-0.0302070901,-0.608086467,-0.216392979,-65.4588928,-0.378685206,0.0487797484,0.0521213412,0.0146105564,-0.0104915571,-0.1431106,-0.0852358241,0.00276685745,-0.00241656721,0.3,0.3,-0.3,-0.256802781,0.00390237987,0.0041697073,0.0146105564,0.1431106,0.00276685745,0.3,0.3,0.00390237987,0.0104915571,-0.0852358241,-0.00241656721,-0.3,-0.0041697073,0.256802781
443,17480843,0.182675004,-0.130997598,-0.143785536,0.0492751412,0.0345166288,-0.0303000286,-0.608003855,-0.21607852,-65.4590149,-0.378774792,0.0484756976,0.0520044155,0.0146140003,-0.0104798079,-0.143135661,-0.0852174576,0.00276133031,-0.00242400229,0.3,0.3,-0.3,-0.256816219,0.00387805581,0.00416035324,0.0146140003,0.143135661,0.00276133031,0.3,0.3,0.00387805581,0.0104798079,-0.0852174576,-0.00242400229,-0.3,-0.00416035324,0.256816219
444,17502644,0.182719871,-0.13085793,-0.143742904,0.0491200015,0.0346007608,-0.0302102119,-0.608055055,-0.216560915,-65.4593124,-0.378849596,0.0485180318,0.0517006367,0.0146175897,-0.0104686344,-0.143122871,-0.0852639996,0.00276806086,-0.00241681695,0.3,0.3,-0.3,-0.256827439,0.00388144255,0.00413605094,0.0146175897,0.143122871,0.00276806086,0.3,0.3,0.00388144255,0.0104686344,-0.0852639996,-0.00241681695,-0.3,-0.00413605094,0.256827439
445,17520621,0.182541758,-0.130881906,-0.143656746,0.049105037,0.0346376747,-0.030104747,-0.607838631,-0.216586143,-65.4595642,-0.378823787,0.0486974269,0.0517414995,0.0146033406,-0.0104705524,-0.143097024,-0.0852684889,0.00277101398,-0.00240837976,0.3,0.3,-0.3,-0.256823568,0.00389579415,0.00413931996,0.0146033406,0.143097024,0.00277101398,0.3,0.3,0.00389579415,0.0104705524,-0.0852684889,-0.00240837976,-0.3,-0.00413931996,0.256823568
446,17542430,0.182216868,-0.131133839,-0.14351429,0.0491500087,0.0346554331,-0.0301096067,-0.607385397,-0.216210976,-65.4595795,-0.378869236,0.0488982908,0.052015394,0.0145773494,-0.0104907072,-0.143054287,-0.0852549974,0.00277243465,-0.00240876853,0.3,0.3,-0.3,-0.256830385,0.00391186327,0.00416123152,0.0145773494,0.143054287,0.00277243465,0.3,0.3,0.00391186327,0.0104907072,-0.0852549974,-0.00240876853,-0.3,-0.00416123152,0.256830385
447,17567450,0.182212472,-0.131207809,-0.143479154,0.0490973629,0.0346267298,-0.0301383473,-0.607367694,-0.215905473,-65.4597092,-0.378820181,0.0487196185,0.0519810244,0.0145769978,-0.0104966247,-0.143043746,-0.0852707911,0.00277013838,-0.00241106778,0.3,0.3,-0.3,-0.256823027,0.00389756948,0.00415848196,0.0145769978,0.143043746,0.00277013838,0.3,0.3,0.00389756948,0.0104966247,-0.0852707911,-0.00241106778,-0.3,-0.00415848196,0.256823027
448,17580135,0.182184339,-0.131000489,-0.143800125,0.0489837825,0.0345501564,-0.0301972646,-0.607448578,-0.216037229,-65.459816,-0.378733039,0.0485807545,0.0520529673,0.0145747471,-0.0104800391,-0.143140037,-0.0853048652,0.00276401252,-0.00241578117,0.3,0.3,-0.3,-0.256809956,0.00388646036,0.00416423738,0.0145747471,0.143140037,0.00276401252,0.3,0.3,0.00388646036,0.0104800391,-0.0853048652,-0.00241578117,-0.3,-0.00416423738,0.256809956
449,17599243,0.182284459,-0.130775139,-0.143865719,0.0489113554,0.0346091278,-0.0302204583,-0.607886851,-0.216453746,-65.4601212,-0.378780842,0.0485394746,0.0522388406,0.0145827568,-0.0104620111,-0.143159716,-0.0853265934,0.00276873022,-0.00241763666,0.3,0.3,-0.3,-0.256817126,0.00388315797,0.00417910725,0.0145827568,0.143159716,0.00276873022,0.3,0.3,0.00388315797,0.0104620111,-0.0853265934,-0.00241763666,-0.3,-0.00417910725,0.256817126
450,17625527,0.182410255,-0.130773589,-0.143720388,0.0490109064,0.0346411653,-0.0301617291,-0.608008683,-0.216451719,-65.4604721,-0.378823161,0.0486231409,0.0523929819,0.0145928204,-0.0104618871,-0.143116117,-0.0852967281,0.00277129322,-0.00241293833,0.3,0.3,-0.3,-0.256823474,0.00388985127,0.00419143856,0.0145928204,0.143116117,0.00277129322,0.3,0.3,0.00388985127,0.0104618871,-0.0852967281,-0.00241293833,-0.3,-0.00419143856,0.256823474
451,17638639,0.182589009,-0.130771965,-0.143727079,0.0489770621,0.0346729793,-0.0300947204,-0.608087838,-0.216633111,-65.4605255,-0.378754407,0.0487789698,0.0524262413,0.0146071208,-0.0104617572,-0.143118124,-0.0853068814,0.00277383834,-0.00240757763,0.3,0.3,-0.3,-0.256813161,0.00390231758,0.00419409931,0.0146071208,0.143118124,0.00277383834,0.3,0.3,0.00390231758,0.0104617572,-0.0853068814,-0.00240757763,-0.3,-0.00419409931,0.256813161
452,17662614,0.182509109,-0.130843729,-0.14373672,0.0491930768,0.0346417651,-0.0301763415,-0.607925713,-0.216459557,-65.4605179,-0.378819257,0.0490108021,0.0525535047,0.0146007288,-0.0104674983,-0.143121016,-0.085242077,0.0027713412,-0.00241410732,0.3,0.3,-0.3,-0.256822889,0.00392086416,0.00420428038,0.0146007288,0.143121016,0.0027713412,0.3,0.3,0.00392086416,0.0104674983,-0.085242077,-0.00241410732,-0.3,-0.00420428038,0.256822889
453,17679947,0.182365268,-0.130861461,-0.143631265,0.0493271761,0.0346044004,-0.0302985627,-0.60754621,-0.215867922,-65.4604187,-0.378894567,0.0489612781,0.0524932779,0.0145892215,-0.0104689169,-0.143089379,-0.0852018472,0.00276835203,-0.00242388502,0.3,0.3,-0.3,-0.256834185,0.00391690224,0.00419946223,0.0145892215,0.143089379,0.00276835203,0.3,0.3,0.00391690224,0.0104689169,-0.0852018472,-0.00242388502,-0.3,-0.00419946223,0.256834185
454,17701835,0.182181478,-0.130955547,-0.143632561,0.0492746718,0.0346369743,-0.0302219726,-0.607375622,-0.215647697,-65.4605713,-0.378954649,0.0491112359,0.0526270978,0.0145745182,-0.0104764438,-0.143089768,-0.0852175985,0.00277095795,-0.00241775781,0.3,0.3,-0.3,-0.256843197,0.00392889887,0.00421016783,0.0145745182,0.143089768,0.00277095795,0.3,0.3,0.00392889887,0.0104764438,-0.0852175985,-0.00241775781,-0.3,-0.00421016783,0.256843197
455,17719168,0.182054296,-0.131019816,-0.143672481,0.0492460094,0.0346163772,-0.0301507395,-0.607444584,-0.215635434,-65.4607544,-0.378962457,0.0491722748,0.0526885316,0.0145643437,-0.0104815853,-0.143101744,-0.0852261972,0.00276931018,-0.00241205916,0.3,0.3,-0.3,-0.256844369,0.00393378198,0.00421508253,0.0145643437,0.143101744,0.00276931018,0.3,0.3,0.00393378198,0.0104815853,-0.0852261972,-0.00241205916,-0.3,-0.00421508253,0.256844369
456,17740582,0.182083845,-0.131261483,-0.143507361,0.0492964014,0.0346365646,-0.0300774667,-0.607370913,-0.215474769,-65.460762,-0.378989935,0.0492587611,0.0526956879,0.0145667076,-0.0105009186,-0.143052208,-0.0852110796,0.00277092516,-0.00240619734,0.3,0.3,-0.3,-0.25684849,0.00394070089,0.00421565503,0.0145667076,0.143052208,0.00277092516,0.3,0.3,0.00394070089,0.0105009186,-0.0852110796,-0.00240619734,-0.3,-0.00421565503,0.25684849
457,17760468,0.182295352,-0.13129206,-0.143576831,0.049211435,0.0345682278,-0.0300952885,-0.607546508,-0.215706274,-65.4606705,-0.378947169,0.0490347631,0.0524972752,0.0145836282,-0.0105033648,-0.143073049,-0.0852365695,0.00276545823,-0.00240762308,0.3,0.3,-0.3,-0.256842075,0.00392278105,0.00419978201,0.0145836282,0.143073049,0.00276545823,0.3,0.3,0.00392278105,0.0105033648,-0.0852365695,-0.00240762308,-0.3,-0.00419978201,0.256842075
458,17780752,0.182439893,-0.1312446,-0.143621728,0.0491230264,0.0345727541,-0.0301574636,-0.607626021,-0.215818837,-65.4606705,-0.378960222,0.0488952361,0.0523326173,0.0145951915,-0.010499568,-0.143086518,-0.0852630921,0.00276582032,-0.00241259709,0.3,0.3,-0.3,-0.256844033,0.00391161889,0.00418660939,0.0145951915,0.143086518,0.00276582032,0.3,0.3,0.00391161889,0.010499568,-0.0852630921,-0.00241259709,-0.3,-0.00418660939,0.256844033
459,17803240,0.182436809,-0.131240338,-0.143580332,0.0491967238,0.0345922224,-0.0301750209,-0.607626915,-0.215635493,-65.4609146,-0.37898615,0.0489663742,0.0522875227,0.0145949447,-0.010499227,-0.1430741,-0.0852409828,0.00276737779,-0.00241400167,0.3,0.3,-0.3,-0.256847923,0.00391730994,0.00418300182,0.0145949447,0.1430741,0.00276737779,0.3,0.3,0.00391730994,0.010499227,-0.0852409828,-0.00241400167,-0.3,-0.00418300182,0.256847923
460,17823899,0.182448208,-0.131135181,-0.143847331,0.0492176749,0.034473341,-0.0302403122,-0.607818604,-0.215735331,-65.4611664,-0.378951401,0.0488736816,0.0520861708,0.0145958567,-0.0104908144,-0.143154199,-0.0852346975,0.00275786728,-0.00241922498,0.3,0.3,-0.3,-0.25684271,0.00390989453,0.00416689366,0.0145958567,0.143154199,0.00275786728,0.3,0.3,0.00390989453,0.0104908144,-0.0852346975,-0.00241922498,-0.3,-0.00416689366,0.25684271
461,17845156,0.182435021,-0.131174535,-0.143806025,0.0492938124,0.0344957449,-0.0302352142,-0.607802272,-0.215615094,-65.4611816,-0.378883243,0.0488924831,0.051936008,0.0145948017,-0.0104939628,-0.143141808,-0.0852118563,0.00275965959,-0.00241881713,0.3,0.3,-0.3,-0.256832486,0.00391139865,0.00415488064,0.0145948017,0.143141808,0.00275965959,0.3,0.3,0.00391139865,0.0104939628,-0.0852118563,-0.00241881713,-0.3,-0.00415488064,0.256832486
462,17860248,0.18245317,-0.131117105,-0.143864244,0.0491709039,0.0345587656,-0.0301877484,-0.608026683,-0.215951607,-65.4612503,-0.37885052,0.048884578,0.05182942,0.0145962536,-0.0104893684,-0.143159273,-0.0852487288,0.00276470125,-0.00241501987,0.3,0.3,-0.3,-0.256827578,0.00391076624,0.0041463536,0.0145962536,0.143159273,0.00276470125,0.3,0.3,0.00391076624,0.0104893684,-0.0852487288,-0.00241501987,-0.3,-0.0041463536,0.256827578
463,17887618,0.182567567,-0.131048173,-0.143815279,0.0489801988,0.0347079597,-0.0301112384,-0.608173907,-0.216418758,-65.4613876,-0.378893346,0.0488791168,0.052055236,0.0146054053,-0.0104838538,-0.143144584,-0.0853059404,0.00277663678,-0.00240889907,0.3,0.3,-0.3,-0.256834002,0.00391032934,0.00416441888,0.0146054053,0.143144584,0.00277663678,0.3,0.3,0.00391032934,0.0104838538,-0.0853059404,-0.00240889907,-0.3,-0.00416441888,0.256834002
464,17899230,0.182568595,-0.131173819,-0.143751889,0.0490862168,0.0347723849,-0.0300846528,-0.608117104,-0.216409296,-65.4615707,-0.379011214,0.0491192415,0.0528941751,0.0146054876,-0.0104939055,-0.143125567,-0.0852741349,0.00278179079,-0.00240677223,0.3,0.3,-0.3,-0.256851682,0.00392953932,0.004231534,0.0146054876,0.143125567,0.00278179079,0.3,0.3,0.00392953932,0.0104939055,-0.0852741349,-0.00240677223,-0.3,-0.004231534,0.256851682
465,17920567,0.182667881,-0.131195977,-0.143664986,0.0491908044,0.0346900932,-0.0301097054,-0.608108401,-0.216269106,-65.4617157,-0.379080802,0.0490398258,0.0529698208,0.0146134305,-0.0104956782,-0.143099496,-0.0852427587,0.00277520746,-0.00240877643,0.3,0.3,-0.3,-0.25686212,0.00392318606,0.00423758566,0.0146134305,0.143099496,0.00277520746,0.3,0.3,0.00392318606,0.0104956782,-0.0852427587,-0.00240877643,-0.3,-0.00423758566,0.25686212
466,17940429,0.182827458,-0.131257668,-0.1435837,0.0492533743,0.0345604569,-0.0301602744,-0.607991755,-0.216015831,-65.4615707,-0.379098535,0.0489124544,0.0527179167,0.0146261966,-0.0105006135,-0.14307511,-0.0852239877,0.00276483655,-0.00241282195,0.3,0.3,-0.3,-0.25686478,0.00391299635,0.00421743333,0.0146261966,0.14307511,0.00276483655,0.3,0.3,0.00391299635,0.0105006135,-0.0852239877,-0.00241282195,-0.3,-0.00421743333,0.25686478
467,17962230,0.18281047,-0.131352678,-0.143508285,0.049298998,0.0345178135,-0.0301968642,-0.607755363,-0.215703517,-65.4615173,-0.379106134,0.0489515029,0.0525111556,0.0146248376,-0.0105082142,-0.143052486,-0.0852103006,0.00276142508,-0.00241574913,0.3,0.3,-0.3,-0.25686592,0.00391612023,0.00420089245,0.0146248376,0.143052486,0.00276142508,0.3,0.3,0.00391612023,0.0105082142,-0.0852103006,-0.00241574913,-0.3,-0.00420089245,0.25686592
468,17981098,0.182891741,-0.131203189,-0.143718123,0.0493042544,0.034403991,-0.0303168874,-0.60782975,-0.215710729,-65.4616241,-0.379173249,0.0487038493,0.0523064248,0.0146313393,-0.0104962552,-0.143115437,-0.0852087237,0.00275231928,-0.00242535099,0.3,0.3,-0.3,-0.256875987,0.00389630795,0.00418451399,0.0146313393,0.143115437,0.00275231928,0.3,0.3,0.00389630795,0.0104962552,-0.0852087237,-0.00242535099,-0.3,-0.00418451399,0.256875987
469,18003637,0.18278873,-0.130921826,-0.143790901,0.0490826443,0.0345459729,-0.0301466715,-0.607800841,-0.215990424,-65.4618912,-0.379131734,0.0486734957,0.0519022904,0.0146230984,-0.0104737461,-0.14313727,-0.0852752067,0.00276367784,-0.00241173372,0.3,0.3,-0.3,-0.25686976,0.00389387965,0.00415218323,0.0146230984,0.14313727,0.00276367784,0.3,0.3,0.00389387965,0.0104737461,-0.0852752067,-0.00241173372,-0.3,-0.00415218323,0.25686976
470,18024014,0.182522967,-0.13089025,-0.14369078,0.0491330586,0.0345955826,-0.030134201,-0.607642114,-0.215961769,-65.4622574,-0.379109651,0.0489343405,0.0519533642,0.0146018374,-0.01047122,-0.143107234,-0.0852600824,0.00276764661,-0.00241073608,0.3,0.3,-0.3,-0.256866448,0.00391474724,0.00415626913,0.0146018374,0.143107234,0.00276764661,0.3,0.3,0.00391474724,0.01047122,-0.0852600824,-0.00241073608,-0.3,-0.00415626913,0.256866448
471,18040246,0.182060346,-0.131000131,-0.143583193,0.0490871482,0.0347434692,-0.0300603937,-0.607565999,-0.215868846,-65.4623413,-0.37914142,0.0499450602,0.0525621139,0.0145648277,-0.0104800105,-0.143074958,-0.0852738556,0.00277947754,-0.0024048315,0.3,0.3,-0.3,-0.256871213,0.00399560481,0.00420496911,0.0145648277,0.143074958,0.00277947754,0.3,0.3,0.00399560481,0.0104800105,-0.0852738556,-0.0024048315,-0.3,-0.00420496911,0.256871213
472,18061097,0.181855217,-0.130824596,-0.143623203,0.0489879586,0.0348140076,-0.0301094055,-0.60777092,-0.215761229,-65.4623947,-0.379233897,0.050427895,0.0528502725,0.0145484173,-0.0104659677,-0.143086961,-0.0853036124,0.00278512061,-0.00240875244,0.3,0.3,-0.3,-0.256885085,0.0040342316,0.0042280218,0.0145484173,0.143086961,0.00278512061,0.3,0.3,0.0040342316,0.0104659677,-0.0853036124,-0.00240875244,-0.3,-0.0042280218,0.256885085
473,18082666,0.181811899,-0.13048172,-0.143826067,0.0489026532,0.0348455608,-0.0302363224,-0.608408809,-0.216160536,-65.4624481,-0.379395187,0.0506336167,0.0528710037,0.0145449519,-0.0104385376,-0.14314782,-0.0853292041,0.00278764486,-0.00241890579,0.3,0.3,-0.3,-0.256909278,0.00405068934,0.0042296803,0.0145449519,0.14314782,0.00278764486,0.3,0.3,0.00405068934,0.0104385376,-0.0853292041,-0.00241890579,-0.3,-0.0042296803,0.256909278
474,18102834,0.181834772,-0.130154997,-0.143805742,0.0491122045,0.0348263308,-0.0303908084,-0.608634293,-0.21595861,-65.4626007,-0.379651755,0.0507578589,0.0528885238,0.0145467818,-0.0104123998,-0.143141723,-0.0852663387,0.00278610647,-0.00243126467,0.3,0.3,-0.3,-0.256947763,0.00406062871,0.0042310819,0.0145467818,0.143141723,0.00278610647,0.3,0.3,0.00406062871,0.0104123998,-0.0852663387,-0.00243126467,-0.3,-0.0042310819,0.256947763
475,18121434,0.182038531,-0.129962817,-0.143845648,0.049230244,0.034713693,-0.0304895975,-0.608765662,-0.215800345,-65.4627304,-0.379836559,0.0503595509,0.0527440608,0.0145630825,-0.0103970253,-0.143153694,-0.0852309268,0.00277709544,-0.0024391678,0.3,0.3,-0.3,-0.256975484,0.00402876407,0.00421952486,0.0145630825,0.143153694,0.00277709544,0.3,0.3,0.00402876407,0.0103970253,-0.0852309268,-0.0024391678,-0.3,-0.00421952486,0.256975484
476,18140819,0.18237339,-0.130001083,-0.143753141,0.049262248,0.0346631557,-0.0304547064,-0.608716428,-0.215796947,-65.4627686,-0.379912943,0.0498297662,0.0525197387,0.0145898712,-0.0104000866,-0.143125942,-0.0852213256,0.00277305245,-0.00243637651,0.3,0.3,-0.3,-0.256986941,0.00398638129,0.00420157909,0.0145898712,0.143125942,0.00277305245,0.3,0.3,0.00398638129,0.0104000866,-0.0852213256,-0.00243637651,-0.3,-0.00420157909,0.256986941
477,18165654,0.182567134,-0.13015677,-0.14371562,0.0493022986,0.0346276388,-0.0303634889,-0.608502746,-0.215848342,-65.4627991,-0.379940838,0.0496499725,0.0524728782,0.0146053708,-0.0104125416,-0.143114686,-0.0852093104,0.0027702111,-0.00242907912,0.3,0.3,-0.3,-0.256991126,0.0039719978,0.00419783026,0.0146053708,0.143114686,0.0027702111,0.3,0.3,0.0039719978,0.0104125416,-0.0852093104,-0.00242907912,-0.3,-0.00419783026,0.256991126
478,18183631,0.182552457,-0.130259648,-0.143800884,0.0492827743,0.0345778055,-0.0303583778,-0.608197272,-0.2159307,-65.4628143,-0.379962265,0.0494948179,0.0524968319,0.0146041965,-0.0104207718,-0.143140265,-0.0852151677,0.00276622444,-0.00242867023,0.3,0.3,-0.3,-0.25699434,0.00395958543,0.00419974655,0.0146041965,0.143140265,0.00276622444,0.3,0.3,0.00395958543,0.0104207718,-0.0852151677,-0.00242867023,-0.3,-0.00419974655,0.25699434
479,18198401,0.182389051,-0.130387306,-0.143859252,0.0493332334,0.0345265977,-0.0304127689,-0.607879698,-0.215635538,-65.4629974,-0.379941106,0.0493905991,0.0524708964,0.0145911241,-0.0104309845,-0.143157776,-0.08520003,0.00276212782,-0.00243302152,0.3,0.3,-0.3,-0.256991166,0.00395124793,0.00419767171,0.0145911241,0.143157776,0.00276212782,0.3,0.3,0.00395124793,0.0104309845,-0.08520003,-0.00243302152,-0.3,-0.00419767171,0.256991166
480,18223497,0.182232782,-0.130449295,-0.143829286,0.049190931,0.0345490947,-0.030360261,-0.607765257,-0.215631515,-65.4631958,-0.37979582,0.0493428633,0.0524006002,0.0145786226,-0.0104359436,-0.143148786,-0.0852427207,0.00276392758,-0.00242882088,0.3,0.3,-0.3,-0.256969373,0.00394742906,0.00419204801,0.0145786226,0.143148786,0.00276392758,0.3,0.3,0.00394742906,0.0104359436,-0.0852427207,-0.00242882088,-0.3,-0.00419204801,0.256969373
481,18244657,0.182116717,-0.130510122,-0.143697128,0.0491822809,0.0346267,-0.0302955881,-0.60765487,-0.215798244,-65.4633408,-0.379532188,0.0491694063,0.051617559,0.0145693374,-0.0104408097,-0.143109138,-0.0852453157,0.002770136,-0.00242364705,0.3,0.3,-0.3,-0.256929828,0.0039335525,0.00412940472,0.0145693374,0.143109138,0.002770136,0.3,0.3,0.0039335525,0.0104408097,-0.0852453157,-0.00242364705,-0.3,-0.00412940472,0.256929828
482,18262577,0.182081997,-0.130664527,-0.14362739,0.0491420142,0.0346886665,-0.0302268118,-0.607690871,-0.216153756,-65.4634171,-0.379353791,0.0491478443,0.0515868589,0.0145665598,-0.0104531622,-0.143088217,-0.0852573957,0.00277509332,-0.00241814494,0.3,0.3,-0.3,-0.256903069,0.00393182755,0.00412694871,0.0145665598,0.143088217,0.00277509332,0.3,0.3,0.00393182755,0.0104531622,-0.0852573957,-0.00241814494,-0.3,-0.00412694871,0.256903069
483,18283633,0.182016,-0.130809024,-0.143539399,0.049158778,0.034783911,-0.0301781259,-0.607500374,-0.215899631,-65.4635086,-0.379255503,0.0492263846,0.0519112274,0.01456128,-0.0104647219,-0.14306182,-0.0852523666,0.00278271288,-0.00241425008,0.3,0.3,-0.3,-0.256888326,0.00393811077,0.00415289819,0.01456128,0.14306182,0.00278271288,0.3,0.3,0.00393811077,0.0104647219,-0.0852523666,-0.00241425008,-0.3,-0.00415289819,0.256888326
484,18301282,0.182040215,-0.130790681,-0.143757984,0.0491226725,0.034740705,-0.0301868096,-0.607647061,-0.216181144,-65.4636688,-0.379131109,0.0492582247,0.052178029,0.0145632172,-0.0104632545,-0.143127395,-0.0852631982,0.0027792564,-0.00241494477,0.3,0.3,-0.3,-0.256869666,0.00394065797,0.00417424232,0.0145632172,0.143127395,0.0027792564,0.3,0.3,0.00394065797,0.0104632545,-0.0852631982,-0.00241494477,-0.3,-0.00417424232,0.256869666
485,18326300,0.181993932,-0.130676046,-0.143772706,0.0492139272,0.0346750729,-0.0302238055,-0.607735991,-0.216147795,-65.4637451,-0.379077196,0.0491550229,0.0521769859,0.0145595145,-0.0104540837,-0.143131812,-0.0852358218,0.00277400583,-0.00241790444,0.3,0.3,-0.3,-0.256861579,0.00393240184,0.00417415887,0.0145595145,0.143131812,0.00277400583,0.3,0.3,0.00393240184,0.0104540837,-0.0852358218,-0.00241790444,-0.3,-0.00417415887,0.256861579
486,18340017,0.182182848,-0.13054122,-0.143808499,0.0492206626,0.0345552154,-0.0303447936,-0.607917249,-0.216020629,-65.4637375,-0.378997147,0.0489372499,0.0519332178,0.0145746279,-0.0104432976,-0.14314255,-0.0852338012,0.00276441723,-0.00242758349,0.3,0.3,-0.3,-0.256849572,0.00391497999,0.00415465742,0.0145746279,0.14314255,0.00276441723,0.3,0.3,0.00391497999,0.0104432976,-0.0852338012,-0.00242758349,-0.3,-0.00415465742,0.256849572
487,18364943,0.182233393,-0.130642831,-0.143508539,0.0492338501,0.0346604995,-0.0302804932,-0.607620656,-0.215776742,-65.4637375,-0.378978372,0.0489082187,0.0519799665,0.0145786715,-0.0104514265,-0.143052562,-0.085229845,0.00277283996,-0.00242243946,0.3,0.3,-0.3,-0.256846756,0.0039126575,0.00415839732,0.0145786715,0.143052562,0.00277283996,0.3,0.3,0.0039126575,0.0104514265,-0.085229845,-0.00242243946,-0.3,-0.00415839732,0.256846756
488,18380802,0.182223484,-0.130734861,-0.143601581,0.0491639413,0.0346558169,-0.0302258767,-0.607457697,-0.215794474,-65.4637222,-0.378979266,0.049021069,0.0522090271,0.0145778787,-0.0104587889,-0.143080474,-0.0852508176,0.00277246535,-0.00241807014,0.3,0.3,-0.3,-0.25684689,0.00392168552,0.00417672217,0.0145778787,0.143080474,0.00277246535,0.3,0.3,0.00392168552,0.0104587889,-0.0852508176,-0.00241807014,-0.3,-0.00417672217,0.25684689
489,18402331,0.182255238,-0.130714521,-0.143675104,0.0490221158,0.0347078964,-0.0301637128,-0.607637346,-0.216113746,-65.4637451,-0.37897855,0.0490993336,0.0523575693,0.0145804191,-0.0104571617,-0.143102531,-0.0852933653,0.00277663171,-0.00241309702,0.3,0.3,-0.3,-0.256846783,0.00392794669,0.00418860555,0.0145804191,0.143102531,0.00277663171,0.3,0.3,0.00392794669,0.0104571617,-0.0852933653,-0.00241309702,-0.3,-0.00418860555,0.256846783
490,18419379,0.182259411,-0.13071382,-0.143728122,0.0491570495,0.0346004032,-0.0302296616,-0.607758522,-0.215995431,-65.4638977,-0.378950655,0.0490150601,0.0521482863,0.0145807528,-0.0104571056,-0.143118437,-0.0852528851,0.00276803225,-0.00241837293,0.3,0.3,-0.3,-0.256842598,0.00392120481,0.0041718629,0.0145807528,0.143118437,0.00276803225,0.3,0.3,0.00392120481,0.0104571056,-0.0852528851,-0.00241837293,-0.3,-0.0041718629,0.256842598
491,18444747,0.182159036,-0.130801991,-0.143655807,0.049258776,0.0345884636,-0.0302581806,-0.607522368,-0.215880826,-65.4637375,-0.37882483,0.0491908379,0.0519907176,0.0145727229,-0.0104641593,-0.143096742,-0.0852223672,0.00276707709,-0.00242065445,0.3,0.3,-0.3,-0.256823725,0.00393526703,0.00415925741,0.0145727229,0.143096742,0.00276707709,0.3,0.3,0.00393526703,0.0104641593,-0.0852223672,-0.00242065445,-0.3,-0.00415925741,0.256823725
492,18461073,0.182037398,-0.130897075,-0.143643707,0.0492131114,0.0346241407,-0.0302440003,-0.607425153,-0.215722978,-65.4635925,-0.378782183,0.0492260233,0.0521086343,0.0145629919,-0.010471766,-0.143093112,-0.0852360666,0.00276993126,-0.00241952002,0.3,0.3,-0.3,-0.256817327,0.00393808186,0.00416869074,0.0145629919,0.143093112,0.00276993126,0.3,0.3,0.00393808186,0.010471766,-0.0852360666,-0.00241952002,-0.3,-0.00416869074,0.256817327
493,18480364,0.182142183,-0.130649656,-0.143698841,0.0489293076,0.0347232968,-0.0301937331,-0.607831061,-0.216366157,-65.4636154,-0.378745764,0.049037464,0.0515924245,0.0145713747,-0.0104519725,-0.143109652,-0.0853212077,0.00277786374,-0.00241549864,0.3,0.3,-0.3,-0.256811865,0.00392299712,0.00412739396,0.0145713747,0.143109652,0.00277786374,0.3,0.3,0.00392299712,0.0104519725,-0.0853212077,-0.00241549864,-0.3,-0.00412739396,0.256811865
494,18501201,0.182121053,-0.130480304,-0.143627182,0.0489773639,0.0347914249,-0.0301694982,-0.607866883,-0.21647355,-65.4638367,-0.378713757,0.0489197336,0.0512602888,0.0145696843,-0.0104384243,-0.143088154,-0.0853067908,0.00278331399,-0.00241355985,0.3,0.3,-0.3,-0.256807064,0.00391357869,0.0041008231,0.0145696843,0.143088154,0.00278331399,0.3,0.3,0.00391357869,0.0104384243,-0.0853067908,-0.00241355985,-0.3,-0.0041008231,0.256807064
495,18521333,0.182161629,-0.13038595,-0.143782943,0.0489531271,0.0347483642,-0.0301691871,-0.608112693,-0.216947392,-65.4640427,-0.378679812,0.0489173606,0.0514863841,0.0145729303,-0.010430876,-0.143134883,-0.0853140619,0.00277986914,-0.00241353497,0.3,0.3,-0.3,-0.256801972,0.00391338885,0.00411891073,0.0145729303,0.143134883,0.00277986914,0.3,0.3,0.00391338885,0.010430876,-0.0853140619,-0.00241353497,-0.3,-0.00411891073,0.256801972
496,18541977,0.182324201,-0.130367935,-0.143699542,0.0489877239,0.0347463712,-0.0301790256,-0.608190417,-0.216912523,-65.4639816,-0.378666133,0.0488740057,0.0517647862,0.0145859361,-0.0104294348,-0.143109863,-0.0853036828,0.0027797097,-0.00241432205,0.3,0.3,-0.3,-0.25679992,0.00390992045,0.0041411829,0.0145859361,0.143109863,0.0027797097,0.3,0.3,0.00390992045,0.0104294348,-0.0853036828,-0.00241432205,-0.3,-0.0041411829,0.25679992
497,18562406,0.182302505,-0.130477205,-0.143571883,0.0490772389,0.0347513817,-0.0301547591,-0.607829094,-0.216477275,-65.4638672,-0.378648341,0.0489964932,0.0521331802,0.0145842004,-0.0104381764,-0.143071565,-0.0852768283,0.00278011054,-0.00241238073,0.3,0.3,-0.3,-0.256797251,0.00391971946,0.00417065442,0.0145842004,0.143071565,0.00278011054,0.3,0.3,0.00391971946,0.0104381764,-0.0852768283,-0.00241238073,-0.3,-0.00417065442,0.256797251
498,18586608,0.182224616,-0.130699992,-0.143443629,0.0491485372,0.0347376131,-0.0302056465,-0.607575893,-0.215992928,-65.463768,-0.378732115,0.0491680019,0.0523927175,0.0145779693,-0.0104559994,-0.143033089,-0.0852554388,0.00277900904,-0.00241645172,0.3,0.3,-0.3,-0.256809817,0.00393344015,0.0041914174,0.0145779693,0.143033089,0.00277900904,0.3,0.3,0.00393344015,0.0104559994,-0.0852554388,-0.00241645172,-0.3,-0.0041914174,0.256809817
499,18606773,0.182105288,-0.130892754,-0.143431321,0.0492232107,0.0346927308,-0.0302129108,-0.607358813,-0.215493008,-65.463829,-0.378864855,0.0493366346,0.0525537618,0.014568423,-0.0104714203,-0.143029396,-0.0852330368,0.00277541846,-0.00241703287,0.3,0.3,-0.3,-0.256829728,0.00394693077,0.00420430094,0.014568423,0.143029396,0.00277541846,0.3,0.3,0.00394693077,0.0104714203,-0.0852330368,-0.00241703287,-0.3,-0.00420430094,0.256829728
500,18625579,0.182116777,-0.130960479,-0.143556088,0.0493332893,0.0345067494,-0.0302951131,-0.607396066,-0.215158135,-65.4638519,-0.378901273,0.0492941998,0.052406352,0.0145693421,-0.0104768384,-0.143066826,-0.0852000132,0.00276053995,-0.00242360905,0.3,0.3,-0.3,-0.256835191,0.00394353598,0.00419250816,0.0145693421,0.143066826,0.00276053995,0.3,0.3,0.00394353598,0.0104768384,-0.0852000132,-0.00242360905,-0.3,-0.00419250816,0.256835191
501,18642711,0.182059899,-0.131147519,-0.143563047,0.0494223535,0.0344627388,-0.0302967858,-0.607376158,-0.215036556,-65.4636459,-0.378900796,0.0494702309,0.0523267575,0.0145647919,-0.0104918015,-0.143068914,-0.0851732939,0.0027570191,-0.00242374286,0.3,0.3,-0.3,-0.256835119,0.00395761847,0.0041861406,0.0145647919,0.143068914,0.0027570191,0.3,0.3,0.00395761847,0.0104918015,-0.0851732939,-0.00242374286,-0.3,-0.0041861406,0.256835119
502,18662290,0.182087824,-0.13111335,-0.143634707,0.0493078604,0.0344705507,-0.0303016603,-0.607475519,-0.215117171,-65.4634399,-0.378877282,0.0493355133,0.0521303788,0.0145670259,-0.010489068,-0.143090412,-0.0852076419,0.00275764406,-0.00242413282,0.3,0.3,-0.3,-0.256831592,0.00394684106,0.0041704303,0.0145670259,0.143090412,0.00275764406,0.3,0.3,0.00394684106,0.010489068,-0.0852076419,-0.00242413282,-0.3,-0.0041704303,0.256831592
503,18694272,0.182164565,-0.130935177,-0.143728688,0.0490918234,0.0345549956,-0.0303155854,-0.607729971,-0.215547115,-65.4633636,-0.378896981,0.0490915999,0.0519115292,0.0145731652,-0.0104748142,-0.143118607,-0.085272453,0.00276439965,-0.00242524683,0.3,0.3,-0.3,-0.256834547,0.00392732799,0.00415292233,0.0145731652,0.143118607,0.00276439965,0.3,0.3,0.00392732799,0.0104748142,-0.085272453,-0.00242524683,-0.3,-0.00415292233,0.256834547
504,18706499,0.182247519,-0.130676478,-0.143807277,0.0490264073,0.0346307494,-0.0303319693,-0.608026326,-0.21597074,-65.4634628,-0.378871799,0.0488619432,0.0516545698,0.0145798016,-0.0104541183,-0.143142183,-0.0852920778,0.00277045995,-0.00242655754,0.3,0.3,-0.3,-0.25683077,0.00390895545,0.00413236558,0.0145798016,0.143142183,0.00277045995,0.3,0.3,0.00390895545,0.0104541183,-0.0852920778,-0.00242655754,-0.3,-0.00413236558,0.25683077
505,18720313,0.182378277,-0.130355507,-0.143974155,0.0489937477,0.0346581377,-0.0302728936,-0.608488798,-0.21666193,-65.4637909,-0.378790081,0.0488165952,0.0514297597,0.0145902622,-0.0104284406,-0.143192247,-0.0853018757,0.00277265102,-0.00242183149,0.3,0.3,-0.3,-0.256818512,0.00390532762,0.00411438078,0.0145902622,0.143192247,0.00277265102,0.3,0.3,0.00390532762,0.0104284406,-0.0853018757,-0.00242183149,-0.3,-0.00411438078,0.256818512
506,18742772,0.182510078,-0.130340561,-0.143906474,0.0490631908,0.0347291231,-0.0301913507,-0.608642042,-0.21697998,-65.4638748,-0.37874642,0.0490775891,0.0516475588,0.0146008062,-0.0104272449,-0.143171942,-0.0852810428,0.00277832985,-0.00241530806,0.3,0.3,-0.3,-0.256811963,0.00392620713,0.0041318047,0.0146008062,0.143171942,0.00277832985,0.3,0.3,0.00392620713,0.0104272449,-0.0852810428,-0.00241530806,-0.3,-0.0041318047,0.256811963
507,18769247,0.182546437,-0.130429178,-0.143793017,0.0490664952,0.034835767,-0.0300820358,-0.608532488,-0.217000484,-65.4639359,-0.378762633,0.0495078638,0.0521059632,0.0146037149,-0.0104343343,-0.143137905,-0.0852800515,0.00278686136,-0.00240656286,0.3,0.3,-0.3,-0.256814395,0.00396062911,0.00416847706,0.0146037149,0.143137905,0.00278686136,0.3,0.3,0.00396062911,0.0104343343,-0.0852800515,-0.00240656286,-0.3,-0.00416847706,0.256814395
508,18780277,0.182514876,-0.130368367,-0.143824071,0.0490582511,0.0348254777,-0.030156007,-0.608428895,-0.217115238,-65.4637756,-0.378865391,0.0496623628,0.0524488352,0.0146011901,-0.0104294693,-0.143147221,-0.0852825247,0.00278603822,-0.00241248056,0.3,0.3,-0.3,-0.256829809,0.00397298902,0.00419590682,0.0146011901,0.143147221,0.00278603822,0.3,0.3,0.00397298902,0.0104294693,-0.0852825247,-0.00241248056,-0.3,-0.00419590682,0.256829809
509,18807499,0.182321355,-0.130343378,-0.143814743,0.0492022745,0.0347721204,-0.0302536394,-0.608120084,-0.216599479,-65.4637299,-0.379009932,0.0497672111,0.052822262,0.0145857084,-0.0104274702,-0.143144423,-0.0852393176,0.00278176963,-0.00242029116,0.3,0.3,-0.3,-0.25685149,0.00398137689,0.00422578096,0.0145857084,0.143144423,0.00278176963,0.3,0.3,0.00398137689,0.0104274702,-0.0852393176,-0.00242029116,-0.3,-0.00422578096,0.25685149
510,18821653,0.182191819,-0.130420819,-0.143621311,0.049247995,0.0347175598,-0.0302570667,-0.607813716,-0.21606262,-65.4637146,-0.379117101,0.0497125685,0.0528958552,0.0145753455,-0.0104336655,-0.143086393,-0.0852256015,0.00277740479,-0.00242056534,0.3,0.3,-0.3,-0.256867565,0.00397700548,0.00423166841,0.0145753455,0.143086393,0.00277740479,0.3,0.3,0.00397700548,0.0104336655,-0.0852256015,-0.00242056534,-0.3,-0.00423166841,0.256867565
511,18841235,0.182201058,-0.130644083,-0.143405974,0.0492292605,0.0346725546,-0.0302239805,-0.607498527,-0.215676397,-65.4635086,-0.379166484,0.0495702624,0.0529196002,0.0145760846,-0.0104515266,-0.143021792,-0.0852312218,0.00277380437,-0.00241791844,0.3,0.3,-0.3,-0.256874973,0.00396562099,0.00423356801,0.0145760846,0.143021792,0.00277380437,0.3,0.3,0.00396562099,0.0104515266,-0.0852312218,-0.00241791844,-0.3,-0.00423356801,0.256874973
512,18865220,0.182257503,-0.130785316,-0.143361121,0.0492440574,0.0345938355,-0.0302283689,-0.607302606,-0.215451539,-65.4631958,-0.379186034,0.0494070575,0.0528422706,0.0145806003,-0.0104628253,-0.143008336,-0.0852267828,0.00276750684,-0.00241826952,0.3,0.3,-0.3,-0.256877905,0.0039525646,0.00422738165,0.0145806003,0.143008336,0.00276750684,0.3,0.3,0.0039525646,0.0104628253,-0.0852267828,-0.00241826952,-0.3,-0.00422738165,0.256877905
513,18881702,0.182509556,-0.130587921,-0.143610388,0.0491089448,0.0344862267,-0.0303134955,-0.607770979,-0.216082245,-65.4629135,-0.379234314,0.049094975,0.0525718965,0.0146007645,-0.0104470336,-0.143083116,-0.0852673166,0.00275889814,-0.00242507964,0.3,0.3,-0.3,-0.256885147,0.003927598,0.00420575172,0.0146007645,0.143083116,0.00275889814,0.3,0.3,0.003927598,0.0104470336,-0.0852673166,-0.00242507964,-0.3,-0.00420575172,0.256885147
514,18904817,0.182479799,-0.130502895,-0.14365983,0.0492460877,0.0344736055,-0.0303531103,-0.607607126,-0.21563147,-65.4628372,-0.379265428,0.0490011275,0.0524750277,0.0145983839,-0.0104402316,-0.143097949,-0.0852261737,0.00275788844,-0.00242824882,0.3,0.3,-0.3,-0.256889814,0.0039200902,0.00419800222,0.0145983839,0.143097949,0.00275788844,0.3,0.3,0.0039200902,0.0104402316,-0.0852261737,-0.00242824882,-0.3,-0.00419800222,0.256889814
515,18922266,0.18249093,-0.130367175,-0.143887281,0.0490268543,0.0345147289,-0.0302822683,-0.607954144,-0.215989664,-65.4629669,-0.379155815,0.0490064733,0.0522713512,0.0145992744,-0.010429374,-0.143166184,-0.0852919437,0.00276117831,-0.00242258146,0.3,0.3,-0.3,-0.256873372,0.00392051786,0.0041817081,0.0145992744,0.143166184,0.00276117831,0.3,0.3,0.00392051786,0.010429374,-0.0852919437,-0.00242258146,-0.3,-0.0041817081,0.256873372
516,18951341,0.182311445,-0.130545497,-0.143667862,0.0492023714,0.0345475897,-0.0303665884,-0.607646942,-0.215619892,-65.4628906,-0.379113704,0.0488791764,0.0520661101,0.0145849156,-0.0104436398,-0.143100359,-0.0852392886,0.00276380718,-0.00242932707,0.3,0.3,-0.3,-0.256867056,0.00391033411,0.00416528881,0.0145849156,0.143100359,0.00276380718,0.3,0.3,0.00391033411,0.0104436398,-0.0852392886,-0.00242932707,-0.3,-0.00416528881,0.256867056
517,18960559,0.182276309,-0.130481854,-0.143791422,0.0490654446,0.0345884748,-0.0303288307,-0.607804716,-0.216061428,-65.4626923,-0.379005879,0.0489151366,0.0520121492,0.0145821047,-0.0104385483,-0.143137427,-0.0852803666,0.00276707798,-0.00242630646,0.3,0.3,-0.3,-0.256850882,0.00391321093,0.00416097194,0.0145821047,0.143137427,0.00276707798,0.3,0.3,0.00391321093,0.0104385483,-0.0852803666,-0.00242630646,-0.3,-0.00416097194,0.256850882
518,18980659,0.182386801,-0.130265802,-0.143786132,0.048849944,0.0347480588,-0.0302528739,-0.608362794,-0.217147112,-65.4626236,-0.378996193,0.0490297116,0.0519869402,0.0145909441,-0.0104212642,-0.14313584,-0.0853450168,0.0027798447,-0.00242022991,0.3,0.3,-0.3,-0.256849429,0.00392237693,0.00415895522,0.0145909441,0.14313584,0.0027798447,0.3,0.3,0.00392237693,0.0104212642,-0.0853450168,-0.00242022991,-0.3,-0.00415895522,0.256849429
519,19002237,0.182345092,-0.130098879,-0.143819794,0.0490117334,0.0347286761,-0.0303155184,-0.60829252,-0.21699205,-65.4627304,-0.379035115,0.0490020327,0.0520197414,0.0145876074,-0.0104079103,-0.143145938,-0.08529648,0.00277829409,-0.00242524147,0.3,0.3,-0.3,-0.256855267,0.00392016262,0.00416157931,0.0145876074,0.143145938,0.00277829409,0.3,0.3,0.00392016262,0.0104079103,-0.08529648,-0.00242524147,-0.3,-0.00416157931,0.256855267
520,19022711,0.182484105,-0.129991531,-0.143805951,0.0487616211,0.0348564014,-0.0301531851,-0.608571589,-0.217207223,-65.4629898,-0.378964752,0.0490518436,0.0521622226,0.0145987284,-0.0103993225,-0.143141785,-0.0853715137,0.00278851211,-0.00241225481,0.3,0.3,-0.3,-0.256844713,0.00392414749,0.00417297781,0.0145987284,0.143141785,0.00278851211,0.3,0.3,0.00392414749,0.0103993225,-0.0853715137,-0.00241225481,-0.3,-0.00417297781,0.256844713
521,19043488,0.182990238,-0.129329428,-0.144562274,0.0479439609,0.0349351726,-0.0299937725,-0.610074878,-0.219033852,-65.4634705,-0.378758252,0.0487694219,0.0521550067,0.014639219,-0.0103463542,-0.143368682,-0.0856168117,0.00279481381,-0.0023995018,0.3,0.3,-0.3,-0.256813738,0.00390155375,0.00417240053,0.014639219,0.143368682,0.00279481381,0.3,0.3,0.00390155375,0.0103463542,-0.0856168117,-0.0023995018,-0.3,-0.00417240053,0.256813738
522,19061815,0.183372945,-0.128567755,-0.144888908,0.0479153655,0.0349435061,-0.0301751178,-0.610943317,-0.220144093,-65.4639511,-0.378714472,0.0485033877,0.0522091836,0.0146698356,-0.0102854204,-0.143466672,-0.0856253903,0.00279548049,-0.00241400942,0.3,0.3,-0.3,-0.256807171,0.00388027102,0.00417673469,0.0146698356,0.143466672,0.00279548049,0.3,0.3,0.00388027102,0.0102854204,-0.0856253903,-0.00241400942,-0.3,-0.00417673469,0.256807171
523,19088246,0.184144601,-0.126099721,-0.145988166,0.0469221175,0.0351837687,-0.0302783586,-0.612971604,-0.223652989,-65.4645615,-0.378817648,0.0481271744,0.0527539626,0.0147315681,-0.0100879776,-0.14379645,-0.0859233648,0.0028147015,-0.00242226869,0.3,0.3,-0.3,-0.256822647,0.00385017395,0.00422031701,0.0147315681,0.14379645,0.0028147015,0.3,0.3,0.00385017395,0.0100879776,-0.0859233648,-0.00242226869,-0.3,-0.00422031701,0.256822647
524,19100204,0.185083285,-0.122625187,-0.14711827,0.0454842597,0.035774488,-0.0301208217,-0.615772367,-0.228391603,-65.466423,-0.379021615,0.0478200428,0.0539564267,0.0148066628,-0.00981001496,-0.144135481,-0.0863547221,0.00286195904,-0.00240966573,0.3,0.3,-0.3,-0.256853242,0.00382560343,0.00431651413,0.0148066628,0.144135481,0.00286195904,0.3,0.3,0.00382560343,0.00981001496,-0.0863547221,-0.00240966573,-0.3,-0.00431651413,0.256853242
525,19125699,0.186239734,-0.118584603,-0.148103923,0.0440227054,0.0364395566,-0.0299358852,-0.619351506,-0.234213576,-65.4688568,-0.379154056,0.0473785996,0.0550590605,0.0148991787,-0.00948676825,-0.144431177,-0.0867931884,0.00291516453,-0.00239487082,0.3,0.3,-0.3,-0.256873108,0.00379028797,0.00440472484,0.0148991787,0.144431177,0.00291516453,0.3,0.3,0.00379028797,0.00948676825,-0.0867931884,-0.00239487082,-0.3,-0.00440472484,0.256873108
526,19141340,0.187674507,-0.114751555,-0.148640871,0.0428607203,0.0372838005,-0.0298199728,-0.622594833,-0.240160301,-65.4708939,-0.379501104,0.0473223813,0.0571081676,0.0150139606,-0.0091801244,-0.144592261,-0.0871417839,0.00298270404,-0.00238559783,0.3,0.3,-0.3,-0.256925166,0.0037857905,0.0045686534,0.0150139606,0.144592261,0.00298270404,0.3,0.3,0.0037857905,0.0091801244,-0.0871417839,-0.00238559783,-0.3,-0.0045686534,0.256925166
527,19162207,0.188764468,-0.111482784,-0.14824973,0.0429713614,0.0379299447,-0.0300521962,-0.623739958,-0.243397936,-65.4726715,-0.380336612,0.0477517806,0.0599664673,0.0151011574,-0.00891862273,-0.144474919,-0.0871085916,0.00303439558,-0.0024041757,0.3,0.3,-0.3,-0.257050492,0.00382014245,0.00479731739,0.0151011574,0.144474919,0.00303439558,0.3,0.3,0.00382014245,0.00891862273,-0.0871085916,-0.0024041757,-0.3,-0.00479731739,0.257050492
528,19186121,0.189600274,-0.110224247,-0.14703916,0.0438455641,0.038164977,-0.0301133059,-0.622979283,-0.243512586,-65.4738159,-0.381296337,0.0481365062,0.0625047386,0.0151680219,-0.00881793976,-0.144111748,-0.0868463308,0.00305319816,-0.00240906447,0.3,0.3,-0.3,-0.25719445,0.0038509205,0.00500037909,0.0151680219,0.144111748,0.00305319816,0.3,0.3,0.0038509205,0.00881793976,-0.0868463308,-0.00240906447,-0.3,-0.00500037909,0.25719445
529,19198509,0.190465838,-0.10988979,-0.146157131,0.0444155149,0.0379598849,-0.0299152117,-0.621834934,-0.242673889,-65.4747391,-0.38222602,0.0483797863,0.0645445734,0.015237267,-0.00879118323,-0.143847139,-0.0866753455,0.00303679079,-0.00239321694,0.3,0.3,-0.3,-0.257333903,0.00387038291,0.00516356587,0.015237267,0.143847139,0.00303679079,0.3,0.3,0.00387038291,0.00879118323,-0.0866753455,-0.00239321694,-0.3,-0.00516356587,0.257333903
530,19226343,0.191828132,-0.109611817,-0.146130383,0.0445213579,0.0373201557,-0.0297213439,-0.621088862,-0.242056116,-65.4756241,-0.382825434,0.0476575121,0.0659442246,0.0153462505,-0.00876894534,-0.143839115,-0.0866435926,0.00298561245,-0.00237770751,0.3,0.3,-0.3,-0.257423815,0.00381260097,0.00527553797,0.0153462505,0.143839115,0.00298561245,0.3,0.3,0.00381260097,0.00876894534,-0.0866435926,-0.00237770751,-0.3,-0.00527553797,0.257423815
531,19238914,0.192432702,-0.110308886,-0.145488292,0.0455241092,0.0365952291,-0.0296360422,-0.618524969,-0.23919031,-65.4760818,-0.38320893,0.0471687652,0.0672186837,0.0153946161,-0.00882471085,-0.143646488,-0.0863427673,0.00292761832,-0.00237088338,0.3,0.3,-0.3,-0.25748134,0.00377350122,0.00537749469,0.0153946161,0.143646488,0.00292761832,0.3,0.3,0.00377350122,0.00882471085,-0.0863427673,-0.00237088338,-0.3,-0.00537749469,0.25748134
532,19265034,0.192217723,-0.111889318,-0.144772664,0.0466965698,0.0357324891,-0.029627366,-0.614826679,-0.234665632,-65.4761047,-0.383390814,0.0468123741,0.0682750568,0.0153774178,-0.00895114541,-0.143431799,-0.0859910291,0.00285859913,-0.00237018928,0.3,0.3,-0.3,-0.257508622,0.00374498993,0.00546200454,0.0153774178,0.143431799,0.00285859913,0.3,0.3,0.00374498993,0.00895114541,-0.0859910291,-0.00237018928,-0.3,-0.00546200454,0.257508622
533,19286309,0.191873059,-0.113329887,-0.144668102,0.0471013114,0.0347782634,-0.0297849085,-0.612141073,-0.23103334,-65.4757156,-0.383387983,0.0460150838,0.0686144158,0.0153498447,-0.00906639099,-0.143400431,-0.0858696066,0.00278226107,-0.00238279268,0.3,0.3,-0.3,-0.257508197,0.0036812067,0.00548915327,0.0153498447,0.143400431,0.00278226107,0.3,0.3,0.0036812067,0.00906639099,-0.0858696066,-0.00238279268,-0.3,-0.00548915327,0.257508197
534,19300823,0.191449389,-0.11462073,-0.144581273,0.0471357591,0.0341890939,-0.029757686,-0.610375941,-0.228767872,-65.4752731,-0.383163899,0.0456692688,0.0686270818,0.0153159511,-0.00916965842,-0.143374382,-0.0858592723,0.00273512751,-0.00238061488,0.3,0.3,-0.3,-0.257474585,0.00365354151,0.00549016654,0.0153159511,0.143374382,0.00273512751,0.3,0.3,0.00365354151,0.00916965842,-0.0858592723,-0.00238061488,-0.3,-0.00549016654,0.257474585
535,19319514,0.190994397,-0.115858003,-0.144440591,0.0471809469,0.033905223,-0.0296796393,-0.609339654,-0.227342531,-65.4747543,-0.382822394,0.0455204993,0.0683491454,0.0152795517,-0.00926864028,-0.143332177,-0.0858457159,0.00271241784,-0.00237437114,0.3,0.3,-0.3,-0.257423359,0.00364163995,0.00546793163,0.0152795517,0.143332177,0.00271241784,0.3,0.3,0.00364163995,0.00926864028,-0.0858457159,-0.00237437114,-0.3,-0.00546793163,0.257423359
536,19341097,0.190665305,-0.117089525,-0.144086823,0.0472407341,0.0338640437,-0.0296330564,-0.608349025,-0.22579053,-65.4742203,-0.382342041,0.0454707518,0.0675729141,0.0152532244,-0.00936716199,-0.143226047,-0.0858277798,0.00270912349,-0.00237064451,0.3,0.3,-0.3,-0.257351306,0.00363766015,0.00540583313,0.0152532244,0.143226047,0.00270912349,0.3,0.3,0.00363766015,0.00936716199,-0.0858277798,-0.00237064451,-0.3,-0.00540583313,0.257351306
537,19360725,0.190585911,-0.117801048,-0.144371822,0.0470771119,0.0337361954,-0.0297848862,-0.608450353,-0.225491241,-65.473526,-0.381677449,0.0451340638,0.0664734542,0.0152468729,-0.00942408383,-0.143311547,-0.0858768664,0.00269889563,-0.00238279089,0.3,0.3,-0.3,-0.257251617,0.0036107251,0.00531787634,0.0152468729,0.143311547,0.00269889563,0.3,0.3,0.0036107251,0.00942408383,-0.0858768664,-0.00238279089,-0.3,-0.00531787634,0.257251617
538,19381103,0.190492958,-0.117679626,-0.14505586,0.0465236865,0.0339284502,-0.0298535433,-0.60984087,-0.226908371,-65.4731979,-0.381110787,0.0453987233,0.0655849651,0.0152394366,-0.00941437006,-0.143516758,-0.0860428941,0.00271427602,-0.00238828346,0.3,0.3,-0.3,-0.257166618,0.00363189787,0.0052467972,0.0152394366,0.143516758,0.00271427602,0.3,0.3,0.00363189787,0.00941437006,-0.0860428941,-0.00238828346,-0.3,-0.0052467972,0.257166618
539,19413738,0.190744728,-0.116500281,-0.146006078,0.0454462878,0.0344974101,-0.0296792276,-0.612618625,-0.230342373,-65.4733887,-0.380601972,0.0459363274,0.0648507029,0.0152595782,-0.00932002246,-0.143801823,-0.0863661136,0.0027597928,-0.00237433821,0.3,0.3,-0.3,-0.257090296,0.00367490619,0.00518805623,0.0152595782,0.143801823,0.0027597928,0.3,0.3,0.00367490619,0.00932002246,-0.0863661136,-0.00237433821,-0.3,-0.00518805623,0.257090296
540,19423857,0.191082478,-0.114859872,-0.146598756,0.0444971174,0.0352444798,-0.0295690354,-0.615540087,-0.234023392,-65.4740906,-0.380262494,0.0462954193,0.064213261,0.0152865982,-0.00918878973,-0.143979627,-0.0866508648,0.00281955838,-0.00236552283,0.3,0.3,-0.3,-0.257039374,0.00370363355,0.00513706088,0.0152865982,0.143979627,0.00281955838,0.3,0.3,0.00370363355,0.00918878973,-0.0866508648,-0.00236552283,-0.3,-0.00513706088,0.257039374
541,19439754,0.191819787,-0.112879001,-0.147304192,0.0436129048,0.0359188356,-0.0295763183,-0.618711948,-0.237989008,-65.4747925,-0.380101919,0.0463584587,0.0641857535,0.015345583,-0.00903032005,-0.144191258,-0.0869161285,0.00287350684,-0.00236610547,0.3,0.3,-0.3,-0.257015288,0.0037086767,0.00513486028,0.015345583,0.144191258,0.00287350684,0.3,0.3,0.0037086767,0.00903032005,-0.0869161285,-0.00236610547,-0.3,-0.00513486028,0.257015288
542,19462714,0.192787573,-0.11034669,-0.148276284,0.0424824618,0.0366405994,-0.0295167863,-0.622272372,-0.242975354,-65.475563,-0.380104423,0.0464407057,0.0646844879,0.0154230058,-0.00882773519,-0.144482885,-0.0872552615,0.00293124795,-0.00236134291,0.3,0.3,-0.3,-0.257015663,0.00371525645,0.00517475903,0.0154230058,0.144482885,0.00293124795,0.3,0.3,0.00371525645,0.00882773519,-0.0872552615,-0.00236134291,-0.3,-0.00517475903,0.257015663
543,19482722,0.193638891,-0.107718304,-0.14897798,0.0415958539,0.0372629799,-0.0296111424,-0.625273764,-0.247630402,-65.4764709,-0.38038823,0.0462874919,0.0653816685,0.0154911113,-0.0086174643,-0.144693394,-0.0875212438,0.00298103839,-0.00236889139,0.3,0.3,-0.3,-0.257058235,0.00370299935,0.00523053348,0.0154911113,0.144693394,0.00298103839,0.3,0.3,0.00370299935,0.0086174643,-0.0875212438,-0.00236889139,-0.3,-0.00523053348,0.257058235
544,19501004,0.194878653,-0.105151124,-0.149698898,0.0411355272,0.0375497937,-0.029912848,-0.628102541,-0.252466917,-65.4773407,-0.380751222,0.0454959273,0.0658799335,0.0155902922,-0.00841208994,-0.144909669,-0.0876593418,0.0030039835,-0.00239302784,0.3,0.3,-0.3,-0.257112683,0.00363967419,0.00527039468,0.0155902922,0.144909669,0.0030039835,0.3,0.3,0.00363967419,0.00841208994,-0.0876593418,-0.00239302784,-0.3,-0.00527039468,0.257112683
545,19526232,0.195551366,-0.103359245,-0.149572045,0.0416155383,0.0377113633,-0.0301650688,-0.628854036,-0.255137533,-65.477684,-0.38119325,0.0454591028,0.0669304207,0.0156441092,-0.00826873958,-0.144871613,-0.0875153385,0.00301690906,-0.0024132055,0.3,0.3,-0.3,-0.257178988,0.00363672823,0.00535443366,0.0156441092,0.144871613,0.00301690906,0.3,0.3,0.00363672823,0.00826873958,-0.0875153385,-0.0024132055,-0.3,-0.00535443366,0.257178988
546,19548345,0.195731029,-0.102516688,-0.148884386,0.0426084325,0.0375913829,-0.0304274671,-0.628054798,-0.255640745,-65.4772491,-0.381876945,0.045659788,0.0683613122,0.0156584823,-0.00820133507,-0.144665316,-0.0872174703,0.00300731063,-0.00243419737,0.3,0.3,-0.3,-0.257281542,0.00365278304,0.00546890497,0.0156584823,0.144665316,0.00300731063,0.3,0.3,0.00365278304,0.00820133507,-0.0872174703,-0.00243419737,-0.3,-0.00546890497,0.257281542
547,19561360,0.196166709,-0.102137268,-0.148253873,0.0428672954,0.0374428257,-0.0302851759,-0.626828253,-0.255617589,-65.4764557,-0.382523447,0.0453518815,0.0697990507,0.0156933367,-0.00817098141,-0.144476162,-0.0871398114,0.00299542606,-0.00242281407,0.3,0.3,-0.3,-0.257378517,0.00362815052,0.00558392406,0.0156933367,0.144476162,0.00299542606,0.3,0.3,0.00362815052,0.00817098141,-0.0871398114,-0.00242281407,-0.3,-0.00558392406,0.257378517
548,19582514,0.196538314,-0.10253147,-0.147160769,0.0426417068,0.0375143178,-0.0296847206,-0.624658942,-0.25445196,-65.4756012,-0.383080363,0.0450751223,0.0714810118,0.0157230651,-0.00820251763,-0.144148231,-0.087207488,0.00300114542,-0.00237477764,0.3,0.3,-0.3,-0.257462054,0.00360600978,0.00571848094,0.0157230651,0.144148231,0.00300114542,0.3,0.3,0.00360600978,0.00820251763,-0.087207488,-0.00237477764,-0.3,-0.00571848094,0.257462054
549,19606000,0.196942836,-0.10387297,-0.145837247,0.0431115106,0.0372814313,-0.0292184595,-0.621407568,-0.251470089,-65.4749985,-0.383427531,0.0445201583,0.0731421411,0.0157554269,-0.00830983758,-0.143751174,-0.0870665468,0.0029825145,-0.00233747676,0.3,0.3,-0.3,-0.25751413,0.00356161267,0.00585137129,0.0157554269,0.143751174,0.0029825145,0.3,0.3,0.00356161267,0.00830983758,-0.0870665468,-0.00233747676,-0.3,-0.00585137129,0.25751413
550,19622819,0.197411537,-0.105733894,-0.144809589,0.0437195711,0.0365513563,-0.0288817957,-0.61793232,-0.247261792,-65.4743195,-0.383339852,0.0435586274,0.0741204321,0.015792923,-0.0084587115,-0.143442877,-0.0868841287,0.00292410851,-0.00231054366,0.3,0.3,-0.3,-0.257500978,0.00348469019,0.00592963457,0.015792923,0.143442877,0.00292410851,0.3,0.3,0.00348469019,0.0084587115,-0.0868841287,-0.00231054366,-0.3,-0.00592963457,0.257500978
551,19647589,0.197908327,-0.107789934,-0.144511372,0.0443177521,0.0354114138,-0.0288860817,-0.615245461,-0.243179232,-65.4736099,-0.38293153,0.0422831774,0.0743505806,0.0158326662,-0.00862319469,-0.143353412,-0.0867046744,0.0028329131,-0.00231088653,0.3,0.3,-0.3,-0.25743973,0.00338265419,0.00594804645,0.0158326662,0.143353412,0.0028329131,0.3,0.3,0.00338265419,0.00862319469,-0.0867046744,-0.00231088653,-0.3,-0.00594804645,0.25743973
552,19663834,0.198168054,-0.109574758,-0.144789651,0.0450922847,0.0341683105,-0.0291362982,-0.613226593,-0.239727333,-65.4725571,-0.382182568,0.0414436013,0.074122794,0.0158534443,-0.0087659806,-0.143436895,-0.0864723146,0.00273346484,-0.00233090386,0.3,0.3,-0.3,-0.257327385,0.0033154881,0.00592982352,0.0158534443,0.143436895,0.00273346484,0.3,0.3,0.0033154881,0.0087659806,-0.0864723146,-0.00233090386,-0.3,-0.00592982352,0.257327385
553,19696187,0.197690308,-0.111129418,-0.144991025,0.0456566587,0.0334372334,-0.0292728264,-0.611575842,-0.23700279,-65.471283,-0.381514817,0.0417223312,0.0739520267,0.0158152246,-0.00889035344,-0.143497308,-0.0863030024,0.00267497867,-0.00234182611,0.3,0.3,-0.3,-0.257227223,0.0033377865,0.00591616213,0.0158152246,0.143497308,0.00267497867,0.3,0.3,0.0033377865,0.00889035344,-0.0863030024,-0.00234182611,-0.3,-0.00591616213,0.257227223
554,19704528,0.197304577,-0.112285636,-0.145154923,0.0456828512,0.0331280529,-0.0293230191,-0.611175776,-0.235458523,-65.4702301,-0.380967945,0.0420259759,0.0733005553,0.0157843661,-0.00898285091,-0.143546477,-0.0862951446,0.00265024424,-0.00234584153,0.3,0.3,-0.3,-0.257145192,0.00336207807,0.00586404443,0.0157843661,0.143546477,0.00265024424,0.3,0.3,0.00336207807,0.00898285091,-0.0862951446,-0.00234584153,-0.3,-0.00586404443,0.257145192
555,19720018,0.197176993,-0.112899348,-0.145252943,0.0449795797,0.0334018879,-0.0290429946,-0.611882925,-0.235685825,-65.4694214,-0.380332291,0.0424707681,0.0722941384,0.0157741594,-0.00903194785,-0.143575883,-0.0865061261,0.00267215103,-0.00232343957,0.3,0.3,-0.3,-0.257049844,0.00339766145,0.00578353107,0.0157741594,0.143575883,0.00267215103,0.3,0.3,0.00339766145,0.00903194785,-0.0865061261,-0.00232343957,-0.3,-0.00578353107,0.257049844
556,19743645,0.197238743,-0.11276824,-0.145632178,0.0437268652,0.0341794118,-0.0286201127,-0.613742352,-0.238221601,-65.4688492,-0.37976101,0.0432447307,0.0716258436,0.0157790995,-0.00902145922,-0.143689653,-0.0868819404,0.00273435295,-0.00228960901,0.3,0.3,-0.3,-0.256964152,0.00345957845,0.00573006749,0.0157790995,0.143689653,0.00273435295,0.3,0.3,0.00345957845,0.00902145922,-0.0868819404,-0.00228960901,-0.3,-0.00573006749,0.256964152
557,19766878,0.197540715,-0.111659557,-0.14624311,0.0426867604,0.0349438377,-0.0285413023,-0.616277635,-0.241624057,-65.4686356,-0.379297674,0.043831937,0.0711961761,0.0158032572,-0.00893276453,-0.143872933,-0.0871939719,0.00279550701,-0.00228330418,0.3,0.3,-0.3,-0.256894651,0.00350655496,0.00569569409,0.0158032572,0.143872933,0.00279550701,0.3,0.3,0.00350655496,0.00893276453,-0.0871939719,-0.00228330418,-0.3,-0.00569569409,0.256894651
558,19779979,0.198052779,-0.109383427,-0.147610158,0.0416933186,0.0354322046,-0.0288854633,-0.619851291,-0.246353298,-65.4683228,-0.378976256,0.0439609773,0.0707824603,0.0158442223,-0.00875067413,-0.144283047,-0.0874920044,0.00283457637,-0.00231083706,0.3,0.3,-0.3,-0.256846438,0.00351687819,0.00566259682,0.0158442223,0.144283047,0.00283457637,0.3,0.3,0.00351687819,0.00875067413,-0.0874920044,-0.00231083706,-0.3,-0.00566259682,0.256846438
559,19805327,0.198522061,-0.106561787,-0.148676589,0.0408911221,0.0360662565,-0.0292159989,-0.623839676,-0.251473844,-65.4681931,-0.378938138,0.0440224633,0.0705793053,0.0158817649,-0.00852494299,-0.144602977,-0.0877326634,0.00288530052,-0.00233727992,0.3,0.3,-0.3,-0.256840721,0.00352179706,0.00564634442,0.0158817649,0.144602977,0.00288530052,0.3,0.3,0.00352179706,0.00852494299,-0.0877326634,-0.00233727992,-0.3,-0.00564634442,0.256840721
560,19820758,0.199051172,-0.103670433,-0.149454176,0.0403822102,0.0366239324,-0.0294645224,-0.627238572,-0.255981863,-65.4682312,-0.379107803,0.0439182147,0.0705704987,0.0159240937,-0.00829363465,-0.144836253,-0.087885337,0.00292991459,-0.00235716179,0.3,0.3,-0.3,-0.25686617,0.00351345718,0.0056456399,0.0159240937,0.144836253,0.00292991459,0.3,0.3,0.00351345718,0.00829363465,-0.087885337,-0.00235716179,-0.3,-0.0056456399,0.25686617
561,19847475,0.199656382,-0.101018786,-0.14991416,0.039914351,0.0372148305,-0.0295724422,-0.629840553,-0.260174245,-65.468132,-0.379539341,0.0438762456,0.0709152073,0.0159725106,-0.00808150291,-0.144974248,-0.0880256947,0.00297718644,-0.00236579537,0.3,0.3,-0.3,-0.256930901,0.00351009965,0.00567321658,0.0159725106,0.144974248,0.00297718644,0.3,0.3,0.00351009965,0.00808150291,-0.0880256947,-0.00236579537,-0.3,-0.00567321658,0.256930901
562,19858349,0.200308844,-0.0995217711,-0.149206534,0.0406017974,0.0375565067,-0.0296855439,-0.63007015,-0.261456549,-65.4678192,-0.380271524,0.0435601212,0.0716823265,0.0160247076,-0.00796174169,-0.14476196,-0.0878194608,0.00300452054,-0.00237484351,0.3,0.3,-0.3,-0.257040729,0.0034848097,0.00573458612,0.0160247076,0.14476196,0.00300452054,0.3,0.3,0.0034848097,0.00796174169,-0.0878194608,-0.00237484351,-0.3,-0.00573458612,0.257040729
563,19881689,0.200871333,-0.0990366861,-0.14833352,0.0407705829,0.0377878174,-0.0292722899,-0.629036367,-0.26190421,-65.4672546,-0.380912185,0.0436014682,0.0730227754,0.0160697067,-0.00792293489,-0.144500056,-0.0877688251,0.00302302539,-0.0023417832,0.3,0.3,-0.3,-0.257136828,0.00348811746,0.00584182203,0.0160697067,0.144500056,0.00302302539,0.3,0.3,0.00348811746,0.00792293489,-0.0877688251,-0.0023417832,-0.3,-0.00584182203,0.257136828
564,19904695,0.201281697,-0.09903346,-0.147825152,0.0409117155,0.0376111828,-0.0289672595,-0.627726793,-0.261574507,-65.4669113,-0.381410956,0.0436446816,0.0743082762,0.0161025357,-0.0079226768,-0.144347546,-0.0877264854,0.00300889462,-0.00231738076,0.3,0.3,-0.3,-0.257211643,0.00349157453,0.00594466209,0.0161025357,0.144347546,0.00300889462,0.3,0.3,0.00349157453,0.0079226768,-0.0877264854,-0.00231738076,-0.3,-0.00594466209,0.257211643
565,19918856,0.201522395,-0.0996449441,-0.147242174,0.0415076651,0.0370771103,-0.0288301427,-0.625747561,-0.259671241,-65.466507,-0.381770462,0.0435415879,0.0754472762,0.0161217916,-0.00797159553,-0.144172652,-0.0875477005,0.00296616882,-0.00230641142,0.3,0.3,-0.3,-0.257265569,0.00348332703,0.0060357821,0.0161217916,0.144172652,0.00296616882,0.3,0.3,0.00348332703,0.00797159553,-0.0875477005,-0.00230641142,-0.3,-0.0060357821,0.257265569
566,19957352,0.201794088,-0.100984819,-0.146357566,0.0424271561,0.0363797471,-0.0286561511,-0.622654796,-0.256229222,-65.4658203,-0.381831139,0.0431123152,0.0764475539,0.016143527,-0.00807878554,-0.14390727,-0.0872718532,0.00291037977,-0.00229249209,0.3,0.3,-0.3,-0.257274671,0.00344898522,0.00611580431,0.016143527,0.14390727,0.00291037977,0.3,0.3,0.00344898522,0.00807878554,-0.0872718532,-0.00229249209,-0.3,-0.00611580431,0.257274671
567,19965087,0.201843098,-0.10281679,-0.1456227,0.0430605076,0.0355859809,-0.028513113,-0.619460046,-0.252161115,-65.4649734,-0.381615341,0.0423861593,0.0771497563,0.0161474478,-0.00822534323,-0.14368681,-0.0870818477,0.00284687847,-0.00228104904,0.3,0.3,-0.3,-0.257242301,0.00339089274,0.0061719805,0.0161474478,0.14368681,0.00284687847,0.3,0.3,0.00339089274,0.00822534323,-0.0870818477,-0.00228104904,-0.3,-0.0061719805,0.257242301
568,19983533,0.202197298,-0.104019053,-0.145764589,0.042907048,0.0347972438,-0.0284470096,-0.617820859,-0.24952206,-65.4643555,-0.381079614,0.0408946387,0.0766361281,0.0161757839,-0.00832152426,-0.143729377,-0.0871278856,0.0027837795,-0.00227576077,0.3,0.3,-0.3,-0.257161942,0.0032715711,0.00613089025,0.0161757839,0.143729377,0.0027837795,0.3,0.3,0.0032715711,0.00832152426,-0.0871278856,-0.00227576077,-0.3,-0.00613089025,0.257161942
569,20000538,0.202802241,-0.104449451,-0.146646515,0.0421711914,0.0343109593,-0.028317621,-0.617966652,-0.249593258,-65.4641113,-0.380208582,0.0394802056,0.0756855085,0.0162241793,-0.00835595608,-0.143993954,-0.0873486426,0.00274487674,-0.00226540968,0.3,0.3,-0.3,-0.257031287,0.00315841645,0.00605484068,0.0162241793,0.143993954,0.00274487674,0.3,0.3,0.00315841645,0.00835595608,-0.0873486426,-0.00226540968,-0.3,-0.00605484068,0.257031287
570,20020654,0.202977017,-0.104940481,-0.146844581,0.0421314873,0.0342307389,-0.0282404181,-0.617839277,-0.249798328,-65.4640121,-0.379271984,0.0389601216,0.0747620612,0.0162381613,-0.00839523852,-0.144053374,-0.0873605538,0.00273845911,-0.00225923344,0.3,0.3,-0.3,-0.256890798,0.00311680973,0.0059809649,0.0162381613,0.144053374,0.00273845911,0.3,0.3,0.00311680973,0.00839523852,-0.0873605538,-0.00225923344,-0.3,-0.0059809649,0.256890798
571,20041389,0.203258112,-0.105612263,-0.146826133,0.0423022993,0.0342590027,-0.028258387,-0.618219674,-0.250056535,-65.4637909,-0.378389984,0.0386530086,0.0739154294,0.016260649,-0.00844898105,-0.14404784,-0.0873093102,0.00274072021,-0.00226067096,0.3,0.3,-0.3,-0.256758498,0.00309224069,0.00591323435,0.016260649,0.14404784,0.00274072021,0.3,0.3,0.00309224069,0.00844898105,-0.0873093102,-0.00226067096,-0.3,-0.00591323435,0.256758498
572,20060680,0.203701869,-0.105508216,-0.1474742,0.041503571,0.0345965773,-0.028017344,-0.619861007,-0.252476364,-65.4635086,-0.3775011,0.0387855768,0.0734623894,0.0162961495,-0.00844065726,-0.14424226,-0.0875489287,0.00276772618,-0.00224138752,0.3,0.3,-0.3,-0.256625165,0.00310284615,0.00587699115,0.0162961495,0.14424226,0.00276772618,0.3,0.3,0.00310284615,0.00844065726,-0.0875489287,-0.00224138752,-0.3,-0.00587699115,0.256625165
573,20078704,0.20433785,-0.10375341,-0.148774981,0.0399627835,0.035348326,-0.0278880335,-0.622870088,-0.257411093,-65.4634399,-0.376907289,0.0390180796,0.0735318959,0.016347028,-0.00830027282,-0.144632494,-0.088011165,0.00282786608,-0.00223104268,0.3,0.3,-0.3,-0.256536093,0.00312144637,0.00588255167,0.016347028,0.144632494,0.00282786608,0.3,0.3,0.00312144637,0.00830027282,-0.088011165,-0.00223104268,-0.3,-0.00588255167,0.256536093
574,20100564,0.20492208,-0.101220854,-0.149734244,0.0391681269,0.0360890515,-0.0281254072,-0.625914156,-0.262118995,-65.4639359,-0.376805276,0.0389855281,0.0736377835,0.0163937664,-0.00809766829,-0.144920273,-0.0882495619,0.00288712412,-0.00225003257,0.3,0.3,-0.3,-0.256520791,0.00311884224,0.00589102268,0.0163937664,0.144920273,0.00288712412,0.3,0.3,0.00311884224,0.00809766829,-0.0882495619,-0.00225003257,-0.3,-0.00589102268,0.256520791
575,20120449,0.2053262,-0.0990909487,-0.149506688,0.0396966636,0.0365001373,-0.0285669118,-0.627129316,-0.263902843,-65.4643478,-0.377062827,0.0388044268,0.0736926198,0.016426096,-0.0079272759,-0.144852006,-0.0880910009,0.00292001098,-0.00228535295,0.3,0.3,-0.3,-0.256559424,0.00310435414,0.00589540958,0.016426096,0.144852006,0.00292001098,0.3,0.3,0.00310435414,0.0079272759,-0.0880910009,-0.00228535295,-0.3,-0.00589540958,0.256559424
576,20138914,0.205763981,-0.0977176875,-0.148951173,0.039801091,0.0369372554,-0.0285309609,-0.627395034,-0.26552853,-65.4640808,-0.377520472,0.039245747,0.0747917369,0.0164611185,-0.007817415,-0.144685352,-0.0880596727,0.00295498043,-0.00228247687,0.3,0.3,-0.3,-0.256628071,0.00313965976,0.00598333895,0.0164611185,0.144685352,0.00295498043,0.3,0.3,0.00313965976,0.007817415,-0.0880596727,-0.00228247687,-0.3,-0.00598333895,0.256628071
577,20160366,0.206269443,-0.0965303257,-0.148404062,0.0395204313,0.0372353904,-0.0282889754,-0.627029955,-0.266686082,-65.4635315,-0.378225118,0.0398358516,0.0766121224,0.0165015554,-0.00772242606,-0.144521219,-0.0881438706,0.00297883123,-0.00226311803,0.3,0.3,-0.3,-0.256733768,0.00318686813,0.00612896979,0.0165015554,0.144521219,0.00297883123,0.3,0.3,0.00318686813,0.00772242606,-0.0881438706,-0.00226311803,-0.3,-0.00612896979,0.256733768
578,20182362,0.206344217,-0.0957842171,-0.147929594,0.0396975316,0.037089549,-0.0282760505,-0.625813246,-0.26615566,-65.4628448,-0.378848076,0.0400193669,0.077607587,0.0165075374,-0.00766273737,-0.144378878,-0.0880907405,0.00296716392,-0.00226208404,0.3,0.3,-0.3,-0.256827211,0.00320154935,0.00620860696,0.0165075374,0.144378878,0.00296716392,0.3,0.3,0.00320154935,0.00766273737,-0.0880907405,-0.00226208404,-0.3,-0.00620860696,0.256827211
579,20200773,0.206206396,-0.0957485288,-0.147400558,0.0401704907,0.0367195904,-0.0282503236,-0.623805761,-0.264396042,-65.4622192,-0.379206389,0.039996434,0.0786309093,0.0164965117,-0.00765988231,-0.144220167,-0.0879488528,0.00293756723,-0.00226002589,0.3,0.3,-0.3,-0.256880958,0.00319971472,0.00629047275,0.0164965117,0.144220167,0.00293756723,0.3,0.3,0.00319971472,0.00765988231,-0.0879488528,-0.00226002589,-0.3,-0.00629047275,0.256880958
580,20221845,0.205754936,-0.0963358209,-0.146917388,0.040565569,0.0362663418,-0.0281243287,-0.621641338,-0.261960268,-65.4616547,-0.379252732,0.0400659777,0.0796759799,0.0164603949,-0.00770686567,-0.144075216,-0.0878303293,0.00290130734,-0.0022499463,0.3,0.3,-0.3,-0.25688791,0.00320527822,0.00637407839,0.0164603949,0.144075216,0.00290130734,0.3,0.3,0.00320527822,0.00770686567,-0.0878303293,-0.0022499463,-0.3,-0.00637407839,0.25688791
581,20249233,0.205462709,-0.0970131755,-0.146973476,0.0409150422,0.0356094539,-0.02821978,-0.620268226,-0.25982973,-65.4609299,-0.379047036,0.0395834222,0.0802264065,0.0164370167,-0.00776105404,-0.144092043,-0.0877254874,0.00284875631,-0.0022575824,0.3,0.3,-0.3,-0.256857055,0.00316667378,0.00641811252,0.0164370167,0.144092043,0.00284875631,0.3,0.3,0.00316667378,0.00776105404,-0.0877254874,-0.0022575824,-0.3,-0.00641811252,0.256857055
582,20262086,0.205299839,-0.0977472514,-0.147077844,0.0414107405,0.0349980779,-0.0283916239,-0.619241118,-0.257883042,-65.4598312,-0.378730208,0.0388845131,0.0803271011,0.0164239872,-0.00781978011,-0.144123353,-0.0875767779,0.00279984623,-0.00227132991,0.3,0.3,-0.3,-0.256809531,0.00311076105,0.00642616808,0.0164239872,0.144123353,0.00279984623,0.3,0.3,0.00311076105,0.00781978011,-0.0875767779,-0.00227132991,-0.3,-0.00642616808,0.256809531
583,20278992,0.205411449,-0.0984656587,-0.14711757,0.0412670076,0.034777578,-0.0283129606,-0.618691087,-0.256830573,-65.4587555,-0.378404826,0.0383035801,0.0807750523,0.0164329159,-0.0078772527,-0.144135271,-0.0876198977,0.00278220624,-0.00226503685,0.3,0.3,-0.3,-0.256760724,0.00306428641,0.00646200418,0.0164329159,0.144135271,0.00278220624,0.3,0.3,0.00306428641,0.0078772527,-0.0876198977,-0.00226503685,-0.3,-0.00646200418,0.256760724
584,20306876,0.206078306,-0.0983696207,-0.147810981,0.0403869674,0.0348419063,-0.0281315986,-0.619921088,-0.258134782,-65.4582291,-0.37792173,0.0375530496,0.0803132579,0.0164862645,-0.00786956966,-0.144343294,-0.0878839098,0.0027873525,-0.00225052789,0.3,0.3,-0.3,-0.25668826,0.00300424397,0.00642506063,0.0164862645,0.144343294,0.0027873525,0.3,0.3,0.00300424397,0.00786956966,-0.0878839098,-0.00225052789,-0.3,-0.00642506063,0.25668826
585,20320342,0.20683907,-0.097976163,-0.148364618,0.0399692021,0.0349419117,-0.0282383803,-0.621508956,-0.25992775,-65.4576721,-0.377562046,0.03671702,0.0797903612,0.0165471256,-0.00783809304,-0.144509386,-0.0880092394,0.00279535294,-0.00225907043,0.3,0.3,-0.3,-0.256634307,0.0029373616,0.0063832289,0.0165471256,0.144509386,0.00279535294,0.3,0.3,0.0029373616,0.00783809304,-0.0880092394,-0.00225907043,-0.3,-0.0063832289,0.256634307
586,20342169,0.20757857,-0.0977475345,-0.148573413,0.0395721644,0.0353597626,-0.0281008575,-0.622958899,-0.261993915,-65.4569397,-0.377297282,0.0366489254,0.079674013,0.0166062856,-0.00781980276,-0.144572024,-0.0881283507,0.00282878101,-0.0022480686,0.3,0.3,-0.3,-0.256594592,0.00293191403,0.00637392104,0.0166062856,0.144572024,0.00282878101,0.3,0.3,0.00293191403,0.00781980276,-0.0881283507,-0.0022480686,-0.3,-0.00637392104,0.256594592
587,20360461,0.208319753,-0.0969702154,-0.149262846,0.0387169607,0.0357995406,-0.0279954951,-0.624917865,-0.26528427,-65.4562988,-0.376979977,0.0366977453,0.0793618038,0.0166655803,-0.00775761724,-0.144778854,-0.0883849118,0.00286396325,-0.00223963961,0.3,0.3,-0.3,-0.256546997,0.00293581963,0.00634894431,0.0166655803,0.144778854,0.00286396325,0.3,0.3,0.00293581963,0.00775761724,-0.0883849118,-0.00223963961,-0.3,-0.00634894431,0.256546997
588,20383465,0.209111333,-0.0951362923,-0.150393918,0.0374453813,0.0363521166,-0.0280536115,-0.627864063,-0.270155221,-65.4559479,-0.376897335,0.0363745689,0.0789053068,0.0167289066,-0.00761090338,-0.145118175,-0.0887663856,0.00290816933,-0.00224428892,0.3,0.3,-0.3,-0.2565346,0.00290996552,0.00631242454,0.0167289066,0.145118175,0.00290816933,0.3,0.3,0.00290996552,0.00761090338,-0.0887663856,-0.00224428892,-0.3,-0.00631242454,0.2565346
589,20404443,0.209695861,-0.0933231935,-0.150547162,0.0373074859,0.036847759,-0.0283020623,-0.629700065,-0.273209363,-65.4560165,-0.377164483,0.0360716768,0.0786818191,0.0167756689,-0.00746585548,-0.145164149,-0.0888077542,0.00294782072,-0.00226416498,0.3,0.3,-0.3,-0.256574672,0.00288573414,0.00629454553,0.0167756689,0.145164149,0.00294782072,0.3,0.3,0.00288573414,0.00746585548,-0.0888077542,-0.00226416498,-0.3,-0.00629454553,0.256574672
590,20422310,0.209873527,-0.0921647027,-0.149843648,0.0374622233,0.0374341682,-0.0281486977,-0.629936934,-0.275072187,-65.4560165,-0.377590597,0.0367064811,0.0792976543,0.0167898822,-0.00737317622,-0.144953094,-0.088761333,0.00299473345,-0.00225189582,0.3,0.3,-0.3,-0.25663859,0.00293651849,0.00634381235,0.0167898822,0.144953094,0.00299473345,0.3,0.3,0.00293651849,0.00737317622,-0.088761333,-0.00225189582,-0.3,-0.00634381235,0.25663859
591,20444791,0.210154355,-0.0913784504,-0.149149358,0.0374739841,0.0377522111,-0.0279315133,-0.62946111,-0.2760351,-65.455452,-0.378143907,0.037288852,0.0803777352,0.0168123484,-0.00731027603,-0.144744807,-0.0887578048,0.00302017689,-0.00223452106,0.3,0.3,-0.3,-0.256721586,0.00298310816,0.00643021882,0.0168123484,0.144744807,0.00302017689,0.3,0.3,0.00298310816,0.00731027603,-0.0887578048,-0.00223452106,-0.3,-0.00643021882,0.256721586
592,20465474,0.210363165,-0.0908097476,-0.148585811,0.037958812,0.0375363454,-0.0280357469,-0.628201067,-0.275271654,-65.4545364,-0.378763348,0.0377070382,0.0818772092,0.0168290532,-0.00726477981,-0.144575743,-0.0886123564,0.00300290763,-0.00224285975,0.3,0.3,-0.3,-0.256814502,0.00301656306,0.00655017674,0.0168290532,0.144575743,0.00300290763,0.3,0.3,0.00301656306,0.00726477981,-0.0886123564,-0.00224285975,-0.3,-0.00655017674,0.256814502
593,20482488,0.210261911,-0.0907365456,-0.148222223,0.0384517722,0.0371084847,-0.0280795339,-0.626580119,-0.273492336,-65.4533234,-0.379227191,0.0381778218,0.0834650248,0.0168209529,-0.00725892365,-0.144466667,-0.0884644683,0.00296867877,-0.00224636272,0.3,0.3,-0.3,-0.256884079,0.00305422574,0.00667720199,0.0168209529,0.144466667,0.00296867877,0.3,0.3,0.00305422574,0.00725892365,-0.0884644683,-0.00224636272,-0.3,-0.00667720199,0.256884079
594,20501931,0.210021347,-0.0913492739,-0.147600979,0.0389198102,0.0366757922,-0.027950028,-0.624340832,-0.270607114,-65.4522705,-0.379540354,0.0381826349,0.0849133655,0.0168017077,-0.00730794191,-0.144280294,-0.0883240569,0.00293406337,-0.00223600224,0.3,0.3,-0.3,-0.256931053,0.00305461079,0.00679306924,0.0168017077,0.144280294,0.00293406337,0.3,0.3,0.00305461079,0.00730794191,-0.0883240569,-0.00223600224,-0.3,-0.00679306924,0.256931053
595,20523039,0.209997132,-0.0919311047,-0.14750874,0.0391887687,0.0360061079,-0.027959805,-0.622877598,-0.268248916,-65.4513855,-0.379455686,0.0373795852,0.0851276517,0.0167997706,-0.00735448837,-0.144252622,-0.0882433694,0.00288048863,-0.0022367844,0.3,0.3,-0.3,-0.256918353,0.00299036682,0.00681021214,0.0167997706,0.144252622,0.00288048863,0.3,0.3,0.00299036682,0.00735448837,-0.0882433694,-0.0022367844,-0.3,-0.00681021214,0.256918353
596,20547400,0.210168153,-0.0924834535,-0.147631839,0.039467629,0.0353411138,-0.0280878022,-0.622074246,-0.266606092,-65.4503937,-0.379148424,0.0361506715,0.0846422836,0.0168134522,-0.00739867628,-0.144289552,-0.0881597113,0.0028272891,-0.00224702418,0.3,0.3,-0.3,-0.256872264,0.00289205372,0.00677138269,0.0168134522,0.144289552,0.0028272891,0.3,0.3,0.00289205372,0.00739867628,-0.0881597113,-0.00224702418,-0.3,-0.00677138269,0.256872264
597,20558409,0.21049872,-0.0925436914,-0.148468494,0.0391000696,0.0349575132,-0.0280770473,-0.622522473,-0.26698035,-65.4494171,-0.378612667,0.035116028,0.0840416178,0.0168398976,-0.00740349531,-0.144540548,-0.0882699791,0.00279660106,-0.00224616379,0.3,0.3,-0.3,-0.2567919,0.00280928224,0.00672332942,0.0168398976,0.144540548,0.00279660106,0.3,0.3,0.00280928224,0.00740349531,-0.0882699791,-0.00224616379,-0.3,-0.00672332942,0.2567919
598,20585363,0.210881203,-0.0920435935,-0.14919816,0.0388061926,0.0349387079,-0.0282895677,-0.623457134,-0.268445283,-65.4485168,-0.378156364,0.0342585891,0.0834095776,0.0168704963,-0.00736348748,-0.144759448,-0.0883581422,0.00279509664,-0.00226316541,0.3,0.3,-0.3,-0.256723455,0.00274068713,0.00667276621,0.0168704963,0.144759448,0.00279509664,0.3,0.3,0.00274068713,0.00736348748,-0.0883581422,-0.00226316541,-0.3,-0.00667276621,0.256723455
599,20599495,0.211152568,-0.0914366096,-0.149559155,0.0383658186,0.0353434496,-0.0282532871,-0.624579847,-0.270385146,-65.4477615,-0.377791047,0.03389927,0.0829123631,0.0168922055,-0.00731492877,-0.144867747,-0.0884902544,0.00282747597,-0.00226026297,0.3,0.3,-0.3,-0.256668657,0.0027119416,0.00663298905,0.0168922055,0.144867747,0.00282747597,0.3,0.3,0.0027119416,0.00731492877,-0.0884902544,-0.00226026297,-0.3,-0.00663298905,0.256668657
600,20620560,0.211570576,-0.0907285437,-0.149850577,0.0373357981,0.0359980538,-0.0279932171,-0.626147449,-0.273299426,-65.4470749,-0.377553433,0.0340269767,0.0832104385,0.0169256461,-0.0072582835,-0.144955173,-0.0887992606,0.00287984431,-0.00223945737,0.3,0.3,-0.3,-0.256633015,0.00272215813,0.00665683508,0.0169256461,0.144955173,0.00287984431,0.3,0.3,0.00272215813,0.0072582835,-0.0887992606,-0.00223945737,-0.3,-0.00665683508,0.256633015
601,20641270,0.212452754,-0.0895835757,-0.150513425,0.03590573,0.0366922654,-0.0278014839,-0.62887305,-0.277616858,-65.4464722,-0.377437413,0.0338141173,0.0834059492,0.0169962204,-0.00716668606,-0.145154028,-0.089228281,0.00293538123,-0.00222411871,0.3,0.3,-0.3,-0.256615612,0.00270512938,0.00667247593,0.0169962204,0.145154028,0.00293538123,0.3,0.3,0.00270512938,0.00716668606,-0.089228281,-0.00222411871,-0.3,-0.00667247593,0.256615612
602,20667163,0.213638872,-0.0879529715,-0.150905058,0.0349005945,0.037374936,-0.0277634412,-0.631412923,-0.281791419,-65.4461365,-0.37754783,0.0332120433,0.0831774324,0.0170911098,-0.00703623772,-0.145271517,-0.0895298216,0.00298999488,-0.0022210753,0.3,0.3,-0.3,-0.256632175,0.00265696347,0.00665419459,0.0170911098,0.145271517,0.00298999488,0.3,0.3,0.00265696347,0.00703623772,-0.0895298216,-0.0022210753,-0.3,-0.00665419459,0.256632175
603,20680563,0.214418516,-0.0865349919,-0.150704563,0.0347838923,0.0379389748,-0.0278867036,-0.632536411,-0.284432322,-65.4457932,-0.377869338,0.0331211872,0.0832547322,0.0171534812,-0.00692279935,-0.145211369,-0.0895648323,0.00303511798,-0.00223093629,0.3,0.3,-0.3,-0.256680401,0.00264969498,0.00666037858,0.0171534812,0.145211369,0.00303511798,0.3,0.3,0.00264969498,0.00692279935,-0.0895648323,-0.00223093629,-0.3,-0.00666037858,0.256680401
604,20702333,0.215160906,-0.085699521,-0.150163829,0.0353910401,0.0381084122,-0.0279990379,-0.632558167,-0.285496652,-65.4455109,-0.378431588,0.0331792124,0.0836317837,0.0172128725,-0.00685596168,-0.145049149,-0.089382688,0.00304867297,-0.00223992303,0.3,0.3,-0.3,-0.256764738,0.00265433699,0.0066905427,0.0172128725,0.145049149,0.00304867297,0.3,0.3,0.00265433699,0.00685596168,-0.089382688,-0.00223992303,-0.3,-0.0066905427,0.256764738
605,20726574,0.21562551,-0.0851400346,-0.149948806,0.0361255966,0.0378027,-0.0280511454,-0.632011175,-0.285625905,-65.44487,-0.378963858,0.0334920213,0.0843126625,0.0172500408,-0.00681120276,-0.144984642,-0.089162321,0.003024216,-0.00224409163,0.3,0.3,-0.3,-0.256844579,0.0026793617,0.006745013,0.0172500408,0.144984642,0.003024216,0.3,0.3,0.0026793617,0.00681120276,-0.089162321,-0.00224409163,-0.3,-0.006745013,0.256844579
606,20740275,0.2156699,-0.0849419013,-0.149611712,0.0367260799,0.0374457687,-0.027953539,-0.630707681,-0.284568846,-65.4436417,-0.379383296,0.0340695605,0.085358493,0.017253592,-0.0067953521,-0.144883513,-0.088982176,0.0029956615,-0.00223628312,0.3,0.3,-0.3,-0.256907494,0.00272556484,0.00682867944,0.017253592,0.144883513,0.0029956615,0.3,0.3,0.00272556484,0.0067953521,-0.088982176,-0.00223628312,-0.3,-0.00682867944,0.256907494
607,20776590,0.215469912,-0.0852206722,-0.149098173,0.0369248092,0.0372396111,-0.0276659895,-0.629055679,-0.283180445,-65.4424438,-0.379788578,0.0348536633,0.0869062766,0.0172375929,-0.00681765378,-0.144729452,-0.0889225572,0.00297916889,-0.00221327916,0.3,0.3,-0.3,-0.256968287,0.00278829306,0.00695250213,0.0172375929,0.144729452,0.00297916889,0.3,0.3,0.00278829306,0.00681765378,-0.0889225572,-0.00221327916,-0.3,-0.00695250213,0.256968287
608,20782990,0.215121403,-0.0856921375,-0.148482725,0.0372909717,0.0368827321,-0.0275148768,-0.626841486,-0.280546755,-65.4414673,-0.379991859,0.0349739008,0.0878104568,0.0172097123,-0.006855371,-0.144544818,-0.0888127085,0.00295061857,-0.00220119014,0.3,0.3,-0.3,-0.256998779,0.00279791206,0.00702483654,0.0172097123,0.144544818,0.00295061857,0.3,0.3,0.00279791206,0.006855371,-0.0888127085,-0.00220119014,-0.3,-0.00702483654,0.256998779
609,20800729,0.215190187,-0.0857283249,-0.148956075,0.0370023437,0.0363819227,-0.0275334194,-0.626499534,-0.279600859,-65.440712,-0.379961401,0.0340725183,0.0877867416,0.017215215,-0.006858266,-0.144686823,-0.0888992969,0.00291055381,-0.00220267355,0.3,0.3,-0.3,-0.25699421,0.00272580147,0.00702293932,0.017215215,0.144686823,0.00291055381,0.3,0.3,0.00272580147,0.006858266,-0.0888992969,-0.00220267355,-0.3,-0.00702293932,0.25699421
610,20833092,0.215298176,-0.085596025,-0.149308816,0.0370313935,0.0359719731,-0.027656246,-0.626421094,-0.278856874,-65.4401398,-0.379704297,0.0330520049,0.0872309357,0.0172238541,-0.006847682,-0.144792645,-0.088890582,0.00287775785,-0.00221249968,0.3,0.3,-0.3,-0.256955644,0.00264416039,0.00697847486,0.0172238541,0.144792645,0.00287775785,0.3,0.3,0.00264416039,0.006847682,-0.088890582,-0.00221249968,-0.3,-0.00697847486,0.256955644
611,20838881,0.21522373,-0.085856773,-0.149400547,0.0374314971,0.0356631316,-0.0278502721,-0.625918448,-0.278183281,-65.4391708,-0.379310548,0.0326073244,0.0868174583,0.0172178984,-0.00686854184,-0.144820164,-0.0887705509,0.00285305053,-0.00222802177,0.3,0.3,-0.3,-0.256896582,0.00260858595,0.00694539666,0.0172178984,0.144820164,0.00285305053,0.3,0.3,0.00260858595,0.00686854184,-0.0887705509,-0.00222802177,-0.3,-0.00694539666,0.256896582
612,20862588,0.215364769,-0.0858521387,-0.149786234,0.0369234458,0.0357358977,-0.0277666301,-0.626481533,-0.27929762,-65.438118,-0.378903151,0.0322853327,0.0865988433,0.0172291815,-0.0068681711,-0.14493587,-0.0889229663,0.00285887182,-0.0022213304,0.3,0.3,-0.3,-0.256835473,0.00258282661,0.00692790747,0.0172291815,0.14493587,0.00285887182,0.3,0.3,0.00258282661,0.0068681711,-0.0889229663,-0.0022213304,-0.3,-0.00692790747,0.256835473
613,20883428,0.215846092,-0.0851881802,-0.150571197,0.0356120244,0.0362008885,-0.0276326947,-0.628431797,-0.282441437,-65.4372177,-0.378592044,0.0320301466,0.0864452049,0.0172676873,-0.00681505442,-0.145171359,-0.0893163927,0.00289607108,-0.00221061558,0.3,0.3,-0.3,-0.256788807,0.00256241173,0.00691561639,0.0172676873,0.145171359,0.00289607108,0.3,0.3,0.00256241173,0.00681505442,-0.0893163927,-0.00221061558,-0.3,-0.00691561639,0.256788807
614,20905441,0.216489136,-0.0840778202,-0.151274785,0.0343123227,0.0369328894,-0.0275156572,-0.630905271,-0.286545306,-65.4366913,-0.378415734,0.0317235887,0.0863415971,0.0173191309,-0.00672622561,-0.145382436,-0.0897063032,0.00295463115,-0.00220125258,0.3,0.3,-0.3,-0.25676236,0.0025378871,0.00690732777,0.0173191309,0.145382436,0.00295463115,0.3,0.3,0.0025378871,0.00672622561,-0.0897063032,-0.00220125258,-0.3,-0.00690732777,0.25676236
615,20919839,0.217284307,-0.082526505,-0.152081698,0.0332881324,0.0375787057,-0.0276813004,-0.63363111,-0.290903449,-65.4363937,-0.37843439,0.0312301051,0.086179398,0.0173827446,-0.0066021204,-0.145624509,-0.0900135603,0.00300629646,-0.00221450403,0.3,0.3,-0.3,-0.256765158,0.00249840841,0.00689435184,0.0173827446,0.145624509,0.00300629646,0.3,0.3,0.00249840841,0.0066021204,-0.0900135603,-0.00221450403,-0.3,-0.00689435184,0.256765158
616,20941499,0.218176052,-0.0810912251,-0.152159631,0.033219263,0.0380214304,-0.0280557424,-0.635411203,-0.293889582,-65.4357452,-0.378707558,0.0306653418,0.0859276652,0.0174540842,-0.00648729801,-0.145647889,-0.0900342211,0.00304171443,-0.00224445939,0.3,0.3,-0.3,-0.256806134,0.00245322734,0.00687421322,0.0174540842,0.145647889,0.00304171443,0.3,0.3,0.00245322734,0.00648729801,-0.0900342211,-0.00224445939,-0.3,-0.00687421322,0.256806134
617,20964884,0.219100505,-0.0796603411,-0.152302891,0.0328087583,0.0384415202,-0.0281811189,-0.636992395,-0.297180951,-65.4348907,-0.37916097,0.0303326566,0.085913457,0.0175280404,-0.00637282729,-0.145690867,-0.0901573725,0.00307532161,-0.00225448951,0.3,0.3,-0.3,-0.256874146,0.00242661253,0.00687307656,0.0175280404,0.145690867,0.00307532161,0.3,0.3,0.00242661253,0.00637282729,-0.0901573725,-0.00225448951,-0.3,-0.00687307656,0.256874146
618,20981631,0.22017327,-0.078346096,-0.152617186,0.0324036926,0.0386578366,-0.0283264276,-0.638312399,-0.300388396,-65.433876,-0.379851907,0.0297216568,0.0865153074,0.0176138616,-0.00626768768,-0.145785156,-0.0902788922,0.00309262693,-0.00226611421,0.3,0.3,-0.3,-0.256977786,0.00237773255,0.00692122459,0.0176138616,0.145785156,0.00309262693,0.3,0.3,0.00237773255,0.00626768768,-0.0902788922,-0.00226611421,-0.3,-0.00692122459,0.256977786
619,21001784,0.220968619,-0.0772179142,-0.152817115,0.0320317075,0.0388521962,-0.0283565186,-0.638980865,-0.303284377,-65.4323883,-0.380643815,0.0294663552,0.0876644924,0.0176774895,-0.00617743313,-0.145845135,-0.0903904878,0.00310817569,-0.00226852149,0.3,0.3,-0.3,-0.257096572,0.00235730842,0.00701315939,0.0176774895,0.145845135,0.00310817569,0.3,0.3,0.00235730842,0.00617743313,-0.0903904878,-0.00226852149,-0.3,-0.00701315939,0.257096572
620,21022322,0.221352234,-0.0764709711,-0.152484551,0.0319536775,0.0390184149,-0.0283196867,-0.638467193,-0.304623008,-65.430687,-0.381425411,0.0297555253,0.0892859101,0.0177081788,-0.00611767769,-0.145745365,-0.0904138967,0.00312147319,-0.00226557493,0.3,0.3,-0.3,-0.257213812,0.00238044202,0.00714287281,0.0177081788,0.145745365,0.00312147319,0.3,0.3,0.00238044202,0.00611767769,-0.0904138967,-0.00226557493,-0.3,-0.00714287281,0.257213812
621,21042973,0.221519113,-0.0759359226,-0.152346343,0.0316175595,0.0390230156,-0.0283419956,-0.637916923,-0.305689067,-65.4285583,-0.382077605,0.0301201958,0.0909706578,0.017721529,-0.00607487381,-0.145703903,-0.0905147322,0.00312184125,-0.00226735964,0.3,0.3,-0.3,-0.257311641,0.00240961567,0.00727765262,0.017721529,0.145703903,0.00312184125,0.3,0.3,0.00240961567,0.00607487381,-0.0905147322,-0.00226735964,-0.3,-0.00727765262,0.257311641
622,21063808,0.221761569,-0.0751779601,-0.152497992,0.031308908,0.0388574973,-0.0285553429,-0.637748718,-0.306498736,-65.4263382,-0.382703006,0.0301356893,0.0923125669,0.0177409256,-0.00601423681,-0.145749398,-0.0906073276,0.00310859978,-0.00228442743,0.3,0.3,-0.3,-0.257405451,0.00241085514,0.00738500535,0.0177409256,0.145749398,0.00310859978,0.3,0.3,0.00241085514,0.00601423681,-0.0906073276,-0.00228442743,-0.3,-0.00738500535,0.257405451
623,21079343,0.221997961,-0.0740206763,-0.152723074,0.0308174305,0.0388727821,-0.0287328698,-0.638004959,-0.307876796,-65.4239197,-0.3832995,0.0300951693,0.0931395441,0.0177598369,-0.00592165411,-0.145816922,-0.0907547709,0.00310982257,-0.00229862958,0.3,0.3,-0.3,-0.257494925,0.00240761355,0.00745116353,0.0177598369,0.145816922,0.00310982257,0.3,0.3,0.00240761355,0.00592165411,-0.0907547709,-0.00229862958,-0.3,-0.00745116353,0.257494925
624,21103238,0.222327799,-0.0728748739,-0.152896613,0.0305036232,0.0389256105,-0.0289632473,-0.638297498,-0.309037447,-65.4215546,-0.383942962,0.0296760686,0.093922928,0.0177862239,-0.00582998991,-0.145868984,-0.090848913,0.00311404884,-0.00231705979,0.3,0.3,-0.3,-0.257591444,0.00237408549,0.00751383424,0.0177862239,0.145868984,0.00311404884,0.3,0.3,0.00237408549,0.00582998991,-0.090848913,-0.00231705979,-0.3,-0.00751383424,0.257591444
625,21126309,0.222837687,-0.0718397275,-0.153012991,0.0303472038,0.0389245749,-0.0292467084,-0.638667524,-0.309954882,-65.419014,-0.384577215,0.0291558243,0.0949318707,0.0178270149,-0.0057471782,-0.145903897,-0.0908958388,0.00311396599,-0.00233973667,0.3,0.3,-0.3,-0.257686582,0.00233246595,0.00759454966,0.0178270149,0.145903897,0.00311396599,0.3,0.3,0.00233246595,0.0057471782,-0.0908958388,-0.00233973667,-0.3,-0.00759454966,0.257686582
626,21140310,0.22367768,-0.0710912347,-0.153174922,0.0298838001,0.0390616469,-0.0292752609,-0.639240503,-0.311543673,-65.4158401,-0.385226518,0.0291999225,0.0968315527,0.0178942144,-0.00568729877,-0.145952477,-0.09103486,0.00312493175,-0.00234202087,0.3,0.3,-0.3,-0.257783978,0.0023359938,0.00774652421,0.0178942144,0.145952477,0.00312493175,0.3,0.3,0.0023359938,0.00568729877,-0.09103486,-0.00234202087,-0.3,-0.00774652421,0.257783978
627,21162442,0.224724501,-0.0706118345,-0.153295025,0.0293317996,0.0391752757,-0.0293460637,-0.639675319,-0.313715875,-65.4120026,-0.386133492,0.0291722938,0.0996109173,0.0179779601,-0.00564894676,-0.145988508,-0.0912004601,0.00313402206,-0.0023476851,0.3,0.3,-0.3,-0.257920024,0.00233378351,0.00796887338,0.0179779601,0.145988508,0.00313402206,0.3,0.3,0.00233378351,0.00564894676,-0.0912004601,-0.0023476851,-0.3,-0.00796887338,0.257920024
628,21183943,0.225780025,-0.0705794469,-0.152756467,0.0298316926,0.0390443392,-0.0297533572,-0.639142454,-0.313641936,-65.4075623,-0.387345999,0.0292002093,0.102696225,0.018062402,-0.00564635575,-0.14582694,-0.0910504922,0.00312354714,-0.00238026857,0.3,0.3,-0.3,-0.2581019,0.00233601674,0.008215698,0.018062402,0.14582694,0.00312354714,0.3,0.3,0.00233601674,0.00564635575,-0.0910504922,-0.00238026857,-0.3,-0.008215698,0.2581019
629,21201816,0.22660397,-0.0709360093,-0.152120188,0.0302827451,0.0388028137,-0.0299119074,-0.638031363,-0.312431902,-65.402626,-0.388672709,0.0300282687,0.106402881,0.0181283176,-0.00567488074,-0.145636056,-0.0909151765,0.0031042251,-0.00239295259,0.3,0.3,-0.3,-0.258300906,0.0024022615,0.00851223052,0.0181283176,0.145636056,0.0031042251,0.3,0.3,0.0024022615,0.00567488074,-0.0909151765,-0.00239295259,-0.3,-0.00851223052,0.258300906
630,21223442,0.227416426,-0.0711007193,-0.151773527,0.0302695893,0.0384043604,-0.0300026163,-0.63713932,-0.310858071,-65.3975983,-0.390051603,0.0303962436,0.109471709,0.0181933141,-0.00568805754,-0.145532058,-0.0909191232,0.00307234883,-0.00240020931,0.3,0.3,-0.3,-0.25850774,0.00243169948,0.00875773668,0.0181933141,0.145532058,0.00307234883,0.3,0.3,0.00243169948,0.00568805754,-0.0909191232,-0.00240020931,-0.3,-0.00875773668,0.25850774
631,21243818,0.228513584,-0.0711151212,-0.151548609,0.0303289108,0.0379529186,-0.030079728,-0.636675596,-0.309315532,-65.3925552,-0.391341805,0.0303146746,0.111367725,0.0182810867,-0.0056892097,-0.145464583,-0.0909013268,0.00303623348,-0.00240637824,0.3,0.3,-0.3,-0.258701271,0.00242517397,0.00890941799,0.0182810867,0.145464583,0.00303623348,0.3,0.3,0.00242517397,0.0056892097,-0.0909013268,-0.00240637824,-0.3,-0.00890941799,0.258701271
632,21260799,0.229419023,-0.0713787898,-0.150748596,0.030903317,0.0375915766,-0.0299171247,-0.635497987,-0.306813359,-65.387558,-0.392489374,0.0305660721,0.112760089,0.0183535218,-0.00571030319,-0.145224579,-0.0907290049,0.00300732613,-0.00239336997,0.3,0.3,-0.3,-0.258873406,0.00244528577,0.00902080715,0.0183535218,0.145224579,0.00300732613,0.3,0.3,0.00244528577,0.00571030319,-0.0907290049,-0.00239336997,-0.3,-0.00902080715,0.258873406
633,21281409,0.230116457,-0.0720579028,-0.150047749,0.0314189158,0.0371902399,-0.0296348147,-0.634139955,-0.304097921,-65.3827896,-0.393391132,0.0306367446,0.11336565,0.0184093165,-0.00576463223,-0.145014325,-0.0905743252,0.00297521919,-0.00237078518,0.3,0.3,-0.3,-0.25900867,0.00245093957,0.00906925201,0.0184093165,0.145014325,0.00297521919,0.3,0.3,0.00245093957,0.00576463223,-0.0905743252,-0.00237078518,-0.3,-0.00906925201,0.25900867
634,21311817,0.230810672,-0.0730028301,-0.149459749,0.0317179225,0.0367990136,-0.0292079132,-0.63302964,-0.301712811,-65.378418,-0.393938452,0.0305264909,0.113386847,0.0184648538,-0.00584022641,-0.144837925,-0.0904846232,0.00294392109,-0.00233663306,0.3,0.3,-0.3,-0.259090768,0.00244211927,0.00907094777,0.0184648538,0.144837925,0.00294392109,0.3,0.3,0.00244211927,0.00584022641,-0.0904846232,-0.00233663306,-0.3,-0.00907094777,0.259090768
635,21326690,0.23109892,-0.0742052346,-0.149062246,0.0322537497,0.0363276266,-0.028761154,-0.631520867,-0.298748642,-65.3745117,-0.394025832,0.0307105407,0.113383621,0.0184879136,-0.00593641877,-0.144718674,-0.0903238751,0.00290621012,-0.00230089232,0.3,0.3,-0.3,-0.259103875,0.00245684326,0.00907068968,0.0184879136,0.144718674,0.00290621012,0.3,0.3,0.00245684326,0.00593641877,-0.0903238751,-0.00230089232,-0.3,-0.00907068968,0.259103875
636,21340645,0.231176689,-0.0753491893,-0.148988143,0.0325522088,0.0358823724,-0.0283845998,-0.630428731,-0.29664734,-65.3709412,-0.393641055,0.0308326092,0.112641662,0.0184941351,-0.00602793515,-0.144696443,-0.0902343374,0.00287058979,-0.00227076799,0.3,0.3,-0.3,-0.259046158,0.00246660873,0.00901133299,0.0184941351,0.144696443,0.00287058979,0.3,0.3,0.00246660873,0.00602793515,-0.0902343374,-0.00227076799,-0.3,-0.00901133299,0.259046158
637,21369535,0.231210932,-0.076040633,-0.149356678,0.0327491425,0.0354026072,-0.028308263,-0.630242229,-0.295755684,-65.367691,-0.393064916,0.0305936188,0.111387528,0.0184968746,-0.00608325064,-0.144807003,-0.0901752573,0.00283220857,-0.00226466104,0.3,0.3,-0.3,-0.258959737,0.0024474895,0.00891100228,0.0184968746,0.144807003,0.00283220857,0.3,0.3,0.0024474895,0.00608325064,-0.0901752573,-0.00226466104,-0.3,-0.00891100228,0.258959737
638,21381465,0.231120735,-0.0762022361,-0.149811491,0.0326400995,0.0352589898,-0.028246969,-0.630798459,-0.295993745,-65.3648071,-0.392434746,0.0307049025,0.109978184,0.0184896588,-0.00609617889,-0.144943447,-0.0902079701,0.00282071918,-0.00225975752,0.3,0.3,-0.3,-0.258865212,0.0024563922,0.00879825473,0.0184896588,0.144943447,0.00282071918,0.3,0.3,0.0024563922,0.00609617889,-0.0902079701,-0.00225975752,-0.3,-0.00879825473,0.258865212
639,21408857,0.230791837,-0.0762658641,-0.150060549,0.0328668691,0.0352954157,-0.0282737371,-0.631245017,-0.296345025,-65.3622437,-0.391914874,0.0312429406,0.10893248,0.018463347,-0.00610126913,-0.145018165,-0.0901399393,0.00282363325,-0.00226189896,0.3,0.3,-0.3,-0.258787231,0.00249943525,0.00871459842,0.018463347,0.145018165,0.00282363325,0.3,0.3,0.00249943525,0.00610126913,-0.0901399393,-0.00226189896,-0.3,-0.00871459842,0.258787231
640,21419547,0.230311275,-0.0760920495,-0.150356829,0.0331709683,0.0352776982,-0.0284325704,-0.63166523,-0.296770185,-65.3596802,-0.391377091,0.0314894095,0.107522771,0.018424902,-0.00608736396,-0.145107049,-0.0900487095,0.00282221586,-0.00227460563,0.3,0.3,-0.3,-0.258706564,0.00251915276,0.00860182166,0.018424902,0.145107049,0.00282221586,0.3,0.3,0.00251915276,0.00608736396,-0.0900487095,-0.00227460563,-0.3,-0.00860182166,0.258706564
641,21438927,0.230180472,-0.0755520239,-0.150837824,0.032471396,0.0355958492,-0.0283609685,-0.632855952,-0.29852289,-65.3570786,-0.390883058,0.0315823108,0.106336981,0.0184144378,-0.00604416192,-0.145251347,-0.0902585812,0.00284766793,-0.00226887748,0.3,0.3,-0.3,-0.258632459,0.00252658486,0.00850695848,0.0184144378,0.145251347,0.00284766793,0.3,0.3,0.00252658486,0.00604416192,-0.0902585812,-0.00226887748,-0.3,-0.00850695848,0.258632459
642,21465032,0.230054587,-0.0748293176,-0.151352569,0.0317318216,0.0360107273,-0.0284533929,-0.634203017,-0.300758809,-65.354744,-0.390554756,0.0314554572,0.105617963,0.018404367,-0.00598634541,-0.145405771,-0.0904804535,0.00288085818,-0.00227627143,0.3,0.3,-0.3,-0.258583213,0.00251643658,0.00844943702,0.018404367,0.145405771,0.00288085818,0.3,0.3,0.00251643658,0.00598634541,-0.0904804535,-0.00227627143,-0.3,-0.00844943702,0.258583213
643,21481614,0.230011582,-0.0737159401,-0.151964441,0.0309017692,0.0366090983,-0.0286084618,-0.635675251,-0.303533494,-65.3527451,-0.390452832,0.0310586598,0.105011933,0.0184009266,-0.00589727521,-0.145589332,-0.0907294692,0.00292872787,-0.00228867695,0.3,0.3,-0.3,-0.258567925,0.00248469278,0.0084009546,0.0184009266,0.145589332,0.00292872787,0.3,0.3,0.00248469278,0.00589727521,-0.0907294692,-0.00228867695,-0.3,-0.0084009546,0.258567925
644,21501834,0.229954481,-0.0726080239,-0.152174786,0.0306015629,0.0371287577,-0.0288086403,-0.636645794,-0.305735409,-65.3509293,-0.390598774,0.0308067519,0.104758993,0.0183963585,-0.00580864191,-0.145652436,-0.0908195311,0.00297030061,-0.00230469123,0.3,0.3,-0.3,-0.258589816,0.00246454015,0.00838071942,0.0183963585,0.145652436,0.00297030061,0.3,0.3,0.00246454015,0.00580864191,-0.0908195311,-0.00230469123,-0.3,-0.00838071942,0.258589816
645,21523177,0.23003985,-0.0714566633,-0.152554139,0.0301668383,0.0374841429,-0.0290309824,-0.637811661,-0.308137029,-65.3491669,-0.39084056,0.0305221844,0.104589306,0.018403188,-0.00571653306,-0.145766242,-0.0909499485,0.00299873143,-0.00232247859,0.3,0.3,-0.3,-0.258626084,0.00244177476,0.00836714447,0.018403188,0.145766242,0.00299873143,0.3,0.3,0.00244177476,0.00571653306,-0.0909499485,-0.00232247859,-0.3,-0.00836714447,0.258626084
646,21540336,0.230345786,-0.0700628161,-0.153366119,0.0294813793,0.0377584174,-0.0293116868,-0.639491022,-0.311342925,-65.3470306,-0.391201109,0.0303891487,0.104642592,0.0184276628,-0.00560502529,-0.146009836,-0.0911555862,0.00302067339,-0.00234493494,0.3,0.3,-0.3,-0.258680166,0.0024311319,0.00837140739,0.0184276628,0.146009836,0.00302067339,0.3,0.3,0.0024311319,0.00560502529,-0.0911555862,-0.00234493494,-0.3,-0.00837140739,0.258680166
647,21564156,0.230300874,-0.0686230585,-0.154183269,0.0290623251,0.0379344597,-0.0298827868,-0.640668571,-0.314353853,-65.3443222,-0.391899228,0.0305627305,0.105846621,0.0184240699,-0.00548984468,-0.146254981,-0.0912813025,0.00303475678,-0.00239062294,0.3,0.3,-0.3,-0.258784884,0.00244501844,0.00846772969,0.0184240699,0.146254981,0.00303475678,0.3,0.3,0.00244501844,0.00548984468,-0.0912813025,-0.00239062294,-0.3,-0.00846772969,0.258784884
648,21580896,0.230243698,-0.0667726174,-0.155063197,0.0277531501,0.0384588428,-0.0303560309,-0.642090082,-0.31843552,-65.341156,-0.392989874,0.0309226867,0.1076888,0.0184194958,-0.00534180939,-0.146518959,-0.091674055,0.00307670742,-0.00242848247,0.3,0.3,-0.3,-0.258948481,0.00247381493,0.00861510396,0.0184194958,0.146518959,0.00307670742,0.3,0.3,0.00247381493,0.00534180939,-0.091674055,-0.00242848247,-0.3,-0.00861510396,0.258948481
649,21601400,0.230396047,-0.0648115277,-0.155605763,0.0269250423,0.0388515443,-0.031162953,-0.643430948,-0.321947247,-65.3378067,-0.394440591,0.0305314623,0.109788671,0.0184316838,-0.00518492222,-0.146681729,-0.0919224873,0.00310812354,-0.00249303624,0.3,0.3,-0.3,-0.259166089,0.00244251698,0.00878309369,0.0184316838,0.146681729,0.00310812354,0.3,0.3,0.00244251698,0.00518492222,-0.0919224873,-0.00249303624,-0.3,-0.00878309369,0.259166089
650,21619989,0.230724365,-0.0631610155,-0.15545769,0.0265590269,0.039198488,-0.0317888521,-0.644178808,-0.324269623,-65.3343048,-0.396048516,0.0300562847,0.111804686,0.0184579492,-0.00505288124,-0.146637307,-0.0920322919,0.00313587904,-0.00254310817,0.3,0.3,-0.3,-0.259407277,0.00240450278,0.00894437492,0.0184579492,0.146637307,0.00313587904,0.3,0.3,0.00240450278,0.00505288124,-0.0920322919,-0.00254310817,-0.3,-0.00894437492,0.259407277
651,21647074,0.231555387,-0.0617669821,-0.155148268,0.0258531868,0.0396054909,-0.0320901945,-0.644793749,-0.326411158,-65.3301392,-0.397759825,0.0297309812,0.11416138,0.018524431,-0.00494135857,-0.14654448,-0.0922440439,0.00316843927,-0.00256721556,0.3,0.3,-0.3,-0.259663974,0.0023784785,0.00913291037,0.018524431,0.14654448,0.00316843927,0.3,0.3,0.0023784785,0.00494135857,-0.0922440439,-0.00256721556,-0.3,-0.00913291037,0.259663974
652,21659308,0.232819766,-0.0603193045,-0.155103788,0.0250986014,0.0398424901,-0.032451883,-0.645389199,-0.328826606,-65.3257294,-0.399586231,0.0290436428,0.116381906,0.0186255813,-0.00482554436,-0.146531136,-0.0924704196,0.00318739921,-0.00259615064,0.3,0.3,-0.3,-0.259937935,0.00232349142,0.00931055248,0.0186255813,0.146531136,0.00318739921,0.3,0.3,0.00232349142,0.00482554436,-0.0924704196,-0.00259615064,-0.3,-0.00931055248,0.259937935
653,21681997,0.234166086,-0.0590677038,-0.155371577,0.0247340575,0.0397684351,-0.0329531096,-0.646050751,-0.330636978,-65.3207092,-0.401409149,0.0282946192,0.118445478,0.0187332869,-0.0047254163,-0.146611473,-0.0925797828,0.0031814748,-0.00263624877,0.3,0.3,-0.3,-0.260211372,0.00226356953,0.00947563827,0.0187332869,0.146611473,0.0031814748,0.3,0.3,0.00226356953,0.0047254163,-0.0925797828,-0.00263624877,-0.3,-0.00947563827,0.260211372
654,21706733,0.235278562,-0.0581265129,-0.155372038,0.0244945306,0.0397775061,-0.0331910774,-0.646392226,-0.331710488,-65.3156281,-0.403178692,0.0279799588,0.120402224,0.0188222849,-0.00465012103,-0.146611612,-0.0926516408,0.00318220049,-0.00265528619,0.3,0.3,-0.3,-0.260476804,0.0022383967,0.00963217795,0.0188222849,0.146611612,0.00318220049,0.3,0.3,0.0022383967,0.00465012103,-0.0926516408,-0.00265528619,-0.3,-0.00963217795,0.260476804
655,21722023,0.236607492,-0.0576916523,-0.155268192,0.0243697558,0.039646849,-0.0333574973,-0.646470547,-0.332357436,-65.3104706,-0.404793948,0.0272078831,0.122424379,0.0189285994,-0.00461533219,-0.146580458,-0.0926890733,0.00317174792,-0.00266859978,0.3,0.3,-0.3,-0.260719092,0.00217663065,0.00979395032,0.0189285994,0.146580458,0.00317174792,0.3,0.3,0.00217663065,0.00461533219,-0.0926890733,-0.00266859978,-0.3,-0.00979395032,0.260719092
656,21741403,0.23783046,-0.0575072579,-0.155064121,0.0242861994,0.0395195745,-0.0333643593,-0.646171153,-0.332708001,-65.3049393,-0.406207889,0.0264977459,0.124326728,0.0190264368,-0.00460058063,-0.146519236,-0.0927141402,0.00316156596,-0.00266914874,0.3,0.3,-0.3,-0.260931183,0.00211981967,0.00994613826,0.0190264368,0.146519236,0.00316156596,0.3,0.3,0.00211981967,0.00460058063,-0.0927141402,-0.00266914874,-0.3,-0.00994613826,0.260931183
657,21761993,0.239462376,-0.0572321489,-0.155168399,0.0239761528,0.0393431336,-0.0333272703,-0.646275282,-0.333430588,-65.2991943,-0.407422453,0.0250711646,0.125916794,0.0191569901,-0.00457857192,-0.14655052,-0.0928071542,0.00314745069,-0.00266618162,0.3,0.3,-0.3,-0.261113368,0.00200569317,0.0100733435,0.0191569901,0.14655052,0.00314745069,0.3,0.3,0.00200569317,0.00457857192,-0.0928071542,-0.00266618162,-0.3,-0.0100733435,0.261113368
658,21780242,0.240987062,-0.0572205037,-0.155228391,0.0236194152,0.0391951762,-0.0333304703,-0.64614743,-0.334147334,-65.2934647,-0.408617377,0.0239374377,0.128309101,0.019278965,-0.0045776403,-0.146568517,-0.0929141754,0.0031356141,-0.00266643763,0.3,0.3,-0.3,-0.261292607,0.00191499501,0.0102647281,0.019278965,0.146568517,0.0031356141,0.3,0.3,0.00191499501,0.0045776403,-0.0929141754,-0.00266643763,-0.3,-0.0102647281,0.261292607
659,21801037,0.242542267,-0.0571948998,-0.155397713,0.0233500563,0.039057605,-0.0332816504,-0.646295786,-0.334748417,-65.2879562,-0.409710467,0.0229046289,0.130332381,0.0194033813,-0.00457559198,-0.146619314,-0.0929949831,0.0031246084,-0.00266253203,0.3,0.3,-0.3,-0.26145657,0.00183237031,0.0104265904,0.0194033813,0.146619314,0.0031246084,0.3,0.3,0.00183237031,0.00457559198,-0.0929949831,-0.00266253203,-0.3,-0.0104265904,0.26145657
660,21829818,0.244165674,-0.0571499579,-0.155530006,0.0229485948,0.0389815122,-0.0331685133,-0.646726549,-0.335777462,-65.2825165,-0.410692126,0.0217062756,0.131565794,0.0195332539,-0.00457199663,-0.146659002,-0.0931154216,0.00311852098,-0.00265348107,0.3,0.3,-0.3,-0.261603819,0.00173650205,0.0105252635,0.0195332539,0.146659002,0.00311852098,0.3,0.3,0.00173650205,0.00457199663,-0.0931154216,-0.00265348107,-0.3,-0.0105252635,0.261603819
661,21842474,0.245737374,-0.0572206005,-0.155430496,0.0228648949,0.0389005542,-0.0330817923,-0.646923602,-0.336639524,-65.2770386,-0.411545545,0.0209173057,0.132424146,0.0196589899,-0.00457764804,-0.146629149,-0.0931405315,0.00311204433,-0.00264654338,0.3,0.3,-0.3,-0.261731832,0.00167338446,0.0105939317,0.0196589899,0.146629149,0.00311204433,0.3,0.3,0.00167338446,0.00457764804,-0.0931405315,-0.00264654338,-0.3,-0.0105939317,0.261731832
662,21872699,0.247171417,-0.0572438166,-0.155388936,0.0229408089,0.0387494415,-0.0330888331,-0.646979928,-0.336980999,-65.271759,-0.41229099,0.0201654937,0.132967174,0.0197737134,-0.00457950532,-0.146616681,-0.0931177573,0.00309995532,-0.00264710665,0.3,0.3,-0.3,-0.261843649,0.0016132395,0.0106373739,0.0197737134,0.146616681,0.00309995532,0.3,0.3,0.0016132395,0.00457950532,-0.0931177573,-0.00264710665,-0.3,-0.0106373739,0.261843649
663,21886309,0.248224393,-0.0573080368,-0.155460641,0.0229403395,0.038630601,-0.0329930075,-0.646943748,-0.337329775,-65.266655,-0.412938058,0.0197610352,0.133414805,0.0198579514,-0.00458464295,-0.146638192,-0.0931178981,0.00309044808,-0.0026394406,0.3,0.3,-0.3,-0.261940709,0.00158088282,0.0106731844,0.0198579514,0.146638192,0.00309044808,0.3,0.3,0.00158088282,0.00458464295,-0.0931178981,-0.0026394406,-0.3,-0.0106731844,0.261940709
664,21900778,0.248781815,-0.0575832129,-0.155167043,0.0235678889,0.0384120531,-0.0328581408,-0.646225631,-0.336627454,-65.2618484,-0.413459808,0.0199508984,0.133991197,0.0199025452,-0.00460665703,-0.146550113,-0.0929296333,0.00307296425,-0.00262865126,0.3,0.3,-0.3,-0.262018971,0.00159607187,0.0107192957,0.0199025452,0.146550113,0.00307296425,0.3,0.3,0.00159607187,0.00460665703,-0.0929296333,-0.00262865126,-0.3,-0.0107192957,0.262018971
665,21926905,0.249198943,-0.0580183752,-0.154713437,0.0242848154,0.0380810089,-0.0325643457,-0.645219505,-0.335441262,-65.2570648,-0.413769335,0.0202058535,0.134560838,0.0199359155,-0.00464147002,-0.146414031,-0.0927145554,0.00304648072,-0.00260514766,0.3,0.3,-0.3,-0.2620654,0.00161646828,0.0107648671,0.0199359155,0.146414031,0.00304648072,0.3,0.3,0.00161646828,0.00464147002,-0.0927145554,-0.00260514766,-0.3,-0.0107648671,0.2620654
666,21941844,0.24948898,-0.0586946197,-0.153901935,0.024859881,0.0378122553,-0.0320701525,-0.643786967,-0.333730191,-65.2523041,-0.413803697,0.0207503159,0.135294169,0.0199591184,-0.00469556957,-0.14617058,-0.0925420357,0.00302498043,-0.0025656122,0.3,0.3,-0.3,-0.262070554,0.00166002527,0.0108235335,0.0199591184,0.14617058,0.00302498043,0.3,0.3,0.00166002527,0.00469556957,-0.0925420357,-0.0025656122,-0.3,-0.0108235335,0.262070554
667,21963014,0.24978514,-0.0592917465,-0.153544426,0.0253913626,0.0373555422,-0.0317653157,-0.64255625,-0.332075685,-65.2477798,-0.413559467,0.0209176149,0.136065781,0.0199828112,-0.00474333972,-0.146063328,-0.0923825912,0.00298844337,-0.00254122525,0.3,0.3,-0.3,-0.26203392,0.00167340919,0.0108852625,0.0199828112,0.146063328,0.00298844337,0.3,0.3,0.00167340919,0.00474333972,-0.0923825912,-0.00254122525,-0.3,-0.0108852625,0.26203392
668,21987488,0.249926686,-0.0597728342,-0.153377801,0.0257852282,0.0369218737,-0.0315478407,-0.641592979,-0.330497056,-65.2435455,-0.413186222,0.0207543112,0.136484057,0.0199941349,-0.00478182673,-0.14601334,-0.0922644315,0.0029537499,-0.00252382725,0.3,0.3,-0.3,-0.261977933,0.0016603449,0.0109187245,0.0199941349,0.14601334,0.0029537499,0.3,0.3,0.0016603449,0.00478182673,-0.0922644315,-0.00252382725,-0.3,-0.0109187245,0.261977933
669,21998763,0.249985874,-0.0602705218,-0.153157935,0.0259912871,0.0366320349,-0.0311810412,-0.640644729,-0.329135954,-65.2395477,-0.412726641,0.0210121833,0.136962593,0.0199988699,-0.00482164174,-0.14594738,-0.0922026139,0.00293056279,-0.00249448329,0.3,0.3,-0.3,-0.261908996,0.00168097466,0.0109570074,0.0199988699,0.14594738,0.00293056279,0.3,0.3,0.00168097466,0.00482164174,-0.0922026139,-0.00249448329,-0.3,-0.0109570074,0.261908996
670,22037154,0.25001353,-0.060692396,-0.153121382,0.0264172442,0.0361760892,-0.0311251935,-0.640055895,-0.327825397,-65.2358093,-0.412114888,0.0207390618,0.136897027,0.0200010824,-0.00485539168,-0.145936415,-0.0920748267,0.00289408714,-0.00249001548,0.3,0.3,-0.3,-0.261817233,0.00165912494,0.0109517622,0.0200010824,0.145936415,0.00289408714,0.3,0.3,0.00165912494,0.00485539168,-0.0920748267,-0.00249001548,-0.3,-0.0109517622,0.261817233
671,22039991,0.249955937,-0.0612609237,-0.152839378,0.0266271643,0.0359483287,-0.0308434963,-0.639216602,-0.326395839,-65.2320099,-0.411405742,0.0209010188,0.13693203,0.019996475,-0.0049008739,-0.145851813,-0.0920118507,0.00287586629,-0.00246747971,0.3,0.3,-0.3,-0.261710861,0.0016720815,0.0109545624,0.019996475,0.145851813,0.00287586629,0.3,0.3,0.0016720815,0.0049008739,-0.0920118507,-0.00246747971,-0.3,-0.0109545624,0.261710861
672,22060621,0.249991655,-0.0617820285,-0.152705401,0.0263232049,0.035897173,-0.0304830018,-0.638923585,-0.325858414,-65.2282715,-0.410586447,0.0210757554,0.136903793,0.0199993324,-0.00494256228,-0.14581162,-0.0921030385,0.00287177384,-0.00243864015,0.3,0.3,-0.3,-0.261587967,0.00168606043,0.0109523034,0.0199993324,0.14581162,0.00287177384,0.3,0.3,0.00168606043,0.00494256228,-0.0921030385,-0.00243864015,-0.3,-0.0109523034,0.261587967
673,22091211,0.250042945,-0.0621626042,-0.152917936,0.0262058843,0.0357948467,-0.0304821301,-0.639097929,-0.325858563,-65.2248993,-0.409888446,0.0210141651,0.136671215,0.0200034356,-0.00497300833,-0.145875381,-0.0921382347,0.00286358774,-0.00243857041,0.3,0.3,-0.3,-0.261483267,0.00168113321,0.0109336972,0.0200034356,0.145875381,0.00286358774,0.3,0.3,0.00168113321,0.00497300833,-0.0921382347,-0.00243857041,-0.3,-0.0109336972,0.261483267
674,22098169,0.250218958,-0.0622903593,-0.152948841,0.026351355,0.035793215,-0.0304203052,-0.639456153,-0.325778037,-65.2217484,-0.409200519,0.0208725054,0.135873988,0.0200175166,-0.00498322874,-0.145884652,-0.0920945935,0.0028634572,-0.00243362442,0.3,0.3,-0.3,-0.261380078,0.00166980043,0.0108699191,0.0200175166,0.145884652,0.0028634572,0.3,0.3,0.00166980043,0.00498322874,-0.0920945935,-0.00243362442,-0.3,-0.0108699191,0.261380078
675,22121582,0.250400096,-0.0623912066,-0.153171033,0.0259843133,0.0359412432,-0.0301932469,-0.640146673,-0.326760739,-65.2188873,-0.408552736,0.0210348517,0.135138035,0.0200320077,-0.00499129653,-0.14595131,-0.092204706,0.00287529945,-0.00241545975,0.3,0.3,-0.3,-0.26128291,0.00168278813,0.0108110428,0.0200320077,0.14595131,0.00287529945,0.3,0.3,0.00168278813,0.00499129653,-0.092204706,-0.00241545975,-0.3,-0.0108110428,0.26128291
676,22144933,0.25059551,-0.0622629225,-0.153575614,0.0256994404,0.0360272788,-0.0302714854,-0.640936613,-0.327926695,-65.2159805,-0.407988071,0.0210867822,0.134409443,0.0200476408,-0.0049810338,-0.146072684,-0.0922901679,0.0028821823,-0.00242171884,0.3,0.3,-0.3,-0.261198211,0.00168694258,0.0107527554,0.0200476408,0.146072684,0.0028821823,0.3,0.3,0.00168694258,0.0049810338,-0.0922901679,-0.00242171884,-0.3,-0.0107527554,0.261198211
677,22161958,0.250741929,-0.0617692918,-0.154300943,0.0254103951,0.0360782333,-0.0306094233,-0.642123342,-0.329560548,-65.2128906,-0.407644778,0.0206762124,0.133433565,0.0200593543,-0.00494154334,-0.146290283,-0.0923768815,0.00288625866,-0.00244875386,0.3,0.3,-0.3,-0.261146717,0.00165409699,0.0106746852,0.0200593543,0.146290283,0.00288625866,0.3,0.3,0.00165409699,0.00494154334,-0.0923768815,-0.00244875386,-0.3,-0.0106746852,0.261146717
678,22197269,0.250825912,-0.060198091,-0.155453116,0.0242244154,0.0366128422,-0.0311270151,-0.643493354,-0.332936019,-65.2097855,-0.40787062,0.0200555418,0.132943347,0.0200660729,-0.00481584728,-0.146635935,-0.0927326754,0.00292902738,-0.00249016121,0.3,0.3,-0.3,-0.261180593,0.00160444334,0.0106354678,0.0200660729,0.146635935,0.00292902738,0.3,0.3,0.00160444334,0.00481584728,-0.0927326754,-0.00249016121,-0.3,-0.0106354678,0.261180593
679,22200240,0.250719458,-0.0582289696,-0.156298146,0.0235062409,0.0372376069,-0.0318547525,-0.644835413,-0.336137801,-65.2071686,-0.408607662,0.0193415303,0.132720917,0.0200575566,-0.00465831757,-0.146889444,-0.0929481277,0.00297900856,-0.0025483802,0.3,0.3,-0.3,-0.261291149,0.00154732242,0.0106176734,0.0200575566,0.146889444,0.00297900856,0.3,0.3,0.00154732242,0.00465831757,-0.0929481277,-0.0025483802,-0.3,-0.0106176734,0.261291149
680,22226361,0.250633657,-0.0562769063,-0.156681135,0.0230577607,0.0378033593,-0.0324977748,-0.645837605,-0.338762015,-65.2045898,-0.409632117,0.0185397826,0.132480085,0.0200506926,-0.0045021525,-0.147004341,-0.0930826718,0.00302426875,-0.00259982198,0.3,0.3,-0.3,-0.261444817,0.00148318261,0.0105984068,0.0200506926,0.147004341,0.00302426875,0.3,0.3,0.00148318261,0.0045021525,-0.0930826718,-0.00259982198,-0.3,-0.0105984068,0.261444817
681,22246256,0.250792533,-0.0543553643,-0.157091543,0.0225710962,0.0383161828,-0.0331482403,-0.646740675,-0.341553837,-65.2012024,-0.410777003,0.0178059116,0.132378832,0.0200634027,-0.00434842914,-0.147127463,-0.0932286711,0.00306529462,-0.00265185922,0.3,0.3,-0.3,-0.26161655,0.00142447293,0.0105903065,0.0200634027,0.147127463,0.00306529462,0.3,0.3,0.00142447293,0.00434842914,-0.0932286711,-0.00265185922,-0.3,-0.0105903065,0.26161655
682,22264514,0.250908643,-0.0525542833,-0.15746215,0.02201855,0.0388173573,-0.0338546038,-0.647300184,-0.344267905,-65.1975632,-0.412350714,0.0173647106,0.133495808,0.0200726914,-0.00420434266,-0.147238645,-0.093394435,0.00310538858,-0.0027083683,0.3,0.3,-0.3,-0.261852607,0.00138917685,0.0106796646,0.0200726914,0.147238645,0.00310538858,0.3,0.3,0.00138917685,0.00420434266,-0.093394435,-0.0027083683,-0.3,-0.0106796646,0.261852607
683,22281323,0.250972927,-0.0515274405,-0.157493621,0.0215187036,0.0392165631,-0.0342313536,-0.647678137,-0.346454501,-65.1936569,-0.413973451,0.0173357353,0.134866789,0.0200778341,-0.00412219524,-0.147248086,-0.0935443889,0.00313732505,-0.00273850828,0.3,0.3,-0.3,-0.262096018,0.00138685882,0.0107893431,0.0200778341,0.147248086,0.00313732505,0.3,0.3,0.00138685882,0.00412219524,-0.0935443889,-0.00273850828,-0.3,-0.0107893431,0.262096018
684,22300538,0.251128018,-0.0508298874,-0.157540396,0.0206975639,0.0395751409,-0.0344397537,-0.648058236,-0.348568529,-65.1898499,-0.415478259,0.0172527041,0.136096373,0.0200902414,-0.00406639099,-0.147262119,-0.0937907308,0.00316601127,-0.0027551803,0.3,0.3,-0.3,-0.262321739,0.00138021633,0.0108877099,0.0200902414,0.147262119,0.00316601127,0.3,0.3,0.00138021633,0.00406639099,-0.0937907308,-0.0027551803,-0.3,-0.0108877099,0.262321739
685,22321287,0.251388341,-0.050541155,-0.157351121,0.0201413147,0.0397410356,-0.034697406,-0.648158312,-0.349940062,-65.1860657,-0.417015433,0.0173380692,0.137816086,0.0201110673,-0.0040432924,-0.147205336,-0.0939576056,0.00317928284,-0.00277579248,0.3,0.3,-0.3,-0.262552315,0.00138704553,0.0110252869,0.0201110673,0.147205336,0.00317928284,0.3,0.3,0.00138704553,0.0040432924,-0.0939576056,-0.00277579248,-0.3,-0.0110252869,0.262552315
686,22341798,0.25212118,-0.0503015444,-0.157209709,0.0198254101,0.0397530608,-0.0349550284,-0.648192823,-0.350802034,-65.1819458,-0.418299109,0.0168368984,0.139333785,0.0201696944,-0.00402412355,-0.147162913,-0.094052377,0.00318024486,-0.00279640228,0.3,0.3,-0.3,-0.262744866,0.00134695187,0.0111467028,0.0201696944,0.147162913,0.00318024486,0.3,0.3,0.00134695187,0.00402412355,-0.094052377,-0.00279640228,-0.3,-0.0111467028,0.262744866
687,22366493,0.252997518,-0.0500413142,-0.157320052,0.0191655066,0.0397575088,-0.0351587534,-0.648375511,-0.352438807,-65.1774826,-0.419620931,0.0165770836,0.141323462,0.0202398014,-0.00400330514,-0.147196016,-0.094250348,0.0031806007,-0.00281270027,0.3,0.3,-0.3,-0.26294314,0.00132616669,0.011305877,0.0202398014,0.147196016,0.0031806007,0.3,0.3,0.00132616669,0.00400330514,-0.094250348,-0.00281270027,-0.3,-0.011305877,0.26294314
688,22384590,0.253939956,-0.049536854,-0.157286897,0.0189000964,0.0397336148,-0.0355620794,-0.648652792,-0.353401005,-65.1728058,-0.421034724,0.0161287878,0.142966196,0.0203151965,-0.00396294832,-0.147186069,-0.0943299711,0.00317868918,-0.00284496635,0.3,0.3,-0.3,-0.263155209,0.00129030302,0.0114372957,0.0203151965,0.147186069,0.00317868918,0.3,0.3,0.00129030302,0.00396294832,-0.0943299711,-0.00284496635,-0.3,-0.0114372957,0.263155209
689,22401292,0.255096376,-0.0490297899,-0.157490388,0.0188964866,0.0395805165,-0.0360149816,-0.648868978,-0.354076207,-65.1679688,-0.422388852,0.0149107277,0.144080192,0.0204077101,-0.00392238319,-0.147247116,-0.094331054,0.00316644132,-0.00288119853,0.3,0.3,-0.3,-0.263358328,0.00119285822,0.0115264153,0.0204077101,0.147247116,0.00316644132,0.3,0.3,0.00119285822,0.00392238319,-0.094331054,-0.00288119853,-0.3,-0.0115264153,0.263358328
690,22420889,0.256256282,-0.0487514362,-0.157531887,0.0189289376,0.0394308269,-0.0362919904,-0.64865005,-0.354706049,-65.1628342,-0.423570961,0.0134634282,0.145476609,0.0205005026,-0.00390011489,-0.147259566,-0.0943213187,0.00315446615,-0.00290335923,0.3,0.3,-0.3,-0.263535644,0.00107707426,0.0116381288,0.0205005026,0.147259566,0.00315446615,0.3,0.3,0.00107707426,0.00390011489,-0.0943213187,-0.00290335923,-0.3,-0.0116381288,0.263535644
691,22439128,0.257399023,-0.0486453548,-0.157566935,0.019086957,0.0391961709,-0.0365277976,-0.648332179,-0.354833603,-65.1574402,-0.424572051,0.0118966606,0.146763489,0.0205919218,-0.00389162838,-0.14727008,-0.0942739129,0.00313569367,-0.00292222381,0.3,0.3,-0.3,-0.263685808,0.000951732844,0.0117410791,0.0205919218,0.14727008,0.00313569367,0.3,0.3,0.000951732844,0.00389162838,-0.0942739129,-0.00292222381,-0.3,-0.0117410791,0.263685808
692,22461614,0.258668214,-0.0484424643,-0.157917514,0.0192055292,0.0389134996,-0.0367290787,-0.648135602,-0.355334789,-65.1519165,-0.425362766,0.00981605519,0.147649005,0.0206934571,-0.00387539715,-0.147375254,-0.0942383412,0.00311307997,-0.0029383263,0.3,0.3,-0.3,-0.263804415,0.000785284415,0.0118119204,0.0206934571,0.147375254,0.00311307997,0.3,0.3,0.000785284415,0.00387539715,-0.0942383412,-0.0029383263,-0.3,-0.0118119204,0.263804415
693,22478779,0.259831786,-0.048570808,-0.158186629,0.01875934,0.0388451479,-0.0366587155,-0.647648156,-0.356706232,-65.1460495,-0.425992996,0.00829022657,0.149125665,0.0207865429,-0.00388566464,-0.147455989,-0.094372198,0.00310761184,-0.00293269724,0.3,0.3,-0.3,-0.263898949,0.000663218126,0.0119300532,0.0207865429,0.147455989,0.00310761184,0.3,0.3,0.000663218126,0.00388566464,-0.094372198,-0.00293269724,-0.3,-0.0119300532,0.263898949
694,22512955,0.260717183,-0.0489849113,-0.158082813,0.0185323637,0.0387672186,-0.0366082266,-0.646938503,-0.357430607,-65.140274,-0.426541716,0.00733992644,0.150891185,0.0208573747,-0.0039187929,-0.147424844,-0.0944402909,0.00310137749,-0.00292865813,0.3,0.3,-0.3,-0.263981257,0.000587194115,0.0120712948,0.0208573747,0.147424844,0.00310137749,0.3,0.3,0.000587194115,0.0039187929,-0.0944402909,-0.00292865813,-0.3,-0.0120712948,0.263981257
695,22519208,0.261413276,-0.0495353714,-0.157737717,0.0185382701,0.0386103541,-0.036574129,-0.646170855,-0.3575342,-65.1345215,-0.426946044,0.00665243482,0.152337477,0.0209130621,-0.00396282971,-0.147321315,-0.094438519,0.00308882833,-0.00292593032,0.3,0.3,-0.3,-0.264041907,0.000532194786,0.0121869981,0.0209130621,0.147321315,0.00308882833,0.3,0.3,0.000532194786,0.00396282971,-0.094438519,-0.00292593032,-0.3,-0.0121869981,0.264041907
696,22542786,0.262074023,-0.05004232,-0.157501638,0.0183312017,0.0384501331,-0.0364527702,-0.645569563,-0.35763213,-65.1286316,-0.427198499,0.00643902319,0.1538831,0.0209659219,-0.0040033856,-0.147250491,-0.0945006395,0.00307601064,-0.00291622162,0.3,0.3,-0.3,-0.264079775,0.000515121855,0.012310648,0.0209659219,0.147250491,0.00307601064,0.3,0.3,0.000515121855,0.0040033856,-0.0945006395,-0.00291622162,-0.3,-0.012310648,0.264079775
697,22567802,0.262650669,-0.0502691902,-0.157457098,0.0181698781,0.0382569954,-0.0365213715,-0.645305336,-0.357704848,-65.1229019,-0.427515447,0.00633339398,0.155137122,0.0210120535,-0.00402153522,-0.14723713,-0.0945490366,0.00306055963,-0.00292170972,0.3,0.3,-0.3,-0.264127317,0.000506671518,0.0124109697,0.0210120535,0.14723713,0.00306055963,0.3,0.3,0.000506671518,0.00402153522,-0.0945490366,-0.00292170972,-0.3,-0.0124109697,0.264127317
698,22579756,0.263231903,-0.0502428003,-0.157205552,0.0184168778,0.0380938798,-0.036602933,-0.645011187,-0.357103407,-65.1172638,-0.427935451,0.0061951112,0.155931115,0.0210585523,-0.00401942402,-0.147161666,-0.0944749366,0.00304751039,-0.00292823464,0.3,0.3,-0.3,-0.264190318,0.000495608896,0.0124744892,0.0210585523,0.147161666,0.00304751039,0.3,0.3,0.000495608896,0.00401942402,-0.0944749366,-0.00292823464,-0.3,-0.0124744892,0.264190318
699,22604919,0.263710201,-0.0502174795,-0.15693672,0.0189264528,0.0378584862,-0.0365668423,-0.64464277,-0.355943322,-65.1118317,-0.428298682,0.00606765365,0.156463429,0.0210968161,-0.00401739836,-0.147081016,-0.0943220641,0.00302867889,-0.00292534739,0.3,0.3,-0.3,-0.264244802,0.000485412292,0.0125170743,0.0210968161,0.147081016,0.00302867889,0.3,0.3,0.000485412292,0.00401739836,-0.0943220641,-0.00292534739,-0.3,-0.0125170743,0.264244802
700,22620494,0.264145672,-0.0503459238,-0.156730697,0.0193376709,0.0375950709,-0.036396727,-0.644370615,-0.354800493,-65.1066208,-0.428579032,0.00606258865,0.156886667,0.0211316538,-0.0040276739,-0.147019209,-0.0941986987,0.00300760567,-0.00291173816,0.3,0.3,-0.3,-0.264286855,0.000485007092,0.0125509334,0.0211316538,0.147019209,0.00300760567,0.3,0.3,0.000485007092,0.0040276739,-0.0941986987,-0.00291173816,-0.3,-0.0125509334,0.264286855
701,22643665,0.264842987,-0.050628081,-0.156557962,0.0191922542,0.0375173837,-0.0359194167,-0.644095838,-0.354236603,-65.1013794,-0.428709924,0.00601948425,0.157734156,0.021187439,-0.00405024648,-0.146967389,-0.0942423237,0.0030013907,-0.00287355334,0.3,0.3,-0.3,-0.264306489,0.00048155874,0.0126187325,0.021187439,0.146967389,0.0030013907,0.3,0.3,0.00048155874,0.00405024648,-0.0942423237,-0.00287355334,-0.3,-0.0126187325,0.264306489
702,22670983,0.265379727,-0.0511370525,-0.156090289,0.0195751879,0.0373613127,-0.0355307274,-0.643253386,-0.352885395,-65.096405,-0.428757131,0.00614989316,0.158745468,0.0212303782,-0.0040909642,-0.146827087,-0.0941274436,0.00298890501,-0.00284245819,0.3,0.3,-0.3,-0.26431357,0.000491991453,0.0126996374,0.0212303782,0.146827087,0.00298890501,0.3,0.3,0.000491991453,0.0040909642,-0.0941274436,-0.00284245819,-0.3,-0.0126996374,0.26431357
703,22680520,0.265793413,-0.051652316,-0.155847743,0.0198547114,0.0371355973,-0.0351746418,-0.642454982,-0.351455063,-65.0916214,-0.428642094,0.00633524824,0.159681052,0.021263473,-0.00413218528,-0.146754323,-0.0940435866,0.00297084779,-0.00281397134,0.3,0.3,-0.3,-0.264296314,0.000506819859,0.0127744842,0.021263473,0.146754323,0.00297084779,0.3,0.3,0.000506819859,0.00413218528,-0.0940435866,-0.00281397134,-0.3,-0.0127744842,0.264296314
704,22702358,0.266091317,-0.0520369522,-0.155956924,0.0201736633,0.0367593728,-0.035010051,-0.64211303,-0.350318968,-65.087204,-0.428479075,0.00644255104,0.160176218,0.0212873054,-0.00416295618,-0.146787077,-0.093947901,0.00294074982,-0.00280080408,0.3,0.3,-0.3,-0.264271861,0.000515404083,0.0128140974,0.0212873054,0.146787077,0.00294074982,0.3,0.3,0.000515404083,0.00416295618,-0.093947901,-0.00280080408,-0.3,-0.0128140974,0.264271861
705,22720666,0.266266197,-0.0524920449,-0.155752391,0.0206586067,0.0364285521,-0.034781307,-0.641681612,-0.348902136,-65.0831757,-0.428201914,0.00650314009,0.160342187,0.0213012958,-0.00419936359,-0.146725717,-0.093802418,0.00291428417,-0.00278250456,0.3,0.3,-0.3,-0.264230287,0.000520251207,0.0128273749,0.0213012958,0.146725717,0.00291428417,0.3,0.3,0.000520251207,0.00419936359,-0.093802418,-0.00278250456,-0.3,-0.0128273749,0.264230287
706,22744162,0.266499698,-0.052788958,-0.155884027,0.0209409781,0.0360933878,-0.034574043,-0.641622305,-0.347981721,-65.0792313,-0.427820832,0.00647234265,0.160198689,0.0213199759,-0.00422311664,-0.146765208,-0.0937177066,0.00288747102,-0.00276592344,0.3,0.3,-0.3,-0.264173125,0.000517787412,0.0128158951,0.0213199759,0.146765208,0.00288747102,0.3,0.3,0.000517787412,0.00422311664,-0.0937177066,-0.00276592344,-0.3,-0.0128158951,0.264173125
707,22763192,0.266650885,-0.0530560799,-0.155780241,0.02101155,0.0360051692,-0.0342703499,-0.641486287,-0.347400814,-65.0754318,-0.427429199,0.00667442288,0.160158575,0.0213320708,-0.00424448639,-0.146734072,-0.093696535,0.00288041353,-0.00274162799,0.3,0.3,-0.3,-0.26411438,0.000533953831,0.012812686,0.0213320708,0.146734072,0.00288041353,0.3,0.3,0.000533953831,0.00424448639,-0.093696535,-0.00274162799,-0.3,-0.012812686,0.26411438
708,22784742,0.266745925,-0.0533772893,-0.15567635,0.0209743381,0.0359935127,-0.0340126865,-0.641400754,-0.347047836,-65.071846,-0.427083641,0.00683518592,0.160096228,0.021339674,-0.00427018315,-0.146702905,-0.0937076986,0.00287948102,-0.00272101492,0.3,0.3,-0.3,-0.264062546,0.000546814874,0.0128076982,0.021339674,0.146702905,0.00287948102,0.3,0.3,0.000546814874,0.00427018315,-0.0937076986,-0.00272101492,-0.3,-0.0128076982,0.264062546
709,22802494,0.26684168,-0.0536939837,-0.155716047,0.021115046,0.035899356,-0.0339295827,-0.641324997,-0.346800953,-65.0684738,-0.42668277,0.00671522738,0.159768209,0.0213473344,-0.0042955187,-0.146714814,-0.0936654862,0.00287194848,-0.00271436661,0.3,0.3,-0.3,-0.264002416,0.000537218191,0.0127814567,0.0213473344,0.146714814,0.00287194848,0.3,0.3,0.000537218191,0.0042955187,-0.0936654862,-0.00271436661,-0.3,-0.0127814567,0.264002416
710,22820295,0.266902566,-0.0539363958,-0.155909836,0.0210217386,0.035814926,-0.0338729136,-0.641555965,-0.347091705,-65.0651703,-0.426232517,0.00656511635,0.159344926,0.0213522053,-0.00431491166,-0.146772951,-0.0936934784,0.00286519408,-0.00270983309,0.3,0.3,-0.3,-0.263934878,0.000525209308,0.0127475941,0.0213522053,0.146772951,0.00286519408,0.3,0.3,0.000525209308,0.00431491166,-0.0936934784,-0.00270983309,-0.3,-0.0127475941,0.263934878
711,22842734,0.26699245,-0.0541311949,-0.156038925,0.0209773518,0.0357842781,-0.0339083187,-0.641891956,-0.34737885,-65.0619965,-0.425800741,0.00624068081,0.158832476,0.021359396,-0.0043304956,-0.146811678,-0.0937067945,0.00286274225,-0.0027126655,0.3,0.3,-0.3,-0.263870111,0.000499254465,0.012706598,0.021359396,0.146811678,0.00286274225,0.3,0.3,0.000499254465,0.0043304956,-0.0937067945,-0.0027126655,-0.3,-0.012706598,0.263870111
712,22860701,0.267087907,-0.0541808307,-0.156310707,0.0209129788,0.0357683375,-0.0340076834,-0.642250836,-0.34800142,-65.0588074,-0.425428659,0.00609498238,0.158401176,0.0213670325,-0.00433446646,-0.146893212,-0.0937261064,0.002861467,-0.00272061467,0.3,0.3,-0.3,-0.263814299,0.000487598591,0.0126720941,0.0213670325,0.146893212,0.002861467,0.3,0.3,0.000487598591,0.00433446646,-0.0937261064,-0.00272061467,-0.3,-0.0126720941,0.263814299
713,22882229,0.267108768,-0.053799741,-0.156868383,0.0203065313,0.0359775089,-0.0342037715,-0.64285022,-0.349673778,-65.0554581,-0.425266355,0.00595553685,0.158087477,0.0213687015,-0.00430397928,-0.147060515,-0.0939080406,0.00287820071,-0.00273630172,0.3,0.3,-0.3,-0.263789953,0.000476442948,0.0126469982,0.0213687015,0.147060515,0.00287820071,0.3,0.3,0.000476442948,0.00430397928,-0.0939080406,-0.00273630172,-0.3,-0.0126469982,0.263789953
714,22901830,0.26706484,-0.0531978793,-0.157508835,0.0197421424,0.0362088792,-0.0346615836,-0.6438151,-0.351709932,-65.0522385,-0.425417393,0.00565188983,0.157681152,0.0213651872,-0.00425583035,-0.147252651,-0.0940773573,0.00289671034,-0.00277292669,0.3,0.3,-0.3,-0.263812609,0.000452151187,0.0126144922,0.0213651872,0.147252651,0.00289671034,0.3,0.3,0.000452151187,0.00425583035,-0.0940773573,-0.00277292669,-0.3,-0.0126144922,0.263812609
715,22918894,0.266913265,-0.0526176915,-0.157701984,0.0193504561,0.036528036,-0.035074804,-0.644450307,-0.353519589,-65.0488205,-0.425700158,0.00562925311,0.157408491,0.0213530612,-0.00420941532,-0.147310595,-0.0941948632,0.00292224288,-0.00280598432,0.3,0.3,-0.3,-0.263855024,0.000450340249,0.0125926793,0.0213530612,0.147310595,0.00292224288,0.3,0.3,0.000450340249,0.00420941532,-0.0941948632,-0.00280598432,-0.3,-0.0125926793,0.263855024
716,22947528,0.266703963,-0.0521999151,-0.157641187,0.018787045,0.0369280465,-0.0353616327,-0.644787788,-0.355342627,-65.0450516,-0.426101208,0.00587249408,0.157500967,0.0213363171,-0.0041759932,-0.147292356,-0.0943638865,0.00295424372,-0.00282893062,0.3,0.3,-0.3,-0.263915181,0.000469799526,0.0126000774,0.0213363171,0.147292356,0.00295424372,0.3,0.3,0.000469799526,0.0041759932,-0.0943638865,-0.00282893062,-0.3,-0.0126000774,0.263915181
717,22959396,0.266615957,-0.0517120734,-0.157636955,0.0181760583,0.0372694321,-0.0357092842,-0.645133018,-0.357119679,-65.0412827,-0.426667482,0.00600969326,0.157747462,0.0213292766,-0.00413696587,-0.147291087,-0.0945471825,0.00298155457,-0.00285674274,0.3,0.3,-0.3,-0.264000122,0.000480775461,0.012619797,0.0213292766,0.147291087,0.00298155457,0.3,0.3,0.000480775461,0.00413696587,-0.0945471825,-0.00285674274,-0.3,-0.012619797,0.264000122
718,22980482,0.266803443,-0.0508364104,-0.158189669,0.0170810986,0.0376077034,-0.0362854153,-0.645993352,-0.359666735,-65.0373077,-0.427501172,0.00554636726,0.158120945,0.0213442755,-0.00406691283,-0.147456901,-0.0948756704,0.00300861627,-0.00290283322,0.3,0.3,-0.3,-0.264125176,0.000443709381,0.0126496756,0.0213442755,0.147456901,0.00300861627,0.3,0.3,0.000443709381,0.00406691283,-0.0948756704,-0.00290283322,-0.3,-0.0126496756,0.264125176
719,23002947,0.267008036,-0.04987083,-0.158550143,0.0164208766,0.037957672,-0.0368921906,-0.646681845,-0.361852407,-65.0335236,-0.428568751,0.0050999308,0.158542112,0.0213606429,-0.0039896664,-0.147565043,-0.095073737,0.00303661376,-0.00295137525,0.3,0.3,-0.3,-0.264285313,0.000407994464,0.0126833689,0.0213606429,0.147565043,0.00303661376,0.3,0.3,0.000407994464,0.0039896664,-0.095073737,-0.00295137525,-0.3,-0.0126833689,0.264285313
720,23021756,0.267278314,-0.0490421541,-0.158495277,0.0156332906,0.0383944027,-0.0372785218,-0.647135496,-0.364171803,-65.0295868,-0.429684132,0.00484560989,0.15898414,0.0213822651,-0.00392337233,-0.147548583,-0.0953100128,0.00307155222,-0.00298228174,0.3,0.3,-0.3,-0.26445262,0.000387648791,0.0127187312,0.0213822651,0.147548583,0.00307155222,0.3,0.3,0.000387648791,0.00392337233,-0.0953100128,-0.00298228174,-0.3,-0.0127187312,0.26445262
721,23041481,0.267704576,-0.0483942553,-0.158335254,0.0148214446,0.0387993567,-0.0376623049,-0.647541404,-0.366502255,-65.0252609,-0.430900484,0.00470201485,0.159608409,0.0214163661,-0.00387154043,-0.147500576,-0.0955535666,0.00310394853,-0.0030129844,0.3,0.3,-0.3,-0.264635073,0.000376161188,0.0127686727,0.0214163661,0.147500576,0.00310394853,0.3,0.3,0.000376161188,0.00387154043,-0.0955535666,-0.0030129844,-0.3,-0.0127686727,0.264635073
722,23061294,0.268295288,-0.0477821268,-0.158284634,0.0140884351,0.0390850045,-0.038126681,-0.647911489,-0.368488699,-65.0206375,-0.43222481,0.00455201557,0.160735518,0.021463623,-0.00382257015,-0.14748539,-0.0957734695,0.00312680036,-0.00305013448,0.3,0.3,-0.3,-0.264833722,0.000364161246,0.0128588414,0.021463623,0.14748539,0.00312680036,0.3,0.3,0.000364161246,0.00382257015,-0.0957734695,-0.00305013448,-0.3,-0.0128588414,0.264833722
723,23080672,0.268740267,-0.0471316501,-0.158625409,0.0136784995,0.03916106,-0.0388002805,-0.648435414,-0.370087385,-65.0158005,-0.433672905,0.00441177422,0.161835,0.0214992213,-0.00377053201,-0.147587623,-0.0958964502,0.0031328848,-0.00310402244,0.3,0.3,-0.3,-0.265050936,0.000352941938,0.0129468,0.0214992213,0.147587623,0.0031328848,0.3,0.3,0.000352941938,0.00377053201,-0.0958964502,-0.00310402244,-0.3,-0.0129468,0.265050936
724,23103962,0.269064784,-0.0465196744,-0.158694938,0.0136563554,0.039165508,-0.039362777,-0.648638666,-0.370814532,-65.0109329,-0.435227126,0.00439455546,0.163101345,0.0215251827,-0.00372157395,-0.147608481,-0.0959030934,0.00313324064,-0.00314902216,0.3,0.3,-0.3,-0.265284069,0.000351564437,0.0130481076,0.0215251827,0.147608481,0.00313324064,0.3,0.3,0.000351564437,0.00372157395,-0.0959030934,-0.00314902216,-0.3,-0.0130481076,0.265284069
725,23120402,0.269513816,-0.0459562577,-0.158837974,0.0133712823,0.0390946642,-0.0398027599,-0.649003625,-0.371897876,-65.0056763,-0.436827242,0.00468254834,0.164499879,0.0215611053,-0.00367650062,-0.147651392,-0.0959886153,0.00312757313,-0.00318422079,0.3,0.3,-0.3,-0.265524086,0.000374603868,0.0131599903,0.0215611053,0.147651392,0.00312757313,0.3,0.3,0.000374603868,0.00367650062,-0.0959886153,-0.00318422079,-0.3,-0.0131599903,0.265524086
726,23143763,0.270112723,-0.0455726832,-0.158651412,0.0133253587,0.0390157513,-0.0402490944,-0.649077058,-0.372473061,-64.9999542,-0.438427836,0.0047042924,0.166022375,0.0216090178,-0.00364581466,-0.147595423,-0.0960023924,0.00312126011,-0.00321992755,0.3,0.3,-0.3,-0.265764175,0.000376343392,0.01328179,0.0216090178,0.147595423,0.00312126011,0.3,0.3,0.000376343392,0.00364581466,-0.0960023924,-0.00321992755,-0.3,-0.01328179,0.265764175
727,23168709,0.270663559,-0.0452671796,-0.158308417,0.0136352759,0.038845446,-0.0406149477,-0.648692131,-0.372052938,-64.9940567,-0.43998754,0.00461581303,0.167510122,0.0216530848,-0.00362137437,-0.147492525,-0.0959094172,0.00310763568,-0.00324919581,0.3,0.3,-0.3,-0.265998131,0.000369265042,0.0134008098,0.0216530848,0.147492525,0.00310763568,0.3,0.3,0.000369265042,0.00362137437,-0.0959094172,-0.00324919581,-0.3,-0.0134008098,0.265998131
728,23181815,0.271123022,-0.0449615084,-0.158233792,0.0139408903,0.0385804474,-0.0408624671,-0.648168683,-0.371214777,-64.9880219,-0.441336602,0.00469655823,0.168889001,0.0216898417,-0.00359692067,-0.147470137,-0.0958177329,0.00308643579,-0.00326899737,0.3,0.3,-0.3,-0.26620049,0.000375724658,0.0135111201,0.0216898417,0.147470137,0.00308643579,0.3,0.3,0.000375724658,0.00359692067,-0.0958177329,-0.00326899737,-0.3,-0.0135111201,0.26620049
729,23201967,0.271552771,-0.0449480638,-0.157930613,0.0138601139,0.0384280384,-0.0407985859,-0.647587359,-0.370531201,-64.9820786,-0.442651093,0.00493584853,0.170665786,0.0217242217,-0.0035958451,-0.147379184,-0.0958419658,0.00307424307,-0.00326388687,0.3,0.3,-0.3,-0.266397664,0.000394867882,0.0136532629,0.0217242217,0.147379184,0.00307424307,0.3,0.3,0.000394867882,0.0035958451,-0.0958419658,-0.00326388687,-0.3,-0.0136532629,0.266397664
730,23225722,0.272122115,-0.0450368002,-0.157622665,0.0140814893,0.038163133,-0.0406900719,-0.647188127,-0.36938104,-64.9764404,-0.443762451,0.0048991153,0.171952859,0.0217697692,-0.00360294402,-0.1472868,-0.0957755532,0.00305305064,-0.00325520575,0.3,0.3,-0.3,-0.266564368,0.000391929224,0.0137562287,0.0217697692,0.1472868,0.00305305064,0.3,0.3,0.000391929224,0.00360294402,-0.0957755532,-0.00325520575,-0.3,-0.0137562287,0.266564368
731,23239196,0.272688627,-0.0452147461,-0.157341242,0.0143828541,0.0379175991,-0.0404352732,-0.646801293,-0.368033737,-64.970787,-0.444561094,0.00486724032,0.17286399,0.0218150902,-0.00361717969,-0.147202373,-0.0956851438,0.00303340793,-0.00323482186,0.3,0.3,-0.3,-0.266684164,0.000389379226,0.0138291192,0.0218150902,0.147202373,0.00303340793,0.3,0.3,0.000389379226,0.00361717969,-0.0956851438,-0.00323482186,-0.3,-0.0138291192,0.266684164
732,23262965,0.273389339,-0.045527596,-0.156928435,0.0148440003,0.0376520455,-0.0401071757,-0.646272779,-0.366653919,-64.9653931,-0.445186734,0.00449303957,0.173572168,0.0218711472,-0.00364220768,-0.14707853,-0.0955467999,0.00301216364,-0.00320857406,0.3,0.3,-0.3,-0.26677801,0.000359443165,0.0138857734,0.0218711472,0.14707853,0.00301216364,0.3,0.3,0.000359443165,0.00364220768,-0.0955467999,-0.00320857406,-0.3,-0.0138857734,0.26677801
733,23284985,0.274080604,-0.0459184721,-0.156564415,0.0153051214,0.0373904817,-0.0396328978,-0.645520151,-0.364723086,-64.9604416,-0.445521712,0.00412694598,0.174225017,0.0219264483,-0.00367347777,-0.146969324,-0.0954084636,0.00299123853,-0.00317063183,0.3,0.3,-0.3,-0.266828257,0.000330155678,0.0139380014,0.0219264483,0.146969324,0.00299123853,0.3,0.3,0.000330155678,0.00367347777,-0.0954084636,-0.00317063183,-0.3,-0.0139380014,0.266828257
734,23306654,0.274709255,-0.046291668,-0.156479806,0.0156539436,0.0371028334,-0.0390962623,-0.645080268,-0.363291532,-64.9559631,-0.445601046,0.00385287125,0.174678117,0.0219767404,-0.00370333344,-0.146943942,-0.0953038169,0.00296822667,-0.00312770098,0.3,0.3,-0.3,-0.266840157,0.0003082297,0.0139742494,0.0219767404,0.146943942,0.00296822667,0.3,0.3,0.0003082297,0.00370333344,-0.0953038169,-0.00312770098,-0.3,-0.0139742494,0.266840157
735,23322723,0.275020987,-0.0469690003,-0.156152382,0.016234694,0.0367947817,-0.0384930968,-0.644326329,-0.361510277,-64.9519043,-0.445410699,0.00397608848,0.175153822,0.0220016789,-0.00375752002,-0.146845715,-0.0951295918,0.00294358253,-0.00307944775,0.3,0.3,-0.3,-0.266811605,0.000318087079,0.0140123057,0.0220016789,0.146845715,0.00294358253,0.3,0.3,0.000318087079,0.00375752002,-0.0951295918,-0.00307944775,-0.3,-0.0140123057,0.266811605
736,23341507,0.275150508,-0.0476441123,-0.156133026,0.0169556811,0.0363456756,-0.0380288921,-0.643688262,-0.359362692,-64.9481506,-0.444916695,0.00412036385,0.17546466,0.0220120406,-0.00381152898,-0.146839908,-0.0949132957,0.00290765405,-0.00304231137,0.3,0.3,-0.3,-0.266737504,0.000329629108,0.0140371728,0.0220120406,0.146839908,0.00290765405,0.3,0.3,0.000329629108,0.00381152898,-0.0949132957,-0.00304231137,-0.3,-0.0140371728,0.266737504
737,23363015,0.275320262,-0.0482143089,-0.156227931,0.017188523,0.0360692739,-0.037613865,-0.64370811,-0.358428687,-64.9447098,-0.444362462,0.00422778074,0.175288349,0.0220256209,-0.00385714471,-0.146868379,-0.0948434431,0.00288554192,-0.0030091092,0.3,0.3,-0.3,-0.266654369,0.000338222459,0.014023068,0.0220256209,0.146868379,0.00288554192,0.3,0.3,0.000338222459,0.00385714471,-0.0948434431,-0.0030091092,-0.3,-0.014023068,0.266654369
738,23383062,0.275356919,-0.0485713668,-0.15639326,0.0175440479,0.0357950926,-0.0374103822,-0.643646777,-0.357753187,-64.9413834,-0.44383654,0.00433684606,0.17492269,0.0220285535,-0.00388570935,-0.146917978,-0.0947367856,0.00286360741,-0.00299283057,0.3,0.3,-0.3,-0.266575481,0.000346947685,0.0139938152,0.0220285535,0.146917978,0.00286360741,0.3,0.3,0.000346947685,0.00388570935,-0.0947367856,-0.00299283057,-0.3,-0.0139938152,0.266575481
739,23408212,0.275341243,-0.0488879159,-0.156306505,0.0178377181,0.0356883965,-0.0371271484,-0.643514633,-0.357065082,-64.9384308,-0.443303376,0.00461969338,0.174605221,0.0220272994,-0.00391103327,-0.146891952,-0.0946486846,0.00285507172,-0.00297017187,0.3,0.3,-0.3,-0.266495506,0.000369575471,0.0139684176,0.0220272994,0.146891952,0.00285507172,0.3,0.3,0.000369575471,0.00391103327,-0.0946486846,-0.00297017187,-0.3,-0.0139684176,0.266495506
740,23420760,0.275360763,-0.049076926,-0.156417355,0.0177335348,0.0356457382,-0.0368331261,-0.643691361,-0.357135743,-64.9356689,-0.442675173,0.0049899444,0.174056128,0.022028861,-0.00392615408,-0.146925206,-0.0946799396,0.00285165906,-0.00294665009,0.3,0.3,-0.3,-0.266401276,0.000399195552,0.0139244902,0.022028861,0.146925206,0.00285165906,0.3,0.3,0.000399195552,0.00392615408,-0.0946799396,-0.00294665009,-0.3,-0.0139244902,0.266401276
741,23438503,0.275249273,-0.0492137298,-0.156529799,0.0177691653,0.0356023572,-0.03675697,-0.643789768,-0.35738349,-64.932869,-0.441998512,0.00523041934,0.173237666,0.0220199418,-0.00393709838,-0.14695894,-0.0946692504,0.00284818858,-0.0029405576,0.3,0.3,-0.3,-0.266299777,0.000418433547,0.0138590133,0.0220199418,0.14695894,0.00284818858,0.3,0.3,0.000418433547,0.00393709838,-0.0946692504,-0.0029405576,-0.3,-0.0138590133,0.266299777
742,23463228,0.274980396,-0.0492888503,-0.15662463,0.0178655796,0.0355907492,-0.0368012451,-0.643927217,-0.357507408,-64.9302139,-0.441419244,0.00545679405,0.172519937,0.0219984317,-0.00394310802,-0.146987389,-0.0946403261,0.00284725994,-0.00294409961,0.3,0.3,-0.3,-0.266212887,0.000436543524,0.013801595,0.0219984317,0.146987389,0.00284725994,0.3,0.3,0.000436543524,0.00394310802,-0.0946403261,-0.00294409961,-0.3,-0.013801595,0.266212887
743,23481999,0.274651468,-0.0492765754,-0.156796575,0.0175770558,0.0357477143,-0.0368077643,-0.64402616,-0.35803619,-64.9276428,-0.440906465,0.00582815334,0.172126099,0.0219721174,-0.00394212604,-0.147038972,-0.0947268832,0.00285981715,-0.00294462115,0.3,0.3,-0.3,-0.26613597,0.000466252267,0.013770088,0.0219721174,0.147038972,0.00285981715,0.3,0.3,0.000466252267,0.00394212604,-0.0947268832,-0.00294462115,-0.3,-0.013770088,0.26613597
744,23501059,0.274285078,-0.0492267162,-0.156915978,0.0172863491,0.0359106772,-0.0368919,-0.644167364,-0.358757645,-64.9252472,-0.44052577,0.00603416795,0.171917871,0.0219428062,-0.00393813729,-0.147074793,-0.0948140953,0.00287285417,-0.002951352,0.3,0.3,-0.3,-0.266078866,0.000482733436,0.0137534297,0.0219428062,0.147074793,0.00287285417,0.3,0.3,0.000482733436,0.00393813729,-0.0948140953,-0.002951352,-0.3,-0.0137534297,0.266078866
745,23520880,0.273970664,-0.0490568131,-0.157053471,0.0172076169,0.0359286666,-0.037120793,-0.644346237,-0.359388798,-64.9227448,-0.440243721,0.00611785846,0.171681553,0.0219176531,-0.00392454505,-0.147116041,-0.0948377149,0.00287429333,-0.00296966344,0.3,0.3,-0.3,-0.266036558,0.000489428677,0.0137345243,0.0219176531,0.147116041,0.00287429333,0.3,0.3,0.000489428677,0.00392454505,-0.0948377149,-0.00296966344,-0.3,-0.0137345243,0.266036558
746,23541751,0.273847729,-0.0488505214,-0.157096088,0.0168369375,0.0360862128,-0.0372437835,-0.644764066,-0.360289097,-64.9200439,-0.43999359,0.0061364444,0.171470508,0.0219078183,-0.00390804172,-0.147128826,-0.0949489187,0.00288689703,-0.00297950268,0.3,0.3,-0.3,-0.265999039,0.000490915552,0.0137176406,0.0219078183,0.147128826,0.00288689703,0.3,0.3,0.000490915552,0.00390804172,-0.0949489187,-0.00297950268,-0.3,-0.0137176406,0.265999039
747,23561182,0.273833662,-0.0487408601,-0.157045305,0.0165201891,0.0362802893,-0.0373878628,-0.645155549,-0.361002266,-64.9175644,-0.439929724,0.00593220536,0.171256155,0.021906693,-0.00389926881,-0.147113591,-0.0950439433,0.00290242314,-0.00299102902,0.3,0.3,-0.3,-0.265989459,0.000474576429,0.0137004924,0.021906693,0.147113591,0.00290242314,0.3,0.3,0.000474576429,0.00389926881,-0.0950439433,-0.00299102902,-0.3,-0.0137004924,0.265989459
748,23585641,0.273888975,-0.0486321338,-0.156931534,0.0162360966,0.0365204513,-0.0374926515,-0.64521569,-0.361452222,-64.9150772,-0.439951062,0.00577144139,0.171242192,0.021911118,-0.0038905707,-0.14707946,-0.095129171,0.0029216361,-0.00299941212,0.3,0.3,-0.3,-0.265992659,0.000461715311,0.0136993754,0.021911118,0.14707946,0.0029216361,0.3,0.3,0.000461715311,0.0038905707,-0.095129171,-0.00299941212,-0.3,-0.0136993754,0.265992659
749,23604881,0.273922265,-0.0484032854,-0.157096267,0.0162733365,0.0365495197,-0.0377542563,-0.645429015,-0.361743718,-64.9126892,-0.440076917,0.00539518055,0.171159968,0.0219137812,-0.00387226284,-0.14712888,-0.0951179991,0.00292396158,-0.0030203405,0.3,0.3,-0.3,-0.266011538,0.000431614444,0.0136927974,0.0219137812,0.14712888,0.00292396158,0.3,0.3,0.000431614444,0.00387226284,-0.0951179991,-0.0030203405,-0.3,-0.0136927974,0.266011538
750,23622663,0.274079889,-0.0480992794,-0.157263041,0.0161951464,0.0365645066,-0.0379266851,-0.645897567,-0.362409174,-64.9102859,-0.44027397,0.00493923808,0.170852676,0.0219263911,-0.00384794235,-0.147178912,-0.0951414561,0.00292516053,-0.00303413481,0.3,0.3,-0.3,-0.266041096,0.000395139046,0.0136682141,0.0219263911,0.147178912,0.00292516053,0.3,0.3,0.000395139046,0.00384794235,-0.0951414561,-0.00303413481,-0.3,-0.0136682141,0.266041096
751,23641870,0.274138063,-0.0479500704,-0.157192588,0.016432859,0.0365410969,-0.0380069353,-0.645934939,-0.36240679,-64.9077377,-0.440408558,0.00472881505,0.170637667,0.0219310451,-0.00383600563,-0.147157776,-0.0950701423,0.00292328775,-0.00304055482,0.3,0.3,-0.3,-0.266061284,0.000378305204,0.0136510134,0.0219310451,0.147157776,0.00292328775,0.3,0.3,0.000378305204,0.00383600563,-0.0950701423,-0.00304055482,-0.3,-0.0136510134,0.266061284
752,23662062,0.274245739,-0.0479313061,-0.157206506,0.0163108911,0.0366006941,-0.0379162505,-0.646012306,-0.362677842,-64.9054031,-0.440526694,0.00463128369,0.170634151,0.0219396591,-0.00383450449,-0.147161952,-0.0951067327,0.00292805552,-0.00303330004,0.3,0.3,-0.3,-0.266079004,0.000370502695,0.013650732,0.0219396591,0.147161952,0.00292805552,0.3,0.3,0.000370502695,0.00383450449,-0.0951067327,-0.00303330004,-0.3,-0.013650732,0.266079004
753,23682242,0.274227023,-0.0479982942,-0.157094538,0.0162546299,0.0366538651,-0.037865445,-0.645802379,-0.362809002,-64.9030533,-0.440728635,0.00471615884,0.170764163,0.0219381618,-0.00383986354,-0.147128361,-0.095123611,0.00293230921,-0.0030292356,0.3,0.3,-0.3,-0.266109295,0.000377292708,0.0136611331,0.0219381618,0.147128361,0.00293230921,0.3,0.3,0.000377292708,0.00383986354,-0.095123611,-0.0030292356,-0.3,-0.0136611331,0.266109295
754,23702786,0.274116725,-0.0480460487,-0.157113686,0.0164878611,0.0365646109,-0.0378885344,-0.645508349,-0.362424433,-64.9008865,-0.440871209,0.00489357673,0.170961693,0.021929338,-0.0038436839,-0.147134106,-0.0950536417,0.00292516887,-0.00303108275,0.3,0.3,-0.3,-0.266130681,0.000391486138,0.0136769354,0.021929338,0.147134106,0.00292516887,0.3,0.3,0.000391486138,0.0038436839,-0.0950536417,-0.00303108275,-0.3,-0.0136769354,0.266130681
755,23721899,0.274041504,-0.0482680276,-0.156966567,0.0166074522,0.0364630669,-0.0378111191,-0.645300984,-0.361797422,-64.8988876,-0.441042989,0.00501914229,0.171618044,0.0219233203,-0.00386144221,-0.14708997,-0.0950177643,0.00291704535,-0.00302488953,0.3,0.3,-0.3,-0.266156448,0.000401531383,0.0137294436,0.0219233203,0.14708997,0.00291704535,0.3,0.3,0.000401531383,0.00386144221,-0.0950177643,-0.00302488953,-0.3,-0.0137294436,0.266156448
756,23744928,0.27413699,-0.0485341325,-0.156792432,0.0167317819,0.0363549218,-0.0376079604,-0.645016789,-0.361011982,-64.8968811,-0.441112071,0.00534294685,0.172425747,0.0219309592,-0.0038827306,-0.14703773,-0.0949804654,0.00290839374,-0.00300863683,0.3,0.3,-0.3,-0.266166811,0.000427435748,0.0137940598,0.0219309592,0.14703773,0.00290839374,0.3,0.3,0.000427435748,0.0038827306,-0.0949804654,-0.00300863683,-0.3,-0.0137940598,0.266166811
757,23760077,0.274287045,-0.0488213077,-0.156538159,0.016847644,0.0362358503,-0.0373953879,-0.644643784,-0.36019063,-64.8947983,-0.441131413,0.00562016154,0.173186213,0.0219429636,-0.00390570462,-0.146961448,-0.0949457068,0.00289886802,-0.00299163103,0.3,0.3,-0.3,-0.266169712,0.000449612923,0.013854897,0.0219429636,0.146961448,0.00289886802,0.3,0.3,0.000449612923,0.00390570462,-0.0949457068,-0.00299163103,-0.3,-0.013854897,0.266169712
758,23782514,0.274535924,-0.04886581,-0.156635463,0.0166548174,0.0361339897,-0.0373485014,-0.64469564,-0.359940797,-64.8928375,-0.441256404,0.00554287015,0.173599288,0.0219628739,-0.0039092648,-0.146990639,-0.0950035548,0.00289071918,-0.00298788011,0.3,0.3,-0.3,-0.266188461,0.000443429612,0.013887943,0.0219628739,0.146990639,0.00289071918,0.3,0.3,0.000443429612,0.0039092648,-0.0950035548,-0.00298788011,-0.3,-0.013887943,0.266188461
759,23801834,0.274847299,-0.0489145964,-0.156681627,0.0168674197,0.0359959342,-0.0373844057,-0.644819915,-0.359534591,-64.8911438,-0.441348463,0.00545796053,0.173595101,0.0219877839,-0.00391316772,-0.147004488,-0.0949397741,0.00287967473,-0.00299075246,0.3,0.3,-0.3,-0.266202269,0.000436636843,0.0138876081,0.0219877839,0.147004488,0.00287967473,0.3,0.3,0.000436636843,0.00391316772,-0.0949397741,-0.00299075246,-0.3,-0.0138876081,0.266202269
760,23820674,0.274973959,-0.0489744209,-0.156782851,0.0169227999,0.0358994529,-0.0373491459,-0.644967794,-0.359489053,-64.889534,-0.441383094,0.00539077679,0.173465505,0.0219979167,-0.00391795367,-0.147034855,-0.09492316,0.00287195623,-0.00298793167,0.3,0.3,-0.3,-0.266207464,0.000431262143,0.0138772404,0.0219979167,0.147034855,0.00287195623,0.3,0.3,0.000431262143,0.00391795367,-0.09492316,-0.00298793167,-0.3,-0.0138772404,0.266207464
761,23847466,0.275079429,-0.0490230247,-0.156871065,0.0170231666,0.035863921,-0.0373233482,-0.645076752,-0.359283268,-64.8879013,-0.441400737,0.00549791101,0.173347771,0.0220063543,-0.00392184198,-0.14706132,-0.09489305,0.00286911368,-0.00298586786,0.3,0.3,-0.3,-0.26621011,0.000439832881,0.0138678217,0.0220063543,0.14706132,0.00286911368,0.3,0.3,0.000439832881,0.00392184198,-0.09489305,-0.00298586786,-0.3,-0.0138678217,0.26621011
762,23858996,0.274979502,-0.0491480678,-0.156608686,0.0174133442,0.035849195,-0.0372019708,-0.644677281,-0.358277798,-64.8863373,-0.441306591,0.00573769538,0.173455536,0.0219983602,-0.00393184543,-0.146982606,-0.0947759967,0.0028679356,-0.00297615767,0.3,0.3,-0.3,-0.266195989,0.00045901563,0.0138764429,0.0219983602,0.146982606,0.0028679356,0.3,0.3,0.00045901563,0.00393184543,-0.0947759967,-0.00297615767,-0.3,-0.0138764429,0.266195989
763,23898291,0.274847865,-0.0491965264,-0.156742513,0.0172742177,0.0358311795,-0.0371869095,-0.644609928,-0.358307034,-64.8847504,-0.441298932,0.00578914629,0.173571199,0.0219878292,-0.00393572211,-0.147022754,-0.0948177347,0.00286649436,-0.00297495276,0.3,0.3,-0.3,-0.26619484,0.000463131703,0.0138856959,0.0219878292,0.147022754,0.00286649436,0.3,0.3,0.000463131703,0.00393572211,-0.0948177347,-0.00297495276,-0.3,-0.0138856959,0.26619484
764,23905526,0.274872005,-0.0491083525,-0.156819925,0.0170388725,0.0359068438,-0.0371593051,-0.644906104,-0.358799398,-64.8833237,-0.44131726,0.00568931364,0.173462957,0.0219897604,-0.0039286682,-0.147045977,-0.0948883383,0.00287254751,-0.00297274441,0.3,0.3,-0.3,-0.266197589,0.000455145091,0.0138770366,0.0219897604,0.147045977,0.00287254751,0.3,0.3,0.000455145091,0.0039286682,-0.0948883383,-0.00297274441,-0.3,-0.0138770366,0.266197589
765,23921988,0.274918735,-0.0490829088,-0.156734586,0.0170222986,0.0359557942,-0.0371279567,-0.645159245,-0.359143466,-64.8820648,-0.44133991,0.0055700806,0.17318368,0.0219934988,-0.0039266327,-0.147020376,-0.0948933104,0.00287646353,-0.00297023654,0.3,0.3,-0.3,-0.266200987,0.000445606448,0.0138546944,0.0219934988,0.147020376,0.00287646353,0.3,0.3,0.000445606448,0.0039266327,-0.0948933104,-0.00297023654,-0.3,-0.0138546944,0.266200987
766,23941583,0.275069028,-0.0491528474,-0.156698197,0.0170789044,0.0359555483,-0.0371349305,-0.645285428,-0.359407097,-64.8807297,-0.44130525,0.00551324757,0.172944143,0.0220055223,-0.00393222779,-0.147009459,-0.0948763287,0.00287644386,-0.00297079444,0.3,0.3,-0.3,-0.266195787,0.000441059805,0.0138355315,0.0220055223,0.147009459,0.00287644386,0.3,0.3,0.000441059805,0.00393222779,-0.0948763287,-0.00297079444,-0.3,-0.0138355315,0.266195787
767,23962784,0.275242716,-0.0490709282,-0.15679957,0.0169938337,0.0359513573,-0.0371889174,-0.64539814,-0.359795123,-64.8792114,-0.441334486,0.0054907673,0.172800973,0.0220194173,-0.00392567426,-0.147039871,-0.0949018499,0.00287610859,-0.00297511339,0.3,0.3,-0.3,-0.266200173,0.000439261384,0.0138240778,0.0220194173,0.147039871,0.00287610859,0.3,0.3,0.000439261384,0.00392567426,-0.0949018499,-0.00297511339,-0.3,-0.0138240778,0.266200173
768,23983190,0.275290698,-0.049026072,-0.157009825,0.0167383142,0.0360090397,-0.0372890458,-0.64562124,-0.36029759,-64.8776932,-0.441446334,0.00540834805,0.172759816,0.0220232558,-0.00392208576,-0.147102948,-0.0949785057,0.00288072318,-0.00298312366,0.3,0.3,-0.3,-0.26621695,0.000432667844,0.0138207853,0.0220232558,0.147102948,0.00288072318,0.3,0.3,0.000432667844,0.00392208576,-0.0949785057,-0.00298312366,-0.3,-0.0138207853,0.26621695
769,24000450,0.275159001,-0.0490329787,-0.157003492,0.0169056058,0.0360291414,-0.0373927765,-0.645505965,-0.360137671,-64.876442,-0.441558301,0.00555750635,0.172810957,0.0220127201,-0.0039226383,-0.147101048,-0.0949283183,0.00288233131,-0.00299142212,0.3,0.3,-0.3,-0.266233745,0.000444600508,0.0138248765,0.0220127201,0.147101048,0.00288233131,0.3,0.3,0.000444600508,0.0039226383,-0.0949283183,-0.00299142212,-0.3,-0.0138248765,0.266233745
770,24026470,0.275021017,-0.0490251556,-0.157029137,0.0168694127,0.0360216685,-0.0373908468,-0.645486414,-0.360236704,-64.8751297,-0.441607296,0.00567882089,0.172838286,0.0220016813,-0.00392201245,-0.147108741,-0.0949391762,0.00288173348,-0.00299126774,0.3,0.3,-0.3,-0.266241094,0.000454305671,0.0138270628,0.0220016813,0.147108741,0.00288173348,0.3,0.3,0.000454305671,0.00392201245,-0.0949391762,-0.00299126774,-0.3,-0.0138270628,0.266241094
771,24042942,0.274898022,-0.0491420813,-0.156816602,0.0169833396,0.0359811001,-0.0373581536,-0.64529562,-0.360100508,-64.873764,-0.441678852,0.00587182539,0.172928765,0.0219918418,-0.0039313665,-0.147044981,-0.0949049981,0.002878488,-0.00298865229,0.3,0.3,-0.3,-0.266251828,0.000469746031,0.0138343012,0.0219918418,0.147044981,0.002878488,0.3,0.3,0.000469746031,0.0039313665,-0.0949049981,-0.00298865229,-0.3,-0.0138343012,0.266251828
772,24061149,0.274993628,-0.0491531715,-0.156839207,0.0167637989,0.0359895751,-0.0372918323,-0.645479262,-0.360428751,-64.872406,-0.441691667,0.00598074216,0.172962531,0.0219994903,-0.00393225372,-0.147051762,-0.0949708603,0.00287916601,-0.00298334658,0.3,0.3,-0.3,-0.26625375,0.000478459373,0.0138370025,0.0219994903,0.147051762,0.00287916601,0.3,0.3,0.000478459373,0.00393225372,-0.0949708603,-0.00298334658,-0.3,-0.0138370025,0.26625375
773,24090102,0.274822026,-0.0492143817,-0.156701386,0.0167772155,0.0360039026,-0.0373357162,-0.645087838,-0.360209674,-64.8710403,-0.441762835,0.00609256001,0.173161879,0.0219857621,-0.00393715054,-0.147010416,-0.0949668353,0.0028803122,-0.0029868573,0.3,0.3,-0.3,-0.266264425,0.000487404801,0.0138529503,0.0219857621,0.147010416,0.0028803122,0.3,0.3,0.000487404801,0.00393715054,-0.0949668353,-0.0029868573,-0.3,-0.0138529503,0.266264425
774,24102598,0.274743289,-0.0492208786,-0.15667671,0.0167617779,0.0359995589,-0.0373725034,-0.644909084,-0.359824151,-64.8699112,-0.441753596,0.00580165815,0.173198432,0.0219794631,-0.00393767029,-0.147003013,-0.0949714666,0.00287996471,-0.00298980027,0.3,0.3,-0.3,-0.266263039,0.000464132652,0.0138558745,0.0219794631,0.147003013,0.00287996471,0.3,0.3,0.000464132652,0.00393767029,-0.0949714666,-0.00298980027,-0.3,-0.0138558745,0.266263039
775,24121263,0.274705797,-0.0492303967,-0.15671885,0.0168697331,0.0358954705,-0.0374046229,-0.644896746,-0.359538347,-64.8688812,-0.441684276,0.00553507684,0.173104972,0.0219764638,-0.00393843174,-0.147015655,-0.0949390801,0.00287163764,-0.00299236983,0.3,0.3,-0.3,-0.266252641,0.000442806147,0.0138483977,0.0219764638,0.147015655,0.00287163764,0.3,0.3,0.000442806147,0.00393843174,-0.0949390801,-0.00299236983,-0.3,-0.0138483977,0.266252641
776,24142422,0.274828136,-0.0492027812,-0.156800926,0.0167228393,0.0359093435,-0.0373207517,-0.645180821,-0.359832108,-64.8677216,-0.441541046,0.00531725958,0.172947273,0.0219862509,-0.00393622249,-0.147040278,-0.0949831482,0.00287274748,-0.00298566014,0.3,0.3,-0.3,-0.266231157,0.000425380766,0.0138357818,0.0219862509,0.147040278,0.00287274748,0.3,0.3,0.000425380766,0.00393622249,-0.0949831482,-0.00298566014,-0.3,-0.0138357818,0.266231157
777,24161580,0.275050908,-0.0492615253,-0.156858161,0.0167449377,0.0359327123,-0.0373042375,-0.645609438,-0.360143811,-64.8667068,-0.441514403,0.00504128309,0.172683895,0.0220040727,-0.00394092202,-0.147057448,-0.0949765187,0.00287461698,-0.002984339,0.3,0.3,-0.3,-0.26622716,0.000403302647,0.0138147116,0.0220040727,0.147057448,0.00287461698,0.3,0.3,0.000403302647,0.00394092202,-0.0949765187,-0.002984339,-0.3,-0.0138147116,0.26622716
778,24180717,0.27508828,-0.0493653975,-0.156813413,0.0168760493,0.0359747708,-0.0372821242,-0.645477355,-0.360115558,-64.8655548,-0.441466808,0.00520455325,0.172688305,0.0220070624,-0.0039492318,-0.147044024,-0.0949371852,0.00287798166,-0.00298256993,0.3,0.3,-0.3,-0.266220021,0.00041636426,0.0138150644,0.0220070624,0.147044024,0.00287798166,0.3,0.3,0.00041636426,0.0039492318,-0.0949371852,-0.00298256993,-0.3,-0.0138150644,0.266220021
779,24206055,0.274992257,-0.0495148227,-0.15666011,0.0169603974,0.0360192657,-0.037202999,-0.645235956,-0.359707832,-64.8646393,-0.441445798,0.00523669738,0.172771886,0.0219993806,-0.00396118581,-0.146998033,-0.0949118808,0.00288154125,-0.00297623992,0.3,0.3,-0.3,-0.26621687,0.000418935791,0.0138217509,0.0219993806,0.146998033,0.00288154125,0.3,0.3,0.000418935791,0.00396118581,-0.0949118808,-0.00297623992,-0.3,-0.0138217509,0.26621687
780,24221747,0.274985403,-0.0497085452,-0.156602144,0.0170343462,0.0359436981,-0.0370591208,-0.645177186,-0.359454274,-64.8639679,-0.441365063,0.00551234372,0.172855332,0.0219988322,-0.00397668362,-0.146980643,-0.0948896961,0.00287549585,-0.00296472967,0.3,0.3,-0.3,-0.266204759,0.000440987498,0.0138284266,0.0219988322,0.146980643,0.00287549585,0.3,0.3,0.000440987498,0.00397668362,-0.0948896961,-0.00296472967,-0.3,-0.0138284266,0.266204759
781,24247142,0.275053382,-0.0497888662,-0.156668037,0.0171624646,0.0357875824,-0.0369975083,-0.645213187,-0.359280765,-64.8630676,-0.441168368,0.0056008636,0.172839835,0.0220042706,-0.0039831093,-0.147000411,-0.0948512606,0.00286300659,-0.00295980066,0.3,0.3,-0.3,-0.266175255,0.000448069088,0.0138271868,0.0220042706,0.147000411,0.00286300659,0.3,0.3,0.000448069088,0.0039831093,-0.0948512606,-0.00295980066,-0.3,-0.0138271868,0.266175255
782,24259760,0.275061548,-0.0499067418,-0.156718537,0.0172984283,0.0356658995,-0.0369816162,-0.645262599,-0.359158397,-64.8622437,-0.441102833,0.00573580759,0.172865331,0.0220049238,-0.00399253935,-0.147015561,-0.0948104715,0.00285327196,-0.00295852929,0.3,0.3,-0.3,-0.266165425,0.000458864607,0.0138292265,0.0220049238,0.147015561,0.00285327196,0.3,0.3,0.000458864607,0.00399253935,-0.0948104715,-0.00295852929,-0.3,-0.0138292265,0.266165425
783,24286563,0.27508086,-0.0499479435,-0.156700417,0.0172725972,0.0356592648,-0.0369259007,-0.645193458,-0.358932734,-64.861412,-0.440992951,0.00578890881,0.172845498,0.0220064688,-0.00399583548,-0.147010125,-0.0948182208,0.00285274118,-0.00295407206,0.3,0.3,-0.3,-0.266148943,0.000463112704,0.0138276398,0.0220064688,0.147010125,0.00285274118,0.3,0.3,0.000463112704,0.00399583548,-0.0948182208,-0.00295407206,-0.3,-0.0138276398,0.266148943
784,24300248,0.274998426,-0.0500196144,-0.156685889,0.0172739681,0.0356642716,-0.0369093046,-0.645124018,-0.358703911,-64.8609009,-0.440932512,0.00571638066,0.17282182,0.0219998741,-0.00400156915,-0.147005767,-0.0948178096,0.00285314173,-0.00295274436,0.3,0.3,-0.3,-0.266139877,0.000457310453,0.0138257456,0.0219998741,0.147005767,0.00285314173,0.3,0.3,0.000457310453,0.00400156915,-0.0948178096,-0.00295274436,-0.3,-0.0138257456,0.266139877
785,24325261,0.274999142,-0.0501196235,-0.156619132,0.0174395852,0.0355844945,-0.0368535519,-0.64510417,-0.358419776,-64.8603973,-0.440828532,0.00575128244,0.172729626,0.0219999313,-0.00400956988,-0.146985739,-0.0947681244,0.00284675956,-0.00294828415,0.3,0.3,-0.3,-0.26612428,0.000460102595,0.0138183701,0.0219999313,0.146985739,0.00284675956,0.3,0.3,0.000460102595,0.00400956988,-0.0947681244,-0.00294828415,-0.3,-0.0138183701,0.26612428
786,24341434,0.275098622,-0.0503368005,-0.156499818,0.0173241142,0.0355783664,-0.0366815813,-0.645145953,-0.358585149,-64.8596725,-0.440657705,0.00582142547,0.172669575,0.0220078897,-0.00402694404,-0.146949945,-0.0948027657,0.00284626931,-0.0029345265,0.3,0.3,-0.3,-0.266098656,0.000465714037,0.013813566,0.0220078897,0.146949945,0.00284626931,0.3,0.3,0.000465714037,0.00402694404,-0.0948027657,-0.0029345265,-0.3,-0.013813566,0.266098656
787,24362292,0.27523765,-0.050530035,-0.156496748,0.0173236299,0.0355229191,-0.0366692767,-0.645192146,-0.358708352,-64.8589935,-0.440548003,0.00589619391,0.172612011,0.022019012,-0.0040424028,-0.146949024,-0.094802911,0.00284183353,-0.00293354213,0.3,0.3,-0.3,-0.2660822,0.000471695513,0.0138089609,0.022019012,0.146949024,0.00284183353,0.3,0.3,0.000471695513,0.0040424028,-0.094802911,-0.00293354213,-0.3,-0.0138089609,0.2660822
788,24386586,0.275226235,-0.0504447483,-0.156684905,0.0170882083,0.0355730392,-0.0367512405,-0.645164132,-0.358906239,-64.8581772,-0.440455437,0.0059099826,0.172660336,0.0220180988,-0.00403557986,-0.147005472,-0.0948735375,0.00284584314,-0.00294009924,0.3,0.3,-0.3,-0.266068316,0.000472798608,0.0138128269,0.0220180988,0.147005472,0.00284584314,0.3,0.3,0.000472798608,0.00403557986,-0.0948735375,-0.00294009924,-0.3,-0.0138128269,0.266068316
789,24403691,0.2751562,-0.0503297411,-0.156711757,0.0170037635,0.0356809646,-0.0368205421,-0.645185053,-0.359003305,-64.8576813,-0.440499425,0.00595937716,0.172717422,0.022012496,-0.00402637929,-0.147013527,-0.094898871,0.00285447717,-0.00294564337,0.3,0.3,-0.3,-0.266074914,0.000476750173,0.0138173938,0.022012496,0.147013527,0.00285447717,0.3,0.3,0.000476750173,0.00402637929,-0.094898871,-0.00294564337,-0.3,-0.0138173938,0.266074914
790,24424859,0.275084108,-0.0501897074,-0.15677157,0.0170458127,0.0356790833,-0.036932569,-0.645291328,-0.359049767,-64.857193,-0.440489382,0.0057725776,0.172585756,0.0220067286,-0.00401517659,-0.147031471,-0.0948862562,0.00285432667,-0.00295460552,0.3,0.3,-0.3,-0.266073407,0.000461806208,0.0138068604,0.0220067286,0.147031471,0.00285432667,0.3,0.3,0.000461806208,0.00401517659,-0.0948862562,-0.00295460552,-0.3,-0.0138068604,0.266073407
791,24447884,0.275058091,-0.0500898436,-0.156739488,0.0171067193,0.0357065201,-0.0369565189,-0.645373166,-0.359140962,-64.8564529,-0.440488786,0.00589891197,0.172585815,0.0220046473,-0.00400718749,-0.147021846,-0.0948679842,0.00285652161,-0.00295652151,0.3,0.3,-0.3,-0.266073318,0.000471912958,0.0138068652,0.0220046473,0.147021846,0.00285652161,0.3,0.3,0.000471912958,0.00400718749,-0.0948679842,-0.00295652151,-0.3,-0.0138068652,0.266073318
792,24463258,0.275007635,-0.0500369631,-0.156681314,0.0171579178,0.0357058831,-0.0369884372,-0.645353079,-0.359223008,-64.8556366,-0.440501153,0.00592983561,0.172673523,0.0220006108,-0.00400295705,-0.147004394,-0.0948526246,0.00285647064,-0.00295907497,0.3,0.3,-0.3,-0.266075173,0.000474386849,0.0138138819,0.0220006108,0.147004394,0.00285647064,0.3,0.3,0.000474386849,0.00400295705,-0.0948526246,-0.00295907497,-0.3,-0.0138138819,0.266075173
793,24482675,0.274974614,-0.0499032736,-0.156747535,0.0170397535,0.0357508287,-0.0370631926,-0.645387173,-0.359252214,-64.8549728,-0.440603346,0.00573882647,0.17266044,0.0219979692,-0.00399226189,-0.14702426,-0.094888074,0.00286006629,-0.00296505541,0.3,0.3,-0.3,-0.266090502,0.000459106117,0.0138128352,0.0219979692,0.14702426,0.00286006629,0.3,0.3,0.000459106117,0.00399226189,-0.094888074,-0.00296505541,-0.3,-0.0138128352,0.266090502
794,24500951,0.275031567,-0.0497356392,-0.156919852,0.0169097465,0.0358167589,-0.0370826833,-0.645729244,-0.359591097,-64.854454,-0.440711409,0.00571018411,0.172544494,0.0220025253,-0.00397885114,-0.147075956,-0.0949270761,0.00286534071,-0.00296661466,0.3,0.3,-0.3,-0.266106711,0.000456814729,0.0138035595,0.0220025253,0.147075956,0.00286534071,0.3,0.3,0.000456814729,0.00397885114,-0.0949270761,-0.00296661466,-0.3,-0.0138035595,0.266106711
795,24520728,0.27494505,-0.0497224368,-0.156758264,0.0170204006,0.0358500071,-0.0370149687,-0.645584285,-0.359507889,-64.8540421,-0.440807074,0.00592103554,0.172649473,0.021995604,-0.00397779495,-0.147027479,-0.0948938798,0.00286800057,-0.0029611975,0.3,0.3,-0.3,-0.266121061,0.000473682843,0.0138119578,0.021995604,0.147027479,0.00286800057,0.3,0.3,0.000473682843,0.00397779495,-0.0948938798,-0.0029611975,-0.3,-0.0138119578,0.266121061
796,24542438,0.275051057,-0.0497664139,-0.156781048,0.0170985311,0.0357857309,-0.0370368622,-0.645651042,-0.359308243,-64.8534698,-0.4408319,0.00573937641,0.172620565,0.0220040846,-0.00398131311,-0.147034314,-0.0948704407,0.00286285847,-0.00296294898,0.3,0.3,-0.3,-0.266124785,0.000459150113,0.0138096452,0.0220040846,0.147034314,0.00286285847,0.3,0.3,0.000459150113,0.00398131311,-0.0948704407,-0.00296294898,-0.3,-0.0138096452,0.266124785
797,24558941,0.275160134,-0.0497931726,-0.156832591,0.0170864649,0.0357653014,-0.03704983,-0.645700336,-0.35931021,-64.8528442,-0.440860629,0.00564858504,0.172657415,0.0220128107,-0.00398345381,-0.147049777,-0.0948740605,0.00286122411,-0.0029639864,0.3,0.3,-0.3,-0.266129094,0.000451886803,0.0138125932,0.0220128107,0.147049777,0.00286122411,0.3,0.3,0.000451886803,0.00398345381,-0.0948740605,-0.0029639864,-0.3,-0.0138125932,0.266129094
798,24587957,0.275161177,-0.0498089492,-0.156849608,0.016993016,0.0357929394,-0.0370418616,-0.645665109,-0.359515071,-64.852211,-0.440924555,0.00577517226,0.17279844,0.0220128942,-0.00398471594,-0.147054882,-0.0949020952,0.00286343515,-0.00296334893,0.3,0.3,-0.3,-0.266138683,0.000462013781,0.0138238752,0.0220128942,0.147054882,0.00286343515,0.3,0.3,0.000462013781,0.00398471594,-0.0949020952,-0.00296334893,-0.3,-0.0138238752,0.266138683
799,24598844,0.275160313,-0.0499301963,-0.156675026,0.0172219146,0.0357604176,-0.0370263197,-0.64552027,-0.359270662,-64.8518448,-0.44104898,0.00581713021,0.172855735,0.022012825,-0.0039944157,-0.147002508,-0.0948334256,0.00286083341,-0.00296210557,0.3,0.3,-0.3,-0.266157347,0.000465370417,0.0138284588,0.022012825,0.147002508,0.00286083341,0.3,0.3,0.000465370417,0.0039944157,-0.0948334256,-0.00296210557,-0.3,-0.0138284588,0.266157347
800,24620901,0.275299907,-0.0500280447,-0.156703576,0.0170851499,0.0357419066,-0.0368815474,-0.64566499,-0.359363258,-64.8514786,-0.441054553,0.00586852804,0.172813222,0.0220239925,-0.00400224358,-0.147011073,-0.094874455,0.00285935253,-0.00295052379,0.3,0.3,-0.3,-0.266158183,0.000469482243,0.0138250577,0.0220239925,0.147011073,0.00285935253,0.3,0.3,0.000469482243,0.00400224358,-0.094874455,-0.00295052379,-0.3,-0.0138250577,0.266158183
801,24642422,0.275302976,-0.0502813086,-0.156444564,0.017257778,0.0356951542,-0.0367634073,-0.645314991,-0.358852774,-64.8510437,-0.440968961,0.00607090769,0.172947973,0.0220242381,-0.00402250469,-0.146933369,-0.0948226666,0.00285561234,-0.00294107258,0.3,0.3,-0.3,-0.266145344,0.000485672615,0.0138358378,0.0220242381,0.146933369,0.00285561234,0.3,0.3,0.000485672615,0.00402250469,-0.0948226666,-0.00294107258,-0.3,-0.0138358378,0.266145344
802,24678566,0.275235355,-0.0504313558,-0.156384021,0.0174113158,0.0355859473,-0.0367205516,-0.644995153,-0.358213574,-64.8506622,-0.440840513,0.00602545496,0.173000485,0.0220188284,-0.00403450847,-0.146915206,-0.0947766053,0.00284687579,-0.00293764412,0.3,0.3,-0.3,-0.266126077,0.000482036397,0.0138400388,0.0220188284,0.146915206,0.00284687579,0.3,0.3,0.000482036397,0.00403450847,-0.0947766053,-0.00293764412,-0.3,-0.0138400388,0.266126077
803,24690426,0.275260419,-0.0503024161,-0.156708047,0.0173458233,0.0354924724,-0.0368117653,-0.645198464,-0.358280957,-64.850296,-0.440782249,0.00584623823,0.172828093,0.0220208335,-0.00402419329,-0.147012414,-0.094796253,0.00283939779,-0.00294494122,0.3,0.3,-0.3,-0.266117337,0.000467699058,0.0138262475,0.0220208335,0.147012414,0.00283939779,0.3,0.3,0.000467699058,0.00402419329,-0.094796253,-0.00294494122,-0.3,-0.0138262475,0.266117337
804,24704685,0.275252193,-0.050133884,-0.156864688,0.0173202474,0.0355109572,-0.0368342921,-0.645459116,-0.358627588,-64.8500214,-0.440765828,0.00577638252,0.172648147,0.0220201755,-0.00401071072,-0.147059406,-0.0948039258,0.00284087658,-0.00294674337,0.3,0.3,-0.3,-0.266114874,0.000462110601,0.0138118517,0.0220201755,0.147059406,0.00284087658,0.3,0.3,0.000462110601,0.00401071072,-0.0948039258,-0.00294674337,-0.3,-0.0138118517,0.266114874
805,24721734,0.275122344,-0.0501528531,-0.15679203,0.0174255501,0.0355016589,-0.0368157625,-0.645355165,-0.358624488,-64.8498077,-0.440727443,0.00589765934,0.172587022,0.0220097876,-0.00401222825,-0.147037609,-0.094772335,0.00284013271,-0.002945261,0.3,0.3,-0.3,-0.266109116,0.000471812747,0.0138069618,0.0220097876,0.147037609,0.00284013271,0.3,0.3,0.000471812747,0.00401222825,-0.094772335,-0.002945261,-0.3,-0.0138069618,0.266109116
806,24742317,0.27508685,-0.0502801687,-0.156683967,0.01732862,0.0355487205,-0.0367639959,-0.645347416,-0.358750194,-64.8493576,-0.440613329,0.00601360481,0.172557548,0.022006948,-0.00402241349,-0.14700519,-0.094801414,0.00284389764,-0.00294111967,0.3,0.3,-0.3,-0.266091999,0.000481088385,0.0138046038,0.022006948,0.14700519,0.00284389764,0.3,0.3,0.000481088385,0.00402241349,-0.094801414,-0.00294111967,-0.3,-0.0138046038,0.266091999
807,24762120,0.274997085,-0.0504185632,-0.15650031,0.0171285309,0.0356468968,-0.0366999358,-0.64508903,-0.358714879,-64.8489532,-0.440524578,0.00606923504,0.172699928,0.0219997668,-0.00403348505,-0.146950093,-0.0948614407,0.00285175174,-0.00293599486,0.3,0.3,-0.3,-0.266078687,0.000485538803,0.0138159943,0.0219997668,0.146950093,0.00285175174,0.3,0.3,0.000485538803,0.00403348505,-0.0948614407,-0.00293599486,-0.3,-0.0138159943,0.266078687
808,24780404,0.275107712,-0.0502568185,-0.156932756,0.0164594408,0.0357702188,-0.0368346833,-0.64563483,-0.359862834,-64.8485641,-0.440509439,0.00581641914,0.172606021,0.0220086169,-0.00402054548,-0.147079827,-0.0950621678,0.00286161751,-0.00294677466,0.3,0.3,-0.3,-0.266076416,0.000465313531,0.0138084817,0.0220086169,0.147079827,0.00286161751,0.3,0.3,0.000465313531,0.00402054548,-0.0950621678,-0.00294677466,-0.3,-0.0138084817,0.266076416
809,24805766,0.275218457,-0.0500149429,-0.157151937,0.0163399391,0.0358885527,-0.037117932,-0.646153092,-0.360708982,-64.8482208,-0.440664977,0.00556865288,0.172406912,0.0220174766,-0.00400119543,-0.147145581,-0.0950980183,0.00287108421,-0.00296943456,0.3,0.3,-0.3,-0.266099747,0.00044549223,0.0137925529,0.0220174766,0.147145581,0.00287108421,0.3,0.3,0.00044549223,0.00400119543,-0.0950980183,-0.00296943456,-0.3,-0.0137925529,0.266099747
810,24824542,0.27521342,-0.0498143882,-0.157183006,0.0164698791,0.0359402709,-0.0373356342,-0.646404743,-0.361044616,-64.8477936,-0.440822691,0.00545319216,0.172200412,0.0220170736,-0.00398515105,-0.147154902,-0.0950590363,0.00287522167,-0.00298685074,0.3,0.3,-0.3,-0.266123404,0.000436255373,0.0137760329,0.0220170736,0.147154902,0.00287522167,0.3,0.3,0.000436255373,0.00398515105,-0.0950590363,-0.00298685074,-0.3,-0.0137760329,0.266123404
811,24840239,0.275345027,-0.0494656377,-0.157803968,0.0160782561,0.035978891,-0.0376645252,-0.64727056,-0.362394989,-64.8470154,-0.441035599,0.00531117059,0.171874747,0.0220276022,-0.00395725101,-0.14734119,-0.0951765232,0.00287831128,-0.00301316202,0.3,0.3,-0.3,-0.26615534,0.000424893647,0.0137499797,0.0220276022,0.14734119,0.00287831128,0.3,0.3,0.000424893647,0.00395725101,-0.0951765232,-0.00301316202,-0.3,-0.0137499797,0.26615534
812,24872428,0.27538383,-0.0491458885,-0.157950327,0.0157670937,0.0361692421,-0.0379451513,-0.647727489,-0.363575906,-64.8460159,-0.441435665,0.00530436588,0.171746969,0.0220307064,-0.00393167108,-0.147385098,-0.0952698719,0.00289353937,-0.00303561211,0.3,0.3,-0.3,-0.26621535,0.000424349271,0.0137397575,0.0220307064,0.147385098,0.00289353937,0.3,0.3,0.000424349271,0.00393167108,-0.0952698719,-0.00303561211,-0.3,-0.0137397575,0.26621535
813,24880836,0.275426835,-0.0488143712,-0.158069372,0.0151129188,0.0365229808,-0.0381932408,-0.648037195,-0.365213037,-64.8449326,-0.442018062,0.00539092347,0.171757847,0.0220341468,-0.0039051497,-0.147420812,-0.0954661244,0.00292183846,-0.00305545926,0.3,0.3,-0.3,-0.266302709,0.000431273878,0.0137406278,0.0220341468,0.147420812,0.00292183846,0.3,0.3,0.000431273878,0.0039051497,-0.0954661244,-0.00305545926,-0.3,-0.0137406278,0.266302709
814,24899239,0.275400758,-0.0485699736,-0.157821208,0.0148893604,0.0368453003,-0.0384623334,-0.647941887,-0.366089672,-64.8440399,-0.442678243,0.0053353915,0.171845183,0.0220320606,-0.00388559788,-0.147346362,-0.0955331919,0.00294762403,-0.00307698667,0.3,0.3,-0.3,-0.266401736,0.00042683132,0.0137476146,0.0220320606,0.147346362,0.00294762403,0.3,0.3,0.00042683132,0.00388559788,-0.0955331919,-0.00307698667,-0.3,-0.0137476146,0.266401736
815,24928366,0.275429487,-0.0485232435,-0.157572329,0.0146973338,0.0369537398,-0.0386570171,-0.647714019,-0.366411954,-64.8430405,-0.443366408,0.00529031362,0.172648922,0.022034359,-0.00388185948,-0.147271699,-0.0955907999,0.00295629919,-0.00309256136,0.3,0.3,-0.3,-0.266504961,0.00042322509,0.0138119137,0.022034359,0.147271699,0.00295629919,0.3,0.3,0.00042322509,0.00388185948,-0.0955907999,-0.00309256136,-0.3,-0.0138119137,0.266504961
816,24938830,0.275564969,-0.0484748967,-0.157318041,0.0147527093,0.0369299166,-0.0387575701,-0.647231936,-0.366182417,-64.8416824,-0.443944395,0.00555427466,0.173775077,0.0220451975,-0.00387799174,-0.147195412,-0.0955741872,0.00295439333,-0.00310060561,0.3,0.3,-0.3,-0.266591659,0.000444341972,0.0139020061,0.0220451975,0.147195412,0.00295439333,0.3,0.3,0.000444341972,0.00387799174,-0.0955741872,-0.00310060561,-0.3,-0.0139020061,0.266591659
817,24964604,0.275764048,-0.0483075008,-0.157232717,0.0149723999,0.0367383584,-0.0389564745,-0.647014081,-0.365691662,-64.8402328,-0.444559395,0.00532338535,0.174596936,0.0220611238,-0.00386460006,-0.147169815,-0.09550828,0.00293906868,-0.00311651796,0.3,0.3,-0.3,-0.266683909,0.000425870828,0.0139677548,0.0220611238,0.147169815,0.00293906868,0.3,0.3,0.000425870828,0.00386460006,-0.09550828,-0.00311651796,-0.3,-0.0139677548,0.266683909
818,24981272,0.275993913,-0.0480991229,-0.157182693,0.0151779689,0.036555279,-0.0390018709,-0.64687866,-0.365064144,-64.8389053,-0.44517377,0.00521844858,0.175145343,0.0220795131,-0.00384792984,-0.147154808,-0.0954466093,0.00292442232,-0.00312014967,0.3,0.3,-0.3,-0.266776066,0.000417475887,0.0140116274,0.0220795131,0.147154808,0.00292442232,0.3,0.3,0.000417475887,0.00384792984,-0.0954466093,-0.00312014967,-0.3,-0.0140116274,0.266776066
819,25003795,0.27617839,-0.0480821021,-0.156812385,0.015422794,0.0364750884,-0.0387449116,-0.646457314,-0.364064693,-64.8377914,-0.445615351,0.00536433281,0.175681636,0.0220942712,-0.00384656817,-0.147043715,-0.0953731618,0.00291800708,-0.00309959292,0.3,0.3,-0.3,-0.266842303,0.000429146625,0.0140545309,0.0220942712,0.147043715,0.00291800708,0.3,0.3,0.000429146625,0.00384656817,-0.0953731618,-0.00309959292,-0.3,-0.0140545309,0.266842303
820,25032501,0.276291251,-0.0482982434,-0.156522408,0.0156347901,0.0363218263,-0.0383971184,-0.645974696,-0.362990439,-64.8370361,-0.445894331,0.00543652661,0.176118344,0.0221033001,-0.00386385947,-0.146956722,-0.095309563,0.0029057461,-0.00307176948,0.3,0.3,-0.3,-0.26688415,0.000434922129,0.0140894675,0.0221033001,0.146956722,0.0029057461,0.3,0.3,0.000434922129,0.00386385947,-0.095309563,-0.00307176948,-0.3,-0.0140894675,0.26688415
821,25038239,0.276539803,-0.0485417955,-0.156364575,0.0160461627,0.0360561237,-0.0381213166,-0.645631731,-0.361759722,-64.8361969,-0.445958406,0.00548932562,0.176478148,0.0221231842,-0.00388334364,-0.146909373,-0.0951861512,0.00288448989,-0.00304970533,0.3,0.3,-0.3,-0.266893761,0.000439146049,0.0141182518,0.0221231842,0.146909373,0.00288448989,0.3,0.3,0.000439146049,0.00388334364,-0.0951861512,-0.00304970533,-0.3,-0.0141182518,0.266893761
822,25060523,0.276661128,-0.0489352606,-0.156103626,0.0165039748,0.035824433,-0.0377721302,-0.645216465,-0.360429943,-64.835495,-0.4459216,0.00559243327,0.176891282,0.0221328902,-0.00391482085,-0.146831088,-0.0950488076,0.00286595464,-0.00302177042,0.3,0.3,-0.3,-0.26688824,0.000447394662,0.0141513026,0.0221328902,0.146831088,0.00286595464,0.3,0.3,0.000447394662,0.00391482085,-0.0950488076,-0.00302177042,-0.3,-0.0141513026,0.26688824
823,25081910,0.276714414,-0.0492084138,-0.156134352,0.0168574024,0.0355492756,-0.0375609435,-0.644827425,-0.359296739,-64.8349152,-0.445839316,0.00577887706,0.177227229,0.0221371531,-0.0039366731,-0.146840306,-0.0949427793,0.00284394205,-0.00300487548,0.3,0.3,-0.3,-0.266875897,0.000462310165,0.0141781783,0.0221371531,0.146840306,0.00284394205,0.3,0.3,0.000462310165,0.0039366731,-0.0949427793,-0.00300487548,-0.3,-0.0141781783,0.266875897
824,25099271,0.276825398,-0.0493544787,-0.156213969,0.0169233121,0.0353951417,-0.037321683,-0.644759417,-0.35869962,-64.8344421,-0.445635825,0.00581646152,0.177210197,0.0221460319,-0.0039483583,-0.146864191,-0.0949230064,0.00283161134,-0.00298573464,0.3,0.3,-0.3,-0.266845374,0.000465316921,0.0141768157,0.0221460319,0.146864191,0.00283161134,0.3,0.3,0.000465316921,0.0039483583,-0.0949230064,-0.00298573464,-0.3,-0.0141768157,0.266845374
825,25121201,0.27677086,-0.0496036671,-0.156104937,0.0171615072,0.0352257155,-0.0371132866,-0.644472361,-0.358012378,-64.8341827,-0.445375472,0.00613208115,0.177175835,0.0221416688,-0.00396829337,-0.146831481,-0.0948515479,0.00281805724,-0.00296906292,0.3,0.3,-0.3,-0.266806321,0.000490566492,0.0141740668,0.0221416688,0.146831481,0.00281805724,0.3,0.3,0.000490566492,0.00396829337,-0.0948515479,-0.00296906292,-0.3,-0.0141740668,0.266806321
826,25138924,0.276843399,-0.0498464219,-0.156157136,0.0170106143,0.0351691619,-0.03691791,-0.644638538,-0.35803777,-64.8338165,-0.444976568,0.00620886497,0.17689535,0.0221474719,-0.00398771375,-0.146847141,-0.0948968157,0.00281353295,-0.0029534328,0.3,0.3,-0.3,-0.266746485,0.000496709198,0.014151628,0.0221474719,0.146847141,0.00281353295,0.3,0.3,0.000496709198,0.00398771375,-0.0948968157,-0.0029534328,-0.3,-0.014151628,0.266746485
827,25163460,0.276881933,-0.0500786453,-0.156148985,0.0169890262,0.0351912715,-0.0368240401,-0.644747794,-0.358159482,-64.8335342,-0.44466266,0.00651671551,0.176713079,0.0221505547,-0.00400629163,-0.146844696,-0.0949032921,0.00281530172,-0.00294592321,0.3,0.3,-0.3,-0.266699399,0.000521337241,0.0141370463,0.0221505547,0.146844696,0.00281530172,0.3,0.3,0.000521337241,0.00400629163,-0.0949032921,-0.00294592321,-0.3,-0.0141370463,0.266699399
828,25181572,0.276856333,-0.050059516,-0.156445801,0.0167894419,0.0352435485,-0.0369361229,-0.644953251,-0.358555317,-64.8331146,-0.444386393,0.00658430951,0.176542953,0.0221485066,-0.00400476128,-0.14693374,-0.0949631674,0.00281948388,-0.00295488983,0.3,0.3,-0.3,-0.266657959,0.000526744761,0.0141234362,0.0221485066,0.14693374,0.00281948388,0.3,0.3,0.000526744761,0.00400476128,-0.0949631674,-0.00295488983,-0.3,-0.0141234362,0.266657959
829,25202306,0.276902109,-0.0499302261,-0.156693652,0.0162662845,0.0354810618,-0.0370097384,-0.645433843,-0.359508812,-64.8329544,-0.444312245,0.0065237456,0.17631419,0.0221521688,-0.00399441808,-0.147008096,-0.0951201146,0.00283848494,-0.00296077907,0.3,0.3,-0.3,-0.266646837,0.000521899648,0.0141051352,0.0221521688,0.147008096,0.00283848494,0.3,0.3,0.000521899648,0.00399441808,-0.0951201146,-0.00296077907,-0.3,-0.0141051352,0.266646837
830,25221593,0.276915103,-0.0496274307,-0.157126516,0.0161668323,0.0355081037,-0.0374305435,-0.646098793,-0.360444874,-64.8326492,-0.444268733,0.0061107045,0.175743297,0.0221532083,-0.00397019446,-0.147137955,-0.0951499503,0.00284064829,-0.00299444348,0.3,0.3,-0.3,-0.26664031,0.00048885636,0.0140594637,0.0221532083,0.147137955,0.00284064829,0.3,0.3,0.00048885636,0.00397019446,-0.0951499503,-0.00299444348,-0.3,-0.0140594637,0.26664031
831,25245447,0.276975155,-0.0493983179,-0.157355562,0.0158717819,0.0357168615,-0.0376625434,-0.646745086,-0.361597836,-64.8320618,-0.444322139,0.00591474026,0.175308987,0.0221580124,-0.00395186543,-0.147206669,-0.0952384654,0.00285734892,-0.00301300347,0.3,0.3,-0.3,-0.266648321,0.000473179221,0.014024719,0.0221580124,0.147206669,0.00285734892,0.3,0.3,0.000473179221,0.00395186543,-0.0952384654,-0.00301300347,-0.3,-0.014024719,0.266648321
832,25262925,0.277031004,-0.049026709,-0.157729059,0.0156420246,0.0358556025,-0.0380770676,-0.647413969,-0.362832069,-64.8313141,-0.444566071,0.00554699171,0.174841672,0.0221624804,-0.00392213672,-0.147318718,-0.0953073926,0.0028684482,-0.00304616541,0.3,0.3,-0.3,-0.266684911,0.000443759337,0.0139873338,0.0221624804,0.147318718,0.0028684482,0.3,0.3,0.000443759337,0.00392213672,-0.0953073926,-0.00304616541,-0.3,-0.0139873338,0.266684911
833,25281751,0.277002573,-0.048582457,-0.158156246,0.015055377,0.0361561403,-0.0384948067,-0.648000419,-0.364470363,-64.8303986,-0.444964111,0.00535239046,0.174558923,0.0221602058,-0.00388659656,-0.147446874,-0.0954833869,0.00289249122,-0.00307958454,0.3,0.3,-0.3,-0.266744617,0.000428191237,0.0139647138,0.0221602058,0.147446874,0.00289249122,0.3,0.3,0.000428191237,0.00388659656,-0.0954833869,-0.00307958454,-0.3,-0.0139647138,0.266744617
834,25302098,0.277026862,-0.0481861345,-0.15829207,0.0144454204,0.0365507044,-0.0388048179,-0.648549378,-0.366191447,-64.829483,-0.445566893,0.00518736988,0.174487278,0.022162149,-0.00385489076,-0.147487621,-0.0956663739,0.00292405635,-0.00310438544,0.3,0.3,-0.3,-0.266835034,0.000414989591,0.0139589822,0.022162149,0.147487621,0.00292405635,0.3,0.3,0.000414989591,0.00385489076,-0.0956663739,-0.00310438544,-0.3,-0.0139589822,0.266835034
835,25320614,0.277051806,-0.0478602275,-0.158437967,0.0139608979,0.0368096493,-0.0392069183,-0.648969531,-0.367923826,-64.8284912,-0.446229428,0.0050108037,0.174455807,0.0221641445,-0.0038288182,-0.14753139,-0.0958117306,0.00294477195,-0.00313655347,0.3,0.3,-0.3,-0.266934414,0.000400864296,0.0139564645,0.0221641445,0.14753139,0.00294477195,0.3,0.3,0.000400864296,0.0038288182,-0.0958117306,-0.00313655347,-0.3,-0.0139564645,0.266934414
836,25345892,0.277194351,-0.0475132987,-0.15858072,0.0134830261,0.0370333679,-0.0396900512,-0.649522543,-0.369651675,-64.8270721,-0.446981519,0.00457124598,0.174254835,0.0221755481,-0.0038010639,-0.147574216,-0.0959550922,0.00296266943,-0.0031752041,0.3,0.3,-0.3,-0.267047228,0.000365699679,0.0139403868,0.0221755481,0.147574216,0.00296266943,0.3,0.3,0.000365699679,0.0038010639,-0.0959550922,-0.0031752041,-0.3,-0.0139403868,0.267047228
837,25363436,0.277357161,-0.0472361669,-0.15851067,0.0131078707,0.0372738838,-0.0400798358,-0.649667978,-0.370842874,-64.8255386,-0.447849244,0.0042894762,0.174491271,0.0221885729,-0.00377889335,-0.147553201,-0.0960676388,0.00298191071,-0.00320638686,0.3,0.3,-0.3,-0.267177387,0.000343158096,0.0139593017,0.0221885729,0.147553201,0.00298191071,0.3,0.3,0.000343158096,0.00377889335,-0.0960676388,-0.00320638686,-0.3,-0.0139593017,0.267177387
838,25380281,0.277500391,-0.0469864681,-0.158410937,0.0126131969,0.0375100449,-0.0404378362,-0.649519861,-0.371900618,-64.8238144,-0.448788077,0.00422083819,0.175260544,0.0222000313,-0.00375891745,-0.147523281,-0.0962160409,0.00300080359,-0.0032350269,0.3,0.3,-0.3,-0.267318211,0.000337667055,0.0140208435,0.0222000313,0.147523281,0.00300080359,0.3,0.3,0.000337667055,0.00375891745,-0.0962160409,-0.0032350269,-0.3,-0.0140208435,0.267318211
839,25413149,0.277743518,-0.0466035306,-0.158592612,0.0119697358,0.0377175957,-0.0408143178,-0.649846613,-0.373197436,-64.8220901,-0.449862003,0.00393367978,0.175880581,0.0222194815,-0.00372828245,-0.147577783,-0.0964090792,0.00301740766,-0.00326514542,0.3,0.3,-0.3,-0.2674793,0.000314694382,0.0140704465,0.0222194815,0.147577783,0.00301740766,0.3,0.3,0.000314694382,0.00372828245,-0.0964090792,-0.00326514542,-0.3,-0.0140704465,0.2674793
840,25421002,0.278009653,-0.0462123491,-0.158620819,0.0117833102,0.0377686173,-0.0412374102,-0.650072932,-0.374082595,-64.8202209,-0.450963378,0.00373853929,0.17638506,0.0222407722,-0.00369698793,-0.147586246,-0.0964650069,0.00302148938,-0.00329899281,0.3,0.3,-0.3,-0.267644507,0.000299083143,0.0141108048,0.0222407722,0.147586246,0.00302148938,0.3,0.3,0.000299083143,0.00369698793,-0.0964650069,-0.00329899281,-0.3,-0.0141108048,0.267644507
841,25442695,0.278406799,-0.0460809581,-0.15862228,0.0114744063,0.0377723537,-0.0415911786,-0.650287986,-0.375058144,-64.8178635,-0.452095002,0.00369071402,0.177297592,0.0222725439,-0.00368647665,-0.147586684,-0.0965576781,0.0030217883,-0.00332729429,0.3,0.3,-0.3,-0.26781425,0.000295257121,0.0141838074,0.0222725439,0.147586684,0.0030217883,0.3,0.3,0.000295257121,0.00368647665,-0.0965576781,-0.00332729429,-0.3,-0.0141838074,0.26781425
842,25462488,0.278882116,-0.0458650514,-0.15884538,0.0112490058,0.0377001539,-0.0420987345,-0.650641024,-0.375975579,-64.8153305,-0.45335266,0.00338201365,0.177980453,0.0223105693,-0.00366920412,-0.147653614,-0.0966252983,0.00301601231,-0.00336789876,0.3,0.3,-0.3,-0.268002899,0.000270561092,0.0142384362,0.0223105693,0.147653614,0.00301601231,0.3,0.3,0.000270561092,0.00366920412,-0.0966252983,-0.00336789876,-0.3,-0.0142384362,0.268002899
843,25482257,0.279350638,-0.0455666594,-0.158856452,0.0110577913,0.0377649106,-0.0425116047,-0.650873601,-0.376630068,-64.8126373,-0.454652786,0.00296093524,0.178319544,0.0223480511,-0.00364533275,-0.147656935,-0.0966826626,0.00302119285,-0.00340092838,0.3,0.3,-0.3,-0.268197918,0.000236874819,0.0142655635,0.0223480511,0.147656935,0.00302119285,0.3,0.3,0.000236874819,0.00364533275,-0.0966826626,-0.00340092838,-0.3,-0.0142655635,0.268197918
844,25508106,0.279689372,-0.0453344919,-0.158798352,0.0109855775,0.0378340371,-0.0427447036,-0.650766969,-0.376955241,-64.8100891,-0.455886334,0.00285226014,0.178673953,0.0223751497,-0.00362675935,-0.147639506,-0.0967043268,0.00302672297,-0.00341957629,0.3,0.3,-0.3,-0.26838295,0.000228180811,0.0142939162,0.0223751497,0.147639506,0.00302672297,0.3,0.3,0.000228180811,0.00362675935,-0.0967043268,-0.00341957629,-0.3,-0.0142939162,0.26838295
845,25521146,0.279972434,-0.0453629829,-0.15843536,0.011103401,0.0377857313,-0.0428446978,-0.650245905,-0.376557022,-64.8075333,-0.457010478,0.00300360168,0.179722011,0.0223977947,-0.00362903863,-0.147530608,-0.0966689797,0.0030228585,-0.00342757583,0.3,0.3,-0.3,-0.268551572,0.000240288135,0.0143777609,0.0223977947,0.147530608,0.0030228585,0.3,0.3,0.000240288135,0.00362903863,-0.0966689797,-0.00342757583,-0.3,-0.0143777609,0.268551572
846,25541797,0.280302227,-0.0455873013,-0.157916382,0.0114059905,0.0376469791,-0.042701602,-0.649646044,-0.375683635,-64.8047409,-0.457951248,0.00330556068,0.180927902,0.0224241781,-0.0036469841,-0.147374915,-0.0965782029,0.00301175833,-0.00341612816,0.3,0.3,-0.3,-0.268692687,0.000264444854,0.0144742322,0.0224241781,0.147374915,0.00301175833,0.3,0.3,0.000264444854,0.0036469841,-0.0965782029,-0.00341612816,-0.3,-0.0144742322,0.268692687
847,25560276,0.280691206,-0.0457440019,-0.157715201,0.0115395263,0.0374333151,-0.0424839035,-0.649194896,-0.374907553,-64.8019333,-0.458679885,0.00365884695,0.18203795,0.0224552965,-0.00365952015,-0.14731456,-0.0965381421,0.00299466521,-0.00339871228,0.3,0.3,-0.3,-0.268801983,0.000292707756,0.014563036,0.0224552965,0.14731456,0.00299466521,0.3,0.3,0.000292707756,0.00365952015,-0.0965381421,-0.00339871228,-0.3,-0.014563036,0.268801983
848,25586484,0.281066239,-0.0458062664,-0.157505542,0.0115370117,0.0372913256,-0.0422811471,-0.64886111,-0.374188274,-64.7993088,-0.459375441,0.00395609858,0.182978868,0.0224852991,-0.00366450131,-0.147251663,-0.0965388965,0.00298330605,-0.00338249177,0.3,0.3,-0.3,-0.268906316,0.000316487886,0.0146383095,0.0224852991,0.147251663,0.00298330605,0.3,0.3,0.000316487886,0.00366450131,-0.0965388965,-0.00338249177,-0.3,-0.0146383095,0.268906316
849,25599588,0.28139478,-0.0458182991,-0.157370895,0.0120201148,0.0370211899,-0.0421656705,-0.648472786,-0.372787714,-64.7971573,-0.45992431,0.00405399734,0.183590159,0.0225115824,-0.00366546392,-0.147211269,-0.0963939656,0.00296169519,-0.00337325364,0.3,0.3,-0.3,-0.268988647,0.000324319787,0.0146872127,0.0225115824,0.147211269,0.00296169519,0.3,0.3,0.000324319787,0.00366546392,-0.0963939656,-0.00337325364,-0.3,-0.0146872127,0.268988647
850,25622801,0.281566203,-0.0459522046,-0.157019451,0.0124458633,0.0368222445,-0.0417465307,-0.647849798,-0.371104538,-64.7952347,-0.460199088,0.00429560803,0.184191585,0.0225252962,-0.00367617637,-0.147105835,-0.096266241,0.00294577956,-0.00333972245,0.3,0.3,-0.3,-0.269029863,0.000343648642,0.0147353268,0.0225252962,0.147105835,0.00294577956,0.3,0.3,0.000343648642,0.00367617637,-0.096266241,-0.00333972245,-0.3,-0.0147353268,0.269029863
851,25642407,0.281713575,-0.0462476052,-0.156783208,0.0129983639,0.0364889614,-0.0413617454,-0.647418439,-0.369490355,-64.7934265,-0.460277617,0.00452697556,0.184685975,0.022537086,-0.00369980842,-0.147034962,-0.0961004908,0.00291911691,-0.00330893964,0.3,0.3,-0.3,-0.269041643,0.000362158045,0.014774878,0.022537086,0.147034962,0.00291911691,0.3,0.3,0.000362158045,0.00369980842,-0.0961004908,-0.00330893964,-0.3,-0.014774878,0.269041643
852,25660321,0.281952679,-0.0464236774,-0.15682815,0.0133836363,0.0361694619,-0.0410126261,-0.647121906,-0.368258953,-64.7916489,-0.460169613,0.00466511119,0.185084164,0.0225562143,-0.00371389419,-0.147048445,-0.0959849091,0.00289355695,-0.00328101009,0.3,0.3,-0.3,-0.269025442,0.000373208895,0.0148067331,0.0225562143,0.147048445,0.00289355695,0.3,0.3,0.000373208895,0.00371389419,-0.0959849091,-0.00328101009,-0.3,-0.0148067331,0.269025442
853,25685788,0.282089263,-0.0465997607,-0.156730086,0.0136927906,0.0359954387,-0.0406959578,-0.646785319,-0.367169738,-64.7901001,-0.460024446,0.0047760373,0.185410962,0.0225671411,-0.00372798085,-0.147019026,-0.0958921628,0.0028796351,-0.00325567663,0.3,0.3,-0.3,-0.269003667,0.000382082984,0.0148328769,0.0225671411,0.147019026,0.0028796351,0.3,0.3,0.000382082984,0.00372798085,-0.0958921628,-0.00325567663,-0.3,-0.0148328769,0.269003667
854,25700769,0.282132983,-0.0468722954,-0.156681344,0.0140838856,0.0357832424,-0.0403912365,-0.646457255,-0.366110027,-64.7889557,-0.45977965,0.00499228016,0.185721651,0.0225706387,-0.00374978364,-0.147004403,-0.0957748343,0.00286265939,-0.00323129892,0.3,0.3,-0.3,-0.268966947,0.000399382412,0.0148577321,0.0225706387,0.147004403,0.00286265939,0.3,0.3,0.000399382412,0.00374978364,-0.0957748343,-0.00323129892,-0.3,-0.0148577321,0.268966947
855,25741506,0.282223791,-0.0471330397,-0.15663597,0.0142327622,0.0356152467,-0.0400153063,-0.646345079,-0.365262151,-64.7879639,-0.45938012,0.0051000081,0.185763121,0.0225779033,-0.00377064317,-0.146990791,-0.0957301714,0.00284921974,-0.00320122451,0.3,0.3,-0.3,-0.268907018,0.000408000648,0.0148610497,0.0225779033,0.146990791,0.00284921974,0.3,0.3,0.000408000648,0.00377064317,-0.0957301714,-0.00320122451,-0.3,-0.0148610497,0.268907018
856,25747586,0.282389373,-0.0474494956,-0.156441867,0.0143947294,0.035549961,-0.0396061465,-0.646271586,-0.364554703,-64.7871094,-0.458901644,0.00533595122,0.185658783,0.0225911498,-0.00379595965,-0.14693256,-0.0956815812,0.00284399688,-0.00316849172,0.3,0.3,-0.3,-0.268835247,0.000426876098,0.0148527026,0.0225911498,0.14693256,0.00284399688,0.3,0.3,0.000426876098,0.00379595965,-0.0956815812,-0.00316849172,-0.3,-0.0148527026,0.268835247
857,25760692,0.28253451,-0.0476049744,-0.156601906,0.0146171721,0.0353953913,-0.0394096971,-0.646307111,-0.364082098,-64.7863083,-0.458341956,0.00557554839,0.185531184,0.0226027608,-0.00380839795,-0.146980572,-0.0956148484,0.0028316313,-0.00315277576,0.3,0.3,-0.3,-0.268751293,0.000446043871,0.0148424947,0.0226027608,0.146980572,0.0028316313,0.3,0.3,0.000446043871,0.00380839795,-0.0956148484,-0.00315277576,-0.3,-0.0148424947,0.268751293
858,25786316,0.282548249,-0.0476565026,-0.156966314,0.0145580983,0.0353218764,-0.0394114852,-0.646659017,-0.364221841,-64.7855377,-0.457925916,0.00561111467,0.185280412,0.0226038599,-0.00381252021,-0.147089894,-0.0956325705,0.00282575011,-0.00315291882,0.3,0.3,-0.3,-0.268688887,0.000448889174,0.014822433,0.0226038599,0.147089894,0.00282575011,0.3,0.3,0.000448889174,0.00381252021,-0.0956325705,-0.00315291882,-0.3,-0.014822433,0.268688887
859,25799104,0.282502055,-0.0477508381,-0.157153457,0.0145559181,0.035340745,-0.0394117758,-0.647012711,-0.364585161,-64.7848053,-0.45760119,0.0058203903,0.1849574,0.0226001644,-0.00382006705,-0.147146037,-0.0956332246,0.0028272596,-0.00315294206,0.3,0.3,-0.3,-0.268640178,0.000465631224,0.014796592,0.0226001644,0.147146037,0.0028272596,0.3,0.3,0.000465631224,0.00382006705,-0.0956332246,-0.00315294206,-0.3,-0.014796592,0.268640178
860,25823792,0.282331228,-0.0479625687,-0.157132715,0.0145095186,0.0353875048,-0.0394141488,-0.64713192,-0.364916056,-64.7841263,-0.457258016,0.00598206371,0.184676826,0.0225864983,-0.0038370055,-0.147139814,-0.0956471444,0.00283100039,-0.0031531319,0.3,0.3,-0.3,-0.268588702,0.000478565097,0.0147741461,0.0225864983,0.147139814,0.00283100039,0.3,0.3,0.000478565097,0.0038370055,-0.0956471444,-0.0031531319,-0.3,-0.0147741461,0.268588702
861,25840216,0.282262117,-0.0480952114,-0.157157242,0.014313207,0.0354721807,-0.0395053551,-0.647453368,-0.365388989,-64.7833481,-0.457019955,0.00584705267,0.184272662,0.0225809693,-0.00384761691,-0.147147173,-0.0957060379,0.00283777446,-0.0031604284,0.3,0.3,-0.3,-0.268552993,0.000467764214,0.0147418129,0.0225809693,0.147147173,0.00283777446,0.3,0.3,0.000467764214,0.00384761691,-0.0957060379,-0.0031604284,-0.3,-0.0147418129,0.268552993
862,25862044,0.282254308,-0.0480157062,-0.157352373,0.0142764458,0.0354990475,-0.0396889374,-0.647644341,-0.365791351,-64.7823486,-0.456788301,0.00588014675,0.183979765,0.0225803447,-0.0038412565,-0.147205712,-0.0957170662,0.0028399238,-0.00317511499,0.3,0.3,-0.3,-0.268518245,0.00047041174,0.0147183812,0.0225803447,0.147205712,0.0028399238,0.3,0.3,0.00047041174,0.0038412565,-0.0957170662,-0.00317511499,-0.3,-0.0147183812,0.268518245
863,25891494,0.28213799,-0.0477768332,-0.157754719,0.0138227968,0.0356156006,-0.0399650037,-0.647986174,-0.366879255,-64.7812119,-0.456713289,0.00580036175,0.183789715,0.0225710392,-0.00382214665,-0.147326416,-0.095853161,0.00284924805,-0.0031972003,0.3,0.3,-0.3,-0.268506993,0.00046402894,0.0147031772,0.0225710392,0.147326416,0.00284924805,0.3,0.3,0.00046402894,0.00382214665,-0.095853161,-0.0031972003,-0.3,-0.0147031772,0.268506993
864,25905482,0.282019854,-0.0476483479,-0.157786921,0.0135507835,0.0358053893,-0.0402197689,-0.648264527,-0.367891729,-64.7801819,-0.456853628,0.00581463566,0.183609456,0.0225615883,-0.00381186783,-0.147336076,-0.0959347649,0.00286443114,-0.00321758151,0.3,0.3,-0.3,-0.268528044,0.000465170853,0.0146887565,0.0225615883,0.147336076,0.00286443114,0.3,0.3,0.000465170853,0.00381186783,-0.0959347649,-0.00321758151,-0.3,-0.0146887565,0.268528044
865,25920689,0.281891674,-0.0476642959,-0.157676116,0.0132432263,0.0359569974,-0.0403704345,-0.648325026,-0.368820667,-64.7789154,-0.456915289,0.00602685008,0.183591872,0.0225513339,-0.00381314367,-0.147302835,-0.0960270321,0.00287655979,-0.00322963476,0.3,0.3,-0.3,-0.268537293,0.000482148007,0.0146873498,0.0225513339,0.147302835,0.00287655979,0.3,0.3,0.000482148007,0.00381314367,-0.0960270321,-0.00322963476,-0.3,-0.0146873498,0.268537293
866,25954274,0.281984895,-0.0476738624,-0.157711506,0.0128254071,0.0361133926,-0.0405801833,-0.648463726,-0.369772404,-64.7774963,-0.457022697,0.00573247019,0.183621243,0.0225587916,-0.00381390899,-0.147313452,-0.0961523779,0.0028890714,-0.00324641466,0.3,0.3,-0.3,-0.268553405,0.000458597615,0.0146896994,0.0225587916,0.147313452,0.0028890714,0.3,0.3,0.000458597615,0.00381390899,-0.0961523779,-0.00324641466,-0.3,-0.0146896994,0.268553405
867,25959997,0.282291561,-0.0476424433,-0.157570124,0.0125935553,0.0362800732,-0.0407487713,-0.648568451,-0.370421439,-64.7760925,-0.457184613,0.0051190774,0.183540061,0.0225833249,-0.00381139547,-0.147271037,-0.0962219334,0.00290240586,-0.0032599017,0.3,0.3,-0.3,-0.268577692,0.000409526192,0.0146832049,0.0225833249,0.147271037,0.00290240586,0.3,0.3,0.000409526192,0.00381139547,-0.0962219334,-0.0032599017,-0.3,-0.0146832049,0.268577692
868,25980598,0.282616973,-0.0473986566,-0.157930449,0.0121537903,0.0364000686,-0.0410350002,-0.648936272,-0.371462405,-64.7746506,-0.45739162,0.00428356184,0.183260053,0.0226093578,-0.00379189253,-0.147379135,-0.0963538629,0.00291200548,-0.00328280002,0.3,0.3,-0.3,-0.268608743,0.000342684947,0.0146608043,0.0226093578,0.147379135,0.00291200548,0.3,0.3,0.000342684947,0.00379189253,-0.0963538629,-0.00328280002,-0.3,-0.0146608043,0.268608743
869,26005087,0.282858759,-0.0471688323,-0.158069715,0.0120223016,0.036561057,-0.0412737317,-0.649251461,-0.372233599,-64.7733994,-0.457722366,0.00358769181,0.18294321,0.0226287007,-0.00377350658,-0.147420914,-0.0963933095,0.00292488456,-0.00330189854,0.3,0.3,-0.3,-0.268658355,0.000287015345,0.0146354568,0.0226287007,0.147420914,0.00292488456,0.3,0.3,0.000287015345,0.00377350658,-0.0963933095,-0.00330189854,-0.3,-0.0146354568,0.268658355
870,26025019,0.282981038,-0.0469976254,-0.158174381,0.0122774672,0.0365401059,-0.0414851867,-0.649425566,-0.372589976,-64.7721939,-0.458032638,0.003024342,0.182538375,0.022638483,-0.00375981003,-0.147452314,-0.0963167598,0.00292320848,-0.00331881493,0.3,0.3,-0.3,-0.268704896,0.00024194736,0.01460307,0.022638483,0.147452314,0.00292320848,0.3,0.3,0.00024194736,0.00375981003,-0.0963167598,-0.00331881493,-0.3,-0.01460307,0.268704896
871,26039871,0.283017159,-0.0469935089,-0.158142745,0.0122174509,0.0365924984,-0.0414682254,-0.649315894,-0.372854978,-64.7707291,-0.458289444,0.00290172291,0.182582915,0.0226413727,-0.00375948071,-0.147442824,-0.0963347647,0.00292739987,-0.00331745803,0.3,0.3,-0.3,-0.268743417,0.000232137833,0.0146066332,0.0226413727,0.147442824,0.00292739987,0.3,0.3,0.000232137833,0.00375948071,-0.0963347647,-0.00331745803,-0.3,-0.0146066332,0.268743417
872,26060760,0.283043474,-0.0470215157,-0.158199385,0.0118498271,0.0366756804,-0.0414609201,-0.649368763,-0.373507023,-64.7692108,-0.458554685,0.00287280791,0.182807982,0.0226434779,-0.00376172125,-0.147459815,-0.0964450519,0.00293405443,-0.00331687361,0.3,0.3,-0.3,-0.268783203,0.000229824632,0.0146246386,0.0226434779,0.147459815,0.00293405443,0.3,0.3,0.000229824632,0.00376172125,-0.0964450519,-0.00331687361,-0.3,-0.0146246386,0.268783203
873,26082049,0.28301549,-0.0469707698,-0.15827693,0.0113191297,0.0368442759,-0.0416166931,-0.64929235,-0.374419123,-64.7676926,-0.458919287,0.00275752577,0.183065593,0.0226412392,-0.00375766158,-0.147483079,-0.0966042611,0.00294754207,-0.00332933545,0.3,0.3,-0.3,-0.268837893,0.000220602062,0.0146452475,0.0226412392,0.147483079,0.00294754207,0.3,0.3,0.000220602062,0.00375766158,-0.0966042611,-0.00332933545,-0.3,-0.0146452475,0.268837893
874,26101433,0.283046514,-0.0467400551,-0.158466458,0.0107225608,0.0370492488,-0.041878242,-0.649492741,-0.375662029,-64.7662659,-0.459351659,0.00256625609,0.183172703,0.0226437211,-0.00373920441,-0.147539937,-0.0967832318,0.00296393991,-0.00335025936,0.3,0.3,-0.3,-0.268902749,0.000205300488,0.0146538162,0.0226437211,0.147539937,0.00296393991,0.3,0.3,0.000205300488,0.00373920441,-0.0967832318,-0.00335025936,-0.3,-0.0146538162,0.268902749
875,26119959,0.283173114,-0.0464799553,-0.15851754,0.0102227256,0.0372528881,-0.0421966352,-0.649806082,-0.377020776,-64.7648926,-0.459839791,0.00232618395,0.183116138,0.0226538491,-0.00371839643,-0.147555262,-0.0969331823,0.00298023105,-0.00337573081,0.3,0.3,-0.3,-0.268975969,0.000186094716,0.014649291,0.0226538491,0.147555262,0.00298023105,0.3,0.3,0.000186094716,0.00371839643,-0.0969331823,-0.00337573081,-0.3,-0.014649291,0.268975969
876,26141420,0.28337732,-0.0462810397,-0.158203512,0.0102933524,0.0373931006,-0.0424648896,-0.649788678,-0.377660871,-64.7632599,-0.460351497,0.00230699615,0.183155626,0.0226701856,-0.00370248318,-0.147461054,-0.0969119943,0.00299144804,-0.00339719117,0.3,0.3,-0.3,-0.269052725,0.000184559692,0.0146524501,0.0226701856,0.147461054,0.00299144804,0.3,0.3,0.000184559692,0.00370248318,-0.0969119943,-0.00339719117,-0.3,-0.0146524501,0.269052725
877,26162777,0.283531189,-0.0460617244,-0.157980219,0.0105628455,0.0373637341,-0.0426936336,-0.649494052,-0.377705216,-64.761467,-0.460849166,0.00244758814,0.18344003,0.0226824951,-0.00368493795,-0.147394066,-0.0968311463,0.00298909873,-0.00341549069,0.3,0.3,-0.3,-0.269127375,0.000195807051,0.0146752024,0.0226824951,0.147394066,0.00298909873,0.3,0.3,0.000195807051,0.00368493795,-0.0968311463,-0.00341549069,-0.3,-0.0146752024,0.269127375
878,26181875,0.283672631,-0.0458526388,-0.158095583,0.010512895,0.0372853577,-0.0428714044,-0.649551928,-0.377760619,-64.7596893,-0.46135053,0.00230260054,0.183614776,0.0226938105,-0.0036682111,-0.147428675,-0.0968461315,0.00298282862,-0.00342971236,0.3,0.3,-0.3,-0.26920258,0.000184208043,0.014689182,0.0226938105,0.147428675,0.00298282862,0.3,0.3,0.000184208043,0.0036682111,-0.0968461315,-0.00342971236,-0.3,-0.014689182,0.26920258
879,26202766,0.283691794,-0.045692306,-0.157908186,0.0108233225,0.0372346863,-0.0428395793,-0.649251997,-0.377075911,-64.7581635,-0.46179074,0.00238721515,0.183874562,0.0226953435,-0.00365538448,-0.147372456,-0.0967530033,0.00297877491,-0.00342716634,0.3,0.3,-0.3,-0.269268611,0.000190977212,0.014709965,0.0226953435,0.147372456,0.00297877491,0.3,0.3,0.000190977212,0.00365538448,-0.0967530033,-0.00342716634,-0.3,-0.014709965,0.269268611
880,26221308,0.283579677,-0.0455786549,-0.157737434,0.011330789,0.0370118134,-0.0427015573,-0.648804605,-0.375957191,-64.7568054,-0.462031454,0.00245076418,0.184243366,0.0226863742,-0.00364629239,-0.14732123,-0.0966007633,0.00296094507,-0.00341612458,0.3,0.3,-0.3,-0.269304718,0.000196061134,0.0147394693,0.0226863742,0.14732123,0.00296094507,0.3,0.3,0.000196061134,0.00364629239,-0.0966007633,-0.00341612458,-0.3,-0.0147394693,0.269304718
881,26247439,0.283670783,-0.0455628783,-0.157723159,0.011346926,0.0368748456,-0.0423932709,-0.648742914,-0.375306904,-64.7555084,-0.462166309,0.00240199734,0.18460086,0.0226936626,-0.00364503026,-0.147316948,-0.0965959222,0.00294998765,-0.00339146167,0.3,0.3,-0.3,-0.269324946,0.000192159787,0.0147680688,0.0226936626,0.147316948,0.00294998765,0.3,0.3,0.000192159787,0.00364503026,-0.0965959222,-0.00339146167,-0.3,-0.0147680688,0.269324946
882,26262828,0.283821642,-0.0456584841,-0.157416731,0.0118492125,0.036692407,-0.0420517065,-0.648440063,-0.374138921,-64.7543106,-0.462153941,0.00262597227,0.185090393,0.0227057314,-0.00365267873,-0.147225019,-0.0964452363,0.00293539256,-0.00336413652,0.3,0.3,-0.3,-0.269323091,0.000210077781,0.0148072314,0.0227057314,0.147225019,0.00293539256,0.3,0.3,0.000210077781,0.00365267873,-0.0964452363,-0.00336413652,-0.3,-0.0148072314,0.269323091
883,26281344,0.283910364,-0.0458629131,-0.157235727,0.01218508,0.0365089029,-0.0416895188,-0.64801985,-0.373027235,-64.7533035,-0.462037474,0.00284090196,0.185644984,0.0227128291,-0.00366903305,-0.147170718,-0.096344476,0.00292071223,-0.00333516151,0.3,0.3,-0.3,-0.269305621,0.000227272157,0.0148515987,0.0227128291,0.147170718,0.00292071223,0.3,0.3,0.000227272157,0.00366903305,-0.096344476,-0.00333516151,-0.3,-0.0148515987,0.269305621
884,26307490,0.283970922,-0.0460677929,-0.157146081,0.0125744576,0.0362603627,-0.0413798243,-0.647643745,-0.371834368,-64.752533,-0.461906374,0.00318721589,0.186137423,0.0227176738,-0.00368542343,-0.147143824,-0.0962276627,0.00290082902,-0.00331038594,0.3,0.3,-0.3,-0.269285956,0.000254977271,0.0148909938,0.0227176738,0.147143824,0.00290082902,0.3,0.3,0.000254977271,0.00368542343,-0.0962276627,-0.00331038594,-0.3,-0.0148909938,0.269285956
885,26319634,0.284081191,-0.0463298,-0.1569594,0.0126928547,0.0360999219,-0.040968731,-0.647425711,-0.37097472,-64.7518082,-0.46161598,0.00350156706,0.186477035,0.0227264953,-0.003706384,-0.14708782,-0.0961921436,0.00288799375,-0.00327749848,0.3,0.3,-0.3,-0.269242397,0.000280125365,0.0149181628,0.0227264953,0.14708782,0.00288799375,0.3,0.3,0.000280125365,0.003706384,-0.0961921436,-0.00327749848,-0.3,-0.0149181628,0.269242397
886,26347759,0.284178287,-0.0466118827,-0.156974927,0.0128270062,0.0358973257,-0.0407424159,-0.647345424,-0.370379031,-64.7511978,-0.461276948,0.00370077556,0.186640397,0.0227342629,-0.00372895062,-0.147092478,-0.0961518981,0.00287178606,-0.00325939327,0.3,0.3,-0.3,-0.269191542,0.000296062045,0.0149312317,0.0227342629,0.147092478,0.00287178606,0.3,0.3,0.000296062045,0.00372895062,-0.0961518981,-0.00325939327,-0.3,-0.0149312317,0.269191542
887,26365544,0.284353524,-0.0468356833,-0.156897768,0.0128477132,0.0358172841,-0.040501684,-0.64728713,-0.370028019,-64.7505188,-0.460880458,0.00399430329,0.186778009,0.022748282,-0.00374685466,-0.147069331,-0.096145686,0.00286538273,-0.00324013472,0.3,0.3,-0.3,-0.269132069,0.000319544263,0.0149422407,0.022748282,0.147069331,0.00286538273,0.3,0.3,0.000319544263,0.00374685466,-0.096145686,-0.00324013472,-0.3,-0.0149422407,0.269132069
888,26382590,0.284378111,-0.0470504984,-0.156854197,0.0130275097,0.0357234515,-0.0404642969,-0.647159755,-0.369658977,-64.7498856,-0.460604101,0.00421984866,0.18686986,0.0227502489,-0.00376403987,-0.147056259,-0.0960917471,0.00285787612,-0.00323714375,0.3,0.3,-0.3,-0.269090615,0.000337587893,0.0149495888,0.0227502489,0.147056259,0.00285787612,0.3,0.3,0.000337587893,0.00376403987,-0.0960917471,-0.00323714375,-0.3,-0.0149495888,0.269090615
889,26401155,0.284362108,-0.0472227708,-0.156885713,0.0132062165,0.0356138088,-0.0404391438,-0.647078037,-0.369241446,-64.7494049,-0.460332543,0.00443943636,0.186948359,0.0227489686,-0.00377782166,-0.147065714,-0.096038135,0.0028491047,-0.0032351315,0.3,0.3,-0.3,-0.269049881,0.000355154909,0.0149558687,0.0227489686,0.147065714,0.0028491047,0.3,0.3,0.000355154909,0.00377782166,-0.096038135,-0.0032351315,-0.3,-0.0149558687,0.269049881
890,26421241,0.284391254,-0.0473474748,-0.156862974,0.0130150868,0.0356086269,-0.0402250886,-0.647147655,-0.369038135,-64.7489166,-0.460006595,0.0046834466,0.187000051,0.0227513003,-0.00378779799,-0.147058892,-0.096095474,0.00284869015,-0.00321800709,0.3,0.3,-0.3,-0.269000989,0.000374675728,0.0149600041,0.0227513003,0.147058892,0.00284869015,0.3,0.3,0.000374675728,0.00378779799,-0.096095474,-0.00321800709,-0.3,-0.0149600041,0.269000989
891,26440043,0.284413427,-0.0475085862,-0.156954303,0.013013442,0.0355407745,-0.0402419716,-0.647343755,-0.369090289,-64.7483978,-0.459710836,0.00475177262,0.186902776,0.0227530742,-0.0038006869,-0.147086291,-0.0960959674,0.00284326196,-0.00321935773,0.3,0.3,-0.3,-0.268956625,0.00038014181,0.0149522221,0.0227530742,0.147086291,0.00284326196,0.3,0.3,0.00038014181,0.0038006869,-0.0960959674,-0.00321935773,-0.3,-0.0149522221,0.268956625
892,26460201,0.284482539,-0.0476354957,-0.156889558,0.0131810121,0.0354938842,-0.0402544476,-0.647421181,-0.368857473,-64.7478714,-0.459445596,0.00466411375,0.18675223,0.0227586031,-0.00381083965,-0.147066867,-0.0960456964,0.00283951074,-0.00322035581,0.3,0.3,-0.3,-0.268916839,0.0003731291,0.0149401784,0.0227586031,0.147066867,0.00283951074,0.3,0.3,0.0003731291,0.00381083965,-0.0960456964,-0.00322035581,-0.3,-0.0149401784,0.268916839
893,26480837,0.284571528,-0.0476399511,-0.157045573,0.0130811054,0.0355119593,-0.0402664691,-0.647678018,-0.368992805,-64.7472763,-0.459267735,0.0046449271,0.186600059,0.0227657223,-0.00381119609,-0.147113672,-0.0960756684,0.00284095675,-0.00322131753,0.3,0.3,-0.3,-0.26889016,0.000371594168,0.0149280047,0.0227657223,0.147113672,0.00284095675,0.3,0.3,0.000371594168,0.00381119609,-0.0960756684,-0.00322131753,-0.3,-0.0149280047,0.26889016
894,26513006,0.284639776,-0.0476067662,-0.157232597,0.0129729779,0.0355879478,-0.0403240286,-0.648084879,-0.369394958,-64.7469254,-0.459172755,0.00454112934,0.186364919,0.0227711821,-0.0038085413,-0.147169779,-0.0961081066,0.00284703583,-0.00322592229,0.3,0.3,-0.3,-0.268875913,0.000363290347,0.0149091935,0.0227711821,0.147169779,0.00284703583,0.3,0.3,0.000363290347,0.0038085413,-0.0961081066,-0.00322592229,-0.3,-0.0149091935,0.268875913
895,26521279,0.284693748,-0.0475565419,-0.157363787,0.0130170109,0.0355872996,-0.0403921194,-0.648369372,-0.369592696,-64.7465363,-0.459128559,0.00435454026,0.186016202,0.0227754998,-0.00380452335,-0.147209136,-0.0960948967,0.00284698397,-0.00323136955,0.3,0.3,-0.3,-0.268869284,0.000348363221,0.0148812962,0.0227754998,0.147209136,0.00284698397,0.3,0.3,0.000348363221,0.00380452335,-0.0960948967,-0.00323136955,-0.3,-0.0148812962,0.268869284
896,26540442,0.284768343,-0.0474815592,-0.157632872,0.0127996849,0.0356510356,-0.0404920802,-0.648745358,-0.370320618,-64.7458115,-0.459043145,0.00429767743,0.185700938,0.0227814674,-0.00379852474,-0.147289862,-0.0961600945,0.00285208285,-0.00323936641,0.3,0.3,-0.3,-0.268856472,0.000343814194,0.014856075,0.0227814674,0.147289862,0.00285208285,0.3,0.3,0.000343814194,0.00379852474,-0.0961600945,-0.00323936641,-0.3,-0.014856075,0.268856472
897,26563008,0.284745753,-0.0476113781,-0.157515168,0.0127996849,0.0357332639,-0.0405706465,-0.648821235,-0.370674819,-64.7451324,-0.459059447,0.004332148,0.185585707,0.0227796602,-0.00380891025,-0.14725455,-0.0961600945,0.00285866112,-0.00324565172,0.3,0.3,-0.3,-0.268858917,0.00034657184,0.0148468566,0.0227796602,0.14725455,0.00285866112,0.3,0.3,0.00034657184,0.00380891025,-0.0961600945,-0.00324565172,-0.3,-0.0148468566,0.268858917
898,26581569,0.284826279,-0.0475907326,-0.157603443,0.0124971783,0.0358731709,-0.0406866372,-0.649076581,-0.371232063,-64.7444916,-0.459157288,0.00400663679,0.1853223,0.0227861023,-0.00380725861,-0.147281033,-0.0962508465,0.00286985368,-0.00325493097,0.3,0.3,-0.3,-0.268873593,0.000320530944,0.014825784,0.0227861023,0.147281033,0.00286985368,0.3,0.3,0.000320530944,0.00380725861,-0.0962508465,-0.00325493097,-0.3,-0.014825784,0.268873593
899,26604314,0.28486225,-0.0474588387,-0.15774639,0.01248655,0.0359706469,-0.0408675112,-0.649260879,-0.371609032,-64.7440109,-0.459348202,0.00383928185,0.185092419,0.02278898,-0.00379670709,-0.147323917,-0.096254035,0.00287765175,-0.00326940089,0.3,0.3,-0.3,-0.26890223,0.000307142548,0.0148073936,0.02278898,0.147323917,0.00287765175,0.3,0.3,0.000307142548,0.00379670709,-0.096254035,-0.00326940089,-0.3,-0.0148073936,0.26890223
900,26620627,0.284837127,-0.0472682267,-0.157873541,0.0125517137,0.0359668769,-0.0410127267,-0.64938283,-0.371907115,-64.7434769,-0.459528238,0.00370459771,0.184886113,0.0227869701,-0.00378145814,-0.147362062,-0.0962344859,0.00287735015,-0.00328101814,0.3,0.3,-0.3,-0.268929236,0.000296367817,0.014790889,0.0227869701,0.147362062,0.00287735015,0.3,0.3,0.000296367817,0.00378145814,-0.0962344859,-0.00328101814,-0.3,-0.014790889,0.268929236
901,26650524,0.284844965,-0.0470883548,-0.157961562,0.0125361234,0.0359807014,-0.0410995893,-0.649460256,-0.372204185,-64.7427444,-0.459701687,0.00370207406,0.184758753,0.0227875972,-0.00376706839,-0.147388469,-0.096239163,0.00287845612,-0.00328796715,0.3,0.3,-0.3,-0.268955253,0.000296165925,0.0147807002,0.0227875972,0.147388469,0.00287845612,0.3,0.3,0.000296165925,0.00376706839,-0.096239163,-0.00328796715,-0.3,-0.0147807002,0.268955253
902,26663603,0.284830213,-0.0470149815,-0.157914519,0.0123459389,0.0360705517,-0.0410863906,-0.649448812,-0.372560561,-64.7419052,-0.459828109,0.0038518263,0.184860751,0.022786417,-0.00376119852,-0.147374356,-0.0962962183,0.00288564414,-0.00328691125,0.3,0.3,-0.3,-0.268974216,0.000308146104,0.0147888601,0.022786417,0.147374356,0.00288564414,0.3,0.3,0.000308146104,0.00376119852,-0.0962962183,-0.00328691125,-0.3,-0.0147888601,0.268974216
903,26681892,0.28464818,-0.0470306538,-0.157730475,0.0122562693,0.0361794233,-0.0410975665,-0.649062157,-0.372623235,-64.7411728,-0.460025251,0.00421588449,0.185244784,0.0227718544,-0.0037624523,-0.147319143,-0.0963231192,0.00289435387,-0.00328780532,0.3,0.3,-0.3,-0.269003788,0.000337270759,0.0148195827,0.0227718544,0.147319143,0.00289435387,0.3,0.3,0.000337270759,0.0037624523,-0.0963231192,-0.00328780532,-0.3,-0.0148195827,0.269003788
904,26698907,0.284650683,-0.0469260588,-0.157830283,0.0118619427,0.0362863876,-0.0411575101,-0.649231493,-0.373161942,-64.7406387,-0.460262209,0.00406599976,0.185357064,0.0227720547,-0.00375408471,-0.147349085,-0.0964414172,0.00290291101,-0.00329260081,0.3,0.3,-0.3,-0.269039331,0.000325279981,0.0148285651,0.0227720547,0.147349085,0.00290291101,0.3,0.3,0.000325279981,0.00375408471,-0.0964414172,-0.00329260081,-0.3,-0.0148285651,0.269039331
905,26723530,0.284801334,-0.0467225723,-0.15795815,0.0116136959,0.0363488793,-0.0412911586,-0.649554968,-0.373803586,-64.7401505,-0.460534334,0.00390659599,0.185233086,0.0227841067,-0.00373780578,-0.147387445,-0.0965158912,0.00290791035,-0.00330329269,0.3,0.3,-0.3,-0.26908015,0.000312527679,0.0148186469,0.0227841067,0.147387445,0.00290791035,0.3,0.3,0.000312527679,0.00373780578,-0.0965158912,-0.00330329269,-0.3,-0.0148186469,0.26908015
906,26746674,0.284954697,-0.0465346649,-0.157976791,0.011646104,0.0363768227,-0.0414911248,-0.649693191,-0.374248356,-64.7393112,-0.460760266,0.00369637203,0.185043439,0.0227963758,-0.00372277319,-0.147393037,-0.0965061688,0.00291014582,-0.00331928998,0.3,0.3,-0.3,-0.26911404,0.000295709763,0.0148034751,0.0227963758,0.147393037,0.00291014582,0.3,0.3,0.000295709763,0.00372277319,-0.0965061688,-0.00331928998,-0.3,-0.0148034751,0.26911404
907,26760294,0.284975082,-0.0463767871,-0.158048585,0.0116396798,0.0363930129,-0.0416654795,-0.649633646,-0.374460101,-64.7384644,-0.461068928,0.00372516434,0.185103416,0.0227980065,-0.00371014297,-0.147414576,-0.0965080961,0.00291144103,-0.00333323836,0.3,0.3,-0.3,-0.269160339,0.000298013147,0.0148082733,0.0227980065,0.147414576,0.00291144103,0.3,0.3,0.000298013147,0.00371014297,-0.0965080961,-0.00333323836,-0.3,-0.0148082733,0.269160339
908,26790776,0.285033017,-0.0460940935,-0.158386573,0.0111118965,0.0364991985,-0.0418917499,-0.649927795,-0.375401884,-64.737381,-0.461405396,0.00357845239,0.185087338,0.0228026414,-0.00368752748,-0.147515972,-0.0966664311,0.00291993588,-0.00335134,0.3,0.3,-0.3,-0.269210809,0.000286276191,0.014806987,0.0228026414,0.147515972,0.00291993588,0.3,0.3,0.000286276191,0.00368752748,-0.0966664311,-0.00335134,-0.3,-0.014806987,0.269210809
909,26802493,0.28496924,-0.0460103676,-0.158353344,0.0105698779,0.0368028544,-0.0420051478,-0.649982691,-0.376395464,-64.7364502,-0.461838692,0.00360274874,0.185215309,0.0227975392,-0.00368082941,-0.147506003,-0.0968290366,0.00294422835,-0.00336041182,0.3,0.3,-0.3,-0.269275804,0.000288219899,0.0148172247,0.0227975392,0.147506003,0.00294422835,0.3,0.3,0.000288219899,0.00368082941,-0.0968290366,-0.00336041182,-0.3,-0.0148172247,0.269275804
910,26821428,0.284971863,-0.0459171385,-0.158296943,0.0103400256,0.0369313508,-0.0422370695,-0.650133193,-0.377187282,-64.7356339,-0.462213874,0.00340923038,0.185117513,0.022797749,-0.00367337108,-0.147489083,-0.0968979923,0.00295450807,-0.00337896556,0.3,0.3,-0.3,-0.269332081,0.000272738431,0.014809401,0.022797749,0.147489083,0.00295450807,0.3,0.3,0.000272738431,0.00367337108,-0.0968979923,-0.00337896556,-0.3,-0.014809401,0.269332081
911,26854708,0.285006672,-0.0458225943,-0.158244044,0.0102442056,0.0369948074,-0.0424783491,-0.650119603,-0.37782824,-64.7344818,-0.462572962,0.00347841624,0.18528752,0.0228005338,-0.00366580755,-0.147473213,-0.0969267383,0.00295958459,-0.00339826792,0.3,0.3,-0.3,-0.269385944,0.000278273299,0.0148230016,0.0228005338,0.147473213,0.00295958459,0.3,0.3,0.000278273299,0.00366580755,-0.0969267383,-0.00339826792,-0.3,-0.0148230016,0.269385944
912,26859044,0.28498888,-0.0457858443,-0.157859266,0.0105762053,0.0369639918,-0.0426459685,-0.64984268,-0.377570629,-64.733284,-0.463007987,0.00355717074,0.185651019,0.0227991104,-0.00366286755,-0.14735778,-0.0968271384,0.00295711935,-0.00341167748,0.3,0.3,-0.3,-0.269451198,0.000284573659,0.0148520815,0.0227991104,0.14735778,0.00295711935,0.3,0.3,0.000284573659,0.00366286755,-0.0968271384,-0.00341167748,-0.3,-0.0148520815,0.269451198
913,26879986,0.285082102,-0.0456916466,-0.157990068,0.0103802858,0.0369128399,-0.0427291729,-0.649913549,-0.377700001,-64.7320709,-0.463395953,0.00360150565,0.185937732,0.0228065681,-0.00365533173,-0.14739702,-0.0968859143,0.00295302719,-0.00341833383,0.3,0.3,-0.3,-0.269509393,0.000288120452,0.0148750186,0.0228065681,0.14739702,0.00295302719,0.3,0.3,0.000288120452,0.00365533173,-0.0968859143,-0.00341833383,-0.3,-0.0148750186,0.269509393
914,26901928,0.285060406,-0.0455548838,-0.157956019,0.0103082787,0.0368876792,-0.0428182036,-0.649697304,-0.3774499,-64.7308578,-0.463761568,0.00357651268,0.186452687,0.0228048325,-0.0036443907,-0.147386806,-0.0969075164,0.00295101434,-0.00342545629,0.3,0.3,-0.3,-0.269564235,0.000286121015,0.0149162149,0.0228048325,0.147386806,0.00295101434,0.3,0.3,0.000286121015,0.0036443907,-0.0969075164,-0.00342545629,-0.3,-0.0149162149,0.269564235
915,26920569,0.285177678,-0.045608826,-0.157662705,0.0103912372,0.0368881635,-0.0426995978,-0.649674237,-0.376963615,-64.72995,-0.464082032,0.00345767848,0.186824754,0.0228142142,-0.00364870608,-0.147298811,-0.0968826288,0.00295105308,-0.00341596782,0.3,0.3,-0.3,-0.269612305,0.000276614279,0.0149459803,0.0228142142,0.147298811,0.00295105308,0.3,0.3,0.000276614279,0.00364870608,-0.0968826288,-0.00341596782,-0.3,-0.0149459803,0.269612305
916,26942010,0.285414457,-0.0456057899,-0.157580256,0.0107751573,0.0366993919,-0.0425869189,-0.64964819,-0.376462579,-64.7288971,-0.464243174,0.00349867437,0.187040076,0.0228331566,-0.00364846319,-0.147274077,-0.0967674528,0.00293595135,-0.00340695351,0.3,0.3,-0.3,-0.269636476,0.00027989395,0.0149632061,0.0228331566,0.147274077,0.00293595135,0.3,0.3,0.00027989395,0.00364846319,-0.0967674528,-0.00340695351,-0.3,-0.0149632061,0.269636476
917,26961228,0.285631448,-0.0455873236,-0.157614768,0.0109622022,0.0365303196,-0.0424847305,-0.649742365,-0.376284778,-64.7277145,-0.46440959,0.00355315069,0.187224239,0.0228505158,-0.00364698589,-0.14728443,-0.0967113393,0.00292242557,-0.00339877844,0.3,0.3,-0.3,-0.269661438,0.000284252055,0.0149779391,0.0228505158,0.14728443,0.00292242557,0.3,0.3,0.000284252055,0.00364698589,-0.0967113393,-0.00339877844,-0.3,-0.0149779391,0.269661438
918,27000271,0.285785258,-0.0456902795,-0.157556206,0.0109810894,0.0364595912,-0.0423974358,-0.649704576,-0.376083523,-64.7265854,-0.464633673,0.00358536351,0.187340379,0.0228628206,-0.00365522236,-0.147266862,-0.0967056732,0.0029167673,-0.00339179486,0.3,0.3,-0.3,-0.269695051,0.00028682908,0.0149872303,0.0228628206,0.147266862,0.0029167673,0.3,0.3,0.00028682908,0.00365522236,-0.0967056732,-0.00339179486,-0.3,-0.0149872303,0.269695051
919,27005242,0.285803527,-0.0457348563,-0.157464728,0.0113802096,0.0363332815,-0.0423010848,-0.649283409,-0.375161052,-64.7257309,-0.464695901,0.00378927635,0.187553138,0.0228642821,-0.0036587885,-0.147239418,-0.0965859371,0.00290666252,-0.00338408679,0.3,0.3,-0.3,-0.269704385,0.000303142108,0.015004251,0.0228642821,0.147239418,0.00290666252,0.3,0.3,0.000303142108,0.0036587885,-0.0965859371,-0.00338408679,-0.3,-0.015004251,0.269704385
920,27020258,0.285695583,-0.0458417013,-0.157428682,0.011479184,0.0362010039,-0.0421014726,-0.649023533,-0.374615639,-64.7249756,-0.464684844,0.00403954135,0.187786981,0.0228556466,-0.00366733611,-0.147228605,-0.0965562448,0.00289608032,-0.00336811781,0.3,0.3,-0.3,-0.269702727,0.000323163308,0.0150229585,0.0228556466,0.147228605,0.00289608032,0.3,0.3,0.000323163308,0.00366733611,-0.0965562448,-0.00336811781,-0.3,-0.0150229585,0.269702727
921,27043690,0.285775274,-0.0460066237,-0.157267228,0.0114131626,0.0361640044,-0.041807849,-0.648972392,-0.374318749,-64.7242508,-0.464611083,0.00421404839,0.187919542,0.0228620219,-0.00368052989,-0.147180168,-0.0965760512,0.00289312035,-0.00334462792,0.3,0.3,-0.3,-0.269691662,0.000337123871,0.0150335634,0.0228620219,0.147180168,0.00289312035,0.3,0.3,0.000337123871,0.00368052989,-0.0965760512,-0.00334462792,-0.3,-0.0150335634,0.269691662
922,27061240,0.285894662,-0.0462242551,-0.157239109,0.0114652328,0.0360531434,-0.0416784994,-0.648983955,-0.374009609,-64.7235794,-0.464459032,0.00412340462,0.187928885,0.022871573,-0.00369794041,-0.147171733,-0.0965604302,0.00288425148,-0.00333427995,0.3,0.3,-0.3,-0.269668855,0.00032987237,0.0150343108,0.022871573,0.147171733,0.00288425148,0.3,0.3,0.00032987237,0.00369794041,-0.0965604302,-0.00333427995,-0.3,-0.0150343108,0.269668855
923,27085188,0.286079496,-0.0462402888,-0.157453075,0.0114370631,0.0359946154,-0.0416731164,-0.64909941,-0.373919755,-64.7230072,-0.464376569,0.00402273796,0.187905729,0.0228863597,-0.0036992231,-0.147235923,-0.0965688811,0.00287956923,-0.00333384931,0.3,0.3,-0.3,-0.269656485,0.000321819037,0.0150324583,0.0228863597,0.147235923,0.00287956923,0.3,0.3,0.000321819037,0.0036992231,-0.0965688811,-0.00333384931,-0.3,-0.0150324583,0.269656485
924,27100237,0.28618139,-0.0461616181,-0.157676771,0.0113799889,0.0359889939,-0.0417281725,-0.649330616,-0.374224484,-64.7225037,-0.464381516,0.00396205066,0.187795505,0.0228945112,-0.00369292945,-0.147303031,-0.0965860033,0.00287911952,-0.0033382538,0.3,0.3,-0.3,-0.269657227,0.000316964053,0.0150236404,0.0228945112,0.147303031,0.00287911952,0.3,0.3,0.000316964053,0.00369292945,-0.0965860033,-0.0033382538,-0.3,-0.0150236404,0.269657227
925,27126121,0.286248833,-0.0461075306,-0.157756433,0.011335955,0.0360008106,-0.0417671241,-0.649533033,-0.374442905,-64.7220917,-0.464394003,0.00393949682,0.187645584,0.0228999066,-0.00368860245,-0.14732693,-0.0965992135,0.00288006485,-0.00334136993,0.3,0.3,-0.3,-0.2696591,0.000315159746,0.0150116467,0.0228999066,0.14732693,0.00288006485,0.3,0.3,0.000315159746,0.00368860245,-0.0965992135,-0.00334136993,-0.3,-0.0150116467,0.2696591
926,27141967,0.286456168,-0.0460283346,-0.157852456,0.0112176221,0.0360786393,-0.0418131687,-0.649904609,-0.374898702,-64.7214508,-0.464373171,0.00385627151,0.187376231,0.0229164934,-0.00368226677,-0.147355737,-0.0966347134,0.00288629115,-0.00334505349,0.3,0.3,-0.3,-0.269655976,0.00030850172,0.0149900985,0.0229164934,0.147355737,0.00288629115,0.3,0.3,0.00030850172,0.00368226677,-0.0966347134,-0.00334505349,-0.3,-0.0149900985,0.269655976
927,27162738,0.286518276,-0.0459484532,-0.158165604,0.0110827209,0.0360979848,-0.0420166478,-0.650191844,-0.375618398,-64.7206497,-0.464444667,0.00391090149,0.187295318,0.0229214621,-0.00367587626,-0.147449681,-0.0966751837,0.00288783878,-0.00336133182,0.3,0.3,-0.3,-0.2696667,0.000312872119,0.0149836254,0.0229214621,0.147449681,0.00288783878,0.3,0.3,0.000312872119,0.00367587626,-0.0966751837,-0.00336133182,-0.3,-0.0149836254,0.2696667
928,27182288,0.286599845,-0.0457482338,-0.158457428,0.0105841961,0.0362900458,-0.0423394591,-0.650682628,-0.376819968,-64.7197495,-0.464707106,0.00362486672,0.187036395,0.0229279876,-0.0036598587,-0.147537228,-0.0968247412,0.00290320367,-0.00338715672,0.3,0.3,-0.3,-0.269706066,0.000289989337,0.0149629116,0.0229279876,0.147537228,0.00290320367,0.3,0.3,0.000289989337,0.0036598587,-0.0968247412,-0.00338715672,-0.3,-0.0149629116,0.269706066
929,27201926,0.286738008,-0.0454721153,-0.158704281,0.00999937113,0.0366032459,-0.0425870307,-0.651140928,-0.378228426,-64.7189178,-0.465087295,0.00362756802,0.186821923,0.0229390407,-0.00363776922,-0.147611284,-0.0970001887,0.00292825967,-0.00340696245,0.3,0.3,-0.3,-0.269763094,0.000290205441,0.0149457538,0.0229390407,0.147611284,0.00292825967,0.3,0.3,0.000290205441,0.00363776922,-0.0970001887,-0.00340696245,-0.3,-0.0149457538,0.269763094
930,27221507,0.286707252,-0.0453432724,-0.158453032,0.00985636003,0.036835406,-0.0428030938,-0.651067138,-0.378943086,-64.7180405,-0.465453684,0.00369684468,0.186752602,0.0229365802,-0.00362746179,-0.14753591,-0.097043092,0.00294683248,-0.0034242475,0.3,0.3,-0.3,-0.269818053,0.000295747574,0.0149402082,0.0229365802,0.14753591,0.00294683248,0.3,0.3,0.000295747574,0.00362746179,-0.097043092,-0.0034242475,-0.3,-0.0149402082,0.269818053
931,27248836,0.286851794,-0.0453068018,-0.158266008,0.00969693623,0.0369660929,-0.0429907553,-0.651195288,-0.379597872,-64.7169876,-0.465871543,0.00363398227,0.186667711,0.0229481435,-0.00362454414,-0.147479802,-0.0970909191,0.00295728743,-0.00343926042,0.3,0.3,-0.3,-0.269880731,0.000290718582,0.0149334168,0.0229481435,0.147479802,0.00295728743,0.3,0.3,0.000290718582,0.00362454414,-0.0970909191,-0.00343926042,-0.3,-0.0149334168,0.269880731
932,27260199,0.287134975,-0.0450563245,-0.158331797,0.0095264921,0.037062116,-0.0432269871,-0.651488245,-0.380199075,-64.7158279,-0.466297626,0.00331619382,0.186465442,0.022970798,-0.00360450596,-0.147499539,-0.0971420524,0.00296496928,-0.00345815897,0.3,0.3,-0.3,-0.269944644,0.000265295506,0.0149172354,0.022970798,0.147499539,0.00296496928,0.3,0.3,0.000265295506,0.00360450596,-0.0971420524,-0.00345815897,-0.3,-0.0149172354,0.269944644
933,27280426,0.28726691,-0.0448937938,-0.15843527,0.009434334,0.0371429585,-0.04342914,-0.651632786,-0.380731851,-64.7146301,-0.466806382,0.00319605856,0.186408475,0.0229813528,-0.0035915035,-0.147530581,-0.0971696998,0.00297143668,-0.0034743312,0.3,0.3,-0.3,-0.270020957,0.000255684685,0.014912678,0.0229813528,0.147530581,0.00297143668,0.3,0.3,0.000255684685,0.0035915035,-0.0971696998,-0.0034743312,-0.3,-0.014912678,0.270020957
934,27302298,0.287351608,-0.0447549298,-0.158283472,0.0094831977,0.0372387953,-0.0434209518,-0.651426017,-0.380665332,-64.713623,-0.467278659,0.00323834852,0.186575636,0.0229881287,-0.00358039439,-0.147485042,-0.0971550407,0.00297910362,-0.00347367615,0.3,0.3,-0.3,-0.270091799,0.000259067882,0.0149260509,0.0229881287,0.147485042,0.00297910362,0.3,0.3,0.000259067882,0.00358039439,-0.0971550407,-0.00347367615,-0.3,-0.0149260509,0.270091799
935,27321363,0.28735286,-0.0446688496,-0.158200264,0.00964546297,0.0371732637,-0.0434108637,-0.651263714,-0.380292177,-64.7127457,-0.467655271,0.00310141919,0.186694786,0.0229882288,-0.00357350796,-0.147460079,-0.0971063611,0.0029738611,-0.0034728691,0.3,0.3,-0.3,-0.270148291,0.000248113535,0.0149355829,0.0229882288,0.147460079,0.0029738611,0.3,0.3,0.000248113535,0.00357350796,-0.0971063611,-0.0034728691,-0.3,-0.0149355829,0.270148291
936,27340259,0.287270933,-0.0448407829,-0.157988727,0.0098493835,0.0370571651,-0.0433242694,-0.650916934,-0.379763573,-64.7116776,-0.467955559,0.00335245416,0.187481463,0.0229816747,-0.00358726263,-0.147396618,-0.097045185,0.0029645732,-0.00346594155,0.3,0.3,-0.3,-0.270193334,0.000268196333,0.014998517,0.0229816747,0.147396618,0.0029645732,0.3,0.3,0.000268196333,0.00358726263,-0.097045185,-0.00346594155,-0.3,-0.014998517,0.270193334
937,27363503,0.287264049,-0.044940047,-0.158045575,0.0099645704,0.0368403904,-0.0432824455,-0.650737941,-0.379416227,-64.7104874,-0.468245149,0.00374038052,0.188475519,0.0229811239,-0.00359520376,-0.147413673,-0.0970106289,0.00294723123,-0.00346259564,0.3,0.3,-0.3,-0.270236772,0.000299230441,0.0150780416,0.0229811239,0.147413673,0.00294723123,0.3,0.3,0.000299230441,0.00359520376,-0.0970106289,-0.00346259564,-0.3,-0.0150780416,0.270236772
938,27384742,0.28732729,-0.0449084118,-0.158095241,0.0098240776,0.0367517322,-0.0432786085,-0.650595009,-0.37920475,-64.709259,-0.468597084,0.00401038118,0.189320087,0.0229861832,-0.00359267294,-0.147428572,-0.0970527767,0.00294013858,-0.00346228868,0.3,0.3,-0.3,-0.270289563,0.000320830494,0.015145607,0.0229861832,0.147428572,0.00294013858,0.3,0.3,0.000320830494,0.00359267294,-0.0970527767,-0.00346228868,-0.3,-0.015145607,0.270289563
939,27400014,0.287491888,-0.0448092446,-0.158135563,0.0101903798,0.0365488492,-0.0434334502,-0.650654972,-0.378581643,-64.7082596,-0.468986988,0.00399713218,0.189672709,0.022999351,-0.00358473957,-0.147440669,-0.0969428861,0.00292390794,-0.00347467601,0.3,0.3,-0.3,-0.270348048,0.000319770575,0.0151738167,0.022999351,0.147440669,0.00292390794,0.3,0.3,0.000319770575,0.00358473957,-0.0969428861,-0.00347467601,-0.3,-0.0151738167,0.270348048
940,27430507,0.287527144,-0.0448885486,-0.157803625,0.0105018979,0.036413122,-0.0432856195,-0.650194824,-0.377559841,-64.7073212,-0.46919471,0.00421353895,0.190068409,0.0230021715,-0.00359108388,-0.147341087,-0.0968494306,0.00291304976,-0.00346284956,0.3,0.3,-0.3,-0.270379207,0.000337083116,0.0152054727,0.0230021715,0.147341087,0.00291304976,0.3,0.3,0.000337083116,0.00359108388,-0.0968494306,-0.00346284956,-0.3,-0.0152054727,0.270379207
941,27439833,0.28758207,-0.0448888503,-0.157771096,0.0106323585,0.0362552106,-0.0431619398,-0.650096476,-0.376889676,-64.7064362,-0.46931529,0.00413021585,0.190178022,0.0230065656,-0.00359110802,-0.147331329,-0.0968102925,0.00290041685,-0.00345295519,0.3,0.3,-0.3,-0.270397294,0.000330417268,0.0152142417,0.0230065656,0.147331329,0.00290041685,0.3,0.3,0.000330417268,0.00359110802,-0.0968102925,-0.00345295519,-0.3,-0.0152142417,0.270397294
942,27461130,0.287701726,-0.0449158549,-0.15761438,0.0108150896,0.0361874886,-0.0429521799,-0.650039554,-0.376318604,-64.7056885,-0.469371021,0.0040989765,0.190221697,0.0230161381,-0.00359326839,-0.147284314,-0.0967554731,0.00289499909,-0.00343617439,0.3,0.3,-0.3,-0.270405653,0.00032791812,0.0152177358,0.0230161381,0.147284314,0.00289499909,0.3,0.3,0.00032791812,0.00359326839,-0.0967554731,-0.00343617439,-0.3,-0.0152177358,0.270405653
943,27480484,0.2877841,-0.0447864234,-0.157891408,0.010740594,0.0361150317,-0.0429046527,-0.650124073,-0.376354873,-64.7048798,-0.469429851,0.00398148224,0.190147892,0.023022728,-0.00358291388,-0.147367422,-0.0967778218,0.00288920254,-0.00343237221,0.3,0.3,-0.3,-0.270414478,0.000318518579,0.0152118313,0.023022728,0.147367422,0.00288920254,0.3,0.3,0.000318518579,0.00358291388,-0.0967778218,-0.00343237221,-0.3,-0.0152118313,0.270414478
944,27503961,0.287902087,-0.0447312482,-0.158300862,0.0104302317,0.0361516476,-0.0429534502,-0.650537074,-0.377102524,-64.7042313,-0.469535202,0.00389577914,0.189966545,0.023032167,-0.00357849985,-0.147490259,-0.0968709305,0.00289213181,-0.00343627602,0.3,0.3,-0.3,-0.27043028,0.000311662331,0.0151973236,0.023032167,0.147490259,0.00289213181,0.3,0.3,0.000311662331,0.00357849985,-0.0968709305,-0.00343627602,-0.3,-0.0151973236,0.27043028
945,27522348,0.287925273,-0.0447555929,-0.158333674,0.0102706635,0.0362300277,-0.04302077,-0.65068692,-0.377593607,-64.703537,-0.469618499,0.00386587041,0.189751446,0.0230340219,-0.00358044744,-0.147500102,-0.0969188009,0.00289840221,-0.0034416616,0.3,0.3,-0.3,-0.270442775,0.000309269633,0.0151801157,0.0230340219,0.147500102,0.00289840221,0.3,0.3,0.000309269633,0.00358044744,-0.0969188009,-0.0034416616,-0.3,-0.0151801157,0.270442775
946,27541525,0.287933439,-0.0449774191,-0.158195689,0.0101029575,0.0363497585,-0.0430601984,-0.650611043,-0.378014922,-64.7027054,-0.469664305,0.00402969355,0.189765647,0.0230346751,-0.00359819353,-0.147458707,-0.0969691128,0.00290798068,-0.00344481587,0.3,0.3,-0.3,-0.270449646,0.000322375484,0.0151812518,0.0230346751,0.147458707,0.00290798068,0.3,0.3,0.000322375484,0.00359819353,-0.0969691128,-0.00344481587,-0.3,-0.0151812518,0.270449646
947,27561325,0.287992567,-0.0451589972,-0.158094913,0.00973277632,0.036503356,-0.0430856831,-0.650609374,-0.378624946,-64.7017822,-0.469752282,0.00429026177,0.189983279,0.0230394053,-0.00361271977,-0.147428474,-0.0970801671,0.00292026848,-0.00344685465,0.3,0.3,-0.3,-0.270462842,0.000343220942,0.0151986623,0.0230394053,0.147428474,0.00292026848,0.3,0.3,0.000343220942,0.00361271977,-0.0970801671,-0.00344685465,-0.3,-0.0151986623,0.270462842
948,27582223,0.2880826,-0.0452005267,-0.158144727,0.00948539749,0.0365913101,-0.0433567688,-0.650882721,-0.379205406,-64.7009277,-0.46999231,0.00404691091,0.189914897,0.023046608,-0.00361604214,-0.147443418,-0.0971543808,0.0029273048,-0.0034685415,0.3,0.3,-0.3,-0.270498846,0.000323752873,0.0151931918,0.023046608,0.147443418,0.0029273048,0.3,0.3,0.000323752873,0.00361604214,-0.0971543808,-0.0034685415,-0.3,-0.0151931918,0.270498846
949,27602331,0.288317651,-0.0450522564,-0.158483058,0.00931803882,0.0366420038,-0.0436619259,-0.651395679,-0.379889578,-64.7001114,-0.470291704,0.00373372459,0.189597756,0.023065412,-0.00360418051,-0.147544917,-0.0972045884,0.0029313603,-0.00349295408,0.3,0.3,-0.3,-0.270543756,0.000298697967,0.0151678205,0.023065412,0.147544917,0.0029313603,0.3,0.3,0.000298697967,0.00360418051,-0.0972045884,-0.00349295408,-0.3,-0.0151678205,0.270543756
950,27626227,0.288373172,-0.0449651331,-0.158328623,0.00939644501,0.0367182419,-0.04375422,-0.651349843,-0.38002792,-64.6992645,-0.470561147,0.00380352838,0.189497039,0.0230698538,-0.00359721065,-0.147498587,-0.0971810665,0.00293745935,-0.0035003376,0.3,0.3,-0.3,-0.270584172,0.00030428227,0.0151597631,0.0230698538,0.147498587,0.00293745935,0.3,0.3,0.00030428227,0.00359721065,-0.0971810665,-0.0035003376,-0.3,-0.0151597631,0.270584172
951,27640277,0.288515747,-0.0449146032,-0.1584187,0.00911721867,0.0367878713,-0.0438004099,-0.651581228,-0.380635679,-64.6982574,-0.470802218,0.0038183881,0.189419016,0.0230812597,-0.00359316826,-0.14752561,-0.0972648344,0.0029430297,-0.00350403279,0.3,0.3,-0.3,-0.270620333,0.000305471048,0.0151535213,0.0230812597,0.14752561,0.0029430297,0.3,0.3,0.000305471048,0.00359316826,-0.0972648344,-0.00350403279,-0.3,-0.0151535213,0.270620333
952,27664861,0.28861025,-0.0448839776,-0.158215538,0.00911496487,0.036873769,-0.0438120291,-0.651515663,-0.380694151,-64.6972427,-0.471036077,0.00386514328,0.189460173,0.02308882,-0.00359071821,-0.147464661,-0.0972655105,0.00294990152,-0.00350496233,0.3,0.3,-0.3,-0.270655411,0.000309211463,0.0151568139,0.02308882,0.147464661,0.00294990152,0.3,0.3,0.000309211463,0.00359071821,-0.0972655105,-0.00350496233,-0.3,-0.0151568139,0.270655411
953,27680664,0.288620681,-0.0448541269,-0.158311605,0.00893236604,0.0369299129,-0.0439017527,-0.651543081,-0.3811059,-64.696167,-0.471317887,0.00395673839,0.189582154,0.0230896544,-0.00358833015,-0.147493482,-0.0973202902,0.00295439303,-0.00351214021,0.3,0.3,-0.3,-0.270697683,0.000316539072,0.0151665723,0.0230896544,0.147493482,0.00295439303,0.3,0.3,0.000316539072,0.00358833015,-0.0973202902,-0.00351214021,-0.3,-0.0151665723,0.270697683
954,27700507,0.288601875,-0.0448010862,-0.158083797,0.00906962436,0.0370146707,-0.0439005569,-0.651333094,-0.380812109,-64.6955566,-0.471622944,0.00389092439,0.189702779,0.02308815,-0.00358408689,-0.147425139,-0.0972791127,0.00296117365,-0.00351204455,0.3,0.3,-0.3,-0.270743442,0.000311273951,0.0151762223,0.02308815,0.147425139,0.00296117365,0.3,0.3,0.000311273951,0.00358408689,-0.0972791127,-0.00351204455,-0.3,-0.0151762223,0.270743442
955,27732516,0.288739353,-0.0446642563,-0.15808861,0.00922108255,0.0369643643,-0.0438826717,-0.651465654,-0.380451739,-64.6951294,-0.471884668,0.00356337545,0.18955569,0.0230991483,-0.0035731405,-0.147426583,-0.0972336752,0.00295714915,-0.00351061374,0.3,0.3,-0.3,-0.2707827,0.000285070036,0.0151644552,0.0230991483,0.147426583,0.00295714915,0.3,0.3,0.000285070036,0.0035731405,-0.0972336752,-0.00351061374,-0.3,-0.0151644552,0.2707827
956,27741663,0.288923532,-0.0444299877,-0.158343494,0.00946717802,0.0368293524,-0.0439176112,-0.651568294,-0.380306035,-64.6944122,-0.47203812,0.00339886453,0.189408034,0.0231138825,-0.00355439901,-0.147503048,-0.0971598466,0.00294634819,-0.0035134089,0.3,0.3,-0.3,-0.270805718,0.000271909162,0.0151526427,0.0231138825,0.147503048,0.00294634819,0.3,0.3,0.000271909162,0.00355439901,-0.0971598466,-0.0035134089,-0.3,-0.0151526427,0.270805718
957,27758121,0.288918823,-0.044307474,-0.158206746,0.00981496554,0.0367555581,-0.0438271649,-0.651266754,-0.379722416,-64.6937943,-0.472192347,0.00333624962,0.189501792,0.0231135058,-0.00354459792,-0.147462024,-0.0970555103,0.00294044465,-0.00350617319,0.3,0.3,-0.3,-0.270828852,0.000266899969,0.0151601434,0.0231135058,0.147462024,0.00294044465,0.3,0.3,0.000266899969,0.00354459792,-0.0970555103,-0.00350617319,-0.3,-0.0151601434,0.270828852
958,27784919,0.288820177,-0.0443066359,-0.158146739,0.0100256093,0.036677517,-0.0437037125,-0.650908649,-0.379187375,-64.693222,-0.472303391,0.00350638386,0.189730078,0.0231056142,-0.00354453087,-0.147444022,-0.0969923172,0.00293420136,-0.003496297,0.3,0.3,-0.3,-0.270845509,0.000280510709,0.0151784062,0.0231056142,0.147444022,0.00293420136,0.3,0.3,0.000280510709,0.00354453087,-0.0969923172,-0.003496297,-0.3,-0.0151784062,0.270845509
959,27799854,0.28867203,-0.0442891866,-0.158357576,0.00998491235,0.0365920998,-0.0436907485,-0.650888145,-0.379140735,-64.6927109,-0.472355753,0.00346263917,0.189853892,0.0230937624,-0.00354313493,-0.147507273,-0.0970045263,0.00292736799,-0.00349525988,0.3,0.3,-0.3,-0.270853363,0.000277011134,0.0151883113,0.0230937624,0.147507273,0.00292736799,0.3,0.3,0.000277011134,0.00354313493,-0.0970045263,-0.00349525988,-0.3,-0.0151883113,0.270853363
960,27822006,0.288469017,-0.0443510599,-0.158356741,0.0097498484,0.0366195403,-0.0435757712,-0.650826335,-0.379389375,-64.6923294,-0.472434789,0.00373023888,0.190031707,0.0230775213,-0.0035480848,-0.147507022,-0.0970750455,0.00292956322,-0.00348606169,0.3,0.3,-0.3,-0.270865218,0.00029841911,0.0152025366,0.0230775213,0.147507022,0.00292956322,0.3,0.3,0.00029841911,0.0035480848,-0.0970750455,-0.00348606169,-0.3,-0.0152025366,0.270865218
961,27841973,0.288398504,-0.0443283431,-0.158397496,0.00963042397,0.0365963839,-0.0436440781,-0.650804996,-0.379704714,-64.6917114,-0.472390354,0.00379689387,0.190043598,0.0230718803,-0.00354626745,-0.147519249,-0.0971108728,0.00292771071,-0.00349152625,0.3,0.3,-0.3,-0.270858553,0.00030375151,0.0152034879,0.0230718803,0.147519249,0.00292771071,0.3,0.3,0.00030375151,0.00354626745,-0.0971108728,-0.00349152625,-0.3,-0.0152034879,0.270858553
962,27863025,0.288315624,-0.0442554653,-0.158491194,0.00953504816,0.0365645252,-0.0438572168,-0.650780082,-0.380102396,-64.6909714,-0.472404242,0.00392983109,0.19011113,0.0230652499,-0.00354043722,-0.147547358,-0.0971394856,0.00292516202,-0.00350857735,0.3,0.3,-0.3,-0.270860636,0.000314386487,0.0152088904,0.0230652499,0.147547358,0.00292516202,0.3,0.3,0.000314386487,0.00354043722,-0.0971394856,-0.00350857735,-0.3,-0.0152088904,0.270860636
963,27883545,0.288280636,-0.0441180952,-0.158476785,0.00926275644,0.0366881974,-0.0441031158,-0.650934994,-0.380582154,-64.6901093,-0.472521603,0.00365815894,0.189956263,0.0230624509,-0.00352944762,-0.147543035,-0.0972211731,0.00293505579,-0.00352824926,0.3,0.3,-0.3,-0.27087824,0.000292652715,0.015196501,0.0230624509,0.147543035,0.00293505579,0.3,0.3,0.000292652715,0.00352944762,-0.0972211731,-0.00352824926,-0.3,-0.015196501,0.27087824
964,27898749,0.288217932,-0.0441013686,-0.158328176,0.00919444114,0.036838986,-0.0441777669,-0.650865793,-0.380651683,-64.6895828,-0.472676903,0.0036323315,0.189954907,0.0230574346,-0.00352810949,-0.147498453,-0.0972416677,0.00294711888,-0.00353422135,0.3,0.3,-0.3,-0.270901535,0.00029058652,0.0151963925,0.0230574346,0.147498453,0.00294711888,0.3,0.3,0.00029058652,0.00352810949,-0.0972416677,-0.00353422135,-0.3,-0.0151963925,0.270901535
965,27923666,0.288324624,-0.0439527594,-0.15855144,0.00880437531,0.0369414762,-0.0442860797,-0.651226223,-0.381378859,-64.6889725,-0.472797155,0.00334117864,0.18972981,0.0230659699,-0.00351622075,-0.147565432,-0.0973586874,0.00295531809,-0.00354288638,0.3,0.3,-0.3,-0.270919573,0.000267294291,0.0151783848,0.0230659699,0.147565432,0.00295531809,0.3,0.3,0.000267294291,0.00351622075,-0.0973586874,-0.00354288638,-0.3,-0.0151783848,0.270919573
966,27939083,0.28856194,-0.0438446812,-0.158701047,0.00870735478,0.0369935855,-0.0444294773,-0.651552677,-0.382019788,-64.6882401,-0.473010272,0.00330060674,0.189590111,0.0230849552,-0.0035075745,-0.147610314,-0.0973877936,0.00295948684,-0.00355435818,0.3,0.3,-0.3,-0.270951541,0.000264048539,0.0151672089,0.0230849552,0.147610314,0.00295948684,0.3,0.3,0.000264048539,0.0035075745,-0.0973877936,-0.00355435818,-0.3,-0.0151672089,0.270951541
967,27963428,0.28877154,-0.0437559821,-0.158692375,0.00875842106,0.0370427147,-0.0445485786,-0.651694,-0.382309943,-64.687294,-0.473211527,0.00315956771,0.189508796,0.0231017232,-0.00350047857,-0.147607712,-0.0973724737,0.00296341717,-0.00356388628,0.3,0.3,-0.3,-0.270981729,0.000252765417,0.0151607037,0.0231017232,0.147607712,0.00296341717,0.3,0.3,0.000252765417,0.00350047857,-0.0973724737,-0.00356388628,-0.3,-0.0151607037,0.270981729
968,27985540,0.288854212,-0.0438189358,-0.158680663,0.00849538948,0.037177816,-0.0445772782,-0.651666284,-0.38272962,-64.6864395,-0.473486841,0.0033199992,0.189662203,0.0231083369,-0.00350551486,-0.147604199,-0.0974513832,0.00297422528,-0.00356618226,0.3,0.3,-0.3,-0.271023026,0.000265599936,0.0151729763,0.0231083369,0.147604199,0.00297422528,0.3,0.3,0.000265599936,0.00350551486,-0.0974513832,-0.00356618226,-0.3,-0.0151729763,0.271023026
969,27999787,0.288934618,-0.0438748449,-0.158567294,0.00832468364,0.0372846499,-0.0446315631,-0.651661754,-0.38313961,-64.6856537,-0.47378239,0.00332826609,0.189754039,0.0231147695,-0.00350998759,-0.147570188,-0.0975025949,0.00298277199,-0.00357052505,0.3,0.3,-0.3,-0.271067359,0.000266261287,0.0151803231,0.0231147695,0.147570188,0.00298277199,0.3,0.3,0.000266261287,0.00350998759,-0.0975025949,-0.00357052505,-0.3,-0.0151803231,0.271067359
970,28021104,0.288968712,-0.0437934138,-0.158733755,0.00829283614,0.0372072235,-0.0448444486,-0.651743233,-0.383411705,-64.6849289,-0.474101394,0.00314680929,0.189666569,0.023117497,-0.0035034731,-0.147620127,-0.0975121492,0.00297657788,-0.00358755589,0.3,0.3,-0.3,-0.271115209,0.000251744743,0.0151733255,0.023117497,0.147620127,0.00297657788,0.3,0.3,0.000251744743,0.0035034731,-0.0975121492,-0.00358755589,-0.3,-0.0151733255,0.271115209
971,28039809,0.289091736,-0.0435748473,-0.158911958,0.00810697954,0.0372343659,-0.0450623743,-0.652065933,-0.38393414,-64.6839142,-0.474391371,0.0027566643,0.189351574,0.0231273389,-0.00348598778,-0.147673588,-0.0975679061,0.00297874928,-0.00360498995,0.3,0.3,-0.3,-0.271158706,0.000220533144,0.0151481259,0.0231273389,0.147673588,0.00297874928,0.3,0.3,0.000220533144,0.00348598778,-0.0975679061,-0.00360498995,-0.3,-0.0151481259,0.271158706
972,28063143,0.289053321,-0.0434423983,-0.158688352,0.00835257769,0.0372878388,-0.0451507978,-0.651858687,-0.383762449,-64.6830292,-0.47467649,0.0027179129,0.189315051,0.0231242657,-0.00347539186,-0.147606505,-0.0974942267,0.0029830271,-0.00361206383,0.3,0.3,-0.3,-0.271201473,0.000217433032,0.0151452041,0.0231242657,0.147606505,0.0029830271,0.3,0.3,0.000217433032,0.00347539186,-0.0974942267,-0.00361206383,-0.3,-0.0151452041,0.271201473
973,28087263,0.288937956,-0.0433786996,-0.158388302,0.00848868862,0.0373485424,-0.0450838916,-0.651481032,-0.38327834,-64.6822281,-0.47489205,0.00264361687,0.189450994,0.0231150365,-0.00347029597,-0.147516491,-0.0974533934,0.00298788339,-0.00360671133,0.3,0.3,-0.3,-0.271233808,0.00021148935,0.0151560795,0.0231150365,0.147516491,0.00298788339,0.3,0.3,0.00021148935,0.00347029597,-0.0974533934,-0.00360671133,-0.3,-0.0151560795,0.271233808
974,28102141,0.288970292,-0.0433657691,-0.158343285,0.00834697392,0.0374056324,-0.0448587127,-0.651493192,-0.383225501,-64.681633,-0.47509557,0.00275889784,0.189651117,0.0231176233,-0.00346926153,-0.147502986,-0.0974959078,0.00299245059,-0.00358869702,0.3,0.3,-0.3,-0.271264336,0.000220711827,0.0151720893,0.0231176233,0.147502986,0.00299245059,0.3,0.3,0.000220711827,0.00346926153,-0.0974959078,-0.00358869702,-0.3,-0.0151720893,0.271264336
975,28127837,0.289044976,-0.0433951877,-0.158315107,0.00846874528,0.0373388045,-0.0447284617,-0.651513994,-0.382974714,-64.6811981,-0.47516951,0.00270700152,0.189702138,0.0231235981,-0.00347161502,-0.147494532,-0.0974593764,0.00298710436,-0.00357827693,0.3,0.3,-0.3,-0.271275426,0.000216560122,0.0151761711,0.0231235981,0.147494532,0.00298710436,0.3,0.3,0.000216560122,0.00347161502,-0.0974593764,-0.00357827693,-0.3,-0.0151761711,0.271275426
976,28140141,0.289119005,-0.0434852913,-0.158380672,0.00858670659,0.037231598,-0.0445946045,-0.651419401,-0.382764012,-64.6806564,-0.475177765,0.00295409071,0.189940691,0.0231295204,-0.0034788233,-0.147514202,-0.097423988,0.00297852784,-0.00356756836,0.3,0.3,-0.3,-0.271276665,0.000236327257,0.0151952553,0.0231295204,0.147514202,0.00297852784,0.3,0.3,0.000236327257,0.0034788233,-0.097423988,-0.00356756836,-0.3,-0.0151952553,0.271276665
977,28171564,0.289195448,-0.0434566475,-0.158574283,0.0086825816,0.0370904319,-0.0446449369,-0.651467681,-0.382675409,-64.6800461,-0.475182027,0.00299075665,0.190095827,0.0231356359,-0.0034765318,-0.147572285,-0.0973952255,0.00296723455,-0.00357159495,0.3,0.3,-0.3,-0.271277304,0.000239260532,0.0152076662,0.0231356359,0.147572285,0.00296723455,0.3,0.3,0.000239260532,0.0034765318,-0.0973952255,-0.00357159495,-0.3,-0.0152076662,0.271277304
978,28179639,0.289184332,-0.0433676206,-0.158792019,0.00856082421,0.037068516,-0.0447902605,-0.651549518,-0.382924169,-64.6793976,-0.475333512,0.00302861142,0.190184757,0.0231347466,-0.00346940964,-0.147637606,-0.0974317527,0.00296548128,-0.00358322084,0.3,0.3,-0.3,-0.271300027,0.000242288914,0.0152147806,0.0231347466,0.147637606,0.00296548128,0.3,0.3,0.000242288914,0.00346940964,-0.0974317527,-0.00358322084,-0.3,-0.0152147806,0.271300027
979,28200356,0.289193988,-0.0432247259,-0.158972815,0.00851311721,0.0370796211,-0.0449984409,-0.651660204,-0.383191913,-64.6787567,-0.475575387,0.00291743479,0.190351218,0.023135519,-0.00345797807,-0.147691844,-0.0974460648,0.00296636969,-0.00359987527,0.3,0.3,-0.3,-0.271336308,0.000233394783,0.0152280974,0.023135519,0.147691844,0.00296636969,0.3,0.3,0.000233394783,0.00345797807,-0.0974460648,-0.00359987527,-0.3,-0.0152280974,0.271336308
980,28226993,0.289251685,-0.043187283,-0.159163579,0.00796385948,0.0371908844,-0.0450631529,-0.651845574,-0.384149253,-64.6780243,-0.475826532,0.00306327455,0.190595388,0.0231401348,-0.00345498264,-0.147749074,-0.0976108422,0.00297527075,-0.00360505223,0.3,0.3,-0.3,-0.27137398,0.000245061964,0.0152476311,0.0231401348,0.147749074,0.00297527075,0.3,0.3,0.000245061964,0.00345498264,-0.0976108422,-0.00360505223,-0.3,-0.0152476311,0.27137398
981,28240309,0.289377481,-0.0431628451,-0.159243777,0.0077378354,0.0372441262,-0.0454081856,-0.652093232,-0.384947777,-64.6769409,-0.476146489,0.00278329477,0.190504566,0.0231501985,-0.00345302761,-0.147773133,-0.0976786494,0.0029795301,-0.00363265485,0.3,0.3,-0.3,-0.271421973,0.000222663581,0.0152403653,0.0231501985,0.147773133,0.0029795301,0.3,0.3,0.000222663581,0.00345302761,-0.0976786494,-0.00363265485,-0.3,-0.0152403653,0.271421973
982,28264999,0.289410144,-0.0432438441,-0.158931807,0.00792258512,0.0372953042,-0.0456475057,-0.65183109,-0.384911329,-64.6758575,-0.47648868,0.00272032712,0.190558374,0.0231528115,-0.00345950752,-0.147679542,-0.0976232245,0.00298362434,-0.00365180045,0.3,0.3,-0.3,-0.271473302,0.000217626169,0.0152446699,0.0231528115,0.147679542,0.00298362434,0.3,0.3,0.000217626169,0.00345950752,-0.0976232245,-0.00365180045,-0.3,-0.0152446699,0.271473302
983,28285811,0.289412886,-0.0432110988,-0.158858538,0.00759303104,0.0374047719,-0.0457813479,-0.651605308,-0.385223478,-64.6746445,-0.476794928,0.00268535758,0.190687522,0.0231530309,-0.0034568879,-0.147657561,-0.0977220907,0.00299238175,-0.00366250783,0.3,0.3,-0.3,-0.271519239,0.000214828607,0.0152550018,0.0231530309,0.147657561,0.00299238175,0.3,0.3,0.000214828607,0.0034568879,-0.0977220907,-0.00366250783,-0.3,-0.0152550018,0.271519239
984,28300244,0.289371192,-0.0432417803,-0.158706203,0.00744974287,0.0374857709,-0.0459306501,-0.651470602,-0.385394186,-64.67379,-0.47718358,0.002359509,0.190750167,0.0231496954,-0.00345934242,-0.147611861,-0.0977650771,0.00299886167,-0.00367445201,0.3,0.3,-0.3,-0.271577537,0.00018876072,0.0152600133,0.0231496954,0.147611861,0.00299886167,0.3,0.3,0.00018876072,0.00345934242,-0.0977650771,-0.00367445201,-0.3,-0.0152600133,0.271577537
985,28323853,0.28977406,-0.0432523005,-0.158647954,0.00747215608,0.037449751,-0.0459743887,-0.65148598,-0.385473549,-64.6728516,-0.477434069,0.00156094495,0.190789506,0.0231819248,-0.00346018404,-0.147594386,-0.0977583532,0.00299598008,-0.0036779511,0.3,0.3,-0.3,-0.27161511,0.000124875596,0.0152631605,0.0231819248,0.147594386,0.00299598008,0.3,0.3,0.000124875596,0.00346018404,-0.0977583532,-0.0036779511,-0.3,-0.0152631605,0.27161511
986,28340203,0.290187001,-0.0434190705,-0.158519298,0.00754433731,0.0374297835,-0.0458758436,-0.651319385,-0.385455817,-64.6717911,-0.47753799,0.000902299304,0.191071168,0.0232149601,-0.00347352564,-0.147555789,-0.0977366988,0.00299438268,-0.00367006749,0.3,0.3,-0.3,-0.271630698,7.21839443e-05,0.0152856934,0.0232149601,0.147555789,0.00299438268,0.3,0.3,7.21839443e-05,0.00347352564,-0.0977366988,-0.00367006749,-0.3,-0.0152856934,0.271630698
987,28360548,0.290375262,-0.043554984,-0.158534288,0.00788288191,0.0372289047,-0.0459287465,-0.650971949,-0.385130912,-64.6706696,-0.4776133,0.000499860093,0.191508979,0.023230021,-0.00348439872,-0.147560287,-0.0976351354,0.00297831237,-0.00367429972,0.3,0.3,-0.3,-0.271641995,3.99888074e-05,0.0153207183,0.023230021,0.147560287,0.00297831237,0.3,0.3,3.99888074e-05,0.00348439872,-0.0976351354,-0.00367429972,-0.3,-0.0153207183,0.271641995
988,28387695,0.290579289,-0.0436741263,-0.158411682,0.00797696039,0.0371485054,-0.045826707,-0.650658965,-0.384758562,-64.669548,-0.477662593,0.000196708119,0.191862881,0.0232463431,-0.0034939301,-0.147523504,-0.0976069119,0.00297188044,-0.00366613656,0.3,0.3,-0.3,-0.271649389,1.57366495e-05,0.0153490305,0.0232463431,0.147523504,0.00297188044,0.3,0.3,1.57366495e-05,0.0034939301,-0.0976069119,-0.00366613656,-0.3,-0.0153490305,0.271649389
989,28400568,0.290611655,-0.0439056382,-0.158211574,0.00792160537,0.0371343419,-0.0455175266,-0.650213599,-0.384387881,-64.668808,-0.477670938,0.000359236408,0.192367658,0.0232489324,-0.00351245105,-0.147463472,-0.0976235184,0.00297074735,-0.00364140213,0.3,0.3,-0.3,-0.271650641,2.87389127e-05,0.0153894126,0.0232489324,0.147463472,0.00297074735,0.3,0.3,2.87389127e-05,0.00351245105,-0.0976235184,-0.00364140213,-0.3,-0.0153894126,0.271650641
990,28423280,0.290746987,-0.0440278798,-0.158406764,0.00750051299,0.0370957367,-0.0453951657,-0.650399685,-0.384828031,-64.6681366,-0.477583975,0.000299665844,0.192522258,0.0232597589,-0.00352223039,-0.147522029,-0.0977498461,0.00296765894,-0.00363161325,0.3,0.3,-0.3,-0.271637596,2.39732675e-05,0.0154017806,0.0232597589,0.147522029,0.00296765894,0.3,0.3,2.39732675e-05,0.00352223039,-0.0977498461,-0.00363161325,-0.3,-0.0154017806,0.271637596
991,28441182,0.290918916,-0.0441038087,-0.158427328,0.0075983787,0.037029013,-0.0454622768,-0.650558472,-0.384980023,-64.6673126,-0.477551997,0.000337014266,0.192482695,0.0232735133,-0.0035283047,-0.147528198,-0.0977204864,0.00296232104,-0.00363698214,0.3,0.3,-0.3,-0.2716328,2.69611413e-05,0.0153986156,0.0232735133,0.147528198,0.00296232104,0.3,0.3,2.69611413e-05,0.0035283047,-0.0977204864,-0.00363698214,-0.3,-0.0153986156,0.2716328
992,28461902,0.29107374,-0.044039946,-0.15864265,0.00768145127,0.0369324833,-0.0456076674,-0.650716603,-0.385125101,-64.6663666,-0.477506012,0.000313582248,0.192392349,0.0232858992,-0.00352319568,-0.147592795,-0.0976955646,0.00295459867,-0.00364861339,0.3,0.3,-0.3,-0.271625902,2.50865798e-05,0.0153913879,0.0232858992,0.147592795,0.00295459867,0.3,0.3,2.50865798e-05,0.00352319568,-0.0976955646,-0.00364861339,-0.3,-0.0153913879,0.271625902
993,28485661,0.291050166,-0.0439057462,-0.158878908,0.00749731436,0.0369673632,-0.045880951,-0.650785506,-0.385658085,-64.6652832,-0.477651358,0.000322207983,0.192325741,0.0232840133,-0.0035124597,-0.147663672,-0.0977508057,0.00295738906,-0.00367047608,0.3,0.3,-0.3,-0.271647704,2.57766386e-05,0.0153860593,0.0232840133,0.147663672,0.00295738906,0.3,0.3,2.57766386e-05,0.0035124597,-0.0977508057,-0.00367047608,-0.3,-0.0153860593,0.271647704
994,28503677,0.291071147,-0.0437901206,-0.158970177,0.00728463568,0.037079215,-0.0460883826,-0.650969386,-0.386232466,-64.6642532,-0.477902949,0.00025787027,0.192185238,0.0232856917,-0.00350320965,-0.147691053,-0.0978146093,0.0029663372,-0.00368707061,0.3,0.3,-0.3,-0.271685442,2.06296216e-05,0.015374819,0.0232856917,0.147691053,0.0029663372,0.3,0.3,2.06296216e-05,0.00350320965,-0.0978146093,-0.00368707061,-0.3,-0.015374819,0.271685442
995,28521727,0.290971369,-0.0437142402,-0.159007132,0.00711110746,0.0371381268,-0.0462734252,-0.650896013,-0.386738867,-64.663208,-0.478137493,0.000219196736,0.1920726,0.0232777095,-0.00349713922,-0.14770214,-0.0978666678,0.00297105014,-0.00370187402,0.3,0.3,-0.3,-0.271720624,1.75357389e-05,0.015365808,0.0232777095,0.14770214,0.00297105014,0.3,0.3,1.75357389e-05,0.00349713922,-0.0978666678,-0.00370187402,-0.3,-0.015365808,0.271720624
996,28542816,0.290887415,-0.0436805002,-0.158917829,0.00703744031,0.0371757858,-0.0464751422,-0.650778115,-0.387101471,-64.6619034,-0.478332043,0.000245607138,0.192061841,0.0232709932,-0.00349444002,-0.147675349,-0.0978887679,0.00297406286,-0.00371801138,0.3,0.3,-0.3,-0.271749806,1.9648571e-05,0.0153649473,0.0232709932,0.147675349,0.00297406286,0.3,0.3,1.9648571e-05,0.00349444002,-0.0978887679,-0.00371801138,-0.3,-0.0153649473,0.271749806
997,28561228,0.290860444,-0.0435868986,-0.158959955,0.00692512048,0.0371773466,-0.0467041396,-0.650749087,-0.38754189,-64.6604462,-0.478558421,0.000229147452,0.192067996,0.0232688355,-0.00348695189,-0.147687986,-0.0979224639,0.00297418773,-0.00373633116,0.3,0.3,-0.3,-0.271783763,1.83317962e-05,0.0153654397,0.0232688355,0.147687986,0.00297418773,0.3,0.3,1.83317962e-05,0.00348695189,-0.0979224639,-0.00373633116,-0.3,-0.0153654397,0.271783763
998,28579703,0.290937632,-0.0434038602,-0.159284145,0.00634709885,0.0372907817,-0.047020711,-0.6510548,-0.388629586,-64.6589203,-0.478893965,-2.73729947e-05,0.191888705,0.0232750106,-0.00347230881,-0.147785243,-0.0980958703,0.00298326254,-0.00376165688,0.3,0.3,-0.3,-0.271834095,-2.18983958e-06,0.0153510964,0.0232750106,0.147785243,0.00298326254,0.3,0.3,-2.18983958e-06,0.00347230881,-0.0980958703,-0.00376165688,-0.3,-0.0153510964,0.271834095
999,28602234,0.290919542,-0.043330282,-0.159253061,0.00608150102,0.0374947824,-0.047299806,-0.651172698,-0.389465719,-64.6575089,-0.479333609,-0.00012770266,0.191744164,0.0232735634,-0.00346642256,-0.147775918,-0.0981755497,0.00299958259,-0.00378398448,0.3,0.3,-0.3,-0.271900041,-1.02162128e-05,0.0153395331,0.0232735634,0.147775918,0.00299958259,0.3,0.3,-1.02162128e-05,0.00346642256,-0.0981755497,-0.00378398448,-0.3,-0.0153395331,0.271900041
1000,28621549,0.290893108,-0.0433771946,-0.159071043,0.00593551947,0.0375852101,-0.0475626327,-0.650970101,-0.389783502,-64.6560364,-0.479799658,-0.000207635007,0.192154825,0.0232714486,-0.00347017556,-0.147721313,-0.0982193442,0.0030068168,-0.00380501062,0.3,0.3,-0.3,-0.271969949,-1.66108005e-05,0.015372386,0.0232714486,0.147721313,0.0030068168,0.3,0.3,-1.66108005e-05,0.00347017556,-0.0982193442,-0.00380501062,-0.3,-0.015372386,0.271969949
1001,28640208,0.291010797,-0.0434069335,-0.159060016,0.00548653584,0.0376870595,-0.0477722622,-0.650960207,-0.39037621,-64.6542282,-0.480279863,-0.000249933772,0.192656606,0.0232808638,-0.00347255468,-0.147718005,-0.0983540392,0.00301496476,-0.00382178098,0.3,0.3,-0.3,-0.272041979,-1.99947017e-05,0.0154125285,0.0232808638,0.147718005,0.00301496476,0.3,0.3,-1.99947017e-05,0.00347255468,-0.0983540392,-0.00382178098,-0.3,-0.0154125285,0.272041979
1002,28661556,0.291227818,-0.0433819778,-0.158859849,0.00528162718,0.0377753638,-0.0479533561,-0.650953412,-0.390679061,-64.6523895,-0.480787784,-0.000432523928,0.193065286,0.0232982254,-0.00347055823,-0.147657955,-0.0984155118,0.0030220291,-0.00383626848,0.3,0.3,-0.3,-0.272118168,-3.46019142e-05,0.0154452229,0.0232982254,0.147657955,0.0030220291,0.3,0.3,-3.46019142e-05,0.00347055823,-0.0984155118,-0.00383626848,-0.3,-0.0154452229,0.272118168
1003,28681158,0.291570961,-0.0433152951,-0.158952102,0.00497252122,0.0378374085,-0.0482481644,-0.651255727,-0.391240835,-64.6506424,-0.481429547,-0.000969168905,0.193074375,0.0233256769,-0.00346522361,-0.147685631,-0.0985082436,0.00302699268,-0.00385985315,0.3,0.3,-0.3,-0.272214432,-7.75335124e-05,0.01544595,0.0233256769,0.147685631,0.00302699268,0.3,0.3,-7.75335124e-05,0.00346522361,-0.0985082436,-0.00385985315,-0.3,-0.01544595,0.272214432
1004,28701257,0.292025417,-0.0431610756,-0.159134656,0.00490994984,0.0379005745,-0.0485852845,-0.651722848,-0.39166373,-64.649147,-0.482167423,-0.00163973472,0.192705497,0.0233620334,-0.00345288604,-0.147740397,-0.098527015,0.00303204596,-0.00388682276,0.3,0.3,-0.3,-0.272325113,-0.000131178778,0.0154164398,0.0233620334,0.147740397,0.00303204596,0.3,0.3,-0.000131178778,0.00345288604,-0.098527015,-0.00388682276,-0.3,-0.0154164398,0.272325113
1005,28719807,0.292368531,-0.043077562,-0.159140885,0.00466003176,0.0380630419,-0.0485739224,-0.651788056,-0.392246485,-64.6476364,-0.482812405,-0.00176945841,0.192529976,0.0233894825,-0.00344620496,-0.147742265,-0.0986019905,0.00304504335,-0.00388591379,0.3,0.3,-0.3,-0.272421861,-0.000141556673,0.0154023981,0.0233894825,0.147742265,0.00304504335,0.3,0.3,-0.000141556673,0.00344620496,-0.0986019905,-0.00388591379,-0.3,-0.0154023981,0.272421861
1006,28743943,0.292592555,-0.0430405661,-0.159012288,0.00461241649,0.0381740592,-0.0486433581,-0.651646733,-0.392502576,-64.6460724,-0.483390123,-0.00191668712,0.192463472,0.0234074044,-0.00344324529,-0.147703686,-0.0986162751,0.00305392474,-0.00389146864,0.3,0.3,-0.3,-0.272508518,-0.00015333497,0.0153970778,0.0234074044,0.147703686,0.00305392474,0.3,0.3,-0.00015333497,0.00344324529,-0.0986162751,-0.00389146864,-0.3,-0.0153970778,0.272508518
1007,28762487,0.292793721,-0.042997282,-0.159121364,0.00441269903,0.0382483639,-0.0487548262,-0.651609421,-0.392954856,-64.6444244,-0.483919889,-0.00195031404,0.192486361,0.0234234977,-0.00343978256,-0.147736409,-0.0986761903,0.00305986911,-0.0039003861,0.3,0.3,-0.3,-0.272587983,-0.000156025123,0.0153989089,0.0234234977,0.147736409,0.00305986911,0.3,0.3,-0.000156025123,0.00343978256,-0.0986761903,-0.0039003861,-0.3,-0.0153989089,0.272587983
1008,28781729,0.292700708,-0.0428316779,-0.159354404,0.00421623234,0.0383116268,-0.049107153,-0.651413441,-0.39356485,-64.6425934,-0.484473974,-0.0019554405,0.192581713,0.0234160566,-0.00342653424,-0.147806321,-0.0987351303,0.00306493014,-0.00392857224,0.3,0.3,-0.3,-0.272671096,-0.00015643524,0.0154065371,0.0234160566,0.147806321,0.00306493014,0.3,0.3,-0.00015643524,0.00342653424,-0.0987351303,-0.00392857224,-0.3,-0.0154065371,0.272671096
1009,28802201,0.292435855,-0.0426927358,-0.159366667,0.00397487264,0.0384628288,-0.0493940525,-0.651141942,-0.394082516,-64.6410141,-0.485094488,-0.00190440181,0.192781284,0.0233948684,-0.00341541886,-0.14781,-0.0988075382,0.00307702631,-0.0039515242,0.3,0.3,-0.3,-0.272764173,-0.000152352145,0.0154225028,0.0233948684,0.14781,0.00307702631,0.3,0.3,-0.000152352145,0.00341541886,-0.0988075382,-0.0039515242,-0.3,-0.0154225028,0.272764173
1010,28823331,0.292377084,-0.0423875935,-0.159786344,0.00318025332,0.0386224613,-0.049849797,-0.65152514,-0.395677567,-64.6393127,-0.485744715,-0.0021984668,0.192508534,0.0233901668,-0.00339100748,-0.147935903,-0.099045924,0.0030897969,-0.00398798376,0.3,0.3,-0.3,-0.272861707,-0.000175877344,0.0154006827,0.0233901668,0.147935903,0.0030897969,0.3,0.3,-0.000175877344,0.00339100748,-0.099045924,-0.00398798376,-0.3,-0.0154006827,0.272861707
1011,28843907,0.292356491,-0.0422921441,-0.159639657,0.00253006467,0.0389421731,-0.050285425,-0.651505172,-0.397169769,-64.6372757,-0.486474395,-0.00231635477,0.192509085,0.0233885193,-0.00338337153,-0.147891897,-0.0992409806,0.00311537385,-0.004022834,0.3,0.3,-0.3,-0.272971159,-0.000185308382,0.0154007268,0.0233885193,0.147891897,0.00311537385,0.3,0.3,-0.000185308382,0.00338337153,-0.0992409806,-0.004022834,-0.3,-0.0154007268,0.272971159
1012,28860701,0.292440206,-0.0421947613,-0.159590214,0.00207971223,0.0391700454,-0.050906904,-0.651516259,-0.39847818,-64.6350403,-0.487294495,-0.002691512,0.192414194,0.0233952165,-0.00337558091,-0.147877064,-0.0993760863,0.00313360363,-0.00407255232,0.3,0.3,-0.3,-0.273094174,-0.00021532096,0.0153931355,0.0233952165,0.147877064,0.00313360363,0.3,0.3,-0.00021532096,0.00337558091,-0.0993760863,-0.00407255232,-0.3,-0.0153931355,0.273094174
1013,28886234,0.292615145,-0.0420707539,-0.159765184,0.00135170377,0.0394553207,-0.0516075864,-0.651719272,-0.400038004,-64.6326904,-0.488238424,-0.00326110423,0.192078158,0.0234092116,-0.00336566031,-0.147929555,-0.0995944889,0.00315642565,-0.00412860692,0.3,0.3,-0.3,-0.273235764,-0.000260888338,0.0153662527,0.0234092116,0.147929555,0.00315642565,0.3,0.3,-0.000260888338,0.00336566031,-0.0995944889,-0.00412860692,-0.3,-0.0153662527,0.273235764
1014,28902412,0.292703807,-0.0419278629,-0.159734368,0.000972557988,0.0397233441,-0.052258987,-0.651617944,-0.401028216,-64.6303253,-0.489277959,-0.00387640647,0.191764012,0.0234163046,-0.00335422903,-0.14792031,-0.0997082326,0.00317786753,-0.00418071896,0.3,0.3,-0.3,-0.273391694,-0.000310112517,0.015341121,0.0234163046,0.14792031,0.00317786753,0.3,0.3,-0.000310112517,0.00335422903,-0.0997082326,-0.00418071896,-0.3,-0.015341121,0.273391694
1015,28920612,0.292972267,-0.0419561565,-0.15973188,0.00064144592,0.0398790687,-0.0528537184,-0.65136826,-0.401901633,-64.6278687,-0.490273923,-0.00497522438,0.19179754,0.0234377813,-0.00335649252,-0.147919564,-0.0998075662,0.0031903255,-0.00422829747,0.3,0.3,-0.3,-0.273541088,-0.00039801795,0.0153438032,0.0234377813,0.147919564,0.0031903255,0.3,0.3,-0.00039801795,0.00335649252,-0.0998075662,-0.00422829747,-0.3,-0.0153438032,0.273541088
1016,28938830,0.293423176,-0.0419420563,-0.159808949,0.000312226708,0.0400229283,-0.0532967672,-0.65133059,-0.40285334,-64.6251297,-0.491166681,-0.00605185563,0.191835642,0.0234738541,-0.0033553645,-0.147942685,-0.099906332,0.00320183426,-0.00426374137,0.3,0.3,-0.3,-0.273675002,-0.00048414845,0.0153468513,0.0234738541,0.147942685,0.00320183426,0.3,0.3,-0.00048414845,0.0033553645,-0.099906332,-0.00426374137,-0.3,-0.0153468513,0.273675002
1017,28962225,0.293772846,-0.0419325531,-0.159782097,-2.44948405e-05,0.0401812047,-0.0535967499,-0.6510548,-0.403786898,-64.622261,-0.492028296,-0.0067482111,0.192043409,0.0235018277,-0.00335460424,-0.147934629,-0.100007348,0.00321449637,-0.00428773999,0.3,0.3,-0.3,-0.273804244,-0.000539856888,0.0153634727,0.0235018277,0.147934629,0.00321449637,0.3,0.3,-0.000539856888,0.00335460424,-0.100007348,-0.00428773999,-0.3,-0.0153634727,0.273804244
1018,28979262,0.294077396,-0.0420690142,-0.159905702,-0.000797948334,0.040417619,-0.0540580712,-0.650929987,-0.405345887,-64.6194153,-0.493002921,-0.00749843568,0.192094773,0.0235261917,-0.00336552113,-0.147971711,-0.100239385,0.00323340952,-0.0043246457,0.3,0.3,-0.3,-0.273950438,-0.000599874854,0.0153675818,0.0235261917,0.147971711,0.00323340952,0.3,0.3,-0.000599874854,0.00336552113,-0.100239385,-0.0043246457,-0.3,-0.0153675818,0.273950438
1019,29007545,0.294384688,-0.0421255641,-0.160220712,-0.00171144505,0.0407391377,-0.0547175929,-0.650975525,-0.407195568,-64.6166534,-0.494089663,-0.00816268567,0.191810876,0.0235507751,-0.00337004513,-0.148066214,-0.100513434,0.00325913101,-0.00437740743,0.3,0.3,-0.3,-0.274113449,-0.000653014854,0.0153448701,0.0235507751,0.148066214,0.00325913101,0.3,0.3,-0.000653014854,0.00337004513,-0.100513434,-0.00437740743,-0.3,-0.0153448701,0.274113449
1020,29019746,0.294479996,-0.04217498,-0.16009517,-0.00226520398,0.0410352796,-0.0554094277,-0.65059942,-0.408527225,-64.6138,-0.495181024,-0.00856825057,0.191649005,0.0235583997,-0.0033739984,-0.148028551,-0.100679561,0.00328282237,-0.00443275422,0.3,0.3,-0.3,-0.274277154,-0.000685460046,0.0153319204,0.0235583997,0.148028551,0.00328282237,0.3,0.3,-0.000685460046,0.0033739984,-0.100679561,-0.00443275422,-0.3,-0.0153319204,0.274277154
1021,29040238,0.29458493,-0.042203214,-0.159933358,-0.00277608703,0.0413124524,-0.0561120175,-0.650356829,-0.409709483,-64.6107407,-0.496286035,-0.00907002576,0.191438511,0.0235667944,-0.00337625712,-0.147980008,-0.100832826,0.00330499619,-0.0044889614,0.3,0.3,-0.3,-0.274442905,-0.000725602061,0.0153150809,0.0235667944,0.147980008,0.00330499619,0.3,0.3,-0.000725602061,0.00337625712,-0.100832826,-0.0044889614,-0.3,-0.0153150809,0.274442905
1022,29063493,0.294800818,-0.0420495458,-0.159954965,-0.00346933724,0.0416239016,-0.0567989573,-0.65027827,-0.411050826,-64.6074905,-0.497421235,-0.00961030368,0.191115454,0.0235840654,-0.00336396366,-0.14798649,-0.101040801,0.00332991213,-0.00454391658,0.3,0.3,-0.3,-0.274613185,-0.000768824294,0.0152892363,0.0235840654,0.14798649,0.00332991213,0.3,0.3,-0.000768824294,0.00336396366,-0.101040801,-0.00454391658,-0.3,-0.0152892363,0.274613185
1023,29079992,0.294900507,-0.0419611409,-0.159952909,-0.00413197977,0.041946426,-0.057492815,-0.650007367,-0.412301034,-64.6041107,-0.498624384,-0.0100208465,0.190955639,0.0235920405,-0.00335689127,-0.147985873,-0.101239594,0.00335571408,-0.0045994252,0.3,0.3,-0.3,-0.274793658,-0.00080166772,0.0152764511,0.0235920405,0.147985873,0.00335571408,0.3,0.3,-0.00080166772,0.00335689127,-0.101239594,-0.0045994252,-0.3,-0.0152764511,0.274793658
1024,29102152,0.295264333,-0.0419399999,-0.160020873,-0.00484942785,0.0422899649,-0.0581916869,-0.649748981,-0.413731515,-64.6007843,-0.499854594,-0.0111656236,0.190739319,0.0236211467,-0.00335519999,-0.148006262,-0.101454828,0.00338319719,-0.00465533495,0.3,0.3,-0.3,-0.274978189,-0.000893249884,0.0152591455,0.0236211467,0.148006262,0.00338319719,0.3,0.3,-0.000893249884,0.00335519999,-0.101454828,-0.00465533495,-0.3,-0.0152591455,0.274978189
1025,29120608,0.295655638,-0.0420809425,-0.159934863,-0.00553548057,0.0425975621,-0.058816094,-0.64929831,-0.415156633,-64.5973206,-0.501001775,-0.0122492975,0.190715194,0.023652451,-0.0033664754,-0.147980459,-0.101660644,0.00340780497,-0.00470528752,0.3,0.3,-0.3,-0.275150266,-0.000979943797,0.0152572155,0.023652451,0.147980459,0.00340780497,0.3,0.3,-0.000979943797,0.0033664754,-0.101660644,-0.00470528752,-0.3,-0.0152572155,0.275150266
1026,29146416,0.295935184,-0.0422873348,-0.159828216,-0.00610877248,0.0428744704,-0.0595523901,-0.648965478,-0.416548133,-64.5936813,-0.502132654,-0.0134683251,0.190641984,0.0236748147,-0.00338298678,-0.147948465,-0.101832632,0.00342995763,-0.00476419121,0.3,0.3,-0.3,-0.275319898,-0.00107746601,0.0152513587,0.0236748147,0.147948465,0.00342995763,0.3,0.3,-0.00107746601,0.00338298678,-0.101832632,-0.00476419121,-0.3,-0.0152513587,0.275319898
1027,29159934,0.296242177,-0.0423843563,-0.159723982,-0.00647203578,0.0431080945,-0.0602814183,-0.648608863,-0.417687565,-64.5901184,-0.503287077,-0.0144456029,0.19045426,0.0236993742,-0.0033907485,-0.147917195,-0.101941611,0.00344864756,-0.00482251346,0.3,0.3,-0.3,-0.275493062,-0.00115564823,0.0152363408,0.0236993742,0.147917195,0.00344864756,0.3,0.3,-0.00115564823,0.0033907485,-0.101941611,-0.00482251346,-0.3,-0.0152363408,0.275493062
1028,29192089,0.29643169,-0.0423463695,-0.15957807,-0.00671991846,0.0433633588,-0.0609370582,-0.64817369,-0.418560684,-64.5865555,-0.504483581,-0.0153359901,0.190139964,0.0237145352,-0.00338770956,-0.147873421,-0.102015976,0.00346906871,-0.00487496465,0.3,0.3,-0.3,-0.275672537,-0.00122687921,0.0152111971,0.0237145352,0.147873421,0.00346906871,0.3,0.3,-0.00122687921,0.00338770956,-0.102015976,-0.00487496465,-0.3,-0.0152111971,0.275672537
1029,29198494,0.296578884,-0.042314209,-0.159456655,-0.00717020035,0.0436545983,-0.0613915287,-0.647834063,-0.41936636,-64.5832672,-0.505717635,-0.0159273185,0.189874649,0.0237263107,-0.00338513672,-0.147836997,-0.10215106,0.00349236786,-0.0049113223,0.3,0.3,-0.3,-0.275857645,-0.00127418548,0.0151899719,0.0237263107,0.147836997,0.00349236786,0.3,0.3,-0.00127418548,0.00338513672,-0.10215106,-0.0049113223,-0.3,-0.0151899719,0.275857645
1030,29221763,0.296747357,-0.0421419069,-0.159552068,-0.00753955822,0.0438224934,-0.0619592853,-0.647608221,-0.420170844,-64.5799332,-0.506871998,-0.0166263208,0.189573094,0.0237397885,-0.00337135255,-0.14786562,-0.102261867,0.00350579947,-0.00495674282,0.3,0.3,-0.3,-0.2760308,-0.00133010566,0.0151658475,0.0237397885,0.14786562,0.00350579947,0.3,0.3,-0.00133010566,0.00337135255,-0.102261867,-0.00495674282,-0.3,-0.0151658475,0.2760308
1031,29241663,0.297108591,-0.0421348251,-0.159372091,-0.00798433181,0.0441221222,-0.0623323359,-0.647073925,-0.421016842,-64.5764236,-0.507925272,-0.0176216755,0.189453498,0.0237686872,-0.00337078601,-0.147811627,-0.1023953,0.00352976978,-0.00498658687,0.3,0.3,-0.3,-0.276188791,-0.00140973404,0.0151562798,0.0237686872,0.147811627,0.00352976978,0.3,0.3,-0.00140973404,0.00337078601,-0.1023953,-0.00498658687,-0.3,-0.0151562798,0.276188791
1032,29259568,0.29312858,-0.0415426455,-0.158085778,-0.00825767498,0.0444443971,-0.0622357316,-0.64599973,-0.419278741,-64.5739136,-0.509349763,-0.00927393138,0.191082522,0.0234502864,-0.00332341164,-0.147425734,-0.102477302,0.00355555177,-0.00497885853,0.3,0.3,-0.3,-0.276402465,-0.000741914511,0.0152866018,0.0234502864,0.147425734,0.00355555177,0.3,0.3,-0.000741914511,0.00332341164,-0.102477302,-0.00497885853,-0.3,-0.0152866018,0.276402465
1033,29284203,0.28998965,-0.0407008752,-0.156681955,-0.00407623593,0.0434703715,-0.0637954548,-0.64808327,-0.412578285,-64.5742722,-0.512606084,-0.00795094483,0.191181391,0.023199172,-0.00325607002,-0.147004586,-0.101222871,0.00347762972,-0.00510363638,0.3,0.3,-0.3,-0.276890913,-0.000636075586,0.0152945113,0.023199172,0.147004586,0.00347762972,0.3,0.3,-0.000636075586,0.00325607002,-0.101222871,-0.00510363638,-0.3,-0.0152945113,0.276890913
1034,29299127,0.29009375,-0.037464194,-0.166227266,-0.00101161061,0.0405419394,-0.0692465156,-0.656651556,-0.414062947,-64.571022,-0.516917646,-0.0103207873,0.185552731,0.0232075,-0.00299713552,-0.14986818,-0.100303483,0.00324335515,-0.00553972125,0.3,0.3,-0.3,-0.277537647,-0.000825662985,0.0148442185,0.0232075,0.14986818,0.00324335515,0.3,0.3,-0.000825662985,0.00299713552,-0.100303483,-0.00553972125,-0.3,-0.0148442185,0.277537647
1035,29324753,0.288634896,-0.0339339077,-0.17060864,-0.00414887676,0.0409526005,-0.0719409287,-0.657867014,-0.421714365,-64.5622253,-0.521044552,-0.00643413793,0.181779921,0.0230907917,-0.00271471262,-0.151182592,-0.101244663,0.00327620804,-0.0057552743,0.3,0.3,-0.3,-0.278156683,-0.000514731035,0.0145423937,0.0230907917,0.151182592,0.00327620804,0.3,0.3,-0.000514731035,0.00271471262,-0.101244663,-0.0057552743,-0.3,-0.0145423937,0.278156683
1036,29341470,0.284078151,-0.0347633697,-0.171958476,-0.00530850654,0.0404222533,-0.0788904279,-0.655197203,-0.429196894,-64.5520477,-0.527424872,-0.00565819023,0.177472353,0.0227262521,-0.00278106958,-0.151587543,-0.101592552,0.00323378026,-0.00631123424,0.3,0.3,-0.3,-0.279113731,-0.000452655219,0.0141977882,0.0227262521,0.151587543,0.00323378026,0.3,0.3,-0.000452655219,0.00278106958,-0.101592552,-0.00631123424,-0.3,-0.0141977882,0.279113731
1037,29362027,0.277297944,-0.0381116904,-0.170091867,-0.00799830537,0.0409674235,-0.0863013491,-0.6476686,-0.43587938,-64.5393829,-0.533557355,-0.00659018662,0.173317239,0.0221838355,-0.00304893523,-0.15102756,-0.102399492,0.00327739388,-0.00690410793,0.3,0.3,-0.3,-0.280033603,-0.000527214929,0.0138653791,0.0221838355,0.15102756,0.00327739388,0.3,0.3,-0.000527214929,0.00304893523,-0.102399492,-0.00690410793,-0.3,-0.0138653791,0.280033603
1038,29387348,0.269483626,-0.0431013405,-0.165531561,-0.0140633509,0.0420919396,-0.0931462348,-0.63698864,-0.443937927,-64.5248795,-0.539125383,-0.00554036209,0.17118305,0.0215586901,-0.00344810724,-0.149659468,-0.104219005,0.00336735517,-0.00745169878,0.3,0.3,-0.3,-0.280868807,-0.000443228967,0.013694644,0.0215586901,0.149659468,0.00336735517,0.3,0.3,-0.000443228967,0.00344810724,-0.104219005,-0.00745169878,-0.3,-0.013694644,0.280868807
1039,29398326,0.262137115,-0.049624797,-0.160036922,-0.0217917338,0.0433307104,-0.101550035,-0.625239372,-0.454565465,-64.5126343,-0.544733584,-0.00750971399,0.168434933,0.0209709692,-0.00396998376,-0.148011076,-0.10653752,0.00346645683,-0.00812400281,0.3,0.3,-0.3,-0.281710038,-0.000600777119,0.0134747946,0.0209709692,0.148011076,0.00346645683,0.3,0.3,-0.000600777119,0.00396998376,-0.10653752,-0.00812400281,-0.3,-0.0134747946,0.281710038
1040,29427238,0.258925945,-0.0540556051,-0.154940113,-0.0286848284,0.0444928892,-0.110827424,-0.617838919,-0.463462621,-64.5002441,-0.550488293,-0.0147878341,0.162383571,0.0207140756,-0.00432444841,-0.146482034,-0.108605449,0.00355943114,-0.00886619389,0.3,0.3,-0.3,-0.282573244,-0.00118302673,0.0129906857,0.0207140756,0.146482034,0.00355943114,0.3,0.3,-0.00118302673,0.00432444841,-0.108605449,-0.00886619389,-0.3,-0.0129906857,0.282573244
1041,29440511,0.257624149,-0.0589889809,-0.148546815,-0.0363390259,0.0466045327,-0.117332868,-0.610368073,-0.471316129,-64.4878006,-0.555150807,-0.0211479831,0.157141849,0.0206099319,-0.00471911848,-0.144564044,-0.110901708,0.00372836262,-0.00938662946,0.3,0.3,-0.3,-0.283272621,-0.00169183865,0.012571348,0.0206099319,0.144564044,0.00372836262,0.3,0.3,-0.00169183865,0.00471911848,-0.110901708,-0.00938662946,-0.3,-0.012571348,0.283272621
1042,29461731,0.257128507,-0.0654116794,-0.141618133,-0.0452152863,0.0489815846,-0.121986263,-0.602348328,-0.480195552,-64.4764175,-0.558632374,-0.0257258639,0.154035062,0.0205702806,-0.00523293436,-0.14248544,-0.113564586,0.00391852677,-0.009758901,0.3,0.3,-0.3,-0.283794856,-0.00205806911,0.0123228049,0.0205702806,0.14248544,0.00391852677,0.3,0.3,-0.00205806911,0.00523293436,-0.113564586,-0.009758901,-0.3,-0.0123228049,0.283794856
1043,29493353,0.25795868,-0.073208712,-0.134184361,-0.0557170883,0.0516840257,-0.125271663,-0.594886839,-0.490815639,-64.4648972,-0.5614568,-0.0284320284,0.152726695,0.0206366944,-0.00585669696,-0.140255308,-0.116715126,0.00413472205,-0.010021733,0.3,0.3,-0.3,-0.28421852,-0.00227456227,0.0122181356,0.0206366944,0.140255308,0.00413472205,0.3,0.3,-0.00227456227,0.00585669696,-0.116715126,-0.010021733,-0.3,-0.0122181356,0.28421852
1044,29501606,0.26007542,-0.0815172121,-0.126077071,-0.0641123056,0.0540387854,-0.127523109,-0.588602185,-0.499020785,-64.4540253,-0.563599944,-0.0301430374,0.153958321,0.0208060336,-0.00652137697,-0.137823121,-0.119233692,0.00432310283,-0.0102018487,0.3,0.3,-0.3,-0.284539992,-0.002411443,0.0123166656,0.0208060336,0.137823121,0.00432310283,0.3,0.3,-0.002411443,0.00652137697,-0.119233692,-0.0102018487,-0.3,-0.0123166656,0.284539992
1045,29526309,0.263737351,-0.0870938078,-0.118812717,-0.0673448965,0.0555366166,-0.12838231,-0.584448397,-0.500489891,-64.4451828,-0.564351797,-0.0322725698,0.15723367,0.0210989881,-0.00696750462,-0.135643815,-0.120203469,0.00444292933,-0.0102705848,0.3,0.3,-0.3,-0.28465277,-0.00258180559,0.0125786936,0.0210989881,0.135643815,0.00444292933,0.3,0.3,-0.00258180559,0.00696750462,-0.120203469,-0.0102705848,-0.3,-0.0125786936,0.28465277
1046,29538765,0.269594014,-0.0882962942,-0.114562422,-0.0682636052,0.0562278666,-0.125652134,-0.583127022,-0.496964902,-64.4366684,-0.563645005,-0.0318878479,0.164096236,0.0215675211,-0.00706370354,-0.134368727,-0.120479082,0.00449822932,-0.0100521708,0.3,0.3,-0.3,-0.284546751,-0.00255102783,0.0131276989,0.0215675211,0.134368727,0.00449822932,0.3,0.3,-0.00255102783,0.00706370354,-0.120479082,-0.0100521708,-0.3,-0.0131276989,0.284546751
1047,29564161,0.276762962,-0.0854506344,-0.114473455,-0.0668853298,0.0557005815,-0.121677376,-0.58542031,-0.491013378,-64.4281693,-0.561734617,-0.0315094255,0.17310518,0.022141037,-0.00683605075,-0.134342036,-0.120065599,0.00445604652,-0.00973419011,0.3,0.3,-0.3,-0.284260193,-0.00252075404,0.0138484144,0.022141037,0.134342036,0.00445604652,0.3,0.3,-0.00252075404,0.00683605075,-0.120065599,-0.00973419011,-0.3,-0.0138484144,0.284260193
1048,29581442,0.283122718,-0.0799837559,-0.118472144,-0.0625393838,0.054139968,-0.1177506,-0.590856254,-0.4829849,-64.4193039,-0.559879243,-0.0304844249,0.181843296,0.0226498175,-0.00639870048,-0.135541643,-0.118761815,0.00433119744,-0.009420048,0.3,0.3,-0.3,-0.283981887,-0.00243875399,0.0145474637,0.0226498175,0.135541643,0.00433119744,0.3,0.3,-0.00243875399,0.00639870048,-0.118761815,-0.009420048,-0.3,-0.0145474637,0.283981887
1049,29601388,0.28771013,-0.0730478987,-0.125506088,-0.0563666485,0.052038908,-0.114607841,-0.598840237,-0.474667221,-64.4095306,-0.558380604,-0.0297540314,0.187884912,0.0230168104,-0.0058438319,-0.137651826,-0.116909995,0.00416311264,-0.00916862726,0.3,0.3,-0.3,-0.283757091,-0.00238032252,0.015030793,0.0230168104,0.137651826,0.00416311264,0.3,0.3,-0.00238032252,0.0058438319,-0.116909995,-0.00916862726,-0.3,-0.015030793,0.283757091
1050,29621112,0.289255828,-0.0672212616,-0.133155257,-0.0506468676,0.049957715,-0.113194801,-0.605905235,-0.469286948,-64.3989716,-0.558376372,-0.0295182914,0.190457866,0.0231404662,-0.00537770092,-0.139946577,-0.11519406,0.0039966172,-0.00905558407,0.3,0.3,-0.3,-0.283756456,-0.00236146331,0.0152366292,0.0231404662,0.139946577,0.0039966172,0.3,0.3,-0.00236146331,0.00537770092,-0.11519406,-0.00905558407,-0.3,-0.0152366292,0.283756456
1051,29650396,0.289086074,-0.0632148758,-0.138963073,-0.0467836149,0.0487783402,-0.112847626,-0.610175312,-0.467859119,-64.3869019,-0.559661448,-0.029888222,0.18979463,0.0231268859,-0.00505719006,-0.141688922,-0.114035084,0.00390226722,-0.0090278101,0.3,0.3,-0.3,-0.283949217,-0.00239105776,0.0151835704,0.0231268859,0.141688922,0.00390226722,0.3,0.3,-0.00239105776,0.00505719006,-0.114035084,-0.0090278101,-0.3,-0.0151835704,0.283949217
1052,29664814,0.287055701,-0.0619155541,-0.140935823,-0.044969108,0.0484564342,-0.11319524,-0.609964728,-0.468847394,-64.3742294,-0.561950982,-0.0304724183,0.18774201,0.0229644561,-0.00495324433,-0.142280747,-0.113490732,0.00387651473,-0.00905561924,0.3,0.3,-0.3,-0.284292647,-0.00243779346,0.0150193608,0.0229644561,0.142280747,0.00387651473,0.3,0.3,-0.00243779346,0.00495324433,-0.113490732,-0.00905561924,-0.3,-0.0150193608,0.284292647
1053,29683957,0.284289867,-0.0635706261,-0.13910526,-0.0459847562,0.0491256602,-0.113789499,-0.606281221,-0.471709222,-64.3618851,-0.564589143,-0.0314174779,0.185688123,0.0227431893,-0.00508565009,-0.141731578,-0.113795427,0.00393005282,-0.0091031599,0.3,0.3,-0.3,-0.284688371,-0.00251339823,0.0148550498,0.0227431893,0.141731578,0.00393005282,0.3,0.3,-0.00251339823,0.00508565009,-0.113795427,-0.0091031599,-0.3,-0.0148550498,0.284688371
1054,29700258,0.281887382,-0.0670977831,-0.134651974,-0.0487209521,0.0502419099,-0.114091322,-0.600434303,-0.4744986,-64.3508911,-0.566679716,-0.0321087614,0.184948668,0.0225509906,-0.00536782265,-0.140395592,-0.114616286,0.00401935279,-0.00912730575,0.3,0.3,-0.3,-0.285001957,-0.00256870091,0.0147958934,0.0225509906,0.140395592,0.00401935279,0.3,0.3,-0.00256870091,0.00536782265,-0.114616286,-0.00912730575,-0.3,-0.0147958934,0.285001957
1055,29726945,0.280929208,-0.0713018104,-0.129486963,-0.0528137125,0.0515196398,-0.11409647,-0.594583392,-0.477387846,-64.3418503,-0.567862153,-0.0332278162,0.185380727,0.0224743366,-0.00570414484,-0.138846089,-0.115844114,0.00412157118,-0.00912771761,0.3,0.3,-0.3,-0.285179323,-0.0026582253,0.0148304582,0.0224743366,0.138846089,0.00412157118,0.3,0.3,-0.0026582253,0.00570414484,-0.115844114,-0.00912771761,-0.3,-0.0148304582,0.285179323
1056,29740188,0.281994522,-0.0741110742,-0.125101551,-0.0555978045,0.0526440069,-0.114059031,-0.591140807,-0.478277713,-64.3349838,-0.56827575,-0.0350096077,0.186203137,0.0225595617,-0.00592888594,-0.137530465,-0.116679341,0.00421152055,-0.00912472248,0.3,0.3,-0.3,-0.285241362,-0.00280076861,0.014896251,0.0225595617,0.137530465,0.00421152055,0.3,0.3,-0.00280076861,0.00592888594,-0.116679341,-0.00912472248,-0.3,-0.014896251,0.285241362
1057,29766308,0.284404308,-0.0740883052,-0.123308219,-0.0554896556,0.0531382039,-0.113803461,-0.590801597,-0.476012737,-64.3296432,-0.568028927,-0.0364512093,0.187725976,0.0227523446,-0.00592706442,-0.136992466,-0.116646897,0.00425105631,-0.0091042769,0.3,0.3,-0.3,-0.285204339,-0.00291609675,0.0150180781,0.0227523446,0.136992466,0.00425105631,0.3,0.3,-0.00291609675,0.00592706442,-0.116646897,-0.0091042769,-0.3,-0.0150180781,0.285204339
1058,29780154,0.286926806,-0.0712471902,-0.124289021,-0.0528868213,0.0529363491,-0.112632029,-0.592843294,-0.471183062,-64.3250656,-0.567418039,-0.0363968797,0.190030381,0.0229541445,-0.00569977522,-0.137286706,-0.115866046,0.00423490793,-0.0090105623,0.3,0.3,-0.3,-0.285112706,-0.00291175038,0.0152024305,0.0229541445,0.137286706,0.00423490793,0.3,0.3,-0.00291175038,0.00569977522,-0.115866046,-0.0090105623,-0.3,-0.0152024305,0.285112706
1059,29807074,0.28862372,-0.0663727,-0.128133208,-0.0482673347,0.0518322252,-0.111114182,-0.597038686,-0.465222061,-64.3204803,-0.566930473,-0.0355563276,0.192311317,0.0230898976,-0.005309816,-0.138439962,-0.1144802,0.00414657801,-0.00888913453,0.3,0.3,-0.3,-0.285039571,-0.0028445062,0.0153849053,0.0230898976,0.138439962,0.00414657801,0.3,0.3,-0.0028445062,0.005309816,-0.1144802,-0.00888913453,-0.3,-0.0153849053,0.285039571
1060,29826482,0.289095551,-0.0603214055,-0.133353487,-0.0426543728,0.050160218,-0.109320007,-0.60186702,-0.459062457,-64.3152008,-0.56667161,-0.0338276103,0.194113225,0.0231276441,-0.00482571244,-0.140006046,-0.112796312,0.00401281744,-0.00874560058,0.3,0.3,-0.3,-0.285000741,-0.00270620883,0.015529058,0.0231276441,0.140006046,0.00401281744,0.3,0.3,-0.00270620883,0.00482571244,-0.112796312,-0.00874560058,-0.3,-0.015529058,0.285000741
1061,29838658,0.288181782,-0.0545986518,-0.13814868,-0.0374420807,0.0484337024,-0.106991537,-0.605650842,-0.453855664,-64.3089523,-0.56656301,-0.0310563035,0.19573912,0.0230545425,-0.00436789215,-0.141444604,-0.111232624,0.0038746962,-0.00855932295,0.3,0.3,-0.3,-0.284984452,-0.00248450428,0.0156591296,0.0230545425,0.141444604,0.0038746962,0.3,0.3,-0.00248450428,0.00436789215,-0.111232624,-0.00855932295,-0.3,-0.0156591296,0.284984452
1062,29862037,0.285832226,-0.0506659932,-0.141544357,-0.0342100635,0.0469706655,-0.104874745,-0.607023239,-0.450959474,-64.3022232,-0.566607356,-0.0279663,0.197333142,0.0228665781,-0.00405327946,-0.142463307,-0.110263019,0.00375765324,-0.0083899796,0.3,0.3,-0.3,-0.284991103,-0.002237304,0.0157866514,0.0228665781,0.142463307,0.00375765324,0.3,0.3,-0.002237304,0.00405327946,-0.110263019,-0.0083899796,-0.3,-0.0157866514,0.284991103
1063,29882300,0.282910556,-0.0489389934,-0.143423542,-0.0336665772,0.0462197326,-0.104183078,-0.606801093,-0.451284826,-64.2952271,-0.566959381,-0.0260255951,0.197788328,0.0226328444,-0.00391511947,-0.143027063,-0.110099973,0.00369757861,-0.00833464622,0.3,0.3,-0.3,-0.285043907,-0.00208204761,0.0158230662,0.0226328444,0.143027063,0.00369757861,0.3,0.3,-0.00208204761,0.00391511947,-0.110099973,-0.00833464622,-0.3,-0.0158230662,0.285043907
1064,29902309,0.280039191,-0.0494408645,-0.142717585,-0.0352067165,0.0463252105,-0.104135253,-0.604309261,-0.453404069,-64.288559,-0.567281485,-0.0245295577,0.197874963,0.0224031353,-0.00395526916,-0.142815275,-0.110562015,0.00370601684,-0.0083308202,0.3,0.3,-0.3,-0.285092223,-0.00196236461,0.0158299971,0.0224031353,0.142815275,0.00370601684,0.3,0.3,-0.00196236461,0.00395526916,-0.110562015,-0.0083308202,-0.3,-0.0158299971,0.285092223
1065,29922914,0.277807832,-0.0511882007,-0.139832154,-0.0371757299,0.0468282476,-0.104280412,-0.600406885,-0.45526433,-64.2828827,-0.567294061,-0.023475159,0.198027328,0.0222246265,-0.00409505606,-0.141949646,-0.111152719,0.00374625981,-0.00834243298,0.3,0.3,-0.3,-0.285094109,-0.00187801272,0.0158421862,0.0222246265,0.141949646,0.00374625981,0.3,0.3,-0.00187801272,0.00409505606,-0.111152719,-0.00834243298,-0.3,-0.0158421862,0.285094109
1066,29939243,0.276996583,-0.0528762452,-0.136691615,-0.038549576,0.0472423844,-0.104455084,-0.597325027,-0.45575282,-64.2782059,-0.566860139,-0.023245303,0.198604256,0.0221597266,-0.00423009962,-0.141007484,-0.111564873,0.00377939075,-0.00835640669,0.3,0.3,-0.3,-0.285029021,-0.00185962424,0.0158883405,0.0221597266,0.141007484,0.00377939075,0.3,0.3,-0.00185962424,0.00423009962,-0.111564873,-0.00835640669,-0.3,-0.0158883405,0.285029021
1067,29968356,0.277503908,-0.0534206815,-0.134579778,-0.0388868712,0.0473450646,-0.10417483,-0.595894337,-0.454278558,-64.2741699,-0.566038191,-0.0233571269,0.199913904,0.0222003126,-0.00427365452,-0.140373933,-0.111666061,0.00378760517,-0.0083339864,0.3,0.3,-0.3,-0.284905729,-0.00186857015,0.0159931123,0.0222003126,0.140373933,0.00378760517,0.3,0.3,-0.00186857015,0.00427365452,-0.111666061,-0.0083339864,-0.3,-0.0159931123,0.284905729
1068,29980359,0.278801858,-0.0527402535,-0.134017065,-0.0380683765,0.047072459,-0.103205673,-0.596342504,-0.451140612,-64.2707825,-0.564894736,-0.0232998617,0.201894403,0.0223041487,-0.00421922028,-0.14020512,-0.111420513,0.00376579672,-0.00825645387,0.3,0.3,-0.3,-0.28473421,-0.00186398894,0.0161515522,0.0223041487,0.14020512,0.00376579672,0.3,0.3,-0.00186398894,0.00421922028,-0.111420513,-0.00825645387,-0.3,-0.0161515522,0.28473421
1069,30003214,0.28047213,-0.0508979745,-0.135517791,-0.0359148048,0.0462877527,-0.1020597,-0.59876138,-0.447218567,-64.2678452,-0.56369102,-0.0233935192,0.203864783,0.0224377704,-0.00407183796,-0.140655337,-0.110774441,0.00370302022,-0.00816477597,0.3,0.3,-0.3,-0.284553653,-0.00187148154,0.0163091826,0.0224377704,0.140655337,0.00370302022,0.3,0.3,-0.00187148154,0.00407183796,-0.110774441,-0.00816477597,-0.3,-0.0163091826,0.284553653
1070,30021045,0.282100141,-0.0482725054,-0.137938112,-0.0331346914,0.04536587,-0.100357816,-0.602162778,-0.443191022,-64.2647781,-0.562526584,-0.0231951959,0.205421463,0.0225680113,-0.00386180043,-0.141381434,-0.109940407,0.0036292696,-0.00802862525,0.3,0.3,-0.3,-0.284378988,-0.00185561568,0.016433717,0.0225680113,0.141381434,0.0036292696,0.3,0.3,-0.00185561568,0.00386180043,-0.109940407,-0.00802862525,-0.3,-0.016433717,0.284378988
1071,30042754,0.283152342,-0.0456348956,-0.140394717,-0.0300752223,0.0444374457,-0.0981486514,-0.605416179,-0.439415991,-64.2614441,-0.561452746,-0.0223036893,0.206858724,0.0226521873,-0.00365079165,-0.142118415,-0.109022567,0.00355499566,-0.00785189211,0.3,0.3,-0.3,-0.284217912,-0.00178429514,0.0165486979,0.0226521873,0.142118415,0.00355499566,0.3,0.3,-0.00178429514,0.00365079165,-0.109022567,-0.00785189211,-0.3,-0.0165486979,0.284217912
1072,30061230,0.283597499,-0.0439568721,-0.142541081,-0.0282355305,0.0437839329,-0.0960064754,-0.608094275,-0.437339902,-64.2580872,-0.5605793,-0.0214684252,0.207898617,0.0226877999,-0.00351654977,-0.142762324,-0.108470659,0.00350271463,-0.00768051803,0.3,0.3,-0.3,-0.284086895,-0.00171747401,0.0166318893,0.0226877999,0.142762324,0.00350271463,0.3,0.3,-0.00171747401,0.00351654977,-0.108470659,-0.00768051803,-0.3,-0.0166318893,0.284086895
1073,30085886,0.283534646,-0.0437494144,-0.14384307,-0.0284115616,0.0436913483,-0.0946020856,-0.609207153,-0.437999427,-64.2544098,-0.560017347,-0.0203145109,0.208367527,0.0226827717,-0.00349995315,-0.143152921,-0.108523468,0.00349530786,-0.00756816685,0.3,0.3,-0.3,-0.284002602,-0.00162516087,0.0166694021,0.0226827717,0.143152921,0.00349530786,0.3,0.3,-0.00162516087,0.00349995315,-0.108523468,-0.00756816685,-0.3,-0.0166694021,0.284002602
1074,30108496,0.282901913,-0.0448298566,-0.143639371,-0.0289495103,0.0438478962,-0.0940555781,-0.608512402,-0.439445615,-64.250824,-0.559625685,-0.0190713406,0.208663255,0.022632153,-0.00358638853,-0.143091811,-0.108684853,0.00350783169,-0.00752444625,0.3,0.3,-0.3,-0.283943853,-0.00152570724,0.0166930604,0.022632153,0.143091811,0.00350783169,0.3,0.3,-0.00152570724,0.00358638853,-0.108684853,-0.00752444625,-0.3,-0.0166930604,0.283943853
1075,30119931,0.282410383,-0.0466276072,-0.142385855,-0.0300641842,0.0441592708,-0.0939455479,-0.607260048,-0.44089669,-64.2477417,-0.559314787,-0.0183975957,0.20869574,0.0225928307,-0.00373020858,-0.142715757,-0.109019255,0.00353274167,-0.00751564384,0.3,0.3,-0.3,-0.283897218,-0.00147180766,0.0166956592,0.0225928307,0.142715757,0.00353274167,0.3,0.3,-0.00147180766,0.00373020858,-0.109019255,-0.00751564384,-0.3,-0.0166956592,0.283897218
1076,30138930,0.282579124,-0.0484715998,-0.14086841,-0.0315424353,0.0446645133,-0.0941224322,-0.606426001,-0.442318797,-64.2448959,-0.558984458,-0.0184588712,0.208409682,0.0226063299,-0.00387772799,-0.142260523,-0.109462731,0.00357316107,-0.00752979457,0.3,0.3,-0.3,-0.283847669,-0.00147670969,0.0166727746,0.0226063299,0.142260523,0.00357316107,0.3,0.3,-0.00147670969,0.00387772799,-0.109462731,-0.00752979457,-0.3,-0.0166727746,0.283847669
1077,30162418,0.283154845,-0.0498806238,-0.139499098,-0.032707829,0.045171693,-0.0943000466,-0.605708301,-0.443122387,-64.2425842,-0.558613479,-0.0186966714,0.208007231,0.0226523876,-0.00399044991,-0.141849729,-0.109812349,0.00361373544,-0.00754400373,0.3,0.3,-0.3,-0.283792022,-0.00149573371,0.0166405785,0.0226523876,0.141849729,0.00361373544,0.3,0.3,-0.00149573371,0.00399044991,-0.109812349,-0.00754400373,-0.3,-0.0166405785,0.283792022
1078,30182465,0.283969551,-0.0506809391,-0.139385447,-0.0334091224,0.0453796014,-0.0951039195,-0.606075764,-0.444009811,-64.2404861,-0.558435619,-0.0196998678,0.206991732,0.0227175641,-0.00405447513,-0.141815634,-0.110022737,0.00363036811,-0.00760831356,0.3,0.3,-0.3,-0.283765343,-0.00157598943,0.0165593386,0.0227175641,0.141815634,0.00363036811,0.3,0.3,-0.00157598943,0.00405447513,-0.110022737,-0.00760831356,-0.3,-0.0165593386,0.283765343
1079,30214856,0.284500957,-0.0506645963,-0.139962554,-0.0329895988,0.0453348421,-0.0960271806,-0.607125998,-0.444077283,-64.2384338,-0.558551848,-0.0202555526,0.205750585,0.0227600765,-0.0040531677,-0.141988766,-0.10989688,0.00362678736,-0.00768217444,0.3,0.3,-0.3,-0.283782777,-0.00162044421,0.0164600468,0.0227600765,0.141988766,0.00362678736,0.3,0.3,-0.00162044421,0.0040531677,-0.10989688,-0.00768217444,-0.3,-0.0164600468,0.283782777
1080,30220451,0.284541637,-0.0504626296,-0.14088048,-0.0325413495,0.0451503471,-0.0967280045,-0.608193636,-0.444389939,-64.2359467,-0.558770418,-0.0204034131,0.204444304,0.0227633309,-0.00403701037,-0.142264144,-0.109762405,0.00361202776,-0.00773824036,0.3,0.3,-0.3,-0.283815563,-0.00163227305,0.0163555443,0.0227633309,0.142264144,0.00361202776,0.3,0.3,-0.00163227305,0.00403701037,-0.109762405,-0.00773824036,-0.3,-0.0163555443,0.283815563
1081,30240314,0.284169018,-0.0506775677,-0.141516492,-0.0329259522,0.0451647416,-0.097244665,-0.608699381,-0.445707321,-64.2329788,-0.559074104,-0.0201529283,0.203251183,0.0227335215,-0.00405420542,-0.142454948,-0.109877786,0.00361317933,-0.0077795732,0.3,0.3,-0.3,-0.283861116,-0.00161223426,0.0162600946,0.0227335215,0.142454948,0.00361317933,0.3,0.3,-0.00161223426,0.00405420542,-0.109877786,-0.0077795732,-0.3,-0.0162600946,0.283861116
1082,30260965,0.283667028,-0.0514457822,-0.141255647,-0.0341588706,0.045495294,-0.0976182222,-0.608406603,-0.447722673,-64.2297363,-0.559426486,-0.0198478978,0.202198997,0.0226933622,-0.00411566257,-0.142376694,-0.110247661,0.00363962352,-0.00780945778,0.3,0.3,-0.3,-0.283913973,-0.00158783183,0.0161759198,0.0226933622,0.142376694,0.00363962352,0.3,0.3,-0.00158783183,0.00411566257,-0.110247661,-0.00780945778,-0.3,-0.0161759198,0.283913973
1083,30286772,0.283188879,-0.0529608913,-0.140353262,-0.0361352302,0.0460664295,-0.0983619392,-0.607203484,-0.450484723,-64.2265778,-0.55986625,-0.0197819993,0.201133072,0.0226551104,-0.0042368713,-0.142105979,-0.110840569,0.00368531436,-0.00786895514,0.3,0.3,-0.3,-0.283979937,-0.00158255994,0.0160906458,0.0226551104,0.142105979,0.00368531436,0.3,0.3,-0.00158255994,0.0042368713,-0.110840569,-0.00786895514,-0.3,-0.0160906458,0.283979937
1084,30307523,0.282867938,-0.0550197661,-0.139020205,-0.0383350775,0.0467454642,-0.0995753631,-0.60570991,-0.453538746,-64.223732,-0.560415924,-0.0203046333,0.199987605,0.0226294351,-0.00440158129,-0.141706061,-0.111500523,0.00373963714,-0.00796602905,0.3,0.3,-0.3,-0.284062389,-0.00162437066,0.0159990084,0.0226294351,0.141706061,0.00373963714,0.3,0.3,-0.00162437066,0.00440158129,-0.111500523,-0.00796602905,-0.3,-0.0159990084,0.284062389
1085,30321167,0.282862186,-0.0572246276,-0.137799844,-0.0404724851,0.047359582,-0.101426139,-0.60454607,-0.45672226,-64.2210617,-0.561103702,-0.0216966849,0.198298752,0.0226289749,-0.00457797021,-0.141339953,-0.112141746,0.00378876656,-0.00811409116,0.3,0.3,-0.3,-0.284165555,-0.00173573479,0.0158639002,0.0226289749,0.141339953,0.00378876656,0.3,0.3,-0.00173573479,0.00457797021,-0.112141746,-0.00811409116,-0.3,-0.0158639002,0.284165555
1086,30352437,0.283096194,-0.058789216,-0.136617541,-0.0412443057,0.0478067696,-0.103419058,-0.603614748,-0.458425313,-64.2183075,-0.561916649,-0.0233691465,0.196589947,0.0226476955,-0.00470313728,-0.140985262,-0.112373292,0.00382454157,-0.00827352464,0.3,0.3,-0.3,-0.284287497,-0.00186953172,0.0157271957,0.0226476955,0.140985262,0.00382454157,0.3,0.3,-0.00186953172,0.00470313728,-0.112373292,-0.00827352464,-0.3,-0.0157271957,0.284287497
1087,30359790,0.283469111,-0.0597504787,-0.135929868,-0.0420939513,0.0481980219,-0.105010003,-0.603036463,-0.459758699,-64.2154999,-0.562819064,-0.0250038691,0.195100874,0.0226775289,-0.0047800383,-0.14077896,-0.112628185,0.00385584176,-0.00840080023,0.3,0.3,-0.3,-0.28442286,-0.00200030953,0.0156080699,0.0226775289,0.14077896,0.00385584176,0.3,0.3,-0.00200030953,0.0047800383,-0.112628185,-0.00840080023,-0.3,-0.0156080699,0.28442286
1088,30381355,0.283951074,-0.0604004227,-0.135526121,-0.0429147892,0.0485935509,-0.106191948,-0.602893412,-0.460960686,-64.2127533,-0.563820064,-0.0264819302,0.193712488,0.0227160859,-0.00483203381,-0.140657836,-0.112874437,0.00388748407,-0.00849535584,0.3,0.3,-0.3,-0.28457301,-0.00211855441,0.015496999,0.0227160859,0.140657836,0.00388748407,0.3,0.3,-0.00211855441,0.00483203381,-0.112874437,-0.00849535584,-0.3,-0.015496999,0.28457301
1089,30401990,0.284304202,-0.0609115772,-0.135014012,-0.0433784202,0.0489624701,-0.106673859,-0.60264653,-0.461659849,-64.210228,-0.564705551,-0.0274220649,0.19281739,0.0227443361,-0.00487292618,-0.140504204,-0.113013526,0.00391699761,-0.00853390872,0.3,0.3,-0.3,-0.284705833,-0.00219376519,0.0154253912,0.0227443361,0.140504204,0.00391699761,0.3,0.3,-0.00219376519,0.00487292618,-0.113013526,-0.00853390872,-0.3,-0.0154253912,0.284705833
1090,30425935,0.284585118,-0.0611031838,-0.134806424,-0.0433476903,0.0491079353,-0.106871299,-0.602647781,-0.461720705,-64.2080536,-0.56542331,-0.0281752292,0.192248732,0.0227668095,-0.0048882547,-0.140441927,-0.113004307,0.00392863482,-0.00854970396,0.3,0.3,-0.3,-0.284813496,-0.00225401834,0.0153798985,0.0227668095,0.140441927,0.00392863482,0.3,0.3,-0.00225401834,0.0048882547,-0.113004307,-0.00854970396,-0.3,-0.0153798985,0.284813496
1091,30444880,0.284814835,-0.0609355606,-0.134821475,-0.0430226177,0.0491453148,-0.106667385,-0.602811277,-0.461341172,-64.205925,-0.565940917,-0.0283409022,0.192151159,0.0227851868,-0.00487484485,-0.140446442,-0.112906785,0.00393162519,-0.00853339076,0.3,0.3,-0.3,-0.284891137,-0.00226727217,0.0153720927,0.0227851868,0.140446442,0.00393162519,0.3,0.3,-0.00226727217,0.00487484485,-0.112906785,-0.00853339076,-0.3,-0.0153720927,0.284891137
1092,30460919,0.284903973,-0.0603269823,-0.13515231,-0.0423681699,0.0490333699,-0.106344387,-0.603116632,-0.460567594,-64.2039948,-0.566317379,-0.0282655079,0.192414626,0.0227923179,-0.00482615858,-0.140545693,-0.112710451,0.00392266959,-0.00850755095,0.3,0.3,-0.3,-0.284947607,-0.00226124063,0.0153931701,0.0227923179,0.140545693,0.00392266959,0.3,0.3,-0.00226124063,0.00482615858,-0.112710451,-0.00850755095,-0.3,-0.0153931701,0.284947607
1093,30483540,0.284783244,-0.0597928576,-0.135753572,-0.0422723107,0.0490251817,-0.106293224,-0.60342598,-0.460484862,-64.2020798,-0.566791952,-0.0283772741,0.192562804,0.0227826595,-0.00478342861,-0.140726072,-0.112681693,0.00392201453,-0.0085034579,0.3,0.3,-0.3,-0.285018793,-0.00227018192,0.0154050243,0.0227826595,0.140726072,0.00392201453,0.3,0.3,-0.00227018192,0.00478342861,-0.112681693,-0.0085034579,-0.3,-0.0154050243,0.285018793
1094,30500322,0.284631401,-0.0593456663,-0.136215508,-0.0421371162,0.0490212627,-0.106270827,-0.60349381,-0.460654318,-64.2002411,-0.567261696,-0.0281442758,0.192650855,0.0227705121,-0.00474765331,-0.140864652,-0.112641135,0.00392170101,-0.00850166619,0.3,0.3,-0.3,-0.285089254,-0.00225154206,0.0154120684,0.0227705121,0.140864652,0.00392170101,0.3,0.3,-0.00225154206,0.00474765331,-0.112641135,-0.00850166619,-0.3,-0.0154120684,0.285089254
1095,30523634,0.284189016,-0.0590385795,-0.136352405,-0.0417063236,0.0488635488,-0.106371216,-0.603135467,-0.460623056,-64.1985016,-0.567625523,-0.0279178191,0.192763984,0.0227351213,-0.00472308636,-0.140905721,-0.112511897,0.0039090839,-0.00850969732,0.3,0.3,-0.3,-0.285143828,-0.00223342553,0.0154211187,0.0227351213,0.140905721,0.0039090839,0.3,0.3,-0.00223342553,0.00472308636,-0.112511897,-0.00850969732,-0.3,-0.0154211187,0.285143828
1096,30546075,0.283891827,-0.0591038391,-0.136534646,-0.0421870239,0.0488167368,-0.10657046,-0.602847338,-0.461458892,-64.1964874,-0.567971289,-0.0276603792,0.192671686,0.0227113461,-0.00472830713,-0.140960394,-0.112656107,0.00390533894,-0.00852563679,0.3,0.3,-0.3,-0.285195693,-0.00221283033,0.0154137349,0.0227113461,0.140960394,0.00390533894,0.3,0.3,-0.00221283033,0.00472830713,-0.112656107,-0.00852563679,-0.3,-0.0154137349,0.285195693
1097,30558688,0.283531129,-0.059253782,-0.136217415,-0.0422593132,0.0488141589,-0.106984101,-0.602204323,-0.461756915,-64.1944885,-0.568311393,-0.0276153833,0.192580909,0.0226824903,-0.00474030256,-0.140865225,-0.112677794,0.00390513271,-0.0085587281,0.3,0.3,-0.3,-0.285246709,-0.00220923066,0.0154064727,0.0226824903,0.140865225,0.00390513271,0.3,0.3,-0.00220923066,0.00474030256,-0.112677794,-0.0085587281,-0.3,-0.0154064727,0.285246709
1098,30592695,0.283112973,-0.0593173169,-0.135772124,-0.0422692001,0.0488044061,-0.107182607,-0.60121733,-0.461435795,-64.1927109,-0.568603218,-0.0273548253,0.192845941,0.0226490378,-0.00474538535,-0.140731637,-0.11268076,0.00390435249,-0.00857460856,0.3,0.3,-0.3,-0.285290483,-0.00218838602,0.0154276752,0.0226490378,0.140731637,0.00390435249,0.3,0.3,-0.00218838602,0.00474538535,-0.11268076,-0.00857460856,-0.3,-0.0154276752,0.285290483
1099,30600726,0.282840818,-0.0590426549,-0.13550061,-0.0421444476,0.0487393998,-0.107253052,-0.600686312,-0.460778803,-64.1911621,-0.568812668,-0.027308967,0.193197355,0.0226272655,-0.00472341239,-0.140650183,-0.112643334,0.00389915198,-0.00858024418,0.3,0.3,-0.3,-0.2853219,-0.00218471736,0.0154557884,0.0226272655,0.140650183,0.00389915198,0.3,0.3,-0.00218471736,0.00472341239,-0.112643334,-0.00858024418,-0.3,-0.0154557884,0.2853219
1100,30620750,0.28272593,-0.0583231971,-0.135247305,-0.0413938947,0.048548203,-0.106869288,-0.600540161,-0.459238201,-64.1899719,-0.568843007,-0.0271328073,0.193901837,0.0226180744,-0.00466585577,-0.140574192,-0.112418168,0.00388385624,-0.00854954302,0.3,0.3,-0.3,-0.285326451,-0.00217062458,0.0155121469,0.0226180744,0.140574192,0.00388385624,0.3,0.3,-0.00217062458,0.00466585577,-0.112418168,-0.00854954302,-0.3,-0.0155121469,0.285326451
1101,30642441,0.282895744,-0.0573581792,-0.135669425,-0.0406763293,0.0482634567,-0.106293991,-0.601154208,-0.457875192,-64.1887283,-0.568670571,-0.0271644332,0.194572479,0.0226316595,-0.00458865434,-0.140700828,-0.112202899,0.00386107653,-0.0085035193,0.3,0.3,-0.3,-0.285300586,-0.00217315465,0.0155657983,0.0226316595,0.140700828,0.00386107653,0.3,0.3,-0.00217315465,0.00458865434,-0.112202899,-0.0085035193,-0.3,-0.0155657983,0.285300586
1102,30660832,0.283093005,-0.0561096184,-0.136228725,-0.0394594409,0.0479456373,-0.105482094,-0.601893425,-0.456018239,-64.1877213,-0.568440974,-0.0269428287,0.195447251,0.0226474404,-0.00448876947,-0.140868618,-0.111837832,0.00383565098,-0.00843856752,0.3,0.3,-0.3,-0.285266146,-0.00215542629,0.0156357801,0.0226474404,0.140868618,0.00383565098,0.3,0.3,-0.00215542629,0.00448876947,-0.111837832,-0.00843856752,-0.3,-0.0156357801,0.285266146
1103,30678868,0.283324629,-0.0549261831,-0.137088433,-0.0385535993,0.0477188379,-0.104764409,-0.602919996,-0.454655319,-64.1866913,-0.568271756,-0.0269505065,0.196077153,0.0226659703,-0.00439409465,-0.14112653,-0.11156608,0.00381750703,-0.00838115275,0.3,0.3,-0.3,-0.285240763,-0.00215604052,0.0156861722,0.0226659703,0.14112653,0.00381750703,0.3,0.3,-0.00215604052,0.00439409465,-0.11156608,-0.00838115275,-0.3,-0.0156861722,0.285240763
1104,30714131,0.283457637,-0.0536233,-0.137676015,-0.0371998698,0.0475337021,-0.103689246,-0.603632987,-0.452708185,-64.186142,-0.568115771,-0.0264130402,0.196948767,0.0226766109,-0.004289864,-0.141302805,-0.111159961,0.00380269617,-0.00829513967,0.3,0.3,-0.3,-0.285217366,-0.00211304322,0.0157559013,0.0226766109,0.141302805,0.00380269617,0.3,0.3,-0.00211304322,0.004289864,-0.111159961,-0.00829513967,-0.3,-0.0157559013,0.285217366
1105,30720453,0.283686429,-0.0526623018,-0.138404861,-0.0364722125,0.047289025,-0.102488793,-0.604367554,-0.451630324,-64.1854858,-0.567759573,-0.0258837864,0.197781101,0.0226949143,-0.00421298414,-0.141521458,-0.110941664,0.003783122,-0.00819910347,0.3,0.3,-0.3,-0.285163936,-0.00207070291,0.0158224881,0.0226949143,0.141521458,0.003783122,0.3,0.3,-0.00207070291,0.00421298414,-0.110941664,-0.00819910347,-0.3,-0.0158224881,0.285163936
1106,30743408,0.283839047,-0.0521665812,-0.138832942,-0.0358741283,0.0470659919,-0.101398557,-0.604725301,-0.450837851,-64.1848373,-0.567319572,-0.0252013709,0.198711962,0.0227071238,-0.00417332649,-0.141649882,-0.110762239,0.00376527935,-0.00811188459,0.3,0.3,-0.3,-0.285097936,-0.00201610968,0.0158969569,0.0227071238,0.141649882,0.00376527935,0.3,0.3,-0.00201610968,0.00417332649,-0.110762239,-0.00811188459,-0.3,-0.0158969569,0.285097936
1107,30760527,0.283962667,-0.0519404039,-0.139133096,-0.0353833549,0.0468506999,-0.100541368,-0.604983926,-0.450114191,-64.1842346,-0.56682229,-0.0246665161,0.199588954,0.0227170134,-0.00415523231,-0.141739929,-0.110615006,0.00374805599,-0.00804330945,0.3,0.3,-0.3,-0.285023344,-0.00197332129,0.0159671164,0.0227170134,0.141739929,0.00374805599,0.3,0.3,-0.00197332129,0.00415523231,-0.110615006,-0.00804330945,-0.3,-0.0159671164,0.285023344
1108,30782226,0.283842325,-0.052002497,-0.139233798,-0.0353461392,0.0467542373,-0.0998820141,-0.604622185,-0.449686944,-64.1836853,-0.566290677,-0.0237484518,0.200596675,0.022707386,-0.00416019976,-0.141770139,-0.110603842,0.00374033898,-0.00799056113,0.3,0.3,-0.3,-0.284943601,-0.00189987615,0.016047734,0.022707386,0.141770139,0.00374033898,0.3,0.3,-0.00189987615,0.00416019976,-0.110603842,-0.00799056113,-0.3,-0.016047734,0.284943601
1109,30802218,0.283605546,-0.0520062558,-0.139293775,-0.0352006666,0.046611093,-0.0995947421,-0.604354024,-0.449315637,-64.1833572,-0.565821052,-0.0229836665,0.20146957,0.0226884437,-0.00416050047,-0.141788132,-0.1105602,0.00372888744,-0.00796757936,0.3,0.3,-0.3,-0.284873158,-0.00183869332,0.0161175656,0.0226884437,0.141788132,0.00372888744,0.3,0.3,-0.00183869332,0.00416050047,-0.1105602,-0.00796757936,-0.3,-0.0161175656,0.284873158
1110,30824656,0.283441514,-0.0520193875,-0.139378324,-0.0350467898,0.0464141257,-0.099606134,-0.604500353,-0.449080974,-64.1830826,-0.565460145,-0.0227947999,0.201807112,0.0226753211,-0.004161551,-0.141813497,-0.110514037,0.00371313006,-0.00796849072,0.3,0.3,-0.3,-0.284819022,-0.00182358399,0.0161445689,0.0226753211,0.141813497,0.00371313006,0.3,0.3,-0.00182358399,0.004161551,-0.110514037,-0.00796849072,-0.3,-0.0161445689,0.284819022
1111,30843347,0.283504725,-0.0520306118,-0.139448658,-0.0351472497,0.0463598445,-0.0996093974,-0.604799092,-0.449132979,-64.1825027,-0.56511718,-0.0227206144,0.201794818,0.022680378,-0.00416244894,-0.141834597,-0.110544175,0.00370878756,-0.00796875179,0.3,0.3,-0.3,-0.284767577,-0.00181764916,0.0161435854,0.022680378,0.141834597,0.00370878756,0.3,0.3,-0.00181764916,0.00416244894,-0.110544175,-0.00796875179,-0.3,-0.0161435854,0.284767577
1112,30863673,0.283512652,-0.052072417,-0.139329344,-0.0351701789,0.0463316776,-0.0995675698,-0.604696751,-0.44911778,-64.181839,-0.564792871,-0.0225118361,0.201881647,0.0226810122,-0.00416579336,-0.141798803,-0.110551054,0.00370653421,-0.00796540558,0.3,0.3,-0.3,-0.284718931,-0.00180094689,0.0161505318,0.0226810122,0.141798803,0.00370653421,0.3,0.3,-0.00180094689,0.00416579336,-0.110551054,-0.00796540558,-0.3,-0.0161505318,0.284718931
1113,30878517,0.283583522,-0.0523166321,-0.139471754,-0.0357353725,0.0464091636,-0.0999921337,-0.604777336,-0.449867696,-64.1810532,-0.564704597,-0.0229110178,0.201477036,0.0226866817,-0.00418533057,-0.141841526,-0.110720612,0.00371273309,-0.00799937069,0.3,0.3,-0.3,-0.28470569,-0.00183288142,0.0161181629,0.0226866817,0.141841526,0.00371273309,0.3,0.3,-0.00183288142,0.00418533057,-0.110720612,-0.00799937069,-0.3,-0.0161181629,0.28470569
1114,30902312,0.283714503,-0.0528267585,-0.139353976,-0.0365955792,0.046694994,-0.100437231,-0.604718685,-0.45104301,-64.1802368,-0.564746439,-0.0232962929,0.200794801,0.0226971602,-0.00422614068,-0.141806193,-0.110978674,0.00373559952,-0.00803497851,0.3,0.3,-0.3,-0.284711966,-0.00186370343,0.0160635841,0.0226971602,0.141806193,0.00373559952,0.3,0.3,-0.00186370343,0.00422614068,-0.110978674,-0.00803497851,-0.3,-0.0160635841,0.284711966
1115,30930671,0.283721834,-0.0535864346,-0.138799578,-0.0370676033,0.0469411425,-0.100869827,-0.604372084,-0.451941252,-64.1795425,-0.564788461,-0.0237228703,0.200137049,0.0226977468,-0.00428691477,-0.141639873,-0.111120281,0.0037552914,-0.00806958616,0.3,0.3,-0.3,-0.284718269,-0.00189782962,0.0160109639,0.0226977468,0.141639873,0.0037552914,0.3,0.3,-0.00189782962,0.00428691477,-0.111120281,-0.00806958616,-0.3,-0.0160109639,0.284718269
1116,30938599,0.283797175,-0.0546298213,-0.138600633,-0.0379366316,0.0471436568,-0.101600483,-0.604141653,-0.453502119,-64.178566,-0.564882815,-0.0243492872,0.19926548,0.022703774,-0.00437038571,-0.14158019,-0.111380989,0.00377149254,-0.00812803864,0.3,0.3,-0.3,-0.284732422,-0.00194794297,0.0159412384,0.022703774,0.14158019,0.00377149254,0.3,0.3,-0.00194794297,0.00437038571,-0.111380989,-0.00812803864,-0.3,-0.0159412384,0.284732422
1117,30963993,0.284012675,-0.0554151274,-0.138127893,-0.0382989235,0.0473850928,-0.10237553,-0.603991151,-0.454375714,-64.1776276,-0.565095723,-0.0251900908,0.1983224,0.022721014,-0.00443321019,-0.141438368,-0.111489677,0.00379080743,-0.00819004238,0.3,0.3,-0.3,-0.284764358,-0.00201520726,0.015865792,0.022721014,0.141438368,0.00379080743,0.3,0.3,-0.00201520726,0.00443321019,-0.111489677,-0.00819004238,-0.3,-0.015865792,0.284764358
1118,30981873,0.284252793,-0.0563900433,-0.137687713,-0.039451614,0.0477905609,-0.102923594,-0.603502333,-0.455867231,-64.1766052,-0.565395951,-0.0256527271,0.197494075,0.0227402234,-0.00451120347,-0.141306314,-0.111835484,0.00382324487,-0.00823388755,0.3,0.3,-0.3,-0.284809393,-0.00205221817,0.015799526,0.0227402234,0.141306314,0.00382324487,0.3,0.3,-0.00205221817,0.00451120347,-0.111835484,-0.00823388755,-0.3,-0.015799526,0.284809393
1119,31000813,0.284309715,-0.0573304258,-0.137270957,-0.0402305461,0.048094511,-0.103774182,-0.602839887,-0.45716548,-64.1758041,-0.565794289,-0.0262301397,0.19671835,0.0227447772,-0.00458643407,-0.141181287,-0.112069164,0.00384756088,-0.0083019346,0.3,0.3,-0.3,-0.284869143,-0.00209841117,0.015737468,0.0227447772,0.141181287,0.00384756088,0.3,0.3,-0.00209841117,0.00458643407,-0.112069164,-0.0083019346,-0.3,-0.015737468,0.284869143
1120,31025882,0.284401089,-0.0580797307,-0.136612028,-0.0407110825,0.048327405,-0.10435845,-0.602278531,-0.457873583,-64.1750565,-0.566161275,-0.0267367456,0.196086362,0.0227520871,-0.00464637846,-0.140983608,-0.112213325,0.0038661924,-0.00834867597,0.3,0.3,-0.3,-0.284924191,-0.00213893965,0.015686909,0.0227520871,0.140983608,0.0038661924,0.3,0.3,-0.00213893965,0.00464637846,-0.112213325,-0.00834867597,-0.3,-0.015686909,0.284924191
1121,31040608,0.284599274,-0.058569327,-0.13642326,-0.0410815664,0.0484164692,-0.104902491,-0.602100253,-0.458554327,-64.1741104,-0.566431522,-0.0272287279,0.195478603,0.022767942,-0.00468554616,-0.140926978,-0.11232447,0.00387331754,-0.00839219928,0.3,0.3,-0.3,-0.284964728,-0.00217829823,0.0156382883,0.022767942,0.140926978,0.00387331754,0.3,0.3,-0.00217829823,0.00468554616,-0.11232447,-0.00839219928,-0.3,-0.0156382883,0.284964728
1122,31060446,0.284549117,-0.0589855276,-0.136196017,-0.0414123759,0.0485239327,-0.105407819,-0.60172087,-0.459168524,-64.1731949,-0.566739798,-0.0275758356,0.195143864,0.0227639294,-0.00471884221,-0.140858805,-0.112423713,0.00388191462,-0.00843262553,0.3,0.3,-0.3,-0.28501097,-0.00220606685,0.0156115091,0.0227639294,0.140858805,0.00388191462,0.3,0.3,-0.00220606685,0.00471884221,-0.112423713,-0.00843262553,-0.3,-0.0156115091,0.28501097
1123,31082006,0.284586519,-0.0592532009,-0.136075705,-0.0417877324,0.0486821048,-0.105958439,-0.601676762,-0.459775805,-64.1722717,-0.567163706,-0.0281826388,0.194613084,0.0227669215,-0.00474025607,-0.140822712,-0.11253632,0.00389456838,-0.00847667515,0.3,0.3,-0.3,-0.285074556,-0.0022546111,0.0155690467,0.0227669215,0.140822712,0.00389456838,0.3,0.3,-0.0022546111,0.00474025607,-0.11253632,-0.00847667515,-0.3,-0.0155690467,0.285074556
1124,31102316,0.284492671,-0.0593690947,-0.135876909,-0.0419098921,0.0488292426,-0.106225058,-0.601422668,-0.460004926,-64.1715622,-0.567571819,-0.0283451006,0.194319949,0.0227594137,-0.00474952757,-0.140763073,-0.112572968,0.00390633941,-0.00849800467,0.3,0.3,-0.3,-0.285135773,-0.00226760805,0.0155455959,0.0227594137,0.140763073,0.00390633941,0.3,0.3,-0.00226760805,0.00474952757,-0.112572968,-0.00849800467,-0.3,-0.0155455959,0.285135773
1125,31121235,0.284386158,-0.0593352579,-0.135758936,-0.0419618338,0.0488464385,-0.106355369,-0.601292133,-0.460089743,-64.17099,-0.567885518,-0.0284537598,0.194126531,0.0227508926,-0.00474682063,-0.140727681,-0.11258855,0.00390771508,-0.00850842953,0.3,0.3,-0.3,-0.285182828,-0.00227630079,0.0155301225,0.0227508926,0.140727681,0.00390771508,0.3,0.3,-0.00227630079,0.00474682063,-0.11258855,-0.00850842953,-0.3,-0.0155301225,0.285182828
1126,31141306,0.284387827,-0.0592537113,-0.135902315,-0.041950874,0.0488284416,-0.10662996,-0.601536155,-0.460342735,-64.1702118,-0.568186581,-0.0287529286,0.193771437,0.0227510262,-0.0047402969,-0.140770695,-0.112585262,0.00390627533,-0.00853039682,0.3,0.3,-0.3,-0.285227987,-0.00230023429,0.0155017149,0.0227510262,0.140770695,0.00390627533,0.3,0.3,-0.00230023429,0.0047402969,-0.112585262,-0.00853039682,-0.3,-0.0155017149,0.285227987
1127,31159901,0.284377724,-0.0589981079,-0.135877192,-0.0417226143,0.0488371812,-0.106632821,-0.601465464,-0.460104853,-64.1693802,-0.568410635,-0.0287307501,0.193674296,0.0227502179,-0.00471984863,-0.140763158,-0.112516784,0.00390697449,-0.0085306257,0.3,0.3,-0.3,-0.285261595,-0.00229846001,0.0154939437,0.0227502179,0.140763158,0.00390697449,0.3,0.3,-0.00229846001,0.00471984863,-0.112516784,-0.0085306257,-0.3,-0.0154939437,0.285261595
1128,31181840,0.284244657,-0.0588713028,-0.135834843,-0.0418268405,0.0489122011,-0.106629193,-0.601161122,-0.460102618,-64.1686401,-0.568658292,-0.0286685862,0.193749174,0.0227395725,-0.00470970422,-0.140750453,-0.112548052,0.00391297609,-0.00853033543,0.3,0.3,-0.3,-0.285298744,-0.00229348689,0.015499934,0.0227395725,0.140750453,0.00391297609,0.3,0.3,-0.00229348689,0.00470970422,-0.112548052,-0.00853033543,-0.3,-0.015499934,0.285298744
1129,31200404,0.284102708,-0.0589456968,-0.136032,-0.0422341414,0.0489733368,-0.106889136,-0.600951374,-0.460715562,-64.1680069,-0.56896925,-0.0286189411,0.193667486,0.0227282166,-0.00471565574,-0.1408096,-0.112670242,0.00391786695,-0.00855113089,0.3,0.3,-0.3,-0.285345387,-0.00228951529,0.0154933989,0.0227282166,0.1408096,0.00391786695,0.3,0.3,-0.00228951529,0.00471565574,-0.112670242,-0.00855113089,-0.3,-0.0154933989,0.285345387
1130,31223626,0.283882469,-0.0589299686,-0.135786727,-0.0419211984,0.0489507765,-0.107187249,-0.600701749,-0.460537881,-64.167511,-0.569284379,-0.0288728345,0.193532303,0.0227105975,-0.00471439749,-0.140736018,-0.11257636,0.00391606212,-0.0085749799,0.3,0.3,-0.3,-0.285392657,-0.00230982676,0.0154825842,0.0227105975,0.140736018,0.00391606212,0.3,0.3,-0.00230982676,0.00471439749,-0.11257636,-0.0085749799,-0.3,-0.0154825842,0.285392657
1131,31239791,0.283756703,-0.058746215,-0.135632262,-0.0416073836,0.0488684699,-0.107075348,-0.600396812,-0.460049003,-64.1669006,-0.569436193,-0.028649427,0.193731323,0.0227005363,-0.0046996972,-0.140689678,-0.112482215,0.00390947759,-0.00856602788,0.3,0.3,-0.3,-0.285415429,-0.00229195416,0.0154985058,0.0227005363,0.140689678,0.00390947759,0.3,0.3,-0.00229195416,0.0046996972,-0.112482215,-0.00856602788,-0.3,-0.0154985058,0.285415429
1132,31262366,0.28370899,-0.0583555251,-0.135584101,-0.0413713492,0.0487741865,-0.106884636,-0.600246787,-0.45947203,-64.1663132,-0.5695014,-0.0285878517,0.194089398,0.0226967192,-0.00466844201,-0.14067523,-0.112411405,0.00390193492,-0.00855077088,0.3,0.3,-0.3,-0.28542521,-0.00228702813,0.0155271518,0.0226967192,0.14067523,0.00390193492,0.3,0.3,-0.00228702813,0.00466844201,-0.112411405,-0.00855077088,-0.3,-0.0155271518,0.28542521
1133,31281310,0.283757418,-0.0580445752,-0.135757014,-0.0414016545,0.048749879,-0.106753163,-0.600456953,-0.459209263,-64.165863,-0.569652379,-0.0286723375,0.194341302,0.0227005935,-0.00464356601,-0.140727104,-0.112420496,0.00389999032,-0.00854025304,0.3,0.3,-0.3,-0.285447857,-0.002293787,0.0155473042,0.0227005935,0.140727104,0.00389999032,0.3,0.3,-0.002293787,0.00464356601,-0.112420496,-0.00854025304,-0.3,-0.0155473042,0.285447857
1134,31302773,0.283873826,-0.0575759038,-0.135923564,-0.0410274677,0.0487528779,-0.106545493,-0.600756466,-0.458600938,-64.165596,-0.569741428,-0.0288132578,0.194511488,0.0227099061,-0.00460607231,-0.140777069,-0.11230824,0.00390023023,-0.00852363944,0.3,0.3,-0.3,-0.285461214,-0.00230506063,0.015560919,0.0227099061,0.140777069,0.00390023023,0.3,0.3,-0.00230506063,0.00460607231,-0.11230824,-0.00852363944,-0.3,-0.015560919,0.285461214
1135,31327775,0.283858418,-0.0571799017,-0.13625063,-0.0405816324,0.0486231782,-0.106263377,-0.600989699,-0.458070487,-64.1654129,-0.569756329,-0.028592376,0.194762737,0.0227086735,-0.00457439214,-0.140875189,-0.11217449,0.00388985425,-0.00850107014,0.3,0.3,-0.3,-0.285463449,-0.00228739008,0.0155810189,0.0227086735,0.140875189,0.00388985425,0.3,0.3,-0.00228739008,0.00457439214,-0.11217449,-0.00850107014,-0.3,-0.0155810189,0.285463449
1136,31340726,0.283925325,-0.0565886982,-0.136415362,-0.0398818478,0.0484752469,-0.105757065,-0.601355314,-0.457150131,-64.1651459,-0.56964761,-0.028309105,0.19515188,0.022714026,-0.00452709585,-0.140924609,-0.111964554,0.00387801975,-0.00846056521,0.3,0.3,-0.3,-0.285447142,-0.0022647284,0.0156121504,0.022714026,0.140924609,0.00387801975,0.3,0.3,-0.0022647284,0.00452709585,-0.111964554,-0.00846056521,-0.3,-0.0156121504,0.285447142
1137,31363689,0.283967584,-0.0559456497,-0.136670887,-0.0392185152,0.048294317,-0.1050485,-0.60175395,-0.456051052,-64.164978,-0.569486499,-0.0278766491,0.195760489,0.0227174067,-0.00447565198,-0.141001266,-0.111765555,0.00386354536,-0.00840388,0.3,0.3,-0.3,-0.285422975,-0.00223013192,0.0156608391,0.0227174067,0.141001266,0.00386354536,0.3,0.3,-0.00223013192,0.00447565198,-0.111765555,-0.00840388,-0.3,-0.0156608391,0.285422975
1138,31381897,0.284032434,-0.0559733622,-0.137456715,-0.0401074402,0.0483047552,-0.104948781,-0.602139175,-0.457123011,-64.1644592,-0.569401503,-0.0277777556,0.195801377,0.0227225947,-0.00447786897,-0.141237015,-0.112032232,0.00386438042,-0.00839590251,0.3,0.3,-0.3,-0.285410225,-0.00222222045,0.0156641102,0.0227225947,0.141237015,0.00386438042,0.3,0.3,-0.00222222045,0.00447786897,-0.112032232,-0.00839590251,-0.3,-0.0156641102,0.285410225
1139,31403210,0.283841968,-0.0565244853,-0.137602881,-0.0406817161,0.0484333038,-0.105499297,-0.601934433,-0.458452791,-64.1639862,-0.569569111,-0.0278327707,0.195423007,0.0227073574,-0.00452195883,-0.141280864,-0.112204515,0.00387466431,-0.00843994379,0.3,0.3,-0.3,-0.285435367,-0.00222662166,0.0156338406,0.0227073574,0.141280864,0.00387466431,0.3,0.3,-0.00222662166,0.00452195883,-0.112204515,-0.00843994379,-0.3,-0.0156338406,0.285435367
1140,31421619,0.28357774,-0.0572814979,-0.13723515,-0.0410663746,0.0485402085,-0.106182694,-0.6013363,-0.459528387,-64.1634445,-0.569747746,-0.0279743411,0.194825798,0.0226862192,-0.00458251983,-0.141170545,-0.112319912,0.00388321668,-0.00849461555,0.3,0.3,-0.3,-0.285462162,-0.00223794729,0.0155860639,0.0226862192,0.141170545,0.00388321668,0.3,0.3,-0.00223794729,0.00458251983,-0.112319912,-0.00849461555,-0.3,-0.0155860639,0.285462162
1141,31448335,0.283400655,-0.0582833625,-0.136596993,-0.0418697298,0.0487557836,-0.10687422,-0.60062021,-0.460781395,-64.1626968,-0.569931924,-0.0282947868,0.194157511,0.0226720524,-0.004662669,-0.140979098,-0.112560919,0.00390046269,-0.00854993761,0.3,0.3,-0.3,-0.285489789,-0.00226358294,0.0155326009,0.0226720524,0.140979098,0.00390046269,0.3,0.3,-0.00226358294,0.004662669,-0.112560919,-0.00854993761,-0.3,-0.0155326009,0.285489789
1142,31467768,0.283394247,-0.0595467016,-0.135845333,-0.0432804376,0.049133122,-0.107655682,-0.599922776,-0.462576538,-64.1618805,-0.570208073,-0.0289004911,0.193376675,0.0226715398,-0.00476373613,-0.1407536,-0.112984131,0.00393064976,-0.00861245453,0.3,0.3,-0.3,-0.285531211,-0.00231203929,0.015470134,0.0226715398,0.1407536,0.00393064976,0.3,0.3,-0.00231203929,0.00476373613,-0.112984131,-0.00861245453,-0.3,-0.015470134,0.285531211
1143,31481021,0.28347531,-0.0613529198,-0.135221228,-0.045713149,0.0497232564,-0.109114163,-0.598873019,-0.465930045,-64.1607971,-0.570730448,-0.0298751779,0.192023948,0.0226780248,-0.00490823358,-0.140566368,-0.113713945,0.00397786051,-0.00872913301,0.3,0.3,-0.3,-0.285609567,-0.00239001423,0.0153619158,0.0226780248,0.140566368,0.00397786051,0.3,0.3,-0.00239001423,0.00490823358,-0.113713945,-0.00872913301,-0.3,-0.0153619158,0.285609567
1144,31501393,0.283488661,-0.0635346249,-0.134154335,-0.0476932898,0.0503756143,-0.111210413,-0.597510874,-0.469244331,-64.159729,-0.571603894,-0.0313194767,0.1902311,0.0226790929,-0.00508276999,-0.1402463,-0.114307987,0.00403004915,-0.00889683306,0.3,0.3,-0.3,-0.285740584,-0.00250555813,0.015218488,0.0226790929,0.1402463,0.00403004915,0.3,0.3,-0.00250555813,0.00508276999,-0.114307987,-0.00889683306,-0.3,-0.015218488,0.285740584
1145,31523760,0.283394396,-0.0656473711,-0.132891327,-0.0490613878,0.050824739,-0.113441117,-0.59586364,-0.471785307,-64.1584778,-0.572574317,-0.0326884612,0.188632593,0.0226715517,-0.00525178969,-0.139867398,-0.114718416,0.00406597912,-0.00907528937,0.3,0.3,-0.3,-0.285886148,-0.0026150769,0.0150906074,0.0226715517,0.139867398,0.00406597912,0.3,0.3,-0.0026150769,0.00525178969,-0.114718416,-0.00907528937,-0.3,-0.0150906074,0.285886148
1146,31538704,0.283373207,-0.0677529052,-0.131659374,-0.0509481318,0.051374279,-0.115642354,-0.594392359,-0.47464788,-64.1567078,-0.573586643,-0.0343317427,0.186968222,0.0226698565,-0.00542023242,-0.139497812,-0.11528444,0.00410994232,-0.00925138831,0.3,0.3,-0.3,-0.286037996,-0.00274653941,0.0149574578,0.0226698565,0.139497812,0.00410994232,0.3,0.3,-0.00274653941,0.00542023242,-0.11528444,-0.00925138831,-0.3,-0.0149574578,0.286037996
1147,31564129,0.283536673,-0.0698888749,-0.130135581,-0.0532771349,0.0521025136,-0.117511988,-0.592774153,-0.477687389,-64.154808,-0.574703693,-0.0358740948,0.185405791,0.0226829338,-0.00559110999,-0.139040674,-0.11598314,0.00416820109,-0.00940095901,0.3,0.3,-0.3,-0.286205554,-0.00286992759,0.0148324633,0.0226829338,0.139040674,0.00416820109,0.3,0.3,-0.00286992759,0.00559110999,-0.11598314,-0.00940095901,-0.3,-0.0148324633,0.286205554
1148,31578951,0.283918768,-0.0721339583,-0.128399357,-0.0556559451,0.0529106893,-0.119172357,-0.591221035,-0.480658233,-64.1529617,-0.575777769,-0.0375411808,0.18396762,0.0227135015,-0.00577071667,-0.138519807,-0.116696784,0.00423285514,-0.00953378856,0.3,0.3,-0.3,-0.286366665,-0.00300329447,0.0147174096,0.0227135015,0.138519807,0.00423285514,0.3,0.3,-0.00300329447,0.00577071667,-0.116696784,-0.00953378856,-0.3,-0.0147174096,0.286366665
1149,31607531,0.284490734,-0.0740746632,-0.126657829,-0.0572198518,0.0535903275,-0.120447971,-0.589838505,-0.482571781,-64.1515579,-0.576831818,-0.0388939567,0.183104992,0.0227592587,-0.00592597306,-0.137997349,-0.117165956,0.0042872262,-0.00963583767,0.3,0.3,-0.3,-0.286524773,-0.00311151654,0.0146483994,0.0227592587,0.137997349,0.0042872262,0.3,0.3,-0.00311151654,0.00592597306,-0.117165956,-0.00963583767,-0.3,-0.0146483994,0.286524773
1150,31621828,0.285343707,-0.0750090927,-0.125356629,-0.0577163324,0.0539617352,-0.121015586,-0.589116991,-0.482922494,-64.1504059,-0.577551961,-0.0397878289,0.182807699,0.0228274965,-0.00600072742,-0.137606989,-0.1173149,0.00431693882,-0.00968124688,0.3,0.3,-0.3,-0.286632794,-0.00318302631,0.0146246159,0.0228274965,0.137606989,0.00431693882,0.3,0.3,-0.00318302631,0.00600072742,-0.1173149,-0.00968124688,-0.3,-0.0146246159,0.286632794
1151,31641493,0.286212564,-0.0747222602,-0.12496344,-0.0571940802,0.0540447831,-0.121063426,-0.589295864,-0.481900215,-64.1493835,-0.578057349,-0.0403455608,0.18304494,0.0228970051,-0.00597778082,-0.137489032,-0.117158224,0.00432358265,-0.00968507409,0.3,0.3,-0.3,-0.286708602,-0.00322764486,0.0146435952,0.0228970051,0.137489032,0.00432358265,0.3,0.3,-0.00322764486,0.00597778082,-0.117158224,-0.00968507409,-0.3,-0.0146435952,0.286708602
1152,31660458,0.286943018,-0.0736647621,-0.125624821,-0.0568014048,0.054037068,-0.120705754,-0.590467095,-0.480865061,-64.1485596,-0.578497887,-0.0402821861,0.183304891,0.0229554415,-0.00589318097,-0.137687446,-0.117040421,0.00432296544,-0.00965646029,0.3,0.3,-0.3,-0.286774683,-0.00322257489,0.0146643913,0.0229554415,0.137687446,0.00432296544,0.3,0.3,-0.00322257489,0.00589318097,-0.117040421,-0.00965646029,-0.3,-0.0146643913,0.286774683
1153,31683846,0.287407696,-0.0726576746,-0.127070114,-0.0565664768,0.0539784208,-0.120892376,-0.591653466,-0.480869442,-64.1474304,-0.579170108,-0.0405307524,0.183058858,0.0229926157,-0.00581261396,-0.138121034,-0.116969943,0.00431827366,-0.00967139006,0.3,0.3,-0.3,-0.286875516,-0.00324246019,0.0146447086,0.0229926157,0.138121034,0.00431827366,0.3,0.3,-0.00324246019,0.00581261396,-0.116969943,-0.00967139006,-0.3,-0.0146447086,0.286875516
1154,31699198,0.287256569,-0.0716796443,-0.128258556,-0.0555071756,0.0538499989,-0.121348493,-0.592219055,-0.480573595,-64.146225,-0.580054104,-0.0406322293,0.182612523,0.0229805255,-0.00573437154,-0.138477567,-0.116652153,0.00430799991,-0.00970787942,0.3,0.3,-0.3,-0.287008116,-0.00325057834,0.0146090019,0.0229805255,0.138477567,0.00430799991,0.3,0.3,-0.00325057834,0.00573437154,-0.116652153,-0.00970787942,-0.3,-0.0146090019,0.287008116
1155,31726710,0.286587566,-0.0710928962,-0.128963426,-0.0551848896,0.0537569225,-0.121660054,-0.592124283,-0.480906606,-64.1446381,-0.580972493,-0.0404852219,0.182041273,0.0229270053,-0.00568743169,-0.138689028,-0.116555467,0.0043005538,-0.0097328043,0.3,0.3,-0.3,-0.287145874,-0.00323881775,0.0145633018,0.0229270053,0.138689028,0.0043005538,0.3,0.3,-0.00323881775,0.00568743169,-0.116555467,-0.0097328043,-0.3,-0.0145633018,0.287145874
1156,31738700,0.285717577,-0.0713766515,-0.128870249,-0.0557544976,0.0538279898,-0.122070283,-0.591257572,-0.482163429,-64.1427155,-0.581884682,-0.0402835235,0.181547046,0.0228574061,-0.00571013212,-0.138661075,-0.116726349,0.00430623919,-0.00976562262,0.3,0.3,-0.3,-0.287282702,-0.00322268188,0.0145237637,0.0228574061,0.138661075,0.00430623919,0.3,0.3,-0.00322268188,0.00571013212,-0.116726349,-0.00976562262,-0.3,-0.0145237637,0.287282702
1157,31767794,0.284769148,-0.0719757006,-0.128003269,-0.0561580397,0.0538961142,-0.122535527,-0.589535296,-0.482970446,-64.1408844,-0.58270365,-0.0400243141,0.181426674,0.0227815318,-0.00575805604,-0.138400981,-0.116847412,0.00431168914,-0.00980284214,0.3,0.3,-0.3,-0.287405547,-0.00320194513,0.0145141339,0.0227815318,0.138400981,0.00431168914,0.3,0.3,-0.00320194513,0.00575805604,-0.116847412,-0.00980284214,-0.3,-0.0145141339,0.287405547
1158,31780281,0.283989578,-0.0723263025,-0.126687258,-0.0564196147,0.0539656654,-0.122690685,-0.587599039,-0.48270309,-64.1393585,-0.58327359,-0.0397962555,0.181918919,0.0227191663,-0.0057861042,-0.138006178,-0.116925884,0.00431725323,-0.00981525481,0.3,0.3,-0.3,-0.287491038,-0.00318370044,0.0145535135,0.0227191663,0.138006178,0.00431725323,0.3,0.3,-0.00318370044,0.0057861042,-0.116925884,-0.00981525481,-0.3,-0.0145535135,0.287491038
1159,31802044,0.283607602,-0.0722899064,-0.12603949,-0.0566205829,0.0538648218,-0.122810721,-0.586513042,-0.482185125,-64.1383133,-0.583599687,-0.0397021323,0.18266499,0.0226886082,-0.00578319252,-0.137811847,-0.116986175,0.00430918574,-0.00982485771,0.3,0.3,-0.3,-0.287539953,-0.00317617059,0.0146131992,0.0226886082,0.137811847,0.00430918574,0.3,0.3,-0.00317617059,0.00578319252,-0.116986175,-0.00982485771,-0.3,-0.0146131992,0.287539953
1160,31822714,0.283567339,-0.0714359805,-0.125847071,-0.0558772162,0.053623803,-0.122835435,-0.5864501,-0.480587602,-64.1377106,-0.583747566,-0.040046785,0.183463693,0.0226853871,-0.00571487844,-0.137754121,-0.116763165,0.00428990424,-0.0098268348,0.3,0.3,-0.3,-0.287562135,-0.0032037428,0.0146770954,0.0226853871,0.137754121,0.00428990424,0.3,0.3,-0.0032037428,0.00571487844,-0.116763165,-0.0098268348,-0.3,-0.0146770954,0.287562135
1161,31840834,0.283821136,-0.0698947757,-0.1267474,-0.0547661036,0.05322906,-0.122603498,-0.587442458,-0.478798538,-64.1369934,-0.583791673,-0.0401667953,0.184097201,0.0227056909,-0.00559158206,-0.13802422,-0.116429831,0.0042583248,-0.00980827987,0.3,0.3,-0.3,-0.287568751,-0.00321334362,0.0147277761,0.0227056909,0.13802422,0.0042583248,0.3,0.3,-0.00321334362,0.00559158206,-0.116429831,-0.00980827987,-0.3,-0.0147277761,0.287568751
1162,31861901,0.284034014,-0.0683304965,-0.128177717,-0.0539710633,0.0528900735,-0.122354612,-0.588724792,-0.477897197,-64.1359787,-0.583850682,-0.0401316322,0.184346199,0.0227227211,-0.00546643972,-0.138453315,-0.116191319,0.00423120588,-0.00978836894,0.3,0.3,-0.3,-0.287577602,-0.00321053058,0.0147476959,0.0227227211,0.138453315,0.00423120588,0.3,0.3,-0.00321053058,0.00546643972,-0.116191319,-0.00978836894,-0.3,-0.0147476959,0.287577602
1163,31886998,0.283886045,-0.0670588985,-0.12918596,-0.0530765019,0.0527364016,-0.122359455,-0.589363277,-0.477157801,-64.1348267,-0.584255576,-0.0400651433,0.184377924,0.0227108836,-0.00536471188,-0.138755788,-0.115922951,0.00421891212,-0.00978875637,0.3,0.3,-0.3,-0.287638336,-0.00320521146,0.0147502339,0.0227108836,0.138755788,0.00421891212,0.3,0.3,-0.00320521146,0.00536471188,-0.115922951,-0.00978875637,-0.3,-0.0147502339,0.287638336
1164,31899923,0.283525616,-0.0662994012,-0.129818588,-0.0528103821,0.0527337976,-0.122206293,-0.58938539,-0.477040917,-64.1335526,-0.584665835,-0.0396661498,0.184354156,0.0226820493,-0.0053039521,-0.138945577,-0.115843115,0.00421870381,-0.00977650344,0.3,0.3,-0.3,-0.287699875,-0.00317329198,0.0147483325,0.0226820493,0.138945577,0.00421870381,0.3,0.3,-0.00317329198,0.0053039521,-0.115843115,-0.00977650344,-0.3,-0.0147483325,0.287699875
1165,31922454,0.28287217,-0.0668913797,-0.129594788,-0.0540758818,0.0529017821,-0.122100472,-0.588397622,-0.478697568,-64.1320572,-0.584995687,-0.0390354395,0.184312344,0.0226297736,-0.00535131037,-0.138878436,-0.116222765,0.00423214257,-0.0097680378,0.3,0.3,-0.3,-0.287749353,-0.00312283516,0.0147449875,0.0226297736,0.138878436,0.00423214257,0.3,0.3,-0.00312283516,0.00535131037,-0.116222765,-0.0097680378,-0.3,-0.0147449875,0.287749353
1166,31942478,0.282344848,-0.0688314289,-0.128454998,-0.0563521348,0.0533429086,-0.122601755,-0.586826265,-0.481812328,-64.1303558,-0.585309505,-0.0388844758,0.184018627,0.0225875878,-0.00550651431,-0.138536499,-0.11690564,0.00426743269,-0.0098081404,0.3,0.3,-0.3,-0.287796426,-0.00311075807,0.0147214901,0.0225875878,0.138536499,0.00426743269,0.3,0.3,-0.00311075807,0.00550651431,-0.11690564,-0.0098081404,-0.3,-0.0147214901,0.287796426
1167,31970806,0.28204906,-0.0714333504,-0.126691669,-0.0585367531,0.0538730659,-0.123976685,-0.584826469,-0.485059172,-64.128746,-0.585742533,-0.0395215563,0.183352798,0.0225639248,-0.00571466804,-0.138007501,-0.117561026,0.00430984527,-0.00991813481,0.3,0.3,-0.3,-0.28786138,-0.00316172451,0.0146682239,0.0225639248,0.138007501,0.00430984527,0.3,0.3,-0.00316172451,0.00571466804,-0.117561026,-0.00991813481,-0.3,-0.0146682239,0.28786138
1168,31981281,0.281903297,-0.0744353235,-0.124823846,-0.0609835349,0.054407727,-0.125914514,-0.582713425,-0.488503098,-64.1270905,-0.586266816,-0.0405492969,0.182342842,0.0225522637,-0.00595482588,-0.137447154,-0.11829506,0.00435261816,-0.0100731611,0.3,0.3,-0.3,-0.287940022,-0.00324394375,0.0145874274,0.0225522637,0.137447154,0.00435261816,0.3,0.3,-0.00324394375,0.00595482588,-0.11829506,-0.0100731611,-0.3,-0.0145874274,0.287940022
1169,32004856,0.282047927,-0.077703245,-0.123067886,-0.0638738349,0.0549831577,-0.128384709,-0.580807805,-0.4926278,-64.1253128,-0.586992025,-0.0423466638,0.180785775,0.0225638342,-0.0062162596,-0.136920366,-0.11916215,0.00439865261,-0.0102707767,0.3,0.3,-0.3,-0.288048804,-0.0033877331,0.014462862,0.0225638342,0.136920366,0.00439865261,0.3,0.3,-0.0033877331,0.0062162596,-0.11916215,-0.0102707767,-0.3,-0.014462862,0.288048804
1170,32021170,0.282291055,-0.0812692046,-0.120968714,-0.0669422969,0.0556491874,-0.13104786,-0.578861713,-0.497045159,-64.1232605,-0.587919652,-0.0446169078,0.178815171,0.0225832844,-0.00650153637,-0.136290614,-0.120082689,0.00445193499,-0.0104838288,0.3,0.3,-0.3,-0.288187948,-0.00356935263,0.0143052137,0.0225832844,0.136290614,0.00445193499,0.3,0.3,-0.00356935263,0.00650153637,-0.120082689,-0.0104838288,-0.3,-0.0143052137,0.288187948
1171,32047414,0.282669753,-0.0849723145,-0.118657671,-0.0701411292,0.0563880168,-0.133650661,-0.576752901,-0.5015378,-64.1208115,-0.58887887,-0.0468440577,0.176809385,0.0226135802,-0.00679778516,-0.135597301,-0.121042339,0.00451104134,-0.0106920528,0.3,0.3,-0.3,-0.288331831,-0.00374752462,0.0141447508,0.0226135802,0.135597301,0.00451104134,0.3,0.3,-0.00374752462,0.00679778516,-0.121042339,-0.0106920528,-0.3,-0.0141447508,0.288331831
1172,32062477,0.283004761,-0.0883239359,-0.11603456,-0.0726431087,0.0570628159,-0.135917187,-0.574497223,-0.505085647,-64.1183243,-0.589835942,-0.048641488,0.175202116,0.0226403809,-0.00706591487,-0.134810368,-0.121792933,0.00456502527,-0.0108733749,0.3,0.3,-0.3,-0.288475391,-0.00389131904,0.0140161693,0.0226403809,0.134810368,0.00456502527,0.3,0.3,-0.00389131904,0.00706591487,-0.121792933,-0.0108733749,-0.3,-0.0140161693,0.288475391
1173,32081273,0.283510625,-0.0904194862,-0.113756083,-0.0735297948,0.0574539863,-0.137762666,-0.572952151,-0.506311774,-64.1160355,-0.590773523,-0.0502436198,0.174623296,0.02268085,-0.00723355889,-0.134126825,-0.122058938,0.0045963189,-0.0110210133,0.3,0.3,-0.3,-0.288616028,-0.00401948959,0.0139698637,0.02268085,0.134126825,0.0045963189,0.3,0.3,-0.00401948959,0.00723355889,-0.122058938,-0.0110210133,-0.3,-0.0139698637,0.288616028
1174,32101039,0.284615099,-0.0910498053,-0.112460606,-0.0742708817,0.0578057952,-0.138318539,-0.5726794,-0.506422222,-64.1138916,-0.591415823,-0.0511439219,0.174606845,0.022769208,-0.00728398442,-0.133738182,-0.122281265,0.00462446362,-0.0110654831,0.3,0.3,-0.3,-0.288712373,-0.00409151375,0.0139685476,0.022769208,0.133738182,0.00462446362,0.3,0.3,-0.00409151375,0.00728398442,-0.122281265,-0.0110654831,-0.3,-0.0139685476,0.288712373
1175,32122245,0.285958976,-0.0907394364,-0.112132914,-0.0746076182,0.0580871291,-0.138282165,-0.573551595,-0.506067932,-64.1120377,-0.591908097,-0.0520823225,0.174641117,0.022876718,-0.00725915492,-0.133639874,-0.122382285,0.00464697033,-0.0110625732,0.3,0.3,-0.3,-0.288786215,-0.0041665858,0.0139712894,0.022876718,0.133639874,0.00464697033,0.3,0.3,-0.0041665858,0.00725915492,-0.122382285,-0.0110625732,-0.3,-0.0139712894,0.288786215
1176,32138299,0.287381321,-0.0892461166,-0.112893417,-0.0735248029,0.0580959208,-0.137860686,-0.575319767,-0.504468501,-64.1103745,-0.592287898,-0.0525781102,0.174717605,0.0229905057,-0.00713968933,-0.133868025,-0.122057441,0.00464767367,-0.0110288548,0.3,0.3,-0.3,-0.288843185,-0.00420624882,0.0139774084,0.0229905057,0.133868025,0.00464767367,0.3,0.3,-0.00420624882,0.00713968933,-0.122057441,-0.0110288548,-0.3,-0.0139774084,0.288843185
1177,32172338,0.288517296,-0.086515747,-0.114877447,-0.0712315366,0.0578006804,-0.137177005,-0.577740371,-0.501582503,-64.1085739,-0.592589855,-0.052815266,0.174789175,0.0230813837,-0.00692125976,-0.134463234,-0.121369461,0.00462405443,-0.0109741604,0.3,0.3,-0.3,-0.288888478,-0.00422522128,0.013983134,0.0230813837,0.134463234,0.00462405443,0.3,0.3,-0.00422522128,0.00692125976,-0.121369461,-0.0109741604,-0.3,-0.013983134,0.288888478
1178,32180291,0.28889513,-0.0841638371,-0.117407076,-0.0699525476,0.0576595627,-0.136548251,-0.579797089,-0.500382781,-64.1065216,-0.593252659,-0.0524964817,0.174658298,0.0231116104,-0.00673310697,-0.135222123,-0.120985764,0.00461276501,-0.0109238601,0.3,0.3,-0.3,-0.288987899,-0.00419971853,0.0139726639,0.0231116104,0.135222123,0.00461276501,0.3,0.3,-0.00419971853,0.00673310697,-0.120985764,-0.0109238601,-0.3,-0.0139726639,0.288987899
1179,32205623,0.288464159,-0.0826226994,-0.119254448,-0.0688820109,0.0576007254,-0.136193737,-0.580777764,-0.500136554,-64.1042709,-0.594175458,-0.0518308394,0.174336091,0.0230771327,-0.00660981596,-0.135776334,-0.120664603,0.00460805804,-0.010895499,0.3,0.3,-0.3,-0.289126319,-0.00414646715,0.0139468873,0.0230771327,0.135776334,0.00460805804,0.3,0.3,-0.00414646715,0.00660981596,-0.120664603,-0.010895499,-0.3,-0.0139468873,0.289126319
1180,32220683,0.287256509,-0.0822350308,-0.120118447,-0.0685085207,0.0574458316,-0.136206537,-0.580244303,-0.500809669,-64.1017532,-0.595195174,-0.0509275161,0.174006745,0.0229805207,-0.00657880247,-0.136035534,-0.120552556,0.00459566653,-0.010896523,0.3,0.3,-0.3,-0.289279276,-0.00407420129,0.0139205396,0.0229805207,0.136035534,0.00459566653,0.3,0.3,-0.00407420129,0.00657880247,-0.120552556,-0.010896523,-0.3,-0.0139205396,0.289279276
1181,32238749,0.285906553,-0.0830645785,-0.119525351,-0.0693462119,0.0575426146,-0.136431947,-0.578514159,-0.50255543,-64.0989456,-0.596156359,-0.050151635,0.173739612,0.0228725243,-0.00664516628,-0.135857605,-0.120803864,0.00460340917,-0.0109145558,0.3,0.3,-0.3,-0.289423454,-0.0040121308,0.013899169,0.0228725243,0.135857605,0.00460340917,0.3,0.3,-0.0040121308,0.00664516628,-0.120803864,-0.0109145558,-0.3,-0.013899169,0.289423454
1182,32274909,0.284590751,-0.084551461,-0.117891654,-0.0706135631,0.0576943457,-0.137091011,-0.575775981,-0.504251182,-64.0964508,-0.596971095,-0.0498371944,0.173719615,0.0227672601,-0.00676411688,-0.135367496,-0.121184069,0.00461554766,-0.0109672809,0.3,0.3,-0.3,-0.289545664,-0.00398697555,0.0138975692,0.0227672601,0.135367496,0.00461554766,0.3,0.3,-0.00398697555,0.00676411688,-0.121184069,-0.0109672809,-0.3,-0.0138975692,0.289545664
1183,32278251,0.283469737,-0.0867081881,-0.115715392,-0.0730854496,0.0580892488,-0.137922376,-0.573144615,-0.506540418,-64.094368,-0.59770149,-0.0496550947,0.173742086,0.0226775789,-0.00693665504,-0.134714618,-0.121925635,0.00464713991,-0.0110337901,0.3,0.3,-0.3,-0.289655223,-0.00397240758,0.0138993669,0.0226775789,0.134714618,0.00464713991,0.3,0.3,-0.00397240758,0.00693665504,-0.121925635,-0.0110337901,-0.3,-0.0138993669,0.289655223
1184,32300217,0.282980233,-0.0887596682,-0.113898717,-0.0750973672,0.0583888888,-0.139523849,-0.57128185,-0.508650482,-64.0927505,-0.598508656,-0.0503841788,0.173387185,0.0226384187,-0.00710077345,-0.134169615,-0.12252921,0.00467111111,-0.0111619079,0.3,0.3,-0.3,-0.289776298,-0.0040307343,0.0138709748,0.0226384187,0.134169615,0.00467111111,0.3,0.3,-0.0040307343,0.00710077345,-0.12252921,-0.0111619079,-0.3,-0.0138709748,0.289776298
1185,32321270,0.282894641,-0.0898627043,-0.112414576,-0.0757109299,0.0584833175,-0.141139463,-0.569902778,-0.509209514,-64.0912933,-0.599212646,-0.0513804443,0.173040375,0.0226315713,-0.00718901634,-0.133724373,-0.122713279,0.0046786654,-0.011291157,0.3,0.3,-0.3,-0.289881897,-0.00411043555,0.01384323,0.0226315713,0.133724373,0.0046786654,0.3,0.3,-0.00411043555,0.00718901634,-0.122713279,-0.011291157,-0.3,-0.01384323,0.289881897
1186,32340149,0.283232778,-0.0894545615,-0.112029567,-0.0753068104,0.0583395474,-0.142259851,-0.569765449,-0.508438051,-64.0895996,-0.599789619,-0.0522760414,0.172786206,0.0226586223,-0.00715636492,-0.13360887,-0.122592043,0.00466716379,-0.0113807881,0.3,0.3,-0.3,-0.289968443,-0.00418208331,0.0138228965,0.0226586223,0.13360887,0.00466716379,0.3,0.3,-0.00418208331,0.00715636492,-0.122592043,-0.0113807881,-0.3,-0.0138228965,0.289968443
1187,32362327,0.283677816,-0.0890480205,-0.112571508,-0.0758735165,0.0582623743,-0.142911822,-0.570450604,-0.508989513,-64.0874252,-0.600355327,-0.0531003959,0.172315255,0.0226942253,-0.00712384164,-0.133771452,-0.122762055,0.00466098994,-0.0114329457,0.3,0.3,-0.3,-0.290053299,-0.00424803168,0.0137852204,0.0226942253,0.133771452,0.00466098994,0.3,0.3,-0.00424803168,0.00712384164,-0.122762055,-0.0114329457,-0.3,-0.0137852204,0.290053299
1188,32379244,0.283680171,-0.0897567719,-0.112843201,-0.0776429027,0.0584575385,-0.143752873,-0.569985509,-0.511638343,-64.0845413,-0.601190567,-0.0535168611,0.171612129,0.0226944137,-0.00718054175,-0.13385296,-0.123292871,0.00467660308,-0.0115002298,0.3,0.3,-0.3,-0.290178585,-0.00428134888,0.0137289703,0.0226944137,0.13385296,0.00467660308,0.3,0.3,-0.00428134888,0.00718054175,-0.123292871,-0.0115002298,-0.3,-0.0137289703,0.290178585
1189,32405899,0.283135355,-0.0921487957,-0.111882187,-0.0802615732,0.0588558055,-0.144921809,-0.56806165,-0.515922189,-64.0813293,-0.60211575,-0.053863395,0.170701966,0.0226508284,-0.00737190366,-0.133564656,-0.124078472,0.00470846444,-0.0115937448,0.3,0.3,-0.3,-0.290317363,-0.0043090716,0.0136561573,0.0226508284,0.133564656,0.00470846444,0.3,0.3,-0.0043090716,0.00737190366,-0.124078472,-0.0115937448,-0.3,-0.0136561573,0.290317363
1190,32419837,0.282189161,-0.096255742,-0.109846368,-0.0836500078,0.0592247806,-0.147147298,-0.564974606,-0.521717906,-64.0779266,-0.603156149,-0.0547353439,0.169217259,0.0225751328,-0.00770045936,-0.132953911,-0.125095002,0.00473798245,-0.0117717838,0.3,0.3,-0.3,-0.290473422,-0.00437882751,0.0135373807,0.0225751328,0.132953911,0.00473798245,0.3,0.3,-0.00437882751,0.00770045936,-0.125095002,-0.0117717838,-0.3,-0.0135373807,0.290473422
1191,32441738,0.281196326,-0.101116344,-0.106242523,-0.087298207,0.0597411804,-0.149701968,-0.560666442,-0.527519941,-64.073967,-0.604077101,-0.0556974448,0.167681769,0.0224957061,-0.00808930755,-0.131872757,-0.126189462,0.00477929443,-0.0119761574,0.3,0.3,-0.3,-0.290611565,-0.00445579559,0.0134145415,0.0224957061,0.131872757,0.00477929443,0.3,0.3,-0.00445579559,0.00808930755,-0.126189462,-0.0119761574,-0.3,-0.0134145415,0.290611565
1192,32462380,0.280707836,-0.105735846,-0.101670615,-0.0910076424,0.0603160709,-0.151999146,-0.555783868,-0.532329082,-64.0700912,-0.604678094,-0.0567821264,0.1668832,0.0224566269,-0.00845886767,-0.130501185,-0.127302293,0.00482528567,-0.0121599317,0.3,0.3,-0.3,-0.290701714,-0.00454257011,0.013350656,0.0224566269,0.130501185,0.00482528567,0.3,0.3,-0.00454257011,0.00845886767,-0.127302293,-0.0121599317,-0.3,-0.013350656,0.290701714
1193,32482794,0.281071514,-0.109353833,-0.0972809568,-0.0942013934,0.0607957505,-0.153581753,-0.552141547,-0.535214841,-64.0666428,-0.604751587,-0.0580095276,0.167178303,0.0224857211,-0.00874830663,-0.129184287,-0.128260418,0.00486366004,-0.0122865403,0.3,0.3,-0.3,-0.290712738,-0.00464076221,0.0133742642,0.0224857211,0.129184287,0.00486366004,0.3,0.3,-0.00464076221,0.00874830663,-0.128260418,-0.0122865403,-0.3,-0.0133742642,0.290712738
1194,32505758,0.282520056,-0.110973559,-0.0945375189,-0.0963286087,0.0610664599,-0.154394627,-0.550728559,-0.536082208,-64.0635757,-0.604276776,-0.0591118,0.168024808,0.0226016045,-0.00887788475,-0.128361256,-0.128898583,0.00488531679,-0.0123515701,0.3,0.3,-0.3,-0.290641516,-0.004728944,0.0134419847,0.0226016045,0.128361256,0.00488531679,0.3,0.3,-0.004728944,0.00887788475,-0.128898583,-0.0123515701,-0.3,-0.0134419847,0.290641516
1195,32520882,0.284546494,-0.111250713,-0.0936995521,-0.0976541787,0.0610764995,-0.154723004,-0.55140233,-0.536253154,-64.0604401,-0.603490472,-0.0599783659,0.169361919,0.0227637196,-0.00890005708,-0.128109866,-0.129296254,0.00488611996,-0.0123778403,0.3,0.3,-0.3,-0.290523571,-0.00479826927,0.0135489535,0.0227637196,0.128109866,0.00488611996,0.3,0.3,-0.00479826927,0.00890005708,-0.129296254,-0.0123778403,-0.3,-0.0135489535,0.290523571
1196,32542518,0.28681004,-0.110462904,-0.0944512263,-0.0980274826,0.061061617,-0.154751778,-0.55386436,-0.535899818,-64.0569611,-0.602765262,-0.0608437695,0.170099735,0.0229448032,-0.00883703232,-0.128335368,-0.129408245,0.00488492936,-0.0123801422,0.3,0.3,-0.3,-0.290414789,-0.00486750156,0.0136079788,0.0229448032,0.128335368,0.00488492936,0.3,0.3,-0.00486750156,0.00883703232,-0.129408245,-0.0123801422,-0.3,-0.0136079788,0.290414789
1197,32571260,0.288704246,-0.109001383,-0.096261099,-0.0974208936,0.0609671883,-0.154637709,-0.556868613,-0.535404742,-64.0528641,-0.602302909,-0.0609855093,0.170020238,0.0230963397,-0.00872011065,-0.12887833,-0.129226268,0.00487737507,-0.0123710167,0.3,0.3,-0.3,-0.290345436,-0.00487884074,0.013601619,0.0230963397,0.12887833,0.00487737507,0.3,0.3,-0.00487884074,0.00872011065,-0.129226268,-0.0123710167,-0.3,-0.013601619,0.290345436
1198,32580710,0.289494097,-0.107043728,-0.098096706,-0.0951897129,0.0607076287,-0.154724643,-0.55905807,-0.533987284,-64.0480881,-0.602317333,-0.0606206842,0.169677898,0.0231595278,-0.00856349826,-0.129429012,-0.128556914,0.0048566103,-0.0123779714,0.3,0.3,-0.3,-0.2903476,-0.00484965473,0.0135742319,0.0231595278,0.129429012,0.0048566103,0.3,0.3,-0.00484965473,0.00856349826,-0.128556914,-0.0123779714,-0.3,-0.0135742319,0.2903476
1199,32600948,0.289535671,-0.104189612,-0.100010917,-0.0916914642,0.0602515787,-0.154421508,-0.561025679,-0.530884981,-64.0431671,-0.602703154,-0.0598493628,0.169413939,0.0231628537,-0.00833516896,-0.130003275,-0.127507439,0.0048201263,-0.0123537207,0.3,0.3,-0.3,-0.290405473,-0.00478794903,0.0135531151,0.0231628537,0.130003275,0.0048201263,0.3,0.3,-0.00478794903,0.00833516896,-0.127507439,-0.0123537207,-0.3,-0.0135531151,0.290405473
1200,32621980,0.288872391,-0.101323113,-0.102194868,-0.0890756249,0.0595863611,-0.153404236,-0.562467575,-0.528069317,-64.0378113,-0.603175402,-0.0583251007,0.169819281,0.0231097913,-0.00810584903,-0.13065846,-0.126722687,0.00476690888,-0.0122723389,0.3,0.3,-0.3,-0.29047631,-0.00466600806,0.0135855424,0.0231097913,0.13065846,0.00476690888,0.3,0.3,-0.00466600806,0.00810584903,-0.126722687,-0.0122723389,-0.3,-0.0135855424,0.29047631
1201,32642771,0.287804037,-0.0996211469,-0.103830427,-0.0884252042,0.059087906,-0.152225614,-0.562931657,-0.527048826,-64.0320282,-0.603701472,-0.0569039136,0.170343652,0.023024323,-0.00796969175,-0.131149128,-0.126527561,0.00472703248,-0.0121780491,0.3,0.3,-0.3,-0.290555221,-0.00455231309,0.0136274922,0.023024323,0.131149128,0.00472703248,0.3,0.3,-0.00455231309,0.00796969175,-0.126527561,-0.0121780491,-0.3,-0.0136274922,0.290555221
1202,32662207,0.286723226,-0.0992214307,-0.104486756,-0.0886932984,0.05884175,-0.151747972,-0.562574446,-0.527383029,-64.0263977,-0.60435611,-0.056260895,0.170440063,0.0229378581,-0.00793771446,-0.131346027,-0.12660799,0.00470734,-0.0121398377,0.3,0.3,-0.3,-0.290653417,-0.0045008716,0.013635205,0.0229378581,0.131346027,0.00470734,0.3,0.3,-0.0045008716,0.00793771446,-0.12660799,-0.0121398377,-0.3,-0.013635205,0.290653417
1203,32680659,0.285716623,-0.0998039022,-0.103463277,-0.0893339664,0.0590221547,-0.151529133,-0.561042368,-0.528005242,-64.0212021,-0.605000734,-0.0559726879,0.170566812,0.0228573298,-0.00798431218,-0.131038983,-0.12680019,0.00472177237,-0.0121223307,0.3,0.3,-0.3,-0.29075011,-0.00447781503,0.013645345,0.0228573298,0.131038983,0.00472177237,0.3,0.3,-0.00447781503,0.00798431218,-0.12680019,-0.0121223307,-0.3,-0.013645345,0.29075011
1204,32705130,0.285184413,-0.101044022,-0.101925254,-0.0904023498,0.0592547208,-0.151477009,-0.55926466,-0.528985441,-64.0167923,-0.605509818,-0.055763755,0.170820892,0.0228147531,-0.00808352172,-0.130577576,-0.127120705,0.00474037766,-0.0121181607,0.3,0.3,-0.3,-0.290826473,-0.0044611004,0.0136656713,0.0228147531,0.130577576,0.00474037766,0.3,0.3,-0.0044611004,0.00808352172,-0.127120705,-0.0121181607,-0.3,-0.0136656713,0.290826473
1205,32720667,0.285266787,-0.102375455,-0.100522563,-0.0911548063,0.0594149046,-0.152062207,-0.557896078,-0.529883146,-64.0128479,-0.605891407,-0.0567642972,0.171090573,0.0228213429,-0.00819003642,-0.130156769,-0.127346442,0.00475319237,-0.0121649766,0.3,0.3,-0.3,-0.290883711,-0.00454114377,0.0136872458,0.0228213429,0.130156769,0.00475319237,0.3,0.3,-0.00454114377,0.00819003642,-0.127346442,-0.0121649766,-0.3,-0.0136872458,0.290883711
1206,32741592,0.285800189,-0.102985345,-0.09980084,-0.0913965404,0.0594725758,-0.152792037,-0.557222426,-0.529911041,-64.0089417,-0.60620755,-0.0577176623,0.171383619,0.0228640151,-0.00823882759,-0.129940252,-0.127418962,0.00475780606,-0.0122233629,0.3,0.3,-0.3,-0.290931132,-0.00461741298,0.0137106895,0.0228640151,0.129940252,0.00475780606,0.3,0.3,-0.00461741298,0.00823882759,-0.127418962,-0.0122233629,-0.3,-0.0137106895,0.290931132
1207,32762714,0.286342591,-0.102425627,-0.0998372436,-0.0906212181,0.0593556724,-0.153371483,-0.557083845,-0.528694928,-64.0052261,-0.606404126,-0.0581739284,0.171923518,0.0229074073,-0.00819405019,-0.129951173,-0.127186365,0.0047484538,-0.0122697186,0.3,0.3,-0.3,-0.290960619,-0.00465391427,0.0137538815,0.0229074073,0.129951173,0.0047484538,0.3,0.3,-0.00465391427,0.00819405019,-0.127186365,-0.0122697186,-0.3,-0.0137538815,0.290960619
1208,32780403,0.286670715,-0.100660481,-0.100744076,-0.0888390094,0.0590530485,-0.153584331,-0.557811379,-0.526195765,-64.0017853,-0.606700301,-0.0582371727,0.172697693,0.0229336572,-0.00805283844,-0.130223223,-0.126651703,0.00472424388,-0.0122867465,0.3,0.3,-0.3,-0.291005045,-0.00465897381,0.0138158154,0.0229336572,0.130223223,0.00472424388,0.3,0.3,-0.00465897381,0.00805283844,-0.126651703,-0.0122867465,-0.3,-0.0138158154,0.291005045
1209,32801676,0.286932051,-0.0978150517,-0.102330223,-0.0866686031,0.0587044246,-0.152886719,-0.559448719,-0.52299571,-63.9985008,-0.60694778,-0.0577496737,0.17358689,0.0229545641,-0.00782520413,-0.130699067,-0.126000581,0.00469635397,-0.0122309375,0.3,0.3,-0.3,-0.291042167,-0.0046199739,0.0138869512,0.0229545641,0.130699067,0.00469635397,0.3,0.3,-0.0046199739,0.00782520413,-0.126000581,-0.0122309375,-0.3,-0.0138869512,0.291042167
1210,32827574,0.286873639,-0.0950968862,-0.104350433,-0.0851366445,0.0582253635,-0.151578918,-0.561138093,-0.520674109,-63.995018,-0.607004583,-0.0565850399,0.174417168,0.0229498911,-0.00760775089,-0.13130513,-0.125540993,0.00465802908,-0.0121263134,0.3,0.3,-0.3,-0.291050687,-0.0045268032,0.0139533734,0.0229498911,0.13130513,0.00465802908,0.3,0.3,-0.0045268032,0.00760775089,-0.125540993,-0.0121263134,-0.3,-0.0139533734,0.291050687
1211,32841853,0.286540329,-0.0930518657,-0.105906844,-0.083951056,0.0578493327,-0.150127724,-0.56235218,-0.519179225,-63.9913979,-0.606960297,-0.0552867651,0.175200507,0.0229232264,-0.00744414926,-0.131772053,-0.125185317,0.00462794662,-0.0120102179,0.3,0.3,-0.3,-0.291044044,-0.00442294121,0.0140160406,0.0229232264,0.131772053,0.00462794662,0.3,0.3,-0.00442294121,0.00744414926,-0.125185317,-0.0120102179,-0.3,-0.0140160406,0.291044044
1212,32861689,0.286190152,-0.091578342,-0.106936671,-0.0829388127,0.0575183965,-0.148683161,-0.562914968,-0.517965496,-63.9878578,-0.606730044,-0.0538895205,0.175965354,0.0228952122,-0.00732626736,-0.132081001,-0.124881644,0.00460147172,-0.0118946528,0.3,0.3,-0.3,-0.291009507,-0.00431116164,0.0140772283,0.0228952122,0.132081001,0.00460147172,0.3,0.3,-0.00431116164,0.00732626736,-0.124881644,-0.0118946528,-0.3,-0.0140772283,0.291009507
1213,32889799,0.285575628,-0.0912947804,-0.107438572,-0.0830165446,0.0573406182,-0.147677615,-0.562830508,-0.518043697,-63.9843979,-0.606387854,-0.0525201485,0.176595628,0.0228460503,-0.00730358243,-0.132231572,-0.124904963,0.00458724946,-0.0118142092,0.3,0.3,-0.3,-0.290958178,-0.00420161188,0.0141276503,0.0228460503,0.132231572,0.00458724946,0.3,0.3,-0.00420161188,0.00730358243,-0.124904963,-0.0118142092,-0.3,-0.0141276503,0.290958178
1214,32902806,0.284979016,-0.0918501839,-0.107140511,-0.0834736153,0.0573444963,-0.14719075,-0.562318027,-0.51854521,-63.9814034,-0.606131196,-0.0515549295,0.177065283,0.0227983212,-0.00734801471,-0.132142153,-0.125042085,0.0045875597,-0.01177526,0.3,0.3,-0.3,-0.290919679,-0.00412439436,0.0141652226,0.0227983212,0.132142153,0.0045875597,0.3,0.3,-0.00412439436,0.00734801471,-0.125042085,-0.01177526,-0.3,-0.0141652226,0.290919679
1215,32922008,0.28478393,-0.0926226079,-0.106532484,-0.0838101655,0.0573630519,-0.14714703,-0.561735809,-0.518986762,-63.9786987,-0.605803013,-0.0513283126,0.177298784,0.0227827144,-0.00740980864,-0.131959745,-0.12514305,0.00458904415,-0.0117717624,0.3,0.3,-0.3,-0.290870452,-0.00410626501,0.0141839027,0.0227827144,0.131959745,0.00458904415,0.3,0.3,-0.00410626501,0.00740980864,-0.12514305,-0.0117717624,-0.3,-0.0141839027,0.290870452
1216,32953238,0.284872741,-0.093323864,-0.105909884,-0.0842570588,0.0574206561,-0.147255227,-0.561224222,-0.519380808,-63.9760857,-0.605421185,-0.0514608435,0.177437171,0.0227898192,-0.00746590912,-0.131772965,-0.125277118,0.00459365249,-0.0117804182,0.3,0.3,-0.3,-0.290813178,-0.00411686748,0.0141949737,0.0227898192,0.131772965,0.00459365249,0.3,0.3,-0.00411686748,0.00746590912,-0.125277118,-0.0117804182,-0.3,-0.0141949737,0.290813178
1217,32959915,0.285284251,-0.0933980718,-0.105457313,-0.0839683041,0.0574408546,-0.147485688,-0.561321318,-0.518787503,-63.9737625,-0.605158806,-0.0520026758,0.17755948,0.0228227401,-0.00747184575,-0.131637194,-0.125190491,0.00459526837,-0.0117988551,0.3,0.3,-0.3,-0.290773821,-0.00416021407,0.0142047584,0.0228227401,0.131637194,0.00459526837,0.3,0.3,-0.00416021407,0.00747184575,-0.125190491,-0.0117988551,-0.3,-0.0142047584,0.290773821
1218,32986226,0.285776287,-0.0931399688,-0.105518594,-0.0837652981,0.0575002804,-0.147563681,-0.561717153,-0.518130958,-63.9714699,-0.604953527,-0.0525624752,0.177680597,0.022862103,-0.0074511975,-0.131655578,-0.125129589,0.00460002244,-0.0118050945,0.3,0.3,-0.3,-0.290743029,-0.00420499802,0.0142144477,0.022862103,0.131655578,0.00460002244,0.3,0.3,-0.00420499802,0.0074511975,-0.125129589,-0.0118050945,-0.3,-0.0142144477,0.290743029
1219,33003456,0.286244541,-0.0927988365,-0.105778612,-0.0837284103,0.057587482,-0.147281528,-0.562221467,-0.517729044,-63.9692841,-0.604767323,-0.0527310222,0.177831545,0.0228995633,-0.00742390692,-0.131733584,-0.125118523,0.00460699856,-0.0117825222,0.3,0.3,-0.3,-0.290715098,-0.00421848178,0.0142265236,0.0228995633,0.131733584,0.00460699856,0.3,0.3,-0.00421848178,0.00742390692,-0.125118523,-0.0117825222,-0.3,-0.0142265236,0.290715098
1220,33020445,0.286619306,-0.0928486735,-0.106118776,-0.083980158,0.057713341,-0.147124022,-0.563008547,-0.518055558,-63.967205,-0.604690135,-0.0531778112,0.177662626,0.0229295444,-0.00742789388,-0.131835633,-0.125194047,0.00461706728,-0.0117699218,0.3,0.3,-0.3,-0.29070352,-0.0042542249,0.0142130101,0.0229295444,0.131835633,0.00461706728,0.3,0.3,-0.0042542249,0.00742789388,-0.125194047,-0.0117699218,-0.3,-0.0142130101,0.29070352
1221,33047860,0.286913067,-0.0931527838,-0.106427319,-0.0842487738,0.0579062738,-0.147194222,-0.563687086,-0.518768072,-63.9649887,-0.604737818,-0.0534515604,0.177171245,0.0229530454,-0.0074522227,-0.131928196,-0.125274632,0.0046325019,-0.0117755377,0.3,0.3,-0.3,-0.290710673,-0.00427612484,0.0141736996,0.0229530454,0.131928196,0.0046325019,0.3,0.3,-0.00427612484,0.0074522227,-0.125274632,-0.0117755377,-0.3,-0.0141736996,0.290710673
1222,33062173,0.286904931,-0.0936603323,-0.106482223,-0.0844314694,0.058013007,-0.147380814,-0.563641727,-0.519596636,-63.9625587,-0.604828358,-0.0533016808,0.17666851,0.0229523945,-0.00749282658,-0.131944667,-0.125329441,0.00464104056,-0.0117904651,0.3,0.3,-0.3,-0.290724254,-0.00426413447,0.0141334808,0.0229523945,0.131944667,0.00464104056,0.3,0.3,-0.00426413447,0.00749282658,-0.125329441,-0.0117904651,-0.3,-0.0141334808,0.290724254
1223,33079972,0.286513001,-0.0949846879,-0.106390379,-0.0854324624,0.0581248924,-0.148169279,-0.563145816,-0.521557868,-63.9599419,-0.605178952,-0.0535950512,0.175816208,0.0229210401,-0.00759877503,-0.131917114,-0.125629739,0.00464999139,-0.0118535423,0.3,0.3,-0.3,-0.290776843,-0.00428760409,0.0140652966,0.0229210401,0.131917114,0.00464999139,0.3,0.3,-0.00428760409,0.00759877503,-0.125629739,-0.0118535423,-0.3,-0.0140652966,0.290776843
1224,33100180,0.286044002,-0.0969517529,-0.105501302,-0.0870275572,0.0584158972,-0.149136424,-0.562033474,-0.524051547,-63.9572945,-0.605704963,-0.0541190505,0.174696654,0.0228835201,-0.00775614023,-0.13165039,-0.126108267,0.00467327178,-0.0119309139,0.3,0.3,-0.3,-0.290855744,-0.00432952404,0.0139757323,0.0228835201,0.13165039,0.00467327178,0.3,0.3,-0.00432952404,0.00775614023,-0.126108267,-0.0119309139,-0.3,-0.0139757323,0.290855744
1225,33121410,0.28541559,-0.0997935236,-0.10392426,-0.089333415,0.0587438866,-0.150416151,-0.560196757,-0.527411401,-63.9546051,-0.60622859,-0.0550149195,0.173386067,0.0228332472,-0.00798348188,-0.131177278,-0.126800025,0.00469951093,-0.0120332921,0.3,0.3,-0.3,-0.290934289,-0.00440119356,0.0138708854,0.0228332472,0.131177278,0.00469951093,0.3,0.3,-0.00440119356,0.00798348188,-0.126800025,-0.0120332921,-0.3,-0.0138708854,0.290934289
1226,33151490,0.28485468,-0.103665389,-0.101895027,-0.0926775038,0.0591700003,-0.152298257,-0.557731211,-0.532176316,-63.9516602,-0.606840253,-0.0564619936,0.171669275,0.0227883744,-0.00829323113,-0.130568508,-0.127803251,0.00473360002,-0.0121838605,0.3,0.3,-0.3,-0.291026038,-0.00451695949,0.013733542,0.0227883744,0.130568508,0.00473360002,0.3,0.3,-0.00451695949,0.00829323113,-0.127803251,-0.0121838605,-0.3,-0.013733542,0.291026038
1227,33159349,0.284436852,-0.108328499,-0.0992539376,-0.0966762304,0.0597287305,-0.154844269,-0.554905176,-0.537917972,-63.9484482,-0.607624114,-0.058497902,0.169366986,0.0227549481,-0.00866627991,-0.129776181,-0.129002869,0.00477829844,-0.0123875415,0.3,0.3,-0.3,-0.291143617,-0.00467983216,0.0135493588,0.0227549481,0.129776181,0.00477829844,0.3,0.3,-0.00467983216,0.00866627991,-0.129002869,-0.0123875415,-0.3,-0.0135493588,0.291143617
1228,33188753,0.283871055,-0.114444159,-0.0960589126,-0.102094255,0.0604809523,-0.158398584,-0.551093817,-0.545757234,-63.9447937,-0.608760238,-0.0613499135,0.166205019,0.0227096844,-0.00915553272,-0.128817674,-0.130628277,0.00483847618,-0.0126718867,0.3,0.3,-0.3,-0.291314036,-0.00490799308,0.0132964015,0.0227096844,0.128817674,0.00483847618,0.3,0.3,-0.00490799308,0.00915553272,-0.130628277,-0.0126718867,-0.3,-0.0132964015,0.291314036
1229,33200154,0.283212811,-0.121457122,-0.0916159004,-0.107922181,0.0613761283,-0.162393481,-0.546036005,-0.554282963,-63.9409218,-0.610058844,-0.0644086003,0.162588969,0.0226570249,-0.00971656978,-0.12748477,-0.132376654,0.00491009027,-0.0129914784,0.3,0.3,-0.3,-0.291508827,-0.00515268803,0.0130071175,0.0226570249,0.12748477,0.00491009027,0.3,0.3,-0.00515268803,0.00971656978,-0.132376654,-0.0129914784,-0.3,-0.0130071175,0.291508827
1230,33222883,0.282283872,-0.12971735,-0.0866836309,-0.11530561,0.0621413514,-0.166985735,-0.540236235,-0.564887464,-63.936306,-0.611381769,-0.0680487677,0.158126414,0.0225827098,-0.010377388,-0.126005089,-0.134591683,0.00497130811,-0.0133588588,0.3,0.3,-0.3,-0.291707265,-0.00544390142,0.0126501131,0.0225827098,0.126005089,0.00497130811,0.3,0.3,-0.00544390142,0.010377388,-0.134591683,-0.0133588588,-0.3,-0.0126501131,0.291707265
1231,33245312,0.281465381,-0.138278261,-0.0795120448,-0.123033427,0.0632024631,-0.170742273,-0.53299439,-0.575484276,-63.9312096,-0.612314761,-0.071057491,0.154029086,0.0225172305,-0.0110622609,-0.123853613,-0.136910028,0.00505619705,-0.0136593819,0.3,0.3,-0.3,-0.291847214,-0.00568459928,0.0123223269,0.0225172305,0.123853613,0.00505619705,0.3,0.3,-0.00568459928,0.0110622609,-0.136910028,-0.0136593819,-0.3,-0.0123223269,0.291847214
1232,33259868,0.281140864,-0.146308556,-0.0718087703,-0.130544633,0.0642062947,-0.174071193,-0.52585417,-0.585505307,-63.9259872,-0.612423301,-0.0736785233,0.150817335,0.0224912691,-0.0117046845,-0.121542631,-0.13916339,0.00513650358,-0.0139256954,0.3,0.3,-0.3,-0.291863495,-0.00589428186,0.0120653868,0.0224912691,0.121542631,0.00513650358,0.3,0.3,-0.00589428186,0.0117046845,-0.13916339,-0.0139256954,-0.3,-0.0120653868,0.291863495
1233,33283980,0.281350613,-0.153743401,-0.0636521876,-0.138911411,0.065287903,-0.176001877,-0.518907547,-0.595290303,-63.9205933,-0.611395001,-0.0750759542,0.14936769,0.022508049,-0.0122994721,-0.119095656,-0.141673423,0.00522303224,-0.0140801501,0.3,0.3,-0.3,-0.29170925,-0.00600607634,0.0119494152,0.022508049,0.119095656,0.00522303224,0.3,0.3,-0.00600607634,0.0122994721,-0.141673423,-0.0140801501,-0.3,-0.0119494152,0.29170925
1234,33300670,0.282667369,-0.160137951,-0.0553458147,-0.147215724,0.0664766207,-0.176365033,-0.513289213,-0.604069948,-63.9152412,-0.609078705,-0.0750968456,0.149300635,0.0226133895,-0.0128110361,-0.116603744,-0.144164717,0.00531812966,-0.0141092026,0.3,0.3,-0.3,-0.291361806,-0.00600774765,0.0119440508,0.0226133895,0.116603744,0.00531812966,0.3,0.3,-0.00600774765,0.0128110361,-0.144164717,-0.0141092026,-0.3,-0.0119440508,0.291361806
1235,33320858,0.285009652,-0.164434478,-0.048246026,-0.153312653,0.0674482062,-0.176407278,-0.510064363,-0.610140145,-63.9106255,-0.60555315,-0.0750849172,0.150780872,0.0228007722,-0.0131547582,-0.114473808,-0.145993796,0.0053958565,-0.0141125822,0.3,0.3,-0.3,-0.290832973,-0.00600679338,0.0120624697,0.0228007722,0.114473808,0.0053958565,0.3,0.3,-0.00600679338,0.0131547582,-0.145993796,-0.0141125822,-0.3,-0.0120624697,0.290832973
1236,33340655,0.289565831,-0.163744718,-0.042773813,-0.155023843,0.0686306059,-0.17464444,-0.511133313,-0.609238446,-63.9070129,-0.60090214,-0.0741020143,0.154408112,0.0231652665,-0.0130995774,-0.112832144,-0.146507153,0.00549044847,-0.0139715552,0.3,0.3,-0.3,-0.290135321,-0.00592816114,0.012352649,0.0231652665,0.112832144,0.00549044847,0.3,0.3,-0.00592816114,0.0130995774,-0.146507153,-0.0139715552,-0.3,-0.012352649,0.290135321
1237,33361306,0.296395779,-0.158033013,-0.0409918316,-0.155387029,0.0701885894,-0.169518098,-0.516649008,-0.604038417,-63.9038963,-0.59495461,-0.0708152205,0.159727782,0.0237116623,-0.0126426411,-0.112297549,-0.146616109,0.00561508715,-0.0135614479,0.3,0.3,-0.3,-0.289243191,-0.00566521764,0.0127782226,0.0237116623,0.112297549,0.00561508715,0.3,0.3,-0.00566521764,0.0126426411,-0.146616109,-0.0135614479,-0.3,-0.0127782226,0.289243191
1238,33382414,0.304885864,-0.148765445,-0.0416019335,-0.154677257,0.0721636489,-0.159922376,-0.524694622,-0.595311165,-63.9013138,-0.587475002,-0.0631859973,0.167595163,0.0243908691,-0.0119012356,-0.11248058,-0.146403177,0.00577309191,-0.0127937901,0.3,0.3,-0.3,-0.28812125,-0.00505487978,0.013407613,0.0243908691,0.11248058,0.00577309191,0.3,0.3,-0.00505487978,0.0119012356,-0.146403177,-0.0127937901,-0.3,-0.013407613,0.28812125
1239,33402477,0.314550102,-0.135803521,-0.0467052422,-0.148843572,0.0735375509,-0.149328664,-0.53722322,-0.580685437,-63.8993912,-0.57914567,-0.0541970357,0.177217409,0.0251640081,-0.0108642817,-0.114011573,-0.144653071,0.00588300407,-0.0119462931,0.3,0.3,-0.3,-0.28687185,-0.00433576286,0.0141773927,0.0251640081,0.114011573,0.00588300407,0.3,0.3,-0.00433576286,0.0108642817,-0.144653071,-0.0119462931,-0.3,-0.0141773927,0.28687185
1240,33423556,0.325080574,-0.118489534,-0.0576814488,-0.138132036,0.0748661235,-0.138251647,-0.555497348,-0.559666514,-63.8985558,-0.570941389,-0.0448056422,0.186838374,0.0260064459,-0.00947916269,-0.117304435,-0.141439611,0.00598928988,-0.0110601318,0.3,0.3,-0.3,-0.285641208,-0.00358445138,0.0149470699,0.0260064459,0.117304435,0.00598928988,0.3,0.3,-0.00358445138,0.00947916269,-0.141439611,-0.0110601318,-0.3,-0.0149470699,0.285641208
1241,33441341,0.335820228,-0.0980958045,-0.0735282451,-0.125235438,0.0763051882,-0.125069901,-0.57724005,-0.535859525,-63.8977318,-0.563513935,-0.0328561738,0.195347697,0.0268656182,-0.00784766436,-0.122058474,-0.137570632,0.00610441506,-0.0100055921,0.3,0.3,-0.3,-0.28452709,-0.00262849391,0.0156278157,0.0268656182,0.122058474,0.00610441506,0.3,0.3,-0.00262849391,0.00784766436,-0.137570632,-0.0100055921,-0.3,-0.0156278157,0.28452709
1242,33461940,0.345968217,-0.0775909126,-0.0922837257,-0.111821935,0.077439256,-0.110938877,-0.599140406,-0.513144135,-63.8968582,-0.557399213,-0.019397907,0.20133248,0.0276774573,-0.00620727301,-0.127685118,-0.13354658,0.00619514048,-0.00887511015,0.3,0.3,-0.3,-0.283609882,-0.00155183256,0.0161065984,0.0276774573,0.127685118,0.00619514048,0.3,0.3,-0.00155183256,0.00620727301,-0.13354658,-0.00887511015,-0.3,-0.0161065984,0.283609882
1243,33482852,0.354352951,-0.0576951131,-0.115068629,-0.0941727161,0.076433979,-0.10082572,-0.620594084,-0.490969867,-63.8940544,-0.554464459,-0.00735102547,0.203531221,0.0283482361,-0.00461560905,-0.134520589,-0.128251815,0.00611471832,-0.00806605756,0.3,0.3,-0.3,-0.283169669,-0.000588082038,0.0162824976,0.0283482361,0.134520589,0.00611471832,0.3,0.3,-0.000588082038,0.00461560905,-0.128251815,-0.00806605756,-0.3,-0.0162824976,0.283169669
1244,33502529,0.357872665,-0.0402179547,-0.139807284,-0.0723313615,0.0730811656,-0.0949023142,-0.639889419,-0.470318675,-63.8873367,-0.555598497,0.00256688287,0.202164233,0.0286298132,-0.00321743637,-0.141942185,-0.121699408,0.00584649324,-0.00759218514,0.3,0.3,-0.3,-0.283339775,0.00020535063,0.0161731386,0.0286298132,0.141942185,0.00584649324,0.3,0.3,0.00020535063,0.00321743637,-0.121699408,-0.00759218514,-0.3,-0.0161731386,0.283339775
1245,33527768,0.353908032,-0.0290929433,-0.163801193,-0.0529790446,0.0674502477,-0.0932955518,-0.653296947,-0.457932949,-63.8750076,-0.561739087,0.00895048771,0.197057605,0.0283126426,-0.00232743546,-0.149140358,-0.115893713,0.00539601982,-0.00746364415,0.3,0.3,-0.3,-0.284260863,0.000716039017,0.0157646084,0.0283126426,0.149140358,0.00539601982,0.3,0.3,0.000716039017,0.00232743546,-0.115893713,-0.00746364415,-0.3,-0.0157646084,0.284260863
1246,33541670,0.342039198,-0.0251002461,-0.184927121,-0.0372066163,0.0605593584,-0.0998677984,-0.659730554,-0.456131399,-63.8567085,-0.57273525,0.00682678493,0.186426833,0.0273631358,-0.00200801969,-0.155478136,-0.111161985,0.00484474868,-0.00798942387,0.3,0.3,-0.3,-0.285910287,0.000546142794,0.0149141467,0.0273631358,0.155478136,0.00484474868,0.3,0.3,0.000546142794,0.00200801969,-0.111161985,-0.00798942387,-0.3,-0.0149141467,0.285910287
1247,33561415,0.322981477,-0.0307446271,-0.198644131,-0.0307991542,0.0552989319,-0.114426754,-0.656498671,-0.468057722,-63.8329659,-0.589018285,-0.00611144071,0.169035092,0.0258385181,-0.00245957017,-0.159593239,-0.109239746,0.00442391455,-0.00915414035,0.3,0.3,-0.3,-0.288352743,-0.000488915257,0.0135228074,0.0258385181,0.159593239,0.00442391455,0.3,0.3,-0.000488915257,0.00245957017,-0.109239746,-0.00915414035,-0.3,-0.0135228074,0.288352743
1248,33581444,0.298377603,-0.0482451841,-0.20275861,-0.0339233242,0.0526413172,-0.139574692,-0.64092046,-0.495218694,-63.8055801,-0.609508455,-0.0316957943,0.144263163,0.0238702083,-0.00385961473,-0.160827583,-0.110176997,0.00421130538,-0.0111659753,0.3,0.3,-0.3,-0.291426268,-0.00253566355,0.0115410531,0.0238702083,0.160827583,0.00421130538,0.3,0.3,-0.00253566355,0.00385961473,-0.110176997,-0.0111659753,-0.3,-0.0115410531,0.291426268
1249,33606688,0.269737065,-0.0792056397,-0.191227034,-0.0492062457,0.0529761501,-0.171518639,-0.603591442,-0.536634743,-63.7763596,-0.632570744,-0.0627976283,0.115419082,0.0215789652,-0.00633645117,-0.15736811,-0.114761874,0.00423809201,-0.0137214911,0.3,0.3,-0.3,-0.294885612,-0.00502381027,0.00923352659,0.0215789652,0.15736811,0.00423809201,0.3,0.3,-0.00502381027,0.00633645117,-0.114761874,-0.0137214911,-0.3,-0.00923352659,0.294885612
1250,33621810,0.240288213,-0.122309938,-0.166841775,-0.0756770968,0.0541979186,-0.210259989,-0.547369778,-0.589717269,-63.7463799,-0.656656563,-0.0951896831,0.0862581208,0.019223057,-0.00978479505,-0.150052533,-0.122703129,0.00433583349,-0.0168207991,0.3,0.3,-0.3,-0.298498484,-0.00761517465,0.00690064967,0.019223057,0.150052533,0.00433583349,0.3,0.3,-0.00761517465,0.00978479505,-0.122703129,-0.0168207991,-0.3,-0.00690064967,0.298498484
1251,33643485,0.212471768,-0.173262522,-0.130085364,-0.111765385,0.0567128472,-0.252217561,-0.478444815,-0.64806509,-63.7188759,-0.680187166,-0.125539228,0.0612088628,0.0169977415,-0.0138610017,-0.139025609,-0.133529615,0.00453702778,-0.0201774049,0.3,0.3,-0.3,-0.3,-0.0100431383,0.00489670902,0.0169977415,0.139025609,0.00453702778,0.3,0.3,-0.0100431383,0.0138610017,-0.133529615,-0.0201774049,-0.3,-0.00489670902,0.3
1252,33668732,0.192240983,-0.226824582,-0.082631126,-0.156549782,0.0610472821,-0.289355367,-0.408575416,-0.706859171,-63.6961403,-0.700327158,-0.149835661,0.0418003015,0.0153792787,-0.0181459665,-0.124789338,-0.146964934,0.00488378257,-0.0231484294,0.3,0.3,-0.3,-0.3,-0.0119868529,0.00334402412,0.0153792787,0.124789338,0.00488378257,0.3,0.3,-0.0119868529,0.0181459665,-0.146964934,-0.0231484294,-0.3,-0.00334402412,0.3
1253,33680017,0.182872936,-0.281664342,-0.0269916207,-0.209530517,0.0665304586,-0.317664415,-0.34661904,-0.769325256,-63.6790428,-0.713777959,-0.169069663,0.0301492121,0.0146298349,-0.0225331473,-0.108097486,-0.162859155,0.00532243669,-0.0254131532,0.3,0.3,-0.3,-0.3,-0.013525573,0.00241193697,0.0146298349,0.108097486,0.00532243669,0.3,0.3,-0.013525573,0.0225331473,-0.162859155,-0.0254131532,-0.3,-0.00241193697,0.3
1254,33703266,0.188944861,-0.316324532,0.0372382291,-0.243015319,0.0737080798,-0.32910943,-0.312543124,-0.809294164,-63.6727829,-0.718051016,-0.18408893,0.0329097509,0.0151155889,-0.0253059626,-0.0888285313,-0.172904596,0.00589664638,-0.0263287544,0.3,0.3,-0.3,-0.3,-0.0147271144,0.00263278008,0.0151155889,0.0888285313,0.00589664638,0.3,0.3,-0.0147271144,0.0253059626,-0.172904596,-0.0263287544,-0.3,-0.00263278008,0.3
1255,33722310,0.208441064,-0.323165894,0.0931383222,-0.270038784,0.0832887888,-0.310651809,-0.309674412,-0.835542202,-63.6706467,-0.708521307,-0.178569108,0.056103196,0.0166752851,-0.0258532715,-0.0720585033,-0.181011635,0.0066631031,-0.0248521447,0.3,0.3,-0.3,-0.3,-0.0142855287,0.00448825568,0.0166752851,0.0720585033,0.0066631031,0.3,0.3,-0.0142855287,0.0258532715,-0.181011635,-0.0248521447,-0.3,-0.00448825568,0.3
1256,33741631,0.231014073,-0.313738972,0.14498432,-0.306397736,0.0967802405,-0.268278182,-0.326178402,-0.871093392,-63.6720848,-0.677970409,-0.156573519,0.107965514,0.0184811258,-0.0250991178,-0.0565047041,-0.191919321,0.00774241924,-0.0214622545,0.3,0.3,-0.3,-0.3,-0.0125258815,0.00863724113,0.0184811258,0.0565047041,0.00774241924,0.3,0.3,-0.0125258815,0.0250991178,-0.191919321,-0.0214622545,-0.3,-0.00863724113,0.3
1257,33766406,0.25453034,-0.290558308,0.187189609,-0.328987718,0.113305733,-0.22044751,-0.358100086,-0.888671219,-63.6801872,-0.627063513,-0.12248823,0.185529426,0.0203624272,-0.0232446647,-0.0438431174,-0.198696315,0.00906445861,-0.0176358008,0.3,0.3,-0.3,-0.294059527,-0.00979905844,0.0148423541,0.0203624272,0.0438431174,0.00906445861,0.3,0.3,-0.00979905844,0.0232446647,-0.198696315,-0.0176358008,-0.3,-0.0148423541,0.294059527
1258,33781591,0.286809951,-0.251870155,0.211128443,-0.34078595,0.130691305,-0.177420825,-0.411706626,-0.876558006,-63.6930847,-0.558635294,-0.086193189,0.273154855,0.0229447961,-0.0201496124,-0.036661467,-0.202235785,0.0104553044,-0.014193666,0.3,0.3,-0.3,-0.283795294,-0.00689545512,0.0218523884,0.0229447961,0.036661467,0.0104553044,0.3,0.3,-0.00689545512,0.0201496124,-0.202235785,-0.014193666,-0.3,-0.0218523884,0.283795294
1259,33802325,0.33141616,-0.201320902,0.220710933,-0.360148311,0.155062512,-0.13690719,-0.489262193,-0.846605003,-63.7152405,-0.481708914,-0.0508600026,0.350797623,0.0265132928,-0.0161056721,-0.03378672,-0.208044493,0.0124050009,-0.0109525752,0.3,0.3,-0.3,-0.272256337,-0.00406880021,0.0280638099,0.0265132928,0.03378672,0.0124050009,0.3,0.3,-0.00406880021,0.0161056721,-0.208044493,-0.0109525752,-0.3,-0.0280638099,0.272256337
1260,33825921,0.39977321,-0.123047695,0.21741502,-0.37195909,0.192538887,-0.0927951559,-0.595517337,-0.774210215,-63.7485199,-0.404322356,-0.0041092122,0.410306126,0.0319818568,-0.00984381557,-0.034775494,-0.211587727,0.015403111,-0.00742361248,0.3,0.3,-0.3,-0.260648353,-0.000328736976,0.0328244901,0.0319818568,0.034775494,0.015403111,0.3,0.3,-0.000328736976,0.00984381557,-0.211587727,-0.00742361248,-0.3,-0.0328244901,0.260648353
1261,33843458,0.514320195,0.0153800184,0.182119027,-0.364488423,0.246968821,-0.0465515554,-0.743718147,-0.614763737,-63.7999077,-0.334917158,0.0757487118,0.448513806,0.0411456156,0.00123040147,-0.045364292,-0.209346527,0.0197575057,-0.00372412443,0.3,0.3,-0.3,-0.250237574,0.00605989695,0.0358811045,0.0411456156,0.045364292,0.0197575057,0.3,0.3,0.00605989695,-0.00123040147,-0.209346527,-0.00372412443,-0.3,-0.0358811045,0.250237574
1262,33861979,0.707451701,0.193515092,0.102679387,-0.362622231,0.327092022,-0.0119103268,-0.925655007,-0.353599012,-63.8607368,-0.27039808,0.215538412,0.463281363,0.0565961361,0.0154812074,-0.069196184,-0.208786669,0.0261673617,-0.000952826142,0.3,0.3,-0.3,-0.240559712,0.017243073,0.0370625091,0.0565961361,0.069196184,0.0261673617,0.3,0.3,0.017243073,-0.0154812074,-0.208786669,-0.000952826142,-0.3,-0.0370625091,0.240559712
1263,33881184,0.975863516,0.325714558,-0.00443988806,-0.368617356,0.431960434,0.02662207,-1.11092591,-0.0333481506,-63.9220352,-0.215969726,0.402018458,0.458171993,0.0780690813,0.0260571647,-0.101331966,-0.210585207,0.0345568347,0.0021297656,0.3,0.3,-0.3,-0.232395459,0.0321614766,0.0366537595,0.0780690813,0.101331966,0.0345568347,0.3,0.3,0.0321614766,-0.0260571647,-0.210585207,0.0021297656,-0.3,-0.0366537595,0.232395459
1264,33898999,1.23449039,0.323429137,-0.100721948,-0.360598356,0.526396513,0.0714651048,-1.23190689,0.242451787,-63.9706421,-0.209507212,0.598367631,0.401599467,0.0987592316,0.025874331,-0.130216584,-0.208179507,0.042111721,0.00571720839,0.3,0.372735536,-0.3,-0.231426082,0.0478694105,0.0321279573,0.0987592316,0.130216584,0.042111721,0.3,0.3,0.0478694105,-0.025874331,-0.208179507,0.00571720839,-0.372735536,-0.0321279573,0.231426082
1265,33928524,1.39458263,0.21895583,-0.109897472,-0.326839387,0.564551771,0.108971588,-1.22785914,0.356700152,-63.9974899,-0.244475305,0.792797804,0.32567969,0.11156661,0.0175164664,-0.132969242,-0.198051816,0.0451641417,0.00871772707,0.3,0.407010046,-0.3,-0.236671296,0.0634238243,0.0260543752,0.11156661,0.132969242,0.0451641417,0.3,0.3,0.0634238243,-0.0175164664,-0.198051816,0.00871772707,-0.407010046,-0.0260543752,0.236671296
1266,33937907,1.44380689,0.101906076,-0.0451220125,-0.296725959,0.567446887,0.115825489,-1.1189301,0.364046335,-63.999012,-0.291410178,0.93747431,0.311313242,0.115504551,0.00815248609,-0.113536604,-0.189017788,0.045395751,0.00926603913,0.3,0.409213901,-0.3,-0.243711527,0.0749979448,0.0249050593,0.115504551,0.113536604,0.045395751,0.3,0.3,0.0749979448,-0.00815248609,-0.189017788,0.00926603913,-0.409213901,-0.0249050593,0.243711527
1267,33965795,1.43746805,0.0507941023,-0.0908308998,-0.255863398,0.569688976,0.108733512,-1.08942461,0.348811448,-63.9617043,-0.324543178,0.98258692,0.351900131,0.114997444,0.00406352818,-0.12724927,-0.176759019,0.0455751181,0.008698681,0.3,0.404643434,-0.3,-0.248681477,0.0786069536,0.0281520104,0.114997444,0.12724927,0.0455751181,0.3,0.3,0.0786069536,-0.00406352818,-0.176759019,0.008698681,-0.404643434,-0.0281520104,0.248681477
1268,33978572,1.36380851,0.023325339,-0.233517498,-0.170586884,0.534742832,0.112124458,-1.1286428,0.325817615,-63.8883286,-0.366182178,0.945633173,0.381482452,0.109104681,0.00186602712,-0.170055249,-0.151176065,0.0427794266,0.00896995664,0.3,0.397745284,-0.3,-0.254927327,0.0756506538,0.0305185962,0.109104681,0.170055249,0.0427794266,0.3,0.3,0.0756506538,-0.00186602712,-0.151176065,0.00896995664,-0.397745284,-0.0305185962,0.254927327
1269,34002981,1.25636482,0.0277638752,-0.425359726,-0.0595452487,0.481452167,0.12279623,-1.23123038,0.296608537,-63.7620277,-0.439475656,0.825979769,0.374065399,0.100509186,0.00222111002,-0.227607918,-0.117863575,0.0385161734,0.0098236984,0.3,0.388982561,-0.3,-0.265921348,0.0660783815,0.0299252319,0.100509186,0.227607918,0.0385161734,0.3,0.3,0.0660783815,-0.00222111002,-0.117863575,0.0098236984,-0.388982561,-0.0299252319,0.265921348
1270,34022906,1.16463315,0.0820450932,-0.700001895,0.0690851137,0.400390893,0.0972579494,-1.45445728,0.249366716,-63.5517578,-0.56103164,0.611068249,0.304161191,0.0931706524,0.00656360745,-0.310000569,-0.0792744659,0.0320312715,0.00778063595,0.3,0.374810015,-0.3,-0.284154746,0.0488854599,0.0243328953,0.0931706524,0.310000569,0.0320312715,0.3,0.3,0.0488854599,-0.00656360745,-0.0792744659,0.00778063595,-0.374810015,-0.0243328953,0.284154746
1271,34041003,1.04439211,0.0966921821,-0.998277903,0.233204201,0.302408069,0.0301345475,-1.63167548,0.109958529,-63.2506027,-0.731192172,0.345804214,0.183439955,0.0835513687,0.00773537457,-0.399483371,-0.0300387397,0.0241926455,0.0024107638,0.3,0.332987559,-0.3,-0.3,0.0276643372,0.0146751964,0.0835513687,0.399483371,0.0241926455,0.3,0.3,0.0276643372,-0.00773537457,-0.0300387397,0.0024107638,-0.332987559,-0.0146751964,0.3
1272,34066998,0.707194746,0.0269863605,-1.43649185,0.565578461,0.183150142,-0.104159348,-1.64319825,-0.267748505,-62.8477287,-0.939165711,-3.29841823e-05,0.097269088,0.0565755796,0.00215890884,-0.4,0.0696735382,0.0146520114,-0.00833274782,0.3,0.3,-0.3,-0.3,-2.63873459e-06,0.00778152704,0.0565755796,0.4,0.0146520114,0.3,0.3,-2.63873459e-06,-0.00215890884,0.0696735382,-0.00833274782,-0.3,-0.00778152704,0.3
1273,34085874,0.130568802,-0.0973491892,-2.06729603,0.909576535,0.111965619,-0.324746221,-1.47488308,-0.824962258,-62.3059006,-1.14862716,-0.403259903,-0.00654047122,0.0104455042,-0.00778793514,-0.4,0.172872961,0.00895724952,-0.0259796977,0.3,0.3,-0.3,-0.3,-0.0322607923,-0.000523237698,0.0104455042,0.4,0.00895724952,0.3,0.3,-0.0322607923,0.00778793514,0.172872961,-0.0259796977,-0.3,0.000523237698,0.3
1274,34099826,-0.397746414,-0.417278022,-2.67069316,0.861632705,0.128073394,-0.758322299,-1.15786886,-1.51299345,-61.6336212,-1.35963368,-0.638585091,-0.19391261,-0.0318197131,-0.0333822417,-0.4,0.158489811,0.0102458715,-0.0606657839,0.3,0.3,-0.3,-0.3,-0.0510868073,-0.0155130088,-0.0318197131,0.4,0.0102458715,0.3,0.3,-0.0510868073,0.0333822417,0.158489811,-0.0606657839,-0.3,0.0155130088,0.3
1275,34122820,-0.754591703,-0.846527457,-3.06882858,0.542074859,0.129629821,-1.29985011,-0.746960282,-2.18738627,-60.9036903,-1.54680192,-0.650664747,-0.509812534,-0.0603673363,-0.0677221966,-0.4,0.0626224577,0.0103703856,-0.103988008,0.3,0.3,-0.3,-0.3,-0.0520531797,-0.0407850027,-0.0603673363,0.4,0.0103703856,0.3,0.3,-0.0520531797,0.0677221966,0.0626224577,-0.103988008,-0.3,0.0407850027,0.3
1276,34140907,-0.932972014,-1.2603178,-3.0152545,0.142121628,0.111137927,-1.68132925,-0.150069252,-2.76203561,-60.1843834,-1.72130227,-0.515814602,-0.855052531,-0.0746377611,-0.100825424,-0.4,-0.0573635116,0.00889103413,-0.12,0.3,0.3,-0.3,-0.3,-0.0412651682,-0.0684042025,-0.0746377611,0.4,0.00889103413,0.3,0.3,-0.0412651682,0.100825424,-0.0573635116,-0.12,-0.3,0.0684042025,0.3
1277,34164570,-0.779304385,-1.64583635,-2.43446922,-0.170068309,0.116239578,-1.7595731,0.623095334,-3.22430992,-59.6300201,-1.90505159,-0.42995286,-1.15328264,-0.0623443508,-0.12,-0.4,-0.151020493,0.0092991662,-0.12,0.4869286,0.3,-0.3,-0.3,-0.0343962288,-0.08,-0.0623443508,0.4,0.0092991662,0.4869286,0.3,-0.0343962288,0.12,-0.151020493,-0.12,-0.3,0.08,0.3
1278,34179130,-0.237373278,-2.13446355,-1.6377964,-0.363397628,0.156550735,-1.61211455,1.25340891,-3.6607852,-59.4292908,-2.08798766,-0.408809215,-1.30946791,-0.0189898622,-0.12,-0.4,-0.209019288,0.0125240588,-0.12,0.676022673,0.3,-0.3,-0.3,-0.0327047372,-0.08,-0.0189898622,0.4,0.0125240588,0.676022673,0.3,-0.0327047372,0.12,-0.209019288,-0.12,-0.3,0.08,0.3
1279,34204487,0.207589611,-2.79776669,-0.864127457,-0.754463971,0.164570704,-1.60834551,1.66117811,-4.15001535,-59.513298,-2.29017329,-0.360290259,-1.34140682,0.0166071689,-0.12,-0.359238237,-0.326339191,0.0131656563,-0.12,0.75,0.3,-0.3,-0.3,-0.0288232207,-0.08,0.0166071689,0.359238237,0.0131656563,0.75,0.3,-0.0288232207,0.12,-0.326339191,-0.12,-0.3,0.08,0.3
1280,34219188,0.902325988,-3.11411309,-0.143640891,-1.33521414,0.187626392,-1.64084899,1.69948876,-4.11738062,-59.7842522,-2.35929632,-0.0486309454,-1.1077143,0.072186079,-0.12,-0.143092267,-0.4,0.0150101113,-0.12,0.75,0.3,-0.3,-0.3,-0.00389047563,-0.08,0.072186079,0.143092267,0.0150101113,0.75,0.3,-0.00389047563,0.12,-0.4,-0.12,-0.3,0.08,0.3
1281,34255330,1.29447114,-2.79899549,0.280363888,-1.72344172,0.191791981,-1.62085521,0.825000703,-3.67890763,-60.013752,-2.24592328,0.0957467407,-0.743637562,0.103557692,-0.12,-0.0158908337,-0.4,0.0153433585,-0.12,0.547500211,0.3,-0.3,-0.3,0.00765973926,-0.0594910049,0.103557692,0.0158908337,0.0153433585,0.547500211,0.3,0.00765973926,0.12,-0.4,-0.12,-0.3,0.0594910049,0.3
1282,34261259,1.56739259,-2.01344585,0.601406515,-2.8071053,0.440017164,-1.38340986,-0.67195785,-2.84364676,-60.1693954,-1.80621934,0.265408486,-0.458500832,0.12,-0.12,0.0804219544,-0.4,0.0352013731,-0.110672789,0.3,0.3,-0.3,-0.3,0.0212326789,-0.0366800666,0.12,-0.0804219544,0.0352013731,0.3,0.3,0.0212326789,0.12,-0.4,-0.110672789,-0.3,0.0366800666,0.3
1283,34279923,2.05635452,-1.07536328,0.0169837866,-3.65819907,0.875331223,-1.13305855,-2.0524199,-2.14368916,-60.1131363,-1.30188799,0.674293041,-0.324966431,0.12,-0.0860290623,-0.094904864,-0.4,0.0700264978,-0.0906446838,0.3,0.3,-0.3,-0.3,0.0539434433,-0.0259973145,0.12,0.094904864,0.0700264978,0.3,0.3,0.0539434433,0.0860290623,-0.4,-0.0906446838,-0.3,0.0259973145,0.3
1284,34303841,2.81809258,-0.0515177213,-0.93073529,-4.19124174,1.26207876,-0.812425435,-3.16766191,-1.2893759,-59.6837883,-0.927871644,1.3832016,-0.263293773,0.12,-0.0041214177,-0.379220587,-0.4,0.100966301,-0.0649940348,0.3,0.3,-0.3,-0.3,0.08,-0.0210635018,0.12,0.379220587,0.100966301,0.3,0.3,0.08,0.0041214177,-0.4,-0.0649940348,-0.3,0.0210635018,0.3
1285,34322143,3.3704896,0.724559367,-1.43462491,-4.03765535,1.73338854,-0.464467883,-3.78886437,-0.619722545,-59.1576233,-0.57074219,1.98663056,-0.419255257,0.12,0.0579647493,-0.4,-0.4,0.12,-0.0371574306,0.3,0.3,-0.3,-0.285611328,0.08,-0.0335404205,0.12,0.4,0.12,0.3,0.3,0.08,-0.0579647493,-0.4,-0.0371574306,-0.3,0.0335404205,0.285611328
1286,34343296,3.49598813,1.04650974,-1.35705924,-3.3658433,2.03009009,-0.155498832,-3.95674658,-0.157485858,-58.6948242,-0.36503607,2.29778194,-0.53192687,0.12,0.0837207794,-0.4,-0.4,0.12,-0.0124399066,0.3,0.3,-0.3,-0.254755411,0.08,-0.0425541496,0.12,0.4,0.12,0.3,0.3,0.08,-0.0837207794,-0.4,-0.0124399066,-0.3,0.0425541496,0.254755411
1287,34366026,3.32743025,1.29011655,-1.26592827,-2.67925453,2.03876615,-0.0287254173,-4.06064749,0.154488862,-58.3320503,-0.227824509,2.34181619,-0.658591926,0.12,0.103209324,-0.4,-0.4,0.12,-0.00229803339,0.3,0.346346658,-0.3,-0.234173676,0.08,-0.0526873541,0.12,0.4,0.12,0.3,0.3,0.08,-0.103209324,-0.4,-0.00229803339,-0.346346658,0.0526873541,0.234173676
1288,34379816,3.2079463,1.6353327,-1.67310774,-2.05670142,1.88835311,0.0216485895,-4.57701921,0.45813483,-58.0003548,-0.119892344,2.11258602,-0.710055292,0.12,0.12,-0.4,-0.4,0.12,0.00173188716,0.3,0.437440449,-0.3,-0.217983852,0.08,-0.0568044233,0.12,0.4,0.12,0.3,0.3,0.08,-0.12,-0.4,0.00173188716,-0.437440449,0.0568044233,0.217983852
1289,34416852,3.1389854,2.08096838,-2.03489923,-1.46722734,1.76311755,0.0442895666,-5.05719757,0.659043372,-57.4790497,-0.123403385,1.71539748,-0.783473134,0.12,0.12,-0.4,-0.4,0.12,0.00354316533,0.3,0.497713012,-0.3,-0.218510508,0.08,-0.0626778507,0.12,0.4,0.12,0.3,0.3,0.08,-0.12,-0.4,0.00354316533,-0.497713012,0.0626778507,0.218510508
1290,34421651,2.79906249,2.48258948,-2.18230987,-0.854088247,1.61984825,0.0172658358,-5.39794827,0.644780576,-56.7696228,-0.352365643,1.10413682,-0.86896044,0.12,0.12,-0.4,-0.356226474,0.12,0.00138126686,0.3,0.493434173,-0.3,-0.252854846,0.08,-0.0695168352,0.12,0.4,0.12,0.3,0.3,0.08,-0.12,-0.356226474,0.00138126686,-0.493434173,0.0695168352,0.252854846
1291,34442843,2.21434474,2.87603927,-2.26924729,-0.25888887,1.39838898,-0.0782502294,-5.57204914,0.500884295,-56.0244179,-0.782735527,0.469242334,-0.887858748,0.12,0.12,-0.4,-0.177666661,0.111871119,-0.00626001835,0.3,0.450265288,-0.3,-0.3,0.0375393867,-0.0710286999,0.12,0.4,0.111871119,0.3,0.3,0.0375393867,-0.12,-0.177666661,-0.00626001835,-0.450265288,0.0710286999,0.3
1292,34463261,1.53340185,3.27864599,-2.38321495,0.248481125,1.14695835,-0.188630477,-5.56323481,0.271060377,-55.2617416,-1.29855716,-0.0876013786,-0.901594639,0.12,0.12,-0.4,-0.0254556626,0.0917566681,-0.0150904381,0.3,0.381318113,-0.3,-0.3,-0.00700811028,-0.0721275711,0.12,0.4,0.0917566681,0.3,0.3,-0.00700811028,-0.12,-0.0254556626,-0.0150904381,-0.381318113,0.0721275711,0.3
1293,34481349,0.808639765,3.63106155,-2.70881414,0.726806641,0.903791308,-0.289341122,-5.51933622,-0.0354020968,-54.5318832,-1.71286809,-0.587240756,-0.951358378,0.0646911812,0.12,-0.4,0.118041992,0.0723033047,-0.0231472898,0.3,0.3,-0.3,-0.3,-0.0469792604,-0.0761086702,0.0646911812,0.4,0.0723033047,0.3,0.3,-0.0469792604,-0.12,0.118041992,-0.0231472898,-0.3,0.0761086702,0.3
1294,34501568,0.0652690604,3.84655333,-3.33055496,1.24833691,0.724615693,-0.376709282,-5.53964329,-0.37814039,-53.8270721,-1.97355938,-0.97791785,-1.02621531,0.00522152483,0.12,-0.4,0.2,0.0579692554,-0.0301367426,0.3,0.3,-0.3,-0.3,-0.078233428,-0.08,0.00522152483,0.4,0.0579692554,0.3,0.3,-0.078233428,-0.12,0.2,-0.0301367426,-0.3,0.08,0.3
1295,34521443,-0.58755976,3.69664145,-4.06498241,1.72055018,0.608799338,-0.407782942,-5.44223833,-0.69503057,-53.1709099,-2.22130489,-1.22029305,-1.03315711,-0.0470047808,0.12,-0.4,0.2,0.0487039471,-0.0326226354,0.3,0.3,-0.3,-0.3,-0.08,-0.08,-0.0470047808,0.4,0.0487039471,0.3,0.3,-0.08,-0.12,0.2,-0.0326226354,-0.3,0.08,0.3
1296,34538892,-1.11303377,3.2189014,-4.87941837,2.1012466,0.428369194,-0.429963022,-5.24427271,-0.983230114,-52.6001091,-2.51533747,-1.25644696,-0.952425241,-0.0890427017,0.12,-0.4,0.2,0.0342695355,-0.0343970418,0.3,0.3,-0.3,-0.3,-0.08,-0.0761940193,-0.0890427017,0.4,0.0342695355,0.3,0.3,-0.08,-0.12,0.2,-0.0343970418,-0.3,0.0761940193,0.3
1297,34568638,-1.54225373,2.50495219,-5.19816256,2.3625474,0.206941858,-0.484559119,-4.80223513,-1.32839572,-52.1332588,-2.84623218,-1.25967336,-0.863732994,-0.12,0.12,-0.4,0.2,0.0165553486,-0.0387647295,0.3,0.3,-0.3,-0.3,-0.08,-0.0690986395,-0.12,0.4,0.0165553486,0.3,0.3,-0.08,-0.12,0.2,-0.0387647295,-0.3,0.0690986395,0.3
1298,34578386,-1.89397287,1.78491247,-5.1578722,2.51964402,0.0275900532,-0.613322139,-4.14079571,-1.71335244,-51.8679199,-3.1333909,-1.2575388,-0.814412355,-0.12,0.12,-0.4,0.2,0.00220720425,-0.0490657711,0.3,0.3,-0.3,-0.3,-0.08,-0.0651529884,-0.12,0.4,0.00220720425,0.3,0.3,-0.08,-0.12,0.2,-0.0490657711,-0.3,0.0651529884,0.3
1299,34613954,-1.99153543,1.19165742,-4.9948225,2.41677856,-0.0359015018,-0.870613575,-3.3690865,-1.94986534,-51.7997551,-3.34824824,-1.09891868,-0.876841486,-0.12,0.0953325939,-0.4,0.2,-0.00287212014,-0.069649086,0.3,0.3,-0.3,-0.3,-0.08,-0.0701473188,-0.12,0.4,-0.00287212014,0.3,0.3,-0.08,-0.0953325939,0.2,-0.069649086,-0.3,0.0701473188,0.3
1300,34618357,-1.94769228,0.489898652,-4.41015911,2.02748466,-0.0252564605,-1.14011657,-2.46560311,-2.23865294,-51.898468,-3.53640866,-1.03865469,-0.920545757,-0.12,0.0391918921,-0.4,0.2,-0.00202051684,-0.0912093258,0.3,0.3,-0.3,-0.3,-0.08,-0.0736436605,-0.12,0.4,-0.00202051684,0.3,0.3,-0.08,-0.0391918921,0.2,-0.0912093258,-0.3,0.0736436605,0.3
1301,34643580,-1.79898608,-0.205780506,-3.61568356,1.48453295,-0.0310408492,-1.37854207,-1.46121371,-2.55617213,-52.1457787,-3.67706919,-0.980302572,-1.05850875,-0.12,-0.0164624405,-0.4,0.2,-0.00248326793,-0.110283365,0.3,0.3,-0.3,-0.3,-0.0784242058,-0.08,-0.12,0.4,-0.00248326793,0.3,0.3,-0.0784242058,0.0164624405,0.2,-0.110283365,-0.3,0.08,0.3
1302,34670025,-1.50703526,-0.922963381,-2.5488739,0.953841746,0.00597514678,-1.51454544,-0.466410011,-2.89251232,-52.4993172,-3.83015609,-0.902348638,-1.3140552,-0.12,-0.0738370705,-0.4,0.186152524,0.000478011742,-0.12,0.3,0.3,-0.3,-0.3,-0.072187891,-0.08,-0.12,0.4,0.000478011742,0.3,0.3,-0.072187891,0.0738370705,0.186152524,-0.12,-0.3,0.08,0.3
1303,34683443,-1.14877522,-1.54576135,-1.91488147,0.735099316,-0.0181209389,-1.68174911,0.0067045535,-3.21117544,-52.853466,-4.07256794,-0.793637991,-1.76823497,-0.0919020176,-0.12,-0.4,0.120529795,-0.00144967511,-0.12,0.302011366,0.3,-0.3,-0.3,-0.0634910393,-0.08,-0.0919020176,0.4,-0.00144967511,0.302011366,0.3,-0.0634910393,0.12,0.120529795,-0.12,-0.3,0.08,0.3
1304,34700293,-0.401710212,-1.63017607,-1.06234598,0.64232415,-0.0307224002,-1.5365169,-0.0453213528,-2.97263837,-53.481617,-4.39977026,-0.626728714,-2.22037458,-0.032136817,-0.12,-0.4,0.0926972449,-0.00245779201,-0.12,0.3,0.3,-0.3,-0.3,-0.0501382971,-0.08,-0.032136817,0.4,-0.00245779201,0.3,0.3,-0.0501382971,0.12,0.0926972449,-0.12,-0.3,0.08,0.3
1305,34725998,0.799188673,-0.746436656,-0.808048308,0.311929375,0.12365032,-1.12953997,-0.712034523,-2.1423707,-54.4473534,-4.57868814,-0.362394273,-2.82541347,0.0639350939,-0.0597149324,-0.342414492,-0.00642118752,0.00989202559,-0.0903631973,0.3,0.3,-0.3,-0.3,-0.0289915419,-0.08,0.0639350939,0.342414492,0.00989202559,0.3,0.3,-0.0289915419,0.0597149324,-0.00642118752,-0.0903631973,-0.3,0.08,0.3
1306,34740998,1.20198619,1.1736927,0.779887915,-0.0900369063,0.311424106,0.309734374,1.76316655,-3.24354672,-54.1092987,-5.00792456,1.57376087,-3.16623998,0.0961588955,0.0938954163,0.133966374,-0.127011072,0.0249139285,0.0247787499,0.75,0.3,-0.3,-0.3,0.08,-0.08,0.0961588955,-0.133966374,0.0249139285,0.75,0.3,0.08,-0.0938954163,-0.127011072,0.0247787499,-0.3,0.08,0.3
1307,34768512,2.55727673,3.30925703,1.64821005,-0.113280989,0.0642943084,1.19988561,3.7214334,-4.63824129,-51.9122734,-6.65672016,4.56748629,-2.288275,0.12,0.12,0.2,-0.133984297,0.00514354467,0.0959908485,0.75,0.3,-0.3,-0.3,0.08,-0.08,0.12,-0.2,0.00514354467,0.75,0.3,0.08,-0.12,-0.133984297,0.0959908485,-0.3,0.08,0.3
1308,34784582,3.07492137,4.12541771,1.8497256,-0.563784182,0.180227056,1.5884366,4.29663897,-6.00505114,-51.0451508,-7.92782688,6.8650322,-1.67539287,0.12,0.12,0.2,-0.269135255,0.0144181645,0.12,0.75,0.3,-0.3,-0.3,0.08,-0.08,0.12,-0.2,0.0144181645,0.75,0.3,0.08,-0.12,-0.269135255,0.12,-0.3,0.08,0.3
1309,34808021,1.86651969,3.80829215,0.686690569,-0.287453145,1.23486412,1.45203876,2.21191931,-6.63589525,-52.4523201,-8.12684631,7.04983902,-2.52381229,0.12,0.12,0.106007171,-0.186235943,0.0987891293,0.116163101,0.75,0.3,-0.3,-0.3,0.08,-0.08,0.12,-0.106007171,0.0987891293,0.75,0.3,0.08,-0.12,-0.186235943,0.116163101,-0.3,0.08,0.3
1310,34825488,0.0238511693,3.50764108,-2.12067342,0.793319225,3.39318609,1.54545045,-2.35038543,-5.49575663,-56.9127083,-9.09440708,5.83507729,-4.12475777,0.00190809354,0.12,-0.4,0.137995768,0.12,0.12,0.3,0.3,-0.3,-0.3,0.08,-0.08,0.00190809354,0.4,0.12,0.3,0.3,0.08,-0.12,0.137995768,0.12,-0.3,0.08,0.3
1311,34844936,-0.703269243,3.4871726,-2.12207699,1.03523874,3.72443557,1.60519719,-3.19366217,-5.78419352,-61.0656891,-9.71261597,5.65739441,-4.42244625,-0.0562615395,0.12,-0.4,0.2,0.12,0.12,0.3,0.3,-0.3,-0.3,0.08,-0.08,-0.0562615395,0.4,0.12,0.3,0.3,0.08,-0.12,0.2,0.12,-0.3,0.08,0.3
1312,34866793,-0.998586595,3.33564782,-1.95523751,1.16994393,3.77788639,1.53229821,-3.29575157,-6.12959576,-65.0607224,-10.3477602,5.76254606,-4.5360775,-0.0798869276,0.12,-0.4,0.2,0.12,0.12,0.3,0.3,-0.3,-0.3,0.08,-0.08,-0.0798869276,0.4,0.12,0.3,0.3,0.08,-0.12,0.2,0.12,-0.3,0.08,0.3
1313,34884220,-1.11202228,3.23524046,-1.77869117,1.28842223,3.7546103,1.45094562,-3.16921759,-6.428473,-68.4169388,-10.8685179,6.00558567,-4.56095076,-0.0889617825,0.12,-0.4,0.2,0.12,0.116075649,0.3,0.3,-0.3,-0.3,0.08,-0.08,-0.0889617825,0.4,0.12,0.3,0.3,0.08,-0.12,0.2,0.116075649,-0.3,0.08,0.3
1314,34903027,-1.10091364,3.2040472,-1.70175552,1.42726433,3.74969602,1.36894524,-3.03456068,-6.68380833,-71.1556015,-11.2217274,6.27749157,-4.65182018,-0.0880730915,0.12,-0.4,0.2,0.12,0.109515619,0.3,0.3,-0.3,-0.3,0.08,-0.08,-0.0880730915,0.4,0.12,0.3,0.3,0.08,-0.12,0.2,0.109515619,-0.3,0.08,0.3
1315,34925930,-1.10786068,3.1583097,-1.63467622,1.50542653,3.67942905,1.28012013,-2.8109796,-6.95243311,-73.7616882,-11.3703337,6.57906961,-4.68671846,-0.0886288548,0.12,-0.4,0.2,0.12,0.102409611,0.3,0.3,-0.3,-0.3,0.08,-0.08,-0.0886288548,0.4,0.12,0.3,0.3,0.08,-0.12,0.2,0.102409611,-0.3,0.08,0.3
1316,34944177,-1.01047015,3.07502508,-1.43752003,1.53364944,3.60768127,1.29118657,-2.48533559,-7.17276335,-76.255394,-11.4622955,6.84079123,-4.64177227,-0.0808376122,0.12,-0.4,0.2,0.12,0.103294926,0.3,0.3,-0.3,-0.3,0.08,-0.08,-0.0808376122,0.4,0.12,0.3,0.3,0.08,-0.12,0.2,0.103294926,-0.3,0.08,0.3
1317,34964044,-0.843622923,3.00238895,-1.24844182,1.58133793,3.56006122,1.32964921,-2.18424153,-7.37428188,-78.6711578,-11.5247612,7.04246855,-4.57961655,-0.0674898338,0.12,-0.4,0.2,0.12,0.106371937,0.3,0.3,-0.3,-0.3,0.08,-0.08,-0.0674898338,0.4,0.12,0.3,0.3,0.08,-0.12,0.2,0.106371937,-0.3,0.08,0.3
1318,34986071,-0.639183402,2.9608922,-1.09307396,1.63802874,3.53019404,1.3715663,-1.9367677,-7.54558897,-80.979744,-11.5727196,7.20336723,-4.5160675,-0.0511346722,0.12,-0.4,0.2,0.12,0.109725304,0.3,0.3,-0.3,-0.3,0.08,-0.08,-0.0511346722,0.4,0.12,0.3,0.3,0.08,-0.12,0.2,0.109725304,-0.3,0.08,0.3
1319,35003649,-0.418202847,2.92907524,-0.959634304,1.67183352,3.50753522,1.41102576,-1.73507953,-7.67652798,-83.1934433,-11.6208811,7.32037783,-4.46290159,-0.0334562278,0.12,-0.387890291,0.2,0.12,0.112882061,0.3,0.3,-0.3,-0.3,0.08,-0.08,-0.0334562278,0.387890291,0.12,0.3,0.3,0.08,-0.12,0.2,0.112882061,-0.3,0.08,0.3
1320,35023138,-0.19639717,2.88878202,-0.84473598,1.67079544,3.50653744,1.45299208,-1.57476294,-7.76185274,-85.3381348,-11.67735,7.40046835,-4.43308783,-0.0157117736,0.12,-0.353420794,0.2,0.12,0.116239367,0.3,0.3,-0.3,-0.3,0.08,-0.08,-0.0157117736,0.353420794,0.12,0.3,0.3,0.08,-0.12,0.2,0.116239367,-0.3,0.08,0.3
1321,35046738,-0.00374679849,2.85206151,-0.770758331,1.67297256,3.51433206,1.48991024,-1.47150481,-7.81975746,-87.4388275,-11.7324152,7.43186188,-4.41632843,-0.00029974388,0.12,-0.331227499,0.2,0.12,0.11919282,0.3,0.3,-0.3,-0.3,0.08,-0.08,-0.00029974388,0.331227499,0.12,0.3,0.3,0.08,-0.12,0.2,0.11919282,-0.3,0.08,0.3
1322,35064270,0.134970352,2.8150003,-0.76334399,1.65080702,3.53329587,1.51746035,-1.45146441,-7.81383562,-89.5171738,-11.7769899,7.40774775,-4.41635132,0.0107976282,0.12,-0.329003197,0.2,0.12,0.12,0.3,0.3,-0.3,-0.3,0.08,-0.08,0.0107976282,0.329003197,0.12,0.3,0.3,0.08,-0.12,0.2,0.12,-0.3,0.08,0.3
1323,35083765,0.224225029,2.78404355,-0.796584904,1.61654866,3.56271982,1.53841782,-1.4903965,-7.76856852,-91.582962,-11.8197794,7.32991123,-4.42811632,0.0179380023,0.12,-0.338975471,0.2,0.12,0.12,0.3,0.3,-0.3,-0.3,0.08,-0.08,0.0179380023,0.338975471,0.12,0.3,0.3,0.08,-0.12,0.2,0.12,-0.3,0.08,0.3
1324,35103685,0.262238771,2.76474547,-0.881884634,1.59182978,3.61160803,1.55130911,-1.5855422,-7.69526958,-93.6518326,-11.8614607,7.20020628,-4.44308567,0.0209791017,0.12,-0.36456539,0.2,0.12,0.12,0.3,0.3,-0.3,-0.3,0.08,-0.08,0.0209791017,0.36456539,0.12,0.3,0.3,0.08,-0.12,0.2,0.12,-0.3,0.08,0.3
1325,35123830,0.249396533,2.75603628,-1.01895475,1.56071436,3.68406105,1.55476856,-1.73363757,-7.57957745,-95.721138,-11.909524,7.01923418,-4.46504259,0.0199517226,0.12,-0.4,0.2,0.12,0.12,0.3,0.3,-0.3,-0.3,0.08,-0.08,0.0199517226,0.4,0.12,0.3,0.3,0.08,-0.12,0.2,0.12,-0.3,0.08,0.3
1326,35140203,0.19880338,2.76756072,-1.17734921,1.56640625,3.76054955,1.55471635,-1.90341413,-7.46591806,-97.7697296,-11.9669981,6.82352352,-4.4771471,0.0159042704,0.12,-0.4,0.2,0.12,0.12,0.3,0.3,-0.3,-0.3,0.08,-0.08,0.0159042704,0.4,0.12,0.3,0.3,0.08,-0.12,0.2,0.12,-0.3,0.08,0.3
1327,35160703,0.131585017,2.79735303,-1.34033358,1.5984894,3.83538485,1.55404317,-2.0781889,-7.36963654,-99.7699432,-12.0266733,6.64020348,-4.48201847,0.0105268013,0.12,-0.4,0.2,0.12,0.12,0.3,0.3,-0.3,-0.3,0.08,-0.08,0.0105268013,0.4,0.12,0.3,0.3,0.08,-0.12,0.2,0.12,-0.3,0.08,0.3
1328,35183510,0.0610059164,2.83723354,-1.49444616,1.64503598,3.90076685,1.55168188,-2.24638057,-7.29681444,-101.699417,-12.0845861,6.47350502,-4.48644114,0.00488047332,0.12,-0.4,0.2,0.12,0.12,0.3,0.3,-0.3,-0.3,0.08,-0.08,0.00488047332,0.4,0.12,0.3,0.3,0.08,-0.12,0.2,0.12,-0.3,0.08,0.3
1329,35201378,-0.00664275093,2.87283778,-1.63752043,1.68859828,3.95452094,1.5467571,-2.40410185,-7.23674011,-103.548813,-12.1371679,6.31798077,-4.49696636,-0.000531420074,0.12,-0.4,0.2,0.12,0.12,0.3,0.3,-0.3,-0.3,0.08,-0.08,-0.000531420074,0.4,0.12,0.3,0.3,0.08,-0.12,0.2,0.12,-0.3,0.08,0.3
1330,35224461,-0.0698969662,2.89507484,-1.76018488,1.72754014,3.9941175,1.54132509,-2.53388,-7.19560242,-105.299599,-12.1777773,6.18071461,-4.51322651,-0.0055917573,0.12,-0.4,0.2,0.12,0.12,0.3,0.3,-0.3,-0.3,0.08,-0.08,-0.0055917573,0.4,0.12,0.3,0.3,0.08,-0.12,0.2,0.12,-0.3,0.08,0.3
1331,35240587,-0.125954315,2.89625621,-1.85652435,1.75732076,4.0209403,1.53796375,-2.63050151,-7.17198563,-106.938034,-12.2014618,6.06705952,-4.53603458,-0.0100763452,0.12,-0.4,0.2,0.12,0.12,0.3,0.3,-0.3,-0.3,0.08,-0.08,-0.0100763452,0.4,0.12,0.3,0.3,0.08,-0.12,0.2,0.12,-0.3,0.08,0.3
1332,35260432,-0.165169999,2.88399267,-1.91993392,1.78455377,4.03871202,1.53483593,-2.68651891,-7.16849327,-108.459366,-12.2132711,5.97772408,-4.56236219,-0.0132135999,0.12,-0.4,0.2,0.12,0.12,0.3,0.3,-0.3,-0.3,0.08,-0.08,-0.0132135999,0.4,0.12,0.3,0.3,0.08,-0.12,0.2,0.12,-0.3,0.08,0.3
1333,35287107,-0.181763858,2.86957979,-1.95188785,1.81627548,4.04871368,1.53095686,-2.70219326,-7.18665361,-109.864128,-12.2174377,5.91276979,-4.58716869,-0.0145411086,0.12,-0.4,0.2,0.12,0.12,0.3,0.3,-0.3,-0.3,0.08,-0.08,-0.0145411086,0.4,0.12,0.3,0.3,0.08,-0.12,0.2,0.12,-0.3,0.08,0.3
1334,35300160,-0.172363773,2.8602457,-1.95131636,1.85256898,4.04847479,1.52720261,-2.6774683,-7.22632694,-111.15406,-12.2170286,5.87619305,-4.60589695,-0.0137891018,0.12,-0.4,0.2,0.12,0.12,0.3,0.3,-0.3,-0.3,0.08,-0.08,-0.0137891018,0.4,0.12,0.3,0.3,0.08,-0.12,0.2,0.12,-0.3,0.08,0.3
1335,35330153,-0.130336285,2.86145878,-1.90993869,1.89680886,4.03517723,1.52632141,-2.60540032,-7.29392433,-112.330933,-12.2158775,5.87536287,-4.61352348,-0.0104269028,0.12,-0.4,0.2,0.12,0.12,0.3,0.3,-0.3,-0.3,0.08,-0.08,-0.0104269028,0.4,0.12,0.3,0.3,0.08,-0.12,0.2,0.12,-0.3,0.08,0.3
1336,35338820,-0.0576851852,2.8695159,-1.84379113,1.94757485,4.01173735,1.53010917,-2.50244737,-7.38349247,-113.401924,-12.2121572,5.91037273,-4.60619974,-0.00461481482,0.12,-0.4,0.2,0.12,0.12,0.3,0.3,-0.3,-0.3,0.08,-0.08,-0.00461481482,0.4,0.12,0.3,0.3,0.08,-0.12,0.2,0.12,-0.3,0.08,0.3
1337,35361592,0.041245427,2.87066317,-1.7616818,1.98805773,3.99004078,1.54167259,-2.38247848,-7.47578335,-114.37812,-12.2100077,5.97106743,-4.59146595,0.00329963416,0.12,-0.4,0.2,0.12,0.12,0.3,0.3,-0.3,-0.3,0.08,-0.08,0.00329963416,0.4,0.12,0.3,0.3,0.08,-0.12,0.2,0.12,-0.3,0.08,0.3
1338,35381325,0.153185427,2.86826372,-1.6859448,2.03080034,3.973423,1.55737329,-2.26973844,-7.56408882,-115.281441,-12.2077236,6.04091787,-4.57238054,0.0122548342,0.12,-0.4,0.2,0.12,0.12,0.3,0.3,-0.3,-0.3,0.08,-0.08,0.0122548342,0.4,0.12,0.3,0.3,0.08,-0.12,0.2,0.12,-0.3,0.08,0.3
1339,35407395,0.27021867,2.86383057,-1.61809504,2.06968117,3.96508932,1.5768249,-2.16823077,-7.64213896,-116.125359,-12.2061806,6.11258411,-4.55343723,0.0216174936,0.12,-0.4,0.2,0.12,0.12,0.3,0.3,-0.3,-0.3,0.08,-0.08,0.0216174936,0.4,0.12,0.3,0.3,0.08,-0.12,0.2,0.12,-0.3,0.08,0.3
1340,35424610,0.382954478,2.86137104,-1.56409132,2.10953903,3.96310687,1.59736371,-2.08656073,-7.71057558,-116.924797,-12.2073679,6.17576408,-4.53583145,0.0306363583,0.12,-0.4,0.2,0.12,0.12,0.3,0.3,-0.3,-0.3,0.08,-0.08,0.0306363583,0.4,0.12,0.3,0.3,0.08,-0.12,0.2,0.12,-0.3,0.08,0.3
1341,35440425,0.48746714,2.86222768,-1.52163529,2.14592147,3.96530223,1.61813438,-2.02371788,-7.76938772,-117.687965,-12.2103176,6.23315096,-4.51909208,0.0389973712,0.12,-0.4,0.2,0.12,0.12,0.3,0.3,-0.3,-0.3,0.08,-0.08,0.0389973712,0.4,0.12,0.3,0.3,0.08,-0.12,0.2,0.12,-0.3,0.08,0.3
1342,35461064,0.579768598,2.8638227,-1.4886291,2.17527604,3.96909881,1.63796473,-1.97784686,-7.81703568,-118.418587,-12.2148628,6.28232574,-4.50514412,0.0463814878,0.12,-0.4,0.2,0.12,0.12,0.3,0.3,-0.3,-0.3,0.08,-0.08,0.0463814878,0.4,0.12,0.3,0.3,0.08,-0.12,0.2,0.12,-0.3,0.08,0.3
1343,35481797,0.652915299,2.8616426,-1.47253716,2.18911624,3.97721648,1.65607393,-1.95653284,-7.84140539,-119.124825,-12.2194223,6.31833935,-4.4988203,0.0522332239,0.12,-0.4,0.2,0.12,0.12,0.3,0.3,-0.3,-0.3,0.08,-0.08,0.0522332239,0.4,0.12,0.3,0.3,0.08,-0.12,0.2,0.12,-0.3,0.08,0.3
1344,35502604,0.704347849,2.86004615,-1.46924126,2.19621634,3.98376989,1.66935754,-1.95531452,-7.85120344,-119.809181,-12.2199011,6.34247684,-4.49523306,0.0563478279,0.12,-0.4,0.2,0.12,0.12,0.3,0.3,-0.3,-0.3,0.08,-0.08,0.0563478279,0.4,0.12,0.3,0.3,0.08,-0.12,0.2,0.12,-0.3,0.08,0.3
1345,35530214,0.735813141,2.85313129,-1.47197652,2.18789124,3.98856187,1.67998564,-1.96585882,-7.84461784,-120.469437,-12.2150927,6.35823154,-4.49640369,0.0588650513,0.12,-0.4,0.2,0.12,0.12,0.3,0.3,-0.3,-0.3,0.08,-0.08,0.0588650513,0.4,0.12,0.3,0.3,0.08,-0.12,0.2,0.12,-0.3,0.08,0.3
1346,35541142,0.7482723,2.84055543,-1.48477304,2.16710901,3.99400139,1.68807232,-1.99175835,-7.82013655,-121.107506,-12.2056704,6.3636837,-4.50346327,0.059861784,0.12,-0.4,0.2,0.12,0.12,0.3,0.3,-0.3,-0.3,0.08,-0.08,0.059861784,0.4,0.12,0.3,0.3,0.08,-0.12,0.2,0.12,-0.3,0.08,0.3
1347,35560733,0.744639456,2.82262444,-1.50441039,2.13565588,3.99893904,1.69411623,-2.02891469,-7.78116274,-121.722961,-12.1903706,6.36211157,-4.51476431,0.0595711565,0.12,-0.4,0.2,0.12,0.12,0.3,0.3,-0.3,-0.3,0.08,-0.08,0.0595711565,0.4,0.12,0.3,0.3,0.08,-0.12,0.2,0.12,-0.3,0.08,0.3
1348,35582146,0.730174243,2.79953957,-1.52395952,2.09819341,3.99914455,1.6982199,-2.06764603,-7.7366128,-122.311676,-12.168004,6.35763788,-4.52780199,0.0584139395,0.12,-0.4,0.2,0.12,0.12,0.3,0.3,-0.3,-0.3,0.08,-0.08,0.0584139395,0.4,0.12,0.3,0.3,0.08,-0.12,0.2,0.12,-0.3,0.08,0.3
1349,35602995,0.708597124,2.76906919,-1.54539704,2.05201149,3.99799585,1.70248842,-2.10875702,-7.68327856,-122.872284,-12.1401072,6.35071611,-4.54448795,0.0566877699,0.12,-0.4,0.2,0.12,0.12,0.3,0.3,-0.3,-0.3,0.08,-0.08,0.0566877699,0.4,0.12,0.3,0.3,0.08,-0.12,0.2,0.12,-0.3,0.08,0.3
1350,35620738,0.682276607,2.73509574,-1.57203627,2.00477529,3.9974463,1.70670819,-2.15516162,-7.62439823,-123.406609,-12.1084394,6.33905697,-4.56314516,0.0545821285,0.12,-0.4,0.2,0.12,0.12,0.3,0.3,-0.3,-0.3,0.08,-0.08,0.0545821285,0.4,0.12,0.3,0.3,0.08,-0.12,0.2,0.12,-0.3,0.08,0.3
1351,35645747,0.655717671,2.70277667,-1.59985852,1.9653405,3.99717855,1.7101742,-2.2008996,-7.56992149,-123.915176,-12.0743027,6.32376623,-4.58004904,0.0524574137,0.12,-0.4,0.2,0.12,0.12,0.3,0.3,-0.3,-0.3,0.08,-0.08,0.0524574137,0.4,0.12,0.3,0.3,0.08,-0.12,0.2,0.12,-0.3,0.08,0.3
1352,35664987,0.634662449,2.67242837,-1.62227499,1.9317466,3.99804282,1.71336198,-2.23927999,-7.52304983,-124.396294,-12.0419693,6.307796,-4.59530592,0.0507729959,0.12,-0.4,0.2,0.12,0.12,0.3,0.3,-0.3,-0.3,0.08,-0.08,0.0507729959,0.4,0.12,0.3,0.3,0.08,-0.12,0.2,0.12,-0.3,0.08,0.3
1353,35680231,0.623238504,2.64849448,-1.63868821,1.91187871,4.00118923,1.71643806,-2.26754785,-7.49082708,-124.851036,-12.0150948,6.29273415,-4.6070838,0.0498590803,0.12,-0.4,0.2,0.12,0.12,0.3,0.3,-0.3,-0.3,0.08,-0.08,0.0498590803,0.4,0.12,0.3,0.3,0.08,-0.12,0.2,0.12,-0.3,0.08,0.3
1354,35704516,0.623431146,2.63459587,-1.6490165,1.90812552,4.00446844,1.71923649,-2.28419971,-7.47691965,-125.279755,-11.9931946,6.28359509,-4.61274004,0.0498744917,0.12,-0.4,0.2,0.12,0.12,0.3,0.3,-0.3,-0.3,0.08,-0.08,0.0498744917,0.4,0.12,0.3,0.3,0.08,-0.12,0.2,0.12,-0.3,0.08,0.3
1355,35720335,0.638852537,2.62979865,-1.64576733,1.91624284,4.00584412,1.72257733,-2.28186846,-7.48321724,-125.679016,-11.9775085,6.28531885,-4.61303139,0.0511082029,0.12,-0.4,0.2,0.12,0.12,0.3,0.3,-0.3,-0.3,0.08,-0.08,0.0511082029,0.4,0.12,0.3,0.3,0.08,-0.12,0.2,0.12,-0.3,0.08,0.3
1356,35741880,0.669136047,2.63112307,-1.63155377,1.93387818,4.00621843,1.72693944,-2.262954,-7.50649118,-126.051582,-11.9685221,6.29749823,-4.60932922,0.0535308838,0.12,-0.4,0.2,0.12,0.12,0.3,0.3,-0.3,-0.3,0.08,-0.08,0.0535308838,0.4,0.12,0.3,0.3,0.08,-0.12,0.2,0.12,-0.3,0.08,0.3
1357,35762585,0.713140488,2.63770366,-1.60835612,1.95908594,4.00650263,1.73238957,-2.23045778,-7.54306984,-126.399246,-11.9655199,6.32003784,-4.60204363,0.057051239,0.12,-0.4,0.2,0.12,0.12,0.3,0.3,-0.3,-0.3,0.08,-0.08,0.057051239,0.4,0.12,0.3,0.3,0.08,-0.12,0.2,0.12,-0.3,0.08,0.3
1358,35782368,0.767253816,2.64551497,-1.58005536,1.98561418,4.00697279,1.73924255,-2.19027615,-7.58511925,-126.724663,-11.9678421,6.34919167,-4.59348869,0.0613803053,0.12,-0.4,0.2,0.12,0.12,0.3,0.3,-0.3,-0.3,0.08,-0.08,0.0613803053,0.4,0.12,0.3,0.3,0.08,-0.12,0.2,0.12,-0.3,0.08,0.3
1359,35800478,0.828280032,2.65537906,-1.55190837,2.0154953,4.01068687,1.74731207,-2.14931512,-7.62926531,-127.033928,-11.9758739,6.37979841,-4.58462763,0.0662624025,0.12,-0.4,0.2,0.12,0.12,0.3,0.3,-0.3,-0.3,0.08,-0.08,0.0662624025,0.4,0.12,0.3,0.3,0.08,-0.12,0.2,0.12,-0.3,0.08,0.3
1360,35822034,0.893978894,2.66898322,-1.52478135,2.04806256,4.01908302,1.7560966,-2.11100006,-7.67348719,-127.331398,-11.9900942,6.41069841,-4.57522345,0.0715183115,0.12,-0.4,0.2,0.12,0.12,0.3,0.3,-0.3,-0.3,0.08,-0.08,0.0715183115,0.4,0.12,0.3,0.3,0.08,-0.12,0.2,0.12,-0.3,0.08,0.3
1361,35842004,0.961560369,2.68464208,-1.4980948,2.07764339,4.02947664,1.76554728,-2.0758388,-7.71485758,-127.618408,-12.0095758,6.44352198,-4.56571913,0.0769248295,0.12,-0.4,0.2,0.12,0.12,0.3,0.3,-0.3,-0.3,0.08,-0.08,0.0769248295,0.4,0.12,0.3,0.3,0.08,-0.12,0.2,0.12,-0.3,0.08,0.3
1362,35862330,1.02725232,2.70147204,-1.4737823,2.10597205,4.03761721,1.77472079,-2.0453074,-7.75464582,-127.896759,-12.0305004,6.47852993,-4.55428791,0.0821801853,0.12,-0.4,0.2,0.12,0.12,0.3,0.3,-0.3,-0.3,0.08,-0.08,0.0821801853,0.4,0.12,0.3,0.3,0.08,-0.12,0.2,0.12,-0.3,0.08,0.3
1363,35881383,1.08839834,2.71552277,-1.45021439,2.12908697,4.04148483,1.7841804,-2.01762867,-7.79153109,-128.165741,-12.0492125,6.51688004,-4.54186344,0.087071867,0.12,-0.4,0.2,0.12,0.12,0.3,0.3,-0.3,-0.3,0.08,-0.08,0.087071867,0.4,0.12,0.3,0.3,0.08,-0.12,0.2,0.12,-0.3,0.08,0.3
1364,35905364,1.1412338,2.72230816,-1.42966008,2.14076853,4.04256201,1.79444647,-1.99558234,-7.81843233,-128.425919,-12.0637665,6.5551219,-4.53313637,0.0912987041,0.12,-0.4,0.2,0.12,0.12,0.3,0.3,-0.3,-0.3,0.08,-0.08,0.0912987041,0.4,0.12,0.3,0.3,0.08,-0.12,0.2,0.12,-0.3,0.08,0.3
1365,35920805,1.18234813,2.72149229,-1.41521716,2.14143062,4.04179382,1.80418432,-1.98265505,-7.83236122,-128.680771,-12.0719547,6.58866358,-4.5292778,0.0945878506,0.12,-0.4,0.2,0.12,0.12,0.3,0.3,-0.3,-0.3,0.08,-0.08,0.0945878506,0.4,0.12,0.3,0.3,0.08,-0.12,0.2,0.12,-0.3,0.08,0.3
1366,35942340,1.21271563,2.71545601,-1.40540826,2.13397717,4.04075718,1.81257904,-1.97758842,-7.83504438,-128.930923,-12.074132,6.61464024,-4.5294385,0.0970172501,0.12,-0.4,0.2,0.12,0.12,0.3,0.3,-0.3,-0.3,0.08,-0.08,0.0970172501,0.4,0.12,0.3,0.3,0.08,-0.12,0.2,0.12,-0.3,0.08,0.3
1367,35961192,1.23312354,2.70695853,-1.40221989,2.12104058,4.04079485,1.81923866,-1.98206413,-7.82738352,-129.177673,-12.0716333,6.6318469,-4.53226709,0.0986498833,0.12,-0.4,0.2,0.12,0.12,0.3,0.3,-0.3,-0.3,0.08,-0.08,0.0986498833,0.4,0.12,0.3,0.3,0.08,-0.12,0.2,0.12,-0.3,0.08,0.3
1368,35980584,1.24522781,2.70083737,-1.40589142,2.10991812,4.04204082,1.82369542,-1.99490798,-7.81556654,-129.422302,-12.0655565,6.64130497,-4.53416348,0.0996182251,0.12,-0.4,0.2,0.12,0.12,0.3,0.3,-0.3,-0.3,0.08,-0.08,0.0996182251,0.4,0.12,0.3,0.3,0.08,-0.12,0.2,0.12,-0.3,0.08,0.3
1369,36003274,1.25207615,2.69735765,-1.41227174,2.09883451,4.04445076,1.8267653,-2.01161504,-7.80154705,-129.663345,-12.0578594,6.6466217,-4.53501844,0.100166092,0.12,-0.4,0.2,0.12,0.12,0.3,0.3,-0.3,-0.3,0.08,-0.08,0.100166092,0.4,0.12,0.3,0.3,0.08,-0.12,0.2,0.12,-0.3,0.08,0.3
1370,36021181,1.25415826,2.6962719,-1.42153633,2.088866,4.04653549,1.82836843,-2.03095865,-7.78715611,-129.899536,-12.0486736,6.65004301,-4.53471136,0.100332661,0.12,-0.4,0.2,0.12,0.12,0.3,0.3,-0.3,-0.3,0.08,-0.08,0.100332661,0.4,0.12,0.3,0.3,0.08,-0.12,0.2,0.12,-0.3,0.08,0.3
1371,36049285,1.25276291,2.69577074,-1.43115389,2.07923555,4.04760313,1.82910097,-2.04960084,-7.77353859,-130.129715,-12.0381823,6.65274239,-4.5339427,0.100221033,0.12,-0.4,0.2,0.12,0.12,0.3,0.3,-0.3,-0.3,0.08,-0.08,0.100221033,0.4,0.12,0.3,0.3,0.08,-0.12,0.2,0.12,-0.3,0.08,0.3
1372,36061084,1.25178921,2.69531918,-1.43575203,2.07230997,4.04746008,1.82944024,-2.06123734,-7.76559973,-130.35202,-12.0276289,6.65678406,-4.5328064,0.100143137,0.12,-0.4,0.2,0.12,0.12,0.3,0.3,-0.3,-0.3,0.08,-0.08,0.100143137,0.4,0.12,0.3,0.3,0.08,-0.12,0.2,0.12,-0.3,0.08,0.3
1373,36086547,1.24872708,2.69473243,-1.44255841,2.0692482,4.04747343,1.82898581,-2.07184863,-7.75914431,-130.56601,-12.0164938,6.6603322,-4.53195858,0.0998981667,0.12,-0.4,0.2,0.12,0.12,0.3,0.3,-0.3,-0.3,0.08,-0.08,0.0998981667,0.4,0.12,0.3,0.3,0.08,-0.12,0.2,0.12,-0.3,0.08,0.3
1374,36100025,1.24299431,2.69443703,-1.45272422,2.06663442,4.04647923,1.82809937,-2.08428144,-7.75189972,-130.771835,-12.0038757,6.66218042,-4.53109598,0.0994395447,0.12,-0.4,0.2,0.12,0.12,0.3,0.3,-0.3,-0.3,0.08,-0.08,0.0994395447,0.4,0.12,0.3,0.3,0.08,-0.12,0.2,0.12,-0.3,0.08,0.3
1375,36121927,1.23759842,2.69499683,-1.46043742,2.06719947,4.04408073,1.82701981,-2.09289622,-7.74943113,-130.969254,-11.9907398,6.66345358,-4.52932835,0.0990078735,0.12,-0.4,0.2,0.12,0.12,0.3,0.3,-0.3,-0.3,0.08,-0.08,0.0990078735,0.4,0.12,0.3,0.3,0.08,-0.12,0.2,0.12,-0.3,0.08,0.3
1376,36144532,1.23100376,2.69764543,-1.47103381,2.07207394,4.04234791,1.82512248,-2.1020236,-7.74954653,-131.159119,-11.9769554,6.66228008,-4.52632856,0.0984803009,0.12,-0.4,0.2,0.12,0.12,0.3,0.3,-0.3,-0.3,0.08,-0.08,0.0984803009,0.4,0.12,0.3,0.3,0.08,-0.12,0.2,0.12,-0.3,0.08,0.3
1377,36164840,1.22306514,2.69927287,-1.4816848,2.07193518,4.04265547,1.82345355,-2.11127996,-7.74555397,-131.340714,-11.9654655,6.65812349,-4.52558231,0.097845211,0.12,-0.4,0.2,0.12,0.12,0.3,0.3,-0.3,-0.3,0.08,-0.08,0.097845211,0.4,0.12,0.3,0.3,0.08,-0.12,0.2,0.12,-0.3,0.08,0.3
1378,36180970,1.21309924,2.70270586,-1.4929235,2.07642221,4.04094839,1.82032919,-2.11962414,-7.74546671,-131.51622,-11.9538784,6.65183449,-4.52299023,0.0970479393,0.12,-0.4,0.2,0.12,0.12,0.3,0.3,-0.3,-0.3,0.08,-0.08,0.0970479393,0.4,0.12,0.3,0.3,0.08,-0.12,0.2,0.12,-0.3,0.08,0.3
1379,36200181,1.20448112,2.70487738,-1.50147855,2.07654524,4.04162169,1.81788015,-2.12528849,-7.74312592,-131.68367,-11.9449005,6.64424706,-4.52241993,0.09635849,0.12,-0.4,0.2,0.12,0.12,0.3,0.3,-0.3,-0.3,0.08,-0.08,0.09635849,0.4,0.12,0.3,0.3,0.08,-0.12,0.2,0.12,-0.3,0.08,0.3
1380,36223401,1.19585323,2.70644045,-1.50916588,2.07610393,4.04193497,1.81516314,-2.13091302,-7.74047375,-131.843124,-11.9377422,6.63691616,-4.52248716,0.0956682587,0.12,-0.4,0.2,0.12,0.12,0.3,0.3,-0.3,-0.3,0.08,-0.08,0.0956682587,0.4,0.12,0.3,0.3,0.08,-0.12,0.2,0.12,-0.3,0.08,0.3
1381,36242978,1.18672562,2.70704651,-1.51722586,2.07590365,4.04147434,1.81272948,-2.13606858,-7.73778772,-131.994385,-11.9305944,6.62954521,-4.52268934,0.0949380493,0.12,-0.4,0.2,0.12,0.12,0.3,0.3,-0.3,-0.3,0.08,-0.08,0.0949380493,0.4,0.12,0.3,0.3,0.08,-0.12,0.2,0.12,-0.3,0.08,0.3
1382,36262359,1.18167353,2.70477653,-1.5183605,2.07085371,4.04207945,1.81160522,-2.13630629,-7.73409414,-132.136032,-11.9266062,6.6235714,-4.52518082,0.0945338821,0.12,-0.4,0.2,0.12,0.12,0.3,0.3,-0.3,-0.3,0.08,-0.08,0.0945338821,0.4,0.12,0.3,0.3,0.08,-0.12,0.2,0.12,-0.3,0.08,0.3
1383,36283215,1.18028474,2.7017355,-1.51597023,2.06805301,4.04100609,1.81092095,-2.13258338,-7.73413754,-132.26857,-11.9229956,6.62210941,-4.52693176,0.0944227791,0.12,-0.4,0.2,0.12,0.12,0.3,0.3,-0.3,-0.3,0.08,-0.08,0.0944227791,0.4,0.12,0.3,0.3,0.08,-0.12,0.2,0.12,-0.3,0.08,0.3
1384,36301286,1.18097198,2.69850564,-1.51517534,2.06763363,4.03927612,1.81091607,-2.12907553,-7.73501968,-132.393433,-11.9186773,6.62114668,-4.52769375,0.0944777584,0.12,-0.4,0.2,0.12,0.12,0.3,0.3,-0.3,-0.3,0.08,-0.08,0.0944777584,0.4,0.12,0.3,0.3,0.08,-0.12,0.2,0.12,-0.3,0.08,0.3
1385,36320007,1.1862998,2.69617319,-1.51149976,2.06764245,4.03834248,1.81194556,-2.12397432,-7.73737335,-132.510696,-11.9152632,6.62303591,-4.52784538,0.0949039841,0.12,-0.4,0.2,0.12,0.12,0.3,0.3,-0.3,-0.3,0.08,-0.08,0.0949039841,0.4,0.12,0.3,0.3,0.08,-0.12,0.2,0.12,-0.3,0.08,0.3
1386,36341781,1.19621646,2.69487381,-1.50306749,2.07127476,4.03451729,1.81356692,-2.11298919,-7.7466774,-132.620087,-11.9107924,6.6304388,-4.52562141,0.0956973171,0.12,-0.4,0.2,0.12,0.12,0.3,0.3,-0.3,-0.3,0.08,-0.08,0.0956973171,0.4,0.12,0.3,0.3,0.08,-0.12,0.2,0.12,-0.3,0.08,0.3
1387,36360587,1.20675933,2.6935451,-1.4986285,2.07627439,4.03047609,1.81550169,-2.10418129,-7.75540686,-132.724014,-11.905117,6.63681221,-4.52273607,0.0965407467,0.12,-0.4,0.2,0.12,0.12,0.3,0.3,-0.3,-0.3,0.08,-0.08,0.0965407467,0.4,0.12,0.3,0.3,0.08,-0.12,0.2,0.12,-0.3,0.08,0.3
1388,36381801,1.21544933,2.69396663,-1.50070333,2.08072782,4.0309515,1.81726694,-2.10333419,-7.75833035,-132.824661,-11.9006281,6.63885832,-4.52084732,0.0972359467,0.12,-0.4,0.2,0.12,0.12,0.3,0.3,-0.3,-0.3,0.08,-0.08,0.0972359467,0.4,0.12,0.3,0.3,0.08,-0.12,0.2,0.12,-0.3,0.08,0.3
1389,36403499,1.2221992,2.69566298,-1.50154305,2.08475566,4.03070593,1.81843698,-2.10244179,-7.76197052,-132.922104,-11.896162,6.64051867,-4.51857185,0.0977759361,0.12,-0.4,0.2,0.12,0.12,0.3,0.3,-0.3,-0.3,0.08,-0.08,0.0977759361,0.4,0.12,0.3,0.3,0.08,-0.12,0.2,0.12,-0.3,0.08,0.3
1390,36430318,1.22634721,2.69673967,-1.50309622,2.08776999,4.03003454,1.81902587,-2.1019249,-7.76485682,-133.015762,-11.892067,6.6393733,-4.51697779,0.0981077766,0.12,-0.4,0.2,0.12,0.12,0.3,0.3,-0.3,-0.3,0.08,-0.08,0.0981077766,0.4,0.12,0.3,0.3,0.08,-0.12,0.2,0.12,-0.3,0.08,0.3
1391,36440222,1.22726488,2.69857621,-1.50981247,2.08942556,4.03269339,1.81895268,-2.10803843,-7.7626915,-133.107132,-11.8898792,6.63350582,-4.51653337,0.0981811905,0.12,-0.4,0.2,0.12,0.12,0.3,0.3,-0.3,-0.3,0.08,-0.08,0.0981811905,0.4,0.12,0.3,0.3,0.08,-0.12,0.2,0.12,-0.3,0.08,0.3
1392,36461579,1.22275078,2.70226741,-1.52110994,2.09114289,4.03512096,1.81763482,-2.11996961,-7.75770521,-133.195877,-11.886982,6.62635565,-4.51558733,0.0978200626,0.12,-0.4,0.2,0.12,0.12,0.3,0.3,-0.3,-0.3,0.08,-0.08,0.0978200626,0.4,0.12,0.3,0.3,0.08,-0.12,0.2,0.12,-0.3,0.08,0.3
1393,36483039,1.21291506,2.70487881,-1.5329746,2.09147286,4.0350852,1.81586039,-2.13218522,-7.75181341,-133.280411,-11.8824234,6.61755037,-4.51519489,0.097033205,0.12,-0.4,0.2,0.12,0.12,0.3,0.3,-0.3,-0.3,0.08,-0.08,0.097033205,0.4,0.12,0.3,0.3,0.08,-0.12,0.2,0.12,-0.3,0.08,0.3
1394,36500023,1.20115912,2.70541692,-1.5423907,2.0897522,4.03509235,1.81441247,-2.14256954,-7.7456522,-133.360718,-11.8780909,6.60764456,-4.51634359,0.0960927296,0.12,-0.4,0.2,0.12,0.12,0.3,0.3,-0.3,-0.3,0.08,-0.08,0.0960927296,0.4,0.12,0.3,0.3,0.08,-0.12,0.2,0.12,-0.3,0.08,0.3
1395,36524398,1.1907773,2.7042501,-1.54654062,2.08737469,4.03501606,1.81321216,-2.14728546,-7.74211502,-133.435654,-11.8745499,6.59941626,-4.51842642,0.0952621841,0.12,-0.4,0.2,0.12,0.12,0.3,0.3,-0.3,-0.3,0.08,-0.08,0.0952621841,0.4,0.12,0.3,0.3,0.08,-0.12,0.2,0.12,-0.3,0.08,0.3
1396,36538427,1.18408155,2.70094967,-1.54464555,2.08571768,4.03252125,1.81212139,-2.14389396,-7.74315071,-133.504166,-11.8711863,6.59391689,-4.52041435,0.0947265244,0.12,-0.4,0.2,0.12,0.12,0.3,0.3,-0.3,-0.3,0.08,-0.08,0.0947265244,0.4,0.12,0.3,0.3,0.08,-0.12,0.2,0.12,-0.3,0.08,0.3
1397,36565104,1.18198073,2.69805932,-1.54230225,2.08645606,4.03026772,1.81126714,-2.13843751,-7.74614668,-133.567184,-11.868309,6.59023094,-4.52159262,0.0945584583,0.12,-0.4,0.2,0.12,0.12,0.3,0.3,-0.3,-0.3,0.08,-0.08,0.0945584583,0.4,0.12,0.3,0.3,0.08,-0.12,0.2,0.12,-0.3,0.08,0.3
1398,36578791,1.18417919,2.6973238,-1.5403657,2.08922791,4.02925777,1.81092799,-2.13310075,-7.7501483,-133.625992,-11.8661041,6.58890343,-4.52138615,0.0947343349,0.12,-0.4,0.2,0.12,0.12,0.3,0.3,-0.3,-0.3,0.08,-0.08,0.0947343349,0.4,0.12,0.3,0.3,0.08,-0.12,0.2,0.12,-0.3,0.08,0.3
1399,36603321,1.18980217,2.69765759,-1.5365833,2.09227538,4.02817106,1.81129694,-2.12612081,-7.75567245,-133.680618,-11.8644695,6.59054327,-4.52020979,0.0951841736,0.12,-0.4,0.2,0.12,0.12,0.3,0.3,-0.3,-0.3,0.08,-0.08,0.0951841736,0.4,0.12,0.3,0.3,0.08,-0.12,0.2,0.12,-0.3,0.08,0.3
1400,36618806,1.19733012,2.69740057,-1.5317533,2.09425712,4.02686739,1.81228042,-2.11837602,-7.76117086,-133.73143,-11.8634977,6.59361696,-4.51904297,0.0957864094,0.12,-0.4,0.2,0.12,0.12,0.3,0.3,-0.3,-0.3,0.08,-0.08,0.0957864094,0.4,0.12,0.3,0.3,0.08,-0.12,0.2,0.12,-0.3,0.08,0.3
1401,36644465,1.2051487,2.69698977,-1.5284282,2.09570956,4.0264039,1.81353533,-2.11299205,-7.7649889,-133.779388,-11.8629408,6.59639263,-4.51803732,0.0964118958,0.12,-0.4,0.2,0.12,0.12,0.3,0.3,-0.3,-0.3,0.08,-0.08,0.0964118958,0.4,0.12,0.3,0.3,0.08,-0.12,0.2,0.12,-0.3,0.08,0.3
1402,36667673,1.21196222,2.69642687,-1.52671325,2.09582233,4.02683926,1.81486511,-2.11042809,-7.76628971,-133.825378,-11.8626566,6.59842443,-4.51765251,0.0969569778,0.12,-0.4,0.2,0.12,0.12,0.3,0.3,-0.3,-0.3,0.08,-0.08,0.0969569778,0.4,0.12,0.3,0.3,0.08,-0.12,0.2,0.12,-0.3,0.08,0.3
1403,36679951,1.20885587,2.69569182,-1.53784692,2.09776378,4.03423214,1.8146497,-2.12266159,-7.75501537,-133.86734,-11.8645945,6.59056568,-4.52152061,0.0967084694,0.12,-0.4,0.2,0.12,0.12,0.3,0.3,-0.3,-0.3,0.08,-0.08,0.0967084694,0.4,0.12,0.3,0.3,0.08,-0.12,0.2,0.12,-0.3,0.08,0.3
1404,36701247,1.20081985,2.69648647,-1.54798794,2.09920883,4.03995705,1.8143537,-2.13683772,-7.74459124,-133.905853,-11.8668871,6.57949352,-4.52514219,0.096065588,0.12,-0.4,0.2,0.12,0.12,0.3,0.3,-0.3,-0.3,0.08,-0.08,0.096065588,0.4,0.12,0.3,0.3,0.08,-0.12,0.2,0.12,-0.3,0.08,0.3
1405,36721750,1.18933105,2.69679236,-1.55833375,2.10051203,4.04442406,1.81393301,-2.15119433,-7.73591089,-133.939636,-11.8692579,6.56723881,-4.52910423,0.0951464844,0.12,-0.4,0.2,0.12,0.12,0.3,0.3,-0.3,-0.3,0.08,-0.08,0.0951464844,0.4,0.12,0.3,0.3,0.08,-0.12,0.2,0.12,-0.3,0.08,0.3
1406,36741409,1.17654538,2.69647384,-1.56834614,2.10078192,4.04808664,1.81320405,-2.16500854,-7.72787476,-133.965607,-11.87146,6.55404902,-4.5332737,0.0941236305,0.12,-0.4,0.2,0.12,0.12,0.3,0.3,-0.3,-0.3,0.08,-0.08,0.0941236305,0.4,0.12,0.3,0.3,0.08,-0.12,0.2,0.12,-0.3,0.08,0.3
1407,36766924,1.16185164,2.69553971,-1.57919097,2.10032892,4.051229,1.8120153,-2.17907,-7.71885729,-133.985565,-11.8741064,6.54024363,-4.53804445,0.0929481316,0.12,-0.4,0.2,0.12,0.12,0.3,0.3,-0.3,-0.3,0.08,-0.08,0.0929481316,0.4,0.12,0.3,0.3,0.08,-0.12,0.2,0.12,-0.3,0.08,0.3
1408,36779159,1.15025198,2.69464946,-1.58399582,2.09763813,4.05032539,1.81087875,-2.18472338,-7.71536636,-134.003784,-11.8746147,6.53159094,-4.54045725,0.0920201588,0.12,-0.4,0.2,0.12,0.12,0.3,0.3,-0.3,-0.3,0.08,-0.08,0.0920201588,0.4,0.12,0.3,0.3,0.08,-0.12,0.2,0.12,-0.3,0.08,0.3
1409,36811941,1.14092433,2.69312286,-1.58735514,2.09568691,4.04918528,1.80986285,-2.18739247,-7.71323442,-134.020294,-11.8738346,6.52617264,-4.54228592,0.0912739468,0.12,-0.4,0.2,0.12,0.12,0.3,0.3,-0.3,-0.3,0.08,-0.08,0.0912739468,0.4,0.12,0.3,0.3,0.08,-0.12,0.2,0.12,-0.3,0.08,0.3
1410,36819772,1.13405728,2.69154978,-1.58930516,2.09469223,4.04793549,1.80917871,-2.18796921,-7.71235609,-134.034775,-11.8722515,6.5231185,-4.54355383,0.0907245827,0.12,-0.4,0.2,0.12,0.12,0.3,0.3,-0.3,-0.3,0.08,-0.08,0.0907245827,0.4,0.12,0.3,0.3,0.08,-0.12,0.2,0.12,-0.3,0.08,0.3
1411,36839664,1.12964976,2.69005275,-1.58963001,2.09445024,4.04626036,1.808676,-2.18653274,-7.71293163,-134.04715,-11.8701115,6.5220356,-4.54417515,0.0903719807,0.12,-0.4,0.2,0.12,0.12,0.3,0.3,-0.3,-0.3,0.08,-0.08,0.0903719807,0.4,0.12,0.3,0.3,0.08,-0.12,0.2,0.12,-0.3,0.08,0.3
1412,36867427,1.12715602,2.688694,-1.58917379,2.09477258,4.04452991,1.80838525,-2.18392372,-7.71438837,-134.057693,-11.8677607,6.52193928,-4.54430914,0.0901724815,0.12,-0.4,0.2,0.12,0.12,0.3,0.3,-0.3,-0.3,0.08,-0.08,0.0901724815,0.4,0.12,0.3,0.3,0.08,-0.12,0.2,0.12,-0.3,0.08,0.3
1413,36879938,1.12639916,2.68753433,-1.58787179,2.095366,4.04283428,1.8083396,-2.18041205,-7.71640158,-134.067062,-11.8654194,6.52242947,-4.54396725,0.0901119328,0.12,-0.4,0.2,0.12,0.12,0.3,0.3,-0.3,-0.3,0.08,-0.08,0.0901119328,0.4,0.12,0.3,0.3,0.08,-0.12,0.2,0.12,-0.3,0.08,0.3
1414,36903421,1.12696683,2.68656707,-1.5861311,2.0960598,4.0412364,1.80844831,-2.17656493,-7.71870899,-134.075378,-11.8631516,6.52329159,-4.54341507,0.0901573467,0.12,-0.4,0.2,0.12,0.12,0.3,0.3,-0.3,-0.3,0.08,-0.08,0.0901573467,0.4,0.12,0.3,0.3,0.08,-0.12,0.2,0.12,-0.3,0.08,0.3
1415,36920203,1.12794995,2.68560505,-1.58502364,2.09653401,4.03990221,1.80863345,-2.17354417,-7.72042227,-134.08313,-11.8610172,6.52378988,-4.54295349,0.0902359962,0.12,-0.4,0.2,0.12,0.12,0.3,0.3,-0.3,-0.3,0.08,-0.08,0.0902359962,0.4,0.12,0.3,0.3,0.08,-0.12,0.2,0.12,-0.3,0.08,0.3
1416,36941876,1.12887323,2.68508196,-1.58469677,2.0971272,4.03891039,1.80874419,-2.17174673,-7.72161579,-134.090485,-11.8589945,6.52372694,-4.54240894,0.0903098583,0.12,-0.4,0.2,0.12,0.12,0.3,0.3,-0.3,-0.3,0.08,-0.08,0.0903098583,0.4,0.12,0.3,0.3,0.08,-0.12,0.2,0.12,-0.3,0.08,0.3
1417,36963913,1.12934613,2.6846776,-1.58482075,2.09724236,4.03818226,1.80883169,-2.17086935,-7.72205782,-134.097504,-11.8572121,6.52306366,-4.54203129,0.0903476906,0.12,-0.4,0.2,0.12,0.12,0.3,0.3,-0.3,-0.3,0.08,-0.08,0.0903476906,0.4,0.12,0.3,0.3,0.08,-0.12,0.2,0.12,-0.3,0.08,0.3
1418,36980708,1.12857914,2.68450594,-1.58651435,2.09717107,4.0383811,1.80876362,-2.1719749,-7.72099352,-134.104614,-11.8558636,6.52110004,-4.54209423,0.0902863312,0.12,-0.4,0.2,0.12,0.12,0.3,0.3,-0.3,-0.3,0.08,-0.08,0.0902863312,0.4,0.12,0.3,0.3,0.08,-0.12,0.2,0.12,-0.3,0.08,0.3
1419,37001408,1.12689054,2.68485498,-1.58865809,2.09722686,4.03889656,1.80852354,-2.17400646,-7.71964788,-134.111954,-11.8548908,6.51834106,-4.54217625,0.0901512432,0.12,-0.4,0.2,0.12,0.12,0.3,0.3,-0.3,-0.3,0.08,-0.08,0.0901512432,0.4,0.12,0.3,0.3,0.08,-0.12,0.2,0.12,-0.3,0.08,0.3
1420,37020516,1.12441802,2.68579817,-1.59132409,2.09788227,4.03963709,1.80807543,-2.17661834,-7.7185235,-134.119339,-11.8542652,6.51510954,-4.54216146,0.0899534416,0.12,-0.4,0.2,0.12,0.12,0.3,0.3,-0.3,-0.3,0.08,-0.08,0.0899534416,0.4,0.12,0.3,0.3,0.08,-0.12,0.2,0.12,-0.3,0.08,0.3
1421,37042634,1.12169707,2.68717694,-1.59369814,2.09882092,4.04030466,1.80747426,-2.17890978,-7.71794224,-134.126328,-11.8540068,6.51202059,-4.54196501,0.0897357655,0.12,-0.4,0.2,0.12,0.12,0.3,0.3,-0.3,-0.3,0.08,-0.08,0.0897357655,0.4,0.12,0.3,0.3,0.08,-0.12,0.2,0.12,-0.3,0.08,0.3
1422,37061174,1.11863148,2.68867254,-1.59638548,2.09959865,4.04102278,1.80680156,-2.18147063,-7.71716213,-134.132874,-11.8541451,6.50903177,-4.54185772,0.0894905186,0.12,-0.4,0.2,0.12,0.12,0.3,0.3,-0.3,-0.3,0.08,-0.08,0.0894905186,0.4,0.12,0.3,0.3,0.08,-0.12,0.2,0.12,-0.3,0.08,0.3
1423,37086276,1.11485887,2.69001293,-1.59945059,2.10050368,4.04212809,1.80599117,-2.18431544,-7.71582031,-134.138702,-11.854681,6.50574541,-4.5421381,0.0891887093,0.12,-0.4,0.2,0.12,0.12,0.3,0.3,-0.3,-0.3,0.08,-0.08,0.0891887093,0.4,0.12,0.3,0.3,0.08,-0.12,0.2,0.12,-0.3,0.08,0.3
1424,37101845,1.11127663,2.69051623,-1.6009804,2.10026002,4.04282045,1.80540729,-2.18588781,-7.71460247,-134.143448,-11.8554659,6.50303984,-4.54285479,0.0889021301,0.12,-0.4,0.2,0.12,0.12,0.3,0.3,-0.3,-0.3,0.08,-0.08,0.0889021301,0.4,0.12,0.3,0.3,0.08,-0.12,0.2,0.12,-0.3,0.08,0.3
1425,37119289,1.10846364,2.68977475,-1.60071325,2.09934306,4.04281425,1.80507123,-2.18548942,-7.71411037,-134.146835,-11.8563128,6.50139523,-4.54393196,0.0886770916,0.12,-0.4,0.2,0.12,0.12,0.3,0.3,-0.3,-0.3,0.08,-0.08,0.0886770916,0.4,0.12,0.3,0.3,0.08,-0.12,0.2,0.12,-0.3,0.08,0.3
1426,37143339,1.10675073,2.68825197,-1.59938323,2.09854388,4.04185963,1.8048805,-2.18373966,-7.71443748,-134.148438,-11.8565655,6.50093555,-4.54474735,0.0885400581,0.12,-0.4,0.2,0.12,0.12,0.3,0.3,-0.3,-0.3,0.08,-0.08,0.0885400581,0.4,0.12,0.3,0.3,0.08,-0.12,0.2,0.12,-0.3,0.08,0.3
1427,37160260,1.10633969,2.68632698,-1.59743702,2.09783006,4.04051065,1.80499303,-2.1812005,-7.71512365,-134.148468,-11.856369,6.50131178,-4.54542446,0.0885071754,0.12,-0.4,0.2,0.12,0.12,0.3,0.3,-0.3,-0.3,0.08,-0.08,0.0885071754,0.4,0.12,0.3,0.3,0.08,-0.12,0.2,0.12,-0.3,0.08,0.3
1428,37184033,1.10737038,2.68426156,-1.5949651,2.09703541,4.03895187,1.80539429,-2.17797136,-7.71620512,-134.147842,-11.8556051,6.50256634,-4.54579353,0.0885896301,0.12,-0.4,0.2,0.12,0.12,0.3,0.3,-0.3,-0.3,0.08,-0.08,0.0885896301,0.4,0.12,0.3,0.3,0.08,-0.12,0.2,0.12,-0.3,0.08,0.3
1429,37201388,1.10953355,2.68248034,-1.59235358,2.09673786,4.03743553,1.80596101,-2.17448115,-7.71772575,-134.146957,-11.8543892,6.50431204,-4.5457778,0.0887626839,0.12,-0.4,0.2,0.12,0.12,0.3,0.3,-0.3,-0.3,0.08,-0.08,0.0887626839,0.4,0.12,0.3,0.3,0.08,-0.12,0.2,0.12,-0.3,0.08,0.3
1430,37221578,1.11247551,2.68116641,-1.59008956,2.09686971,4.03640842,1.80661249,-2.17137837,-7.71924829,-134.14624,-11.8532295,6.5057559,-4.5455451,0.0889980412,0.12,-0.4,0.2,0.12,0.12,0.3,0.3,-0.3,-0.3,0.08,-0.08,0.0889980412,0.4,0.12,0.3,0.3,0.08,-0.12,0.2,0.12,-0.3,0.08,0.3
1431,37239830,1.11570466,2.68083978,-1.58889031,2.09746432,4.03623199,1.80715847,-2.1696434,-7.72036886,-134.145905,-11.8524008,6.5067029,-4.54507828,0.0892563725,0.12,-0.4,0.2,0.12,0.12,0.3,0.3,-0.3,-0.3,0.08,-0.08,0.0892563725,0.4,0.12,0.3,0.3,0.08,-0.12,0.2,0.12,-0.3,0.08,0.3
1432,37264476,1.11839795,2.68125319,-1.58888507,2.0978713,4.03675318,1.80755699,-2.16952395,-7.72054768,-134.146194,-11.8520937,6.50697422,-4.54462624,0.0894718361,0.12,-0.4,0.2,0.12,0.12,0.3,0.3,-0.3,-0.3,0.08,-0.08,0.0894718361,0.4,0.12,0.3,0.3,0.08,-0.12,0.2,0.12,-0.3,0.08,0.3
1433,37286354,1.11995161,2.6822238,-1.5900588,2.09831715,4.03800154,1.80769467,-2.17103291,-7.71970701,-134.147156,-11.8524294,6.50622225,-4.54436684,0.0895961285,0.12,-0.4,0.2,0.12,0.12,0.3,0.3,-0.3,-0.3,0.08,-0.08,0.0895961285,0.4,0.12,0.3,0.3,0.08,-0.12,0.2,0.12,-0.3,0.08,0.3
1434,37304260,1.12045121,2.68350029,-1.59144199,2.09856534,4.03919744,1.80767655,-2.17320228,-7.71867514,-134.148636,-11.8530741,6.50529337,-4.54410744,0.089636097,0.12,-0.4,0.2,0.12,0.12,0.3,0.3,-0.3,-0.3,0.08,-0.08,0.089636097,0.4,0.12,0.3,0.3,0.08,-0.12,0.2,0.12,-0.3,0.08,0.3
1435,37319854,1.11992311,2.68467999,-1.59301305,2.09883666,4.04018688,1.80755889,-2.17557764,-7.71773815,-134.150299,-11.8538494,6.50419807,-4.54397726,0.0895938492,0.12,-0.4,0.2,0.12,0.12,0.3,0.3,-0.3,-0.3,0.08,-0.08,0.0895938492,0.4,0.12,0.3,0.3,0.08,-0.12,0.2,0.12,-0.3,0.08,0.3
1436,37347624,1.11883175,2.68586421,-1.59444988,2.09944415,4.04091311,1.80732369,-2.17769051,-7.71730328,-134.152069,-11.8545666,6.50316191,-4.54380322,0.0895065403,0.12,-0.4,0.2,0.12,0.12,0.3,0.3,-0.3,-0.3,0.08,-0.08,0.0895065403,0.4,0.12,0.3,0.3,0.08,-0.12,0.2,0.12,-0.3,0.08,0.3
1437,37359657,1.11769259,2.68720651,-1.59538305,2.10057354,4.04137707,1.80697608,-2.1789391,-7.71771145,-134.153809,-11.8552666,6.50249958,-4.54348516,0.0894154072,0.12,-0.4,0.2,0.12,0.12,0.3,0.3,-0.3,-0.3,0.08,-0.08,0.0894154072,0.4,0.12,0.3,0.3,0.08,-0.12,0.2,0.12,-0.3,0.08,0.3
1438,37381333,1.1155839,2.68857837,-1.59748244,2.10254526,4.04273272,1.80639386,-2.18099642,-7.71723795,-134.155151,-11.8563757,6.50083637,-4.54368067,0.0892467117,0.12,-0.4,0.2,0.12,0.12,0.3,0.3,-0.3,-0.3,0.08,-0.08,0.0892467117,0.4,0.12,0.3,0.3,0.08,-0.12,0.2,0.12,-0.3,0.08,0.3
1439,37399596,1.11357021,2.69006014,-1.59893465,2.10414529,4.04398584,1.80592966,-2.18256545,-7.71709251,-134.156158,-11.8578501,6.49907064,-4.54397011,0.0890856171,0.12,-0.4,0.2,0.12,0.12,0.3,0.3,-0.3,-0.3,0.08,-0.08,0.0890856171,0.4,0.12,0.3,0.3,0.08,-0.12,0.2,0.12,-0.3,0.08,0.3
1440,37428337,1.11206698,2.69088364,-1.59924173,2.10497665,4.04491901,1.80564308,-2.18290138,-7.71738386,-134.156387,-11.8596916,6.49793482,-4.54452562,0.0889653587,0.12,-0.4,0.2,0.12,0.12,0.3,0.3,-0.3,-0.3,0.08,-0.08,0.0889653587,0.4,0.12,0.3,0.3,0.08,-0.12,0.2,0.12,-0.3,0.08,0.3
1441,37442447,1.11131346,2.69079709,-1.59859324,2.10476899,4.04546404,1.80548048,-2.18232179,-7.71754932,-134.154938,-11.8616219,6.4974165,-4.54532146,0.088905077,0.12,-0.4,0.2,0.12,0.12,0.3,0.3,-0.3,-0.3,0.08,-0.08,0.088905077,0.4,0.12,0.3,0.3,0.08,-0.12,0.2,0.12,-0.3,0.08,0.3
1442,37460764,1.11083233,2.68995523,-1.59771836,2.10399342,4.04545164,1.80544209,-2.18157148,-7.71727753,-134.152328,-11.8633366,6.49748373,-4.5462203,0.0888665867,0.12,-0.4,0.2,0.12,0.12,0.3,0.3,-0.3,-0.3,0.08,-0.08,0.0888665867,0.4,0.12,0.3,0.3,0.08,-0.12,0.2,0.12,-0.3,0.08,0.3
1443,37492170,1.11117482,2.68862796,-1.5957464,2.10287285,4.04404211,1.8056196,-2.17941999,-7.71795273,-134.149185,-11.8637838,6.49906445,-4.54645491,0.0888939857,0.12,-0.4,0.2,0.12,0.12,0.3,0.3,-0.3,-0.3,0.08,-0.08,0.0888939857,0.4,0.12,0.3,0.3,0.08,-0.12,0.2,0.12,-0.3,0.08,0.3
1444,37499870,1.11171603,2.68706989,-1.5943954,2.10221505,4.04238319,1.80602837,-2.17762089,-7.71862888,-134.146164,-11.8630333,6.50094652,-4.54643679,0.0889372826,0.12,-0.4,0.2,0.12,0.12,0.3,0.3,-0.3,-0.3,0.08,-0.08,0.0889372826,0.4,0.12,0.3,0.3,0.08,-0.12,0.2,0.12,-0.3,0.08,0.3
1445,37521331,1.11242259,2.68573546,-1.59341574,2.10194707,4.04092169,1.80655217,-2.17617416,-7.71932459,-134.143646,-11.8615017,6.50268602,-4.54622412,0.0889938068,0.12,-0.4,0.2,0.12,0.12,0.3,0.3,-0.3,-0.3,0.08,-0.08,0.0889938068,0.4,0.12,0.3,0.3,0.08,-0.12,0.2,0.12,-0.3,0.08,0.3
1446,37542357,1.11326134,2.68480444,-1.59299314,2.10157776,4.04032278,1.807042,-2.17542315,-7.71946383,-134.141739,-11.8600225,6.50352335,-4.54616499,0.0890609074,0.12,-0.4,0.2,0.12,0.12,0.3,0.3,-0.3,-0.3,0.08,-0.08,0.0890609074,0.4,0.12,0.3,0.3,0.08,-0.12,0.2,0.12,-0.3,0.08,0.3
1447,37562875,1.11410427,2.68430138,-1.59302878,2.10073972,4.0406642,1.80734122,-2.17545581,-7.71872807,-134.140747,-11.8592358,6.50341225,-4.54634714,0.0891283417,0.12,-0.4,0.2,0.12,0.12,0.3,0.3,-0.3,-0.3,0.08,-0.08,0.0891283417,0.4,0.12,0.3,0.3,0.08,-0.12,0.2,0.12,-0.3,0.08,0.3
1448,37589216,1.11356294,2.68464518,-1.59526706,2.10044909,4.04192591,1.80713856,-2.17804694,-7.71646214,-134.14032,-11.8589735,6.50203276,-4.54658937,0.0890850353,0.12,-0.4,0.2,0.12,0.12,0.3,0.3,-0.3,-0.3,0.08,-0.08,0.0890850353,0.4,0.12,0.3,0.3,0.08,-0.12,0.2,0.12,-0.3,0.08,0.3
1449,37600791,1.11185062,2.68556833,-1.59770334,2.10069227,4.04249382,1.80678248,-2.18107915,-7.71473217,-134.140106,-11.8586235,6.50026369,-4.54639578,0.0889480495,0.12,-0.4,0.2,0.12,0.12,0.3,0.3,-0.3,-0.3,0.08,-0.08,0.0889480495,0.4,0.12,0.3,0.3,0.08,-0.12,0.2,0.12,-0.3,0.08,0.3
1450,37625259,1.10956132,2.6860404,-1.59960485,2.10029149,4.04316139,1.80662441,-2.18377781,-7.7130599,-134.139862,-11.8585577,6.49852848,-4.5466361,0.0887649059,0.12,-0.4,0.2,0.12,0.12,0.3,0.3,-0.3,-0.3,0.08,-0.08,0.0887649059,0.4,0.12,0.3,0.3,0.08,-0.12,0.2,0.12,-0.3,0.08,0.3
1451,37640280,1.10663772,2.68656135,-1.60147977,2.10061908,4.04338646,1.80626905,-2.18607831,-7.71227074,-134.13945,-11.8582773,6.49694443,-4.54671764,0.0885310173,0.12,-0.4,0.2,0.12,0.12,0.3,0.3,-0.3,-0.3,0.08,-0.08,0.0885310173,0.4,0.12,0.3,0.3,0.08,-0.12,0.2,0.12,-0.3,0.08,0.3
1452,37663730,1.10339284,2.68689394,-1.60310173,2.10114503,4.04311371,1.80580127,-2.18756151,-7.71194839,-134.138748,-11.8578091,6.49529028,-4.54674578,0.0882714272,0.12,-0.4,0.2,0.12,0.12,0.3,0.3,-0.3,-0.3,0.08,-0.08,0.0882714272,0.4,0.12,0.3,0.3,0.08,-0.12,0.2,0.12,-0.3,0.08,0.3
1453,37689817,1.10053837,2.68711209,-1.60445213,2.10137153,4.04334211,1.80530238,-2.18860388,-7.71133995,-134.137817,-11.8577394,6.49333906,-4.54714537,0.0880430698,0.12,-0.4,0.2,0.12,0.12,0.3,0.3,-0.3,-0.3,0.08,-0.08,0.0880430698,0.4,0.12,0.3,0.3,0.08,-0.12,0.2,0.12,-0.3,0.08,0.3
1454,37701222,1.09829032,2.6873517,-1.60536897,2.10132647,4.04369879,1.80486047,-2.18926358,-7.71085358,-134.136948,-11.8579292,6.49181366,-4.54759359,0.0878632259,0.12,-0.4,0.2,0.12,0.12,0.3,0.3,-0.3,-0.3,0.08,-0.08,0.0878632259,0.4,0.12,0.3,0.3,0.08,-0.12,0.2,0.12,-0.3,0.08,0.3
1455,37722444,1.09657538,2.68715024,-1.60557532,2.100945,4.04385424,1.80451894,-2.18912721,-7.71055412,-134.135544,-11.858304,6.49064684,-4.54815006,0.0877260303,0.12,-0.4,0.2,0.12,0.12,0.3,0.3,-0.3,-0.3,0.08,-0.08,0.0877260303,0.4,0.12,0.3,0.3,0.08,-0.12,0.2,0.12,-0.3,0.08,0.3
1456,37747810,1.0954206,2.68657732,-1.60531676,2.10034776,4.04374456,1.80427253,-2.1886189,-7.71029663,-134.133362,-11.858675,6.48994637,-4.54866648,0.0876336479,0.12,-0.4,0.2,0.12,0.12,0.3,0.3,-0.3,-0.3,0.08,-0.08,0.0876336479,0.4,0.12,0.3,0.3,0.08,-0.12,0.2,0.12,-0.3,0.08,0.3
1457,37761927,1.09487987,2.68569446,-1.60449314,2.09945154,4.04344559,1.80424166,-2.18769097,-7.71005011,-134.130447,-11.8589897,6.48996687,-4.54916716,0.0875903893,0.12,-0.4,0.2,0.12,0.12,0.3,0.3,-0.3,-0.3,0.08,-0.08,0.0875903893,0.4,0.12,0.3,0.3,0.08,-0.12,0.2,0.12,-0.3,0.08,0.3
1458,37795572,1.09470797,2.68475437,-1.60357642,2.09908247,4.04246902,1.8042686,-2.18640399,-7.71041918,-134.12735,-11.8586483,6.49054337,-4.54922676,0.0875766373,0.12,-0.4,0.2,0.12,0.12,0.3,0.3,-0.3,-0.3,0.08,-0.08,0.0875766373,0.4,0.12,0.3,0.3,0.08,-0.12,0.2,0.12,-0.3,0.08,0.3
1459,37800595,1.09519589,2.68409538,-1.60232747,2.09957409,4.04120159,1.80442882,-2.18454576,-7.71174812,-134.124161,-11.8577299,6.49150324,-4.54882383,0.0876156712,0.12,-0.4,0.2,0.12,0.12,0.3,0.3,-0.3,-0.3,0.08,-0.08,0.0876156712,0.4,0.12,0.3,0.3,0.08,-0.12,0.2,0.12,-0.3,0.08,0.3
1460,37820018,1.09639227,2.68352318,-1.6010505,2.09986067,4.04057789,1.80480087,-2.18270826,-7.71291685,-134.121185,-11.8569794,6.49234867,-4.54859638,0.0877113819,0.12,-0.4,0.2,0.12,0.12,0.3,0.3,-0.3,-0.3,0.08,-0.08,0.0877113819,0.4,0.12,0.3,0.3,0.08,-0.12,0.2,0.12,-0.3,0.08,0.3
1461,37841946,1.09813905,2.6834209,-1.59993923,2.10027766,4.04052258,1.80507755,-2.18109179,-7.7140336,-134.118713,-11.8566246,6.49299049,-4.54836369,0.0878511238,0.12,-0.4,0.2,0.12,0.12,0.3,0.3,-0.3,-0.3,0.08,-0.08,0.0878511238,0.4,0.12,0.3,0.3,0.08,-0.12,0.2,0.12,-0.3,0.08,0.3
1462,37875765,1.09941876,2.68382239,-1.60021424,2.10078287,4.04074097,1.80509317,-2.18093514,-7.71432257,-134.116791,-11.8564901,6.49297285,-4.54801464,0.0879535007,0.12,-0.4,0.2,0.12,0.12,0.3,0.3,-0.3,-0.3,0.08,-0.08,0.0879535007,0.4,0.12,0.3,0.3,0.08,-0.12,0.2,0.12,-0.3,0.08,0.3
1463,37885816,1.09985089,2.68463111,-1.60135734,2.10137653,4.04143333,1.80494392,-2.18205023,-7.7137208,-134.11499,-11.85672,6.49217129,-4.54779482,0.0879880714,0.12,-0.4,0.2,0.12,0.12,0.3,0.3,-0.3,-0.3,0.08,-0.08,0.0879880714,0.4,0.12,0.3,0.3,0.08,-0.12,0.2,0.12,-0.3,0.08,0.3
1464,37900428,1.09949446,2.68556023,-1.60275793,2.10164952,4.04236794,1.80486476,-2.18391705,-7.71277094,-134.113632,-11.8572454,6.490973,-4.54777145,0.0879595566,0.12,-0.4,0.2,0.12,0.12,0.3,0.3,-0.3,-0.3,0.08,-0.08,0.0879595566,0.4,0.12,0.3,0.3,0.08,-0.12,0.2,0.12,-0.3,0.08,0.3
1465,37926977,1.09822261,2.686198,-1.60438931,2.10136628,4.04351807,1.80476654,-2.18618751,-7.71134233,-134.11264,-11.8580399,6.48950005,-4.54815722,0.0878578091,0.12,-0.4,0.2,0.12,0.12,0.3,0.3,-0.3,-0.3,0.08,-0.08,0.0878578091,0.4,0.12,0.3,0.3,0.08,-0.12,0.2,0.12,-0.3,0.08,0.3
1466,37942271,1.0966301,2.6865046,-1.60521424,2.10094142,4.04409266,1.80454195,-2.18768501,-7.71034479,-134.111298,-11.8588066,6.48829222,-4.54853439,0.0877304077,0.12,-0.4,0.2,0.12,0.12,0.3,0.3,-0.3,-0.3,0.08,-0.08,0.0877304077,0.4,0.12,0.3,0.3,0.08,-0.12,0.2,0.12,-0.3,0.08,0.3
1467,37960929,1.09551239,2.6866858,-1.6050905,2.10097528,4.04410601,1.80430126,-2.18791962,-7.71036863,-134.109558,-11.8595371,6.487679,-4.54871035,0.0876409912,0.12,-0.4,0.2,0.12,0.12,0.3,0.3,-0.3,-0.3,0.08,-0.08,0.0876409912,0.4,0.12,0.3,0.3,0.08,-0.12,0.2,0.12,-0.3,0.08,0.3
1468,37982762,1.0950439,2.68701625,-1.60486007,2.10149741,4.04398346,1.80408645,-2.18764615,-7.71098185,-134.107788,-11.8600397,6.48771,-4.54858541,0.0876035118,0.12,-0.4,0.2,0.12,0.12,0.3,0.3,-0.3,-0.3,0.08,-0.08,0.0876035118,0.4,0.12,0.3,0.3,0.08,-0.12,0.2,0.12,-0.3,0.08,0.3
1469,38001818,1.0953536,2.68718791,-1.60389578,2.10182333,4.04368639,1.80408919,-2.18647027,-7.71199799,-134.105881,-11.8603849,6.48859024,-4.54839706,0.0876282883,0.12,-0.4,0.2,0.12,0.12,0.3,0.3,-0.3,-0.3,0.08,-0.08,0.0876282883,0.4,0.12,0.3,0.3,0.08,-0.12,0.2,0.12,-0.3,0.08,0.3
1470,38021308,1.09644246,2.68691301,-1.60193717,2.10221457,4.04272509,1.80421031,-2.18394637,-7.71385717,-134.103806,-11.8604155,6.49027014,-4.54805803,0.0877153969,0.12,-0.4,0.2,0.12,0.12,0.3,0.3,-0.3,-0.3,0.08,-0.08,0.0877153969,0.4,0.12,0.3,0.3,0.08,-0.12,0.2,0.12,-0.3,0.08,0.3
1471,38041421,1.09847045,2.68638778,-1.59967995,2.10244536,4.04195738,1.80448544,-2.18097663,-7.71572542,-134.101471,-11.8604183,6.49210358,-4.54778242,0.087877636,0.12,-0.4,0.2,0.12,0.12,0.3,0.3,-0.3,-0.3,0.08,-0.08,0.087877636,0.4,0.12,0.3,0.3,0.08,-0.12,0.2,0.12,-0.3,0.08,0.3
1472,38061891,1.10082424,2.6859417,-1.59808767,2.10236096,4.04177761,1.8048197,-2.17892742,-7.71673918,-134.099487,-11.8605947,6.4936862,-4.54767656,0.0880659389,0.12,-0.4,0.2,0.12,0.12,0.3,0.3,-0.3,-0.3,0.08,-0.08,0.0880659389,0.4,0.12,0.3,0.3,0.08,-0.12,0.2,0.12,-0.3,0.08,0.3
1473,38087064,1.10273278,2.68596911,-1.59751701,2.1025877,4.04182005,1.80500543,-2.1780591,-7.7171669,-134.098053,-11.8606224,6.49492121,-4.5474081,0.0882186222,0.12,-0.4,0.2,0.12,0.12,0.3,0.3,-0.3,-0.3,0.08,-0.08,0.0882186222,0.4,0.12,0.3,0.3,0.08,-0.12,0.2,0.12,-0.3,0.08,0.3
1474,38101344,1.10401773,2.68613076,-1.59732509,2.10270357,4.04152155,1.80516946,-2.17781806,-7.71735907,-134.097031,-11.8603592,6.49588966,-4.54695463,0.0883214188,0.12,-0.4,0.2,0.12,0.12,0.3,0.3,-0.3,-0.3,0.08,-0.08,0.0883214188,0.4,0.12,0.3,0.3,0.08,-0.12,0.2,0.12,-0.3,0.08,0.3
1475,38119157,1.10467112,2.68634439,-1.59784877,2.10256624,4.04171371,1.80541813,-2.17862892,-7.71689796,-134.096512,-11.8601809,6.49617243,-4.54675293,0.0883736897,0.12,-0.4,0.2,0.12,0.12,0.3,0.3,-0.3,-0.3,0.08,-0.08,0.0883736897,0.4,0.12,0.3,0.3,0.08,-0.12,0.2,0.12,-0.3,0.08,0.3
1476,38145003,1.10461593,2.68665552,-1.59871316,2.10226941,4.04214096,1.80553472,-2.18002152,-7.716115,-134.096558,-11.8600378,6.49603462,-4.54667187,0.0883692741,0.12,-0.4,0.2,0.12,0.12,0.3,0.3,-0.3,-0.3,0.08,-0.08,0.0883692741,0.4,0.12,0.3,0.3,0.08,-0.12,0.2,0.12,-0.3,0.08,0.3
1477,38159921,1.10377002,2.68689013,-1.59985614,2.10169721,4.04263449,1.80547857,-2.18170071,-7.71490431,-134.096985,-11.8600178,6.49535847,-4.5468173,0.0883016014,0.12,-0.4,0.2,0.12,0.12,0.3,0.3,-0.3,-0.3,0.08,-0.08,0.0883016014,0.4,0.12,0.3,0.3,0.08,-0.12,0.2,0.12,-0.3,0.08,0.3
1478,38182009,1.10166848,2.68730998,-1.60217226,2.10170746,4.04345989,1.80510473,-2.18449163,-7.7130146,-134.097733,-11.8600893,6.49374104,-4.5471344,0.0881334782,0.12,-0.4,0.2,0.12,0.12,0.3,0.3,-0.3,-0.3,0.08,-0.08,0.0881334782,0.4,0.12,0.3,0.3,0.08,-0.12,0.2,0.12,-0.3,0.08,0.3
1479,38199889,1.0991919,2.68822575,-1.60424793,2.10229015,4.04397058,1.80468035,-2.18707395,-7.7119174,-134.098541,-11.8600645,6.49209595,-4.54714346,0.0879353523,0.12,-0.4,0.2,0.12,0.12,0.3,0.3,-0.3,-0.3,0.08,-0.08,0.0879353523,0.4,0.12,0.3,0.3,0.08,-0.12,0.2,0.12,-0.3,0.08,0.3
1480,38221385,1.09644794,2.68876362,-1.60602057,2.10248756,4.04431152,1.8043592,-2.18913651,-7.71104479,-134.099136,-11.8600769,6.4905448,-4.54738045,0.0877158356,0.12,-0.4,0.2,0.12,0.12,0.3,0.3,-0.3,-0.3,0.08,-0.08,0.0877158356,0.4,0.12,0.3,0.3,0.08,-0.12,0.2,0.12,-0.3,0.08,0.3
1481,38241079,1.09418511,2.68876839,-1.60667038,2.10206723,4.04465675,1.80410802,-2.19000173,-7.71042538,-134.099091,-11.8603992,6.48925018,-4.54791975,0.0875348091,0.12,-0.4,0.2,0.12,0.12,0.3,0.3,-0.3,-0.3,0.08,-0.08,0.0875348091,0.4,0.12,0.3,0.3,0.08,-0.12,0.2,0.12,-0.3,0.08,0.3
1482,38262995,1.09264576,2.68794298,-1.60608935,2.10079813,4.04461384,1.80391324,-2.18955231,-7.70982695,-134.098297,-11.8609419,6.48867846,-4.54872465,0.0874116611,0.12,-0.4,0.2,0.12,0.12,0.3,0.3,-0.3,-0.3,0.08,-0.08,0.0874116611,0.4,0.12,0.3,0.3,0.08,-0.12,0.2,0.12,-0.3,0.08,0.3
1483,38280173,1.09354544,2.68607545,-1.6023941,2.09836817,4.04410028,1.80410242,-2.18593693,-7.71019793,-134.096573,-11.8618345,6.48975754,-4.54968309,0.0874836349,0.12,-0.4,0.2,0.12,0.12,0.3,0.3,-0.3,-0.3,0.08,-0.08,0.0874836349,0.4,0.12,0.3,0.3,0.08,-0.12,0.2,0.12,-0.3,0.08,0.3
1484,38304277,1.09699857,2.68353891,-1.59683836,2.09611845,4.04294491,1.80460227,-2.18034983,-7.71171665,-134.094162,-11.8625698,6.49306726,-4.55029917,0.0877598858,0.12,-0.4,0.2,0.12,0.12,0.3,0.3,-0.3,-0.3,0.08,-0.08,0.0877598858,0.4,0.12,0.3,0.3,0.08,-0.12,0.2,0.12,-0.3,0.08,0.3
1485,38322203,1.10301697,2.68079519,-1.58938003,2.09519076,4.03999424,1.80547607,-2.17226338,-7.71566248,-134.090561,-11.8620586,6.49926281,-4.54973936,0.0882413578,0.12,-0.4,0.2,0.12,0.12,0.3,0.3,-0.3,-0.3,0.08,-0.08,0.0882413578,0.4,0.12,0.3,0.3,0.08,-0.12,0.2,0.12,-0.3,0.08,0.3
1486,38343842,1.11141109,2.67758465,-1.58090782,2.09502292,4.03590202,1.80698895,-2.16261935,-7.72110844,-134.085968,-11.8602428,6.50717163,-4.54846525,0.0889128876,0.12,-0.4,0.2,0.12,0.12,0.3,0.3,-0.3,-0.3,0.08,-0.08,0.0889128876,0.4,0.12,0.3,0.3,0.08,-0.12,0.2,0.12,-0.3,0.08,0.3
1487,38364107,1.12101698,2.67421532,-1.57354295,2.0945909,4.03203535,1.80899036,-2.15400553,-7.72586489,-134.081558,-11.8573332,6.51553154,-4.54712057,0.0896813583,0.12,-0.4,0.2,0.12,0.12,0.3,0.3,-0.3,-0.3,0.08,-0.08,0.0896813583,0.4,0.12,0.3,0.3,0.08,-0.12,0.2,0.12,-0.3,0.08,0.3
1488,38381745,1.12979198,2.67104077,-1.56852078,2.09428883,4.02830029,1.81091559,-2.14771128,-7.72928858,-134.078018,-11.8532076,6.52254581,-4.54570818,0.090383358,0.12,-0.4,0.2,0.12,0.12,0.3,0.3,-0.3,-0.3,0.08,-0.08,0.090383358,0.4,0.12,0.3,0.3,0.08,-0.12,0.2,0.12,-0.3,0.08,0.3
1489,38402400,1.13707137,2.6680522,-1.56534398,2.09354186,4.02499294,1.81263888,-2.14361596,-7.73120689,-134.075836,-11.8484144,6.52695322,-4.5445385,0.0909657097,0.12,-0.4,0.2,0.12,0.12,0.3,0.3,-0.3,-0.3,0.08,-0.08,0.0909657097,0.4,0.12,0.3,0.3,0.08,-0.12,0.2,0.12,-0.3,0.08,0.3
1490,38422709,1.14354992,2.66508794,-1.56257868,2.09114718,4.02339029,1.81429446,-2.14102197,-7.73118591,-134.075089,-11.8445034,6.52898073,-4.54438543,0.0914839935,0.12,-0.4,0.2,0.12,0.12,0.3,0.3,-0.3,-0.3,0.08,-0.08,0.0914839935,0.4,0.12,0.3,0.3,0.08,-0.12,0.2,0.12,-0.3,0.08,0.3
1491,38440988,1.14902914,2.66221595,-1.56038523,2.08772278,4.02278042,1.81556106,-2.13978863,-7.72972965,-134.075699,-11.8416176,6.52939653,-4.54485941,0.0919223309,0.12,-0.4,0.2,0.12,0.12,0.3,0.3,-0.3,-0.3,0.08,-0.08,0.0919223309,0.4,0.12,0.3,0.3,0.08,-0.12,0.2,0.12,-0.3,0.08,0.3
1492,38462274,1.1529386,2.66029167,-1.56014395,2.08535457,4.02244568,1.81620562,-2.14061975,-7.72769547,-134.077698,-11.8391905,6.52824688,-4.54505634,0.0922350883,0.12,-0.4,0.2,0.12,0.12,0.3,0.3,-0.3,-0.3,0.08,-0.08,0.0922350883,0.4,0.12,0.3,0.3,0.08,-0.12,0.2,0.12,-0.3,0.08,0.3
1493,38481250,1.15520728,2.65973592,-1.56219172,2.08379579,4.02294731,1.81653285,-2.14414334,-7.72471046,-134.081024,-11.8371754,6.52602911,-4.54498339,0.0924165821,0.12,-0.4,0.2,0.12,0.12,0.3,0.3,-0.3,-0.3,0.08,-0.08,0.0924165821,0.4,0.12,0.3,0.3,0.08,-0.12,0.2,0.12,-0.3,0.08,0.3
1494,38507473,1.15616846,2.66065073,-1.56501138,2.08330107,4.02401686,1.8166852,-2.14868259,-7.72221375,-134.085815,-11.8357,6.5237155,-4.54457521,0.0924934769,0.12,-0.4,0.2,0.12,0.12,0.3,0.3,-0.3,-0.3,0.08,-0.08,0.0924934769,0.4,0.12,0.3,0.3,0.08,-0.12,0.2,0.12,-0.3,0.08,0.3
1495,38519897,1.15534651,2.66236115,-1.56901479,2.08349037,4.02530813,1.81650424,-2.15405989,-7.71989965,-134.091995,-11.8346272,6.52102423,-4.54401922,0.092427721,0.12,-0.4,0.2,0.12,0.12,0.3,0.3,-0.3,-0.3,0.08,-0.08,0.092427721,0.4,0.12,0.3,0.3,0.08,-0.12,0.2,0.12,-0.3,0.08,0.3
1496,38541364,1.15362275,2.66470313,-1.57295692,2.08406305,4.02708197,1.81602061,-2.15919304,-7.71798325,-134.098984,-11.8344746,6.51783276,-4.54357243,0.0922898197,0.12,-0.4,0.2,0.12,0.12,0.3,0.3,-0.3,-0.3,0.08,-0.08,0.0922898197,0.4,0.12,0.3,0.3,0.08,-0.12,0.2,0.12,-0.3,0.08,0.3
1497,38569223,1.15202522,2.66742849,-1.57540631,2.08529067,4.02861929,1.81525815,-2.16250467,-7.71767235,-134.106369,-11.8351717,6.51540947,-4.54293633,0.0921620178,0.12,-0.4,0.2,0.12,0.12,0.3,0.3,-0.3,-0.3,0.08,-0.08,0.0921620178,0.4,0.12,0.3,0.3,0.08,-0.12,0.2,0.12,-0.3,0.08,0.3
1498,38580425,1.15048671,2.6701293,-1.57710159,2.08749509,4.02997112,1.81425345,-2.16427875,-7.71842623,-134.113281,-11.8364363,6.5136919,-4.54233646,0.0920389366,0.12,-0.4,0.2,0.12,0.12,0.3,0.3,-0.3,-0.3,0.08,-0.08,0.0920389366,0.4,0.12,0.3,0.3,0.08,-0.12,0.2,0.12,-0.3,0.08,0.3
1499,38602910,1.15076888,2.67218447,-1.57556868,2.08963275,4.0303812,1.81358039,-2.16240597,-7.72136259,-134.119171,-11.8383112,6.51363945,-4.54168224,0.0920615101,0.12,-0.4,0.2,0.12,0.12,0.3,0.3,-0.3,-0.3,0.08,-0.08,0.0920615101,0.4,0.12,0.3,0.3,0.08,-0.12,0.2,0.12,-0.3,0.08,0.3
1500,38620337,1.15226817,2.67355657,-1.5738796,2.09168386,4.03042364,1.81318116,-2.15976357,-7.72467709,-134.124329,-11.8401403,6.51499748,-4.54111242,0.0921814537,0.12,-0.4,0.2,0.12,0.12,0.3,0.3,-0.3,-0.3,0.08,-0.08,0.0921814537,0.4,0.12,0.3,0.3,0.08,-0.12,0.2,0.12,-0.3,0.08,0.3
1501,38649794,1.15529752,2.67395616,-1.57061088,2.09276295,4.02974558,1.81320095,-2.1553731,-7.72826242,-134.128189,-11.8417282,6.51765871,-4.54066992,0.0924238014,0.12,-0.4,0.2,0.12,0.12,0.3,0.3,-0.3,-0.3,0.08,-0.08,0.0924238014,0.4,0.12,0.3,0.3,0.08,-0.12,0.2,0.12,-0.3,0.08,0.3
1502,38659154,1.15972674,2.67312765,-1.56606293,2.09280324,4.02835369,1.81362176,-2.14989185,-7.7316761,-134.130905,-11.8429632,6.52140284,-4.54044104,0.0927781391,0.12,-0.4,0.2,0.12,0.12,0.3,0.3,-0.3,-0.3,0.08,-0.08,0.0927781391,0.4,0.12,0.3,0.3,0.08,-0.12,0.2,0.12,-0.3,0.08,0.3
1503,38681601,1.16580832,2.67101669,-1.5599947,2.09141803,4.02619886,1.81455445,-2.14300919,-7.73496342,-134.132736,-11.8434353,6.52646923,-4.54032469,0.0932646656,0.12,-0.4,0.2,0.12,0.12,0.3,0.3,-0.3,-0.3,0.08,-0.08,0.0932646656,0.4,0.12,0.3,0.3,0.08,-0.12,0.2,0.12,-0.3,0.08,0.3
1504,38708178,1.17275858,2.66755724,-1.55397058,2.08877802,4.02383947,1.8159945,-2.1366601,-7.73694277,-134.134171,-11.8430519,6.53175354,-4.5406003,0.0938206863,0.12,-0.4,0.2,0.12,0.12,0.3,0.3,-0.3,-0.3,0.08,-0.08,0.0938206863,0.4,0.12,0.3,0.3,0.08,-0.12,0.2,0.12,-0.3,0.08,0.3
1505,38720207,1.17938316,2.66329885,-1.54993796,2.0848186,4.02204609,1.81774712,-2.13302898,-7.73625803,-134.135849,-11.841754,6.53622246,-4.54148579,0.0943506527,0.12,-0.4,0.2,0.12,0.12,0.3,0.3,-0.3,-0.3,0.08,-0.08,0.0943506527,0.4,0.12,0.3,0.3,0.08,-0.12,0.2,0.12,-0.3,0.08,0.3
1506,38741353,1.18497157,2.65914845,-1.54773951,2.08055663,4.02079296,1.81947696,-2.1321373,-7.73372889,-134.13826,-11.8397017,6.53923798,-4.54252577,0.0947977257,0.12,-0.4,0.2,0.12,0.12,0.3,0.3,-0.3,-0.3,0.08,-0.08,0.0947977257,0.4,0.12,0.3,0.3,0.08,-0.12,0.2,0.12,-0.3,0.08,0.3
1507,38761809,1.18850088,2.65605021,-1.54818189,2.0774014,4.01969385,1.82081699,-2.13430762,-7.73034239,-134.141876,-11.8366289,6.54063225,-4.54299307,0.0950800705,0.12,-0.4,0.2,0.12,0.12,0.3,0.3,-0.3,-0.3,0.08,-0.08,0.0950800705,0.4,0.12,0.3,0.3,0.08,-0.12,0.2,0.12,-0.3,0.08,0.3
1508,38783276,1.18892229,2.65440774,-1.55192161,2.07584524,4.01940393,1.82162452,-2.13995147,-7.72584867,-134.146576,-11.8329287,6.53956413,-4.5430851,0.0951137829,0.12,-0.4,0.2,0.12,0.12,0.3,0.3,-0.3,-0.3,0.08,-0.08,0.0951137829,0.4,0.12,0.3,0.3,0.08,-0.12,0.2,0.12,-0.3,0.08,0.3
1509,38807263,1.18704629,2.65384603,-1.55654752,2.07491398,4.01940918,1.82210076,-2.14666152,-7.72166872,-134.152359,-11.8292017,6.53671503,-4.54299402,0.0949637032,0.12,-0.4,0.2,0.12,0.12,0.3,0.3,-0.3,-0.3,0.08,-0.08,0.0949637032,0.4,0.12,0.3,0.3,0.08,-0.12,0.2,0.12,-0.3,0.08,0.3
1510,38818656,1.18400633,2.65376401,-1.56048393,2.07446861,4.01969624,1.82215583,-2.15216947,-7.71877861,-134.158768,-11.8261003,6.5329113,-4.54308033,0.0947205067,0.12,-0.4,0.2,0.12,0.12,0.3,0.3,-0.3,-0.3,0.08,-0.08,0.0947205067,0.4,0.12,0.3,0.3,0.08,-0.12,0.2,0.12,-0.3,0.08,0.3
1511,38840549,1.18093896,2.65403581,-1.56313062,2.07479167,4.02001333,1.82169199,-2.15549064,-7.71758556,-134.164993,-11.8239613,6.52864456,-4.54316807,0.0944751167,0.12,-0.4,0.2,0.12,0.12,0.3,0.3,-0.3,-0.3,0.08,-0.08,0.0944751167,0.4,0.12,0.3,0.3,0.08,-0.12,0.2,0.12,-0.3,0.08,0.3
1512,38861901,1.17950678,2.65471506,-1.56362653,2.07560229,4.02078581,1.82100058,-2.1559689,-7.71805382,-134.170685,-11.8235416,6.52486467,-4.54334879,0.0943605423,0.12,-0.4,0.2,0.12,0.12,0.3,0.3,-0.3,-0.3,0.08,-0.08,0.0943605423,0.4,0.12,0.3,0.3,0.08,-0.12,0.2,0.12,-0.3,0.08,0.3
1513,38883793,1.18033302,2.65628004,-1.56271029,2.07764769,4.02242708,1.82015765,-2.15440106,-7.72004271,-134.175949,-11.8250074,6.52221966,-4.54336166,0.0944266415,0.12,-0.4,0.2,0.12,0.12,0.3,0.3,-0.3,-0.3,0.08,-0.08,0.0944266415,0.4,0.12,0.3,0.3,0.08,-0.12,0.2,0.12,-0.3,0.08,0.3
1514,38904042,1.18357456,2.65904808,-1.56055033,2.08102608,4.02418804,1.81942999,-2.15115976,-7.72394133,-134.180954,-11.8278303,6.52169228,-4.54257536,0.0946859646,0.12,-0.4,0.2,0.12,0.12,0.3,0.3,-0.3,-0.3,0.08,-0.08,0.0946859646,0.4,0.12,0.3,0.3,0.08,-0.12,0.2,0.12,-0.3,0.08,0.3
1515,38920673,1.18859935,2.66213036,-1.55808246,2.08407569,4.02620363,1.81913996,-2.14768839,-7.72787142,-134.185455,-11.8318272,6.5230732,-4.54161835,0.0950879478,0.12,-0.4,0.2,0.12,0.12,0.3,0.3,-0.3,-0.3,0.08,-0.08,0.0950879478,0.4,0.12,0.3,0.3,0.08,-0.12,0.2,0.12,-0.3,0.08,0.3
1516,38944032,1.19480991,2.66552925,-1.55553448,2.0870409,4.02847195,1.81918645,-2.14460135,-7.73172092,-134.189713,-11.8366556,6.52587986,-4.54047012,0.0955847931,0.12,-0.4,0.2,0.12,0.12,0.3,0.3,-0.3,-0.3,0.08,-0.08,0.0955847931,0.4,0.12,0.3,0.3,0.08,-0.12,0.2,0.12,-0.3,0.08,0.3
1517,38958750,1.20097899,2.6695087,-1.55366588,2.09078193,4.03065395,1.81929815,-2.14242697,-7.73574829,-134.194443,-11.841588,6.5296092,-4.53878355,0.0960783195,0.12,-0.4,0.2,0.12,0.12,0.3,0.3,-0.3,-0.3,0.08,-0.08,0.0960783195,0.4,0.12,0.3,0.3,0.08,-0.12,0.2,0.12,-0.3,0.08,0.3
1518,38984939,1.20677435,2.67431355,-1.55258918,2.09509897,4.0334487,1.81944656,-2.14114118,-7.73974419,-134.200638,-11.846776,6.53322697,-4.53679276,0.0965419483,0.12,-0.4,0.2,0.12,0.12,0.3,0.3,-0.3,-0.3,0.08,-0.08,0.0965419483,0.4,0.12,0.3,0.3,0.08,-0.12,0.2,0.12,-0.3,0.08,0.3
1519,39002198,1.21246028,2.68015289,-1.55129743,2.10016561,4.03660297,1.81945074,-2.13988495,-7.74448872,-134.208923,-11.8524103,6.53736687,-4.53430843,0.0969968224,0.12,-0.4,0.2,0.12,0.12,0.3,0.3,-0.3,-0.3,0.08,-0.08,0.0969968224,0.4,0.12,0.3,0.3,0.08,-0.12,0.2,0.12,-0.3,0.08,0.3
1520,39022274,1.2187674,2.68575501,-1.54882526,2.1034596,4.04012537,1.81959724,-2.13784838,-7.74866581,-134.218292,-11.858984,6.54249048,-4.53226137,0.0975013924,0.12,-0.4,0.2,0.12,0.12,0.3,0.3,-0.3,-0.3,0.08,-0.08,0.0975013924,0.4,0.12,0.3,0.3,0.08,-0.12,0.2,0.12,-0.3,0.08,0.3
1521,39042448,1.22496963,2.6905334,-1.54657388,2.10528231,4.04320097,1.81963396,-2.13639164,-7.75163507,-134.228745,-11.8658733,6.54819298,-4.53059912,0.09799757,0.12,-0.4,0.2,0.12,0.12,0.3,0.3,-0.3,-0.3,0.08,-0.08,0.09799757,0.4,0.12,0.3,0.3,0.08,-0.12,0.2,0.12,-0.3,0.08,0.3
1522,39060588,1.22917223,2.69322228,-1.54670382,2.10290599,4.04620409,1.81989312,-2.13856173,-7.74961472,-134.239609,-11.8719692,6.55404425,-4.53038549,0.0983337784,0.12,-0.4,0.2,0.12,0.12,0.3,0.3,-0.3,-0.3,0.08,-0.08,0.0983337784,0.4,0.12,0.3,0.3,0.08,-0.12,0.2,0.12,-0.3,0.08,0.3
1523,39083925,1.229105,2.69332623,-1.55010462,2.09740782,4.04936218,1.82026124,-2.14559245,-7.74206591,-134.250839,-11.8767223,6.55760288,-4.53224182,0.0983283997,0.12,-0.4,0.2,0.12,0.12,0.3,0.3,-0.3,-0.3,0.08,-0.08,0.0983283997,0.4,0.12,0.3,0.3,0.08,-0.12,0.2,0.12,-0.3,0.08,0.3
1524,39102459,1.22508144,2.69208097,-1.55482626,2.09118891,4.05220795,1.82058167,-2.15515566,-7.7325449,-134.263367,-11.8795118,6.55938482,-4.53484726,0.0980065155,0.12,-0.4,0.2,0.12,0.12,0.3,0.3,-0.3,-0.3,0.08,-0.08,0.0980065155,0.4,0.12,0.3,0.3,0.08,-0.12,0.2,0.12,-0.3,0.08,0.3
1525,39119826,1.21979153,2.69065833,-1.55750394,2.08633471,4.05452394,1.82079411,-2.16278267,-7.7250452,-134.276245,-11.881156,6.56063318,-4.53722763,0.0975833225,0.12,-0.4,0.2,0.12,0.12,0.3,0.3,-0.3,-0.3,0.08,-0.08,0.0975833225,0.4,0.12,0.3,0.3,0.08,-0.12,0.2,0.12,-0.3,0.08,0.3
1526,39153298,1.21397173,2.68888903,-1.56027591,2.08190751,4.05563259,1.82088673,-2.16986442,-7.71837759,-134.288788,-11.8813725,6.56229496,-4.53913927,0.0971177387,0.12,-0.4,0.2,0.12,0.12,0.3,0.3,-0.3,-0.3,0.08,-0.08,0.0971177387,0.4,0.12,0.3,0.3,0.08,-0.12,0.2,0.12,-0.3,0.08,0.3
1527,39158460,1.20955396,2.68681765,-1.56118584,2.07845235,4.0548296,1.82110488,-2.17404723,-7.71419239,-134.299774,-11.8803225,6.56521893,-4.54030085,0.0967643166,0.12,-0.4,0.2,0.12,0.12,0.3,0.3,-0.3,-0.3,0.08,-0.08,0.0967643166,0.4,0.12,0.3,0.3,0.08,-0.12,0.2,0.12,-0.3,0.08,0.3
1528,39188430,1.20532906,2.68362451,-1.56354964,2.07419944,4.05364132,1.82155514,-2.17883086,-7.70909023,-134.309906,-11.8778219,6.56788301,-4.54179001,0.0964263248,0.12,-0.4,0.2,0.12,0.12,0.3,0.3,-0.3,-0.3,0.08,-0.08,0.0964263248,0.4,0.12,0.3,0.3,0.08,-0.12,0.2,0.12,-0.3,0.08,0.3
1529,39202197,1.2010715,2.67853522,-1.56486869,2.06763124,4.05226898,1.82240331,-2.18244171,-7.70282078,-134.318741,-11.8743515,6.57040501,-4.54443645,0.0960857201,0.12,-0.4,0.2,0.12,0.12,0.3,0.3,-0.3,-0.3,0.08,-0.08,0.0960857201,0.4,0.12,0.3,0.3,0.08,-0.12,0.2,0.12,-0.3,0.08,0.3
1530,39218680,1.19625747,2.67225623,-1.565238,2.06244445,4.04954243,1.82308364,-2.18416262,-7.69821501,-134.326752,-11.8695316,6.57175255,-4.54699278,0.0957005978,0.12,-0.4,0.2,0.12,0.12,0.3,0.3,-0.3,-0.3,0.08,-0.08,0.0957005978,0.4,0.12,0.3,0.3,0.08,-0.12,0.2,0.12,-0.3,0.08,0.3
1531,39249871,1.19107497,2.66690564,-1.56749558,2.05955911,4.046947,1.82339096,-2.18672919,-7.69433212,-134.334259,-11.8633947,6.57123232,-4.54872417,0.0952859974,0.12,-0.4,0.2,0.12,0.12,0.3,0.3,-0.3,-0.3,0.08,-0.08,0.0952859974,0.4,0.12,0.3,0.3,0.08,-0.12,0.2,0.12,-0.3,0.08,0.3
1532,39258871,1.1865617,2.66452265,-1.56984711,2.06113195,4.04403687,1.8232199,-2.18856311,-7.69412088,-134.341324,-11.8565664,6.56989574,-4.54837179,0.0949249363,0.12,-0.4,0.2,0.12,0.12,0.3,0.3,-0.3,-0.3,0.08,-0.08,0.0949249363,0.4,0.12,0.3,0.3,0.08,-0.12,0.2,0.12,-0.3,0.08,0.3
1533,39286655,1.18477869,2.66413331,-1.56945801,2.06476188,4.04183865,1.82309771,-2.18647885,-7.69765663,-134.347778,-11.850853,6.56870508,-4.54706669,0.0947822952,0.12,-0.4,0.2,0.12,0.12,0.3,0.3,-0.3,-0.3,0.08,-0.08,0.0947822952,0.4,0.12,0.3,0.3,0.08,-0.12,0.2,0.12,-0.3,0.08,0.3
1534,39305294,1.18640006,2.66643167,-1.56633723,2.07264376,4.03955221,1.82245624,-2.17970204,-7.70694923,-134.353958,-11.846736,6.56831408,-4.54395485,0.0949120045,0.12,-0.4,0.2,0.12,0.12,0.3,0.3,-0.3,-0.3,0.08,-0.08,0.0949120045,0.4,0.12,0.3,0.3,0.08,-0.12,0.2,0.12,-0.3,0.08,0.3
1535,39321033,1.19084215,2.66997838,-1.5621326,2.08142185,4.03752279,1.82176244,-2.1701622,-7.71841288,-134.359299,-11.8442698,6.56891394,-4.54006481,0.0952673721,0.12,-0.4,0.2,0.12,0.12,0.3,0.3,-0.3,-0.3,0.08,-0.08,0.0952673721,0.4,0.12,0.3,0.3,0.08,-0.12,0.2,0.12,-0.3,0.08,0.3
1536,39353115,1.19666874,2.67475033,-1.55889452,2.09113145,4.0357213,1.82085371,-2.16077089,-7.73046064,-134.364151,-11.8432627,6.56929111,-4.53576183,0.0957334995,0.12,-0.4,0.2,0.12,0.12,0.3,0.3,-0.3,-0.3,0.08,-0.08,0.0957334995,0.4,0.12,0.3,0.3,0.08,-0.12,0.2,0.12,-0.3,0.08,0.3
1537,39360268,1.20381117,2.68075132,-1.55515635,2.10138655,4.03475189,1.81997371,-2.15081334,-7.74333477,-134.36937,-11.8438673,6.56994247,-4.53116512,0.0963048935,0.12,-0.4,0.2,0.12,0.12,0.3,0.3,-0.3,-0.3,0.08,-0.08,0.0963048935,0.4,0.12,0.3,0.3,0.08,-0.12,0.2,0.12,-0.3,0.08,0.3
1538,39380175,1.21095932,2.68750572,-1.55210602,2.11107349,4.03569221,1.81902301,-2.14201593,-7.75485945,-134.375458,-11.8466654,6.5697298,-4.52714396,0.0968767452,0.12,-0.4,0.2,0.12,0.12,0.3,0.3,-0.3,-0.3,0.08,-0.08,0.0968767452,0.4,0.12,0.3,0.3,0.08,-0.12,0.2,0.12,-0.3,0.08,0.3
1539,39407357,1.21796703,2.6950469,-1.54900718,2.12025189,4.03755331,1.81802142,-2.13386416,-7.76580715,-134.383011,-11.8515406,6.56927252,-4.52323532,0.0974373627,0.12,-0.4,0.2,0.12,0.12,0.3,0.3,-0.3,-0.3,0.08,-0.08,0.0974373627,0.4,0.12,0.3,0.3,0.08,-0.12,0.2,0.12,-0.3,0.08,0.3
1540,39418146,1.22448504,2.70339203,-1.54676402,2.12922049,4.03945541,1.81680632,-2.12727714,-7.77605486,-134.391815,-11.8575439,6.56935692,-4.5189395,0.0979588032,0.12,-0.4,0.2,0.12,0.12,0.3,0.3,-0.3,-0.3,0.08,-0.08,0.0979588032,0.4,0.12,0.3,0.3,0.08,-0.12,0.2,0.12,-0.3,0.08,0.3
1541,39458493,1.23036301,2.71129441,-1.5439924,2.13691044,4.03934431,1.81571591,-2.12079811,-7.78609562,-134.400253,-11.8630047,6.5717063,-4.5142107,0.0984290409,0.12,-0.4,0.2,0.12,0.12,0.3,0.3,-0.3,-0.3,0.08,-0.08,0.0984290409,0.4,0.12,0.3,0.3,0.08,-0.12,0.2,0.12,-0.3,0.08,0.3
1542,39462132,1.2340157,2.7161932,-1.54206145,2.14080405,4.03738451,1.81531131,-2.1159749,-7.79302406,-134.407806,-11.8667622,6.57513857,-4.51075935,0.0987212563,0.12,-0.4,0.2,0.12,0.12,0.3,0.3,-0.3,-0.3,0.08,-0.08,0.0987212563,0.4,0.12,0.3,0.3,0.08,-0.12,0.2,0.12,-0.3,0.08,0.3
1543,39478757,1.23435628,2.71670151,-1.54115534,2.13948131,4.03434324,1.81559694,-2.11330962,-7.79508448,-134.414856,-11.8679152,6.57812357,-4.50975704,0.0987485027,0.12,-0.4,0.2,0.12,0.12,0.3,0.3,-0.3,-0.3,0.08,-0.08,0.0987485027,0.4,0.12,0.3,0.3,0.08,-0.12,0.2,0.12,-0.3,0.08,0.3
1544,39501889,1.2285583,2.71331429,-1.5450604,2.1340003,4.03052807,1.81582868,-2.11654663,-7.7904315,-134.422104,-11.8650532,6.57803679,-4.51109791,0.0982846642,0.12,-0.4,0.2,0.12,0.12,0.3,0.3,-0.3,-0.3,0.08,-0.08,0.0982846642,0.4,0.12,0.3,0.3,0.08,-0.12,0.2,0.12,-0.3,0.08,0.3
1545,39520878,1.21636319,2.70644879,-1.55355453,2.12333727,4.02772903,1.8160454,-2.12617898,-7.77770185,-134.429871,-11.8591614,6.57240295,-4.51544571,0.0973090553,0.12,-0.4,0.2,0.12,0.12,0.3,0.3,-0.3,-0.3,0.08,-0.08,0.0973090553,0.4,0.12,0.3,0.3,0.08,-0.12,0.2,0.12,-0.3,0.08,0.3
1546,39544005,1.20002341,2.69854283,-1.56385148,2.11109281,4.02642059,1.81574833,-2.13965487,-7.76119423,-134.438492,-11.8518677,6.56208181,-4.52116013,0.096001873,0.12,-0.4,0.2,0.12,0.12,0.3,0.3,-0.3,-0.3,0.08,-0.08,0.096001873,0.4,0.12,0.3,0.3,0.08,-0.12,0.2,0.12,-0.3,0.08,0.3
1547,39560328,1.18210304,2.69087648,-1.57386804,2.09880996,4.026474,1.81500244,-2.15366316,-7.74396276,-134.446976,-11.8444986,6.54941845,-4.52715015,0.094568243,0.12,-0.4,0.2,0.12,0.12,0.3,0.3,-0.3,-0.3,0.08,-0.08,0.094568243,0.4,0.12,0.3,0.3,0.08,-0.12,0.2,0.12,-0.3,0.08,0.3
1548,39589149,1.16439152,2.6845305,-1.58326423,2.08917069,4.02699852,1.81373334,-2.16670084,-7.7287178,-134.454788,-11.8378859,6.53586483,-4.53223085,0.0931513214,0.12,-0.4,0.2,0.12,0.12,0.3,0.3,-0.3,-0.3,0.08,-0.08,0.0931513214,0.4,0.12,0.3,0.3,0.08,-0.12,0.2,0.12,-0.3,0.08,0.3
1549,39600926,1.14821851,2.68087387,-1.592623,2.0837307,4.0279007,1.812163,-2.17862344,-7.7169795,-134.461578,-11.8319912,6.52354097,-4.53552914,0.091857481,0.12,-0.4,0.2,0.12,0.12,0.3,0.3,-0.3,-0.3,0.08,-0.08,0.091857481,0.4,0.12,0.3,0.3,0.08,-0.12,0.2,0.12,-0.3,0.08,0.3
1550,39618884,1.13442433,2.6801753,-1.60081542,2.0828073,4.02890682,1.81043315,-2.18777871,-7.71009254,-134.466919,-11.8271809,6.51328182,-4.5370121,0.0907539463,0.12,-0.4,0.2,0.12,0.12,0.3,0.3,-0.3,-0.3,0.08,-0.08,0.0907539463,0.4,0.12,0.3,0.3,0.08,-0.12,0.2,0.12,-0.3,0.08,0.3
1551,39660747,1.12611425,2.68069029,-1.60188818,2.08392692,4.02917337,1.8090564,-2.18845439,-7.70993519,-134.46962,-11.8244991,6.50761843,-4.53731203,0.0900891399,0.12,-0.4,0.2,0.12,0.12,0.3,0.3,-0.3,-0.3,0.08,-0.08,0.0900891399,0.4,0.12,0.3,0.3,0.08,-0.12,0.2,0.12,-0.3,0.08,0.3
1552,39668409,1.12387168,2.68122101,-1.59781373,2.0862813,4.02885151,1.80800986,-2.1822741,-7.71461964,-134.469391,-11.8241034,6.5062933,-4.53705359,0.0899097347,0.12,-0.4,0.2,0.12,0.12,0.3,0.3,-0.3,-0.3,0.08,-0.08,0.0899097347,0.4,0.12,0.3,0.3,0.08,-0.12,0.2,0.12,-0.3,0.08,0.3
1553,39685112,1.12668097,2.6815393,-1.59212613,2.08888936,4.0287385,1.80741692,-2.17343307,-7.72061825,-134.466904,-11.8255014,6.50785971,-4.53663254,0.0901344776,0.12,-0.4,0.2,0.12,0.12,0.3,0.3,-0.3,-0.3,0.08,-0.08,0.0901344776,0.4,0.12,0.3,0.3,0.08,-0.12,0.2,0.12,-0.3,0.08,0.3
1554,39707568,1.13241279,2.68243194,-1.58692074,2.09259772,4.02806711,1.80711746,-2.16504622,-7.72715187,-134.462753,-11.8271275,6.51183701,-4.53538656,0.0905930233,0.12,-0.4,0.2,0.12,0.12,0.3,0.3,-0.3,-0.3,0.08,-0.08,0.0905930233,0.4,0.12,0.3,0.3,0.08,-0.12,0.2,0.12,-0.3,0.08,0.3
1555,39724696,1.13943148,2.68325639,-1.58192909,2.09623885,4.02680492,1.80745685,-2.15712237,-7.73361683,-134.457352,-11.8283205,6.51716518,-4.5338192,0.0911545181,0.12,-0.4,0.2,0.12,0.12,0.3,0.3,-0.3,-0.3,0.08,-0.08,0.0911545181,0.4,0.12,0.3,0.3,0.08,-0.12,0.2,0.12,-0.3,0.08,0.3
1556,39738725,1.14791358,2.68337965,-1.57477486,2.09908938,4.02497435,1.80848837,-2.14790988,-7.74074793,-134.451126,-11.8293886,6.52362013,-4.53217077,0.091833086,0.12,-0.4,0.2,0.12,0.12,0.3,0.3,-0.3,-0.3,0.08,-0.08,0.091833086,0.4,0.12,0.3,0.3,0.08,-0.12,0.2,0.12,-0.3,0.08,0.3
1557,39764640,1.15903211,2.68220139,-1.56422818,2.10033393,4.02313709,1.81024373,-2.13597488,-7.74852037,-134.444122,-11.8309727,6.53133583,-4.53100395,0.0927225685,0.12,-0.4,0.2,0.12,0.12,0.3,0.3,-0.3,-0.3,0.08,-0.08,0.0927225685,0.4,0.12,0.3,0.3,0.08,-0.12,0.2,0.12,-0.3,0.08,0.3
1558,39780554,1.17243934,2.67886639,-1.55284452,2.09823823,4.02267933,1.81260097,-2.12415671,-7.75331593,-134.436844,-11.8338871,6.53883266,-4.53160667,0.0937951469,0.12,-0.4,0.2,0.12,0.12,0.3,0.3,-0.3,-0.3,0.08,-0.08,0.0937951469,0.4,0.12,0.3,0.3,0.08,-0.12,0.2,0.12,-0.3,0.08,0.3
1559,39802309,1.18683255,2.67546368,-1.54341125,2.09560585,4.02278423,1.81498694,-2.11532593,-7.75583506,-134.430267,-11.8370447,6.54623175,-4.53241587,0.0949466038,0.12,-0.4,0.2,0.12,0.12,0.3,0.3,-0.3,-0.3,0.08,-0.08,0.0949466038,0.4,0.12,0.3,0.3,0.08,-0.12,0.2,0.12,-0.3,0.08,0.3
1560,39820204,1.19979036,2.6728704,-1.53845203,2.09290981,4.02349663,1.81736183,-2.11205697,-7.75516176,-134.425095,-11.8394623,6.55260515,-4.53296995,0.0959832287,0.12,-0.4,0.2,0.12,0.12,0.3,0.3,-0.3,-0.3,0.08,-0.08,0.0959832287,0.4,0.12,0.3,0.3,0.08,-0.12,0.2,0.12,-0.3,0.08,0.3
1561,39850667,1.21047592,2.67137218,-1.53575265,2.09040451,4.02396631,1.8197192,-2.11250138,-7.75320196,-134.421234,-11.8407059,6.55861282,-4.53284502,0.0968380737,0.12,-0.4,0.2,0.12,0.12,0.3,0.3,-0.3,-0.3,0.08,-0.08,0.0968380737,0.4,0.12,0.3,0.3,0.08,-0.12,0.2,0.12,-0.3,0.08,0.3
1562,39859196,1.21847689,2.67025805,-1.53444493,2.08783531,4.02452326,1.82211173,-2.11509275,-7.75055981,-134.419052,-11.8410997,6.563797,-4.53261232,0.0974781513,0.12,-0.4,0.2,0.12,0.12,0.3,0.3,-0.3,-0.3,0.08,-0.08,0.0974781513,0.4,0.12,0.3,0.3,0.08,-0.12,0.2,0.12,-0.3,0.08,0.3
1563,39884003,1.22326851,2.66903186,-1.53501129,2.08498597,4.02562094,1.82407176,-2.11971712,-7.74645901,-134.418945,-11.8410311,6.5670495,-4.53289509,0.0978614807,0.12,-0.4,0.2,0.12,0.12,0.3,0.3,-0.3,-0.3,0.08,-0.08,0.0978614807,0.4,0.12,0.3,0.3,0.08,-0.12,0.2,0.12,-0.3,0.08,0.3
1564,39901309,1.22663486,2.66849661,-1.53468788,2.08378363,4.02599955,1.82541656,-2.12297487,-7.74455261,-134.420425,-11.8404293,6.56965113,-4.53266764,0.0981307888,0.12,-0.4,0.2,0.12,0.12,0.3,0.3,-0.3,-0.3,0.08,-0.08,0.0981307888,0.4,0.12,0.3,0.3,0.08,-0.12,0.2,0.12,-0.3,0.08,0.3
1565,39924559,1.22934115,2.6682806,-1.53418577,2.08390951,4.0255537,1.82624567,-2.12471843,-7.74458885,-134.42305,-11.8392382,6.57208586,-4.53200436,0.0983472919,0.12,-0.4,0.2,0.12,0.12,0.3,0.3,-0.3,-0.3,0.08,-0.08,0.0983472919,0.4,0.12,0.3,0.3,0.08,-0.12,0.2,0.12,-0.3,0.08,0.3
1566,39940496,1.23241282,2.66885161,-1.53346741,2.08525538,4.02513409,1.82675207,-2.12514162,-7.74621964,-134.426254,-11.8380737,6.57435751,-4.53097105,0.0985930252,0.12,-0.4,0.2,0.12,0.12,0.3,0.3,-0.3,-0.3,0.08,-0.08,0.0985930252,0.4,0.12,0.3,0.3,0.08,-0.12,0.2,0.12,-0.3,0.08,0.3
1567,39962697,1.23597932,2.67011476,-1.53219116,2.08775306,4.02444696,1.82697284,-2.12397814,-7.74955606,-134.430283,-11.8371181,6.57692957,-4.52940226,0.0988783455,0.12,-0.4,0.2,0.12,0.12,0.3,0.3,-0.3,-0.3,0.08,-0.08,0.0988783455,0.4,0.12,0.3,0.3,0.08,-0.12,0.2,0.12,-0.3,0.08,0.3
1568,39983603,1.24036825,2.67143822,-1.52998996,2.08964252,4.02391195,1.82717216,-2.12106633,-7.75336266,-134.434891,-11.8366451,6.57983065,-4.52793503,0.0992294598,0.12,-0.4,0.2,0.12,0.12,0.3,0.3,-0.3,-0.3,0.08,-0.08,0.0992294598,0.4,0.12,0.3,0.3,0.08,-0.12,0.2,0.12,-0.3,0.08,0.3
1569,40000479,1.24505377,2.67248726,-1.52732575,2.09138155,4.02286577,1.82730508,-2.1173079,-7.75751686,-134.44017,-11.8363266,6.58302927,-4.52640104,0.0996043015,0.12,-0.4,0.2,0.12,0.12,0.3,0.3,-0.3,-0.3,0.08,-0.08,0.0996043015,0.4,0.12,0.3,0.3,0.08,-0.12,0.2,0.12,-0.3,0.08,0.3
1570,40025603,1.24919629,2.67328715,-1.52600884,2.09259343,4.0220418,1.82747602,-2.11481714,-7.76042414,-134.445984,-11.835825,6.5856986,-4.52511549,0.0999357033,0.12,-0.4,0.2,0.12,0.12,0.3,0.3,-0.3,-0.3,0.08,-0.08,0.0999357033,0.4,0.12,0.3,0.3,0.08,-0.12,0.2,0.12,-0.3,0.08,0.3
1571,40051331,1.25204313,2.67394733,-1.52607358,2.09315729,4.02142286,1.82758498,-2.11417508,-7.76179123,-134.45256,-11.8350487,6.58732271,-4.52412653,0.10016345,0.12,-0.4,0.2,0.12,0.12,0.3,0.3,-0.3,-0.3,0.08,-0.08,0.10016345,0.4,0.12,0.3,0.3,0.08,-0.12,0.2,0.12,-0.3,0.08,0.3
1572,40060227,1.25355029,2.67460108,-1.5266732,2.09331465,4.02104521,1.82763684,-2.11451769,-7.76231718,-134.460007,-11.834095,6.58809328,-4.52336311,0.100284023,0.12,-0.4,0.2,0.12,0.12,0.3,0.3,-0.3,-0.3,0.08,-0.08,0.100284023,0.4,0.12,0.3,0.3,0.08,-0.12,0.2,0.12,-0.3,0.08,0.3
1573,40081232,1.25267625,2.67502189,-1.5291431,2.09307861,4.02146196,1.82737482,-2.11706972,-7.76063824,-134.467972,-11.8332033,6.58701038,-4.52326679,0.1002141,0.12,-0.4,0.2,0.12,0.12,0.3,0.3,-0.3,-0.3,0.08,-0.08,0.1002141,0.4,0.12,0.3,0.3,0.08,-0.12,0.2,0.12,-0.3,0.08,0.3
1574,40100874,1.25050592,2.67506218,-1.53127217,2.09190774,4.02125072,1.82708895,-2.1198411,-7.75851631,-134.475967,-11.8320236,6.5853548,-4.52338886,0.100040474,0.12,-0.4,0.2,0.12,0.12,0.3,0.3,-0.3,-0.3,0.08,-0.08,0.100040474,0.4,0.12,0.3,0.3,0.08,-0.12,0.2,0.12,-0.3,0.08,0.3
1575,40143400,1.24700499,2.67440915,-1.53418684,2.0903945,4.02072668,1.82677221,-2.12335491,-7.7558527,-134.483719,-11.8303766,6.5828352,-4.5239048,0.0997603989,0.12,-0.4,0.2,0.12,0.12,0.3,0.3,-0.3,-0.3,0.08,-0.08,0.0997603989,0.4,0.12,0.3,0.3,0.08,-0.12,0.2,0.12,-0.3,0.08,0.3
1576,40147563,1.2419492,2.67354488,-1.53834188,2.08898568,4.01984072,1.82622755,-2.12794185,-7.75266552,-134.490921,-11.8277731,6.57954168,-4.52442932,0.0993559361,0.12,-0.4,0.2,0.12,0.12,0.3,0.3,-0.3,-0.3,0.08,-0.08,0.0993559361,0.4,0.12,0.3,0.3,0.08,-0.12,0.2,0.12,-0.3,0.08,0.3
1577,40160069,1.23355258,2.67271233,-1.54657006,2.08722782,4.01960993,1.82536709,-2.13650918,-7.74664402,-134.498184,-11.8243351,6.57367849,-4.52549124,0.098684206,0.12,-0.4,0.2,0.12,0.12,0.3,0.3,-0.3,-0.3,0.08,-0.08,0.098684206,0.4,0.12,0.3,0.3,0.08,-0.12,0.2,0.12,-0.3,0.08,0.3
1578,40195380,1.21985435,2.67277694,-1.56001973,2.08657622,4.02077913,1.82363641,-2.15029335,-7.73739481,-134.505905,-11.8202734,6.56372833,-4.52702284,0.0975883484,0.12,-0.4,0.2,0.12,0.12,0.3,0.3,-0.3,-0.3,0.08,-0.08,0.0975883484,0.4,0.12,0.3,0.3,0.08,-0.12,0.2,0.12,-0.3,0.08,0.3
1579,40198969,1.20340574,2.67316818,-1.57257926,2.08523202,4.02202892,1.82169104,-2.16385269,-7.72823048,-134.512924,-11.8163643,6.5516324,-4.52898312,0.096272459,0.12,-0.4,0.2,0.12,0.12,0.3,0.3,-0.3,-0.3,0.08,-0.08,0.096272459,0.4,0.12,0.3,0.3,0.08,-0.12,0.2,0.12,-0.3,0.08,0.3
1580,40220165,1.1866678,2.6721561,-1.58126032,2.08303595,4.02235079,1.8196882,-2.17312884,-7.7213273,-134.517822,-11.8132906,6.53945589,-4.53164291,0.094933424,0.12,-0.4,0.2,0.12,0.12,0.3,0.3,-0.3,-0.3,0.08,-0.08,0.094933424,0.4,0.12,0.3,0.3,0.08,-0.12,0.2,0.12,-0.3,0.08,0.3
1581,40250075,1.17240119,2.67024493,-1.58582389,2.0815835,4.02222013,1.81762028,-2.17722917,-7.71765423,-134.519257,-11.8113565,6.52809477,-4.53440046,0.0937920952,0.12,-0.4,0.2,0.12,0.12,0.3,0.3,-0.3,-0.3,0.08,-0.08,0.0937920952,0.4,0.12,0.3,0.3,0.08,-0.12,0.2,0.12,-0.3,0.08,0.3
1582,40259336,1.15986609,2.66878629,-1.59112072,2.08175254,4.02251816,1.81535101,-2.18085289,-7.71467543,-134.518295,-11.8102884,6.51719809,-4.5368619,0.0927892876,0.12,-0.4,0.2,0.12,0.12,0.3,0.3,-0.3,-0.3,0.08,-0.08,0.0927892876,0.4,0.12,0.3,0.3,0.08,-0.12,0.2,0.12,-0.3,0.08,0.3
1583,40292335,1.14894402,2.66925693,-1.59727907,2.08404398,4.02270603,1.8130151,-2.18426037,-7.71313572,-134.515823,-11.809165,6.50761747,-4.53801107,0.0919155216,0.12,-0.4,0.2,0.12,0.12,0.3,0.3,-0.3,-0.3,0.08,-0.08,0.0919155216,0.4,0.12,0.3,0.3,0.08,-0.12,0.2,0.12,-0.3,0.08,0.3
1584,40300786,1.14176798,2.6711514,-1.59931874,2.0878706,4.02289343,1.81114948,-2.18340087,-7.7152729,-134.511658,-11.8092194,6.50041771,-4.53812933,0.0913414383,0.12,-0.4,0.2,0.12,0.12,0.3,0.3,-0.3,-0.3,0.08,-0.08,0.0913414383,0.4,0.12,0.3,0.3,0.08,-0.12,0.2,0.12,-0.3,0.08,0.3
1585,40318695,1.13992095,2.67475033,-1.59710288,2.09378362,4.02443504,1.80969429,-2.17795658,-7.72157907,-134.506226,-11.8118553,6.49591064,-4.53741407,0.091193676,0.12,-0.4,0.2,0.12,0.12,0.3,0.3,-0.3,-0.3,0.08,-0.08,0.091193676,0.4,0.12,0.3,0.3,0.08,-0.12,0.2,0.12,-0.3,0.08,0.3
1586,40351592,1.14264691,2.6812017,-1.59374559,2.10317683,4.02745199,1.80815041,-2.17057228,-7.7312541,-134.500534,-11.817194,6.49354982,-4.53512239,0.0914117527,0.12,-0.4,0.2,0.12,0.12,0.3,0.3,-0.3,-0.3,0.08,-0.08,0.0914117527,0.4,0.12,0.3,0.3,0.08,-0.12,0.2,0.12,-0.3,0.08,0.3
1587,40360249,1.14813805,2.6907742,-1.59173477,2.11499834,4.03144932,1.80644429,-2.16416526,-7.7421093,-134.495255,-11.8247328,6.49303246,-4.53126001,0.0918510437,0.12,-0.4,0.2,0.12,0.12,0.3,0.3,-0.3,-0.3,0.08,-0.08,0.0918510437,0.4,0.12,0.3,0.3,0.08,-0.12,0.2,0.12,-0.3,0.08,0.3
1588,40381523,1.1547817,2.7019372,-1.59034312,2.12654591,4.03473711,1.80487382,-2.15872502,-7.75298786,-134.490173,-11.8332901,6.4953661,-4.52631998,0.0923825359,0.12,-0.4,0.2,0.12,0.12,0.3,0.3,-0.3,-0.3,0.08,-0.08,0.0923825359,0.4,0.12,0.3,0.3,0.08,-0.12,0.2,0.12,-0.3,0.08,0.3
1589,40417683,1.1622901,2.71084094,-1.58555639,2.1344533,4.0356307,1.80422473,-2.15089369,-7.76383018,-134.483856,-11.8418388,6.50138044,-4.52177334,0.0929832077,0.12,-0.4,0.2,0.12,0.12,0.3,0.3,-0.3,-0.3,0.08,-0.08,0.0929832077,0.4,0.12,0.3,0.3,0.08,-0.12,0.2,0.12,-0.3,0.08,0.3
1590,40422688,1.16966736,2.71509671,-1.57892036,2.13769269,4.03582048,1.80465221,-2.14217806,-7.77208805,-134.47673,-11.8500156,6.50848913,-4.51955318,0.0935733891,0.12,-0.4,0.2,0.12,0.12,0.3,0.3,-0.3,-0.3,0.08,-0.08,0.0935733891,0.4,0.12,0.3,0.3,0.08,-0.12,0.2,0.12,-0.3,0.08,0.3
1591,40440566,1.1761924,2.71589684,-1.57145262,2.13882947,4.03512049,1.80544329,-2.13321733,-7.77865696,-134.469894,-11.8564501,6.51614952,-4.5187006,0.0940953922,0.12,-0.4,0.2,0.12,0.12,0.3,0.3,-0.3,-0.3,0.08,-0.08,0.0940953922,0.4,0.12,0.3,0.3,0.08,-0.12,0.2,0.12,-0.3,0.08,0.3
1592,40462321,1.1818074,2.71334624,-1.56409514,2.13596821,4.03403807,1.8067826,-2.12529874,-7.78123569,-134.463043,-11.8608513,6.52376604,-4.51965189,0.0945445919,0.12,-0.4,0.2,0.12,0.12,0.3,0.3,-0.3,-0.3,0.08,-0.08,0.0945445919,0.4,0.12,0.3,0.3,0.08,-0.12,0.2,0.12,-0.3,0.08,0.3
1593,40482437,1.18626881,2.70839858,-1.55819011,2.13030934,4.03168297,1.80833626,-2.12006402,-7.77999115,-134.456238,-11.8626728,6.53118801,-4.52147675,0.0949015045,0.12,-0.4,0.2,0.12,0.12,0.3,0.3,-0.3,-0.3,0.08,-0.08,0.0949015045,0.4,0.12,0.3,0.3,0.08,-0.12,0.2,0.12,-0.3,0.08,0.3
1594,40508649,1.18956006,2.70185637,-1.55500519,2.12183857,4.02939177,1.81047249,-2.11933231,-7.77433205,-134.449432,-11.861927,6.53731155,-4.52405977,0.0951648045,0.12,-0.4,0.2,0.12,0.12,0.3,0.3,-0.3,-0.3,0.08,-0.08,0.0951648045,0.4,0.12,0.3,0.3,0.08,-0.12,0.2,0.12,-0.3,0.08,0.3
1595,40520239,1.19000721,2.69409847,-1.5548104,2.11199832,4.02702332,1.81275165,-2.12297559,-7.76538086,-134.443344,-11.8584652,6.54128885,-4.5271554,0.0952005768,0.12,-0.4,0.2,0.12,0.12,0.3,0.3,-0.3,-0.3,0.08,-0.08,0.0952005768,0.4,0.12,0.3,0.3,0.08,-0.12,0.2,0.12,-0.3,0.08,0.3
1596,40552563,1.18562126,2.68548822,-1.55880463,2.10126328,4.02474737,1.81480956,-2.13141775,-7.75299597,-134.43811,-11.8520079,6.54203701,-4.53078604,0.0948497009,0.12,-0.4,0.2,0.12,0.12,0.3,0.3,-0.3,-0.3,0.08,-0.08,0.0948497009,0.4,0.12,0.3,0.3,0.08,-0.12,0.2,0.12,-0.3,0.08,0.3
1597,40560863,1.17634106,2.67664361,-1.56616712,2.09046316,4.02267075,1.81629586,-2.14344192,-7.73827791,-134.434311,-11.8435841,6.53836632,-4.53486109,0.0941072845,0.12,-0.4,0.2,0.12,0.12,0.3,0.3,-0.3,-0.3,0.08,-0.08,0.0941072845,0.4,0.12,0.3,0.3,0.08,-0.12,0.2,0.12,-0.3,0.08,0.3
1598,40585171,1.16423881,2.66964936,-1.57511699,2.08262515,4.02131891,1.81679511,-2.15673661,-7.72463083,-134.431686,-11.8343086,6.53142452,-4.53825951,0.0931391048,0.12,-0.4,0.2,0.12,0.12,0.3,0.3,-0.3,-0.3,0.08,-0.08,0.0931391048,0.4,0.12,0.3,0.3,0.08,-0.12,0.2,0.12,-0.3,0.08,0.3
1599,40603262,1.15221107,2.66511011,-1.58276117,2.07812071,4.02069712,1.81658506,-2.16760683,-7.71486282,-134.429688,-11.8258142,6.52274656,-4.54068804,0.0921768856,0.12,-0.4,0.2,0.12,0.12,0.3,0.3,-0.3,-0.3,0.08,-0.08,0.0921768856,0.4,0.12,0.3,0.3,0.08,-0.12,0.2,0.12,-0.3,0.08,0.3
1600,40621474,1.14167142,2.66278601,-1.58874547,2.07679343,4.02048016,1.81567752,-2.17502475,-7.70939684,-134.427719,-11.818985,6.51415873,-4.54206657,0.0913337135,0.12,-0.4,0.2,0.12,0.12,0.3,0.3,-0.3,-0.3,0.08,-0.08,0.0913337135,0.4,0.12,0.3,0.3,0.08,-0.12,0.2,0.12,-0.3,0.08,0.3
1601,40641792,1.13354027,2.66302299,-1.59363222,2.07875872,4.02113581,1.81421101,-2.17941594,-7.70773888,-134.424988,-11.8144779,6.50592518,-4.54243279,0.0906832218,0.12,-0.4,0.2,0.12,0.12,0.3,0.3,-0.3,-0.3,0.08,-0.08,0.0906832218,0.4,0.12,0.3,0.3,0.08,-0.12,0.2,0.12,-0.3,0.08,0.3
1602,40664814,1.12752366,2.66700768,-1.59882045,2.08553457,4.02281284,1.8120203,-2.18225479,-7.71005535,-134.422516,-11.8124647,6.49802876,-4.5411644,0.0902018929,0.12,-0.4,0.2,0.12,0.12,0.3,0.3,-0.3,-0.3,0.08,-0.08,0.0902018929,0.4,0.12,0.3,0.3,0.08,-0.12,0.2,0.12,-0.3,0.08,0.3
1603,40680909,1.12297559,2.67570233,-1.60510051,2.09686542,4.02578783,1.80917919,-2.18467426,-7.71592617,-134.420853,-11.8127842,6.49091244,-4.53792906,0.089838047,0.12,-0.4,0.2,0.12,0.12,0.3,0.3,-0.3,-0.3,0.08,-0.08,0.089838047,0.4,0.12,0.3,0.3,0.08,-0.12,0.2,0.12,-0.3,0.08,0.3
1604,40701608,1.1215961,2.68596387,-1.60606658,2.1083777,4.02814817,1.80649793,-2.18134141,-7.72596598,-134.418564,-11.8161144,6.48700333,-4.53381062,0.0897276878,0.12,-0.4,0.2,0.12,0.12,0.3,0.3,-0.3,-0.3,0.08,-0.08,0.0897276878,0.4,0.12,0.3,0.3,0.08,-0.12,0.2,0.12,-0.3,0.08,0.3
1605,40721546,1.12437642,2.69440842,-1.60114515,2.11738896,4.02921915,1.80447364,-2.17183495,-7.73840666,-134.41423,-11.8221102,6.48733568,-4.53015804,0.0899501133,0.12,-0.4,0.2,0.12,0.12,0.3,0.3,-0.3,-0.3,0.08,-0.08,0.0899501133,0.4,0.12,0.3,0.3,0.08,-0.12,0.2,0.12,-0.3,0.08,0.3
1606,40751923,1.13077497,2.6991899,-1.59305668,2.12221789,4.0298605,1.80340993,-2.15943122,-7.74937391,-134.407745,-11.8298521,6.49065781,-4.52817297,0.090461998,0.12,-0.4,0.2,0.12,0.12,0.3,0.3,-0.3,-0.3,0.08,-0.08,0.090461998,0.4,0.12,0.3,0.3,0.08,-0.12,0.2,0.12,-0.3,0.08,0.3
1607,40761785,1.13930523,2.7011745,-1.58435321,2.12445807,4.03052759,1.80315161,-2.14748454,-7.75766373,-134.400192,-11.8378811,6.4959507,-4.52751398,0.0911444187,0.12,-0.4,0.2,0.12,0.12,0.3,0.3,-0.3,-0.3,0.08,-0.08,0.0911444187,0.4,0.12,0.3,0.3,0.08,-0.12,0.2,0.12,-0.3,0.08,0.3
1608,40780992,1.14754641,2.7028439,-1.57880318,2.12709355,4.03177547,1.80327523,-2.13943005,-7.76332331,-134.3936,-11.8448524,6.5012331,-4.52704477,0.0918037128,0.12,-0.4,0.2,0.12,0.12,0.3,0.3,-0.3,-0.3,0.08,-0.08,0.0918037128,0.4,0.12,0.3,0.3,0.08,-0.12,0.2,0.12,-0.3,0.08,0.3
1609,40803063,1.15429497,2.70566797,-1.57639205,2.13002968,4.03325891,1.80367529,-2.13595033,-7.76671982,-134.388916,-11.8503952,6.50639057,-4.52580166,0.0923435974,0.12,-0.4,0.2,0.12,0.12,0.3,0.3,-0.3,-0.3,0.08,-0.08,0.0923435974,0.4,0.12,0.3,0.3,0.08,-0.12,0.2,0.12,-0.3,0.08,0.3
1610,40818796,1.15919745,2.70845556,-1.57590771,2.13033652,4.03486156,1.80455506,-2.1364162,-7.76678371,-134.38533,-11.8549376,6.51135302,-4.52475071,0.092735796,0.12,-0.4,0.2,0.12,0.12,0.3,0.3,-0.3,-0.3,0.08,-0.08,0.092735796,0.4,0.12,0.3,0.3,0.08,-0.12,0.2,0.12,-0.3,0.08,0.3
1611,40843728,1.1631695,2.70934749,-1.57444561,2.12707877,4.03677511,1.80591238,-2.13773584,-7.76437664,-134.382706,-11.8594608,6.51566696,-4.52499771,0.0930535603,0.12,-0.4,0.2,0.12,0.12,0.3,0.3,-0.3,-0.3,0.08,-0.08,0.0930535603,0.4,0.12,0.3,0.3,0.08,-0.12,0.2,0.12,-0.3,0.08,0.3
1612,40863549,1.16504109,2.70927644,-1.5737555,2.12417603,4.03779411,1.80677617,-2.14011073,-7.76171684,-134.381378,-11.8624411,6.51969147,-4.52523232,0.0932032871,0.12,-0.4,0.2,0.12,0.12,0.3,0.3,-0.3,-0.3,0.08,-0.08,0.0932032871,0.4,0.12,0.3,0.3,0.08,-0.12,0.2,0.12,-0.3,0.08,0.3
1613,40884253,1.1632427,2.70862365,-1.57572019,2.12253308,4.03745794,1.80716395,-2.14416504,-7.75856638,-134.380905,-11.8627329,6.52227068,-4.52528334,0.0930594158,0.12,-0.4,0.2,0.12,0.12,0.3,0.3,-0.3,-0.3,0.08,-0.08,0.0930594158,0.4,0.12,0.3,0.3,0.08,-0.12,0.2,0.12,-0.3,0.08,0.3
1614,40904775,1.15905118,2.7072134,-1.57844782,2.1203537,4.0362277,1.80757046,-2.14882255,-7.75484419,-134.381409,-11.8609819,6.52379608,-4.5256567,0.0927240944,0.12,-0.4,0.2,0.12,0.12,0.3,0.3,-0.3,-0.3,0.08,-0.08,0.0927240944,0.4,0.12,0.3,0.3,0.08,-0.12,0.2,0.12,-0.3,0.08,0.3
1615,40922287,1.15194833,2.70581675,-1.58452845,2.11800861,4.03478241,1.80758595,-2.15638828,-7.74957848,-134.38295,-11.8571796,6.52358198,-4.52627373,0.0921558666,0.12,-0.4,0.2,0.12,0.12,0.3,0.3,-0.3,-0.3,0.08,-0.08,0.0921558666,0.4,0.12,0.3,0.3,0.08,-0.12,0.2,0.12,-0.3,0.08,0.3
1616,40949294,1.14199173,2.7032671,-1.59249961,2.11325502,4.03418398,1.80741012,-2.16595697,-7.74123812,-134.385025,-11.8526993,6.51972866,-4.52831173,0.0913593388,0.12,-0.4,0.2,0.12,0.12,0.3,0.3,-0.3,-0.3,0.08,-0.08,0.0913593388,0.4,0.12,0.3,0.3,0.08,-0.12,0.2,0.12,-0.3,0.08,0.3
1617,40960195,1.13010621,2.69905066,-1.5992589,2.10644031,4.03341389,1.80684233,-2.17483711,-7.73172617,-134.386749,-11.8479786,6.51405048,-4.53148031,0.0904084969,0.12,-0.4,0.2,0.12,0.12,0.3,0.3,-0.3,-0.3,0.08,-0.08,0.0904084969,0.4,0.12,0.3,0.3,0.08,-0.12,0.2,0.12,-0.3,0.08,0.3
1618,40981231,1.11706817,2.69231296,-1.60371315,2.09879804,4.03213739,1.80606091,-2.18097377,-7.72203636,-134.385849,-11.8431988,6.50694132,-4.5359726,0.0893654537,0.12,-0.4,0.2,0.12,0.12,0.3,0.3,-0.3,-0.3,0.08,-0.08,0.0893654537,0.4,0.12,0.3,0.3,0.08,-0.12,0.2,0.12,-0.3,0.08,0.3
1619,41000345,1.10444045,2.68419886,-1.60745049,2.09119153,4.03066349,1.80548358,-2.18604898,-7.71260214,-134.382996,-11.8384361,6.49849844,-4.54096222,0.0883552361,0.12,-0.4,0.2,0.12,0.12,0.3,0.3,-0.3,-0.3,0.08,-0.08,0.0883552361,0.4,0.12,0.3,0.3,0.08,-0.12,0.2,0.12,-0.3,0.08,0.3
1620,41026269,1.09252262,2.6771636,-1.61309552,2.08531213,4.03012562,1.80490208,-2.19274735,-7.70321465,-134.378632,-11.8335371,6.48967791,-4.54558086,0.0874018097,0.12,-0.4,0.2,0.12,0.12,0.3,0.3,-0.3,-0.3,0.08,-0.08,0.0874018097,0.4,0.12,0.3,0.3,0.08,-0.12,0.2,0.12,-0.3,0.08,0.3
1621,41039425,1.08327913,2.67097187,-1.61619496,2.0798142,4.02999306,1.80464125,-2.1970377,-7.69551563,-134.371613,-11.8295412,6.48166037,-4.54981995,0.0866623306,0.12,-0.4,0.2,0.12,0.12,0.3,0.3,-0.3,-0.3,0.08,-0.08,0.0866623306,0.4,0.12,0.3,0.3,0.08,-0.12,0.2,0.12,-0.3,0.08,0.3
1622,41074361,1.07846189,2.66627192,-1.61547637,2.07639503,4.03029442,1.80449772,-2.19722295,-7.69155931,-134.362503,-11.8275414,6.47569895,-4.55309582,0.0862769508,0.12,-0.4,0.2,0.12,0.12,0.3,0.3,-0.3,-0.3,0.08,-0.08,0.0862769508,0.4,0.12,0.3,0.3,0.08,-0.12,0.2,0.12,-0.3,0.08,0.3
1623,41079820,1.07926691,2.66446495,-1.61164796,2.07645798,4.03117132,1.8044399,-2.19337106,-7.69246006,-134.352066,-11.8274918,6.47302818,-4.55427313,0.0863413525,0.12,-0.4,0.2,0.12,0.12,0.3,0.3,-0.3,-0.3,0.08,-0.08,0.0863413525,0.4,0.12,0.3,0.3,0.08,-0.12,0.2,0.12,-0.3,0.08,0.3
1624,41103516,1.08476424,2.6658318,-1.60694098,2.08035207,4.03267574,1.80451214,-2.18784571,-7.69703579,-134.341019,-11.8292027,6.47363853,-4.55341196,0.0867811394,0.12,-0.4,0.2,0.12,0.12,0.3,0.3,-0.3,-0.3,0.08,-0.08,0.0867811394,0.4,0.12,0.3,0.3,0.08,-0.12,0.2,0.12,-0.3,0.08,0.3
1625,41121602,1.09381223,2.6708777,-1.6024195,2.08849096,4.03457355,1.80461907,-2.18164611,-7.70532656,-134.330139,-11.832284,6.47722483,-4.55042648,0.0875049782,0.12,-0.4,0.2,0.12,0.12,0.3,0.3,-0.3,-0.3,0.08,-0.08,0.0875049782,0.4,0.12,0.3,0.3,0.08,-0.12,0.2,0.12,-0.3,0.08,0.3
1626,41141182,1.10475147,2.67884731,-1.59873307,2.099231,4.03686047,1.8047365,-2.17572808,-7.71590376,-134.320145,-11.8366117,6.48270941,-4.54583931,0.0883801174,0.12,-0.4,0.2,0.12,0.12,0.3,0.3,-0.3,-0.3,0.08,-0.08,0.0883801174,0.4,0.12,0.3,0.3,0.08,-0.12,0.2,0.12,-0.3,0.08,0.3
1627,41175856,1.11632669,2.68822694,-1.59481251,2.11055231,4.03898573,1.80485845,-2.16936421,-7.72786236,-134.311203,-11.8421726,6.48949862,-4.54048347,0.0893061352,0.12,-0.4,0.2,0.12,0.12,0.3,0.3,-0.3,-0.3,0.08,-0.08,0.0893061352,0.4,0.12,0.3,0.3,0.08,-0.12,0.2,0.12,-0.3,0.08,0.3
1628,41178697,1.12758541,2.69609618,-1.5890801,2.11946774,4.03966618,1.80511189,-2.16122675,-7.7397294,-134.302658,-11.8481922,6.49777174,-4.53556204,0.0902068329,0.12,-0.4,0.2,0.12,0.12,0.3,0.3,-0.3,-0.3,0.08,-0.08,0.0902068329,0.4,0.12,0.3,0.3,0.08,-0.12,0.2,0.12,-0.3,0.08,0.3
1629,41201340,1.13770306,2.70024872,-1.58247542,2.12392688,4.03894186,1.80580413,-2.15261674,-7.74902582,-134.294037,-11.8537712,6.50632191,-4.53246641,0.0910162449,0.12,-0.4,0.2,0.12,0.12,0.3,0.3,-0.3,-0.3,0.08,-0.08,0.0910162449,0.4,0.12,0.3,0.3,0.08,-0.12,0.2,0.12,-0.3,0.08,0.3
1630,41220315,1.14658594,2.69982505,-1.57439899,2.12386656,4.03649187,1.80697632,-2.14331269,-7.75553226,-134.285309,-11.8577538,6.5151639,-4.53136492,0.0917268753,0.12,-0.4,0.2,0.12,0.12,0.3,0.3,-0.3,-0.3,0.08,-0.08,0.0917268753,0.4,0.12,0.3,0.3,0.08,-0.12,0.2,0.12,-0.3,0.08,0.3
1631,41252635,1.15330613,2.69499946,-1.56738293,2.11912775,4.0329628,1.80860233,-2.13603592,-7.75722742,-134.276062,-11.8589954,6.52309847,-4.5324173,0.0922644901,0.12,-0.4,0.2,0.12,0.12,0.3,0.3,-0.3,-0.3,0.08,-0.08,0.0922644901,0.4,0.12,0.3,0.3,0.08,-0.12,0.2,0.12,-0.3,0.08,0.3
1632,41264625,1.15785921,2.68735123,-1.56226265,2.11145043,4.02952671,1.81060147,-2.13183308,-7.75443459,-134.267578,-11.8579264,6.52835846,-4.53514624,0.0926287365,0.12,-0.4,0.2,0.12,0.12,0.3,0.3,-0.3,-0.3,0.08,-0.08,0.0926287365,0.4,0.12,0.3,0.3,0.08,-0.12,0.2,0.12,-0.3,0.08,0.3
1633,41281122,1.16065192,2.67972946,-1.56004846,2.10345411,4.02739477,1.81251717,-2.13186955,-7.74849939,-134.261108,-11.8550272,6.53089857,-4.5381484,0.0928521538,0.12,-0.4,0.2,0.12,0.12,0.3,0.3,-0.3,-0.3,0.08,-0.08,0.0928521538,0.4,0.12,0.3,0.3,0.08,-0.12,0.2,0.12,-0.3,0.08,0.3
1634,41313672,1.1623069,2.67321801,-1.55937839,2.0955863,4.02617788,1.81430984,-2.13439965,-7.74117327,-134.25618,-11.8512163,6.53162956,-4.54080248,0.0929845524,0.12,-0.4,0.2,0.12,0.12,0.3,0.3,-0.3,-0.3,0.08,-0.08,0.0929845524,0.4,0.12,0.3,0.3,0.08,-0.12,0.2,0.12,-0.3,0.08,0.3
1635,41320072,1.16295207,2.66742253,-1.55990458,2.0877111,4.02509165,1.81593084,-2.13873768,-7.73309898,-134.252518,-11.8469419,6.53135252,-4.54299212,0.0930361652,0.12,-0.4,0.2,0.12,0.12,0.3,0.3,-0.3,-0.3,0.08,-0.08,0.0930361652,0.4,0.12,0.3,0.3,0.08,-0.12,0.2,0.12,-0.3,0.08,0.3
1636,41339197,1.16273499,2.6624794,-1.56179237,2.08047652,4.0243721,1.81732845,-2.14462852,-7.72481012,-134.249542,-11.8424711,6.53028154,-4.54479218,0.0930187988,0.12,-0.4,0.2,0.12,0.12,0.3,0.3,-0.3,-0.3,0.08,-0.08,0.0930187988,0.4,0.12,0.3,0.3,0.08,-0.12,0.2,0.12,-0.3,0.08,0.3
1637,41374033,1.16125834,2.65800095,-1.56451976,2.07401466,4.02377796,1.81846404,-2.15117836,-7.71681833,-134.247391,-11.8377962,6.52861452,-4.54643059,0.0929006672,0.12,-0.4,0.2,0.12,0.12,0.3,0.3,-0.3,-0.3,0.08,-0.08,0.0929006672,0.4,0.12,0.3,0.3,0.08,-0.12,0.2,0.12,-0.3,0.08,0.3
1638,41379144,1.15787888,2.65393853,-1.56851947,2.06867552,4.02328634,1.81915259,-2.15832853,-7.70909786,-134.245972,-11.8327494,6.52617502,-4.54806662,0.0926303101,0.12,-0.4,0.2,0.12,0.12,0.3,0.3,-0.3,-0.3,0.08,-0.08,0.0926303101,0.4,0.12,0.3,0.3,0.08,-0.12,0.2,0.12,-0.3,0.08,0.3
1639,41403937,1.15310597,2.65087223,-1.5731833,2.06545186,4.02257538,1.81934965,-2.16524363,-7.70298004,-134.245392,-11.8274946,6.52268171,-4.5492301,0.0922484779,0.12,-0.4,0.2,0.12,0.12,0.3,0.3,-0.3,-0.3,0.08,-0.08,0.0922484779,0.4,0.12,0.3,0.3,0.08,-0.12,0.2,0.12,-0.3,0.08,0.3
1640,41423915,1.14730263,2.64963651,-1.57933056,2.0649209,4.02217627,1.81897175,-2.1726346,-7.69854403,-134.245636,-11.8222246,6.51817083,-4.54959679,0.0917842102,0.12,-0.4,0.2,0.12,0.12,0.3,0.3,-0.3,-0.3,0.08,-0.08,0.0917842102,0.4,0.12,0.3,0.3,0.08,-0.12,0.2,0.12,-0.3,0.08,0.3
1641,41443787,1.14050663,2.65007615,-1.58673024,2.06594539,4.02237988,1.81809783,-2.18042803,-7.69506931,-134.246185,-11.8175316,6.51236868,-4.54956818,0.09124053,0.12,-0.4,0.2,0.12,0.12,0.3,0.3,-0.3,-0.3,0.08,-0.08,0.09124053,0.4,0.12,0.3,0.3,0.08,-0.12,0.2,0.12,-0.3,0.08,0.3
1642,41468805,1.13103807,2.65222335,-1.59740412,2.06897926,4.02307463,1.81644499,-2.19046307,-7.69167089,-134.24765,-11.8132792,6.50416374,-4.54913378,0.0904830456,0.12,-0.4,0.2,0.12,0.12,0.3,0.3,-0.3,-0.3,0.08,-0.08,0.0904830456,0.4,0.12,0.3,0.3,0.08,-0.12,0.2,0.12,-0.3,0.08,0.3
1643,41480018,1.1199367,2.65521193,-1.60781693,2.07199144,4.02485657,1.81438828,-2.19991136,-7.68835497,-134.249023,-11.8105536,6.49393988,-4.54921579,0.0895949364,0.12,-0.4,0.2,0.12,0.12,0.3,0.3,-0.3,-0.3,0.08,-0.08,0.0895949364,0.4,0.12,0.3,0.3,0.08,-0.12,0.2,0.12,-0.3,0.08,0.3
1644,41501705,1.11222327,2.65777087,-1.60936546,2.07462382,4.0261178,1.81236064,-2.20041418,-7.69009304,-134.24884,-11.8108053,6.48553181,-4.54963732,0.0889778614,0.12,-0.4,0.2,0.12,0.12,0.3,0.3,-0.3,-0.3,0.08,-0.08,0.0889778614,0.4,0.12,0.3,0.3,0.08,-0.12,0.2,0.12,-0.3,0.08,0.3
1645,41524077,1.10872221,2.66058636,-1.60750592,2.07928443,4.02753925,1.81016743,-2.19585419,-7.69569588,-134.247284,-11.8135033,6.47936344,-4.54968596,0.0886977768,0.12,-0.4,0.2,0.12,0.12,0.3,0.3,-0.3,-0.3,0.08,-0.08,0.0886977768,0.4,0.12,0.3,0.3,0.08,-0.12,0.2,0.12,-0.3,0.08,0.3
1646,41541948,1.10934794,2.66590214,-1.60597694,2.08719182,4.03028727,1.80793321,-2.19063473,-7.70320559,-134.24498,-11.8184319,6.47480106,-4.5485158,0.0887478352,0.12,-0.4,0.2,0.12,0.12,0.3,0.3,-0.3,-0.3,0.08,-0.08,0.0887478352,0.4,0.12,0.3,0.3,0.08,-0.12,0.2,0.12,-0.3,0.08,0.3
1647,41562068,1.11250675,2.67613411,-1.60695517,2.10056305,4.03387213,1.80546558,-2.18737721,-7.71347475,-134.243271,-11.8246384,6.47228813,-4.54470062,0.0890005398,0.12,-0.4,0.2,0.12,0.12,0.3,0.3,-0.3,-0.3,0.08,-0.08,0.0890005398,0.4,0.12,0.3,0.3,0.08,-0.12,0.2,0.12,-0.3,0.08,0.3
1648,41581278,1.11747301,2.68946695,-1.60733736,2.1156435,4.0372057,1.80330527,-2.18305779,-7.72633648,-134.241959,-11.8320103,6.47269917,-4.53898191,0.0893978405,0.12,-0.4,0.2,0.12,0.12,0.3,0.3,-0.3,-0.3,0.08,-0.08,0.0893978405,0.4,0.12,0.3,0.3,0.08,-0.12,0.2,0.12,-0.3,0.08,0.3
1649,41601657,1.12528431,2.70120382,-1.60150385,2.1274147,4.0386672,1.80211139,-2.17309117,-7.74129343,-134.239426,-11.8410053,6.47742987,-4.53322983,0.0900227451,0.12,-0.4,0.2,0.12,0.12,0.3,0.3,-0.3,-0.3,0.08,-0.08,0.0900227451,0.4,0.12,0.3,0.3,0.08,-0.12,0.2,0.12,-0.3,0.08,0.3
1650,41622461,1.13510597,2.70883012,-1.59273171,2.13498211,4.0392909,1.8018769,-2.16033292,-7.75508785,-134.235764,-11.8508606,6.48456049,-4.5292058,0.0908084774,0.12,-0.4,0.2,0.12,0.12,0.3,0.3,-0.3,-0.3,0.08,-0.08,0.0908084774,0.4,0.12,0.3,0.3,0.08,-0.12,0.2,0.12,-0.3,0.08,0.3
1651,41646068,1.14501894,2.71354985,-1.58445585,2.14100957,4.03911543,1.80188036,-2.14818168,-7.76691866,-134.232361,-11.8596735,6.49239588,-4.52618265,0.0916015148,0.12,-0.4,0.2,0.12,0.12,0.3,0.3,-0.3,-0.3,0.08,-0.08,0.0916015148,0.4,0.12,0.3,0.3,0.08,-0.12,0.2,0.12,-0.3,0.08,0.3
1652,41665176,1.15296352,2.71470761,-1.57755661,2.14223337,4.0374403,1.80244362,-2.13861108,-7.77372885,-134.228455,-11.8656101,6.50139475,-4.52470541,0.0922370815,0.12,-0.4,0.2,0.12,0.12,0.3,0.3,-0.3,-0.3,0.08,-0.08,0.0922370815,0.4,0.12,0.3,0.3,0.08,-0.12,0.2,0.12,-0.3,0.08,0.3
1653,41679887,1.15659046,2.71215701,-1.57507765,2.13873959,4.03505135,1.80355823,-2.1350801,-7.77335596,-134.224792,-11.8682966,6.50794792,-4.52548695,0.0925272369,0.12,-0.4,0.2,0.12,0.12,0.3,0.3,-0.3,-0.3,0.08,-0.08,0.0925272369,0.4,0.12,0.3,0.3,0.08,-0.12,0.2,0.12,-0.3,0.08,0.3
1654,41704410,1.1550076,2.70799732,-1.57798445,2.13263273,4.03313541,1.80475199,-2.13930583,-7.76677418,-134.222977,-11.8675013,6.51049948,-4.52739048,0.0924006081,0.12,-0.4,0.2,0.12,0.12,0.3,0.3,-0.3,-0.3,0.08,-0.08,0.0924006081,0.4,0.12,0.3,0.3,0.08,-0.12,0.2,0.12,-0.3,0.08,0.3
1655,41720596,1.14847696,2.70332861,-1.58372426,2.12525821,4.03234625,1.8057338,-2.14816332,-7.75660658,-134.222458,-11.864255,6.50868702,-4.53022194,0.0918781567,0.12,-0.4,0.2,0.12,0.12,0.3,0.3,-0.3,-0.3,0.08,-0.08,0.0918781567,0.4,0.12,0.3,0.3,0.08,-0.12,0.2,0.12,-0.3,0.08,0.3
1656,41743250,1.13956165,2.69710922,-1.58705187,2.11620116,4.03141069,1.80656397,-2.15532231,-7.74625444,-134.222717,-11.8600235,6.504704,-4.53389454,0.0911649323,0.12,-0.4,0.2,0.12,0.12,0.3,0.3,-0.3,-0.3,0.08,-0.08,0.0911649323,0.4,0.12,0.3,0.3,0.08,-0.12,0.2,0.12,-0.3,0.08,0.3
1657,41763711,1.132285,2.69038916,-1.58667648,2.10729408,4.03068209,1.80716252,-2.15855479,-7.73793554,-134.22261,-11.8563185,6.50081444,-4.53768587,0.0905827999,0.12,-0.4,0.2,0.12,0.12,0.3,0.3,-0.3,-0.3,0.08,-0.08,0.0905827999,0.4,0.12,0.3,0.3,0.08,-0.12,0.2,0.12,-0.3,0.08,0.3
1658,41783347,1.12835777,2.68350887,-1.58444071,2.09855723,4.03027773,1.80770385,-2.15934706,-7.73058987,-134.221466,-11.8535366,6.49841261,-4.5413518,0.0902686214,0.12,-0.4,0.2,0.12,0.12,0.3,0.3,-0.3,-0.3,0.08,-0.08,0.0902686214,0.4,0.12,0.3,0.3,0.08,-0.12,0.2,0.12,-0.3,0.08,0.3
1659,41806572,1.12779737,2.67664623,-1.58193493,2.08931828,4.03049135,1.80865383,-2.15992093,-7.72283554,-134.218994,-11.8515806,6.49812698,-4.54512596,0.0902237892,0.12,-0.4,0.2,0.12,0.12,0.3,0.3,-0.3,-0.3,0.08,-0.08,0.0902237892,0.4,0.12,0.3,0.3,0.08,-0.12,0.2,0.12,-0.3,0.08,0.3
1660,41824238,1.12913549,2.67014265,-1.57929695,2.08163095,4.02968693,1.80982661,-2.16009569,-7.71653461,-134.21553,-11.8491611,6.50043678,-4.54795647,0.0903308392,0.12,-0.4,0.2,0.12,0.12,0.3,0.3,-0.3,-0.3,0.08,-0.08,0.0903308392,0.4,0.12,0.3,0.3,0.08,-0.12,0.2,0.12,-0.3,0.08,0.3
1661,41841180,1.13135791,2.66478848,-1.57685459,2.07717371,4.02759409,1.81120324,-2.15971875,-7.71302557,-134.210953,-11.8452482,6.50458241,-4.54907465,0.0905086327,0.12,-0.4,0.2,0.12,0.12,0.3,0.3,-0.3,-0.3,0.08,-0.08,0.0905086327,0.4,0.12,0.3,0.3,0.08,-0.12,0.2,0.12,-0.3,0.08,0.3
1662,41862721,1.13315654,2.66061091,-1.57591987,2.07528806,4.02453375,1.81271112,-2.16005564,-7.71132708,-134.206207,-11.8397141,6.50910473,-4.54882622,0.090652523,0.12,-0.4,0.2,0.12,0.12,0.3,0.3,-0.3,-0.3,0.08,-0.08,0.090652523,0.4,0.12,0.3,0.3,0.08,-0.12,0.2,0.12,-0.3,0.08,0.3
1663,41879565,1.13423657,2.65828753,-1.57715476,2.07570982,4.02253056,1.81409347,-2.16187525,-7.71047068,-134.202515,-11.8336802,6.51188946,-4.54802084,0.0907389259,0.12,-0.4,0.2,0.12,0.12,0.3,0.3,-0.3,-0.3,0.08,-0.08,0.0907389259,0.4,0.12,0.3,0.3,0.08,-0.12,0.2,0.12,-0.3,0.08,0.3
1664,41906732,1.13427126,2.6570518,-1.57977712,2.07603049,4.02174807,1.81500137,-2.16488814,-7.7091012,-134.200455,-11.8282614,6.51228619,-4.54751825,0.0907417011,0.12,-0.4,0.2,0.12,0.12,0.3,0.3,-0.3,-0.3,0.08,-0.08,0.0907417011,0.4,0.12,0.3,0.3,0.08,-0.12,0.2,0.12,-0.3,0.08,0.3
1665,41919638,1.1343894,2.65647244,-1.58083284,2.07636881,4.02152109,1.81528747,-2.16604543,-7.70885897,-134.198959,-11.8244572,6.51097584,-4.54733849,0.090751152,0.12,-0.4,0.2,0.12,0.12,0.3,0.3,-0.3,-0.3,0.08,-0.08,0.090751152,0.4,0.12,0.3,0.3,0.08,-0.12,0.2,0.12,-0.3,0.08,0.3
1666,41954331,1.13572586,2.65541744,-1.57950985,2.07549286,4.02166605,1.8152678,-2.16479158,-7.70910883,-134.197311,-11.8227921,6.50904274,-4.54777765,0.0908580685,0.12,-0.4,0.2,0.12,0.12,0.3,0.3,-0.3,-0.3,0.08,-0.08,0.0908580685,0.4,0.12,0.3,0.3,0.08,-0.12,0.2,0.12,-0.3,0.08,0.3
1667,41960125,1.13874805,2.65523505,-1.57707036,2.07606363,4.02208853,1.81494451,-2.16214466,-7.71095705,-134.195267,-11.8227816,6.50772047,-4.54784393,0.091099844,0.12,-0.4,0.2,0.12,0.12,0.3,0.3,-0.3,-0.3,0.08,-0.08,0.091099844,0.4,0.12,0.3,0.3,0.08,-0.12,0.2,0.12,-0.3,0.08,0.3
1668,41983389,1.14217901,2.65555549,-1.57534599,2.07790709,4.02313614,1.81459057,-2.15996885,-7.71262074,-134.192551,-11.823863,6.50671768,-4.54786301,0.091374321,0.12,-0.4,0.2,0.12,0.12,0.3,0.3,-0.3,-0.3,0.08,-0.08,0.091374321,0.4,0.12,0.3,0.3,0.08,-0.12,0.2,0.12,-0.3,0.08,0.3
1669,42002007,1.14670086,2.65700293,-1.57292712,2.08105373,4.02378941,1.81454945,-2.15711284,-7.71592522,-134.189407,-11.82549,6.50706339,-4.54716158,0.0917360687,0.12,-0.4,0.2,0.12,0.12,0.3,0.3,-0.3,-0.3,0.08,-0.08,0.0917360687,0.4,0.12,0.3,0.3,0.08,-0.12,0.2,0.12,-0.3,0.08,0.3
1670,42022054,1.15181088,2.65971327,-1.57126069,2.08596539,4.02463245,1.81470346,-2.15455174,-7.72062969,-134.186707,-11.8275614,6.50809383,-4.54569912,0.0921448708,0.12,-0.4,0.2,0.12,0.12,0.3,0.3,-0.3,-0.3,0.08,-0.08,0.0921448708,0.4,0.12,0.3,0.3,0.08,-0.12,0.2,0.12,-0.3,0.08,0.3
1671,42042294,1.15751135,2.66390991,-1.56978488,2.09211254,4.0256362,1.8147918,-2.15198755,-7.72658634,-134.184052,-11.8300314,6.50966835,-4.54336309,0.0926009083,0.12,-0.4,0.2,0.12,0.12,0.3,0.3,-0.3,-0.3,0.08,-0.08,0.0926009083,0.4,0.12,0.3,0.3,0.08,-0.12,0.2,0.12,-0.3,0.08,0.3
1672,42060660,1.16321504,2.66965175,-1.56884146,2.09998584,4.02703428,1.81461918,-2.14943147,-7.73384666,-134.182236,-11.8333797,6.51089621,-4.54038477,0.0930572033,0.12,-0.4,0.2,0.12,0.12,0.3,0.3,-0.3,-0.3,0.08,-0.08,0.0930572033,0.4,0.12,0.3,0.3,0.08,-0.12,0.2,0.12,-0.3,0.08,0.3
1673,42087556,1.16913831,2.67702127,-1.56792474,2.10863161,4.02877045,1.81412935,-2.14628077,-7.74245262,-134.182724,-11.8374882,6.51245022,-4.53653383,0.093531065,0.12,-0.4,0.2,0.12,0.12,0.3,0.3,-0.3,-0.3,0.08,-0.08,0.093531065,0.4,0.12,0.3,0.3,0.08,-0.12,0.2,0.12,-0.3,0.08,0.3
1674,42103803,1.17394114,2.68506289,-1.56847525,2.11645079,4.03094387,1.81332695,-2.14456058,-7.74983406,-134.18512,-11.8422146,6.51402521,-4.53272104,0.0939152908,0.12,-0.4,0.2,0.12,0.12,0.3,0.3,-0.3,-0.3,0.08,-0.08,0.0939152908,0.4,0.12,0.3,0.3,0.08,-0.12,0.2,0.12,-0.3,0.08,0.3
1675,42121285,1.17571342,2.69169116,-1.57102156,2.12114191,4.03198862,1.81234968,-2.14529467,-7.75396299,-134.188614,-11.8463354,6.51523399,-4.52976847,0.0940570736,0.12,-0.4,0.2,0.12,0.12,0.3,0.3,-0.3,-0.3,0.08,-0.08,0.0940570736,0.4,0.12,0.3,0.3,0.08,-0.12,0.2,0.12,-0.3,0.08,0.3
1676,42142607,1.17360175,2.69680095,-1.57635951,2.12367487,4.03330278,1.81123555,-2.14970326,-7.75433874,-134.193207,-11.8497419,6.51380634,-4.5282793,0.0938881397,0.12,-0.4,0.2,0.12,0.12,0.3,0.3,-0.3,-0.3,0.08,-0.08,0.0938881397,0.4,0.12,0.3,0.3,0.08,-0.12,0.2,0.12,-0.3,0.08,0.3
1677,42160714,1.16709602,2.69994688,-1.58325744,2.12296128,4.03511333,1.81000698,-2.1570425,-7.75066042,-134.199142,-11.8522177,6.51029825,-4.52854776,0.0933676815,0.12,-0.4,0.2,0.12,0.12,0.3,0.3,-0.3,-0.3,0.08,-0.08,0.0933676815,0.4,0.12,0.3,0.3,0.08,-0.12,0.2,0.12,-0.3,0.08,0.3
1678,42183576,1.15753901,2.69910288,-1.58794999,2.11668706,4.03631067,1.8090744,-2.16355681,-7.74326944,-134.204269,-11.8539038,6.50622272,-4.53133392,0.0926031208,0.12,-0.4,0.2,0.12,0.12,0.3,0.3,-0.3,-0.3,0.08,-0.08,0.0926031208,0.4,0.12,0.3,0.3,0.08,-0.12,0.2,0.12,-0.3,0.08,0.3
1679,42202762,1.14681876,2.69266081,-1.59024835,2.10426021,4.03627062,1.80874777,-2.16897964,-7.73180723,-134.207703,-11.8547812,6.50186586,-4.53692961,0.0917455006,0.12,-0.4,0.2,0.12,0.12,0.3,0.3,-0.3,-0.3,0.08,-0.08,0.0917455006,0.4,0.12,0.3,0.3,0.08,-0.12,0.2,0.12,-0.3,0.08,0.3
1680,42222980,1.13628066,2.68541694,-1.59366322,2.0941515,4.03612041,1.80832171,-2.17570734,-7.72041082,-134.210266,-11.854063,6.49680853,-4.54233932,0.0909024525,0.12,-0.4,0.2,0.12,0.12,0.3,0.3,-0.3,-0.3,0.08,-0.08,0.0909024525,0.4,0.12,0.3,0.3,0.08,-0.12,0.2,0.12,-0.3,0.08,0.3
1681,42245749,1.12621331,2.67968774,-1.59770715,2.08802462,4.03516245,1.80787587,-2.18246436,-7.7115202,-134.211975,-11.8508358,6.49288177,-4.54577875,0.090097065,0.12,-0.4,0.2,0.12,0.12,0.3,0.3,-0.3,-0.3,0.08,-0.08,0.090097065,0.4,0.12,0.3,0.3,0.08,-0.12,0.2,0.12,-0.3,0.08,0.3
1682,42259919,1.11644769,2.67615509,-1.60279548,2.08567786,4.03369188,1.80758548,-2.18893027,-7.70546961,-134.212891,-11.8459225,6.48951054,-4.54748249,0.089315815,0.12,-0.4,0.2,0.12,0.12,0.3,0.3,-0.3,-0.3,0.08,-0.08,0.089315815,0.4,0.12,0.3,0.3,0.08,-0.12,0.2,0.12,-0.3,0.08,0.3
1683,42280264,1.10873175,2.67349696,-1.60644114,2.08341694,4.03384256,1.80774593,-2.19360542,-7.70026398,-134.213318,-11.8420935,6.48613977,-4.54922104,0.0886985397,0.12,-0.4,0.2,0.12,0.12,0.3,0.3,-0.3,-0.3,0.08,-0.08,0.0886985397,0.4,0.12,0.3,0.3,0.08,-0.12,0.2,0.12,-0.3,0.08,0.3
1684,42302977,1.10556221,2.67278194,-1.60572791,2.08345079,4.03458977,1.80766177,-2.19346523,-7.6996727,-134.212753,-11.8403654,6.48424959,-4.54995346,0.0884449768,0.12,-0.4,0.2,0.12,0.12,0.3,0.3,-0.3,-0.3,0.08,-0.08,0.0884449768,0.4,0.12,0.3,0.3,0.08,-0.12,0.2,0.12,-0.3,0.08,0.3
1685,42320347,1.10697091,2.67146373,-1.60019886,2.08321381,4.03415251,1.80764639,-2.18724608,-7.70257044,-134.209915,-11.8401995,6.48558044,-4.55020761,0.0885576725,0.12,-0.4,0.2,0.12,0.12,0.3,0.3,-0.3,-0.3,0.08,-0.08,0.0885576725,0.4,0.12,0.3,0.3,0.08,-0.12,0.2,0.12,-0.3,0.08,0.3
1686,42341975,1.11274517,2.66931486,-1.59141767,2.08364868,4.03191042,1.80794621,-2.17686677,-7.70833397,-134.203918,-11.8405581,6.4902153,-4.54978561,0.0890196133,0.12,-0.4,0.2,0.12,0.12,0.3,0.3,-0.3,-0.3,0.08,-0.08,0.0890196133,0.4,0.12,0.3,0.3,0.08,-0.12,0.2,0.12,-0.3,0.08,0.3
1687,42360883,1.12122786,2.6672473,-1.58325815,2.08564758,4.0290103,1.80882394,-2.1663928,-7.71516562,-134.196518,-11.8402863,6.4969883,-4.54856968,0.0896982288,0.12,-0.4,0.2,0.12,0.12,0.3,0.3,-0.3,-0.3,0.08,-0.08,0.0896982288,0.4,0.12,0.3,0.3,0.08,-0.12,0.2,0.12,-0.3,0.08,0.3
1688,42379489,1.13132679,2.66631937,-1.57620263,2.08893132,4.02648067,1.81016326,-2.15687275,-7.72242069,-134.189224,-11.8392181,6.50451517,-4.54662943,0.0905061436,0.12,-0.4,0.2,0.12,0.12,0.3,0.3,-0.3,-0.3,0.08,-0.08,0.0905061436,0.4,0.12,0.3,0.3,0.08,-0.12,0.2,0.12,-0.3,0.08,0.3
1689,42401841,1.14096963,2.66564488,-1.57149136,2.09067631,4.0252471,1.81185663,-2.15040255,-7.72700262,-134.183228,-11.8381939,6.51090765,-4.54525232,0.0912775707,0.12,-0.4,0.2,0.12,0.12,0.3,0.3,-0.3,-0.3,0.08,-0.08,0.0912775707,0.4,0.12,0.3,0.3,0.08,-0.12,0.2,0.12,-0.3,0.08,0.3
1690,42421775,1.15006733,2.6639781,-1.56686842,2.08875632,4.02469349,1.81371868,-2.14565802,-7.72834206,-134.178055,-11.8379574,6.5160718,-4.54506922,0.0920053864,0.12,-0.4,0.2,0.12,0.12,0.3,0.3,-0.3,-0.3,0.08,-0.08,0.0920053864,0.4,0.12,0.3,0.3,0.08,-0.12,0.2,0.12,-0.3,0.08,0.3
1691,42441878,1.15815794,2.66152716,-1.56378376,2.08463502,4.02576113,1.81549442,-2.14415574,-7.726192,-134.17395,-11.8389807,6.51861477,-4.54624081,0.0926526356,0.12,-0.4,0.2,0.12,0.12,0.3,0.3,-0.3,-0.3,0.08,-0.08,0.0926526356,0.4,0.12,0.3,0.3,0.08,-0.12,0.2,0.12,-0.3,0.08,0.3
1692,42461206,1.16399276,2.65905809,-1.56236851,2.08017135,4.0264554,1.81674528,-2.14552879,-7.72242165,-134.171051,-11.839572,6.52055311,-4.54728127,0.093119421,0.12,-0.4,0.2,0.12,0.12,0.3,0.3,-0.3,-0.3,0.08,-0.08,0.093119421,0.4,0.12,0.3,0.3,0.08,-0.12,0.2,0.12,-0.3,0.08,0.3
1693,42489949,1.16505754,2.6563704,-1.56543529,2.07653093,4.02714586,1.81761289,-2.15180635,-7.7157383,-134.168182,-11.8388329,6.5199213,-4.54876566,0.0932046032,0.12,-0.4,0.2,0.12,0.12,0.3,0.3,-0.3,-0.3,0.08,-0.08,0.0932046032,0.4,0.12,0.3,0.3,0.08,-0.12,0.2,0.12,-0.3,0.08,0.3
1694,42500557,1.16324377,2.65373778,-1.56896722,2.07334638,4.02701759,1.81855476,-2.15898156,-7.70945168,-134.166245,-11.8369179,6.51795053,-4.55013514,0.0930595016,0.12,-0.4,0.2,0.12,0.12,0.3,0.3,-0.3,-0.3,0.08,-0.08,0.0930595016,0.4,0.12,0.3,0.3,0.08,-0.12,0.2,0.12,-0.3,0.08,0.3
1695,42534349,1.16102302,2.65147281,-1.57097936,2.07083869,4.02686024,1.81942129,-2.16436601,-7.70514393,-134.164291,-11.834651,6.5161891,-4.55141115,0.0928818417,0.12,-0.4,0.2,0.12,0.12,0.3,0.3,-0.3,-0.3,0.08,-0.08,0.0928818417,0.4,0.12,0.3,0.3,0.08,-0.12,0.2,0.12,-0.3,0.08,0.3
1696,42544318,1.15944898,2.64814544,-1.57069135,2.06772614,4.02536583,1.82009304,-2.16623712,-7.70262766,-134.161194,-11.8321505,6.51480865,-4.55278254,0.0927559185,0.12,-0.4,0.2,0.12,0.12,0.3,0.3,-0.3,-0.3,0.08,-0.08,0.0927559185,0.4,0.12,0.3,0.3,0.08,-0.12,0.2,0.12,-0.3,0.08,0.3
1697,42562551,1.15845144,2.64500713,-1.57111788,2.06635785,4.02355766,1.82034814,-2.16743708,-7.70122433,-134.15741,-11.8294058,6.51282072,-4.55375671,0.092676115,0.12,-0.4,0.2,0.12,0.12,0.3,0.3,-0.3,-0.3,0.08,-0.08,0.092676115,0.4,0.12,0.3,0.3,0.08,-0.12,0.2,0.12,-0.3,0.08,0.3
1698,42583790,1.15864336,2.64405107,-1.57175446,2.06785536,4.02187395,1.82027173,-2.1675384,-7.70246983,-134.154312,-11.8262186,6.51117563,-4.55323315,0.0926914692,0.12,-0.4,0.2,0.12,0.12,0.3,0.3,-0.3,-0.3,0.08,-0.08,0.0926914692,0.4,0.12,0.3,0.3,0.08,-0.12,0.2,0.12,-0.3,0.08,0.3
1699,42601480,1.16024768,2.64521122,-1.57165337,2.07131243,4.02154684,1.82012999,-2.16610527,-7.70574617,-134.152161,-11.8239355,6.50992584,-4.55201864,0.0928198147,0.12,-0.4,0.2,0.12,0.12,0.3,0.3,-0.3,-0.3,0.08,-0.08,0.0928198147,0.4,0.12,0.3,0.3,0.08,-0.12,0.2,0.12,-0.3,0.08,0.3
1700,42634586,1.16297793,2.64873362,-1.57118666,2.07734156,4.02186489,1.81955957,-2.16333246,-7.711555,-134.151489,-11.8230858,6.50900984,-4.54970551,0.0930382347,0.12,-0.4,0.2,0.12,0.12,0.3,0.3,-0.3,-0.3,0.08,-0.08,0.0930382347,0.4,0.12,0.3,0.3,0.08,-0.12,0.2,0.12,-0.3,0.08,0.3
1701,42644005,1.1672821,2.65328407,-1.57029128,2.08218956,4.02370167,1.81901824,-2.16032577,-7.71669769,-134.151398,-11.8246813,6.50836706,-4.54757881,0.0933825684,0.12,-0.4,0.2,0.12,0.12,0.3,0.3,-0.3,-0.3,0.08,-0.08,0.0933825684,0.4,0.12,0.3,0.3,0.08,-0.12,0.2,0.12,-0.3,0.08,0.3
1702,42661171,1.172418,2.65962362,-1.57002938,2.08852005,4.02672577,1.81810451,-2.15819693,-7.72241163,-134.152618,-11.8286705,6.50754881,-4.54509258,0.0937934399,0.12,-0.4,0.2,0.12,0.12,0.3,0.3,-0.3,-0.3,0.08,-0.08,0.0937934399,0.4,0.12,0.3,0.3,0.08,-0.12,0.2,0.12,-0.3,0.08,0.3
1703,42686014,1.17702115,2.66776586,-1.57156897,2.09579968,4.03181314,1.81690097,-2.15818644,-7.72732496,-134.155991,-11.8347759,6.50640535,-4.54249525,0.0941616917,0.12,-0.4,0.2,0.12,0.12,0.3,0.3,-0.3,-0.3,0.08,-0.08,0.0941616917,0.4,0.12,0.3,0.3,0.08,-0.12,0.2,0.12,-0.3,0.08,0.3
1704,42699997,1.17966604,2.67648864,-1.57342839,2.10242248,4.0355444,1.81538677,-2.15909362,-7.73193026,-134.160263,-11.8412094,6.50694227,-4.53937149,0.0943732834,0.12,-0.4,0.2,0.12,0.12,0.3,0.3,-0.3,-0.3,0.08,-0.08,0.0943732834,0.4,0.12,0.3,0.3,0.08,-0.12,0.2,0.12,-0.3,0.08,0.3
1705,42720037,1.17959654,2.6837368,-1.57712841,2.106565,4.03876638,1.81424654,-2.16232371,-7.73376417,-134.16507,-11.8476,6.50697374,-4.53734207,0.0943677235,0.12,-0.4,0.2,0.12,0.12,0.3,0.3,-0.3,-0.3,0.08,-0.08,0.0943677235,0.4,0.12,0.3,0.3,0.08,-0.12,0.2,0.12,-0.3,0.08,0.3
1706,42741983,1.17686033,2.69077206,-1.58227932,2.11128879,4.04119873,1.81279182,-2.16757941,-7.73521328,-134.171387,-11.8529463,6.50647402,-4.53520775,0.0941488266,0.12,-0.4,0.2,0.12,0.12,0.3,0.3,-0.3,-0.3,0.08,-0.08,0.0941488266,0.4,0.12,0.3,0.3,0.08,-0.12,0.2,0.12,-0.3,0.08,0.3
1707,42762765,1.16997004,2.69647288,-1.58883512,2.11493516,4.04147625,1.81114697,-2.17397189,-7.73560476,-134.177292,-11.8553915,6.50617599,-4.5332756,0.0935976028,0.12,-0.4,0.2,0.12,0.12,0.3,0.3,-0.3,-0.3,0.08,-0.08,0.0935976028,0.4,0.12,0.3,0.3,0.08,-0.12,0.2,0.12,-0.3,0.08,0.3
1708,42781966,1.15904367,2.69723177,-1.59469223,2.11367464,4.03977203,1.81002891,-2.17948818,-7.73270416,-134.181915,-11.8556528,6.50388432,-4.53391552,0.0927234936,0.12,-0.4,0.2,0.12,0.12,0.3,0.3,-0.3,-0.3,0.08,-0.08,0.0927234936,0.4,0.12,0.3,0.3,0.08,-0.12,0.2,0.12,-0.3,0.08,0.3
1709,42807607,1.14790869,2.69213152,-1.5956099,2.10620618,4.03634834,1.80966818,-2.18106675,-7.72770882,-134.184128,-11.8541136,6.50209427,-4.5371809,0.091832695,0.12,-0.4,0.2,0.12,0.12,0.3,0.3,-0.3,-0.3,0.08,-0.08,0.091832695,0.4,0.12,0.3,0.3,0.08,-0.12,0.2,0.12,-0.3,0.08,0.3
1710,42822277,1.13667071,2.68241668,-1.59569943,2.09626031,4.03167439,1.80954587,-2.18120742,-7.72090101,-134.183502,-11.8501282,6.49901342,-4.54219007,0.0909336567,0.12,-0.4,0.2,0.12,0.12,0.3,0.3,-0.3,-0.3,0.08,-0.08,0.0909336567,0.4,0.12,0.3,0.3,0.08,-0.12,0.2,0.12,-0.3,0.08,0.3
1711,42841661,1.12576759,2.67074323,-1.59643531,2.08662558,4.02638578,1.80949843,-2.18148375,-7.71315336,-134.181137,-11.8435287,6.49408531,-4.5473094,0.0900614071,0.12,-0.4,0.2,0.12,0.12,0.3,0.3,-0.3,-0.3,0.08,-0.08,0.0900614071,0.4,0.12,0.3,0.3,0.08,-0.12,0.2,0.12,-0.3,0.08,0.3
1712,42865815,1.1156373,2.66088223,-1.59925699,2.07991624,4.02182198,1.80942214,-2.18375826,-7.70568562,-134.177292,-11.8349791,6.48803759,-4.5511775,0.0892509842,0.12,-0.4,0.2,0.12,0.12,0.3,0.3,-0.3,-0.3,0.08,-0.08,0.0892509842,0.4,0.12,0.3,0.3,0.08,-0.12,0.2,0.12,-0.3,0.08,0.3
1713,42881327,1.10765731,2.65384865,-1.60161102,2.07629204,4.01801825,1.80948472,-2.18499374,-7.70086861,-134.172852,-11.8260851,6.48150778,-4.55333185,0.0886125851,0.12,-0.4,0.2,0.12,0.12,0.3,0.3,-0.3,-0.3,0.08,-0.08,0.0886125851,0.4,0.12,0.3,0.3,0.08,-0.12,0.2,0.12,-0.3,0.08,0.3
1714,42901536,1.1044364,2.65115523,-1.60111952,2.07743812,4.01631212,1.8094449,-2.18294454,-7.70131683,-134.168213,-11.8194075,6.47543001,-4.55346155,0.0883549118,0.12,-0.4,0.2,0.12,0.12,0.3,0.3,-0.3,-0.3,0.08,-0.08,0.0883549118,0.4,0.12,0.3,0.3,0.08,-0.12,0.2,0.12,-0.3,0.08,0.3
1715,42921274,1.10566962,2.65243626,-1.599262,2.08203769,4.01667547,1.80909252,-2.17856622,-7.70567989,-134.163437,-11.8160048,6.47085333,-4.55199623,0.0884535694,0.12,-0.4,0.2,0.12,0.12,0.3,0.3,-0.3,-0.3,0.08,-0.08,0.0884535694,0.4,0.12,0.3,0.3,0.08,-0.12,0.2,0.12,-0.3,0.08,0.3
1716,42940400,1.11010027,2.65683317,-1.59693789,2.08909392,4.01792479,1.80837584,-2.17288041,-7.71273804,-134.158371,-11.815731,6.4680109,-4.5492301,0.0888080215,0.12,-0.4,0.2,0.12,0.12,0.3,0.3,-0.3,-0.3,0.08,-0.08,0.0888080215,0.4,0.12,0.3,0.3,0.08,-0.12,0.2,0.12,-0.3,0.08,0.3
1717,42962918,1.11617661,2.66322374,-1.5952065,2.09711099,4.01957273,1.8075006,-2.16767406,-7.72065401,-134.153275,-11.8178625,6.46701384,-4.5457406,0.0892941284,0.12,-0.4,0.2,0.12,0.12,0.3,0.3,-0.3,-0.3,0.08,-0.08,0.0892941284,0.4,0.12,0.3,0.3,0.08,-0.12,0.2,0.12,-0.3,0.08,0.3
1718,42983076,1.12097466,2.67124701,-1.59658301,2.10617375,4.02170372,1.80641508,-2.16571522,-7.72780132,-134.148666,-11.8211384,6.46650171,-4.54189348,0.0896779728,0.12,-0.4,0.2,0.12,0.12,0.3,0.3,-0.3,-0.3,0.08,-0.08,0.0896779728,0.4,0.12,0.3,0.3,0.08,-0.12,0.2,0.12,-0.3,0.08,0.3
1719,43000827,1.12470233,2.67752457,-1.59614551,2.11098456,4.02394724,1.80595899,-2.16343141,-7.7328434,-134.14418,-11.8257999,6.46687365,-4.53959894,0.0899761868,0.12,-0.4,0.2,0.12,0.12,0.3,0.3,-0.3,-0.3,0.08,-0.08,0.0899761868,0.4,0.12,0.3,0.3,0.08,-0.12,0.2,0.12,-0.3,0.08,0.3
1720,43027574,1.12800932,2.68078136,-1.59311569,2.11192203,4.02619505,1.80588102,-2.15991545,-7.73605967,-134.139679,-11.8317871,6.46801329,-4.53937721,0.0902407455,0.12,-0.4,0.2,0.12,0.12,0.3,0.3,-0.3,-0.3,0.08,-0.08,0.0902407455,0.4,0.12,0.3,0.3,0.08,-0.12,0.2,0.12,-0.3,0.08,0.3
1721,43040756,1.1325475,2.68086243,-1.58599794,2.11023879,4.02646351,1.80605948,-2.15290022,-7.73942804,-134.134125,-11.8375177,6.47188234,-4.53985405,0.0906037998,0.12,-0.4,0.2,0.12,0.12,0.3,0.3,-0.3,-0.3,0.08,-0.08,0.0906037998,0.4,0.12,0.3,0.3,0.08,-0.12,0.2,0.12,-0.3,0.08,0.3
1722,43065487,1.13857436,2.67808461,-1.57752419,2.10687399,4.02459621,1.80681705,-2.14486194,-7.74199486,-134.126724,-11.841568,6.47819805,-4.54063749,0.0910859489,0.12,-0.4,0.2,0.12,0.12,0.3,0.3,-0.3,-0.3,0.08,-0.08,0.0910859489,0.4,0.12,0.3,0.3,0.08,-0.12,0.2,0.12,-0.3,0.08,0.3
1723,43084999,1.1459775,2.67273378,-1.56895542,2.10158992,4.02120924,1.80858672,-2.13714552,-7.74297094,-134.11821,-11.8430233,6.48666716,-4.54177046,0.0916781998,0.12,-0.4,0.2,0.12,0.12,0.3,0.3,-0.3,-0.3,0.08,-0.08,0.0916781998,0.4,0.12,0.3,0.3,0.08,-0.12,0.2,0.12,-0.3,0.08,0.3
1724,43100538,1.15322828,2.66648102,-1.56255984,2.09666276,4.01708508,1.81093323,-2.13184381,-7.74272537,-134.109863,-11.8412266,6.49545145,-4.54260588,0.0922582626,0.12,-0.4,0.2,0.12,0.12,0.3,0.3,-0.3,-0.3,0.08,-0.08,0.0922582626,0.4,0.12,0.3,0.3,0.08,-0.12,0.2,0.12,-0.3,0.08,0.3
1725,43121926,1.15865445,2.66065264,-1.55973768,2.09289718,4.01327991,1.81335783,-2.12992954,-7.74110317,-134.103149,-11.8366508,6.50189066,-4.54304981,0.0926923561,0.12,-0.4,0.2,0.12,0.12,0.3,0.3,-0.3,-0.3,0.08,-0.08,0.0926923561,0.4,0.12,0.3,0.3,0.08,-0.12,0.2,0.12,-0.3,0.08,0.3
1726,43142228,1.16308105,2.65617466,-1.55787575,2.09006596,4.01037312,1.81553411,-2.12934637,-7.73944426,-134.098221,-11.8310375,6.50590992,-4.54303646,0.093046484,0.12,-0.4,0.2,0.12,0.12,0.3,0.3,-0.3,-0.3,0.08,-0.08,0.093046484,0.4,0.12,0.3,0.3,0.08,-0.12,0.2,0.12,-0.3,0.08,0.3
1727,43161698,1.16763496,2.6533699,-1.55594194,2.08832288,4.00881195,1.81725812,-2.12864208,-7.73873138,-134.09523,-11.8261518,6.50786066,-4.54272509,0.0934107971,0.12,-0.4,0.2,0.12,0.12,0.3,0.3,-0.3,-0.3,0.08,-0.08,0.0934107971,0.4,0.12,0.3,0.3,0.08,-0.12,0.2,0.12,-0.3,0.08,0.3
1728,43182298,1.17131996,2.65260315,-1.55661047,2.08799195,4.00908613,1.81813884,-2.13019276,-7.73751259,-134.094666,-11.8226862,6.5073595,-4.54215384,0.0937055969,0.12,-0.4,0.2,0.12,0.12,0.3,0.3,-0.3,-0.3,0.08,-0.08,0.0937055969,0.4,0.12,0.3,0.3,0.08,-0.12,0.2,0.12,-0.3,0.08,0.3
1729,43198890,1.1737107,2.65309978,-1.55879033,2.08708596,4.01040506,1.81848562,-2.1336453,-7.73500538,-134.095551,-11.8206921,6.50563526,-4.54176092,0.0938968563,0.12,-0.4,0.2,0.12,0.12,0.3,0.3,-0.3,-0.3,0.08,-0.08,0.0938968563,0.4,0.12,0.3,0.3,0.08,-0.12,0.2,0.12,-0.3,0.08,0.3
1730,43226925,1.17457676,2.65325952,-1.56115055,2.08459544,4.01203585,1.81864095,-2.13777781,-7.73125315,-134.09729,-11.8200636,6.50335026,-4.54222393,0.0939661407,0.12,-0.4,0.2,0.12,0.12,0.3,0.3,-0.3,-0.3,0.08,-0.08,0.0939661407,0.4,0.12,0.3,0.3,0.08,-0.12,0.2,0.12,-0.3,0.08,0.3
1731,43240435,1.17368877,2.6529634,-1.56432962,2.08111882,4.01429987,1.81861639,-2.14321637,-7.72603655,-134.099869,-11.8204012,6.50052357,-4.5435195,0.0938951015,0.12,-0.4,0.2,0.12,0.12,0.3,0.3,-0.3,-0.3,0.08,-0.08,0.0938951015,0.4,0.12,0.3,0.3,0.08,-0.12,0.2,0.12,-0.3,0.08,0.3
1732,43274162,1.1711719,2.65232038,-1.56815088,2.07674909,4.01730728,1.81848288,-2.15002251,-7.71923208,-134.103088,-11.8216267,6.49725485,-4.54559326,0.0936937523,0.12,-0.4,0.2,0.12,0.12,0.3,0.3,-0.3,-0.3,0.08,-0.08,0.0936937523,0.4,0.12,0.3,0.3,0.08,-0.12,0.2,0.12,-0.3,0.08,0.3
1733,43279757,1.16663039,2.65224242,-1.57414496,2.07337999,4.02134705,1.81800377,-2.15933609,-7.71119881,-134.107346,-11.8235016,6.49290705,-4.54800224,0.093330431,0.12,-0.4,0.2,0.12,0.12,0.3,0.3,-0.3,-0.3,0.08,-0.08,0.093330431,0.4,0.12,0.3,0.3,0.08,-0.12,0.2,0.12,-0.3,0.08,0.3
1734,43298826,1.16164315,2.65392685,-1.57982516,2.07220721,4.02550697,1.81724954,-2.16846704,-7.7049737,-134.112442,-11.8258657,6.48911047,-4.54950237,0.0929314518,0.12,-0.4,0.2,0.12,0.12,0.3,0.3,-0.3,-0.3,0.08,-0.08,0.0929314518,0.4,0.12,0.3,0.3,0.08,-0.12,0.2,0.12,-0.3,0.08,0.3
1735,43322647,1.15758967,2.65763879,-1.5833323,2.07491398,4.02803946,1.81617236,-2.17436004,-7.70385075,-134.117401,-11.8280745,6.48774147,-4.54895401,0.0926071739,0.12,-0.4,0.2,0.12,0.12,0.3,0.3,-0.3,-0.3,0.08,-0.08,0.0926071739,0.4,0.12,0.3,0.3,0.08,-0.12,0.2,0.12,-0.3,0.08,0.3
1736,43345387,1.15526807,2.66179514,-1.5845691,2.07939076,4.02881098,1.81527555,-2.17628169,-7.70669699,-134.121109,-11.8299093,6.48890924,-4.54716444,0.0924214458,0.12,-0.4,0.2,0.12,0.12,0.3,0.3,-0.3,-0.3,0.08,-0.08,0.0924214458,0.4,0.12,0.3,0.3,0.08,-0.12,0.2,0.12,-0.3,0.08,0.3
1737,43361000,1.15439737,2.66622925,-1.58482325,2.08607268,4.02821541,1.81441784,-2.17533779,-7.7128253,-134.124039,-11.831171,6.49151468,-4.54445791,0.0923517895,0.12,-0.4,0.2,0.12,0.12,0.3,0.3,-0.3,-0.3,0.08,-0.08,0.0923517895,0.4,0.12,0.3,0.3,0.08,-0.12,0.2,0.12,-0.3,0.08,0.3
1738,43380409,1.15460086,2.67118144,-1.58469999,2.09455776,4.02726126,1.81348133,-2.17206454,-7.72133827,-134.127121,-11.831852,6.49430704,-4.54117584,0.0923680687,0.12,-0.4,0.2,0.12,0.12,0.3,0.3,-0.3,-0.3,0.08,-0.08,0.0923680687,0.4,0.12,0.3,0.3,0.08,-0.12,0.2,0.12,-0.3,0.08,0.3
1739,43401834,1.15566444,2.67761755,-1.58387637,2.10606194,4.0258069,1.8120786,-2.16627884,-7.73319674,-134.131042,-11.8322601,6.49657679,-4.53679132,0.0924531555,0.12,-0.4,0.2,0.12,0.12,0.3,0.3,-0.3,-0.3,0.08,-0.08,0.0924531555,0.4,0.12,0.3,0.3,0.08,-0.12,0.2,0.12,-0.3,0.08,0.3
1740,43424837,1.15745974,2.68594956,-1.5838387,2.1193645,4.02544832,1.81036007,-2.16001344,-7.74635887,-134.136322,-11.8336153,6.4971509,-4.53183126,0.0925967789,0.12,-0.4,0.2,0.12,0.12,0.3,0.3,-0.3,-0.3,0.08,-0.08,0.0925967789,0.4,0.12,0.3,0.3,0.08,-0.12,0.2,0.12,-0.3,0.08,0.3
1741,43438452,1.15898585,2.6960268,-1.58584797,2.1323657,4.02645683,1.80820096,-2.15573502,-7.75827074,-134.14325,-11.8366146,6.49578094,-4.52677011,0.0927188683,0.12,-0.4,0.2,0.12,0.12,0.3,0.3,-0.3,-0.3,0.08,-0.08,0.0927188683,0.4,0.12,0.3,0.3,0.08,-0.12,0.2,0.12,-0.3,0.08,0.3
1742,43475219,1.15991855,2.70568395,-1.5872395,2.14202332,4.02751589,1.80597866,-2.15174103,-7.76806402,-134.150391,-11.8411617,6.49396849,-4.5224576,0.0927934837,0.12,-0.4,0.2,0.12,0.12,0.3,0.3,-0.3,-0.3,0.08,-0.08,0.0927934837,0.4,0.12,0.3,0.3,0.08,-0.12,0.2,0.12,-0.3,0.08,0.3
1743,43480764,1.1600126,2.71108437,-1.58535743,2.14565992,4.02753019,1.80423629,-2.1459868,-7.77445126,-134.155502,-11.8466187,6.49285269,-4.52051449,0.0928010082,0.12,-0.4,0.2,0.12,0.12,0.3,0.3,-0.3,-0.3,0.08,-0.08,0.0928010082,0.4,0.12,0.3,0.3,0.08,-0.12,0.2,0.12,-0.3,0.08,0.3
1744,43500725,1.16000485,2.71126223,-1.58017242,2.14421344,4.02611923,1.80344689,-2.13829207,-7.77828693,-134.158051,-11.8515644,6.49300098,-4.52088261,0.0928003883,0.12,-0.4,0.2,0.12,0.12,0.3,0.3,-0.3,-0.3,0.08,-0.08,0.0928003883,0.4,0.12,0.3,0.3,0.08,-0.12,0.2,0.12,-0.3,0.08,0.3
1745,43535356,1.15975821,2.70697021,-1.57416379,2.13931394,4.02382135,1.80356741,-2.13078094,-7.77906609,-134.158737,-11.8545561,6.49433756,-4.52303219,0.0927806568,0.12,-0.4,0.2,0.12,0.12,0.3,0.3,-0.3,-0.3,0.08,-0.08,0.0927806568,0.4,0.12,0.3,0.3,0.08,-0.12,0.2,0.12,-0.3,0.08,0.3
1746,43540289,1.16006982,2.70081139,-1.56802237,2.13381219,4.02047443,1.80428767,-2.12385988,-7.77861023,-134.157623,-11.8547373,6.49697065,-4.52536154,0.0928055859,0.12,-0.4,0.2,0.12,0.12,0.3,0.3,-0.3,-0.3,0.08,-0.08,0.0928055859,0.4,0.12,0.3,0.3,0.08,-0.12,0.2,0.12,-0.3,0.08,0.3
1747,43560414,1.16194427,2.69268799,-1.56158972,2.12502337,4.01717615,1.80606866,-2.1180191,-7.77505636,-134.155136,-11.8531055,6.50080347,-4.52848577,0.0929555416,0.12,-0.4,0.2,0.12,0.12,0.3,0.3,-0.3,-0.3,0.08,-0.08,0.0929555416,0.4,0.12,0.3,0.3,0.08,-0.12,0.2,0.12,-0.3,0.08,0.3
1748,43585402,1.16529322,2.68346524,-1.55652392,2.11350822,4.01510286,1.80857587,-2.11527896,-7.76770496,-134.152161,-11.850563,6.50458193,-4.53242779,0.0932234573,0.12,-0.4,0.2,0.12,0.12,0.3,0.3,-0.3,-0.3,0.08,-0.08,0.0932234573,0.4,0.12,0.3,0.3,0.08,-0.12,0.2,0.12,-0.3,0.08,0.3
1749,43602268,1.1683768,2.67386031,-1.55404544,2.10079622,4.01414585,1.81133831,-2.11672521,-7.75700426,-134.149704,-11.8470907,6.50738859,-4.53670311,0.0934701443,0.12,-0.4,0.2,0.12,0.12,0.3,0.3,-0.3,-0.3,0.08,-0.08,0.0934701443,0.4,0.12,0.3,0.3,0.08,-0.12,0.2,0.12,-0.3,0.08,0.3
1750,43621997,1.16986167,2.66360235,-1.55350935,2.08646011,4.0136857,1.81420267,-2.12172937,-7.74320459,-134.147354,-11.8426542,6.50916624,-4.5415225,0.0935889339,0.12,-0.4,0.2,0.12,0.12,0.3,0.3,-0.3,-0.3,0.08,-0.08,0.0935889339,0.4,0.12,0.3,0.3,0.08,-0.12,0.2,0.12,-0.3,0.08,0.3
1751,43641519,1.1693927,2.65316796,-1.554672,2.07215047,4.01350594,1.81700802,-2.12951326,-7.72801161,-134.145493,-11.837472,6.50958204,-4.54656887,0.0935514164,0.12,-0.4,0.2,0.12,0.12,0.3,0.3,-0.3,-0.3,0.08,-0.08,0.0935514164,0.4,0.12,0.3,0.3,0.08,-0.12,0.2,0.12,-0.3,0.08,0.3
1752,43660810,1.1668421,2.64437509,-1.55886304,2.06038451,4.01425266,1.81931567,-2.14068437,-7.71273136,-134.145187,-11.8317614,6.50833035,-4.55096197,0.0933473682,0.12,-0.4,0.2,0.12,0.12,0.3,0.3,-0.3,-0.3,0.08,-0.08,0.0933473682,0.4,0.12,0.3,0.3,0.08,-0.12,0.2,0.12,-0.3,0.08,0.3
1753,43682107,1.16336715,2.63871884,-1.56435454,2.05254889,4.01613617,1.8209393,-2.15287852,-7.69972324,-134.146439,-11.8264341,6.50594425,-4.55411768,0.0930693722,0.12,-0.4,0.2,0.12,0.12,0.3,0.3,-0.3,-0.3,0.08,-0.08,0.0930693722,0.4,0.12,0.3,0.3,0.08,-0.12,0.2,0.12,-0.3,0.08,0.3
1754,43700184,1.16025114,2.6371665,-1.57007468,2.04995823,4.01945686,1.8217541,-2.16415644,-7.69109535,-134.149841,-11.8227463,6.50299168,-4.5556488,0.0928200912,0.12,-0.4,0.2,0.12,0.12,0.3,0.3,-0.3,-0.3,0.08,-0.08,0.0928200912,0.4,0.12,0.3,0.3,0.08,-0.12,0.2,0.12,-0.3,0.08,0.3
1755,43721944,1.15979385,2.64099717,-1.57368898,2.05406713,4.02424288,1.82155132,-2.17138171,-7.68963432,-134.155334,-11.8220539,6.50112677,-4.55472994,0.0927835083,0.12,-0.4,0.2,0.12,0.12,0.3,0.3,-0.3,-0.3,0.08,-0.08,0.0927835083,0.4,0.12,0.3,0.3,0.08,-0.12,0.2,0.12,-0.3,0.08,0.3
1756,43741980,1.16227841,2.64964056,-1.5759331,2.06343436,4.02973604,1.82038724,-2.17489552,-7.69435692,-134.162201,-11.8245649,6.50147438,-4.55136967,0.0929822731,0.12,-0.4,0.2,0.12,0.12,0.3,0.3,-0.3,-0.3,0.08,-0.08,0.0929822731,0.4,0.12,0.3,0.3,0.08,-0.12,0.2,0.12,-0.3,0.08,0.3
1757,43763895,1.16791129,2.66082573,-1.57527006,2.07521605,4.03402185,1.81879687,-2.17337203,-7.70430899,-134.16922,-11.8297195,6.50543928,-4.54624844,0.0934329033,0.12,-0.4,0.2,0.12,0.12,0.3,0.3,-0.3,-0.3,0.08,-0.08,0.0934329033,0.4,0.12,0.3,0.3,0.08,-0.12,0.2,0.12,-0.3,0.08,0.3
1758,43780362,1.17485762,2.67187357,-1.57411325,2.08662128,4.03746557,1.81728923,-2.17001033,-7.71533155,-134.176025,-11.8365164,6.51150036,-4.54109478,0.0939886093,0.12,-0.4,0.2,0.12,0.12,0.3,0.3,-0.3,-0.3,0.08,-0.08,0.0939886093,0.4,0.12,0.3,0.3,0.08,-0.12,0.2,0.12,-0.3,0.08,0.3
1759,43811564,1.18106318,2.68109894,-1.57286918,2.09600234,4.03952026,1.8160882,-2.16610003,-7.72553778,-134.182755,-11.8433256,6.51865721,-4.53674698,0.094485054,0.12,-0.4,0.2,0.12,0.12,0.3,0.3,-0.3,-0.3,0.08,-0.08,0.094485054,0.4,0.12,0.3,0.3,0.08,-0.12,0.2,0.12,-0.3,0.08,0.3
1760,43821538,1.18633044,2.68637228,-1.56888473,2.10130596,4.03990221,1.81559396,-2.15978456,-7.73425722,-134.188675,-11.8495026,6.52634954,-4.53430462,0.094906435,0.12,-0.4,0.2,0.12,0.12,0.3,0.3,-0.3,-0.3,0.08,-0.08,0.094906435,0.4,0.12,0.3,0.3,0.08,-0.12,0.2,0.12,-0.3,0.08,0.3
1761,43845392,1.19118309,2.68765712,-1.56226552,2.10390878,4.03785229,1.81556487,-2.15091228,-7.74239492,-134.193542,-11.8539543,6.53441334,-4.53311539,0.0952946472,0.12,-0.4,0.2,0.12,0.12,0.3,0.3,-0.3,-0.3,0.08,-0.08,0.0952946472,0.4,0.12,0.3,0.3,0.08,-0.12,0.2,0.12,-0.3,0.08,0.3
1762,43861314,1.19657624,2.6861496,-1.55496943,2.10447359,4.03505087,1.8161689,-2.14160705,-7.74881935,-134.197617,-11.8566723,6.54182529,-4.53287888,0.095726099,0.12,-0.4,0.2,0.12,0.12,0.3,0.3,-0.3,-0.3,0.08,-0.08,0.095726099,0.4,0.12,0.3,0.3,0.08,-0.12,0.2,0.12,-0.3,0.08,0.3
1763,43880739,1.20256495,2.68432307,-1.54864025,2.10587287,4.03163958,1.81693709,-2.13334203,-7.75493526,-134.202133,-11.857255,6.54846811,-4.53206301,0.0962051964,0.12,-0.4,0.2,0.12,0.12,0.3,0.3,-0.3,-0.3,0.08,-0.08,0.0962051964,0.4,0.12,0.3,0.3,0.08,-0.12,0.2,0.12,-0.3,0.08,0.3
1764,43902185,1.20835626,2.68287492,-1.54423237,2.10734987,4.02801752,1.81793296,-2.12699032,-7.75996494,-134.207123,-11.8556032,6.55442715,-4.53060865,0.0966685009,0.12,-0.4,0.2,0.12,0.12,0.3,0.3,-0.3,-0.3,0.08,-0.08,0.0966685009,0.4,0.12,0.3,0.3,0.08,-0.12,0.2,0.12,-0.3,0.08,0.3
1765,43920405,1.21319389,2.68178487,-1.5417527,2.10854149,4.02482414,1.81903207,-2.12278628,-7.76353025,-134.213104,-11.852808,6.55821753,-4.52904463,0.0970555115,0.12,-0.4,0.2,0.12,0.12,0.3,0.3,-0.3,-0.3,0.08,-0.08,0.0970555115,0.4,0.12,0.3,0.3,0.08,-0.12,0.2,0.12,-0.3,0.08,0.3
1766,43942875,1.21523917,2.68140054,-1.54375708,2.10860753,4.02336311,1.81979728,-2.12375259,-7.76332283,-134.220978,-11.8494444,6.55872536,-4.52789164,0.0972191334,0.12,-0.4,0.2,0.12,0.12,0.3,0.3,-0.3,-0.3,0.08,-0.08,0.0972191334,0.4,0.12,0.3,0.3,0.08,-0.12,0.2,0.12,-0.3,0.08,0.3
1767,43959800,1.21168268,2.68246889,-1.55199087,2.10866261,4.02323627,1.81951153,-2.13154721,-7.75908279,-134.231171,-11.8453884,6.55441761,-4.52700138,0.0969346142,0.12,-0.4,0.2,0.12,0.12,0.3,0.3,-0.3,-0.3,0.08,-0.08,0.0969346142,0.4,0.12,0.3,0.3,0.08,-0.12,0.2,0.12,-0.3,0.08,0.3
1768,43987785,1.2019484,2.68359971,-1.56404185,2.1062057,4.02444029,1.81849217,-2.14448595,-7.75015116,-134.243057,-11.8412724,6.54557991,-4.52746677,0.0961558723,0.12,-0.4,0.2,0.12,0.12,0.3,0.3,-0.3,-0.3,0.08,-0.08,0.0961558723,0.4,0.12,0.3,0.3,0.08,-0.12,0.2,0.12,-0.3,0.08,0.3
1769,44004793,1.18884885,2.68360448,-1.57423854,2.10094476,4.02625322,1.81711102,-2.15704155,-7.73973894,-134.255112,-11.8382778,6.53465128,-4.52964354,0.0951079082,0.12,-0.4,0.2,0.12,0.12,0.3,0.3,-0.3,-0.3,0.08,-0.08,0.0951079082,0.4,0.12,0.3,0.3,0.08,-0.12,0.2,0.12,-0.3,0.08,0.3
1770,44019573,1.17547917,2.68180132,-1.58028471,2.0946219,4.02788258,1.81553745,-2.16553402,-7.73075819,-134.266296,-11.8367014,6.52390385,-4.53294039,0.0940383339,0.12,-0.4,0.2,0.12,0.12,0.3,0.3,-0.3,-0.3,0.08,-0.08,0.0940383339,0.4,0.12,0.3,0.3,0.08,-0.12,0.2,0.12,-0.3,0.08,0.3
1771,44041217,1.16280973,2.67989945,-1.58569789,2.09034085,4.02909184,1.81355834,-2.17236233,-7.72358847,-134.276108,-11.8355618,6.51420116,-4.53589869,0.0930247784,0.12,-0.4,0.2,0.12,0.12,0.3,0.3,-0.3,-0.3,0.08,-0.08,0.0930247784,0.4,0.12,0.3,0.3,0.08,-0.12,0.2,0.12,-0.3,0.08,0.3
1772,44061246,1.15082228,2.67938781,-1.59224331,2.08940339,4.02928352,1.81145895,-2.17900014,-7.71857595,-134.284332,-11.8336754,6.50634241,-4.53741217,0.0920657825,0.12,-0.4,0.2,0.12,0.12,0.3,0.3,-0.3,-0.3,0.08,-0.08,0.0920657825,0.4,0.12,0.3,0.3,0.08,-0.12,0.2,0.12,-0.3,0.08,0.3
1773,44078767,1.14162922,2.67840314,-1.59548485,2.08738852,4.02901936,1.81025481,-2.18219662,-7.71494055,-134.289841,-11.8320179,6.50160074,-4.53895807,0.0913303375,0.12,-0.4,0.2,0.12,0.12,0.3,0.3,-0.3,-0.3,0.08,-0.08,0.0913303375,0.4,0.12,0.3,0.3,0.08,-0.12,0.2,0.12,-0.3,0.08,0.3
1774,44102893,1.13705575,2.67586374,-1.59285736,2.08441901,4.02794647,1.8098892,-2.17928839,-7.7143712,-134.292496,-11.8313084,6.50045347,-4.54075098,0.0909644604,0.12,-0.4,0.2,0.12,0.12,0.3,0.3,-0.3,-0.3,0.08,-0.08,0.0909644604,0.4,0.12,0.3,0.3,0.08,-0.12,0.2,0.12,-0.3,0.08,0.3
1775,44118601,1.13738656,2.67174554,-1.58652329,2.0810163,4.02710247,1.81018472,-2.17210484,-7.7154336,-134.292755,-11.8316755,6.50172472,-4.54284,0.0909909248,0.12,-0.4,0.2,0.12,0.12,0.3,0.3,-0.3,-0.3,0.08,-0.08,0.0909909248,0.4,0.12,0.3,0.3,0.08,-0.12,0.2,0.12,-0.3,0.08,0.3
1776,44142630,1.14045835,2.66780305,-1.58165753,2.07846761,4.02684784,1.81066358,-2.16634035,-7.715662,-134.291473,-11.8322697,6.50402927,-4.54460192,0.0912366676,0.12,-0.4,0.2,0.12,0.12,0.3,0.3,-0.3,-0.3,0.08,-0.08,0.0912366676,0.4,0.12,0.3,0.3,0.08,-0.12,0.2,0.12,-0.3,0.08,0.3
1777,44159855,1.14550328,2.66510105,-1.57776403,2.07686687,4.02698469,1.8115555,-2.16219068,-7.71556425,-134.289383,-11.83284,6.50749493,-4.54562235,0.0916402626,0.12,-0.4,0.2,0.12,0.12,0.3,0.3,-0.3,-0.3,0.08,-0.08,0.0916402626,0.4,0.12,0.3,0.3,0.08,-0.12,0.2,0.12,-0.3,0.08,0.3
1778,44185551,1.15128136,2.66473913,-1.57496846,2.0787909,4.02672625,1.81237972,-2.15942097,-7.71740437,-134.28714,-11.8328018,6.5118413,-4.54481697,0.0921025085,0.12,-0.4,0.2,0.12,0.12,0.3,0.3,-0.3,-0.3,0.08,-0.08,0.0921025085,0.4,0.12,0.3,0.3,0.08,-0.12,0.2,0.12,-0.3,0.08,0.3
1779,44204866,1.1566534,2.66667986,-1.57413733,2.08325839,4.02668953,1.81330538,-2.15842652,-7.7206521,-134.285355,-11.832263,6.51584339,-4.54259491,0.0925322723,0.12,-0.4,0.2,0.12,0.12,0.3,0.3,-0.3,-0.3,0.08,-0.08,0.0925322723,0.4,0.12,0.3,0.3,0.08,-0.12,0.2,0.12,-0.3,0.08,0.3
1780,44220287,1.16159761,2.66917872,-1.57277083,2.0876596,4.02673149,1.81431925,-2.15697408,-7.72481108,-134.28418,-11.8321352,6.51938391,-4.54022408,0.0929278088,0.12,-0.4,0.2,0.12,0.12,0.3,0.3,-0.3,-0.3,0.08,-0.08,0.0929278088,0.4,0.12,0.3,0.3,0.08,-0.12,0.2,0.12,-0.3,0.08,0.3
1781,44241959,1.16582704,2.67161965,-1.57148826,2.09167504,4.02678919,1.8149662,-2.15511107,-7.7292161,-134.283478,-11.8323965,6.52205276,-4.5382266,0.0932661629,0.12,-0.4,0.2,0.12,0.12,0.3,0.3,-0.3,-0.3,0.08,-0.08,0.0932661629,0.4,0.12,0.3,0.3,0.08,-0.12,0.2,0.12,-0.3,0.08,0.3
1782,44269123,1.17016888,2.6731596,-1.56845915,2.09448385,4.02624512,1.81527555,-2.15108943,-7.73398209,-134.282822,-11.8332758,6.52421284,-4.53678322,0.0936135101,0.12,-0.4,0.2,0.12,0.12,0.3,0.3,-0.3,-0.3,0.08,-0.08,0.0936135101,0.4,0.12,0.3,0.3,0.08,-0.12,0.2,0.12,-0.3,0.08,0.3
1783,44280335,1.17519248,2.67370772,-1.56439984,2.09583569,4.0258522,1.81551933,-2.14613509,-7.73805332,-134.28186,-11.8347874,6.52634096,-4.53609753,0.094015398,0.12,-0.4,0.2,0.12,0.12,0.3,0.3,-0.3,-0.3,0.08,-0.08,0.094015398,0.4,0.12,0.3,0.3,0.08,-0.12,0.2,0.12,-0.3,0.08,0.3
1784,44305044,1.18069935,2.67354465,-1.55997539,2.09658575,4.02505541,1.81586003,-2.14080381,-7.74186897,-134.28093,-11.8362751,6.52894545,-4.5356493,0.0944559479,0.12,-0.4,0.2,0.12,0.12,0.3,0.3,-0.3,-0.3,0.08,-0.08,0.0944559479,0.4,0.12,0.3,0.3,0.08,-0.12,0.2,0.12,-0.3,0.08,0.3
1785,44322761,1.18664944,2.67233849,-1.55514252,2.0959146,4.02399206,1.81660473,-2.13547754,-7.74464178,-134.27977,-11.8374367,6.53229618,-4.53557777,0.0949319553,0.12,-0.4,0.2,0.12,0.12,0.3,0.3,-0.3,-0.3,0.08,-0.08,0.0949319553,0.4,0.12,0.3,0.3,0.08,-0.12,0.2,0.12,-0.3,0.08,0.3
1786,44349823,1.1923362,2.67051935,-1.55175281,2.09405804,4.0235157,1.81766689,-2.13220835,-7.74523067,-134.278732,-11.8383598,6.53516912,-4.53609657,0.0953868961,0.12,-0.4,0.2,0.12,0.12,0.3,0.3,-0.3,-0.3,0.08,-0.08,0.0953868961,0.4,0.12,0.3,0.3,0.08,-0.12,0.2,0.12,-0.3,0.08,0.3
1787,44362010,1.19706261,2.6690793,-1.55039144,2.09192967,4.02398682,1.8187499,-2.1317935,-7.74385214,-134.278946,-11.8391218,6.53714991,-4.53671551,0.0957650089,0.12,-0.4,0.2,0.12,0.12,0.3,0.3,-0.3,-0.3,0.08,-0.08,0.0957650089,0.4,0.12,0.3,0.3,0.08,-0.12,0.2,0.12,-0.3,0.08,0.3
1788,44383630,1.20061743,2.66833043,-1.550511,2.08929896,4.02562046,1.81971109,-2.13381577,-7.7406683,-134.280457,-11.8401146,6.53814554,-4.53748035,0.0960493946,0.12,-0.4,0.2,0.12,0.12,0.3,0.3,-0.3,-0.3,0.08,-0.08,0.0960493946,0.4,0.12,0.3,0.3,0.08,-0.12,0.2,0.12,-0.3,0.08,0.3
1789,44408120,1.20224309,2.66819429,-1.55245292,2.08652234,4.02750492,1.82037711,-2.13835049,-7.73619843,-134.283478,-11.8410397,6.53842258,-4.53812695,0.0961794472,0.12,-0.4,0.2,0.12,0.12,0.3,0.3,-0.3,-0.3,0.08,-0.08,0.0961794472,0.4,0.12,0.3,0.3,0.08,-0.12,0.2,0.12,-0.3,0.08,0.3
1790,44421936,1.20108426,2.66842771,-1.55685306,2.08371925,4.0290699,1.82070184,-2.14577317,-7.73040533,-134.287521,-11.8411407,6.53802681,-4.53856277,0.0960867405,0.12,-0.4,0.2,0.12,0.12,0.3,0.3,-0.3,-0.3,0.08,-0.08,0.0960867405,0.4,0.12,0.3,0.3,0.08,-0.12,0.2,0.12,-0.3,0.08,0.3
1791,44439997,1.19701397,2.66843104,-1.5626843,2.08082151,4.03005266,1.8207736,-2.15481544,-7.72389936,-134.292023,-11.8402042,6.53659296,-4.53913689,0.0957611179,0.12,-0.4,0.2,0.12,0.12,0.3,0.3,-0.3,-0.3,0.08,-0.08,0.0957611179,0.4,0.12,0.3,0.3,0.08,-0.12,0.2,0.12,-0.3,0.08,0.3
1792,44460532,1.19077551,2.66784859,-1.56807494,2.07820702,4.03025389,1.82062948,-2.16307139,-7.71822023,-134.296768,-11.8382607,6.53464556,-4.53993034,0.0952620411,0.12,-0.4,0.2,0.12,0.12,0.3,0.3,-0.3,-0.3,0.08,-0.08,0.0952620411,0.4,0.12,0.3,0.3,0.08,-0.12,0.2,0.12,-0.3,0.08,0.3
1793,44483543,1.18413568,2.66692591,-1.57119727,2.07709455,4.02966261,1.82019627,-2.16779995,-7.71534681,-134.301407,-11.8357754,6.53252935,-4.54061174,0.094730854,0.12,-0.4,0.2,0.12,0.12,0.3,0.3,-0.3,-0.3,0.08,-0.08,0.094730854,0.4,0.12,0.3,0.3,0.08,-0.12,0.2,0.12,-0.3,0.08,0.3
1794,44499773,1.17961514,2.6664381,-1.57123554,2.07825661,4.02868462,1.81955767,-2.16781044,-7.71644306,-134.305771,-11.8336105,6.5308919,-4.54070568,0.0943692112,0.12,-0.4,0.2,0.12,0.12,0.3,0.3,-0.3,-0.3,0.08,-0.08,0.0943692112,0.4,0.12,0.3,0.3,0.08,-0.12,0.2,0.12,-0.3,0.08,0.3
1795,44536726,1.17925787,2.66738319,-1.56807482,2.08223414,4.02753735,1.81878948,-2.1628859,-7.72212267,-134.309555,-11.8323879,6.53115559,-4.53958559,0.0943406296,0.12,-0.4,0.2,0.12,0.12,0.3,0.3,-0.3,-0.3,0.08,-0.08,0.0943406296,0.4,0.12,0.3,0.3,0.08,-0.12,0.2,0.12,-0.3,0.08,0.3
1796,44541493,1.18278146,2.66991782,-1.56393898,2.08835649,4.02640867,1.8180275,-2.15540552,-7.73061943,-134.312683,-11.8321609,6.53319502,-4.53722668,0.0946225166,0.12,-0.4,0.2,0.12,0.12,0.3,0.3,-0.3,-0.3,0.08,-0.08,0.0946225166,0.4,0.12,0.3,0.3,0.08,-0.12,0.2,0.12,-0.3,0.08,0.3
1797,44559756,1.1885215,2.67354584,-1.56048083,2.09500527,4.02543783,1.81745672,-2.14793301,-7.73949862,-134.31546,-11.8327112,6.53635883,-4.5341382,0.0950817204,0.12,-0.4,0.2,0.12,0.12,0.3,0.3,-0.3,-0.3,0.08,-0.08,0.0950817204,0.4,0.12,0.3,0.3,0.08,-0.12,0.2,0.12,-0.3,0.08,0.3
1798,44582727,1.19530153,2.6769886,-1.55661798,2.10032582,4.02461958,1.81730235,-2.14039731,-7.74762392,-134.317795,-11.833952,6.5401988,-4.53124094,0.0956241226,0.12,-0.4,0.2,0.12,0.12,0.3,0.3,-0.3,-0.3,0.08,-0.08,0.0956241226,0.4,0.12,0.3,0.3,0.08,-0.12,0.2,0.12,-0.3,0.08,0.3
1799,44602285,1.20227754,2.67855263,-1.55159521,2.10242343,4.02374125,1.81771159,-2.13266921,-7.75379801,-134.319778,-11.8356991,6.54436636,-4.52953672,0.0961822033,0.12,-0.4,0.2,0.12,0.12,0.3,0.3,-0.3,-0.3,0.08,-0.08,0.0961822033,0.4,0.12,0.3,0.3,0.08,-0.12,0.2,0.12,-0.3,0.08,0.3
1800,44622632,1.20856059,2.67848086,-1.54600608,2.10366392,4.02115726,1.81821144,-2.12483191,-7.75964117,-134.321304,-11.83636,6.54905272,-4.52798319,0.0966848469,0.12,-0.4,0.2,0.12,0.12,0.3,0.3,-0.3,-0.3,0.08,-0.08,0.0966848469,0.4,0.12,0.3,0.3,0.08,-0.12,0.2,0.12,-0.3,0.08,0.3
1801,44644255,1.21403527,2.67656064,-1.54089487,2.10334444,4.01744843,1.81911695,-2.11796331,-7.76387358,-134.321976,-11.8352594,6.55341339,-4.52693272,0.0971228218,0.12,-0.4,0.2,0.12,0.12,0.3,0.3,-0.3,-0.3,0.08,-0.08,0.0971228218,0.4,0.12,0.3,0.3,0.08,-0.12,0.2,0.12,-0.3,0.08,0.3
1802,44666814,1.21775591,2.67335343,-1.53897107,2.10079408,4.01477051,1.8203696,-2.11534691,-7.76392078,-134.323181,-11.8330011,6.5556469,-4.52722073,0.0974204731,0.12,-0.4,0.2,0.12,0.12,0.3,0.3,-0.3,-0.3,0.08,-0.08,0.0974204731,0.4,0.12,0.3,0.3,0.08,-0.12,0.2,0.12,-0.3,0.08,0.3
1803,44687674,1.21937656,2.67016172,-1.53918791,2.09766293,4.01334715,1.82144332,-2.11583328,-7.76139164,-134.325714,-11.8300562,6.55554676,-4.52816439,0.0975501251,0.12,-0.4,0.2,0.12,0.12,0.3,0.3,-0.3,-0.3,0.08,-0.08,0.0975501251,0.4,0.12,0.3,0.3,0.08,-0.12,0.2,0.12,-0.3,0.08,0.3
1804,44706183,1.21957386,2.66712379,-1.53971827,2.09393454,4.01235533,1.82220018,-2.11730957,-7.75780916,-134.329132,-11.8269615,6.55362177,-4.52932024,0.0975659084,0.12,-0.4,0.2,0.12,0.12,0.3,0.3,-0.3,-0.3,0.08,-0.08,0.0975659084,0.4,0.12,0.3,0.3,0.08,-0.12,0.2,0.12,-0.3,0.08,0.3
1805,44718099,1.21922505,2.66475177,-1.54073703,2.09048104,4.01222706,1.82269371,-2.11965752,-7.75389528,-134.333237,-11.8245459,6.55043221,-4.53047037,0.0975380039,0.12,-0.4,0.2,0.12,0.12,0.3,0.3,-0.3,-0.3,0.08,-0.08,0.0975380039,0.4,0.12,0.3,0.3,0.08,-0.12,0.2,0.12,-0.3,0.08,0.3
1806,44743768,1.21918654,2.66375422,-1.54193652,2.0882411,4.01315403,1.82293594,-2.12245655,-7.75062656,-134.337967,-11.8231754,6.54709625,-4.53114939,0.0975349236,0.12,-0.4,0.2,0.12,0.12,0.3,0.3,-0.3,-0.3,0.08,-0.08,0.0975349236,0.4,0.12,0.3,0.3,0.08,-0.12,0.2,0.12,-0.3,0.08,0.3
1807,44758766,1.21945417,2.6634016,-1.54300141,2.0856843,4.01474905,1.82308567,-2.12528276,-7.74720812,-134.342896,-11.8229437,6.54463339,-4.53187943,0.0975563335,0.12,-0.4,0.2,0.12,0.12,0.3,0.3,-0.3,-0.3,0.08,-0.08,0.0975563335,0.4,0.12,0.3,0.3,0.08,-0.12,0.2,0.12,-0.3,0.08,0.3
1808,44788322,1.21976101,2.66315103,-1.54421532,2.08272505,4.01693201,1.82320237,-2.12834764,-7.74323988,-134.34816,-11.8238897,6.54271555,-4.53296375,0.0975808811,0.12,-0.4,0.2,0.12,0.12,0.3,0.3,-0.3,-0.3,0.08,-0.08,0.0975808811,0.4,0.12,0.3,0.3,0.08,-0.12,0.2,0.12,-0.3,0.08,0.3
1809,44800218,1.22045624,2.66324878,-1.54565716,2.07933426,4.02060509,1.82339358,-2.13229775,-7.73830318,-134.354279,-11.8264189,6.54116869,-4.5345211,0.0976364994,0.12,-0.4,0.2,0.12,0.12,0.3,0.3,-0.3,-0.3,0.08,-0.08,0.0976364994,0.4,0.12,0.3,0.3,0.08,-0.12,0.2,0.12,-0.3,0.08,0.3
1810,44822427,1.22168767,2.66456413,-1.5470922,2.07686162,4.02548695,1.82341039,-2.13682485,-7.73363543,-134.361328,-11.8305273,6.54056311,-4.53589821,0.097735014,0.12,-0.4,0.2,0.12,0.12,0.3,0.3,-0.3,-0.3,0.08,-0.08,0.097735014,0.4,0.12,0.3,0.3,0.08,-0.12,0.2,0.12,-0.3,0.08,0.3
1811,44842946,1.22302532,2.66789651,-1.54956448,2.07662892,4.03142452,1.82309616,-2.14244962,-7.72987461,-134.369858,-11.8360128,6.54062605,-4.53642988,0.0978420258,0.12,-0.4,0.2,0.12,0.12,0.3,0.3,-0.3,-0.3,0.08,-0.08,0.0978420258,0.4,0.12,0.3,0.3,0.08,-0.12,0.2,0.12,-0.3,0.08,0.3
1812,44860584,1.22449815,2.67443609,-1.55203259,2.08114195,4.03614664,1.82215464,-2.14739156,-7.73036242,-134.379837,-11.8414831,6.54316711,-4.53429747,0.0979598522,0.12,-0.4,0.2,0.12,0.12,0.3,0.3,-0.3,-0.3,0.08,-0.08,0.0979598522,0.4,0.12,0.3,0.3,0.08,-0.12,0.2,0.12,-0.3,0.08,0.3
1813,44886083,1.22629881,2.68317437,-1.55410278,2.08918643,4.03969622,1.82115209,-2.15050173,-7.73490238,-134.390427,-11.8466101,6.54783154,-4.53023481,0.0981039047,0.12,-0.4,0.2,0.12,0.12,0.3,0.3,-0.3,-0.3,0.08,-0.08,0.0981039047,0.4,0.12,0.3,0.3,0.08,-0.12,0.2,0.12,-0.3,0.08,0.3
1814,44899813,1.22815537,2.69266653,-1.55581653,2.09873462,4.04239559,1.82020545,-2.1518476,-7.7421031,-134.402405,-11.8515759,6.55362606,-4.5254612,0.09825243,0.12,-0.4,0.2,0.12,0.12,0.3,0.3,-0.3,-0.3,0.08,-0.08,0.09825243,0.4,0.12,0.3,0.3,0.08,-0.12,0.2,0.12,-0.3,0.08,0.3
1815,44928328,1.22945166,2.70068097,-1.55671442,2.10579038,4.04439926,1.81938565,-2.15163946,-7.74874973,-134.414749,-11.8562775,6.56009865,-4.52172327,0.0983561325,0.12,-0.4,0.2,0.12,0.12,0.3,0.3,-0.3,-0.3,0.08,-0.08,0.0983561325,0.4,0.12,0.3,0.3,0.08,-0.12,0.2,0.12,-0.3,0.08,0.3
1816,44938482,1.23026419,2.7044971,-1.55441332,2.10848737,4.04395103,1.81881738,-2.14788532,-7.75431776,-134.425858,-11.8602219,6.56677485,-4.5199666,0.0984211349,0.12,-0.4,0.2,0.12,0.12,0.3,0.3,-0.3,-0.3,0.08,-0.08,0.0984211349,0.4,0.12,0.3,0.3,0.08,-0.12,0.2,0.12,-0.3,0.08,0.3
1817,44960323,1.23062682,2.70362306,-1.55031753,2.10752463,4.04108,1.81864524,-2.14231992,-7.7580657,-134.435028,-11.8621836,6.57334042,-4.52001524,0.0984501457,0.12,-0.4,0.2,0.12,0.12,0.3,0.3,-0.3,-0.3,0.08,-0.08,0.0984501457,0.4,0.12,0.3,0.3,0.08,-0.12,0.2,0.12,-0.3,0.08,0.3
1818,44988313,1.22940695,2.69866586,-1.54691589,2.10386395,4.03593493,1.81897891,-2.13765621,-7.75897932,-134.441818,-11.8605556,6.57907581,-4.52133417,0.0983525562,0.12,-0.4,0.2,0.12,0.12,0.3,0.3,-0.3,-0.3,0.08,-0.08,0.0983525562,0.4,0.12,0.3,0.3,0.08,-0.12,0.2,0.12,-0.3,0.08,0.3
1819,44999211,1.22751808,2.69043136,-1.54220128,2.09892464,4.02820253,1.82010972,-2.13180518,-7.75952387,-134.446259,-11.8547821,6.58405828,-4.52312994,0.0982014465,0.12,-0.4,0.2,0.12,0.12,0.3,0.3,-0.3,-0.3,0.08,-0.08,0.0982014465,0.4,0.12,0.3,0.3,0.08,-0.12,0.2,0.12,-0.3,0.08,0.3
1820,45024604,1.2273345,2.67982364,-1.53495359,2.09273934,4.01966333,1.82208407,-2.12337327,-7.7604003,-134.448746,-11.8462067,6.58827162,-4.52540541,0.0981867599,0.12,-0.4,0.2,0.12,0.12,0.3,0.3,-0.3,-0.3,0.08,-0.08,0.0981867599,0.4,0.12,0.3,0.3,0.08,-0.12,0.2,0.12,-0.3,0.08,0.3
1821,45039880,1.23000562,2.6691761,-1.5275743,2.08670735,4.01283836,1.82438505,-2.11460924,-7.7608285,-134.450531,-11.8369541,6.5904727,-4.52780151,0.0984004498,0.12,-0.4,0.2,0.12,0.12,0.3,0.3,-0.3,-0.3,0.08,-0.08,0.0984004498,0.4,0.12,0.3,0.3,0.08,-0.12,0.2,0.12,-0.3,0.08,0.3
1822,45065248,1.23450708,2.66163778,-1.5237149,2.08363342,4.00891924,1.82615101,-2.10907888,-7.76059675,-134.453568,-11.8284616,6.58966064,-4.52907372,0.0987605667,0.12,-0.4,0.2,0.12,0.12,0.3,0.3,-0.3,-0.3,0.08,-0.08,0.0987605667,0.4,0.12,0.3,0.3,0.08,-0.12,0.2,0.12,-0.3,0.08,0.3
1823,45080823,1.23957562,2.65894794,-1.52375305,2.08383608,4.00843191,1.82710958,-2.10775375,-7.75970745,-134.458313,-11.8221188,6.58634281,-4.52884388,0.09916605,0.12,-0.4,0.2,0.12,0.12,0.3,0.3,-0.3,-0.3,0.08,-0.08,0.09916605,0.4,0.12,0.3,0.3,0.08,-0.12,0.2,0.12,-0.3,0.08,0.3
1824,45101745,1.24491024,2.66039515,-1.52498412,2.08552909,4.01053095,1.82761049,-2.10857511,-7.75919008,-134.464783,-11.8191338,6.58212757,-4.52755833,0.0995928192,0.12,-0.4,0.2,0.12,0.12,0.3,0.3,-0.3,-0.3,0.08,-0.08,0.0995928192,0.4,0.12,0.3,0.3,0.08,-0.12,0.2,0.12,-0.3,0.08,0.3
1825,45122686,1.24841559,2.66429758,-1.52872097,2.08727455,4.0141654,1.82753706,-2.11270356,-7.75763369,-134.472946,-11.8189726,6.57778597,-4.5258584,0.0998732471,0.12,-0.4,0.2,0.12,0.12,0.3,0.3,-0.3,-0.3,0.08,-0.08,0.0998732471,0.4,0.12,0.3,0.3,0.08,-0.12,0.2,0.12,-0.3,0.08,0.3
1826,45141491,1.24941158,2.66818714,-1.53320277,2.08647752,4.01823473,1.82720935,-2.11887074,-7.75375652,-134.481262,-11.8209257,6.57363939,-4.52505636,0.0999529266,0.12,-0.4,0.2,0.12,0.12,0.3,0.3,-0.3,-0.3,0.08,-0.08,0.0999529266,0.4,0.12,0.3,0.3,0.08,-0.12,0.2,0.12,-0.3,0.08,0.3
1827,45163050,1.24651718,2.67096281,-1.53995061,2.08373618,4.02243471,1.82653916,-2.12840891,-7.7468257,-134.490128,-11.82376,6.56891203,-4.52568531,0.0997213745,0.12,-0.4,0.2,0.12,0.12,0.3,0.3,-0.3,-0.3,0.08,-0.08,0.0997213745,0.4,0.12,0.3,0.3,0.08,-0.12,0.2,0.12,-0.3,0.08,0.3
1828,45186535,1.24075139,2.67244029,-1.54621255,2.07975149,4.02611113,1.82568872,-2.13817835,-7.73894024,-134.499176,-11.8264475,6.56469059,-4.52733278,0.0992601109,0.12,-0.4,0.2,0.12,0.12,0.3,0.3,-0.3,-0.3,0.08,-0.08,0.0992601109,0.4,0.12,0.3,0.3,0.08,-0.12,0.2,0.12,-0.3,0.08,0.3
1829,45199134,1.23376083,2.67245793,-1.55051398,2.07559991,4.02857018,1.82489169,-2.14612198,-7.73200274,-134.507706,-11.8286448,6.56150961,-4.5295105,0.0987008667,0.12,-0.4,0.2,0.12,0.12,0.3,0.3,-0.3,-0.3,0.08,-0.08,0.0987008667,0.4,0.12,0.3,0.3,0.08,-0.12,0.2,0.12,-0.3,0.08,0.3
1830,45234714,1.22732913,2.67154717,-1.55330801,2.07204795,4.03009653,1.82428777,-2.15191507,-7.72661304,-134.515518,-11.8302298,6.5597558,-4.53171492,0.0981863308,0.12,-0.4,0.2,0.12,0.12,0.3,0.3,-0.3,-0.3,0.08,-0.08,0.0981863308,0.4,0.12,0.3,0.3,0.08,-0.12,0.2,0.12,-0.3,0.08,0.3
1831,45240976,1.22198904,2.67079711,-1.55587149,2.07031798,4.0306344,1.82371521,-2.15660882,-7.72305155,-134.522308,-11.8307371,6.55936527,-4.53306293,0.0977591228,0.12,-0.4,0.2,0.12,0.12,0.3,0.3,-0.3,-0.3,0.08,-0.08,0.0977591228,0.4,0.12,0.3,0.3,0.08,-0.12,0.2,0.12,-0.3,0.08,0.3
1832,45259628,1.2173878,2.67071247,-1.55869138,2.07109165,4.0299592,1.82315862,-2.16014624,-7.72182941,-134.528152,-11.8297272,6.55985641,-4.53320408,0.0973910236,0.12,-0.4,0.2,0.12,0.12,0.3,0.3,-0.3,-0.3,0.08,-0.08,0.0973910236,0.4,0.12,0.3,0.3,0.08,-0.12,0.2,0.12,-0.3,0.08,0.3
1833,45282625,1.21291602,2.67087626,-1.56174731,2.07308459,4.02892303,1.82269621,-2.16282868,-7.72173405,-134.533096,-11.8276663,6.56011438,-4.53289223,0.0970332813,0.12,-0.4,0.2,0.12,0.12,0.3,0.3,-0.3,-0.3,0.08,-0.08,0.0970332813,0.4,0.12,0.3,0.3,0.08,-0.12,0.2,0.12,-0.3,0.08,0.3
1834,45301028,1.20899892,2.67113948,-1.56382823,2.0754106,4.02807999,1.82233965,-2.16384697,-7.72280073,-134.537384,-11.8255453,6.55956841,-4.53261042,0.0967199135,0.12,-0.4,0.2,0.12,0.12,0.3,0.3,-0.3,-0.3,0.08,-0.08,0.0967199135,0.4,0.12,0.3,0.3,0.08,-0.12,0.2,0.12,-0.3,0.08,0.3
1835,45321361,1.20621073,2.67098141,-1.56419635,2.07708287,4.02753067,1.82192183,-2.16270232,-7.7245369,-134.541,-11.8241577,6.55832911,-4.53272629,0.0964968586,0.12,-0.4,0.2,0.12,0.12,0.3,0.3,-0.3,-0.3,0.08,-0.08,0.0964968586,0.4,0.12,0.3,0.3,0.08,-0.12,0.2,0.12,-0.3,0.08,0.3
1836,45341851,1.20630431,2.67021823,-1.56134605,2.07735896,4.02773762,1.8216089,-2.15847778,-7.72678089,-134.543121,-11.8246231,6.55704784,-4.53355408,0.0965043449,0.12,-0.4,0.2,0.12,0.12,0.3,0.3,-0.3,-0.3,0.08,-0.08,0.0965043449,0.4,0.12,0.3,0.3,0.08,-0.12,0.2,0.12,-0.3,0.08,0.3
1837,45367943,1.21101081,2.66963649,-1.55384493,2.07870722,4.0276103,1.82140625,-2.14945102,-7.73234558,-134.543747,-11.8269415,6.55799389,-4.53376865,0.0968808651,0.12,-0.4,0.2,0.12,0.12,0.3,0.3,-0.3,-0.3,0.08,-0.08,0.0968808651,0.4,0.12,0.3,0.3,0.08,-0.12,0.2,0.12,-0.3,0.08,0.3
1838,45381776,1.21884906,2.66989589,-1.54620135,2.08220005,4.02693701,1.82139134,-2.13948393,-7.73962545,-134.542847,-11.8295336,6.56149101,-4.53268766,0.097507925,0.12,-0.4,0.2,0.12,0.12,0.3,0.3,-0.3,-0.3,0.08,-0.08,0.097507925,0.4,0.12,0.3,0.3,0.08,-0.12,0.2,0.12,-0.3,0.08,0.3
1839,45402603,1.22739315,2.671206,-1.54128575,2.08716702,4.02548504,1.82191551,-2.1319294,-7.74682999,-134.54129,-11.8311577,6.56628513,-4.5303688,0.098191452,0.12,-0.4,0.2,0.12,0.12,0.3,0.3,-0.3,-0.3,0.08,-0.08,0.098191452,0.4,0.12,0.3,0.3,0.08,-0.12,0.2,0.12,-0.3,0.08,0.3
1840,45423056,1.23628724,2.67247605,-1.53685141,2.09079432,4.02430344,1.82326698,-2.12572503,-7.75291109,-134.539627,-11.8323374,6.57182646,-4.52822542,0.0989029789,0.12,-0.4,0.2,0.12,0.12,0.3,0.3,-0.3,-0.3,0.08,-0.08,0.0989029789,0.4,0.12,0.3,0.3,0.08,-0.12,0.2,0.12,-0.3,0.08,0.3
1841,45439773,1.24546981,2.67270064,-1.53086913,2.0923779,4.02312565,1.82498562,-2.1187458,-7.75846624,-134.537842,-11.8334885,6.57766342,-4.52685595,0.0996375847,0.12,-0.4,0.2,0.12,0.12,0.3,0.3,-0.3,-0.3,0.08,-0.08,0.0996375847,0.4,0.12,0.3,0.3,0.08,-0.12,0.2,0.12,-0.3,0.08,0.3
1842,45462112,1.25420403,2.67154837,-1.52470434,2.09243464,4.0218873,1.82665765,-2.11182594,-7.76278114,-134.536392,-11.83463,6.58257246,-4.52624846,0.100336323,0.12,-0.4,0.2,0.12,0.12,0.3,0.3,-0.3,-0.3,0.08,-0.08,0.100336323,0.4,0.12,0.3,0.3,0.08,-0.12,0.2,0.12,-0.3,0.08,0.3
1843,45479949,1.26269519,2.66936588,-1.5194248,2.08992004,4.02159882,1.8283602,-2.10683918,-7.76397133,-134.53569,-11.8361053,6.58628225,-4.52670097,0.101015615,0.12,-0.4,0.2,0.12,0.12,0.3,0.3,-0.3,-0.3,0.08,-0.08,0.101015615,0.4,0.12,0.3,0.3,0.08,-0.12,0.2,0.12,-0.3,0.08,0.3
1844,45502921,1.2704165,2.66703224,-1.51621175,2.08576679,4.02266264,1.83001602,-2.10531235,-7.76189089,-134.536423,-11.8379431,6.58907223,-4.52796841,0.10163332,0.12,-0.4,0.2,0.12,0.12,0.3,0.3,-0.3,-0.3,0.08,-0.08,0.10163332,0.4,0.12,0.3,0.3,0.08,-0.12,0.2,0.12,-0.3,0.08,0.3
1845,45520192,1.27652419,2.66487002,-1.51545751,2.08006477,4.0251832,1.83155739,-2.10770059,-7.75639629,-134.539062,-11.8401947,6.59079504,-4.52986908,0.102121935,0.12,-0.4,0.2,0.12,0.12,0.3,0.3,-0.3,-0.3,0.08,-0.08,0.102121935,0.4,0.12,0.3,0.3,0.08,-0.12,0.2,0.12,-0.3,0.08,0.3
1846,45540552,1.28095329,2.66361618,-1.51651275,2.07386398,4.02924967,1.83282006,-2.11346197,-7.74858713,-134.543701,-11.8433046,6.59151077,-4.53194189,0.102476263,0.12,-0.4,0.2,0.12,0.12,0.3,0.3,-0.3,-0.3,0.08,-0.08,0.102476263,0.4,0.12,0.3,0.3,0.08,-0.12,0.2,0.12,-0.3,0.08,0.3
1847,45565266,1.28216195,2.66455126,-1.52146888,2.06972122,4.03391933,1.83331013,-2.12375927,-7.73983288,-134.55098,-11.8461695,6.59155321,-4.53290319,0.102572956,0.12,-0.4,0.2,0.12,0.12,0.3,0.3,-0.3,-0.3,0.08,-0.08,0.102572956,0.4,0.12,0.3,0.3,0.08,-0.12,0.2,0.12,-0.3,0.08,0.3
1848,45580277,1.28031921,2.66741133,-1.52838206,2.0672853,4.03854465,1.83325303,-2.13622284,-7.73134089,-134.560135,-11.8485031,6.59144735,-4.53283691,0.102425537,0.12,-0.4,0.2,0.12,0.12,0.3,0.3,-0.3,-0.3,0.08,-0.08,0.102425537,0.4,0.12,0.3,0.3,0.08,-0.12,0.2,0.12,-0.3,0.08,0.3
1849,45609346,1.27617979,2.67104459,-1.5354507,2.06574535,4.04254818,1.83288014,-2.14871836,-7.72410154,-134.570724,-11.8503752,6.59178019,-4.5323844,0.102094383,0.12,-0.4,0.2,0.12,0.12,0.3,0.3,-0.3,-0.3,0.08,-0.08,0.102094383,0.4,0.12,0.3,0.3,0.08,-0.12,0.2,0.12,-0.3,0.08,0.3
1850,45623041,1.27091479,2.67413926,-1.54090178,2.06443048,4.04560137,1.83233654,-2.1586206,-7.71880913,-134.581818,-11.8519087,6.59294653,-4.5321784,0.101673183,0.12,-0.4,0.2,0.12,0.12,0.3,0.3,-0.3,-0.3,0.08,-0.08,0.101673183,0.4,0.12,0.3,0.3,0.08,-0.12,0.2,0.12,-0.3,0.08,0.3
1851,45638586,1.26609278,2.67490244,-1.54310024,2.06132245,4.04765749,1.83190906,-2.16445446,-7.71444893,-134.592148,-11.8536196,6.59486294,-4.53324652,0.101287422,0.12,-0.4,0.2,0.12,0.12,0.3,0.3,-0.3,-0.3,0.08,-0.08,0.101287422,0.4,0.12,0.3,0.3,0.08,-0.12,0.2,0.12,-0.3,0.08,0.3
1852,45669247,1.26210475,2.6742959,-1.54350138,2.05963278,4.04788685,1.8312974,-2.16683817,-7.71266699,-134.601532,-11.8545446,6.59767246,-4.53430462,0.10096838,0.12,-0.4,0.2,0.12,0.12,0.3,0.3,-0.3,-0.3,0.08,-0.08,0.10096838,0.4,0.12,0.3,0.3,0.08,-0.12,0.2,0.12,-0.3,0.08,0.3
1853,45686461,1.25917721,2.67359924,-1.54361188,2.06039906,4.04721498,1.83070946,-2.1672039,-7.71317863,-134.61026,-11.8542519,6.60069466,-4.53467274,0.100734177,0.12,-0.4,0.2,0.12,0.12,0.3,0.3,-0.3,-0.3,0.08,-0.08,0.100734177,0.4,0.12,0.3,0.3,0.08,-0.12,0.2,0.12,-0.3,0.08,0.3
1854,45698652,1.25741148,2.67411804,-1.54414666,2.06346035,4.04664993,1.83021998,-2.16696954,-7.71548128,-134.618912,-11.8532553,6.60357952,-4.53411913,0.100592918,0.12,-0.4,0.2,0.12,0.12,0.3,0.3,-0.3,-0.3,0.08,-0.08,0.100592918,0.4,0.12,0.3,0.3,0.08,-0.12,0.2,0.12,-0.3,0.08,0.3
1855,45730486,1.25537491,2.67725945,-1.5458988,2.07177925,4.04418659,1.82923567,-2.16587305,-7.72227812,-134.628067,-11.850174,6.60677385,-4.53085423,0.100429993,0.12,-0.4,0.2,0.12,0.12,0.3,0.3,-0.3,-0.3,0.08,-0.08,0.100429993,0.4,0.12,0.3,0.3,0.08,-0.12,0.2,0.12,-0.3,0.08,0.3
1856,45741038,1.2557081,2.6800077,-1.54399133,2.0781343,4.04203081,1.82897246,-2.16050172,-7.73027468,-134.635849,-11.8478909,6.6094861,-4.5280509,0.100456648,0.12,-0.4,0.2,0.12,0.12,0.3,0.3,-0.3,-0.3,0.08,-0.08,0.100456648,0.4,0.12,0.3,0.3,0.08,-0.12,0.2,0.12,-0.3,0.08,0.3
1857,45762599,1.25811803,2.68192768,-1.54026318,2.08297038,4.04031849,1.82871115,-2.15316677,-7.73844481,-134.643234,-11.8471384,6.61181355,-4.52604198,0.100649443,0.12,-0.4,0.2,0.12,0.12,0.3,0.3,-0.3,-0.3,0.08,-0.08,0.100649443,0.4,0.12,0.3,0.3,0.08,-0.12,0.2,0.12,-0.3,0.08,0.3
1858,45781870,1.26157379,2.68210936,-1.53564501,2.08501959,4.03854609,1.82853985,-2.14468646,-7.74485159,-134.649368,-11.8469591,6.61398888,-4.52505493,0.100925903,0.12,-0.4,0.2,0.12,0.12,0.3,0.3,-0.3,-0.3,0.08,-0.08,0.100925903,0.4,0.12,0.3,0.3,0.08,-0.12,0.2,0.12,-0.3,0.08,0.3
1859,45809878,1.26358771,2.68090296,-1.53393245,2.08558583,4.03636217,1.82823098,-2.1396966,-7.74777651,-134.654709,-11.8462763,6.61395502,-4.52486992,0.101087017,0.12,-0.4,0.2,0.12,0.12,0.3,0.3,-0.3,-0.3,0.08,-0.08,0.101087017,0.4,0.12,0.3,0.3,0.08,-0.12,0.2,0.12,-0.3,0.08,0.3
1860,45820041,1.26362622,2.6799078,-1.53522444,2.08552623,4.03514957,1.82811129,-2.13898325,-7.74775028,-134.660156,-11.8447618,6.61241484,-4.52500343,0.101090097,0.12,-0.4,0.2,0.12,0.12,0.3,0.3,-0.3,-0.3,0.08,-0.08,0.101090097,0.4,0.12,0.3,0.3,0.08,-0.12,0.2,0.12,-0.3,0.08,0.3
1861,45843694,1.2627666,2.67869759,-1.5351125,2.08434987,4.03391075,1.82825696,-2.13828945,-7.74725962,-134.665237,-11.8429909,6.61061287,-4.52532673,0.101021328,0.12,-0.4,0.2,0.12,0.12,0.3,0.3,-0.3,-0.3,0.08,-0.08,0.101021328,0.4,0.12,0.3,0.3,0.08,-0.12,0.2,0.12,-0.3,0.08,0.3
1862,45860256,1.26157105,2.67758131,-1.53418696,2.08429193,4.0318675,1.82832658,-2.1365571,-7.74829912,-134.669998,-11.8407202,6.6088953,-4.52512789,0.100925684,0.12,-0.4,0.2,0.12,0.12,0.3,0.3,-0.3,-0.3,0.08,-0.08,0.100925684,0.4,0.12,0.3,0.3,0.08,-0.12,0.2,0.12,-0.3,0.08,0.3
1863,45881573,1.25948036,2.67757535,-1.53549886,2.0868454,4.03024912,1.82798517,-2.13635612,-7.74968672,-134.674606,-11.8380604,6.60590172,-4.52416372,0.100758429,0.12,-0.4,0.2,0.12,0.12,0.3,0.3,-0.3,-0.3,0.08,-0.08,0.100758429,0.4,0.12,0.3,0.3,0.08,-0.12,0.2,0.12,-0.3,0.08,0.3
1864,45907119,1.25908649,2.67802334,-1.5342437,2.08882809,4.02884388,1.82799411,-2.1337924,-7.75241041,-134.678299,-11.8360014,6.60387659,-4.5231781,0.100726919,0.12,-0.4,0.2,0.12,0.12,0.3,0.3,-0.3,-0.3,0.08,-0.08,0.100726919,0.4,0.12,0.3,0.3,0.08,-0.12,0.2,0.12,-0.3,0.08,0.3
1865,45921800,1.26035357,2.67770433,-1.5311501,2.08994937,4.02721548,1.82816827,-2.12884831,-7.75613213,-134.681183,-11.8346977,6.60309982,-4.52270031,0.100828285,0.12,-0.4,0.2,0.12,0.12,0.3,0.3,-0.3,-0.3,0.08,-0.08,0.100828285,0.4,0.12,0.3,0.3,0.08,-0.12,0.2,0.12,-0.3,0.08,0.3
1866,45939840,1.2637018,2.67691064,-1.52696121,2.09044123,4.02637815,1.82844913,-2.12251472,-7.75983238,-134.683228,-11.8346624,6.60255289,-4.52264977,0.101096144,0.12,-0.4,0.2,0.12,0.12,0.3,0.3,-0.3,-0.3,0.08,-0.08,0.101096144,0.4,0.12,0.3,0.3,0.08,-0.12,0.2,0.12,-0.3,0.08,0.3
1867,45960715,1.26890683,2.67697167,-1.52310312,2.09121799,4.02732468,1.82868242,-2.11709714,-7.76277256,-134.685394,-11.8364782,6.60212517,-4.52263165,0.101512547,0.12,-0.4,0.2,0.12,0.12,0.3,0.3,-0.3,-0.3,0.08,-0.08,0.101512547,0.4,0.12,0.3,0.3,0.08,-0.12,0.2,0.12,-0.3,0.08,0.3
1868,45981904,1.27451122,2.67902899,-1.5215683,2.09280825,4.02999115,1.82870829,-2.11441565,-7.76456785,-134.689011,-11.8396044,6.60211515,-4.5220356,0.101960897,0.12,-0.4,0.2,0.12,0.12,0.3,0.3,-0.3,-0.3,0.08,-0.08,0.101960897,0.4,0.12,0.3,0.3,0.08,-0.12,0.2,0.12,-0.3,0.08,0.3
1869,45999876,1.28029788,2.68326187,-1.52061391,2.09564352,4.03327608,1.82858598,-2.11314702,-7.76676035,-134.694382,-11.8439255,6.60312557,-4.52030659,0.10242383,0.12,-0.4,0.2,0.12,0.12,0.3,0.3,-0.3,-0.3,0.08,-0.08,0.10242383,0.4,0.12,0.3,0.3,0.08,-0.12,0.2,0.12,-0.3,0.08,0.3
1870,46020315,1.28664923,2.68937087,-1.51891935,2.10029745,4.03631496,1.82840586,-2.11150455,-7.77113533,-134.701019,-11.84902,6.60627508,-4.51717997,0.102931938,0.12,-0.4,0.2,0.12,0.12,0.3,0.3,-0.3,-0.3,0.08,-0.08,0.102931938,0.4,0.12,0.3,0.3,0.08,-0.12,0.2,0.12,-0.3,0.08,0.3
1871,46047792,1.29304063,2.69564843,-1.51688921,2.10459661,4.0388999,1.82843637,-2.10956669,-7.77604485,-134.708435,-11.8544302,6.61135864,-4.51377678,0.103443251,0.12,-0.4,0.2,0.12,0.12,0.3,0.3,-0.3,-0.3,0.08,-0.08,0.103443251,0.4,0.12,0.3,0.3,0.08,-0.12,0.2,0.12,-0.3,0.08,0.3
1872,46058361,1.29879093,2.69987845,-1.51466227,2.10510182,4.04143715,1.82891738,-2.10818577,-7.77821255,-134.716385,-11.860177,6.61746883,-4.51198435,0.103903275,0.12,-0.4,0.2,0.12,0.12,0.3,0.3,-0.3,-0.3,0.08,-0.08,0.103903275,0.4,0.12,0.3,0.3,0.08,-0.12,0.2,0.12,-0.3,0.08,0.3
1873,46080298,1.30137527,2.70138884,-1.51506245,2.10251331,4.04344988,1.82925999,-2.11026025,-7.77573299,-134.724731,-11.8647451,6.62277985,-4.51214075,0.104110022,0.12,-0.4,0.2,0.12,0.12,0.3,0.3,-0.3,-0.3,0.08,-0.08,0.104110022,0.4,0.12,0.3,0.3,0.08,-0.12,0.2,0.12,-0.3,0.08,0.3
1874,46113220,1.29987466,2.70059323,-1.51682878,2.09926248,4.04227114,1.82948852,-2.11409545,-7.77201462,-134.732697,-11.8656082,6.6275506,-4.51261473,0.103989973,0.12,-0.4,0.2,0.12,0.12,0.3,0.3,-0.3,-0.3,0.08,-0.08,0.103989973,0.4,0.12,0.3,0.3,0.08,-0.12,0.2,0.12,-0.3,0.08,0.3
1875,46124973,1.29450667,2.69691205,-1.52020466,2.09406137,4.03972387,1.83019006,-2.12004352,-7.7658844,-134.739899,-11.8630114,6.63011694,-4.51444101,0.103560534,0.12,-0.4,0.2,0.12,0.12,0.3,0.3,-0.3,-0.3,0.08,-0.08,0.103560534,0.4,0.12,0.3,0.3,0.08,-0.12,0.2,0.12,-0.3,0.08,0.3
1876,46140014,1.28591669,2.69157958,-1.52473676,2.08861232,4.03615761,1.83087564,-2.1271944,-7.75906563,-134.746811,-11.8571644,6.6304121,-4.51680803,0.102873335,0.12,-0.4,0.2,0.12,0.12,0.3,0.3,-0.3,-0.3,0.08,-0.08,0.102873335,0.4,0.12,0.3,0.3,0.08,-0.12,0.2,0.12,-0.3,0.08,0.3
1877,46163196,1.27591264,2.68520141,-1.52879059,2.08292699,4.03254938,1.83141518,-2.13317513,-7.75227594,-134.753281,-11.8495665,6.62796259,-4.51972961,0.102073011,0.12,-0.4,0.2,0.12,0.12,0.3,0.3,-0.3,-0.3,0.08,-0.08,0.102073011,0.4,0.12,0.3,0.3,0.08,-0.12,0.2,0.12,-0.3,0.08,0.3
1878,46181040,1.26721394,2.67891216,-1.5312897,2.07713366,4.03007126,1.83157206,-2.13685012,-7.74613714,-134.759949,-11.8424025,6.62317514,-4.5228982,0.101377115,0.12,-0.4,0.2,0.12,0.12,0.3,0.3,-0.3,-0.3,0.08,-0.08,0.101377115,0.4,0.12,0.3,0.3,0.08,-0.12,0.2,0.12,-0.3,0.08,0.3
1879,46202756,1.25940919,2.67517591,-1.53567648,2.07437634,4.02853727,1.83081329,-2.14133763,-7.74122238,-134.767059,-11.8355227,6.61745977,-4.52457333,0.100752735,0.12,-0.4,0.2,0.12,0.12,0.3,0.3,-0.3,-0.3,0.08,-0.08,0.100752735,0.4,0.12,0.3,0.3,0.08,-0.12,0.2,0.12,-0.3,0.08,0.3
1880,46221965,1.25158751,2.6737268,-1.54259098,2.07303786,4.02827358,1.82966208,-2.14775181,-7.73587942,-134.773987,-11.8295298,6.61019373,-4.52541113,0.100127001,0.12,-0.4,0.2,0.12,0.12,0.3,0.3,-0.3,-0.3,0.08,-0.08,0.100127001,0.4,0.12,0.3,0.3,0.08,-0.12,0.2,0.12,-0.3,0.08,0.3
1881,46252734,1.24258137,2.67467332,-1.55258667,2.072577,4.03036499,1.82809806,-2.15774965,-7.72911549,-134.781403,-11.8253336,6.60109425,-4.52604914,0.0994065094,0.12,-0.4,0.2,0.12,0.12,0.3,0.3,-0.3,-0.3,0.08,-0.08,0.0994065094,0.4,0.12,0.3,0.3,0.08,-0.12,0.2,0.12,-0.3,0.08,0.3
1882,46260513,1.23225331,2.6772573,-1.56220186,2.07254696,4.03340054,1.82613683,-2.16776776,-7.72288752,-134.788773,-11.8229218,6.59191895,-4.5265007,0.098580265,0.12,-0.4,0.2,0.12,0.12,0.3,0.3,-0.3,-0.3,0.08,-0.08,0.098580265,0.4,0.12,0.3,0.3,0.08,-0.12,0.2,0.12,-0.3,0.08,0.3
1883,46280191,1.22224069,2.67907357,-1.56731069,2.07207251,4.03526783,1.82411826,-2.17313886,-7.71912289,-134.79422,-11.8222761,6.58397818,-4.5272603,0.0977792549,0.12,-0.4,0.2,0.12,0.12,0.3,0.3,-0.3,-0.3,0.08,-0.08,0.0977792549,0.4,0.12,0.3,0.3,0.08,-0.12,0.2,0.12,-0.3,0.08,0.3
1884,46305266,1.21451497,2.68014193,-1.56897461,2.0726335,4.03621387,1.82227814,-2.17433667,-7.71851683,-134.79747,-11.8230152,6.57799292,-4.5280323,0.0971611977,0.12,-0.4,0.2,0.12,0.12,0.3,0.3,-0.3,-0.3,0.08,-0.08,0.0971611977,0.4,0.12,0.3,0.3,0.08,-0.12,0.2,0.12,-0.3,0.08,0.3
1885,46320735,1.2088995,2.6805892,-1.57005787,2.07336068,4.03678799,1.82082236,-2.17437339,-7.71864748,-134.798645,-11.8241415,6.57427359,-4.52886057,0.0967119598,0.12,-0.4,0.2,0.12,0.12,0.3,0.3,-0.3,-0.3,0.08,-0.08,0.0967119598,0.4,0.12,0.3,0.3,0.08,-0.12,0.2,0.12,-0.3,0.08,0.3
1886,46341413,1.20522892,2.68069339,-1.57064629,2.07416892,4.03747797,1.81984508,-2.1736629,-7.71899557,-134.797958,-11.8256435,6.57175827,-4.52994633,0.096418314,0.12,-0.4,0.2,0.12,0.12,0.3,0.3,-0.3,-0.3,0.08,-0.08,0.096418314,0.4,0.12,0.3,0.3,0.08,-0.12,0.2,0.12,-0.3,0.08,0.3
1887,46363796,1.20238936,2.6818862,-1.57143581,2.07806754,4.03677225,1.81873727,-2.17232251,-7.72191858,-134.796585,-11.8261328,6.57071543,-4.52946711,0.0961911488,0.12,-0.4,0.2,0.12,0.12,0.3,0.3,-0.3,-0.3,0.08,-0.08,0.0961911488,0.4,0.12,0.3,0.3,0.08,-0.12,0.2,0.12,-0.3,0.08,0.3
1888,46383393,1.20084393,2.68384504,-1.57087255,2.08351779,4.03494453,1.81797409,-2.16888189,-7.72728825,-134.793365,-11.8256979,6.57097435,-4.52775288,0.0960675144,0.12,-0.4,0.2,0.12,0.12,0.3,0.3,-0.3,-0.3,0.08,-0.08,0.0960675144,0.4,0.12,0.3,0.3,0.08,-0.12,0.2,0.12,-0.3,0.08,0.3
1889,46400864,1.20192695,2.68526387,-1.56655192,2.08938694,4.0317359,1.81782627,-2.16115212,-7.73592663,-134.788528,-11.8251057,6.57267141,-4.52551079,0.0961541557,0.12,-0.4,0.2,0.12,0.12,0.3,0.3,-0.3,-0.3,0.08,-0.08,0.0961541557,0.4,0.12,0.3,0.3,0.08,-0.12,0.2,0.12,-0.3,0.08,0.3
1890,46421238,1.2070415,2.68614674,-1.55834603,2.09573865,4.02831984,1.81813645,-2.14855027,-7.74778509,-134.782394,-11.8249149,6.57606649,-4.52307606,0.0965633202,0.12,-0.4,0.2,0.12,0.12,0.3,0.3,-0.3,-0.3,0.08,-0.08,0.0965633202,0.4,0.12,0.3,0.3,0.08,-0.12,0.2,0.12,-0.3,0.08,0.3
1891,46442645,1.21593785,2.68665147,-1.54811203,2.10232711,4.02514744,1.81862617,-2.1329124,-7.76113129,-134.775558,-11.8255367,6.58013487,-4.52059603,0.0972750282,0.12,-0.4,0.2,0.12,0.12,0.3,0.3,-0.3,-0.3,0.08,-0.08,0.0972750282,0.4,0.12,0.3,0.3,0.08,-0.12,0.2,0.12,-0.3,0.08,0.3
1892,46461876,1.22787714,2.68845177,-1.53839242,2.11024356,4.0230422,1.81913543,-2.11726975,-7.77496815,-134.769226,-11.8272161,6.58444929,-4.51747561,0.0982301712,0.12,-0.4,0.2,0.12,0.12,0.3,0.3,-0.3,-0.3,0.08,-0.08,0.0982301712,0.4,0.12,0.3,0.3,0.08,-0.12,0.2,0.12,-0.3,0.08,0.3
1893,46481881,1.2407105,2.69320869,-1.53236711,2.1201334,4.02279043,1.8193835,-2.10542583,-7.78784084,-134.765015,-11.8299961,6.58802128,-4.51317883,0.0992568398,0.12,-0.4,0.2,0.12,0.12,0.3,0.3,-0.3,-0.3,0.08,-0.08,0.0992568398,0.4,0.12,0.3,0.3,0.08,-0.12,0.2,0.12,-0.3,0.08,0.3
1894,46508252,1.25327766,2.70015216,-1.52813578,2.12929893,4.02374887,1.81965435,-2.09666538,-7.79908323,-134.762939,-11.834054,6.59163618,-4.50824451,0.100262213,0.12,-0.4,0.2,0.12,0.12,0.3,0.3,-0.3,-0.3,0.08,-0.08,0.100262213,0.4,0.12,0.3,0.3,0.08,-0.12,0.2,0.12,-0.3,0.08,0.3
1895,46519701,1.26485538,2.70583272,-1.52332497,2.13327527,4.02528286,1.82041764,-2.08952785,-7.80657482,-134.761887,-11.8396635,6.59577179,-4.50480843,0.101188431,0.12,-0.4,0.2,0.12,0.12,0.3,0.3,-0.3,-0.3,0.08,-0.08,0.101188431,0.4,0.12,0.3,0.3,0.08,-0.12,0.2,0.12,-0.3,0.08,0.3
1896,46541291,1.27355003,2.70913482,-1.52009487,2.13326621,4.02667332,1.82119334,-2.08573556,-7.80961895,-134.762085,-11.8454494,6.59929371,-4.50311041,0.101884003,0.12,-0.4,0.2,0.12,0.12,0.3,0.3,-0.3,-0.3,0.08,-0.08,0.101884003,0.4,0.12,0.3,0.3,0.08,-0.12,0.2,0.12,-0.3,0.08,0.3
1897,46564398,1.27821207,2.71060228,-1.5189631,2.13172483,4.02704763,1.82171583,-2.08530021,-7.80958748,-134.763458,-11.8494568,6.60206556,-4.50224304,0.102256966,0.12,-0.4,0.2,0.12,0.12,0.3,0.3,-0.3,-0.3,0.08,-0.08,0.102256966,0.4,0.12,0.3,0.3,0.08,-0.12,0.2,0.12,-0.3,0.08,0.3
1898,46581652,1.27817214,2.71067834,-1.52046633,2.12980294,4.0265193,1.82206202,-2.08820438,-7.80707359,-134.765808,-11.8507757,6.60348701,-4.50213003,0.102253771,0.12,-0.4,0.2,0.12,0.12,0.3,0.3,-0.3,-0.3,0.08,-0.08,0.102253771,0.4,0.12,0.3,0.3,0.08,-0.12,0.2,0.12,-0.3,0.08,0.3
1899,46605021,1.27504098,2.7088902,-1.52209246,2.12568235,4.02474403,1.82272589,-2.09196424,-7.80292416,-134.768768,-11.8494778,6.60465527,-4.5029459,0.102003279,0.12,-0.4,0.2,0.12,0.12,0.3,0.3,-0.3,-0.3,0.08,-0.08,0.102003279,0.4,0.12,0.3,0.3,0.08,-0.12,0.2,0.12,-0.3,0.08,0.3
1900,46623925,1.27019179,2.70440006,-1.52370596,2.11793566,4.02253199,1.82369995,-2.0964179,-7.79594994,-134.771469,-11.8463755,6.60493088,-4.50542974,0.101615343,0.12,-0.4,0.2,0.12,0.12,0.3,0.3,-0.3,-0.3,0.08,-0.08,0.101615343,0.4,0.12,0.3,0.3,0.08,-0.12,0.2,0.12,-0.3,0.08,0.3
1901,46643449,1.26495314,2.69733381,-1.52487755,2.10716605,4.02084875,1.82479107,-2.10108566,-7.78629351,-134.773605,-11.8424978,6.60350943,-4.509655,0.101196251,0.12,-0.4,0.2,0.12,0.12,0.3,0.3,-0.3,-0.3,0.08,-0.08,0.101196251,0.4,0.12,0.3,0.3,0.08,-0.12,0.2,0.12,-0.3,0.08,0.3
1902,46662033,1.25895441,2.69091678,-1.52738261,2.09972739,4.01914597,1.82510448,-2.10641909,-7.77786684,-134.776184,-11.8373661,6.60062122,-4.51299143,0.100716352,0.12,-0.4,0.2,0.12,0.12,0.3,0.3,-0.3,-0.3,0.08,-0.08,0.100716352,0.4,0.12,0.3,0.3,0.08,-0.12,0.2,0.12,-0.3,0.08,0.3
1903,46680871,1.25381696,2.68607068,-1.52874315,2.09510565,4.01780939,1.82525468,-2.10965037,-7.77206945,-134.778671,-11.8318481,6.5977931,-4.51509953,0.100305357,0.12,-0.4,0.2,0.12,0.12,0.3,0.3,-0.3,-0.3,0.08,-0.08,0.100305357,0.4,0.12,0.3,0.3,0.08,-0.12,0.2,0.12,-0.3,0.08,0.3
1904,46700546,1.25115657,2.68441677,-1.5291369,2.09521365,4.0172739,1.82521963,-2.11071062,-7.77087927,-134.782028,-11.8273993,6.59561968,-4.51527357,0.100092525,0.12,-0.4,0.2,0.12,0.12,0.3,0.3,-0.3,-0.3,0.08,-0.08,0.100092525,0.4,0.12,0.3,0.3,0.08,-0.12,0.2,0.12,-0.3,0.08,0.3
1905,46724345,1.25199628,2.68632674,-1.52882349,2.09878397,4.0182209,1.82500446,-2.1097033,-7.77354193,-134.786697,-11.8250513,6.59509993,-4.51358938,0.100159702,0.12,-0.4,0.2,0.12,0.12,0.3,0.3,-0.3,-0.3,0.08,-0.08,0.100159702,0.4,0.12,0.3,0.3,0.08,-0.12,0.2,0.12,-0.3,0.08,0.3
1906,46746617,1.25564551,2.69021273,-1.52776885,2.10272598,4.01988888,1.82458019,-2.10746956,-7.77754927,-134.791351,-11.8251438,6.59624243,-4.51117563,0.100451641,0.12,-0.4,0.2,0.12,0.12,0.3,0.3,-0.3,-0.3,0.08,-0.08,0.100451641,0.4,0.12,0.3,0.3,0.08,-0.12,0.2,0.12,-0.3,0.08,0.3
1907,46760166,1.2603488,2.69298172,-1.52572441,2.10367942,4.02069712,1.8244164,-2.10445476,-7.78038216,-134.795074,-11.8266239,6.59949684,-4.50947952,0.100827904,0.12,-0.4,0.2,0.12,0.12,0.3,0.3,-0.3,-0.3,0.08,-0.08,0.100827904,0.4,0.12,0.3,0.3,0.08,-0.12,0.2,0.12,-0.3,0.08,0.3
1908,46785061,1.26408148,2.69273615,-1.52399099,2.10079646,4.02080965,1.82471466,-2.10274696,-7.77974367,-134.79744,-11.828207,6.6030345,-4.509624,0.101126518,0.12,-0.4,0.2,0.12,0.12,0.3,0.3,-0.3,-0.3,0.08,-0.08,0.101126518,0.4,0.12,0.3,0.3,0.08,-0.12,0.2,0.12,-0.3,0.08,0.3
1909,46800037,1.26478934,2.69001102,-1.52419055,2.09643745,4.01984167,1.82525802,-2.1039238,-7.77637148,-134.799484,-11.8279686,6.60574245,-4.51090431,0.101183147,0.12,-0.4,0.2,0.12,0.12,0.3,0.3,-0.3,-0.3,0.08,-0.08,0.101183147,0.4,0.12,0.3,0.3,0.08,-0.12,0.2,0.12,-0.3,0.08,0.3
1910,46821273,1.26316535,2.68503094,-1.52419877,2.09039783,4.01819658,1.82625341,-2.10589576,-7.77128172,-134.800964,-11.8258095,6.60741949,-4.51336193,0.101053228,0.12,-0.4,0.2,0.12,0.12,0.3,0.3,-0.3,-0.3,0.08,-0.08,0.101053228,0.4,0.12,0.3,0.3,0.08,-0.12,0.2,0.12,-0.3,0.08,0.3
1911,46848915,1.26118648,2.67929149,-1.52320099,2.08498216,4.01608562,1.82733262,-2.10710597,-7.76698685,-134.802338,-11.8224506,6.60804558,-4.51595974,0.100894918,0.12,-0.4,0.2,0.12,0.12,0.3,0.3,-0.3,-0.3,0.08,-0.08,0.100894918,0.4,0.12,0.3,0.3,0.08,-0.12,0.2,0.12,-0.3,0.08,0.3
1912,46860033,1.26112473,2.67546177,-1.5214082,2.08334422,4.01434326,1.82813013,-2.10662174,-7.76604652,-134.804367,-11.8188496,6.60827303,-4.51702595,0.100889978,0.12,-0.4,0.2,0.12,0.12,0.3,0.3,-0.3,-0.3,0.08,-0.08,0.100889978,0.4,0.12,0.3,0.3,0.08,-0.12,0.2,0.12,-0.3,0.08,0.3
1913,46886851,1.26445889,2.67490745,-1.51851094,2.08590412,4.01356077,1.82860696,-2.10369682,-7.76930141,-134.80719,-11.8162441,6.60897493,-4.51601791,0.101156712,0.12,-0.4,0.2,0.12,0.12,0.3,0.3,-0.3,-0.3,0.08,-0.08,0.101156712,0.4,0.12,0.3,0.3,0.08,-0.12,0.2,0.12,-0.3,0.08,0.3
1914,46900583,1.27192283,2.6773572,-1.5140233,2.09102798,4.01452589,1.82906723,-2.09797859,-7.77595758,-134.811172,-11.8162346,6.61095476,-4.51369143,0.101753826,0.12,-0.4,0.2,0.12,0.12,0.3,0.3,-0.3,-0.3,0.08,-0.08,0.101753826,0.4,0.12,0.3,0.3,0.08,-0.12,0.2,0.12,-0.3,0.08,0.3
1915,46921048,1.28243089,2.68296266,-1.50916684,2.09946728,4.01643419,1.82910073,-2.09051204,-7.78607178,-134.817017,-11.81882,6.61452579,-4.50961208,0.102594471,0.12,-0.4,0.2,0.12,0.12,0.3,0.3,-0.3,-0.3,0.08,-0.08,0.102594471,0.4,0.12,0.3,0.3,0.08,-0.12,0.2,0.12,-0.3,0.08,0.3
1916,46945123,1.29515791,2.69052887,-1.50364935,2.10874295,4.01872349,1.82901859,-2.081738,-7.79784012,-134.82402,-11.8236322,6.62009478,-4.50448036,0.103612633,0.12,-0.4,0.2,0.12,0.12,0.3,0.3,-0.3,-0.3,0.08,-0.08,0.103612633,0.4,0.12,0.3,0.3,0.08,-0.12,0.2,0.12,-0.3,0.08,0.3
1917,46960424,1.30920064,2.69734836,-1.49646318,2.11529326,4.02038956,1.82938564,-2.07193518,-7.80895329,-134.831207,-11.8300743,6.62818432,-4.49989986,0.104736052,0.12,-0.4,0.2,0.12,0.12,0.3,0.3,-0.3,-0.3,0.08,-0.08,0.104736052,0.4,0.12,0.3,0.3,0.08,-0.12,0.2,0.12,-0.3,0.08,0.3
1918,46981145,1.32257795,2.70131683,-1.48949265,2.11787724,4.02203512,1.83038223,-2.06353307,-7.81629896,-134.838196,-11.8372431,6.63698769,-4.49744463,0.105806236,0.12,-0.4,0.2,0.12,0.12,0.3,0.3,-0.3,-0.3,0.08,-0.08,0.105806236,0.4,0.12,0.3,0.3,0.08,-0.12,0.2,0.12,-0.3,0.08,0.3
1919,47000064,1.3338517,2.70287228,-1.48380029,2.11812615,4.02308321,1.83172357,-2.05772305,-7.82053328,-134.846069,-11.8435249,6.64526033,-4.49637222,0.106708136,0.12,-0.4,0.2,0.12,0.12,0.3,0.3,-0.3,-0.3,0.08,-0.08,0.106708136,0.4,0.12,0.3,0.3,0.08,-0.12,0.2,0.12,-0.3,0.08,0.3
1920,47018887,1.34113932,2.70328307,-1.48223794,2.11706519,4.02425098,1.83300674,-2.05716205,-7.82068205,-134.855652,-11.8478031,6.65164518,-4.4961729,0.107291145,0.12,-0.4,0.2,0.12,0.12,0.3,0.3,-0.3,-0.3,0.08,-0.08,0.107291145,0.4,0.12,0.3,0.3,0.08,-0.12,0.2,0.12,-0.3,0.08,0.3
1921,47045288,1.34453189,2.70322752,-1.48342121,2.11431384,4.02539539,1.83413863,-2.06083131,-7.81737328,-134.866928,-11.8501205,6.65596247,-4.49653149,0.107562551,0.12,-0.4,0.2,0.12,0.12,0.3,0.3,-0.3,-0.3,0.08,-0.08,0.107562551,0.4,0.12,0.3,0.3,0.08,-0.12,0.2,0.12,-0.3,0.08,0.3
1922,47059739,1.3448633,2.70275879,-1.486076,2.10974073,4.02640629,1.83503413,-2.06732178,-7.81144047,-134.879608,-11.8509331,6.65874147,-4.49734783,0.107589064,0.12,-0.4,0.2,0.12,0.12,0.3,0.3,-0.3,-0.3,0.08,-0.08,0.107589064,0.4,0.12,0.3,0.3,0.08,-0.12,0.2,0.12,-0.3,0.08,0.3
1923,47080013,1.34325647,2.70088029,-1.48840368,2.10262012,4.02753973,1.83583212,-2.07444286,-7.80320358,-134.892624,-11.8509903,6.66024208,-4.499259,0.107460518,0.12,-0.4,0.2,0.12,0.12,0.3,0.3,-0.3,-0.3,0.08,-0.08,0.107460518,0.4,0.12,0.3,0.3,0.08,-0.12,0.2,0.12,-0.3,0.08,0.3
1924,47099464,1.33952093,2.69713688,-1.49110329,2.09385252,4.02785683,1.83652163,-2.08235788,-7.79334211,-134.905518,-11.8496304,6.6609683,-4.50205517,0.107161674,0.12,-0.4,0.2,0.12,0.12,0.3,0.3,-0.3,-0.3,0.08,-0.08,0.107161674,0.4,0.12,0.3,0.3,0.08,-0.12,0.2,0.12,-0.3,0.08,0.3
1925,47120718,1.33397841,2.69117641,-1.49388778,2.08364367,4.02724743,1.83734691,-2.09026265,-7.78220797,-134.917496,-11.84659,6.66109371,-4.50590134,0.106718273,0.12,-0.4,0.2,0.12,0.12,0.3,0.3,-0.3,-0.3,0.08,-0.08,0.106718273,0.4,0.12,0.3,0.3,0.08,-0.12,0.2,0.12,-0.3,0.08,0.3
1926,47143350,1.32778561,2.68407583,-1.49611497,2.07418871,4.02554035,1.83816195,-2.09723759,-7.7719574,-134.928329,-11.8418093,6.66086721,-4.50983524,0.106222849,0.12,-0.4,0.2,0.12,0.12,0.3,0.3,-0.3,-0.3,0.08,-0.08,0.106222849,0.4,0.12,0.3,0.3,0.08,-0.12,0.2,0.12,-0.3,0.08,0.3
1927,47164319,1.32250595,2.67749071,-1.49747539,2.0672965,4.02356482,1.83895671,-2.10226917,-7.76434374,-134.938416,-11.8360052,6.66068506,-4.51297379,0.105800476,0.12,-0.4,0.2,0.12,0.12,0.3,0.3,-0.3,-0.3,0.08,-0.08,0.105800476,0.4,0.12,0.3,0.3,0.08,-0.12,0.2,0.12,-0.3,0.08,0.3
1928,47185923,1.31834269,2.67278767,-1.49976349,2.06345558,4.0224905,1.83945179,-2.10691118,-7.75866795,-134.9487,-11.8301268,6.65980434,-4.51493597,0.105467415,0.12,-0.4,0.2,0.12,0.12,0.3,0.3,-0.3,-0.3,0.08,-0.08,0.105467415,0.4,0.12,0.3,0.3,0.08,-0.12,0.2,0.12,-0.3,0.08,0.3
1929,47203818,1.31623828,2.67065883,-1.50165224,2.06213403,4.02259588,1.83972132,-2.11024427,-7.75547075,-134.959412,-11.8253689,6.65893364,-4.51564312,0.105299063,0.12,-0.4,0.2,0.12,0.12,0.3,0.3,-0.3,-0.3,0.08,-0.08,0.105299063,0.4,0.12,0.3,0.3,0.08,-0.12,0.2,0.12,-0.3,0.08,0.3
1930,47219495,1.31660736,2.6708622,-1.50251365,2.06288314,4.02397776,1.83966804,-2.11169338,-7.75483179,-134.970505,-11.8228312,6.65825891,-4.51539516,0.105328588,0.12,-0.4,0.2,0.12,0.12,0.3,0.3,-0.3,-0.3,0.08,-0.08,0.105328588,0.4,0.12,0.3,0.3,0.08,-0.12,0.2,0.12,-0.3,0.08,0.3
1931,47239138,1.31885374,2.673527,-1.50334001,2.0657773,4.02646685,1.83910096,-2.11230588,-7.75623226,-134.981873,-11.8225918,6.65798569,-4.51403046,0.105508299,0.12,-0.4,0.2,0.12,0.12,0.3,0.3,-0.3,-0.3,0.08,-0.08,0.105508299,0.4,0.12,0.3,0.3,0.08,-0.12,0.2,0.12,-0.3,0.08,0.3
1932,47262001,1.32238317,2.67727041,-1.50343466,2.06823397,4.0296998,1.83844185,-2.11227894,-7.75783443,-134.993027,-11.8247614,6.65869188,-4.51251554,0.105790653,0.12,-0.4,0.2,0.12,0.12,0.3,0.3,-0.3,-0.3,0.08,-0.08,0.105790653,0.4,0.12,0.3,0.3,0.08,-0.12,0.2,0.12,-0.3,0.08,0.3
1933,47283654,1.32624209,2.68059516,-1.50255346,2.06974173,4.03243589,1.8378495,-2.1115787,-7.75920773,-135.003372,-11.8283033,6.66085434,-4.51137877,0.106099367,0.12,-0.4,0.2,0.12,0.12,0.3,0.3,-0.3,-0.3,0.08,-0.08,0.106099367,0.4,0.12,0.3,0.3,0.08,-0.12,0.2,0.12,-0.3,0.08,0.3
1934,47299673,1.3303082,2.68196344,-1.50014913,2.06904268,4.03394175,1.83790445,-2.10995555,-7.75993347,-135.012344,-11.8320532,6.66460562,-4.51117992,0.106424656,0.12,-0.4,0.2,0.12,0.12,0.3,0.3,-0.3,-0.3,0.08,-0.08,0.106424656,0.4,0.12,0.3,0.3,0.08,-0.12,0.2,0.12,-0.3,0.08,0.3
1935,47328098,1.33381593,2.68077564,-1.49750495,2.06644869,4.03419209,1.83859468,-2.10868931,-7.75930786,-135.019943,-11.834938,6.66913128,-4.51211643,0.106705275,0.12,-0.4,0.2,0.12,0.12,0.3,0.3,-0.3,-0.3,0.08,-0.08,0.106705275,0.4,0.12,0.3,0.3,0.08,-0.12,0.2,0.12,-0.3,0.08,0.3
1936,47339840,1.33580971,2.67762256,-1.49601769,2.06310821,4.03297567,1.83967507,-2.10887146,-7.75738811,-135.026306,-11.8355236,6.67358541,-4.51360178,0.106864777,0.12,-0.4,0.2,0.12,0.12,0.3,0.3,-0.3,-0.3,0.08,-0.08,0.106864777,0.4,0.12,0.3,0.3,0.08,-0.12,0.2,0.12,-0.3,0.08,0.3
1937,47361459,1.33746171,2.67273545,-1.49355853,2.05870581,4.0309248,1.84129691,-2.10846519,-7.75494957,-135.03157,-11.8344765,6.6774435,-4.51576233,0.106996937,0.12,-0.4,0.2,0.12,0.12,0.3,0.3,-0.3,-0.3,0.08,-0.08,0.106996937,0.4,0.12,0.3,0.3,0.08,-0.12,0.2,0.12,-0.3,0.08,0.3
1938,47380984,1.33952558,2.66777349,-1.49119258,2.05516648,4.02907705,1.84292758,-2.10796213,-7.75298166,-135.036972,-11.8323774,6.68027306,-4.51771545,0.107162046,0.12,-0.4,0.2,0.12,0.12,0.3,0.3,-0.3,-0.3,0.08,-0.08,0.107162046,0.4,0.12,0.3,0.3,0.08,-0.12,0.2,0.12,-0.3,0.08,0.3
1939,47407575,1.34220517,2.66445923,-1.49009812,2.05363274,4.02839756,1.84426224,-2.10817647,-7.75169039,-135.043396,-11.8300419,6.68170738,-4.51873827,0.107376413,0.12,-0.4,0.2,0.12,0.12,0.3,0.3,-0.3,-0.3,0.08,-0.08,0.107376413,0.4,0.12,0.3,0.3,0.08,-0.12,0.2,0.12,-0.3,0.08,0.3
1940,47419806,1.34617722,2.66396952,-1.48933291,2.05491877,4.02918816,1.84505105,-2.1081841,-7.75232077,-135.051254,-11.8287849,6.68212557,-4.51836586,0.107694178,0.12,-0.4,0.2,0.12,0.12,0.3,0.3,-0.3,-0.3,0.08,-0.08,0.107694178,0.4,0.12,0.3,0.3,0.08,-0.12,0.2,0.12,-0.3,0.08,0.3
1941,47441999,1.35188496,2.66719556,-1.4887079,2.05949521,4.0316968,1.84514236,-2.10749626,-7.75572205,-135.060776,-11.8295259,6.68254519,-4.51621056,0.108150797,0.12,-0.4,0.2,0.12,0.12,0.3,0.3,-0.3,-0.3,0.08,-0.08,0.108150797,0.4,0.12,0.3,0.3,0.08,-0.12,0.2,0.12,-0.3,0.08,0.3
1942,47465673,1.35796666,2.67388797,-1.48920178,2.06689215,4.03458691,1.84440982,-2.1069479,-7.76136208,-135.071976,-11.8317032,6.68391466,-4.51205492,0.108637333,0.12,-0.4,0.2,0.12,0.12,0.3,0.3,-0.3,-0.3,0.08,-0.08,0.108637333,0.4,0.12,0.3,0.3,0.08,-0.12,0.2,0.12,-0.3,0.08,0.3
1943,47478819,1.36260021,2.68135977,-1.49149299,2.07249999,4.03750753,1.84345686,-2.10827565,-7.76503038,-135.083633,-11.8347597,6.68592405,-4.5079813,0.109008017,0.12,-0.4,0.2,0.12,0.12,0.3,0.3,-0.3,-0.3,0.08,-0.08,0.109008017,0.4,0.12,0.3,0.3,0.08,-0.12,0.2,0.12,-0.3,0.08,0.3
1944,47505552,1.36496723,2.68702984,-1.49380171,2.07472444,4.03953743,1.84272599,-2.11059523,-7.76631927,-135.095169,-11.8380547,6.68802452,-4.50546074,0.109197378,0.12,-0.4,0.2,0.12,0.12,0.3,0.3,-0.3,-0.3,0.08,-0.08,0.109197378,0.4,0.12,0.3,0.3,0.08,-0.12,0.2,0.12,-0.3,0.08,0.3
1945,47521851,1.36391652,2.6902473,-1.4972136,2.07473683,4.04142475,1.8420043,-2.11458564,-7.76502848,-135.107117,-11.8408022,6.68868256,-4.50482178,0.109113321,0.12,-0.4,0.2,0.12,0.12,0.3,0.3,-0.3,-0.3,0.08,-0.08,0.109113321,0.4,0.12,0.3,0.3,0.08,-0.12,0.2,0.12,-0.3,0.08,0.3
1946,47541624,1.35881269,2.69221497,-1.50163436,2.07564306,4.04182196,1.84080267,-2.11933327,-7.76366234,-135.119354,-11.841547,6.68783426,-4.5045228,0.108705015,0.12,-0.4,0.2,0.12,0.12,0.3,0.3,-0.3,-0.3,0.08,-0.08,0.108705015,0.4,0.12,0.3,0.3,0.08,-0.12,0.2,0.12,-0.3,0.08,0.3
1947,47562843,1.34987998,2.69394469,-1.50830889,2.07816863,4.04068565,1.83926928,-2.12550497,-7.76245451,-135.131699,-11.8397198,6.68517017,-4.50390768,0.107990398,0.12,-0.4,0.2,0.12,0.12,0.3,0.3,-0.3,-0.3,0.08,-0.08,0.107990398,0.4,0.12,0.3,0.3,0.08,-0.12,0.2,0.12,-0.3,0.08,0.3
1948,47582942,1.33834434,2.69546962,-1.5165,2.08053613,4.03871536,1.83763039,-2.13282371,-7.76050377,-135.1436,-11.8358765,6.68094349,-4.50338602,0.107067547,0.12,-0.4,0.2,0.12,0.12,0.3,0.3,-0.3,-0.3,0.08,-0.08,0.107067547,0.4,0.12,0.3,0.3,0.08,-0.12,0.2,0.12,-0.3,0.08,0.3
1949,47603123,1.32681572,2.69586754,-1.52301335,2.08056974,4.03752375,1.83633578,-2.13870168,-7.75780678,-135.154404,-11.8321896,6.67488813,-4.50421143,0.106145258,0.12,-0.4,0.2,0.12,0.12,0.3,0.3,-0.3,-0.3,0.08,-0.08,0.106145258,0.4,0.12,0.3,0.3,0.08,-0.12,0.2,0.12,-0.3,0.08,0.3
1950,47620260,1.3161608,2.69501925,-1.52704227,2.07973433,4.03704119,1.83481979,-2.14158463,-7.75571346,-135.164474,-11.829587,6.66756105,-4.50602293,0.105292864,0.12,-0.4,0.2,0.12,0.12,0.3,0.3,-0.3,-0.3,0.08,-0.08,0.105292864,0.4,0.12,0.3,0.3,0.08,-0.12,0.2,0.12,-0.3,0.08,0.3
1951,47641352,1.30717289,2.69445205,-1.52877748,2.08093071,4.03622246,1.83282447,-2.14085674,-7.7563591,-135.172592,-11.8276281,6.660357,-4.50714922,0.104573832,0.12,-0.4,0.2,0.12,0.12,0.3,0.3,-0.3,-0.3,0.08,-0.08,0.104573832,0.4,0.12,0.3,0.3,0.08,-0.12,0.2,0.12,-0.3,0.08,0.3
1952,47663708,1.29931355,2.69465566,-1.53062618,2.08450174,4.03358078,1.83071125,-2.13889241,-7.75920153,-135.178421,-11.8250113,6.65455151,-4.5067296,0.103945084,0.12,-0.4,0.2,0.12,0.12,0.3,0.3,-0.3,-0.3,0.08,-0.08,0.103945084,0.4,0.12,0.3,0.3,0.08,-0.12,0.2,0.12,-0.3,0.08,0.3
1953,47681689,1.2947005,2.69531083,-1.53082037,2.08777022,4.03146839,1.82949603,-2.13521743,-7.76299667,-135.181854,-11.8230696,6.6501689,-4.50609446,0.10357604,0.12,-0.4,0.2,0.12,0.12,0.3,0.3,-0.3,-0.3,0.08,-0.08,0.10357604,0.4,0.12,0.3,0.3,0.08,-0.12,0.2,0.12,-0.3,0.08,0.3
1954,47706652,1.29144835,2.69653869,-1.53171039,2.09162378,4.02974367,1.82848859,-2.13224959,-7.76709747,-135.184677,-11.8212795,6.64689302,-4.50502443,0.103315868,0.12,-0.4,0.2,0.12,0.12,0.3,0.3,-0.3,-0.3,0.08,-0.08,0.103315868,0.4,0.12,0.3,0.3,0.08,-0.12,0.2,0.12,-0.3,0.08,0.3
1955,47720344,1.28649032,2.6989181,-1.53493977,2.09860301,4.02627707,1.82705665,-2.13018441,-7.77285767,-135.186462,-11.8175068,6.64366484,-4.502388,0.102919226,0.12,-0.4,0.2,0.12,0.12,0.3,0.3,-0.3,-0.3,0.08,-0.08,0.102919226,0.4,0.12,0.3,0.3,0.08,-0.12,0.2,0.12,-0.3,0.08,0.3
1956,47739766,1.28150582,2.69913316,-1.53520155,2.10248494,4.02146912,1.82638204,-2.1255281,-7.77822876,-135.185608,-11.8131275,6.64022541,-4.50074863,0.102520466,0.12,-0.4,0.2,0.12,0.12,0.3,0.3,-0.3,-0.3,0.08,-0.08,0.102520466,0.4,0.12,0.3,0.3,0.08,-0.12,0.2,0.12,-0.3,0.08,0.3
1957,47762324,1.27872372,2.69771504,-1.53222597,2.10467887,4.01718903,1.82617545,-2.11813545,-7.78418493,-135.182877,-11.8095284,6.63682413,-4.50037527,0.102297897,0.12,-0.4,0.2,0.12,0.12,0.3,0.3,-0.3,-0.3,0.08,-0.08,0.102297897,0.4,0.12,0.3,0.3,0.08,-0.12,0.2,0.12,-0.3,0.08,0.3
1958,47782680,1.27692056,2.69544864,-1.53044963,2.105407,4.01504755,1.82585633,-2.11189795,-7.78762674,-135.179886,-11.807023,6.63162708,-4.5011673,0.102153645,0.12,-0.4,0.2,0.12,0.12,0.3,0.3,-0.3,-0.3,0.08,-0.08,0.102153645,0.4,0.12,0.3,0.3,0.08,-0.12,0.2,0.12,-0.3,0.08,0.3
1959,47810208,1.27624357,2.69467735,-1.5300802,2.10638666,4.01582384,1.82508564,-2.10800004,-7.78894329,-135.177368,-11.8068562,6.62418365,-4.50227022,0.102099485,0.12,-0.4,0.2,0.12,0.12,0.3,0.3,-0.3,-0.3,0.08,-0.08,0.102099485,0.4,0.12,0.3,0.3,0.08,-0.12,0.2,0.12,-0.3,0.08,0.3
1960,47819722,1.27877295,2.69578886,-1.52749085,2.10649228,4.01925993,1.82442153,-2.10367155,-7.78981066,-135.175369,-11.8103104,6.61801624,-4.50327873,0.102301836,0.12,-0.4,0.2,0.12,0.12,0.3,0.3,-0.3,-0.3,0.08,-0.08,0.102301836,0.4,0.12,0.3,0.3,0.08,-0.12,0.2,0.12,-0.3,0.08,0.3
1961,47840048,1.28369653,2.70029998,-1.52434909,2.11082006,4.02161026,1.82325673,-2.09886861,-7.79456854,-135.17337,-11.8151131,6.61574507,-4.50128174,0.102695723,0.12,-0.4,0.2,0.12,0.12,0.3,0.3,-0.3,-0.3,0.08,-0.08,0.102695723,0.4,0.12,0.3,0.3,0.08,-0.12,0.2,0.12,-0.3,0.08,0.3
1962,47870362,1.29058254,2.70478916,-1.5207144,2.11303186,4.02395821,1.82316339,-2.09449291,-7.79822874,-135.170135,-11.8211708,6.6169014,-4.4990716,0.103246603,0.12,-0.4,0.2,0.12,0.12,0.3,0.3,-0.3,-0.3,0.08,-0.08,0.103246603,0.4,0.12,0.3,0.3,0.08,-0.12,0.2,0.12,-0.3,0.08,0.3
1963,47880136,1.29664505,2.70765138,-1.51881003,2.11227345,4.02613497,1.82379103,-2.09356999,-7.7984333,-135.166412,-11.8271675,6.62048531,-4.49805117,0.103731604,0.12,-0.4,0.2,0.12,0.12,0.3,0.3,-0.3,-0.3,0.08,-0.08,0.103731604,0.4,0.12,0.3,0.3,0.08,-0.12,0.2,0.12,-0.3,0.08,0.3
1964,47901630,1.2992605,2.70736599,-1.51886046,2.10781837,4.02736855,1.82500899,-2.09560156,-7.79449749,-135.162613,-11.8310575,6.62477827,-4.49895096,0.10394084,0.12,-0.4,0.2,0.12,0.12,0.3,0.3,-0.3,-0.3,0.08,-0.08,0.10394084,0.4,0.12,0.3,0.3,0.08,-0.12,0.2,0.12,-0.3,0.08,0.3
1965,47922017,1.29793394,2.70368719,-1.51944804,2.1010592,4.0266633,1.8263011,-2.09923339,-7.78796911,-135.158691,-11.8321104,6.62792397,-4.50138378,0.103834715,0.12,-0.4,0.2,0.12,0.12,0.3,0.3,-0.3,-0.3,0.08,-0.08,0.103834715,0.4,0.12,0.3,0.3,0.08,-0.12,0.2,0.12,-0.3,0.08,0.3
1966,47942317,1.29429162,2.69802833,-1.5205195,2.09319854,4.02545023,1.82775295,-2.10417342,-7.77993584,-135.154495,-11.8306475,6.62979746,-4.50478745,0.103543329,0.12,-0.4,0.2,0.12,0.12,0.3,0.3,-0.3,-0.3,0.08,-0.08,0.103543329,0.4,0.12,0.3,0.3,0.08,-0.12,0.2,0.12,-0.3,0.08,0.3
1967,47962891,1.28981042,2.69185114,-1.52155411,2.08624911,4.02381802,1.82904947,-2.10910106,-7.77247238,-135.150742,-11.8274155,6.6303916,-4.50807667,0.103184834,0.12,-0.4,0.2,0.12,0.12,0.3,0.3,-0.3,-0.3,0.08,-0.08,0.103184834,0.4,0.12,0.3,0.3,0.08,-0.12,0.2,0.12,-0.3,0.08,0.3
1968,47985745,1.28464007,2.68679762,-1.52459228,2.08172393,4.02333641,1.82979882,-2.11533165,-7.76510954,-135.147415,-11.82337,6.62896299,-4.51091337,0.102771206,0.12,-0.4,0.2,0.12,0.12,0.3,0.3,-0.3,-0.3,0.08,-0.08,0.102771206,0.4,0.12,0.3,0.3,0.08,-0.12,0.2,0.12,-0.3,0.08,0.3
1969,47998298,1.27952754,2.68404007,-1.52849555,2.08007526,4.02326584,1.83001757,-2.12148762,-7.75978136,-135.144958,-11.8192377,6.62617302,-4.51242733,0.102362204,0.12,-0.4,0.2,0.12,0.12,0.3,0.3,-0.3,-0.3,0.08,-0.08,0.102362204,0.4,0.12,0.3,0.3,0.08,-0.12,0.2,0.12,-0.3,0.08,0.3
1970,48023432,1.27522051,2.68383241,-1.53224158,2.08135223,4.02365065,1.82974935,-2.12622929,-7.75751114,-135.14296,-11.8157692,6.62311983,-4.51249743,0.102017641,0.12,-0.4,0.2,0.12,0.12,0.3,0.3,-0.3,-0.3,0.08,-0.08,0.102017641,0.4,0.12,0.3,0.3,0.08,-0.12,0.2,0.12,-0.3,0.08,0.3
1971,48040984,1.27242672,2.68536544,-1.53445125,2.08412719,4.02425146,1.8291173,-2.12836003,-7.75806856,-135.140396,-11.8136835,6.62048006,-4.51167917,0.101794138,0.12,-0.4,0.2,0.12,0.12,0.3,0.3,-0.3,-0.3,0.08,-0.08,0.101794138,0.4,0.12,0.3,0.3,0.08,-0.12,0.2,0.12,-0.3,0.08,0.3
1972,48063613,1.27090907,2.68763995,-1.53528988,2.08773923,4.02454472,1.82824194,-2.12809062,-7.76074266,-135.137177,-11.8130045,6.61868382,-4.51040411,0.101672726,0.12,-0.4,0.2,0.12,0.12,0.3,0.3,-0.3,-0.3,0.08,-0.08,0.101672726,0.4,0.12,0.3,0.3,0.08,-0.12,0.2,0.12,-0.3,0.08,0.3
1973,48095528,1.26985514,2.68979979,-1.53592515,2.09113288,4.02443504,1.82727396,-2.1267736,-7.7638669,-135.133316,-11.8129406,6.61747789,-4.50916433,0.101588411,0.12,-0.4,0.2,0.12,0.12,0.3,0.3,-0.3,-0.3,0.08,-0.08,0.101588411,0.4,0.12,0.3,0.3,0.08,-0.12,0.2,0.12,-0.3,0.08,0.3
1974,48100925,1.26956725,2.69079208,-1.53473401,2.09314847,4.02364492,1.82665622,-2.12364316,-7.76715469,-135.128494,-11.8132305,6.6172142,-4.50853968,0.10156538,0.12,-0.4,0.2,0.12,0.12,0.3,0.3,-0.3,-0.3,0.08,-0.08,0.10156538,0.4,0.12,0.3,0.3,0.08,-0.12,0.2,0.12,-0.3,0.08,0.3
1975,48119911,1.26997054,2.69034958,-1.53243303,2.09407353,4.02244902,1.82642794,-2.11947823,-7.77024746,-135.122849,-11.81359,6.61746407,-4.5086503,0.101597643,0.12,-0.4,0.2,0.12,0.12,0.3,0.3,-0.3,-0.3,0.08,-0.08,0.101597643,0.4,0.12,0.3,0.3,0.08,-0.12,0.2,0.12,-0.3,0.08,0.3
1976,48141274,1.27106476,2.68917966,-1.52981544,2.09466124,4.02110529,1.82640493,-2.11511517,-7.77303123,-135.116516,-11.8137465,6.61775446,-4.50897455,0.101685181,0.12,-0.4,0.2,0.12,0.12,0.3,0.3,-0.3,-0.3,0.08,-0.08,0.101685181,0.4,0.12,0.3,0.3,0.08,-0.12,0.2,0.12,-0.3,0.08,0.3
1977,48161304,1.27302074,2.6878233,-1.52709115,2.09476829,4.02007627,1.82663929,-2.11113286,-7.77509308,-135.109726,-11.813983,6.61803579,-4.50938606,0.10184166,0.12,-0.4,0.2,0.12,0.12,0.3,0.3,-0.3,-0.3,0.08,-0.08,0.10184166,0.4,0.12,0.3,0.3,0.08,-0.12,0.2,0.12,-0.3,0.08,0.3
1978,48191153,1.27548027,2.68689013,-1.52510083,2.09507036,4.01955652,1.8269527,-2.10819912,-7.77650595,-135.103119,-11.8143129,6.61811495,-4.50960398,0.102038422,0.12,-0.4,0.2,0.12,0.12,0.3,0.3,-0.3,-0.3,0.08,-0.08,0.102038422,0.4,0.12,0.3,0.3,0.08,-0.12,0.2,0.12,-0.3,0.08,0.3
1979,48205253,1.2783972,2.68678713,-1.52362549,2.09571505,4.01968241,1.82735419,-2.10622525,-7.77766943,-135.097137,-11.8149443,6.61806536,-4.50943279,0.102271776,0.12,-0.4,0.2,0.12,0.12,0.3,0.3,-0.3,-0.3,0.08,-0.08,0.102271776,0.4,0.12,0.3,0.3,0.08,-0.12,0.2,0.12,-0.3,0.08,0.3
1980,48226401,1.28132617,2.68741345,-1.52268159,2.09654069,4.02020693,1.82772017,-2.1051445,-7.77865171,-135.091812,-11.8158989,6.61812305,-4.50894308,0.102506094,0.12,-0.4,0.2,0.12,0.12,0.3,0.3,-0.3,-0.3,0.08,-0.08,0.102506094,0.4,0.12,0.3,0.3,0.08,-0.12,0.2,0.12,-0.3,0.08,0.3
1981,48239865,1.28404164,2.68838716,-1.52188671,2.09730029,4.02067566,1.82803309,-2.10441756,-7.77962065,-135.086792,-11.8170061,6.61848164,-4.50826073,0.102723331,0.12,-0.4,0.2,0.12,0.12,0.3,0.3,-0.3,-0.3,0.08,-0.08,0.102723331,0.4,0.12,0.3,0.3,0.08,-0.12,0.2,0.12,-0.3,0.08,0.3
1982,48270506,1.28627801,2.68912792,-1.52133155,2.0973196,4.02116251,1.82834959,-2.10423231,-7.77988815,-135.082123,-11.8182774,6.61895943,-4.50783348,0.102902241,0.12,-0.4,0.2,0.12,0.12,0.3,0.3,-0.3,-0.3,0.08,-0.08,0.102902241,0.4,0.12,0.3,0.3,0.08,-0.12,0.2,0.12,-0.3,0.08,0.3
1983,48284709,1.28695834,2.68956852,-1.52242851,2.0970192,4.02227736,1.82845926,-2.10599709,-7.77834511,-135.077744,-11.8196135,6.61851263,-4.50804186,0.102956667,0.12,-0.4,0.2,0.12,0.12,0.3,0.3,-0.3,-0.3,0.08,-0.08,0.102956667,0.4,0.12,0.3,0.3,0.08,-0.12,0.2,0.12,-0.3,0.08,0.3
1984,48298552,1.28635812,2.68948627,-1.5236659,2.09576821,4.02311039,1.82859814,-2.10840487,-7.77597857,-135.073624,-11.820631,6.61774969,-4.50868988,0.102908649,0.12,-0.4,0.2,0.12,0.12,0.3,0.3,-0.3,-0.3,0.08,-0.08,0.102908649,0.4,0.12,0.3,0.3,0.08,-0.12,0.2,0.12,-0.3,0.08,0.3
1985,48329107,1.28460014,2.68880081,-1.52523243,2.09406209,4.02362013,1.82869124,-2.11129522,-7.77316284,-135.069626,-11.8212042,6.61663532,-4.50970888,0.102768011,0.12,-0.4,0.2,0.12,0.12,0.3,0.3,-0.3,-0.3,0.08,-0.08,0.102768011,0.4,0.12,0.3,0.3,0.08,-0.12,0.2,0.12,-0.3,0.08,0.3
1986,48338225,1.28250158,2.68773913,-1.52646947,2.09216809,4.02395678,1.82875836,-2.11395144,-7.77042055,-135.065247,-11.8214331,6.61532164,-4.51085806,0.102600126,0.12,-0.4,0.2,0.12,0.12,0.3,0.3,-0.3,-0.3,0.08,-0.08,0.102600126,0.4,0.12,0.3,0.3,0.08,-0.12,0.2,0.12,-0.3,0.08,0.3
1987,48366101,1.28011096,2.68666697,-1.52806497,2.0903616,4.02445984,1.82873428,-2.11693168,-7.76743078,-135.060822,-11.8215704,6.6137681,-4.51206541,0.102408876,0.12,-0.4,0.2,0.12,0.12,0.3,0.3,-0.3,-0.3,0.08,-0.08,0.102408876,0.4,0.12,0.3,0.3,0.08,-0.12,0.2,0.12,-0.3,0.08,0.3
1988,48383132,1.27754009,2.68581486,-1.5299046,2.08869743,4.02502203,1.82859218,-2.11989546,-7.76441526,-135.056641,-11.8215227,6.61216259,-4.5131216,0.102203207,0.12,-0.4,0.2,0.12,0.12,0.3,0.3,-0.3,-0.3,0.08,-0.08,0.102203207,0.4,0.12,0.3,0.3,0.08,-0.12,0.2,0.12,-0.3,0.08,0.3
1989,48398753,1.27520263,2.68543434,-1.53154278,2.08767104,4.02574873,1.82841039,-2.12254715,-7.76199532,-135.05278,-11.8215418,6.61063337,-4.51389122,0.102016211,0.12,-0.4,0.2,0.12,0.12,0.3,0.3,-0.3,-0.3,0.08,-0.08,0.102016211,0.4,0.12,0.3,0.3,0.08,-0.12,0.2,0.12,-0.3,0.08,0.3
1990,48431785,1.27340317,2.68552685,-1.53266358,2.08731031,4.02652359,1.82819104,-2.12442899,-7.76055384,-135.049164,-11.8217697,6.60963869,-4.51432657,0.101872253,0.12,-0.4,0.2,0.12,0.12,0.3,0.3,-0.3,-0.3,0.08,-0.08,0.101872253,0.4,0.12,0.3,0.3,0.08,-0.12,0.2,0.12,-0.3,0.08,0.3
1991,48438394,1.27189386,2.68595672,-1.53391683,2.08733654,4.0272851,1.82790077,-2.12619591,-7.75951433,-135.045349,-11.8221445,6.60893154,-4.51451778,0.101751509,0.12,-0.4,0.2,0.12,0.12,0.3,0.3,-0.3,-0.3,0.08,-0.08,0.101751509,0.4,0.12,0.3,0.3,0.08,-0.12,0.2,0.12,-0.3,0.08,0.3
1992,48462456,1.27073908,2.68653584,-1.53468657,2.08768177,4.02780724,1.82761359,-2.12727618,-7.7591176,-135.041412,-11.8226957,6.60862494,-4.51452446,0.101659126,0.12,-0.4,0.2,0.12,0.12,0.3,0.3,-0.3,-0.3,0.08,-0.08,0.101659126,0.4,0.12,0.3,0.3,0.08,-0.12,0.2,0.12,-0.3,0.08,0.3
1993,48480604,1.26922226,2.68742967,-1.53624058,2.08883071,4.0285449,1.82716942,-2.12882376,-7.75873852,-135.037552,-11.8232603,6.6080637,-4.51441813,0.101537781,0.12,-0.4,0.2,0.12,0.12,0.3,0.3,-0.3,-0.3,0.08,-0.08,0.101537781,0.4,0.12,0.3,0.3,0.08,-0.12,0.2,0.12,-0.3,0.08,0.3
1994,48501454,1.26763427,2.68851113,-1.53726208,2.09031868,4.02895784,1.82678437,-2.12965894,-7.75915575,-135.033768,-11.8237362,6.60765505,-4.51413059,0.101410742,0.12,-0.4,0.2,0.12,0.12,0.3,0.3,-0.3,-0.3,0.08,-0.08,0.101410742,0.4,0.12,0.3,0.3,0.08,-0.12,0.2,0.12,-0.3,0.08,0.3
1995,48526851,1.26589692,2.68930244,-1.53830492,2.09137964,4.02932358,1.82646179,-2.13040948,-7.75945091,-135.029938,-11.8242674,6.60712433,-4.51409054,0.101271753,0.12,-0.4,0.2,0.12,0.12,0.3,0.3,-0.3,-0.3,0.08,-0.08,0.101271753,0.4,0.12,0.3,0.3,0.08,-0.12,0.2,0.12,-0.3,0.08,0.3
1996,48538629,1.26456439,2.68978453,-1.5386349,2.09195137,4.02961683,1.82615685,-2.13046837,-7.75985575,-135.025711,-11.8250084,6.60654449,-4.51425886,0.101165152,0.12,-0.4,0.2,0.12,0.12,0.3,0.3,-0.3,-0.3,0.08,-0.08,0.101165152,0.4,0.12,0.3,0.3,0.08,-0.12,0.2,0.12,-0.3,0.08,0.3
1997,48563898,1.26379704,2.68994117,-1.53831029,2.09213495,4.02998018,1.8258785,-2.12995911,-7.76020622,-135.021194,-11.8261299,6.6060009,-4.51462173,0.101103764,0.12,-0.4,0.2,0.12,0.12,0.3,0.3,-0.3,-0.3,0.08,-0.08,0.101103764,0.4,0.12,0.3,0.3,0.08,-0.12,0.2,0.12,-0.3,0.08,0.3
1998,48578789,1.26380074,2.68976617,-1.53704333,2.09190035,4.03013563,1.82569265,-2.12847018,-7.76072598,-135.016373,-11.8273582,6.60608482,-4.51501751,0.101104059,0.12,-0.4,0.2,0.12,0.12,0.3,0.3,-0.3,-0.3,0.08,-0.08,0.101104059,0.4,0.12,0.3,0.3,0.08,-0.12,0.2,0.12,-0.3,0.08,0.3
1999,48600689,1.26473296,2.68916655,-1.53474712,2.09168291,4.02963686,1.8257618,-2.12593102,-7.76190853,-135.011124,-11.8283415,6.60719252,-4.51522636,0.101178637,0.12,-0.4,0.2,0.12,0.12,0.3,0.3,-0.3,-0.3,0.08,-0.08,0.101178637,0.4,0.12,0.3,0.3,0.08,-0.12,0.2,0.12,-0.3,0.08,0.3
2000,48625326,1.26610208,2.68828607,-1.5329932,2.09152746,4.0289073,1.8260864,-2.1238296,-7.76288939,-135.005707,-11.8287935,6.6087389,-4.51535177,0.101288166,0.12,-0.4,0.2,0.12,0.12,0.3,0.3,-0.3,-0.3,0.08,-0.08,0.101288166,0.4,0.12,0.3,0.3,0.08,-0.12,0.2,0.12,-0.3,0.08,0.3
2001,48638291,1.2678709,2.68753195,-1.53133905,2.09171247,4.0280695,1.82655966,-2.12191176,-7.7640872,-135.000214,-11.8287334,6.61051369,-4.5152297,0.101429672,0.12,-0.4,0.2,0.12,0.12,0.3,0.3,-0.3,-0.3,0.08,-0.08,0.101429672,0.4,0.12,0.3,0.3,0.08,-0.12,0.2,0.12,-0.3,0.08,0.3
2002,48658926,1.26987422,2.68656898,-1.52937961,2.09153533,4.02701807,1.82717407,-2.11977005,-7.76526022,-134.994766,-11.8282785,6.61256981,-4.51510048,0.101589937,0.12,-0.4,0.2,0.12,0.12,0.3,0.3,-0.3,-0.3,0.08,-0.08,0.101589937,0.4,0.12,0.3,0.3,0.08,-0.12,0.2,0.12,-0.3,0.08,0.3
2003,48682479,1.27185547,2.68552446,-1.52760994,2.09145975,4.02601528,1.8277595,-2.11767006,-7.76632118,-134.989517,-11.8276052,6.61418247,-4.51499271,0.101748438,0.12,-0.4,0.2,0.12,0.12,0.3,0.3,-0.3,-0.3,0.08,-0.08,0.101748438,0.4,0.12,0.3,0.3,0.08,-0.12,0.2,0.12,-0.3,0.08,0.3
2004,48700041,1.27384079,2.68472576,-1.52624166,2.09152579,4.0252161,1.82830787,-2.11607003,-7.76725483,-134.984924,-11.8267889,6.61535168,-4.51475143,0.101907263,0.12,-0.4,0.2,0.12,0.12,0.3,0.3,-0.3,-0.3,0.08,-0.08,0.101907263,0.4,0.12,0.3,0.3,0.08,-0.12,0.2,0.12,-0.3,0.08,0.3
2005,48734197,1.27516901,2.68445206,-1.52641952,2.09174299,4.02502203,1.82866204,-2.11606956,-7.7673645,-134.98114,-11.8259592,6.61564493,-4.51451588,0.102013521,0.12,-0.4,0.2,0.12,0.12,0.3,0.3,-0.3,-0.3,0.08,-0.08,0.102013521,0.4,0.12,0.3,0.3,0.08,-0.12,0.2,0.12,-0.3,0.08,0.3
2006,48742830,1.27538466,2.68473315,-1.52795219,2.09182096,4.02535963,1.82876015,-2.1176703,-7.7665,-134.978256,-11.8252602,6.61487913,-4.51431942,0.102030773,0.12,-0.4,0.2,0.12,0.12,0.3,0.3,-0.3,-0.3,0.08,-0.08,0.102030773,0.4,0.12,0.3,0.3,0.08,-0.12,0.2,0.12,-0.3,0.08,0.3
2007,48762235,1.27496207,2.68562675,-1.52931404,2.09213233,4.02589846,1.8285898,-2.11935306,-7.76584196,-134.976089,-11.8249683,6.61368799,-4.51397324,0.101996965,0.12,-0.4,0.2,0.12,0.12,0.3,0.3,-0.3,-0.3,0.08,-0.08,0.101996965,0.4,0.12,0.3,0.3,0.08,-0.12,0.2,0.12,-0.3,0.08,0.3
2008,48782959,1.27327943,2.68653965,-1.53106511,2.09286284,4.02707481,1.82809901,-2.12146354,-7.76448202,-134.973648,-11.8253307,6.61176443,-4.51405048,0.101862354,0.12,-0.4,0.2,0.12,0.12,0.3,0.3,-0.3,-0.3,0.08,-0.08,0.101862354,0.4,0.12,0.3,0.3,0.08,-0.12,0.2,0.12,-0.3,0.08,0.3
2009,48800468,1.27121091,2.68719983,-1.5322578,2.09315586,4.02793264,1.82772958,-2.12315297,-7.76338768,-134.970947,-11.8260746,6.60966349,-4.51437807,0.101696873,0.12,-0.4,0.2,0.12,0.12,0.3,0.3,-0.3,-0.3,0.08,-0.08,0.101696873,0.4,0.12,0.3,0.3,0.08,-0.12,0.2,0.12,-0.3,0.08,0.3
2010,48824797,1.26818323,2.68720746,-1.5347538,2.09240842,4.02901125,1.82741129,-2.12620592,-7.76094437,-134.968155,-11.8269081,6.60722542,-4.51536226,0.101454659,0.12,-0.4,0.2,0.12,0.12,0.3,0.3,-0.3,-0.3,0.08,-0.08,0.101454659,0.4,0.12,0.3,0.3,0.08,-0.12,0.2,0.12,-0.3,0.08,0.3
2011,48841010,1.26523376,2.6868844,-1.53598976,2.09146976,4.02949476,1.82706153,-2.1281507,-7.75912142,-134.964157,-11.8275766,6.60523462,-4.51637363,0.1012187,0.12,-0.4,0.2,0.12,0.12,0.3,0.3,-0.3,-0.3,0.08,-0.08,0.1012187,0.4,0.12,0.3,0.3,0.08,-0.12,0.2,0.12,-0.3,0.08,0.3
2012,48869034,1.26190817,2.68647456,-1.53762984,2.09120011,4.0295372,1.82661164,-2.13012362,-7.75762701,-134.959625,-11.8279324,6.60318041,-4.51719475,0.100952654,0.12,-0.4,0.2,0.12,0.12,0.3,0.3,-0.3,-0.3,0.08,-0.08,0.100952654,0.4,0.12,0.3,0.3,0.08,-0.12,0.2,0.12,-0.3,0.08,0.3
2013,48878851,1.25872338,2.68653059,-1.53928816,2.09144664,4.02916527,1.82614875,-2.13165092,-7.75690413,-134.955154,-11.8276205,6.60162973,-4.51737165,0.10069787,0.12,-0.4,0.2,0.12,0.12,0.3,0.3,-0.3,-0.3,0.08,-0.08,0.10069787,0.4,0.12,0.3,0.3,0.08,-0.12,0.2,0.12,-0.3,0.08,0.3
2014,48901049,1.25620794,2.68672419,-1.53998506,2.09211373,4.0286274,1.82586753,-2.13203835,-7.75721645,-134.950684,-11.8270826,6.60062313,-4.51727629,0.100496635,0.12,-0.4,0.2,0.12,0.12,0.3,0.3,-0.3,-0.3,0.08,-0.08,0.100496635,0.4,0.12,0.3,0.3,0.08,-0.12,0.2,0.12,-0.3,0.08,0.3
2015,48920681,1.25408149,2.68686533,-1.54075348,2.09292698,4.02807331,1.82560468,-2.13203239,-7.75786114,-134.946381,-11.8263674,6.59982538,-4.51716328,0.100326519,0.12,-0.4,0.2,0.12,0.12,0.3,0.3,-0.3,-0.3,0.08,-0.08,0.100326519,0.4,0.12,0.3,0.3,0.08,-0.12,0.2,0.12,-0.3,0.08,0.3
2016,48940450,1.25246394,2.68721581,-1.54105806,2.09423184,4.02733612,1.82522523,-2.13126278,-7.75923824,-134.941818,-11.8255901,6.59904337,-4.51677942,0.100197115,0.12,-0.4,0.2,0.12,0.12,0.3,0.3,-0.3,-0.3,0.08,-0.08,0.100197115,0.4,0.12,0.3,0.3,0.08,-0.12,0.2,0.12,-0.3,0.08,0.3
2017,48966161,1.25164914,2.68725944,-1.54043829,2.09498191,4.02659559,1.82495487,-2.12954307,-7.76073837,-134.936874,-11.8251209,6.59843063,-4.51656342,0.100131931,0.12,-0.4,0.2,0.12,0.12,0.3,0.3,-0.3,-0.3,0.08,-0.08,0.100131931,0.4,0.12,0.3,0.3,0.08,-0.12,0.2,0.12,-0.3,0.08,0.3
2018,48981331,1.2510047,2.68682265,-1.54016531,2.09471321,4.0261116,1.82473779,-2.12829328,-7.76108027,-134.931717,-11.8248186,6.59777355,-4.51678705,0.100080376,0.12,-0.4,0.2,0.12,0.12,0.3,0.3,-0.3,-0.3,0.08,-0.08,0.100080376,0.4,0.12,0.3,0.3,0.08,-0.12,0.2,0.12,-0.3,0.08,0.3
2019,49002204,1.25136757,2.68563604,-1.53799009,2.09373498,4.02519464,1.82481086,-2.12550974,-7.76184225,-134.926056,-11.8246956,6.59769917,-4.51721907,0.100109406,0.12,-0.4,0.2,0.12,0.12,0.3,0.3,-0.3,-0.3,0.08,-0.08,0.100109406,0.4,0.12,0.3,0.3,0.08,-0.12,0.2,0.12,-0.3,0.08,0.3
2020,49022479,1.2533952,2.68286014,-1.53354704,2.09099174,4.02364922,1.82537687,-2.12090516,-7.76254654,-134.91922,-11.8245592,6.59912062,-4.51821947,0.100271616,0.12,-0.4,0.2,0.12,0.12,0.3,0.3,-0.3,-0.3,0.08,-0.08,0.100271616,0.4,0.12,0.3,0.3,0.08,-0.12,0.2,0.12,-0.3,0.08,0.3
2021,49042935,1.25782895,2.67833233,-1.5265708,2.08682847,4.02134514,1.82660222,-2.11408782,-7.76351452,-134.910736,-11.824296,6.60221529,-4.51973724,0.100626316,0.12,-0.4,0.2,0.12,0.12,0.3,0.3,-0.3,-0.3,0.08,-0.08,0.100626316,0.4,0.12,0.3,0.3,0.08,-0.12,0.2,0.12,-0.3,0.08,0.3
2022,49064509,1.26390123,2.67243481,-1.51985025,2.0815134,4.01903009,1.82838655,-2.1079793,-7.76304483,-134.90152,-11.8235846,6.60606003,-4.52171421,0.101112099,0.12,-0.4,0.2,0.12,0.12,0.3,0.3,-0.3,-0.3,0.08,-0.08,0.101112099,0.4,0.12,0.3,0.3,0.08,-0.12,0.2,0.12,-0.3,0.08,0.3
2023,49080821,1.26958406,2.6669817,-1.51690388,2.07638121,4.01744318,1.83025873,-2.1061213,-7.76005363,-134.892944,-11.8217325,6.60925388,-4.52350378,0.101566725,0.12,-0.4,0.2,0.12,0.12,0.3,0.3,-0.3,-0.3,0.08,-0.08,0.101566725,0.4,0.12,0.3,0.3,0.08,-0.12,0.2,0.12,-0.3,0.08,0.3
2024,49102159,1.27404022,2.66220188,-1.51640022,2.0706358,4.01715708,1.83226442,-2.10796928,-7.75447845,-134.885803,-11.8194914,6.61102438,-4.52542782,0.101923218,0.12,-0.4,0.2,0.12,0.12,0.3,0.3,-0.3,-0.3,0.08,-0.08,0.101923218,0.4,0.12,0.3,0.3,0.08,-0.12,0.2,0.12,-0.3,0.08,0.3
2025,49121456,1.27763438,2.65936661,-1.51652586,2.06704593,4.01757574,1.83384514,-2.11108303,-7.74995995,-134.880569,-11.8173609,6.61189651,-4.52641916,0.102210751,0.12,-0.4,0.2,0.12,0.12,0.3,0.3,-0.3,-0.3,0.08,-0.08,0.102210751,0.4,0.12,0.3,0.3,0.08,-0.12,0.2,0.12,-0.3,0.08,0.3
2026,49141824,1.27998471,2.65891743,-1.51909471,2.06534147,4.02005911,1.83485448,-2.11660576,-7.74537706,-134.877853,-11.8163605,6.61088228,-4.52676916,0.102398777,0.12,-0.4,0.2,0.12,0.12,0.3,0.3,-0.3,-0.3,0.08,-0.08,0.102398777,0.4,0.12,0.3,0.3,0.08,-0.12,0.2,0.12,-0.3,0.08,0.3
2027,49165646,1.27977407,2.66287231,-1.52514803,2.06946874,4.02252674,1.834391,-2.12458491,-7.74381495,-134.878281,-11.8153839,6.60889864,-4.52444267,0.102381926,0.12,-0.4,0.2,0.12,0.12,0.3,0.3,-0.3,-0.3,0.08,-0.08,0.102381926,0.4,0.12,0.3,0.3,0.08,-0.12,0.2,0.12,-0.3,0.08,0.3
2028,49180679,1.27719724,2.67013431,-1.53284621,2.07709432,4.02454853,1.83309329,-2.13267016,-7.74517393,-134.880722,-11.8142309,6.60659647,-4.52032185,0.102175779,0.12,-0.4,0.2,0.12,0.12,0.3,0.3,-0.3,-0.3,0.08,-0.08,0.102175779,0.4,0.12,0.3,0.3,0.08,-0.12,0.2,0.12,-0.3,0.08,0.3
2029,49203273,1.27330852,2.67894363,-1.54068863,2.08502293,4.02821159,1.83134949,-2.14007258,-7.74739981,-134.885544,-11.8152561,6.60261679,-4.51670837,0.101864681,0.12,-0.4,0.2,0.12,0.12,0.3,0.3,-0.3,-0.3,0.08,-0.08,0.101864681,0.4,0.12,0.3,0.3,0.08,-0.12,0.2,0.12,-0.3,0.08,0.3
2030,49231206,1.26933563,2.68762755,-1.54556191,2.09094572,4.03239918,1.82908416,-2.14422274,-7.75039291,-134.891678,-11.8186913,6.59951019,-4.51404619,0.10154685,0.12,-0.4,0.2,0.12,0.12,0.3,0.3,-0.3,-0.3,0.08,-0.08,0.10154685,0.4,0.12,0.3,0.3,0.08,-0.12,0.2,0.12,-0.3,0.08,0.3
2031,49246430,1.26610458,2.69397783,-1.54585552,2.09522176,4.03419781,1.82653213,-2.14272285,-7.75525475,-134.896469,-11.823349,6.59791422,-4.51227808,0.101288366,0.12,-0.4,0.2,0.12,0.12,0.3,0.3,-0.3,-0.3,0.08,-0.08,0.101288366,0.4,0.12,0.3,0.3,0.08,-0.12,0.2,0.12,-0.3,0.08,0.3
2032,49260132,1.26426387,2.69581008,-1.54402506,2.09408927,4.03526688,1.82486928,-2.1395514,-7.7568469,-134.899078,-11.8288593,6.59750319,-4.51309109,0.101141109,0.12,-0.4,0.2,0.12,0.12,0.3,0.3,-0.3,-0.3,0.08,-0.08,0.101141109,0.4,0.12,0.3,0.3,0.08,-0.12,0.2,0.12,-0.3,0.08,0.3
2033,49293509,1.26319396,2.69502211,-1.54119968,2.09216142,4.03432322,1.82384706,-2.13601947,-7.75789309,-134.89946,-11.8327999,6.59958458,-4.51438665,0.101055517,0.12,-0.4,0.2,0.12,0.12,0.3,0.3,-0.3,-0.3,0.08,-0.08,0.101055517,0.4,0.12,0.3,0.3,0.08,-0.12,0.2,0.12,-0.3,0.08,0.3
2034,49301217,1.26280928,2.69090748,-1.53657174,2.08880377,4.03128433,1.82414496,-2.13069344,-7.75865126,-134.897491,-11.8340502,6.60325861,-4.51632214,0.101024742,0.12,-0.4,0.2,0.12,0.12,0.3,0.3,-0.3,-0.3,0.08,-0.08,0.101024742,0.4,0.12,0.3,0.3,0.08,-0.12,0.2,0.12,-0.3,0.08,0.3
2035,49321784,1.26451385,2.68538547,-1.53002322,2.08607864,4.02758408,1.8253628,-2.1235888,-7.76059389,-134.894302,-11.8334904,6.60761499,-4.51818419,0.101161108,0.12,-0.4,0.2,0.12,0.12,0.3,0.3,-0.3,-0.3,0.08,-0.08,0.101161108,0.4,0.12,0.3,0.3,0.08,-0.12,0.2,0.12,-0.3,0.08,0.3
2036,49356404,1.26953149,2.6808269,-1.52246177,2.08550143,4.02455473,1.82711422,-2.1151228,-7.76460743,-134.891068,-11.8320093,6.61278582,-4.51887178,0.101562519,0.12,-0.4,0.2,0.12,0.12,0.3,0.3,-0.3,-0.3,0.08,-0.08,0.101562519,0.4,0.12,0.3,0.3,0.08,-0.12,0.2,0.12,-0.3,0.08,0.3
2037,49363960,1.27787268,2.67882371,-1.51585495,2.08738327,4.02355909,1.82883096,-2.10708499,-7.7696929,-134.889191,-11.8313885,6.61712265,-4.51830769,0.102229815,0.12,-0.4,0.2,0.12,0.12,0.3,0.3,-0.3,-0.3,0.08,-0.08,0.102229815,0.4,0.12,0.3,0.3,0.08,-0.12,0.2,0.12,-0.3,0.08,0.3
2038,49381343,1.28572011,2.68079329,-1.51519918,2.09235382,4.02547598,1.82958424,-2.10502791,-7.77271891,-134.889313,-11.8319521,6.61954355,-4.51641798,0.102857609,0.12,-0.4,0.2,0.12,0.12,0.3,0.3,-0.3,-0.3,0.08,-0.08,0.102857609,0.4,0.12,0.3,0.3,0.08,-0.12,0.2,0.12,-0.3,0.08,0.3
2039,49403648,1.29105556,2.68535733,-1.51759648,2.09744072,4.02678156,1.82982314,-2.10675478,-7.77474594,-134.890366,-11.8323736,6.62131739,-4.51321125,0.103284445,0.12,-0.4,0.2,0.12,0.12,0.3,0.3,-0.3,-0.3,0.08,-0.08,0.103284445,0.4,0.12,0.3,0.3,0.08,-0.12,0.2,0.12,-0.3,0.08,0.3
2040,49420472,1.29391277,2.68888617,-1.51939499,2.09978485,4.02771568,1.83028686,-2.10887194,-7.77563429,-134.891449,-11.8333673,6.62197256,-4.51113558,0.103513021,0.12,-0.4,0.2,0.12,0.12,0.3,0.3,-0.3,-0.3,0.08,-0.08,0.103513021,0.4,0.12,0.3,0.3,0.08,-0.12,0.2,0.12,-0.3,0.08,0.3
2041,49453643,1.2955488,2.69085407,-1.51825345,2.10120773,4.02814531,1.83061659,-2.10839176,-7.77787924,-134.892197,-11.8347454,6.62262917,-4.51000309,0.103643904,0.12,-0.4,0.2,0.12,0.12,0.3,0.3,-0.3,-0.3,0.08,-0.08,0.103643904,0.4,0.12,0.3,0.3,0.08,-0.12,0.2,0.12,-0.3,0.08,0.3
2042,49461198,1.29487789,2.69144726,-1.5177151,2.10279942,4.02748919,1.83046317,-2.10737562,-7.7801609,-134.892868,-11.8353357,6.62256575,-4.50945187,0.103590231,0.12,-0.4,0.2,0.12,0.12,0.3,0.3,-0.3,-0.3,0.08,-0.08,0.103590231,0.4,0.12,0.3,0.3,0.08,-0.12,0.2,0.12,-0.3,0.08,0.3
2043,49479470,1.29221475,2.69176006,-1.51934481,2.10447216,4.02514172,1.82988143,-2.10748863,-7.78189993,-134.894318,-11.8338966,6.62183094,-4.50857496,0.10337718,0.12,-0.4,0.2,0.12,0.12,0.3,0.3,-0.3,-0.3,0.08,-0.08,0.10337718,0.4,0.12,0.3,0.3,0.08,-0.12,0.2,0.12,-0.3,0.08,0.3
2044,49505417,1.28927159,2.69130731,-1.52152801,2.10319114,4.02346516,1.82967222,-2.1090517,-7.7808013,-134.895782,-11.8317757,6.62070656,-4.50876522,0.103141727,0.12,-0.4,0.2,0.12,0.12,0.3,0.3,-0.3,-0.3,0.08,-0.08,0.103141727,0.4,0.12,0.3,0.3,0.08,-0.12,0.2,0.12,-0.3,0.08,0.3
2045,49520904,1.28607368,2.68907666,-1.52269197,2.09886885,4.02167034,1.82970583,-2.11051512,-7.7777729,-134.896927,-11.8292332,6.61955261,-4.51016951,0.102885895,0.12,-0.4,0.2,0.12,0.12,0.3,0.3,-0.3,-0.3,0.08,-0.08,0.102885895,0.4,0.12,0.3,0.3,0.08,-0.12,0.2,0.12,-0.3,0.08,0.3
2046,49546245,1.28361642,2.68353963,-1.52095437,2.09014249,4.02058887,1.83033478,-2.11013389,-7.77215147,-134.896652,-11.8273697,6.6177721,-4.51375628,0.102689314,0.12,-0.4,0.2,0.12,0.12,0.3,0.3,-0.3,-0.3,0.08,-0.08,0.102689314,0.4,0.12,0.3,0.3,0.08,-0.12,0.2,0.12,-0.3,0.08,0.3
2047,49560232,1.28067207,2.67718601,-1.52067637,2.08222318,4.01981544,1.83064055,-2.1115427,-7.76526499,-134.896317,-11.8253345,6.61483908,-4.51751995,0.102453766,0.12,-0.4,0.2,0.12,0.12,0.3,0.3,-0.3,-0.3,0.08,-0.08,0.102453766,0.4,0.12,0.3,0.3,0.08,-0.12,0.2,0.12,-0.3,0.08,0.3
2048,49580316,1.27766752,2.6721549,-1.52230084,2.07595277,4.02003336,1.83094656,-2.11510015,-7.75772667,-134.896057,-11.8228874,6.61165094,-4.52052355,0.102213402,0.12,-0.4,0.2,0.12,0.12,0.3,0.3,-0.3,-0.3,0.08,-0.08,0.102213402,0.4,0.12,0.3,0.3,0.08,-0.12,0.2,0.12,-0.3,0.08,0.3
2049,49603064,1.27636266,2.66925573,-1.52273953,2.07201171,4.02057886,1.8313607,-2.11799645,-7.75251675,-134.896149,-11.8209896,6.60964012,-4.52221394,0.102109013,0.12,-0.4,0.2,0.12,0.12,0.3,0.3,-0.3,-0.3,0.08,-0.08,0.102109013,0.4,0.12,0.3,0.3,0.08,-0.12,0.2,0.12,-0.3,0.08,0.3
2050,49619723,1.2769556,2.66895986,-1.52305591,2.07131505,4.02149296,1.83171403,-2.12013555,-7.75048971,-134.89682,-11.8196468,6.60960722,-4.52215338,0.102156448,0.12,-0.4,0.2,0.12,0.12,0.3,0.3,-0.3,-0.3,0.08,-0.08,0.102156448,0.4,0.12,0.3,0.3,0.08,-0.12,0.2,0.12,-0.3,0.08,0.3
2051,49663156,1.27736604,2.67175293,-1.52508771,2.07647943,4.02059364,1.83136797,-2.12202001,-7.75320625,-134.898102,-11.8171844,6.6107955,-4.51907682,0.102189283,0.12,-0.4,0.2,0.12,0.12,0.3,0.3,-0.3,-0.3,0.08,-0.08,0.102189283,0.4,0.12,0.3,0.3,0.08,-0.12,0.2,0.12,-0.3,0.08,0.3
2052,49669604,1.28129506,2.67465949,-1.5211339,2.08153987,4.0196557,1.83183122,-2.11705947,-7.76018095,-134.898376,-11.8161564,6.61403322,-4.51601505,0.102503605,0.12,-0.4,0.2,0.12,0.12,0.3,0.3,-0.3,-0.3,0.08,-0.08,0.102503605,0.4,0.12,0.3,0.3,0.08,-0.12,0.2,0.12,-0.3,0.08,0.3
2053,49685489,1.28566313,2.67750788,-1.51820648,2.0884788,4.01999521,1.83174503,-2.11171412,-7.76766777,-134.898773,-11.8167648,6.61675644,-4.51375246,0.10285305,0.12,-0.4,0.2,0.12,0.12,0.3,0.3,-0.3,-0.3,0.08,-0.08,0.10285305,0.4,0.12,0.3,0.3,0.08,-0.12,0.2,0.12,-0.3,0.08,0.3
2054,49702830,1.2882278,2.67987609,-1.51819026,2.09366894,4.01914215,1.83141398,-2.10848093,-7.77293587,-134.898758,-11.8166113,6.61876917,-4.5117774,0.103058224,0.12,-0.4,0.2,0.12,0.12,0.3,0.3,-0.3,-0.3,0.08,-0.08,0.103058224,0.4,0.12,0.3,0.3,0.08,-0.12,0.2,0.12,-0.3,0.08,0.3
2055,49720927,1.29116976,2.6795311,-1.51609731,2.0939064,4.01883602,1.8317517,-2.10486174,-7.7750411,-134.897125,-11.8180141,6.61855221,-4.51236486,0.103293581,0.12,-0.4,0.2,0.12,0.12,0.3,0.3,-0.3,-0.3,0.08,-0.08,0.103293581,0.4,0.12,0.3,0.3,0.08,-0.12,0.2,0.12,-0.3,0.08,0.3
2056,49747988,1.29568756,2.67775154,-1.51165485,2.09184265,4.01955938,1.83231437,-2.10045481,-7.77628326,-134.894577,-11.8206491,6.61886549,-4.51416826,0.103655005,0.12,-0.4,0.2,0.12,0.12,0.3,0.3,-0.3,-0.3,0.08,-0.08,0.103655005,0.4,0.12,0.3,0.3,0.08,-0.12,0.2,0.12,-0.3,0.08,0.3
2057,49763102,1.3003633,2.67545748,-1.50706518,2.08973503,4.02049351,1.83286262,-2.09604907,-7.77681732,-134.89119,-11.8238993,6.61904287,-4.51605988,0.104029064,0.12,-0.4,0.2,0.12,0.12,0.3,0.3,-0.3,-0.3,0.08,-0.08,0.104029064,0.4,0.12,0.3,0.3,0.08,-0.12,0.2,0.12,-0.3,0.08,0.3
2058,49780870,1.30667508,2.67330003,-1.50136662,2.08727503,4.02048588,1.83376694,-2.09095097,-7.77782822,-134.888504,-11.8270407,6.62071943,-4.51698399,0.104534006,0.12,-0.4,0.2,0.12,0.12,0.3,0.3,-0.3,-0.3,0.08,-0.08,0.104534006,0.4,0.12,0.3,0.3,0.08,-0.12,0.2,0.12,-0.3,0.08,0.3
2059,49803053,1.31481612,2.67290473,-1.496629,2.08661962,4.02058887,1.83498609,-2.08720565,-7.77964258,-134.886551,-11.8294992,6.62526512,-4.51642561,0.105185289,0.12,-0.4,0.2,0.12,0.12,0.3,0.3,-0.3,-0.3,0.08,-0.08,0.105185289,0.4,0.12,0.3,0.3,0.08,-0.12,0.2,0.12,-0.3,0.08,0.3
2060,49820218,1.32153261,2.67385221,-1.49618626,2.08721066,4.02048111,1.83626509,-2.08759642,-7.78031063,-134.886414,-11.8302908,6.6302309,-4.51475859,0.105722609,0.12,-0.4,0.2,0.12,0.12,0.3,0.3,-0.3,-0.3,0.08,-0.08,0.105722609,0.4,0.12,0.3,0.3,0.08,-0.12,0.2,0.12,-0.3,0.08,0.3
2061,49850079,1.32833052,2.67534947,-1.49444687,2.08741784,4.02169752,1.83781743,-2.08744526,-7.78116941,-134.888016,-11.8316336,6.63477707,-4.51337767,0.106266441,0.12,-0.4,0.2,0.12,0.12,0.3,0.3,-0.3,-0.3,0.08,-0.08,0.106266441,0.4,0.12,0.3,0.3,0.08,-0.12,0.2,0.12,-0.3,0.08,0.3
2062,49858783,1.33406246,2.67746258,-1.49330592,2.08791375,4.02396393,1.83879793,-2.0879004,-7.78197575,-134.89238,-11.8336706,6.63887167,-4.51211739,0.106724997,0.12,-0.4,0.2,0.12,0.12,0.3,0.3,-0.3,-0.3,0.08,-0.08,0.106724997,0.4,0.12,0.3,0.3,0.08,-0.12,0.2,0.12,-0.3,0.08,0.3
2063,49882937,1.33678937,2.68021441,-1.49544263,2.08828926,4.02593136,1.83891487,-2.09108639,-7.78095055,-134.898911,-11.8351269,6.64184809,-4.51064014,0.10694315,0.12,-0.4,0.2,0.12,0.12,0.3,0.3,-0.3,-0.3,0.08,-0.08,0.10694315,0.4,0.12,0.3,0.3,0.08,-0.12,0.2,0.12,-0.3,0.08,0.3
2064,49901198,1.33617342,2.68253994,-1.50034583,2.08677864,4.02713251,1.83860493,-2.09806013,-7.77676916,-134.906631,-11.8356333,6.64320755,-4.50965023,0.106893873,0.12,-0.4,0.2,0.12,0.12,0.3,0.3,-0.3,-0.3,0.08,-0.08,0.106893873,0.4,0.12,0.3,0.3,0.08,-0.12,0.2,0.12,-0.3,0.08,0.3
2065,49921850,1.33460498,2.68342519,-1.50317407,2.08276153,4.02876091,1.83862042,-2.10420465,-7.77164698,-134.914703,-11.8363161,6.64426565,-4.51019859,0.106768398,0.12,-0.4,0.2,0.12,0.12,0.3,0.3,-0.3,-0.3,0.08,-0.08,0.106768398,0.4,0.12,0.3,0.3,0.08,-0.12,0.2,0.12,-0.3,0.08,0.3
2066,49941326,1.331321,2.68273592,-1.50496471,2.07891655,4.02964401,1.83839071,-2.10893202,-7.76730204,-134.923569,-11.8363628,6.64506006,-4.51135397,0.10650568,0.12,-0.4,0.2,0.12,0.12,0.3,0.3,-0.3,-0.3,0.08,-0.08,0.10650568,0.4,0.12,0.3,0.3,0.08,-0.12,0.2,0.12,-0.3,0.08,0.3
2067,49962882,1.32711267,2.68114972,-1.50602913,2.07612514,4.02941036,1.83802807,-2.11172366,-7.76417875,-134.932343,-11.8354139,6.64548206,-4.51248503,0.106169014,0.12,-0.4,0.2,0.12,0.12,0.3,0.3,-0.3,-0.3,0.08,-0.08,0.106169014,0.4,0.12,0.3,0.3,0.08,-0.12,0.2,0.12,-0.3,0.08,0.3
2068,49984347,1.32322621,2.67979455,-1.50756085,2.07472634,4.02870417,1.8376056,-2.11430717,-7.7618556,-134.941177,-11.8337574,6.64565754,-4.51315069,0.105858097,0.12,-0.4,0.2,0.12,0.12,0.3,0.3,-0.3,-0.3,0.08,-0.08,0.105858097,0.4,0.12,0.3,0.3,0.08,-0.12,0.2,0.12,-0.3,0.08,0.3
2069,50000712,1.31973124,2.67994165,-1.51069164,2.07515597,4.0277729,1.83708537,-2.11775112,-7.76056433,-134.950165,-11.8309546,6.64631128,-4.51272106,0.105578499,0.12,-0.4,0.2,0.12,0.12,0.3,0.3,-0.3,-0.3,0.08,-0.08,0.105578499,0.4,0.12,0.3,0.3,0.08,-0.12,0.2,0.12,-0.3,0.08,0.3
2070,50020207,1.31671572,2.67896295,-1.51212597,2.07345891,4.02604389,1.8370204,-2.11954761,-7.759027,-134.957901,-11.8276558,6.64741039,-4.51282358,0.105337257,0.12,-0.4,0.2,0.12,0.12,0.3,0.3,-0.3,-0.3,0.08,-0.08,0.105337257,0.4,0.12,0.3,0.3,0.08,-0.12,0.2,0.12,-0.3,0.08,0.3
2071,50044880,1.31493104,2.67626762,-1.51020837,2.07168245,4.02302694,1.83726633,-2.11743784,-7.75967264,-134.963974,-11.8240747,6.64876699,-4.51333857,0.105194483,0.12,-0.4,0.2,0.12,0.12,0.3,0.3,-0.3,-0.3,0.08,-0.08,0.105194483,0.4,0.12,0.3,0.3,0.08,-0.12,0.2,0.12,-0.3,0.08,0.3
2072,50059909,1.31440461,2.67292619,-1.50721407,2.0715003,4.01980495,1.83756125,-2.11297321,-7.76226091,-134.969223,-11.8201141,6.64967871,-4.51366568,0.105152369,0.12,-0.4,0.2,0.12,0.12,0.3,0.3,-0.3,-0.3,0.08,-0.08,0.105152369,0.4,0.12,0.3,0.3,0.08,-0.12,0.2,0.12,-0.3,0.08,0.3
2073,50089147,1.31557429,2.67026782,-1.50362182,2.07318807,4.01736164,1.83779705,-2.10715199,-7.76603842,-134.973511,-11.8165579,6.65011501,-4.51367855,0.105245943,0.12,-0.4,0.2,0.12,0.12,0.3,0.3,-0.3,-0.3,0.08,-0.08,0.105245943,0.4,0.12,0.3,0.3,0.08,-0.12,0.2,0.12,-0.3,0.08,0.3
2074,50099026,1.31880975,2.66917038,-1.50034702,2.07622385,4.01556444,1.83808279,-2.10118723,-7.77090073,-134.977798,-11.8138142,6.65041447,-4.51298475,0.10550478,0.12,-0.4,0.2,0.12,0.12,0.3,0.3,-0.3,-0.3,0.08,-0.08,0.10550478,0.4,0.12,0.3,0.3,0.08,-0.12,0.2,0.12,-0.3,0.08,0.3
2075,50122614,1.3243053,2.66998553,-1.49746573,2.07989788,4.01524305,1.83836842,-2.09567213,-7.7761116,-134.982483,-11.8127966,6.65065145,-4.51163673,0.105944424,0.12,-0.4,0.2,0.12,0.12,0.3,0.3,-0.3,-0.3,0.08,-0.08,0.105944424,0.4,0.12,0.3,0.3,0.08,-0.12,0.2,0.12,-0.3,0.08,0.3
2076,50145570,1.33019042,2.67251945,-1.49638605,2.08371162,4.01595974,1.8383925,-2.09249759,-7.78038692,-134.987198,-11.813117,6.65074444,-4.50965929,0.106415234,0.12,-0.4,0.2,0.12,0.12,0.3,0.3,-0.3,-0.3,0.08,-0.08,0.106415234,0.4,0.12,0.3,0.3,0.08,-0.12,0.2,0.12,-0.3,0.08,0.3
2077,50159956,1.33386815,2.67571115,-1.49755478,2.08745146,4.01598501,1.83812058,-2.09184504,-7.78349543,-134.99202,-11.8133574,6.65058899,-4.50723267,0.106709452,0.12,-0.4,0.2,0.12,0.12,0.3,0.3,-0.3,-0.3,0.08,-0.08,0.106709452,0.4,0.12,0.3,0.3,0.08,-0.12,0.2,0.12,-0.3,0.08,0.3
2078,50187846,1.33522868,2.67785549,-1.49851465,2.08960605,4.01501656,1.83798146,-2.09164858,-7.78556061,-134.996246,-11.8130083,6.65022087,-4.50536489,0.106818295,0.12,-0.4,0.2,0.12,0.12,0.3,0.3,-0.3,-0.3,0.08,-0.08,0.106818295,0.4,0.12,0.3,0.3,0.08,-0.12,0.2,0.12,-0.3,0.08,0.3
2079,50200920,1.33608866,2.67815351,-1.49682701,2.09016418,4.01360273,1.83828771,-2.08931017,-7.78803062,-134.999969,-11.8125725,6.64992905,-4.50469875,0.106887093,0.12,-0.4,0.2,0.12,0.12,0.3,0.3,-0.3,-0.3,0.08,-0.08,0.106887093,0.4,0.12,0.3,0.3,0.08,-0.12,0.2,0.12,-0.3,0.08,0.3
2080,50222105,1.33650875,2.67722297,-1.4949882,2.09046769,4.01204109,1.8385098,-2.08640456,-7.7904706,-135.003922,-11.8117342,6.6493144,-4.50469685,0.1069207,0.12,-0.4,0.2,0.12,0.12,0.3,0.3,-0.3,-0.3,0.08,-0.08,0.1069207,0.4,0.12,0.3,0.3,0.08,-0.12,0.2,0.12,-0.3,0.08,0.3
2081,50241628,1.33562636,2.67654109,-1.49663889,2.09066796,4.01138783,1.83830404,-2.0867641,-7.79038906,-135.008301,-11.8104906,6.64673376,-4.50498962,0.106850109,0.12,-0.4,0.2,0.12,0.12,0.3,0.3,-0.3,-0.3,0.08,-0.08,0.106850109,0.4,0.12,0.3,0.3,0.08,-0.12,0.2,0.12,-0.3,0.08,0.3
2082,50262256,1.33370936,2.67710018,-1.50047112,2.0906837,4.01192808,1.83775306,-2.0900619,-7.78829908,-135.013641,-11.8096218,6.6426568,-4.50520754,0.106696749,0.12,-0.4,0.2,0.12,0.12,0.3,0.3,-0.3,-0.3,0.08,-0.08,0.106696749,0.4,0.12,0.3,0.3,0.08,-0.12,0.2,0.12,-0.3,0.08,0.3
2083,50284592,1.33075368,2.67963171,-1.50561166,2.09175229,4.01367235,1.83672404,-2.09507656,-7.78600645,-135.020248,-11.8093824,6.63779402,-4.50474405,0.106460295,0.12,-0.4,0.2,0.12,0.12,0.3,0.3,-0.3,-0.3,0.08,-0.08,0.106460295,0.4,0.12,0.3,0.3,0.08,-0.12,0.2,0.12,-0.3,0.08,0.3
2084,50300250,1.32607329,2.68355703,-1.51122403,2.0944109,4.0149169,1.83520699,-2.10033011,-7.78497982,-135.027603,-11.809145,6.63299608,-4.50321054,0.106085863,0.12,-0.4,0.2,0.12,0.12,0.3,0.3,-0.3,-0.3,0.08,-0.08,0.106085863,0.4,0.12,0.3,0.3,0.08,-0.12,0.2,0.12,-0.3,0.08,0.3
2085,50321232,1.32113481,2.68737245,-1.51514602,2.09670186,4.01645088,1.8338685,-2.10382891,-7.78481388,-135.034607,-11.8099279,6.62830973,-4.50203037,0.105690784,0.12,-0.4,0.2,0.12,0.12,0.3,0.3,-0.3,-0.3,0.08,-0.08,0.105690784,0.4,0.12,0.3,0.3,0.08,-0.12,0.2,0.12,-0.3,0.08,0.3
2086,50341594,1.31630194,2.69093156,-1.51825273,2.09903789,4.01785707,1.83235443,-2.10614586,-7.78547096,-135.041641,-11.8113899,6.62447357,-4.50110102,0.105304155,0.12,-0.4,0.2,0.12,0.12,0.3,0.3,-0.3,-0.3,0.08,-0.08,0.105304155,0.4,0.12,0.3,0.3,0.08,-0.12,0.2,0.12,-0.3,0.08,0.3
2087,50369635,1.31195426,2.69405866,-1.52032816,2.10112119,4.01879406,1.83080041,-2.10687375,-7.78669405,-135.047897,-11.813097,6.62173033,-4.50040197,0.104956341,0.12,-0.4,0.2,0.12,0.12,0.3,0.3,-0.3,-0.3,0.08,-0.08,0.104956341,0.4,0.12,0.3,0.3,0.08,-0.12,0.2,0.12,-0.3,0.08,0.3
2088,50382291,1.30786538,2.69614482,-1.5220983,2.10244989,4.01978159,1.82934606,-2.10729551,-7.78701353,-135.053207,-11.8152571,6.61905861,-4.50045824,0.10462923,0.12,-0.4,0.2,0.12,0.12,0.3,0.3,-0.3,-0.3,0.08,-0.08,0.10462923,0.4,0.12,0.3,0.3,0.08,-0.12,0.2,0.12,-0.3,0.08,0.3
2089,50398623,1.30464005,2.69840407,-1.52287722,2.10498214,4.02008486,1.82805669,-2.10660744,-7.78898144,-135.057785,-11.8170872,6.6177206,-4.49996614,0.104371204,0.12,-0.4,0.2,0.12,0.12,0.3,0.3,-0.3,-0.3,0.08,-0.08,0.104371204,0.4,0.12,0.3,0.3,0.08,-0.12,0.2,0.12,-0.3,0.08,0.3
2090,50423928,1.30207455,2.69988203,-1.52263129,2.10727549,4.01955557,1.82723856,-2.10460806,-7.79166555,-135.061203,-11.8183155,6.6175375,-4.49941397,0.104165964,0.12,-0.4,0.2,0.12,0.12,0.3,0.3,-0.3,-0.3,0.08,-0.08,0.104165964,0.4,0.12,0.3,0.3,0.08,-0.12,0.2,0.12,-0.3,0.08,0.3
2091,50440309,1.29989612,2.7011497,-1.52274764,2.11014557,4.01867247,1.82662547,-2.10266733,-7.79473066,-135.063797,-11.818943,6.61741734,-4.49868917,0.10399169,0.12,-0.4,0.2,0.12,0.12,0.3,0.3,-0.3,-0.3,0.08,-0.08,0.10399169,0.4,0.12,0.3,0.3,0.08,-0.12,0.2,0.12,-0.3,0.08,0.3
2092,50461504,1.29816127,2.70272088,-1.52242374,2.11422753,4.01684523,1.8260355,-2.09983134,-7.79927444,-135.065842,-11.8186092,6.61792612,-4.49715328,0.103852901,0.12,-0.4,0.2,0.12,0.12,0.3,0.3,-0.3,-0.3,0.08,-0.08,0.103852901,0.4,0.12,0.3,0.3,0.08,-0.12,0.2,0.12,-0.3,0.08,0.3
2093,50483022,1.29704559,2.70356798,-1.52144647,2.11664081,4.01514959,1.82578135,-2.09630227,-7.80300903,-135.066925,-11.8179569,6.61843634,-4.49614382,0.103763647,0.12,-0.4,0.2,0.12,0.12,0.3,0.3,-0.3,-0.3,0.08,-0.08,0.103763647,0.4,0.12,0.3,0.3,0.08,-0.12,0.2,0.12,-0.3,0.08,0.3
2094,50499613,1.29700243,2.70273519,-1.51895297,2.11613393,4.01382113,1.82596016,-2.09198046,-7.80518007,-135.067459,-11.8177748,6.61882591,-4.49640226,0.103760195,0.12,-0.4,0.2,0.12,0.12,0.3,0.3,-0.3,-0.3,0.08,-0.08,0.103760195,0.4,0.12,0.3,0.3,0.08,-0.12,0.2,0.12,-0.3,0.08,0.3
2095,50526254,1.29815471,2.7002821,-1.515311,2.1133213,4.01292801,1.82639396,-2.08734345,-7.80570269,-135.067108,-11.8179817,6.61937284,-4.49771118,0.103852377,0.12,-0.4,0.2,0.12,0.12,0.3,0.3,-0.3,-0.3,0.08,-0.08,0.103852377,0.4,0.12,0.3,0.3,0.08,-0.12,0.2,0.12,-0.3,0.08,0.3
2096,50539489,1.29993486,2.69661117,-1.51186359,2.10878706,4.01232243,1.82700253,-2.08376503,-7.80405378,-135.065781,-11.8182526,6.61974096,-4.49974537,0.103994789,0.12,-0.4,0.2,0.12,0.12,0.3,0.3,-0.3,-0.3,0.08,-0.08,0.103994789,0.4,0.12,0.3,0.3,0.08,-0.12,0.2,0.12,-0.3,0.08,0.3
2097,50572259,1.30168331,2.69304299,-1.50988996,2.10426235,4.01215601,1.82775342,-2.08265519,-7.8008132,-135.06427,-11.818264,6.62010384,-4.50166845,0.104134665,0.12,-0.4,0.2,0.12,0.12,0.3,0.3,-0.3,-0.3,0.08,-0.08,0.104134665,0.4,0.12,0.3,0.3,0.08,-0.12,0.2,0.12,-0.3,0.08,0.3
2098,50580730,1.30290258,2.69011879,-1.5095222,2.10030198,4.01287031,1.82861161,-2.08405828,-7.79621077,-135.06279,-11.8180904,6.62017059,-4.50341129,0.104232206,0.12,-0.4,0.2,0.12,0.12,0.3,0.3,-0.3,-0.3,0.08,-0.08,0.104232206,0.4,0.12,0.3,0.3,0.08,-0.12,0.2,0.12,-0.3,0.08,0.3
2099,50600234,1.30361843,2.68783689,-1.5098511,2.09628606,4.01385307,1.82964301,-2.08699942,-7.7911129,-135.061646,-11.8177643,6.6204505,-4.504879,0.104289474,0.12,-0.4,0.2,0.12,0.12,0.3,0.3,-0.3,-0.3,0.08,-0.08,0.104289474,0.4,0.12,0.3,0.3,0.08,-0.12,0.2,0.12,-0.3,0.08,0.3
2100,50630007,1.30312121,2.68584251,-1.51202762,2.09185648,4.01537704,1.83062053,-2.09227276,-7.78467321,-135.061066,-11.8174038,6.62023211,-4.50649595,0.104249697,0.12,-0.4,0.2,0.12,0.12,0.3,0.3,-0.3,-0.3,0.08,-0.08,0.104249697,0.4,0.12,0.3,0.3,0.08,-0.12,0.2,0.12,-0.3,0.08,0.3
2101,50641141,1.301875,2.68415999,-1.51448107,2.08738112,4.01728487,1.83135903,-2.09830952,-7.77794409,-135.060669,-11.817277,6.61950302,-4.50818157,0.10415,0.12,-0.4,0.2,0.12,0.12,0.3,0.3,-0.3,-0.3,0.08,-0.08,0.10415,0.4,0.12,0.3,0.3,0.08,-0.12,0.2,0.12,-0.3,0.08,0.3
2102,50662495,1.29964626,2.68275857,-1.51753509,2.08307099,4.01953793,1.83174384,-2.10506558,-7.77094173,-135.060638,-11.81742,6.61850166,-4.50998402,0.103971701,0.12,-0.4,0.2,0.12,0.12,0.3,0.3,-0.3,-0.3,0.08,-0.08,0.103971701,0.4,0.12,0.3,0.3,0.08,-0.12,0.2,0.12,-0.3,0.08,0.3
2103,50680226,1.29603219,2.68159842,-1.52173162,2.07882524,4.02198839,1.83178771,-2.11280894,-7.76330662,-135.061157,-11.8176193,6.61703682,-4.51188755,0.103682575,0.12,-0.4,0.2,0.12,0.12,0.3,0.3,-0.3,-0.3,0.08,-0.08,0.103682575,0.4,0.12,0.3,0.3,0.08,-0.12,0.2,0.12,-0.3,0.08,0.3
2104,50716106,1.29137337,2.68093467,-1.52649748,2.07536316,4.02432203,1.83158314,-2.12111616,-7.75599957,-135.062119,-11.8177137,6.61539459,-4.51354647,0.10330987,0.12,-0.4,0.2,0.12,0.12,0.3,0.3,-0.3,-0.3,0.08,-0.08,0.10330987,0.4,0.12,0.3,0.3,0.08,-0.12,0.2,0.12,-0.3,0.08,0.3
2105,50721426,1.28615654,2.68067598,-1.53139949,2.07252192,4.0267663,1.83122885,-2.1293447,-7.74928093,-135.063248,-11.8178806,6.61372948,-4.51513147,0.102892523,0.12,-0.4,0.2,0.12,0.12,0.3,0.3,-0.3,-0.3,0.08,-0.08,0.102892523,0.4,0.12,0.3,0.3,0.08,-0.12,0.2,0.12,-0.3,0.08,0.3
2106,50752189,1.28081548,2.68072629,-1.53585851,2.07032871,4.02932262,1.83071315,-2.13679409,-7.7434988,-135.064301,-11.8184185,6.61202049,-4.51664257,0.102465239,0.12,-0.4,0.2,0.12,0.12,0.3,0.3,-0.3,-0.3,0.08,-0.08,0.102465239,0.4,0.12,0.3,0.3,0.08,-0.12,0.2,0.12,-0.3,0.08,0.3
2107,50758384,1.27541435,2.68103933,-1.54007053,2.06874156,4.03178644,1.8300004,-2.14350295,-7.73848438,-135.065109,-11.8193169,6.61044073,-4.51801014,0.102033148,0.12,-0.4,0.2,0.12,0.12,0.3,0.3,-0.3,-0.3,0.08,-0.08,0.102033148,0.4,0.12,0.3,0.3,0.08,-0.12,0.2,0.12,-0.3,0.08,0.3
2108,50781361,1.27065587,2.6815443,-1.54314113,2.06791234,4.03397131,1.82919729,-2.14848852,-7.73480749,-135.065399,-11.8206253,6.60917807,-4.51916838,0.10165247,0.12,-0.4,0.2,0.12,0.12,0.3,0.3,-0.3,-0.3,0.08,-0.08,0.10165247,0.4,0.12,0.3,0.3,0.08,-0.12,0.2,0.12,-0.3,0.08,0.3
2109,50798509,1.26686704,2.68219185,-1.54516888,2.06793594,4.03566742,1.82845163,-2.1519146,-7.73268604,-135.064987,-11.8221102,6.60875082,-4.51997137,0.101349363,0.12,-0.4,0.2,0.12,0.12,0.3,0.3,-0.3,-0.3,0.08,-0.08,0.101349363,0.4,0.12,0.3,0.3,0.08,-0.12,0.2,0.12,-0.3,0.08,0.3
2110,50821168,1.26405084,2.68255258,-1.54602098,2.06842399,4.03638268,1.82790112,-2.15350056,-7.73207045,-135.063461,-11.8233232,6.60948038,-4.52049494,0.101124067,0.12,-0.4,0.2,0.12,0.12,0.3,0.3,-0.3,-0.3,0.08,-0.08,0.101124067,0.4,0.12,0.3,0.3,0.08,-0.12,0.2,0.12,-0.3,0.08,0.3
2111,50840299,1.26225471,2.68242764,-1.54602277,2.06937099,4.03651428,1.82762229,-2.15362477,-7.73258972,-135.06073,-11.824297,6.61049223,-4.52095318,0.100980377,0.12,-0.4,0.2,0.12,0.12,0.3,0.3,-0.3,-0.3,0.08,-0.08,0.100980377,0.4,0.12,0.3,0.3,0.08,-0.12,0.2,0.12,-0.3,0.08,0.3
2112,50863031,1.26121187,2.68233848,-1.54589581,2.07099533,4.03648424,1.82743537,-2.15311599,-7.73384905,-135.057526,-11.8249874,6.61161757,-4.52116919,0.10089695,0.12,-0.4,0.2,0.12,0.12,0.3,0.3,-0.3,-0.3,0.08,-0.08,0.10089695,0.4,0.12,0.3,0.3,0.08,-0.12,0.2,0.12,-0.3,0.08,0.3
2113,50882867,1.25960028,2.68254375,-1.54720199,2.07357526,4.03758717,1.82707703,-2.15375733,-7.73409319,-135.053391,-11.8259954,6.61097956,-4.52176285,0.100768023,0.12,-0.4,0.2,0.12,0.12,0.3,0.3,-0.3,-0.3,0.08,-0.08,0.100768023,0.4,0.12,0.3,0.3,0.08,-0.12,0.2,0.12,-0.3,0.08,0.3
2114,50903009,1.2583003,2.68337464,-1.54763651,2.07664204,4.03830576,1.82672966,-2.15357447,-7.73549366,-135.048859,-11.8272228,6.6099,-4.52191067,0.100664024,0.12,-0.4,0.2,0.12,0.12,0.3,0.3,-0.3,-0.3,0.08,-0.08,0.100664024,0.4,0.12,0.3,0.3,0.08,-0.12,0.2,0.12,-0.3,0.08,0.3
2115,50929142,1.25740743,2.68464637,-1.5480932,2.0799346,4.03900576,1.8263725,-2.15317035,-7.73750401,-135.043549,-11.8287477,6.60860586,-4.52181673,0.100592594,0.12,-0.4,0.2,0.12,0.12,0.3,0.3,-0.3,-0.3,0.08,-0.08,0.100592594,0.4,0.12,0.3,0.3,0.08,-0.12,0.2,0.12,-0.3,0.08,0.3
2116,50940200,1.25717151,2.68619299,-1.54791093,2.08355308,4.03943062,1.82598209,-2.15194297,-7.7404604,-135.037003,-11.8305674,6.6072011,-4.52137756,0.100573721,0.12,-0.4,0.2,0.12,0.12,0.3,0.3,-0.3,-0.3,0.08,-0.08,0.100573721,0.4,0.12,0.3,0.3,0.08,-0.12,0.2,0.12,-0.3,0.08,0.3
2117,50962001,1.25708783,2.68812275,-1.54802835,2.08741283,4.04009819,1.82551789,-2.15078497,-7.74348831,-135.029846,-11.8327856,6.60566807,-4.52081442,0.100567026,0.12,-0.4,0.2,0.12,0.12,0.3,0.3,-0.3,-0.3,0.08,-0.08,0.100567026,0.4,0.12,0.3,0.3,0.08,-0.12,0.2,0.12,-0.3,0.08,0.3
2118,50984325,1.25811195,2.69012213,-1.54596448,2.09078312,4.03979826,1.82516301,-2.14699435,-7.74812317,-135.022598,-11.8349428,6.60554981,-4.51973724,0.100648956,0.12,-0.4,0.2,0.12,0.12,0.3,0.3,-0.3,-0.3,0.08,-0.08,0.100648956,0.4,0.12,0.3,0.3,0.08,-0.12,0.2,0.12,-0.3,0.08,0.3
2119,51008559,1.25911272,2.69117975,-1.54442215,2.09264684,4.03896141,1.82500482,-2.14368057,-7.75145817,-135.01506,-11.8365154,6.6063118,-4.51897383,0.100729017,0.12,-0.4,0.2,0.12,0.12,0.3,0.3,-0.3,-0.3,0.08,-0.08,0.100729017,0.4,0.12,0.3,0.3,0.08,-0.12,0.2,0.12,-0.3,0.08,0.3
2120,51018642,1.26083732,2.69109273,-1.54145205,2.09355068,4.03739357,1.82522738,-2.13917542,-7.75481796,-135.006897,-11.8376493,6.60763884,-4.51858473,0.100866985,0.12,-0.4,0.2,0.12,0.12,0.3,0.3,-0.3,-0.3,0.08,-0.08,0.100866985,0.4,0.12,0.3,0.3,0.08,-0.12,0.2,0.12,-0.3,0.08,0.3
2121,51046154,1.26199901,2.69036412,-1.54005754,2.0941515,4.03587437,1.82549834,-2.13646817,-7.75688648,-134.998901,-11.8377695,6.60862589,-4.51839733,0.100959921,0.12,-0.4,0.2,0.12,0.12,0.3,0.3,-0.3,-0.3,0.08,-0.08,0.100959921,0.4,0.12,0.3,0.3,0.08,-0.12,0.2,0.12,-0.3,0.08,0.3
2122,51058257,1.26210403,2.68883228,-1.53972924,2.0926609,4.03507566,1.82598698,-2.13546038,-7.75627661,-134.990967,-11.8373976,6.60865974,-4.519135,0.100968323,0.12,-0.4,0.2,0.12,0.12,0.3,0.3,-0.3,-0.3,0.08,-0.08,0.100968323,0.4,0.12,0.3,0.3,0.08,-0.12,0.2,0.12,-0.3,0.08,0.3
2123,51087850,1.26106071,2.68640852,-1.54009891,2.0891583,4.03491354,1.82649541,-2.13628769,-7.7530241,-134.983673,-11.8370266,6.60734844,-4.52079105,0.100884857,0.12,-0.4,0.2,0.12,0.12,0.3,0.3,-0.3,-0.3,0.08,-0.08,0.100884857,0.4,0.12,0.3,0.3,0.08,-0.12,0.2,0.12,-0.3,0.08,0.3
2124,51103890,1.25901186,2.68472528,-1.54200888,2.08632326,4.03529739,1.82660437,-2.13915229,-7.74897623,-134.97728,-11.8364067,6.60499573,-4.52216244,0.100720949,0.12,-0.4,0.2,0.12,0.12,0.3,0.3,-0.3,-0.3,0.08,-0.08,0.100720949,0.4,0.12,0.3,0.3,0.08,-0.12,0.2,0.12,-0.3,0.08,0.3
2125,51121458,1.25578201,2.68392301,-1.54530466,2.08398604,4.03623009,1.82646775,-2.14393163,-7.74421644,-134.971603,-11.8357134,6.60178614,-4.52317476,0.100462561,0.12,-0.4,0.2,0.12,0.12,0.3,0.3,-0.3,-0.3,0.08,-0.08,0.100462561,0.4,0.12,0.3,0.3,0.08,-0.12,0.2,0.12,-0.3,0.08,0.3
2126,51147116,1.25117445,2.68398547,-1.5497129,2.08238053,4.03715086,1.8261025,-2.15002084,-7.73949718,-134.9664,-11.8347082,6.59852219,-4.52377415,0.100093956,0.12,-0.4,0.2,0.12,0.12,0.3,0.3,-0.3,-0.3,0.08,-0.08,0.100093956,0.4,0.12,0.3,0.3,0.08,-0.12,0.2,0.12,-0.3,0.08,0.3
2127,51159989,1.24534488,2.68410921,-1.55451226,2.08060741,4.03815222,1.82566237,-2.15642619,-7.73458767,-134.961502,-11.8337393,6.59492588,-4.52455521,0.0996275902,0.12,-0.4,0.2,0.12,0.12,0.3,0.3,-0.3,-0.3,0.08,-0.08,0.0996275902,0.4,0.12,0.3,0.3,0.08,-0.12,0.2,0.12,-0.3,0.08,0.3
2128,51183696,1.23841739,2.68425655,-1.55979323,2.07897115,4.03943968,1.82494783,-2.16317725,-7.72945595,-134.956879,-11.8329334,6.5907259,-4.52561426,0.099073391,0.12,-0.4,0.2,0.12,0.12,0.3,0.3,-0.3,-0.3,0.08,-0.08,0.099073391,0.4,0.12,0.3,0.3,0.08,-0.12,0.2,0.12,-0.3,0.08,0.3
2129,51198937,1.23103118,2.68432617,-1.56419969,2.07776356,4.04023838,1.82403147,-2.16868019,-7.72536802,-134.951965,-11.8321085,6.58672905,-4.5266633,0.0984824944,0.12,-0.4,0.2,0.12,0.12,0.3,0.3,-0.3,-0.3,0.08,-0.08,0.0984824944,0.4,0.12,0.3,0.3,0.08,-0.12,0.2,0.12,-0.3,0.08,0.3
2130,51222965,1.22328508,2.68391752,-1.56846738,2.07669067,4.04059935,1.82304943,-2.1734972,-7.72171593,-134.946472,-11.8311682,6.58262587,-4.52791929,0.0978628063,0.12,-0.4,0.2,0.12,0.12,0.3,0.3,-0.3,-0.3,0.08,-0.08,0.0978628063,0.4,0.12,0.3,0.3,0.08,-0.12,0.2,0.12,-0.3,0.08,0.3
2131,51243777,1.21609473,2.68335319,-1.57164204,2.07622075,4.04049683,1.82207692,-2.17678857,-7.71933889,-134.940063,-11.8301592,6.57895517,-4.52904081,0.0972875786,0.12,-0.4,0.2,0.12,0.12,0.3,0.3,-0.3,-0.3,0.08,-0.08,0.0972875786,0.4,0.12,0.3,0.3,0.08,-0.12,0.2,0.12,-0.3,0.08,0.3
2132,51261235,1.20962715,2.68255234,-1.57398212,2.0762403,4.03992987,1.82119286,-2.17869091,-7.71803141,-134.932632,-11.8289938,6.57578659,-4.53002691,0.0967701721,0.12,-0.4,0.2,0.12,0.12,0.3,0.3,-0.3,-0.3,0.08,-0.08,0.0967701721,0.4,0.12,0.3,0.3,0.08,-0.12,0.2,0.12,-0.3,0.08,0.3
2133,51289267,1.20377386,2.68140388,-1.57584071,2.07648158,4.03911066,1.82040858,-2.17955041,-7.71717644,-134.924072,-11.8277168,6.57270288,-4.5310564,0.0963019085,0.12,-0.4,0.2,0.12,0.12,0.3,0.3,-0.3,-0.3,0.08,-0.08,0.0963019085,0.4,0.12,0.3,0.3,0.08,-0.12,0.2,0.12,-0.3,0.08,0.3
2134,51299783,1.19942033,2.67989516,-1.57583225,2.07675481,4.03782368,1.81988943,-2.17834544,-7.71755171,-134.91423,-11.8265133,6.5702219,-4.53197908,0.0959536266,0.12,-0.4,0.2,0.12,0.12,0.3,0.3,-0.3,-0.3,0.08,-0.08,0.0959536266,0.4,0.12,0.3,0.3,0.08,-0.12,0.2,0.12,-0.3,0.08,0.3
2135,51321348,1.19688475,2.67813444,-1.57434857,2.07748199,4.03609657,1.81957173,-2.1751914,-7.71933842,-134.903061,-11.825326,6.56851006,-4.53264713,0.0957507801,0.12,-0.4,0.2,0.12,0.12,0.3,0.3,-0.3,-0.3,0.08,-0.08,0.0957507801,0.4,0.12,0.3,0.3,0.08,-0.12,0.2,0.12,-0.3,0.08,0.3
2136,51345954,1.19639814,2.67640519,-1.57150018,2.07888961,4.03390074,1.81945014,-2.17022157,-7.7226181,-134.890564,-11.8240824,6.56763983,-4.53281832,0.0957118511,0.12,-0.4,0.2,0.12,0.12,0.3,0.3,-0.3,-0.3,0.08,-0.08,0.0957118511,0.4,0.12,0.3,0.3,0.08,-0.12,0.2,0.12,-0.3,0.08,0.3
2137,51360164,1.19805694,2.67485309,-1.5675211,2.08086705,4.03147697,1.81959546,-2.1638093,-7.72708988,-134.876984,-11.8229094,6.56766415,-4.53252792,0.0958445549,0.12,-0.4,0.2,0.12,0.12,0.3,0.3,-0.3,-0.3,0.08,-0.08,0.0958445549,0.4,0.12,0.3,0.3,0.08,-0.12,0.2,0.12,-0.3,0.08,0.3
2138,51387515,1.20193136,2.67366338,-1.56233013,2.08343387,4.02893162,1.81997943,-2.15587068,-7.73283243,-134.862686,-11.8218775,6.56870222,-4.53171968,0.0961545086,0.12,-0.4,0.2,0.12,0.12,0.3,0.3,-0.3,-0.3,0.08,-0.08,0.0961545086,0.4,0.12,0.3,0.3,0.08,-0.12,0.2,0.12,-0.3,0.08,0.3
2139,51401520,1.207816,2.67276716,-1.55636656,2.08618975,4.02647114,1.8206563,-2.14708138,-7.73928833,-134.848022,-11.8211069,6.57056856,-4.53056097,0.0966252804,0.12,-0.4,0.2,0.12,0.12,0.3,0.3,-0.3,-0.3,0.08,-0.08,0.0966252804,0.4,0.12,0.3,0.3,0.08,-0.12,0.2,0.12,-0.3,0.08,0.3
2140,51421662,1.21536398,2.67215514,-1.54996669,2.0889926,4.02421713,1.8215549,-2.13792896,-7.74608183,-134.833344,-11.8207264,6.57302904,-4.52916574,0.0972291183,0.12,-0.4,0.2,0.12,0.12,0.3,0.3,-0.3,-0.3,0.08,-0.08,0.0972291183,0.4,0.12,0.3,0.3,0.08,-0.12,0.2,0.12,-0.3,0.08,0.3
2141,51447627,1.22427022,2.67175508,-1.54319417,2.09155607,4.02214289,1.82263327,-2.1286974,-7.75291538,-134.818787,-11.8207169,6.57608938,-4.52760839,0.097941618,0.12,-0.4,0.2,0.12,0.12,0.3,0.3,-0.3,-0.3,0.08,-0.08,0.097941618,0.4,0.12,0.3,0.3,0.08,-0.12,0.2,0.12,-0.3,0.08,0.3
2142,51463017,1.23409986,2.67127848,-1.53619719,2.09338903,4.02021694,1.82392287,-2.11968255,-7.75926685,-134.804611,-11.8210678,6.5796876,-4.52612019,0.0987279892,0.12,-0.4,0.2,0.12,0.12,0.3,0.3,-0.3,-0.3,0.08,-0.08,0.0987279892,0.4,0.12,0.3,0.3,0.08,-0.12,0.2,0.12,-0.3,0.08,0.3
2143,51481406,1.24389338,2.6704793,-1.53022909,2.09393907,4.01886034,1.82537997,-2.11237884,-7.763762,-134.791321,-11.8216686,6.58318806,-4.52507496,0.0995114708,0.12,-0.4,0.2,0.12,0.12,0.3,0.3,-0.3,-0.3,0.08,-0.08,0.0995114708,0.4,0.12,0.3,0.3,0.08,-0.12,0.2,0.12,-0.3,0.08,0.3
2144,51502601,1.25330758,2.66922188,-1.52484334,2.09289193,4.01792526,1.82700861,-2.10670733,-7.76635027,-134.77916,-11.8224382,6.58658981,-4.52458239,0.100264606,0.12,-0.4,0.2,0.12,0.12,0.3,0.3,-0.3,-0.3,0.08,-0.08,0.100264606,0.4,0.12,0.3,0.3,0.08,-0.12,0.2,0.12,-0.3,0.08,0.3
2145,51523268,1.26230597,2.66715384,-1.51948059,2.09010077,4.01726437,1.82881987,-2.10213566,-7.76722622,-134.768066,-11.8233318,6.5900588,-4.52478409,0.100984478,0.12,-0.4,0.2,0.12,0.12,0.3,0.3,-0.3,-0.3,0.08,-0.08,0.100984478,0.4,0.12,0.3,0.3,0.08,-0.12,0.2,0.12,-0.3,0.08,0.3
2146,51545096,1.27027822,2.66478276,-1.51536405,2.08683801,4.01662827,1.83054924,-2.09950185,-7.76674557,-134.758316,-11.8237982,6.59333611,-4.52516222,0.101622257,0.12,-0.4,0.2,0.12,0.12,0.3,0.3,-0.3,-0.3,0.08,-0.08,0.101622257,0.4,0.12,0.3,0.3,0.08,-0.12,0.2,0.12,-0.3,0.08,0.3
2147,51560415,1.27699161,2.66285658,-1.51307404,2.08385611,4.01671076,1.83218098,-2.09926081,-7.7650094,-134.750397,-11.8240395,6.59582567,-4.5255208,0.102159328,0.12,-0.4,0.2,0.12,0.12,0.3,0.3,-0.3,-0.3,0.08,-0.08,0.102159328,0.4,0.12,0.3,0.3,0.08,-0.12,0.2,0.12,-0.3,0.08,0.3
2148,51584850,1.28196299,2.66218781,-1.5131284,2.08182192,4.01793861,1.83344173,-2.10179973,-7.76224279,-134.744965,-11.8242846,6.59734821,-4.52565241,0.102557039,0.12,-0.4,0.2,0.12,0.12,0.3,0.3,-0.3,-0.3,0.08,-0.08,0.102557039,0.4,0.12,0.3,0.3,0.08,-0.12,0.2,0.12,-0.3,0.08,0.3
2149,51600953,1.28527606,2.66298795,-1.51452529,2.08067513,4.01964808,1.83426046,-2.10580897,-7.7594943,-134.742065,-11.8246021,6.59839344,-4.52528,0.102822084,0.12,-0.4,0.2,0.12,0.12,0.3,0.3,-0.3,-0.3,0.08,-0.08,0.102822084,0.4,0.12,0.3,0.3,0.08,-0.12,0.2,0.12,-0.3,0.08,0.3
2150,51620997,1.28710878,2.66501164,-1.51690483,2.08060169,4.0216279,1.83457983,-2.11060333,-7.75727797,-134.741425,-11.8252716,6.5988245,-4.52443123,0.102968702,0.12,-0.4,0.2,0.12,0.12,0.3,0.3,-0.3,-0.3,0.08,-0.08,0.102968702,0.4,0.12,0.3,0.3,0.08,-0.12,0.2,0.12,-0.3,0.08,0.3
2151,51645031,1.28745008,2.66824055,-1.52052128,2.08144569,4.02398157,1.83434963,-2.11635423,-7.75536489,-134.742737,-11.8262529,6.59885979,-4.52318192,0.102996006,0.12,-0.4,0.2,0.12,0.12,0.3,0.3,-0.3,-0.3,0.08,-0.08,0.102996006,0.4,0.12,0.3,0.3,0.08,-0.12,0.2,0.12,-0.3,0.08,0.3
2152,51660508,1.28632867,2.67222047,-1.52427745,2.08333874,4.02601147,1.83363438,-2.1216445,-7.75458336,-134.745621,-11.8273897,6.59880733,-4.52159786,0.102906294,0.12,-0.4,0.2,0.12,0.12,0.3,0.3,-0.3,-0.3,0.08,-0.08,0.102906294,0.4,0.12,0.3,0.3,0.08,-0.12,0.2,0.12,-0.3,0.08,0.3
2153,51682937,1.28377974,2.67611623,-1.52808738,2.08535361,4.02763271,1.83260286,-2.12624264,-7.75426054,-134.74971,-11.8284788,6.59864426,-4.52014494,0.102702379,0.12,-0.4,0.2,0.12,0.12,0.3,0.3,-0.3,-0.3,0.08,-0.08,0.102702379,0.4,0.12,0.3,0.3,0.08,-0.12,0.2,0.12,-0.3,0.08,0.3
2154,51701495,1.28015566,2.67967319,-1.53170252,2.08735824,4.02871847,1.83138561,-2.13005829,-7.75436592,-134.754547,-11.8293619,6.59832907,-4.51894569,0.102412453,0.12,-0.4,0.2,0.12,0.12,0.3,0.3,-0.3,-0.3,0.08,-0.08,0.102412453,0.4,0.12,0.3,0.3,0.08,-0.12,0.2,0.12,-0.3,0.08,0.3
2155,51720554,1.27595305,2.68249869,-1.53467917,2.0891192,4.02921343,1.83011687,-2.13271451,-7.7548852,-134.759766,-11.8299885,6.59787464,-4.51807213,0.102076244,0.12,-0.4,0.2,0.12,0.12,0.3,0.3,-0.3,-0.3,0.08,-0.08,0.102076244,0.4,0.12,0.3,0.3,0.08,-0.12,0.2,0.12,-0.3,0.08,0.3
2156,51741940,1.27173626,2.68489814,-1.5369122,2.09127164,4.02929688,1.82878065,-2.13403201,-7.75625706,-134.764969,-11.8303871,6.59717464,-4.51732349,0.101738901,0.12,-0.4,0.2,0.12,0.12,0.3,0.3,-0.3,-0.3,0.08,-0.08,0.101738901,0.4,0.12,0.3,0.3,0.08,-0.12,0.2,0.12,-0.3,0.08,0.3
2157,51759846,1.26784027,2.68686891,-1.53818882,2.09364462,4.02877522,1.82750034,-2.1338284,-7.75849581,-134.769974,-11.8304615,6.59669256,-4.5165062,0.101427221,0.12,-0.4,0.2,0.12,0.12,0.3,0.3,-0.3,-0.3,0.08,-0.08,0.101427221,0.4,0.12,0.3,0.3,0.08,-0.12,0.2,0.12,-0.3,0.08,0.3
2158,51785249,1.26452875,2.6884346,-1.53872883,2.09619737,4.02797174,1.82635319,-2.13237977,-7.76122665,-134.774414,-11.8303766,6.59619379,-4.51574039,0.1011623,0.12,-0.4,0.2,0.12,0.12,0.3,0.3,-0.3,-0.3,0.08,-0.08,0.1011623,0.4,0.12,0.3,0.3,0.08,-0.12,0.2,0.12,-0.3,0.08,0.3
2159,51802149,1.26258254,2.68966365,-1.53757703,2.0991087,4.02634287,1.82544506,-2.12882924,-7.76545858,-134.778168,-11.83002,6.59637308,-4.51465178,0.101006603,0.12,-0.4,0.2,0.12,0.12,0.3,0.3,-0.3,-0.3,0.08,-0.08,0.101006603,0.4,0.12,0.3,0.3,0.08,-0.12,0.2,0.12,-0.3,0.08,0.3
2160,51821336,1.26254106,2.69057727,-1.53458858,2.10259986,4.02399445,1.82486665,-2.12283731,-7.77153254,-134.780945,-11.8293581,6.59755754,-4.51318645,0.101003284,0.12,-0.4,0.2,0.12,0.12,0.3,0.3,-0.3,-0.3,0.08,-0.08,0.101003284,0.4,0.12,0.3,0.3,0.08,-0.12,0.2,0.12,-0.3,0.08,0.3
2161,51842265,1.26439154,2.6908617,-1.53013992,2.10605264,4.02083492,1.82465851,-2.11484766,-7.77874565,-134.782578,-11.8282509,6.59974194,-4.5114994,0.101151323,0.12,-0.4,0.2,0.12,0.12,0.3,0.3,-0.3,-0.3,0.08,-0.08,0.101151323,0.4,0.12,0.3,0.3,0.08,-0.12,0.2,0.12,-0.3,0.08,0.3
2162,51862429,1.26829052,2.69045067,-1.5243659,2.10894895,4.01734209,1.82490933,-2.1053443,-7.786376,-134.783203,-11.8269424,6.60271835,-4.50986147,0.101463242,0.12,-0.4,0.2,0.12,0.12,0.3,0.3,-0.3,-0.3,0.08,-0.08,0.101463242,0.4,0.12,0.3,0.3,0.08,-0.12,0.2,0.12,-0.3,0.08,0.3
2163,51882877,1.27392805,2.68939519,-1.51795626,2.11106443,4.01382065,1.82551885,-2.09524751,-7.79370022,-134.783356,-11.825429,6.60612106,-4.50839043,0.101914244,0.12,-0.4,0.2,0.12,0.12,0.3,0.3,-0.3,-0.3,0.08,-0.08,0.101914244,0.4,0.12,0.3,0.3,0.08,-0.12,0.2,0.12,-0.3,0.08,0.3
2164,51902056,1.28125107,2.68780088,-1.51058745,2.11236286,4.01015854,1.82651091,-2.08457065,-7.80081463,-134.783051,-11.8236723,6.61015797,-4.50698948,0.102500086,0.12,-0.4,0.2,0.12,0.12,0.3,0.3,-0.3,-0.3,0.08,-0.08,0.102500086,0.4,0.12,0.3,0.3,0.08,-0.12,0.2,0.12,-0.3,0.08,0.3
2165,51920728,1.28966475,2.68559599,-1.50331223,2.11259985,4.00680685,1.82788515,-2.07456207,-7.80677509,-134.782669,-11.8218508,6.61420679,-4.50592566,0.10317318,0.12,-0.4,0.2,0.12,0.12,0.3,0.3,-0.3,-0.3,0.08,-0.08,0.10317318,0.4,0.12,0.3,0.3,0.08,-0.12,0.2,0.12,-0.3,0.08,0.3
2166,51941705,1.29866636,2.68335676,-1.49679554,2.11220789,4.00412416,1.82947624,-2.06609654,-7.81141138,-134.782745,-11.8200569,6.61800432,-4.5050211,0.103893309,0.12,-0.4,0.2,0.12,0.12,0.3,0.3,-0.3,-0.3,0.08,-0.08,0.103893309,0.4,0.12,0.3,0.3,0.08,-0.12,0.2,0.12,-0.3,0.08,0.3
2167,51962038,1.307567,2.68137002,-1.49133492,2.11123872,4.0020442,1.83113778,-2.05955267,-7.81460953,-134.783661,-11.8182945,6.62152147,-4.50417519,0.10460536,0.12,-0.4,0.2,0.12,0.12,0.3,0.3,-0.3,-0.3,0.08,-0.08,0.10460536,0.4,0.12,0.3,0.3,0.08,-0.12,0.2,0.12,-0.3,0.08,0.3
2168,51987747,1.31568527,2.67981076,-1.48737693,2.11017609,4.00095129,1.83271551,-2.05524135,-7.81624413,-134.785736,-11.8168764,6.62407207,-4.50353289,0.105254822,0.12,-0.4,0.2,0.12,0.12,0.3,0.3,-0.3,-0.3,0.08,-0.08,0.105254822,0.4,0.12,0.3,0.3,0.08,-0.12,0.2,0.12,-0.3,0.08,0.3
2169,51998706,1.3229816,2.67890048,-1.48452652,2.10875154,4.00067377,1.83419442,-2.0529325,-7.8167181,-134.789413,-11.8159256,6.62610292,-4.5029211,0.105838528,0.12,-0.4,0.2,0.12,0.12,0.3,0.3,-0.3,-0.3,0.08,-0.08,0.105838528,0.4,0.12,0.3,0.3,0.08,-0.12,0.2,0.12,-0.3,0.08,0.3
2170,52032384,1.3291924,2.67854023,-1.48280442,2.10708189,4.00101709,1.83546913,-2.05233145,-7.81626606,-134.794601,-11.8154402,6.6277647,-4.50239897,0.106335392,0.12,-0.4,0.2,0.12,0.12,0.3,0.3,-0.3,-0.3,0.08,-0.08,0.106335392,0.4,0.12,0.3,0.3,0.08,-0.12,0.2,0.12,-0.3,0.08,0.3
2171,52039782,1.33410347,2.67852831,-1.48193777,2.10539556,4.00117636,1.83642745,-2.05295515,-7.8153801,-134.800995,-11.8148994,6.62945127,-4.50171995,0.106728277,0.12,-0.4,0.2,0.12,0.12,0.3,0.3,-0.3,-0.3,0.08,-0.08,0.106728277,0.4,0.12,0.3,0.3,0.08,-0.12,0.2,0.12,-0.3,0.08,0.3
2172,52060859,1.33761322,2.67849684,-1.48220825,2.1029861,4.00180101,1.8372519,-2.05509329,-7.81315565,-134.808395,-11.8145323,6.63071442,-4.5014658,0.107009058,0.12,-0.4,0.2,0.12,0.12,0.3,0.3,-0.3,-0.3,0.08,-0.08,0.107009058,0.4,0.12,0.3,0.3,0.08,-0.12,0.2,0.12,-0.3,0.08,0.3
2173,52080576,1.33978105,2.67836618,-1.48343194,2.09969807,4.0035162,1.83789754,-2.05866599,-7.80934381,-134.81752,-11.8147974,6.63111782,-4.50192595,0.107182484,0.12,-0.4,0.2,0.12,0.12,0.3,0.3,-0.3,-0.3,0.08,-0.08,0.107182484,0.4,0.12,0.3,0.3,0.08,-0.12,0.2,0.12,-0.3,0.08,0.3
2174,52101328,1.34071815,2.67854786,-1.48519826,2.09625149,4.0057373,1.83817422,-2.06313491,-7.8048501,-134.828278,-11.8154278,6.63139343,-4.50255823,0.107257452,0.12,-0.4,0.2,0.12,0.12,0.3,0.3,-0.3,-0.3,0.08,-0.08,0.107257452,0.4,0.12,0.3,0.3,0.08,-0.12,0.2,0.12,-0.3,0.08,0.3
2175,52127332,1.34073043,2.67892385,-1.48716545,2.09302521,4.00782347,1.83816099,-2.06784177,-7.80033016,-134.839996,-11.8162737,6.63168478,-4.50313425,0.107258434,0.12,-0.4,0.2,0.12,0.12,0.3,0.3,-0.3,-0.3,0.08,-0.08,0.107258434,0.4,0.12,0.3,0.3,0.08,-0.12,0.2,0.12,-0.3,0.08,0.3
2176,52140442,1.34007311,2.67962646,-1.49008977,2.089854,4.01033592,1.83801889,-2.0737586,-7.79518223,-134.852646,-11.8174067,6.63194942,-4.50371313,0.107205849,0.12,-0.4,0.2,0.12,0.12,0.3,0.3,-0.3,-0.3,0.08,-0.08,0.107205849,0.4,0.12,0.3,0.3,0.08,-0.12,0.2,0.12,-0.3,0.08,0.3
2177,52162291,1.33892095,2.68094492,-1.4932307,2.08738136,4.01313066,1.83773255,-2.07998276,-7.7903862,-134.866104,-11.8188124,6.63262463,-4.50405645,0.107113676,0.12,-0.4,0.2,0.12,0.12,0.3,0.3,-0.3,-0.3,0.08,-0.08,0.107113676,0.4,0.12,0.3,0.3,0.08,-0.12,0.2,0.12,-0.3,0.08,0.3
2178,52184172,1.33694339,2.68233633,-1.49645233,2.08532739,4.01571751,1.83730245,-2.08599329,-7.78590584,-134.880112,-11.8201399,6.63361549,-4.50432777,0.106955471,0.12,-0.4,0.2,0.12,0.12,0.3,0.3,-0.3,-0.3,0.08,-0.08,0.106955471,0.4,0.12,0.3,0.3,0.08,-0.12,0.2,0.12,-0.3,0.08,0.3
2179,52199776,1.33447373,2.68381834,-1.49935579,2.08413625,4.017663,1.83678472,-2.09122229,-7.78252268,-134.894455,-11.8211689,6.63500166,-4.50433397,0.106757898,0.12,-0.4,0.2,0.12,0.12,0.3,0.3,-0.3,-0.3,0.08,-0.08,0.106757898,0.4,0.12,0.3,0.3,0.08,-0.12,0.2,0.12,-0.3,0.08,0.3
2180,52226692,1.33209789,2.68523359,-1.50183403,2.08340073,4.01950788,1.83631551,-2.09562564,-7.77994442,-134.908951,-11.8221836,6.63654327,-4.50433397,0.106567831,0.12,-0.4,0.2,0.12,0.12,0.3,0.3,-0.3,-0.3,0.08,-0.08,0.106567831,0.4,0.12,0.3,0.3,0.08,-0.12,0.2,0.12,-0.3,0.08,0.3
2181,52239421,1.33033681,2.68680882,-1.50334895,2.08355141,4.02100515,1.83578777,-2.09852433,-7.7789011,-134.92337,-11.8231592,6.63858223,-4.50407934,0.106426945,0.12,-0.4,0.2,0.12,0.12,0.3,0.3,-0.3,-0.3,0.08,-0.08,0.106426945,0.4,0.12,0.3,0.3,0.08,-0.12,0.2,0.12,-0.3,0.08,0.3
2182,52264869,1.32934821,2.68809867,-1.50361514,2.08412671,4.02180767,1.83531415,-2.09946918,-7.77922869,-134.937286,-11.8240242,6.64127588,-4.50368023,0.106347857,0.12,-0.4,0.2,0.12,0.12,0.3,0.3,-0.3,-0.3,0.08,-0.08,0.106347857,0.4,0.12,0.3,0.3,0.08,-0.12,0.2,0.12,-0.3,0.08,0.3
2183,52282974,1.32904422,2.68898821,-1.50326085,2.08510828,4.02193213,1.83493936,-2.09913445,-7.78041315,-134.950577,-11.8246012,6.64428568,-4.50318432,0.106323538,0.12,-0.4,0.2,0.12,0.12,0.3,0.3,-0.3,-0.3,0.08,-0.08,0.106323538,0.4,0.12,0.3,0.3,0.08,-0.12,0.2,0.12,-0.3,0.08,0.3
2184,52308137,1.33006001,2.68940949,-1.50134778,2.08627844,4.02140093,1.83489907,-2.09685564,-7.78290701,-134.963058,-11.8248968,6.64796114,-4.50258303,0.1064048,0.12,-0.4,0.2,0.12,0.12,0.3,0.3,-0.3,-0.3,0.08,-0.08,0.1064048,0.4,0.12,0.3,0.3,0.08,-0.12,0.2,0.12,-0.3,0.08,0.3
2185,52322452,1.33212137,2.68917418,-1.49872339,2.08733273,4.02043152,1.83514977,-2.09345222,-7.78595781,-134.974777,-11.8248272,6.65194225,-4.50209236,0.10656971,0.12,-0.4,0.2,0.12,0.12,0.3,0.3,-0.3,-0.3,0.08,-0.08,0.10656971,0.4,0.12,0.3,0.3,0.08,-0.12,0.2,0.12,-0.3,0.08,0.3
2186,52341649,1.33514619,2.68847322,-1.49544442,2.08839059,4.01901007,1.8356235,-2.08908391,-7.78951263,-134.985672,-11.8243313,6.65601778,-4.5015645,0.106811695,0.12,-0.4,0.2,0.12,0.12,0.3,0.3,-0.3,-0.3,0.08,-0.08,0.106811695,0.4,0.12,0.3,0.3,0.08,-0.12,0.2,0.12,-0.3,0.08,0.3
2187,52361352,1.33914423,2.68721128,-1.49157095,2.08879805,4.01732874,1.83635342,-2.08417368,-7.79287624,-134.995834,-11.8235683,6.66011333,-4.50116634,0.107131538,0.12,-0.4,0.2,0.12,0.12,0.3,0.3,-0.3,-0.3,0.08,-0.08,0.107131538,0.4,0.12,0.3,0.3,0.08,-0.12,0.2,0.12,-0.3,0.08,0.3
2188,52381908,1.34070468,2.68567204,-1.49185097,2.09044862,4.01798964,1.83663261,-2.08368587,-7.79220295,-135.004196,-11.8233862,6.66054392,-4.50208807,0.107256374,0.12,-0.4,0.2,0.12,0.12,0.3,0.3,-0.3,-0.3,0.08,-0.08,0.107256374,0.4,0.12,0.3,0.3,0.08,-0.12,0.2,0.12,-0.3,0.08,0.3
2189,52402931,1.34142625,2.68429232,-1.49157882,2.09134889,4.01814318,1.8372159,-2.08367395,-7.79152822,-135.011246,-11.8231859,6.65961552,-4.50304222,0.1073141,0.12,-0.4,0.2,0.12,0.12,0.3,0.3,-0.3,-0.3,0.08,-0.08,0.1073141,0.4,0.12,0.3,0.3,0.08,-0.12,0.2,0.12,-0.3,0.08,0.3
2190,52419998,1.34138846,2.68245411,-1.49150836,2.0916369,4.01795721,1.8379091,-2.08396268,-7.79095221,-135.016769,-11.822916,6.65796041,-4.50430536,0.107311077,0.12,-0.4,0.2,0.12,0.12,0.3,0.3,-0.3,-0.3,0.08,-0.08,0.107311077,0.4,0.12,0.3,0.3,0.08,-0.12,0.2,0.12,-0.3,0.08,0.3
2191,52441577,1.34130275,2.68042898,-1.49135709,2.09149837,4.01757908,1.83852124,-2.08427453,-7.79042435,-135.019714,-11.822504,6.65553999,-4.50555086,0.10730422,0.12,-0.4,0.2,0.12,0.12,0.3,0.3,-0.3,-0.3,0.08,-0.08,0.10730422,0.4,0.12,0.3,0.3,0.08,-0.12,0.2,0.12,-0.3,0.08,0.3
2192,52462352,1.34062433,2.6785481,-1.49228907,2.09082055,4.01747561,1.83890736,-2.08583403,-7.78865433,-135.021027,-11.8223829,6.65238476,-4.50695181,0.107249947,0.12,-0.4,0.2,0.12,0.12,0.3,0.3,-0.3,-0.3,0.08,-0.08,0.107249947,0.4,0.12,0.3,0.3,0.08,-0.12,0.2,0.12,-0.3,0.08,0.3
2193,52480464,1.34084201,2.67722869,-1.49199772,2.08888364,4.01633883,1.83931255,-2.08581638,-7.78800392,-135.022751,-11.8215113,6.65074253,-4.50743389,0.107267361,0.12,-0.4,0.2,0.12,0.12,0.3,0.3,-0.3,-0.3,0.08,-0.08,0.107267361,0.4,0.12,0.3,0.3,0.08,-0.12,0.2,0.12,-0.3,0.08,0.3
2194,52513275,1.34095156,2.67611647,-1.49261856,2.08691978,4.01571655,1.83963442,-2.08666921,-7.78657913,-135.025238,-11.8202562,6.64962721,-4.50777388,0.107276125,0.12,-0.4,0.2,0.12,0.12,0.3,0.3,-0.3,-0.3,0.08,-0.08,0.107276125,0.4,0.12,0.3,0.3,0.08,-0.12,0.2,0.12,-0.3,0.08,0.3
2195,52525154,1.34076953,2.67520761,-1.49374294,2.08458543,4.01577425,1.83993328,-2.08840036,-7.78419781,-135.028229,-11.8190355,6.648633,-4.5082612,0.107261562,0.12,-0.4,0.2,0.12,0.12,0.3,0.3,-0.3,-0.3,0.08,-0.08,0.107261562,0.4,0.12,0.3,0.3,0.08,-0.12,0.2,0.12,-0.3,0.08,0.3
2196,52538903,1.33981562,2.67457247,-1.49565506,2.08230186,4.01603222,1.83999574,-2.0912292,-7.78120184,-135.03183,-11.8177414,6.64757824,-4.50869131,0.107185249,0.12,-0.4,0.2,0.12,0.12,0.3,0.3,-0.3,-0.3,0.08,-0.08,0.107185249,0.4,0.12,0.3,0.3,0.08,-0.12,0.2,0.12,-0.3,0.08,0.3
2197,52561275,1.33767486,2.67430592,-1.49888384,2.08002186,4.01679182,1.83984339,-2.09560418,-7.777246,-135.036057,-11.8164759,6.64590311,-4.50916386,0.107013988,0.12,-0.4,0.2,0.12,0.12,0.3,0.3,-0.3,-0.3,0.08,-0.08,0.107013988,0.4,0.12,0.3,0.3,0.08,-0.12,0.2,0.12,-0.3,0.08,0.3
2198,52581015,1.33435404,2.67438698,-1.50317061,2.07744455,4.01864195,1.8394779,-2.10155821,-7.77191544,-135.041046,-11.8158445,6.64316702,-4.51000452,0.106748323,0.12,-0.4,0.2,0.12,0.12,0.3,0.3,-0.3,-0.3,0.08,-0.08,0.106748323,0.4,0.12,0.3,0.3,0.08,-0.12,0.2,0.12,-0.3,0.08,0.3
2199,52605458,1.32982922,2.67507696,-1.50800371,2.07528663,4.02063274,1.83877206,-2.10830331,-7.76654196,-135.046692,-11.8154325,6.64025545,-4.51071024,0.106386337,0.12,-0.4,0.2,0.12,0.12,0.3,0.3,-0.3,-0.3,0.08,-0.08,0.106386337,0.4,0.12,0.3,0.3,0.08,-0.12,0.2,0.12,-0.3,0.08,0.3
2200,52620862,1.32419109,2.67580795,-1.51323462,2.07312107,4.02254915,1.83788002,-2.11540198,-7.76099062,-135.05249,-11.8152275,6.6369977,-4.51154089,0.105935287,0.12,-0.4,0.2,0.12,0.12,0.3,0.3,-0.3,-0.3,0.08,-0.08,0.105935287,0.4,0.12,0.3,0.3,0.08,-0.12,0.2,0.12,-0.3,0.08,0.3
2201,52644779,1.31794238,2.67675209,-1.51877153,2.07130241,4.02476454,1.83682561,-2.1228888,-7.75547886,-135.058243,-11.8154192,6.6333704,-4.51245356,0.10543539,0.12,-0.4,0.2,0.12,0.12,0.3,0.3,-0.3,-0.3,0.08,-0.08,0.10543539,0.4,0.12,0.3,0.3,0.08,-0.12,0.2,0.12,-0.3,0.08,0.3
2202,52660866,1.31143558,2.67809129,-1.5238198,2.07038283,4.02685833,1.83560753,-2.12961626,-7.75105,-135.063812,-11.8158207,6.63018942,-4.51315117,0.104914846,0.12,-0.4,0.2,0.12,0.12,0.3,0.3,-0.3,-0.3,0.08,-0.08,0.104914846,0.4,0.12,0.3,0.3,0.08,-0.12,0.2,0.12,-0.3,0.08,0.3
2203,52684493,1.30443275,2.67930341,-1.5287081,2.07010484,4.02863407,1.83426988,-2.13557053,-7.74720621,-135.068741,-11.8162651,6.62705278,-4.51389933,0.10435462,0.12,-0.4,0.2,0.12,0.12,0.3,0.3,-0.3,-0.3,0.08,-0.08,0.10435462,0.4,0.12,0.3,0.3,0.08,-0.12,0.2,0.12,-0.3,0.08,0.3
2204,52706596,1.29729867,2.68053842,-1.53363013,2.07029128,4.0302453,1.83298159,-2.14118814,-7.74388409,-135.07312,-11.8167858,6.6238203,-4.51464176,0.103783894,0.12,-0.4,0.2,0.12,0.12,0.3,0.3,-0.3,-0.3,0.08,-0.08,0.103783894,0.4,0.12,0.3,0.3,0.08,-0.12,0.2,0.12,-0.3,0.08,0.3
2205,52722582,1.2910167,2.68181849,-1.5368433,2.07132077,4.03124523,1.83176637,-2.14465237,-7.74251795,-135.076553,-11.8173237,6.62142706,-4.51508474,0.103281336,0.12,-0.4,0.2,0.12,0.12,0.3,0.3,-0.3,-0.3,0.08,-0.08,0.103281336,0.4,0.12,0.3,0.3,0.08,-0.12,0.2,0.12,-0.3,0.08,0.3
2206,52742191,1.28569877,2.68283701,-1.53900719,2.07286119,4.03176737,1.83065176,-2.14634991,-7.7425189,-135.078537,-11.8178701,6.61949968,-4.51542759,0.102855902,0.12,-0.4,0.2,0.12,0.12,0.3,0.3,-0.3,-0.3,0.08,-0.08,0.102855902,0.4,0.12,0.3,0.3,0.08,-0.12,0.2,0.12,-0.3,0.08,0.3
2207,52770259,1.28141582,2.68358278,-1.54014349,2.07481098,4.03172445,1.82967806,-2.14641047,-7.74363899,-135.0793,-11.8184376,6.61807203,-4.51561689,0.102513266,0.12,-0.4,0.2,0.12,0.12,0.3,0.3,-0.3,-0.3,0.08,-0.08,0.102513266,0.4,0.12,0.3,0.3,0.08,-0.12,0.2,0.12,-0.3,0.08,0.3
2208,52779920,1.27800477,2.68423152,-1.541008,2.077034,4.03158903,1.82883298,-2.14578676,-7.74511814,-135.078888,-11.8189268,6.61683893,-4.51570129,0.102240381,0.12,-0.4,0.2,0.12,0.12,0.3,0.3,-0.3,-0.3,0.08,-0.08,0.102240381,0.4,0.12,0.3,0.3,0.08,-0.12,0.2,0.12,-0.3,0.08,0.3
2209,52806552,1.27568746,2.68479586,-1.54087138,2.07951546,4.03108788,1.82819712,-2.14388943,-7.74752283,-135.077545,-11.819356,6.61591291,-4.51561356,0.102054996,0.12,-0.4,0.2,0.12,0.12,0.3,0.3,-0.3,-0.3,0.08,-0.08,0.102054996,0.4,0.12,0.3,0.3,0.08,-0.12,0.2,0.12,-0.3,0.08,0.3
2210,52820256,1.27442944,2.68506908,-1.53973067,2.08196926,4.03006744,1.82777858,-2.14079642,-7.75072002,-135.075073,-11.819581,6.61561966,-4.51535654,0.101954355,0.12,-0.4,0.2,0.12,0.12,0.3,0.3,-0.3,-0.3,0.08,-0.08,0.101954355,0.4,0.12,0.3,0.3,0.08,-0.12,0.2,0.12,-0.3,0.08,0.3
2211,52843697,1.27428389,2.6849618,-1.53778124,2.08431768,4.02870798,1.82760358,-2.13671088,-7.75442123,-135.071228,-11.8197012,6.61550426,-4.51505232,0.101942711,0.12,-0.4,0.2,0.12,0.12,0.3,0.3,-0.3,-0.3,0.08,-0.08,0.101942711,0.4,0.12,0.3,0.3,0.08,-0.12,0.2,0.12,-0.3,0.08,0.3
2212,52866209,1.27503955,2.68460655,-1.53555965,2.08645988,4.02724934,1.82759917,-2.13236904,-7.7580924,-135.066589,-11.8197222,6.61552143,-4.51470423,0.102003164,0.12,-0.4,0.2,0.12,0.12,0.3,0.3,-0.3,-0.3,0.08,-0.08,0.102003164,0.4,0.12,0.3,0.3,0.08,-0.12,0.2,0.12,-0.3,0.08,0.3
2213,52884704,1.27615726,2.68424964,-1.53379095,2.088269,4.02609301,1.82768726,-2.12855721,-7.76106834,-135.061371,-11.8196278,6.61533022,-4.51443005,0.102092581,0.12,-0.4,0.2,0.12,0.12,0.3,0.3,-0.3,-0.3,0.08,-0.08,0.102092581,0.4,0.12,0.3,0.3,0.08,-0.12,0.2,0.12,-0.3,0.08,0.3
2214,52900251,1.27766812,2.68364072,-1.53153217,2.08952808,4.02472067,1.82793748,-2.12456512,-7.76385641,-135.055817,-11.8194294,6.61517,-4.51418257,0.102213449,0.12,-0.4,0.2,0.12,0.12,0.3,0.3,-0.3,-0.3,0.08,-0.08,0.102213449,0.4,0.12,0.3,0.3,0.08,-0.12,0.2,0.12,-0.3,0.08,0.3
2215,52920426,1.27939963,2.6829524,-1.5295521,2.09046865,4.02348661,1.82828617,-2.12111783,-7.76620436,-135.049942,-11.819108,6.61492968,-4.51398993,0.102351971,0.12,-0.4,0.2,0.12,0.12,0.3,0.3,-0.3,-0.3,0.08,-0.08,0.102351971,0.4,0.12,0.3,0.3,0.08,-0.12,0.2,0.12,-0.3,0.08,0.3
2216,52942355,1.28090513,2.68206573,-1.52835155,2.09047198,4.02262402,1.82869816,-2.11892319,-7.76722288,-135.043839,-11.8187628,6.61425209,-4.51407003,0.10247241,0.12,-0.4,0.2,0.12,0.12,0.3,0.3,-0.3,-0.3,0.08,-0.08,0.10247241,0.4,0.12,0.3,0.3,0.08,-0.12,0.2,0.12,-0.3,0.08,0.3
2217,52960217,1.28175139,2.68133116,-1.52805293,2.09026098,4.02205181,1.82901132,-2.11809421,-7.7673049,-135.037872,-11.8183727,6.61306,-4.51421642,0.102540112,0.12,-0.4,0.2,0.12,0.12,0.3,0.3,-0.3,-0.3,0.08,-0.08,0.102540112,0.4,0.12,0.3,0.3,0.08,-0.12,0.2,0.12,-0.3,0.08,0.3
2218,52980622,1.28143644,2.68060994,-1.52902496,2.08933735,4.02208233,1.82919407,-2.11899066,-7.76573944,-135.032211,-11.8179684,6.61109495,-4.51470137,0.102514915,0.12,-0.4,0.2,0.12,0.12,0.3,0.3,-0.3,-0.3,0.08,-0.08,0.102514915,0.4,0.12,0.3,0.3,0.08,-0.12,0.2,0.12,-0.3,0.08,0.3
2219,53006329,1.28001308,2.67997742,-1.53068256,2.08786654,4.02238417,1.82928967,-2.12117887,-7.76317692,-135.026932,-11.8175888,6.60855913,-4.51540565,0.102401047,0.12,-0.4,0.2,0.12,0.12,0.3,0.3,-0.3,-0.3,0.08,-0.08,0.102401047,0.4,0.12,0.3,0.3,0.08,-0.12,0.2,0.12,-0.3,0.08,0.3
2220,53018393,1.27726996,2.67945123,-1.53364909,2.0860877,4.023242,1.82922506,-2.12506819,-7.75946188,-135.022141,-11.8172979,6.60524273,-4.51637125,0.102181597,0.12,-0.4,0.2,0.12,0.12,0.3,0.3,-0.3,-0.3,0.08,-0.08,0.102181597,0.4,0.12,0.3,0.3,0.08,-0.12,0.2,0.12,-0.3,0.08,0.3
2221,53045845,1.27324831,2.67931652,-1.53768337,2.08417869,4.02465391,1.82888484,-2.13043308,-7.75482893,-135.0177,-11.8171892,6.60124063,-4.51746988,0.101859865,0.12,-0.4,0.2,0.12,0.12,0.3,0.3,-0.3,-0.3,0.08,-0.08,0.101859865,0.4,0.12,0.3,0.3,0.08,-0.12,0.2,0.12,-0.3,0.08,0.3
2222,53060976,1.26800644,2.67937112,-1.5421685,2.08208513,4.02614498,1.82831836,-2.13651681,-7.74971437,-135.013397,-11.817215,6.59705544,-4.51866627,0.101440516,0.12,-0.4,0.2,0.12,0.12,0.3,0.3,-0.3,-0.3,0.08,-0.08,0.101440516,0.4,0.12,0.3,0.3,0.08,-0.12,0.2,0.12,-0.3,0.08,0.3
2223,53081397,1.26170588,2.67950535,-1.54729331,2.08000517,4.02826691,1.82755792,-2.14332414,-7.74391174,-135.009216,-11.817687,6.59221363,-4.52021074,0.10093647,0.12,-0.4,0.2,0.12,0.12,0.3,0.3,-0.3,-0.3,0.08,-0.08,0.10093647,0.4,0.12,0.3,0.3,0.08,-0.12,0.2,0.12,-0.3,0.08,0.3
2224,53107576,1.2548033,2.68009686,-1.55232477,2.07865858,4.03027678,1.82658577,-2.15005016,-7.73879004,-135.005173,-11.8182898,6.58764601,-4.52148771,0.100384264,0.12,-0.4,0.2,0.12,0.12,0.3,0.3,-0.3,-0.3,0.08,-0.08,0.100384264,0.4,0.12,0.3,0.3,0.08,-0.12,0.2,0.12,-0.3,0.08,0.3
2225,53120896,1.24720621,2.68065381,-1.55755866,2.07760835,4.03183174,1.82555461,-2.15662527,-7.73406696,-135.000565,-11.818655,6.58349466,-4.52270508,0.0997764969,0.12,-0.4,0.2,0.12,0.12,0.3,0.3,-0.3,-0.3,0.08,-0.08,0.0997764969,0.4,0.12,0.3,0.3,0.08,-0.12,0.2,0.12,-0.3,0.08,0.3
2226,53144504,1.24012589,2.6810472,-1.56115842,2.07731557,4.03284454,1.82458889,-2.16114473,-7.73110008,-134.995056,-11.8191299,6.57980871,-4.52379417,0.0992100716,0.12,-0.4,0.2,0.12,0.12,0.3,0.3,-0.3,-0.3,0.08,-0.08,0.0992100716,0.4,0.12,0.3,0.3,0.08,-0.12,0.2,0.12,-0.3,0.08,0.3
2227,53159991,1.23346078,2.68165708,-1.56480289,2.07781577,4.03393364,1.82355738,-2.16515589,-7.72890425,-134.989014,-11.8196526,6.57658434,-4.52469397,0.0986768627,0.12,-0.4,0.2,0.12,0.12,0.3,0.3,-0.3,-0.3,0.08,-0.08,0.0986768627,0.4,0.12,0.3,0.3,0.08,-0.12,0.2,0.12,-0.3,0.08,0.3
2228,53185395,1.2270534,2.68203926,-1.56783998,2.07828116,4.03406525,1.82254767,-2.16789865,-7.72745895,-134.982071,-11.8196964,6.57411814,-4.525352,0.0981642723,0.12,-0.4,0.2,0.12,0.12,0.3,0.3,-0.3,-0.3,0.08,-0.08,0.0981642723,0.4,0.12,0.3,0.3,0.08,-0.12,0.2,0.12,-0.3,0.08,0.3
2229,53202734,1.22222769,2.6818819,-1.56866133,2.07891989,4.03397512,1.82183433,-2.16810632,-7.72745943,-134.974152,-11.8200741,6.57191277,-4.52615023,0.0977782154,0.12,-0.4,0.2,0.12,0.12,0.3,0.3,-0.3,-0.3,0.08,-0.08,0.0977782154,0.4,0.12,0.3,0.3,0.08,-0.12,0.2,0.12,-0.3,0.08,0.3
2230,53220215,1.21878803,2.68218899,-1.5691855,2.08073044,4.03411293,1.82105041,-2.16752219,-7.72864676,-134.965958,-11.8206015,6.57028723,-4.52651167,0.0975030422,0.12,-0.4,0.2,0.12,0.12,0.3,0.3,-0.3,-0.3,0.08,-0.08,0.0975030422,0.4,0.12,0.3,0.3,0.08,-0.12,0.2,0.12,-0.3,0.08,0.3
2231,53244559,1.21632552,2.68256187,-1.56893837,2.08265829,4.03359509,1.82038963,-2.16574311,-7.7305913,-134.956604,-11.8209124,6.5695405,-4.52646732,0.0973060417,0.12,-0.4,0.2,0.12,0.12,0.3,0.3,-0.3,-0.3,0.08,-0.08,0.0973060417,0.4,0.12,0.3,0.3,0.08,-0.12,0.2,0.12,-0.3,0.08,0.3
2232,53260957,1.21578038,2.68219829,-1.56636024,2.08422899,4.03235102,1.82013798,-2.16151714,-7.73372126,-134.94606,-11.8215027,6.5695076,-4.52645302,0.0972624302,0.12,-0.4,0.2,0.12,0.12,0.3,0.3,-0.3,-0.3,0.08,-0.08,0.0972624302,0.4,0.12,0.3,0.3,0.08,-0.12,0.2,0.12,-0.3,0.08,0.3
2233,53282250,1.21760178,2.68198848,-1.56243849,2.0865736,4.03151894,1.82008958,-2.15578437,-7.73805904,-134.934784,-11.8225365,6.57040358,-4.52620983,0.0974081421,0.12,-0.4,0.2,0.12,0.12,0.3,0.3,-0.3,-0.3,0.08,-0.08,0.0974081421,0.4,0.12,0.3,0.3,0.08,-0.12,0.2,0.12,-0.3,0.08,0.3
2234,53302475,1.2206651,2.68196201,-1.55842614,2.08936262,4.03031015,1.8202287,-2.14962196,-7.74299431,-134.923019,-11.823369,6.572124,-4.52546406,0.0976532078,0.12,-0.4,0.2,0.12,0.12,0.3,0.3,-0.3,-0.3,0.08,-0.08,0.0976532078,0.4,0.12,0.3,0.3,0.08,-0.12,0.2,0.12,-0.3,0.08,0.3
2235,53321185,1.22455704,2.68178201,-1.55436385,2.09209418,4.02856779,1.82063222,-2.14327455,-7.74808455,-134.910889,-11.8238773,6.57420874,-4.52451181,0.0979645634,0.12,-0.4,0.2,0.12,0.12,0.3,0.3,-0.3,-0.3,0.08,-0.08,0.0979645634,0.4,0.12,0.3,0.3,0.08,-0.12,0.2,0.12,-0.3,0.08,0.3
2236,53343420,1.23004425,2.68200254,-1.54929459,2.09537721,4.02686453,1.82125652,-2.13606691,-7.75424337,-134.898636,-11.8244448,6.57681227,-4.52315331,0.0984035397,0.12,-0.4,0.2,0.12,0.12,0.3,0.3,-0.3,-0.3,0.08,-0.08,0.0984035397,0.4,0.12,0.3,0.3,0.08,-0.12,0.2,0.12,-0.3,0.08,0.3
2237,53361661,1.23627555,2.68237424,-1.5444417,2.09817839,4.02540255,1.82202518,-2.12918353,-7.76005936,-134.886703,-11.8250122,6.57987118,-4.52168989,0.0989020443,0.12,-0.4,0.2,0.12,0.12,0.3,0.3,-0.3,-0.3,0.08,-0.08,0.0989020443,0.4,0.12,0.3,0.3,0.08,-0.12,0.2,0.12,-0.3,0.08,0.3
2238,53381813,1.24197972,2.68210125,-1.54063535,2.09937048,4.02395153,1.82288277,-2.12369251,-7.76392126,-134.875015,-11.8254051,6.5824604,-4.5207262,0.0993583775,0.12,-0.4,0.2,0.12,0.12,0.3,0.3,-0.3,-0.3,0.08,-0.08,0.0993583775,0.4,0.12,0.3,0.3,0.08,-0.12,0.2,0.12,-0.3,0.08,0.3
2239,53404601,1.24818313,2.6817348,-1.53591835,2.10057902,4.02278233,1.82384336,-2.11781836,-7.76802111,-134.864197,-11.8261271,6.58458757,-4.51988697,0.0998546505,0.12,-0.4,0.2,0.12,0.12,0.3,0.3,-0.3,-0.3,0.08,-0.08,0.0998546505,0.4,0.12,0.3,0.3,0.08,-0.12,0.2,0.12,-0.3,0.08,0.3
2240,53421755,1.25330997,2.68157315,-1.53357434,2.10110331,4.02223873,1.82461679,-2.11473823,-7.77015018,-134.85466,-11.8264818,6.5863862,-4.51918077,0.100264797,0.12,-0.4,0.2,0.12,0.12,0.3,0.3,-0.3,-0.3,0.08,-0.08,0.100264797,0.4,0.12,0.3,0.3,0.08,-0.12,0.2,0.12,-0.3,0.08,0.3
2241,53441903,1.25692856,2.68127656,-1.53246069,2.100384,4.02187967,1.82537568,-2.1135273,-7.77038956,-134.845856,-11.8266716,6.58725595,-4.51890469,0.100554285,0.12,-0.4,0.2,0.12,0.12,0.3,0.3,-0.3,-0.3,0.08,-0.08,0.100554285,0.4,0.12,0.3,0.3,0.08,-0.12,0.2,0.12,-0.3,0.08,0.3
2242,53463032,1.25942743,2.68076301,-1.5319885,2.09884977,4.02198553,1.8260349,-2.1138587,-7.76926517,-134.838516,-11.8270464,6.58723211,-4.51903391,0.100754194,0.12,-0.4,0.2,0.12,0.12,0.3,0.3,-0.3,-0.3,0.08,-0.08,0.100754194,0.4,0.12,0.3,0.3,0.08,-0.12,0.2,0.12,-0.3,0.08,0.3
2243,53486576,1.26058722,2.68099356,-1.53296876,2.09753251,4.02267504,1.82633603,-2.11594534,-7.76736641,-134.83255,-11.8272152,6.58683634,-4.51903534,0.100846977,0.12,-0.4,0.2,0.12,0.12,0.3,0.3,-0.3,-0.3,0.08,-0.08,0.100846977,0.4,0.12,0.3,0.3,0.08,-0.12,0.2,0.12,-0.3,0.08,0.3
2244,53499410,1.25969851,2.68088722,-1.53505111,2.09534597,4.02314806,1.82650435,-2.11944318,-7.76410818,-134.827774,-11.8269997,6.58584023,-4.51930094,0.100775881,0.12,-0.4,0.2,0.12,0.12,0.3,0.3,-0.3,-0.3,0.08,-0.08,0.100775881,0.4,0.12,0.3,0.3,0.08,-0.12,0.2,0.12,-0.3,0.08,0.3
2245,53523352,1.25748086,2.6808455,-1.53777838,2.09330082,4.02379656,1.82647991,-2.12380123,-7.76046276,-134.824051,-11.826622,6.58422709,-4.51976776,0.100598469,0.12,-0.4,0.2,0.12,0.12,0.3,0.3,-0.3,-0.3,0.08,-0.08,0.100598469,0.4,0.12,0.3,0.3,0.08,-0.12,0.2,0.12,-0.3,0.08,0.3
2246,53538802,1.25442266,2.68091655,-1.54091012,2.09095573,4.02521706,1.82628524,-2.12875795,-7.75621414,-134.821396,-11.8265285,6.58215904,-4.52058077,0.100353813,0.12,-0.4,0.2,0.12,0.12,0.3,0.3,-0.3,-0.3,0.08,-0.08,0.100353813,0.4,0.12,0.3,0.3,0.08,-0.12,0.2,0.12,-0.3,0.08,0.3
2247,53566465,1.25034344,2.68133783,-1.54451084,2.08909202,4.0265851,1.82574606,-2.13402224,-7.7520833,-134.819595,-11.8264275,6.57999611,-4.52127743,0.100027475,0.12,-0.4,0.2,0.12,0.12,0.3,0.3,-0.3,-0.3,0.08,-0.08,0.100027475,0.4,0.12,0.3,0.3,0.08,-0.12,0.2,0.12,-0.3,0.08,0.3
2248,53581321,1.24577951,2.68179798,-1.54774249,2.08780789,4.02752876,1.82503831,-2.138556,-7.74864101,-134.818024,-11.8262901,6.57789612,-4.52183485,0.0996623611,0.12,-0.4,0.2,0.12,0.12,0.3,0.3,-0.3,-0.3,0.08,-0.08,0.0996623611,0.4,0.12,0.3,0.3,0.08,-0.12,0.2,0.12,-0.3,0.08,0.3
2249,53600660,1.24139595,2.68261528,-1.55063593,2.08750272,4.02834368,1.8242743,-2.14240932,-7.74632502,-134.816635,-11.8261805,6.57612753,-4.52208853,0.099311676,0.12,-0.4,0.2,0.12,0.12,0.3,0.3,-0.3,-0.3,0.08,-0.08,0.099311676,0.4,0.12,0.3,0.3,0.08,-0.12,0.2,0.12,-0.3,0.08,0.3
2250,53622507,1.23728216,2.68341017,-1.5529139,2.08751249,4.02879,1.82357895,-2.14516497,-7.74496412,-134.815125,-11.8259439,6.57517385,-4.52219105,0.0989825726,0.12,-0.4,0.2,0.12,0.12,0.3,0.3,-0.3,-0.3,0.08,-0.08,0.0989825726,0.4,0.12,0.3,0.3,0.08,-0.12,0.2,0.12,-0.3,0.08,0.3
2251,53639831,1.23377216,2.68357587,-1.55391073,2.0874238,4.02863503,1.82301342,-2.14614987,-7.74450779,-134.81308,-11.8256721,6.57467079,-4.52243805,0.0987017727,0.12,-0.4,0.2,0.12,0.12,0.3,0.3,-0.3,-0.3,0.08,-0.08,0.0987017727,0.4,0.12,0.3,0.3,0.08,-0.12,0.2,0.12,-0.3,0.08,0.3
2252,53661898,1.23104167,2.68347502,-1.5543524,2.08783531,4.0282321,1.82247877,-2.14606309,-7.74484587,-134.810699,-11.825346,6.57436752,-4.52263117,0.0984833336,0.12,-0.4,0.2,0.12,0.12,0.3,0.3,-0.3,-0.3,0.08,-0.08,0.0984833336,0.4,0.12,0.3,0.3,0.08,-0.12,0.2,0.12,-0.3,0.08,0.3
2253,53683517,1.22916293,2.68338943,-1.55409503,2.08886719,4.027596,1.82198083,-2.14489412,-7.74601603,-134.807693,-11.8248854,6.57444334,-4.52259254,0.0983330345,0.12,-0.4,0.2,0.12,0.12,0.3,0.3,-0.3,-0.3,0.08,-0.08,0.0983330345,0.4,0.12,0.3,0.3,0.08,-0.12,0.2,0.12,-0.3,0.08,0.3
2254,53701219,1.22837973,2.68298316,-1.5527041,2.08990121,4.02640581,1.82173932,-2.14232183,-7.74805927,-134.804001,-11.8242855,6.57499409,-4.52245045,0.0982703781,0.12,-0.4,0.2,0.12,0.12,0.3,0.3,-0.3,-0.3,0.08,-0.08,0.0982703781,0.4,0.12,0.3,0.3,0.08,-0.12,0.2,0.12,-0.3,0.08,0.3
2255,53723511,1.22930741,2.68235683,-1.54968035,2.0913918,4.02469158,1.82174468,-2.13777113,-7.75162601,-134.799606,-11.8236427,6.57632542,-4.52201605,0.098344593,0.12,-0.4,0.2,0.12,0.12,0.3,0.3,-0.3,-0.3,0.08,-0.08,0.098344593,0.4,0.12,0.3,0.3,0.08,-0.12,0.2,0.12,-0.3,0.08,0.3
2256,53742717,1.23212802,2.68159461,-1.54545844,2.09308743,4.02280378,1.82200718,-2.13172889,-7.75620461,-134.794449,-11.8230238,6.57838583,-4.5213356,0.0985702419,0.12,-0.4,0.2,0.12,0.12,0.3,0.3,-0.3,-0.3,0.08,-0.08,0.0985702419,0.4,0.12,0.3,0.3,0.08,-0.12,0.2,0.12,-0.3,0.08,0.3
2257,53761334,1.23644149,2.68060756,-1.54070199,2.09459019,4.02072334,1.82251561,-2.12495637,-7.76100874,-134.788818,-11.822401,6.58100224,-4.52056026,0.0989153194,0.12,-0.4,0.2,0.12,0.12,0.3,0.3,-0.3,-0.3,0.08,-0.08,0.0989153194,0.4,0.12,0.3,0.3,0.08,-0.12,0.2,0.12,-0.3,0.08,0.3
2258,53783664,1.242607,2.67956901,-1.53455508,2.09625292,4.01836491,1.82327473,-2.11674094,-7.76673937,-134.782822,-11.8218298,6.58440971,-4.51950455,0.0994085598,0.12,-0.4,0.2,0.12,0.12,0.3,0.3,-0.3,-0.3,0.08,-0.08,0.0994085598,0.4,0.12,0.3,0.3,0.08,-0.12,0.2,0.12,-0.3,0.08,0.3
2259,53801339,1.25056171,2.67852497,-1.52760315,2.09793711,4.0160408,1.82434797,-2.10775995,-7.77299452,-134.77684,-11.8213663,6.58858156,-4.51824093,0.100044937,0.12,-0.4,0.2,0.12,0.12,0.3,0.3,-0.3,-0.3,0.08,-0.08,0.100044937,0.4,0.12,0.3,0.3,0.08,-0.12,0.2,0.12,-0.3,0.08,0.3
2260,53826457,1.2594353,2.67741108,-1.52135384,2.09887838,4.01434183,1.82570362,-2.09979916,-7.77815723,-134.771286,-11.821166,6.592834,-4.51719284,0.100754824,0.12,-0.4,0.2,0.12,0.12,0.3,0.3,-0.3,-0.3,0.08,-0.08,0.100754824,0.4,0.12,0.3,0.3,0.08,-0.12,0.2,0.12,-0.3,0.08,0.3
2261,53839705,1.2690202,2.67636704,-1.51503932,2.09930944,4.01292086,1.82721055,-2.0924046,-7.78275394,-134.766342,-11.8212595,6.59724569,-4.51617813,0.101521616,0.12,-0.4,0.2,0.12,0.12,0.3,0.3,-0.3,-0.3,0.08,-0.08,0.101521616,0.4,0.12,0.3,0.3,0.08,-0.12,0.2,0.12,-0.3,0.08,0.3
2262,53861340,1.27877498,2.6754601,-1.50934947,2.09926128,4.01192331,1.8287698,-2.08618569,-7.78641605,-134.762329,-11.821578,6.60163355,-4.51522923,0.102301998,0.12,-0.4,0.2,0.12,0.12,0.3,0.3,-0.3,-0.3,0.08,-0.08,0.102301998,0.4,0.12,0.3,0.3,0.08,-0.12,0.2,0.12,-0.3,0.08,0.3
2263,53884219,1.28716373,2.67472363,-1.50604475,2.0988729,4.01219893,1.83019841,-2.08308482,-7.78754139,-134.759415,-11.8223457,6.60470581,-4.51481581,0.102973099,0.12,-0.4,0.2,0.12,0.12,0.3,0.3,-0.3,-0.3,0.08,-0.08,0.102973099,0.4,0.12,0.3,0.3,0.08,-0.12,0.2,0.12,-0.3,0.08,0.3
2264,53900062,1.29443169,2.67431617,-1.5033778,2.09782696,4.01277256,1.83161807,-2.08165455,-7.78764105,-134.757797,-11.8233461,6.60731745,-4.51451731,0.103554535,0.12,-0.4,0.2,0.12,0.12,0.3,0.3,-0.3,-0.3,0.08,-0.08,0.103554535,0.4,0.12,0.3,0.3,0.08,-0.12,0.2,0.12,-0.3,0.08,0.3
2265,53922559,1.30061615,2.67389011,-1.50122416,2.09627533,4.01348543,1.83295083,-2.08122277,-7.78712511,-134.757416,-11.8244629,6.60972977,-4.51444101,0.104049292,0.12,-0.4,0.2,0.12,0.12,0.3,0.3,-0.3,-0.3,0.08,-0.08,0.104049292,0.4,0.12,0.3,0.3,0.08,-0.12,0.2,0.12,-0.3,0.08,0.3
2266,53940348,1.30553865,2.67354965,-1.50005198,2.09461093,4.01399755,1.83403945,-2.08204269,-7.78606462,-134.757965,-11.825243,6.61199665,-4.51429224,0.104443092,0.12,-0.4,0.2,0.12,0.12,0.3,0.3,-0.3,-0.3,0.08,-0.08,0.104443092,0.4,0.12,0.3,0.3,0.08,-0.12,0.2,0.12,-0.3,0.08,0.3
2267,53962227,1.30883253,2.67330217,-1.50075996,2.09231472,4.01530552,1.8349632,-2.08508992,-7.78317213,-134.759766,-11.8261404,6.61323357,-4.51459694,0.104706602,0.12,-0.4,0.2,0.12,0.12,0.3,0.3,-0.3,-0.3,0.08,-0.08,0.104706602,0.4,0.12,0.3,0.3,0.08,-0.12,0.2,0.12,-0.3,0.08,0.3
2268,53983327,1.31005096,2.67337298,-1.50293243,2.09009981,4.01755095,1.83540857,-2.08997369,-7.77875042,-134.76297,-11.8272772,6.61338091,-4.5153203,0.104804077,0.12,-0.4,0.2,0.12,0.12,0.3,0.3,-0.3,-0.3,0.08,-0.08,0.104804077,0.4,0.12,0.3,0.3,0.08,-0.12,0.2,0.12,-0.3,0.08,0.3
2269,54005339,1.30979872,2.67366552,-1.50515771,2.08770847,4.01952457,1.83564162,-2.09513807,-7.77432013,-134.76709,-11.8282614,6.61337471,-4.51603985,0.104783897,0.12,-0.4,0.2,0.12,0.12,0.3,0.3,-0.3,-0.3,0.08,-0.08,0.104783897,0.4,0.12,0.3,0.3,0.08,-0.12,0.2,0.12,-0.3,0.08,0.3
2270,54025216,1.30817091,2.67361093,-1.5080905,2.08495355,4.02133274,1.83574021,-2.10093498,-7.76942968,-134.771851,-11.8291664,6.61289692,-4.51704264,0.104653673,0.12,-0.4,0.2,0.12,0.12,0.3,0.3,-0.3,-0.3,0.08,-0.08,0.104653673,0.4,0.12,0.3,0.3,0.08,-0.12,0.2,0.12,-0.3,0.08,0.3
2271,54042454,1.30608368,2.67394543,-1.51104343,2.08295751,4.02326441,1.83560932,-2.10673189,-7.76517296,-134.776703,-11.8300209,6.61230946,-4.51783752,0.104486694,0.12,-0.4,0.2,0.12,0.12,0.3,0.3,-0.3,-0.3,0.08,-0.08,0.104486694,0.4,0.12,0.3,0.3,0.08,-0.12,0.2,0.12,-0.3,0.08,0.3
2272,54061933,1.30294538,2.6743238,-1.51456475,2.08107996,4.02477932,1.83524632,-2.1127274,-7.76087904,-134.781662,-11.8305016,6.61194801,-4.51854563,0.10423563,0.12,-0.4,0.2,0.12,0.12,0.3,0.3,-0.3,-0.3,0.08,-0.08,0.10423563,0.4,0.12,0.3,0.3,0.08,-0.12,0.2,0.12,-0.3,0.08,0.3
2273,54083677,1.30028987,2.67465425,-1.51614821,2.07948494,4.02527189,1.83493185,-2.11604333,-7.75858021,-134.786957,-11.8305769,6.61245966,-4.51882029,0.10402319,0.12,-0.4,0.2,0.12,0.12,0.3,0.3,-0.3,-0.3,0.08,-0.08,0.10402319,0.4,0.12,0.3,0.3,0.08,-0.12,0.2,0.12,-0.3,0.08,0.3
2274,54101203,1.29768872,2.67492104,-1.51838326,2.07821751,4.02597427,1.83457863,-2.11952829,-7.75625992,-134.79303,-11.8303556,6.61315536,-4.51905203,0.103815098,0.12,-0.4,0.2,0.12,0.12,0.3,0.3,-0.3,-0.3,0.08,-0.08,0.103815098,0.4,0.12,0.3,0.3,0.08,-0.12,0.2,0.12,-0.3,0.08,0.3
2275,54126040,1.29584014,2.67546415,-1.51918185,2.07801795,4.02599239,1.83419192,-2.1209991,-7.75580168,-134.799057,-11.8297758,6.61474848,-4.51879025,0.103667212,0.12,-0.4,0.2,0.12,0.12,0.3,0.3,-0.3,-0.3,0.08,-0.08,0.103667212,0.4,0.12,0.3,0.3,0.08,-0.12,0.2,0.12,-0.3,0.08,0.3
2276,54141012,1.29478443,2.6755693,-1.51909864,2.07809043,4.02556992,1.83393693,-2.12099338,-7.75630951,-134.804932,-11.8290243,6.61656141,-4.51851368,0.103582754,0.12,-0.4,0.2,0.12,0.12,0.3,0.3,-0.3,-0.3,0.08,-0.08,0.103582754,0.4,0.12,0.3,0.3,0.08,-0.12,0.2,0.12,-0.3,0.08,0.3
2277,54166446,1.29440963,2.67580462,-1.51889074,2.07876825,4.02493095,1.83367908,-2.12034369,-7.75753164,-134.810699,-11.8280649,6.61863518,-4.51797962,0.103552771,0.12,-0.4,0.2,0.12,0.12,0.3,0.3,-0.3,-0.3,0.08,-0.08,0.103552771,0.4,0.12,0.3,0.3,0.08,-0.12,0.2,0.12,-0.3,0.08,0.3
2278,54179993,1.2942872,2.67594004,-1.51844478,2.08004546,4.02432013,1.8334645,-2.11913705,-7.75902033,-134.81601,-11.8270826,6.62034082,-4.51744938,0.103542976,0.12,-0.4,0.2,0.12,0.12,0.3,0.3,-0.3,-0.3,0.08,-0.08,0.103542976,0.4,0.12,0.3,0.3,0.08,-0.12,0.2,0.12,-0.3,0.08,0.3
2279,54203219,1.29471254,2.67600751,-1.5173955,2.08166027,4.02324915,1.83336604,-2.11700726,-7.76139355,-134.821091,-11.8259411,6.62184477,-4.5167923,0.103577003,0.12,-0.4,0.2,0.12,0.12,0.3,0.3,-0.3,-0.3,0.08,-0.08,0.103577003,0.4,0.12,0.3,0.3,0.08,-0.12,0.2,0.12,-0.3,0.08,0.3
2280,54225795,1.29580343,2.67603016,-1.51584923,2.08345032,4.0221014,1.83340108,-2.11412144,-7.76441908,-134.82579,-11.8248386,6.62326765,-4.51607847,0.103664274,0.12,-0.4,0.2,0.12,0.12,0.3,0.3,-0.3,-0.3,0.08,-0.08,0.103664274,0.4,0.12,0.3,0.3,0.08,-0.12,0.2,0.12,-0.3,0.08,0.3
2281,54239636,1.29751134,2.67609239,-1.51399815,2.0854845,4.02067995,1.83345628,-2.11069155,-7.76799393,-134.829987,-11.8236647,6.62452364,-4.51515245,0.103800907,0.12,-0.4,0.2,0.12,0.12,0.3,0.3,-0.3,-0.3,0.08,-0.08,0.103800907,0.4,0.12,0.3,0.3,0.08,-0.12,0.2,0.12,-0.3,0.08,0.3
2282,54278681,1.29970276,2.67637801,-1.51209486,2.08787203,4.01911688,1.83349872,-2.10695577,-7.77195311,-134.833862,-11.8225079,6.62557268,-4.51401281,0.103976221,0.12,-0.4,0.2,0.12,0.12,0.3,0.3,-0.3,-0.3,0.08,-0.08,0.103976221,0.4,0.12,0.3,0.3,0.08,-0.12,0.2,0.12,-0.3,0.08,0.3
2283,54282597,1.302176,2.67684579,-1.51039934,2.09013772,4.01795864,1.83355546,-2.10336089,-7.77558947,-134.837753,-11.8215752,6.62620592,-4.51289892,0.10417408,0.12,-0.4,0.2,0.12,0.12,0.3,0.3,-0.3,-0.3,0.08,-0.08,0.10417408,0.4,0.12,0.3,0.3,0.08,-0.12,0.2,0.12,-0.3,0.08,0.3
2284,54306902,1.30496597,2.67750692,-1.50837946,2.09233594,4.01680183,1.83366024,-2.09953833,-7.77943754,-134.841751,-11.8208208,6.62684155,-4.51168013,0.104397278,0.12,-0.4,0.2,0.12,0.12,0.3,0.3,-0.3,-0.3,0.08,-0.08,0.104397278,0.4,0.12,0.3,0.3,0.08,-0.12,0.2,0.12,-0.3,0.08,0.3
2285,54327870,1.30781829,2.67803478,-1.5063622,2.09426641,4.01545477,1.83381152,-2.09570909,-7.7832098,-134.845764,-11.8200598,6.62750483,-4.5104847,0.104625463,0.12,-0.4,0.2,0.12,0.12,0.3,0.3,-0.3,-0.3,0.08,-0.08,0.104625463,0.4,0.12,0.3,0.3,0.08,-0.12,0.2,0.12,-0.3,0.08,0.3
2286,54340719,1.31083417,2.67859769,-1.50449717,2.09602737,4.0143714,1.83398867,-2.09218335,-7.78669977,-134.849716,-11.8195047,6.62782288,-4.50936651,0.104866734,0.12,-0.4,0.2,0.12,0.12,0.3,0.3,-0.3,-0.3,0.08,-0.08,0.104866734,0.4,0.12,0.3,0.3,0.08,-0.12,0.2,0.12,-0.3,0.08,0.3
2287,54361783,1.31369305,2.67933464,-1.50299811,2.09761715,4.01345968,1.83411479,-2.08924603,-7.78975821,-134.853928,-11.8190832,6.62814522,-4.50822783,0.105095444,0.12,-0.4,0.2,0.12,0.12,0.3,0.3,-0.3,-0.3,0.08,-0.08,0.105095444,0.4,0.12,0.3,0.3,0.08,-0.12,0.2,0.12,-0.3,0.08,0.3
2288,54391167,1.31598186,2.68006778,-1.50229633,2.09844494,4.01271439,1.83421278,-2.08727837,-7.79176903,-134.858612,-11.8185711,6.62824488,-4.50724411,0.105278549,0.12,-0.4,0.2,0.12,0.12,0.3,0.3,-0.3,-0.3,0.08,-0.08,0.105278549,0.4,0.12,0.3,0.3,0.08,-0.12,0.2,0.12,-0.3,0.08,0.3
2289,54405419,1.31774092,2.68076611,-1.50204015,2.0987792,4.01238203,1.83429027,-2.08618379,-7.79289532,-134.864059,-11.8182783,6.62783098,-4.50650692,0.105419273,0.12,-0.4,0.2,0.12,0.12,0.3,0.3,-0.3,-0.3,0.08,-0.08,0.105419273,0.4,0.12,0.3,0.3,0.08,-0.12,0.2,0.12,-0.3,0.08,0.3
2290,54421770,1.31875658,2.6816442,-1.50256157,2.09876513,4.01249981,1.83423734,-2.08631754,-7.79311514,-134.870224,-11.8180676,6.62722301,-4.50590134,0.105500526,0.12,-0.4,0.2,0.12,0.12,0.3,0.3,-0.3,-0.3,0.08,-0.08,0.105500526,0.4,0.12,0.3,0.3,0.08,-0.12,0.2,0.12,-0.3,0.08,0.3
2291,54441497,1.31877279,2.68257689,-1.50374067,2.0985229,4.01270103,1.83404231,-2.0873487,-7.7926507,-134.876846,-11.8178568,6.62623644,-4.50540638,0.105501823,0.12,-0.4,0.2,0.12,0.12,0.3,0.3,-0.3,-0.3,0.08,-0.08,0.105501823,0.4,0.12,0.3,0.3,0.08,-0.12,0.2,0.12,-0.3,0.08,0.3
2292,54460255,1.31778896,2.68339753,-1.50565135,2.09765744,4.01323986,1.83376336,-2.08953881,-7.79107189,-134.884018,-11.8177662,6.62482882,-4.5052104,0.105423117,0.12,-0.4,0.2,0.12,0.12,0.3,0.3,-0.3,-0.3,0.08,-0.08,0.105423117,0.4,0.12,0.3,0.3,0.08,-0.12,0.2,0.12,-0.3,0.08,0.3
2293,54482907,1.31574357,2.68437696,-1.50831389,2.09678102,4.01421309,1.83329225,-2.09276319,-7.78872442,-134.891632,-11.8177767,6.62301159,-4.50522184,0.105259485,0.12,-0.4,0.2,0.12,0.12,0.3,0.3,-0.3,-0.3,0.08,-0.08,0.105259485,0.4,0.12,0.3,0.3,0.08,-0.12,0.2,0.12,-0.3,0.08,0.3
2294,54501949,1.3128134,2.68527627,-1.51113164,2.09572244,4.01518965,1.83274281,-2.09630156,-7.78609657,-134.899628,-11.81779,6.6210022,-4.50538492,0.105025072,0.12,-0.4,0.2,0.12,0.12,0.3,0.3,-0.3,-0.3,0.08,-0.08,0.105025072,0.4,0.12,0.3,0.3,0.08,-0.12,0.2,0.12,-0.3,0.08,0.3
2295,54521775,1.3093282,2.68603396,-1.51388109,2.09460354,4.01602793,1.83212245,-2.09981847,-7.78349161,-134.907654,-11.8177595,6.61914015,-4.50565481,0.104746256,0.12,-0.4,0.2,0.12,0.12,0.3,0.3,-0.3,-0.3,0.08,-0.08,0.104746256,0.4,0.12,0.3,0.3,0.08,-0.12,0.2,0.12,-0.3,0.08,0.3
2296,54540516,1.30588508,2.68651342,-1.51588702,2.09354281,4.01653099,1.83152962,-2.10250473,-7.7814436,-134.915207,-11.8176584,6.61771202,-4.50595808,0.104470806,0.12,-0.4,0.2,0.12,0.12,0.3,0.3,-0.3,-0.3,0.08,-0.08,0.104470806,0.4,0.12,0.3,0.3,0.08,-0.12,0.2,0.12,-0.3,0.08,0.3
2297,54565786,1.30256927,2.68678927,-1.51782465,2.09265804,4.01702261,1.83096242,-2.10491061,-7.77957153,-134.92247,-11.8175516,6.61647558,-4.50634623,0.104205542,0.12,-0.4,0.2,0.12,0.12,0.3,0.3,-0.3,-0.3,0.08,-0.08,0.104205542,0.4,0.12,0.3,0.3,0.08,-0.12,0.2,0.12,-0.3,0.08,0.3
2298,54578698,1.29935181,2.68681216,-1.51957166,2.09162474,4.01739454,1.83042836,-2.10699964,-7.77763939,-134.929245,-11.8172979,6.61562061,-4.50683165,0.103948145,0.12,-0.4,0.2,0.12,0.12,0.3,0.3,-0.3,-0.3,0.08,-0.08,0.103948145,0.4,0.12,0.3,0.3,0.08,-0.12,0.2,0.12,-0.3,0.08,0.3
2299,54605161,1.29651546,2.68649054,-1.52064419,2.09067369,4.01741552,1.83003783,-2.10829639,-7.77620173,-134.935455,-11.8168869,6.6150465,-4.50735569,0.103721237,0.12,-0.4,0.2,0.12,0.12,0.3,0.3,-0.3,-0.3,0.08,-0.08,0.103721237,0.4,0.12,0.3,0.3,0.08,-0.12,0.2,0.12,-0.3,0.08,0.3
2300,54624956,1.2943207,2.68580031,-1.52109885,2.08964896,4.01728249,1.82980812,-2.10888577,-7.77511406,-134.941055,-11.8163776,6.61485338,-4.50794268,0.103545656,0.12,-0.4,0.2,0.12,0.12,0.3,0.3,-0.3,-0.3,0.08,-0.08,0.103545656,0.4,0.12,0.3,0.3,0.08,-0.12,0.2,0.12,-0.3,0.08,0.3
2301,54643837,1.29276073,2.6850121,-1.52126408,2.08883381,4.01708841,1.82966924,-2.10911465,-7.77434826,-134.945892,-11.8157806,6.61489487,-4.50845671,0.103420858,0.12,-0.4,0.2,0.12,0.12,0.3,0.3,-0.3,-0.3,0.08,-0.08,0.103420858,0.4,0.12,0.3,0.3,0.08,-0.12,0.2,0.12,-0.3,0.08,0.3
2302,54666017,1.29190183,2.68396735,-1.52076828,2.08799386,4.01660728,1.82968044,-2.10860038,-7.77396631,-134.950027,-11.8151026,6.61527681,-4.50892162,0.103352146,0.12,-0.4,0.2,0.12,0.12,0.3,0.3,-0.3,-0.3,0.08,-0.08,0.103352146,0.4,0.12,0.3,0.3,0.08,-0.12,0.2,0.12,-0.3,0.08,0.3
2303,54687457,1.29130888,2.68278027,-1.5206238,2.0872643,4.01661396,1.82973552,-2.10848308,-7.77299881,-134.953339,-11.8146229,6.61531067,-4.50964022,0.10330471,0.12,-0.4,0.2,0.12,0.12,0.3,0.3,-0.3,-0.3,0.08,-0.08,0.10330471,0.4,0.12,0.3,0.3,0.08,-0.12,0.2,0.12,-0.3,0.08,0.3
2304,54705150,1.29151821,2.68170476,-1.5194999,2.08692241,4.0163455,1.82994473,-2.10744905,-7.77298069,-134.956055,-11.8142262,6.61561966,-4.51011467,0.103321457,0.12,-0.4,0.2,0.12,0.12,0.3,0.3,-0.3,-0.3,0.08,-0.08,0.103321457,0.4,0.12,0.3,0.3,0.08,-0.12,0.2,0.12,-0.3,0.08,0.3
2305,54718107,1.29259539,2.68062067,-1.51787686,2.0868268,4.01594162,1.83030009,-2.10577655,-7.77364397,-134.95813,-11.8138857,6.61637831,-4.51042938,0.103407631,0.12,-0.4,0.2,0.12,0.12,0.3,0.3,-0.3,-0.3,0.08,-0.08,0.103407631,0.4,0.12,0.3,0.3,0.08,-0.12,0.2,0.12,-0.3,0.08,0.3
2306,54743399,1.29474902,2.6795013,-1.51557207,2.08670354,4.01542187,1.83080363,-2.10336828,-7.7748127,-134.959213,-11.8137035,6.61757565,-4.51063824,0.103579922,0.12,-0.4,0.2,0.12,0.12,0.3,0.3,-0.3,-0.3,0.08,-0.08,0.103579922,0.4,0.12,0.3,0.3,0.08,-0.12,0.2,0.12,-0.3,0.08,0.3
2307,54761935,1.29762435,2.67852783,-1.51346481,2.08666253,4.01515007,1.83138692,-2.10117483,-7.77587843,-134.959961,-11.8138199,6.6188879,-4.51078081,0.103809948,0.12,-0.4,0.2,0.12,0.12,0.3,0.3,-0.3,-0.3,0.08,-0.08,0.103809948,0.4,0.12,0.3,0.3,0.08,-0.12,0.2,0.12,-0.3,0.08,0.3
2308,54784084,1.30113578,2.67786622,-1.51129317,2.08648086,4.01502228,1.83199656,-2.09896255,-7.77692556,-134.960754,-11.8140631,6.62055206,-4.51073456,0.104090862,0.12,-0.4,0.2,0.12,0.12,0.3,0.3,-0.3,-0.3,0.08,-0.08,0.104090862,0.4,0.12,0.3,0.3,0.08,-0.12,0.2,0.12,-0.3,0.08,0.3
2309,54803501,1.30489659,2.67730379,-1.50928783,2.08603311,4.01510859,1.83268952,-2.0971694,-7.77760124,-134.961731,-11.8144913,6.62236261,-4.51069212,0.104391727,0.12,-0.4,0.2,0.12,0.12,0.3,0.3,-0.3,-0.3,0.08,-0.08,0.104391727,0.4,0.12,0.3,0.3,0.08,-0.12,0.2,0.12,-0.3,0.08,0.3
2310,54827399,1.30865979,2.67683792,-1.50760007,2.08537602,4.01541615,1.833413,-2.09597588,-7.77785683,-134.963104,-11.8150864,6.62421656,-4.5106883,0.104692783,0.12,-0.4,0.2,0.12,0.12,0.3,0.3,-0.3,-0.3,0.08,-0.08,0.104692783,0.4,0.12,0.3,0.3,0.08,-0.12,0.2,0.12,-0.3,0.08,0.3
2311,54838871,1.31233454,2.67665768,-1.50628781,2.08473539,4.01609755,1.83408844,-2.09549212,-7.77777624,-134.96489,-11.815917,6.62594461,-4.51064444,0.104986763,0.12,-0.4,0.2,0.12,0.12,0.3,0.3,-0.3,-0.3,0.08,-0.08,0.104986763,0.4,0.12,0.3,0.3,0.08,-0.12,0.2,0.12,-0.3,0.08,0.3
2312,54865117,1.31533194,2.67667365,-1.50594938,2.08370233,4.01712608,1.83466482,-2.09629869,-7.77672529,-134.967331,-11.8168983,6.62746096,-4.51070452,0.105226555,0.12,-0.4,0.2,0.12,0.12,0.3,0.3,-0.3,-0.3,0.08,-0.08,0.105226555,0.4,0.12,0.3,0.3,0.08,-0.12,0.2,0.12,-0.3,0.08,0.3
2313,54879086,1.31735337,2.67690492,-1.50651586,2.08254528,4.01861858,1.83507597,-2.09834194,-7.77469921,-134.970413,-11.8181114,6.62837505,-4.51094437,0.105388269,0.12,-0.4,0.2,0.12,0.12,0.3,0.3,-0.3,-0.3,0.08,-0.08,0.105388269,0.4,0.12,0.3,0.3,0.08,-0.12,0.2,0.12,-0.3,0.08,0.3
2314,54902981,1.31853473,2.67743587,-1.50756812,2.08141208,4.02028275,1.83533692,-2.101197,-7.7723527,-134.974289,-11.8194265,6.629004,-4.5111599,0.105482779,0.12,-0.4,0.2,0.12,0.12,0.3,0.3,-0.3,-0.3,0.08,-0.08,0.105482779,0.4,0.12,0.3,0.3,0.08,-0.12,0.2,0.12,-0.3,0.08,0.3
2315,54921855,1.31861389,2.67830634,-1.5095762,2.08039546,4.02214718,1.83540404,-2.10509109,-7.76959705,-134.978882,-11.8207293,6.6293292,-4.51136732,0.105489111,0.12,-0.4,0.2,0.12,0.12,0.3,0.3,-0.3,-0.3,0.08,-0.08,0.105489111,0.4,0.12,0.3,0.3,0.08,-0.12,0.2,0.12,-0.3,0.08,0.3
2316,54938858,1.31788218,2.67924428,-1.51162398,2.07937288,4.02385569,1.83532989,-2.10909343,-7.766891,-134.983765,-11.821991,6.62954807,-4.51157236,0.105430574,0.12,-0.4,0.2,0.12,0.12,0.3,0.3,-0.3,-0.3,0.08,-0.08,0.105430574,0.4,0.12,0.3,0.3,0.08,-0.12,0.2,0.12,-0.3,0.08,0.3
2317,54972463,1.31645024,2.68025374,-1.51391101,2.07854056,4.02549791,1.83509028,-2.11321378,-7.76424742,-134.988922,-11.8232136,6.629673,-4.51179838,0.105316019,0.12,-0.4,0.2,0.12,0.12,0.3,0.3,-0.3,-0.3,0.08,-0.08,0.105316019,0.4,0.12,0.3,0.3,0.08,-0.12,0.2,0.12,-0.3,0.08,0.3
2318,54978472,1.31394207,2.68126583,-1.51710129,2.07775569,4.0273037,1.83465815,-2.11802888,-7.76101923,-134.994446,-11.8243065,6.62930679,-4.51219273,0.105115366,0.12,-0.4,0.2,0.12,0.12,0.3,0.3,-0.3,-0.3,0.08,-0.08,0.105115366,0.4,0.12,0.3,0.3,0.08,-0.12,0.2,0.12,-0.3,0.08,0.3
2319,55001214,1.3106271,2.68224835,-1.52031386,2.07704949,4.02883196,1.83413899,-2.12280178,-7.75792837,-135.000031,-11.8251562,6.62874174,-4.51261902,0.104850168,0.12,-0.4,0.2,0.12,0.12,0.3,0.3,-0.3,-0.3,0.08,-0.08,0.104850168,0.4,0.12,0.3,0.3,0.08,-0.12,0.2,0.12,-0.3,0.08,0.3
2320,55025082,1.30685079,2.68314838,-1.52322805,2.07687283,4.0299592,1.83353555,-2.12690163,-7.75563383,-135.005569,-11.8257084,6.62809038,-4.51298571,0.104548063,0.12,-0.4,0.2,0.12,0.12,0.3,0.3,-0.3,-0.3,0.08,-0.08,0.104548063,0.4,0.12,0.3,0.3,0.08,-0.12,0.2,0.12,-0.3,0.08,0.3
2321,55039421,1.30288315,2.68378758,-1.52583408,2.07672024,4.03072834,1.83290613,-2.13035607,-7.75375128,-135.010529,-11.8259678,6.62744331,-4.51337337,0.104230652,0.12,-0.4,0.2,0.12,0.12,0.3,0.3,-0.3,-0.3,0.08,-0.08,0.104230652,0.4,0.12,0.3,0.3,0.08,-0.12,0.2,0.12,-0.3,0.08,0.3
2322,55078528,1.29877174,2.68419075,-1.52825701,2.07680559,4.03109407,1.83226538,-2.13322759,-7.75229263,-135.014862,-11.8259716,6.62666035,-4.51376772,0.103901739,0.12,-0.4,0.2,0.12,0.12,0.3,0.3,-0.3,-0.3,0.08,-0.08,0.103901739,0.4,0.12,0.3,0.3,0.08,-0.12,0.2,0.12,-0.3,0.08,0.3
2323,55082511,1.29474688,2.68421841,-1.53014231,2.07695007,4.03103352,1.83164918,-2.1351428,-7.75128174,-135.018539,-11.8256083,6.62586403,-4.51419306,0.10357975,0.12,-0.4,0.2,0.12,0.12,0.3,0.3,-0.3,-0.3,0.08,-0.08,0.10357975,0.4,0.12,0.3,0.3,0.08,-0.12,0.2,0.12,-0.3,0.08,0.3
2324,55099664,1.29097533,2.68407917,-1.53158653,2.07755494,4.03058386,1.83109438,-2.13619781,-7.75103617,-135.021454,-11.8248549,6.62498331,-4.51451635,0.103278027,0.12,-0.4,0.2,0.12,0.12,0.3,0.3,-0.3,-0.3,0.08,-0.08,0.103278027,0.4,0.12,0.3,0.3,0.08,-0.12,0.2,0.12,-0.3,0.08,0.3
2325,55122664,1.28748167,2.68357491,-1.53271115,2.07809496,4.02988482,1.8306582,-2.13658595,-7.75108433,-135.023605,-11.8238287,6.6239686,-4.51490974,0.102998533,0.12,-0.4,0.2,0.12,0.12,0.3,0.3,-0.3,-0.3,0.08,-0.08,0.102998533,0.4,0.12,0.3,0.3,0.08,-0.12,0.2,0.12,-0.3,0.08,0.3
2326,55140006,1.28462946,2.68302369,-1.53307724,2.07911205,4.0287075,1.83025503,-2.13589621,-7.7520895,-135.024719,-11.8225031,6.62300396,-4.51505518,0.102770357,0.12,-0.4,0.2,0.12,0.12,0.3,0.3,-0.3,-0.3,0.08,-0.08,0.102770357,0.4,0.12,0.3,0.3,0.08,-0.12,0.2,0.12,-0.3,0.08,0.3
2327,55164741,1.28222156,2.68228984,-1.53335893,2.08014703,4.02730703,1.82992852,-2.13478518,-7.75328398,-135.024872,-11.8209467,6.62185574,-4.51514864,0.102577724,0.12,-0.4,0.2,0.12,0.12,0.3,0.3,-0.3,-0.3,0.08,-0.08,0.102577724,0.4,0.12,0.3,0.3,0.08,-0.12,0.2,0.12,-0.3,0.08,0.3
2328,55180421,1.28023648,2.68154335,-1.53348076,2.08125734,4.02604342,1.82963991,-2.13338089,-7.75449133,-135.024155,-11.8193979,6.62033415,-4.5152483,0.102418919,0.12,-0.4,0.2,0.12,0.12,0.3,0.3,-0.3,-0.3,0.08,-0.08,0.102418919,0.4,0.12,0.3,0.3,0.08,-0.12,0.2,0.12,-0.3,0.08,0.3
2329,55202052,1.2787987,2.68075371,-1.53305125,2.08232689,4.02468157,1.82946086,-2.13139844,-7.7560544,-135.02272,-11.8178482,6.6187644,-4.51529646,0.102303896,0.12,-0.4,0.2,0.12,0.12,0.3,0.3,-0.3,-0.3,0.08,-0.08,0.102303896,0.4,0.12,0.3,0.3,0.08,-0.12,0.2,0.12,-0.3,0.08,0.3
2330,55227651,1.27790534,2.67992091,-1.53226471,2.08350539,4.02321625,1.82933128,-2.12887931,-7.75799799,-135.020569,-11.81635,6.61715174,-4.51527691,0.102232428,0.12,-0.4,0.2,0.12,0.12,0.3,0.3,-0.3,-0.3,0.08,-0.08,0.102232428,0.4,0.12,0.3,0.3,0.08,-0.12,0.2,0.12,-0.3,0.08,0.3
2331,55241319,1.27743387,2.67917657,-1.53161299,2.0846169,4.02181959,1.82923663,-2.12653136,-7.75983143,-135.017639,-11.8149023,6.61541462,-4.51516676,0.10219471,0.12,-0.4,0.2,0.12,0.12,0.3,0.3,-0.3,-0.3,0.08,-0.08,0.10219471,0.4,0.12,0.3,0.3,0.08,-0.12,0.2,0.12,-0.3,0.08,0.3
2332,55262040,1.2773701,2.67860389,-1.53091085,2.08569384,4.02053547,1.82917953,-2.12423921,-7.76160288,-135.014114,-11.8136444,6.61365366,-4.51499224,0.102189608,0.12,-0.4,0.2,0.12,0.12,0.3,0.3,-0.3,-0.3,0.08,-0.08,0.102189608,0.4,0.12,0.3,0.3,0.08,-0.12,0.2,0.12,-0.3,0.08,0.3
2333,55278804,1.27691233,2.67819214,-1.53120875,2.08676648,4.02000952,1.82903659,-2.12311697,-7.76231337,-135.010147,-11.8127317,6.61116695,-4.51507235,0.102152987,0.12,-0.4,0.2,0.12,0.12,0.3,0.3,-0.3,-0.3,0.08,-0.08,0.102152987,0.4,0.12,0.3,0.3,0.08,-0.12,0.2,0.12,-0.3,0.08,0.3
2334,55301457,1.27620339,2.67806649,-1.53161955,2.08766675,4.01968098,1.82890403,-2.12246561,-7.76278353,-135.005905,-11.812129,6.6083889,-4.5151515,0.102096272,0.12,-0.4,0.2,0.12,0.12,0.3,0.3,-0.3,-0.3,0.08,-0.08,0.102096272,0.4,0.12,0.3,0.3,0.08,-0.12,0.2,0.12,-0.3,0.08,0.3
2335,55322274,1.27534592,2.67796516,-1.53202498,2.08827305,4.01949835,1.82878327,-2.1220386,-7.76308203,-135.001358,-11.8118467,6.60555744,-4.51534128,0.102027674,0.12,-0.4,0.2,0.12,0.12,0.3,0.3,-0.3,-0.3,0.08,-0.08,0.102027674,0.4,0.12,0.3,0.3,0.08,-0.12,0.2,0.12,-0.3,0.08,0.3
2336,55340208,1.27451718,2.67811918,-1.53256011,2.08898067,4.0195117,1.82857275,-2.12190461,-7.76337767,-134.996414,-11.8118792,6.60266829,-4.5154624,0.101961374,0.12,-0.4,0.2,0.12,0.12,0.3,0.3,-0.3,-0.3,0.08,-0.08,0.101961374,0.4,0.12,0.3,0.3,0.08,-0.12,0.2,0.12,-0.3,0.08,0.3
2337,55374844,1.27347863,2.67857504,-1.53349423,2.08966064,4.01976633,1.8282814,-2.12232971,-7.76333952,-134.991241,-11.8122444,6.59987974,-4.51553631,0.10187829,0.12,-0.4,0.2,0.12,0.12,0.3,0.3,-0.3,-0.3,0.08,-0.08,0.10187829,0.4,0.12,0.3,0.3,0.08,-0.12,0.2,0.12,-0.3,0.08,0.3
2338,55379435,1.27213812,2.67915225,-1.53467882,2.09007192,4.02015305,1.82793045,-2.12310648,-7.76288891,-134.985992,-11.812768,6.59727192,-4.51565409,0.101771049,0.12,-0.4,0.2,0.12,0.12,0.3,0.3,-0.3,-0.3,0.08,-0.08,0.101771049,0.4,0.12,0.3,0.3,0.08,-0.12,0.2,0.12,-0.3,0.08,0.3
2339,55403606,1.27070355,2.67970014,-1.53574419,2.09016156,4.02080011,1.82764816,-2.12402081,-7.7621789,-134.980911,-11.8135986,6.59480333,-4.51593876,0.101656284,0.12,-0.4,0.2,0.12,0.12,0.3,0.3,-0.3,-0.3,0.08,-0.08,0.101656284,0.4,0.12,0.3,0.3,0.08,-0.12,0.2,0.12,-0.3,0.08,0.3
2340,55421871,1.26918018,2.68030977,-1.53678787,2.09029245,4.0215292,1.8273294,-2.12503982,-7.7615118,-134.975967,-11.8145914,6.59273911,-4.51622343,0.101534414,0.12,-0.4,0.2,0.12,0.12,0.3,0.3,-0.3,-0.3,0.08,-0.08,0.101534414,0.4,0.12,0.3,0.3,0.08,-0.12,0.2,0.12,-0.3,0.08,0.3
2341,55441663,1.26751101,2.68090701,-1.53795695,2.09033012,4.02220821,1.8269794,-2.12626338,-7.76069975,-134.970688,-11.8155832,6.5909481,-4.51649904,0.101400881,0.12,-0.4,0.2,0.12,0.12,0.3,0.3,-0.3,-0.3,0.08,-0.08,0.101400881,0.4,0.12,0.3,0.3,0.08,-0.12,0.2,0.12,-0.3,0.08,0.3
2342,55463837,1.26567733,2.68138885,-1.53929472,2.0900774,4.02299261,1.82665491,-2.12784076,-7.75946808,-134.965408,-11.8167343,6.58926392,-4.51692104,0.101254187,0.12,-0.4,0.2,0.12,0.12,0.3,0.3,-0.3,-0.3,0.08,-0.08,0.101254187,0.4,0.12,0.3,0.3,0.08,-0.12,0.2,0.12,-0.3,0.08,0.3
2343,55481753,1.26314294,2.6818397,-1.54149079,2.08970404,4.02446079,1.82623482,-2.13054729,-7.75707912,-134.960037,-11.8181038,6.58722878,-4.51770782,0.101051435,0.12,-0.4,0.2,0.12,0.12,0.3,0.3,-0.3,-0.3,0.08,-0.08,0.101051435,0.4,0.12,0.3,0.3,0.08,-0.12,0.2,0.12,-0.3,0.08,0.3
2344,55501279,1.26020205,2.68217421,-1.54326367,2.08927512,4.0254612,1.82585549,-2.13302255,-7.75498486,-134.954529,-11.8193197,6.58539963,-4.51844788,0.100816164,0.12,-0.4,0.2,0.12,0.12,0.3,0.3,-0.3,-0.3,0.08,-0.08,0.100816164,0.4,0.12,0.3,0.3,0.08,-0.12,0.2,0.12,-0.3,0.08,0.3
2345,55520614,1.25724387,2.68209147,-1.54459584,2.08866596,4.02627087,1.82559574,-2.13503718,-7.75314999,-134.948639,-11.820466,6.58379173,-4.51935244,0.10057951,0.12,-0.4,0.2,0.12,0.12,0.3,0.3,-0.3,-0.3,0.08,-0.08,0.10057951,0.4,0.12,0.3,0.3,0.08,-0.12,0.2,0.12,-0.3,0.08,0.3
2346,55541319,1.25444686,2.68184853,-1.54581344,2.08810496,4.02687025,1.82533491,-2.13691854,-7.75153065,-134.942108,-11.8213863,6.58247805,-4.52019739,0.100355749,0.12,-0.4,0.2,0.12,0.12,0.3,0.3,-0.3,-0.3,0.08,-0.08,0.100355749,0.4,0.12,0.3,0.3,0.08,-0.12,0.2,0.12,-0.3,0.08,0.3
2347,55576892,1.25196505,2.6814003,-1.54648197,2.08757877,4.02708673,1.8251462,-2.13808966,-7.75032377,-134.935013,-11.8221312,6.58161116,-4.52097654,0.100157204,0.12,-0.4,0.2,0.12,0.12,0.3,0.3,-0.3,-0.3,0.08,-0.08,0.100157204,0.4,0.12,0.3,0.3,0.08,-0.12,0.2,0.12,-0.3,0.08,0.3
2348,55583089,1.2497673,2.68072867,-1.5469898,2.08706594,4.02731705,1.8249718,-2.13887644,-7.74909639,-134.927567,-11.8227396,6.58083296,-4.52181959,0.0999813843,0.12,-0.4,0.2,0.12,0.12,0.3,0.3,-0.3,-0.3,0.08,-0.08,0.0999813843,0.4,0.12,0.3,0.3,0.08,-0.12,0.2,0.12,-0.3,0.08,0.3
2349,55608395,1.24818635,2.68006516,-1.54673517,2.08691502,4.02708435,1.82492161,-2.13876176,-7.74877214,-134.919861,-11.822979,6.58069706,-4.52235889,0.099854908,0.12,-0.4,0.2,0.12,0.12,0.3,0.3,-0.3,-0.3,0.08,-0.08,0.099854908,0.4,0.12,0.3,0.3,0.08,-0.12,0.2,0.12,-0.3,0.08,0.3
2350,55624449,1.24742508,2.67897391,-1.545632,2.08663726,4.02649593,1.82509196,-2.13757253,-7.74905634,-134.911667,-11.8230085,6.58108616,-4.52290344,0.0997940063,0.12,-0.4,0.2,0.12,0.12,0.3,0.3,-0.3,-0.3,0.08,-0.08,0.0997940063,0.4,0.12,0.3,0.3,0.08,-0.12,0.2,0.12,-0.3,0.08,0.3
2351,55644025,1.2477392,2.677665,-1.54378664,2.08645105,4.02561808,1.82537961,-2.13548541,-7.74997997,-134.902786,-11.822854,6.58194256,-4.52331924,0.0998191357,0.12,-0.4,0.2,0.12,0.12,0.3,0.3,-0.3,-0.3,0.08,-0.08,0.0998191357,0.4,0.12,0.3,0.3,0.08,-0.12,0.2,0.12,-0.3,0.08,0.3
2352,55659418,1.24912155,2.67637086,-1.54133534,2.08655691,4.02460337,1.82576609,-2.13259459,-7.75151682,-134.893509,-11.822648,6.58323097,-4.52351809,0.0999297237,0.12,-0.4,0.2,0.12,0.12,0.3,0.3,-0.3,-0.3,0.08,-0.08,0.0999297237,0.4,0.12,0.3,0.3,0.08,-0.12,0.2,0.12,-0.3,0.08,0.3
2353,55680874,1.25146234,2.6751163,-1.53866649,2.08642578,4.02349663,1.82627916,-2.12931132,-7.75319052,-134.884384,-11.8222828,6.58490658,-4.52350616,0.100116987,0.12,-0.4,0.2,0.12,0.12,0.3,0.3,-0.3,-0.3,0.08,-0.08,0.100116987,0.4,0.12,0.3,0.3,0.08,-0.12,0.2,0.12,-0.3,0.08,0.3
2354,55702656,1.25471771,2.67398167,-1.53554821,2.08641315,4.02227354,1.8269062,-2.12560558,-7.75523138,-134.875519,-11.8217916,6.58711672,-4.5232439,0.100377417,0.12,-0.4,0.2,0.12,0.12,0.3,0.3,-0.3,-0.3,0.08,-0.08,0.100377417,0.4,0.12,0.3,0.3,0.08,-0.12,0.2,0.12,-0.3,0.08,0.3
2355,55728669,1.25861967,2.67284513,-1.53237903,2.08634973,4.02111864,1.82766819,-2.12192321,-7.75726795,-134.86702,-11.8212528,6.58949614,-4.52291536,0.100689573,0.12,-0.4,0.2,0.12,0.12,0.3,0.3,-0.3,-0.3,0.08,-0.08,0.100689573,0.4,0.12,0.3,0.3,0.08,-0.12,0.2,0.12,-0.3,0.08,0.3
2356,55739885,1.26283753,2.67196512,-1.52969277,2.08629298,4.02042913,1.82845449,-2.11890554,-7.75892973,-134.859192,-11.8208675,6.59163809,-4.52258158,0.101027002,0.12,-0.4,0.2,0.12,0.12,0.3,0.3,-0.3,-0.3,0.08,-0.08,0.101027002,0.4,0.12,0.3,0.3,0.08,-0.12,0.2,0.12,-0.3,0.08,0.3
2357,55761795,1.26695931,2.67129922,-1.52735019,2.08604336,4.01982403,1.8291986,-2.11651444,-7.7601943,-134.85202,-11.8205175,6.59378862,-4.52215719,0.101356745,0.12,-0.4,0.2,0.12,0.12,0.3,0.3,-0.3,-0.3,0.08,-0.08,0.101356745,0.4,0.12,0.3,0.3,0.08,-0.12,0.2,0.12,-0.3,0.08,0.3
2358,55780195,1.27035284,2.67085075,-1.52604854,2.08607674,4.01994753,1.82979691,-2.11534333,-7.76051044,-134.845505,-11.8205242,6.59494162,-4.52200556,0.101628227,0.12,-0.4,0.2,0.12,0.12,0.3,0.3,-0.3,-0.3,0.08,-0.08,0.101628227,0.4,0.12,0.3,0.3,0.08,-0.12,0.2,0.12,-0.3,0.08,0.3
2359,55800878,1.27324963,2.6708293,-1.52512562,2.08612823,4.02023888,1.83031762,-2.11493683,-7.76066923,-134.839996,-11.8207512,6.59575081,-4.52175188,0.10185997,0.12,-0.4,0.2,0.12,0.12,0.3,0.3,-0.3,-0.3,0.08,-0.08,0.10185997,0.4,0.12,0.3,0.3,0.08,-0.12,0.2,0.12,-0.3,0.08,0.3
2360,55824945,1.27549982,2.67115879,-1.52487803,2.08619285,4.02084208,1.83074415,-2.11532092,-7.7605567,-134.835266,-11.8211927,6.59624243,-4.52154207,0.102039986,0.12,-0.4,0.2,0.12,0.12,0.3,0.3,-0.3,-0.3,0.08,-0.08,0.102039986,0.4,0.12,0.3,0.3,0.08,-0.12,0.2,0.12,-0.3,0.08,0.3
2361,55844997,1.27727544,2.67169476,-1.52469552,2.08639598,4.02132463,1.83100307,-2.11580467,-7.7606473,-134.831131,-11.8217793,6.59655857,-4.52121925,0.102182035,0.12,-0.4,0.2,0.12,0.12,0.3,0.3,-0.3,-0.3,0.08,-0.08,0.102182035,0.4,0.12,0.3,0.3,0.08,-0.12,0.2,0.12,-0.3,0.08,0.3
2362,55861448,1.27856243,2.6726234,-1.52509749,2.0867157,4.02216482,1.83109105,-2.11687732,-7.76046515,-134.827698,-11.8226738,6.59666061,-4.52089882,0.102284994,0.12,-0.4,0.2,0.12,0.12,0.3,0.3,-0.3,-0.3,0.08,-0.08,0.102284994,0.4,0.12,0.3,0.3,0.08,-0.12,0.2,0.12,-0.3,0.08,0.3
2363,55881242,1.2793591,2.67384148,-1.52568364,2.08707857,4.0229001,1.83101404,-2.11798477,-7.76037931,-134.825272,-11.8235903,6.59684753,-4.5204196,0.102348728,0.12,-0.4,0.2,0.12,0.12,0.3,0.3,-0.3,-0.3,0.08,-0.08,0.102348728,0.4,0.12,0.3,0.3,0.08,-0.12,0.2,0.12,-0.3,0.08,0.3
2364,55900413,1.27963126,2.67522335,-1.52659798,2.08749914,4.02365017,1.83084321,-2.11935973,-7.76021624,-134.823746,-11.8244743,6.59708548,-4.51990747,0.102370501,0.12,-0.4,0.2,0.12,0.12,0.3,0.3,-0.3,-0.3,0.08,-0.08,0.102370501,0.4,0.12,0.3,0.3,0.08,-0.12,0.2,0.12,-0.3,0.08,0.3
2365,55924685,1.27956915,2.67664838,-1.52738404,2.08811617,4.02430296,1.83060813,-2.12047768,-7.76037216,-134.822922,-11.8253689,6.59738159,-4.51938152,0.102365532,0.12,-0.4,0.2,0.12,0.12,0.3,0.3,-0.3,-0.3,0.08,-0.08,0.102365532,0.4,0.12,0.3,0.3,0.08,-0.12,0.2,0.12,-0.3,0.08,0.3
2366,55942678,1.27893782,2.67817259,-1.52874291,2.08882356,4.02502298,1.83025146,-2.12206006,-7.76032686,-134.822739,-11.8261271,6.5975461,-4.51885223,0.102315025,0.12,-0.4,0.2,0.12,0.12,0.3,0.3,-0.3,-0.3,0.08,-0.08,0.102315025,0.4,0.12,0.3,0.3,0.08,-0.12,0.2,0.12,-0.3,0.08,0.3
2367,55961632,1.27791739,2.67962742,-1.52987325,2.08947134,4.02549696,1.82982922,-2.12330103,-7.76042795,-134.823013,-11.8268194,6.59770679,-4.51834679,0.102233391,0.12,-0.4,0.2,0.12,0.12,0.3,0.3,-0.3,-0.3,0.08,-0.08,0.102233391,0.4,0.12,0.3,0.3,0.08,-0.12,0.2,0.12,-0.3,0.08,0.3
2368,55981463,1.27573264,2.68092465,-1.53217578,2.09032249,4.02644014,1.82921362,-2.12564421,-7.75947762,-134.823517,-11.8275232,6.59695053,-4.51823235,0.102058611,0.12,-0.4,0.2,0.12,0.12,0.3,0.3,-0.3,-0.3,0.08,-0.08,0.102058611,0.4,0.12,0.3,0.3,0.08,-0.12,0.2,0.12,-0.3,0.08,0.3
2369,56010712,1.2732532,2.6822412,-1.53367913,2.09141779,4.0268836,1.82861435,-2.12716055,-7.75936556,-134.824066,-11.8280783,6.59612656,-4.51799822,0.101860256,0.12,-0.4,0.2,0.12,0.12,0.3,0.3,-0.3,-0.3,0.08,-0.08,0.101860256,0.4,0.12,0.3,0.3,0.08,-0.12,0.2,0.12,-0.3,0.08,0.3
2370,56021554,1.27074289,2.68309021,-1.53461909,2.09234524,4.02693033,1.82810676,-2.12784696,-7.75976515,-134.824356,-11.8284531,6.5954442,-4.5178957,0.101659431,0.12,-0.4,0.2,0.12,0.12,0.3,0.3,-0.3,-0.3,0.08,-0.08,0.101659431,0.4,0.12,0.3,0.3,0.08,-0.12,0.2,0.12,-0.3,0.08,0.3
2371,56040020,1.26866508,2.68371177,-1.53477871,2.093683,4.0263176,1.82760215,-2.12730384,-7.76122665,-134.823959,-11.8284836,6.59506989,-4.51758623,0.101493206,0.12,-0.4,0.2,0.12,0.12,0.3,0.3,-0.3,-0.3,0.08,-0.08,0.101493206,0.4,0.12,0.3,0.3,0.08,-0.12,0.2,0.12,-0.3,0.08,0.3
2372,56062359,1.2670126,2.68401122,-1.53473711,2.09489632,4.02548456,1.82719874,-2.12624502,-7.76277685,-134.823013,-11.8283195,6.59475994,-4.51731014,0.101361008,0.12,-0.4,0.2,0.12,0.12,0.3,0.3,-0.3,-0.3,0.08,-0.08,0.101361008,0.4,0.12,0.3,0.3,0.08,-0.12,0.2,0.12,-0.3,0.08,0.3
2373,56080360,1.26633418,2.68419194,-1.53358579,2.09604883,4.02408457,1.82689404,-2.12369633,-7.76525545,-134.821884,-11.8277712,6.59513712,-4.5167613,0.101306734,0.12,-0.4,0.2,0.12,0.12,0.3,0.3,-0.3,-0.3,0.08,-0.08,0.101306734,0.4,0.12,0.3,0.3,0.08,-0.12,0.2,0.12,-0.3,0.08,0.3
2374,56103599,1.2665503,2.68418217,-1.53194094,2.09732246,4.02266455,1.82676303,-2.12037492,-7.7681489,-134.820755,-11.8270369,6.59577656,-4.51613855,0.101324024,0.12,-0.4,0.2,0.12,0.12,0.3,0.3,-0.3,-0.3,0.08,-0.08,0.101324024,0.4,0.12,0.3,0.3,0.08,-0.12,0.2,0.12,-0.3,0.08,0.3
2375,56122066,1.26749098,2.68392181,-1.52995074,2.09826303,4.02105093,1.82676327,-2.11666036,-7.77102566,-134.819489,-11.8260794,6.59682178,-4.51548004,0.101399279,0.12,-0.4,0.2,0.12,0.12,0.3,0.3,-0.3,-0.3,0.08,-0.08,0.101399279,0.4,0.12,0.3,0.3,0.08,-0.12,0.2,0.12,-0.3,0.08,0.3
2376,56145704,1.26904798,2.6833632,-1.52767134,2.09889221,4.01918936,1.82691836,-2.11273813,-7.77382565,-134.817856,-11.8248634,6.59804535,-4.51482582,0.101523838,0.12,-0.4,0.2,0.12,0.12,0.3,0.3,-0.3,-0.3,0.08,-0.08,0.101523838,0.4,0.12,0.3,0.3,0.08,-0.12,0.2,0.12,-0.3,0.08,0.3
2377,56160051,1.27145338,2.68250275,-1.52472961,2.09924841,4.01740789,1.82726681,-2.1083045,-7.77669144,-134.816162,-11.8236971,6.59930277,-4.51426744,0.10171627,0.12,-0.4,0.2,0.12,0.12,0.3,0.3,-0.3,-0.3,0.08,-0.08,0.10171627,0.4,0.12,0.3,0.3,0.08,-0.12,0.2,0.12,-0.3,0.08,0.3
2378,56180744,1.27413499,2.68181086,-1.52231848,2.09965396,4.01583767,1.82762527,-2.10450315,-7.77921057,-134.814789,-11.8223391,6.60063124,-4.51356697,0.101930799,0.12,-0.4,0.2,0.12,0.12,0.3,0.3,-0.3,-0.3,0.08,-0.08,0.101930799,0.4,0.12,0.3,0.3,0.08,-0.12,0.2,0.12,-0.3,0.08,0.3
2379,56209464,1.27733517,2.68098187,-1.51916039,2.09982133,4.0140028,1.82813537,-2.10008311,-7.78196573,-134.813599,-11.8208809,6.60224295,-4.51280642,0.102186813,0.12,-0.4,0.2,0.12,0.12,0.3,0.3,-0.3,-0.3,0.08,-0.08,0.102186813,0.4,0.12,0.3,0.3,0.08,-0.12,0.2,0.12,-0.3,0.08,0.3
2380,56218448,1.28166914,2.68003058,-1.51510084,2.09992886,4.01234293,1.82883215,-2.09495473,-7.78512764,-134.812653,-11.8197346,6.6041894,-4.51208305,0.102533531,0.12,-0.4,0.2,0.12,0.12,0.3,0.3,-0.3,-0.3,0.08,-0.08,0.102533531,0.4,0.12,0.3,0.3,0.08,-0.12,0.2,0.12,-0.3,0.08,0.3
2381,56257241,1.28654778,2.67954016,-1.51177335,2.1004324,4.01106834,1.82949638,-2.09056234,-7.78816462,-134.812378,-11.8186769,6.60637379,-4.51112795,0.102923822,0.12,-0.4,0.2,0.12,0.12,0.3,0.3,-0.3,-0.3,0.08,-0.08,0.102923822,0.4,0.12,0.3,0.3,0.08,-0.12,0.2,0.12,-0.3,0.08,0.3
2382,56260607,1.29189479,2.6790905,-1.50806904,2.10062981,4.00964355,1.83027148,-2.08600664,-7.7911725,-134.812393,-11.8177166,6.60900927,-4.51006889,0.103351583,0.12,-0.4,0.2,0.12,0.12,0.3,0.3,-0.3,-0.3,0.08,-0.08,0.103351583,0.4,0.12,0.3,0.3,0.08,-0.12,0.2,0.12,-0.3,0.08,0.3
2383,56281362,1.29781032,2.6784718,-1.50390601,2.10070443,4.0083189,1.83116353,-2.08119392,-7.79419756,-134.812805,-11.8169966,6.61194038,-4.5091548,0.103824825,0.12,-0.4,0.2,0.12,0.12,0.3,0.3,-0.3,-0.3,0.08,-0.08,0.103824825,0.4,0.12,0.3,0.3,0.08,-0.12,0.2,0.12,-0.3,0.08,0.3
2384,56302795,1.30397809,2.67783022,-1.5002538,2.10031629,4.00763845,1.83219278,-2.07717228,-7.79646015,-134.814041,-11.8166342,6.6148243,-4.50848866,0.104318247,0.12,-0.4,0.2,0.12,0.12,0.3,0.3,-0.3,-0.3,0.08,-0.08,0.104318247,0.4,0.12,0.3,0.3,0.08,-0.12,0.2,0.12,-0.3,0.08,0.3
2385,56321827,1.30987298,2.6772964,-1.49730599,2.09960437,4.0072422,1.83318019,-2.07425141,-7.79792643,-134.816254,-11.816431,6.61764574,-4.50791359,0.104789839,0.12,-0.4,0.2,0.12,0.12,0.3,0.3,-0.3,-0.3,0.08,-0.08,0.104789839,0.4,0.12,0.3,0.3,0.08,-0.12,0.2,0.12,-0.3,0.08,0.3
2386,56346988,1.31538737,2.67672992,-1.49495506,2.09819841,4.00720835,1.83415449,-2.07242393,-7.7983222,-134.819275,-11.8164406,6.62020159,-4.50760317,0.105230989,0.12,-0.4,0.2,0.12,0.12,0.3,0.3,-0.3,-0.3,0.08,-0.08,0.105230989,0.4,0.12,0.3,0.3,0.08,-0.12,0.2,0.12,-0.3,0.08,0.3
2387,56360178,1.32053196,2.67649913,-1.49310982,2.09682918,4.00763941,1.83503461,-2.0715704,-7.79821682,-134.823532,-11.8168173,6.62253523,-4.50730038,0.105642557,0.12,-0.4,0.2,0.12,0.12,0.3,0.3,-0.3,-0.3,0.08,-0.08,0.105642557,0.4,0.12,0.3,0.3,0.08,-0.12,0.2,0.12,-0.3,0.08,0.3
2388,56382765,1.32448316,2.67672062,-1.49300063,2.09530187,4.00883436,1.83570719,-2.07286334,-7.79667234,-134.829163,-11.8173923,6.62435102,-4.50708199,0.105958652,0.12,-0.4,0.2,0.12,0.12,0.3,0.3,-0.3,-0.3,0.08,-0.08,0.105958652,0.4,0.12,0.3,0.3,0.08,-0.12,0.2,0.12,-0.3,0.08,0.3
2389,56400297,1.32732558,2.67715144,-1.49337327,2.09340954,4.01018381,1.83626163,-2.07511067,-7.79444218,-134.835983,-11.8181467,6.62586403,-4.50698614,0.106186047,0.12,-0.4,0.2,0.12,0.12,0.3,0.3,-0.3,-0.3,0.08,-0.08,0.106186047,0.4,0.12,0.3,0.3,0.08,-0.12,0.2,0.12,-0.3,0.08,0.3
2390,56421913,1.32940102,2.67759037,-1.49381185,2.09137225,4.01157045,1.83670545,-2.07770681,-7.79206228,-134.843903,-11.8190155,6.62744951,-4.50698757,0.106352081,0.12,-0.4,0.2,0.12,0.12,0.3,0.3,-0.3,-0.3,0.08,-0.08,0.106352081,0.4,0.12,0.3,0.3,0.08,-0.12,0.2,0.12,-0.3,0.08,0.3
2391,56444537,1.33088541,2.67810059,-1.49448943,2.08938718,4.0130825,1.83700228,-2.08057284,-7.78959131,-134.85257,-11.8199759,6.62904167,-4.5070529,0.106470833,0.12,-0.4,0.2,0.12,0.12,0.3,0.3,-0.3,-0.3,0.08,-0.08,0.106470833,0.4,0.12,0.3,0.3,0.08,-0.12,0.2,0.12,-0.3,0.08,0.3
2392,56460014,1.33155596,2.67861843,-1.49576235,2.08742595,4.0145731,1.8371464,-2.08402348,-7.78678226,-134.862015,-11.8208723,6.63061047,-4.50717497,0.106524477,0.12,-0.4,0.2,0.12,0.12,0.3,0.3,-0.3,-0.3,0.08,-0.08,0.106524477,0.4,0.12,0.3,0.3,0.08,-0.12,0.2,0.12,-0.3,0.08,0.3
2393,56482687,1.332021,2.67899156,-1.49638665,2.08547878,4.01574945,1.83725142,-2.08673787,-7.78437757,-134.871796,-11.82164,6.63261414,-4.5073247,0.10656168,0.12,-0.4,0.2,0.12,0.12,0.3,0.3,-0.3,-0.3,0.08,-0.08,0.10656168,0.4,0.12,0.3,0.3,0.08,-0.12,0.2,0.12,-0.3,0.08,0.3
2394,56501554,1.33247375,2.679178,-1.49686885,2.08365774,4.01692867,1.8373965,-2.08911157,-7.78222179,-134.882141,-11.8223886,6.63472462,-4.50758505,0.1065979,0.12,-0.4,0.2,0.12,0.12,0.3,0.3,-0.3,-0.3,0.08,-0.08,0.1065979,0.4,0.12,0.3,0.3,0.08,-0.12,0.2,0.12,-0.3,0.08,0.3
2395,56525297,1.33293378,2.67937636,-1.49723482,2.08227158,4.01778984,1.83748591,-2.09111333,-7.78059149,-134.892868,-11.8228388,6.63727713,-4.50764751,0.106634703,0.12,-0.4,0.2,0.12,0.12,0.3,0.3,-0.3,-0.3,0.08,-0.08,0.106634703,0.4,0.12,0.3,0.3,0.08,-0.12,0.2,0.12,-0.3,0.08,0.3
2396,56541691,1.33376932,2.67931533,-1.49689794,2.08095431,4.01830673,1.83768082,-2.09219265,-7.77953196,-134.903412,-11.8231163,6.6401248,-4.50771141,0.106701546,0.12,-0.4,0.2,0.12,0.12,0.3,0.3,-0.3,-0.3,0.08,-0.08,0.106701546,0.4,0.12,0.3,0.3,0.08,-0.12,0.2,0.12,-0.3,0.08,0.3
2397,56561053,1.33486521,2.67916465,-1.49660921,2.07998681,4.01874065,1.83789682,-2.09302306,-7.77878857,-134.914169,-11.8232841,6.64296579,-4.50773573,0.106789217,0.12,-0.4,0.2,0.12,0.12,0.3,0.3,-0.3,-0.3,0.08,-0.08,0.106789217,0.4,0.12,0.3,0.3,0.08,-0.12,0.2,0.12,-0.3,0.08,0.3
2398,56592401,1.33459687,2.6790781,-1.49836838,2.07977414,4.02024174,1.83783126,-2.0958674,-7.77631426,-134.924438,-11.8235903,6.64432764,-4.50824594,0.10676775,0.12,-0.4,0.2,0.12,0.12,0.3,0.3,-0.3,-0.3,0.08,-0.08,0.10676775,0.4,0.12,0.3,0.3,0.08,-0.12,0.2,0.12,-0.3,0.08,0.3
2399,56599128,1.33365047,2.67898989,-1.49973071,2.07955837,4.02106619,1.83785844,-2.09849238,-7.77433968,-134.93425,-11.8236809,6.64501715,-4.50871038,0.106692038,0.12,-0.4,0.2,0.12,0.12,0.3,0.3,-0.3,-0.3,0.08,-0.08,0.106692038,0.4,0.12,0.3,0.3,0.08,-0.12,0.2,0.12,-0.3,0.08,0.3
2400,56619782,1.33243191,2.67857552,-1.50089109,2.07920504,4.02173615,1.83797693,-2.10074902,-7.77277803,-134.943466,-11.8237648,6.64525366,-4.50938702,0.106594553,0.12,-0.4,0.2,0.12,0.12,0.3,0.3,-0.3,-0.3,0.08,-0.08,0.106594553,0.4,0.12,0.3,0.3,0.08,-0.12,0.2,0.12,-0.3,0.08,0.3
2401,56642542,1.33134818,2.67819762,-1.50153756,2.07935023,4.02190399,1.83796299,-2.1022141,-7.77221394,-134.951294,-11.823555,6.64537525,-4.50977039,0.106507854,0.12,-0.4,0.2,0.12,0.12,0.3,0.3,-0.3,-0.3,0.08,-0.08,0.106507854,0.4,0.12,0.3,0.3,0.08,-0.12,0.2,0.12,-0.3,0.08,0.3
2402,56660448,1.33039689,2.67753482,-1.50184762,2.07932878,4.02169371,1.83798373,-2.10296488,-7.7718544,-134.958023,-11.8232994,6.6453557,-4.51022959,0.106431751,0.12,-0.4,0.2,0.12,0.12,0.3,0.3,-0.3,-0.3,0.08,-0.08,0.106431751,0.4,0.12,0.3,0.3,0.08,-0.12,0.2,0.12,-0.3,0.08,0.3
2403,56682259,1.33051515,2.67694259,-1.50087965,2.07930851,4.02073383,1.83806205,-2.10187387,-7.7729001,-134.964523,-11.8226643,6.64609051,-4.51019716,0.106441212,0.12,-0.4,0.2,0.12,0.12,0.3,0.3,-0.3,-0.3,0.08,-0.08,0.106441212,0.4,0.12,0.3,0.3,0.08,-0.12,0.2,0.12,-0.3,0.08,0.3
2404,56700249,1.33147907,2.67641544,-1.49969637,2.07957482,4.01982641,1.83824766,-2.10017467,-7.77437449,-134.970917,-11.8217487,6.64736891,-4.5099535,0.106518326,0.12,-0.4,0.2,0.12,0.12,0.3,0.3,-0.3,-0.3,0.08,-0.08,0.106518326,0.4,0.12,0.3,0.3,0.08,-0.12,0.2,0.12,-0.3,0.08,0.3
2405,56727575,1.33292818,2.67594647,-1.4984858,2.0800705,4.01882267,1.83849204,-2.09819818,-7.77607965,-134.977188,-11.8206348,6.64879608,-4.50956202,0.106634254,0.12,-0.4,0.2,0.12,0.12,0.3,0.3,-0.3,-0.3,0.08,-0.08,0.106634254,0.4,0.12,0.3,0.3,0.08,-0.12,0.2,0.12,-0.3,0.08,0.3
2406,56741060,1.3347075,2.6755352,-1.49750674,2.08034849,4.0180521,1.83877933,-2.09651804,-7.77743101,-134.983292,-11.81954,6.65003872,-4.50919819,0.1067766,0.12,-0.4,0.2,0.12,0.12,0.3,0.3,-0.3,-0.3,0.08,-0.08,0.1067766,0.4,0.12,0.3,0.3,0.08,-0.12,0.2,0.12,-0.3,0.08,0.3
2407,56774506,1.33639097,2.67531681,-1.49703348,2.08044457,4.01758909,1.83901024,-2.09553409,-7.77821922,-134.989517,-11.8185759,6.65088415,-4.50884962,0.106911278,0.12,-0.4,0.2,0.12,0.12,0.3,0.3,-0.3,-0.3,0.08,-0.08,0.106911278,0.4,0.12,0.3,0.3,0.08,-0.12,0.2,0.12,-0.3,0.08,0.3
2408,56779951,1.33738565,2.67542696,-1.49758124,2.08060145,4.01770449,1.83909082,-2.09576058,-7.77812862,-134.996094,-11.8178272,6.65083313,-4.50855875,0.106990852,0.12,-0.4,0.2,0.12,0.12,0.3,0.3,-0.3,-0.3,0.08,-0.08,0.106990852,0.4,0.12,0.3,0.3,0.08,-0.12,0.2,0.12,-0.3,0.08,0.3
2409,56799543,1.33761585,2.67592216,-1.49866021,2.08079576,4.01798344,1.83902097,-2.09681487,-7.77767801,-135.003006,-11.8171968,6.6502285,-4.50820112,0.107009268,0.12,-0.4,0.2,0.12,0.12,0.3,0.3,-0.3,-0.3,0.08,-0.08,0.107009268,0.4,0.12,0.3,0.3,0.08,-0.12,0.2,0.12,-0.3,0.08,0.3
2410,56820861,1.33702707,2.67653608,-1.50028372,2.0806601,4.01846313,1.83886027,-2.0986433,-7.77667379,-135.010101,-11.81674,6.64919615,-4.50799465,0.106962166,0.12,-0.4,0.2,0.12,0.12,0.3,0.3,-0.3,-0.3,0.08,-0.08,0.106962166,0.4,0.12,0.3,0.3,0.08,-0.12,0.2,0.12,-0.3,0.08,0.3
2411,56842250,1.33577883,2.67736793,-1.50227761,2.08065748,4.0191226,1.83852983,-2.10094905,-7.77552557,-135.017334,-11.8165092,6.64764023,-4.50781488,0.106862307,0.12,-0.4,0.2,0.12,0.12,0.3,0.3,-0.3,-0.3,0.08,-0.08,0.106862307,0.4,0.12,0.3,0.3,0.08,-0.12,0.2,0.12,-0.3,0.08,0.3
2412,56861690,1.33382571,2.67862272,-1.50470614,2.0811615,4.01979399,1.83795929,-2.10361123,-7.77454138,-135.024765,-11.8163319,6.64590073,-4.50745392,0.106706057,0.12,-0.4,0.2,0.12,0.12,0.3,0.3,-0.3,-0.3,0.08,-0.08,0.106706057,0.4,0.12,0.3,0.3,0.08,-0.12,0.2,0.12,-0.3,0.08,0.3
2413,56880396,1.33085668,2.68004012,-1.50786471,2.08184028,4.02071285,1.83720303,-2.10683537,-7.77307749,-135.032104,-11.8162603,6.64363098,-4.50723982,0.106468534,0.12,-0.4,0.2,0.12,0.12,0.3,0.3,-0.3,-0.3,0.08,-0.08,0.106468534,0.4,0.12,0.3,0.3,0.08,-0.12,0.2,0.12,-0.3,0.08,0.3
2414,56901337,1.32734013,2.68146849,-1.51085949,2.0823915,4.02157164,1.83642244,-2.10992765,-7.77170801,-135.039368,-11.8163471,6.64119482,-4.50715399,0.10618721,0.12,-0.4,0.2,0.12,0.12,0.3,0.3,-0.3,-0.3,0.08,-0.08,0.10618721,0.4,0.12,0.3,0.3,0.08,-0.12,0.2,0.12,-0.3,0.08,0.3
2415,56926007,1.32333434,2.68286109,-1.51405764,2.08296418,4.02245855,1.83554924,-2.11308646,-7.77036095,-135.046402,-11.8165121,6.63863373,-4.50719213,0.105866747,0.12,-0.4,0.2,0.12,0.12,0.3,0.3,-0.3,-0.3,0.08,-0.08,0.105866747,0.4,0.12,0.3,0.3,0.08,-0.12,0.2,0.12,-0.3,0.08,0.3
2416,56939141,1.31914008,2.68406439,-1.5168674,2.08344984,4.02316284,1.83462191,-2.11573887,-7.76923323,-135.052719,-11.8167515,6.63599968,-4.50734043,0.105531206,0.12,-0.4,0.2,0.12,0.12,0.3,0.3,-0.3,-0.3,0.08,-0.08,0.105531206,0.4,0.12,0.3,0.3,0.08,-0.12,0.2,0.12,-0.3,0.08,0.3
2417,56961443,1.31455207,2.68508244,-1.51996899,2.08383012,4.0237565,1.83363843,-2.11859107,-7.76783895,-135.058365,-11.8169756,6.63328123,-4.50760841,0.105164165,0.12,-0.4,0.2,0.12,0.12,0.3,0.3,-0.3,-0.3,0.08,-0.08,0.105164165,0.4,0.12,0.3,0.3,0.08,-0.12,0.2,0.12,-0.3,0.08,0.3
2418,56981931,1.30944002,2.68599749,-1.52335727,2.08434629,4.02432394,1.83260238,-2.12158203,-7.76620245,-135.06337,-11.8170462,6.63032007,-4.50795555,0.104755201,0.12,-0.4,0.2,0.12,0.12,0.3,0.3,-0.3,-0.3,0.08,-0.08,0.104755201,0.4,0.12,0.3,0.3,0.08,-0.12,0.2,0.12,-0.3,0.08,0.3
2419,57003946,1.30413198,2.68662763,-1.52646017,2.08453941,4.02479744,1.83169138,-2.12439299,-7.76449537,-135.067688,-11.8170176,6.62725592,-4.50848436,0.104330559,0.12,-0.4,0.2,0.12,0.12,0.3,0.3,-0.3,-0.3,0.08,-0.08,0.104330559,0.4,0.12,0.3,0.3,0.08,-0.12,0.2,0.12,-0.3,0.08,0.3
2420,57025091,1.29874897,2.68695569,-1.52920318,2.08477807,4.02494764,1.83082962,-2.12671351,-7.76315546,-135.071182,-11.8167934,6.62433386,-4.50907469,0.103899918,0.12,-0.4,0.2,0.12,0.12,0.3,0.3,-0.3,-0.3,0.08,-0.08,0.103899918,0.4,0.12,0.3,0.3,0.08,-0.12,0.2,0.12,-0.3,0.08,0.3
2421,57042760,1.29365838,2.68698263,-1.53128684,2.08517408,4.02472115,1.83003497,-2.12816644,-7.76240778,-135.073471,-11.81635,6.62150431,-4.50962067,0.10349267,0.12,-0.4,0.2,0.12,0.12,0.3,0.3,-0.3,-0.3,0.08,-0.08,0.10349267,0.4,0.12,0.3,0.3,0.08,-0.12,0.2,0.12,-0.3,0.08,0.3
2422,57062109,1.28900611,2.68674874,-1.53302407,2.08547091,4.02438736,1.82932305,-2.12914848,-7.76178408,-135.0746,-11.815876,6.61877966,-4.51023579,0.103120489,0.12,-0.4,0.2,0.12,0.12,0.3,0.3,-0.3,-0.3,0.08,-0.08,0.103120489,0.4,0.12,0.3,0.3,0.08,-0.12,0.2,0.12,-0.3,0.08,0.3
2423,57081549,1.28488719,2.68646336,-1.53434777,2.08599901,4.02403164,1.82866383,-2.12949848,-7.76150036,-135.074768,-11.815361,6.61621761,-4.51078653,0.102790976,0.12,-0.4,0.2,0.12,0.12,0.3,0.3,-0.3,-0.3,0.08,-0.08,0.102790976,0.4,0.12,0.3,0.3,0.08,-0.12,0.2,0.12,-0.3,0.08,0.3
2424,57101865,1.28166759,2.68598366,-1.53460932,2.08656979,4.02330589,1.82817435,-2.12866855,-7.76196957,-135.073975,-11.8147697,6.61418486,-4.51120853,0.102533407,0.12,-0.4,0.2,0.12,0.12,0.3,0.3,-0.3,-0.3,0.08,-0.08,0.102533407,0.4,0.12,0.3,0.3,0.08,-0.12,0.2,0.12,-0.3,0.08,0.3
2425,57128232,1.27922332,2.6853013,-1.53462052,2.08714342,4.02246284,1.82784569,-2.12743711,-7.76268673,-135.072144,-11.8141203,6.6124754,-4.51161432,0.102337866,0.12,-0.4,0.2,0.12,0.12,0.3,0.3,-0.3,-0.3,0.08,-0.08,0.102337866,0.4,0.12,0.3,0.3,0.08,-0.12,0.2,0.12,-0.3,0.08,0.3
2426,57139362,1.27741158,2.68440485,-1.53452384,2.08738708,4.02160072,1.82766664,-2.12617779,-7.7632103,-135.069244,-11.8134079,6.61092567,-4.51204777,0.102192926,0.12,-0.4,0.2,0.12,0.12,0.3,0.3,-0.3,-0.3,0.08,-0.08,0.102192926,0.4,0.12,0.3,0.3,0.08,-0.12,0.2,0.12,-0.3,0.08,0.3
2427,57161696,1.27633727,2.68337941,-1.5338304,2.08747959,4.02071953,1.82762039,-2.12448835,-7.76385784,-135.065399,-11.8127899,6.60961533,-4.51248884,0.102106981,0.12,-0.4,0.2,0.12,0.12,0.3,0.3,-0.3,-0.3,0.08,-0.08,0.102106981,0.4,0.12,0.3,0.3,0.08,-0.12,0.2,0.12,-0.3,0.08,0.3
2428,57182086,1.27547491,2.68214154,-1.53348601,2.08705568,4.02014065,1.82764101,-2.12329674,-7.76373053,-135.061005,-11.8122339,6.60820246,-4.5131278,0.102037992,0.12,-0.4,0.2,0.12,0.12,0.3,0.3,-0.3,-0.3,0.08,-0.08,0.102037992,0.4,0.12,0.3,0.3,0.08,-0.12,0.2,0.12,-0.3,0.08,0.3
2429,57201316,1.27480268,2.68089032,-1.53321147,2.08634925,4.01971292,1.8277626,-2.122545,-7.76316452,-135.056183,-11.8117485,6.60671663,-4.51381254,0.101984215,0.12,-0.4,0.2,0.12,0.12,0.3,0.3,-0.3,-0.3,0.08,-0.08,0.101984215,0.4,0.12,0.3,0.3,0.08,-0.12,0.2,0.12,-0.3,0.08,0.3
2430,57226119,1.27427769,2.67971587,-1.53315353,2.0855279,4.01960993,1.82793438,-2.12233829,-7.76225615,-135.051163,-11.8114357,6.60512304,-4.51455069,0.101942215,0.12,-0.4,0.2,0.12,0.12,0.3,0.3,-0.3,-0.3,0.08,-0.08,0.101942215,0.4,0.12,0.3,0.3,0.08,-0.12,0.2,0.12,-0.3,0.08,0.3
2431,57240838,1.27398193,2.67883897,-1.53313172,2.08477497,4.01977396,1.82808721,-2.12244892,-7.76128244,-135.045868,-11.8113422,6.60364914,-4.51518345,0.101918554,0.12,-0.4,0.2,0.12,0.12,0.3,0.3,-0.3,-0.3,0.08,-0.08,0.101918554,0.4,0.12,0.3,0.3,0.08,-0.12,0.2,0.12,-0.3,0.08,0.3
2432,57268403,1.27369964,2.6782012,-1.53334045,2.08396196,4.02018309,1.82821774,-2.12301874,-7.76003122,-135.040405,-11.8115511,6.60225487,-4.51578236,0.101895971,0.12,-0.4,0.2,0.12,0.12,0.3,0.3,-0.3,-0.3,0.08,-0.08,0.101895971,0.4,0.12,0.3,0.3,0.08,-0.12,0.2,0.12,-0.3,0.08,0.3
2433,57279928,1.27261209,2.67781329,-1.53493392,2.08339667,4.02141333,1.82817626,-2.12521386,-7.75753546,-135.03476,-11.8121834,6.60015392,-4.51665306,0.101808968,0.12,-0.4,0.2,0.12,0.12,0.3,0.3,-0.3,-0.3,0.08,-0.08,0.101808968,0.4,0.12,0.3,0.3,0.08,-0.12,0.2,0.12,-0.3,0.08,0.3
2434,57302901,1.27112019,2.67791557,-1.53660667,2.08307362,4.02271557,1.82809925,-2.12783837,-7.75522041,-135.02916,-11.8130598,6.59797239,-4.51737976,0.101689615,0.12,-0.4,0.2,0.12,0.12,0.3,0.3,-0.3,-0.3,0.08,-0.08,0.101689615,0.4,0.12,0.3,0.3,0.08,-0.12,0.2,0.12,-0.3,0.08,0.3
2435,57331980,1.26947463,2.67798686,-1.53782415,2.08265758,4.02388334,1.82804549,-2.13004804,-7.7533474,-135.0233,-11.814167,6.59618902,-4.51814365,0.10155797,0.12,-0.4,0.2,0.12,0.12,0.3,0.3,-0.3,-0.3,0.08,-0.08,0.10155797,0.4,0.12,0.3,0.3,0.08,-0.12,0.2,0.12,-0.3,0.08,0.3
2436,57347133,1.26776493,2.67807913,-1.53919888,2.08222985,4.02518368,1.8279382,-2.13239741,-7.75147295,-135.016983,-11.8155146,6.59441853,-4.5189743,0.101421194,0.12,-0.4,0.2,0.12,0.12,0.3,0.3,-0.3,-0.3,0.08,-0.08,0.101421194,0.4,0.12,0.3,0.3,0.08,-0.12,0.2,0.12,-0.3,0.08,0.3
2437,57359658,1.26582956,2.678231,-1.54090977,2.08159733,4.02659082,1.8277415,-2.13516188,-7.74919701,-135.010468,-11.8171005,6.59275579,-4.519876,0.101266365,0.12,-0.4,0.2,0.12,0.12,0.3,0.3,-0.3,-0.3,0.08,-0.08,0.101266365,0.4,0.12,0.3,0.3,0.08,-0.12,0.2,0.12,-0.3,0.08,0.3
2438,57381429,1.26400113,2.6785531,-1.54225719,2.08094454,4.02771521,1.82748628,-2.13746405,-7.74730873,-135.004013,-11.8185883,6.59164762,-4.52055073,0.10112009,0.12,-0.4,0.2,0.12,0.12,0.3,0.3,-0.3,-0.3,0.08,-0.08,0.10112009,0.4,0.12,0.3,0.3,0.08,-0.12,0.2,0.12,-0.3,0.08,0.3
2439,57402877,1.26190805,2.67891693,-1.54411209,2.08039165,4.02897358,1.82723296,-2.14020157,-7.74520683,-134.997879,-11.8199816,6.59061432,-4.52121687,0.100952644,0.12,-0.4,0.2,0.12,0.12,0.3,0.3,-0.3,-0.3,0.08,-0.08,0.100952644,0.4,0.12,0.3,0.3,0.08,-0.12,0.2,0.12,-0.3,0.08,0.3
2440,57425471,1.25987673,2.67936707,-1.54548132,2.07996225,4.03013992,1.82700121,-2.14254069,-7.74347544,-134.991882,-11.8213158,6.59006357,-4.52177811,0.100790138,0.12,-0.4,0.2,0.12,0.12,0.3,0.3,-0.3,-0.3,0.08,-0.08,0.100790138,0.4,0.12,0.3,0.3,0.08,-0.12,0.2,0.12,-0.3,0.08,0.3
2441,57440350,1.25768566,2.67977953,-1.54709518,2.07965755,4.03125954,1.82673228,-2.14500451,-7.74177837,-134.985886,-11.8225727,6.589499,-4.52233648,0.100614853,0.12,-0.4,0.2,0.12,0.12,0.3,0.3,-0.3,-0.3,0.08,-0.08,0.100614853,0.4,0.12,0.3,0.3,0.08,-0.12,0.2,0.12,-0.3,0.08,0.3
2442,57460859,1.2556951,2.68028593,-1.54809988,2.07980251,4.0320344,1.826424,-2.14666271,-7.74085951,-134.979874,-11.8237391,6.58926868,-4.52265501,0.100455608,0.12,-0.4,0.2,0.12,0.12,0.3,0.3,-0.3,-0.3,0.08,-0.08,0.100455608,0.4,0.12,0.3,0.3,0.08,-0.12,0.2,0.12,-0.3,0.08,0.3
2443,57481950,1.25324833,2.68086743,-1.54981506,2.08060479,4.03327942,1.82598615,-2.14886308,-7.73955059,-134.973511,-11.8249865,6.58848524,-4.52314854,0.100259867,0.12,-0.4,0.2,0.12,0.12,0.3,0.3,-0.3,-0.3,0.08,-0.08,0.100259867,0.4,0.12,0.3,0.3,0.08,-0.12,0.2,0.12,-0.3,0.08,0.3
2444,57505671,1.25080931,2.68143177,-1.55095255,2.08150506,4.03400993,1.82564151,-2.15034604,-7.73894882,-134.966919,-11.8261156,6.58779526,-4.52352953,0.100064745,0.12,-0.4,0.2,0.12,0.12,0.3,0.3,-0.3,-0.3,0.08,-0.08,0.100064745,0.4,0.12,0.3,0.3,0.08,-0.12,0.2,0.12,-0.3,0.08,0.3
2445,57524469,1.24856889,2.68166709,-1.55150163,2.08245206,4.03417349,1.8253808,-2.15095234,-7.73908854,-134.959763,-11.826992,6.58740139,-4.52387238,0.0998855114,0.12,-0.4,0.2,0.12,0.12,0.3,0.3,-0.3,-0.3,0.08,-0.08,0.0998855114,0.4,0.12,0.3,0.3,0.08,-0.12,0.2,0.12,-0.3,0.08,0.3
2446,57539985,1.24671769,2.68166471,-1.55175984,2.08354974,4.03404284,1.82516026,-2.15090466,-7.73974657,-134.951828,-11.8276281,6.58687353,-4.52418137,0.0997374153,0.12,-0.4,0.2,0.12,0.12,0.3,0.3,-0.3,-0.3,0.08,-0.08,0.0997374153,0.4,0.12,0.3,0.3,0.08,-0.12,0.2,0.12,-0.3,0.08,0.3
2447,57564071,1.24539959,2.68142915,-1.55125093,2.08458638,4.03353834,1.8249929,-2.14989424,-7.74089289,-134.943222,-11.8281183,6.58665085,-4.52441502,0.0996319675,0.12,-0.4,0.2,0.12,0.12,0.3,0.3,-0.3,-0.3,0.08,-0.08,0.0996319675,0.4,0.12,0.3,0.3,0.08,-0.12,0.2,0.12,-0.3,0.08,0.3
2448,57579864,1.24464476,2.68104553,-1.55041277,2.08537912,4.03262234,1.82490706,-2.14812684,-7.74240589,-134.934418,-11.8282089,6.586689,-4.52447224,0.0995715809,0.12,-0.4,0.2,0.12,0.12,0.3,0.3,-0.3,-0.3,0.08,-0.08,0.0995715809,0.4,0.12,0.3,0.3,0.08,-0.12,0.2,0.12,-0.3,0.08,0.3
2449,57605028,1.24432266,2.68045497,-1.54951727,2.08591056,4.03166199,1.82492125,-2.14623427,-7.74373007,-134.925812,-11.8280325,6.58676815,-4.52451897,0.0995458126,0.12,-0.4,0.2,0.12,0.12,0.3,0.3,-0.3,-0.3,0.08,-0.08,0.0995458126,0.4,0.12,0.3,0.3,0.08,-0.12,0.2,0.12,-0.3,0.08,0.3
2450,57621771,1.24437141,2.67995334,-1.54850256,2.08664036,4.03057337,1.82497132,-2.14423966,-7.7452693,-134.917099,-11.8275242,6.58698416,-4.52437592,0.0995497131,0.12,-0.4,0.2,0.12,0.12,0.3,0.3,-0.3,-0.3,0.08,-0.08,0.0995497131,0.4,0.12,0.3,0.3,0.08,-0.12,0.2,0.12,-0.3,0.08,0.3
2451,57652208,1.24473047,2.67931819,-1.54720891,2.08729744,4.02929544,1.82509351,-2.14188743,-7.74698639,-134.908325,-11.8267822,6.58715725,-4.52416611,0.0995784378,0.12,-0.4,0.2,0.12,0.12,0.3,0.3,-0.3,-0.3,0.08,-0.08,0.0995784378,0.4,0.12,0.3,0.3,0.08,-0.12,0.2,0.12,-0.3,0.08,0.3
2452,57662548,1.24521267,2.67873812,-1.54614997,2.08793592,4.02814627,1.82523215,-2.13981485,-7.74850845,-134.899673,-11.825943,6.58712196,-4.52391195,0.0996170139,0.12,-0.4,0.2,0.12,0.12,0.3,0.3,-0.3,-0.3,0.08,-0.08,0.0996170139,0.4,0.12,0.3,0.3,0.08,-0.12,0.2,0.12,-0.3,0.08,0.3
2453,57679774,1.24484456,2.67829728,-1.54637766,2.08897829,4.02761841,1.8251909,-2.13908124,-7.74896669,-134.890945,-11.8251543,6.58606195,-4.52389383,0.0995875645,0.12,-0.4,0.2,0.12,0.12,0.3,0.3,-0.3,-0.3,0.08,-0.08,0.0995875645,0.4,0.12,0.3,0.3,0.08,-0.12,0.2,0.12,-0.3,0.08,0.3
2454,57701831,1.2442131,2.67799115,-1.54646063,2.08974361,4.0271492,1.82520759,-2.13848758,-7.74935913,-134.882294,-11.8244934,6.58438826,-4.52395964,0.0995370483,0.12,-0.4,0.2,0.12,0.12,0.3,0.3,-0.3,-0.3,0.08,-0.08,0.0995370483,0.4,0.12,0.3,0.3,0.08,-0.12,0.2,0.12,-0.3,0.08,0.3
2455,57721704,1.2433809,2.67775583,-1.54656303,2.09051967,4.02660847,1.82514977,-2.13792324,-7.7499814,-134.873703,-11.8239412,6.58261585,-4.52401161,0.0994704723,0.12,-0.4,0.2,0.12,0.12,0.3,0.3,-0.3,-0.3,0.08,-0.08,0.0994704723,0.4,0.12,0.3,0.3,0.08,-0.12,0.2,0.12,-0.3,0.08,0.3
2456,57743577,1.24255514,2.6775887,-1.54659605,2.09125733,4.02598476,1.82504296,-2.13725543,-7.75075626,-134.864639,-11.8234119,6.58070993,-4.52399254,0.0994044113,0.12,-0.4,0.2,0.12,0.12,0.3,0.3,-0.3,-0.3,0.08,-0.08,0.0994044113,0.4,0.12,0.3,0.3,0.08,-0.12,0.2,0.12,-0.3,0.08,0.3
2457,57761607,1.24153233,2.67749643,-1.54707229,2.09189391,4.02555323,1.82485402,-2.13704348,-7.7511344,-134.855515,-11.8231401,6.57848454,-4.5240531,0.0993225861,0.12,-0.4,0.2,0.12,0.12,0.3,0.3,-0.3,-0.3,0.08,-0.08,0.0993225861,0.4,0.12,0.3,0.3,0.08,-0.12,0.2,0.12,-0.3,0.08,0.3
2458,57780351,1.24075222,2.67764449,-1.54712319,2.09225917,4.02495337,1.82463789,-2.13634515,-7.75183201,-134.846771,-11.8228006,6.5768261,-4.5238719,0.0992601776,0.12,-0.4,0.2,0.12,0.12,0.3,0.3,-0.3,-0.3,0.08,-0.08,0.0992601776,0.4,0.12,0.3,0.3,0.08,-0.12,0.2,0.12,-0.3,0.08,0.3
2459,57806306,1.24000371,2.67756796,-1.5471859,2.09211421,4.02451515,1.82448697,-2.13571239,-7.75206852,-134.838364,-11.822546,6.575315,-4.52389002,0.0992002964,0.12,-0.4,0.2,0.12,0.12,0.3,0.3,-0.3,-0.3,0.08,-0.08,0.0992002964,0.4,0.12,0.3,0.3,0.08,-0.12,0.2,0.12,-0.3,0.08,0.3
2460,57821568,1.23926437,2.67755747,-1.54734373,2.0921495,4.0240984,1.82429767,-2.13525581,-7.75231361,-134.830399,-11.8222818,6.57398653,-4.52384233,0.0991411495,0.12,-0.4,0.2,0.12,0.12,0.3,0.3,-0.3,-0.3,0.08,-0.08,0.0991411495,0.4,0.12,0.3,0.3,0.08,-0.12,0.2,0.12,-0.3,0.08,0.3
2461,57840327,1.2385093,2.67767191,-1.54767931,2.09221673,4.02382088,1.82410085,-2.1351037,-7.75240946,-134.822632,-11.8220034,6.57278776,-4.52374554,0.0990807438,0.12,-0.4,0.2,0.12,0.12,0.3,0.3,-0.3,-0.3,0.08,-0.08,0.0990807438,0.4,0.12,0.3,0.3,0.08,-0.12,0.2,0.12,-0.3,0.08,0.3
2462,57863395,1.23776627,2.6778841,-1.54793704,2.09233332,4.02367067,1.82391429,-2.13495517,-7.75253344,-134.815262,-11.8218822,6.57164955,-4.52365351,0.0990213013,0.12,-0.4,0.2,0.12,0.12,0.3,0.3,-0.3,-0.3,0.08,-0.08,0.0990213013,0.4,0.12,0.3,0.3,0.08,-0.12,0.2,0.12,-0.3,0.08,0.3
2463,57881350,1.23684895,2.67819357,-1.54835403,2.09270024,4.02370739,1.82364738,-2.13500786,-7.75250959,-134.808151,-11.8218765,6.57057381,-4.52357578,0.098947916,0.12,-0.4,0.2,0.12,0.12,0.3,0.3,-0.3,-0.3,0.08,-0.08,0.098947916,0.4,0.12,0.3,0.3,0.08,-0.12,0.2,0.12,-0.3,0.08,0.3
2464,57902220,1.23609257,2.67848754,-1.54842293,2.09296393,4.02372026,1.82346034,-2.13477755,-7.75264883,-134.801163,-11.822052,6.56957865,-4.52353716,0.0988874054,0.12,-0.4,0.2,0.12,0.12,0.3,0.3,-0.3,-0.3,0.08,-0.08,0.0988874054,0.4,0.12,0.3,0.3,0.08,-0.12,0.2,0.12,-0.3,0.08,0.3
2465,57922229,1.23581338,2.67876601,-1.5479517,2.09339833,4.02370214,1.82332647,-2.13398695,-7.75332737,-134.794464,-11.8224401,6.5689683,-4.52345896,0.0988650703,0.12,-0.4,0.2,0.12,0.12,0.3,0.3,-0.3,-0.3,0.08,-0.08,0.0988650703,0.4,0.12,0.3,0.3,0.08,-0.12,0.2,0.12,-0.3,0.08,0.3
2466,57941297,1.23604953,2.67909074,-1.54713929,2.09397888,4.02353621,1.82320523,-2.13276172,-7.75443506,-134.787598,-11.8228436,6.5689373,-4.52322578,0.0988839626,0.12,-0.4,0.2,0.12,0.12,0.3,0.3,-0.3,-0.3,0.08,-0.08,0.0988839626,0.4,0.12,0.3,0.3,0.08,-0.12,0.2,0.12,-0.3,0.08,0.3
2467,57962844,1.23669016,2.67927289,-1.54603362,2.0945189,4.02313995,1.82316363,-2.13112879,-7.75572729,-134.780777,-11.8232899,6.56927299,-4.52296162,0.0989352131,0.12,-0.4,0.2,0.12,0.12,0.3,0.3,-0.3,-0.3,0.08,-0.08,0.0989352131,0.4,0.12,0.3,0.3,0.08,-0.12,0.2,0.12,-0.3,0.08,0.3
2468,57980955,1.23785388,2.67937016,-1.54475784,2.09472704,4.02288294,1.82324529,-2.12938499,-7.75686979,-134.774307,-11.8237858,6.56998491,-4.5227313,0.0990283108,0.12,-0.4,0.2,0.12,0.12,0.3,0.3,-0.3,-0.3,0.08,-0.08,0.0990283108,0.4,0.12,0.3,0.3,0.08,-0.12,0.2,0.12,-0.3,0.08,0.3
2469,58006581,1.23971164,2.67937207,-1.54259014,2.09501791,4.02222633,1.82342315,-2.12677026,-7.75866842,-134.768036,-11.824131,6.57150507,-4.52230597,0.0991769314,0.12,-0.4,0.2,0.12,0.12,0.3,0.3,-0.3,-0.3,0.08,-0.08,0.0991769314,0.4,0.12,0.3,0.3,0.08,-0.12,0.2,0.12,-0.3,0.08,0.3
2470,58021480,1.24213743,2.67901778,-1.54010713,2.09512091,4.02147818,1.82379258,-2.12376952,-7.7605443,-134.762009,-11.8243732,6.573349,-4.52195978,0.0993709946,0.12,-0.4,0.2,0.12,0.12,0.3,0.3,-0.3,-0.3,0.08,-0.08,0.0993709946,0.4,0.12,0.3,0.3,0.08,-0.12,0.2,0.12,-0.3,0.08,0.3
2471,58042325,1.24515033,2.67850423,-1.53744757,2.09503484,4.02071047,1.82425654,-2.12072754,-7.76233578,-134.756332,-11.8245277,6.57554579,-4.52160406,0.0996120262,0.12,-0.4,0.2,0.12,0.12,0.3,0.3,-0.3,-0.3,0.08,-0.08,0.0996120262,0.4,0.12,0.3,0.3,0.08,-0.12,0.2,0.12,-0.3,0.08,0.3
2472,58063053,1.24856043,2.67797303,-1.53486645,2.09489465,4.02002096,1.82481694,-2.1178689,-7.76396561,-134.751022,-11.8245935,6.57790613,-4.52122641,0.0998848343,0.12,-0.4,0.2,0.12,0.12,0.3,0.3,-0.3,-0.3,0.08,-0.08,0.0998848343,0.4,0.12,0.3,0.3,0.08,-0.12,0.2,0.12,-0.3,0.08,0.3
2473,58082675,1.25124276,2.67731285,-1.53353071,2.09486628,4.02000666,1.82527375,-2.11646533,-7.76420164,-134.745956,-11.824769,6.5793848,-4.52125978,0.100099421,0.12,-0.4,0.2,0.12,0.12,0.3,0.3,-0.3,-0.3,0.08,-0.08,0.100099421,0.4,0.12,0.3,0.3,0.08,-0.12,0.2,0.12,-0.3,0.08,0.3
2474,58104549,1.25379968,2.67686749,-1.53193176,2.09487128,4.01985741,1.82581925,-2.11518693,-7.76468086,-134.741211,-11.8249321,6.58066607,-4.52119064,0.100303974,0.12,-0.4,0.2,0.12,0.12,0.3,0.3,-0.3,-0.3,0.08,-0.08,0.100303974,0.4,0.12,0.3,0.3,0.08,-0.12,0.2,0.12,-0.3,0.08,0.3
2475,58121273,1.25629973,2.67626476,-1.53022671,2.09474444,4.0195837,1.82644534,-2.11381984,-7.76538038,-134.736847,-11.825079,6.58195496,-4.52116203,0.100503979,0.12,-0.4,0.2,0.12,0.12,0.3,0.3,-0.3,-0.3,0.08,-0.08,0.100503979,0.4,0.12,0.3,0.3,0.08,-0.12,0.2,0.12,-0.3,0.08,0.3
2476,58141026,1.25898802,2.67576838,-1.52836943,2.09482265,4.0191021,1.82700777,-2.11225581,-7.76651144,-134.732376,-11.8250732,6.58336782,-4.52093458,0.100719042,0.12,-0.4,0.2,0.12,0.12,0.3,0.3,-0.3,-0.3,0.08,-0.08,0.100719042,0.4,0.12,0.3,0.3,0.08,-0.12,0.2,0.12,-0.3,0.08,0.3
2477,58162542,1.2616272,2.6751709,-1.52678871,2.0945673,4.01862049,1.82757509,-2.11093903,-7.76725245,-134.728073,-11.8251047,6.58469963,-4.52080441,0.100930176,0.12,-0.4,0.2,0.12,0.12,0.3,0.3,-0.3,-0.3,0.08,-0.08,0.100930176,0.4,0.12,0.3,0.3,0.08,-0.12,0.2,0.12,-0.3,0.08,0.3
2478,58178991,1.2645967,2.67466378,-1.52479172,2.09412098,4.01780128,1.82811511,-2.10906649,-7.76837492,-134.724442,-11.824852,6.58653641,-4.52042484,0.101167736,0.12,-0.4,0.2,0.12,0.12,0.3,0.3,-0.3,-0.3,0.08,-0.08,0.101167736,0.4,0.12,0.3,0.3,0.08,-0.12,0.2,0.12,-0.3,0.08,0.3
2479,58211636,1.26775014,2.67393088,-1.5226593,2.09330797,4.01694298,1.82874608,-2.10706472,-7.7693305,-134.721405,-11.8243618,6.58868837,-4.52011442,0.101420012,0.12,-0.4,0.2,0.12,0.12,0.3,0.3,-0.3,-0.3,0.08,-0.08,0.101420012,0.4,0.12,0.3,0.3,0.08,-0.12,0.2,0.12,-0.3,0.08,0.3
2480,58218338,1.27093649,2.67294836,-1.52053714,2.09235716,4.01594734,1.82941794,-2.10509038,-7.77017832,-134.718948,-11.8236151,6.59096861,-4.51985931,0.101674919,0.12,-0.4,0.2,0.12,0.12,0.3,0.3,-0.3,-0.3,0.08,-0.08,0.101674919,0.4,0.12,0.3,0.3,0.08,-0.12,0.2,0.12,-0.3,0.08,0.3
2481,58243593,1.2742033,2.67183781,-1.51841557,2.09129,4.0149231,1.83012009,-2.10319543,-7.77091408,-134.71698,-11.8226128,6.59329987,-4.5196104,0.101936264,0.12,-0.4,0.2,0.12,0.12,0.3,0.3,-0.3,-0.3,0.08,-0.08,0.101936264,0.4,0.12,0.3,0.3,0.08,-0.12,0.2,0.12,-0.3,0.08,0.3
2482,58258710,1.27742159,2.67066431,-1.51648152,2.09010482,4.01393223,1.83082116,-2.10155702,-7.77139044,-134.715622,-11.8214741,6.59550238,-4.51940632,0.102193727,0.12,-0.4,0.2,0.12,0.12,0.3,0.3,-0.3,-0.3,0.08,-0.08,0.102193727,0.4,0.12,0.3,0.3,0.08,-0.12,0.2,0.12,-0.3,0.08,0.3
2483,58282895,1.28026712,2.66958117,-1.51517332,2.08899641,4.01313925,1.83143985,-2.10058451,-7.7713728,-134.714966,-11.8201685,6.59736156,-4.51921415,0.10242137,0.12,-0.4,0.2,0.12,0.12,0.3,0.3,-0.3,-0.3,0.08,-0.08,0.10242137,0.4,0.12,0.3,0.3,0.08,-0.12,0.2,0.12,-0.3,0.08,0.3
2484,58307196,1.2828393,2.6686554,-1.51411903,2.08795357,4.0124259,1.83204186,-2.0999887,-7.77124786,-134.715073,-11.8187733,6.59884691,-4.51899672,0.102627144,0.12,-0.4,0.2,0.12,0.12,0.3,0.3,-0.3,-0.3,0.08,-0.08,0.102627144,0.4,0.12,0.3,0.3,0.08,-0.12,0.2,0.12,-0.3,0.08,0.3
2485,58319862,1.28502154,2.66769958,-1.51347649,2.08660769,4.01185417,1.83260918,-2.09993672,-7.77069235,-134.715897,-11.8173618,6.60006189,-4.51890469,0.102801723,0.12,-0.4,0.2,0.12,0.12,0.3,0.3,-0.3,-0.3,0.08,-0.08,0.102801723,0.4,0.12,0.3,0.3,0.08,-0.12,0.2,0.12,-0.3,0.08,0.3
2486,58341018,1.28660691,2.66700864,-1.51347303,2.08565474,4.01125669,1.83300233,-2.10047388,-7.77011728,-134.717224,-11.8157749,6.60079193,-4.51868725,0.102928553,0.12,-0.4,0.2,0.12,0.12,0.3,0.3,-0.3,-0.3,0.08,-0.08,0.102928553,0.4,0.12,0.3,0.3,0.08,-0.12,0.2,0.12,-0.3,0.08,0.3
2487,58368063,1.2878896,2.6663909,-1.51323605,2.08481121,4.01045656,1.83330977,-2.10073924,-7.76982403,-134.719025,-11.8141127,6.60139656,-4.5183692,0.103031168,0.12,-0.4,0.2,0.12,0.12,0.3,0.3,-0.3,-0.3,0.08,-0.08,0.103031168,0.4,0.12,0.3,0.3,0.08,-0.12,0.2,0.12,-0.3,0.08,0.3
2488,58381324,1.2886883,2.66599822,-1.51349878,2.08448601,4.00986433,1.83345354,-2.10126257,-7.76956224,-134.721237,-11.8124447,6.60155821,-4.51804781,0.103095064,0.12,-0.4,0.2,0.12,0.12,0.3,0.3,-0.3,-0.3,0.08,-0.08,0.103095064,0.4,0.12,0.3,0.3,0.08,-0.12,0.2,0.12,-0.3,0.08,0.3
2489,58412256,1.28919137,2.66571617,-1.51382279,2.08424449,4.00929356,1.83356845,-2.10169864,-7.76945591,-134.72403,-11.8108215,6.60142088,-4.51772356,0.103135309,0.12,-0.4,0.2,0.12,0.12,0.3,0.3,-0.3,-0.3,0.08,-0.08,0.103135309,0.4,0.12,0.3,0.3,0.08,-0.12,0.2,0.12,-0.3,0.08,0.3
2490,58418905,1.28960693,2.66566968,-1.51405215,2.08447623,4.00862551,1.83356035,-2.10181189,-7.76990986,-134.727142,-11.809227,6.60119963,-4.51726866,0.103168554,0.12,-0.4,0.2,0.12,0.12,0.3,0.3,-0.3,-0.3,0.08,-0.08,0.103168554,0.4,0.12,0.3,0.3,0.08,-0.12,0.2,0.12,-0.3,0.08,0.3
2491,58445029,1.29010689,2.66597509,-1.51423538,2.08537102,4.00794411,1.83342922,-2.10149717,-7.77105665,-134.730484,-11.8077555,6.60076523,-4.5166049,0.103208551,0.12,-0.4,0.2,0.12,0.12,0.3,0.3,-0.3,-0.3,0.08,-0.08,0.103208551,0.4,0.12,0.3,0.3,0.08,-0.12,0.2,0.12,-0.3,0.08,0.3
2492,58459587,1.29104042,2.66669774,-1.51396954,2.08670807,4.00749779,1.83324313,-2.10053039,-7.77285147,-134.734055,-11.806778,6.6003356,-4.51578522,0.103283234,0.12,-0.4,0.2,0.12,0.12,0.3,0.3,-0.3,-0.3,0.08,-0.08,0.103283234,0.4,0.12,0.3,0.3,0.08,-0.12,0.2,0.12,-0.3,0.08,0.3
2493,58484814,1.29239774,2.66805458,-1.51357734,2.08886361,4.00723457,1.83292389,-2.09900761,-7.77546835,-134.738068,-11.8062429,6.60002041,-4.51463318,0.103391819,0.12,-0.4,0.2,0.12,0.12,0.3,0.3,-0.3,-0.3,0.08,-0.08,0.103391819,0.4,0.12,0.3,0.3,0.08,-0.12,0.2,0.12,-0.3,0.08,0.3
2494,58499606,1.29430437,2.66996145,-1.51292193,2.09150529,4.00720787,1.83257449,-2.0969553,-7.7787118,-134.742691,-11.806283,6.59987497,-4.51324034,0.10354435,0.12,-0.4,0.2,0.12,0.12,0.3,0.3,-0.3,-0.3,0.08,-0.08,0.10354435,0.4,0.12,0.3,0.3,0.08,-0.12,0.2,0.12,-0.3,0.08,0.3
2495,58522714,1.29690886,2.67248201,-1.51178801,2.09485555,4.00724745,1.83217955,-2.09423137,-7.78291273,-134.747787,-11.8069201,6.60025311,-4.51148367,0.103752708,0.12,-0.4,0.2,0.12,0.12,0.3,0.3,-0.3,-0.3,0.08,-0.08,0.103752708,0.4,0.12,0.3,0.3,0.08,-0.12,0.2,0.12,-0.3,0.08,0.3
2496,58542345,1.30034721,2.67535663,-1.5100801,2.09842205,4.00755405,1.83186042,-2.09077954,-7.78772068,-134.753204,-11.8082952,6.60108948,-4.50961351,0.104027777,0.12,-0.4,0.2,0.12,0.12,0.3,0.3,-0.3,-0.3,0.08,-0.08,0.104027777,0.4,0.12,0.3,0.3,0.08,-0.12,0.2,0.12,-0.3,0.08,0.3
2497,58561889,1.30430973,2.6784544,-1.50819862,2.10189819,4.00808048,1.83155537,-2.08719277,-7.79257965,-134.759155,-11.8103704,6.60242653,-4.50770998,0.104344778,0.12,-0.4,0.2,0.12,0.12,0.3,0.3,-0.3,-0.3,0.08,-0.08,0.104344778,0.4,0.12,0.3,0.3,0.08,-0.12,0.2,0.12,-0.3,0.08,0.3
2498,58597056,1.30819118,2.68162847,-1.50678217,2.10523224,4.0089879,1.83124602,-2.08417463,-7.79677153,-134.765594,-11.812973,6.603827,-4.50596523,0.104655294,0.12,-0.4,0.2,0.12,0.12,0.3,0.3,-0.3,-0.3,0.08,-0.08,0.104655294,0.4,0.12,0.3,0.3,0.08,-0.12,0.2,0.12,-0.3,0.08,0.3
2499,58602733,1.31234705,2.68455029,-1.50463641,2.10784435,4.00985289,1.83112156,-2.08086443,-7.80077887,-134.772552,-11.8160305,6.60569096,-4.50441694,0.104987764,0.12,-0.4,0.2,0.12,0.12,0.3,0.3,-0.3,-0.3,0.08,-0.08,0.104987764,0.4,0.12,0.3,0.3,0.08,-0.12,0.2,0.12,-0.3,0.08,0.3
2500,58621647,1.3167541,2.68698382,-1.50199127,2.10973072,4.01052618,1.83117044,-2.07739806,-7.80454063,-134.779785,-11.8191938,6.60838699,-4.50308561,0.105340328,0.12,-0.4,0.2,0.12,0.12,0.3,0.3,-0.3,-0.3,0.08,-0.08,0.105340328,0.4,0.12,0.3,0.3,0.08,-0.12,0.2,0.12,-0.3,0.08,0.3
2501,58642760,1.3212409,2.68856168,-1.49914515,2.11046791,4.01092482,1.83146811,-2.07409668,-7.80746222,-134.787018,-11.822176,6.61161566,-4.50212574,0.105699272,0.12,-0.4,0.2,0.12,0.12,0.3,0.3,-0.3,-0.3,0.08,-0.08,0.105699272,0.4,0.12,0.3,0.3,0.08,-0.12,0.2,0.12,-0.3,0.08,0.3
2502,58660503,1.32576573,2.68937325,-1.49618983,2.11032796,4.01117039,1.83198285,-2.07116485,-7.80953169,-134.794479,-11.8248367,6.61527395,-4.50152254,0.106061258,0.12,-0.4,0.2,0.12,0.12,0.3,0.3,-0.3,-0.3,0.08,-0.08,0.106061258,0.4,0.12,0.3,0.3,0.08,-0.12,0.2,0.12,-0.3,0.08,0.3
2503,58681665,1.32986736,2.68948984,-1.49385703,2.10907149,4.01133966,1.83266139,-2.06929207,-7.81019354,-134.80246,-11.8267918,6.61924076,-4.50125265,0.106389389,0.12,-0.4,0.2,0.12,0.12,0.3,0.3,-0.3,-0.3,0.08,-0.08,0.106389389,0.4,0.12,0.3,0.3,0.08,-0.12,0.2,0.12,-0.3,0.08,0.3
2504,58702461,1.33334208,2.68890238,-1.4919492,2.10684228,4.01136684,1.8335216,-2.06837177,-7.80960274,-134.81102,-11.8279762,6.62316084,-4.50133228,0.106667366,0.12,-0.4,0.2,0.12,0.12,0.3,0.3,-0.3,-0.3,0.08,-0.08,0.106667366,0.4,0.12,0.3,0.3,0.08,-0.12,0.2,0.12,-0.3,0.08,0.3
2505,58724691,1.33622336,2.6876905,-1.49034548,2.10385656,4.01122904,1.8344835,-2.06829739,-7.80805779,-134.820114,-11.8283386,6.62704277,-4.50167418,0.106897869,0.12,-0.4,0.2,0.12,0.12,0.3,0.3,-0.3,-0.3,0.08,-0.08,0.106897869,0.4,0.12,0.3,0.3,0.08,-0.12,0.2,0.12,-0.3,0.08,0.3
2506,58742804,1.33845615,2.68603969,-1.4893564,2.10027337,4.01120615,1.83547664,-2.06922436,-7.80549479,-134.829651,-11.8280106,6.63051605,-4.50229311,0.107076492,0.12,-0.4,0.2,0.12,0.12,0.3,0.3,-0.3,-0.3,0.08,-0.08,0.107076492,0.4,0.12,0.3,0.3,0.08,-0.12,0.2,0.12,-0.3,0.08,0.3
2507,58760318,1.33972943,2.68397164,-1.48920131,2.09603667,4.01117229,1.83641458,-2.07135105,-7.80175877,-134.839722,-11.8270082,6.63350964,-4.50315237,0.107178354,0.12,-0.4,0.2,0.12,0.12,0.3,0.3,-0.3,-0.3,0.08,-0.08,0.107178354,0.4,0.12,0.3,0.3,0.08,-0.12,0.2,0.12,-0.3,0.08,0.3
2508,58783278,1.34007859,2.68170118,-1.48957837,2.09173918,4.01110744,1.83722234,-2.07420444,-7.79739189,-134.850098,-11.825387,6.63595581,-4.50415945,0.107206287,0.12,-0.4,0.2,0.12,0.12,0.3,0.3,-0.3,-0.3,0.08,-0.08,0.107206287,0.4,0.12,0.3,0.3,0.08,-0.12,0.2,0.12,-0.3,0.08,0.3
2509,58804859,1.33968878,2.67903352,-1.49034953,2.08687067,4.01106834,1.83803737,-2.07767129,-7.79230213,-134.860794,-11.8232985,6.63781929,-4.50546598,0.107175102,0.12,-0.4,0.2,0.12,0.12,0.3,0.3,-0.3,-0.3,0.08,-0.08,0.107175102,0.4,0.12,0.3,0.3,0.08,-0.12,0.2,0.12,-0.3,0.08,0.3
2510,58822551,1.33873606,2.67619634,-1.49145627,2.0818913,4.01115322,1.83876741,-2.08158469,-7.78688288,-134.871658,-11.8209457,6.63919878,-4.50696659,0.107098885,0.12,-0.4,0.2,0.12,0.12,0.3,0.3,-0.3,-0.3,0.08,-0.08,0.107098885,0.4,0.12,0.3,0.3,0.08,-0.12,0.2,0.12,-0.3,0.08,0.3
2511,58840033,1.33731961,2.67326045,-1.49284506,2.07699609,4.01117706,1.83935857,-2.08573318,-7.78135347,-134.882492,-11.818326,6.64012766,-4.50850868,0.106985569,0.12,-0.4,0.2,0.12,0.12,0.3,0.3,-0.3,-0.3,0.08,-0.08,0.106985569,0.4,0.12,0.3,0.3,0.08,-0.12,0.2,0.12,-0.3,0.08,0.3
2512,58867948,1.33556449,2.67058015,-1.49466527,2.07264543,4.01134014,1.83978724,-2.09014893,-7.77592897,-134.893356,-11.8156538,6.64050341,-4.5099659,0.10684516,0.12,-0.4,0.2,0.12,0.12,0.3,0.3,-0.3,-0.3,0.08,-0.08,0.10684516,0.4,0.12,0.3,0.3,0.08,-0.12,0.2,0.12,-0.3,0.08,0.3
2513,58880856,1.3329705,2.66834736,-1.49758565,2.06931162,4.01226187,1.8399229,-2.09550929,-7.77006817,-134.903885,-11.8132973,6.63983822,-4.51149035,0.10663764,0.12,-0.4,0.2,0.12,0.12,0.3,0.3,-0.3,-0.3,0.08,-0.08,0.10663764,0.4,0.12,0.3,0.3,0.08,-0.12,0.2,0.12,-0.3,0.08,0.3
