frame_index,elapsed_us,raw_action_0,raw_action_1,raw_action_2,raw_action_3,raw_action_4,raw_action_5,raw_action_6,raw_action_7,raw_action_8,raw_action_9,raw_action_10,raw_action_11,target_q_model_rad_0,target_q_model_rad_1,target_q_model_rad_2,target_q_model_rad_3,target_q_model_rad_4,target_q_model_rad_5,target_q_model_rad_6,target_q_model_rad_7,target_q_model_rad_8,target_q_model_rad_9,target_q_model_rad_10,target_q_model_rad_11,target_rad_0,target_rad_1,target_rad_2,target_rad_3,target_rad_4,target_rad_5,target_rad_6,target_rad_7,target_rad_8,target_rad_9,target_rad_10,target_rad_11
0,8703819,0.127581403,-0.0646576509,0.00726792123,-0.0293139331,-0.00126391393,-0.0223697126,-0.211196184,-0.0766864344,-0.180583388,-0.148985803,0.157362431,-0.0393635966,0.0102065122,-0.00517261207,-0.196729435,-0.21319127,-0.000101113115,-0.00178957701,0.2,0.2,-0.0861166775,-0.0797971606,0.0125889945,-0.00314908773,0.0102065122,0.196729435,-0.000101113115,0.2,0.0861166775,0.0125889945,0.00517261207,-0.21319127,-0.00178957701,-0.2,0.00314908773,0.0797971606
1,8713090,0.184589118,-0.104855575,0.00136054901,0.0132907834,0.0122816553,-0.0278268829,-0.186444506,-0.0780520812,-0.211914599,-0.149402723,0.206686392,-0.0754982233,0.0147671294,-0.00838844597,-0.199387753,-0.194019147,0.000982532427,-0.00222615063,0.2,0.2,-0.0923829198,-0.0798805445,0.0165349114,-0.00603985786,0.0147671294,0.199387753,0.000982532427,0.2,0.0923829198,0.0165349114,0.00838844597,-0.194019147,-0.00222615063,-0.2,0.00603985786,0.0798805445
2,8731282,0.190235943,-0.109719567,-0.0033140115,0.026100684,0.0262363087,-0.0322350897,-0.140205592,-0.0485828407,-0.145625636,-0.094643496,0.233554333,-0.0870965794,0.0152188754,-0.00877756536,-0.201491305,-0.188254692,0.0020989047,-0.00257880718,0.2,0.2,-0.0791251272,-0.0689286992,0.0186843467,-0.00696772635,0.0152188754,0.201491305,0.0020989047,0.2,0.0791251272,0.0186843467,0.00877756536,-0.188254692,-0.00257880718,-0.2,0.00696772635,0.0689286992
3,8749396,0.181094661,-0.0993352234,-0.00529413577,0.0263404921,0.0285385028,-0.0461587496,-0.132092074,-0.0361821763,-0.089984946,-0.0688595995,0.256681412,-0.0761539787,0.0144875729,-0.00794681787,-0.202382361,-0.188146779,0.00228308022,-0.00369269997,0.2,0.2,-0.0679969892,-0.0637719199,0.020534513,-0.0060923183,0.0144875729,0.202382361,0.00228308022,0.2,0.0679969892,0.020534513,0.00794681787,-0.188146779,-0.00369269997,-0.2,0.0060923183,0.0637719199
4,8770265,0.16466561,-0.0966003835,-0.00533216214,0.0162035059,0.0164318103,-0.0628128201,-0.133831695,-0.041070655,-0.0904307663,-0.0920830667,0.264092416,-0.0630726367,0.0131732488,-0.00772803068,-0.202399473,-0.192708422,0.00131454483,-0.00502502561,0.2,0.2,-0.0680861533,-0.0684166133,0.0211273932,-0.00504581094,0.0131732488,0.202399473,0.00131454483,0.2,0.0680861533,0.0211273932,0.00772803068,-0.192708422,-0.00502502561,-0.2,0.00504581094,0.0684166133
5,8798652,0.152329564,-0.0942576006,-0.0050598532,0.00895916764,0.00482553896,-0.0757804662,-0.132740527,-0.0488175005,-0.108785525,-0.112715468,0.22733295,-0.0813188702,0.0121863651,-0.00754060805,-0.202276934,-0.195968375,0.000386043116,-0.0060624373,0.2,0.2,-0.071757105,-0.0725430936,0.018186636,-0.00650550961,0.0121863651,0.202276934,0.000386043116,0.2,0.071757105,0.018186636,0.00754060805,-0.195968375,-0.0060624373,-0.2,0.00650550961,0.0725430936
6,8813081,0.13882263,-0.100851335,0.00495778909,0.003201677,0.00749985501,-0.0807868689,-0.129786208,-0.0599598698,-0.118932009,-0.123008713,0.191479921,-0.0998717546,0.0111058104,-0.00806810677,-0.197768995,-0.198559245,0.000599988401,-0.00646294951,0.2,0.2,-0.0737864017,-0.0746017426,0.0153183937,-0.00798974037,0.0111058104,0.197768995,0.000599988401,0.2,0.0737864017,0.0153183937,0.00806810677,-0.198559245,-0.00646294951,-0.2,0.00798974037,0.0746017426
7,8832897,0.136005417,-0.0980011523,0.0119476207,0.00444940524,0.015787283,-0.0803883821,-0.12618795,-0.0582599714,-0.114332244,-0.116168976,0.168436527,-0.120490879,0.0108804333,-0.00784009218,-0.194623571,-0.197997768,0.00126298264,-0.00643107057,0.2,0.2,-0.0728664488,-0.0732337952,0.0134749222,-0.00963927031,0.0108804333,0.194623571,0.00126298264,0.2,0.0728664488,0.0134749222,0.00784009218,-0.197997768,-0.00643107057,-0.2,0.00963927031,0.0732337952
8,8856351,0.144236445,-0.0936306491,0.0145838056,0.00926832389,0.0267216042,-0.0696029887,-0.126541018,-0.0472536087,-0.0994538292,-0.0988061801,0.164694726,-0.131004468,0.0115389156,-0.00749045193,-0.193437287,-0.195829254,0.00213772833,-0.00556823909,0.2,0.2,-0.0698907658,-0.069761236,0.0131755781,-0.0104803574,0.0115389156,0.193437287,0.00213772833,0.2,0.0698907658,0.0131755781,0.00749045193,-0.195829254,-0.00556823909,-0.2,0.0104803574,0.069761236
9,8872308,0.153768048,-0.0916264579,0.00785684958,0.0134887975,0.0308118109,-0.0608185418,-0.136939734,-0.0473070443,-0.10874743,-0.0974713862,0.172481671,-0.124211289,0.0123014438,-0.00733011663,-0.196464418,-0.193930041,0.00246494487,-0.00486548334,0.2,0.2,-0.071749486,-0.0694942772,0.0137985337,-0.00993690312,0.0123014438,0.196464418,0.00246494487,0.2,0.071749486,0.0137985337,0.00733011663,-0.193930041,-0.00486548334,-0.2,0.00993690312,0.0694942772
10,8888779,0.159433663,-0.0933094025,0.00493638031,0.0142340446,0.0340114459,-0.054514531,-0.142615214,-0.0501895323,-0.124148451,-0.0993146151,0.177980185,-0.116310723,0.012754693,-0.0074647522,-0.197778629,-0.19359468,0.00272091568,-0.00436116248,0.2,0.2,-0.0748296902,-0.069862923,0.0142384148,-0.00930485785,0.012754693,0.197778629,0.00272091568,0.2,0.0748296902,0.0142384148,0.0074647522,-0.19359468,-0.00436116248,-0.2,0.00930485785,0.069862923
11,8910284,0.159808561,-0.0979091898,0.00101028208,0.0182502922,0.0359971933,-0.0544413961,-0.142157659,-0.0504145063,-0.127555624,-0.097325705,0.181575447,-0.105484016,0.0127846849,-0.00783273518,-0.199545373,-0.191787369,0.00287977546,-0.00435531169,0.2,0.2,-0.0755111247,-0.069465141,0.0145260358,-0.0084387213,0.0127846849,0.199545373,0.00287977546,0.2,0.0755111247,0.0145260358,0.00783273518,-0.191787369,-0.00435531169,-0.2,0.0084387213,0.069465141
12,8929583,0.161725342,-0.101082154,0.00178103847,0.0240130164,0.0357227921,-0.0573299006,-0.138023317,-0.0428877808,-0.117619552,-0.0859055668,0.180890322,-0.104011662,0.0129380274,-0.00808657229,-0.199198533,-0.189194143,0.00285782337,-0.00458639205,0.2,0.2,-0.0735239103,-0.0671811134,0.0144712257,-0.00832093298,0.0129380274,0.199198533,0.00285782337,0.2,0.0735239103,0.0144712257,0.00808657229,-0.189194143,-0.00458639205,-0.2,0.00832093298,0.0671811134
13,8951290,0.162945539,-0.101495162,-0.00326581136,0.028502617,0.0298346523,-0.0655108988,-0.137167007,-0.0392807387,-0.112590894,-0.0824098215,0.185573354,-0.0997280106,0.0130356431,-0.00811961293,-0.201469615,-0.187173822,0.00238677219,-0.00524087191,0.2,0.2,-0.0725181788,-0.0664819643,0.0148458683,-0.00797824085,0.0130356431,0.201469615,0.00238677219,0.2,0.0725181788,0.0148458683,0.00811961293,-0.187173822,-0.00524087191,-0.2,0.00797824085,0.0664819643
14,8968238,0.166459322,-0.101586469,-0.00691138208,0.0271881241,0.0218955465,-0.0766167194,-0.138659552,-0.0409426019,-0.119719714,-0.0870536044,0.182727396,-0.0978979617,0.0133167458,-0.00812691748,-0.203110122,-0.187765344,0.00175164372,-0.00612933755,0.2,0.2,-0.0739439428,-0.0674107209,0.0146181917,-0.00783183694,0.0133167458,0.203110122,0.00175164372,0.2,0.0739439428,0.0146181917,0.00812691748,-0.187765344,-0.00612933755,-0.2,0.00783183694,0.0674107209
15,9003000,0.167074054,-0.102617711,-0.00867883023,0.0253229924,0.0167321637,-0.0873787552,-0.137696758,-0.0446410291,-0.126594976,-0.0935741141,0.179848611,-0.0952219367,0.0133659244,-0.00820941687,-0.203905474,-0.188604653,0.0013385731,-0.00699030042,0.2,0.2,-0.0753189951,-0.0687148228,0.0143878889,-0.00761775494,0.0133659244,0.203905474,0.0013385731,0.2,0.0753189951,0.0143878889,0.00820941687,-0.188604653,-0.00699030042,-0.2,0.00761775494,0.0687148228
16,9009287,0.162276715,-0.102032512,-0.00501277484,0.0209251177,0.0165292751,-0.0935472101,-0.134263754,-0.0498619862,-0.127973393,-0.100427724,0.179430529,-0.0910526887,0.0129821372,-0.00816260099,-0.202255749,-0.190583697,0.00132234201,-0.00748377681,0.2,0.2,-0.0755946785,-0.0700855449,0.0143544424,-0.00728421509,0.0129821372,0.202255749,0.00132234201,0.2,0.0755946785,0.0143544424,0.00816260099,-0.190583697,-0.00748377681,-0.2,0.00728421509,0.0700855449
17,9027497,0.15693076,-0.0997944176,0.00359512027,0.0171143953,0.021405505,-0.0923208222,-0.129733935,-0.0500627756,-0.119313456,-0.100245617,0.176689461,-0.0904462188,0.0125544608,-0.00798355341,-0.198382196,-0.192298522,0.0017124404,-0.00738566577,0.2,0.2,-0.0738626912,-0.0700491235,0.0141351569,-0.00723569751,0.0125544608,0.198382196,0.0017124404,0.2,0.0738626912,0.0141351569,0.00798355341,-0.192298522,-0.00738566577,-0.2,0.00723569751,0.0700491235
18,9052267,0.154039964,-0.0973796993,0.0129592083,0.0150743704,0.0298263747,-0.0822186098,-0.127705604,-0.047741279,-0.108881965,-0.0959040895,0.176554903,-0.091411747,0.0123231971,-0.00779037595,-0.194168356,-0.193216533,0.00238610998,-0.00657748878,0.2,0.2,-0.0717763931,-0.0691808179,0.0141243923,-0.00731293976,0.0123231971,0.194168356,0.00238610998,0.2,0.0717763931,0.0141243923,0.00779037595,-0.193216533,-0.00657748878,-0.2,0.00731293976,0.0691808179
19,9069773,0.15094927,-0.0933670402,0.0199988838,0.0155651551,0.0394355543,-0.0687613264,-0.128916681,-0.0453805029,-0.0989344716,-0.0902376845,0.183772251,-0.0900522321,0.0120759416,-0.00746936321,-0.191000502,-0.19299568,0.00315484434,-0.00550090611,0.2,0.2,-0.0697868943,-0.0680475369,0.0147017801,-0.00720417857,0.0120759416,0.191000502,0.00315484434,0.2,0.0697868943,0.0147017801,0.00746936321,-0.19299568,-0.00550090611,-0.2,0.00720417857,0.0680475369
20,9089146,0.144666687,-0.0908804163,0.0250601545,0.0137592023,0.0492093191,-0.053774491,-0.131624073,-0.0483765006,-0.0984354168,-0.0899360776,0.192886889,-0.0860873908,0.0115733349,-0.00727043331,-0.18872293,-0.193808359,0.00393674552,-0.00430195928,0.2,0.2,-0.0696870834,-0.0679872155,0.0154309511,-0.00688699126,0.0115733349,0.18872293,0.00393674552,0.2,0.0696870834,0.0154309511,0.00727043331,-0.193808359,-0.00430195928,-0.2,0.00688699126,0.0679872155
21,9116220,0.137575135,-0.0911746398,0.0279224515,0.0109819323,0.0588307455,-0.0392448343,-0.134391502,-0.0530767031,-0.105426148,-0.0921275541,0.197164848,-0.0834362283,0.0110060108,-0.00729397118,-0.187434897,-0.19505813,0.00470645964,-0.00313958675,0.2,0.2,-0.0710852295,-0.0684255108,0.0157731879,-0.00667489827,0.0110060108,0.187434897,0.00470645964,0.2,0.0710852295,0.0157731879,0.00729397118,-0.19505813,-0.00313958675,-0.2,0.00667489827,0.0684255108
22,9129093,0.13290666,-0.0915355161,0.0275938194,0.0120346313,0.0660444275,-0.0283730607,-0.137430623,-0.0523813292,-0.111995265,-0.0911768153,0.197499052,-0.086048536,0.0106325328,-0.00732284129,-0.187582781,-0.194584416,0.0052835542,-0.00226984486,0.2,0.2,-0.072399053,-0.0682353631,0.0157999241,-0.00688388288,0.0106325328,0.187582781,0.0052835542,0.2,0.072399053,0.0157999241,0.00732284129,-0.194584416,-0.00226984486,-0.2,0.00688388288,0.0682353631
23,9149163,0.131436124,-0.0908175334,0.0273546576,0.0154300053,0.0715369806,-0.0196794178,-0.139903396,-0.0477948897,-0.115842655,-0.0860676318,0.198371127,-0.0904223323,0.01051489,-0.00726540267,-0.187690404,-0.193056498,0.00572295845,-0.00157435343,0.2,0.2,-0.0731685311,-0.0672135264,0.0158696902,-0.00723378658,0.01051489,0.187690404,0.00572295845,0.2,0.0731685311,0.0158696902,0.00726540267,-0.193056498,-0.00157435343,-0.2,0.00723378658,0.0672135264
24,9170904,0.134739071,-0.0908608809,0.0183641911,0.0208809637,0.0683779567,-0.02109221,-0.141906679,-0.0431590006,-0.120219946,-0.0826489702,0.196706399,-0.0930026546,0.0107791257,-0.00726887047,-0.191736114,-0.190603566,0.00547023654,-0.0016873768,0.2,0.2,-0.0740439892,-0.066529794,0.0157365119,-0.00744021237,0.0107791257,0.191736114,0.00547023654,0.2,0.0740439892,0.0157365119,0.00726887047,-0.190603566,-0.0016873768,-0.2,0.00744021237,0.066529794
25,9191078,0.142134249,-0.0931989551,0.0127435047,0.0230740272,0.0618692264,-0.0249977019,-0.144544914,-0.0389496088,-0.128945157,-0.0800873414,0.19231154,-0.0975600481,0.0113707399,-0.0074559164,-0.194265423,-0.189616688,0.00494953811,-0.00199981615,0.2,0.2,-0.0757890314,-0.0660174683,0.0153849232,-0.00780480385,0.0113707399,0.194265423,0.00494953811,0.2,0.0757890314,0.0153849232,0.0074559164,-0.189616688,-0.00199981615,-0.2,0.00780480385,0.0660174683
26,9212881,0.15087752,-0.0962804258,0.00749260839,0.0236125439,0.0553596839,-0.0313422531,-0.145175651,-0.0382442996,-0.136617765,-0.0774887726,0.186453119,-0.0994161218,0.0120702016,-0.00770243406,-0.196628326,-0.189374355,0.00442877471,-0.00250738025,0.2,0.2,-0.077323553,-0.0654977545,0.0149162495,-0.00795328975,0.0120702016,0.196628326,0.00442877471,0.2,0.077323553,0.0149162495,0.00770243406,-0.189374355,-0.00250738025,-0.2,0.00795328975,0.0654977545
27,9228151,0.157562807,-0.10064932,0.00321253389,0.0225481745,0.0492423698,-0.0395989902,-0.144953132,-0.0395900384,-0.14475584,-0.0780949146,0.17886433,-0.100388274,0.0126050246,-0.00805194557,-0.19855436,-0.189853321,0.00393938959,-0.00316791922,0.2,0.2,-0.0789511681,-0.0656189829,0.0143091464,-0.00803106189,0.0126050246,0.19855436,0.00393938959,0.2,0.0789511681,0.0143091464,0.00805194557,-0.189853321,-0.00316791922,-0.2,0.00803106189,0.0656189829
28,9265871,0.161429644,-0.103974536,-0.00202208944,0.0223263372,0.0439650901,-0.0491028316,-0.146134228,-0.0429034606,-0.154266134,-0.0836561173,0.176952168,-0.0985310972,0.0129143715,-0.00831796288,-0.20090994,-0.189953148,0.00351720721,-0.00392822653,0.2,0.2,-0.0808532268,-0.0667312235,0.0141561735,-0.00788248777,0.0129143715,0.20090994,0.00351720721,0.2,0.0808532268,0.0141561735,0.00831796288,-0.189953148,-0.00392822653,-0.2,0.00788248777,0.0667312235
29,9272479,0.164021388,-0.105044819,-0.00411893334,0.0227701105,0.0400255397,-0.0583116338,-0.146546483,-0.0454888344,-0.158885762,-0.0887334272,0.178971872,-0.0974769145,0.013121711,-0.00840358555,-0.20185352,-0.18975345,0.00320204318,-0.0046649307,0.2,0.2,-0.0817771524,-0.0677466854,0.0143177497,-0.00779815316,0.013121711,0.20185352,0.00320204318,0.2,0.0817771524,0.0143177497,0.00840358555,-0.18975345,-0.0046649307,-0.2,0.00779815316,0.0677466854
30,9289202,0.165423125,-0.106322363,-0.00219156663,0.0206990466,0.0388521813,-0.0632308125,-0.146147311,-0.0484471396,-0.163547263,-0.0928204432,0.17436938,-0.0990864635,0.01323385,-0.00850578904,-0.200986205,-0.190685429,0.0031081745,-0.005058465,0.2,0.2,-0.0827094525,-0.0685640886,0.0139495504,-0.00792691708,0.01323385,0.200986205,0.0031081745,0.2,0.0827094525,0.0139495504,0.00850578904,-0.190685429,-0.005058465,-0.2,0.00792691708,0.0685640886
31,9310664,0.16745016,-0.106183887,-0.00207782653,0.0201815311,0.0387601703,-0.0668964386,-0.144954026,-0.0491544604,-0.163296208,-0.0942421034,0.167524219,-0.100793883,0.0133960128,-0.00849471092,-0.200935022,-0.190918311,0.00310081363,-0.00535171509,0.2,0.2,-0.0826592416,-0.0688484207,0.0134019375,-0.00806351066,0.0133960128,0.200935022,0.00310081363,0.2,0.0826592416,0.0134019375,0.00849471092,-0.190918311,-0.00535171509,-0.2,0.00806351066,0.0688484207
32,9329903,0.168981537,-0.1051495,0.00118686713,0.0195388515,0.0408756286,-0.0661358982,-0.146064952,-0.0482560284,-0.16249074,-0.0942920446,0.164823785,-0.103608094,0.013518523,-0.00841196001,-0.19946591,-0.191207517,0.00327005029,-0.00529087186,0.2,0.2,-0.0824981481,-0.0688584089,0.0131859028,-0.00828864753,0.013518523,0.19946591,0.00327005029,0.2,0.0824981481,0.0131859028,0.00841196001,-0.191207517,-0.00529087186,-0.2,0.00828864753,0.0688584089
33,9356746,0.169153064,-0.104479074,-0.0009046208,0.0204725675,0.0416456573,-0.067096293,-0.147382528,-0.050174918,-0.163428769,-0.096858643,0.166516542,-0.103019044,0.0135322452,-0.00835832596,-0.200407079,-0.190787345,0.00333165258,-0.00536770344,0.2,0.2,-0.0826857537,-0.0693717286,0.0133213234,-0.0082415235,0.0135322452,0.200407079,0.00333165258,0.2,0.0826857537,0.0133213234,0.00835832596,-0.190787345,-0.00536770344,-0.2,0.0082415235,0.0693717286
34,9368257,0.168267027,-0.10743285,-0.00223833066,0.018889213,0.0423351005,-0.0665567219,-0.147844687,-0.0545930825,-0.169251874,-0.102043703,0.162614584,-0.102516904,0.0134613621,-0.00859462798,-0.201007249,-0.191499854,0.00338680804,-0.00532453775,0.2,0.2,-0.0838503748,-0.0704087406,0.0130091667,-0.00820135236,0.0134613621,0.201007249,0.00338680804,0.2,0.0838503748,0.0130091667,0.00859462798,-0.191499854,-0.00532453775,-0.2,0.00820135236,0.0704087406
35,9389862,0.166724995,-0.11053697,-0.00453698263,0.0185237341,0.0424188636,-0.0673004389,-0.148220062,-0.0570566021,-0.175177649,-0.10663157,0.154558212,-0.104007758,0.0133379996,-0.00884295762,-0.202041642,-0.19166432,0.00339350909,-0.00538403511,0.2,0.2,-0.0850355297,-0.0713263139,0.0123646569,-0.00832062066,0.0133379996,0.202041642,0.00339350909,0.2,0.0850355297,0.0123646569,0.00884295762,-0.19166432,-0.00538403511,-0.2,0.00832062066,0.0713263139
36,9408833,0.164527714,-0.111132495,-0.00785573944,0.0195134692,0.0410841815,-0.0706882551,-0.147460923,-0.0580506362,-0.177502915,-0.110499091,0.148020461,-0.105732322,0.0131622171,-0.00889059961,-0.203535083,-0.191218939,0.00328673452,-0.00565506041,0.2,0.2,-0.0855005831,-0.0720998183,0.0118416369,-0.00845858574,0.0131622171,0.203535083,0.00328673452,0.2,0.0855005831,0.0118416369,0.00889059961,-0.191218939,-0.00565506041,-0.2,0.00845858574,0.0720998183
37,9435913,0.162638098,-0.111381762,-0.0110611338,0.0209407583,0.0379922725,-0.0768901408,-0.146489054,-0.0583194382,-0.176951155,-0.113958113,0.145761147,-0.105730966,0.0130110478,-0.00891054094,-0.20497751,-0.190576659,0.0030393818,-0.00615121126,0.2,0.2,-0.085390231,-0.0727916226,0.0116608918,-0.00845847726,0.0130110478,0.20497751,0.0030393818,0.2,0.085390231,0.0116608918,0.00891054094,-0.190576659,-0.00615121126,-0.2,0.00845847726,0.0727916226
38,9454299,0.159831896,-0.112899564,-0.0181082599,0.0238877498,0.0306525473,-0.0896297395,-0.143421456,-0.0603287183,-0.17441842,-0.12085928,0.147878483,-0.101816483,0.0127865517,-0.00903196514,-0.208148717,-0.189250513,0.00245220378,-0.00717037916,0.2,0.2,-0.0848836839,-0.074171856,0.0118302786,-0.00814531863,0.0127865517,0.208148717,0.00245220378,0.2,0.0848836839,0.0118302786,0.00903196514,-0.189250513,-0.00717037916,-0.2,0.00814531863,0.074171856
39,9468519,0.159441009,-0.114346176,-0.0219732728,0.0252814982,0.0210470017,-0.10522306,-0.138371632,-0.0596530847,-0.169239759,-0.124504909,0.138988867,-0.101241887,0.0127552807,-0.00914769411,-0.209887973,-0.188623326,0.00168376014,-0.00841784477,0.2,0.2,-0.0838479519,-0.0749009818,0.0111191094,-0.00809935093,0.0127552807,0.209887973,0.00168376014,0.2,0.0838479519,0.0111191094,0.00914769411,-0.188623326,-0.00841784477,-0.2,0.00809935093,0.0749009818
40,9492362,0.15798007,-0.116586268,-0.0256120451,0.0256590676,0.0111641465,-0.122072898,-0.133256435,-0.0610836521,-0.166142821,-0.130043089,0.126586199,-0.100545071,0.0126384056,-0.00932690144,-0.21152542,-0.18845342,0.000893131718,-0.00976583183,0.2,0.2,-0.0832285643,-0.0760086179,0.0101268959,-0.00804360569,0.0126384056,0.21152542,0.000893131718,0.2,0.0832285643,0.0101268959,0.00932690144,-0.18845342,-0.00976583183,-0.2,0.00804360569,0.0760086179
41,9508303,0.154974192,-0.11724785,-0.0272174217,0.0254043434,0.00290636509,-0.13846077,-0.126829848,-0.0633548573,-0.159184411,-0.135815009,0.119577773,-0.0991917104,0.0123979354,-0.00937982798,-0.21224784,-0.188568045,0.000232509207,-0.0110768616,0.2,0.2,-0.0818368822,-0.0771630019,0.00956622183,-0.00793533683,0.0123979354,0.21224784,0.000232509207,0.2,0.0818368822,0.00956622183,0.00937982798,-0.188568045,-0.0110768616,-0.2,0.00793533683,0.0771630019
42,9533517,0.147981867,-0.116858438,-0.0275014043,0.0232288316,-0.00394625543,-0.154696554,-0.119245179,-0.0684277341,-0.14782542,-0.14404209,0.121248715,-0.0951039866,0.0118385494,-0.00934867501,-0.212375632,-0.189547026,-0.000315700434,-0.0123757243,0.2,0.2,-0.079565084,-0.0788084179,0.00969989717,-0.00760831892,0.0118385494,0.212375632,-0.000315700434,0.2,0.079565084,0.00969989717,0.00934867501,-0.189547026,-0.0123757243,-0.2,0.00760831892,0.0788084179
43,9549236,0.137739241,-0.116705254,-0.0232436322,0.0186857544,-0.0085644871,-0.167681769,-0.109977618,-0.0753150582,-0.132446706,-0.153068274,0.126027316,-0.090116404,0.0110191393,-0.0093364203,-0.210459634,-0.191591411,-0.000685158968,-0.0134145415,0.2,0.2,-0.0764893413,-0.0806136549,0.0100821853,-0.00720931232,0.0110191393,0.210459634,-0.000685158968,0.2,0.0764893413,0.0100821853,0.0093364203,-0.191591411,-0.0134145415,-0.2,0.00720931232,0.0806136549
44,9569771,0.125780642,-0.114081576,-0.0165434312,0.0127018336,-0.0115845697,-0.175863132,-0.103153966,-0.0827649161,-0.118238851,-0.162928656,0.130792186,-0.0867268592,0.0100624514,-0.00912652612,-0.207444544,-0.194284175,-0.000926765576,-0.0140690506,0.2,0.2,-0.0736477703,-0.0825857311,0.0104633749,-0.00693814874,0.0100624514,0.207444544,-0.000926765576,0.2,0.0736477703,0.0104633749,0.00912652612,-0.194284175,-0.0140690506,-0.2,0.00693814874,0.0825857311
45,9597053,0.116210811,-0.109487377,-0.00552932965,0.00607358431,-0.0116144596,-0.176231354,-0.0983798802,-0.0862744004,-0.104447901,-0.166698292,0.126215279,-0.0885950103,0.00929686487,-0.00875899017,-0.202488198,-0.197266887,-0.000929156765,-0.0140985084,0.2,0.2,-0.0708895802,-0.0833396584,0.0100972223,-0.00708760083,0.00929686487,0.202488198,-0.000929156765,0.2,0.0708895802,0.0100972223,0.00875899017,-0.197266887,-0.0140985084,-0.2,0.00708760083,0.0833396584
46,9609096,0.108089469,-0.10459125,0.00173838018,0.00119853113,-0.00944212452,-0.169671997,-0.0979558155,-0.0899039581,-0.0991518199,-0.171666116,0.120249785,-0.0899726227,0.00864715755,-0.00836730003,-0.199217729,-0.199460661,-0.000755369961,-0.0135737598,0.2,0.2,-0.069830364,-0.0843332231,0.00961998284,-0.00719780982,0.00864715755,0.199217729,-0.000755369961,0.2,0.069830364,0.00961998284,0.00836730003,-0.199460661,-0.0135737598,-0.2,0.00719780982,0.0843332231
47,9629699,0.103428677,-0.0995638818,0.0086055696,-0.00212625414,-0.00377561874,-0.156282797,-0.0999335721,-0.0899290293,-0.096145384,-0.172008559,0.114876784,-0.0903879553,0.00827429414,-0.00796511054,-0.196127494,-0.200956814,-0.000302049499,-0.0125026238,0.2,0.2,-0.0692290768,-0.0844017118,0.00919014275,-0.00723103642,0.00827429414,0.196127494,-0.000302049499,0.2,0.0692290768,0.00919014275,0.00796511054,-0.200956814,-0.0125026238,-0.2,0.00723103642,0.0844017118
48,9648874,0.100926086,-0.0940551087,0.012342249,-0.00135264779,0.0041360436,-0.139351934,-0.104199983,-0.0862826034,-0.0903654695,-0.167169526,0.120522305,-0.0868061334,0.0080740869,-0.0075244087,-0.194445988,-0.200608692,0.000330883488,-0.0111481547,0.2,0.2,-0.0680730939,-0.0834339052,0.00964178443,-0.00694449067,0.0080740869,0.194445988,0.000330883488,0.2,0.0680730939,0.00964178443,0.0075244087,-0.200608692,-0.0111481547,-0.2,0.00694449067,0.0834339052
49,9668224,0.100609191,-0.0898213014,0.0139678782,0.00262795435,0.0123963645,-0.122074872,-0.110198393,-0.0807341784,-0.0842897519,-0.159081146,0.136397526,-0.0798668861,0.00804873526,-0.00718570411,-0.193714455,-0.198817421,0.000991709158,-0.00976598978,0.2,0.2,-0.0668579504,-0.0818162292,0.0109118021,-0.00638935089,0.00804873526,0.193714455,0.000991709158,0.2,0.0668579504,0.0109118021,0.00718570411,-0.198817421,-0.00976598978,-0.2,0.00638935089,0.0818162292
50,9693543,0.10709361,-0.0874989405,0.0121436501,0.00944973156,0.0170347914,-0.109594882,-0.116881929,-0.0707408711,-0.0790425092,-0.14571625,0.14564915,-0.0773522183,0.00856748879,-0.00699991524,-0.194535357,-0.195747621,0.00136278331,-0.00876759052,0.2,0.2,-0.0658085018,-0.07914325,0.011651932,-0.00618817747,0.00856748879,0.194535357,0.00136278331,0.2,0.0658085018,0.011651932,0.00699991524,-0.195747621,-0.00876759052,-0.2,0.00618817747,0.07914325
51,9710817,0.116646424,-0.088240236,0.00998951122,0.0148088662,0.0186060034,-0.100018136,-0.123690993,-0.0615337864,-0.081901744,-0.132934108,0.148543656,-0.0785883218,0.00933171391,-0.00705921888,-0.19550472,-0.19333601,0.00148848027,-0.0080014509,0.2,0.2,-0.0663803488,-0.0765868217,0.0118834925,-0.00628706574,0.00933171391,0.19550472,0.00148848027,0.2,0.0663803488,0.0118834925,0.00705921888,-0.19333601,-0.0080014509,-0.2,0.00628706574,0.0765868217
52,9730718,0.12672101,-0.088632822,0.00185707875,0.0221778844,0.0162746254,-0.0985387862,-0.127728537,-0.0536601283,-0.0864587575,-0.122461148,0.152055323,-0.0808842108,0.0101376808,-0.00709062576,-0.199164315,-0.190019952,0.00130197003,-0.00788310289,0.2,0.2,-0.0672917515,-0.0744922295,0.0121644258,-0.00647073686,0.0101376808,0.199164315,0.00130197003,0.2,0.0672917515,0.0121644258,0.00709062576,-0.190019952,-0.00788310289,-0.2,0.00647073686,0.0744922295
53,9750394,0.134341612,-0.0895601958,-0.00782773178,0.0270818975,0.0103384536,-0.105850793,-0.128904417,-0.0493598618,-0.0927901492,-0.117714979,0.158200428,-0.0814047977,0.010747329,-0.00716481566,-0.203522479,-0.187813146,0.000827076286,-0.00846806347,0.2,0.2,-0.0685580298,-0.0735429958,0.0126560342,-0.00651238382,0.010747329,0.203522479,0.000827076286,0.2,0.0685580298,0.0126560342,0.00716481566,-0.187813146,-0.00846806347,-0.2,0.00651238382,0.0735429958
54,9774260,0.142665908,-0.0935385153,-0.0127560971,0.0292263236,0.00469128694,-0.115071833,-0.127438918,-0.0475355238,-0.0986307189,-0.114728071,0.160580322,-0.0840660334,0.0114132726,-0.00748308122,-0.205740244,-0.186848154,0.000375302956,-0.00920574665,0.2,0.2,-0.0697261438,-0.0729456142,0.0128464258,-0.00672528267,0.0114132726,0.205740244,0.000375302956,0.2,0.0697261438,0.0128464258,0.00748308122,-0.186848154,-0.00920574665,-0.2,0.00672528267,0.0729456142
55,9795935,0.150914654,-0.0990527347,-0.0121631306,0.0276243631,0.00152221159,-0.122129731,-0.12483535,-0.0472888388,-0.103871427,-0.112158664,0.150938123,-0.0904684588,0.0120731723,-0.00792421877,-0.205473409,-0.187569037,0.000121776927,-0.00977037847,0.2,0.2,-0.0707742855,-0.0724317327,0.0120750499,-0.00723747671,0.0120731723,0.205473409,0.000121776927,0.2,0.0707742855,0.0120750499,0.00792421877,-0.187569037,-0.00977037847,-0.2,0.00723747671,0.0724317327
56,9809426,0.158218116,-0.103078082,-0.00755639188,0.024069367,0.00194961554,-0.123533487,-0.124602087,-0.0476569012,-0.108546421,-0.109640755,0.1402843,-0.0976002067,0.0126574492,-0.00824624658,-0.203400376,-0.189168785,0.000155969243,-0.00988267899,0.2,0.2,-0.0717092842,-0.071928151,0.011222744,-0.00780801654,0.0126574492,0.203400376,0.000155969243,0.2,0.0717092842,0.011222744,0.00824624658,-0.189168785,-0.00988267899,-0.2,0.00780801654,0.071928151
57,9829246,0.161693797,-0.104151078,-0.000686509942,0.020433113,0.00792539213,-0.117107101,-0.125268593,-0.0501444973,-0.110133201,-0.108078912,0.142226383,-0.100125626,0.0129355037,-0.00833208621,-0.200308929,-0.190805099,0.00063403137,-0.00936856806,0.2,0.2,-0.0720266402,-0.0716157824,0.0113781106,-0.00801005006,0.0129355037,0.200308929,0.00063403137,0.2,0.0720266402,0.0113781106,0.00833208621,-0.190805099,-0.00936856806,-0.2,0.00801005006,0.0716157824
58,9849830,0.164126009,-0.104253441,0.00841199979,0.0183883514,0.0184981655,-0.104059637,-0.125964299,-0.0503905416,-0.105746716,-0.102515623,0.150219128,-0.101806536,0.0131300807,-0.00834027529,-0.1962146,-0.191725242,0.00147985324,-0.00832477093,0.2,0.2,-0.0711493433,-0.0705031246,0.0120175302,-0.00814452291,0.0131300807,0.1962146,0.00147985324,0.2,0.0711493433,0.0120175302,0.00834027529,-0.191725242,-0.00832477093,-0.2,0.00814452291,0.0705031246
59,9877623,0.16695036,-0.104759857,0.0186441839,0.0154608721,0.0328460895,-0.0830361694,-0.128926322,-0.050940644,-0.106498696,-0.0964949504,0.154017404,-0.10334038,0.0133560288,-0.00838078856,-0.191610117,-0.193042608,0.00262768716,-0.00664289355,0.2,0.2,-0.0712997392,-0.0692989901,0.0123213923,-0.00826723039,0.0133560288,0.191610117,0.00262768716,0.2,0.0712997392,0.0123213923,0.00838078856,-0.193042608,-0.00664289355,-0.2,0.00826723039,0.0692989901
60,9888632,0.166310176,-0.102991588,0.0258595273,0.0135395685,0.0499170087,-0.0588490069,-0.137310937,-0.0540329106,-0.118224077,-0.0957987532,0.162254423,-0.104127146,0.0133048141,-0.00823932707,-0.188363213,-0.193907194,0.0039933607,-0.00470792055,0.2,0.2,-0.0736448154,-0.0691597506,0.0129803538,-0.0083301717,0.0133048141,0.188363213,0.0039933607,0.2,0.0736448154,0.0129803538,0.00823932707,-0.193907194,-0.00470792055,-0.2,0.0083301717,0.0691597506
61,9909824,0.165001348,-0.0990321413,0.0299116205,0.0138325635,0.0685137212,-0.0349327363,-0.143474028,-0.0537938327,-0.129369035,-0.0916454867,0.167323649,-0.10839434,0.0132001078,-0.0079225713,-0.186539771,-0.193775346,0.0054810977,-0.0027946189,0.2,0.2,-0.0758738071,-0.0683290973,0.0133858919,-0.00867154717,0.0132001078,0.186539771,0.0054810977,0.2,0.0758738071,0.0133858919,0.0079225713,-0.193775346,-0.0027946189,-0.2,0.00867154717,0.0683290973
62,9939213,0.166892484,-0.0948409662,0.0282622594,0.0190162789,0.0828508213,-0.0169613883,-0.147138074,-0.0475293174,-0.134344667,-0.0807923675,0.168351054,-0.113693699,0.0133513987,-0.00758727729,-0.187281983,-0.191442674,0.00662806571,-0.00135691106,0.2,0.2,-0.0768689334,-0.0661584735,0.0134680843,-0.00909549594,0.0133513987,0.187281983,0.00662806571,0.2,0.0768689334,0.0134680843,0.00758727729,-0.191442674,-0.00135691106,-0.2,0.00909549594,0.0661584735
63,9952657,0.171217591,-0.0918599665,0.025356805,0.0240220036,0.0925671905,-0.00195961376,-0.151880756,-0.0406945832,-0.14408271,-0.0705345273,0.16635029,-0.118323505,0.0136974072,-0.00734879732,-0.188589438,-0.189190098,0.00740537524,-0.000156769101,0.2,0.2,-0.078816542,-0.0641069055,0.0133080232,-0.00946588039,0.0136974072,0.188589438,0.00740537524,0.2,0.078816542,0.0133080232,0.00734879732,-0.189190098,-0.000156769101,-0.2,0.00946588039,0.0641069055
64,9969234,0.17866464,-0.0899244696,0.0189348962,0.0310017951,0.0959360301,0.00551497657,-0.155406862,-0.0329462066,-0.150424302,-0.0592674054,0.167677596,-0.122408919,0.0142931712,-0.00719395757,-0.191479297,-0.186049192,0.00767488241,0.000441198125,0.2,0.2,-0.0800848603,-0.0618534811,0.0134142077,-0.00979271352,0.0142931712,0.191479297,0.00767488241,0.2,0.0800848603,0.0134142077,0.00719395757,-0.186049192,0.000441198125,-0.2,0.00979271352,0.0618534811
65,9992763,0.185637861,-0.0927778929,0.0107758353,0.0374492779,0.091875352,0.0048303511,-0.155420676,-0.0287785977,-0.151848838,-0.0512843132,0.177380517,-0.119395152,0.0148510289,-0.00742223144,-0.195150874,-0.183147825,0.00735002816,0.000386428088,0.2,0.2,-0.0803697675,-0.0602568626,0.0141904414,-0.00955161214,0.0148510289,0.195150874,0.00735002816,0.2,0.0803697675,0.0141904414,0.00742223144,-0.183147825,0.000386428088,-0.2,0.00955161214,0.0602568626
66,10009725,0.192225963,-0.0977072641,0.00220439374,0.0390497521,0.0808720514,-0.0046029496,-0.158681661,-0.0304685533,-0.160374478,-0.053016156,0.185085848,-0.112778343,0.015378077,-0.00781658113,-0.199008023,-0.182427612,0.00646976411,-0.000368235968,0.2,0.2,-0.0820748955,-0.0606032312,0.0148068678,-0.00902226746,0.015378077,0.199008023,0.00646976411,0.2,0.0820748955,0.0148068678,0.00781658113,-0.182427612,-0.000368235968,-0.2,0.00902226746,0.0606032312
67,10038408,0.197310686,-0.103227802,-0.00411849329,0.037591815,0.0693188533,-0.0183039699,-0.158091068,-0.0331140943,-0.171428144,-0.0576614775,0.178717971,-0.109370477,0.0157848549,-0.00825822413,-0.201853322,-0.183083683,0.00554550827,-0.00146431759,0.2,0.2,-0.0842856288,-0.0615322955,0.0142974377,-0.0087496382,0.0157848549,0.201853322,0.00554550827,0.2,0.0842856288,0.0142974377,0.00825822413,-0.183083683,-0.00146431759,-0.2,0.0087496382,0.0615322955
68,10047086,0.198366657,-0.108075723,-0.00935764518,0.0364526287,0.0591026954,-0.0336636789,-0.154657781,-0.0361029431,-0.177987948,-0.0635771453,0.169881046,-0.107013017,0.0158693326,-0.00864605784,-0.20421094,-0.183596317,0.00472821563,-0.00269309431,0.2,0.2,-0.0855975896,-0.0627154291,0.0135904837,-0.00856104136,0.0158693326,0.20421094,0.00472821563,0.2,0.0855975896,0.0135904837,0.00864605784,-0.183596317,-0.00269309431,-0.2,0.00856104136,0.0627154291
69,10068559,0.197776884,-0.109633066,-0.00671729585,0.0340287052,0.0535353087,-0.0449012108,-0.149261951,-0.0365477651,-0.175154686,-0.0654778779,0.162798926,-0.108498618,0.0158221507,-0.00877064526,-0.203022783,-0.184687083,0.0042828247,-0.00359209687,0.2,0.2,-0.0850309372,-0.0630955756,0.0130239141,-0.00867988944,0.0158221507,0.203022783,0.0042828247,0.2,0.0850309372,0.0130239141,0.00877064526,-0.184687083,-0.00359209687,-0.2,0.00867988944,0.0630955756
70,10091530,0.197198421,-0.108596526,-0.00280069164,0.0324404314,0.0516439006,-0.0509254262,-0.14507708,-0.0372538455,-0.166367441,-0.0667337328,0.16475904,-0.108885735,0.0157758737,-0.00868772209,-0.201260311,-0.185401806,0.00413151205,-0.00407403409,0.2,0.2,-0.0832734883,-0.0633467466,0.0131807232,-0.00871085882,0.0157758737,0.201260311,0.00413151205,0.2,0.0832734883,0.0131807232,0.00868772209,-0.185401806,-0.00407403409,-0.2,0.00871085882,0.0633467466
71,10110862,0.194827378,-0.106737778,0.00744206924,0.0288877878,0.056261003,-0.0471316576,-0.142221689,-0.0401536748,-0.155139685,-0.0686466396,0.176003084,-0.106302977,0.0155861902,-0.00853902221,-0.196651069,-0.187000495,0.00450088024,-0.00377053261,0.2,0.2,-0.0810279369,-0.0637293279,0.0140802467,-0.00850423813,0.0155861902,0.196651069,0.00450088024,0.2,0.0810279369,0.0140802467,0.00853902221,-0.187000495,-0.00377053261,-0.2,0.00850423813,0.0637293279
72,10130400,0.18769592,-0.104175463,0.0134492852,0.024035329,0.0622151755,-0.0412008166,-0.141170382,-0.046678137,-0.148309171,-0.0744348168,0.182698056,-0.101752415,0.0150156736,-0.00833403707,-0.193947822,-0.189184102,0.00497721404,-0.00329606533,0.2,0.2,-0.0796618342,-0.0648869634,0.0146158445,-0.00814019322,0.0150156736,0.193947822,0.00497721404,0.2,0.0796618342,0.0146158445,0.00833403707,-0.189184102,-0.00329606533,-0.2,0.00814019322,0.0648869634
73,10155657,0.175946876,-0.101474181,0.0212279931,0.01867746,0.071553044,-0.0306823924,-0.140799269,-0.0531459711,-0.145658731,-0.0811890587,0.187342674,-0.0987296626,0.0140757501,-0.00811793447,-0.190447403,-0.191595143,0.00572424352,-0.00245459139,0.2,0.2,-0.0791317463,-0.0662378117,0.0149874139,-0.00789837301,0.0140757501,0.190447403,0.00572424352,0.2,0.0791317463,0.0149874139,0.00811793447,-0.191595143,-0.00245459139,-0.2,0.00789837301,0.0662378117
74,10168578,0.163852528,-0.0974281803,0.0293696281,0.0151165063,0.0844234377,-0.0151853617,-0.138730198,-0.0547728054,-0.140313208,-0.0816369802,0.188712969,-0.0996133685,0.0131082022,-0.00779425442,-0.186783667,-0.193197572,0.00675387502,-0.00121482894,0.2,0.2,-0.0780626416,-0.066327396,0.0150970376,-0.00796906948,0.0131082022,0.186783667,0.00675387502,0.2,0.0780626416,0.0150970376,0.00779425442,-0.193197572,-0.00121482894,-0.2,0.00796906948,0.066327396
75,10193496,0.147934109,-0.0949470699,0.0350914933,0.0130851753,0.0969925001,0.000608336588,-0.137106463,-0.0579190254,-0.134453177,-0.083109349,0.197043911,-0.0963388085,0.0118347287,-0.00759576559,-0.184208828,-0.194111671,0.00775940001,4.8666927e-05,0.2,0.2,-0.0768906355,-0.0666218698,0.0157635128,-0.00770710468,0.0118347287,0.184208828,0.00775940001,0.2,0.0768906355,0.0157635128,0.00759576559,-0.194111671,4.8666927e-05,-0.2,0.00770710468,0.0666218698
76,10210436,0.137760893,-0.0932257026,0.0402125977,0.013569708,0.10727293,0.0156268571,-0.136718333,-0.0551241785,-0.128218934,-0.0798924491,0.203957394,-0.0970052183,0.0110208714,-0.00745805621,-0.181904331,-0.193893631,0.00858183444,0.00125014856,0.2,0.2,-0.0756437868,-0.0659784898,0.0163165915,-0.00776041746,0.0110208714,0.181904331,0.00858183444,0.2,0.0756437868,0.0163165915,0.00745805621,-0.193893631,0.00125014856,-0.2,0.00776041746,0.0659784898
77,10230955,0.133972108,-0.0914609507,0.0377121083,0.0179237146,0.110340558,0.0235686824,-0.138954431,-0.0500414632,-0.126281515,-0.0738580227,0.203956053,-0.0986544713,0.0107177687,-0.00731687605,-0.183029551,-0.191934328,0.00882724464,0.00188549459,0.2,0.2,-0.075256303,-0.0647716045,0.0163164842,-0.00789235771,0.0107177687,0.183029551,0.00882724464,0.2,0.075256303,0.0163164842,0.00731687605,-0.191934328,0.00188549459,-0.2,0.00789235771,0.0647716045
78,10249805,0.135914341,-0.0924650803,0.0357181393,0.0219481215,0.109343283,0.0279636309,-0.139510706,-0.0427084342,-0.126357049,-0.0641420484,0.199177101,-0.100979425,0.0108731472,-0.00739720643,-0.183926837,-0.190123345,0.00874746263,0.00223709047,0.2,0.2,-0.0752714097,-0.0628284097,0.0159341681,-0.008078354,0.0108731472,0.183926837,0.00874746263,0.2,0.0752714097,0.0159341681,0.00739720643,-0.190123345,0.00223709047,-0.2,0.008078354,0.0628284097
79,10273829,0.13806504,-0.0955127031,0.0267546028,0.0257029347,0.101311684,0.0243008174,-0.142891169,-0.0406692959,-0.131209865,-0.0614705682,0.201453954,-0.0987964198,0.0110452032,-0.00764101624,-0.187960429,-0.188433679,0.00810493469,0.00194406539,0.2,0.2,-0.076241973,-0.0622941136,0.0161163163,-0.00790371358,0.0110452032,0.187960429,0.00810493469,0.2,0.076241973,0.0161163163,0.00764101624,-0.188433679,0.00194406539,-0.2,0.00790371358,0.0622941136
80,10289147,0.144758582,-0.0988371074,0.016622819,0.0291501209,0.0878285021,0.0120657245,-0.144025519,-0.037652541,-0.132990628,-0.0592574738,0.202548802,-0.0967324227,0.0115806866,-0.00790696859,-0.192519731,-0.186882446,0.00702628016,0.000965257958,0.2,0.2,-0.0765981257,-0.0618514948,0.0162039042,-0.00773859382,0.0115806866,0.192519731,0.00702628016,0.2,0.0765981257,0.0162039042,0.00790696859,-0.186882446,0.000965257958,-0.2,0.00773859382,0.0618514948
81,10313316,0.154727504,-0.105045222,0.00810651202,0.0313064344,0.0727450028,-0.00250827917,-0.144188643,-0.0347186439,-0.138979048,-0.0586575605,0.19797048,-0.0967685655,0.0123782003,-0.00840361774,-0.19635207,-0.185912105,0.00581960022,-0.000200662334,0.2,0.2,-0.0777958095,-0.0617315121,0.0158376384,-0.00774148524,0.0123782003,0.19635207,0.00581960022,0.2,0.0777958095,0.0158376384,0.00840361774,-0.185912105,-0.000200662334,-0.2,0.00774148524,0.0617315121
82,10328643,0.165055886,-0.110411853,0.00232252921,0.0331089646,0.058865156,-0.0183316655,-0.14115645,-0.0321765356,-0.139446959,-0.0566999875,0.192671239,-0.0972441807,0.0132044709,-0.00883294821,-0.198954862,-0.185100966,0.00470921248,-0.00146653324,0.2,0.2,-0.0778893918,-0.0613399975,0.0154136992,-0.00777953446,0.0132044709,0.198954862,0.00470921248,0.2,0.0778893918,0.0154136992,0.00883294821,-0.185100966,-0.00146653324,-0.2,0.00777953446,0.0613399975
83,10350709,0.173424393,-0.11242459,-0.000146576247,0.0321856327,0.047573518,-0.0329768993,-0.140288308,-0.0316898525,-0.140439823,-0.0579919629,0.188564911,-0.0978988037,0.0138739514,-0.00899396718,-0.200065959,-0.185516465,0.00380588144,-0.00263815194,0.2,0.2,-0.0780879647,-0.0615983926,0.0150851929,-0.00783190429,0.0138739514,0.200065959,0.00380588144,0.2,0.0780879647,0.0150851929,0.00899396718,-0.185516465,-0.00263815194,-0.2,0.00783190429,0.0615983926
84,10370485,0.182580069,-0.11313583,-0.000603368913,0.0327504203,0.0404848605,-0.0447715521,-0.139701307,-0.0302819181,-0.137896746,-0.0570597723,0.18848218,-0.100165807,0.0146064055,-0.00905086637,-0.200271516,-0.185262311,0.00323878884,-0.00358172417,0.2,0.2,-0.0775793493,-0.0614119545,0.0150785744,-0.00801326454,0.0146064055,0.200271516,0.00323878884,0.2,0.0775793493,0.0150785744,0.00905086637,-0.185262311,-0.00358172417,-0.2,0.00801326454,0.0614119545
85,10392300,0.194461793,-0.112654984,-0.000853992067,0.034027487,0.0361113176,-0.0522902906,-0.138334259,-0.0272158757,-0.133038387,-0.0521878339,0.183536232,-0.10450276,0.0155569434,-0.00901239872,-0.200384296,-0.184687631,0.00288890541,-0.00418322325,0.2,0.2,-0.0766076773,-0.0604375668,0.0146828985,-0.00836022079,0.0155569434,0.200384296,0.00288890541,0.2,0.0766076773,0.0146828985,0.00901239872,-0.184687631,-0.00418322325,-0.2,0.00836022079,0.0604375668
86,10409879,0.206710577,-0.112014994,-0.00449639326,0.0364548415,0.0309363566,-0.0591630675,-0.140861616,-0.025017364,-0.135036051,-0.0496060662,0.175686568,-0.109302081,0.0165368462,-0.00896119952,-0.202023377,-0.183595321,0.00247490853,-0.0047330454,0.2,0.2,-0.0770072103,-0.0599212132,0.0140549254,-0.00874416649,0.0165368462,0.202023377,0.00247490853,0.2,0.0770072103,0.0140549254,0.00896119952,-0.183595321,-0.0047330454,-0.2,0.00874416649,0.0599212132
87,10429853,0.222558916,-0.108935162,-0.00604990916,0.0399584807,0.0295005012,-0.0596057288,-0.144625425,-0.0203967318,-0.141656786,-0.0437183604,0.167777777,-0.11746902,0.0178047132,-0.00871481299,-0.202722459,-0.182018684,0.0023600401,-0.00476845831,0.2,0.2,-0.0783313572,-0.0587436721,0.0134222221,-0.00939752162,0.0178047132,0.202722459,0.0023600401,0.2,0.0783313572,0.0134222221,0.00871481299,-0.182018684,-0.00476845831,-0.2,0.00939752162,0.0587436721
88,10453168,0.240321115,-0.104236215,-0.0117339324,0.0451115519,0.0289399531,-0.0589758903,-0.148227081,-0.016131036,-0.148608521,-0.0346278064,0.162128687,-0.123970143,0.0192256892,-0.00833889723,-0.20528027,-0.179699802,0.00231519625,-0.00471807122,0.2,0.2,-0.0797217041,-0.0569255613,0.012970295,-0.00991761148,0.0192256892,0.20528027,0.00231519625,0.2,0.0797217041,0.012970295,0.00833889723,-0.179699802,-0.00471807122,-0.2,0.00991761148,0.0569255613
89,10471698,0.258768559,-0.100102551,-0.0184240136,0.0509424694,0.0278317519,-0.0578407384,-0.151358098,-0.0106703304,-0.155608535,-0.0244441293,0.159725845,-0.128249958,0.0207014847,-0.0080082041,-0.208290806,-0.177075889,0.00222654015,-0.00462725908,0.2,0.2,-0.081121707,-0.0548888259,0.0127780676,-0.0102599967,0.0207014847,0.208290806,0.00222654015,0.2,0.081121707,0.0127780676,0.0080082041,-0.177075889,-0.00462725908,-0.2,0.0102599967,0.0548888259
90,10489515,0.278308183,-0.0948707685,-0.0288791191,0.0589343756,0.0231890939,-0.0603863411,-0.155070454,-0.00499119051,-0.161723733,-0.0140455216,0.161199361,-0.129077181,0.0222646546,-0.00758966148,-0.212995604,-0.173479531,0.00185512751,-0.00483090729,0.2,0.2,-0.0823447466,-0.0528091043,0.0128959489,-0.0103261745,0.0222646546,0.212995604,0.00185512751,0.2,0.0823447466,0.0128959489,0.00758966148,-0.173479531,-0.00483090729,-0.2,0.0103261745,0.0528091043
91,10512486,0.295162439,-0.0878242552,-0.0359447226,0.0644726306,0.0182814449,-0.0634843931,-0.15667817,-0.000302808534,-0.170204073,-0.00409292942,0.153388992,-0.128521994,0.0236129951,-0.00702594042,-0.216175125,-0.170987316,0.00146251559,-0.00507875144,0.2,0.2,-0.0840408146,-0.0508185859,0.0122711194,-0.0102817595,0.0236129951,0.216175125,0.00146251559,0.2,0.0840408146,0.0122711194,0.00702594042,-0.170987316,-0.00507875144,-0.2,0.0102817595,0.0508185859
92,10533731,0.308716357,-0.0824819878,-0.0440073982,0.0698715448,0.0120995967,-0.0690254197,-0.156484857,0.00315026846,-0.177082211,0.00411310745,0.143913269,-0.12613906,0.0246973085,-0.00659855902,-0.219803329,-0.168557805,0.000967967734,-0.00552203357,0.2,0.201417621,-0.0854164422,-0.0491773785,0.0115130615,-0.0100911248,0.0246973085,0.219803329,0.000967967734,0.2,0.0854164422,0.0115130615,0.00659855902,-0.168557805,-0.00552203357,-0.201417621,0.0100911248,0.0491773785
93,10549990,0.319158554,-0.0785093978,-0.0525536984,0.0740168244,0.00301706837,-0.0777806863,-0.157121629,0.00320152217,-0.183490321,0.00651473319,0.138575569,-0.120881192,0.0255326843,-0.00628075182,-0.223649164,-0.166692429,0.00024136547,-0.00622245491,0.2,0.201440685,-0.0866980642,-0.0486970534,0.0110860455,-0.00967049539,0.0255326843,0.223649164,0.00024136547,0.2,0.0866980642,0.0110860455,0.00628075182,-0.166692429,-0.00622245491,-0.201440685,0.00967049539,0.0486970534
94,10573351,0.325314671,-0.0745284632,-0.0553335026,0.0750598311,-0.00408135122,-0.0862598568,-0.158193469,0.00144347094,-0.187243596,0.00650930172,0.138149396,-0.114710517,0.0260251737,-0.00596227705,-0.224900076,-0.166223076,-0.000326508097,-0.00690078855,0.2,0.200649562,-0.0874487191,-0.0486981397,0.0110519516,-0.00917684138,0.0260251737,0.224900076,-0.000326508097,0.2,0.0874487191,0.0110519516,0.00596227705,-0.166223076,-0.00690078855,-0.200649562,0.00917684138,0.0486981397
95,10592785,0.329912871,-0.0704059377,-0.0522815101,0.0737934783,-0.00639668666,-0.089430362,-0.155209407,-0.00121187116,-0.182477579,0.00667900732,0.144582465,-0.109382667,0.0263930297,-0.00563247502,-0.22352668,-0.166792935,-0.000511734933,-0.00715442896,0.2,0.2,-0.0864955157,-0.0486641985,0.0115665972,-0.00875061333,0.0263930297,0.22352668,-0.000511734933,0.2,0.0864955157,0.0115665972,0.00563247502,-0.166792935,-0.00715442896,-0.2,0.00875061333,0.0486641985
96,10619229,0.332817912,-0.0638046488,-0.0456465334,0.0700915009,-0.00540918158,-0.0874663293,-0.153296515,-0.00323086651,-0.17441076,0.00565658882,0.153760999,-0.105615906,0.026625433,-0.00510437191,-0.22054094,-0.168458825,-0.000432734527,-0.00699730635,0.2,0.2,-0.0848821521,-0.0488686822,0.01230088,-0.00844927251,0.026625433,0.22054094,-0.000432734527,0.2,0.0848821521,0.01230088,0.00510437191,-0.168458825,-0.00699730635,-0.2,0.00844927251,0.0488686822
97,10628833,0.333990932,-0.0534534566,-0.0378125496,0.0655528232,-0.000246603537,-0.0791092813,-0.149788216,-0.00529887388,-0.166457728,0.00506161619,0.160738736,-0.102420844,0.0267192745,-0.00427627653,-0.217015647,-0.17050123,-1.97282829e-05,-0.0063287425,0.2,0.2,-0.0832915455,-0.0489876768,0.0128590989,-0.00819366753,0.0267192745,0.217015647,-1.97282829e-05,0.2,0.0832915455,0.0128590989,0.00427627653,-0.17050123,-0.0063287425,-0.2,0.00819366753,0.0489876768
98,10656651,0.332020819,-0.0460405089,-0.0325366035,0.0607213303,0.00752176065,-0.067938827,-0.151164383,-0.0134408083,-0.163348496,-0.00315521238,0.181381911,-0.0962610617,0.0265616655,-0.00368324071,-0.214641472,-0.172675401,0.000601740852,-0.00543510616,0.2,0.2,-0.0826696992,-0.0506310425,0.0145105529,-0.00770088494,0.0265616655,0.214641472,0.000601740852,0.2,0.0826696992,0.0145105529,0.00368324071,-0.172675401,-0.00543510616,-0.2,0.00770088494,0.0506310425
99,10668864,0.323816359,-0.0386540033,-0.0182396043,0.053132508,0.0248702839,-0.0475744568,-0.151201248,-0.0198289268,-0.159555301,-0.0111586256,0.206273735,-0.0928870142,0.0259053087,-0.00309232026,-0.208207822,-0.176090371,0.00198962271,-0.00380595654,0.2,0.2,-0.0819110602,-0.0522317251,0.0165018988,-0.00743096113,0.0259053087,0.208207822,0.00198962271,0.2,0.0819110602,0.0165018988,0.00309232026,-0.176090371,-0.00380595654,-0.2,0.00743096113,0.0522317251
100,10699861,0.310369939,-0.0305143017,-0.00432760362,0.0467525087,0.0498949066,-0.0202121269,-0.148212045,-0.0244275369,-0.152363852,-0.0152619677,0.226443946,-0.0911677629,0.0248295951,-0.00244114414,-0.201947422,-0.178961371,0.00399159253,-0.00161697015,0.2,0.2,-0.0804727703,-0.0530523935,0.0181155157,-0.00729342103,0.0248295951,0.201947422,0.00399159253,0.2,0.0804727703,0.0181155157,0.00244114414,-0.178961371,-0.00161697015,-0.2,0.00729342103,0.0530523935
101,10715197,0.296198159,-0.0255253837,0.00592505513,0.0443009511,0.074055545,0.00584756024,-0.14525713,-0.026697332,-0.140132189,-0.0159952324,0.246158987,-0.0909020975,0.0236958528,-0.00204203069,-0.197333725,-0.180064572,0.0059244436,0.000467804819,0.2,0.2,-0.0780264378,-0.0531990465,0.019692719,-0.0072721678,0.0236958528,0.197333725,0.0059244436,0.2,0.0780264378,0.019692719,0.00204203069,-0.180064572,0.000467804819,-0.2,0.0072721678,0.0531990465
102,10732667,0.278268814,-0.0253660399,0.00707678543,0.0423468612,0.0902018473,0.0265072901,-0.15319787,-0.036242377,-0.146641925,-0.0276027303,0.264780253,-0.0885436609,0.0222615051,-0.0020292832,-0.196815447,-0.180943912,0.00721614778,0.00212058321,0.2,0.2,-0.079328385,-0.0555205461,0.0211824203,-0.00708349288,0.0222615051,0.196815447,0.00721614778,0.2,0.079328385,0.0211824203,0.0020292832,-0.180943912,0.00212058321,-0.2,0.00708349288,0.0555205461
103,10755279,0.260991782,-0.0260591079,0.0176703203,0.0403018221,0.107238941,0.0460109077,-0.149780184,-0.0366106927,-0.140283123,-0.0281820986,0.274639517,-0.0921273828,0.0208793426,-0.00208472863,-0.192048356,-0.18186418,0.00857911527,0.00368087262,0.2,0.2,-0.0780566245,-0.0556364197,0.0219711614,-0.00737019062,0.0208793426,0.192048356,0.00857911527,0.2,0.0780566245,0.0219711614,0.00208472863,-0.18186418,0.00368087262,-0.2,0.00737019062,0.0556364197
104,10771855,0.246294543,-0.0318601988,0.0185534153,0.0398126133,0.116244845,0.0591622479,-0.148076922,-0.0373138823,-0.137129351,-0.028286403,0.27939555,-0.0943280831,0.0197035635,-0.00254881591,-0.191650963,-0.182084324,0.00929958761,0.00473297983,0.2,0.2,-0.0774258703,-0.0556572806,0.022351644,-0.00754624665,0.0197035635,0.191650963,0.00929958761,0.2,0.0774258703,0.022351644,0.00254881591,-0.182084324,0.00473297983,-0.2,0.00754624665,0.0556572806
105,10796758,0.234751955,-0.0350518636,0.0231128298,0.0387379974,0.121782728,0.0683937222,-0.147498265,-0.033006046,-0.136737287,-0.0266444199,0.278146118,-0.100419961,0.0187801564,-0.00280414909,-0.189599227,-0.182567901,0.0097426182,0.00547149777,0.2,0.2,-0.0773474574,-0.055328884,0.0222516894,-0.00803359687,0.0187801564,0.189599227,0.0097426182,0.2,0.0773474574,0.0222516894,0.00280414909,-0.182567901,0.00547149777,-0.2,0.00803359687,0.055328884
106,10811975,0.226967692,-0.0415553451,0.0181348044,0.0401342139,0.119779974,0.0710010082,-0.147388041,-0.0315528177,-0.139757469,-0.0258143097,0.275552839,-0.103382796,0.0181574154,-0.0033244276,-0.191839338,-0.181939604,0.00958239794,0.00568008065,0.2,0.2,-0.0779514939,-0.0551628619,0.0220442271,-0.00827062368,0.0181574154,0.191839338,0.00958239794,0.2,0.0779514939,0.0220442271,0.0033244276,-0.181939604,0.00568008065,-0.2,0.00827062368,0.0551628619
107,10827929,0.221061468,-0.0525403656,0.0109434985,0.0399035439,0.111003518,0.0671052039,-0.151042461,-0.0329863578,-0.150628805,-0.0301007442,0.273427993,-0.102021694,0.0176849174,-0.00420322925,-0.195075426,-0.182043405,0.00888028145,0.00536841631,0.2,0.2,-0.080125761,-0.0560201488,0.0218742394,-0.00816173553,0.0176849174,0.195075426,0.00888028145,0.2,0.080125761,0.0218742394,0.00420322925,-0.182043405,0.00536841631,-0.2,0.00816173553,0.0560201488
108,10861698,0.218798071,-0.064678289,0.00219568168,0.0402013622,0.0982727259,0.0584835745,-0.153916106,-0.0329171717,-0.161962748,-0.033936359,0.269509315,-0.100975759,0.0175038457,-0.00517426312,-0.199011943,-0.181909387,0.00786181808,0.00467868596,0.2,0.2,-0.0823925495,-0.0567872718,0.0215607452,-0.00807806075,0.0175038457,0.199011943,0.00786181808,0.2,0.0823925495,0.0215607452,0.00517426312,-0.181909387,0.00467868596,-0.2,0.00807806075,0.0567872718
109,10869768,0.219450042,-0.0770001262,-0.00582043501,0.0414762907,0.0830629319,0.045597516,-0.15257059,-0.0300582927,-0.167264476,-0.0344524942,0.261854261,-0.102608286,0.0175560033,-0.0061600101,-0.202619196,-0.181335669,0.00664503455,0.00364780128,0.2,0.2,-0.0834528953,-0.0568904988,0.0209483409,-0.00820866287,0.0175560033,0.202619196,0.00664503455,0.2,0.0834528953,0.0209483409,0.0061600101,-0.181335669,0.00364780128,-0.2,0.00820866287,0.0568904988
110,10888766,0.222780943,-0.086045444,-0.00942480285,0.0419958532,0.069825761,0.0333103687,-0.150891453,-0.0257034451,-0.17081587,-0.0328110792,0.25049597,-0.106564961,0.0178224754,-0.00688363552,-0.204241161,-0.181101866,0.00558606088,0.00266482949,0.2,0.2,-0.084163174,-0.0565622158,0.0200396776,-0.00852519691,0.0178224754,0.204241161,0.00558606088,0.2,0.084163174,0.0200396776,0.00688363552,-0.181101866,0.00266482949,-0.2,0.00852519691,0.0565622158
111,10919864,0.226234406,-0.0925077274,-0.0159866568,0.0412913375,0.056849584,0.0184717588,-0.15206483,-0.0266955812,-0.177228168,-0.0356495306,0.238560975,-0.109087497,0.0180987525,-0.0074006182,-0.207193996,-0.181418898,0.00454796672,0.00147774071,0.2,0.2,-0.0854456335,-0.0571299061,0.019084878,-0.00872699976,0.0180987525,0.207193996,0.00454796672,0.2,0.0854456335,0.019084878,0.0074006182,-0.181418898,0.00147774071,-0.2,0.00872699976,0.0571299061
112,10926789,0.230524793,-0.0955459923,-0.0202829465,0.0402573049,0.0468711071,0.00368983205,-0.151752591,-0.0264225099,-0.183110043,-0.0369204879,0.220309839,-0.113648638,0.0184419835,-0.00764367938,-0.209127326,-0.181884213,0.00374968857,0.000295186564,0.2,0.2,-0.0866220087,-0.0573840976,0.0176247871,-0.00909189105,0.0184419835,0.209127326,0.00374968857,0.2,0.0866220087,0.0176247871,0.00764367938,-0.181884213,0.000295186564,-0.2,0.00909189105,0.0573840976
113,10948891,0.236375093,-0.0967595726,-0.0235083904,0.0415656529,0.0401517004,-0.00858393777,-0.151248947,-0.0242851488,-0.185405269,-0.0347988233,0.205880925,-0.117460616,0.0189100075,-0.00774076581,-0.210578776,-0.181295456,0.00321213603,-0.000686715022,0.2,0.2,-0.0870810539,-0.0569597647,0.016470474,-0.00939684927,0.0189100075,0.210578776,0.00321213603,0.2,0.0870810539,0.016470474,0.00774076581,-0.181295456,-0.000686715022,-0.2,0.00939684927,0.0569597647
114,10971993,0.240990072,-0.0981583595,-0.0295085479,0.0427411161,0.0326398425,-0.0220917314,-0.152937785,-0.0266776066,-0.1890966,-0.0375409685,0.196230114,-0.116338283,0.0192792058,-0.00785266876,-0.213278847,-0.180766498,0.0026111874,-0.00176733851,0.2,0.2,-0.08781932,-0.0575081937,0.0156984091,-0.00930706263,0.0192792058,0.213278847,0.0026111874,0.2,0.08781932,0.0156984091,0.00785266876,-0.180766498,-0.00176733851,-0.2,0.00930706263,0.0575081937
115,10994403,0.245297745,-0.0988546535,-0.0310546551,0.0435849428,0.0278217886,-0.0320226736,-0.153845817,-0.0269441325,-0.191043615,-0.0393756218,0.189991355,-0.116797723,0.0196238196,-0.00790837228,-0.213974595,-0.180386776,0.00222574309,-0.00256181389,0.2,0.2,-0.0882087231,-0.0578751244,0.0151993084,-0.00934381783,0.0196238196,0.213974595,0.00222574309,0.2,0.0882087231,0.0151993084,0.00790837228,-0.180386776,-0.00256181389,-0.2,0.00934381783,0.0578751244
116,11010642,0.25132829,-0.0977191776,-0.0343082398,0.0455511399,0.0239738133,-0.0399098434,-0.154057294,-0.026526846,-0.193151996,-0.0381793119,0.179899171,-0.117180467,0.0201062632,-0.00781753421,-0.215438708,-0.179501987,0.00191790506,-0.00319278747,0.2,0.2,-0.0886303991,-0.0576358624,0.0143919337,-0.00937443733,0.0201062632,0.215438708,0.00191790506,0.2,0.0886303991,0.0143919337,0.00781753421,-0.179501987,-0.00319278747,-0.2,0.00937443733,0.0576358624
117,11038160,0.256205767,-0.0950290933,-0.037385989,0.0472513326,0.0210798271,-0.0459435657,-0.156321466,-0.0257346425,-0.198627517,-0.0366549455,0.167416081,-0.118278548,0.0204964614,-0.00760232747,-0.216823695,-0.1787369,0.00168638617,-0.00367548525,0.2,0.2,-0.0897255033,-0.0573309891,0.0133932865,-0.00946228385,0.0204964614,0.216823695,0.00168638617,0.2,0.0897255033,0.0133932865,0.00760232747,-0.1787369,-0.00367548525,-0.2,0.00946228385,0.0573309891
118,11049770,0.259842902,-0.0940936282,-0.0432143956,0.0502116419,0.0182363447,-0.0518717133,-0.160416394,-0.0280081052,-0.206407905,-0.0390060209,0.162643507,-0.116736539,0.0207874322,-0.00752749026,-0.219446478,-0.177404761,0.00145890757,-0.00414973706,0.2,0.2,-0.0912815809,-0.0578012042,0.0130114806,-0.0093389231,0.0207874322,0.219446478,0.00145890757,0.2,0.0912815809,0.0130114806,0.00752749026,-0.177404761,-0.00414973706,-0.2,0.0093389231,0.0578012042
119,11068502,0.261003911,-0.0920722932,-0.0456246622,0.051313471,0.0171933807,-0.0571071021,-0.164003313,-0.0300704185,-0.212365866,-0.0412312113,0.158029571,-0.115116909,0.0208803129,-0.00736578345,-0.220531098,-0.176908938,0.00137547046,-0.00456856817,0.2,0.2,-0.0924731731,-0.0582462423,0.0126423657,-0.00920935273,0.0208803129,0.220531098,0.00137547046,0.2,0.0924731731,0.0126423657,0.00736578345,-0.176908938,-0.00456856817,-0.2,0.00920935273,0.0582462423
120,11096498,0.260310799,-0.0910961032,-0.0482256003,0.0520353131,0.0180430338,-0.0611647144,-0.167429268,-0.0331229717,-0.218888447,-0.0456024967,0.15336372,-0.113445774,0.0208248639,-0.00728768826,-0.22170152,-0.176584109,0.0014434427,-0.00489317715,0.2,0.2,-0.0937776893,-0.0591204993,0.0122690976,-0.0090756619,0.0208248639,0.22170152,0.0014434427,0.2,0.0937776893,0.0122690976,0.00728768826,-0.176584109,-0.00489317715,-0.2,0.0090756619,0.0591204993
121,11108322,0.256320596,-0.0911576748,-0.0506416336,0.0524784327,0.0194372069,-0.0655209646,-0.170415193,-0.0369558148,-0.225780606,-0.0532266684,0.146150559,-0.111145161,0.0205056477,-0.00729261398,-0.222788735,-0.176384705,0.00155497655,-0.00524167717,0.2,0.2,-0.0951561213,-0.0606453337,0.0116920447,-0.00889161289,0.0205056477,0.222788735,0.00155497655,0.2,0.0951561213,0.0116920447,0.00729261398,-0.176384705,-0.00524167717,-0.2,0.00889161289,0.0606453337
122,11131444,0.248515919,-0.0902849063,-0.0489610247,0.0504496992,0.0235540085,-0.0662620813,-0.172373876,-0.0404322818,-0.233063102,-0.0607322529,0.134211898,-0.111434601,0.0198812735,-0.00722279251,-0.222032461,-0.177297635,0.00188432068,-0.0053009665,0.2,0.2,-0.0966126204,-0.0621464506,0.0107369518,-0.0089147681,0.0198812735,0.222032461,0.00188432068,0.2,0.0966126204,0.0107369518,0.00722279251,-0.177297635,-0.0053009665,-0.2,0.0089147681,0.0621464506
123,11149618,0.238250896,-0.0921526626,-0.0471287295,0.0480604731,0.0302452594,-0.0644353256,-0.172634587,-0.0459439009,-0.23735249,-0.069876872,0.127619416,-0.110583685,0.0190600717,-0.00737221301,-0.221207928,-0.178372787,0.00241962075,-0.00515482605,0.2,0.2,-0.0974704981,-0.0639753744,0.0102095532,-0.00884669483,0.0190600717,0.221207928,0.00241962075,0.2,0.0974704981,0.0102095532,0.00737221301,-0.178372787,-0.00515482605,-0.2,0.00884669483,0.0639753744
124,11170862,0.225806564,-0.0961703882,-0.0425755605,0.0438031703,0.0378528237,-0.0608274899,-0.171441659,-0.0524461977,-0.237471506,-0.0812876672,0.127917007,-0.109570988,0.0180645251,-0.00769363105,-0.219159002,-0.180288573,0.0030282259,-0.0048661992,0.2,0.2,-0.0974943012,-0.0662575334,0.0102333605,-0.008765679,0.0180645251,0.219159002,0.0030282259,0.2,0.0974943012,0.0102333605,0.00769363105,-0.180288573,-0.0048661992,-0.2,0.008765679,0.0662575334
125,11193641,0.211961195,-0.101409189,-0.0373436473,0.0392147712,0.0454890318,-0.0556836724,-0.168450207,-0.0586237535,-0.235539898,-0.0921336785,0.126077145,-0.109344333,0.0169568956,-0.00811273515,-0.216804641,-0.182353353,0.00363912255,-0.00445469379,0.2,0.2,-0.0971079797,-0.0684267357,0.0100861716,-0.00874754667,0.0169568956,0.216804641,0.00363912255,0.2,0.0971079797,0.0100861716,0.00811273515,-0.182353353,-0.00445469379,-0.2,0.00874754667,0.0684267357
126,11212247,0.19683671,-0.10713803,-0.0306208953,0.0344174132,0.0533763394,-0.049125459,-0.164127052,-0.0650441051,-0.230620995,-0.102463678,0.124197915,-0.109528877,0.0157469368,-0.00857104242,-0.213779403,-0.184512164,0.00427010715,-0.00393003672,0.2,0.2,-0.096124199,-0.0704927355,0.00993583322,-0.00876231015,0.0157469368,0.213779403,0.00427010715,0.2,0.096124199,0.00993583322,0.00857104242,-0.184512164,-0.00393003672,-0.2,0.00876231015,0.0704927355
127,11231120,0.18297413,-0.111996867,-0.0233192109,0.0298595354,0.0599073656,-0.0432568192,-0.158585295,-0.0700106248,-0.219262913,-0.109955065,0.12713936,-0.109964736,0.0146379304,-0.00895974934,-0.210493645,-0.186563209,0.00479258925,-0.00346054554,0.2,0.2,-0.0938525826,-0.071991013,0.0101711488,-0.00879717886,0.0146379304,0.210493645,0.00479258925,0.2,0.0938525826,0.0101711488,0.00895974934,-0.186563209,-0.00346054554,-0.2,0.00879717886,0.071991013
128,11249468,0.171049505,-0.114000492,-0.0133978622,0.0246499963,0.0663057864,-0.0357247703,-0.153646484,-0.0734173357,-0.205369055,-0.113474011,0.131426156,-0.111653857,0.0136839604,-0.00912003934,-0.206029038,-0.188907502,0.00530446291,-0.00285798162,0.2,0.2,-0.0910738111,-0.0726948023,0.0105140924,-0.00893230855,0.0136839604,0.206029038,0.00530446291,0.2,0.0910738111,0.0105140924,0.00912003934,-0.188907502,-0.00285798162,-0.2,0.00893230855,0.0726948023
129,11279954,0.163614661,-0.114173852,-0.00542431837,0.0215454325,0.0721859187,-0.0273624454,-0.149412438,-0.07401108,-0.189985275,-0.112184919,0.13672924,-0.113573998,0.0130891728,-0.00913390815,-0.202440943,-0.190304555,0.0057748735,-0.00218899563,0.2,0.2,-0.0879970551,-0.0724369839,0.0109383392,-0.00908591986,0.0130891728,0.202440943,0.0057748735,0.2,0.0879970551,0.0109383392,0.00913390815,-0.190304555,-0.00218899563,-0.2,0.00908591986,0.0724369839
130,11293828,0.160271823,-0.111594394,-0.000677046948,0.0205346774,0.0763891265,-0.0191440918,-0.148345962,-0.0714661032,-0.180997297,-0.108210392,0.134962499,-0.11676345,0.0128217459,-0.00892755151,-0.200304671,-0.190759395,0.00611113012,-0.00153152734,0.2,0.2,-0.0861994594,-0.0716420785,0.0107969999,-0.00934107602,0.0128217459,0.200304671,0.00611113012,0.2,0.0861994594,0.0107969999,0.00892755151,-0.190759395,-0.00153152734,-0.2,0.00934107602,0.0716420785
131,11310162,0.160840705,-0.108810537,-0.00179732742,0.0223954003,0.0776856542,-0.0139888218,-0.148419678,-0.0670752302,-0.17708686,-0.10310062,0.12986058,-0.118548818,0.0128672564,-0.00870484293,-0.200808797,-0.18992207,0.00621485233,-0.00111910574,0.2,0.2,-0.085417372,-0.070620124,0.0103888464,-0.00948390543,0.0128672564,0.200808797,0.00621485233,0.2,0.085417372,0.0103888464,0.00870484293,-0.18992207,-0.00111910574,-0.2,0.00948390543,0.070620124
132,11342895,0.165624395,-0.106815875,-0.00368504552,0.0271982532,0.076344721,-0.0118485214,-0.147299722,-0.0597445667,-0.170007035,-0.0934773386,0.131535888,-0.118542425,0.0132499516,-0.00854526997,-0.20165827,-0.187760786,0.00610757768,-0.000947881714,0.2,0.2,-0.084001407,-0.0686954677,0.010522871,-0.00948339403,0.0132499516,0.20165827,0.00610757768,0.2,0.084001407,0.010522871,0.00854526997,-0.187760786,-0.000947881714,-0.2,0.00948339403,0.0686954677
133,11347528,0.174916282,-0.10585244,-0.00805779546,0.0335342027,0.0707384497,-0.0148550365,-0.146191835,-0.0506652147,-0.159669414,-0.0800692886,0.136673868,-0.116799854,0.0139933026,-0.0084681952,-0.203626008,-0.184909609,0.00565907598,-0.00118840292,0.2,0.2,-0.0819338828,-0.0660138577,0.0109339094,-0.0093439883,0.0139933026,0.203626008,0.00565907598,0.2,0.0819338828,0.0109339094,0.0084681952,-0.184909609,-0.00118840292,-0.2,0.0093439883,0.0660138577
134,11371160,0.187491477,-0.108422361,-0.0172131173,0.0406683199,0.0587828346,-0.0244327653,-0.147052318,-0.0436885133,-0.155973062,-0.0698942617,0.138883054,-0.114676528,0.0149993181,-0.00867378891,-0.207745903,-0.181699256,0.00470262676,-0.00195462123,0.2,0.2,-0.0811946124,-0.0639788523,0.0111106443,-0.00917412221,0.0149993181,0.207745903,0.00470262676,0.2,0.0811946124,0.0111106443,0.00867378891,-0.181699256,-0.00195462123,-0.2,0.00917412221,0.0639788523
135,11388704,0.204968467,-0.111984894,-0.0294365305,0.0486260913,0.0410688259,-0.0400551073,-0.146397829,-0.0341692977,-0.157069772,-0.0585221052,0.129585758,-0.116297051,0.0163974774,-0.00895879149,-0.213246439,-0.178118259,0.00328550607,-0.00320440859,0.2,0.2,-0.0814139545,-0.061704421,0.0103668606,-0.0093037641,0.0163974774,0.213246439,0.00328550607,0.2,0.0814139545,0.0103668606,0.00895879149,-0.178118259,-0.00320440859,-0.2,0.0093037641,0.061704421
136,11411386,0.223754153,-0.116663553,-0.0416472889,0.0569022447,0.0200579818,-0.0611348301,-0.143768772,-0.0255233478,-0.156763628,-0.0479533225,0.121690705,-0.118106246,0.0179003322,-0.00933308423,-0.21874128,-0.17439399,0.00160463855,-0.00489078641,0.2,0.2,-0.0813527256,-0.0595906645,0.00973525643,-0.00944849968,0.0179003322,0.21874128,0.00160463855,0.2,0.0813527256,0.00973525643,0.00933308423,-0.17439399,-0.00489078641,-0.2,0.00944849968,0.0595906645
137,11432557,0.241199702,-0.12131466,-0.0495672449,0.0621672086,0.000276182196,-0.0851537883,-0.140153229,-0.0205993988,-0.152360082,-0.041174151,0.120269202,-0.117393002,0.0192959762,-0.00970517278,-0.22230526,-0.172024756,2.20945757e-05,-0.00681230307,0.2,0.2,-0.0804720163,-0.0582348302,0.00962153614,-0.00939144015,0.0192959762,0.22230526,2.20945757e-05,0.2,0.0804720163,0.00962153614,0.00970517278,-0.172024756,-0.00681230307,-0.2,0.00939144015,0.0582348302
138,11448731,0.257005155,-0.123095021,-0.0514823906,0.0632178113,-0.0146735692,-0.105742648,-0.136157647,-0.0172451101,-0.145938233,-0.0364659429,0.119281821,-0.117048554,0.0205604124,-0.00984760165,-0.223167076,-0.171551985,-0.00117388554,-0.00845941186,0.2,0.2,-0.0791876465,-0.0572931886,0.00954254568,-0.00936388433,0.0205604124,0.223167076,-0.00117388554,0.2,0.0791876465,0.00954254568,0.00984760165,-0.171551985,-0.00845941186,-0.2,0.00936388433,0.0572931886
139,11474290,0.268892765,-0.12362545,-0.0518271811,0.062704064,-0.024784755,-0.120972298,-0.133637935,-0.0177892912,-0.142465562,-0.0369891413,0.117897429,-0.115782388,0.0215114212,-0.00989003599,-0.223322232,-0.171783171,-0.0019827804,-0.00967778385,0.2,0.2,-0.0784931123,-0.0573978283,0.00943179429,-0.009262591,0.0215114212,0.223322232,-0.0019827804,0.2,0.0784931123,0.00943179429,0.00989003599,-0.171783171,-0.00967778385,-0.2,0.009262591,0.0573978283
140,11488295,0.27525261,-0.12093509,-0.0472870022,0.0594764762,-0.0282333884,-0.128207743,-0.132135227,-0.0204615761,-0.138222143,-0.0403861627,0.12144845,-0.114327587,0.0220202088,-0.00967480719,-0.221279151,-0.173235586,-0.00225867108,-0.0102566195,0.2,0.2,-0.0776444286,-0.0580772325,0.00971587598,-0.00914620697,0.0220202088,0.221279151,-0.00225867108,0.2,0.0776444286,0.00971587598,0.00967480719,-0.173235586,-0.0102566195,-0.2,0.00914620697,0.0580772325
141,11514124,0.277013034,-0.116542406,-0.0425396003,0.0551286526,-0.0267204922,-0.127875105,-0.132702872,-0.0266202763,-0.137044623,-0.0481116511,0.130419403,-0.110996336,0.0221610427,-0.00932339251,-0.21914282,-0.175192106,-0.00213763937,-0.0102300084,0.2,0.2,-0.0774089247,-0.0596223302,0.0104335523,-0.00887970686,0.0221610427,0.21914282,-0.00213763937,0.2,0.0774089247,0.0104335523,0.00932339251,-0.175192106,-0.0102300084,-0.2,0.00887970686,0.0596223302
142,11531175,0.274543822,-0.113240674,-0.0363911204,0.0506323911,-0.0203297995,-0.121472277,-0.132423162,-0.0328975432,-0.132360637,-0.0559524894,0.146844044,-0.107346132,0.0219635057,-0.00905925393,-0.216376004,-0.177215424,-0.00162638396,-0.00971778214,0.2,0.2,-0.0764721274,-0.0611904979,0.0117475235,-0.00858769059,0.0219635057,0.216376004,-0.00162638396,0.2,0.0764721274,0.0117475235,0.00905925393,-0.177215424,-0.00971778214,-0.2,0.00858769059,0.0611904979
143,11553375,0.268611938,-0.107294835,-0.0244425647,0.0440519862,-0.00717738131,-0.104684241,-0.13361764,-0.0378977247,-0.128518075,-0.06080015,0.161779881,-0.106615894,0.021488955,-0.00858358681,-0.210999154,-0.180176606,-0.000574190505,-0.00837473929,0.2,0.2,-0.075703615,-0.06216003,0.0129423904,-0.00852927148,0.021488955,0.210999154,-0.000574190505,0.2,0.075703615,0.0129423904,0.00858358681,-0.180176606,-0.00837473929,-0.2,0.00852927148,0.06216003
144,11576214,0.259325743,-0.100604951,-0.0143225305,0.0392107815,0.010343519,-0.0830413625,-0.135969922,-0.0417965874,-0.126047477,-0.0633869544,0.174552664,-0.108013183,0.0207460594,-0.00804839611,-0.206445139,-0.182355148,0.000827481523,-0.006643309,0.2,0.2,-0.0752094954,-0.0626773909,0.0139642131,-0.00864105463,0.0207460594,0.206445139,0.000827481523,0.2,0.0752094954,0.0139642131,0.00804839611,-0.182355148,-0.006643309,-0.2,0.00864105463,0.0626773909
145,11590301,0.247917607,-0.0949797928,-0.0102209076,0.0377241783,0.027751958,-0.0612422936,-0.142133057,-0.0471674129,-0.130902618,-0.0689266548,0.188897729,-0.108353026,0.0198334086,-0.00759838343,-0.204599408,-0.18302412,0.00222015664,-0.00489938349,0.2,0.2,-0.0761805236,-0.063785331,0.0151118183,-0.0086682421,0.0198334086,0.204599408,0.00222015664,0.2,0.0761805236,0.0151118183,0.00759838343,-0.18302412,-0.00489938349,-0.2,0.0086682421,0.063785331
146,11610421,0.233466089,-0.0910726637,-0.00800060388,0.0358084589,0.0436572619,-0.0417817235,-0.149493739,-0.0538587347,-0.142594934,-0.0774927065,0.198397517,-0.10795708,0.0186772871,-0.00728581309,-0.203600272,-0.183886193,0.00349258095,-0.00334253788,0.2,0.2,-0.0785189867,-0.0654985413,0.0158718014,-0.0086365664,0.0186772871,0.203600272,0.00349258095,0.2,0.0785189867,0.0158718014,0.00728581309,-0.183886193,-0.00334253788,-0.2,0.0086365664,0.0654985413
147,11629764,0.218430653,-0.0900417864,-0.00483334577,0.0338671543,0.0585070588,-0.023943631,-0.153071731,-0.0566943809,-0.153051674,-0.0827599615,0.199711725,-0.10987021,0.0174744523,-0.00720334291,-0.202175006,-0.184759781,0.0046805647,-0.00191549048,0.2,0.2,-0.0806103349,-0.0665519923,0.015976938,-0.00878961682,0.0174744523,0.202175006,0.0046805647,0.2,0.0806103349,0.015976938,0.00720334291,-0.184759781,-0.00191549048,-0.2,0.00878961682,0.0665519923
148,11649315,0.207304984,-0.0900130197,-0.00493445294,0.03435684,0.0692429543,-0.0102738272,-0.155116946,-0.0550454855,-0.159963667,-0.083292,0.196858704,-0.114179604,0.0165843987,-0.00720104158,-0.202220504,-0.184539422,0.00553943634,-0.000821906179,0.2,0.2,-0.0819927335,-0.0666584,0.0157486963,-0.0091343683,0.0165843987,0.202220504,0.00553943634,0.2,0.0819927335,0.0157486963,0.00720104158,-0.184539422,-0.000821906179,-0.2,0.0091343683,0.0666584
149,11670479,0.201154724,-0.0891387612,-0.00565662421,0.0355765596,0.0748517066,-0.00223015947,-0.156563222,-0.0507635474,-0.165041372,-0.0794467628,0.190553278,-0.119271211,0.0160923779,-0.00713110089,-0.202545481,-0.183990548,0.00598813653,-0.000178412758,0.2,0.2,-0.0830082744,-0.0658893526,0.0152442622,-0.00954169691,0.0160923779,0.202545481,0.00598813653,0.2,0.0830082744,0.0152442622,0.00713110089,-0.183990548,-0.000178412758,-0.2,0.00954169691,0.0658893526
150,11689336,0.196032986,-0.0912956521,-0.00817510113,0.0348698087,0.0773159638,0.00254965643,-0.159666821,-0.0511611775,-0.178057715,-0.0805462673,0.182369813,-0.121019661,0.0156826389,-0.00730365217,-0.203678796,-0.184308586,0.0061852771,0.000203972515,0.2,0.2,-0.0856115431,-0.0661092535,0.0145895851,-0.00968157291,0.0156826389,0.203678796,0.0061852771,0.2,0.0856115431,0.0145895851,0.00730365217,-0.184308586,0.000203972515,-0.2,0.00968157291,0.0661092535
151,11711959,0.191096365,-0.0955074951,-0.0127158938,0.033676628,0.0767968297,0.000925906992,-0.163759127,-0.0543822311,-0.191987753,-0.0856786743,0.174754634,-0.120541997,0.0152877092,-0.00764059961,-0.205722152,-0.184845517,0.00614374638,7.40725594e-05,0.2,0.2,-0.0883975506,-0.0671357349,0.0139803708,-0.00964335978,0.0152877092,0.205722152,0.00614374638,0.2,0.0883975506,0.0139803708,0.00764059961,-0.184845517,7.40725594e-05,-0.2,0.00964335978,0.0671357349
152,11730032,0.184511319,-0.100815296,-0.0163164362,0.0313357152,0.0755135342,-0.00449553318,-0.164237916,-0.0578027628,-0.203805313,-0.0916495919,0.161154434,-0.119125776,0.0147609055,-0.00806522369,-0.207342396,-0.185898928,0.00604108274,-0.000359642655,0.2,0.2,-0.0907610625,-0.0683299184,0.0128923547,-0.00953006208,0.0147609055,0.207342396,0.00604108274,0.2,0.0907610625,0.0128923547,0.00806522369,-0.185898928,-0.000359642655,-0.2,0.00953006208,0.0683299184
153,11748336,0.175943479,-0.106949769,-0.0172953941,0.0283229779,0.0757739246,-0.00964467693,-0.162740529,-0.0617285445,-0.214778528,-0.098706618,0.14278388,-0.118301302,0.0140754783,-0.00855598152,-0.207782927,-0.18725466,0.00606191397,-0.000771574154,0.2,0.2,-0.0929557055,-0.0697413236,0.0114227104,-0.00946410418,0.0140754783,0.207782927,0.00606191397,0.2,0.0929557055,0.0114227104,0.00855598152,-0.18725466,-0.000771574154,-0.2,0.00946410418,0.0697413236
154,11773767,0.166023746,-0.113737956,-0.0155215394,0.0248952545,0.0780739486,-0.0122415526,-0.160197482,-0.0668442324,-0.220976606,-0.10719002,0.133185625,-0.117323667,0.0132818997,-0.00909903646,-0.206984693,-0.188797135,0.00624591589,-0.000979324207,0.2,0.2,-0.0941953212,-0.0714380041,0.01065485,-0.00938589334,0.0132818997,0.206984693,0.00624591589,0.2,0.0941953212,0.01065485,0.00909903646,-0.188797135,-0.000979324207,-0.2,0.00938589334,0.0714380041
155,11790414,0.156470746,-0.11840257,-0.00974409282,0.0204746649,0.0819355547,-0.0120440507,-0.15831174,-0.0723700151,-0.222003147,-0.114722453,0.131603569,-0.117255531,0.0125176597,-0.00947220564,-0.204384842,-0.190786401,0.00655484438,-0.000963524058,0.2,0.2,-0.0944006294,-0.0729444906,0.0105282855,-0.0093804425,0.0125176597,0.204384842,0.00655484438,0.2,0.0944006294,0.0105282855,0.00947220564,-0.190786401,-0.000963524058,-0.2,0.0093804425,0.0729444906
156,11811566,0.15045771,-0.121195823,-0.00187740673,0.0175210107,0.0874603018,-0.00860037655,-0.152898028,-0.0735532194,-0.21358192,-0.113747619,0.130072758,-0.119126767,0.0120366168,-0.00969566584,-0.200844833,-0.192115545,0.00699682415,-0.000688030124,0.2,0.2,-0.0927163839,-0.0727495238,0.0104058206,-0.00953014135,0.0120366168,0.200844833,0.00699682415,0.2,0.0927163839,0.0104058206,0.00969566584,-0.192115545,-0.000688030124,-0.2,0.00953014135,0.0727495238
157,11827953,0.149192661,-0.11951834,0.0039230641,0.0170691554,0.0925495401,-0.00273846975,-0.149780944,-0.0707571357,-0.204202622,-0.107344516,0.124106258,-0.121621311,0.0119354129,-0.00956146717,-0.198234621,-0.19231888,0.00740396321,-0.00021907758,0.2,0.2,-0.0908405244,-0.0714689031,0.00992850065,-0.00972970486,0.0119354129,0.198234621,0.00740396321,0.2,0.0908405244,0.00992850065,0.00956146717,-0.19231888,-0.00021907758,-0.2,0.00972970486,0.0714689031
158,11853239,0.150037348,-0.113836572,0.00806019828,0.0170143563,0.0983229727,0.0059436895,-0.151714817,-0.0672681481,-0.204620704,-0.100944243,0.112615108,-0.124217965,0.0120029879,-0.00910692573,-0.196372911,-0.19234354,0.00786583781,0.00047549516,0.2,0.2,-0.0909241408,-0.0701888487,0.00900920868,-0.00993743718,0.0120029879,0.196372911,0.00786583781,0.2,0.0909241408,0.00900920868,0.00910692573,-0.19234354,0.00047549516,-0.2,0.00993743718,0.0701888487
159,11873418,0.15039055,-0.109388068,0.00681902096,0.0180592183,0.104842767,0.0147763481,-0.156024605,-0.0673633292,-0.212569982,-0.0992431641,0.105319053,-0.123539269,0.012031244,-0.00875104547,-0.196931441,-0.191873352,0.00838742137,0.00118210785,0.2,0.2,-0.0925139964,-0.0698486328,0.00842552423,-0.00988314152,0.012031244,0.196931441,0.00838742137,0.2,0.0925139964,0.00842552423,0.00875104547,-0.191873352,0.00118210785,-0.2,0.00988314152,0.0698486328
160,11889294,0.151452988,-0.107894637,0.005850635,0.0209696218,0.110199705,0.0205295216,-0.156349555,-0.0650797263,-0.209573597,-0.0944022387,0.112044454,-0.120297089,0.0121162391,-0.00863157094,-0.197367214,-0.19056367,0.00881597638,0.00164236173,0.2,0.2,-0.0919147193,-0.0688804477,0.00896355629,-0.00962376714,0.0121162391,0.197367214,0.00881597638,0.2,0.0919147193,0.00896355629,0.00863157094,-0.19056367,0.00164236173,-0.2,0.00962376714,0.0688804477
161,11915007,0.154551581,-0.108350076,0.00164091622,0.0258560982,0.10902258,0.0190955102,-0.155872405,-0.0618037358,-0.200425848,-0.0893414542,0.122147515,-0.114494048,0.0123641264,-0.00866800606,-0.199261588,-0.188364756,0.00872180641,0.00152764082,0.2,0.2,-0.0900851697,-0.0678682908,0.00977180123,-0.00915952384,0.0123641264,0.199261588,0.00872180641,0.2,0.0900851697,0.00977180123,0.00866800606,-0.188364756,0.00152764082,-0.2,0.00915952384,0.0678682908
162,11928850,0.161482915,-0.107844196,0.000269571872,0.0303217173,0.103860199,0.015708033,-0.153758585,-0.053889405,-0.192497566,-0.0796457604,0.120320901,-0.113092281,0.0129186332,-0.0086275357,-0.199878693,-0.186355227,0.00830881596,0.00125664264,0.2,0.2,-0.0884995133,-0.0659291521,0.0096256721,-0.00904738247,0.0129186332,0.199878693,0.00830881596,0.2,0.0884995133,0.0096256721,0.0086275357,-0.186355227,0.00125664264,-0.2,0.00904738247,0.0659291521
163,11960932,0.17164582,-0.108240604,-0.00856664591,0.0378606617,0.0918022767,0.00471290387,-0.150080487,-0.0447624177,-0.182158917,-0.0673283488,0.114065148,-0.111775286,0.0137316656,-0.00865924835,-0.203854991,-0.182962702,0.00734418213,0.00037703231,0.2,0.2,-0.0864317834,-0.0634656698,0.00912521183,-0.00894202292,0.0137316656,0.203854991,0.00734418213,0.2,0.0864317834,0.00912521183,0.00865924835,-0.182962702,0.00037703231,-0.2,0.00894202292,0.0634656698
164,11969026,0.182688534,-0.109286815,-0.0129312463,0.0424413644,0.0771629363,-0.00943510421,-0.148615614,-0.0384696163,-0.173463583,-0.0581214316,0.118303247,-0.108915173,0.0146150827,-0.00874294519,-0.205819061,-0.180901386,0.00617303491,-0.000754808336,0.2,0.2,-0.0846927166,-0.0616242863,0.00946425974,-0.0087132138,0.0146150827,0.205819061,0.00617303491,0.2,0.0846927166,0.00946425974,0.00874294519,-0.180901386,-0.000754808336,-0.2,0.0087132138,0.0616242863
165,11989165,0.194798678,-0.111047126,-0.0145416809,0.0445717312,0.0650426522,-0.0210054796,-0.1473151,-0.0360156223,-0.169362158,-0.0525723398,0.125443935,-0.106633514,0.0155838943,-0.00888377011,-0.206543756,-0.179942721,0.00520341218,-0.00168043837,0.2,0.2,-0.0838724315,-0.060514468,0.0100355148,-0.00853068113,0.0155838943,0.206543756,0.00520341218,0.2,0.0838724315,0.0100355148,0.00888377011,-0.179942721,-0.00168043837,-0.2,0.00853068113,0.060514468
166,12010959,0.204188839,-0.114819594,-0.0160947628,0.0442616269,0.0552394763,-0.0316933878,-0.142687291,-0.0363715775,-0.163846478,-0.050513275,0.12931256,-0.103481025,0.0163351071,-0.0091855675,-0.207242643,-0.180082268,0.0044191581,-0.00253547102,0.2,0.2,-0.0827692956,-0.060102655,0.0103450048,-0.00827848196,0.0163351071,0.207242643,0.0044191581,0.2,0.0827692956,0.0103450048,0.0091855675,-0.180082268,-0.00253547102,-0.2,0.00827848196,0.060102655
167,12029781,0.210402191,-0.116735205,-0.0140144806,0.0429711863,0.0493139774,-0.0372970924,-0.139417648,-0.0354401916,-0.160507545,-0.0498645306,0.129239738,-0.103067435,0.0168321753,-0.0093388164,-0.206306516,-0.180662966,0.00394511819,-0.00298376739,0.2,0.2,-0.082101509,-0.0599729061,0.010339179,-0.00824539483,0.0168321753,0.206306516,0.00394511819,0.2,0.082101509,0.010339179,0.0093388164,-0.180662966,-0.00298376739,-0.2,0.00824539483,0.0599729061
168,12053583,0.215776384,-0.115023136,-0.0108614881,0.0434903279,0.0467610098,-0.0404281877,-0.135921761,-0.0332276486,-0.148763418,-0.0459687412,0.138925701,-0.102981806,0.0172621107,-0.00920185089,-0.20488767,-0.180429352,0.00374088079,-0.00323425502,0.2,0.2,-0.0797526836,-0.0591937482,0.0111140561,-0.00823854446,0.0172621107,0.20488767,0.00374088079,0.2,0.0797526836,0.0111140561,0.00920185089,-0.180429352,-0.00323425502,-0.2,0.00823854446,0.0591937482
169,12069017,0.221318826,-0.111688048,-0.00567851588,0.0437756814,0.0464223661,-0.039235197,-0.132101566,-0.0310314689,-0.131936744,-0.040400371,0.155088186,-0.102059327,0.0177055061,-0.00893504381,-0.202555332,-0.180300943,0.00371378928,-0.00313881576,0.2,0.2,-0.0763873488,-0.0580800742,0.0124070549,-0.00816474617,0.0177055061,0.202555332,0.00371378928,0.2,0.0763873488,0.0124070549,0.00893504381,-0.180300943,-0.00313881576,-0.2,0.00816474617,0.0580800742
170,12090827,0.227467492,-0.108154662,-0.00252345507,0.0438374132,0.0463721193,-0.0356031917,-0.131557554,-0.0293052942,-0.122903682,-0.0367461406,0.167020336,-0.101129599,0.0181973994,-0.00865237296,-0.201135555,-0.180273164,0.00370976955,-0.00284825534,0.2,0.2,-0.0745807365,-0.0573492281,0.0133616269,-0.00809036791,0.0181973994,0.201135555,0.00370976955,0.2,0.0745807365,0.0133616269,0.00865237296,-0.180273164,-0.00284825534,-0.2,0.00809036791,0.0573492281
171,12109840,0.231604487,-0.104669571,-0.00104620133,0.0437107272,0.0478533618,-0.0301520061,-0.133804098,-0.0307552889,-0.122692682,-0.0374182798,0.17864044,-0.0998934731,0.0185283589,-0.00837356567,-0.200470791,-0.180330173,0.00382826895,-0.00241216049,0.2,0.2,-0.0745385364,-0.057483656,0.0142912352,-0.00799147785,0.0185283589,0.200470791,0.00382826895,0.2,0.0745385364,0.0142912352,0.00837356567,-0.180330173,-0.00241216049,-0.2,0.00799147785,0.057483656
172,12130000,0.23377116,-0.100324102,0.000742419739,0.0443440713,0.0508036837,-0.0248891581,-0.134551421,-0.0298096351,-0.119807437,-0.0355854072,0.189629659,-0.10090144,0.0187016928,-0.00802592814,-0.199665911,-0.180045168,0.0040642947,-0.00199113265,0.2,0.2,-0.0739614874,-0.0571170814,0.0151703727,-0.00807211518,0.0187016928,0.199665911,0.0040642947,0.2,0.0739614874,0.0151703727,0.00802592814,-0.180045168,-0.00199113265,-0.2,0.00807211518,0.0571170814
173,12166173,0.234376922,-0.0974093676,0.0013785566,0.0448471494,0.0537160076,-0.0199351646,-0.135571137,-0.0297190323,-0.117638528,-0.0343645848,0.20038794,-0.10138607,0.0187501538,-0.0077927494,-0.19937965,-0.179818783,0.00429728061,-0.00159481317,0.2,0.2,-0.0735277057,-0.056872917,0.0160310352,-0.00811088562,0.0187501538,0.19937965,0.00429728061,0.2,0.0735277057,0.0160310352,0.0077927494,-0.179818783,-0.00159481317,-0.2,0.00811088562,0.056872917
174,12170875,0.235104293,-0.0939530283,0.00217223866,0.0445949808,0.0574622564,-0.0135061704,-0.136075079,-0.0281653572,-0.11939773,-0.0318896025,0.20278962,-0.104011334,0.0188083434,-0.00751624227,-0.199022493,-0.179932259,0.00459698051,-0.00108049363,0.2,0.2,-0.0738795459,-0.0563779205,0.0162231696,-0.00832090676,0.0188083434,0.199022493,0.00459698051,0.2,0.0738795459,0.0162231696,0.00751624227,-0.179932259,-0.00108049363,-0.2,0.00832090676,0.0563779205
175,12187957,0.235000119,-0.0931498185,-0.00292564393,0.0462405831,0.0570605136,-0.0114865927,-0.137472302,-0.0275901277,-0.122777842,-0.0312764868,0.204514325,-0.105894119,0.0188000095,-0.00745198548,-0.20131654,-0.179191738,0.00456484109,-0.000918927416,0.2,0.2,-0.0745555684,-0.0562552974,0.016361146,-0.00847152948,0.0188000095,0.20131654,0.00456484109,0.2,0.0745555684,0.016361146,0.00745198548,-0.179191738,-0.000918927416,-0.2,0.00847152948,0.0562552974
176,12210546,0.234878659,-0.0937464982,-0.00608017109,0.046764832,0.0544635244,-0.0117649911,-0.140681192,-0.0276687723,-0.130229414,-0.0336276814,0.20597896,-0.107265249,0.0187902927,-0.00749971986,-0.202736077,-0.178955826,0.00435708195,-0.000941199288,0.2,0.2,-0.0760458827,-0.0567255363,0.0164783168,-0.00858121991,0.0187902927,0.202736077,0.00435708195,0.2,0.0760458827,0.0164783168,0.00749971986,-0.178955826,-0.000941199288,-0.2,0.00858121991,0.0567255363
177,12229295,0.234662622,-0.094614625,-0.0080772303,0.0459807143,0.0527301319,-0.0125142112,-0.142805174,-0.0286413208,-0.139405966,-0.0358705558,0.203409716,-0.108276457,0.0187730098,-0.00756917,-0.203634754,-0.179308679,0.00421841055,-0.0010011369,0.2,0.2,-0.0778811932,-0.0571741112,0.0162727773,-0.00866211653,0.0187730098,0.203634754,0.00421841055,0.2,0.0778811932,0.0162727773,0.00756917,-0.179308679,-0.0010011369,-0.2,0.00866211653,0.0571741112
178,12249487,0.23366873,-0.0971033201,-0.0100201368,0.0447899289,0.0521797426,-0.0134213651,-0.145390064,-0.0312702283,-0.148602039,-0.0398273654,0.202793285,-0.108019471,0.0186934984,-0.0077682656,-0.204509062,-0.179844532,0.00417437941,-0.0010737092,0.2,0.2,-0.0797204077,-0.0579654731,0.0162234628,-0.00864155769,0.0186934984,0.204509062,0.00417437941,0.2,0.0797204077,0.0162234628,0.0077682656,-0.179844532,-0.0010737092,-0.2,0.00864155769,0.0579654731
179,12269865,0.231961712,-0.0979927778,-0.0122333597,0.0435494184,0.0520024039,-0.0153757324,-0.148903191,-0.0332089476,-0.15770106,-0.0440712012,0.2005703,-0.108540319,0.018556937,-0.00783942223,-0.205505012,-0.180402762,0.00416019231,-0.0012300586,0.2,0.2,-0.081540212,-0.0588142402,0.016045624,-0.00868322551,0.018556937,0.205505012,0.00416019231,0.2,0.081540212,0.016045624,0.00783942223,-0.180402762,-0.0012300586,-0.2,0.00868322551,0.0588142402
180,12298557,0.22975865,-0.0972075835,-0.0146896308,0.04224113,0.0523111001,-0.0176371671,-0.151796088,-0.0351596437,-0.168503508,-0.0481723025,0.191441804,-0.109958343,0.018380692,-0.00777660668,-0.206610334,-0.180991491,0.00418488801,-0.00141097337,0.2,0.2,-0.0837007016,-0.0596344605,0.0153153443,-0.00879666746,0.018380692,0.206610334,0.00418488801,0.2,0.0837007016,0.0153153443,0.00777660668,-0.180991491,-0.00141097337,-0.2,0.00879666746,0.0596344605
181,12311834,0.227277964,-0.0970385671,-0.0163766928,0.0418113992,0.0539551228,-0.0185449254,-0.15342547,-0.0363481827,-0.177686498,-0.0512434132,0.182442531,-0.111657694,0.0181822371,-0.00776308537,-0.207369512,-0.18118487,0.00431640983,-0.00148359403,0.2,0.2,-0.0855372995,-0.0602486826,0.0145954025,-0.00893261552,0.0181822371,0.207369512,0.00431640983,0.2,0.0855372995,0.0145954025,0.00776308537,-0.18118487,-0.00148359403,-0.2,0.00893261552,0.0602486826
182,12329304,0.223940477,-0.0956244767,-0.0166634601,0.0409130082,0.0568995886,-0.0184387788,-0.155978739,-0.0378685221,-0.185291931,-0.0544170327,0.175381482,-0.112957701,0.0179152381,-0.00764995813,-0.207498557,-0.181589146,0.00455196708,-0.00147510231,0.2,0.2,-0.0870583862,-0.0608834065,0.0140305185,-0.00903661609,0.0179152381,0.207498557,0.00455196708,0.2,0.0870583862,0.0140305185,0.00764995813,-0.181589146,-0.00147510231,-0.2,0.00903661609,0.0608834065
183,12352576,0.219871446,-0.0957459211,-0.0185376722,0.0402906127,0.0595437959,-0.0190403201,-0.157877564,-0.0403620303,-0.19202207,-0.0583324023,0.167827874,-0.112954542,0.0175897157,-0.00765967369,-0.208341953,-0.181869224,0.00476350367,-0.00152322561,0.2,0.2,-0.0884044141,-0.0616664805,0.01342623,-0.00903636336,0.0175897157,0.208341953,0.00476350367,0.2,0.0884044141,0.01342623,0.00765967369,-0.181869224,-0.00152322561,-0.2,0.00903636336,0.0616664805
184,12373346,0.215287745,-0.0974822119,-0.020966582,0.0398513749,0.0612528957,-0.0201813653,-0.158856079,-0.0428608321,-0.198517442,-0.0625136495,0.157865614,-0.11249835,0.0172230196,-0.00779857695,-0.209434962,-0.182066881,0.00490023166,-0.00161450922,0.2,0.2,-0.0897034883,-0.0625027299,0.0126292491,-0.00899986804,0.0172230196,0.209434962,0.00490023166,0.2,0.0897034883,0.0126292491,0.00779857695,-0.182066881,-0.00161450922,-0.2,0.00899986804,0.0625027299
185,12389369,0.210415795,-0.0998705402,-0.023508735,0.0397532433,0.0614958219,-0.0229279026,-0.161215559,-0.0458140038,-0.205929518,-0.0686424896,0.149861127,-0.111666389,0.0168332636,-0.00798964322,-0.210578931,-0.182111041,0.00491966575,-0.00183423221,0.2,0.2,-0.0911859035,-0.0637284979,0.0119888902,-0.0089333111,0.0168332636,0.210578931,0.00491966575,0.2,0.0911859035,0.0119888902,0.00798964322,-0.182111041,-0.00183423221,-0.2,0.0089333111,0.0637284979
186,12409958,0.205313578,-0.103905745,-0.0249874499,0.0396878086,0.0607697628,-0.0275065806,-0.162891373,-0.0494713224,-0.210586831,-0.0762616619,0.148535371,-0.110026024,0.0164250863,-0.00831245959,-0.211244352,-0.182140486,0.00486158103,-0.00220052645,0.2,0.2,-0.0921173662,-0.0652523324,0.0118828297,-0.00880208194,0.0164250863,0.211244352,0.00486158103,0.2,0.0921173662,0.0118828297,0.00831245959,-0.182140486,-0.00220052645,-0.2,0.00880208194,0.0652523324
187,12438168,0.201500133,-0.107242778,-0.025263004,0.0392379165,0.0592714101,-0.0324624814,-0.161544442,-0.0508982316,-0.211499855,-0.0807919651,0.141756848,-0.110466219,0.0161200106,-0.00857942224,-0.211368352,-0.182342938,0.00474171281,-0.00259699851,0.2,0.2,-0.092299971,-0.066158393,0.0113405478,-0.00883729756,0.0161200106,0.211368352,0.00474171281,0.2,0.092299971,0.0113405478,0.00857942224,-0.182342938,-0.00259699851,-0.2,0.00883729756,0.066158393
188,12452246,0.198615909,-0.109459847,-0.0257460549,0.0387051441,0.0575412773,-0.0365594663,-0.159845352,-0.0510974787,-0.213357046,-0.0832520425,0.127107754,-0.112732455,0.0158892727,-0.00875678778,-0.211585725,-0.182582685,0.00460330218,-0.0029247573,0.2,0.2,-0.0926714092,-0.0666504085,0.0101686203,-0.00901859641,0.0158892727,0.211585725,0.00460330218,0.2,0.0926714092,0.0101686203,0.00875678778,-0.182582685,-0.0029247573,-0.2,0.00901859641,0.0666504085
189,12475317,0.196058467,-0.110940576,-0.025966743,0.0385440327,0.0564826317,-0.0400050431,-0.159162343,-0.0519825965,-0.213920712,-0.0862085968,0.119877398,-0.113986626,0.0156846774,-0.00887524605,-0.211685034,-0.182655185,0.00451861054,-0.00320040345,0.2,0.2,-0.0927841425,-0.0672417194,0.00959019184,-0.0091189301,0.0156846774,0.211685034,0.00451861054,0.2,0.0927841425,0.00959019184,0.00887524605,-0.182655185,-0.00320040345,-0.2,0.0091189301,0.0672417194
190,12488135,0.193716392,-0.111721255,-0.0257197861,0.0381844118,0.0555576794,-0.0433418863,-0.157761395,-0.0528475419,-0.21131213,-0.0884554163,0.11566563,-0.11456988,0.0154973114,-0.00893770039,-0.211573904,-0.182817015,0.00444461435,-0.0034673509,0.2,0.2,-0.092262426,-0.0676910833,0.00925325036,-0.00916559041,0.0154973114,0.211573904,0.00444461435,0.2,0.092262426,0.00925325036,0.00893770039,-0.182817015,-0.0034673509,-0.2,0.00916559041,0.0676910833
191,12508891,0.192401052,-0.114129066,-0.0246288627,0.0377948582,0.0548386239,-0.0456500202,-0.153702125,-0.0527315624,-0.204597786,-0.0881009549,0.111168936,-0.114187956,0.0153920841,-0.00913032532,-0.211082988,-0.182992314,0.00438708991,-0.00365200162,0.2,0.2,-0.0909195572,-0.067620191,0.00889351487,-0.00913503647,0.0153920841,0.211082988,0.00438708991,0.2,0.0909195572,0.00889351487,0.00913032532,-0.182992314,-0.00365200162,-0.2,0.00913503647,0.067620191
192,12533015,0.192085668,-0.116601855,-0.0231352504,0.0376701653,0.053611543,-0.0470117219,-0.150620788,-0.0528290458,-0.196598649,-0.0879104286,0.111983448,-0.112400502,0.0153668535,-0.00932814837,-0.210410863,-0.183048426,0.00428892344,-0.00376093775,0.2,0.2,-0.0893197298,-0.0675820857,0.00895867586,-0.00899204016,0.0153668535,0.210410863,0.00428892344,0.2,0.0893197298,0.00895867586,0.00932814837,-0.183048426,-0.00376093775,-0.2,0.00899204016,0.0675820857
193,12548105,0.191957116,-0.116839655,-0.0207749698,0.0372302383,0.0517441928,-0.048701223,-0.148427665,-0.0524742529,-0.187472224,-0.0869800523,0.114926457,-0.110951029,0.0153565693,-0.00934717238,-0.209348736,-0.183246393,0.00413953543,-0.00389609784,0.2,0.2,-0.0874944448,-0.0673960105,0.00919411659,-0.0088760823,0.0153565693,0.209348736,0.00413953543,0.2,0.0874944448,0.00919411659,0.00934717238,-0.183246393,-0.00389609784,-0.2,0.0088760823,0.0673960105
194,12574600,0.192227617,-0.117410943,-0.018944107,0.0367316306,0.0499561951,-0.049822107,-0.144698679,-0.0518925041,-0.178101555,-0.0850228742,0.115306012,-0.109656528,0.0153782094,-0.00939287543,-0.208524848,-0.183470766,0.0039964956,-0.00398576856,0.2,0.2,-0.0856203109,-0.0670045748,0.00922448099,-0.00877252221,0.0153782094,0.208524848,0.0039964956,0.2,0.0856203109,0.00922448099,0.00939287543,-0.183470766,-0.00398576856,-0.2,0.00877252221,0.0670045748
195,12593308,0.19224745,-0.118785292,-0.0172277447,0.0359537639,0.0482263006,-0.0503435247,-0.142442316,-0.0523100942,-0.171008483,-0.0852119029,0.119211741,-0.107403748,0.015379796,-0.00950282335,-0.207752485,-0.183820806,0.00385810405,-0.00402748197,0.2,0.2,-0.0842016965,-0.0670423806,0.00953693926,-0.00859229982,0.015379796,0.207752485,0.00385810405,0.2,0.0842016965,0.00953693926,0.00950282335,-0.183820806,-0.00402748197,-0.2,0.00859229982,0.0670423806
196,12610456,0.192034796,-0.119453527,-0.0148768127,0.0354454778,0.0463241711,-0.0517516695,-0.140155539,-0.0522928387,-0.160355866,-0.0849216729,0.129999161,-0.104876541,0.0153627837,-0.00955628216,-0.206694566,-0.184049535,0.00370593369,-0.00414013356,0.2,0.2,-0.0820711732,-0.0669843346,0.0103999329,-0.00839012325,0.0153627837,0.206694566,0.00370593369,0.2,0.0820711732,0.0103999329,0.00955628216,-0.184049535,-0.00414013356,-0.2,0.00839012325,0.0669843346
197,12637653,0.19159393,-0.119710207,-0.0116304271,0.0343961194,0.0447915532,-0.0523162,-0.138234124,-0.0526498482,-0.15007171,-0.0847255364,0.141093761,-0.102808535,0.0153275144,-0.00957681656,-0.205233692,-0.184521746,0.00358332425,-0.004185296,0.2,0.2,-0.0800143421,-0.0669451073,0.0112875009,-0.00822468281,0.0153275144,0.205233692,0.00358332425,0.2,0.0800143421,0.0112875009,0.00957681656,-0.184521746,-0.004185296,-0.2,0.00822468281,0.0669451073
198,12652783,0.191580817,-0.120030329,-0.00941965636,0.0333814323,0.0432327203,-0.0523244031,-0.135553434,-0.0521348454,-0.141765296,-0.0834267586,0.144597426,-0.102419339,0.0153264654,-0.00960242629,-0.204238845,-0.184978355,0.00345861763,-0.00418595225,0.2,0.2,-0.0783530593,-0.0666853517,0.0115677941,-0.00819354713,0.0153264654,0.204238845,0.00345861763,0.2,0.0783530593,0.0115677941,0.00960242629,-0.184978355,-0.00418595225,-0.2,0.00819354713,0.0666853517
199,12672828,0.189524099,-0.120203964,-0.00840756483,0.0323354602,0.0416909754,-0.052098278,-0.135902449,-0.0535219461,-0.139124781,-0.0867733881,0.151593044,-0.101260401,0.0151619279,-0.00961631715,-0.203783404,-0.185449043,0.00333527803,-0.00416786224,0.2,0.2,-0.0778249562,-0.0673546776,0.0121274436,-0.0081008321,0.0151619279,0.203783404,0.00333527803,0.2,0.0778249562,0.0121274436,0.00961631715,-0.185449043,-0.00416786224,-0.2,0.0081008321,0.0673546776
200,12688630,0.187006533,-0.119190738,-0.0060350406,0.0317369848,0.0411537029,-0.0519987494,-0.135765195,-0.0541330352,-0.134610668,-0.0891282707,0.16162844,-0.101015322,0.0149605227,-0.00953525901,-0.202715768,-0.185718357,0.00329229623,-0.00415989995,0.2,0.2,-0.0769221336,-0.0678256541,0.0129302752,-0.00808122575,0.0149605227,0.202715768,0.00329229623,0.2,0.0769221336,0.0129302752,0.00953525901,-0.185718357,-0.00415989995,-0.2,0.00808122575,0.0678256541
201,12708424,0.185722023,-0.11830391,-0.0037827373,0.0309730284,0.0411790535,-0.0513101518,-0.133486316,-0.0528745092,-0.127611026,-0.087551564,0.165513575,-0.102888063,0.0148577619,-0.00946431279,-0.201702232,-0.186062137,0.00329432428,-0.00410481215,0.2,0.2,-0.0755222052,-0.0675103128,0.013241086,-0.00823104501,0.0148577619,0.201702232,0.00329432428,0.2,0.0755222052,0.013241086,0.00946431279,-0.186062137,-0.00410481215,-0.2,0.00823104501,0.0675103128
202,12729614,0.18610248,-0.117955506,-0.00225512474,0.0305559132,0.0415241234,-0.0490164831,-0.131890506,-0.0503254794,-0.123722136,-0.0840832591,0.162118778,-0.105716512,0.0148881984,-0.00943644047,-0.201014806,-0.186249839,0.00332192987,-0.00392131865,0.2,0.2,-0.0747444272,-0.0668166518,0.0129695022,-0.00845732093,0.0148881984,0.201014806,0.00332192987,0.2,0.0747444272,0.0129695022,0.00943644047,-0.186249839,-0.00392131865,-0.2,0.00845732093,0.0668166518
203,12748881,0.185488358,-0.117051169,-0.00243690191,0.0305314679,0.0418055877,-0.0471813045,-0.134301886,-0.0502352007,-0.124716446,-0.0842882842,0.166035295,-0.106344216,0.0148390687,-0.00936409354,-0.201096606,-0.186260839,0.00334444702,-0.00377450436,0.2,0.2,-0.0749432892,-0.0668576568,0.0132828236,-0.00850753725,0.0148390687,0.201096606,0.00334444702,0.2,0.0749432892,0.0132828236,0.00936409354,-0.186260839,-0.00377450436,-0.2,0.00850753725,0.0668576568
204,12773215,0.184728682,-0.116066888,-0.00182791974,0.0298718866,0.0430365093,-0.0454110019,-0.136270806,-0.051090356,-0.127439842,-0.085314557,0.170444429,-0.106859207,0.0147782946,-0.00928535104,-0.200822564,-0.186557651,0.00344292074,-0.00363288015,0.2,0.2,-0.0754879683,-0.0670629114,0.0136355543,-0.00854873657,0.0147782946,0.200822564,0.00344292074,0.2,0.0754879683,0.0136355543,0.00928535104,-0.186557651,-0.00363288015,-0.2,0.00854873657,0.0670629114
205,12789258,0.185337543,-0.116728835,-0.00121445965,0.0292878747,0.0451400504,-0.0425279848,-0.135700956,-0.050245557,-0.130205616,-0.0832518041,0.166594341,-0.108655252,0.0148270035,-0.00933830678,-0.200546507,-0.186820456,0.00361120403,-0.00340223879,0.2,0.2,-0.0760411233,-0.0666503608,0.0133275473,-0.00869242013,0.0148270035,0.200546507,0.00361120403,0.2,0.0760411233,0.0133275473,0.00933830678,-0.186820456,-0.00340223879,-0.2,0.00869242013,0.0666503608
206,12818087,0.186669946,-0.117155604,-0.000868750096,0.0292501524,0.048241172,-0.0378586501,-0.13748236,-0.0489540622,-0.137002945,-0.0813898593,0.160711974,-0.110860102,0.0149335957,-0.00937244833,-0.200390938,-0.186837431,0.00385929376,-0.00302869201,0.2,0.2,-0.077400589,-0.0662779719,0.0128569579,-0.00886880815,0.0149335957,0.200390938,0.00385929376,0.2,0.077400589,0.0128569579,0.00937244833,-0.186837431,-0.00302869201,-0.2,0.00886880815,0.0662779719
207,12828940,0.187620446,-0.115273416,-0.00129996194,0.0299409181,0.0518395528,-0.0337164178,-0.142107904,-0.0486611649,-0.144843191,-0.0809056684,0.162638843,-0.112368405,0.0150096357,-0.00922187328,-0.200584983,-0.186526587,0.00414716423,-0.00269731343,0.2,0.2,-0.0789686382,-0.0661811337,0.0130111074,-0.00898947239,0.0150096357,0.200584983,0.00414716423,0.2,0.0789686382,0.0130111074,0.00922187328,-0.186526587,-0.00269731343,-0.2,0.00898947239,0.0661811337
208,12849970,0.189115137,-0.113907896,-0.00127139781,0.0309893619,0.0559192598,-0.0302509516,-0.144206181,-0.0478585623,-0.148143917,-0.0783236921,0.16736789,-0.112760283,0.0151292109,-0.00911263168,-0.200572129,-0.186054787,0.00447354078,-0.00242007613,0.2,0.2,-0.0796287835,-0.0656647384,0.0133894312,-0.00902082264,0.0151292109,0.200572129,0.00447354078,0.2,0.0796287835,0.0133894312,0.00911263168,-0.186054787,-0.00242007613,-0.2,0.00902082264,0.0656647384
209,12872828,0.192314729,-0.11298874,-0.00199253927,0.0316704921,0.0590639636,-0.026961416,-0.146066129,-0.0462555066,-0.153692976,-0.0747470334,0.163639531,-0.113924056,0.0153851783,-0.00903909922,-0.200896643,-0.185748279,0.00472511709,-0.00215691328,0.2,0.2,-0.0807385951,-0.0649494067,0.0130911624,-0.0091139245,0.0153851783,0.200896643,0.00472511709,0.2,0.0807385951,0.0130911624,0.00903909922,-0.185748279,-0.00215691328,-0.2,0.0091139245,0.0649494067
210,12889394,0.19521597,-0.111205019,-0.00452174107,0.0327039622,0.0612021796,-0.0245704092,-0.149484187,-0.0450404994,-0.163746983,-0.0731057078,0.156408533,-0.115291841,0.0156172776,-0.00889640152,-0.202034783,-0.185283217,0.00489617437,-0.00196563274,0.2,0.2,-0.0827493966,-0.0646211416,0.0125126827,-0.00922334731,0.0156172776,0.202034783,0.00489617437,0.2,0.0827493966,0.0125126827,0.00889640152,-0.185283217,-0.00196563274,-0.2,0.00922334731,0.0646211416
211,12910765,0.197207168,-0.108489469,-0.00692241685,0.0345249884,0.0629526377,-0.0237250216,-0.152879983,-0.0442738011,-0.171373039,-0.0720083416,0.15529789,-0.115849227,0.0157765734,-0.0086791575,-0.203115088,-0.184463755,0.00503621101,-0.00189800173,0.2,0.2,-0.0842746079,-0.0644016683,0.0124238312,-0.00926793814,0.0157765734,0.203115088,0.00503621101,0.2,0.0842746079,0.0124238312,0.0086791575,-0.184463755,-0.00189800173,-0.2,0.00926793814,0.0644016683
212,12929237,0.199501634,-0.106497839,-0.00920896977,0.0357711501,0.0642277524,-0.0238621458,-0.153362215,-0.0429376811,-0.175939128,-0.0690668672,0.149937734,-0.116273463,0.0159601307,-0.00851982713,-0.204144036,-0.183902982,0.00513822019,-0.00190897167,0.2,0.2,-0.0851878256,-0.0638133734,0.0119950187,-0.00930187702,0.0159601307,0.204144036,0.00513822019,0.2,0.0851878256,0.0119950187,0.00851982713,-0.183902982,-0.00190897167,-0.2,0.00930187702,0.0638133734
213,12949766,0.20178394,-0.106759891,-0.0115910331,0.0371751785,0.0647289082,-0.0241674669,-0.153385803,-0.0419088714,-0.180032939,-0.0667638853,0.14458324,-0.115462154,0.0161427152,-0.00854079127,-0.205215965,-0.18327117,0.00517831266,-0.00193339735,0.2,0.2,-0.0860065877,-0.0633527771,0.0115666592,-0.00923697233,0.0161427152,0.205215965,0.00517831266,0.2,0.0860065877,0.0115666592,0.00854079127,-0.18327117,-0.00193339735,-0.2,0.00923697233,0.0633527771
214,12968432,0.204433411,-0.107018784,-0.0133868,0.0392593592,0.0636488944,-0.026125852,-0.15491645,-0.0413666032,-0.181207716,-0.065901041,0.148879185,-0.113622874,0.0163546729,-0.0085615027,-0.20602406,-0.182333288,0.00509191155,-0.00209006816,0.2,0.2,-0.0862415433,-0.0631802082,0.0119103348,-0.00908982992,0.0163546729,0.20602406,0.00509191155,0.2,0.0862415433,0.0119103348,0.0085615027,-0.182333288,-0.00209006816,-0.2,0.00908982992,0.0631802082
215,12993510,0.209024459,-0.105039775,-0.0139919231,0.0414759554,0.0608565323,-0.0300593972,-0.154721439,-0.0384838097,-0.177895308,-0.0617603287,0.151199684,-0.113718256,0.0167219567,-0.00840318203,-0.206296365,-0.18133582,0.00486852258,-0.00240475178,0.2,0.2,-0.0855790615,-0.0623520657,0.0120959747,-0.00909746051,0.0167219567,0.206296365,0.00486852258,0.2,0.0855790615,0.0120959747,0.00840318203,-0.18133582,-0.00240475178,-0.2,0.00909746051,0.0623520657
216,13012264,0.216288716,-0.10328646,-0.0141106732,0.04402804,0.0576852448,-0.0327203795,-0.152481198,-0.0336505175,-0.172743961,-0.0538673736,0.149546027,-0.114706196,0.0173030972,-0.0082629168,-0.206349803,-0.180187382,0.00461481959,-0.00261763036,0.2,0.2,-0.0845487922,-0.0607734747,0.0119636822,-0.00917649567,0.0173030972,0.206349803,0.00461481959,0.2,0.0845487922,0.0119636822,0.0082629168,-0.180187382,-0.00261763036,-0.2,0.00917649567,0.0607734747
217,13029906,0.227018386,-0.0973551422,-0.014433925,0.0472618975,0.0546509288,-0.0335283168,-0.14992553,-0.0257433169,-0.167196795,-0.0411733687,0.141949028,-0.117967486,0.0181614709,-0.00778841138,-0.206495266,-0.178732146,0.00437207431,-0.00268226534,0.2,0.2,-0.0834393591,-0.0582346737,0.0113559222,-0.00943739891,0.0181614709,0.206495266,0.00437207431,0.2,0.0834393591,0.0113559222,0.00778841138,-0.178732146,-0.00268226534,-0.2,0.00943739891,0.0582346737
218,13050858,0.239500687,-0.0898177996,-0.0151725728,0.0514096133,0.0521575548,-0.033149045,-0.149002835,-0.0183756594,-0.161332175,-0.0281685907,0.143820897,-0.119504057,0.0191600549,-0.00718542397,-0.206827658,-0.176865674,0.00417260438,-0.0026519236,0.2,0.2,-0.082266435,-0.0556337181,0.0115056717,-0.00956032455,0.0191600549,0.206827658,0.00417260438,0.2,0.082266435,0.0115056717,0.00718542397,-0.176865674,-0.0026519236,-0.2,0.00956032455,0.0556337181
219,13068818,0.252735615,-0.0835254341,-0.0166494809,0.0551239625,0.0500018932,-0.0320965201,-0.146791428,-0.0132115111,-0.154768854,-0.0162129365,0.150720313,-0.117570765,0.0202188492,-0.00668203473,-0.207492266,-0.175194217,0.00400015146,-0.00256772161,0.2,0.2,-0.0809537709,-0.0532425873,0.0120576251,-0.00940566123,0.0202188492,0.207492266,0.00400015146,0.2,0.0809537709,0.0120576251,0.00668203473,-0.175194217,-0.00256772161,-0.2,0.00940566123,0.0532425873
220,13092449,0.26423797,-0.0786758661,-0.0176485442,0.0568821579,0.0480626784,-0.03092012,-0.145618603,-0.0111119756,-0.150693849,-0.00775765674,0.159471542,-0.112362966,0.0211390376,-0.00629406929,-0.207941845,-0.174403029,0.00384501427,-0.0024736096,0.2,0.2,-0.0801387697,-0.0515515313,0.0127577233,-0.00898903728,0.0211390376,0.207941845,0.00384501427,0.2,0.0801387697,0.0127577233,0.00629406929,-0.174403029,-0.0024736096,-0.2,0.00898903728,0.0515515313
221,13109492,0.272656053,-0.0768906921,-0.0195243508,0.0581967272,0.0459532067,-0.0300817117,-0.146381408,-0.0129842283,-0.149488091,-0.00563513255,0.174596339,-0.105152242,0.0218124843,-0.00615125537,-0.208785958,-0.173811473,0.00367625654,-0.00240653694,0.2,0.2,-0.0798976183,-0.0511270265,0.0139677072,-0.00841217935,0.0218124843,0.208785958,0.00367625654,0.2,0.0798976183,0.0139677072,0.00615125537,-0.173811473,-0.00240653694,-0.2,0.00841217935,0.0511270265
222,13135995,0.276212424,-0.0756244212,-0.0176535808,0.0570999235,0.0452137329,-0.0287480019,-0.14734754,-0.0158365034,-0.147179201,-0.00757962,0.193010002,-0.0996995419,0.0220969939,-0.0060499537,-0.207944111,-0.174305034,0.00361709863,-0.00229984015,0.2,0.2,-0.0794358402,-0.051515924,0.0154408002,-0.00797596335,0.0220969939,0.207944111,0.00361709863,0.2,0.0794358402,0.0154408002,0.0060499537,-0.174305034,-0.00229984015,-0.2,0.00797596335,0.051515924
223,13154543,0.277000219,-0.0752621368,-0.0158198625,0.0559430569,0.0447648019,-0.0272750817,-0.144561633,-0.0174650177,-0.140994355,-0.00921616424,0.205502674,-0.0965447724,0.0221600175,-0.00602097094,-0.207118938,-0.174825624,0.00358118415,-0.00218200654,0.2,0.2,-0.078198871,-0.0518432328,0.0164402139,-0.00772358179,0.0221600175,0.207118938,0.00358118415,0.2,0.078198871,0.0164402139,0.00602097094,-0.174825624,-0.00218200654,-0.2,0.00772358179,0.0518432328
224,13169399,0.273940474,-0.0766506642,-0.0130752968,0.0528900065,0.0451043434,-0.0238492806,-0.145672217,-0.022032477,-0.14153479,-0.0176045056,0.21869725,-0.09324909,0.0219152379,-0.00613205314,-0.205883884,-0.176199497,0.00360834748,-0.00190794244,0.2,0.2,-0.0783069581,-0.0535209011,0.01749578,-0.0074599272,0.0219152379,0.205883884,0.00360834748,0.2,0.0783069581,0.01749578,0.00613205314,-0.176199497,-0.00190794244,-0.2,0.0074599272,0.0535209011
225,13190169,0.265588075,-0.0785102397,-0.00776734576,0.0480799191,0.0482934527,-0.0196456369,-0.146751046,-0.0291286055,-0.140250534,-0.0287859291,0.236157328,-0.0904941633,0.021247046,-0.00628081918,-0.203495306,-0.178364036,0.00386347622,-0.00157165095,0.2,0.2,-0.0780501068,-0.0557571858,0.0188925862,-0.00723953307,0.021247046,0.203495306,0.00386347622,0.2,0.0780501068,0.0188925862,0.00628081918,-0.178364036,-0.00157165095,-0.2,0.00723953307,0.0557571858
226,13210200,0.250410467,-0.0808234289,-0.000491441984,0.0403435938,0.0557928719,-0.0116281947,-0.14649792,-0.0374107994,-0.141669989,-0.0419869386,0.244124711,-0.0896923244,0.0200328374,-0.00646587431,-0.200221149,-0.181845383,0.00446342975,-0.000930255577,0.2,0.2,-0.0783339977,-0.0583973877,0.0195299768,-0.00717538595,0.0200328374,0.200221149,0.00446342975,0.2,0.0783339977,0.0195299768,0.00646587431,-0.181845383,-0.000930255577,-0.2,0.00717538595,0.0583973877
227,13230139,0.22907953,-0.0871749818,0.00400214363,0.0331532247,0.0655646697,-0.00269246381,-0.147323593,-0.0470228009,-0.147046253,-0.0577675626,0.246618196,-0.089066349,0.0183263624,-0.00697399855,-0.198199035,-0.185081049,0.00524517357,-0.000215397105,0.2,0.2,-0.0794092506,-0.0615535125,0.0197294557,-0.00712530792,0.0183263624,0.198199035,0.00524517357,0.2,0.0794092506,0.0197294557,0.00697399855,-0.185081049,-0.000215397105,-0.2,0.00712530792,0.0615535125
228,13251172,0.202285618,-0.0935349092,0.0077863615,0.0261785276,0.0760252327,0.00599422306,-0.148561627,-0.0580842197,-0.154110104,-0.076047644,0.245970905,-0.0890056938,0.0161828494,-0.00748279274,-0.196496137,-0.188219663,0.00608201861,0.000479537845,0.2,0.2,-0.0808220208,-0.0652095288,0.0196776724,-0.0071204555,0.0161828494,0.196496137,0.00608201861,0.2,0.0808220208,0.0196776724,0.00748279274,-0.188219663,0.000479537845,-0.2,0.0071204555,0.0652095288
229,13270322,0.170995027,-0.101333968,0.0123664392,0.0186216962,0.0857862979,0.0130426856,-0.14827849,-0.0698343366,-0.159649134,-0.0959438682,0.243494183,-0.0889125913,0.0136796021,-0.00810671747,-0.194435102,-0.191620237,0.00686290383,0.00104341485,0.2,0.2,-0.0819298267,-0.0691887736,0.0194795346,-0.00711300731,0.0136796021,0.194435102,0.00686290383,0.2,0.0819298267,0.0194795346,0.00810671747,-0.191620237,0.00104341485,-0.2,0.00711300731,0.0691887736
230,13296569,0.139958724,-0.109962277,0.0167381577,0.0102774492,0.0935551226,0.018148154,-0.143991709,-0.0800999701,-0.162147775,-0.113930836,0.234611481,-0.0898761302,0.011196698,-0.00879698217,-0.192467829,-0.195375148,0.00748440981,0.00145185232,0.2,0.2,-0.0824295551,-0.0727861673,0.0187689185,-0.00719009042,0.011196698,0.192467829,0.00748440981,0.2,0.0824295551,0.0187689185,0.00879698217,-0.195375148,0.00145185232,-0.2,0.00719009042,0.0727861673
231,13308114,0.111972526,-0.115136139,0.0200496595,0.00100555457,0.097626932,0.0197208505,-0.140944451,-0.08958444,-0.168902799,-0.131636381,0.21641174,-0.093527928,0.00895780206,-0.00921089113,-0.190977653,-0.1995475,0.00781015456,0.00157766804,0.2,0.2,-0.0837805599,-0.0763272762,0.0173129392,-0.00748223424,0.00895780206,0.190977653,0.00781015456,0.2,0.0837805599,0.0173129392,0.00921089113,-0.1995475,0.00157766804,-0.2,0.00748223424,0.0763272762
232,13329938,0.0868875459,-0.119285457,0.0213227309,-0.00823826063,0.0987375602,0.0183528103,-0.137301937,-0.0999135375,-0.179764166,-0.150015503,0.193428367,-0.0984838158,0.00695100367,-0.00954283655,-0.190404771,-0.203707217,0.00789900482,0.00146822482,0.2,0.2,-0.0859528333,-0.0800031006,0.0154742694,-0.00787870526,0.00695100367,0.190404771,0.00789900482,0.2,0.0859528333,0.0154742694,0.00954283655,-0.203707217,0.00146822482,-0.2,0.00787870526,0.0800031006
233,13350155,0.0660383478,-0.122362502,0.0227639265,-0.0177165009,0.0983805731,0.0147014093,-0.131321102,-0.109666377,-0.189640552,-0.166087136,0.169561967,-0.103686318,0.00528306782,-0.00978900015,-0.189756233,-0.207972425,0.00787044585,0.00117611274,0.2,0.2,-0.0879281104,-0.0832174271,0.0135649574,-0.00829490542,0.00528306782,0.189756233,0.00787044585,0.2,0.0879281104,0.0135649574,0.00978900015,-0.207972425,0.00117611274,-0.2,0.00829490542,0.0832174271
234,13369637,0.0533482768,-0.124747403,0.0212751385,-0.024340732,0.0949157923,0.00694493763,-0.125286892,-0.11576283,-0.19620961,-0.176027924,0.143516198,-0.108867221,0.00426786214,-0.00997979224,-0.190426188,-0.210953329,0.00759326339,0.000555595011,0.2,0.2,-0.0892419219,-0.0852055848,0.0114812958,-0.00870937765,0.00426786214,0.190426188,0.00759326339,0.2,0.0892419219,0.0114812958,0.00997979224,-0.210953329,0.000555595011,-0.2,0.00870937765,0.0852055848
235,13396425,0.0477563627,-0.12671575,0.0172501132,-0.0280792657,0.0876392797,-0.00462399656,-0.121451996,-0.119147457,-0.202819169,-0.183311343,0.120963559,-0.110819072,0.00382050902,-0.01013726,-0.192237449,-0.21263567,0.00701114237,-0.000369919725,0.2,0.2,-0.0905638337,-0.0866622686,0.00967708468,-0.00886552572,0.00382050902,0.192237449,0.00701114237,0.2,0.0905638337,0.00967708468,0.01013726,-0.21263567,-0.000369919725,-0.2,0.00886552572,0.0866622686
236,13409581,0.0487464964,-0.128020108,0.0102846446,-0.0288437698,0.0757580623,-0.0222220477,-0.120214544,-0.120262936,-0.209851861,-0.188601732,0.103655368,-0.109216586,0.00389971972,-0.0102416086,-0.19537191,-0.212979696,0.00606064498,-0.00177776381,0.2,0.2,-0.0919703722,-0.0877203465,0.00829242945,-0.00873732686,0.00389971972,0.19537191,0.00606064498,0.2,0.0919703722,0.00829242945,0.0102416086,-0.212979696,-0.00177776381,-0.2,0.00873732686,0.0877203465
237,13430510,0.0581984147,-0.129544005,0.00271547376,-0.0259573385,0.0613970682,-0.044199869,-0.120699249,-0.116167933,-0.214397401,-0.186928481,0.0859822631,-0.10731931,0.00465587318,-0.0103635204,-0.198778037,-0.211680802,0.00491176546,-0.00353598952,0.2,0.2,-0.0928794801,-0.0873856962,0.00687858105,-0.00858554482,0.00465587318,0.198778037,0.00491176546,0.2,0.0928794801,0.00687858105,0.0103635204,-0.211680802,-0.00353598952,-0.2,0.00858554482,0.0873856962
238,13454234,0.0757133141,-0.130730838,-0.00918486807,-0.0182264578,0.0449747667,-0.0719278306,-0.125135094,-0.107613564,-0.217501089,-0.181095481,0.0723958015,-0.102869898,0.00605706513,-0.010458467,-0.204133191,-0.208201906,0.00359798133,-0.00575422645,0.2,0.2,-0.0935002178,-0.0862190962,0.00579166412,-0.00822959185,0.00605706513,0.204133191,0.00359798133,0.2,0.0935002178,0.00579166412,0.010458467,-0.208201906,-0.00575422645,-0.2,0.00822959185,0.0862190962
239,13470615,0.0970792845,-0.132139012,-0.0232691653,-0.0071131764,0.028722493,-0.10425555,-0.131227076,-0.0971791148,-0.221127242,-0.175063208,0.0643023029,-0.0966703817,0.00776634276,-0.010571121,-0.210471124,-0.203200929,0.00229779944,-0.00834044397,0.2,0.2,-0.0942254484,-0.0850126415,0.00514418423,-0.00773363054,0.00776634276,0.210471124,0.00229779944,0.2,0.0942254484,0.00514418423,0.010571121,-0.203200929,-0.00834044397,-0.2,0.00773363054,0.0850126415
240,13498846,0.120691217,-0.136318818,-0.0371469036,0.00563251926,0.0146821244,-0.137178957,-0.137384474,-0.0853927284,-0.225619406,-0.168311894,0.0536775775,-0.09410505,0.0096552974,-0.0109055054,-0.216716107,-0.197465366,0.00117456995,-0.0109743166,0.2,0.2,-0.0951238811,-0.0836623788,0.0042942062,-0.007528404,0.0096552974,0.216716107,0.00117456995,0.2,0.0951238811,0.0042942062,0.0109055054,-0.197465366,-0.0109743166,-0.2,0.007528404,0.0836623788
241,13507769,0.144010872,-0.143456459,-0.0532710962,0.0197909679,0.00407255255,-0.168426245,-0.143812761,-0.075750947,-0.235064909,-0.163114041,0.0378216915,-0.0953101739,0.0115208697,-0.0114765167,-0.223971993,-0.191094064,0.000325804204,-0.0134740996,0.2,0.2,-0.0970129818,-0.0826228082,0.00302573532,-0.00762481391,0.0115208697,0.223971993,0.000325804204,0.2,0.0970129818,0.00302573532,0.0114765167,-0.191094064,-0.0134740996,-0.2,0.00762481391,0.0826228082
242,13532420,0.161948636,-0.152186379,-0.0685680881,0.0331157446,-0.00362378987,-0.19929938,-0.14726457,-0.0701475888,-0.24720405,-0.160794109,0.0207154863,-0.0980546549,0.0129558909,-0.0121749103,-0.23085564,-0.185097915,-0.00028990319,-0.0159439504,0.2,0.2,-0.0994408101,-0.0821588218,0.0016572389,-0.00784437239,0.0129558909,0.23085564,-0.00028990319,0.2,0.0994408101,0.0016572389,0.0121749103,-0.185097915,-0.0159439504,-0.2,0.00784437239,0.0821588218
243,13549238,0.166480169,-0.161985129,-0.0842651054,0.0432487205,-0.0101584699,-0.232568219,-0.141591907,-0.072797738,-0.255518079,-0.169376999,0.00745081063,-0.102301791,0.0133184135,-0.0129588103,-0.237919297,-0.180538076,-0.000812677592,-0.0186054575,0.2,0.2,-0.101103616,-0.0838753998,0.000596064851,-0.0081841433,0.0133184135,0.237919297,-0.000812677592,0.2,0.101103616,0.000596064851,0.0129588103,-0.180538076,-0.0186054575,-0.2,0.0081841433,0.0838753998
244,13570193,0.15279232,-0.173795655,-0.0884909257,0.0437891074,-0.0138690267,-0.265146524,-0.120987803,-0.0878045857,-0.25414294,-0.184140891,-0.00829142425,-0.111558333,0.0122233856,-0.0139036524,-0.239820917,-0.180294902,-0.00110952213,-0.0212117219,0.2,0.2,-0.100828588,-0.0868281782,-0.00066331394,-0.00892466664,0.0122233856,0.239820917,-0.00110952213,0.2,0.100828588,-0.00066331394,0.0139036524,-0.180294902,-0.0212117219,-0.2,0.00892466664,0.0868281782
245,13589143,0.129546463,-0.184997559,-0.0730608702,0.034219332,-0.0158150978,-0.287652701,-0.0885608047,-0.107168213,-0.231225953,-0.191737473,-0.0271299072,-0.126615599,0.0103637171,-0.0147998047,-0.232877392,-0.184601301,-0.00126520783,-0.0230122161,0.2,0.2,-0.0962451905,-0.0883474946,-0.00217039257,-0.0101292479,0.0103637171,0.232877392,-0.00126520783,0.2,0.0962451905,-0.00217039257,0.0147998047,-0.184601301,-0.0230122161,-0.2,0.0101292479,0.0883474946
246,13612661,0.101496667,-0.193667546,-0.0392134599,0.010450664,-0.0168016162,-0.290507734,-0.0554134771,-0.131863937,-0.196134686,-0.196073189,-0.0428030491,-0.141255677,0.00811973333,-0.0154934037,-0.217646057,-0.195297201,-0.00134412929,-0.0232406187,0.2,0.2,-0.0892269373,-0.0892146379,-0.00342424393,-0.0113004541,0.00811973333,0.217646057,-0.00134412929,0.2,0.0892269373,-0.00342424393,0.0154934037,-0.195297201,-0.0232406187,-0.2,0.0113004541,0.0892146379
247,13628509,0.0809939504,-0.197495103,-0.000200151495,-0.0178605542,-0.0171869434,-0.270990252,-0.0331263281,-0.153720602,-0.161580056,-0.198633015,-0.0521712042,-0.153680697,0.00647951603,-0.0157996082,-0.200090068,-0.208037249,-0.00137495548,-0.0216792202,0.2,0.2,-0.0823160112,-0.089726603,-0.00417369634,-0.0122944558,0.00647951603,0.200090068,-0.00137495548,0.2,0.0823160112,-0.00417369634,0.0157996082,-0.208037249,-0.0216792202,-0.2,0.0122944558,0.089726603
248,13652179,0.0847187489,-0.18704015,0.0468625613,-0.0422805026,-0.0040376503,-0.209526896,-0.0392250977,-0.155201539,-0.135387227,-0.186682805,-0.0463182367,-0.159919605,0.00677749991,-0.014963212,-0.178911847,-0.219026226,-0.000323012024,-0.0167621517,0.2,0.2,-0.0770774454,-0.0873365611,-0.00370545894,-0.0127935684,0.00677749991,0.178911847,-0.000323012024,0.2,0.0770774454,-0.00370545894,0.014963212,-0.219026226,-0.0167621517,-0.2,0.0127935684,0.0873365611
249,13678354,0.115435831,-0.15522401,0.0803579763,-0.0412936807,0.036476057,-0.111391678,-0.0776666924,-0.126001433,-0.124161609,-0.159407318,-0.0176588669,-0.151052788,0.0092348665,-0.0124179208,-0.163838911,-0.218582156,0.00291808456,-0.00891133428,0.2,0.2,-0.0748323217,-0.0818814635,-0.00141270936,-0.012084223,0.0092348665,0.163838911,0.00291808456,0.2,0.0748323217,-0.00141270936,0.0124179208,-0.218582156,-0.00891133428,-0.2,0.012084223,0.0818814635
250,13689614,0.146297961,-0.107628576,0.0992373601,-0.0297882017,0.109895356,-0.00290489523,-0.127417728,-0.092857331,-0.157138541,-0.13303265,0.0346439406,-0.129608884,0.0117038369,-0.00861028612,-0.155343188,-0.213404691,0.00879162848,-0.000232391618,0.2,0.2,-0.0814277083,-0.07660653,0.00277151525,-0.0103687108,0.0117038369,0.155343188,0.00879162848,0.2,0.0814277083,0.00277151525,0.00861028612,-0.213404691,-0.000232391618,-0.2,0.0103687108,0.07660653
251,13711930,0.1681263,-0.057852149,0.0918519571,-0.00937188044,0.181375623,0.0748150945,-0.169728935,-0.0684055835,-0.197257921,-0.1061498,0.103701457,-0.102242015,0.013450104,-0.00462817192,-0.158666619,-0.204217346,0.0145100498,0.00598520756,0.2,0.2,-0.0894515842,-0.07122996,0.00829611659,-0.00817936122,0.013450104,0.158666619,0.0145100498,0.2,0.0894515842,0.00829611659,0.00462817192,-0.204217346,0.00598520756,-0.2,0.00817936122,0.07122996
252,13732347,0.176456928,-0.0249615479,0.0845489278,0.0140705965,0.233437672,0.117678069,-0.181638941,-0.0442628935,-0.195891723,-0.0576051325,0.164752454,-0.0791739002,0.0141165543,-0.00199692383,-0.161952982,-0.193668232,0.0186750138,0.00941424549,0.2,0.2,-0.0891783446,-0.0615210265,0.0131801963,-0.00633391201,0.0141165543,0.161952982,0.0186750138,0.2,0.0891783446,0.0131801963,0.00199692383,-0.193668232,0.00941424549,-0.2,0.00633391201,0.0615210265
253,13747811,0.169528484,-0.0277221389,0.062793754,0.0420095287,0.249895915,0.130214036,-0.182550997,-0.0345885418,-0.169263914,-0.018102631,0.216930225,-0.0593234152,0.0135622787,-0.00221777111,-0.171742811,-0.181095712,0.0199916732,0.0104171228,0.2,0.2,-0.0838527828,-0.0536205262,0.017354418,-0.00474587321,0.0135622787,0.171742811,0.0199916732,0.2,0.0838527828,0.017354418,0.00221777111,-0.181095712,0.0104171228,-0.2,0.00474587321,0.0536205262
254,13774179,0.164025068,-0.0593539104,0.0232908726,0.0691812485,0.211225644,0.105211325,-0.171178654,-0.0176605508,-0.122886561,0.00941146445,0.245000273,-0.0547184236,0.0131220055,-0.00474831283,-0.189519107,-0.168868438,0.0168980515,0.008416906,0.2,0.2,-0.0745773122,-0.0481177071,0.0196000218,-0.00437747389,0.0131220055,0.189519107,0.0168980515,0.2,0.0745773122,0.0196000218,0.00474831283,-0.168868438,0.008416906,-0.2,0.00437747389,0.0481177071
255,13797308,0.176654175,-0.0942109227,-0.0188472569,0.0755745023,0.133035108,0.0583049469,-0.170905724,-0.00307343435,-0.135459766,-0.000573189871,0.226729631,-0.0735942498,0.014132334,-0.00753687382,-0.208481266,-0.165991474,0.0106428087,0.00466439575,0.2,0.2,-0.0770919532,-0.050114638,0.0181383705,-0.00588753998,0.014132334,0.208481266,0.0106428087,0.2,0.0770919532,0.0181383705,0.00753687382,-0.165991474,0.00466439575,-0.2,0.00588753998,0.050114638
256,13817691,0.200429767,-0.120569758,-0.0414748304,0.071513705,0.0672572777,0.00497940788,-0.167124569,0.00139277382,-0.175822347,-0.0122186737,0.172256097,-0.0970573053,0.0160343814,-0.00964558065,-0.218663674,-0.167818833,0.00538058221,0.00039835263,0.2,0.200626748,-0.0851644695,-0.0524437347,0.0137804878,-0.00776458442,0.0160343814,0.218663674,0.00538058221,0.2,0.0851644695,0.0137804878,0.00964558065,-0.167818833,0.00039835263,-0.200626748,0.00776458442,0.0524437347
257,13835886,0.22581014,-0.140510589,-0.0551874042,0.0765908509,0.0219949763,-0.046152588,-0.14607504,0.00804778375,-0.18294248,0.000716881419,0.117021553,-0.118786052,0.0180648112,-0.0112408471,-0.224834332,-0.165534117,0.00175959811,-0.00369220704,0.2,0.203621503,-0.086588496,-0.0498566237,0.00936172426,-0.00950288415,0.0180648112,0.224834332,0.00175959811,0.2,0.086588496,0.00936172426,0.0112408471,-0.165534117,-0.00369220704,-0.203621503,0.00950288415,0.0498566237
258,13852860,0.247791231,-0.148353234,-0.0523885973,0.0730038807,-0.00314323837,-0.0871091858,-0.134441763,0.00646423362,-0.177539423,0.002640347,0.102229647,-0.117163479,0.0198232985,-0.0118682587,-0.223574869,-0.167148254,-0.00025145907,-0.00696873486,0.2,0.202908905,-0.0855078846,-0.0494719306,0.00817837179,-0.00937307835,0.0198232985,0.223574869,-0.00025145907,0.2,0.0855078846,0.00817837179,0.0118682587,-0.167148254,-0.00696873486,-0.202908905,0.00937307835,0.0494719306
259,13867734,0.265912294,-0.140770838,-0.0281542614,0.060678795,-0.00693900138,-0.108817026,-0.121007502,0.00324103073,-0.144918784,0.00206858455,0.11885415,-0.105917551,0.0212729836,-0.011261667,-0.212669418,-0.172694542,-0.000555120111,-0.00870536208,0.2,0.201458464,-0.0789837569,-0.0495862831,0.00950833201,-0.00847340405,0.0212729836,0.212669418,-0.000555120111,0.2,0.0789837569,0.00950833201,0.011261667,-0.172694542,-0.00870536208,-0.201458464,0.00847340405,0.0495862831
260,13892800,0.273114115,-0.127216578,-0.00381545862,0.0446170531,0.00291951979,-0.103502363,-0.123652391,-0.0112268962,-0.133212119,-0.017684333,0.144355804,-0.093854934,0.0218491292,-0.0101773262,-0.201716956,-0.179922326,0.000233561583,-0.00828018904,0.2,0.2,-0.0766424239,-0.0535368666,0.0115484643,-0.00750839472,0.0218491292,0.201716956,0.000233561583,0.2,0.0766424239,0.0115484643,0.0101773262,-0.179922326,-0.00828018904,-0.2,0.00750839472,0.0535368666
261,13909587,0.26762709,-0.109508447,0.0162385292,0.0339240022,0.0248506833,-0.0789546669,-0.128303856,-0.0287705846,-0.128326073,-0.0361056775,0.171658322,-0.0873124301,0.0214101672,-0.00876067579,-0.192692662,-0.184734199,0.00198805466,-0.00631637335,0.2,0.2,-0.0756652147,-0.0572211355,0.0137326658,-0.00698499441,0.0214101672,0.192692662,0.00198805466,0.2,0.0756652147,0.0137326658,0.00876067579,-0.184734199,-0.00631637335,-0.2,0.00698499441,0.0572211355
262,13934822,0.243706882,-0.0923264846,0.0359853618,0.0256260354,0.0612202063,-0.0392317921,-0.129413515,-0.0458386391,-0.119532615,-0.0511601008,0.202402234,-0.0839464366,0.0194965506,-0.00738611877,-0.183806587,-0.188468284,0.00489761651,-0.00313854337,0.2,0.2,-0.073906523,-0.0602320202,0.0161921787,-0.00671571493,0.0194965506,0.183806587,0.00489761651,0.2,0.073906523,0.0161921787,0.00738611877,-0.188468284,-0.00313854337,-0.2,0.00671571493,0.0602320202
263,13953383,0.209408477,-0.0798313692,0.0510262065,0.0182494558,0.104787298,0.00531704677,-0.13214092,-0.0614522956,-0.11470554,-0.0660436377,0.230253369,-0.0823572651,0.0167526782,-0.00638650954,-0.177038207,-0.191787745,0.0083829838,0.000425363742,0.2,0.2,-0.072941108,-0.0632087275,0.0184202695,-0.0065885812,0.0167526782,0.177038207,0.0083829838,0.2,0.072941108,0.0184202695,0.00638650954,-0.191787745,0.000425363742,-0.2,0.0065885812,0.0632087275
264,13969333,0.168618426,-0.077066876,0.0601557866,0.00921607483,0.145545185,0.0491303653,-0.138919339,-0.080802545,-0.131368503,-0.0892419815,0.244057402,-0.0834877864,0.0134894741,-0.00616535008,-0.172929896,-0.195852766,0.0116436148,0.00393042922,0.2,0.2,-0.0762737006,-0.0678483963,0.0195245922,-0.00667902291,0.0134894741,0.172929896,0.0116436148,0.2,0.0762737006,0.0195245922,0.00616535008,-0.195852766,0.00393042922,-0.2,0.00667902291,0.0678483963
265,13992013,0.131077796,-0.0792633668,0.0695734248,0.00370802335,0.177620307,0.0845322981,-0.13530235,-0.0853949115,-0.139694899,-0.0978204459,0.23905994,-0.0920998976,0.0104862237,-0.00634106934,-0.168691959,-0.198331389,0.0142096245,0.00676258385,0.2,0.2,-0.0779389799,-0.0695640892,0.0191247952,-0.00736799181,0.0104862237,0.168691959,0.0142096245,0.2,0.0779389799,0.0191247952,0.00634106934,-0.198331389,0.00676258385,-0.2,0.00736799181,0.0695640892
266,14008722,0.105019547,-0.0815540031,0.0686861351,0.00565569755,0.19243902,0.105719499,-0.1336862,-0.0764890462,-0.14632903,-0.0939494595,0.219935253,-0.105124153,0.00840156376,-0.00652432024,-0.169091239,-0.197454936,0.0153951216,0.00845755994,0.2,0.2,-0.0792658061,-0.0687898919,0.0175948203,-0.00840993226,0.00840156376,0.169091239,0.0153951216,0.2,0.0792658061,0.0175948203,0.00652432024,-0.197454936,0.00845755994,-0.2,0.00840993226,0.0687898919
267,14031509,0.0972535685,-0.0802893713,0.0530361943,0.0166599769,0.185932338,0.10593839,-0.143215299,-0.0613618754,-0.154158726,-0.0859955177,0.200145975,-0.11687915,0.00778028548,-0.0064231497,-0.176133713,-0.19250301,0.0148745871,0.00847507119,0.2,0.2,-0.0808317453,-0.0671991035,0.016011678,-0.00935033202,0.00778028548,0.176133713,0.0148745871,0.2,0.0808317453,0.016011678,0.0064231497,-0.19250301,0.00847507119,-0.2,0.00935033202,0.0671991035
268,14054617,0.111270346,-0.0803123266,0.0322048329,0.0260642003,0.163850158,0.0929589346,-0.156146914,-0.0460390337,-0.172102541,-0.0761107355,0.177937984,-0.124916591,0.00890162766,-0.00642498612,-0.185507825,-0.18827111,0.0131080127,0.00743671477,0.2,0.2,-0.0844205081,-0.0652221471,0.0142350388,-0.00999332726,0.00890162766,0.185507825,0.0131080127,0.2,0.0844205081,0.0142350388,0.00642498612,-0.18827111,0.00743671477,-0.2,0.00999332726,0.0652221471
269,14069226,0.138022736,-0.0883322731,0.00118436187,0.0356538706,0.129250184,0.06452059,-0.167751268,-0.0354675986,-0.192154512,-0.0680234432,0.157680184,-0.126207083,0.0110418189,-0.00706658185,-0.199467037,-0.183955758,0.0103400147,0.0051616472,0.2,0.2,-0.0884309024,-0.0636046886,0.0126144147,-0.0100965667,0.0110418189,0.199467037,0.0103400147,0.2,0.0884309024,0.0126144147,0.00706658185,-0.183955758,0.0051616472,-0.2,0.0100965667,0.0636046886
270,14092804,0.16663678,-0.102462187,-0.0297701713,0.04139366,0.0906567499,0.0232559964,-0.177705631,-0.0328382738,-0.223167196,-0.071497798,0.134519994,-0.119675435,0.0133309424,-0.00819697499,-0.213396577,-0.181372853,0.00725253999,0.00186047971,0.2,0.2,-0.0946334392,-0.0642995596,0.0107615995,-0.00957403481,0.0133309424,0.213396577,0.00725253999,0.2,0.0946334392,0.0107615995,0.00819697499,-0.181372853,0.00186047971,-0.2,0.00957403481,0.0642995596
271,14109155,0.190931827,-0.122118674,-0.0561764985,0.0523144379,0.0524442717,-0.0320401713,-0.16801703,-0.0270405579,-0.232042983,-0.0662405565,0.111248575,-0.110410959,0.0152745461,-0.00976949394,-0.225279424,-0.176458503,0.00419554174,-0.00256321371,0.2,0.2,-0.0964085966,-0.0632481113,0.00889988601,-0.00883287668,0.0152745461,0.225279424,0.00419554174,0.2,0.0964085966,0.00889988601,0.00976949394,-0.176458503,-0.00256321371,-0.2,0.00883287668,0.0632481113
272,14129861,0.200376362,-0.140632212,-0.0660750121,0.0544309951,0.0257088244,-0.0834767818,-0.161995888,-0.0336199738,-0.24932465,-0.0790618435,0.0891373679,-0.0996375084,0.0160301089,-0.011250577,-0.229733755,-0.175506052,0.00205670595,-0.00667814255,0.2,0.2,-0.0998649299,-0.0658123687,0.00713098943,-0.00797100067,0.0160301089,0.229733755,0.00205670595,0.2,0.0998649299,0.00713098943,0.011250577,-0.175506052,-0.00667814255,-0.2,0.00797100067,0.0658123687
273,14149670,0.198723555,-0.15393053,-0.0680619478,0.055701647,0.0105239712,-0.131936982,-0.151303589,-0.0424939692,-0.255145043,-0.0953601673,0.0654276833,-0.0962601006,0.0158978844,-0.0123144424,-0.230627877,-0.174934259,0.000841917694,-0.0105549586,0.2,0.2,-0.101029009,-0.0690720335,0.00523421466,-0.00770080805,0.0158978844,0.230627877,0.000841917694,0.2,0.101029009,0.00523421466,0.0123144424,-0.174934259,-0.0105549586,-0.2,0.00770080805,0.0690720335
274,14172559,0.190858498,-0.161598369,-0.0580256097,0.0496415682,0.00527360803,-0.161541641,-0.139771208,-0.0546399169,-0.252003163,-0.111663975,0.0450058095,-0.100770377,0.0152686799,-0.0129278696,-0.226111524,-0.177661294,0.000421888642,-0.0129233313,0.2,0.2,-0.100400633,-0.072332795,0.00360046476,-0.00806163013,0.0152686799,0.226111524,0.000421888642,0.2,0.100400633,0.00360046476,0.0129278696,-0.177661294,-0.0129233313,-0.2,0.00806163013,0.072332795
275,14189569,0.180389658,-0.164574474,-0.0478481352,0.0433760472,0.00316980761,-0.181177646,-0.128248692,-0.0660001636,-0.236662358,-0.124391325,0.0298484974,-0.107042789,0.0144311726,-0.0131659579,-0.221531661,-0.180480779,0.000253584608,-0.0144942117,0.2,0.2,-0.0973324716,-0.074878265,0.00238787979,-0.00856342316,0.0144311726,0.221531661,0.000253584608,0.2,0.0973324716,0.00238787979,0.0131659579,-0.180480779,-0.0144942117,-0.2,0.00856342316,0.074878265
276,14211605,0.171157181,-0.159802794,-0.024073679,0.029250931,0.00953452569,-0.174085423,-0.117843919,-0.0750292316,-0.209033176,-0.1282942,0.0283459816,-0.114546567,0.0136925745,-0.0127842236,-0.210833156,-0.186837081,0.000762762055,-0.0139268339,0.2,0.2,-0.0918066353,-0.0756588399,0.00226767853,-0.00916372538,0.0136925745,0.210833156,0.000762762055,0.2,0.0918066353,0.00226767853,0.0127842236,-0.186837081,-0.0139268339,-0.2,0.00916372538,0.0756588399
277,14231039,0.162436724,-0.150740474,-0.0016692268,0.0145253548,0.023535734,-0.14701201,-0.115684375,-0.0853867978,-0.181151465,-0.130721316,0.0421941467,-0.116635516,0.0129949379,-0.012059238,-0.200751152,-0.19346359,0.00188285872,-0.0117609608,0.2,0.2,-0.0862302929,-0.0761442631,0.00337553173,-0.0093308413,0.0129949379,0.200751152,0.00188285872,0.2,0.0862302929,0.00337553173,0.012059238,-0.19346359,-0.0117609608,-0.2,0.0093308413,0.0761442631
278,14252876,0.153127104,-0.139883921,0.0158134047,0.0054368237,0.0455084294,-0.104875952,-0.121717326,-0.0941310748,-0.168917596,-0.135866255,0.059593711,-0.117926411,0.0122501683,-0.0111907136,-0.192883968,-0.197553429,0.00364067435,-0.00839007616,0.2,0.2,-0.0837835193,-0.0771732509,0.00476749688,-0.00943411291,0.0122501683,0.192883968,0.00364067435,0.2,0.0837835193,0.00476749688,0.0111907136,-0.197553429,-0.00839007616,-0.2,0.00943411291,0.0771732509
279,14269368,0.15002054,-0.125349984,0.0283331554,0.00463173911,0.0730631053,-0.0564314276,-0.130277336,-0.0914430693,-0.160464168,-0.13281399,0.0775360093,-0.118662499,0.0120016432,-0.0100279987,-0.18725008,-0.197915717,0.00584504843,-0.00451451421,0.2,0.2,-0.0820928335,-0.076562798,0.00620288074,-0.00949299991,0.0120016432,0.18725008,0.00584504843,0.2,0.0820928335,0.00620288074,0.0100279987,-0.197915717,-0.00451451421,-0.2,0.00949299991,0.076562798
280,14291141,0.147018865,-0.110520028,0.0367102399,0.00781862531,0.100741781,-0.0121039869,-0.139801666,-0.0865445137,-0.157151744,-0.126526907,0.100518867,-0.116683505,0.0117615092,-0.00884160221,-0.183480392,-0.196481619,0.0080593425,-0.000968318954,0.2,0.2,-0.0814303488,-0.0753053814,0.00804150939,-0.00933468044,0.0117615092,0.183480392,0.0080593425,0.2,0.0814303488,0.00804150939,0.00884160221,-0.196481619,-0.000968318954,-0.2,0.00933468044,0.0753053814
281,14308835,0.148631141,-0.0965296105,0.0354318023,0.016620487,0.11985448,0.0168901645,-0.146935329,-0.0725730881,-0.148669168,-0.111485571,0.122086272,-0.114005879,0.0118904912,-0.00772236884,-0.184055689,-0.192520781,0.0095883584,0.00135121316,0.2,0.2,-0.0797338337,-0.0722971141,0.00976690173,-0.00912047029,0.0118904912,0.184055689,0.0095883584,0.2,0.0797338337,0.00976690173,0.00772236884,-0.192520781,0.00135121316,-0.2,0.00912047029,0.0722971141
282,14338607,0.159029812,-0.0869662315,0.02607763,0.0342366137,0.122329302,0.0254266392,-0.145096019,-0.0473986194,-0.120874576,-0.0781884417,0.141343415,-0.113469057,0.0127223849,-0.00695729852,-0.188265067,-0.184593524,0.00978634417,0.00203413114,0.2,0.2,-0.0741749153,-0.0656376883,0.0113074732,-0.00907752454,0.0127223849,0.188265067,0.00978634417,0.2,0.0741749153,0.0113074732,0.00695729852,-0.184593524,0.00203413114,-0.2,0.00907752454,0.0656376883
283,14349418,0.174315736,-0.0886738747,0.00817537121,0.0513895638,0.104132511,0.0152396392,-0.144590214,-0.0286976099,-0.104565434,-0.0491521247,0.154068083,-0.110987782,0.0139452589,-0.00709390998,-0.196321083,-0.176874696,0.00833060086,0.00121917114,0.2,0.2,-0.0709130868,-0.0598304249,0.0123254466,-0.0088790226,0.0139452589,0.196321083,0.00833060086,0.2,0.0709130868,0.0123254466,0.00709390998,-0.176874696,0.00121917114,-0.2,0.0088790226,0.0598304249
284,14368500,0.197169349,-0.0971369818,-0.0142521979,0.0619295686,0.0717806593,-0.00666851923,-0.14910467,-0.0176228136,-0.117235422,-0.0345238224,0.150949895,-0.114804707,0.0157735479,-0.00777095854,-0.206413489,-0.172131694,0.00574245274,-0.000533481538,0.2,0.2,-0.0734470844,-0.0569047645,0.0120759916,-0.0091843766,0.0157735479,0.206413489,0.00574245274,0.2,0.0734470844,0.0120759916,0.00777095854,-0.172131694,-0.000533481538,-0.2,0.0091843766,0.0569047645
285,14404221,0.224129125,-0.111263111,-0.0406370945,0.071303755,0.0323868766,-0.0412468538,-0.145563811,-0.00919014309,-0.132261232,-0.0235074069,0.136010945,-0.116920516,0.01793033,-0.0089010489,-0.218286693,-0.16791331,0.00259095013,-0.0032997483,0.2,0.2,-0.0764522463,-0.0547014814,0.0108808756,-0.00935364127,0.01793033,0.218286693,0.00259095013,0.2,0.0764522463,0.0108808756,0.0089010489,-0.16791331,-0.0032997483,-0.2,0.00935364127,0.0547014814
286,14410320,0.244459033,-0.126469016,-0.0575812906,0.0758868009,-0.00186972599,-0.0814900547,-0.138702393,-0.00520046894,-0.141339779,-0.0190892052,0.122534953,-0.117533408,0.0195567226,-0.0101175213,-0.225911581,-0.16585094,-0.00014957808,-0.00651920438,0.2,0.2,-0.0782679558,-0.053817841,0.00980279624,-0.00940267265,0.0195567226,0.225911581,-0.00014957808,0.2,0.0782679558,0.00980279624,0.0101175213,-0.16585094,-0.00651920438,-0.2,0.00940267265,0.053817841
287,14429188,0.257705688,-0.133882686,-0.0516866967,0.0710979775,-0.017432427,-0.110230118,-0.131423101,-0.00610965677,-0.139130279,-0.0198544189,0.120219894,-0.116626725,0.0206164551,-0.0107106149,-0.223259014,-0.16800591,-0.00139459416,-0.00881840944,0.2,0.2,-0.0778260559,-0.0539708838,0.0096175915,-0.00933013797,0.0206164551,0.223259014,-0.00139459416,0.2,0.0778260559,0.0096175915,0.0107106149,-0.16800591,-0.00881840944,-0.2,0.00933013797,0.0539708838
288,14449887,0.271934211,-0.132000148,-0.0426064767,0.0664708465,-0.0248502642,-0.130332544,-0.117513858,-0.00327576348,-0.108414412,-0.0139727732,0.129066944,-0.115709864,0.0217547369,-0.0105600119,-0.219172915,-0.170088119,-0.00198802114,-0.0104266036,0.2,0.2,-0.0716828823,-0.0527945546,0.0103253555,-0.00925678909,0.0217547369,0.219172915,-0.00198802114,0.2,0.0716828823,0.0103253555,0.0105600119,-0.170088119,-0.0104266036,-0.2,0.00925678909,0.0527945546
289,14471794,0.284094125,-0.120743476,-0.0201355647,0.0564774908,-0.0229068715,-0.128078625,-0.114758626,-0.00313832401,-0.0867394209,-0.0141405007,0.145892397,-0.115876101,0.02272753,-0.00965947807,-0.209061004,-0.174585129,-0.00183254972,-0.01024629,0.2,0.2,-0.0673478842,-0.0528281001,0.0116713917,-0.00927008808,0.02272753,0.209061004,-0.00183254972,0.2,0.0673478842,0.0116713917,0.00965947807,-0.174585129,-0.01024629,-0.2,0.00927008808,0.0528281001
290,14490378,0.291029871,-0.104488529,-0.00437867688,0.0475287959,-0.012551859,-0.112299383,-0.118123107,-0.0132267671,-0.0808146819,-0.0230409782,0.169084787,-0.109966263,0.0232823896,-0.00835908234,-0.201970405,-0.178612042,-0.00100414872,-0.00898395061,0.2,0.2,-0.0661629364,-0.0546081956,0.013526783,-0.00879730105,0.0232823896,0.201970405,-0.00100414872,0.2,0.0661629364,0.013526783,0.00835908234,-0.178612042,-0.00898395061,-0.2,0.00879730105,0.0546081956
291,14513298,0.28728196,-0.0863832682,0.0131158121,0.0393987633,0.0107380925,-0.0816343576,-0.120647334,-0.0228439663,-0.0796185732,-0.0287842155,0.193206191,-0.106581889,0.0229825568,-0.00691066146,-0.194097885,-0.182270557,0.000859047398,-0.00653074861,0.2,0.2,-0.0659237146,-0.0557568431,0.0154564953,-0.00852655113,0.0229825568,0.194097885,0.000859047398,0.2,0.0659237146,0.0154564953,0.00691066146,-0.182270557,-0.00653074861,-0.2,0.00852655113,0.0557568431
292,14529336,0.274563164,-0.0707885772,0.0246365983,0.0361393765,0.0457859822,-0.0421551317,-0.127141178,-0.0320053324,-0.0825027302,-0.0328925215,0.226255894,-0.102122359,0.0219650531,-0.00566308618,-0.188913531,-0.183737281,0.00366287857,-0.00337241054,0.2,0.2,-0.066500546,-0.0565785043,0.0181004715,-0.00816978872,0.0219650531,0.188913531,0.00366287857,0.2,0.066500546,0.0181004715,0.00566308618,-0.183737281,-0.00337241054,-0.2,0.00816978872,0.0565785043
293,14548899,0.251996517,-0.0594390519,0.0345089696,0.0336660109,0.0857156888,-0.000543809263,-0.13522844,-0.0423621684,-0.0919587761,-0.0395512767,0.253192782,-0.0974061713,0.0201597214,-0.00475512415,-0.184470964,-0.184850295,0.0068572551,-4.3504741e-05,0.2,0.2,-0.0683917552,-0.0579102553,0.0202554226,-0.0077924937,0.0201597214,0.184470964,0.0068572551,0.2,0.0683917552,0.0202554226,0.00475512415,-0.184850295,-4.3504741e-05,-0.2,0.0077924937,0.0579102553
294,14572475,0.233757764,-0.0544079021,0.0398172848,0.0368268788,0.117663786,0.0341467857,-0.136654913,-0.037094932,-0.0931052044,-0.0344921686,0.263218015,-0.102152318,0.0187006211,-0.00435263216,-0.182082222,-0.183427905,0.00941310287,0.00273174286,0.2,0.2,-0.0686210409,-0.0568984337,0.0210574412,-0.00817218542,0.0187006211,0.182082222,0.00941310287,0.2,0.0686210409,0.0210574412,0.00435263216,-0.183427905,0.00273174286,-0.2,0.00817218542,0.0568984337
295,14595836,0.223190039,-0.0513276756,0.0394423902,0.0429970995,0.133480981,0.0567176752,-0.137514368,-0.0257426426,-0.0974557027,-0.0235769879,0.259303153,-0.111781262,0.0178552032,-0.00410621405,-0.182250924,-0.180651305,0.0106784785,0.00453741401,0.2,0.2,-0.0694911405,-0.0547153976,0.0207442522,-0.00894250095,0.0178552032,0.182250924,0.0106784785,0.2,0.0694911405,0.0207442522,0.00410621405,-0.180651305,0.00453741401,-0.2,0.00894250095,0.0547153976
296,14609912,0.219390213,-0.0514844842,0.0296116564,0.0498713329,0.131196901,0.0625938103,-0.142893389,-0.0202287529,-0.10843505,-0.0167796947,0.255500525,-0.11567568,0.0175512171,-0.00411875874,-0.186674755,-0.1775579,0.0104957521,0.00500750482,0.2,0.2,-0.0716870099,-0.0533559389,0.020440042,-0.00925405443,0.0175512171,0.186674755,0.0104957521,0.2,0.0716870099,0.020440042,0.00411875874,-0.1775579,0.00500750482,-0.2,0.00925405443,0.0533559389
297,14630743,0.222975314,-0.0558289476,0.0150543498,0.0522194467,0.116647407,0.0574640147,-0.149666384,-0.0184563305,-0.129243568,-0.0155177107,0.248090893,-0.116040751,0.0178380251,-0.00446631581,-0.193225543,-0.176501249,0.00933179259,0.00459712118,0.2,0.2,-0.0758487135,-0.0531035421,0.0198472714,-0.00928326011,0.0178380251,0.193225543,0.00933179259,0.2,0.0758487135,0.0198472714,0.00446631581,-0.176501249,0.00459712118,-0.2,0.00928326011,0.0531035421
298,14649583,0.23444663,-0.0615915135,-0.00494734524,0.0539449491,0.0931273326,0.0400409587,-0.154092729,-0.0142225325,-0.149586424,-0.0112024844,0.232571632,-0.1160293,0.0187557304,-0.00492732108,-0.202226305,-0.175724773,0.00745018661,0.00320327669,0.2,0.2,-0.0799172848,-0.0522404969,0.0186057305,-0.00928234398,0.0187557304,0.202226305,0.00745018661,0.2,0.0799172848,0.0186057305,0.00492732108,-0.175724773,0.00320327669,-0.2,0.00928234398,0.0522404969
299,14669740,0.246425286,-0.0698417053,-0.0186685435,0.0555742718,0.0705618337,0.0199879669,-0.155013248,-0.011302908,-0.165989757,-0.00799405575,0.219055861,-0.115361504,0.0197140229,-0.00558733642,-0.208400845,-0.174991578,0.00564494669,0.00159903735,0.2,0.2,-0.0831979513,-0.0515988111,0.0175244689,-0.00922892034,0.0197140229,0.208400845,0.00564494669,0.2,0.0831979513,0.0175244689,0.00558733642,-0.174991578,0.00159903735,-0.2,0.00922892034,0.0515988111
300,14701011,0.256128371,-0.0792120546,-0.0272588953,0.0553329214,0.0513675958,-0.00174038019,-0.155600622,-0.0117969839,-0.176646858,-0.00891352445,0.209716395,-0.113615848,0.0204902697,-0.00633696437,-0.212266503,-0.175100185,0.00410940766,-0.000139230415,0.2,0.2,-0.0853293717,-0.0517827049,0.0167773116,-0.00908926785,0.0204902697,0.212266503,0.00410940766,0.2,0.0853293717,0.0167773116,0.00633696437,-0.175100185,-0.000139230415,-0.2,0.00908926785,0.0517827049
301,14709577,0.263466626,-0.0848901048,-0.0307485014,0.0533964634,0.0374199972,-0.0200670641,-0.156047955,-0.0143502029,-0.187487438,-0.013814088,0.199728847,-0.111734308,0.0210773301,-0.00679120839,-0.213836826,-0.175971591,0.00299359977,-0.00160536513,0.2,0.2,-0.0874974877,-0.0527628176,0.0159783077,-0.00893874466,0.0210773301,0.213836826,0.00299359977,0.2,0.0874974877,0.0159783077,0.00679120839,-0.175971591,-0.00160536513,-0.2,0.00893874466,0.0527628176
302,14729244,0.266798824,-0.0852262378,-0.0269111414,0.051120121,0.0332500339,-0.0309684426,-0.15344061,-0.0153108528,-0.190625116,-0.0151560642,0.187039584,-0.113434345,0.0213439059,-0.00681809902,-0.212110014,-0.176995946,0.00266000271,-0.0024774754,0.2,0.2,-0.0881250232,-0.0530312128,0.0149631667,-0.00907474756,0.0213439059,0.212110014,0.00266000271,0.2,0.0881250232,0.0149631667,0.00681809902,-0.176995946,-0.0024774754,-0.2,0.00907474756,0.0530312128
303,14749661,0.262936294,-0.0861161575,-0.025584368,0.047292266,0.0337673724,-0.0389748216,-0.15532431,-0.0235358104,-0.194561467,-0.0251604002,0.183729619,-0.108583815,0.0210349035,-0.0068892926,-0.211512966,-0.17871848,0.00270138979,-0.00311798573,0.2,0.2,-0.0889122933,-0.05503208,0.0146983695,-0.00868670523,0.0210349035,0.211512966,0.00270138979,0.2,0.0889122933,0.0146983695,0.0068892926,-0.17871848,-0.00311798573,-0.2,0.00868670523,0.05503208
304,14769697,0.253891706,-0.0878317729,-0.0237761214,0.0432769768,0.0371479802,-0.0441386513,-0.157670766,-0.0330106765,-0.195708543,-0.0388424918,0.185929343,-0.103269063,0.0203113365,-0.00702654183,-0.210699255,-0.18052536,0.00297183841,-0.00353109211,0.2,0.2,-0.0891417086,-0.0577684984,0.0148743474,-0.00826152503,0.0203113365,0.210699255,0.00297183841,0.2,0.0891417086,0.0148743474,0.00702654183,-0.18052536,-0.00353109211,-0.2,0.00826152503,0.0577684984
305,14805735,0.240999326,-0.0899560824,-0.0194136892,0.0387575924,0.0447319709,-0.0430607796,-0.158843011,-0.0422633775,-0.195630327,-0.0525525026,0.189225033,-0.0994299576,0.0192799461,-0.00719648659,-0.20873616,-0.182559083,0.00357855767,-0.00344486237,0.2,0.2,-0.0891260654,-0.0605105005,0.0151380026,-0.00795439661,0.0192799461,0.20873616,0.00357855767,0.2,0.0891260654,0.0151380026,0.00719648659,-0.182559083,-0.00344486237,-0.2,0.00795439661,0.0605105005
306,14810138,0.224808022,-0.093534641,-0.0157139897,0.0345888548,0.0530854948,-0.0393462591,-0.15901117,-0.0508523956,-0.194434017,-0.0666160062,0.190253034,-0.0971213356,0.0179846418,-0.00748277128,-0.207071295,-0.184435015,0.00424683958,-0.00314770073,0.2,0.2,-0.0888868034,-0.0633232012,0.0152202427,-0.00776970685,0.0179846418,0.207071295,0.00424683958,0.2,0.0888868034,0.0152202427,0.00748277128,-0.184435015,-0.00314770073,-0.2,0.00776970685,0.0633232012
307,14829391,0.20994626,-0.0967947021,-0.0137429545,0.0326479413,0.0584595129,-0.0359716043,-0.157338664,-0.0544026867,-0.189636424,-0.0767224729,0.185694575,-0.100353874,0.0167957008,-0.00774357617,-0.20618433,-0.185308426,0.00467676103,-0.00287772834,0.2,0.2,-0.0879272848,-0.0653444946,0.014855566,-0.00802830994,0.0167957008,0.20618433,0.00467676103,0.2,0.0879272848,0.014855566,0.00774357617,-0.185308426,-0.00287772834,-0.2,0.00802830994,0.0653444946
308,14850159,0.198473692,-0.0984844342,-0.0110540129,0.0314286128,0.0615941808,-0.032832142,-0.154773295,-0.0553427152,-0.182955354,-0.0822535679,0.180077523,-0.104907922,0.0158778954,-0.00787875473,-0.204974306,-0.185857124,0.00492753446,-0.00262657136,0.2,0.2,-0.0865910709,-0.0664507136,0.0144062018,-0.0083926338,0.0158778954,0.204974306,0.00492753446,0.2,0.0865910709,0.0144062018,0.00787875473,-0.185857124,-0.00262657136,-0.2,0.0083926338,0.0664507136
309,14876343,0.189805612,-0.100967936,-0.0106803933,0.0308260098,0.060914252,-0.0333551355,-0.152361184,-0.0565391108,-0.175574437,-0.0872207955,0.17709747,-0.106890582,0.015184449,-0.0080774349,-0.204806177,-0.186128296,0.00487314016,-0.00266841084,0.2,0.2,-0.0851148874,-0.0674441591,0.0141677976,-0.00855124652,0.015184449,0.204806177,0.00487314016,0.2,0.0851148874,0.0141677976,0.0080774349,-0.186128296,-0.00266841084,-0.2,0.00855124652,0.0674441591
310,14889637,0.182418585,-0.104644582,-0.00867451169,0.0291782711,0.0584619828,-0.0359097868,-0.149171799,-0.0572271571,-0.166610986,-0.0907012969,0.176802814,-0.107368268,0.0145934868,-0.00837156653,-0.20390353,-0.186869778,0.00467695862,-0.00287278295,0.2,0.2,-0.0833221972,-0.0681402594,0.0141442251,-0.00858946145,0.0145934868,0.20390353,0.00467695862,0.2,0.0833221972,0.0141442251,0.00837156653,-0.186869778,-0.00287278295,-0.2,0.00858946145,0.0681402594
311,14910613,0.179012254,-0.107143618,-0.00791539159,0.0284028333,0.0544511937,-0.0397533178,-0.14605397,-0.0561479405,-0.159018144,-0.090926744,0.170017287,-0.109486714,0.0143209803,-0.00857148945,-0.203561926,-0.187218725,0.00435609549,-0.00318026543,0.2,0.2,-0.0818036288,-0.0681853488,0.013601383,-0.00875893712,0.0143209803,0.203561926,0.00435609549,0.2,0.0818036288,0.013601383,0.00857148945,-0.187218725,-0.00318026543,-0.2,0.00875893712,0.0681853488
312,14931000,0.177100256,-0.109789632,-0.00803417899,0.0283637345,0.049477417,-0.0446649678,-0.142035574,-0.0541487299,-0.151779279,-0.0896811336,0.162094101,-0.110906616,0.0141680205,-0.00878317058,-0.203615381,-0.187236319,0.00395819336,-0.00357319742,0.2,0.2,-0.0803558558,-0.0679362267,0.0129675281,-0.00887252927,0.0141680205,0.203615381,0.00395819336,0.2,0.0803558558,0.0129675281,0.00878317058,-0.187236319,-0.00357319742,-0.2,0.00887252927,0.0679362267
313,14949805,0.175935403,-0.112099685,-0.00898641534,0.028536221,0.0438212045,-0.0506430008,-0.139156058,-0.0531894714,-0.145037383,-0.0897743925,0.160284653,-0.108326063,0.0140748322,-0.00896797478,-0.204043887,-0.187158701,0.00350569636,-0.00405144006,0.2,0.2,-0.0790074766,-0.0679548785,0.0128227723,-0.008666085,0.0140748322,0.204043887,0.00350569636,0.2,0.0790074766,0.0128227723,0.00896797478,-0.187158701,-0.00405144006,-0.2,0.008666085,0.0679548785
314,14973732,0.175051972,-0.113958888,-0.00922561996,0.0282413047,0.0383379459,-0.0573206618,-0.136084333,-0.0532990359,-0.137652159,-0.0904028043,0.160797372,-0.104387105,0.0140041578,-0.00911671102,-0.204151529,-0.187291413,0.00306703568,-0.00458565295,0.2,0.2,-0.0775304317,-0.0680805609,0.0128637898,-0.00835096836,0.0140041578,0.204151529,0.00306703568,0.2,0.0775304317,0.0128637898,0.00911671102,-0.187291413,-0.00458565295,-0.2,0.00835096836,0.0680805609
315,14991872,0.173773274,-0.117049664,-0.00894352235,0.0273466241,0.0332700275,-0.0633996949,-0.132526115,-0.0546023324,-0.130525842,-0.0925792158,0.162796229,-0.100386091,0.0139018619,-0.00936397314,-0.204024585,-0.187694019,0.0026616022,-0.00507197559,0.2,0.2,-0.0761051685,-0.0685158432,0.0130236983,-0.00803088725,0.0139018619,0.204024585,0.0026616022,0.2,0.0761051685,0.0130236983,0.00936397314,-0.187694019,-0.00507197559,-0.2,0.00803088725,0.0685158432
316,15009331,0.170947239,-0.119357526,-0.00712932693,0.025903834,0.0291464422,-0.0690039694,-0.129145235,-0.0556679517,-0.122630209,-0.0951803178,0.164729536,-0.0958385915,0.0136757791,-0.0095486021,-0.203208197,-0.188343275,0.00233171538,-0.00552031755,0.2,0.2,-0.0745260417,-0.0690360636,0.0131783628,-0.00766708732,0.0136757791,0.203208197,0.00233171538,0.2,0.0745260417,0.0131783628,0.0095486021,-0.188343275,-0.00552031755,-0.2,0.00766708732,0.0690360636
317,15029858,0.167970017,-0.119506702,-0.00444882596,0.0240764488,0.0263466686,-0.0728784278,-0.127729803,-0.0569147952,-0.117564015,-0.0982294306,0.164766401,-0.0948652029,0.0134376013,-0.00956053615,-0.202001972,-0.189165598,0.00210773349,-0.00583027422,0.2,0.2,-0.073512803,-0.0696458861,0.0131813121,-0.00758921623,0.0134376013,0.202001972,0.00210773349,0.2,0.073512803,0.0131813121,0.00956053615,-0.189165598,-0.00583027422,-0.2,0.00758921623,0.0696458861
318,15048144,0.164040118,-0.118987955,-0.00152035698,0.0223742221,0.0259854421,-0.0746177137,-0.125893235,-0.0580957308,-0.112091921,-0.10039594,0.166577712,-0.0927432105,0.0131232095,-0.00951903641,-0.200684161,-0.1899316,0.00207883537,-0.0059694171,0.2,0.2,-0.0724183843,-0.070079188,0.0133262169,-0.00741945684,0.0131232095,0.200684161,0.00207883537,0.2,0.0724183843,0.0133262169,0.00951903641,-0.1899316,-0.0059694171,-0.2,0.00741945684,0.070079188
319,15070882,0.162154898,-0.117155701,0.00246545766,0.0208477303,0.0276013203,-0.0729922205,-0.124506578,-0.0572594218,-0.105739519,-0.0988951847,0.165956676,-0.0941332579,0.0129723918,-0.00937245607,-0.198890544,-0.190618521,0.00220810562,-0.00583937764,0.2,0.2,-0.0711479038,-0.0697790369,0.0132765341,-0.00753066063,0.0129723918,0.198890544,0.00220810562,0.2,0.0711479038,0.0132765341,0.00937245607,-0.190618521,-0.00583937764,-0.2,0.00753066063,0.0697790369
320,15095235,0.161967456,-0.11533609,0.00496733282,0.0200423598,0.0302770734,-0.069068633,-0.125995591,-0.0560546927,-0.105382733,-0.0975181386,0.163619503,-0.0966540277,0.0129573965,-0.00922688723,-0.1977647,-0.190980938,0.00242216587,-0.00552549064,0.2,0.2,-0.0710765466,-0.0695036277,0.0130895603,-0.00773232222,0.0129573965,0.1977647,0.00242216587,0.2,0.0710765466,0.0130895603,0.00922688723,-0.190980938,-0.00552549064,-0.2,0.00773232222,0.0695036277
321,15108198,0.162705839,-0.113558784,0.00803872943,0.0205794908,0.0353578851,-0.0621195361,-0.127760112,-0.054090444,-0.104762517,-0.0939401984,0.16663824,-0.0990253463,0.0130164671,-0.00908470273,-0.196382572,-0.190739229,0.00282863081,-0.00496956289,0.2,0.2,-0.0709525034,-0.0687880397,0.0133310592,-0.00792202771,0.0130164671,0.196382572,0.00282863081,0.2,0.0709525034,0.0133310592,0.00908470273,-0.190739229,-0.00496956289,-0.2,0.00792202771,0.0687880397
322,15142287,0.165646076,-0.112029158,0.0102258697,0.0216458589,0.0411702804,-0.054089494,-0.130392164,-0.0511975102,-0.106203422,-0.0882130712,0.167679027,-0.102711432,0.0132516861,-0.00896233261,-0.195398359,-0.190259364,0.00329362243,-0.00432715952,0.2,0.2,-0.0712406844,-0.0676426142,0.0134143221,-0.00821691453,0.0132516861,0.195398359,0.00329362243,0.2,0.0712406844,0.0134143221,0.00896233261,-0.190259364,-0.00432715952,-0.2,0.00821691453,0.0676426142
323,15147963,0.170642555,-0.111476608,0.0101180384,0.0240162946,0.0464201532,-0.0465685539,-0.13464731,-0.0480356775,-0.11146912,-0.0818062201,0.168379575,-0.106838569,0.0136514044,-0.00891812861,-0.195446883,-0.189192667,0.00371361226,-0.00372548431,0.2,0.2,-0.072293824,-0.066361244,0.013470366,-0.00854708552,0.0136514044,0.195446883,0.00371361226,0.2,0.072293824,0.013470366,0.00891812861,-0.189192667,-0.00372548431,-0.2,0.00854708552,0.066361244
324,15168630,0.178509712,-0.110654131,0.00644740928,0.0270256214,0.0501152575,-0.0403377712,-0.140511841,-0.0446034148,-0.123615049,-0.0763608515,0.165078342,-0.111453317,0.014280777,-0.00885233045,-0.197098666,-0.18783847,0.0040092206,-0.00322702169,0.2,0.2,-0.0747230098,-0.0652721703,0.0132062674,-0.00891626537,0.014280777,0.197098666,0.0040092206,0.2,0.0747230098,0.0132062674,0.00885233045,-0.18783847,-0.00322702169,-0.2,0.00891626537,0.0652721703
325,15205313,0.188232571,-0.109464869,0.00156761718,0.0319384485,0.0518006422,-0.0373438895,-0.145357013,-0.0392941721,-0.134076834,-0.0684403926,0.163050681,-0.116331987,0.0150586057,-0.00875718951,-0.199294572,-0.185627698,0.00414405137,-0.00298751116,0.2,0.2,-0.0768153667,-0.0636880785,0.0130440545,-0.00930655897,0.0150586057,0.199294572,0.00414405137,0.2,0.0768153667,0.0130440545,0.00875718951,-0.185627698,-0.00298751116,-0.2,0.00930655897,0.0636880785
326,15211286,0.200271979,-0.107932761,-0.0041212691,0.0368399508,0.0516841151,-0.0364204347,-0.149433196,-0.0340928808,-0.144884452,-0.059911456,0.160146385,-0.120568141,0.0160217583,-0.0086346209,-0.201854571,-0.183422022,0.00413472921,-0.00291363478,0.2,0.2,-0.0789768904,-0.0619822912,0.0128117108,-0.00964545131,0.0160217583,0.201854571,0.00413472921,0.2,0.0789768904,0.0128117108,0.0086346209,-0.183422022,-0.00291363478,-0.2,0.00964545131,0.0619822912
327,15228229,0.21156241,-0.106141858,-0.00893227942,0.039370615,0.0511852987,-0.0368555747,-0.154452115,-0.0313727371,-0.158144236,-0.0543573014,0.15790382,-0.122624867,0.0169249928,-0.00849134862,-0.204019526,-0.182283223,0.0040948239,-0.00294844598,0.2,0.2,-0.0816288471,-0.0608714603,0.0126323056,-0.00980998933,0.0169249928,0.204019526,0.0040948239,0.2,0.0816288471,0.0126323056,0.00849134862,-0.182283223,-0.00294844598,-0.2,0.00980998933,0.0608714603
328,15249751,0.221283153,-0.104827344,-0.0144077446,0.0419514254,0.0502178445,-0.0392510109,-0.157764673,-0.0302394386,-0.169445202,-0.0507830903,0.156582251,-0.122803181,0.0177026522,-0.00838618755,-0.206483485,-0.181121859,0.00401742756,-0.00314008087,0.2,0.2,-0.0838890404,-0.0601566181,0.0125265801,-0.00982425451,0.0177026522,0.206483485,0.00401742756,0.2,0.0838890404,0.0125265801,0.00838618755,-0.181121859,-0.00314008087,-0.2,0.00982425451,0.0601566181
329,15272038,0.227404773,-0.102929622,-0.0206110887,0.043443162,0.0484162122,-0.0442532524,-0.161117449,-0.0312078781,-0.183400705,-0.051020287,0.148231298,-0.121030509,0.0181923819,-0.00823436975,-0.20927499,-0.180450577,0.00387329698,-0.0035402602,0.2,0.2,-0.0866801411,-0.0602040574,0.0118585038,-0.00968244076,0.0181923819,0.20927499,0.00387329698,0.2,0.0866801411,0.0118585038,0.00823436975,-0.180450577,-0.0035402602,-0.2,0.00968244076,0.0602040574
330,15291123,0.227625966,-0.103028066,-0.0227572564,0.0427177362,0.0495215096,-0.0480721034,-0.163373411,-0.0351472758,-0.19627355,-0.0561561175,0.143874526,-0.116634838,0.0182100773,-0.00824224532,-0.210240765,-0.180777019,0.00396172076,-0.00384576827,0.2,0.2,-0.0892547101,-0.0612312235,0.0115099621,-0.00933078706,0.0182100773,0.210240765,0.00396172076,0.2,0.0892547101,0.0115099621,0.00824224532,-0.180777019,-0.00384576827,-0.2,0.00933078706,0.0612312235
331,15309350,0.222458437,-0.103995375,-0.0226237439,0.0403876118,0.0530055538,-0.0501754954,-0.164777413,-0.0417910516,-0.206696481,-0.0655444637,0.141681671,-0.112184651,0.017796675,-0.00831963003,-0.210180685,-0.181825575,0.0042404443,-0.00401403964,0.2,0.2,-0.0913392961,-0.0631088927,0.0113345337,-0.0089747721,0.017796675,0.210180685,0.0042404443,0.2,0.0913392961,0.0113345337,0.00831963003,-0.181825575,-0.00401403964,-0.2,0.0089747721,0.0631088927
332,15338818,0.215499222,-0.103925832,-0.0178344771,0.0372790881,0.059254121,-0.0484937914,-0.163028896,-0.0457441248,-0.208985433,-0.0707182139,0.137582153,-0.11142192,0.0172399378,-0.00831406653,-0.208025515,-0.18322441,0.00474032968,-0.00387950331,0.2,0.2,-0.0917970866,-0.0641436428,0.0110065722,-0.00891375363,0.0172399378,0.208025515,0.00474032968,0.2,0.0917970866,0.0110065722,0.00831406653,-0.18322441,-0.00387950331,-0.2,0.00891375363,0.0641436428
333,15350046,0.210155889,-0.102583736,-0.0127947666,0.0359042957,0.0661226884,-0.042776987,-0.160417035,-0.0467612334,-0.205987021,-0.071743384,0.134496778,-0.112596989,0.0168124712,-0.00820669889,-0.205757645,-0.183843067,0.00528981507,-0.00342215896,0.2,0.2,-0.0911974043,-0.0643486768,0.0107597423,-0.00900775909,0.0168124712,0.205757645,0.00528981507,0.2,0.0911974043,0.0107597423,0.00820669889,-0.183843067,-0.00342215896,-0.2,0.00900775909,0.0643486768
334,15370846,0.204218253,-0.098613508,-0.00678587379,0.0335648321,0.0741225183,-0.0341389067,-0.1604276,-0.0489730984,-0.204140708,-0.073310256,0.134029031,-0.113178834,0.0163374603,-0.00788908064,-0.203053643,-0.184895826,0.00592980146,-0.00273111254,0.2,0.2,-0.0908281416,-0.0646620512,0.0107223225,-0.00905430675,0.0163374603,0.203053643,0.00592980146,0.2,0.0908281416,0.0107223225,0.00788908064,-0.184895826,-0.00273111254,-0.2,0.00905430675,0.0646620512
335,15390936,0.197079554,-0.0959784091,-0.00477550877,0.0314922594,0.0819634199,-0.0258235466,-0.163160667,-0.05410254,-0.208426461,-0.0791213885,0.132364824,-0.11228279,0.0157663643,-0.00767827272,-0.202148979,-0.185828483,0.00655707359,-0.00206588373,0.2,0.2,-0.0916852921,-0.0658242777,0.010589186,-0.00898262322,0.0157663643,0.202148979,0.00655707359,0.2,0.0916852921,0.010589186,0.00767827272,-0.185828483,-0.00206588373,-0.2,0.00898262322,0.0658242777
336,15411384,0.189848289,-0.0942353532,-0.00160393736,0.0299963169,0.0908128172,-0.015500553,-0.163684681,-0.0567877516,-0.211524576,-0.0823175237,0.129155919,-0.112904862,0.0151878631,-0.00753882825,-0.200721772,-0.186501657,0.00726502538,-0.00124004424,0.2,0.2,-0.0923049152,-0.0664635047,0.0103324735,-0.00903238893,0.0151878631,0.200721772,0.00726502538,0.2,0.0923049152,0.0103324735,0.00753882825,-0.186501657,-0.00124004424,-0.2,0.00903238893,0.0664635047
337,15430824,0.185190812,-0.0928631127,-0.000342190673,0.0310806669,0.0971179456,-0.00790363178,-0.161468416,-0.0555748791,-0.204403847,-0.0802584365,0.131476387,-0.113235883,0.0148152649,-0.00742904902,-0.200153986,-0.1860137,0.00776943564,-0.000632290542,0.2,0.2,-0.0908807695,-0.0660516873,0.010518111,-0.00905887067,0.0148152649,0.200153986,0.00776943564,0.2,0.0908807695,0.010518111,0.00742904902,-0.1860137,-0.000632290542,-0.2,0.00905887067,0.0660516873
338,15449976,0.181175739,-0.0925768316,8.1127173e-06,0.0316845365,0.0991764516,-0.00368719059,-0.160237759,-0.0545624346,-0.197849527,-0.0795850754,0.134037882,-0.112557426,0.0144940591,-0.00740614653,-0.199996349,-0.185741959,0.00793411613,-0.000294975247,0.2,0.2,-0.0895699054,-0.0659170151,0.0107230306,-0.00900459409,0.0144940591,0.199996349,0.00793411613,0.2,0.0895699054,0.0107230306,0.00740614653,-0.185741959,-0.000294975247,-0.2,0.00900459409,0.0659170151
339,15471711,0.180938929,-0.0926236883,-0.00129962154,0.0338814296,0.096991919,-0.00329960301,-0.158414304,-0.051141385,-0.190328211,-0.0761032626,0.134699985,-0.112552136,0.0144751143,-0.00740989506,-0.20058483,-0.184753357,0.00775935352,-0.00026396824,0.2,0.2,-0.0880656421,-0.0652206525,0.0107759988,-0.00900417089,0.0144751143,0.20058483,0.00775935352,0.2,0.0880656421,0.0107759988,0.00740989506,-0.184753357,-0.00026396824,-0.2,0.00900417089,0.0652206525
340,15489802,0.182166845,-0.0946789533,-0.00281625381,0.0357766189,0.0917089581,-0.00620390661,-0.154446363,-0.0482112169,-0.181220725,-0.0716570765,0.135043561,-0.111428969,0.0145733476,-0.00757431626,-0.201267314,-0.183900522,0.00733671665,-0.000496312529,0.2,0.2,-0.086244145,-0.0643314153,0.0108034849,-0.00891431749,0.0145733476,0.201267314,0.00733671665,0.2,0.086244145,0.0108034849,0.00757431626,-0.183900522,-0.000496312529,-0.2,0.00891431749,0.0643314153
341,15512217,0.182525724,-0.0982635692,-0.00416607643,0.0358125567,0.0842902139,-0.0126929227,-0.152356669,-0.0483230427,-0.175579071,-0.0717375576,0.137017414,-0.10834609,0.0146020579,-0.00786108553,-0.201874734,-0.183884349,0.00674321711,-0.00101543382,0.2,0.2,-0.0851158142,-0.0643475115,0.0109613931,-0.00866768718,0.0146020579,0.201874734,0.00674321711,0.2,0.0851158142,0.0109613931,0.00786108553,-0.183884349,-0.00101543382,-0.2,0.00866768718,0.0643475115
342,15529280,0.18251574,-0.102964811,-0.00553702656,0.035059914,0.0769066289,-0.0201266799,-0.150159627,-0.0500289425,-0.172743693,-0.0745708495,0.139074415,-0.104994275,0.0146012592,-0.00823718488,-0.202491662,-0.184223039,0.00615253031,-0.00161013439,0.2,0.2,-0.0845487386,-0.0649141699,0.0111259532,-0.00839954197,0.0146012592,0.202491662,0.00615253031,0.2,0.0845487386,0.0111259532,0.00823718488,-0.184223039,-0.00161013439,-0.2,0.00839954197,0.0649141699
343,15555910,0.181825012,-0.108174309,-0.0073707141,0.0343404599,0.0692976788,-0.0293998588,-0.146923959,-0.0516585559,-0.167978644,-0.0779395327,0.141921297,-0.101996481,0.014546001,-0.00865394473,-0.203316821,-0.184546793,0.0055438143,-0.0023519887,0.2,0.2,-0.0835957289,-0.0655879065,0.0113537037,-0.00815971851,0.014546001,0.203316821,0.0055438143,0.2,0.0835957289,0.0113537037,0.00865394473,-0.184546793,-0.0023519887,-0.2,0.00815971851,0.0655879065
344,15570452,0.179882109,-0.11301785,-0.00816573203,0.0337626673,0.0623999909,-0.0381958634,-0.143967405,-0.054055877,-0.164130971,-0.0832558274,0.144254848,-0.0995121002,0.0143905687,-0.00904142797,-0.203674579,-0.1848068,0.00499199927,-0.00305566907,0.2,0.2,-0.0828261942,-0.0666511655,0.0115403879,-0.00796096802,0.0143905687,0.203674579,0.00499199927,0.2,0.0828261942,0.0115403879,0.00904142797,-0.1848068,-0.00305566907,-0.2,0.00796096802,0.0666511655
345,15588896,0.177385107,-0.116408937,-0.0067404788,0.0317143165,0.057056956,-0.0450827293,-0.139835969,-0.0556136221,-0.157489151,-0.0872639045,0.144003794,-0.0989326537,0.0141908085,-0.00931271493,-0.203033215,-0.185728558,0.00456455648,-0.00360661834,0.2,0.2,-0.0814978302,-0.0674527809,0.0115203035,-0.00791461229,0.0141908085,0.203033215,0.00456455648,0.2,0.0814978302,0.0115203035,0.00931271493,-0.185728558,-0.00360661834,-0.2,0.00791461229,0.0674527809
346,15627395,0.174430683,-0.11851801,-0.00433492847,0.0293556172,0.0535906106,-0.0492687672,-0.135943457,-0.0571658723,-0.149992883,-0.0906603336,0.143017605,-0.099229075,0.0139544547,-0.00948144078,-0.201950718,-0.186789972,0.00428724885,-0.00394150138,0.2,0.2,-0.0799985766,-0.0681320667,0.0114414084,-0.007938326,0.0139544547,0.201950718,0.00428724885,0.2,0.0799985766,0.0114414084,0.00948144078,-0.186789972,-0.00394150138,-0.2,0.007938326,0.0681320667
347,15631067,0.169975743,-0.119808517,0.000189927174,0.0267886315,0.0526106544,-0.0508597083,-0.132836267,-0.0594597794,-0.140957728,-0.0942892879,0.149589345,-0.0973934159,0.0135980594,-0.00958468139,-0.199914533,-0.187945116,0.00420885235,-0.00406877667,0.2,0.2,-0.0781915456,-0.0688578576,0.0119671476,-0.00779147327,0.0135980594,0.199914533,0.00420885235,0.2,0.0781915456,0.0119671476,0.00958468139,-0.187945116,-0.00406877667,-0.2,0.00779147327,0.0688578576
348,15648603,0.165668175,-0.120304808,0.00349091459,0.0249252748,0.0520052686,-0.0517440774,-0.131180465,-0.0618010946,-0.132945254,-0.0982446,0.156218603,-0.0963258147,0.013253454,-0.00962438464,-0.198429088,-0.188783626,0.00416042149,-0.00413952619,0.2,0.2,-0.0765890509,-0.06964892,0.0124974883,-0.00770606518,0.013253454,0.198429088,0.00416042149,0.2,0.0765890509,0.0124974883,0.00962438464,-0.188783626,-0.00413952619,-0.2,0.00770606518,0.06964892
349,15674637,0.163178325,-0.120324023,0.00715417368,0.0230544172,0.0526380949,-0.049951233,-0.130752191,-0.0618327223,-0.130686343,-0.0996508151,0.153138369,-0.0985376462,0.013054266,-0.00962592185,-0.196780622,-0.189625512,0.00421104759,-0.00399609864,0.2,0.2,-0.0761372685,-0.069930163,0.0122510695,-0.0078830117,0.013054266,0.196780622,0.00421104759,0.2,0.0761372685,0.0122510695,0.00962592185,-0.189625512,-0.00399609864,-0.2,0.0078830117,0.069930163
350,15689803,0.162439704,-0.120062865,0.00596452923,0.0229080692,0.0529747084,-0.0482205898,-0.131903276,-0.0617885739,-0.133278757,-0.100748785,0.146554083,-0.100648507,0.0129951763,-0.00960502923,-0.197315962,-0.189691369,0.00423797667,-0.00385764718,0.2,0.2,-0.0766557515,-0.070149757,0.0117243266,-0.0080518806,0.0129951763,0.197315962,0.00423797667,0.2,0.0766557515,0.0117243266,0.00960502923,-0.189691369,-0.00385764718,-0.2,0.0080518806,0.070149757
351,15709342,0.162634403,-0.118295245,0.00523441192,0.0233540442,0.0536942519,-0.0464123748,-0.135073677,-0.0608145632,-0.137452409,-0.101258345,0.144354895,-0.104768358,0.0130107522,-0.00946361959,-0.197644515,-0.18949068,0.00429554015,-0.00371298999,0.2,0.2,-0.0774904817,-0.070251669,0.0115483916,-0.00838146865,0.0130107522,0.197644515,0.00429554015,0.2,0.0774904817,0.0115483916,0.00946361959,-0.18949068,-0.00371298999,-0.2,0.00838146865,0.070251669
352,15740281,0.164584026,-0.117221586,0.00255556731,0.0252582412,0.0545718856,-0.0457652472,-0.13775979,-0.0594208837,-0.139883354,-0.100075737,0.146133974,-0.10612759,0.0131667221,-0.00937772691,-0.198849995,-0.188633791,0.00436575085,-0.00366121978,0.2,0.2,-0.0779766709,-0.0700151473,0.0116907179,-0.0084902072,0.0131667221,0.198849995,0.00436575085,0.2,0.0779766709,0.0116907179,0.00937772691,-0.188633791,-0.00366121978,-0.2,0.0084902072,0.0700151473
353,15750528,0.170849621,-0.117456742,-0.00076854357,0.0281005893,0.0540670753,-0.0460043699,-0.140007123,-0.0554871,-0.143931925,-0.0956412777,0.141022652,-0.109067984,0.0136679697,-0.00939653933,-0.200345845,-0.187354735,0.00432536602,-0.00368034959,0.2,0.2,-0.0787863851,-0.0691282555,0.0112818122,-0.00872543871,0.0136679697,0.200345845,0.00432536602,0.2,0.0787863851,0.0112818122,0.00939653933,-0.187354735,-0.00368034959,-0.2,0.00872543871,0.0691282555
354,15775250,0.179028481,-0.117825627,-0.00648533227,0.0318751372,0.0515550934,-0.0476129055,-0.143755794,-0.0511479825,-0.153083459,-0.091414392,0.13111268,-0.113023393,0.0143222785,-0.00942605019,-0.2029184,-0.185656188,0.00412440747,-0.00380903244,0.2,0.2,-0.0806166917,-0.0682828784,0.0104890144,-0.00904187143,0.0143222785,0.2029184,0.00412440747,0.2,0.0806166917,0.0104890144,0.00942605019,-0.185656188,-0.00380903244,-0.2,0.00904187143,0.0682828784
355,15792214,0.186658412,-0.117119871,-0.0119481115,0.0350954048,0.0490260646,-0.0510061048,-0.148682252,-0.0487530045,-0.164964959,-0.0892332122,0.124369591,-0.11460942,0.014932673,-0.00936958969,-0.20537665,-0.184207068,0.00392208517,-0.00408048838,0.2,0.2,-0.0829929918,-0.0678466424,0.00994956732,-0.00916875362,0.014932673,0.20537665,0.00392208517,0.2,0.0829929918,0.00994956732,0.00936958969,-0.184207068,-0.00408048838,-0.2,0.00916875362,0.0678466424
356,15809948,0.193560213,-0.117232665,-0.0164298732,0.0369381905,0.0481345877,-0.0542940535,-0.152801946,-0.0482299961,-0.177685276,-0.0883497596,0.117779858,-0.116379164,0.015484817,-0.00937861323,-0.207393443,-0.183377814,0.00385076702,-0.00434352428,0.2,0.2,-0.0855370551,-0.0676699519,0.00942238867,-0.00931033313,0.015484817,0.207393443,0.00385076702,0.2,0.0855370551,0.00942238867,0.00937861323,-0.183377814,-0.00434352428,-0.2,0.00931033313,0.0676699519
357,15829686,0.198530242,-0.118789755,-0.0198720489,0.0389950089,0.0485797226,-0.058150392,-0.153783813,-0.0477994271,-0.184320405,-0.0869592428,0.11523819,-0.115732946,0.0158824193,-0.00950318038,-0.208942422,-0.182452246,0.00388637781,-0.00465203136,0.2,0.2,-0.086864081,-0.0673918486,0.00921905518,-0.00925863564,0.0158824193,0.208942422,0.00388637781,0.2,0.086864081,0.00921905518,0.00950318038,-0.182452246,-0.00465203136,-0.2,0.00925863564,0.0673918486
358,15848514,0.202233866,-0.118679583,-0.0218272526,0.0405754298,0.0492093787,-0.0611651763,-0.155176952,-0.0470983423,-0.190367982,-0.0853991881,0.10745009,-0.115832724,0.0161787093,-0.00949436665,-0.209822264,-0.181741057,0.00393675029,-0.00489321411,0.2,0.2,-0.0880735964,-0.0670798376,0.00859600723,-0.00926661789,0.0161787093,0.209822264,0.00393675029,0.2,0.0880735964,0.00859600723,0.00949436665,-0.181741057,-0.00489321411,-0.2,0.00926661789,0.0670798376
359,15874392,0.203453168,-0.117370151,-0.0230380688,0.0413789563,0.051026687,-0.0626447648,-0.158374906,-0.0482329503,-0.20010516,-0.0866961777,0.0992109701,-0.115805477,0.0162762535,-0.00938961208,-0.210367131,-0.18137947,0.00408213496,-0.00501158118,0.2,0.2,-0.0900210321,-0.0673392355,0.00793687761,-0.00926443815,0.0162762535,0.210367131,0.00408213496,0.2,0.0900210321,0.00793687761,0.00938961208,-0.18137947,-0.00501158118,-0.2,0.00926443815,0.0673392355
360,15888354,0.202423275,-0.115811191,-0.0227448475,0.0415976606,0.0553026609,-0.0607863925,-0.160733998,-0.0510720909,-0.20951435,-0.0895896032,0.0938663855,-0.115479119,0.016193862,-0.00926489532,-0.210235181,-0.181281053,0.00442421287,-0.0048629114,0.2,0.2,-0.0919028699,-0.0679179206,0.00750931084,-0.00923832953,0.016193862,0.210235181,0.00442421287,0.2,0.0919028699,0.00750931084,0.00926489532,-0.181281053,-0.0048629114,-0.2,0.00923832953,0.0679179206
361,15909749,0.199360028,-0.113860153,-0.0209876541,0.0406348035,0.0617340878,-0.0562806614,-0.162109703,-0.0535880215,-0.216995224,-0.0915341675,0.0861653015,-0.115052193,0.0159488022,-0.00910881221,-0.209444444,-0.181714338,0.00493872702,-0.00450245291,0.2,0.2,-0.0933990449,-0.0683068335,0.00689322412,-0.00920417547,0.0159488022,0.209444444,0.00493872702,0.2,0.0933990449,0.00689322412,0.00910881221,-0.181714338,-0.00450245291,-0.2,0.00920417547,0.0683068335
362,15931213,0.19644171,-0.112026356,-0.0186857767,0.040685486,0.0692684874,-0.0491642915,-0.160909787,-0.0543550141,-0.218228325,-0.0906008929,0.0805927888,-0.11545942,0.0157153368,-0.00896210849,-0.2084086,-0.181691531,0.00554147899,-0.00393314332,0.2,0.2,-0.093645665,-0.0681201786,0.0064474231,-0.00923675358,0.0157153368,0.2084086,0.00554147899,0.2,0.093645665,0.0064474231,0.00896210849,-0.181691531,-0.00393314332,-0.2,0.00923675358,0.0681201786
363,15952878,0.193187729,-0.108884156,-0.0142570054,0.0396335833,0.0774838924,-0.0395280682,-0.160571754,-0.0552039966,-0.216482103,-0.0898161456,0.0811597034,-0.115201838,0.0154550183,-0.00871073246,-0.206415652,-0.182164888,0.0061987114,-0.00316224545,0.2,0.2,-0.0932964206,-0.0679632291,0.00649277627,-0.00921614707,0.0154550183,0.206415652,0.0061987114,0.2,0.0932964206,0.00649277627,0.00871073246,-0.182164888,-0.00316224545,-0.2,0.00921614707,0.0679632291
364,15969611,0.18875663,-0.106779128,-0.00986840576,0.0378233865,0.0847608596,-0.0307485368,-0.159643799,-0.0570996441,-0.212599561,-0.0903340355,0.0854077116,-0.114059404,0.0151005304,-0.00854233027,-0.204440783,-0.182979476,0.00678086877,-0.00245988294,0.2,0.2,-0.0925199121,-0.0680668071,0.00683261693,-0.00912475228,0.0151005304,0.204440783,0.00678086877,0.2,0.0925199121,0.00683261693,0.00854233027,-0.182979476,-0.00245988294,-0.2,0.00912475228,0.0680668071
365,15988251,0.183852106,-0.106064245,-0.00637192,0.03630336,0.090711318,-0.0226083025,-0.158309802,-0.0593381785,-0.208718166,-0.0916303843,0.089908421,-0.112869501,0.0147081685,-0.00848513961,-0.202867364,-0.183663488,0.00725690544,-0.0018086642,0.2,0.2,-0.0917436332,-0.0683260769,0.00719267368,-0.00902956009,0.0147081685,0.202867364,0.00725690544,0.2,0.0917436332,0.00719267368,0.00848513961,-0.183663488,-0.0018086642,-0.2,0.00902956009,0.0683260769
366,16011468,0.178750351,-0.105483308,-0.00286094658,0.0347297005,0.0952095091,-0.015880568,-0.156410694,-0.0610110238,-0.203624934,-0.0925413966,0.094202593,-0.111685067,0.0143000281,-0.00843866467,-0.201287426,-0.184371635,0.00761676073,-0.00127044544,0.2,0.2,-0.0907249868,-0.0685082793,0.00753620744,-0.00893480539,0.0143000281,0.201287426,0.00761676073,0.2,0.0907249868,0.00753620744,0.00843866467,-0.184371635,-0.00127044544,-0.2,0.00893480539,0.0685082793
367,16027820,0.174225718,-0.104355283,0.000372708397,0.0335123055,0.0979141369,-0.0106146419,-0.152276382,-0.0602049939,-0.194592953,-0.0904254839,0.0952331722,-0.111804247,0.0139380574,-0.00834842265,-0.199832281,-0.184919463,0.00783313096,-0.000849171355,0.2,0.2,-0.0889185905,-0.0680850968,0.00761865377,-0.00894433975,0.0139380574,0.199832281,0.00783313096,0.2,0.0889185905,0.00761865377,0.00834842265,-0.184919463,-0.000849171355,-0.2,0.00894433975,0.0680850968
368,16051083,0.17028001,-0.104932852,0.00163328229,0.0325283259,0.0982051119,-0.00766314659,-0.149816334,-0.0606172271,-0.186686575,-0.0905848816,0.101962388,-0.109769888,0.0136224008,-0.00839462817,-0.199265023,-0.185362253,0.00785640895,-0.000613051727,0.2,0.2,-0.0873373151,-0.0681169763,0.008156991,-0.00878159106,0.0136224008,0.199265023,0.00785640895,0.2,0.0873373151,0.008156991,0.00839462817,-0.185362253,-0.000613051727,-0.2,0.00878159106,0.0681169763
369,16068985,0.167212576,-0.1064137,0.00373384473,0.0313311219,0.0968716443,-0.00700249244,-0.146498695,-0.0609865412,-0.176451474,-0.0906830132,0.112041898,-0.106902599,0.0133770061,-0.00851309597,-0.19831977,-0.185900995,0.00774973154,-0.000560199395,0.2,0.2,-0.0852902949,-0.0681366026,0.00896335185,-0.00855220795,0.0133770061,0.19831977,0.00774973154,0.2,0.0852902949,0.00896335185,0.00851309597,-0.185900995,-0.000560199395,-0.2,0.00855220795,0.0681366026
370,16091006,0.165094614,-0.108934402,0.00601679599,0.0305238031,0.093268469,-0.00896588247,-0.141357139,-0.0602865517,-0.16181536,-0.0888730139,0.123068266,-0.10398107,0.0132075691,-0.0087147522,-0.197292442,-0.186264289,0.00746147752,-0.000717270598,0.2,0.2,-0.082363072,-0.0677746028,0.00984546125,-0.00831848562,0.0132075691,0.197292442,0.00746147752,0.2,0.082363072,0.00984546125,0.0087147522,-0.186264289,-0.000717270598,-0.2,0.00831848562,0.0677746028
371,16113325,0.164861202,-0.110847749,0.0082330592,0.0299384594,0.0882534832,-0.0112188915,-0.137820125,-0.0585302524,-0.151007891,-0.0864917487,0.128703102,-0.102525502,0.0131888962,-0.00886781991,-0.196295123,-0.186527693,0.00706027865,-0.000897511318,0.2,0.2,-0.0802015781,-0.0672983497,0.0102962482,-0.0082020402,0.0131888962,0.196295123,0.00706027865,0.2,0.0802015781,0.0102962482,0.00886781991,-0.186527693,-0.000897511318,-0.2,0.0082020402,0.0672983497
372,16129150,0.166440517,-0.111581452,0.0082392022,0.0309943687,0.0815165564,-0.0154696396,-0.135011643,-0.0555586778,-0.14000918,-0.082819432,0.135913715,-0.102193229,0.0133152413,-0.00892651618,-0.196292359,-0.186052534,0.00652132452,-0.00123757116,0.2,0.2,-0.0780018359,-0.0665638864,0.0108730972,-0.00817545831,0.0133152413,0.196292359,0.00652132452,0.2,0.0780018359,0.0108730972,0.00892651618,-0.186052534,-0.00123757116,-0.2,0.00817545831,0.0665638864
373,16151925,0.168737039,-0.11211367,0.00850391015,0.0318261981,0.074546352,-0.0198697578,-0.133693159,-0.0534925982,-0.131880194,-0.0806174055,0.145538181,-0.101628654,0.0134989631,-0.00896909356,-0.19617324,-0.185678211,0.00596370816,-0.00158958063,0.2,0.2,-0.0763760388,-0.0661234811,0.0116430545,-0.0081302923,0.0134989631,0.19617324,0.00596370816,0.2,0.0763760388,0.0116430545,0.00896909356,-0.185678211,-0.00158958063,-0.2,0.0081302923,0.0661234811
374,16171266,0.172136337,-0.112718247,0.00746475067,0.0326372758,0.0679908246,-0.0249238815,-0.131620109,-0.0508836918,-0.12548928,-0.0772583038,0.148145497,-0.101834215,0.0137709069,-0.00901745975,-0.196640862,-0.185313226,0.00543926597,-0.00199391052,0.2,0.2,-0.0750978559,-0.0654516608,0.0118516397,-0.00814673722,0.0137709069,0.196640862,0.00543926597,0.2,0.0750978559,0.0118516397,0.00901745975,-0.185313226,-0.00199391052,-0.2,0.00814673722,0.0654516608
375,16191584,0.175773308,-0.114213675,0.00572867971,0.0337455794,0.0620613061,-0.029351538,-0.130311728,-0.0488288552,-0.121459551,-0.0749552101,0.15140295,-0.101499043,0.0140618646,-0.00913709402,-0.197422094,-0.184814489,0.00496490449,-0.00234812304,0.2,0.2,-0.0742919102,-0.064991042,0.012112236,-0.00811992347,0.0140618646,0.197422094,0.00496490449,0.2,0.0742919102,0.012112236,0.00913709402,-0.184814489,-0.00234812304,-0.2,0.00811992347,0.064991042
376,16212696,0.179219067,-0.115202427,0.00377989211,0.0350530706,0.056268923,-0.0347065888,-0.129621133,-0.0465159602,-0.116925038,-0.0726896822,0.156352445,-0.101281755,0.0143375254,-0.00921619415,-0.198299049,-0.184226118,0.00450151384,-0.00277652711,0.2,0.2,-0.0733850077,-0.0645379364,0.0125081956,-0.00810254037,0.0143375254,0.198299049,0.00450151384,0.2,0.0733850077,0.0125081956,0.00921619415,-0.184226118,-0.00277652711,-0.2,0.00810254037,0.0645379364
377,16228592,0.182977527,-0.11594782,0.0024695741,0.0359073915,0.0510251336,-0.040090777,-0.128900245,-0.0447091646,-0.113057666,-0.0701475292,0.159517854,-0.101608455,0.0146382022,-0.00927582562,-0.198888692,-0.183841674,0.00408201069,-0.00320726216,0.2,0.2,-0.0726115331,-0.0640295058,0.0127614284,-0.00812867641,0.0146382022,0.198888692,0.00408201069,0.2,0.0726115331,0.0127614284,0.00927582562,-0.183841674,-0.00320726216,-0.2,0.00812867641,0.0640295058
378,16255948,0.187251657,-0.11763607,0.000536657171,0.0364589654,0.0464553609,-0.0443220623,-0.129703343,-0.0443142354,-0.114164218,-0.0700511187,0.161573827,-0.101838201,0.0149801326,-0.00941088557,-0.199758504,-0.183593466,0.00371642888,-0.00354576498,0.2,0.2,-0.0728328437,-0.0640102237,0.0129259062,-0.0081470561,0.0149801326,0.199758504,0.00371642888,0.2,0.0728328437,0.0129259062,0.00941088557,-0.183593466,-0.00354576498,-0.2,0.0081470561,0.0640102237
379,16270787,0.191392601,-0.117670462,-0.000733038585,0.0361919664,0.0432893485,-0.0473095514,-0.131210536,-0.0438925512,-0.118509255,-0.0703792423,0.158664986,-0.104588069,0.015311408,-0.00941363692,-0.200329867,-0.183713615,0.00346314788,-0.00378476411,0.2,0.2,-0.0737018511,-0.0640758485,0.0126931989,-0.00836704552,0.015311408,0.200329867,0.00346314788,0.2,0.0737018511,0.0126931989,0.00941363692,-0.183713615,-0.00378476411,-0.2,0.00836704552,0.0640758485
380,16289227,0.194571421,-0.11763376,-0.00234513986,0.0365625508,0.0416753851,-0.0495227091,-0.13292408,-0.0437637717,-0.12365365,-0.0712870359,0.157238811,-0.106755726,0.0155657136,-0.0094107008,-0.201055313,-0.183546852,0.00333403081,-0.00396181673,0.2,0.2,-0.0747307301,-0.0642574072,0.0125791049,-0.00854045808,0.0155657136,0.201055313,0.00333403081,0.2,0.0747307301,0.0125791049,0.0094107008,-0.183546852,-0.00396181673,-0.2,0.00854045808,0.0642574072
381,16311038,0.196552694,-0.117294654,-0.00246325671,0.0363925621,0.0423224829,-0.0498914719,-0.134782076,-0.0445683375,-0.127857387,-0.0726504847,0.159687027,-0.107606478,0.0157242155,-0.00938357234,-0.201108466,-0.183623347,0.00338579863,-0.00399131775,0.2,0.2,-0.0755714774,-0.0645300969,0.0127749622,-0.00860851824,0.0157242155,0.201108466,0.00338579863,0.2,0.0755714774,0.0127749622,0.00938357234,-0.183623347,-0.00399131775,-0.2,0.00860851824,0.0645300969
382,16330185,0.197633266,-0.116241172,-0.00160850026,0.0357924625,0.0446484089,-0.0490062721,-0.137736157,-0.0457746796,-0.132031843,-0.0744010657,0.163851142,-0.108034499,0.0158106613,-0.00929929376,-0.200723825,-0.183893392,0.00357187271,-0.00392050177,0.2,0.2,-0.0764063686,-0.0648802131,0.0131080914,-0.00864275992,0.0158106613,0.200723825,0.00357187271,0.2,0.0764063686,0.0131080914,0.00929929376,-0.183893392,-0.00392050177,-0.2,0.00864275992,0.0648802131
383,16350320,0.198478431,-0.115193464,-0.00257079792,0.0350558683,0.0473132618,-0.047276143,-0.140520528,-0.0470921583,-0.139901087,-0.0766029432,0.160096616,-0.109619364,0.0158782744,-0.00921547711,-0.201156859,-0.184224859,0.00378506094,-0.00378209144,0.2,0.2,-0.0779802173,-0.0653205886,0.0128077292,-0.00876954913,0.0158782744,0.201156859,0.00378506094,0.2,0.0779802173,0.0128077292,0.00921547711,-0.184224859,-0.00378209144,-0.2,0.00876954913,0.0653205886
384,16379001,0.198895782,-0.113138065,-0.00399530167,0.0346973203,0.050481759,-0.0447371155,-0.143303469,-0.0470574498,-0.14974691,-0.0774345919,0.149637252,-0.112819031,0.0159116626,-0.00905104518,-0.201797886,-0.184386206,0.00403854072,-0.00357896924,0.2,0.2,-0.0799493819,-0.0654869184,0.0119709802,-0.00902552247,0.0159116626,0.201797886,0.00403854072,0.2,0.0799493819,0.0119709802,0.00905104518,-0.184386206,-0.00357896924,-0.2,0.00902552247,0.0654869184
385,16388770,0.197462186,-0.111619666,-0.00612668041,0.0348029844,0.0542845055,-0.0418436415,-0.146675944,-0.04846403,-0.160306543,-0.0801011771,0.144098178,-0.114168733,0.0157969749,-0.0089295733,-0.202757006,-0.184338657,0.00434276044,-0.00334749132,0.2,0.2,-0.0820613086,-0.0660202354,0.0115278542,-0.00913349867,0.0157969749,0.202757006,0.00434276044,0.2,0.0820613086,0.0115278542,0.0089295733,-0.184338657,-0.00334749132,-0.2,0.00913349867,0.0660202354
386,16412047,0.195055455,-0.111123621,-0.00755483052,0.0347045809,0.0581608154,-0.0400017612,-0.149592608,-0.0508895479,-0.168181032,-0.0841859281,0.144831717,-0.113612697,0.0156044364,-0.00888988972,-0.203399674,-0.184382939,0.00465286523,-0.00320014089,0.2,0.2,-0.0836362064,-0.0668371856,0.0115865374,-0.00908901572,0.0156044364,0.203399674,0.00465286523,0.2,0.0836362064,0.0115865374,0.00888988972,-0.184382939,-0.00320014089,-0.2,0.00908901572,0.0668371856
387,16427581,0.19175218,-0.113086879,-0.00833226554,0.0336701274,0.0612886734,-0.0392967239,-0.150093466,-0.0536509492,-0.172924638,-0.088366963,0.144005686,-0.112094469,0.0153401744,-0.00904695034,-0.203749519,-0.184848443,0.00490309387,-0.00314373791,0.2,0.2,-0.0845849276,-0.0676733926,0.0115204549,-0.00896755755,0.0153401744,0.203749519,0.00490309387,0.2,0.0845849276,0.0115204549,0.00904695034,-0.184848443,-0.00314373791,-0.2,0.00896755755,0.0676733926
388,16452814,0.188356712,-0.114757903,-0.00804066192,0.0323545113,0.0635383278,-0.0390410721,-0.150209323,-0.0552789606,-0.177917823,-0.0916791633,0.136286795,-0.112345718,0.015068537,-0.00918063223,-0.203618298,-0.18544047,0.00508306623,-0.00312328577,0.2,0.2,-0.0855835646,-0.0683358327,0.0109029436,-0.00898765743,0.015068537,0.203618298,0.00508306623,0.2,0.0855835646,0.0109029436,0.00918063223,-0.18544047,-0.00312328577,-0.2,0.00898765743,0.0683358327
389,16472307,0.184243083,-0.115285583,-0.00758534949,0.0313235782,0.0655648857,-0.0388021842,-0.150366917,-0.0566923879,-0.182389557,-0.0945542753,0.128070638,-0.113257311,0.0147394466,-0.00922284663,-0.203413407,-0.18590439,0.00524519086,-0.00310417473,0.2,0.2,-0.0864779115,-0.0689108551,0.010245651,-0.0090605849,0.0147394466,0.203413407,0.00524519086,0.2,0.0864779115,0.010245651,0.00922284663,-0.18590439,-0.00310417473,-0.2,0.0090605849,0.0689108551
390,16492025,0.180148825,-0.115273528,-0.00610069791,0.0303541441,0.067700386,-0.0388405733,-0.150357455,-0.0585147887,-0.183191076,-0.0972016528,0.128244653,-0.113128781,0.014411906,-0.00922188222,-0.202745314,-0.186340635,0.00541603088,-0.00310724586,0.2,0.2,-0.0866382152,-0.0694403306,0.0102595723,-0.00905030251,0.014411906,0.202745314,0.00541603088,0.2,0.0866382152,0.0102595723,0.00922188222,-0.186340635,-0.00310724586,-0.2,0.00905030251,0.0694403306
391,16509617,0.17780678,-0.115243711,-0.00386738521,0.0298480131,0.0695605278,-0.0382720791,-0.148886219,-0.0587091632,-0.180236176,-0.0972022638,0.128944501,-0.113230318,0.0142245424,-0.00921949685,-0.201740323,-0.186568394,0.00556484222,-0.00306176633,0.2,0.2,-0.0860472351,-0.0694404528,0.0103155601,-0.00905842543,0.0142245424,0.201740323,0.00556484222,0.2,0.0860472351,0.0103155601,0.00921949685,-0.186568394,-0.00306176633,-0.2,0.00905842543,0.0694404528
392,16530753,0.176719069,-0.115112521,-0.00221032347,0.0292855278,0.0710286275,-0.0366705805,-0.147169858,-0.0581606366,-0.177447155,-0.0956309065,0.124106273,-0.113155127,0.0141375256,-0.00920900166,-0.200994646,-0.186821513,0.0056822902,-0.00293364644,0.2,0.2,-0.085489431,-0.0691261813,0.00992850184,-0.00905241013,0.0141375256,0.200994646,0.0056822902,0.2,0.085489431,0.00992850184,0.00920900166,-0.186821513,-0.00293364644,-0.2,0.00905241013,0.0691261813
393,16548776,0.176278502,-0.114418797,-0.00134982402,0.0296663493,0.0715311766,-0.0356033742,-0.146607369,-0.0571258739,-0.173981801,-0.0939162225,0.124130145,-0.112301357,0.0141022801,-0.00915350378,-0.200607421,-0.186650143,0.00572249413,-0.00284826994,0.2,0.2,-0.0847963601,-0.0687832445,0.00993041158,-0.00898410857,0.0141022801,0.200607421,0.00572249413,0.2,0.0847963601,0.00993041158,0.00915350378,-0.186650143,-0.00284826994,-0.2,0.00898410857,0.0687832445
394,16569553,0.176609188,-0.112119474,0.000617142126,0.0303926133,0.0718320757,-0.0349621959,-0.145420492,-0.0551892482,-0.166235864,-0.0899281651,0.129122496,-0.111347787,0.0141287351,-0.00896955788,-0.199722286,-0.186323324,0.00574656606,-0.00279697567,0.2,0.2,-0.0832471728,-0.067985633,0.0103297997,-0.00890782297,0.0141287351,0.199722286,0.00574656606,0.2,0.0832471728,0.0103297997,0.00896955788,-0.186323324,-0.00279697567,-0.2,0.00890782297,0.067985633
395,16589496,0.17878899,-0.110565394,0.00141378702,0.0312093496,0.0713157505,-0.0343303718,-0.143324032,-0.052676037,-0.158733159,-0.0843445957,0.129108593,-0.111306228,0.0143031192,-0.00884523153,-0.199363796,-0.185955793,0.00570526004,-0.00274642974,0.2,0.2,-0.0817466319,-0.0668689191,0.0103286874,-0.00890449822,0.0143031192,0.199363796,0.00570526004,0.2,0.0817466319,0.0103286874,0.00884523153,-0.185955793,-0.00274642974,-0.2,0.00890449822,0.0668689191
396,16617228,0.180808917,-0.110964604,0.00123629579,0.032348983,0.0702224299,-0.033172816,-0.1425246,-0.0510700159,-0.155246064,-0.0813458189,0.131988704,-0.108800821,0.0144647133,-0.0088771683,-0.199443667,-0.185442958,0.00561779439,-0.00265382528,0.2,0.2,-0.0810492128,-0.0662691638,0.0105590963,-0.00870406568,0.0144647133,0.199443667,0.00561779439,0.2,0.0810492128,0.0105590963,0.0088771683,-0.185442958,-0.00265382528,-0.2,0.00870406568,0.0662691638
397,16629551,0.182558969,-0.110226184,0.00142416277,0.0334007628,0.0685156062,-0.0335837044,-0.142470792,-0.0499172658,-0.150296912,-0.0789474621,0.140371442,-0.105475955,0.0146047175,-0.00881809473,-0.199359127,-0.184969657,0.0054812485,-0.00268669635,0.2,0.2,-0.0800593823,-0.0657894924,0.0112297153,-0.00843807638,0.0146047175,0.199359127,0.0054812485,0.2,0.0800593823,0.0112297153,0.00881809473,-0.184969657,-0.00268669635,-0.2,0.00843807638,0.0657894924
398,16649755,0.184856951,-0.109396085,0.00141261541,0.0341954157,0.0659676865,-0.0352955088,-0.140368849,-0.0479757823,-0.143752933,-0.0748814717,0.143096223,-0.104934581,0.0147885561,-0.00875168681,-0.199364323,-0.184612063,0.00527741492,-0.0028236407,0.2,0.2,-0.0787505865,-0.0649762943,0.0114476979,-0.00839476645,0.0147885561,0.199364323,0.00527741492,0.2,0.0787505865,0.0114476979,0.00875168681,-0.184612063,-0.0028236407,-0.2,0.00839476645,0.0649762943
399,16674239,0.1870673,-0.110051833,0.00175406144,0.034733396,0.0638025999,-0.0355485342,-0.13798286,-0.0461728163,-0.138487339,-0.0713215768,0.144836321,-0.10415218,0.014965384,-0.00880414665,-0.199210672,-0.184369972,0.00510420799,-0.00284388274,0.2,0.2,-0.0776974678,-0.0642643154,0.0115869057,-0.00833217442,0.014965384,0.199210672,0.00510420799,0.2,0.0776974678,0.0115869057,0.00880414665,-0.184369972,-0.00284388274,-0.2,0.00833217442,0.0642643154
400,16687834,0.189396426,-0.110052384,0.00168428163,0.0360090137,0.0609144047,-0.0371067375,-0.136470884,-0.0437461622,-0.13147673,-0.0675930753,0.150986731,-0.102890559,0.0151517141,-0.00880419075,-0.199242073,-0.183795944,0.00487315238,-0.002968539,0.2,0.2,-0.076295346,-0.0635186151,0.0120789385,-0.00823124468,0.0151517141,0.199242073,0.00487315238,0.2,0.076295346,0.0120789385,0.00880419075,-0.183795944,-0.002968539,-0.2,0.00823124468,0.0635186151
401,16711775,0.191375092,-0.109685957,0.0023586743,0.036799483,0.0575983785,-0.0391742066,-0.135895878,-0.0424176492,-0.12524125,-0.0654968917,0.160258636,-0.102236509,0.0153100073,-0.00877487659,-0.198938597,-0.183440233,0.00460787028,-0.00313393652,0.2,0.2,-0.07504825,-0.0630993783,0.0128206909,-0.00817892075,0.0153100073,0.198938597,0.00460787028,0.2,0.07504825,0.0128206909,0.00877487659,-0.183440233,-0.00313393652,-0.2,0.00817892075,0.0630993783
402,16734858,0.193904698,-0.110177398,0.00340717984,0.0370697714,0.0548797287,-0.0405426212,-0.13464132,-0.0417243913,-0.119904697,-0.0636586547,0.168088481,-0.101273894,0.0155123758,-0.00881419182,-0.198466769,-0.183318603,0.0043903783,-0.00324340969,0.2,0.2,-0.0739809394,-0.0627317309,0.0134470785,-0.00810191154,0.0155123758,0.198466769,0.0043903783,0.2,0.0739809394,0.0134470785,0.00881419182,-0.183318603,-0.00324340969,-0.2,0.00810191154,0.0627317309
403,16750807,0.19728145,-0.10959895,0.0049448153,0.0365937091,0.0531594008,-0.0403994955,-0.133183643,-0.0394793078,-0.116804011,-0.0600140914,0.16666539,-0.103308745,0.015782516,-0.00876791596,-0.197774833,-0.183532831,0.00425275207,-0.00323195964,0.2,0.2,-0.0733608022,-0.0620028183,0.0133332312,-0.00826469958,0.015782516,0.197774833,0.00425275207,0.2,0.0733608022,0.0133332312,0.00876791596,-0.183532831,-0.00323195964,-0.2,0.00826469958,0.0620028183
404,16770290,0.199514404,-0.10867814,0.00428196602,0.0367113091,0.0520555228,-0.0397584513,-0.13472259,-0.0389404893,-0.119016305,-0.0594633259,0.167363808,-0.104524501,0.0159611523,-0.00869425118,-0.198073115,-0.183479911,0.00416444182,-0.0031806761,0.2,0.2,-0.0738032609,-0.0618926652,0.0133891046,-0.00836196005,0.0159611523,0.198073115,0.00416444182,0.2,0.0738032609,0.0133891046,0.00869425118,-0.183479911,-0.0031806761,-0.2,0.00836196005,0.0618926652
405,16789836,0.201210022,-0.107505128,0.0040401686,0.0372988656,0.0523712188,-0.0384078026,-0.135837451,-0.0387690514,-0.120109715,-0.0589778796,0.172970653,-0.104921512,0.0160968018,-0.00860041022,-0.198181924,-0.18321551,0.0041896975,-0.00307262421,0.2,0.2,-0.0740219429,-0.0617955759,0.0138376522,-0.00839372098,0.0160968018,0.198181924,0.0041896975,0.2,0.0740219429,0.0138376522,0.00860041022,-0.18321551,-0.00307262421,-0.2,0.00839372098,0.0617955759
406,16810640,0.204383671,-0.106927536,0.00315285521,0.0382911973,0.0523981154,-0.0373121202,-0.135127053,-0.0367004238,-0.119234674,-0.0555793196,0.173571944,-0.106313571,0.0163506937,-0.00855420291,-0.198581215,-0.182768961,0.00419184923,-0.00298496962,0.2,0.2,-0.0738469347,-0.0611158639,0.0138857555,-0.00850508571,0.0163506937,0.198581215,0.00419184923,0.2,0.0738469347,0.0138857555,0.00855420291,-0.182768961,-0.00298496962,-0.2,0.00850508571,0.0611158639
407,16835525,0.207764968,-0.107507579,0.00243723858,0.0389698371,0.0524347275,-0.0353034288,-0.135316774,-0.0350798741,-0.121364027,-0.0528064258,0.17215094,-0.107267059,0.0166211975,-0.00860060632,-0.198903243,-0.182463573,0.0041947782,-0.0028242743,0.2,0.2,-0.0742728055,-0.0605612852,0.0137720752,-0.00858136475,0.0166211975,0.198903243,0.0041947782,0.2,0.0742728055,0.0137720752,0.00860060632,-0.182463573,-0.0028242743,-0.2,0.00858136475,0.0605612852
408,16850922,0.210911334,-0.106535681,0.00109582092,0.0396221541,0.0522515923,-0.0340938531,-0.137193114,-0.0337478183,-0.124779038,-0.0508445911,0.171739057,-0.108516924,0.0168729067,-0.00852285445,-0.199506881,-0.182170031,0.00418012738,-0.00272750825,0.2,0.2,-0.0749558076,-0.0601689182,0.0137391245,-0.00868135393,0.0168729067,0.199506881,0.00418012738,0.2,0.0749558076,0.0137391245,0.00852285445,-0.182170031,-0.00272750825,-0.2,0.00868135393,0.0601689182
409,16873118,0.213210851,-0.105947442,-0.000511454127,0.0403222702,0.0520210527,-0.0339266993,-0.139862627,-0.0341600925,-0.128833383,-0.0506089106,0.176254004,-0.108201034,0.0170568681,-0.00847579539,-0.200230154,-0.181854978,0.00416168422,-0.00271413594,0.2,0.2,-0.0757666767,-0.0601217821,0.0141003203,-0.00865608275,0.0170568681,0.200230154,0.00416168422,0.2,0.0757666767,0.0141003203,0.00847579539,-0.181854978,-0.00271413594,-0.2,0.00865608275,0.0601217821
410,16890807,0.216066614,-0.106160857,-0.00193422276,0.0406381004,0.051755514,-0.0343266241,-0.140497491,-0.0338782109,-0.131374404,-0.0492513068,0.17763555,-0.107783876,0.0172853291,-0.00849286854,-0.2008704,-0.181712855,0.00414044112,-0.00274612993,0.2,0.2,-0.0762748808,-0.0598502614,0.014210844,-0.00862271011,0.0172853291,0.2008704,0.00414044112,0.2,0.0762748808,0.014210844,0.00849286854,-0.181712855,-0.00274612993,-0.2,0.00862271011,0.0598502614
411,16908038,0.218291596,-0.105590023,-0.00307619665,0.0406667516,0.0513892025,-0.0345805362,-0.142929375,-0.0340508334,-0.137136891,-0.049685549,0.177591994,-0.108177498,0.0174633276,-0.00844720185,-0.201384288,-0.181699962,0.0041111362,-0.00276644289,0.2,0.2,-0.0774273783,-0.0599371098,0.0142073596,-0.00865419984,0.0174633276,0.201384288,0.0041111362,0.2,0.0774273783,0.0142073596,0.00844720185,-0.181699962,-0.00276644289,-0.2,0.00865419984,0.0599371098
412,16931288,0.220775634,-0.103343837,-0.00438248459,0.0409238376,0.0514781773,-0.0345888399,-0.14469482,-0.0332789682,-0.142801821,-0.0492751673,0.174730957,-0.110632762,0.0176620507,-0.00826750696,-0.201972118,-0.181584273,0.00411825418,-0.00276710719,0.2,0.2,-0.0785603642,-0.0598550335,0.0139784765,-0.00885062099,0.0176620507,0.201972118,0.00411825418,0.2,0.0785603642,0.0139784765,0.00826750696,-0.181584273,-0.00276710719,-0.2,0.00885062099,0.0598550335
413,16956866,0.22176443,-0.101056404,-0.00511480076,0.0410547256,0.0524754785,-0.03433121,-0.146997616,-0.0339107774,-0.14763765,-0.0501039959,0.176478803,-0.111843824,0.0177411544,-0.00808451235,-0.20230166,-0.181525373,0.00419803828,-0.0027464968,0.2,0.2,-0.0795275301,-0.0600207992,0.0141183043,-0.00894750595,0.0177411544,0.20230166,0.00419803828,0.2,0.0795275301,0.0141183043,0.00808451235,-0.181525373,-0.0027464968,-0.2,0.00894750595,0.0600207992
414,16967468,0.22241658,-0.0993487909,-0.00554886879,0.0407536328,0.0542195365,-0.0332214795,-0.14748311,-0.0341546461,-0.151482254,-0.0501940325,0.174458116,-0.112557225,0.0177933264,-0.00794790328,-0.202496991,-0.181660865,0.00433756292,-0.00265771836,0.2,0.2,-0.0802964509,-0.0600388065,0.0139566493,-0.00900457799,0.0177933264,0.202496991,0.00433756292,0.2,0.0802964509,0.0139566493,0.00794790328,-0.181660865,-0.00265771836,-0.2,0.00900457799,0.0600388065
415,16991015,0.22195375,-0.0983335525,-0.00574686937,0.04072164,0.0562240109,-0.0316948257,-0.148442119,-0.0347318687,-0.154060498,-0.0505581126,0.175096497,-0.112357453,0.0177563,-0.0078666842,-0.202586091,-0.181675262,0.00449792087,-0.00253558606,0.2,0.2,-0.0808120996,-0.0601116225,0.0140077198,-0.0089885962,0.0177563,0.202586091,0.00449792087,0.2,0.0808120996,0.0140077198,0.0078666842,-0.181675262,-0.00253558606,-0.2,0.0089885962,0.0601116225
416,17009753,0.220352262,-0.0981146842,-0.00581057183,0.0404370762,0.0579330139,-0.0306752212,-0.150057778,-0.036701113,-0.155689046,-0.0529363789,0.180392265,-0.11055173,0.017628181,-0.00784917474,-0.202614757,-0.181803316,0.00463464111,-0.0024540177,0.2,0.2,-0.0811378092,-0.0605872758,0.0144313812,-0.00884413838,0.017628181,0.202614757,0.00463464111,0.2,0.0811378092,0.0144313812,0.00784917474,-0.181803316,-0.0024540177,-0.2,0.00884413838,0.0605872758
417,17034233,0.218389317,-0.0974344462,-0.00505913934,0.0397403874,0.0590778254,-0.0303252954,-0.150965497,-0.0379331782,-0.156400263,-0.0548846908,0.183377385,-0.10947682,0.0174711454,-0.0077947557,-0.202276613,-0.182116826,0.00472622603,-0.00242602363,0.2,0.2,-0.0812800527,-0.0609769382,0.0146701908,-0.00875814557,0.0174711454,0.202276613,0.00472622603,0.2,0.0812800527,0.0146701908,0.0077947557,-0.182116826,-0.00242602363,-0.2,0.00875814557,0.0609769382
418,17057218,0.217125803,-0.0971446112,-0.00466278149,0.0389400795,0.0604026876,-0.0286723487,-0.149926677,-0.0378152393,-0.158780441,-0.0549204014,0.176690474,-0.110382758,0.0173700643,-0.00777156889,-0.202098252,-0.182476964,0.00483221501,-0.0022937879,0.2,0.2,-0.0817560881,-0.0609840803,0.0141352379,-0.00883062065,0.0173700643,0.202098252,0.00483221501,0.2,0.0817560881,0.0141352379,0.00777156889,-0.182476964,-0.0022937879,-0.2,0.00883062065,0.0609840803
419,17069501,0.215092942,-0.096664615,-0.00566950301,0.0386872366,0.0612252578,-0.0275656823,-0.15062809,-0.0384283289,-0.162608102,-0.0565063246,0.171826422,-0.111281767,0.0172074354,-0.0077331692,-0.202551276,-0.182590744,0.00489802063,-0.00220525458,0.2,0.2,-0.0825216204,-0.0613012649,0.0137461138,-0.0089025414,0.0172074354,0.202551276,0.00489802063,0.2,0.0825216204,0.0137461138,0.0077331692,-0.182590744,-0.00220525458,-0.2,0.0089025414,0.0613012649
420,17091835,0.211978182,-0.0967747048,-0.00573046645,0.038107235,0.0621776134,-0.0269468799,-0.150527492,-0.039539922,-0.163247198,-0.0584350303,0.172014073,-0.111106448,0.0169582546,-0.00774197638,-0.20257871,-0.182851744,0.00497420907,-0.00215575039,0.2,0.2,-0.0826494396,-0.0616870061,0.0137611258,-0.00888851583,0.0169582546,0.20257871,0.00497420907,0.2,0.0826494396,0.0137611258,0.00774197638,-0.182851744,-0.00215575039,-0.2,0.00888851583,0.0616870061
421,17111984,0.209068567,-0.0984127745,-0.00525357528,0.0374798439,0.0628404096,-0.0268776771,-0.147919923,-0.0399699025,-0.159280315,-0.05835234,0.171927616,-0.110082038,0.0167254853,-0.00787302196,-0.202364109,-0.18313407,0.00502723277,-0.00215021417,0.2,0.2,-0.081856063,-0.061670468,0.0137542093,-0.00880656302,0.0167254853,0.202364109,0.00502723277,0.2,0.081856063,0.0137542093,0.00787302196,-0.18313407,-0.00215021417,-0.2,0.00880656302,0.061670468
422,17128451,0.206213295,-0.101503409,-0.00458804937,0.0367751047,0.0623411983,-0.02714164,-0.146404356,-0.0414362028,-0.155435562,-0.0600735433,0.174917459,-0.108314976,0.0164970636,-0.00812027276,-0.202064622,-0.183451203,0.00498729587,-0.0021713312,0.2,0.2,-0.0810871124,-0.0620147087,0.0139933968,-0.00866519809,0.0164970636,0.202064622,0.00498729587,0.2,0.0810871124,0.0139933968,0.00812027276,-0.183451203,-0.0021713312,-0.2,0.00866519809,0.0620147087
423,17150981,0.202970684,-0.102965608,-0.00394828245,0.0355652347,0.0606876239,-0.0287881158,-0.145942077,-0.0428209417,-0.153615475,-0.0629540086,0.174881548,-0.106865622,0.0162376547,-0.00823724866,-0.201776727,-0.183995644,0.00485500991,-0.00230304927,0.2,0.2,-0.0807230949,-0.0625908017,0.0139905238,-0.00854924977,0.0162376547,0.201776727,0.00485500991,0.2,0.0807230949,0.0139905238,0.00823724866,-0.183995644,-0.00230304927,-0.2,0.00854924977,0.0625908017
424,17173219,0.199654594,-0.104571313,-0.00256019714,0.0347374901,0.0591954812,-0.0307146925,-0.144847751,-0.0436029769,-0.150435418,-0.0650752857,0.177161992,-0.106078953,0.0159723675,-0.00836570501,-0.201152089,-0.184368129,0.0047356385,-0.0024571754,0.2,0.2,-0.0800870836,-0.0630150571,0.0141729593,-0.0084863162,0.0159723675,0.201152089,0.0047356385,0.2,0.0800870836,0.0141729593,0.00836570501,-0.184368129,-0.0024571754,-0.2,0.0084863162,0.0630150571
425,17195644,0.196971923,-0.105867408,-0.0020701855,0.0336616039,0.0577419549,-0.0324049182,-0.143525556,-0.0448475219,-0.148873076,-0.0675032884,0.175657153,-0.105613172,0.0157577538,-0.00846939266,-0.200931583,-0.184852278,0.00461935639,-0.00259239346,0.2,0.2,-0.0797746152,-0.0635006577,0.0140525723,-0.00844905376,0.0157577538,0.200931583,0.00461935639,0.2,0.0797746152,0.0140525723,0.00846939266,-0.184852278,-0.00259239346,-0.2,0.00844905376,0.0635006577
426,17216555,0.193980679,-0.106888451,-0.00177658431,0.0328162126,0.056093663,-0.0347166471,-0.142420098,-0.0453627706,-0.14662835,-0.0697034448,0.17474626,-0.105243266,0.0155184543,-0.00855107605,-0.200799463,-0.185232704,0.00448749304,-0.00277733177,0.2,0.2,-0.07932567,-0.063940689,0.0139797008,-0.00841946125,0.0155184543,0.200799463,0.00448749304,0.2,0.07932567,0.0139797008,0.00855107605,-0.185232704,-0.00277733177,-0.2,0.00841946125,0.063940689
427,17228315,0.192428514,-0.10785526,-0.00139623461,0.0324503928,0.0546262003,-0.0359643586,-0.141057,-0.0448796786,-0.144210756,-0.0705349296,0.173105955,-0.10601943,0.0153942811,-0.00862842083,-0.200628306,-0.185397323,0.00437009603,-0.00287714869,0.2,0.2,-0.0788421512,-0.0641069859,0.0138484764,-0.00848155439,0.0153942811,0.200628306,0.00437009603,0.2,0.0788421512,0.0138484764,0.00862842083,-0.185397323,-0.00287714869,-0.2,0.00848155439,0.0641069859
428,17264135,0.191707119,-0.107998647,-0.00121009408,0.0324453115,0.0530585535,-0.0380168185,-0.139674619,-0.0435152464,-0.139978036,-0.068995662,0.170553014,-0.106829651,0.0153365695,-0.00863989174,-0.200544542,-0.18539961,0.00424468428,-0.00304134548,0.2,0.2,-0.0779956073,-0.0637991324,0.0136442411,-0.00854637206,0.0153365695,0.200544542,0.00424468428,0.2,0.0779956073,0.0136442411,0.00863989174,-0.18539961,-0.00304134548,-0.2,0.00854637206,0.0637991324
429,17270649,0.192183137,-0.109080553,-0.00175559905,0.0327494889,0.0513304137,-0.0397032574,-0.138846248,-0.0428446308,-0.137082979,-0.0678043365,0.169167757,-0.106799431,0.015374651,-0.00872644424,-0.20079002,-0.18526273,0.00410643309,-0.00317626059,0.2,0.2,-0.0774165958,-0.0635608673,0.0135334206,-0.00854395449,0.015374651,0.20079002,0.00410643309,0.2,0.0774165958,0.0135334206,0.00872644424,-0.18526273,-0.00317626059,-0.2,0.00854395449,0.0635608673
430,17288014,0.193972632,-0.109533198,-0.00246771961,0.0336080045,0.0490176752,-0.0419496149,-0.139520124,-0.0416320711,-0.135167986,-0.0665954053,0.170631111,-0.107200414,0.0155178106,-0.00876265585,-0.201110474,-0.184876398,0.00392141402,-0.00335596919,0.2,0.2,-0.0770335972,-0.0633190811,0.0136504889,-0.00857603312,0.0155178106,0.201110474,0.00392141402,0.2,0.0770335972,0.0136504889,0.00876265585,-0.184876398,-0.00335596919,-0.2,0.00857603312,0.0633190811
431,17319305,0.1973162,-0.109719709,-0.00378629402,0.0348511897,0.0461947024,-0.0449109264,-0.139824912,-0.0401650965,-0.133800417,-0.0647258312,0.170822173,-0.10792762,0.015785296,-0.00877757668,-0.201703832,-0.184316965,0.00369557619,-0.00359287411,0.2,0.2,-0.0767600834,-0.0629451662,0.0136657739,-0.00863420963,0.015785296,0.201703832,0.00369557619,0.2,0.0767600834,0.0136657739,0.00877757668,-0.184316965,-0.00359287411,-0.2,0.00863420963,0.0629451662
432,17328637,0.202452153,-0.109430291,-0.00572651764,0.0359948725,0.0431498587,-0.0477432832,-0.140299261,-0.0376074389,-0.135916337,-0.0616082326,0.164139077,-0.110371269,0.0161961722,-0.00875442326,-0.202576933,-0.183802307,0.0034519887,-0.00381946266,0.2,0.2,-0.0771832675,-0.0623216465,0.0131311262,-0.00882970154,0.0161961722,0.202576933,0.0034519887,0.2,0.0771832675,0.0131311262,0.00875442326,-0.183802307,-0.00381946266,-0.2,0.00882970154,0.0623216465
433,17360625,0.208236679,-0.108997472,-0.00850487873,0.0379660502,0.0408417508,-0.0496321619,-0.141636655,-0.0350952782,-0.14022848,-0.0584095307,0.158667237,-0.11200203,0.0166589344,-0.00871979773,-0.203827195,-0.182915277,0.00326734006,-0.00397057295,0.2,0.2,-0.078045696,-0.0616819061,0.0126933789,-0.0089601624,0.0166589344,0.203827195,0.00326734006,0.2,0.078045696,0.0126933789,0.00871979773,-0.182915277,-0.00397057295,-0.2,0.0089601624,0.0616819061
434,17367626,0.214064062,-0.108062044,-0.0116985794,0.0402161591,0.0386241972,-0.052192688,-0.143165514,-0.0334008411,-0.142968416,-0.0554057434,0.157855734,-0.113081314,0.0171251249,-0.0086449635,-0.205264361,-0.181902728,0.00308993578,-0.00417541504,0.2,0.2,-0.0785936832,-0.0610811487,0.0126284587,-0.00904650509,0.0171251249,0.205264361,0.00308993578,0.2,0.0785936832,0.0126284587,0.0086449635,-0.181902728,-0.00417541504,-0.2,0.00904650509,0.0610811487
435,17398762,0.218979076,-0.107892841,-0.0132390419,0.041358918,0.037411917,-0.0541746579,-0.144794822,-0.0330051184,-0.145438209,-0.0539323986,0.161233768,-0.112088531,0.017518326,-0.00863142729,-0.205957569,-0.181388487,0.00299295336,-0.00433397263,0.2,0.2,-0.0790876418,-0.0607864797,0.0128987014,-0.0089670825,0.017518326,0.205957569,0.00299295336,0.2,0.0790876418,0.0128987014,0.00863142729,-0.181388487,-0.00433397263,-0.2,0.0089670825,0.0607864797
436,17409082,0.224280551,-0.108595587,-0.0153026478,0.0432080366,0.0354175307,-0.0573285073,-0.145913303,-0.0325120799,-0.14525485,-0.0526579432,0.167871669,-0.110578313,0.0179424441,-0.00868764699,-0.206886192,-0.180556384,0.00283340245,-0.00458628058,0.2,0.2,-0.0790509701,-0.0605315886,0.0134297335,-0.00884626508,0.0179424441,0.206886192,0.00283340245,0.2,0.0790509701,0.0134297335,0.00868764699,-0.180556384,-0.00458628058,-0.2,0.00884626508,0.0605315886
437,17432414,0.2286212,-0.107718252,-0.0157440715,0.0434830561,0.0333923213,-0.0605043732,-0.14754568,-0.0322357602,-0.147098988,-0.0524930172,0.169971183,-0.110621259,0.018289696,-0.00861746013,-0.207084832,-0.180432625,0.00267138571,-0.00484034985,0.2,0.2,-0.0794197977,-0.0604986034,0.0135976946,-0.00884970069,0.018289696,0.207084832,0.00267138571,0.2,0.0794197977,0.0135976946,0.00861746013,-0.180432625,-0.00484034985,-0.2,0.00884970069,0.0604986034
438,17450186,0.232258052,-0.10522908,-0.0164244939,0.0433017462,0.032303229,-0.0625159219,-0.149051458,-0.0320926011,-0.152467668,-0.0524302535,0.164427012,-0.112727471,0.0185806441,-0.00841832638,-0.207391022,-0.180514214,0.00258425832,-0.00500127375,0.2,0.2,-0.0804935336,-0.0604860507,0.013154161,-0.00901819766,0.0185806441,0.207391022,0.00258425832,0.2,0.0804935336,0.013154161,0.00841832638,-0.180514214,-0.00500127375,-0.2,0.00901819766,0.0604860507
439,17471431,0.233520254,-0.102858335,-0.0167247746,0.0427478813,0.033633206,-0.0619523935,-0.150249228,-0.0333908089,-0.158551767,-0.0537346862,0.161265641,-0.113909081,0.0186816204,-0.00822866678,-0.207526149,-0.180763453,0.00269065648,-0.00495619148,0.2,0.2,-0.0817103535,-0.0607469372,0.0129012513,-0.00911272645,0.0186816204,0.207526149,0.00269065648,0.2,0.0817103535,0.0129012513,0.00822866678,-0.180763453,-0.00495619148,-0.2,0.00911272645,0.0607469372
440,17490833,0.232822761,-0.100390196,-0.0160946604,0.0419528671,0.0369647592,-0.0600984916,-0.151449025,-0.0349331386,-0.161654785,-0.0552128255,0.162416384,-0.113920614,0.0186258209,-0.00803121567,-0.207242597,-0.18112121,0.00295718074,-0.00480787933,0.2,0.2,-0.0823309571,-0.0610425651,0.0129933107,-0.00911364913,0.0186258209,0.207242597,0.00295718074,0.2,0.0823309571,0.0129933107,0.00803121567,-0.18112121,-0.00480787933,-0.2,0.00911364913,0.0610425651
441,17511618,0.231055319,-0.0986592919,-0.014201981,0.0409427322,0.0419454686,-0.0557088703,-0.150905892,-0.0359643362,-0.1624486,-0.055440288,0.162147224,-0.113470733,0.0184844255,-0.00789274335,-0.206390891,-0.18157577,0.00335563749,-0.00445670962,0.2,0.2,-0.08248972,-0.0610880576,0.0129717779,-0.00907765865,0.0184844255,0.206390891,0.00335563749,0.2,0.08248972,0.0129717779,0.00789274335,-0.18157577,-0.00445670962,-0.2,0.00907765865,0.0610880576
442,17530594,0.228135511,-0.0984128267,-0.0122607201,0.0400643051,0.047378663,-0.0497249104,-0.15174295,-0.0382824503,-0.164029837,-0.057674218,0.165584102,-0.111416735,0.0182508409,-0.00787302613,-0.205517324,-0.181971063,0.00379029304,-0.00397799283,0.2,0.2,-0.0828059673,-0.0615348436,0.0132467282,-0.00891333878,0.0182508409,0.205517324,0.00379029304,0.2,0.0828059673,0.0132467282,0.00787302613,-0.181971063,-0.00397799283,-0.2,0.00891333878,0.0615348436
443,17553372,0.224808291,-0.0965633392,-0.0100075826,0.038951423,0.0525701009,-0.0435009077,-0.153686404,-0.0399997905,-0.167427912,-0.0599863045,0.165996447,-0.111580476,0.0179846632,-0.00772506714,-0.204503412,-0.18247186,0.00420560807,-0.00348007262,0.2,0.2,-0.0834855825,-0.0619972609,0.0132797158,-0.00892643809,0.0179846632,0.204503412,0.00420560807,0.2,0.0834855825,0.0132797158,0.00772506714,-0.18247186,-0.00348007262,-0.2,0.00892643809,0.0619972609
444,17568951,0.221474335,-0.0949656442,-0.00900402199,0.0387085341,0.0572096705,-0.0381714031,-0.154492676,-0.0410298146,-0.169025823,-0.0609887019,0.166953489,-0.111789152,0.0177179468,-0.00759725153,-0.20405181,-0.18258116,0.00457677364,-0.00305371225,0.2,0.2,-0.0838051647,-0.0621977404,0.0133562791,-0.00894313216,0.0177179468,0.20405181,0.00457677364,0.2,0.0838051647,0.0133562791,0.00759725153,-0.18258116,-0.00305371225,-0.2,0.00894313216,0.0621977404
445,17598536,0.218741566,-0.0938376561,-0.00752284657,0.0384074338,0.0615330487,-0.0328287706,-0.152927697,-0.0405205674,-0.167840928,-0.0594024584,0.164585188,-0.112270385,0.0174993253,-0.00750701249,-0.203385281,-0.182716655,0.0049226439,-0.00262630165,0.2,0.2,-0.0835681856,-0.0618804917,0.013166815,-0.0089816308,0.0174993253,0.203385281,0.0049226439,0.2,0.0835681856,0.013166815,0.00750701249,-0.182716655,-0.00262630165,-0.2,0.0089816308,0.0618804917
446,17608861,0.216148809,-0.0925718993,-0.00687928125,0.0382855162,0.064391762,-0.0290379468,-0.15345183,-0.0402393788,-0.16734083,-0.0587503612,0.164878637,-0.112301484,0.0172919047,-0.00740575194,-0.203095677,-0.182771518,0.00515134096,-0.00232303575,0.2,0.2,-0.083468166,-0.0617500722,0.0131902909,-0.0089841187,0.0172919047,0.203095677,0.00515134096,0.2,0.083468166,0.0131902909,0.00740575194,-0.182771518,-0.00232303575,-0.2,0.0089841187,0.0617500722
447,17632530,0.213699624,-0.0920128822,-0.00630039535,0.0377484895,0.0668989196,-0.0256393272,-0.153801486,-0.0413698591,-0.167874008,-0.0594990738,0.167224348,-0.111273758,0.0170959699,-0.00736103058,-0.202835178,-0.18301318,0.00535191357,-0.00205114618,0.2,0.2,-0.0835748017,-0.0618998148,0.0133779478,-0.00890190065,0.0170959699,0.202835178,0.00535191357,0.2,0.0835748017,0.0133779478,0.00736103058,-0.18301318,-0.00205114618,-0.2,0.00890190065,0.0618998148
448,17649810,0.211213246,-0.0922260359,-0.00586649263,0.0370978974,0.0683574602,-0.0235114656,-0.153202623,-0.0419191867,-0.168203056,-0.0599102862,0.166076675,-0.111029439,0.0168970597,-0.00737808287,-0.202639922,-0.183305946,0.00546859682,-0.00188091725,0.2,0.2,-0.0836406112,-0.0619820572,0.013286134,-0.00888235509,0.0168970597,0.202639922,0.00546859682,0.2,0.0836406112,0.013286134,0.00737808287,-0.183305946,-0.00188091725,-0.2,0.00888235509,0.0619820572
449,17673230,0.208182335,-0.093873173,-0.00542872678,0.0364196599,0.069481574,-0.0215672217,-0.152114466,-0.0429474823,-0.169179842,-0.0611778013,0.164557457,-0.110207625,0.0166545868,-0.00750985384,-0.202442927,-0.183611153,0.00555852592,-0.00172537774,0.2,0.2,-0.0838359684,-0.0622355603,0.0131645966,-0.00881660998,0.0166545868,0.202442927,0.00555852592,0.2,0.0838359684,0.0131645966,0.00750985384,-0.183611153,-0.00172537774,-0.2,0.00881660998,0.0622355603
450,17697824,0.205105275,-0.0946632028,-0.00490047876,0.035674274,0.0701011792,-0.0208887402,-0.151547268,-0.0438994132,-0.168846905,-0.0626168251,0.164271787,-0.109081179,0.016408422,-0.00757305622,-0.202205215,-0.183946577,0.00560809433,-0.00167109922,0.2,0.2,-0.083769381,-0.062523365,0.0131417429,-0.00872649431,0.016408422,0.202205215,0.00560809433,0.2,0.083769381,0.0131417429,0.00757305622,-0.183946577,-0.00167109922,-0.2,0.00872649431,0.062523365
451,17714004,0.201828673,-0.0965251774,-0.0038171513,0.0350848138,0.0702999234,-0.0207781065,-0.150151163,-0.0449541286,-0.165845349,-0.064116329,0.167708203,-0.107782863,0.0161462939,-0.00772201419,-0.201717718,-0.184211834,0.00562399387,-0.00166224852,0.2,0.2,-0.0831690699,-0.0628232658,0.0134166563,-0.00862262905,0.0161462939,0.201717718,0.00562399387,0.2,0.0831690699,0.0134166563,0.00772201419,-0.184211834,-0.00166224852,-0.2,0.00862262905,0.0628232658
452,17728442,0.198876664,-0.0984771177,-0.00229410105,0.0338661112,0.0701329857,-0.0207483154,-0.148322463,-0.0457964204,-0.162478387,-0.0652412176,0.168056548,-0.107166864,0.0159101331,-0.00787816942,-0.201032345,-0.18476025,0.00561063886,-0.00165986523,0.2,0.2,-0.0824956775,-0.0630482435,0.0134445238,-0.00857334912,0.0159101331,0.201032345,0.00561063886,0.2,0.0824956775,0.0134445238,0.00787816942,-0.18476025,-0.00165986523,-0.2,0.00857334912,0.0630482435
453,17752455,0.196035042,-0.100449078,-0.00121102959,0.0331719853,0.0693817064,-0.0214036684,-0.14727357,-0.0466302596,-0.159250617,-0.0667743981,0.169634387,-0.106481202,0.0156828034,-0.00803592622,-0.200544963,-0.185072607,0.00555053651,-0.00171229348,0.2,0.2,-0.0818501234,-0.0633548796,0.013570751,-0.00851849616,0.0156828034,0.200544963,0.00555053651,0.2,0.0818501234,0.013570751,0.00803592622,-0.185072607,-0.00171229348,-0.2,0.00851849616,0.0633548796
454,17775333,0.193997666,-0.101337954,2.04541957e-05,0.0327381417,0.0684234351,-0.0220760014,-0.146706045,-0.0468206778,-0.156475231,-0.0679387897,0.170964256,-0.106810354,0.0155198133,-0.00810703635,-0.199990796,-0.185267836,0.00547387481,-0.00176608011,0.2,0.2,-0.0812950462,-0.0635877579,0.0136771405,-0.0085448283,0.0155198133,0.199990796,0.00547387481,0.2,0.0812950462,0.0136771405,0.00810703635,-0.185267836,-0.00176608011,-0.2,0.0085448283,0.0635877579
455,17790247,0.192604691,-0.101694159,-4.25035023e-06,0.0323725231,0.0672170445,-0.0231777634,-0.145915076,-0.0465971567,-0.155264273,-0.0683267862,0.167872861,-0.107651159,0.0154083753,-0.00813553274,-0.200001913,-0.185432365,0.00537736356,-0.00185422108,0.2,0.2,-0.0810528547,-0.0636653572,0.0134298289,-0.00861209273,0.0154083753,0.200001913,0.00537736356,0.2,0.0810528547,0.0134298289,0.00813553274,-0.185432365,-0.00185422108,-0.2,0.00861209273,0.0636653572
456,17810722,0.191703111,-0.103533402,-0.000982917962,0.032656692,0.0656140372,-0.024460366,-0.14587456,-0.0469763651,-0.15518342,-0.0697879493,0.168330669,-0.107241474,0.0153362489,-0.00828267217,-0.200442313,-0.185304489,0.00524912298,-0.00195682928,0.2,0.2,-0.0810366839,-0.0639575899,0.0134664536,-0.00857931793,0.0153362489,0.200442313,0.00524912298,0.2,0.0810366839,0.0134664536,0.00828267217,-0.185304489,-0.00195682928,-0.2,0.00857931793,0.0639575899
457,17838875,0.192262486,-0.104308836,-0.00209038774,0.033401493,0.0630401969,-0.0270659626,-0.145094469,-0.0456456244,-0.15267323,-0.069010146,0.167706311,-0.108077243,0.0153809988,-0.00834470689,-0.200940674,-0.184969328,0.00504321575,-0.002165277,0.2,0.2,-0.0805346459,-0.0638020292,0.0134165049,-0.00864617944,0.0153809988,0.200940674,0.00504321575,0.2,0.0805346459,0.0134165049,0.00834470689,-0.184969328,-0.002165277,-0.2,0.00864617944,0.0638020292
458,17848290,0.19393684,-0.105513938,-0.00401376514,0.0345902704,0.0592568964,-0.0311923791,-0.144077793,-0.043818716,-0.149853349,-0.0670721382,0.165186703,-0.108703181,0.0155149472,-0.00844111502,-0.201806194,-0.184434378,0.00474055171,-0.00249539033,0.2,0.2,-0.0799706697,-0.0634144276,0.0132149363,-0.00869625449,0.0155149472,0.201806194,0.00474055171,0.2,0.0799706697,0.0132149363,0.00844111502,-0.184434378,-0.00249539033,-0.2,0.00869625449,0.0634144276
459,17869888,0.195859537,-0.107773989,-0.00557277445,0.0354157723,0.0553872697,-0.0352070183,-0.144086927,-0.0433221012,-0.148786485,-0.0670283213,0.166845009,-0.107896172,0.0156687629,-0.00862191916,-0.202507749,-0.184062902,0.00443098158,-0.00281656146,0.2,0.2,-0.079757297,-0.0634056643,0.0133476007,-0.00863169372,0.0156687629,0.202507749,0.00443098158,0.2,0.079757297,0.0133476007,0.00862191916,-0.184062902,-0.00281656146,-0.2,0.00863169372,0.0634056643
460,17889197,0.198289678,-0.108214147,-0.00736578647,0.0358598344,0.0512606092,-0.0399172492,-0.144567445,-0.0427027047,-0.15008451,-0.0671538115,0.163119867,-0.108896933,0.0158631742,-0.00865713179,-0.203314604,-0.183863075,0.00410084873,-0.00319337994,0.2,0.2,-0.0800169021,-0.0634307623,0.0130495894,-0.00871175468,0.0158631742,0.203314604,0.00410084873,0.2,0.0800169021,0.0130495894,0.00865713179,-0.183863075,-0.00319337994,-0.2,0.00871175468,0.0634307623
461,17912023,0.200405926,-0.109325126,-0.00960761867,0.0359999686,0.0480616391,-0.0441878885,-0.144475237,-0.0425395183,-0.15375337,-0.0675751343,0.15526548,-0.109939657,0.016032474,-0.00874601007,-0.204323428,-0.183800014,0.00384493113,-0.00353503108,0.2,0.2,-0.080750674,-0.0635150269,0.0124212384,-0.00879517257,0.016032474,0.204323428,0.00384493113,0.2,0.080750674,0.0124212384,0.00874601007,-0.183800014,-0.00353503108,-0.2,0.00879517257,0.0635150269
462,17934038,0.202132344,-0.110608332,-0.0124541949,0.036660146,0.0453383811,-0.0484484024,-0.145456508,-0.043294847,-0.157638699,-0.069750458,0.152818426,-0.109544449,0.0161705875,-0.00884866655,-0.205604388,-0.183502934,0.00362707049,-0.00387587219,0.2,0.2,-0.0815277398,-0.0639500916,0.0122254741,-0.00876355588,0.0161705875,0.205604388,0.00362707049,0.2,0.0815277398,0.0122254741,0.00884866655,-0.183502934,-0.00387587219,-0.2,0.00876355588,0.0639500916
463,17948874,0.202989355,-0.111292951,-0.0132998666,0.0370010398,0.0433666632,-0.0527123474,-0.146075532,-0.0439905077,-0.157981396,-0.0717057064,0.155612513,-0.108947791,0.0162391484,-0.00890343606,-0.20598494,-0.183349532,0.00346933305,-0.00421698779,0.2,0.2,-0.0815962791,-0.0643411413,0.0124490011,-0.00871582329,0.0162391484,0.20598494,0.00346933305,0.2,0.0815962791,0.0124490011,0.00890343606,-0.183349532,-0.00421698779,-0.2,0.00871582329,0.0643411413
464,17976631,0.204584733,-0.112459332,-0.0143557265,0.0370560102,0.0415565521,-0.0561451688,-0.145460144,-0.0443491712,-0.158762559,-0.0727352127,0.15196766,-0.109329574,0.0163667786,-0.00899674654,-0.206460077,-0.183324795,0.00332452416,-0.00449161351,0.2,0.2,-0.0817525119,-0.0645470425,0.0121574128,-0.0087463659,0.0163667786,0.206460077,0.00332452416,0.2,0.0817525119,0.0121574128,0.00899674654,-0.183324795,-0.00449161351,-0.2,0.0087463659,0.0645470425
465,17995391,0.206112012,-0.113163017,-0.0147895897,0.0367351621,0.0406826623,-0.0573548526,-0.145374447,-0.044001516,-0.16243571,-0.0731608421,0.142490223,-0.111142926,0.016488961,-0.00905304134,-0.206655315,-0.183469177,0.00325461298,-0.0045883882,0.2,0.2,-0.0824871421,-0.0646321684,0.0113992178,-0.00889143407,0.016488961,0.206655315,0.00325461298,0.2,0.0824871421,0.0113992178,0.00905304134,-0.183469177,-0.0045883882,-0.2,0.00889143407,0.0646321684
466,18008914,0.206390992,-0.112332836,-0.0147143509,0.0364370346,0.0415440314,-0.056940943,-0.14593178,-0.0440404601,-0.165597171,-0.0732309297,0.135251373,-0.112925224,0.0165112793,-0.00898662686,-0.206621458,-0.183603334,0.00332352251,-0.00455527544,0.2,0.2,-0.0831194341,-0.0646461859,0.0108201098,-0.00903401792,0.0165112793,0.206621458,0.00332352251,0.2,0.0831194341,0.0108201098,0.00898662686,-0.183603334,-0.00455527544,-0.2,0.00903401792,0.0646461859
467,18029897,0.205163822,-0.111775063,-0.014289733,0.0359796062,0.0439364128,-0.0558137521,-0.146833301,-0.0457041934,-0.167357355,-0.0746715516,0.134993106,-0.112609886,0.0164131057,-0.00894200504,-0.20643038,-0.183809177,0.00351491302,-0.00446510017,0.2,0.2,-0.0834714711,-0.0649343103,0.0107994485,-0.00900879085,0.0164131057,0.20643038,0.00351491302,0.2,0.0834714711,0.0107994485,0.00894200504,-0.183809177,-0.00446510017,-0.2,0.00900879085,0.0649343103
468,18051321,0.203936964,-0.112806164,-0.0131526869,0.0356560573,0.0468064435,-0.0542667992,-0.146797463,-0.0475891568,-0.16496481,-0.0762162507,0.142379105,-0.110242188,0.0163149571,-0.0090244931,-0.205918709,-0.183954774,0.00374451548,-0.00434134394,0.2,0.2,-0.082992962,-0.0652432501,0.0113903284,-0.00881937504,0.0163149571,0.205918709,0.00374451548,0.2,0.082992962,0.0113903284,0.0090244931,-0.183954774,-0.00434134394,-0.2,0.00881937504,0.0652432501
469,18072802,0.203000143,-0.112979032,-0.01149703,0.0351244546,0.0483887009,-0.0529783629,-0.147548869,-0.0489199124,-0.163203254,-0.0781122223,0.147708893,-0.110016413,0.0162400115,-0.00903832257,-0.205173664,-0.184193995,0.00387109607,-0.00423826903,0.2,0.2,-0.0826406509,-0.0656224445,0.0118167114,-0.00880131304,0.0162400115,0.205173664,0.00387109607,0.2,0.0826406509,0.0118167114,0.00903832257,-0.184193995,-0.00423826903,-0.2,0.00880131304,0.0656224445
470,18095325,0.201093107,-0.112127237,-0.00965985842,0.0339976214,0.0503471009,-0.0509711169,-0.148524076,-0.0498377308,-0.165378764,-0.0800530836,0.145299271,-0.110148691,0.0160874486,-0.00897017896,-0.204346936,-0.18470107,0.00402776808,-0.00407768935,0.2,0.2,-0.0830757529,-0.0660106167,0.0116239417,-0.00881189525,0.0160874486,0.204346936,0.00402776808,0.2,0.0830757529,0.0116239417,0.00897017896,-0.18470107,-0.00407768935,-0.2,0.00881189525,0.0660106167
471,18109338,0.199945614,-0.110010773,-0.00850937143,0.0340430774,0.0528162755,-0.0482491218,-0.149210572,-0.0495088138,-0.167055681,-0.0799911097,0.142856807,-0.112389795,0.0159956491,-0.00880086184,-0.203829217,-0.184680615,0.00422530204,-0.00385992974,0.2,0.2,-0.0834111363,-0.0659982219,0.0114285445,-0.00899118364,0.0159956491,0.203829217,0.00422530204,0.2,0.0834111363,0.0114285445,0.00880086184,-0.184680615,-0.00385992974,-0.2,0.00899118364,0.0659982219
472,18136892,0.198960483,-0.107342906,-0.00706027867,0.0345357172,0.055773139,-0.0455922969,-0.149533778,-0.0484610945,-0.165116549,-0.0783010349,0.146312758,-0.112678863,0.0159168386,-0.0085874325,-0.203177125,-0.184458927,0.00446185112,-0.00364738375,0.2,0.2,-0.0830233097,-0.065660207,0.0117050207,-0.00901430905,0.0159168386,0.203177125,0.00446185112,0.2,0.0830233097,0.0117050207,0.0085874325,-0.184458927,-0.00364738375,-0.2,0.00901430905,0.065660207
473,18149223,0.199366525,-0.104993008,-0.00560005009,0.0348991714,0.0583513565,-0.0430363342,-0.150197744,-0.0475228168,-0.162004113,-0.0759850666,0.151764661,-0.113338232,0.015949322,-0.00839944065,-0.202520023,-0.184295373,0.00466810852,-0.00344290674,0.2,0.2,-0.0824008226,-0.0651970133,0.0121411729,-0.00906705856,0.015949322,0.202520023,0.00466810852,0.2,0.0824008226,0.0121411729,0.00839944065,-0.184295373,-0.00344290674,-0.2,0.00906705856,0.0651970133
474,18177461,0.200516537,-0.103337355,-0.00540452823,0.0348729081,0.0606738888,-0.0396098755,-0.150243446,-0.0463927388,-0.162973627,-0.0735998303,0.148118362,-0.113780916,0.0160413229,-0.0082669884,-0.202432038,-0.184307191,0.0048539111,-0.00316879004,0.2,0.2,-0.0825947255,-0.0647199661,0.0118494689,-0.00910247326,0.0160413229,0.202432038,0.0048539111,0.2,0.0825947255,0.0118494689,0.0082669884,-0.184307191,-0.00316879004,-0.2,0.00910247326,0.0647199661
475,18188083,0.201025382,-0.101597145,-0.00583799928,0.0353497155,0.062673904,-0.0363072939,-0.150509641,-0.0452669635,-0.165796727,-0.0713542402,0.142439783,-0.114780724,0.0160820305,-0.00812777162,-0.2026271,-0.184092628,0.00501391232,-0.00290458351,0.2,0.2,-0.0831593454,-0.064270848,0.0113951826,-0.00918245792,0.0160820305,0.2026271,0.00501391232,0.2,0.0831593454,0.0113951826,0.00812777162,-0.184092628,-0.00290458351,-0.2,0.00918245792,0.064270848
476,18210488,0.199255809,-0.101224475,-0.00630071247,0.035403017,0.0647096559,-0.0338492617,-0.152207434,-0.0472604819,-0.169378966,-0.073561728,0.146735206,-0.112943538,0.0159404647,-0.00809795797,-0.202835321,-0.184068642,0.00517677248,-0.00270794094,0.2,0.2,-0.0838757932,-0.0647123456,0.0117388165,-0.009035483,0.0159404647,0.202835321,0.00517677248,0.2,0.0838757932,0.0117388165,0.00809795797,-0.184068642,-0.00270794094,-0.2,0.009035483,0.0647123456
477,18228393,0.197001144,-0.101485707,-0.00575622963,0.0352362394,0.0663939267,-0.0326754153,-0.15166752,-0.0488610864,-0.168364957,-0.0751447976,0.152441397,-0.110720865,0.0157600915,-0.00811885655,-0.202590303,-0.184143692,0.00531151414,-0.00261403322,0.2,0.2,-0.0836729914,-0.0650289595,0.0121953118,-0.00885766923,0.0157600915,0.202590303,0.00531151414,0.2,0.0836729914,0.0121953118,0.00811885655,-0.184143692,-0.00261403322,-0.2,0.00885766923,0.0650289595
478,18250833,0.194395676,-0.103981398,-0.00421942538,0.033938583,0.0678582042,-0.0310460553,-0.148440331,-0.0495060682,-0.165242583,-0.0753261894,0.151795864,-0.109108225,0.0155516541,-0.00831851184,-0.201898741,-0.184727638,0.00542865634,-0.00248368442,0.2,0.2,-0.0830485165,-0.0650652379,0.0121436691,-0.00872865796,0.0155516541,0.201898741,0.00542865634,0.2,0.0830485165,0.0121436691,0.00831851184,-0.184727638,-0.00248368442,-0.2,0.00872865796,0.0650652379
479,18268418,0.190666273,-0.105346777,-0.00294505316,0.0320580341,0.0687165484,-0.0296755917,-0.147503644,-0.0510233864,-0.165461406,-0.0774611831,0.147587851,-0.108460359,0.0152533019,-0.00842774212,-0.201325274,-0.185573885,0.00549732387,-0.00237404734,0.2,0.2,-0.0830922812,-0.0654922366,0.0118070281,-0.00867682874,0.0152533019,0.201325274,0.00549732387,0.2,0.0830922812,0.0118070281,0.00842774212,-0.185573885,-0.00237404734,-0.2,0.00867682874,0.0654922366
480,18289206,0.185237363,-0.106282659,-0.00124840671,0.0302277505,0.0699247792,-0.0286609102,-0.147957593,-0.0540285371,-0.16610083,-0.0820910782,0.151108488,-0.107096694,0.014818989,-0.00850261271,-0.200561783,-0.186397512,0.00559398234,-0.00229287282,0.2,0.2,-0.083220166,-0.0664182156,0.0120886791,-0.00856773555,0.014818989,0.200561783,0.00559398234,0.2,0.083220166,0.0120886791,0.00850261271,-0.186397512,-0.00229287282,-0.2,0.00856773555,0.0664182156
481,18309276,0.18029575,-0.10771846,0.00137889828,0.0283491239,0.0719189495,-0.0272337329,-0.146021977,-0.0561141521,-0.163340524,-0.0846297964,0.153436959,-0.105698727,0.01442366,-0.00861747682,-0.199379496,-0.187242894,0.00575351596,-0.00217869863,0.2,0.2,-0.0826681048,-0.0669259593,0.0122749567,-0.00845589817,0.01442366,0.199379496,0.00575351596,0.2,0.0826681048,0.0122749567,0.00861747682,-0.187242894,-0.00217869863,-0.2,0.00845589817,0.0669259593
482,18341783,0.177208766,-0.109512627,0.00296150567,0.0272275358,0.0733760223,-0.0250265114,-0.144120485,-0.0562958308,-0.162375361,-0.0852933899,0.148266047,-0.106560364,0.0141767013,-0.00876101017,-0.198667322,-0.187747609,0.00587008178,-0.00200212091,0.2,0.2,-0.0824750721,-0.067058678,0.0118612838,-0.00852482915,0.0141767013,0.198667322,0.00587008178,0.2,0.0824750721,0.0118612838,0.00876101017,-0.187747609,-0.00200212091,-0.2,0.00852482915,0.067058678
483,18348850,0.175490022,-0.109945968,0.00376243726,0.0270478427,0.0744424239,-0.0223482456,-0.143381849,-0.055179771,-0.16260013,-0.0848978758,0.142312869,-0.108131781,0.0140392017,-0.00879567742,-0.198306903,-0.187828471,0.00595539391,-0.00178785965,0.2,0.2,-0.082520026,-0.0669795752,0.0113850296,-0.0086505425,0.0140392017,0.198306903,0.00595539391,0.2,0.082520026,0.0113850296,0.00879567742,-0.187828471,-0.00178785965,-0.2,0.0086505425,0.0669795752
484,18368155,0.174939543,-0.109111518,0.0035425555,0.0281480234,0.0741622299,-0.0220355131,-0.143529028,-0.0534667,-0.159270868,-0.083064355,0.14412573,-0.108894832,0.0139951634,-0.00872892141,-0.19840585,-0.187333389,0.00593297839,-0.00176284105,0.2,0.2,-0.0818541735,-0.066612871,0.0115300584,-0.00871158659,0.0139951634,0.19840585,0.00593297839,0.2,0.0818541735,0.0115300584,0.00872892141,-0.187333389,-0.00176284105,-0.2,0.00871158659,0.066612871
485,18390355,0.176244423,-0.109320678,0.00376604754,0.0295628514,0.0733897984,-0.0224995222,-0.143817469,-0.0520203039,-0.154952511,-0.0804292187,0.150801659,-0.107814938,0.0140995538,-0.00874565423,-0.198305279,-0.186696717,0.00587118387,-0.00179996178,0.2,0.2,-0.0809905022,-0.0660858437,0.0120641327,-0.00862519503,0.0140995538,0.198305279,0.00587118387,0.2,0.0809905022,0.0120641327,0.00874565423,-0.186696717,-0.00179996178,-0.2,0.00862519503,0.0660858437
486,18413267,0.180028975,-0.109782867,0.00258813496,0.0312874615,0.0709226727,-0.0247390624,-0.143371806,-0.0494698286,-0.15043588,-0.0759982467,0.153145298,-0.107520908,0.014402318,-0.00878262937,-0.198835339,-0.185920642,0.00567381382,-0.00197912499,0.2,0.2,-0.080087176,-0.0651996493,0.0122516239,-0.00860167265,0.014402318,0.198835339,0.00567381382,0.2,0.080087176,0.0122516239,0.00878262937,-0.185920642,-0.00197912499,-0.2,0.00860167265,0.0651996493
487,18432058,0.184749037,-0.109103784,0.000506849785,0.0329078287,0.0673320889,-0.0273308996,-0.144485936,-0.0465259627,-0.151504129,-0.0724576116,0.148464471,-0.109033458,0.014779923,-0.00872830272,-0.199771918,-0.185191477,0.00538656712,-0.00218647197,0.2,0.2,-0.0803008258,-0.0644915223,0.0118771577,-0.00872267663,0.014779923,0.199771918,0.00538656712,0.2,0.0803008258,0.0118771577,0.00872830272,-0.185191477,-0.00218647197,-0.2,0.00872267663,0.0644915223
488,18448468,0.190855429,-0.107288666,-0.00350418035,0.0358483717,0.0630787462,-0.0312489439,-0.146893039,-0.0431058928,-0.155611709,-0.0690223575,0.144500911,-0.111247435,0.0152684343,-0.00858309329,-0.201576881,-0.183868233,0.0050462997,-0.00249991551,0.2,0.2,-0.0811223418,-0.0638044715,0.0115600729,-0.00889979482,0.0152684343,0.201576881,0.0050462997,0.2,0.0811223418,0.0115600729,0.00858309329,-0.183868233,-0.00249991551,-0.2,0.00889979482,0.0638044715
489,18487425,0.198539555,-0.105462514,-0.00795851834,0.0394845195,0.0588099062,-0.0358614847,-0.14647679,-0.0387894996,-0.155632883,-0.0624706745,0.141049296,-0.113287926,0.0158831644,-0.00843700111,-0.203581333,-0.182231966,0.0047047925,-0.00286891878,0.2,0.2,-0.0811265767,-0.0624941349,0.0112839437,-0.00906303406,0.0158831644,0.203581333,0.0047047925,0.2,0.0811265767,0.0112839437,0.00843700111,-0.182231966,-0.00286891878,-0.2,0.00906303406,0.0624941349
490,18491976,0.20630601,-0.105407931,-0.0121886702,0.0425523557,0.054019779,-0.0405206531,-0.145703271,-0.0356055237,-0.155314177,-0.0568270013,0.138668537,-0.113351434,0.0165044808,-0.00843263447,-0.205484902,-0.18085144,0.00432158232,-0.00324165225,0.2,0.2,-0.0810628355,-0.0613654003,0.011093483,-0.00906811476,0.0165044808,0.205484902,0.00432158232,0.2,0.0810628355,0.011093483,0.00843263447,-0.18085144,-0.00324165225,-0.2,0.00906811476,0.0613654003
491,18508204,0.212137535,-0.106253825,-0.0143895783,0.0431413427,0.0505279638,-0.0433365665,-0.146042943,-0.0350971222,-0.159304813,-0.0550894514,0.135103002,-0.112702876,0.0169710028,-0.00850030601,-0.20647531,-0.180586396,0.0040422371,-0.00346692532,0.2,0.2,-0.0818609625,-0.0610178903,0.0108082402,-0.00901623011,0.0169710028,0.20647531,0.0040422371,0.2,0.0818609625,0.0108082402,0.00850030601,-0.180586396,-0.00346692532,-0.2,0.00901623011,0.0610178903
492,18530196,0.216013744,-0.107702129,-0.0173452795,0.0443975776,0.0469775386,-0.048295673,-0.146540716,-0.0362373032,-0.160001919,-0.0560051352,0.139119565,-0.110465392,0.0172810996,-0.00861617029,-0.207805376,-0.18002109,0.00375820309,-0.00386365384,0.2,0.2,-0.0820003837,-0.061201027,0.0111295652,-0.0088372314,0.0172810996,0.207805376,0.00375820309,0.2,0.0820003837,0.0111295652,0.00861617029,-0.18002109,-0.00386365384,-0.2,0.0088372314,0.061201027
493,18553912,0.218738303,-0.109378517,-0.0182817429,0.0451775044,0.0434735641,-0.0534472466,-0.146263063,-0.0373062305,-0.159282118,-0.0577202737,0.143777475,-0.108569905,0.0174990642,-0.00875028133,-0.208226784,-0.179670123,0.00347788513,-0.00427577972,0.2,0.2,-0.0818564236,-0.0615440547,0.011502198,-0.00868559241,0.0174990642,0.208226784,0.00347788513,0.2,0.0818564236,0.011502198,0.00875028133,-0.179670123,-0.00427577972,-0.2,0.00868559241,0.0615440547
494,18569904,0.220845476,-0.109678365,-0.0166051034,0.0442708172,0.041608084,-0.0565653034,-0.14487426,-0.0370604284,-0.157353953,-0.057371866,0.142425254,-0.108539663,0.0176676381,-0.00877426922,-0.207472297,-0.180078132,0.00332864672,-0.00452522427,0.2,0.2,-0.0814707905,-0.0614743732,0.0113940203,-0.00868317306,0.0176676381,0.207472297,0.00332864672,0.2,0.0814707905,0.0113940203,0.00877426922,-0.180078132,-0.00452522427,-0.2,0.00868317306,0.0614743732
495,18597160,0.221327186,-0.109328575,-0.0153018078,0.0431353711,0.0414283872,-0.0572790578,-0.144661009,-0.038677264,-0.156832591,-0.0591488145,0.143598929,-0.108273715,0.0177061749,-0.00874628603,-0.206885814,-0.180589083,0.00331427097,-0.00458232462,0.2,0.2,-0.0813665181,-0.0618297629,0.0114879143,-0.00866189718,0.0177061749,0.206885814,0.00331427097,0.2,0.0813665181,0.0114879143,0.00874628603,-0.180589083,-0.00458232462,-0.2,0.00866189718,0.0618297629
496,18610611,0.22102648,-0.106449828,-0.0127681782,0.0414642133,0.0436634719,-0.0551207252,-0.146582484,-0.0402841531,-0.158805355,-0.0616594516,0.146246135,-0.108300887,0.0176821184,-0.0085159862,-0.20574568,-0.181341104,0.00349307775,-0.00440965801,0.2,0.2,-0.0817610711,-0.0623318903,0.0116996908,-0.00866407096,0.0176821184,0.20574568,0.00349307775,0.2,0.0817610711,0.0116996908,0.0085159862,-0.181341104,-0.00440965801,-0.2,0.00866407096,0.0623318903
497,18631390,0.220810294,-0.104115672,-0.0109930225,0.0411618575,0.0468502305,-0.0518994704,-0.144989923,-0.0403466001,-0.155564934,-0.0608140603,0.149125382,-0.108890362,0.0176648235,-0.00832925379,-0.20494686,-0.181477164,0.00374801844,-0.00415195763,0.2,0.2,-0.0811129868,-0.0621628121,0.0119300306,-0.00871122897,0.0176648235,0.20494686,0.00374801844,0.2,0.0811129868,0.0119300306,0.00832925379,-0.181477164,-0.00415195763,-0.2,0.00871122897,0.0621628121
498,18656505,0.219742939,-0.10167674,-0.00669433642,0.0396600999,0.052118443,-0.0446326695,-0.143863067,-0.0401555225,-0.15377152,-0.0596365407,0.149708748,-0.109634973,0.0175794351,-0.00813413918,-0.203012451,-0.182152955,0.00416947544,-0.00357061356,0.2,0.2,-0.0807543039,-0.0619273081,0.0119766998,-0.00877079785,0.0175794351,0.203012451,0.00416947544,0.2,0.0807543039,0.0119766998,0.00813413918,-0.182152955,-0.00357061356,-0.2,0.00877079785,0.0619273081
499,18670427,0.217805907,-0.0994075537,-0.00503930449,0.039210856,0.0568500087,-0.0383485518,-0.145694956,-0.0412853919,-0.153383508,-0.0604385808,0.155131355,-0.109389633,0.0174244726,-0.00795260429,-0.202267687,-0.182355115,0.00454800069,-0.00306788415,0.2,0.2,-0.0806767017,-0.0620877162,0.0124105084,-0.00875117064,0.0174244726,0.202267687,0.00454800069,0.2,0.0806767017,0.0124105084,0.00795260429,-0.182355115,-0.00306788415,-0.2,0.00875117064,0.0620877162
500,18689191,0.214450851,-0.0977341607,-0.00361544732,0.0382785499,0.0615188591,-0.0319671445,-0.146117419,-0.0431508943,-0.153436869,-0.061664626,0.15913634,-0.108948417,0.0171560681,-0.00781873286,-0.201626951,-0.182774653,0.00492150873,-0.00255737156,0.2,0.2,-0.0806873739,-0.0623329252,0.0127309072,-0.00871587336,0.0171560681,0.201626951,0.00492150873,0.2,0.0806873739,0.0127309072,0.00781873286,-0.182774653,-0.00255737156,-0.2,0.00871587336,0.0623329252
501,18710645,0.209147558,-0.0987610966,-0.00329820137,0.0371310376,0.0650283769,-0.0276835021,-0.146658659,-0.0457670465,-0.154400215,-0.0645105466,0.162922651,-0.106473252,0.0167318046,-0.00790088773,-0.201484191,-0.183291033,0.00520227015,-0.00221468017,0.2,0.2,-0.0808800429,-0.0629021093,0.013033812,-0.00851786017,0.0167318046,0.201484191,0.00520227015,0.2,0.0808800429,0.013033812,0.00790088773,-0.183291033,-0.00221468017,-0.2,0.00851786017,0.0629021093
502,18729183,0.205131203,-0.0995382294,-0.0019885276,0.0366080776,0.0674967766,-0.0240246188,-0.145675451,-0.0456947535,-0.15298374,-0.0652241185,0.164992481,-0.106959313,0.0164104962,-0.00796305835,-0.200894837,-0.183526365,0.00539974213,-0.0019219695,0.2,0.2,-0.080596748,-0.0630448237,0.0131993985,-0.00855674505,0.0164104962,0.200894837,0.00539974213,0.2,0.080596748,0.0131993985,0.00796305835,-0.183526365,-0.0019219695,-0.2,0.00855674505,0.0630448237
503,18751887,0.201638997,-0.0997498035,-0.00180013524,0.0363100395,0.0677358806,-0.0230510999,-0.146136746,-0.0459761731,-0.151771352,-0.0666612238,0.16825515,-0.107061543,0.0161311197,-0.00797998428,-0.200810061,-0.183660482,0.00541887045,-0.00184408799,0.2,0.2,-0.0803542703,-0.0633322448,0.013460412,-0.00856492341,0.0161311197,0.200810061,0.00541887045,0.2,0.0803542703,0.013460412,0.00797998428,-0.183660482,-0.00184408799,-0.2,0.00856492341,0.0633322448
504,18767331,0.198873609,-0.100697234,-0.00112039514,0.0351255946,0.0676758885,-0.0220161825,-0.145661637,-0.046299804,-0.153557941,-0.0682274923,0.16534172,-0.108084351,0.0159098887,-0.00805577874,-0.200504178,-0.184193482,0.00541407108,-0.0017612946,0.2,0.2,-0.0807115883,-0.0636454985,0.0132273376,-0.00864674807,0.0159098887,0.200504178,0.00541407108,0.2,0.0807115883,0.0132273376,0.00805577874,-0.184193482,-0.0017612946,-0.2,0.00864674807,0.0636454985
505,18800763,0.196369588,-0.102230348,-0.00163215306,0.0344592594,0.0673589185,-0.0217991304,-0.145810336,-0.0470607355,-0.155965969,-0.0700931624,0.163881108,-0.10858231,0.0157095671,-0.00817842782,-0.200734469,-0.184493333,0.00538871348,-0.00174393043,0.2,0.2,-0.0811931938,-0.0640186325,0.0131104887,-0.00868658483,0.0157095671,0.200734469,0.00538871348,0.2,0.0811931938,0.0131104887,0.00817842782,-0.184493333,-0.00174393043,-0.2,0.00868658483,0.0640186325
506,18813507,0.194243446,-0.103455596,-0.0012671944,0.0338062756,0.0669583455,-0.0225103181,-0.145738974,-0.0477064028,-0.155610219,-0.0713912696,0.166169524,-0.108699068,0.0155394757,-0.00827644765,-0.200570237,-0.184787176,0.00535666764,-0.00180082545,0.2,0.2,-0.0811220437,-0.0642782539,0.0132935619,-0.00869592547,0.0155394757,0.200570237,0.00535666764,0.2,0.0811220437,0.0132935619,0.00827644765,-0.184787176,-0.00180082545,-0.2,0.00869592547,0.0642782539
507,18832983,0.193908781,-0.103361644,-0.000659381389,0.0338103361,0.0663078502,-0.0236085765,-0.144030571,-0.0456391759,-0.15225479,-0.0686071888,0.163284212,-0.110537484,0.0155127025,-0.00826893151,-0.200296722,-0.184785349,0.00530462801,-0.00188868612,0.2,0.2,-0.080450958,-0.0637214378,0.013062737,-0.00884299874,0.0155127025,0.200296722,0.00530462801,0.2,0.080450958,0.013062737,0.00826893151,-0.184785349,-0.00188868612,-0.2,0.00884299874,0.0637214378
508,18855753,0.194652855,-0.104460038,-0.00124251691,0.0345545821,0.0653095469,-0.0243216176,-0.144041017,-0.0446978845,-0.151036322,-0.0669750646,0.163377374,-0.110788077,0.0155722284,-0.00835680306,-0.200559133,-0.184450438,0.00522476375,-0.0019457294,0.2,0.2,-0.0802072644,-0.0633950129,0.01307019,-0.00886304617,0.0155722284,0.200559133,0.00522476375,0.2,0.0802072644,0.01307019,0.00835680306,-0.184450438,-0.0019457294,-0.2,0.00886304617,0.0633950129
509,18873635,0.196284518,-0.104076698,-0.00229668873,0.0352382176,0.0635466054,-0.0260854028,-0.14543207,-0.0441510342,-0.152039155,-0.0665496439,0.163426727,-0.11099235,0.0157027614,-0.00832613587,-0.20103351,-0.184142802,0.00508372843,-0.00208683223,0.2,0.2,-0.0804078311,-0.0633099288,0.0130741382,-0.00887938797,0.0157027614,0.20103351,0.00508372843,0.2,0.0804078311,0.0130741382,0.00832613587,-0.184142802,-0.00208683223,-0.2,0.00887938797,0.0633099288
510,18887457,0.198085815,-0.103686683,-0.00392393675,0.0358253866,0.0614649765,-0.0283515286,-0.145845667,-0.0435524285,-0.154506892,-0.0658659562,0.159281686,-0.111577533,0.0158468652,-0.00829493463,-0.201765772,-0.183878576,0.00491719812,-0.00226812229,0.2,0.2,-0.0809013784,-0.0631731912,0.0127425349,-0.00892620265,0.0158468652,0.201765772,0.00491719812,0.2,0.0809013784,0.0127425349,0.00829493463,-0.183878576,-0.00226812229,-0.2,0.00892620265,0.0631731912
511,18912340,0.200023517,-0.105116025,-0.0059755221,0.0368653461,0.0596184507,-0.0304920692,-0.145219639,-0.0429680683,-0.156049192,-0.0651842877,0.156966284,-0.111044422,0.0160018814,-0.00840928197,-0.202688985,-0.183410594,0.00476947606,-0.00243936554,0.2,0.2,-0.0812098384,-0.0630368575,0.0125573027,-0.00888355374,0.0160018814,0.202688985,0.00476947606,0.2,0.0812098384,0.0125573027,0.00840928197,-0.183410594,-0.00243936554,-0.2,0.00888355374,0.0630368575
512,18927319,0.201386467,-0.105456933,-0.00782256387,0.0373148061,0.0574620478,-0.0332326218,-0.145628348,-0.0425561033,-0.158218399,-0.0652246103,0.152874753,-0.11079254,0.0161109173,-0.00843655467,-0.203520154,-0.183208337,0.00459696382,-0.00265860975,0.2,0.2,-0.0816436797,-0.0630449221,0.0122299802,-0.0088634032,0.0161109173,0.203520154,0.00459696382,0.2,0.0816436797,0.0122299802,0.00843655467,-0.183208337,-0.00265860975,-0.2,0.0088634032,0.0630449221
513,18952127,0.202132106,-0.107197814,-0.00954781752,0.0379723497,0.0552968085,-0.0365272686,-0.145529464,-0.0429469869,-0.158590212,-0.0660901591,0.153581783,-0.109587386,0.0161705685,-0.0085758251,-0.204296518,-0.182912443,0.00442374468,-0.00292218149,0.2,0.2,-0.0817180425,-0.0632180318,0.0122865427,-0.0087669909,0.0161705685,0.204296518,0.00442374468,0.2,0.0817180425,0.0122865427,0.0085758251,-0.182912443,-0.00292218149,-0.2,0.0087669909,0.0632180318
514,18969373,0.203461424,-0.108632363,-0.0104249977,0.0382603183,0.0530782565,-0.0393512808,-0.14434199,-0.0425807722,-0.157380745,-0.0657689273,0.151955858,-0.109524801,0.0162769139,-0.00869058907,-0.204691249,-0.182782857,0.00424626052,-0.00314810246,0.2,0.2,-0.081476149,-0.0631537855,0.0121564686,-0.00876198411,0.0162769139,0.204691249,0.00424626052,0.2,0.081476149,0.0121564686,0.00869058907,-0.182782857,-0.00314810246,-0.2,0.00876198411,0.0631537855
515,18989862,0.204222307,-0.109633282,-0.0108014513,0.0380874276,0.0508536845,-0.042523548,-0.144377038,-0.042670045,-0.156555191,-0.0661520138,0.15113759,-0.10918881,0.0163377845,-0.00877066255,-0.204860653,-0.182860658,0.00406829476,-0.00340188384,0.2,0.2,-0.0813110381,-0.0632304028,0.0120910072,-0.0087351048,0.0163377845,0.204860653,0.00406829476,0.2,0.0813110381,0.0120910072,0.00877066255,-0.182860658,-0.00340188384,-0.2,0.0087351048,0.0632304028
516,19015958,0.20583351,-0.110187553,-0.0106750363,0.0388272293,0.0489261113,-0.0455372557,-0.144223943,-0.0421814062,-0.153058425,-0.0657054186,0.155826032,-0.108912081,0.0164666808,-0.00881500423,-0.204803766,-0.182527747,0.0039140889,-0.00364298046,0.2,0.2,-0.0806116849,-0.0631410837,0.0124660826,-0.00871296644,0.0164666808,0.204803766,0.0039140889,0.2,0.0806116849,0.0124660826,0.00881500423,-0.182527747,-0.00364298046,-0.2,0.00871296644,0.0631410837
517,19031209,0.209196672,-0.108020522,-0.010648476,0.0395047925,0.0468282923,-0.0477337688,-0.143559009,-0.0395740792,-0.150561526,-0.0622515045,0.151230842,-0.111435071,0.0167357337,-0.00864164174,-0.204791814,-0.182222843,0.00374626338,-0.00381870151,0.2,0.2,-0.0801123053,-0.0624503009,0.0120984674,-0.00891480565,0.0167357337,0.204791814,0.00374626338,0.2,0.0801123053,0.0120984674,0.00864164174,-0.182222843,-0.00381870151,-0.2,0.00891480565,0.0624503009
518,19050281,0.213142872,-0.107111923,-0.0116700856,0.0408663116,0.044907134,-0.0491222851,-0.1429023,-0.0371151678,-0.149086118,-0.0584452786,0.147964165,-0.112926587,0.0170514297,-0.00856895387,-0.205251539,-0.18161016,0.00359257072,-0.00392978281,0.2,0.2,-0.0798172235,-0.0616890557,0.0118371332,-0.009034127,0.0170514297,0.205251539,0.00359257072,0.2,0.0798172235,0.0118371332,0.00856895387,-0.18161016,-0.00392978281,-0.2,0.009034127,0.0616890557
519,19071345,0.217207804,-0.1054869,-0.0127622914,0.0424080379,0.0432154611,-0.0500180274,-0.144446254,-0.0362041555,-0.148760185,-0.05695213,0.152961165,-0.112870619,0.0173766243,-0.00843895197,-0.205743031,-0.180916383,0.00345723689,-0.00400144219,0.2,0.2,-0.0797520369,-0.061390426,0.0122368932,-0.0090296495,0.0173766243,0.205743031,0.00345723689,0.2,0.0797520369,0.0122368932,0.00843895197,-0.180916383,-0.00400144219,-0.2,0.0090296495,0.061390426
520,19089385,0.220406458,-0.104028344,-0.0141056785,0.043036826,0.0412348211,-0.0521588698,-0.144101173,-0.035706263,-0.146867648,-0.0553449765,0.155226633,-0.112212449,0.0176325166,-0.00832226753,-0.206347555,-0.180633428,0.00329878569,-0.00417270958,0.2,0.2,-0.0793735296,-0.0610689953,0.0124181306,-0.00897699594,0.0176325166,0.206347555,0.00329878569,0.2,0.0793735296,0.0124181306,0.00832226753,-0.180633428,-0.00417270958,-0.2,0.00897699594,0.0610689953
521,19110198,0.222462505,-0.105621822,-0.0140026333,0.043302916,0.0398722216,-0.0528202616,-0.140706658,-0.034939386,-0.142578572,-0.0532274358,0.156346142,-0.110798143,0.0177970004,-0.00844974577,-0.206301185,-0.180513688,0.00318977773,-0.00422562093,0.2,0.2,-0.0785157144,-0.0606454872,0.0125076914,-0.00886385143,0.0177970004,0.206301185,0.00318977773,0.2,0.0785157144,0.0125076914,0.00844974577,-0.180513688,-0.00422562093,-0.2,0.00886385143,0.0606454872
522,19131017,0.223935291,-0.10498517,-0.0119303865,0.0429824442,0.0392794795,-0.0521407127,-0.139743671,-0.0335468389,-0.138639137,-0.0510907881,0.158424556,-0.110751629,0.0179148233,-0.00839881361,-0.205368674,-0.1806579,0.00314235836,-0.00417125702,0.2,0.2,-0.0777278274,-0.0602181576,0.0126739645,-0.00886013031,0.0179148233,0.205368674,0.00314235836,0.2,0.0777278274,0.0126739645,0.00839881361,-0.1806579,-0.00417125702,-0.2,0.00886013031,0.0602181576
523,19153150,0.224364445,-0.103646606,-0.00995922927,0.0426934846,0.0395374596,-0.0513454787,-0.139676258,-0.033899989,-0.134035006,-0.0502449386,0.166333348,-0.109816328,0.0179491556,-0.0082917285,-0.204481653,-0.180787932,0.00316299677,-0.0041076383,0.2,0.2,-0.0768070012,-0.0600489877,0.0133066678,-0.00878530622,0.0179491556,0.204481653,0.00316299677,0.2,0.0768070012,0.0133066678,0.0082917285,-0.180787932,-0.0041076383,-0.2,0.00878530622,0.0600489877
524,19167705,0.222968608,-0.104096256,-0.00819471851,0.040934369,0.0403340012,-0.049688112,-0.13798371,-0.0362668484,-0.130510405,-0.0517792441,0.17233406,-0.107580818,0.0178374887,-0.0083277005,-0.203687623,-0.181579534,0.00322672009,-0.00397504896,0.2,0.2,-0.0761020809,-0.0603558488,0.0137867248,-0.00860646546,0.0178374887,0.203687623,0.00322672009,0.2,0.0761020809,0.0137867248,0.0083277005,-0.181579534,-0.00397504896,-0.2,0.00860646546,0.0603558488
525,19192807,0.218056738,-0.105569638,-0.00526556233,0.0382364951,0.0417007059,-0.0481141284,-0.137007922,-0.039718587,-0.126747668,-0.0563152619,0.181063116,-0.103869237,0.0174445391,-0.00844557106,-0.202369503,-0.182793577,0.00333605647,-0.00384913027,0.2,0.2,-0.0753495336,-0.0612630524,0.0144850492,-0.00830953896,0.0174445391,0.202369503,0.00333605647,0.2,0.0753495336,0.0144850492,0.00844557106,-0.182793577,-0.00384913027,-0.2,0.00830953896,0.0612630524
526,19209622,0.21159628,-0.105228655,-0.000347037188,0.0352814831,0.0447495468,-0.0447937287,-0.135865495,-0.0420224294,-0.122506678,-0.060464602,0.187967688,-0.101865008,0.0169277024,-0.0084182924,-0.200156167,-0.184123333,0.00357996374,-0.0035834983,0.2,0.2,-0.0745013356,-0.0620929204,0.015037415,-0.00814920068,0.0169277024,0.200156167,0.00357996374,0.2,0.0745013356,0.015037415,0.0084182924,-0.184123333,-0.0035834983,-0.2,0.00814920068,0.0620929204
527,19229327,0.203143805,-0.105092019,0.0038332257,0.0325806811,0.0485927686,-0.0407450646,-0.134549245,-0.0445683077,-0.118119232,-0.064531453,0.194352835,-0.0997301117,0.0162515044,-0.00840736151,-0.198275048,-0.185338693,0.00388742149,-0.00325960517,0.2,0.2,-0.0736238465,-0.0629062906,0.0155482268,-0.00797840893,0.0162515044,0.198275048,0.00388742149,0.2,0.0736238465,0.0155482268,0.00840736151,-0.185338693,-0.00325960517,-0.2,0.00797840893,0.0629062906
528,19254709,0.192695946,-0.106538042,0.00870578084,0.0295651965,0.0533889197,-0.0347171538,-0.133562639,-0.0478702113,-0.115020178,-0.0700037628,0.202790916,-0.0966861472,0.0154156756,-0.00852304339,-0.196082399,-0.186695662,0.00427111357,-0.0027773723,0.2,0.2,-0.0730040357,-0.0640007526,0.0162232733,-0.00773489177,0.0154156756,0.196082399,0.00427111357,0.2,0.0730040357,0.0162232733,0.00852304339,-0.186695662,-0.0027773723,-0.2,0.00773489177,0.0640007526
529,19269799,0.183507875,-0.105954729,0.0131005617,0.027228836,0.0578285269,-0.0288953483,-0.131934404,-0.0479486361,-0.110153235,-0.0713569969,0.204409644,-0.0976805538,0.01468063,-0.00847637832,-0.194104747,-0.187747024,0.00462628216,-0.00231162786,0.2,0.2,-0.0720306471,-0.0642713994,0.0163527715,-0.0078144443,0.01468063,0.194104747,0.00462628216,0.2,0.0720306471,0.0163527715,0.00847637832,-0.187747024,-0.00231162786,-0.2,0.0078144443,0.0642713994
530,19290071,0.175387561,-0.105284892,0.0167944767,0.0258056037,0.0626546666,-0.0220529716,-0.131285131,-0.047672607,-0.107747316,-0.0711447075,0.204536274,-0.0984873399,0.0140310049,-0.00842279136,-0.192442486,-0.188387478,0.00501237333,-0.00176423773,0.2,0.2,-0.0715494633,-0.0642289415,0.0163629019,-0.00787898719,0.0140310049,0.192442486,0.00501237333,0.2,0.0715494633,0.0163629019,0.00842279136,-0.188387478,-0.00176423773,-0.2,0.00787898719,0.0642289415
531,19308918,0.169618189,-0.10451892,0.0187199656,0.0253873393,0.0669593439,-0.0157018676,-0.132049769,-0.0462643504,-0.107668273,-0.0695630014,0.204456225,-0.0995758548,0.0135694551,-0.00836151361,-0.191576015,-0.188575697,0.00535674751,-0.00125614941,0.2,0.2,-0.0715336546,-0.0639126003,0.016356498,-0.00796606839,0.0135694551,0.191576015,0.00535674751,0.2,0.0715336546,0.016356498,0.00836151361,-0.188575697,-0.00125614941,-0.2,0.00796606839,0.0639126003
532,19346047,0.166788474,-0.103996128,0.0179252159,0.0269849747,0.0689971,-0.0117599769,-0.1335648,-0.0436066762,-0.107961163,-0.0663432926,0.205944613,-0.100962967,0.0133430779,-0.00831969023,-0.191933653,-0.187856761,0.005519768,-0.000940798149,0.2,0.2,-0.0715922326,-0.0632686585,0.016475569,-0.00807703733,0.0133430779,0.191933653,0.005519768,0.2,0.0715922326,0.016475569,0.00831969023,-0.187856761,-0.000940798149,-0.2,0.00807703733,0.0632686585
533,19349457,0.167522371,-0.104658075,0.0163253825,0.028571466,0.0691533983,-0.00947277248,-0.134914011,-0.0402550921,-0.11059618,-0.0616142079,0.202902019,-0.102981023,0.0134017897,-0.00837264597,-0.192653578,-0.18714284,0.00553227186,-0.000757821798,0.2,0.2,-0.072119236,-0.0623228416,0.0162321615,-0.00823848188,0.0134017897,0.192653578,0.00553227186,0.2,0.072119236,0.0162321615,0.00837264597,-0.18714284,-0.000757821798,-0.2,0.00823848188,0.0623228416
534,19368745,0.170519575,-0.105675772,0.0125437658,0.030951811,0.0668700188,-0.0101777473,-0.137617156,-0.0374218449,-0.115336016,-0.05784541,0.201926768,-0.10384208,0.013641566,-0.00845406175,-0.194355305,-0.186071685,0.00534960151,-0.000814219788,0.2,0.2,-0.0730672032,-0.061569082,0.0161541414,-0.00830736637,0.013641566,0.194355305,0.00534960151,0.2,0.0730672032,0.0161541414,0.00845406175,-0.186071685,-0.000814219788,-0.2,0.00830736637,0.061569082
535,19394859,0.17685169,-0.106196605,0.00841335393,0.0341111794,0.0626362935,-0.0134765226,-0.139836192,-0.0330361687,-0.118952267,-0.0530729406,0.201174751,-0.107064329,0.0141481352,-0.00849572837,-0.196213991,-0.184649969,0.00501090348,-0.00107812181,0.2,0.2,-0.0737904534,-0.0606145881,0.0160939801,-0.00856514633,0.0141481352,0.196213991,0.00501090348,0.2,0.0737904534,0.0160939801,0.00849572837,-0.184649969,-0.00107812181,-0.2,0.00856514633,0.0606145881
536,19412939,0.186354667,-0.10647399,0.00348861353,0.0373497792,0.0565890521,-0.0193963684,-0.14011398,-0.0276946146,-0.121258259,-0.0460734554,0.195860878,-0.110445067,0.0149083734,-0.00851791918,-0.198430124,-0.183192599,0.00452712417,-0.00155170947,0.2,0.2,-0.0742516518,-0.0592146911,0.0156688702,-0.00883560538,0.0149083734,0.198430124,0.00452712417,0.2,0.0742516518,0.0156688702,0.00851791918,-0.183192599,-0.00155170947,-0.2,0.00883560538,0.0592146911
537,19432180,0.196190387,-0.107648879,-0.00163766311,0.0389277935,0.0497820824,-0.0262571163,-0.142878443,-0.0262339637,-0.129032791,-0.0437921397,0.192435116,-0.111579567,0.015695231,-0.00861191034,-0.200736948,-0.182482493,0.0039825666,-0.00210056931,0.2,0.2,-0.0758065581,-0.0587584279,0.0153948092,-0.00892636538,0.015695231,0.200736948,0.0039825666,0.2,0.0758065581,0.0153948092,0.00861191034,-0.182482493,-0.00210056931,-0.2,0.00892636538,0.0587584279
538,19452813,0.206280783,-0.107519835,-0.00659061875,0.0396659933,0.0437137522,-0.034013465,-0.145791546,-0.0254103933,-0.138381779,-0.0428274721,0.187073976,-0.1140019,0.0165024626,-0.00860158682,-0.202965778,-0.182150303,0.00349710017,-0.0027210772,0.2,0.2,-0.0776763558,-0.0585654944,0.0149659181,-0.009120152,0.0165024626,0.202965778,0.00349710017,0.2,0.0776763558,0.0149659181,0.00860158682,-0.182150303,-0.0027210772,-0.2,0.009120152,0.0585654944
539,19469863,0.214230791,-0.108033583,-0.012033253,0.0402081832,0.0385596231,-0.042342186,-0.146971032,-0.026121961,-0.14729096,-0.0431204699,0.178953737,-0.115344152,0.0171384633,-0.00864268661,-0.205414964,-0.181906318,0.00308476985,-0.00338737488,0.2,0.2,-0.079458192,-0.058624094,0.014316299,-0.00922753215,0.0171384633,0.205414964,0.00308476985,0.2,0.079458192,0.014316299,0.00864268661,-0.181906318,-0.00338737488,-0.2,0.00922753215,0.058624094
540,19490021,0.219818488,-0.109721839,-0.0156503506,0.0404032916,0.0349084139,-0.049661655,-0.148393884,-0.0276800822,-0.155518129,-0.0460502841,0.174159229,-0.114872158,0.017585479,-0.00877774715,-0.207042658,-0.181818519,0.00279267311,-0.0039729324,0.2,0.2,-0.0811036259,-0.0592100568,0.0139327383,-0.00918977261,0.017585479,0.207042658,0.00279267311,0.2,0.0811036259,0.0139327383,0.00877774715,-0.181818519,-0.0039729324,-0.2,0.00918977261,0.0592100568
541,19511161,0.222593009,-0.109929256,-0.0174163859,0.0399786681,0.0328207687,-0.0559148267,-0.151140958,-0.0312840231,-0.162469938,-0.0522517301,0.176761121,-0.112981603,0.0178074408,-0.00879434049,-0.207837374,-0.182009599,0.00262566149,-0.00447318614,0.2,0.2,-0.0824939877,-0.060450346,0.0141408896,-0.0090385282,0.0178074408,0.207837374,0.00262566149,0.2,0.0824939877,0.0141408896,0.00879434049,-0.182009599,-0.00447318614,-0.2,0.0090385282,0.060450346
542,19535292,0.223872155,-0.109511614,-0.0165916979,0.0384595618,0.0327388085,-0.0601377748,-0.150981978,-0.0340096392,-0.165528968,-0.0566263422,0.174703822,-0.11238499,0.0179097724,-0.00876092911,-0.207466264,-0.182693197,0.00261910468,-0.00481102198,0.2,0.2,-0.0831057936,-0.0613252684,0.0139763057,-0.00899079919,0.0179097724,0.207466264,0.00261910468,0.2,0.0831057936,0.0139763057,0.00876092911,-0.182693197,-0.00481102198,-0.2,0.00899079919,0.0613252684
543,19549184,0.223121688,-0.108722001,-0.0133748027,0.0363314524,0.0359763131,-0.0597759336,-0.150269628,-0.035541594,-0.167885184,-0.05868816,0.167949244,-0.112825878,0.017849735,-0.00869776011,-0.206018661,-0.183650846,0.00287810504,-0.00478207469,0.2,0.2,-0.0835770369,-0.061737632,0.0134359396,-0.00902607024,0.017849735,0.206018661,0.00287810504,0.2,0.0835770369,0.0134359396,0.00869776011,-0.183650846,-0.00478207469,-0.2,0.00902607024,0.061737632
544,19573197,0.221551627,-0.105598584,-0.0118748862,0.0351062492,0.0405327156,-0.0571847148,-0.152975246,-0.0379157178,-0.172493398,-0.0617363602,0.163709611,-0.114636481,0.0177241302,-0.00844788671,-0.205343699,-0.184202188,0.00324261725,-0.00457477719,0.2,0.2,-0.0844986796,-0.062347272,0.0130967689,-0.00917091846,0.0177241302,0.205343699,0.00324261725,0.2,0.0844986796,0.0130967689,0.00844788671,-0.184202188,-0.00457477719,-0.2,0.00917091846,0.062347272
545,19593921,0.21706751,-0.103111632,-0.0122461598,0.0340719968,0.0456276089,-0.0543137155,-0.157119751,-0.0428565405,-0.179849625,-0.0686709881,0.165562138,-0.113618508,0.0173654008,-0.00824893057,-0.205510772,-0.184667601,0.00365020871,-0.00434509724,0.2,0.2,-0.0859699249,-0.0637341976,0.013244971,-0.00908948064,0.0173654008,0.205510772,0.00365020871,0.2,0.0859699249,0.013244971,0.00824893057,-0.184667601,-0.00434509724,-0.2,0.00908948064,0.0637341976
546,19622890,0.211619392,-0.1026963,-0.0123795168,0.0323774256,0.0514457114,-0.0503996983,-0.158373386,-0.0471871383,-0.187452361,-0.074656114,0.160559878,-0.112772107,0.0169295514,-0.00821570396,-0.205570783,-0.185430158,0.00411565691,-0.00403197587,0.2,0.2,-0.0874904722,-0.0649312228,0.0128447902,-0.00902176857,0.0169295514,0.205570783,0.00411565691,0.2,0.0874904722,0.0128447902,0.00821570396,-0.185430158,-0.00403197587,-0.2,0.00902176857,0.0649312228
547,19632251,0.205264136,-0.103426062,-0.0126655586,0.0313901678,0.0567610897,-0.0462627076,-0.158298984,-0.049727723,-0.192834407,-0.0794012249,0.152778089,-0.112797469,0.0164211309,-0.00827408493,-0.205699501,-0.185874425,0.00454088718,-0.0037010166,0.2,0.2,-0.0885668814,-0.065880245,0.0122222471,-0.00902379751,0.0164211309,0.205699501,0.00454088718,0.2,0.0885668814,0.0122222471,0.00827408493,-0.185874425,-0.0037010166,-0.2,0.00902379751,0.065880245
548,19648592,0.198724806,-0.103370748,-0.0120124081,0.0310842041,0.0606758706,-0.0433324091,-0.157976836,-0.0507024974,-0.192437217,-0.0822978988,0.150347978,-0.11294733,0.0158979845,-0.00826965988,-0.205405584,-0.186012108,0.00485406965,-0.00346659273,0.2,0.2,-0.0884874433,-0.0664595798,0.0120278382,-0.00903578639,0.0158979845,0.205405584,0.00485406965,0.2,0.0884874433,0.0120278382,0.00826965988,-0.186012108,-0.00346659273,-0.2,0.00903578639,0.0664595798
549,19684754,0.19302389,-0.103167087,-0.0103193736,0.0301785171,0.0636353865,-0.0408035628,-0.156535327,-0.0512078106,-0.189302817,-0.0832762271,0.147147119,-0.113563351,0.0154419112,-0.00825336695,-0.204643718,-0.186419667,0.00509083092,-0.00326428503,0.2,0.2,-0.0878605634,-0.0666552454,0.0117717695,-0.00908506811,0.0154419112,0.204643718,0.00509083092,0.2,0.0878605634,0.0117717695,0.00825336695,-0.186419667,-0.00326428503,-0.2,0.00908506811,0.0666552454
550,19690301,0.188930497,-0.105236009,-0.00913665816,0.0301394258,0.0647620633,-0.0396048427,-0.153467476,-0.0511521697,-0.183095172,-0.0828487501,0.144955367,-0.113162667,0.0151144397,-0.0084188807,-0.204111496,-0.186437258,0.00518096507,-0.00316838741,0.2,0.2,-0.0866190344,-0.06656975,0.0115964293,-0.00905301332,0.0151144397,0.204111496,0.00518096507,0.2,0.0866190344,0.0115964293,0.0084188807,-0.186437258,-0.00316838741,-0.2,0.00905301332,0.06656975
551,19708718,0.185819432,-0.106710792,-0.00897435937,0.0299415477,0.0632372499,-0.0408678502,-0.151288375,-0.0511903726,-0.177663103,-0.0833783299,0.142564461,-0.111917846,0.0148655546,-0.00853686333,-0.204038462,-0.186526304,0.00505897999,-0.00326942801,0.2,0.2,-0.0855326205,-0.066675666,0.0114051569,-0.00895342767,0.0148655546,0.204038462,0.00505897999,0.2,0.0855326205,0.0114051569,0.00853686333,-0.186526304,-0.00326942801,-0.2,0.00895342767,0.066675666
552,19748180,0.182281315,-0.10764125,-0.00689417683,0.0285800956,0.0616422333,-0.0424853005,-0.150399268,-0.0526542291,-0.174632311,-0.0857712179,0.143455699,-0.109927572,0.0145825052,-0.00861129999,-0.20310238,-0.187138957,0.00493137866,-0.00339882404,0.2,0.2,-0.0849264622,-0.0671542436,0.0114764559,-0.00879420578,0.0145825052,0.20310238,0.00493137866,0.2,0.0849264622,0.0114764559,0.00861129999,-0.187138957,-0.00339882404,-0.2,0.00879420578,0.0671542436
553,19753140,0.178421006,-0.1098781,-0.00521731935,0.0270034149,0.0607388727,-0.0439545661,-0.146947846,-0.0547492951,-0.169534892,-0.0879684091,0.144921795,-0.107021526,0.0142736804,-0.00879024804,-0.202347794,-0.187848463,0.00485910982,-0.00351636529,0.2,0.2,-0.0839069784,-0.0675936818,0.0115937436,-0.00856172204,0.0142736804,0.202347794,0.00485910982,0.2,0.0839069784,0.0115937436,0.00879024804,-0.187848463,-0.00351636529,-0.2,0.00856172204,0.0675936818
554,19768290,0.17411533,-0.111432068,-0.00292994455,0.0252759736,0.0596301109,-0.0456815884,-0.143986106,-0.0562070236,-0.16276364,-0.0901104957,0.147748947,-0.104021661,0.0139292264,-0.00891456544,-0.201318475,-0.188625812,0.00477040887,-0.00365452707,0.2,0.2,-0.0825527281,-0.0680220991,0.0118199158,-0.00832173288,0.0139292264,0.201318475,0.00477040887,0.2,0.0825527281,0.0118199158,0.00891456544,-0.188625812,-0.00365452707,-0.2,0.00832173288,0.0680220991
555,19801971,0.170078725,-0.11207094,-0.00019961466,0.0239046384,0.0588829257,-0.0465609767,-0.141311705,-0.05692745,-0.155719638,-0.0916442871,0.150472298,-0.102103546,0.013606298,-0.00896567523,-0.200089827,-0.189242913,0.00471063405,-0.00372487813,0.2,0.2,-0.0811439276,-0.0683288574,0.0120377839,-0.0081682837,0.013606298,0.200089827,0.00471063405,0.2,0.0811439276,0.0120377839,0.00896567523,-0.189242913,-0.00372487813,-0.2,0.0081682837,0.0683288574
556,19807565,0.165210366,-0.111776695,0.00259181228,0.0226143282,0.0582507662,-0.047731135,-0.13829495,-0.057877589,-0.146119997,-0.092816405,0.156900331,-0.0988247097,0.0132168293,-0.00894213557,-0.198833684,-0.189823552,0.0046600613,-0.0038184908,0.2,0.2,-0.0792239994,-0.068563281,0.0125520265,-0.00790597677,0.0132168293,0.198833684,0.0046600613,0.2,0.0792239994,0.0125520265,0.00894213557,-0.189823552,-0.0038184908,-0.2,0.00790597677,0.068563281
557,19835762,0.161859989,-0.111485779,0.00434247544,0.0218743738,0.0565453209,-0.0488394424,-0.135410786,-0.0578266792,-0.138251156,-0.0934182405,0.157624021,-0.0973663926,0.0129487991,-0.00891886234,-0.198045886,-0.190156532,0.00452362567,-0.00390715539,0.2,0.2,-0.0776502311,-0.0686836481,0.0126099217,-0.00778931141,0.0129487991,0.198045886,0.00452362567,0.2,0.0776502311,0.0126099217,0.00891886234,-0.190156532,-0.00390715539,-0.2,0.00778931141,0.0686836481
558,19847862,0.159178004,-0.110808574,0.00685439678,0.0208653063,0.0556678548,-0.0482031107,-0.133905709,-0.0574110113,-0.13401188,-0.0935104638,0.156385452,-0.0969488546,0.0127342403,-0.00886468589,-0.196915521,-0.190610612,0.00445342839,-0.00385624886,0.2,0.2,-0.0768023759,-0.0687020928,0.0125108361,-0.00775590837,0.0127342403,0.196915521,0.00445342839,0.2,0.0768023759,0.0125108361,0.00886468589,-0.190610612,-0.00385624886,-0.2,0.00775590837,0.0687020928
559,19869928,0.155811697,-0.109906465,0.00938663632,0.0203857217,0.0561070815,-0.0467904322,-0.131854832,-0.0570435561,-0.125928193,-0.092403613,0.162568212,-0.0947448611,0.0124649358,-0.00879251719,-0.195776014,-0.190826425,0.00448856652,-0.00374323457,0.2,0.2,-0.0751856387,-0.0684807226,0.0130054569,-0.00757958889,0.0124649358,0.195776014,0.00448856652,0.2,0.0751856387,0.0130054569,0.00879251719,-0.190826425,-0.00374323457,-0.2,0.00757958889,0.0684807226
560,19889339,0.153720528,-0.108767688,0.0108206654,0.0203357544,0.0557238795,-0.0460370854,-0.130457208,-0.0555675849,-0.118457682,-0.0898881108,0.164943248,-0.0939161777,0.0122976422,-0.00870141506,-0.195130701,-0.190848911,0.00445791036,-0.00368296683,0.2,0.2,-0.0736915365,-0.0679776222,0.0131954598,-0.00751329422,0.0122976422,0.195130701,0.00445791036,0.2,0.0736915365,0.0131954598,0.00870141506,-0.190848911,-0.00368296683,-0.2,0.00751329422,0.0679776222
561,19908745,0.153877452,-0.108691074,0.0105422316,0.0226291306,0.0543327183,-0.0459637828,-0.129990622,-0.0526894145,-0.111707695,-0.0861822367,0.170122698,-0.0926510394,0.0123101962,-0.00869528592,-0.195255996,-0.189816891,0.00434661746,-0.00367710263,0.2,0.2,-0.072341539,-0.0672364473,0.0136098158,-0.00741208315,0.0123101962,0.195255996,0.00434661746,0.2,0.072341539,0.0136098158,0.00869528592,-0.189816891,-0.00367710263,-0.2,0.00741208315,0.0672364473
562,19929603,0.156437024,-0.107887611,0.00969848502,0.0245879237,0.0516660511,-0.0466604382,-0.130588651,-0.0494747721,-0.108728878,-0.082636103,0.171288148,-0.0933484957,0.012514962,-0.00863100886,-0.195635682,-0.188935434,0.00413328409,-0.00373283505,0.2,0.2,-0.0717457756,-0.0665272206,0.0137030518,-0.00746787965,0.012514962,0.195635682,0.00413328409,0.2,0.0717457756,0.0137030518,0.00863100886,-0.188935434,-0.00373283505,-0.2,0.00746787965,0.0665272206
563,19947430,0.159308732,-0.107507437,0.00733582722,0.0258790422,0.0476805307,-0.0495785736,-0.131327942,-0.0470521413,-0.109950036,-0.0805022046,0.168621436,-0.0944272578,0.0127446985,-0.008600595,-0.196698878,-0.188354431,0.00381444246,-0.00396628588,0.2,0.2,-0.0719900072,-0.0661004409,0.0134897149,-0.00755418062,0.0127446985,0.196698878,0.00381444246,0.2,0.0719900072,0.0134897149,0.008600595,-0.188354431,-0.00396628588,-0.2,0.00755418062,0.0661004409
564,19971595,0.162148356,-0.108434707,0.00559497019,0.0270654541,0.0448560566,-0.051677376,-0.131338969,-0.0456009172,-0.111061685,-0.0790485814,0.169876352,-0.0942917988,0.0129718685,-0.00867477655,-0.197482263,-0.187820546,0.00358848453,-0.00413419008,0.2,0.2,-0.072212337,-0.0658097163,0.0135901082,-0.0075433439,0.0129718685,0.197482263,0.00358848453,0.2,0.072212337,0.0135901082,0.00867477655,-0.187820546,-0.00413419008,-0.2,0.0075433439,0.0658097163
565,19987796,0.165492147,-0.108019881,0.00427344907,0.0285093915,0.0423027501,-0.0548554733,-0.131913811,-0.0434466824,-0.10911648,-0.076119177,0.173421413,-0.0949534401,0.0132393718,-0.00864159048,-0.198076948,-0.187170774,0.00338422,-0.00438843787,0.2,0.2,-0.071823296,-0.0652238354,0.013873713,-0.00759627521,0.0132393718,0.198076948,0.00338422,0.2,0.071823296,0.013873713,0.00864159048,-0.187170774,-0.00438843787,-0.2,0.00759627521,0.0652238354
566,20011804,0.171101451,-0.108945891,0.00252555683,0.0304088257,0.039167881,-0.058251787,-0.130673543,-0.0397124849,-0.106215298,-0.070816651,0.170585707,-0.097464174,0.0136881161,-0.0087156713,-0.198863499,-0.186316028,0.00313343048,-0.00466014296,0.2,0.2,-0.0712430596,-0.0641633302,0.0136468565,-0.00779713392,0.0136881161,0.198863499,0.00313343048,0.2,0.0712430596,0.0136468565,0.0087156713,-0.186316028,-0.00466014296,-0.2,0.00779713392,0.0641633302
567,20031000,0.17776005,-0.109866261,0.00170537631,0.0320035182,0.0364668556,-0.0600050204,-0.132018015,-0.036493443,-0.106705688,-0.0665533915,0.169680372,-0.100271367,0.014220804,-0.00878930092,-0.199232581,-0.185598417,0.00291734844,-0.00480040163,0.2,0.2,-0.0713411376,-0.0633106783,0.0135744298,-0.00802170932,0.014220804,0.199232581,0.00291734844,0.2,0.0713411376,0.0135744298,0.00878930092,-0.185598417,-0.00480040163,-0.2,0.00802170932,0.0633106783
568,20053758,0.185222894,-0.108948812,0.000551122299,0.0331674702,0.0347019657,-0.0613013282,-0.135008425,-0.0348208621,-0.110521995,-0.0638763756,0.17024821,-0.103532329,0.0148178315,-0.00871590495,-0.199751995,-0.185074638,0.00277615726,-0.00490410626,0.2,0.2,-0.0721043989,-0.0627752751,0.0136198568,-0.00828258634,0.0148178315,0.199751995,0.00277615726,0.2,0.0721043989,0.0136198568,0.00871590495,-0.185074638,-0.00490410626,-0.2,0.00828258634,0.0627752751
569,20068668,0.192553505,-0.108703285,-0.00162212842,0.0334602259,0.0337342694,-0.0625458062,-0.137343973,-0.0345607102,-0.117939822,-0.0623369291,0.165952921,-0.106884666,0.0154042804,-0.00869626284,-0.200729958,-0.184942898,0.00269874156,-0.00500366449,0.2,0.2,-0.0735879645,-0.0624673858,0.0132762337,-0.00855077326,0.0154042804,0.200729958,0.00269874156,0.2,0.0735879645,0.0132762337,0.00869626284,-0.184942898,-0.00500366449,-0.2,0.00855077326,0.0624673858
570,20090997,0.198816568,-0.109706156,-0.00360885146,0.034125112,0.0344329961,-0.0621241592,-0.139485002,-0.0343717225,-0.125649959,-0.0613430776,0.164419174,-0.108834378,0.0159053254,-0.00877649248,-0.201623983,-0.1846437,0.00275463969,-0.00496993273,0.2,0.2,-0.0751299918,-0.0622686155,0.0131535339,-0.00870675027,0.0159053254,0.201623983,0.00275463969,0.2,0.0751299918,0.0131535339,0.00877649248,-0.1846437,-0.00496993273,-0.2,0.00870675027,0.0622686155
571,20109984,0.20388855,-0.108691074,-0.00488704769,0.0355822593,0.0358594581,-0.0614299923,-0.142108843,-0.033538539,-0.130388469,-0.0598522611,0.167232364,-0.110738836,0.016311084,-0.00869528592,-0.202199171,-0.183987983,0.00286875665,-0.00491439939,0.2,0.2,-0.0760776937,-0.0619704522,0.0133785892,-0.0088591069,0.016311084,0.202199171,0.00286875665,0.2,0.0760776937,0.0133785892,0.00869528592,-0.183987983,-0.00491439939,-0.2,0.0088591069,0.0619704522
572,20130327,0.209025696,-0.107645549,-0.00600966346,0.0365476348,0.0373886228,-0.0600130409,-0.143901795,-0.0329737552,-0.135664836,-0.0582525097,0.167112693,-0.112044699,0.0167220557,-0.00861164391,-0.202704349,-0.183553564,0.00299108982,-0.00480104327,0.2,0.2,-0.0771329671,-0.0616505019,0.0133690155,-0.00896357596,0.0167220557,0.202704349,0.00299108982,0.2,0.0771329671,0.0133690155,0.00861164391,-0.183553564,-0.00480104327,-0.2,0.00896357596,0.0616505019
573,20152649,0.213901892,-0.107086688,-0.00608115178,0.0374724753,0.0396034531,-0.0572812669,-0.146314025,-0.0326379426,-0.141464889,-0.0570254624,0.16898337,-0.113238856,0.0171121514,-0.00856693506,-0.202736518,-0.183137386,0.00316827625,-0.00458250135,0.2,0.2,-0.0782929778,-0.0614050925,0.0135186696,-0.0090591085,0.0171121514,0.202736518,0.00316827625,0.2,0.0782929778,0.0135186696,0.00856693506,-0.183137386,-0.00458250135,-0.2,0.0090591085,0.0614050925
574,20177918,0.218187332,-0.104139805,-0.00503202667,0.0373779312,0.0432316512,-0.0530587584,-0.148460418,-0.0320225134,-0.147494569,-0.0547672287,0.166585743,-0.115816779,0.0174549866,-0.00833118439,-0.202264412,-0.183179931,0.00345853209,-0.00424470067,0.2,0.2,-0.0794989139,-0.0609534457,0.0133268595,-0.00926534235,0.0174549866,0.202264412,0.00345853209,0.2,0.0794989139,0.0133268595,0.00833118439,-0.183179931,-0.00424470067,-0.2,0.00926534235,0.0609534457
575,20192538,0.220206082,-0.101377726,-0.00497328071,0.0371838696,0.0476311408,-0.0487978421,-0.150153607,-0.0322994776,-0.15368478,-0.0530972667,0.162381053,-0.117349967,0.0176164865,-0.00811021805,-0.202237976,-0.183267259,0.00381049126,-0.00390382737,0.2,0.2,-0.080736956,-0.0606194533,0.0129904842,-0.00938799739,0.0176164865,0.202237976,0.00381049126,0.2,0.080736956,0.0129904842,0.00811021805,-0.183267259,-0.00390382737,-0.2,0.00938799739,0.0606194533
576,20210186,0.219541222,-0.100088239,-0.00522728218,0.0372717008,0.0529702231,-0.0436006971,-0.152943328,-0.0347965732,-0.160349622,-0.0551241562,0.167494535,-0.115251519,0.0175632977,-0.0080070591,-0.202352277,-0.183227735,0.00423761785,-0.00348805577,0.2,0.2,-0.0820699245,-0.0610248312,0.0133995628,-0.0092201215,0.0175632977,0.202352277,0.00423761785,0.2,0.0820699245,0.0133995628,0.0080070591,-0.183227735,-0.00348805577,-0.2,0.0092201215,0.0610248312
577,20228830,0.217466325,-0.0977185145,-0.00467874156,0.0368843451,0.0577435046,-0.0396411046,-0.155672848,-0.0373653397,-0.164288744,-0.0578519069,0.174985975,-0.113410272,0.017397306,-0.00781748116,-0.202105434,-0.183402045,0.00461948037,-0.00317128837,0.2,0.2,-0.0828577489,-0.0615703814,0.013998878,-0.00907282174,0.017397306,0.202105434,0.00461948037,0.2,0.0828577489,0.013998878,0.00781748116,-0.183402045,-0.00317128837,-0.2,0.00907282174,0.0615703814
578,20250610,0.214162126,-0.0972515494,-0.00392589392,0.0359010622,0.0617083088,-0.0360289663,-0.15508461,-0.0390379094,-0.166131571,-0.0596291013,0.175341293,-0.112331934,0.0171329701,-0.00778012395,-0.201766652,-0.183844522,0.0049366647,-0.0028823173,0.2,0.2,-0.0832263142,-0.0619258203,0.0140273035,-0.00898655474,0.0171329701,0.201766652,0.0049366647,0.2,0.0832263142,0.0140273035,0.00778012395,-0.183844522,-0.0028823173,-0.2,0.00898655474,0.0619258203
579,20274838,0.210611612,-0.0967460349,-0.00297987717,0.0349557251,0.0648662969,-0.0324242264,-0.154571488,-0.0394705385,-0.167945772,-0.0605313964,0.171325043,-0.112711057,0.0168489289,-0.00773968279,-0.201340945,-0.184269924,0.00518930376,-0.00259393811,0.2,0.2,-0.0835891545,-0.0621062793,0.0137060034,-0.00901688457,0.0168489289,0.201340945,0.00518930376,0.2,0.0835891545,0.0137060034,0.00773968279,-0.184269924,-0.00259393811,-0.2,0.00901688457,0.0621062793
580,20288960,0.206184044,-0.0952260792,-0.0023991575,0.0343426056,0.0674382001,-0.0296363328,-0.155968443,-0.0410068184,-0.170593619,-0.0632021353,0.171929002,-0.112660721,0.0164947236,-0.00761808634,-0.201079621,-0.184545827,0.00539505601,-0.00237090662,0.2,0.2,-0.0841187239,-0.0626404271,0.0137543201,-0.00901285768,0.0164947236,0.201079621,0.00539505601,0.2,0.0841187239,0.0137543201,0.00761808634,-0.184545827,-0.00237090662,-0.2,0.00901285768,0.0626404271
581,20312508,0.201223984,-0.0950105041,-0.00149576773,0.0329275951,0.0699127093,-0.0273843873,-0.154045522,-0.0425490737,-0.170209199,-0.0648349524,0.169988364,-0.112064585,0.0160979187,-0.00760084033,-0.200673095,-0.185182582,0.00559301674,-0.00219075099,0.2,0.2,-0.0840418398,-0.0629669905,0.0135990691,-0.00896516681,0.0160979187,0.200673095,0.00559301674,0.2,0.0840418398,0.0135990691,0.00760084033,-0.185182582,-0.00219075099,-0.2,0.00896516681,0.0629669905
582,20329383,0.196950704,-0.0967736468,6.39025093e-05,0.0317294188,0.071947895,-0.0248039272,-0.150590375,-0.0422210358,-0.167050868,-0.0640263036,0.164738938,-0.111795515,0.0157560563,-0.00774189174,-0.199971244,-0.185721762,0.0057558316,-0.00198431417,0.2,0.2,-0.0834101737,-0.0628052607,0.0131791151,-0.00894364119,0.0157560563,0.199971244,0.0057558316,0.2,0.0834101737,0.0131791151,0.00774189174,-0.185721762,-0.00198431417,-0.2,0.00894364119,0.0628052607
583,20348587,0.193782195,-0.0978512168,0.00105779083,0.0320052654,0.0727747455,-0.0232703108,-0.149890423,-0.0422571227,-0.163021952,-0.0639401674,0.168224469,-0.110008143,0.0155025756,-0.00782809734,-0.199523994,-0.185597631,0.00582197964,-0.00186162487,0.2,0.2,-0.0826043904,-0.0627880335,0.0134579575,-0.00880065143,0.0155025756,0.199523994,0.00582197964,0.2,0.0826043904,0.0134579575,0.00782809734,-0.185597631,-0.00186162487,-0.2,0.00880065143,0.0627880335
584,20371560,0.192586198,-0.0971506312,0.00303081702,0.0321544372,0.072711423,-0.0227061603,-0.148399636,-0.0408677943,-0.156695724,-0.0615287833,0.17055051,-0.109538458,0.0154068959,-0.0077720505,-0.198636132,-0.185530503,0.00581691384,-0.00181649283,0.2,0.2,-0.0813391447,-0.0623057567,0.0136440408,-0.00876307666,0.0154068959,0.198636132,0.00581691384,0.2,0.0813391447,0.0136440408,0.0077720505,-0.185530503,-0.00181649283,-0.2,0.00876307666,0.0623057567
585,20393602,0.193575099,-0.0979870334,0.00399785815,0.0329581611,0.0715940073,-0.0221292209,-0.145829007,-0.0386245213,-0.150771588,-0.0574783683,0.170658961,-0.10927707,0.0154860079,-0.00783896267,-0.198200964,-0.185168828,0.00572752059,-0.00177033767,0.2,0.2,-0.0801543176,-0.0614956737,0.0136527169,-0.00874216557,0.0154860079,0.198200964,0.00572752059,0.2,0.0801543176,0.0136527169,0.00783896267,-0.185168828,-0.00177033767,-0.2,0.00874216557,0.0614956737
586,20413644,0.196192548,-0.0982186943,0.00409487914,0.0344037674,0.069466643,-0.0224218816,-0.145090729,-0.0364826396,-0.145543709,-0.0538581498,0.174711376,-0.10796614,0.0156954038,-0.00785749555,-0.198157304,-0.184518305,0.00555733144,-0.00179375052,0.2,0.2,-0.0791087419,-0.06077163,0.0139769101,-0.00863729119,0.0156954038,0.198157304,0.00555733144,0.2,0.0791087419,0.0139769101,0.00785749555,-0.184518305,-0.00179375052,-0.2,0.00863729119,0.06077163
587,20431566,0.199903041,-0.0964627787,0.00383182033,0.0355926305,0.0665082112,-0.0239323527,-0.14465633,-0.0339437127,-0.141578421,-0.0499062762,0.175934941,-0.108732559,0.0159922433,-0.0077170223,-0.198275681,-0.183983316,0.0053206569,-0.00191458821,0.2,0.2,-0.0783156842,-0.0599812552,0.0140747952,-0.0086986047,0.0159922433,0.198275681,0.0053206569,0.2,0.0783156842,0.0140747952,0.0077170223,-0.183983316,-0.00191458821,-0.2,0.0086986047,0.0599812552
588,20462910,0.202984944,-0.097148478,0.00295596337,0.0364065766,0.0639015511,-0.0253553074,-0.142519176,-0.0325521305,-0.137875557,-0.0463596992,0.176737517,-0.107680395,0.0162387955,-0.00777187824,-0.198669816,-0.183617041,0.00511212409,-0.00202842459,0.2,0.2,-0.0775751114,-0.0592719398,0.0141390014,-0.00861443162,0.0162387955,0.198669816,0.00511212409,0.2,0.0775751114,0.0141390014,0.00777187824,-0.183617041,-0.00202842459,-0.2,0.00861443162,0.0592719398
589,20477140,0.204780251,-0.0983606279,0.00251172949,0.036910791,0.0617004484,-0.026809711,-0.141896173,-0.0325528681,-0.134326339,-0.0449881293,0.182566985,-0.10516876,0.0163824201,-0.00786885023,-0.198869722,-0.183390144,0.00493603587,-0.00214477688,0.2,0.2,-0.0768652678,-0.0589976259,0.0146053588,-0.00841350079,0.0163824201,0.198869722,0.00493603587,0.2,0.0768652678,0.0146053588,0.00786885023,-0.183390144,-0.00214477688,-0.2,0.00841350079,0.0589976259
590,20500151,0.205926269,-0.0985779613,0.00231821602,0.0368869193,0.059574455,-0.0282677505,-0.142660305,-0.0331089683,-0.133988217,-0.0456881896,0.186526492,-0.104169987,0.0164741015,-0.00788623691,-0.198956803,-0.183400886,0.0047659564,-0.00226142004,0.2,0.2,-0.0767976433,-0.0591376379,0.0149221194,-0.00833359897,0.0164741015,0.198956803,0.0047659564,0.2,0.0767976433,0.0149221194,0.00788623691,-0.183400886,-0.00226142004,-0.2,0.00833359897,0.0591376379
591,20509193,0.205660284,-0.100363567,0.00202298304,0.0367073715,0.0580874905,-0.0294101201,-0.141462818,-0.0340694934,-0.132299751,-0.0465292446,0.189986676,-0.102532133,0.0164528227,-0.0080290854,-0.199089658,-0.183481683,0.00464699924,-0.00235280961,0.2,0.2,-0.0764599502,-0.0593058489,0.0151989341,-0.00820257068,0.0164528227,0.199089658,0.00464699924,0.2,0.0764599502,0.0151989341,0.0080290854,-0.183481683,-0.00235280961,-0.2,0.00820257068,0.0593058489
592,20529236,0.204978436,-0.101149894,0.0032071583,0.0362939984,0.0571149774,-0.0296374802,-0.14166756,-0.0342736617,-0.130592927,-0.047836028,0.194190517,-0.103080086,0.0163982749,-0.00809199154,-0.198556779,-0.183667701,0.00456919819,-0.00237099841,0.2,0.2,-0.0761185855,-0.0595672056,0.0155352414,-0.00824640691,0.0163982749,0.198556779,0.00456919819,0.2,0.0761185855,0.0155352414,0.00809199154,-0.183667701,-0.00237099841,-0.2,0.00824640691,0.0595672056
593,20551196,0.20500651,-0.0999728963,0.00443252595,0.035927441,0.0569491573,-0.0290201902,-0.140972435,-0.0329933986,-0.128983349,-0.047099296,0.192680374,-0.105793774,0.0164005208,-0.0079978317,-0.198005363,-0.183832652,0.00455593258,-0.00232161522,0.2,0.2,-0.0757966697,-0.0594198592,0.0154144299,-0.00846350193,0.0164005208,0.198005363,0.00455593258,0.2,0.0757966697,0.0154144299,0.0079978317,-0.183832652,-0.00232161522,-0.2,0.00846350193,0.0594198592
594,20569202,0.204194129,-0.100505471,0.00338114006,0.0361221507,0.0561483465,-0.0290256105,-0.140510991,-0.0334900394,-0.128033936,-0.0479590185,0.194165796,-0.105710752,0.0163355303,-0.0080404377,-0.198478487,-0.183745032,0.00449186772,-0.00232204884,0.2,0.2,-0.0756067872,-0.0595918037,0.0155332637,-0.00845686018,0.0163355303,0.198478487,0.00449186772,0.2,0.0756067872,0.0155332637,0.0080404377,-0.183745032,-0.00232204884,-0.2,0.00845686018,0.0595918037
595,20593148,0.203438833,-0.100964956,0.00373412552,0.036027208,0.0555383749,-0.0287060346,-0.141079247,-0.0335369073,-0.128013909,-0.0495106354,0.19795391,-0.105338946,0.0162751067,-0.00807719648,-0.198319644,-0.183787756,0.00444306999,-0.00229648277,0.2,0.2,-0.0756027818,-0.0599021271,0.0158363128,-0.00842711568,0.0162751067,0.198319644,0.00444306999,0.2,0.0756027818,0.0158363128,0.00807719648,-0.183787756,-0.00229648277,-0.2,0.00842711568,0.0599021271
596,20610278,0.202971876,-0.101120077,0.00354261138,0.0352536552,0.054869853,-0.0290089492,-0.141051471,-0.0341861546,-0.129388481,-0.0504902527,0.196359709,-0.105612256,0.0162377501,-0.00808960617,-0.198405825,-0.184135855,0.00438958824,-0.00232071593,0.2,0.2,-0.0758776963,-0.0600980505,0.0157087767,-0.00844898045,0.0162377501,0.198405825,0.00438958824,0.2,0.0758776963,0.0157087767,0.00808960617,-0.184135855,-0.00232071593,-0.2,0.00844898045,0.0600980505
597,20630933,0.201337919,-0.10317903,0.00380283641,0.0344006419,0.0551428273,-0.0285955854,-0.140295953,-0.03538936,-0.130316257,-0.0520444252,0.196274504,-0.104477055,0.0161070335,-0.00825432241,-0.198288724,-0.184519711,0.00441142619,-0.00228764683,0.2,0.2,-0.0760632515,-0.060408885,0.0157019603,-0.00835816443,0.0161070335,0.198288724,0.00441142619,0.2,0.0760632515,0.0157019603,0.00825432241,-0.184519711,-0.00228764683,-0.2,0.00835816443,0.060408885
598,20652795,0.200005978,-0.103375375,0.00343021844,0.0336868465,0.0549742058,-0.0289677754,-0.141442299,-0.0356674418,-0.132236391,-0.0536422767,0.194895521,-0.104857057,0.0160004783,-0.00827003002,-0.198456402,-0.184840919,0.00439793646,-0.00231742203,0.2,0.2,-0.0764472783,-0.0607284553,0.0155916417,-0.00838856459,0.0160004783,0.198456402,0.00439793646,0.2,0.0764472783,0.0155916417,0.00827003002,-0.184840919,-0.00231742203,-0.2,0.00838856459,0.0607284553
599,20675235,0.19969213,-0.10311646,0.00295565766,0.0337313563,0.055056449,-0.0295402482,-0.142056853,-0.0350077674,-0.13370131,-0.0532785878,0.19234094,-0.106353015,0.0159753704,-0.00824931681,-0.198669954,-0.18482089,0.00440451592,-0.00236321986,0.2,0.2,-0.0767402619,-0.0606557176,0.0153872752,-0.00850824118,0.0159753704,0.198669954,0.00440451592,0.2,0.0767402619,0.0153872752,0.00824931681,-0.18482089,-0.00236321986,-0.2,0.00850824118,0.0606557176
600,20690532,0.200788528,-0.103729427,0.00166830409,0.034743458,0.0545577705,-0.0302298609,-0.142384186,-0.0340583324,-0.133401692,-0.0520520583,0.192801654,-0.107246652,0.0160630822,-0.00829835415,-0.199249263,-0.184365444,0.00436462164,-0.00241838887,0.2,0.2,-0.0766803384,-0.0604104117,0.0154241323,-0.00857973218,0.0160630822,0.199249263,0.00436462164,0.2,0.0766803384,0.0154241323,0.00829835415,-0.184365444,-0.00241838887,-0.2,0.00857973218,0.0604104117
601,20711837,0.204544604,-0.102492243,9.91809866e-05,0.0358824842,0.0528326817,-0.0316970199,-0.143675968,-0.031301342,-0.135259837,-0.0493048914,0.188045546,-0.110550322,0.0163635683,-0.00819937944,-0.199955369,-0.183852882,0.00422661453,-0.00253576159,0.2,0.2,-0.0770519674,-0.0598609783,0.0150436437,-0.00884402573,0.0163635683,0.199955369,0.00422661453,0.2,0.0770519674,0.0150436437,0.00819937944,-0.183852882,-0.00253576159,-0.2,0.00884402573,0.0598609783
602,20728712,0.209636599,-0.1013254,-0.00274440576,0.0370493867,0.0510520972,-0.0330000296,-0.145462081,-0.0296403281,-0.141099349,-0.0468226373,0.181115136,-0.113614134,0.0167709279,-0.00810603201,-0.201234983,-0.183327776,0.00408416778,-0.00264000237,0.2,0.2,-0.0782198697,-0.0593645275,0.0144892108,-0.00908913076,0.0167709279,0.201234983,0.00408416778,0.2,0.0782198697,0.0144892108,0.00810603201,-0.183327776,-0.00264000237,-0.2,0.00908913076,0.0593645275
603,20755835,0.214567497,-0.100535721,-0.00598319294,0.0387229286,0.0496700928,-0.0344970413,-0.147980794,-0.0291716289,-0.147247583,-0.0456995293,0.180142894,-0.114677668,0.0171653998,-0.00804285765,-0.202692437,-0.182574682,0.00397360742,-0.0027597633,0.2,0.2,-0.0794495165,-0.0591399059,0.0144114316,-0.00917421341,0.0171653998,0.202692437,0.00397360742,0.2,0.0794495165,0.0144114316,0.00804285765,-0.182574682,-0.0027597633,-0.2,0.00917421341,0.0591399059
604,20767457,0.219172403,-0.0997992232,-0.00916650426,0.0403478965,0.0476697311,-0.0375020616,-0.14982523,-0.0287282579,-0.151037827,-0.0447369739,0.181313053,-0.115024537,0.0175337923,-0.00798393786,-0.204124927,-0.181843447,0.00381357849,-0.00300016493,0.2,0.2,-0.0802075654,-0.0589473948,0.0145050442,-0.00920196295,0.0175337923,0.204124927,0.00381357849,0.2,0.0802075654,0.0145050442,0.00798393786,-0.181843447,-0.00300016493,-0.2,0.00920196295,0.0589473948
605,20798835,0.223317102,-0.100038931,-0.0109777227,0.0407630466,0.0460094512,-0.0403539538,-0.150064334,-0.0285911039,-0.153761998,-0.0436810069,0.179730445,-0.1148507,0.0178653681,-0.00800311446,-0.204939975,-0.181656629,0.00368075609,-0.00322831631,0.2,0.2,-0.0807523996,-0.0587362014,0.0143784356,-0.00918805599,0.0178653681,0.204939975,0.00368075609,0.2,0.0807523996,0.0143784356,0.00800311446,-0.181656629,-0.00322831631,-0.2,0.00918805599,0.0587362014
606,20808541,0.225807205,-0.100470342,-0.0135267265,0.0410849638,0.0438935794,-0.0437172763,-0.151516795,-0.0300919805,-0.158303082,-0.0457539149,0.179007426,-0.113882564,0.0180645764,-0.00803762734,-0.206087027,-0.181511766,0.00351148635,-0.0034973821,0.2,0.2,-0.0816606164,-0.059150783,0.0143205941,-0.00911060512,0.0180645764,0.206087027,0.00351148635,0.2,0.0816606164,0.0143205941,0.00803762734,-0.181511766,-0.0034973821,-0.2,0.00911060512,0.059150783
607,20829707,0.22699973,-0.0994654447,-0.0135314921,0.0405506305,0.0429475829,-0.0459887683,-0.153309956,-0.0311157778,-0.162869513,-0.048290655,0.178247824,-0.11520569,0.0181599784,-0.00795723557,-0.206089171,-0.181752216,0.00343580663,-0.00367910147,0.2,0.2,-0.0825739026,-0.059658131,0.0142598259,-0.00921645522,0.0181599784,0.206089171,0.00343580663,0.2,0.0825739026,0.0142598259,0.00795723557,-0.181752216,-0.00367910147,-0.2,0.00921645522,0.059658131
608,20853333,0.226354972,-0.0992375687,-0.0146972295,0.0396532789,0.0427895635,-0.0481963381,-0.152781337,-0.0332544036,-0.16635792,-0.0511058643,0.173675418,-0.115011737,0.0181083977,-0.00793900549,-0.206613753,-0.182156025,0.00342316508,-0.00385570705,0.2,0.2,-0.0832715839,-0.0602211729,0.0138940334,-0.00920093894,0.0181083977,0.206613753,0.00342316508,0.2,0.0832715839,0.0138940334,0.00793900549,-0.182156025,-0.00385570705,-0.2,0.00920093894,0.0602211729
609,20869742,0.223252207,-0.100629799,-0.0145715531,0.0382333659,0.0437340103,-0.0491812937,-0.153139472,-0.036713507,-0.169713542,-0.0564518347,0.173166513,-0.112745441,0.0178601766,-0.00805038393,-0.206557199,-0.182794985,0.00349872082,-0.0039345035,0.2,0.2,-0.0839427084,-0.0612903669,0.0138533211,-0.00901963532,0.0178601766,0.206557199,0.00349872082,0.2,0.0839427084,0.0138533211,0.00805038393,-0.182794985,-0.0039345035,-0.2,0.00901963532,0.0612903669
610,20894339,0.219369903,-0.101175807,-0.0132226441,0.0371724032,0.0453535393,-0.0494740233,-0.152723327,-0.0387805775,-0.168535993,-0.0604084805,0.175775573,-0.111438952,0.0175495923,-0.00809406459,-0.20595019,-0.183272419,0.00362828314,-0.00395792186,0.2,0.2,-0.0837071985,-0.0620816961,0.0140620458,-0.00891511619,0.0175495923,0.20595019,0.00362828314,0.2,0.0837071985,0.0140620458,0.00809406459,-0.183272419,-0.00395792186,-0.2,0.00891511619,0.0620816961
611,20908352,0.214628071,-0.101253256,-0.0114628337,0.0352999419,0.0471580103,-0.0490021184,-0.151460543,-0.0411976688,-0.167074084,-0.0639488772,0.173551142,-0.110572092,0.0171702456,-0.0081002605,-0.205158275,-0.184115026,0.00377264082,-0.00392016947,0.2,0.2,-0.0834148169,-0.0627897754,0.0138840914,-0.00884576738,0.0171702456,0.205158275,0.00377264082,0.2,0.0834148169,0.0138840914,0.0081002605,-0.184115026,-0.00392016947,-0.2,0.00884576738,0.0627897754
612,20929632,0.208884075,-0.103181615,-0.00922624394,0.0333285816,0.0494875088,-0.0473887846,-0.150085315,-0.0435339436,-0.165586576,-0.0678936988,0.172253191,-0.109300882,0.016710726,-0.00825452924,-0.20415181,-0.185002138,0.00395900071,-0.00379110277,0.2,0.2,-0.0831173152,-0.0635787398,0.0137802553,-0.00874407053,0.016710726,0.20415181,0.00395900071,0.2,0.0831173152,0.0137802553,0.00825452924,-0.185002138,-0.00379110277,-0.2,0.00874407053,0.0635787398
613,20954852,0.203188121,-0.103068441,-0.0067792125,0.0318700112,0.0517050326,-0.0457227305,-0.149717271,-0.0451944321,-0.162666604,-0.0711878836,0.173815936,-0.109292217,0.0162550497,-0.00824547529,-0.203050646,-0.185658495,0.00413640261,-0.00365781844,0.2,0.2,-0.0825333208,-0.0642375767,0.0139052749,-0.00874337733,0.0162550497,0.203050646,0.00413640261,0.2,0.0825333208,0.0139052749,0.00824547529,-0.185658495,-0.00365781844,-0.2,0.00874337733,0.0642375767
614,20968121,0.198802426,-0.102728426,-0.00561461737,0.0308440197,0.0530435257,-0.0446713232,-0.147812083,-0.0455823019,-0.159781352,-0.0722549856,0.168670118,-0.110054255,0.0159041941,-0.00821827412,-0.202526578,-0.186120191,0.00424348205,-0.00357370585,0.2,0.2,-0.0819562703,-0.0644509971,0.0134936094,-0.00880434036,0.0159041941,0.202526578,0.00424348205,0.2,0.0819562703,0.0134936094,0.00821827412,-0.186120191,-0.00357370585,-0.2,0.00880434036,0.0644509971
615,20995740,0.19485046,-0.104264118,-0.00456885668,0.0304307453,0.0541926809,-0.0429449268,-0.145300373,-0.0455907211,-0.156145856,-0.0725872442,0.16623351,-0.109216049,0.0155880368,-0.00834112942,-0.202055986,-0.186306165,0.00433541447,-0.00343559414,0.2,0.2,-0.0812291712,-0.0645174488,0.0132986808,-0.00873728395,0.0155880368,0.202055986,0.00433541447,0.2,0.0812291712,0.0132986808,0.00834112942,-0.186306165,-0.00343559414,-0.2,0.00873728395,0.0645174488
616,21012330,0.192495525,-0.104178727,-0.00338005088,0.0306186564,0.054250259,-0.0421111509,-0.145335957,-0.0450157076,-0.15199782,-0.0726446584,0.169758007,-0.1083984,0.015399642,-0.00833429813,-0.201521023,-0.186221605,0.00434002072,-0.00336889207,0.2,0.2,-0.0803995639,-0.0645289317,0.0135806406,-0.00867187202,0.015399642,0.201521023,0.00434002072,0.2,0.0803995639,0.0135806406,0.00833429813,-0.186221605,-0.00336889207,-0.2,0.00867187202,0.0645289317
617,21033947,0.192026421,-0.10385219,-0.00282852724,0.031517487,0.053215351,-0.0428377092,-0.144162044,-0.0437424779,-0.145466864,-0.0704267994,0.174173683,-0.107412711,0.0153621137,-0.00830817521,-0.201272837,-0.185817131,0.00425722808,-0.00342701674,0.2,0.2,-0.0790933728,-0.0640853599,0.0139338946,-0.00859301686,0.0153621137,0.201272837,0.00425722808,0.2,0.0790933728,0.0139338946,0.00830817521,-0.185817131,-0.00342701674,-0.2,0.00859301686,0.0640853599
618,21049697,0.194436401,-0.104602113,-0.00199715281,0.0321511254,0.0516884662,-0.0424886979,-0.141676471,-0.0409534425,-0.140574008,-0.0659708008,0.171000943,-0.108389258,0.0155549121,-0.00836816907,-0.200898719,-0.185531994,0.0041350773,-0.00339909583,0.2,0.2,-0.0781148016,-0.0631941602,0.0136800754,-0.00867114067,0.0155549121,0.200898719,0.0041350773,0.2,0.0781148016,0.0136800754,0.00836816907,-0.185531994,-0.00339909583,-0.2,0.00867114067,0.0631941602
619,21072314,0.197236583,-0.104459077,-0.00219359924,0.0332010873,0.049862273,-0.0426895209,-0.140968442,-0.0377184264,-0.137495011,-0.0612952374,0.168039873,-0.108907461,0.0157789266,-0.00835672617,-0.20098712,-0.185059511,0.00398898184,-0.00341516167,0.2,0.2,-0.0774990022,-0.0622590475,0.0134431899,-0.00871259689,0.0157789266,0.20098712,0.00398898184,0.2,0.0774990022,0.0134431899,0.00835672617,-0.185059511,-0.00341516167,-0.2,0.00871259689,0.0622590475
620,21088448,0.200349376,-0.103094779,-0.00329092494,0.0349493735,0.0477463454,-0.0439104438,-0.14175716,-0.0362836979,-0.134109437,-0.0581541844,0.172940224,-0.108944125,0.01602795,-0.00824758232,-0.201480916,-0.184272782,0.00381970763,-0.0035128355,0.2,0.2,-0.0768218875,-0.0616308369,0.013835218,-0.00871553004,0.01602795,0.201480916,0.00381970763,0.2,0.0768218875,0.013835218,0.00824758232,-0.184272782,-0.0035128355,-0.2,0.00871553004,0.0616308369
621,21109658,0.203269362,-0.103425562,-0.00450646551,0.0362729691,0.0451410897,-0.0463610776,-0.14099054,-0.0351858586,-0.129581511,-0.0553764962,0.178158939,-0.107806481,0.016261549,-0.00827404499,-0.202027909,-0.183677164,0.00361128718,-0.00370888621,0.2,0.2,-0.0759163022,-0.0610752992,0.0142527151,-0.00862451851,0.016261549,0.202027909,0.00361128718,0.2,0.0759163022,0.0142527151,0.00827404499,-0.183677164,-0.00370888621,-0.2,0.00862451851,0.0610752992
622,21130336,0.207329422,-0.1047723,-0.00476899603,0.0371217094,0.0426650494,-0.0479030944,-0.139628693,-0.0331176259,-0.12625286,-0.0517244376,0.178389639,-0.108114675,0.0165863538,-0.00838178396,-0.202146048,-0.183295231,0.00341320395,-0.00383224756,0.2,0.2,-0.075250572,-0.0603448875,0.0142711711,-0.00864917397,0.0165863538,0.202146048,0.00341320395,0.2,0.075250572,0.0142711711,0.00838178396,-0.183295231,-0.00383224756,-0.2,0.00864917397,0.0603448875
623,21152247,0.211377427,-0.104710609,-0.0062285387,0.0382854491,0.0397990383,-0.0497243665,-0.141233638,-0.0321671739,-0.127697051,-0.0508032441,0.179128855,-0.10878858,0.0169101942,-0.0083768487,-0.202802842,-0.182771548,0.00318392307,-0.00397794932,0.2,0.2,-0.0755394101,-0.0601606488,0.0143303084,-0.00870308638,0.0169101942,0.202802842,0.00318392307,0.2,0.0755394101,0.0143303084,0.0083768487,-0.182771548,-0.00397794932,-0.2,0.00870308638,0.0601606488
624,21169301,0.214872271,-0.103297636,-0.00695753656,0.0390805863,0.0376517139,-0.0514402352,-0.141365081,-0.0306717288,-0.128220856,-0.0489877164,0.178461611,-0.110952973,0.0171897817,-0.00826381087,-0.203130891,-0.182413736,0.00301213712,-0.00411521882,0.2,0.2,-0.0756441712,-0.0597975433,0.0142769289,-0.00887623787,0.0171897817,0.203130891,0.00301213712,0.2,0.0756441712,0.0142769289,0.00826381087,-0.182413736,-0.00411521882,-0.2,0.00887623787,0.0597975433
625,21189821,0.217307836,-0.103787154,-0.00908825826,0.0402378552,0.0352305323,-0.053900294,-0.141359553,-0.0309134442,-0.127790987,-0.0492408462,0.183252424,-0.110273704,0.0173846269,-0.00830297232,-0.204089716,-0.181892965,0.00281844258,-0.00431202352,0.2,0.2,-0.0755581975,-0.0598481692,0.0146601939,-0.00882189631,0.0173846269,0.204089716,0.00281844258,0.2,0.0755581975,0.0146601939,0.00830297232,-0.181892965,-0.00431202352,-0.2,0.00882189631,0.0598481692
626,21216021,0.218746617,-0.104391709,-0.00930720475,0.0395570658,0.033357162,-0.0559542663,-0.141448423,-0.0317564793,-0.128289834,-0.0509058349,0.185738668,-0.10959474,0.0174997294,-0.00835133672,-0.204188242,-0.18219932,0.00266857296,-0.00447634131,0.2,0.2,-0.0756579667,-0.060181167,0.0148590934,-0.0087675792,0.0174997294,0.204188242,0.00266857296,0.2,0.0756579667,0.0148590934,0.00835133672,-0.18219932,-0.00447634131,-0.2,0.0087675792,0.060181167
627,21228734,0.219374493,-0.104459725,-0.00902031548,0.0382924713,0.0326368287,-0.0570499189,-0.140926495,-0.031991899,-0.1298448,-0.0515749976,0.181614801,-0.110079147,0.0175499594,-0.00835677803,-0.204059142,-0.182768388,0.0026109463,-0.00456399351,0.2,0.2,-0.0759689599,-0.0603149995,0.0145291841,-0.00880633175,0.0175499594,0.204059142,0.0026109463,0.2,0.0759689599,0.0145291841,0.00835677803,-0.182768388,-0.00456399351,-0.2,0.00880633175,0.0603149995
628,21251272,0.218283564,-0.105537042,-0.0089416327,0.0376422778,0.0332978033,-0.0563403368,-0.141866222,-0.0340937078,-0.133766934,-0.05490648,0.182707101,-0.109093629,0.0174626851,-0.00844296336,-0.204023735,-0.183060975,0.00266382426,-0.00450722694,0.2,0.2,-0.0767533869,-0.060981296,0.0146165681,-0.00872749031,0.0174626851,0.204023735,0.00266382426,0.2,0.0767533869,0.0146165681,0.00844296336,-0.183060975,-0.00450722694,-0.2,0.00872749031,0.060981296
629,21270586,0.216338098,-0.105064288,-0.00772548886,0.0364839435,0.0349283926,-0.0554585643,-0.142475203,-0.0353488363,-0.134230733,-0.0571999513,0.185731709,-0.108854778,0.0173070478,-0.00840514302,-0.20347647,-0.183582225,0.00279427141,-0.00443668514,0.2,0.2,-0.0768461466,-0.0614399903,0.0148585367,-0.00870838225,0.0173070478,0.20347647,0.00279427141,0.2,0.0768461466,0.0148585367,0.00840514302,-0.183582225,-0.00443668514,-0.2,0.00870838225,0.0614399903
630,21295131,0.214669615,-0.104910888,-0.0062579494,0.0353668258,0.0373209938,-0.0531934835,-0.142418683,-0.0362123214,-0.135559648,-0.0584476329,0.184587836,-0.108892635,0.0171735692,-0.00839287102,-0.202816077,-0.184084928,0.00298567951,-0.00425547868,0.2,0.2,-0.0771119297,-0.0616895266,0.0147670269,-0.00871141076,0.0171735692,0.202816077,0.00298567951,0.2,0.0771119297,0.0147670269,0.00839287102,-0.184084928,-0.00425547868,-0.2,0.00871141076,0.0616895266
631,21309211,0.213079602,-0.105178878,-0.00450523803,0.0347432755,0.0408016331,-0.049106013,-0.142606214,-0.0364998095,-0.1366961,-0.0587857217,0.184257597,-0.109354682,0.0170463681,-0.00841431022,-0.202027357,-0.184365526,0.00326413065,-0.00392848104,0.2,0.2,-0.07733922,-0.0617571443,0.0147406077,-0.00874837458,0.0170463681,0.202027357,0.00326413065,0.2,0.07733922,0.0147406077,0.00841431022,-0.184365526,-0.00392848104,-0.2,0.00874837458,0.0617571443
632,21334187,0.21008642,-0.103830852,-0.0029849296,0.0348001719,0.0439508706,-0.0461656526,-0.144576058,-0.0370608494,-0.135273859,-0.0596771054,0.191384941,-0.108773254,0.0168069136,-0.00830646813,-0.201343218,-0.184339923,0.00351606965,-0.00369325221,0.2,0.2,-0.0770547718,-0.0619354211,0.0153107953,-0.00870186031,0.0168069136,0.201343218,0.00351606965,0.2,0.0770547718,0.0153107953,0.00830646813,-0.184339923,-0.00369325221,-0.2,0.00870186031,0.0619354211
633,21348663,0.209296197,-0.102005437,-0.00201158598,0.034458179,0.0462678336,-0.043252591,-0.145847932,-0.0364571624,-0.137253165,-0.0590609461,0.190600678,-0.110872224,0.0167436957,-0.00816043496,-0.200905214,-0.184493819,0.00370142668,-0.00346020728,0.2,0.2,-0.077450633,-0.0618121892,0.0152480543,-0.00886977792,0.0167436957,0.200905214,0.00370142668,0.2,0.077450633,0.0152480543,0.00816043496,-0.184493819,-0.00346020728,-0.2,0.00886977792,0.0618121892
634,21370399,0.209868774,-0.101295285,-0.00186792447,0.034829326,0.0486418307,-0.039876096,-0.145386383,-0.0346577764,-0.138285354,-0.0555883422,0.186201334,-0.113716543,0.0167895019,-0.00810362279,-0.200840566,-0.184326803,0.00389134645,-0.00319008768,0.2,0.2,-0.0776570708,-0.0611176684,0.0148961067,-0.00909732342,0.0167895019,0.200840566,0.00389134645,0.2,0.0776570708,0.0148961067,0.00810362279,-0.184326803,-0.00319008768,-0.2,0.00909732342,0.0611176684
635,21390772,0.209801018,-0.099616155,-0.00281634671,0.0351340473,0.0504443049,-0.0370384306,-0.148246169,-0.0348796695,-0.143592045,-0.055630438,0.185490251,-0.114737123,0.0167840815,-0.0079692924,-0.201267356,-0.184189679,0.0040355444,-0.00296307445,0.2,0.2,-0.0787184089,-0.0611260876,0.01483922,-0.00917896986,0.0167840815,0.201267356,0.0040355444,0.2,0.0787184089,0.01483922,0.0079692924,-0.184189679,-0.00296307445,-0.2,0.00917896986,0.0611260876
636,21411340,0.210500374,-0.0975015238,-0.00457100058,0.0356830545,0.0516230725,-0.036063768,-0.150086269,-0.0345527194,-0.148550883,-0.0550836436,0.184209853,-0.115643516,0.01684003,-0.0078001219,-0.20205695,-0.183942625,0.0041298458,-0.00288510144,0.2,0.2,-0.0797101766,-0.0610167287,0.0147367883,-0.00925148129,0.01684003,0.20205695,0.0041298458,0.2,0.0797101766,0.0147367883,0.0078001219,-0.183942625,-0.00288510144,-0.2,0.00925148129,0.0610167287
637,21431346,0.211083174,-0.098229818,-0.00621028757,0.0359466858,0.0527379252,-0.0349976569,-0.149251163,-0.0348457955,-0.151593968,-0.0541465953,0.181382269,-0.115089931,0.0168866539,-0.00785838544,-0.202794629,-0.183823991,0.00421903402,-0.00279981256,0.2,0.2,-0.0803187937,-0.0608293191,0.0145105815,-0.00920719445,0.0168866539,0.202794629,0.00421903402,0.2,0.0803187937,0.0145105815,0.00785838544,-0.183823991,-0.00279981256,-0.2,0.00920719445,0.0608293191
638,21449721,0.210890159,-0.0993124321,-0.00746796187,0.0359818451,0.0529182144,-0.0349793099,-0.150696546,-0.0358161591,-0.156483918,-0.0556911416,0.180096269,-0.113748044,0.0168712127,-0.00794499457,-0.203360583,-0.18380817,0.00423345715,-0.00279834479,0.2,0.2,-0.0812967837,-0.0611382283,0.0144077015,-0.0090998435,0.0168712127,0.203360583,0.00423345715,0.2,0.0812967837,0.0144077015,0.00794499457,-0.18380817,-0.00279834479,-0.2,0.0090998435,0.0611382283
639,21468849,0.209764868,-0.0998304263,-0.00822992343,0.0358776972,0.0529341288,-0.0357812457,-0.151851937,-0.0375434197,-0.160013974,-0.0582802519,0.181126297,-0.112461917,0.0167811894,-0.0079864341,-0.203703466,-0.183855036,0.0042347303,-0.00286249965,0.2,0.2,-0.0820027947,-0.0616560504,0.0144901037,-0.00899695337,0.0167811894,0.203703466,0.0042347303,0.2,0.0820027947,0.0144901037,0.0079864341,-0.183855036,-0.00286249965,-0.2,0.00899695337,0.0616560504
640,21490568,0.208814874,-0.100467831,-0.0078170877,0.0351334363,0.0531427786,-0.0368171483,-0.150477931,-0.0376970023,-0.159853235,-0.0581908301,0.177748874,-0.112678453,0.0167051899,-0.00803742647,-0.203517689,-0.184189954,0.00425142229,-0.00294537187,0.2,0.2,-0.081970647,-0.061638166,0.0142199099,-0.00901427627,0.0167051899,0.203517689,0.00425142229,0.2,0.081970647,0.0142199099,0.00803742647,-0.184189954,-0.00294537187,-0.2,0.00901427627,0.061638166
641,21512163,0.207126781,-0.101564951,-0.00734648714,0.0343883745,0.0535416044,-0.03743634,-0.15021579,-0.0387752354,-0.159931481,-0.0594733059,0.176709667,-0.11191228,0.0165701425,-0.0081251961,-0.203305919,-0.184525231,0.00428332835,-0.0029949072,0.2,0.2,-0.0819862962,-0.0618946612,0.0141367733,-0.00895298243,0.0165701425,0.203305919,0.00428332835,0.2,0.0819862962,0.0141367733,0.0081251961,-0.184525231,-0.0029949072,-0.2,0.00895298243,0.0618946612
642,21534694,0.205160305,-0.101412669,-0.00640027178,0.0335370563,0.0540962853,-0.0379702076,-0.150131062,-0.0397988148,-0.159122974,-0.0611298122,0.176588893,-0.111281477,0.0164128244,-0.00811301351,-0.202880122,-0.184908325,0.00432770282,-0.00303761661,0.2,0.2,-0.0818245947,-0.0622259624,0.0141271114,-0.00890251815,0.0164128244,0.202880122,0.00432770282,0.2,0.0818245947,0.0141271114,0.00811301351,-0.184908325,-0.00303761661,-0.2,0.00890251815,0.0622259624
643,21549430,0.203062087,-0.101474807,-0.00597588578,0.0328454152,0.0544425771,-0.0382938981,-0.14928776,-0.0404511169,-0.158925548,-0.0624150522,0.173567727,-0.111069351,0.016244967,-0.00811798453,-0.202689149,-0.185219563,0.00435540617,-0.00306351185,0.2,0.2,-0.0817851096,-0.0624830104,0.0138854182,-0.00888554811,0.016244967,0.202689149,0.00435540617,0.2,0.0817851096,0.0138854182,0.00811798453,-0.185219563,-0.00306351185,-0.2,0.00888554811,0.0624830104
644,21578080,0.200876281,-0.102718718,-0.00536365062,0.032512024,0.0549826473,-0.0379735306,-0.148645818,-0.041582685,-0.158811584,-0.0644932389,0.173925772,-0.109573632,0.0160701025,-0.00821749747,-0.202413643,-0.185369589,0.00439861178,-0.00303788245,0.2,0.2,-0.0817623168,-0.0628986478,0.0139140618,-0.0087658906,0.0160701025,0.202413643,0.00439861178,0.2,0.0817623168,0.0139140618,0.00821749747,-0.185369589,-0.00303788245,-0.2,0.0087658906,0.0628986478
645,21590394,0.197740331,-0.10352008,-0.00492317881,0.0322229974,0.0547823422,-0.0387478322,-0.148521215,-0.0434735455,-0.157202587,-0.0679104403,0.178524926,-0.106922202,0.0158192265,-0.00828160644,-0.20221543,-0.185499651,0.00438258737,-0.00309982657,0.2,0.2,-0.0814405173,-0.0635820881,0.0142819941,-0.00855377614,0.0158192265,0.20221543,0.00438258737,0.2,0.0814405173,0.0142819941,0.00828160644,-0.185499651,-0.00309982657,-0.2,0.00855377614,0.0635820881
646,21610565,0.195733204,-0.103909105,-0.00288776006,0.0314774215,0.0545679703,-0.039330557,-0.145564184,-0.0423223116,-0.15183492,-0.0668122098,0.176180899,-0.107053868,0.0156586564,-0.0083127284,-0.201299492,-0.18583516,0.00436543763,-0.00314644456,0.2,0.2,-0.080366984,-0.063362442,0.0140944719,-0.00856430948,0.0156586564,0.201299492,0.00436543763,0.2,0.080366984,0.0140944719,0.0083127284,-0.18583516,-0.00314644456,-0.2,0.00856430948,0.063362442
647,21631767,0.194421843,-0.10446085,-0.00205404987,0.0309401136,0.054301329,-0.0389493182,-0.143671021,-0.041619055,-0.148405463,-0.0654650554,0.171828657,-0.10786029,0.0155537474,-0.00835686803,-0.200924322,-0.186076949,0.00434410632,-0.00311594546,0.2,0.2,-0.0796810925,-0.0630930111,0.0137462926,-0.00862882316,0.0155537474,0.200924322,0.00434410632,0.2,0.0796810925,0.0137462926,0.00835686803,-0.186076949,-0.00311594546,-0.2,0.00862882316,0.0630930111
648,21649166,0.192645162,-0.104244754,-0.000954172399,0.0313518383,0.0541114211,-0.0390539877,-0.143379629,-0.0410992503,-0.143144861,-0.0648863316,0.176689565,-0.106584854,0.015411613,-0.0083395803,-0.200429378,-0.185891673,0.00432891369,-0.00312431902,0.2,0.2,-0.0786289722,-0.0629772663,0.0141351652,-0.00852678835,0.015411613,0.200429378,0.00432891369,0.2,0.0786289722,0.0141351652,0.0083395803,-0.185891673,-0.00312431902,-0.2,0.00852678835,0.0629772663
649,21669952,0.19241339,-0.103663094,1.10160477e-06,0.0319005214,0.0532789342,-0.03959224,-0.142614827,-0.0400359556,-0.137390405,-0.0632176846,0.181056246,-0.106080145,0.0153930712,-0.00829304755,-0.199999504,-0.185644765,0.00426231474,-0.0031673792,0.2,0.2,-0.077478081,-0.0626435369,0.0144844997,-0.00848641157,0.0153930712,0.199999504,0.00426231474,0.2,0.077478081,0.0144844997,0.00829304755,-0.185644765,-0.0031673792,-0.2,0.00848641157,0.0626435369
650,21690795,0.194608018,-0.104151614,7.27188308e-05,0.03220075,0.0518199392,-0.0399018824,-0.140895292,-0.0382358953,-0.13457118,-0.0602163039,0.177691877,-0.106693856,0.0155686414,-0.00833212912,-0.199967277,-0.185509663,0.00414559513,-0.00319215059,0.2,0.2,-0.0769142359,-0.0620432608,0.0142153502,-0.00853550851,0.0155686414,0.199967277,0.00414559513,0.2,0.0769142359,0.0142153502,0.00833212912,-0.185509663,-0.00319215059,-0.2,0.00853550851,0.0620432608
651,21709602,0.197107688,-0.104283407,-0.000755805522,0.0331081152,0.0501269475,-0.040028695,-0.140912101,-0.0365596749,-0.134640649,-0.0581499971,0.174796686,-0.107446611,0.015768615,-0.00834267259,-0.200340112,-0.185101348,0.0040101558,-0.0032022956,0.2,0.2,-0.0769281298,-0.0616299994,0.0139837348,-0.00859572887,0.015768615,0.200340112,0.0040101558,0.2,0.0769281298,0.0139837348,0.00834267259,-0.185101348,-0.0032022956,-0.2,0.00859572887,0.0616299994
652,21735970,0.198789343,-0.103462525,-0.00208243961,0.0345006362,0.0482853614,-0.0415691324,-0.142775536,-0.0360808596,-0.13442485,-0.0579187796,0.180674106,-0.106737696,0.0159031475,-0.00827700198,-0.200937098,-0.184474714,0.00386282891,-0.00332553059,0.2,0.2,-0.0768849701,-0.0615837559,0.0144539285,-0.00853901565,0.0159031475,0.200937098,0.00386282891,0.2,0.0768849701,0.0144539285,0.00827700198,-0.184474714,-0.00332553059,-0.2,0.00853901565,0.0615837559
653,21748510,0.201708078,-0.103781462,-0.00298449583,0.0354558304,0.0463088453,-0.0433327593,-0.141826913,-0.0350473039,-0.132094011,-0.0557614341,0.183008954,-0.107424498,0.0161366463,-0.00830251694,-0.201343023,-0.184044876,0.00370470762,-0.00346662074,0.2,0.2,-0.0764188021,-0.0611522868,0.0146407163,-0.00859395981,0.0161366463,0.201343023,0.00370470762,0.2,0.0764188021,0.0146407163,0.00830251694,-0.184044876,-0.00346662074,-0.2,0.00859395981,0.0611522868
654,21773771,0.20547688,-0.105121098,-0.00428932346,0.0360119045,0.0440215878,-0.0443335362,-0.141423583,-0.0338433534,-0.133683249,-0.0540740825,0.179276988,-0.10921032,0.0164381504,-0.00840968788,-0.201930196,-0.183794643,0.00352172703,-0.00354668289,0.2,0.2,-0.0767366499,-0.0608148165,0.014342159,-0.00873682559,0.0164381504,0.201930196,0.00352172703,0.2,0.0767366499,0.014342159,0.00840968788,-0.183794643,-0.00354668289,-0.2,0.00873682559,0.0608148165
655,21788336,0.208497271,-0.105079733,-0.00604170049,0.0369579345,0.0419030823,-0.0456992649,-0.143072456,-0.0331418626,-0.13661626,-0.0538130812,0.178412929,-0.110857755,0.0166797817,-0.00840637863,-0.202718765,-0.183368929,0.00335224658,-0.00365594119,0.2,0.2,-0.077323252,-0.0607626162,0.0142730343,-0.0088686204,0.0166797817,0.202718765,0.00335224658,0.2,0.077323252,0.0142730343,0.00840637863,-0.183368929,-0.00365594119,-0.2,0.0088686204,0.0607626162
656,21810398,0.210751608,-0.103784047,-0.00704331649,0.0379452296,0.0404817723,-0.0478903651,-0.143943503,-0.0322386213,-0.135886356,-0.0525123514,0.181652367,-0.111859299,0.0168601286,-0.00830272377,-0.203169492,-0.182924647,0.00323854178,-0.00383122921,0.2,0.2,-0.0771772712,-0.0605024703,0.0145321894,-0.00894874394,0.0168601286,0.203169492,0.00323854178,0.2,0.0771772712,0.0145321894,0.00830272377,-0.182924647,-0.00383122921,-0.2,0.00894874394,0.0605024703
657,21829611,0.214335218,-0.103555173,-0.00796069857,0.038420964,0.0390329733,-0.0495458469,-0.142281041,-0.0308075491,-0.134174004,-0.0493951812,0.178300515,-0.114036269,0.0171468174,-0.00828441381,-0.203582314,-0.182710566,0.00312263787,-0.00396366775,0.2,0.2,-0.0768348008,-0.0598790362,0.0142640412,-0.00912290156,0.0171468174,0.203582314,0.00312263787,0.2,0.0768348008,0.0142640412,0.00828441381,-0.182710566,-0.00396366775,-0.2,0.00912290156,0.0598790362
658,21848838,0.217617109,-0.103508569,-0.00808501989,0.0385873429,0.0384291746,-0.0496684425,-0.142307088,-0.0294399112,-0.135001317,-0.0472959839,0.175001889,-0.115058981,0.0174093688,-0.00828068554,-0.203638259,-0.182635696,0.00307433397,-0.0039734754,0.2,0.2,-0.0770002633,-0.0594591968,0.0140001512,-0.00920471847,0.0174093688,0.203638259,0.00307433397,0.2,0.0770002633,0.0140001512,0.00828068554,-0.182635696,-0.0039734754,-0.2,0.00920471847,0.0594591968
659,21871797,0.218997657,-0.102857433,-0.00970414095,0.0386017337,0.037967965,-0.0502524301,-0.145861596,-0.0318805985,-0.140732482,-0.050662417,0.178752556,-0.113364361,0.0175198126,-0.00822859466,-0.204366863,-0.18262922,0.0030374372,-0.00402019441,0.2,0.2,-0.0781464964,-0.0601324834,0.0143002045,-0.0090691489,0.0175198126,0.204366863,0.0030374372,0.2,0.0781464964,0.0143002045,0.00822859466,-0.18262922,-0.00402019441,-0.2,0.0090691489,0.0601324834
660,21890153,0.21901229,-0.102888718,-0.00938755739,0.0382239148,0.0386538506,-0.0507110767,-0.14720577,-0.0338531807,-0.143455699,-0.0534092858,0.184671178,-0.111777641,0.0175209832,-0.00823109746,-0.204224401,-0.182799238,0.00309230804,-0.00405688614,0.2,0.2,-0.0786911398,-0.0606818572,0.0147736943,-0.00894221127,0.0175209832,0.204224401,0.00309230804,0.2,0.0786911398,0.0147736943,0.00823109746,-0.182799238,-0.00405688614,-0.2,0.00894221127,0.0606818572
661,21907906,0.21852082,-0.104053564,-0.00918058772,0.037129432,0.0399225727,-0.0500772223,-0.146340713,-0.0354041271,-0.145739257,-0.0549871027,0.182671472,-0.110915974,0.0174816656,-0.00832428515,-0.204131264,-0.183291756,0.00319380581,-0.00400617778,0.2,0.2,-0.0791478515,-0.0609974205,0.0146137178,-0.0088732779,0.0174816656,0.204131264,0.00319380581,0.2,0.0791478515,0.0146137178,0.00832428515,-0.183291756,-0.00400617778,-0.2,0.0088732779,0.0609974205
662,21935626,0.217043877,-0.104158856,-0.00976999383,0.0363038518,0.0407660119,-0.0497938171,-0.147603497,-0.0365530476,-0.150558785,-0.0578980595,0.17824617,-0.111074485,0.0173635101,-0.00833270848,-0.204396497,-0.183663267,0.00326128095,-0.00398350537,0.2,0.2,-0.0801117569,-0.0615796119,0.0142596936,-0.00888595879,0.0173635101,0.204396497,0.00326128095,0.2,0.0801117569,0.0142596936,0.00833270848,-0.183663267,-0.00398350537,-0.2,0.00888595879,0.0615796119
663,21949486,0.213258639,-0.103843547,-0.0101655945,0.0356713571,0.0421643071,-0.049192369,-0.149321809,-0.0388386659,-0.155261084,-0.0627300963,0.178952247,-0.110638566,0.0170606911,-0.00830748379,-0.204574518,-0.183947889,0.00337314457,-0.00393538952,0.2,0.2,-0.0810522169,-0.0625460193,0.0143161798,-0.00885108531,0.0170606911,0.204574518,0.00337314457,0.2,0.0810522169,0.0143161798,0.00830748379,-0.183947889,-0.00393538952,-0.2,0.00885108531,0.0625460193
664,21970934,0.208692953,-0.103886195,-0.00873290561,0.0338940099,0.0445278324,-0.0481845252,-0.148475707,-0.0407484844,-0.156292111,-0.0655623451,0.17740202,-0.110686712,0.0166954362,-0.00831089556,-0.203929808,-0.184747696,0.00356222659,-0.00385476202,0.2,0.2,-0.0812584221,-0.063112469,0.0141921616,-0.00885493696,0.0166954362,0.203929808,0.00356222659,0.2,0.0812584221,0.0141921616,0.00831089556,-0.184747696,-0.00385476202,-0.2,0.00885493696,0.063112469
665,21989740,0.203437373,-0.105892844,-0.00733784866,0.0321695693,0.0471714027,-0.0464614853,-0.147107109,-0.0430107191,-0.155641228,-0.0686240345,0.176702023,-0.109445736,0.0162749898,-0.00847142756,-0.203302032,-0.185523694,0.00377371222,-0.00371691883,0.2,0.2,-0.0811282456,-0.0637248069,0.0141361618,-0.00875565886,0.0162749898,0.203302032,0.00377371222,0.2,0.0811282456,0.0141361618,0.00847142756,-0.185523694,-0.00371691883,-0.2,0.00875565886,0.0637248069
666,22012414,0.198536605,-0.106114447,-0.00550753251,0.0310089905,0.0492436402,-0.0449840985,-0.147576675,-0.044234246,-0.154623628,-0.0714094937,0.177871481,-0.109088801,0.0158829284,-0.00848915577,-0.20247839,-0.186045954,0.00393949121,-0.00359872788,0.2,0.2,-0.0809247255,-0.0642818987,0.0142297184,-0.00872710407,0.0158829284,0.20247839,0.00393949121,0.2,0.0809247255,0.0142297184,0.00848915577,-0.186045954,-0.00359872788,-0.2,0.00872710407,0.0642818987
667,22030919,0.194774136,-0.105028428,-0.00355076068,0.0302097239,0.051207874,-0.0434668437,-0.147406548,-0.0441712998,-0.152962297,-0.0718607903,0.176328555,-0.110212721,0.0155819309,-0.00840227425,-0.201597842,-0.186405624,0.00409662992,-0.00347734749,0.2,0.2,-0.0805924594,-0.0643721581,0.0141062844,-0.00881701767,0.0155819309,0.201597842,0.00409662992,0.2,0.0805924594,0.0141062844,0.00840227425,-0.186405624,-0.00347734749,-0.2,0.00881701767,0.0643721581
668,22047428,0.193025336,-0.104523376,-0.00233706017,0.0302298367,0.0529087335,-0.0415409803,-0.146152824,-0.0430013202,-0.150378913,-0.0700422451,0.173236594,-0.11156331,0.0154420269,-0.00836187005,-0.201051677,-0.186396573,0.00423269868,-0.00332327843,0.2,0.2,-0.0800757825,-0.064008449,0.0138589275,-0.0089250648,0.0154420269,0.201051677,0.00423269868,0.2,0.0800757825,0.0138589275,0.00836187005,-0.186396573,-0.00332327843,-0.2,0.0089250648,0.064008449
669,22071696,0.193181068,-0.103114441,-0.00153227034,0.0307572652,0.0541495457,-0.0393158533,-0.146577269,-0.0410296433,-0.149390638,-0.0673606396,0.171100095,-0.113009162,0.0154544854,-0.00824915528,-0.200689522,-0.186159231,0.00433196366,-0.00314526826,0.2,0.2,-0.0798781276,-0.0634721279,0.0136880076,-0.00904073298,0.0154544854,0.200689522,0.00433196366,0.2,0.0798781276,0.0136880076,0.00824915528,-0.186159231,-0.00314526826,-0.2,0.00904073298,0.0634721279
670,22087496,0.195049226,-0.101386242,-0.00189417892,0.0321241692,0.0550858043,-0.0374178737,-0.14741531,-0.0391045138,-0.149432108,-0.0640505478,0.170322105,-0.113885812,0.0156039381,-0.00811089933,-0.200852381,-0.185544124,0.00440686435,-0.0029934299,0.2,0.2,-0.0798864216,-0.0628101096,0.0136257684,-0.009110865,0.0156039381,0.200852381,0.00440686435,0.2,0.0798864216,0.0136257684,0.00811089933,-0.185544124,-0.0029934299,-0.2,0.009110865,0.0628101096
671,22116276,0.197766095,-0.101048633,-0.00220919005,0.0335051119,0.0557650514,-0.035853859,-0.146837637,-0.0371589698,-0.147402525,-0.0597638637,0.171821102,-0.113700472,0.0158212876,-0.00808389068,-0.200994136,-0.1849227,0.00446120411,-0.00286830872,0.2,0.2,-0.079480505,-0.0619527727,0.0137456882,-0.00909603775,0.0158212876,0.200994136,0.00446120411,0.2,0.079480505,0.0137456882,0.00808389068,-0.1849227,-0.00286830872,-0.2,0.00909603775,0.0619527727
672,22127428,0.200732678,-0.101091392,-0.0029744301,0.0348019935,0.0552504659,-0.0355892777,-0.146967486,-0.0358651802,-0.145517662,-0.0564480051,0.17488879,-0.112471595,0.0160586143,-0.00808731139,-0.201338494,-0.184339103,0.00442003727,-0.00284714222,0.2,0.2,-0.0791035324,-0.061289601,0.0139911032,-0.00899772763,0.0160586143,0.201338494,0.00442003727,0.2,0.0791035324,0.0139911032,0.00808731139,-0.184339103,-0.00284714222,-0.2,0.00899772763,0.061289601
673,22149385,0.204018861,-0.100822762,-0.00412137015,0.0357125737,0.0538959131,-0.0362037346,-0.146947473,-0.0346741863,-0.1458195,-0.0538905673,0.173457339,-0.112216845,0.0163215089,-0.00806582093,-0.201854617,-0.183929342,0.00431167305,-0.00289629877,0.2,0.2,-0.0791639,-0.0607781135,0.0138765872,-0.00897734761,0.0163215089,0.201854617,0.00431167305,0.2,0.0791639,0.0138765872,0.00806582093,-0.183929342,-0.00289629877,-0.2,0.00897734761,0.0607781135
674,22173461,0.205412611,-0.101759151,-0.00534911035,0.0361576825,0.0524715483,-0.03759031,-0.147053525,-0.0351312421,-0.146262929,-0.0535016879,0.175183013,-0.110578157,0.0164330089,-0.00814073205,-0.2024071,-0.183729043,0.00419772387,-0.0030072248,0.2,0.2,-0.0792525858,-0.0607003376,0.014014641,-0.00884625256,0.0164330089,0.2024071,0.00419772387,0.2,0.0792525858,0.014014641,0.00814073205,-0.183729043,-0.0030072248,-0.2,0.00884625256,0.0607003376
675,22190306,0.206336558,-0.1024376,-0.00673958892,0.0368745849,0.0501038097,-0.040198151,-0.147606745,-0.0359466486,-0.146809712,-0.0551150776,0.179070592,-0.109757729,0.0165069246,-0.00819500804,-0.203032815,-0.183406437,0.00400830477,-0.00321585208,0.2,0.2,-0.0793619424,-0.0610230155,0.0143256474,-0.00878061831,0.0165069246,0.203032815,0.00400830477,0.2,0.0793619424,0.0143256474,0.00819500804,-0.183406437,-0.00321585208,-0.2,0.00878061831,0.0610230155
676,22211254,0.207357794,-0.102881432,-0.00665957946,0.0368433744,0.0480725095,-0.0426634923,-0.146046609,-0.0350777097,-0.145312354,-0.0544253476,0.177587032,-0.110062495,0.0165886235,-0.00823051453,-0.202996811,-0.183420482,0.00384580076,-0.00341307938,0.2,0.2,-0.0790624708,-0.0608850695,0.0142069626,-0.00880499959,0.0165886235,0.202996811,0.00384580076,0.2,0.0790624708,0.0142069626,0.00823051453,-0.183420482,-0.00341307938,-0.2,0.00880499959,0.0608850695
677,22230245,0.207931548,-0.103906907,-0.00723855756,0.0367811881,0.0461657457,-0.0447953008,-0.145656198,-0.0356733166,-0.144895315,-0.0553962924,0.178050205,-0.110083178,0.0166345239,-0.00831255257,-0.203257351,-0.183448465,0.00369325966,-0.00358362406,0.2,0.2,-0.078979063,-0.0610792585,0.0142440164,-0.00880665421,0.0166345239,0.203257351,0.00369325966,0.2,0.078979063,0.0142440164,0.00831255257,-0.183448465,-0.00358362406,-0.2,0.00880665421,0.0610792585
678,22253655,0.207800791,-0.103483088,-0.00714921393,0.0365336128,0.0449424572,-0.0466359667,-0.146813765,-0.0363633446,-0.145957083,-0.0576748997,0.180380881,-0.109282255,0.0166240633,-0.00827864707,-0.203217146,-0.183559874,0.00359539658,-0.00373087734,0.2,0.2,-0.0791914165,-0.0615349799,0.0144304705,-0.00874258041,0.0166240633,0.203217146,0.00359539658,0.2,0.0791914165,0.0144304705,0.00827864707,-0.183559874,-0.00373087734,-0.2,0.00874258041,0.0615349799
679,22272394,0.208202451,-0.102935888,-0.00709402887,0.0360356234,0.0440192111,-0.0479545258,-0.145666391,-0.0363762192,-0.144791156,-0.0576946624,0.178412169,-0.111584902,0.0166561961,-0.00823487103,-0.203192313,-0.183783969,0.00352153689,-0.00383636206,0.2,0.2,-0.0789582312,-0.0615389325,0.0142729735,-0.00892679214,0.0166561961,0.203192313,0.00352153689,0.2,0.0789582312,0.0142729735,0.00823487103,-0.183783969,-0.00383636206,-0.2,0.00892679214,0.0615389325
680,22289566,0.206652522,-0.104192205,-0.00672108168,0.035088893,0.0441297404,-0.0480550379,-0.144765466,-0.0378036201,-0.144869387,-0.0600314029,0.178388581,-0.109621376,0.0165322018,-0.00833537638,-0.203024487,-0.184209998,0.00353037924,-0.00384440303,0.2,0.2,-0.0789738774,-0.0620062806,0.0142710865,-0.00876971006,0.0165322018,0.203024487,0.00353037924,0.2,0.0789738774,0.0142710865,0.00833537638,-0.184209998,-0.00384440303,-0.2,0.00876971006,0.0620062806
681,22321488,0.205109715,-0.104150869,-0.00582544552,0.034464661,0.0446782075,-0.0475495085,-0.144735649,-0.0385244973,-0.144244462,-0.0616778322,0.179105118,-0.108753473,0.0164087772,-0.00833206952,-0.20262145,-0.184490903,0.0035742566,-0.00380396068,0.2,0.2,-0.0788488925,-0.0623355664,0.0143284094,-0.00870027781,0.0164087772,0.20262145,0.0035742566,0.2,0.0788488925,0.0143284094,0.00833206952,-0.184490903,-0.00380396068,-0.2,0.00870027781,0.0623355664
682,22330957,0.202890113,-0.104467236,-0.00470099412,0.0334660858,0.045649685,-0.0465305932,-0.143575266,-0.0393460952,-0.142744601,-0.0627393425,0.178920016,-0.108059607,0.016231209,-0.00835737884,-0.202115447,-0.184940261,0.0036519748,-0.00372244745,0.2,0.2,-0.0785489202,-0.0625478685,0.0143136013,-0.0086447686,0.016231209,0.202115447,0.0036519748,0.2,0.0785489202,0.0143136013,0.00835737884,-0.184940261,-0.00372244745,-0.2,0.0086447686,0.0625478685
683,22349213,0.199376225,-0.106039502,-0.0032903098,0.032387767,0.0469328836,-0.0448142178,-0.142451152,-0.0409279428,-0.141345233,-0.064845629,0.179534793,-0.106502444,0.015950098,-0.00848316014,-0.201480639,-0.185425505,0.00375463068,-0.00358513743,0.2,0.2,-0.0782690465,-0.0629691258,0.0143627834,-0.00852019548,0.015950098,0.201480639,0.00375463068,0.2,0.0782690465,0.0143627834,0.00848316014,-0.185425505,-0.00358513743,-0.2,0.00852019548,0.0629691258
684,22373318,0.19597584,-0.106800079,-0.00135080318,0.0316039883,0.0482926555,-0.0432442203,-0.143113241,-0.0419137292,-0.139859602,-0.0670777038,0.183890253,-0.105495714,0.0156780672,-0.00854400635,-0.200607861,-0.185778205,0.00386341244,-0.00345953763,0.2,0.2,-0.0779719204,-0.0634155408,0.0147112203,-0.00843965709,0.0156780672,0.200607861,0.00386341244,0.2,0.0779719204,0.0147112203,0.00854400635,-0.185778205,-0.00345953763,-0.2,0.00843965709,0.0634155408
685,22390002,0.195136622,-0.105944403,4.77304529e-05,0.0316137224,0.0493181795,-0.0417157039,-0.142519981,-0.0405728891,-0.138031363,-0.0657740086,0.181898251,-0.107740596,0.0156109297,-0.0084755522,-0.199978521,-0.185773825,0.00394545436,-0.00333725631,0.2,0.2,-0.0776062727,-0.0631548017,0.0145518601,-0.00861924767,0.0156109297,0.199978521,0.00394545436,0.2,0.0776062727,0.0145518601,0.0084755522,-0.185773825,-0.00333725631,-0.2,0.00861924767,0.0631548017
686,22413555,0.19549711,-0.105388537,0.000316556776,0.0321251824,0.0500060804,-0.0401330702,-0.142039865,-0.0384117104,-0.136797383,-0.0627396703,0.178118363,-0.110334553,0.0156397688,-0.00843108296,-0.199857549,-0.185543668,0.00400048643,-0.00321064562,0.2,0.2,-0.0773594767,-0.0625479341,0.014249469,-0.00882676423,0.0156397688,0.199857549,0.00400048643,0.2,0.0773594767,0.014249469,0.00843108296,-0.185543668,-0.00321064562,-0.2,0.00882676423,0.0625479341
687,22429420,0.19603844,-0.104426488,-0.000827585813,0.0330994092,0.0499362238,-0.0396261066,-0.143995017,-0.0380248912,-0.137126803,-0.0621475875,0.181554154,-0.110234775,0.0156830752,-0.00835411906,-0.200372414,-0.185105266,0.0039948979,-0.00317008853,0.2,0.2,-0.0774253607,-0.0624295175,0.0145243323,-0.00881878197,0.0156830752,0.200372414,0.0039948979,0.2,0.0774253607,0.0145243323,0.00835411906,-0.185105266,-0.00317008853,-0.2,0.00881878197,0.0624295175
688,22449847,0.198579371,-0.102317192,-0.00146691164,0.0336026177,0.0496541634,-0.0397466719,-0.144172654,-0.0357837901,-0.137242198,-0.0585857704,0.178069293,-0.112387061,0.0158863497,-0.00818537533,-0.20066011,-0.184878822,0.00397233307,-0.00317973375,0.2,0.2,-0.0774484396,-0.0617171541,0.0142455435,-0.00899096489,0.0158863497,0.20066011,0.00397233307,0.2,0.0774484396,0.0142455435,0.00818537533,-0.184878822,-0.00317973375,-0.2,0.00899096489,0.0617171541
689,22469380,0.202204734,-0.102512971,-0.00274753664,0.034726195,0.0495383106,-0.0390860289,-0.143519774,-0.0337198377,-0.137938544,-0.0542183593,0.173794016,-0.114056617,0.0161763787,-0.00820103765,-0.201236391,-0.184373212,0.00396306485,-0.00312688231,0.2,0.2,-0.0775877088,-0.0608436719,0.0139035213,-0.00912452936,0.0161763787,0.201236391,0.00396306485,0.2,0.0775877088,0.0139035213,0.00820103765,-0.184373212,-0.00312688231,-0.2,0.00912452936,0.0608436719
690,22489792,0.204745203,-0.102878541,-0.00574922701,0.0364190936,0.0479491912,-0.0404462181,-0.145960644,-0.0341068581,-0.140708715,-0.0545902811,0.17815347,-0.112645209,0.0163796163,-0.00823028326,-0.202587152,-0.183611408,0.00383593529,-0.00323569745,0.2,0.2,-0.0781417429,-0.0609180562,0.0142522776,-0.00901161671,0.0163796163,0.202587152,0.00383593529,0.2,0.0781417429,0.0142522776,0.00823028326,-0.183611408,-0.00323569745,-0.2,0.00901161671,0.0609180562
691,22509757,0.207170054,-0.102279253,-0.00689616613,0.0368196703,0.046135433,-0.0428599901,-0.147608891,-0.0343207493,-0.143598154,-0.0550157912,0.180152416,-0.112509012,0.0165736043,-0.00818234026,-0.203103275,-0.183431148,0.00369083464,-0.00342879921,0.2,0.2,-0.0787196308,-0.0610031582,0.0144121933,-0.00900072098,0.0165736043,0.203103275,0.00369083464,0.2,0.0787196308,0.0144121933,0.00818234026,-0.183431148,-0.00342879921,-0.2,0.00900072098,0.0610031582
692,22531605,0.209096849,-0.103842668,-0.00797459483,0.03648936,0.0451917276,-0.0444362462,-0.146814361,-0.035239704,-0.146956101,-0.0553669669,0.176706731,-0.112270691,0.0167277479,-0.00830741346,-0.203588568,-0.183579788,0.00361533821,-0.00355489969,0.2,0.2,-0.0793912202,-0.0610733934,0.0141365385,-0.00898165524,0.0167277479,0.203588568,0.00361533821,0.2,0.0793912202,0.0141365385,0.00830741346,-0.183579788,-0.00355489969,-0.2,0.00898165524,0.0610733934
693,22549240,0.209777594,-0.104359068,-0.00905635674,0.0366369225,0.0443254039,-0.0462915301,-0.14835234,-0.0363529176,-0.150639787,-0.0578694418,0.177479714,-0.11157313,0.0167822075,-0.00834872544,-0.204075361,-0.183513385,0.00354603231,-0.00370332241,0.2,0.2,-0.0801279575,-0.0615738884,0.0141983771,-0.00892585039,0.0167822075,0.204075361,0.00354603231,0.2,0.0801279575,0.0141983771,0.00834872544,-0.183513385,-0.00370332241,-0.2,0.00892585039,0.0615738884
694,22570227,0.210087314,-0.10290017,-0.00870366767,0.0361050926,0.0442390405,-0.0475918576,-0.149049416,-0.0364213847,-0.152575195,-0.0590554252,0.176332608,-0.11318554,0.0168069851,-0.00823201358,-0.20391665,-0.183752708,0.00353912324,-0.00380734861,0.2,0.2,-0.080515039,-0.061811085,0.0141066086,-0.00905484319,0.0168069851,0.20391665,0.00353912324,0.2,0.080515039,0.0141066086,0.00823201358,-0.183752708,-0.00380734861,-0.2,0.00905484319,0.061811085
695,22587509,0.209947497,-0.102925137,-0.00895177759,0.0355996601,0.0447241887,-0.0478421934,-0.148237929,-0.0373018794,-0.154088944,-0.0599762425,0.17313458,-0.114003465,0.0167957997,-0.00823401093,-0.2040283,-0.183980153,0.0035779351,-0.00382737547,0.2,0.2,-0.0808177888,-0.0619952485,0.0138507664,-0.00912027717,0.0167957997,0.2040283,0.0035779351,0.2,0.0808177888,0.0138507664,0.00823401093,-0.183980153,-0.00382737547,-0.2,0.00912027717,0.0619952485
696,22610448,0.208802372,-0.103826649,-0.00856796186,0.0352548249,0.045892939,-0.046836406,-0.148299068,-0.0385266244,-0.155211061,-0.0619488955,0.174216121,-0.11288853,0.0167041898,-0.00830613196,-0.203855583,-0.184135329,0.00367143512,-0.00374691248,0.2,0.2,-0.0810422122,-0.0623897791,0.0139372897,-0.00903108239,0.0167041898,0.203855583,0.00367143512,0.2,0.0810422122,0.0139372897,0.00830613196,-0.184135329,-0.00374691248,-0.2,0.00903108239,0.0623897791
697,22627466,0.208098829,-0.10284058,-0.00769095961,0.0349974446,0.0471282378,-0.0457821116,-0.148481339,-0.0382344499,-0.155339509,-0.0619114861,0.172288388,-0.113352992,0.0166479063,-0.0082272464,-0.203460932,-0.18425115,0.00377025902,-0.00366256893,0.2,0.2,-0.0810679018,-0.0623822972,0.013783071,-0.00906823933,0.0166479063,0.203460932,0.00377025902,0.2,0.0810679018,0.013783071,0.0082272464,-0.18425115,-0.00366256893,-0.2,0.00906823933,0.0623822972
698,22662197,0.206412196,-0.103821322,-0.00806807261,0.0348716453,0.0480094664,-0.0449305065,-0.147976667,-0.0395002402,-0.1557879,-0.0631564185,0.171580955,-0.111910015,0.0165129757,-0.00830570579,-0.203630633,-0.18430776,0.00384075731,-0.00359444052,0.2,0.2,-0.08115758,-0.0626312837,0.0137264764,-0.00895280123,0.0165129757,0.203630633,0.00384075731,0.2,0.08115758,0.0137264764,0.00830570579,-0.18430776,-0.00359444052,-0.2,0.00895280123,0.0626312837
699,22673666,0.204243153,-0.104805365,-0.00717751589,0.0343942866,0.0488934852,-0.0441574715,-0.148385957,-0.0408453941,-0.155225039,-0.0651958063,0.175318718,-0.110154524,0.0163394523,-0.00838442922,-0.203229882,-0.184522571,0.00391147882,-0.00353259772,0.2,0.2,-0.0810450077,-0.0630391613,0.0140254974,-0.00881236196,0.0163394523,0.203229882,0.00391147882,0.2,0.0810450077,0.0140254974,0.00838442922,-0.184522571,-0.00353259772,-0.2,0.00881236196,0.0630391613
700,22686855,0.20213151,-0.104574285,-0.00650093192,0.0337034315,0.0493194722,-0.0443842076,-0.147905231,-0.0411492102,-0.153505802,-0.0658023655,0.174735412,-0.109870546,0.0161705208,-0.00836594284,-0.202925419,-0.184833456,0.00394555777,-0.00355073661,0.2,0.2,-0.0807011604,-0.0631604731,0.013978833,-0.00878964365,0.0161705208,0.202925419,0.00394555777,0.2,0.0807011604,0.013978833,0.00836594284,-0.184833456,-0.00355073661,-0.2,0.00878964365,0.0631604731
701,22717321,0.199348584,-0.105664879,-0.00684199948,0.0329771191,0.0491370372,-0.0450863354,-0.147505477,-0.0426330455,-0.15358454,-0.068137683,0.173541293,-0.109099075,0.0159478867,-0.00845319033,-0.2030789,-0.185160296,0.00393096298,-0.00360690683,0.2,0.2,-0.080716908,-0.0636275366,0.0138833034,-0.00872792602,0.0159478867,0.2030789,0.00393096298,0.2,0.080716908,0.0138833034,0.00845319033,-0.185160296,-0.00360690683,-0.2,0.00872792602,0.0636275366
702,22728162,0.196224824,-0.106069647,-0.00675090402,0.0326201543,0.0484837964,-0.0465281159,-0.147204518,-0.0435643345,-0.152403086,-0.0708670244,0.175750613,-0.108208604,0.0156979859,-0.00848557174,-0.203037907,-0.185320931,0.00387870371,-0.00372224927,0.2,0.2,-0.0804806173,-0.0641734049,0.0140600491,-0.00865668833,0.0156979859,0.203037907,0.00387870371,0.2,0.0804806173,0.0140600491,0.00848557174,-0.185320931,-0.00372224927,-0.2,0.00865668833,0.0641734049
703,22751897,0.193619221,-0.105295777,-0.0060599721,0.0315131694,0.0476083085,-0.0483207479,-0.145872429,-0.0435573906,-0.150226548,-0.0717306137,0.172360837,-0.10893397,0.0154895377,-0.00842366219,-0.202726987,-0.185819074,0.00380866468,-0.00386565983,0.2,0.2,-0.0800453097,-0.0643461227,0.013788867,-0.00871471763,0.0154895377,0.202726987,0.00380866468,0.2,0.0800453097,0.013788867,0.00842366219,-0.185819074,-0.00386565983,-0.2,0.00871471763,0.0643461227
704,22770710,0.190255016,-0.106577598,-0.00600277027,0.0310345087,0.0468842387,-0.0499223433,-0.144721597,-0.0449115224,-0.147859693,-0.07413923,0.174286693,-0.107322723,0.0152204013,-0.0085262078,-0.202701247,-0.186034471,0.0037507391,-0.00399378747,0.2,0.2,-0.0795719385,-0.064827846,0.0139429355,-0.00858581781,0.0152204013,0.202701247,0.0037507391,0.2,0.0795719385,0.0139429355,0.0085262078,-0.186034471,-0.00399378747,-0.2,0.00858581781,0.064827846
705,22789288,0.188592151,-0.106229179,-0.00445348397,0.0304895584,0.0463601314,-0.0507046171,-0.143853649,-0.0445293076,-0.144641727,-0.0745451897,0.1741696,-0.108145729,0.0150873721,-0.00849833429,-0.202004068,-0.186279699,0.00370881051,-0.00405636936,0.2,0.2,-0.0789283454,-0.0649090379,0.013933568,-0.0086516583,0.0150873721,0.202004068,0.00370881051,0.2,0.0789283454,0.013933568,0.00849833429,-0.186279699,-0.00405636936,-0.2,0.0086516583,0.0649090379
706,22813510,0.189056486,-0.105409674,-0.00325296819,0.030519316,0.0460763238,-0.0507373922,-0.142275378,-0.0422420762,-0.141597226,-0.0716681927,0.168243185,-0.11079514,0.0151245189,-0.00843277395,-0.201463836,-0.186266308,0.00368610591,-0.00405899137,0.2,0.2,-0.0783194453,-0.0643336385,0.0134594548,-0.00886361122,0.0151245189,0.201463836,0.00368610591,0.2,0.0783194453,0.0134594548,0.00843277395,-0.186266308,-0.00405899137,-0.2,0.00886361122,0.0643336385
707,22829309,0.191049948,-0.10559386,-0.00247156341,0.0315481685,0.0465325937,-0.04888409,-0.14106074,-0.0397938006,-0.138731778,-0.0678476617,0.16614233,-0.111767255,0.0152839959,-0.00844750881,-0.201112204,-0.185803324,0.00372260749,-0.0039107272,0.2,0.2,-0.0777463555,-0.0635695323,0.0132913864,-0.00894138038,0.0152839959,0.201112204,0.00372260749,0.2,0.0777463555,0.0132913864,0.00844750881,-0.185803324,-0.0039107272,-0.2,0.00894138038,0.0635695323
708,22853976,0.194470391,-0.104020268,-0.00201119552,0.0332178287,0.0467680618,-0.0473585501,-0.14147386,-0.0368240215,-0.134752542,-0.0627996996,0.168708399,-0.112181224,0.0155576313,-0.00832162142,-0.200905038,-0.185051977,0.00374144495,-0.00378868401,0.2,0.2,-0.0769505084,-0.0625599399,0.0134966719,-0.00897449791,0.0155576313,0.200905038,0.00374144495,0.2,0.0769505084,0.0134966719,0.00832162142,-0.185051977,-0.00378868401,-0.2,0.00897449791,0.0625599399
709,22869830,0.198037237,-0.103739604,-0.00165251957,0.0346052535,0.0469869338,-0.0459312573,-0.141692027,-0.0356693156,-0.13088578,-0.0588328131,0.176186994,-0.110227406,0.015842979,-0.00829916835,-0.200743634,-0.184427636,0.0037589547,-0.00367450058,0.2,0.2,-0.076177156,-0.0617665626,0.0140949595,-0.00881819248,0.015842979,0.200743634,0.0037589547,0.2,0.076177156,0.0140949595,0.00829916835,-0.184427636,-0.00367450058,-0.2,0.00881819248,0.0617665626
710,22887180,0.202591866,-0.103854477,-0.00130581041,0.0351591744,0.0468495823,-0.0442796126,-0.141122013,-0.0341181047,-0.129289538,-0.0546367541,0.176887229,-0.110463724,0.0162073493,-0.00830835819,-0.200587615,-0.184178372,0.00374796659,-0.00354236901,0.2,0.2,-0.0758579075,-0.0609273508,0.0141509783,-0.00883709788,0.0162073493,0.200587615,0.00374796659,0.2,0.0758579075,0.0141509783,0.00830835819,-0.184178372,-0.00354236901,-0.2,0.00883709788,0.0609273508
711,22915863,0.205218583,-0.103731327,-0.00203468534,0.0360636525,0.0464770421,-0.043466799,-0.143063515,-0.033790309,-0.131461546,-0.0536551364,0.180264324,-0.109253883,0.0164174867,-0.00829850614,-0.200915608,-0.183771356,0.00371816337,-0.00347734392,0.2,0.2,-0.0762923092,-0.0607310273,0.0144211459,-0.00874031067,0.0164174867,0.200915608,0.00371816337,0.2,0.0762923092,0.0144211459,0.00829850614,-0.183771356,-0.00347734392,-0.2,0.00874031067,0.0607310273
712,22926883,0.206913427,-0.103046082,-0.00286974618,0.0367751345,0.0463800281,-0.0432146527,-0.144530907,-0.0342255309,-0.133676231,-0.0536920168,0.184895158,-0.108469695,0.0165530741,-0.00824368656,-0.201291386,-0.183451189,0.00371040225,-0.00345717221,0.2,0.2,-0.0767352462,-0.0607384034,0.0147916126,-0.00867757559,0.0165530741,0.201291386,0.00371040225,0.2,0.0767352462,0.0147916126,0.00824368656,-0.183451189,-0.00345717221,-0.2,0.00867757559,0.0607384034
713,22953041,0.207852721,-0.102516331,-0.00394878956,0.0367722102,0.0458346494,-0.0438740775,-0.144528031,-0.0341751166,-0.135280937,-0.0533469282,0.184192866,-0.109227158,0.0166282177,-0.00820130646,-0.201776955,-0.183452505,0.00366677195,-0.0035099262,0.2,0.2,-0.0770561874,-0.0606693856,0.0147354293,-0.00873817265,0.0166282177,0.201776955,0.00366677195,0.2,0.0770561874,0.0147354293,0.00820130646,-0.183452505,-0.0035099262,-0.2,0.00873817265,0.0606693856
714,22972201,0.208523363,-0.103325054,-0.00475413585,0.037332844,0.0455051325,-0.043888852,-0.144118279,-0.0337015018,-0.135899916,-0.0530962534,0.184637576,-0.109724484,0.016681869,-0.00826600432,-0.202139361,-0.18320022,0.0036404106,-0.00351110816,0.2,0.2,-0.0771799833,-0.0606192507,0.0147710061,-0.00877795875,0.016681869,0.202139361,0.0036404106,0.2,0.0771799833,0.0147710061,0.00826600432,-0.18320022,-0.00351110816,-0.2,0.00877795875,0.0606192507
715,22988658,0.209542364,-0.102490641,-0.00617789803,0.0379865356,0.0440342501,-0.04540224,-0.145104885,-0.0329888202,-0.136481613,-0.0531986803,0.185531676,-0.110697731,0.0167633891,-0.00819925129,-0.202780054,-0.182906059,0.00352274001,-0.0036321792,0.2,0.2,-0.0772963226,-0.0606397361,0.0148425341,-0.00885581851,0.0167633891,0.202780054,0.00352274001,0.2,0.0772963226,0.0148425341,0.00819925129,-0.182906059,-0.0036321792,-0.2,0.00885581851,0.0606397361
716,23012267,0.21042645,-0.102194563,-0.00637677452,0.0376658961,0.0430274047,-0.0462622382,-0.145226926,-0.0328711234,-0.138449863,-0.0534280725,0.183531612,-0.112059489,0.016834116,-0.008175565,-0.202869549,-0.183050347,0.00344219238,-0.00370097905,0.2,0.2,-0.0776899725,-0.0606856145,0.014682529,-0.00896475911,0.016834116,0.202869549,0.00344219238,0.2,0.0776899725,0.014682529,0.008175565,-0.183050347,-0.00370097905,-0.2,0.00896475911,0.0606856145
717,23031143,0.210462824,-0.103347339,-0.0067744609,0.0369799025,0.0429239646,-0.0462809317,-0.145164356,-0.0344794355,-0.141013697,-0.0552204885,0.183168903,-0.111529276,0.0168370259,-0.0082677871,-0.203048507,-0.183359044,0.00343391716,-0.00370247453,0.2,0.2,-0.0782027394,-0.0610440977,0.0146535122,-0.00892234206,0.0168370259,0.203048507,0.00343391716,0.2,0.0782027394,0.0146535122,0.0082677871,-0.183359044,-0.00370247453,-0.2,0.00892234206,0.0610440977
718,23052570,0.208757043,-0.103474729,-0.00523220096,0.0356753655,0.0440773368,-0.0455845669,-0.14675115,-0.036714267,-0.143074885,-0.0585722066,0.188231125,-0.110368781,0.0167005634,-0.0082779783,-0.20235449,-0.183946086,0.00352618694,-0.00364676535,0.2,0.2,-0.078614977,-0.0617144413,0.01505849,-0.00882950246,0.0167005634,0.20235449,0.00352618694,0.2,0.078614977,0.01505849,0.0082779783,-0.183946086,-0.00364676535,-0.2,0.00882950246,0.0617144413
719,23068311,0.207258299,-0.102895312,-0.00408600876,0.0342532359,0.0460483991,-0.0443134159,-0.146389037,-0.037662819,-0.144658655,-0.059898939,0.185650468,-0.110900454,0.0165806639,-0.00823162496,-0.201838704,-0.184586044,0.00368387192,-0.00354507327,0.2,0.2,-0.078931731,-0.0619797878,0.0148520374,-0.00887203634,0.0165806639,0.201838704,0.00368387192,0.2,0.078931731,0.0148520374,0.00823162496,-0.184586044,-0.00354507327,-0.2,0.00887203634,0.0619797878
720,23090169,0.204437211,-0.103646778,-0.00388934696,0.0338528194,0.0480356924,-0.0427218489,-0.145899191,-0.0389950909,-0.145354927,-0.0618621036,0.185339794,-0.1098672,0.0163549769,-0.00829174221,-0.201750206,-0.184766231,0.00384285539,-0.00341774791,0.2,0.2,-0.0790709853,-0.0623724207,0.0148271835,-0.00878937602,0.0163549769,0.201750206,0.00384285539,0.2,0.0790709853,0.0148271835,0.00829174221,-0.184766231,-0.00341774791,-0.2,0.00878937602,0.0623724207
721,23114773,0.199390516,-0.10403242,-0.00374167506,0.0336863846,0.0485437624,-0.0429784358,-0.14641498,-0.0411155112,-0.14326717,-0.0663243756,0.193447992,-0.107028112,0.0159512413,-0.00832259357,-0.201683754,-0.184841127,0.00388350099,-0.00343827486,0.2,0.2,-0.0786534339,-0.0632648751,0.0154758394,-0.00856224895,0.0159512413,0.201683754,0.00388350099,0.2,0.0786534339,0.0154758394,0.00832259357,-0.184841127,-0.00343827486,-0.2,0.00856224895,0.0632648751
722,23128917,0.194152892,-0.103950582,-0.00435781479,0.0337943882,0.0457134172,-0.0479047894,-0.142483145,-0.040903762,-0.133286715,-0.0679780543,0.198443741,-0.103664353,0.0155322313,-0.0083160466,-0.201961017,-0.184792525,0.00365707338,-0.00383238316,0.2,0.2,-0.0766573429,-0.0635956109,0.0158754992,-0.00829314828,0.0155322313,0.201961017,0.00365707338,0.2,0.0766573429,0.0158754992,0.0083160466,-0.184792525,-0.00383238316,-0.2,0.00829314828,0.0635956109
723,23151185,0.189068258,-0.105674811,-0.00398773607,0.0339229889,0.0405618884,-0.0539599992,-0.138232589,-0.0408347845,-0.12190026,-0.0698017254,0.205464438,-0.0991650522,0.0151254606,-0.00845398486,-0.201794481,-0.184734655,0.00324495107,-0.00431679994,0.2,0.2,-0.0743800521,-0.0639603451,0.016437155,-0.00793320417,0.0151254606,0.201794481,0.00324495107,0.2,0.0743800521,0.016437155,0.00845398486,-0.184734655,-0.00431679994,-0.2,0.00793320417,0.0639603451
724,23167784,0.184012681,-0.104979478,-0.000837144267,0.0301092211,0.0362788029,-0.0588612966,-0.13831979,-0.0433416404,-0.120286487,-0.0748271272,0.204265311,-0.0979914963,0.0147210145,-0.00839835823,-0.200376715,-0.18645085,0.00290230423,-0.00470890373,0.2,0.2,-0.0740572974,-0.0649654254,0.0163412249,-0.00783931971,0.0147210145,0.200376715,0.00290230423,0.2,0.0740572974,0.0163412249,0.00839835823,-0.18645085,-0.00470890373,-0.2,0.00783931971,0.0649654254
725,23192135,0.179693162,-0.103423357,0.00147266081,0.0269676484,0.035102468,-0.062228106,-0.138700396,-0.045312617,-0.121411353,-0.0779984668,0.199283645,-0.100448921,0.014375453,-0.00827386856,-0.199337303,-0.187864558,0.00280819744,-0.00497824848,0.2,0.2,-0.0742822707,-0.0655996934,0.0159426916,-0.00803591371,0.014375453,0.199337303,0.00280819744,0.2,0.0742822707,0.0159426916,0.00827386856,-0.187864558,-0.00497824848,-0.2,0.00803591371,0.0655996934
726,23215747,0.175540924,-0.103509761,0.00238279998,0.0239653587,0.0373693779,-0.0617050454,-0.139921606,-0.0486982316,-0.127889618,-0.0832279027,0.193918273,-0.102729984,0.0140432739,-0.00828078091,-0.19892774,-0.189215589,0.00298955023,-0.00493640363,0.2,0.2,-0.0755779237,-0.0666455805,0.0155134618,-0.00821839869,0.0140432739,0.19892774,0.00298955023,0.2,0.0755779237,0.0155134618,0.00828078091,-0.189215589,-0.00493640363,-0.2,0.00821839869,0.0666455805
727,23229467,0.172032446,-0.101625323,0.00384976529,0.023034513,0.0417544506,-0.0599998571,-0.140748456,-0.0493885204,-0.129795775,-0.0851717815,0.192332149,-0.105027325,0.0137625957,-0.00813002586,-0.198267606,-0.189634469,0.00334035605,-0.00479998857,0.2,0.2,-0.075959155,-0.0670343563,0.0153865719,-0.00840218604,0.0137625957,0.198267606,0.00334035605,0.2,0.075959155,0.0153865719,0.00813002586,-0.189634469,-0.00479998857,-0.2,0.00840218604,0.0670343563
728,23250228,0.171271205,-0.100633904,0.00493807765,0.0222831201,0.0471036732,-0.0542930253,-0.142276764,-0.0498170257,-0.135399863,-0.0865795612,0.187321022,-0.107585587,0.0137016964,-0.00805071235,-0.197777865,-0.189972596,0.00376829386,-0.00434344202,0.2,0.2,-0.0770799726,-0.0673159122,0.0149856818,-0.00860684693,0.0137016964,0.197777865,0.00376829386,0.2,0.0770799726,0.0149856818,0.00805071235,-0.189972596,-0.00434344202,-0.2,0.00860684693,0.0673159122
729,23269815,0.171945676,-0.0999346226,0.00703724707,0.0224376507,0.0535794385,-0.0466717631,-0.144087061,-0.0481991284,-0.139562517,-0.0840663016,0.183368132,-0.110267282,0.0137556541,-0.00799476981,-0.196833239,-0.189903057,0.00428635508,-0.00373374104,0.2,0.2,-0.0779125035,-0.0668132603,0.0146694505,-0.00882138252,0.0137556541,0.196833239,0.00428635508,0.2,0.0779125035,0.0146694505,0.00799476981,-0.189903057,-0.00373374104,-0.2,0.00882138252,0.0668132603
730,23291187,0.173947692,-0.099191241,0.00931820832,0.0237976834,0.0610765852,-0.0371607281,-0.146484137,-0.0461347513,-0.142094672,-0.078737013,0.183511063,-0.112442471,0.0139158154,-0.00793529928,-0.195806806,-0.189291042,0.00488612682,-0.00297285825,0.2,0.2,-0.0784189343,-0.0657474026,0.0146808851,-0.00899539769,0.0139158154,0.195806806,0.00488612682,0.2,0.0784189343,0.0146808851,0.00793529928,-0.189291042,-0.00297285825,-0.2,0.00899539769,0.0657474026
731,23311568,0.179243967,-0.09795966,0.00897266343,0.0259891637,0.0666546822,-0.0297708604,-0.148741201,-0.0421930961,-0.145465001,-0.0707616284,0.178173065,-0.115909562,0.0143395174,-0.0078367728,-0.195962301,-0.188304876,0.00533237457,-0.00238166884,0.2,0.2,-0.0790930003,-0.0641523257,0.0142538452,-0.00927276492,0.0143395174,0.195962301,0.00533237457,0.2,0.0790930003,0.0142538452,0.0078367728,-0.188304876,-0.00238166884,-0.2,0.00927276492,0.0641523257
732,23330117,0.183942497,-0.0986745805,0.00573618989,0.0290644821,0.0690027028,-0.0257863086,-0.149737403,-0.0396926068,-0.146560103,-0.0644173697,0.17941989,-0.115050539,0.0147153997,-0.00789396644,-0.197418715,-0.186920983,0.00552021623,-0.00206290469,0.2,0.2,-0.0793120205,-0.0628834739,0.0143535912,-0.00920404315,0.0147153997,0.197418715,0.00552021623,0.2,0.0793120205,0.0143535912,0.00789396644,-0.186920983,-0.00206290469,-0.2,0.00920404315,0.0628834739
733,23358593,0.187932923,-0.0982114747,0.00148194213,0.0313242488,0.0670079663,-0.02665448,-0.152307376,-0.0391697213,-0.150827035,-0.0630507246,0.182104573,-0.112400316,0.0150346339,-0.00785691798,-0.199333126,-0.185904088,0.00536063731,-0.0021323584,0.2,0.2,-0.0801654071,-0.0626101449,0.0145683658,-0.00899202526,0.0150346339,0.199333126,0.00536063731,0.2,0.0801654071,0.0145683658,0.00785691798,-0.185904088,-0.0021323584,-0.2,0.00899202526,0.0626101449
734,23369146,0.190595597,-0.0991848484,-0.00240631239,0.0332888961,0.0624072403,-0.0314206071,-0.151706263,-0.0386944115,-0.152718157,-0.062623091,0.183362111,-0.109446451,0.0152476478,-0.00793478787,-0.201082841,-0.185019997,0.00499257922,-0.00251364857,0.2,0.2,-0.0805436313,-0.0625246182,0.0146689689,-0.00875571609,0.0152476478,0.201082841,0.00499257922,0.2,0.0805436313,0.0146689689,0.00793478787,-0.185019997,-0.00251364857,-0.2,0.00875571609,0.0625246182
735,23390792,0.192515165,-0.101874851,-0.00515542645,0.0344872288,0.056306392,-0.0378284752,-0.148713455,-0.0383100808,-0.151377305,-0.0625748634,0.184116215,-0.106361449,0.0154012132,-0.00814998806,-0.202319942,-0.184480747,0.00450451136,-0.00302627802,0.2,0.2,-0.0802754611,-0.0625149727,0.0147292972,-0.0085089159,0.0154012132,0.202319942,0.00450451136,0.2,0.0802754611,0.0147292972,0.00814998806,-0.184480747,-0.00302627802,-0.2,0.0085089159,0.0625149727
736,23419521,0.192400947,-0.103503563,-0.00666015595,0.0346569158,0.0491673537,-0.0466057174,-0.146187648,-0.0379987173,-0.146847814,-0.0635866299,0.185683832,-0.103427768,0.0153920758,-0.008280285,-0.20299707,-0.184404388,0.00393338829,-0.00372845739,0.2,0.2,-0.0793695629,-0.062717326,0.0148547065,-0.00827422142,0.0153920758,0.20299707,0.00393338829,0.2,0.0793695629,0.0148547065,0.008280285,-0.184404388,-0.00372845739,-0.2,0.00827422142,0.062717326
737,23428439,0.191614419,-0.105094559,-0.00805875659,0.0358707383,0.0410771146,-0.0575709306,-0.14069882,-0.0368182994,-0.132831901,-0.0628460497,0.190860629,-0.100444257,0.0153291535,-0.00840756476,-0.20362644,-0.183858168,0.00328616917,-0.00460567445,0.2,0.2,-0.0765663803,-0.0625692099,0.0152688503,-0.00803554058,0.0153291535,0.20362644,0.00328616917,0.2,0.0765663803,0.0152688503,0.00840756476,-0.183858168,-0.00460567445,-0.2,0.00803554058,0.0625692099
738,23448527,0.192059636,-0.10570702,-0.00921975356,0.0369583108,0.0309816506,-0.0700941682,-0.135856286,-0.0344115086,-0.117572732,-0.0619793497,0.193618134,-0.0982503891,0.0153647709,-0.00845656157,-0.204148889,-0.18336876,0.00247853205,-0.00560753345,0.2,0.2,-0.0735145465,-0.0623958699,0.0154894507,-0.00786003113,0.0153647709,0.204148889,0.00247853205,0.2,0.0735145465,0.0154894507,0.00845656157,-0.18336876,-0.00560753345,-0.2,0.00786003113,0.0623958699
739,23471545,0.192042902,-0.105355754,-0.0101402672,0.0370385461,0.0206467975,-0.0822732151,-0.133139715,-0.0343544818,-0.107107058,-0.064363718,0.196496829,-0.0953434333,0.0153634322,-0.00842846036,-0.20456312,-0.183332654,0.0016517438,-0.0065818572,0.2,0.2,-0.0714214116,-0.0628727436,0.0157197464,-0.00762747467,0.0153634322,0.20456312,0.0016517438,0.2,0.0714214116,0.0157197464,0.00842846036,-0.183332654,-0.0065818572,-0.2,0.00762747467,0.0628727436
740,23490482,0.19074212,-0.105052419,-0.0112050986,0.0365686305,0.01253259,-0.0929545164,-0.131295756,-0.0364319123,-0.103782788,-0.0706237629,0.19834581,-0.0896254033,0.0152593696,-0.00840419352,-0.205042294,-0.183544116,0.0010026072,-0.00743636131,0.2,0.2,-0.0707565576,-0.0641247526,0.0158676648,-0.00717003226,0.0152593696,0.205042294,0.0010026072,0.2,0.0707565576,0.0158676648,0.00840419352,-0.183544116,-0.00743636131,-0.2,0.00717003226,0.0641247526
741,23513576,0.186395153,-0.105409324,-0.0132959029,0.0356263407,0.00747123221,-0.10406471,-0.130605474,-0.0400656015,-0.105218031,-0.0787642002,0.200743526,-0.077251263,0.0149116123,-0.00843274593,-0.205983156,-0.183968147,0.000597698577,-0.00832517684,0.2,0.2,-0.0710436061,-0.06575284,0.0160594821,-0.00618010104,0.0149116123,0.205983156,0.000597698577,0.2,0.0710436061,0.0160594821,0.00843274593,-0.183968147,-0.00832517684,-0.2,0.00618010104,0.06575284
742,23529394,0.185168087,-0.107603729,-0.0152404187,0.0328939408,0.00541384472,-0.113956347,-0.13398543,-0.0447456799,-0.117920138,-0.0876046866,0.193101525,-0.0678244308,0.014813447,-0.0086082983,-0.206858188,-0.185197727,0.000433107577,-0.00911650777,0.2,0.2,-0.0735840276,-0.0675209373,0.015448122,-0.00542595446,0.014813447,0.206858188,0.000433107577,0.2,0.0735840276,0.015448122,0.0086082983,-0.185197727,-0.00911650777,-0.2,0.00542595446,0.0675209373
743,23549946,0.189085662,-0.110985301,-0.0187893622,0.0321197435,0.00529513694,-0.122160941,-0.142001048,-0.047928445,-0.138715833,-0.0954949334,0.181743026,-0.0678115413,0.015126853,-0.00887882411,-0.208455213,-0.185546115,0.000423610955,-0.00977287531,0.2,0.2,-0.0777431667,-0.0690989867,0.0145394421,-0.0054249233,0.015126853,0.208455213,0.000423610955,0.2,0.0777431667,0.0145394421,0.00887882411,-0.185546115,-0.00977287531,-0.2,0.0054249233,0.0690989867
744,23570417,0.199764773,-0.113293886,-0.0262850653,0.0360832848,0.00460982881,-0.129768103,-0.149323508,-0.0458548106,-0.157736987,-0.0976024717,0.166283682,-0.0746927708,0.0159811819,-0.00906351089,-0.211828279,-0.183762522,0.000368786305,-0.0103814483,0.2,0.2,-0.0815473974,-0.0695204943,0.0133026946,-0.00597542167,0.0159811819,0.211828279,0.000368786305,0.2,0.0815473974,0.0133026946,0.00906351089,-0.183762522,-0.0103814483,-0.2,0.00597542167,0.0695204943
745,23589795,0.212996095,-0.113850757,-0.0288318843,0.0401937403,0.00581319304,-0.132496521,-0.152497441,-0.0386951193,-0.165970892,-0.0910619944,0.153786674,-0.0833827034,0.0170396876,-0.0091080606,-0.212974348,-0.181912817,0.000465055443,-0.0105997217,0.2,0.2,-0.0831941783,-0.0682123989,0.0123029339,-0.00667061627,0.0170396876,0.212974348,0.000465055443,0.2,0.0831941783,0.0123029339,0.0091080606,-0.181912817,-0.0105997217,-0.2,0.00667061627,0.0682123989
746,23611389,0.221666098,-0.112676136,-0.0287636947,0.0423659347,0.00933173206,-0.131411523,-0.152086437,-0.0354995243,-0.163482666,-0.0847585201,0.156202137,-0.0834554359,0.0177332878,-0.0090140909,-0.212943663,-0.180935329,0.000746538565,-0.0105129218,0.2,0.2,-0.0826965332,-0.066951704,0.012496171,-0.00667643487,0.0177332878,0.212943663,0.000746538565,0.2,0.0826965332,0.012496171,0.0090140909,-0.180935329,-0.0105129218,-0.2,0.00667643487,0.066951704
747,23629203,0.224028021,-0.110479943,-0.0269944705,0.0424073078,0.0122966478,-0.129711553,-0.150828168,-0.0354417451,-0.156377375,-0.0821016058,0.164295465,-0.0782195926,0.0179222417,-0.00883839548,-0.212147512,-0.180916712,0.000983731821,-0.0103769243,0.2,0.2,-0.081275475,-0.0664203212,0.0131436372,-0.00625756741,0.0179222417,0.212147512,0.000983731821,0.2,0.081275475,0.0131436372,0.00883839548,-0.180916712,-0.0103769243,-0.2,0.00625756741,0.0664203212
748,23650339,0.220639646,-0.111496158,-0.0210867748,0.0392859839,0.0163892191,-0.124266125,-0.149477139,-0.0386346616,-0.152983144,-0.0829133391,0.168039992,-0.0720179528,0.0176511717,-0.00891969264,-0.209489049,-0.182321307,0.00131113753,-0.00994129002,0.2,0.2,-0.0805966288,-0.0665826678,0.0134431994,-0.00576143622,0.0176511717,0.209489049,0.00131113753,0.2,0.0805966288,0.0134431994,0.00891969264,-0.182321307,-0.00994129002,-0.2,0.00576143622,0.0665826678
749,23669683,0.21104601,-0.113754302,-0.0145786814,0.0341468863,0.0224589482,-0.116294295,-0.149994746,-0.0466938689,-0.157486305,-0.0904816762,0.169916719,-0.0656083301,0.0168836808,-0.00910034418,-0.206560407,-0.184633901,0.00179671586,-0.00930354357,0.2,0.2,-0.0814972609,-0.0680963352,0.0135933375,-0.00524866641,0.0168836808,0.206560407,0.00179671586,0.2,0.0814972609,0.0135933375,0.00910034418,-0.184633901,-0.00930354357,-0.2,0.00524866641,0.0680963352
750,23688933,0.199636772,-0.114320546,-0.0073990766,0.0294564553,0.0310196858,-0.105699211,-0.149724513,-0.0528994165,-0.159876779,-0.0971484929,0.17157872,-0.0637582615,0.0159709418,-0.00914564371,-0.203329584,-0.186744595,0.00248157486,-0.00845593691,0.2,0.2,-0.0819753557,-0.0694296986,0.0137262976,-0.00510066092,0.0159709418,0.203329584,0.00248157486,0.2,0.0819753557,0.0137262976,0.00914564371,-0.186744595,-0.00845593691,-0.2,0.00510066092,0.0694296986
751,23712812,0.189715341,-0.111809529,0.00184105372,0.0251339711,0.0422703624,-0.091085881,-0.147480041,-0.0543340407,-0.153001204,-0.097436361,0.176297277,-0.0652218238,0.0151772273,-0.00894476235,-0.199171526,-0.188689713,0.00338162899,-0.00728687048,0.2,0.2,-0.0806002408,-0.0694872722,0.0141037822,-0.0052177459,0.0151772273,0.199171526,0.00338162899,0.2,0.0806002408,0.0141037822,0.00894476235,-0.188689713,-0.00728687048,-0.2,0.0052177459,0.0694872722
752,23729296,0.181499004,-0.106639832,0.0117864292,0.0217905957,0.0551219508,-0.0730842724,-0.146664172,-0.0539564155,-0.143349111,-0.0949745476,0.184066668,-0.0672765747,0.0145199203,-0.00853118658,-0.194696107,-0.190194232,0.00440975606,-0.0058467418,0.2,0.2,-0.0786698222,-0.0689949095,0.0147253335,-0.00538212597,0.0145199203,0.194696107,0.00440975606,0.2,0.0786698222,0.0147253335,0.00853118658,-0.190194232,-0.0058467418,-0.2,0.00538212597,0.0689949095
753,23750351,0.173992187,-0.100582525,0.0202854965,0.0196821764,0.0689418316,-0.0529119596,-0.147477627,-0.0528464727,-0.136697233,-0.0910133198,0.19216457,-0.0670570806,0.0139193749,-0.00804660201,-0.190871527,-0.191143021,0.00551534653,-0.00423295677,0.2,0.2,-0.0773394465,-0.068202664,0.0153731656,-0.00536456645,0.0139193749,0.190871527,0.00551534653,0.2,0.0773394465,0.0153731656,0.00804660201,-0.191143021,-0.00423295677,-0.2,0.00536456645,0.068202664
754,23773181,0.168223992,-0.0954864249,0.0279493593,0.0188171007,0.0832717717,-0.0314226672,-0.149952218,-0.0511598103,-0.13461332,-0.0854393318,0.200904101,-0.0679213107,0.0134579194,-0.00763891399,-0.187422788,-0.191532305,0.00666174173,-0.00251381338,0.2,0.2,-0.076922664,-0.0670878664,0.0160723281,-0.00543370485,0.0134579194,0.187422788,0.00666174173,0.2,0.076922664,0.0160723281,0.00763891399,-0.191532305,-0.00251381338,-0.2,0.00543370485,0.0670878664
755,23799001,0.161472112,-0.0922996923,0.0336446129,0.0178350434,0.097772643,-0.0104241427,-0.152456924,-0.0520181395,-0.137998477,-0.0823936164,0.21025154,-0.0670387894,0.012917769,-0.00738397539,-0.184859924,-0.19197423,0.00782181144,-0.000833931416,0.2,0.2,-0.0775996953,-0.0664787233,0.0168201232,-0.00536310315,0.012917769,0.184859924,0.00782181144,0.2,0.0775996953,0.0168201232,0.00738397539,-0.19197423,-0.000833931416,-0.2,0.00536310315,0.0664787233
756,23816493,0.153005853,-0.091147013,0.0370210521,0.0166673455,0.109724529,0.00593929691,-0.15369077,-0.0542758927,-0.140271753,-0.0813997909,0.223038524,-0.0625557229,0.0122404683,-0.00729176104,-0.183340527,-0.192499695,0.00877796233,0.000475143753,0.2,0.2,-0.0780543506,-0.0662799582,0.017843082,-0.00500445783,0.0122404683,0.183340527,0.00877796233,0.2,0.0780543506,0.017843082,0.00729176104,-0.192499695,0.000475143753,-0.2,0.00500445783,0.0662799582
757,23831766,0.141444549,-0.0926695764,0.0372619629,0.0136290053,0.116836801,0.0166893881,-0.153465852,-0.0591498129,-0.147338584,-0.0860490948,0.231563479,-0.0564895496,0.0113155639,-0.00741356611,-0.183232117,-0.193866948,0.00934694409,0.00133515105,0.2,0.2,-0.0794677168,-0.067209819,0.0185250783,-0.00451916397,0.0113155639,0.183232117,0.00934694409,0.2,0.0794677168,0.0185250783,0.00741356611,-0.193866948,0.00133515105,-0.2,0.00451916397,0.067209819
758,23849770,0.128936917,-0.0932104811,0.0392154455,0.0126983579,0.120014466,0.0214287564,-0.148231402,-0.0594485328,-0.14427568,-0.0854661316,0.236464188,-0.0529390313,0.0103149533,-0.00745683849,-0.18235305,-0.194285739,0.00960115731,0.00171430051,0.2,0.2,-0.078855136,-0.0670932263,0.018917135,-0.0042351225,0.0103149533,0.18235305,0.00960115731,0.2,0.078855136,0.018917135,0.00745683849,-0.194285739,0.00171430051,-0.2,0.0042351225,0.0670932263
759,23869876,0.118429087,-0.0929942355,0.0398079753,0.0125778513,0.118802562,0.0213851649,-0.144520655,-0.0574181974,-0.140333295,-0.0835631564,0.237342402,-0.0494475998,0.00947432697,-0.00743953884,-0.182086411,-0.194339967,0.00950420499,0.00171081319,0.2,0.2,-0.078066659,-0.0667126313,0.0189873922,-0.00395580798,0.00947432697,0.182086411,0.00950420499,0.2,0.078066659,0.0189873922,0.00743953884,-0.194339967,0.00171081319,-0.2,0.00395580798,0.0667126313
760,23890092,0.114210032,-0.0925760716,0.0373665281,0.0139931431,0.113000765,0.0156718027,-0.144279018,-0.0534643605,-0.139599413,-0.0809541047,0.232026145,-0.0497724637,0.00913680255,-0.00740608573,-0.183185062,-0.193703086,0.00904006124,0.00125374421,0.2,0.2,-0.0779198825,-0.0661908209,0.0185620916,-0.0039817971,0.00913680255,0.183185062,0.00904006124,0.2,0.0779198825,0.0185620916,0.00740608573,-0.193703086,0.00125374421,-0.2,0.0039817971,0.0661908209
761,23910614,0.118230715,-0.0936207399,0.0305654109,0.0176886823,0.10295403,0.00550359581,-0.145171911,-0.0484580621,-0.140731469,-0.077443175,0.224331155,-0.0517786704,0.00945845723,-0.00748965919,-0.186245565,-0.192040093,0.0082363224,0.000440287665,0.2,0.2,-0.0781462938,-0.065488635,0.0179464924,-0.00414229363,0.00945845723,0.186245565,0.0082363224,0.2,0.0781462938,0.0179464924,0.00748965919,-0.192040093,0.000440287665,-0.2,0.00414229363,0.065488635
762,23934905,0.129606575,-0.0950150192,0.0211622044,0.021268161,0.0892190859,-0.009442023,-0.147693187,-0.0432163216,-0.145256564,-0.0731375366,0.212344825,-0.0550310239,0.010368526,-0.00760120153,-0.190477008,-0.190429328,0.00713752687,-0.00075536184,0.2,0.2,-0.0790513128,-0.0646275073,0.016987586,-0.00440248191,0.010368526,0.190477008,0.00713752687,0.2,0.0790513128,0.016987586,0.00760120153,-0.190429328,-0.00075536184,-0.2,0.00440248191,0.0646275073
763,23947764,0.144994661,-0.0980651602,0.00810644682,0.026909804,0.0728416592,-0.029045986,-0.149494648,-0.0385213532,-0.149448171,-0.0689801946,0.203412712,-0.0563689098,0.0115995729,-0.00784521282,-0.196352099,-0.187890588,0.00582733274,-0.00232367888,0.2,0.2,-0.0798896343,-0.0637960389,0.0162730169,-0.00450951278,0.0115995729,0.196352099,0.00582733274,0.2,0.0798896343,0.0162730169,0.00784521282,-0.187890588,-0.00232367888,-0.2,0.00450951278,0.0637960389
764,23971839,0.163420096,-0.102667503,-0.00606578682,0.0327124335,0.0553142838,-0.0507658049,-0.150965169,-0.0347746313,-0.156991839,-0.0663714558,0.192641929,-0.0571775921,0.0130736077,-0.00821340024,-0.202729604,-0.185279405,0.00442514271,-0.0040612644,0.2,0.2,-0.0813983679,-0.0632742912,0.0154113543,-0.00457420737,0.0130736077,0.202729604,0.00442514271,0.2,0.0813983679,0.0154113543,0.00821340024,-0.185279405,-0.0040612644,-0.2,0.00457420737,0.0632742912
765,23988573,0.178973466,-0.108673051,-0.0179890692,0.0371078402,0.0383984707,-0.0740898848,-0.150553212,-0.0330483392,-0.16447024,-0.0667834356,0.184156358,-0.0563748516,0.0143178773,-0.00869384408,-0.208095081,-0.183301472,0.00307187766,-0.00592719078,0.2,0.2,-0.0828940481,-0.0633566871,0.0147325087,-0.00450998813,0.0143178773,0.208095081,0.00307187766,0.2,0.0828940481,0.0147325087,0.00869384408,-0.183301472,-0.00592719078,-0.2,0.00450998813,0.0633566871
766,24014509,0.188172355,-0.114499375,-0.0302475151,0.0406782478,0.0217981935,-0.101063654,-0.147527814,-0.035849981,-0.170135379,-0.0744162723,0.179016307,-0.0518175773,0.0150537884,-0.00915995002,-0.213611382,-0.181694788,0.00174385548,-0.00808509231,0.2,0.2,-0.0840270758,-0.0648832545,0.0143213046,-0.00414540619,0.0150537884,0.213611382,0.00174385548,0.2,0.0840270758,0.0143213046,0.00915995002,-0.181694788,-0.00808509231,-0.2,0.00414540619,0.0648832545
767,24033161,0.192659914,-0.118409649,-0.0371785164,0.0425298102,0.00791696459,-0.128778756,-0.14273864,-0.0381293707,-0.171621591,-0.0825638771,0.169491574,-0.0498686358,0.0154127932,-0.00947277188,-0.216730332,-0.180861585,0.000633357167,-0.0103023005,0.2,0.2,-0.0843243182,-0.0665127754,0.0135593259,-0.00398949087,0.0154127932,0.216730332,0.000633357167,0.2,0.0843243182,0.0135593259,0.00947277188,-0.180861585,-0.0103023005,-0.2,0.00398949087,0.0665127754
768,24049227,0.195716217,-0.121854872,-0.0412922986,0.0436608233,-0.00320831384,-0.153850436,-0.138556048,-0.0397850089,-0.171234608,-0.0897615775,0.154057294,-0.0525796153,0.0156572974,-0.00974838972,-0.218581534,-0.18035263,-0.000256665107,-0.0123080349,0.2,0.2,-0.0842469215,-0.0679523155,0.0123245835,-0.00420636922,0.0156572974,0.218581534,-0.000256665107,0.2,0.0842469215,0.0123245835,0.00974838972,-0.18035263,-0.0123080349,-0.2,0.00420636922,0.0679523155
769,24069571,0.20107995,-0.123147584,-0.0421121679,0.0453685634,-0.0112324683,-0.173188388,-0.136531532,-0.0382640176,-0.16556704,-0.0913310945,0.134913653,-0.0620568097,0.016086396,-0.00985180676,-0.218950476,-0.179584146,-0.000898597464,-0.0138550711,0.2,0.2,-0.0831134081,-0.0682662189,0.0107930923,-0.00496454477,0.016086396,0.218950476,-0.000898597464,0.2,0.0831134081,0.0107930923,0.00985180676,-0.179584146,-0.0138550711,-0.2,0.00496454477,0.0682662189
770,24089840,0.21311982,-0.123628013,-0.0417769738,0.0488304645,-0.01648679,-0.182774216,-0.136822358,-0.0330134034,-0.157655269,-0.085325703,0.115904473,-0.0742733702,0.0170495856,-0.00989024103,-0.218799638,-0.178026291,-0.0013189432,-0.0146219373,0.2,0.2,-0.0815310538,-0.0670651406,0.00927235782,-0.00594186962,0.0170495856,0.218799638,-0.0013189432,0.2,0.0815310538,0.00927235782,0.00989024103,-0.178026291,-0.0146219373,-0.2,0.00594186962,0.0670651406
771,24108904,0.230596945,-0.12292821,-0.0408053212,0.0524908043,-0.0192015376,-0.182199746,-0.139562562,-0.0264568646,-0.15147382,-0.0745189562,0.103283487,-0.0858533457,0.0184477556,-0.00983425677,-0.218362395,-0.176379138,-0.00153612301,-0.0145759797,0.2,0.2,-0.080294764,-0.0649037912,0.00826267898,-0.00686826766,0.0184477556,0.218362395,-0.00153612301,0.2,0.080294764,0.00826267898,0.00983425677,-0.176379138,-0.0145759797,-0.2,0.00686826766,0.0649037912
772,24133650,0.246645764,-0.121458791,-0.0414343588,0.0557352975,-0.0195165575,-0.175508156,-0.142576531,-0.0234644692,-0.148273274,-0.0675284863,0.104851633,-0.0895270407,0.0197316611,-0.0097167033,-0.218645461,-0.174919116,-0.0015613246,-0.0140406525,0.2,0.2,-0.0796546549,-0.0635056973,0.00838813066,-0.00716216326,0.0197316611,0.218645461,-0.0015613246,0.2,0.0796546549,0.00838813066,0.0097167033,-0.174919116,-0.0140406525,-0.2,0.00716216326,0.0635056973
773,24148422,0.255678326,-0.120715469,-0.0400962532,0.0557226054,-0.0170818772,-0.167549118,-0.142848223,-0.0256627314,-0.143578812,-0.0674002692,0.120036215,-0.0847680941,0.0204542661,-0.00965723753,-0.218043314,-0.174924828,-0.00136655018,-0.0134039295,0.2,0.2,-0.0787157625,-0.0634800538,0.00960289717,-0.00678144753,0.0204542661,0.218043314,-0.00136655018,0.2,0.0787157625,0.00960289717,0.00965723753,-0.174924828,-0.0134039295,-0.2,0.00678144753,0.0634800538
774,24181082,0.25389421,-0.121233471,-0.0334741659,0.0500106364,-0.0108789448,-0.157747224,-0.141829833,-0.0335108303,-0.140677616,-0.0754585415,0.138108149,-0.0755822584,0.0203115368,-0.00969867766,-0.215063375,-0.177495214,-0.000870315582,-0.0126197779,0.2,0.2,-0.0781355232,-0.0650917083,0.0110486519,-0.00604658067,0.0203115368,0.215063375,-0.000870315582,0.2,0.0781355232,0.0110486519,0.00969867766,-0.177495214,-0.0126197779,-0.2,0.00604658067,0.0650917083
775,24190191,0.241089538,-0.121919952,-0.0241005048,0.0418582931,-0.00123142439,-0.145866662,-0.142136574,-0.0458734483,-0.140365452,-0.0902714133,0.161272675,-0.064870283,0.019287163,-0.00975359619,-0.210845227,-0.181163768,-9.85139515e-05,-0.011669333,0.2,0.2,-0.0780730903,-0.0680542827,0.012901814,-0.00518962264,0.019287163,0.210845227,-9.85139515e-05,0.2,0.0780730903,0.012901814,0.00975359619,-0.181163768,-0.011669333,-0.2,0.00518962264,0.0680542827
776,24218433,0.223788604,-0.120007098,-0.010437239,0.032211788,0.0119678332,-0.129085943,-0.141051441,-0.0545601696,-0.136738479,-0.100118399,0.172566459,-0.0629155263,0.0179030883,-0.00960056782,-0.204696758,-0.185504695,0.000957426652,-0.0103268754,0.2,0.2,-0.0773476958,-0.0700236797,0.0138053167,-0.00503324211,0.0179030883,0.204696758,0.000957426652,0.2,0.0773476958,0.0138053167,0.00960056782,-0.185504695,-0.0103268754,-0.2,0.00503324211,0.0700236797
777,24234214,0.206791803,-0.115273036,0.0045023514,0.0249642618,0.0283962227,-0.107047804,-0.139295593,-0.0572265089,-0.12774241,-0.102216922,0.179427236,-0.0672570542,0.0165433443,-0.00922184289,-0.197973942,-0.188766082,0.00227169782,-0.0085638243,0.2,0.2,-0.0755484819,-0.0704433843,0.0143541789,-0.00538056433,0.0165433443,0.197973942,0.00227169782,0.2,0.0755484819,0.0143541789,0.00922184289,-0.188766082,-0.0085638243,-0.2,0.00538056433,0.0704433843
778,24247716,0.193774119,-0.105918318,0.0197529998,0.0200902764,0.0487212613,-0.0780122057,-0.138541535,-0.0555169955,-0.115610272,-0.097223267,0.188534811,-0.072844483,0.0155019295,-0.00847346544,-0.19111115,-0.190959376,0.00389770091,-0.00624097645,0.2,0.2,-0.0731220543,-0.0694446534,0.0150827849,-0.00582755864,0.0155019295,0.19111115,0.00389770091,0.2,0.0731220543,0.0150827849,0.00847346544,-0.190959376,-0.00624097645,-0.2,0.00582755864,0.0694446534
779,24279806,0.18555446,-0.093394652,0.0303879529,0.0202056337,0.0690670088,-0.0489400178,-0.140411317,-0.0500129014,-0.10442318,-0.0865766779,0.199541792,-0.0779235139,0.0148443568,-0.00747157216,-0.186325421,-0.190907465,0.0055253607,-0.00391520143,0.2,0.2,-0.070884636,-0.0673153356,0.0159633434,-0.00623388112,0.0148443568,0.186325421,0.0055253607,0.2,0.070884636,0.0159633434,0.00747157216,-0.190907465,-0.00391520143,-0.2,0.00623388112,0.0673153356
780,24289397,0.177141815,-0.0843778551,0.043239966,0.0179947354,0.0939777941,-0.0140630733,-0.145678952,-0.0494243205,-0.108223021,-0.0795183033,0.216234431,-0.0773405507,0.0141713452,-0.0067502284,-0.180542015,-0.191902369,0.00751822352,-0.00112504587,0.2,0.2,-0.0716446042,-0.0659036607,0.0172987545,-0.00618724406,0.0141713452,0.180542015,0.00751822352,0.2,0.0716446042,0.0172987545,0.0067502284,-0.191902369,-0.00112504587,-0.2,0.00618724406,0.0659036607
781,24309182,0.163223326,-0.0816867128,0.0491833352,0.0132910758,0.118600309,0.0180063006,-0.15240711,-0.0585863218,-0.12498498,-0.0828629434,0.233657137,-0.0697098896,0.0130578661,-0.00653493702,-0.177867499,-0.194019016,0.00948802471,0.00144050404,0.2,0.2,-0.0749969959,-0.0665725887,0.0186925709,-0.00557679117,0.0130578661,0.177867499,0.00948802471,0.2,0.0749969959,0.0186925709,0.00653493702,-0.194019016,0.00144050404,-0.2,0.00557679117,0.0665725887
782,24331715,0.144571573,-0.0844995081,0.0563235432,0.00877534319,0.141515955,0.04634111,-0.153259575,-0.0659398809,-0.140365034,-0.087041758,0.247001842,-0.0620283596,0.0115657258,-0.00675996065,-0.174654406,-0.196051096,0.0113212764,0.0037072888,0.2,0.2,-0.0780730069,-0.0674083516,0.0197601473,-0.00496226877,0.0115657258,0.174654406,0.0113212764,0.2,0.0780730069,0.0197601473,0.00675996065,-0.196051096,0.0037072888,-0.2,0.00496226877,0.0674083516
783,24350466,0.121349692,-0.0898564756,0.0607771762,0.00422967132,0.158119202,0.067407921,-0.147556365,-0.0715816319,-0.146161795,-0.0886629298,0.257460505,-0.0522461347,0.00970797539,-0.00718851805,-0.172650271,-0.198096648,0.0126495361,0.00539263368,0.2,0.2,-0.0792323589,-0.067732586,0.0205968404,-0.00417969078,0.00970797539,0.172650271,0.0126495361,0.2,0.0792323589,0.0205968404,0.00718851805,-0.198096648,0.00539263368,-0.2,0.00417969078,0.067732586
784,24378430,0.0928831398,-0.0930856168,0.0649357066,0.000859460444,0.166152969,0.0782786459,-0.137367174,-0.0745813325,-0.140912354,-0.0871817097,0.26432538,-0.0398107953,0.00743065119,-0.00744684935,-0.170778932,-0.199613243,0.0132922375,0.00626229167,0.2,0.2,-0.0781824708,-0.0674363419,0.0211460304,-0.00318486363,0.00743065119,0.170778932,0.0132922375,0.2,0.0781824708,0.0211460304,0.00744684935,-0.199613243,0.00626229167,-0.2,0.00318486363,0.0674363419
785,24387880,0.0683280677,-0.0918162465,0.0661970302,0.000187832717,0.164735168,0.0787917227,-0.130082265,-0.0714084283,-0.131445274,-0.0820599273,0.263972789,-0.0311343614,0.00546624541,-0.00734529972,-0.170211336,-0.199915475,0.0131788135,0.00630333781,0.2,0.2,-0.0762890548,-0.0664119855,0.0211178231,-0.00249074891,0.00546624541,0.170211336,0.0131788135,0.2,0.0762890548,0.0211178231,0.00734529972,-0.199915475,0.00630333781,-0.2,0.00249074891,0.0664119855
786,24409656,0.0547552519,-0.0877207965,0.0646299645,0.00143894518,0.156419158,0.0723091289,-0.129667908,-0.0659059584,-0.130807728,-0.0780416653,0.25403589,-0.0292303395,0.00438042015,-0.00701766372,-0.170916516,-0.199352475,0.0125135326,0.00578473032,0.2,0.2,-0.0761615455,-0.0656083331,0.0203228712,-0.00233842716,0.00438042015,0.170916516,0.0125135326,0.2,0.0761615455,0.0203228712,0.00701766372,-0.199352475,0.00578473032,-0.2,0.00233842716,0.0656083331
787,24433681,0.0574274585,-0.086074844,0.0603509769,0.00435797358,0.146388546,0.0632012263,-0.135420635,-0.0573339686,-0.139962196,-0.0726511106,0.237527668,-0.0362162739,0.00459419668,-0.00688598752,-0.17284206,-0.198038912,0.0117110837,0.0050560981,0.2,0.2,-0.0779924393,-0.0645302221,0.0190022135,-0.00289730191,0.00459419668,0.17284206,0.0117110837,0.2,0.0779924393,0.0190022135,0.00688598752,-0.198038912,0.0050560981,-0.2,0.00289730191,0.0645302221
788,24448668,0.0769994333,-0.0871962458,0.0479654893,0.0101808263,0.132874772,0.0498525687,-0.14479433,-0.0478090383,-0.153958693,-0.0660916641,0.219002202,-0.0496397726,0.00615995467,-0.00697569966,-0.17841553,-0.195418628,0.0106299818,0.00398820549,0.2,0.2,-0.0807917386,-0.0632183328,0.0175201762,-0.00397118181,0.00615995467,0.17841553,0.0106299818,0.2,0.0807917386,0.0175201762,0.00697569966,-0.195418628,0.00398820549,-0.2,0.00397118181,0.0632183328
789,24474666,0.10351488,-0.0904062241,0.0287649129,0.0200162306,0.114220314,0.0300960373,-0.152830735,-0.0395354964,-0.163687736,-0.0598891042,0.210429609,-0.0563709699,0.0082811904,-0.00723249793,-0.187055789,-0.190992696,0.0091376251,0.00240768299,0.2,0.2,-0.0827375472,-0.0619778208,0.0168343687,-0.00450967759,0.0082811904,0.187055789,0.0091376251,0.2,0.0827375472,0.0168343687,0.00723249793,-0.190992696,0.00240768299,-0.2,0.00450967759,0.0619778208
790,24487739,0.130769476,-0.0959199741,0.00742608262,0.0297575686,0.0900689662,0.00327496487,-0.154922813,-0.0324238911,-0.166271612,-0.0535913855,0.208892971,-0.0541671403,0.0104615581,-0.00767359793,-0.196658263,-0.186609094,0.00720551729,0.000261997189,0.2,0.2,-0.0832543224,-0.0607182771,0.0167114377,-0.00433337122,0.0104615581,0.196658263,0.00720551729,0.2,0.0832543224,0.0167114377,0.00767359793,-0.186609094,0.000261997189,-0.2,0.00433337122,0.0607182771
791,24510468,0.152725339,-0.103388101,-0.0141866719,0.0358347557,0.0610797182,-0.0319141038,-0.154477701,-0.0314616859,-0.174536899,-0.0578301065,0.206833765,-0.0454279259,0.0122180271,-0.00827104807,-0.206384002,-0.18387436,0.00488637745,-0.0025531283,0.2,0.2,-0.0849073797,-0.0615660213,0.0165467012,-0.00363423407,0.0122180271,0.206384002,0.00488637745,0.2,0.0849073797,0.0165467012,0.00827104807,-0.18387436,-0.0025531283,-0.2,0.00363423407,0.0615660213
792,24531654,0.16881305,-0.112810433,-0.0320475325,0.0400677994,0.0328110978,-0.0732903183,-0.148415074,-0.0327845551,-0.183488548,-0.0666704476,0.194829524,-0.0380527303,0.013505044,-0.00902483463,-0.21442139,-0.18196949,0.00262488782,-0.00586322546,0.2,0.2,-0.0866977096,-0.0633340895,0.0155863619,-0.00304421842,0.013505044,0.21442139,0.00262488782,0.2,0.0866977096,0.0155863619,0.00902483463,-0.18196949,-0.00586322546,-0.2,0.00304421842,0.0633340895
793,24548407,0.177048132,-0.120287202,-0.0467838496,0.0439159237,0.00725801243,-0.121165343,-0.141047329,-0.0368027203,-0.189887673,-0.0790371522,0.177790806,-0.0333680101,0.0141638505,-0.00962297618,-0.221052732,-0.180237834,0.000580640994,-0.00969322741,0.2,0.2,-0.0879775345,-0.0658074304,0.0142232645,-0.00266944081,0.0141638505,0.221052732,0.000580640994,0.2,0.0879775345,0.0142232645,0.00962297618,-0.180237834,-0.00969322741,-0.2,0.00266944081,0.0658074304
794,24569277,0.185345158,-0.126427934,-0.0567434244,0.0483698808,-0.0140068177,-0.170053631,-0.133193299,-0.0358636379,-0.188758776,-0.0859501809,0.145215601,-0.0409580097,0.0148276126,-0.0101142347,-0.225534541,-0.178233554,-0.00112054542,-0.0136042905,0.2,0.2,-0.0877517551,-0.0671900362,0.0116172481,-0.00327664077,0.0148276126,0.225534541,-0.00112054542,0.2,0.0877517551,0.0116172481,0.0101142347,-0.178233554,-0.0136042905,-0.2,0.00327664077,0.0671900362
795,24589304,0.195016339,-0.131819308,-0.0666777417,0.0547026061,-0.0312232226,-0.214285553,-0.131246001,-0.0353367627,-0.188096583,-0.0924190879,0.109264597,-0.0560941994,0.0156013072,-0.0105455446,-0.230004984,-0.175383827,-0.00249785781,-0.0171428442,0.2,0.2,-0.0876193166,-0.0684838176,0.00874116778,-0.00448753595,0.0156013072,0.230004984,-0.00249785781,0.2,0.0876193166,0.00874116778,0.0105455446,-0.175383827,-0.0171428442,-0.2,0.00448753595,0.0684838176
796,24624896,0.212609321,-0.135596901,-0.0756069124,0.0647296384,-0.0449548624,-0.248625681,-0.134356543,-0.0297383294,-0.185796112,-0.0902316943,0.0643424168,-0.0778910592,0.0170087457,-0.0108477521,-0.234023111,-0.170871663,-0.003596389,-0.0198900545,0.2,0.2,-0.0871592224,-0.0680463389,0.00514739335,-0.00623128474,0.0170087457,0.234023111,-0.003596389,0.2,0.0871592224,0.00514739335,0.0108477521,-0.170871663,-0.0198900545,-0.2,0.00623128474,0.0680463389
797,24630584,0.234849915,-0.135401115,-0.0818784088,0.0765116364,-0.0544014089,-0.267356366,-0.138766572,-0.0198786967,-0.180740803,-0.0799399018,0.0216803644,-0.0993124992,0.0187879932,-0.0108320892,-0.236845284,-0.165569764,-0.00435211271,-0.0213885093,0.2,0.2,-0.0861481607,-0.0659879804,0.00173442915,-0.00794499993,0.0187879932,0.236845284,-0.00435211271,0.2,0.0861481607,0.00173442915,0.0108320892,-0.165569764,-0.0213885093,-0.2,0.00794499993,0.0659879804
798,24649236,0.255025655,-0.133352056,-0.0809391886,0.0812689587,-0.0573444851,-0.270385563,-0.140771642,-0.0145056574,-0.172269195,-0.0719027966,0.00748209702,-0.107804634,0.0204020524,-0.0106681645,-0.236422635,-0.163428969,-0.00458755881,-0.0216308451,0.2,0.2,-0.0844538391,-0.0643805593,0.000598567761,-0.00862437069,0.0204020524,0.236422635,-0.00458755881,0.2,0.0844538391,0.000598567761,0.0106681645,-0.163428969,-0.0216308451,-0.2,0.00862437069,0.0643805593
799,24673884,0.266870201,-0.131840944,-0.0807924271,0.0815130547,-0.0577288978,-0.268572927,-0.13949886,-0.0174562633,-0.162030444,-0.0763626993,0.018905377,-0.102347717,0.0213496161,-0.0105472755,-0.236356592,-0.163319125,-0.00461831182,-0.0214858341,0.2,0.2,-0.0824060887,-0.0652725399,0.00151243016,-0.00818781734,0.0213496161,0.236356592,-0.00461831182,0.2,0.0824060887,0.00151243016,0.0105472755,-0.163319125,-0.0214858341,-0.2,0.00818781734,0.0652725399
800,24688086,0.268216997,-0.136052504,-0.0765448436,0.0755643547,-0.0553000793,-0.261401862,-0.136943102,-0.0303864889,-0.160579562,-0.0951606557,0.0436444953,-0.0885539949,0.0214573598,-0.0108842003,-0.23444518,-0.16599604,-0.00442400634,-0.020912149,0.2,0.2,-0.0821159124,-0.0690321311,0.00349155962,-0.00708431959,0.0214573598,0.23444518,-0.00442400634,0.2,0.0821159124,0.00349155962,0.0108842003,-0.16599604,-0.020912149,-0.2,0.00708431959,0.0690321311
801,24722878,0.26262483,-0.139588058,-0.0595514625,0.0622514524,-0.0469636396,-0.24489893,-0.131953821,-0.0419842787,-0.153139472,-0.109800704,0.0690891519,-0.0797283053,0.0210099864,-0.0111670446,-0.226798158,-0.171986846,-0.00375709116,-0.0195919144,0.2,0.2,-0.0806278944,-0.0719601408,0.00552713215,-0.00637826443,0.0210099864,0.226798158,-0.00375709116,0.2,0.0806278944,0.00552713215,0.0111670446,-0.171986846,-0.0195919144,-0.2,0.00637826443,0.0719601408
802,24731776,0.249455661,-0.139223069,-0.0382791907,0.0464272797,-0.034075927,-0.219016731,-0.130400971,-0.054240156,-0.145788565,-0.121615194,0.0893843696,-0.0786746442,0.0199564528,-0.0111378455,-0.217225636,-0.179107724,-0.00272607416,-0.0175213385,0.2,0.2,-0.0791577131,-0.0743230388,0.00715074956,-0.00629397154,0.0199564528,0.217225636,-0.00272607416,0.2,0.0791577131,0.00715074956,0.0111378455,-0.179107724,-0.0175213385,-0.2,0.00629397154,0.0743230388
803,24746874,0.234180689,-0.135258153,-0.0209229235,0.0337381661,-0.0171359498,-0.185725838,-0.131238878,-0.0632117838,-0.139342606,-0.130841777,0.109606564,-0.0823080912,0.0187344551,-0.0108206522,-0.209415316,-0.184817825,-0.00137087598,-0.014858067,0.2,0.2,-0.0778685212,-0.0761683553,0.00876852512,-0.0065846473,0.0187344551,0.209415316,-0.00137087598,0.2,0.0778685212,0.00876852512,0.0108206522,-0.184817825,-0.014858067,-0.2,0.0065846473,0.0761683553
804,24772480,0.221457228,-0.122908406,0.00219224789,0.0231314357,0.00754392892,-0.140419409,-0.131550267,-0.0641670227,-0.126012936,-0.126691461,0.125668958,-0.0932943225,0.0177165782,-0.00983267248,-0.199013488,-0.189590854,0.000603514314,-0.0112335527,0.2,0.2,-0.0752025872,-0.0753382921,0.0100535166,-0.0074635458,0.0177165782,0.199013488,0.000603514314,0.2,0.0752025872,0.0100535166,0.00983267248,-0.189590854,-0.0112335527,-0.2,0.0074635458,0.0753382921
805,24789119,0.203983635,-0.106265023,0.0284853317,0.0134837376,0.0440654345,-0.0840261355,-0.136813089,-0.0672272667,-0.117694214,-0.12071313,0.154562846,-0.0982187837,0.0163186908,-0.00850120187,-0.187181601,-0.193932318,0.00352523476,-0.00672209084,0.2,0.2,-0.0735388428,-0.0741426259,0.0123650277,-0.0078575027,0.0163186908,0.187181601,0.00352523476,0.2,0.0735388428,0.0123650277,0.00850120187,-0.193932318,-0.00672209084,-0.2,0.0078575027,0.0741426259
806,24826828,0.180925995,-0.0906900167,0.0446290895,0.0103853717,0.0851583108,-0.0316737816,-0.142350346,-0.0716324523,-0.113154933,-0.116293848,0.187805235,-0.0937534124,0.0144740796,-0.00725520134,-0.17991691,-0.195326583,0.00681266487,-0.00253390253,0.2,0.2,-0.0726309866,-0.0732587695,0.0150244188,-0.00750027299,0.0144740796,0.17991691,0.00681266487,0.2,0.0726309866,0.0150244188,0.00725520134,-0.195326583,-0.00253390253,-0.2,0.00750027299,0.0732587695
807,24831206,0.152075827,-0.0827102065,0.0548991896,0.00553858094,0.12204086,0.0135349184,-0.151737452,-0.0813379884,-0.125067368,-0.120650679,0.219356224,-0.0813737363,0.0121660662,-0.00661681652,-0.175295365,-0.197507639,0.00976326883,0.00108279347,0.2,0.2,-0.0750134736,-0.0741301358,0.0175484979,-0.0065098989,0.0121660662,0.175295365,0.00976326883,0.2,0.0750134736,0.0175484979,0.00661681652,-0.197507639,0.00108279347,-0.2,0.0065098989,0.0741301358
808,24848266,0.121475838,-0.0839641839,0.0634929016,-0.0020037957,0.151438072,0.0506380945,-0.153051421,-0.0912747607,-0.14147009,-0.126799688,0.23490195,-0.0710342526,0.00971806705,-0.00671713471,-0.171428194,-0.200901708,0.0121150458,0.00405104756,0.2,0.2,-0.0782940179,-0.0753599375,0.018792156,-0.00568274021,0.00971806705,0.171428194,0.0121150458,0.2,0.0782940179,0.018792156,0.00671713471,-0.200901708,0.00405104756,-0.2,0.00568274021,0.0753599375
809,24882421,0.0914997458,-0.0851143077,0.0834302455,-0.0139432997,0.183773175,0.0886045396,-0.142267287,-0.0953702033,-0.153727353,-0.119635046,0.232307181,-0.0709051266,0.00731997967,-0.00680914462,-0.16245639,-0.206274485,0.014701854,0.00708836317,0.2,0.2,-0.0807454705,-0.0739270091,0.0185845745,-0.00567241013,0.00731997967,0.16245639,0.014701854,0.2,0.0807454705,0.0185845745,0.00680914462,-0.206274485,0.00708836317,-0.2,0.00567241013,0.0739270091
810,24891615,0.0641652867,-0.0868485719,0.0896802172,-0.020385826,0.20700489,0.115517996,-0.131558582,-0.0971004516,-0.162618846,-0.110995226,0.229793414,-0.0688544735,0.00513322294,-0.00694788575,-0.159643902,-0.209173622,0.0165603912,0.0092414397,0.2,0.2,-0.0825237691,-0.0721990451,0.0183834732,-0.00550835788,0.00513322294,0.159643902,0.0165603912,0.2,0.0825237691,0.0183834732,0.00694788575,-0.209173622,0.0092414397,-0.2,0.00550835788,0.0721990451
811,24906915,0.0400682986,-0.0848575309,0.0864360332,-0.0167512503,0.214316413,0.123967618,-0.123914033,-0.0895514786,-0.15661706,-0.0982814804,0.229178801,-0.061183922,0.00320546389,-0.00678860247,-0.161103785,-0.207538063,0.017145313,0.00991740942,0.2,0.2,-0.0813234121,-0.0696562961,0.0183343041,-0.00489471376,0.00320546389,0.161103785,0.017145313,0.2,0.0813234121,0.0183343041,0.00678860247,-0.207538063,0.00991740942,-0.2,0.00489471376,0.0696562961
812,24940568,0.0256490856,-0.080581449,0.0887648612,-0.0119450353,0.215399534,0.129089907,-0.12361493,-0.0800611228,-0.158422887,-0.0832041055,0.228059381,-0.0499640666,0.00205192685,-0.00644651592,-0.160055812,-0.205375266,0.0172319627,0.0103271925,0.2,0.2,-0.0816845775,-0.0666408211,0.0182447505,-0.00399712533,0.00205192685,0.160055812,0.0172319627,0.2,0.0816845775,0.0182447505,0.00644651592,-0.205375266,0.0103271925,-0.2,0.00399712533,0.0666408211
813,24951567,0.0223149601,-0.0776563957,0.0843726918,-0.00491755549,0.207224384,0.125143677,-0.125388965,-0.0694456622,-0.153182298,-0.0623300187,0.226974025,-0.0400867537,0.00178519681,-0.00621251166,-0.162032289,-0.2022129,0.0165779507,0.0100114942,0.2,0.2,-0.0806364596,-0.0624660037,0.018157922,-0.00320694029,0.00178519681,0.162032289,0.0165779507,0.2,0.0806364596,0.018157922,0.00621251166,-0.2022129,0.0100114942,-0.2,0.00320694029,0.0624660037
814,24967960,0.0271108188,-0.0792043656,0.0755898133,0.000150787993,0.192990959,0.117749915,-0.131952241,-0.062089581,-0.156820551,-0.0502063893,0.226893395,-0.0348063596,0.0021688655,-0.00633634925,-0.165984584,-0.199932145,0.0154392767,0.00941999316,0.2,0.2,-0.0813641101,-0.0600412779,0.0181514716,-0.00278450876,0.0021688655,0.165984584,0.0154392767,0.2,0.0813641101,0.0181514716,0.00633634925,-0.199932145,0.00941999316,-0.2,0.00278450876,0.0600412779
815,24995449,0.0416817255,-0.0845519975,0.0605511516,0.00875101518,0.172687978,0.10046915,-0.140671492,-0.0522395037,-0.161236137,-0.0431554019,0.226902112,-0.0331015661,0.00333453804,-0.0067641598,-0.172751982,-0.196062043,0.0138150382,0.00803753197,0.2,0.2,-0.0822472274,-0.0586310804,0.018152169,-0.00264812529,0.00333453804,0.172751982,0.0138150382,0.2,0.0822472274,0.018152169,0.0067641598,-0.196062043,0.00803753197,-0.2,0.00264812529,0.0586310804
816,25011727,0.0594669096,-0.0904636383,0.0392139405,0.0198347345,0.143757492,0.072197251,-0.145034313,-0.0431244224,-0.161054552,-0.0390644409,0.229275048,-0.0288343802,0.00475735277,-0.00723709106,-0.182353727,-0.191074369,0.0115005994,0.00577578008,0.2,0.2,-0.0822109103,-0.0578128882,0.0183420038,-0.00230675042,0.00475735277,0.182353727,0.0115005994,0.2,0.0822109103,0.0183420038,0.00723709106,-0.191074369,0.00577578008,-0.2,0.00230675042,0.0578128882
817,25030213,0.0807994381,-0.0948796645,0.0159128699,0.0271972474,0.108041853,0.0330697782,-0.149505705,-0.0378661528,-0.166248426,-0.0448170714,0.229411885,-0.0234642345,0.00646395504,-0.00759037316,-0.192839209,-0.187761239,0.00864334822,0.00264558226,0.2,0.2,-0.0832496852,-0.0589634143,0.0183529508,-0.00187713876,0.00646395504,0.192839209,0.00864334822,0.2,0.0832496852,0.0183529508,0.00759037316,-0.187761239,0.00264558226,-0.2,0.00187713876,0.0589634143
818,25052479,0.104295902,-0.100340605,-0.00583125744,0.0320024006,0.0728424489,-0.0124221016,-0.148313165,-0.0344940275,-0.174816474,-0.0532177277,0.220542133,-0.0217258949,0.00834367216,-0.00802724838,-0.202624066,-0.18559892,0.00582739592,-0.000993768126,0.2,0.2,-0.0849632949,-0.0606435455,0.0176433706,-0.00173807159,0.00834367216,0.202624066,0.00582739592,0.2,0.0849632949,0.0176433706,0.00802724838,-0.18559892,-0.000993768126,-0.2,0.00173807159,0.0606435455
819,25077501,0.136383533,-0.107475452,-0.0317568257,0.0401297137,0.0377849601,-0.0658330247,-0.147706881,-0.0318269953,-0.18911624,-0.060902033,0.196850777,-0.0268264655,0.0109106827,-0.00859803617,-0.214290572,-0.181941629,0.00302279681,-0.00526664197,0.2,0.2,-0.0878232479,-0.0621804066,0.0157480621,-0.00214611724,0.0109106827,0.214290572,0.00302279681,0.2,0.0878232479,0.0157480621,0.00859803617,-0.181941629,-0.00526664197,-0.2,0.00214611724,0.0621804066
820,25089689,0.165589646,-0.1166417,-0.0534744114,0.0497595891,0.00650588609,-0.122628383,-0.142122895,-0.0254845675,-0.196564764,-0.0638846904,0.164232507,-0.0345645957,0.0132471716,-0.00933133602,-0.224063485,-0.177608185,0.000520470887,-0.00981027067,0.2,0.2,-0.0893129528,-0.0627769381,0.0131386006,-0.00276516765,0.0132471716,0.224063485,0.000520470887,0.2,0.0893129528,0.0131386006,0.00933133602,-0.177608185,-0.00981027067,-0.2,0.00276516765,0.0627769381
821,25109714,0.198427454,-0.12624146,-0.0687859952,0.0652483255,-0.019195307,-0.174646929,-0.138253823,-0.0100360671,-0.187871993,-0.0498206764,0.122041315,-0.0558475256,0.0158741963,-0.0100993168,-0.230953698,-0.170638254,-0.00153562456,-0.0139717543,0.2,0.2,-0.0875743985,-0.0599641353,0.00976330519,-0.00446780205,0.0158741963,0.230953698,-0.00153562456,0.2,0.0875743985,0.00976330519,0.0100993168,-0.170638254,-0.0139717543,-0.2,0.00446780205,0.0599641353
822,25129468,0.229993269,-0.135264963,-0.0892439708,0.0820354894,-0.0424057022,-0.225051358,-0.141503781,-0.00253154105,-0.188244924,-0.0399779119,0.0717830062,-0.0750511214,0.0183994615,-0.010821197,-0.240159787,-0.16308403,-0.00339245617,-0.0180041087,0.2,0.2,-0.0876489848,-0.0579955824,0.0057426405,-0.00600408971,0.0183994615,0.240159787,-0.00339245617,0.2,0.0876489848,0.0057426405,0.010821197,-0.16308403,-0.0180041087,-0.2,0.00600408971,0.0579955824
823,25149687,0.255247295,-0.140691429,-0.107294999,0.09848167,-0.0607927032,-0.266936064,-0.152728692,0.00145066902,-0.203260258,-0.0373655334,0.0167801846,-0.0871758461,0.0204197836,-0.0112553144,-0.24828275,-0.155683248,-0.00486341625,-0.0213548851,0.2,0.200652801,-0.0906520516,-0.0574731067,0.00134241477,-0.00697406769,0.0204197836,0.24828275,-0.00486341625,0.2,0.0906520516,0.00134241477,0.0112553144,-0.155683248,-0.0213548851,-0.200652801,0.00697406769,0.0574731067
824,25170113,0.262270093,-0.141622439,-0.128577262,0.119307794,-0.0734912306,-0.302339047,-0.168839112,0.000395562267,-0.23125793,-0.0498273857,-0.0430477522,-0.0904646888,0.0209816074,-0.0113297951,-0.257859768,-0.146311493,-0.00587929845,-0.0241871238,0.2,0.200178003,-0.0962515861,-0.0599654771,-0.00344382018,-0.00723717511,0.0209816074,0.257859768,-0.00587929845,0.2,0.0962515861,-0.00344382018,0.0113297951,-0.146311493,-0.0241871238,-0.200178003,0.00723717511,0.0599654771
825,25194032,0.249691501,-0.140313894,-0.142499402,0.129630685,-0.0757129788,-0.333857,-0.176031798,-0.0103446217,-0.256278366,-0.0833025277,-0.0816603675,-0.0807083175,0.0199753201,-0.0112251115,-0.264124731,-0.141666192,-0.00605703831,-0.02670856,0.2,0.2,-0.101255673,-0.0666605055,-0.0065328294,-0.0064566654,0.0199753201,0.264124731,-0.00605703831,0.2,0.101255673,-0.0065328294,0.0112251115,-0.141666192,-0.02670856,-0.2,0.0064566654,0.0666605055
826,25212443,0.226604879,-0.141920477,-0.145347357,0.127317622,-0.0705242082,-0.361195713,-0.168723986,-0.0275336597,-0.266054869,-0.129644707,-0.0923685059,-0.075316079,0.0181283903,-0.0113536382,-0.265406311,-0.14270707,-0.00564193666,-0.0288956571,0.2,0.2,-0.103210974,-0.0759289414,-0.00738948047,-0.00602528632,0.0181283903,0.265406311,-0.00564193666,0.2,0.103210974,-0.00738948047,0.0113536382,-0.14270707,-0.0288956571,-0.2,0.00602528632,0.0759289414
827,25228668,0.191579416,-0.14852865,-0.130363315,0.108383738,-0.0595392287,-0.373890102,-0.149123907,-0.0569278896,-0.269791842,-0.18099007,-0.0893979296,-0.0804861411,0.0153263533,-0.011882292,-0.258663492,-0.151227318,-0.00476313829,-0.0299112082,0.2,0.2,-0.103958368,-0.086198014,-0.00715183437,-0.00643889129,0.0153263533,0.258663492,-0.00476313829,0.2,0.103958368,-0.00715183437,0.011882292,-0.151227318,-0.0299112082,-0.2,0.00643889129,0.086198014
828,25249835,0.162461251,-0.156122163,-0.0883880407,0.0752031133,-0.0444584191,-0.354638487,-0.108639345,-0.0795502141,-0.232299894,-0.195529178,-0.0841886997,-0.105537347,0.0129969001,-0.012489773,-0.239774618,-0.166158599,-0.00355667353,-0.028371079,0.2,0.2,-0.0964599788,-0.0891058356,-0.00673509598,-0.0084429878,0.0129969001,0.239774618,-0.00355667353,0.2,0.0964599788,-0.00673509598,0.012489773,-0.166158599,-0.028371079,-0.2,0.0084429878,0.0891058356
829,25269619,0.147252902,-0.164980903,-0.045406945,0.0378243811,-0.0365854092,-0.316673249,-0.0712810457,-0.095930174,-0.171827212,-0.199688256,-0.0582058504,-0.13075,0.0117802322,-0.0131984723,-0.220433125,-0.182979028,-0.00292683274,-0.0253338599,0.2,0.2,-0.0843654424,-0.0899376512,-0.00465646803,-0.01046,0.0117802322,0.220433125,-0.00292683274,0.2,0.0843654424,-0.00465646803,0.0131984723,-0.182979028,-0.0253338599,-0.2,0.01046,0.0899376512
830,25298812,0.15174298,-0.161793709,0.0105638625,-0.00297613977,-0.0218850095,-0.242557004,-0.0683864802,-0.10347604,-0.126583129,-0.196331516,-0.0152230365,-0.147009894,0.0121394384,-0.0129434967,-0.195246262,-0.201339263,-0.00175080076,-0.0194045603,0.2,0.2,-0.0753166258,-0.0892663032,-0.00121784292,-0.0117607915,0.0121394384,0.195246262,-0.00175080076,0.2,0.0753166258,-0.00121784292,0.0129434967,-0.201339263,-0.0194045603,-0.2,0.0117607915,0.0892663032
831,25309308,0.163842395,-0.141117528,0.0484800972,-0.013815809,0.0152877038,-0.14579533,-0.0887085125,-0.0985017642,-0.0975669771,-0.179655269,0.0302283354,-0.146028638,0.0131073916,-0.0112894022,-0.178183956,-0.206217114,0.00122301631,-0.0116636264,0.2,0.2,-0.0695133954,-0.0859310538,0.00241826683,-0.011682291,0.0131073916,0.178183956,0.00122301631,0.2,0.0695133954,0.00241826683,0.0112894022,-0.206217114,-0.0116636264,-0.2,0.011682291,0.0859310538
832,25328834,0.159782216,-0.11649055,0.0765990168,-0.0162796117,0.0807559639,-0.0352265239,-0.120874114,-0.104086593,-0.118755572,-0.170869187,0.0861210153,-0.128696233,0.0127825773,-0.00931924403,-0.165530442,-0.207325825,0.00646047711,-0.00281812191,0.2,0.2,-0.0737511143,-0.0841738373,0.00688968122,-0.0102956986,0.0127825773,0.165530442,0.00646047711,0.2,0.0737511143,0.00688968122,0.00931924403,-0.207325825,-0.00281812191,-0.2,0.0102956986,0.0841738373
833,25353294,0.141329512,-0.0873343647,0.0993462205,-0.0148693975,0.162046909,0.0627187863,-0.139265999,-0.0962762982,-0.141446978,-0.150878266,0.14949964,-0.108584329,0.011306361,-0.00698674917,-0.155294201,-0.206691229,0.0129637527,0.0050175029,0.2,0.2,-0.0782893956,-0.0801756531,0.0119599712,-0.00868674636,0.011306361,0.155294201,0.0129637527,0.2,0.0782893956,0.0119599712,0.00698674917,-0.206691229,0.0050175029,-0.2,0.00868674636,0.0801756531
834,25369191,0.103920721,-0.0733438283,0.105912171,-0.0154872527,0.2243056,0.13118206,-0.152238116,-0.108824618,-0.168749601,-0.144919813,0.225322142,-0.0667454004,0.00831365764,-0.00586750627,-0.152339523,-0.206969264,0.017944448,0.0104945648,0.2,0.2,-0.0837499201,-0.0789839625,0.0180257714,-0.00533963203,0.00831365764,0.152339523,0.017944448,0.2,0.0837499201,0.0180257714,0.00586750627,-0.206969264,0.0104945648,-0.2,0.00533963203,0.0789839625
835,25390972,0.0828066915,-0.0643973723,0.0754795521,0.0212603081,0.232763246,0.127099544,-0.151115865,-0.0764895007,-0.118699484,-0.102982394,0.259004712,-0.0400761254,0.00662453532,-0.00515178978,-0.166034202,-0.190432861,0.0186210597,0.0101679635,0.2,0.2,-0.0737398967,-0.0705964789,0.020720377,-0.00320609003,0.00662453532,0.166034202,0.0186210597,0.2,0.0737398967,0.020720377,0.00515178978,-0.190432861,0.0101679635,-0.2,0.00320609003,0.0705964789
836,25409911,0.0669171959,-0.0658198372,0.0784331188,0.0202950425,0.217651948,0.124880321,-0.147771627,-0.0635542348,-0.123284817,-0.0785335451,0.258762389,-0.0231008362,0.00535337567,-0.00526558697,-0.164705097,-0.190867231,0.0174121559,0.00999042571,0.2,0.2,-0.0746569633,-0.065706709,0.0207009912,-0.0018480669,0.00535337567,0.164705097,0.0174121559,0.2,0.0746569633,0.0207009912,0.00526558697,-0.190867231,0.00999042571,-0.2,0.0018480669,0.065706709
837,25431562,0.041410137,-0.079094708,0.0781134516,0.000657640165,0.203132927,0.124813832,-0.139128685,-0.0810910463,-0.152713493,-0.0872197747,0.252330065,-0.0109988051,0.00331281096,-0.00632757664,-0.164848947,-0.199704062,0.0162506342,0.00998510659,0.2,0.2,-0.0805426985,-0.0674439549,0.0201864052,-0.000879904404,0.00331281096,0.164848947,0.0162506342,0.2,0.0805426985,0.0201864052,0.00632757664,-0.199704062,0.00998510659,-0.2,0.000879904404,0.0674439549
838,25453461,0.020122027,-0.0929268301,0.0745071843,-0.0156417042,0.192062631,0.118840568,-0.128965676,-0.0915287137,-0.176904842,-0.101178698,0.227329671,-0.0289984271,0.00160976216,-0.0074341464,-0.166471767,-0.207038767,0.0153650105,0.00950724542,0.2,0.2,-0.0853809685,-0.0702357396,0.0181863737,-0.00231987417,0.00160976216,0.166471767,0.0153650105,0.2,0.0853809685,0.0181863737,0.0074341464,-0.207038767,0.00950724542,-0.2,0.00231987417,0.0702357396
839,25469355,0.0297356229,-0.10395921,0.0632298961,-0.00956701674,0.178493872,0.0981007814,-0.119604804,-0.0705845952,-0.162997395,-0.0748413429,0.198656142,-0.0512649417,0.00237884983,-0.00831673682,-0.171546547,-0.204305158,0.0142795098,0.00784806252,0.2,0.2,-0.082599479,-0.0649682686,0.0158924913,-0.00410119534,0.00237884983,0.171546547,0.0142795098,0.2,0.082599479,0.0158924913,0.00831673682,-0.204305158,0.00784806252,-0.2,0.00410119534,0.0649682686
840,25489766,0.0590472668,-0.10262762,0.053976059,0.0101617267,0.16085954,0.0801562071,-0.130539015,-0.0430841558,-0.157314286,-0.0483101904,0.186541408,-0.0671150163,0.00472378135,-0.00821020961,-0.175710773,-0.195427223,0.0128687632,0.00641249657,0.2,0.2,-0.0814628571,-0.0596620381,0.0149233127,-0.0053692013,0.00472378135,0.175710773,0.0128687632,0.2,0.0814628571,0.0149233127,0.00821020961,-0.195427223,0.00641249657,-0.2,0.0053692013,0.0596620381
841,25512305,0.102768868,-0.101410724,0.0331342295,0.0350629687,0.13572675,0.0583430268,-0.14784579,-0.0146775246,-0.153401181,-0.0221377034,0.185557649,-0.0750803575,0.00822150946,-0.00811285794,-0.185089597,-0.184221664,0.01085814,0.00466744214,0.2,0.2,-0.0806802362,-0.0544275407,0.0148446119,-0.0060064286,0.00822150946,0.185089597,0.01085814,0.2,0.0806802362,0.0148446119,0.00811285794,-0.184221664,0.00466744214,-0.2,0.0060064286,0.0544275407
842,25531892,0.147741497,-0.107875273,0.00257812161,0.0488198474,0.0995082557,0.0293195453,-0.162796259,-0.00824694615,-0.172275409,-0.0169358328,0.194896743,-0.0637878627,0.0118193197,-0.00863002181,-0.198839845,-0.178031069,0.00796066046,0.00234556362,0.2,0.2,-0.0844550818,-0.0533871666,0.0155917394,-0.00510302901,0.0118193197,0.198839845,0.00796066046,0.2,0.0844550818,0.0155917394,0.00863002181,-0.178031069,0.00234556362,-0.2,0.00510302901,0.0533871666
843,25549863,0.180752546,-0.121526688,-0.0292415041,0.0541753471,0.0608428381,-0.0153384693,-0.16731216,-0.0154441195,-0.199835524,-0.0276218764,0.198019236,-0.0412735157,0.0144602036,-0.00972213507,-0.213158677,-0.175621094,0.00486742705,-0.00122707754,0.2,0.2,-0.0899671048,-0.0555243753,0.0158415389,-0.00330188125,0.0144602036,0.213158677,0.00486742705,0.2,0.0899671048,0.0158415389,0.00972213507,-0.175621094,-0.00122707754,-0.2,0.00330188125,0.0555243753
844,25572459,0.197663963,-0.136258006,-0.0557151213,0.0605796017,0.0268592071,-0.0749576911,-0.157561332,-0.0196007565,-0.214812011,-0.0395053066,0.183095962,-0.0260955542,0.015813117,-0.0109006405,-0.225071805,-0.172739179,0.00214873657,-0.00599661529,0.2,0.2,-0.0929624021,-0.0579010613,0.0146476769,-0.00208764434,0.015813117,0.225071805,0.00214873657,0.2,0.0929624021,0.0146476769,0.0109006405,-0.172739179,-0.00599661529,-0.2,0.00208764434,0.0579010613
845,25588790,0.202942804,-0.146676302,-0.0804254934,0.0685234666,-0.00317649287,-0.147085205,-0.145066738,-0.0243861619,-0.224685669,-0.0584296286,0.145165771,-0.0211726353,0.0162354243,-0.0117341042,-0.236191472,-0.16916444,-0.00025411943,-0.0117668164,0.2,0.2,-0.0949371338,-0.0616859257,0.0116132617,-0.00169381082,0.0162354243,0.236191472,-0.00025411943,0.2,0.0949371338,0.0116132617,0.0117341042,-0.16916444,-0.0117668164,-0.2,0.00169381082,0.0616859257
846,25609735,0.199908018,-0.150720149,-0.0991793945,0.0780031607,-0.0285035074,-0.224121705,-0.136569366,-0.0275227837,-0.232030407,-0.0772644579,0.0837367177,-0.0320203714,0.0159926414,-0.0120576119,-0.244630728,-0.164898578,-0.00228028059,-0.0179297364,0.2,0.2,-0.0964060813,-0.0654528916,0.00669893742,-0.00256162971,0.0159926414,0.244630728,-0.00228028059,0.2,0.0964060813,0.00669893742,0.0120576119,-0.164898578,-0.0179297364,-0.2,0.00256162971,0.0654528916
847,25630397,0.192457333,-0.152398929,-0.112696014,0.0870847926,-0.0441727303,-0.28496328,-0.142964706,-0.0353044719,-0.254942834,-0.0991878286,0.00287441909,-0.0579392798,0.0153965867,-0.0121919143,-0.250713206,-0.160811843,-0.00353381842,-0.0227970624,0.2,0.2,-0.100988567,-0.0698375657,0.000229953527,-0.00463514239,0.0153965867,0.250713206,-0.00353381842,0.2,0.100988567,0.000229953527,0.0121919143,-0.160811843,-0.0227970624,-0.2,0.00463514239,0.0698375657
848,25653208,0.186421767,-0.149338767,-0.121004924,0.102046147,-0.0501678661,-0.325365096,-0.149857447,-0.0354422815,-0.265798122,-0.103191994,-0.0824101642,-0.0845908448,0.0149137414,-0.0119471014,-0.254452216,-0.154079234,-0.00401342928,-0.0260292077,0.2,0.2,-0.103159624,-0.0706383988,-0.00659281313,-0.00676726758,0.0149137414,0.254452216,-0.00401342928,0.2,0.103159624,-0.00659281313,0.0119471014,-0.154079234,-0.0260292077,-0.2,0.00676726758,0.0706383988
849,25685214,0.178700849,-0.14947474,-0.121830761,0.103623942,-0.0471494049,-0.342784941,-0.154240236,-0.0439929776,-0.282785237,-0.122952908,-0.123813242,-0.0951035619,0.014296068,-0.0119579792,-0.254823843,-0.153369226,-0.00377195239,-0.0274227953,0.2,0.2,-0.106557047,-0.0745905817,-0.00990505934,-0.00760828495,0.014296068,0.254823843,-0.00377195239,0.2,0.106557047,-0.00990505934,0.0119579792,-0.153369226,-0.0274227953,-0.2,0.00760828495,0.0745905817
850,25691147,0.168987185,-0.152583703,-0.112485178,0.091135852,-0.0379402973,-0.339730144,-0.156527102,-0.0621890351,-0.309974521,-0.153835148,-0.136014104,-0.0992208645,0.0135189748,-0.0122066963,-0.25061833,-0.158988867,-0.00303522378,-0.0271784115,0.2,0.2,-0.111994904,-0.0807670295,-0.0108811283,-0.00793766916,0.0135189748,0.25061833,-0.00303522378,0.2,0.111994904,-0.0108811283,0.0122066963,-0.158988867,-0.0271784115,-0.2,0.00793766916,0.0807670295
851,25709747,0.1598351,-0.165172666,-0.0770525709,0.0627513379,-0.0189832374,-0.300436825,-0.133061424,-0.0817662179,-0.301821828,-0.170582891,-0.103569612,-0.111592442,0.012786808,-0.0132138133,-0.234673657,-0.171761898,-0.001518659,-0.024034946,0.2,0.2,-0.110364366,-0.0841165781,-0.00828556895,-0.00892739534,0.012786808,0.234673657,-0.001518659,0.2,0.110364366,-0.00828556895,0.0132138133,-0.171761898,-0.024034946,-0.2,0.00892739534,0.0841165781
852,25737727,0.159732878,-0.171619043,-0.0437887684,0.038210731,-0.00341105857,-0.25664258,-0.102944151,-0.0924348608,-0.241806909,-0.174551055,-0.0381409191,-0.12077263,0.0127786303,-0.0137295234,-0.219704946,-0.182805171,-0.000272884686,-0.0205314064,0.2,0.2,-0.0983613819,-0.084910211,-0.00305127352,-0.0096618104,0.0127786303,0.219704946,-0.000272884686,0.2,0.0983613819,-0.00305127352,0.0137295234,-0.182805171,-0.0205314064,-0.2,0.0096618104,0.084910211
853,25748390,0.159272924,-0.158776626,0.00601588702,0.0101231085,0.0143178497,-0.193256393,-0.0972776338,-0.096120961,-0.175327778,-0.168509305,0.0183153432,-0.12433853,0.0127418339,-0.0127021301,-0.197292851,-0.195444601,0.00114542797,-0.0154605114,0.2,0.2,-0.0850655556,-0.0837018609,0.00146522745,-0.0099470824,0.0127418339,0.197292851,0.00114542797,0.2,0.0850655556,0.00146522745,0.0127021301,-0.195444601,-0.0154605114,-0.2,0.0099470824,0.0837018609
854,25778328,0.160869345,-0.133427158,0.0494532585,-0.00206120266,0.0519148558,-0.107836328,-0.108292095,-0.0905662253,-0.119805321,-0.148139998,0.0665991604,-0.116912305,0.0128695476,-0.0106741726,-0.177746034,-0.200927541,0.00415318847,-0.00862690628,0.2,0.2,-0.0739610642,-0.0796279997,0.00532793283,-0.00935298443,0.0128695476,0.177746034,0.00415318847,0.2,0.0739610642,0.00532793283,0.0106741726,-0.200927541,-0.00862690628,-0.2,0.00935298443,0.0796279997
855,25788391,0.151711568,-0.105304211,0.0802215338,-0.00392564293,0.105463974,-0.0220782775,-0.124135785,-0.0875239894,-0.10495311,-0.133560702,0.110168122,-0.103635915,0.0121369255,-0.00842433691,-0.16390031,-0.201766539,0.00843711793,-0.0017662622,0.2,0.2,-0.070990622,-0.0767121404,0.00881344974,-0.00829087317,0.0121369255,0.16390031,0.00843711793,0.2,0.070990622,0.00881344974,0.00842433691,-0.201766539,-0.0017662622,-0.2,0.00829087317,0.0767121404
856,25816910,0.136868641,-0.079907909,0.0980777666,-0.00860027876,0.167463109,0.0589389466,-0.136527076,-0.0851490498,-0.121780567,-0.119696952,0.155784741,-0.0919801295,0.0109494913,-0.00639263272,-0.155865005,-0.203870125,0.0133970487,0.00471511573,0.2,0.2,-0.0743561134,-0.0739393905,0.0124627793,-0.00735841036,0.0109494913,0.155865005,0.0133970487,0.2,0.0743561134,0.0124627793,0.00639263272,-0.203870125,0.00471511573,-0.2,0.00735841036,0.0739393905
857,25830389,0.110450946,-0.0678076446,0.107457407,-0.010874846,0.222396448,0.121334001,-0.142299443,-0.0936629698,-0.152114078,-0.113535851,0.20790419,-0.0682292879,0.00883607566,-0.00542461157,-0.151644167,-0.204893681,0.0177917159,0.00970672011,0.2,0.2,-0.0804228157,-0.0727071702,0.0166323352,-0.00545834303,0.00883607566,0.151644167,0.0177917159,0.2,0.0804228157,0.0166323352,0.00542461157,-0.204893681,0.00970672011,-0.2,0.00545834303,0.0727071702
858,25851297,0.0813295841,-0.0682388917,0.0908380449,-0.00614088075,0.241364151,0.147733703,-0.145755887,-0.103213549,-0.169250399,-0.114065968,0.23341088,-0.0472054332,0.00650636673,-0.00545911133,-0.15912288,-0.202763396,0.0193091321,0.0118186963,0.2,0.2,-0.0838500798,-0.0728131935,0.0186728704,-0.00377643466,0.00650636673,0.15912288,0.0193091321,0.2,0.0838500798,0.0186728704,0.00545911133,-0.202763396,0.0118186963,-0.2,0.00377643466,0.0728131935
859,25883316,0.0393452086,-0.0735458285,0.105506033,-0.016771663,0.253265262,0.170761958,-0.121241197,-0.107888483,-0.175770655,-0.0995326564,0.247581095,-0.0222038385,0.00314761668,-0.00588366628,-0.152522285,-0.207547248,0.0202612209,0.0136609566,0.2,0.2,-0.0851541311,-0.0699065313,0.0198064876,-0.00177630708,0.00314761668,0.152522285,0.0202612209,0.2,0.0851541311,0.0198064876,0.00588366628,-0.207547248,0.0136609566,-0.2,0.00177630708,0.0699065313
860,25889353,-0.00692490814,-0.078625448,0.12772271,-0.0349845216,0.266023397,0.19412291,-0.0899536461,-0.117007464,-0.179005072,-0.0769924149,0.242413133,-0.00912734214,-0.000553992651,-0.00629003584,-0.14252478,-0.215743035,0.0212818718,0.0155298328,0.2,0.2,-0.0858010143,-0.065398483,0.0193930507,-0.000730187371,-0.000553992651,0.14252478,0.0212818718,0.2,0.0858010143,0.0193930507,0.00629003584,-0.215743035,0.0155298328,-0.2,0.000730187371,0.065398483
861,25911284,-0.0276992302,-0.0743259862,0.128845811,-0.0356881171,0.272170067,0.199427724,-0.0820696503,-0.102811553,-0.175579518,-0.0491742119,0.222256407,-0.0197934564,-0.00221593842,-0.0059460789,-0.142019385,-0.216059653,0.0217736053,0.0159542179,0.2,0.2,-0.0851159036,-0.0598348424,0.0177805126,-0.00158347651,-0.00221593842,0.142019385,0.0217736053,0.2,0.0851159036,0.0177805126,0.0059460789,-0.216059653,0.0159542179,-0.2,0.00158347651,0.0598348424
862,25929699,-0.0160279386,-0.0683471933,0.124467321,-0.0244149119,0.271193087,0.198925301,-0.100396357,-0.0761933699,-0.188039541,-0.0263076909,0.204546273,-0.0380197354,-0.00128223509,-0.00546777546,-0.143989706,-0.21098671,0.021695447,0.0159140241,0.2,0.2,-0.0876079082,-0.0552615382,0.0163637018,-0.00304157883,-0.00128223509,0.143989706,0.021695447,0.2,0.0876079082,0.0163637018,0.00546777546,-0.21098671,0.0159140241,-0.2,0.00304157883,0.0552615382
863,25947429,0.0107347444,-0.0678159818,0.107209302,-0.00423192186,0.257826179,0.18841441,-0.125769183,-0.0505338684,-0.194572031,-0.00864428934,0.201553047,-0.0503891259,0.00085877955,-0.00542527854,-0.151755814,-0.201904365,0.0206260943,0.0150731528,0.2,0.2,-0.0889144063,-0.0517288579,0.0161242437,-0.00403113008,0.00085877955,0.151755814,0.0206260943,0.2,0.0889144063,0.0161242437,0.00542527854,-0.201904365,0.0150731528,-0.2,0.00403113008,0.0517288579
864,25973200,0.0400727205,-0.0760808215,0.077622287,0.0144998357,0.230051801,0.16780974,-0.148589671,-0.0399191864,-0.200603902,-0.00334977289,0.21620591,-0.0413027368,0.00320581764,-0.00608646572,-0.165069971,-0.193475074,0.018404144,0.0134247792,0.2,0.2,-0.0901207805,-0.0506699546,0.0172964728,-0.00330421895,0.00320581764,0.165069971,0.018404144,0.2,0.0901207805,0.0172964728,0.00608646572,-0.193475074,0.0134247792,-0.2,0.00330421895,0.0506699546
865,25990313,0.0661928654,-0.0936407596,0.0417492986,0.0285150297,0.18848905,0.133245796,-0.158948466,-0.0355083309,-0.202146947,-0.000544426905,0.238573909,-0.0171629023,0.00529542923,-0.00749126077,-0.181212816,-0.187168237,0.015079124,0.0106596637,0.2,0.2,-0.0904293895,-0.0501088854,0.0190859127,-0.00137303218,0.00529542923,0.181212816,0.015079124,0.2,0.0904293895,0.0190859127,0.00749126077,-0.187168237,0.0106596637,-0.2,0.00137303218,0.0501088854
866,26009317,0.0814658552,-0.11106123,0.0096896207,0.0323209651,0.138007343,0.083454214,-0.15927957,-0.0372755118,-0.210538387,-0.018756019,0.247730076,0.0007259181,0.00651726842,-0.00888489842,-0.195639671,-0.185455566,0.0110405874,0.00667633712,0.2,0.2,-0.0921076775,-0.0537512038,0.0198184061,5.8073448e-05,0.00651726842,0.195639671,0.0110405874,0.2,0.0921076775,0.0198184061,0.00888489842,-0.185455566,0.00667633712,-0.2,-5.8073448e-05,0.0537512038
867,26027832,0.0952292159,-0.120043732,-0.0227908045,0.0342820138,0.0856681541,0.0120122861,-0.154861271,-0.0389625467,-0.223722324,-0.0471459255,0.224488258,0.00439143227,0.00761833727,-0.00960349858,-0.210255862,-0.184573094,0.00685345232,0.000960982889,0.2,0.2,-0.0947444648,-0.0594291851,0.0179590607,0.000351314582,0.00761833727,0.210255862,0.00685345232,0.2,0.0947444648,0.0179590607,0.00960349858,-0.184573094,0.000960982889,-0.2,-0.000351314582,0.0594291851
868,26051277,0.115720347,-0.127312735,-0.0473335944,0.0389932953,0.0412841365,-0.0670770034,-0.146111965,-0.0370873027,-0.239121482,-0.0655518398,0.166306525,-0.0105328439,0.00925762773,-0.0101850188,-0.221300117,-0.182453017,0.00330273092,-0.00536616027,0.2,0.2,-0.0978242964,-0.063110368,0.013304522,-0.00084262751,0.00925762773,0.221300117,0.00330273092,0.2,0.0978242964,0.013304522,0.0101850188,-0.182453017,-0.00536616027,-0.2,0.00084262751,0.063110368
869,26071409,0.143388689,-0.13517198,-0.0774096698,0.0585360155,0.00298858667,-0.152871475,-0.140414551,-0.0269112438,-0.251738191,-0.0688425303,0.0865663439,-0.0378965847,0.0114710951,-0.0108137584,-0.234834351,-0.173658793,0.000239086933,-0.012229718,0.2,0.2,-0.100347638,-0.0637685061,0.00692530751,-0.00303172678,0.0114710951,0.234834351,0.000239086933,0.2,0.100347638,0.00692530751,0.0108137584,-0.173658793,-0.012229718,-0.2,0.00303172678,0.0637685061
870,26091282,0.169030264,-0.143937036,-0.110422306,0.0798903629,-0.0236333832,-0.232056707,-0.150488257,-0.0234653391,-0.28230992,-0.0766992271,0.00116189721,-0.0619917028,0.0135224211,-0.0115149629,-0.249690038,-0.164049337,-0.00189067066,-0.0185645366,0.2,0.2,-0.106461984,-0.0653398454,9.29517765e-05,-0.00495933622,0.0135224211,0.249690038,-0.00189067066,0.2,0.106461984,9.29517765e-05,0.0115149629,-0.164049337,-0.0185645366,-0.2,0.00495933622,0.0653398454
871,26111200,0.183307692,-0.150367022,-0.139565602,0.102939613,-0.0364422835,-0.293472826,-0.175528735,-0.0246439334,-0.335164815,-0.0883230194,-0.0897943974,-0.0750158578,0.0146646154,-0.0120293617,-0.262804521,-0.153677174,-0.00291538268,-0.0234778261,0.2,0.2,-0.117032963,-0.0676646039,-0.00718355179,-0.00600126863,0.0146646154,0.262804521,-0.00291538268,0.2,0.117032963,-0.00718355179,0.0120293617,-0.153677174,-0.0234778261,-0.2,0.00600126863,0.0676646039
872,26129629,0.183820471,-0.156457663,-0.156641975,0.128413424,-0.0358853079,-0.333405763,-0.192022204,-0.0223475248,-0.375466079,-0.103505842,-0.157879591,-0.0810789317,0.0147056377,-0.012516613,-0.270488889,-0.142213959,-0.00287082464,-0.026672461,0.2,0.2,-0.125093216,-0.0707011685,-0.0126303673,-0.00648631454,0.0147056377,0.270488889,-0.00287082464,0.2,0.125093216,-0.0126303673,0.012516613,-0.142213959,-0.026672461,-0.2,0.00648631454,0.0707011685
873,26148934,0.175063103,-0.158802688,-0.162977248,0.139361009,-0.0288594421,-0.365319431,-0.194517046,-0.028494278,-0.394216031,-0.135687545,-0.182499468,-0.0850254446,0.0140050483,-0.012704215,-0.273339762,-0.137287546,-0.00230875537,-0.0292255545,0.2,0.2,-0.128843206,-0.077137509,-0.0145999575,-0.00680203557,0.0140050483,0.273339762,-0.00230875537,0.2,0.128843206,-0.0145999575,0.012704215,-0.137287546,-0.0292255545,-0.2,0.00680203557,0.077137509
874,26169904,0.1536275,-0.16487895,-0.142306462,0.12114723,-0.0156403892,-0.377076626,-0.167962685,-0.0541259907,-0.387972593,-0.17170082,-0.168582097,-0.091902703,0.0122902,-0.013190316,-0.264037908,-0.145483746,-0.00125123113,-0.0301661301,0.2,0.2,-0.127594519,-0.0843401641,-0.0134865677,-0.00735221624,0.0122902,0.264037908,-0.00125123113,0.2,0.127594519,-0.0134865677,0.013190316,-0.145483746,-0.0301661301,-0.2,0.00735221624,0.0843401641
875,26190189,0.125320688,-0.171273604,-0.108897492,0.0949751511,-0.00629095035,-0.377107203,-0.105295077,-0.083000049,-0.314495295,-0.184943408,-0.131474257,-0.109316111,0.010025655,-0.0137018883,-0.249003872,-0.157261182,-0.000503276028,-0.0301685762,0.2,0.2,-0.112899059,-0.0869886816,-0.0105179405,-0.00874528885,0.010025655,0.249003872,-0.000503276028,0.2,0.112899059,-0.0105179405,0.0137018883,-0.157261182,-0.0301685762,-0.2,0.00874528885,0.0869886816
876,26209555,0.0877631754,-0.178985983,-0.0784321204,0.0572667532,-0.0130831273,-0.382837087,-0.0323903933,-0.127014935,-0.214542225,-0.211994275,-0.0807690993,-0.120528638,0.00702105403,-0.0143188787,-0.235294454,-0.174229961,-0.00104665019,-0.030626967,0.2,0.2,-0.092908445,-0.0923988551,-0.00646152794,-0.00964229107,0.00702105403,0.235294454,-0.00104665019,0.2,0.092908445,-0.00646152794,0.0143188787,-0.174229961,-0.030626967,-0.2,0.00964229107,0.0923988551
877,26230873,0.0615765899,-0.190333009,-0.00218159938,-0.00542556914,-0.0241773333,-0.352960706,0.0205672197,-0.155566603,-0.113673367,-0.224197462,-0.0492353067,-0.141688943,0.0049261272,-0.0152266407,-0.20098172,-0.202441506,-0.00193418667,-0.0282368565,0.209255249,0.2,-0.0727346733,-0.0948394924,-0.00393882453,-0.0113351154,0.0049261272,0.20098172,-0.00193418667,0.209255249,0.0727346733,-0.00393882453,0.0152266407,-0.202441506,-0.0282368565,-0.2,0.0113351154,0.0948394924
878,26251441,0.0435822196,-0.191959411,0.0725243017,-0.0623086505,-0.0175755192,-0.272089809,0.0282454956,-0.182883292,-0.05151226,-0.233093247,-0.0186375342,-0.150573388,0.00348657757,-0.0153567529,-0.167364064,-0.228038893,-0.00140604153,-0.0217671847,0.212710473,0.2,-0.060302452,-0.0966186494,-0.00149100274,-0.012045871,0.00348657757,0.167364064,-0.00140604153,0.212710473,0.060302452,-0.00149100274,0.0153567529,-0.228038893,-0.0217671847,-0.2,0.012045871,0.0966186494
879,26268616,0.0344793051,-0.17955716,0.150525525,-0.111331768,0.04642874,-0.122450382,0.0126013607,-0.192884371,-0.053358715,-0.223526075,0.00537577085,-0.156577483,0.00275834441,-0.0143645728,-0.132263514,-0.250099296,0.0037142992,-0.00979603052,0.205670612,0.2,-0.060671743,-0.0947052151,0.000430061668,-0.0125261986,0.00275834441,0.132263514,0.0037142992,0.205670612,0.060671743,0.000430061668,0.0143645728,-0.250099296,-0.00979603052,-0.2,0.0125261986,0.0947052151
880,26295311,0.0310511962,-0.116923451,0.212766394,-0.132378593,0.187498599,0.0547544025,-0.00878148526,-0.154825971,-0.11642608,-0.177917853,0.0582647845,-0.146277249,0.00248409569,-0.00935387611,-0.104255123,-0.259570367,0.0149998879,0.0043803522,0.2,0.2,-0.0732852161,-0.0855835706,0.00466118276,-0.0117021799,0.00248409569,0.104255123,0.0149998879,0.2,0.0732852161,0.00466118276,0.00935387611,-0.259570367,0.0043803522,-0.2,0.0117021799,0.0855835706
881,26309101,-0.0143624749,0.00211183098,0.243570134,-0.118219294,0.342983782,0.185318843,-0.074872911,-0.132999659,-0.230065152,-0.131110951,0.15409556,-0.0544618964,-0.00114899799,0.000168946479,-0.0903934397,-0.253198682,0.0274387026,0.0148255074,0.2,0.2,-0.0960130304,-0.0762221903,0.0123276448,-0.00435695171,-0.00114899799,0.0903934397,0.0274387026,0.2,0.0960130304,0.0123276448,-0.000168946479,-0.253198682,0.0148255074,-0.2,0.00435695171,0.0762221903
882,26334079,-0.0536990799,0.125171453,0.214242652,-0.0168601852,0.434174299,0.216455549,-0.161068112,-0.0611338094,-0.229535446,-0.034295965,0.213542104,0.0460843518,-0.00429592639,0.0100137162,-0.103590807,-0.207587083,0.0347339439,0.0173164439,0.2,0.2,-0.0959070891,-0.056859193,0.0170833683,0.00368674815,-0.00429592639,0.103590807,0.0347339439,0.2,0.0959070891,0.0170833683,-0.0100137162,-0.207587083,0.0173164439,-0.2,-0.00368674815,0.056859193
883,26351587,-0.0447533689,0.16726175,0.182251364,-0.011623566,0.431213826,0.259415567,-0.213566229,-0.0785496682,-0.328121722,-0.0027546254,0.273103952,0.140284687,-0.00358026952,0.01338094,-0.117986886,-0.205230605,0.0344971061,0.0207532454,0.2,0.2,-0.115624344,-0.0505509251,0.0218483162,0.011222775,-0.00358026952,0.117986886,0.0344971061,0.2,0.115624344,0.0218483162,-0.01338094,-0.205230605,0.0207532454,-0.2,-0.011222775,0.0505509251
884,26370396,-0.0469040759,0.135681942,0.173611462,-0.0355582088,0.40605402,0.292037755,-0.185711071,-0.0928508416,-0.363300055,0.0393997058,0.314498633,0.187780261,-0.00375232607,0.0108545554,-0.121874842,-0.216001194,0.0324843216,0.0233630204,0.2,0.2,-0.122660011,-0.0421200588,0.0251598907,0.0150224209,-0.00375232607,0.121874842,0.0324843216,0.2,0.122660011,0.0251598907,-0.0108545554,-0.216001194,0.0233630204,-0.2,-0.0150224209,0.0421200588
885,26391033,-0.0546710156,0.0715198815,0.135412753,-0.0421144255,0.368939042,0.293688595,-0.146564394,-0.0911164135,-0.333184063,0.0710491315,0.314623684,0.164508924,-0.00437368125,0.00572159052,-0.139064261,-0.218951491,0.0295151234,0.0234950876,0.2,0.2,-0.116636813,-0.0357901737,0.0251698947,0.0131607139,-0.00437368125,0.139064261,0.0295151234,0.2,0.116636813,0.0251698947,-0.00572159052,-0.218951491,0.0234950876,-0.2,-0.0131607139,0.0357901737
886,26409798,-0.0818212852,-0.0049634194,0.108873419,-0.0917819664,0.316833138,0.269275814,-0.107450262,-0.125737876,-0.350268304,0.0355061218,0.317207694,0.155808568,-0.00654570282,-0.000397073552,-0.151006961,-0.241301885,0.0253466511,0.0215420651,0.2,0.2,-0.120053661,-0.0428987756,0.0253766155,0.0124646854,-0.00654570282,0.151006961,0.0253466511,0.2,0.120053661,0.0253766155,0.000397073552,-0.241301885,0.0215420651,-0.2,-0.0124646854,0.0428987756
887,26430362,-0.0983069092,-0.0402083732,0.0907969624,-0.0766094327,0.26389581,0.210019693,-0.0866942331,-0.110959813,-0.31169048,0.00944187958,0.29391551,0.0957007334,-0.00786455274,-0.00321666986,-0.159141367,-0.234474245,0.0211116648,0.0168015754,0.2,0.2,-0.112338096,-0.0481116241,0.0235132408,0.00765605867,-0.00786455274,0.159141367,0.0211116648,0.2,0.112338096,0.0235132408,0.00321666986,-0.234474245,0.0168015754,-0.2,-0.00765605867,0.0481116241
888,26450402,-0.0549516045,-0.0437355749,0.0662735626,-0.0371290632,0.209938183,0.15055421,-0.123847067,-0.0515321046,-0.273688614,0.00243510399,0.253252685,0.0318725333,-0.00439612836,-0.00349884599,-0.170176897,-0.216708078,0.0167950547,0.0120443368,0.2,0.2,-0.104737723,-0.0495129792,0.0202602148,0.00254980266,-0.00439612836,0.170176897,0.0167950547,0.2,0.104737723,0.0202602148,0.00349884599,-0.216708078,0.0120443368,-0.2,-0.00254980266,0.0495129792
889,26473823,0.031222811,-0.0586378872,0.019821275,0.0228184164,0.149587065,0.0890004709,-0.181457967,0.011508923,-0.241583943,0.0280793589,0.225386217,0.00203326228,0.00249782488,-0.00469103098,-0.191080426,-0.189731713,0.0119669652,0.00712003767,0.2,0.205179015,-0.0983167887,-0.0443841282,0.0180308974,0.000162660982,0.00249782488,0.191080426,0.0119669652,0.2,0.0983167887,0.0180308974,0.00469103098,-0.189731713,0.00712003767,-0.205179015,-0.000162660982,0.0443841282
890,26494566,0.138797313,-0.0957428813,-0.0430237949,0.0651036277,0.0786422938,0.0187770128,-0.219409421,0.0464420877,-0.267104,0.0410389677,0.19385843,-0.0121914623,0.011103785,-0.0076594305,-0.219360708,-0.170703368,0.0062913835,0.00150216103,0.2,0.220898939,-0.1034208,-0.0417922065,0.0155086744,-0.000975316986,0.011103785,0.219360708,0.0062913835,0.2,0.1034208,0.0155086744,0.0076594305,-0.170703368,0.00150216103,-0.220898939,0.000975316986,0.0417922065
891,26508152,0.245901361,-0.146000966,-0.11093916,0.0958794653,0.0136976279,-0.0766401961,-0.230140477,0.0571267046,-0.31704554,0.056725692,0.131664291,-0.0142939445,0.0196721089,-0.0116800773,-0.249922622,-0.156854241,0.00109581023,-0.00613121569,0.2,0.225707017,-0.113409108,-0.0386548616,0.0105331433,-0.00114351556,0.0196721089,0.249922622,0.00109581023,0.2,0.113409108,0.0105331433,0.0116800773,-0.156854241,-0.00613121569,-0.225707017,0.00114351556,0.0386548616
892,26532254,0.287543625,-0.186177686,-0.190583929,0.137981743,-0.0438113548,-0.208520353,-0.233876199,0.0439318903,-0.400345415,0.0137485592,0.0597119965,-0.00243446068,0.02300349,-0.0148942149,-0.285762768,-0.137908216,-0.00350490838,-0.0166816282,0.2,0.219769351,-0.130069083,-0.0472502882,0.00477695972,-0.000194756854,0.02300349,0.285762768,-0.00350490838,0.2,0.130069083,0.00477695972,0.0148942149,-0.137908216,-0.0166816282,-0.219769351,0.000194756854,0.0472502882
893,26548474,0.251706541,-0.203709438,-0.23349905,0.181721255,-0.0737645999,-0.354325801,-0.222197264,0.00766506279,-0.445854932,-0.0589437224,-0.0210982002,-0.00380527508,0.0201365232,-0.0162967551,-0.305074573,-0.118225435,-0.00590116799,-0.0283460641,0.2,0.203449278,-0.139170986,-0.0617887445,-0.00168785602,-0.000304422006,0.0201365232,0.305074573,-0.00590116799,0.2,0.139170986,-0.00168785602,0.0162967551,-0.118225435,-0.0283460641,-0.203449278,0.000304422006,0.0617887445
894,26584185,0.158638611,-0.214776754,-0.250669032,0.20453383,-0.0682289824,-0.497860104,-0.176895067,-0.0590585545,-0.433977813,-0.149410293,-0.0933664069,-0.0378458463,0.0126910889,-0.0171821404,-0.312801065,-0.107959776,-0.00545831859,-0.0398288083,0.2,0.2,-0.136795563,-0.0798820585,-0.00746931255,-0.0030276677,0.0126910889,0.312801065,-0.00545831859,0.2,0.136795563,-0.00746931255,0.0171821404,-0.107959776,-0.0398288083,-0.2,0.0030276677,0.0798820585
895,26590709,0.0454933941,-0.215558499,-0.233532324,0.18553105,-0.0541134477,-0.622919023,-0.105473772,-0.132567391,-0.380766541,-0.264497668,-0.200821295,-0.123921499,0.00363947153,-0.0172446799,-0.305089546,-0.116511028,-0.00432907581,-0.0498335218,0.2,0.2,-0.126153308,-0.102899534,-0.0160657036,-0.00991371989,0.00363947153,0.305089546,-0.00432907581,0.2,0.126153308,-0.0160657036,0.0172446799,-0.116511028,-0.0498335218,-0.2,0.00991371989,0.102899534
896,26607749,-0.0179557316,-0.192164123,-0.144011915,0.121770278,-0.0265779942,-0.674641013,0.00456198305,-0.139855295,-0.216093346,-0.295452923,-0.294451147,-0.220492959,-0.00143645853,-0.0153731298,-0.264805362,-0.145203375,-0.00212623954,-0.0539712811,0.202052892,0.2,-0.0932186693,-0.109090585,-0.0235560918,-0.0176394367,-0.00143645853,0.264805362,-0.00212623954,0.202052892,0.0932186693,-0.0235560918,0.0153731298,-0.145203375,-0.0539712811,-0.2,0.0176394367,0.109090585
897,26643534,-0.0463918597,-0.158355892,-0.0575417429,0.0553629287,-0.0293884333,-0.672749281,0.118824124,-0.156231388,0.037778873,-0.27270636,-0.309774429,-0.252359122,-0.00371134877,-0.0126684713,-0.225893784,-0.175086682,-0.00235107467,-0.0538199425,0.253470856,0.2,-0.0424442254,-0.104541272,-0.0247819543,-0.0201887298,-0.00371134877,0.225893784,-0.00235107467,0.253470856,0.0424442254,-0.0247819543,0.0126684713,-0.175086682,-0.0538199425,-0.2,0.0201887298,0.104541272
898,26650153,0.00315014599,-0.151552498,0.0669876114,-0.0142267877,-0.0491813496,-0.556156456,0.160359755,-0.105403937,0.268146932,-0.199578896,-0.268732488,-0.265620619,0.000252011679,-0.0121241999,-0.169855575,-0.206402054,-0.00393450797,-0.0444925165,0.27216189,0.2,0.00362938643,-0.0899157792,-0.0214985991,-0.0212496495,0.000252011679,0.169855575,-0.00393450797,0.27216189,-0.00362938643,-0.0214985991,0.0121241999,-0.206402054,-0.0444925165,-0.2,0.0212496495,0.0899157792
899,26670323,0.13022697,-0.143233553,0.105303101,-0.0388160758,-0.0415713787,-0.350571096,0.0542379841,-0.053467799,0.268281639,-0.172359034,-0.15990676,-0.233750135,0.0104181576,-0.0114586842,-0.152613604,-0.217467234,-0.0033257103,-0.0280456877,0.224407093,0.2,0.00365632772,-0.0844718069,-0.0127925408,-0.0187000108,0.0104181576,0.152613604,-0.0033257103,0.224407093,-0.00365632772,-0.0127925408,0.0114586842,-0.217467234,-0.0280456877,-0.2,0.0187000108,0.0844718069
900,26691914,0.199803442,-0.0935839564,0.194449604,-0.101387799,0.0986996591,-0.035824012,-0.107725896,-0.0725104213,-0.0568329245,-0.200230569,-0.00394711038,-0.189669132,0.0159842753,-0.00748671651,-0.112497678,-0.245624509,0.00789597273,-0.00286592096,0.2,0.2,-0.0613665849,-0.0900461137,-0.00031576883,-0.0151735306,0.0159842753,0.112497678,0.00789597273,0.2,0.0613665849,-0.00031576883,0.00748671651,-0.245624509,-0.00286592096,-0.2,0.0151735306,0.0900461137
901,26715847,0.174050704,-0.0110926535,0.211395189,-0.0653413683,0.299250931,0.151843816,-0.155188113,-0.0742692798,-0.159740552,-0.17174165,0.19941324,-0.137554422,0.0139240563,-0.00088741228,-0.104872165,-0.229403616,0.0239400744,0.0121475053,0.2,0.2,-0.0819481105,-0.0843483299,0.0159530592,-0.0110043538,0.0139240563,0.104872165,0.0239400744,0.2,0.0819481105,0.0159530592,0.00088741228,-0.229403616,0.0121475053,-0.2,0.0110043538,0.0843483299
902,26730901,0.0882529095,0.0549928211,0.204315126,0.0434280857,0.437840343,0.194788143,-0.152764976,-0.0362916477,-0.0464765765,-0.0504872873,0.280929506,-0.0665356219,0.00706023276,0.00439942569,-0.108058193,-0.180457361,0.0350272274,0.0155830514,0.2,0.2,-0.0592953153,-0.0600974575,0.0224743605,-0.00532284975,0.00706023276,0.108058193,0.0350272274,0.2,0.0592953153,0.0224743605,-0.00439942569,-0.180457361,0.0155830514,-0.2,0.00532284975,0.0600974575
903,26749700,-0.0276536439,0.0826304927,0.165723875,0.0568230785,0.446897179,0.245767757,-0.170979545,-0.116360776,-0.149248943,0.00088114338,0.341625065,0.123779051,-0.00221229151,0.00661043942,-0.125424256,-0.174429615,0.0357517743,0.0196614206,0.2,0.2,-0.0798497885,-0.0498237713,0.0273300052,0.00990232408,-0.00221229151,0.125424256,0.0357517743,0.2,0.0798497885,0.0273300052,-0.00661043942,-0.174429615,0.0196614206,-0.2,-0.00990232408,0.0498237713
904,26769234,-0.110765904,0.0724210739,0.151412979,-0.00131632423,0.382821292,0.271724045,-0.134571105,-0.137781799,-0.198061839,-0.0117578991,0.363768101,0.223951682,-0.00886127234,0.00579368591,-0.13186416,-0.200592346,0.0306257033,0.0217379236,0.2,0.2,-0.0896123677,-0.0523515798,0.0291014481,0.0179161346,-0.00886127234,0.13186416,0.0306257033,0.2,0.0896123677,0.0291014481,-0.00579368591,-0.200592346,0.0217379236,-0.2,-0.0179161346,0.0523515798
905,26799495,-0.167721212,0.0111646298,0.143762231,-0.0601804107,0.314150542,0.279404044,-0.0848841667,-0.152213737,-0.218676001,-0.0366185121,0.317636639,0.172118112,-0.013417697,0.000893170387,-0.135306996,-0.227081185,0.0251320434,0.0223523235,0.2,0.2,-0.0937352002,-0.0573237024,0.0254109311,0.013769449,-0.013417697,0.135306996,0.0251320434,0.2,0.0937352002,0.0254109311,-0.000893170387,-0.227081185,0.0223523235,-0.2,-0.013769449,0.0573237024
906,26808803,-0.209419757,-0.0512506515,0.156570375,-0.0960990861,0.275526464,0.262843698,-0.00834513549,-0.157839075,-0.204713479,-0.0096416017,0.264467955,0.128723174,-0.0167535806,-0.00410005212,-0.129543331,-0.243244589,0.0220421171,0.0210274959,0.2,0.2,-0.0909426957,-0.0519283203,0.0211574364,0.0102978539,-0.0167535806,0.129543331,0.0220421171,0.2,0.0909426957,0.0211574364,0.00410005212,-0.243244589,0.0210274959,-0.2,-0.0102978539,0.0519283203
907,26836416,-0.190632015,-0.0383123457,0.135369718,-0.0329705365,0.242163643,0.208072469,-0.0535772406,-0.0769169331,-0.174820751,0.00654604379,0.221418202,0.0581165664,-0.0152505612,-0.00306498766,-0.139083627,-0.214836741,0.0193730915,0.0166457975,0.2,0.2,-0.0849641502,-0.0486907912,0.0177134562,0.00464932531,-0.0152505612,0.139083627,0.0193730915,0.2,0.0849641502,0.0177134562,0.00306498766,-0.214836741,0.0166457975,-0.2,-0.00464932531,0.0486907912
908,26851192,-0.0985089615,-0.026388146,0.109255798,0.0134096667,0.211920932,0.161907732,-0.132276952,-0.00272244075,-0.174036548,0.0332701392,0.200681105,-0.00813122746,-0.00788071692,-0.00211105168,-0.150834891,-0.19396565,0.0169536746,0.0129526186,0.2,0.2,-0.0848073095,-0.0433459722,0.0160544884,-0.000650498196,-0.00788071692,0.150834891,0.0169536746,0.2,0.0848073095,0.0160544884,0.00211105168,-0.19396565,0.0129526186,-0.2,0.000650498196,0.0433459722
909,26868807,0.0315604173,-0.057631366,0.0628635958,0.0531927682,0.172674939,0.130436629,-0.183651954,0.0436924659,-0.171619087,0.0721686035,0.212881789,-0.0467723384,0.00252483338,-0.00461050928,-0.171711382,-0.176063254,0.0138139951,0.0104349303,0.2,0.21966161,-0.0843238175,-0.0355662793,0.0170305431,-0.00374178708,0.00252483338,0.171711382,0.0138139951,0.2,0.0843238175,0.0170305431,0.00461050928,-0.176063254,0.0104349303,-0.21966161,0.00374178708,0.0355662793
910,26890269,0.141238376,-0.106103972,0.0132191237,0.0725670308,0.124915719,0.104504339,-0.19463852,0.0530362092,-0.185415983,0.0986184031,0.238578096,-0.0582288243,0.0112990701,-0.00848831773,-0.194051394,-0.167344836,0.00999325752,0.00836034715,0.2,0.223866294,-0.0870831966,-0.0302763194,0.0190862477,-0.00465830594,0.0112990701,0.194051394,0.00999325752,0.2,0.0870831966,0.0190862477,0.00848831773,-0.167344836,0.00836034715,-0.223866294,0.00465830594,0.0302763194
911,26911375,0.207784206,-0.143613055,-0.0510023274,0.0721013844,0.0618120357,0.0432620272,-0.199160725,0.025398951,-0.224732503,0.0766234696,0.271464765,-0.0224802271,0.0166227365,-0.0114890444,-0.222951047,-0.167554377,0.00494496286,0.00346096218,0.2,0.211429528,-0.0949465007,-0.0346753061,0.0217171812,-0.00179841816,0.0166227365,0.222951047,0.00494496286,0.2,0.0949465007,0.0217171812,0.0114890444,-0.167554377,0.00346096218,-0.211429528,0.00179841816,0.0346753061
912,26938879,0.229166791,-0.154764369,-0.104769692,0.0780229643,0.00298860134,-0.0666033849,-0.173259765,-0.000289032556,-0.266157091,0.0137199964,0.273139745,0.028756937,0.0183333433,-0.0123811495,-0.247146361,-0.164889666,0.000239088107,-0.00532827079,0.2,0.2,-0.103231418,-0.0472560007,0.0218511796,0.00230055496,0.0183333433,0.247146361,0.000239088107,0.2,0.103231418,0.0218511796,0.0123811495,-0.164889666,-0.00532827079,-0.2,-0.00230055496,0.0472560007
913,26948704,0.213148519,-0.142160237,-0.124790728,0.0861920491,-0.0298503526,-0.19576475,-0.126265183,-0.0141238421,-0.25936088,-0.0330590419,0.230427727,0.0642751083,0.0170518816,-0.0113728189,-0.256155828,-0.161213578,-0.0023880282,-0.01566118,0.2,0.2,-0.101872176,-0.0566118084,0.0184342182,0.00514200866,0.0170518816,0.256155828,-0.0023880282,0.2,0.101872176,0.0184342182,0.0113728189,-0.161213578,-0.01566118,-0.2,-0.00514200866,0.0566118084
914,26972182,0.205807105,-0.119609028,-0.0878943205,0.0918856114,-0.0436287783,-0.29634577,-0.109817125,0.000716263894,-0.181013539,-0.00455688592,0.122409716,0.0421297401,0.0164645684,-0.00956872225,-0.239552444,-0.158651475,-0.00349030226,-0.0237076616,0.2,0.200322319,-0.0862027079,-0.0509113772,0.0097927773,0.00337037921,0.0164645684,0.239552444,-0.00349030226,0.2,0.0862027079,0.0097927773,0.00956872225,-0.158651475,-0.0237076616,-0.200322319,-0.00337037921,0.0509113772
915,26987755,0.205386013,-0.112286985,-0.0895865709,0.0921954885,-0.0609609894,-0.356662154,-0.125755832,-0.0177176856,-0.196440727,-0.0335212573,0.0169214346,-0.016707493,0.016430881,-0.00898295879,-0.240313957,-0.15851203,-0.00487687916,-0.0285329723,0.2,0.2,-0.0892881453,-0.0567042515,0.00135371476,-0.00133659944,0.016430881,0.240313957,-0.00487687916,0.2,0.0892881453,0.00135371476,0.00898295879,-0.15851203,-0.0285329723,-0.2,0.00133659944,0.0567042515
916,27010554,0.221142977,-0.113544494,-0.0941304117,0.105956003,-0.0718684718,-0.374500126,-0.154822275,-0.00267013907,-0.225039914,-0.0339417532,-0.115388922,-0.0878788456,0.0176914382,-0.00908355951,-0.242358685,-0.152319799,-0.00574947774,-0.0299600101,0.2,0.2,-0.0950079829,-0.0567883506,-0.00923111379,-0.00703030765,0.0176914382,0.242358685,-0.00574947774,0.2,0.0950079829,-0.00923111379,0.00908355951,-0.152319799,-0.0299600101,-0.2,0.00703030765,0.0567883506
917,27034284,0.239881903,-0.115163967,-0.0989312083,0.105728403,-0.0644887984,-0.334941,-0.178635865,-0.00391014619,-0.280760348,-0.0411418565,-0.174234614,-0.112769224,0.0191905522,-0.00921311736,-0.244519044,-0.152422219,-0.00515910387,-0.02679528,0.2,0.2,-0.10615207,-0.0582283713,-0.0139387691,-0.0090215379,0.0191905522,0.244519044,-0.00515910387,0.2,0.10615207,-0.0139387691,0.00921311736,-0.152422219,-0.02679528,-0.2,0.0090215379,0.0582283713
918,27048106,0.246685132,-0.127898693,-0.107734188,0.0991837457,-0.0400126465,-0.299744457,-0.190525949,-0.0312688388,-0.337305039,-0.0803891718,-0.136541888,-0.0936566144,0.0197348106,-0.0102318954,-0.248480385,-0.155367314,-0.00320101172,-0.0239795566,0.2,0.2,-0.117461008,-0.0660778344,-0.010923351,-0.00749252915,0.0197348106,0.248480385,-0.00320101172,0.2,0.117461008,-0.010923351,0.0102318954,-0.155367314,-0.0239795566,-0.2,0.00749252915,0.0660778344
919,27069744,0.23146303,-0.154273197,-0.0987924188,0.074407652,-0.00828751642,-0.252185315,-0.192538157,-0.0738251582,-0.399819285,-0.150192961,-0.0555664487,-0.0828388929,0.0185170424,-0.0123418558,-0.244456588,-0.166516557,-0.000663001314,-0.0201748252,0.2,0.2,-0.129963857,-0.0800385922,-0.0044453159,-0.00662711143,0.0185170424,0.244456588,-0.000663001314,0.2,0.129963857,-0.0044453159,0.0123418558,-0.166516557,-0.0201748252,-0.2,0.00662711143,0.0800385922
920,27089433,0.210649669,-0.16228275,-0.0526426397,0.0493744016,0.0288892817,-0.190783441,-0.171107575,-0.0902230293,-0.386794537,-0.167029336,0.00260106614,-0.0985449478,0.0168519735,-0.01298262,-0.223689188,-0.177781519,0.00231114253,-0.0152626753,0.2,0.2,-0.127358907,-0.0834058672,0.000208085291,-0.00788359582,0.0168519735,0.223689188,0.00231114253,0.2,0.127358907,0.000208085291,0.01298262,-0.177781519,-0.0152626753,-0.2,0.00788359582,0.0834058672
921,27112706,0.178409442,-0.155262023,-0.0136630163,0.0301165208,0.0599356405,-0.141781136,-0.137572885,-0.0976868793,-0.295188665,-0.164113209,0.0603979602,-0.107818902,0.0142727554,-0.0124209619,-0.206148357,-0.186447566,0.00479485124,-0.0113424909,0.2,0.2,-0.109037733,-0.0828226417,0.00483183682,-0.00862551212,0.0142727554,0.206148357,0.00479485124,0.2,0.109037733,0.00483183682,0.0124209619,-0.186447566,-0.0113424909,-0.2,0.00862551212,0.0828226417
922,27127377,0.139771745,-0.134028912,0.0262965988,0.00670280308,0.0807239637,-0.0964780152,-0.128244027,-0.108823761,-0.219388619,-0.165648922,0.0926782638,-0.112180091,0.0111817396,-0.0107223129,-0.188166531,-0.196983739,0.00645791709,-0.00771824121,0.2,0.2,-0.0938777238,-0.0831297845,0.0074142611,-0.00897440732,0.0111817396,0.188166531,0.00645791709,0.2,0.0938777238,0.0074142611,0.0107223129,-0.196983739,-0.00771824121,-0.2,0.00897440732,0.0831297845
923,27151860,0.087029703,-0.126241058,0.0692689493,-0.0257877465,0.115704961,-0.0298314393,-0.11740455,-0.141111806,-0.196530327,-0.177690893,0.104329988,-0.119819582,0.00696237624,-0.0100992846,-0.168828973,-0.211604486,0.00925639689,-0.00238651514,0.2,0.2,-0.0893060654,-0.0855381787,0.00834639907,-0.00958556652,0.00696237624,0.168828973,0.00925639689,0.2,0.0893060654,0.00834639907,0.0100992846,-0.211604486,-0.00238651514,-0.2,0.00958556652,0.0855381787
924,27167728,0.0491714552,-0.114047721,0.108773775,-0.048585251,0.163933486,0.0422029905,-0.0907647982,-0.143975079,-0.166738734,-0.164027765,0.104199804,-0.13067545,0.00393371642,-0.00912381768,-0.151051801,-0.221863363,0.0131146789,0.00337623924,0.2,0.2,-0.0833477467,-0.0828055531,0.00833598435,-0.010454036,0.00393371642,0.151051801,0.0131146789,0.2,0.0833477467,0.00833598435,0.00912381768,-0.221863363,0.00337623924,-0.2,0.010454036,0.0828055531
925,27189534,0.0346394368,-0.0872533396,0.136789933,-0.0606263839,0.219702095,0.111069851,-0.0866750404,-0.126920834,-0.177360043,-0.14038825,0.109030083,-0.127561122,0.00277115494,-0.00698026717,-0.13844453,-0.227281873,0.0175761676,0.00888558805,0.2,0.2,-0.0854720086,-0.0780776501,0.00872240663,-0.0102048898,0.00277115494,0.13844453,0.0175761676,0.2,0.0854720086,0.00872240663,0.00698026717,-0.227281873,0.00888558805,-0.2,0.0102048898,0.0780776501
926,27210089,0.0250854604,-0.0510581024,0.151990756,-0.0741486028,0.275846928,0.170300141,-0.101626992,-0.128544331,-0.229586348,-0.124942996,0.1456175,-0.0967786312,0.00200683683,-0.00408464819,-0.13160416,-0.233366871,0.0220677543,0.0136240113,0.2,0.2,-0.0959172696,-0.0749885991,0.0116494,-0.0077422905,0.00200683683,0.13160416,0.0220677543,0.2,0.0959172696,0.0116494,0.00408464819,-0.233366871,0.0136240113,-0.2,0.0077422905,0.0749885991
927,27230818,0.0103571089,-0.0114724822,0.167972043,-0.0828135535,0.32954216,0.223148406,-0.111163191,-0.135516196,-0.284575909,-0.0981392413,0.184118971,-0.0573133193,0.000828568712,-0.000917798579,-0.124412581,-0.237266099,0.0263633728,0.0178518724,0.2,0.2,-0.106915182,-0.0696278483,0.0147295177,-0.00458506554,0.000828568712,0.124412581,0.0263633728,0.2,0.106915182,0.0147295177,0.000917798579,-0.237266099,0.0178518724,-0.2,0.00458506554,0.0696278483
928,27249810,-0.00389530975,0.0251143053,0.172009066,-0.0783103481,0.368994176,0.25005585,-0.113943294,-0.127189443,-0.299009115,-0.0489930622,0.210278928,-0.00891157053,-0.00031162478,0.00200914443,-0.12259592,-0.235239657,0.0295195341,0.020004468,0.2,0.2,-0.109801823,-0.0597986124,0.0168223143,-0.000712925643,-0.00031162478,0.12259592,0.0295195341,0.2,0.109801823,0.0168223143,-0.00200914443,-0.235239657,0.020004468,-0.2,0.000712925643,0.0597986124
929,27270388,-0.030129822,0.0537341721,0.176815942,-0.0754429102,0.389284939,0.264804006,-0.11137002,-0.12394198,-0.310170144,-0.00914835464,0.24215287,0.0460652784,-0.00241038576,0.00429873377,-0.120432826,-0.23394931,0.0311427951,0.0211843204,0.2,0.2,-0.112034029,-0.0518296709,0.0193722296,0.00368522227,-0.00241038576,0.120432826,0.0311427951,0.2,0.112034029,0.0193722296,-0.00429873377,-0.23394931,0.0211843204,-0.2,-0.00368522227,0.0518296709
930,27291205,-0.0581432357,0.0683127418,0.16904889,-0.0737677738,0.386397064,0.259455621,-0.114114121,-0.115644366,-0.312584877,0.0155126275,0.264443159,0.0878978148,-0.00465145886,0.00546501935,-0.123927999,-0.233195498,0.0309117651,0.0207564497,0.2,0.2,-0.112516975,-0.0468974745,0.0211554527,0.00703182518,-0.00465145886,0.123927999,0.0309117651,0.2,0.112516975,0.0211554527,-0.00546501935,-0.233195498,0.0207564497,-0.2,-0.00703182518,0.0468974745
931,27311797,-0.0625411794,0.0661627427,0.146857858,-0.0595982149,0.362823904,0.2339755,-0.130818784,-0.0873018056,-0.301517993,0.0309513714,0.274531871,0.100583054,-0.00500329435,0.00529301941,-0.133913964,-0.226819197,0.0290259123,0.01871804,0.2,0.2,-0.110303599,-0.0438097257,0.0219625497,0.00804664433,-0.00500329435,0.133913964,0.0290259123,0.2,0.110303599,0.0219625497,-0.00529301941,-0.226819197,0.01871804,-0.2,-0.00804664433,0.0438097257
932,27328761,-0.0343316942,0.0420263112,0.10977672,-0.0284241531,0.320553362,0.195903614,-0.160077155,-0.0456892475,-0.277695239,0.0444244333,0.283900321,0.0891360566,-0.00274653554,0.00336210489,-0.150600476,-0.212790869,0.025644269,0.0156722891,0.2,0.2,-0.105539048,-0.0411151133,0.0227120256,0.00713088453,-0.00274653554,0.150600476,0.025644269,0.2,0.105539048,0.0227120256,-0.00336210489,-0.212790869,0.0156722891,-0.2,-0.00713088453,0.0411151133
933,27351130,0.014153081,-0.00465315441,0.0597597212,0.00913278945,0.258250087,0.153518558,-0.184929252,-0.00947208703,-0.247992218,0.0571884438,0.292907953,0.063795805,0.00113224648,-0.000372252353,-0.173108125,-0.195890245,0.020660007,0.0122814846,0.2,0.2,-0.0995984435,-0.0385623112,0.0234326363,0.0051036644,0.00113224648,0.173108125,0.020660007,0.2,0.0995984435,0.0234326363,0.000372252353,-0.195890245,0.0122814846,-0.2,-0.0051036644,0.0385623112
934,27372774,0.0862194747,-0.0604743399,-0.00103720021,0.036612317,0.177430928,0.101535931,-0.214244723,0.0163482651,-0.257916272,0.0374713056,0.29413271,0.0339691415,0.00689755797,-0.00483794719,-0.20046674,-0.183524457,0.0141944742,0.0081228745,0.2,0.207356719,-0.101583254,-0.0425057389,0.0235306168,0.00271753132,0.00689755797,0.20046674,0.0141944742,0.2,0.101583254,0.0235306168,0.00483794719,-0.183524457,0.0081228745,-0.207356719,-0.00271753132,0.0425057389
935,27390151,0.149533659,-0.10494785,-0.0466750003,0.0516087748,0.103748374,0.0328498892,-0.21396026,0.0225588605,-0.287860632,0.0111445198,0.271337509,0.0198205076,0.0119626927,-0.00839582801,-0.22100375,-0.176776051,0.00829986989,0.00262799114,0.2,0.210151487,-0.107572126,-0.047771096,0.0217070007,0.00158564061,0.0119626927,0.22100375,0.00829986989,0.2,0.107572126,0.0217070007,0.00839582801,-0.176776051,0.00262799114,-0.210151487,-0.00158564061,0.047771096
936,27424126,0.196047023,-0.139036462,-0.0983611867,0.0779187456,0.0410018377,-0.0676903054,-0.196002007,0.0186359696,-0.315918863,-0.00492708618,0.201691523,0.015642453,0.0156837618,-0.0111229169,-0.244262534,-0.164936564,0.00328014702,-0.00541522443,0.2,0.208386186,-0.113183773,-0.0509854172,0.0161353219,0.00125139624,0.0156837618,0.244262534,0.00328014702,0.2,0.113183773,0.0161353219,0.0111229169,-0.164936564,-0.00541522443,-0.208386186,-0.00125139624,0.0509854172
937,27429629,0.218436703,-0.162433431,-0.137574971,0.108770087,-0.00628746953,-0.183727175,-0.177379861,0.0120617496,-0.33418712,-0.0089007644,0.107101828,0.00897120871,0.0174749362,-0.0129946744,-0.261908737,-0.151053461,-0.000502997562,-0.014698174,0.2,0.205427787,-0.116837424,-0.0517801529,0.00856814623,0.000717696697,0.0174749362,0.261908737,-0.000502997562,0.2,0.116837424,0.00856814623,0.0129946744,-0.151053461,-0.014698174,-0.205427787,-0.000717696697,0.0517801529
938,27451911,0.215022624,-0.174834624,-0.144158438,0.122484773,-0.0273706727,-0.275000393,-0.173314959,-0.000242462498,-0.350570917,-0.0246728268,0.00805818383,-0.0101035684,0.0172018099,-0.0139867699,-0.264871297,-0.144881852,-0.00218965381,-0.0220000315,0.2,0.2,-0.120114183,-0.0549345654,0.000644654706,-0.000808285475,0.0172018099,0.264871297,-0.00218965381,0.2,0.120114183,0.000644654706,0.0139867699,-0.144881852,-0.0220000315,-0.2,0.000808285475,0.0549345654
939,27484819,0.17205742,-0.183722645,-0.178195462,0.138719797,-0.0309168547,-0.369238615,-0.171716541,-0.0407477431,-0.398191482,-0.097324416,-0.0751484483,-0.0279419869,0.0137645936,-0.0146978116,-0.280187958,-0.137576091,-0.00247334838,-0.0295390892,0.2,0.2,-0.129638296,-0.0694648832,-0.00601187587,-0.00223535895,0.0137645936,0.280187958,-0.00247334838,0.2,0.129638296,-0.00601187587,0.0146978116,-0.137576091,-0.0295390892,-0.2,0.00223535895,0.0694648832
940,27490654,0.103412814,-0.204330564,-0.179442167,0.12281429,-0.0205986183,-0.445205003,-0.132328704,-0.097231105,-0.435756952,-0.182680845,-0.156531498,-0.0792323053,0.00827302516,-0.0163464451,-0.280748975,-0.144733569,-0.00164788947,-0.0356164002,0.2,0.2,-0.13715139,-0.0865361691,-0.0125225198,-0.00633858442,0.00827302516,0.280748975,-0.00164788947,0.2,0.13715139,-0.0125225198,0.0163464451,-0.144733569,-0.0356164002,-0.2,0.00633858442,0.0865361691
941,27511687,0.0343291424,-0.231071621,-0.143818915,0.0794774964,-0.00333710085,-0.489490867,-0.0501001105,-0.159961104,-0.410025507,-0.236099198,-0.218213037,-0.145962209,0.00274633139,-0.0184857297,-0.264718512,-0.164235127,-0.000266968068,-0.0391592693,0.2,0.2,-0.132005101,-0.0972198397,-0.0174570429,-0.0116769767,0.00274633139,0.264718512,-0.000266968068,0.2,0.132005101,-0.0174570429,0.0184857297,-0.164235127,-0.0391592693,-0.2,0.0116769767,0.0972198397
942,27530322,-0.0157660525,-0.264112711,-0.0618321151,0.00312394067,0.00285957102,-0.478780776,0.0540451556,-0.219596535,-0.307841241,-0.241911471,-0.239611849,-0.196228534,-0.0012612842,-0.0211290169,-0.227824452,-0.198594227,0.000228765681,-0.0383024621,0.22432032,0.2,-0.111568248,-0.0983822942,-0.0191689479,-0.0156982827,-0.0012612842,0.227824452,0.000228765681,0.22432032,0.111568248,-0.0191689479,0.0211290169,-0.198594227,-0.0383024621,-0.2,0.0156982827,0.0983822942
943,27549579,-0.0165808257,-0.264923632,0.0194229707,-0.0497376025,-0.0148968436,-0.435709655,0.114115551,-0.225239635,-0.144361481,-0.227573887,-0.199991465,-0.208356261,-0.00132646605,-0.0211938906,-0.191259663,-0.222381921,-0.00119174749,-0.0348567724,0.251351998,0.2,-0.0788722962,-0.0955147773,-0.0159993172,-0.0166685009,-0.00132646605,0.191259663,-0.00119174749,0.251351998,0.0788722962,-0.0159993172,0.0211938906,-0.222381921,-0.0348567724,-0.2,0.0166685009,0.0955147773
944,27578895,0.034661375,-0.233239114,0.0899726748,-0.0775924027,-0.0155895837,-0.312597692,0.0623911731,-0.187682539,-0.0595464595,-0.201449037,-0.1569947,-0.20319508,0.00277291,-0.0186591291,-0.159512296,-0.234916581,-0.00124716669,-0.0250078154,0.228076028,0.2,-0.0619092919,-0.0902898073,-0.012559576,-0.0162556064,0.00277291,0.159512296,-0.00124716669,0.228076028,0.0619092919,-0.012559576,0.0186591291,-0.234916581,-0.0250078154,-0.2,0.0162556064,0.0902898073
945,27587871,0.0982214883,-0.179460809,0.159054756,-0.108145066,0.0561088994,-0.106486894,-0.0378668606,-0.157070354,-0.138654947,-0.187962011,-0.0835862085,-0.163625509,0.00785771906,-0.0143568647,-0.12842536,-0.24866528,0.00448871195,-0.00851895154,0.2,0.2,-0.0777309895,-0.0875924021,-0.00668689668,-0.0130900407,0.00785771906,0.12842536,0.00448871195,0.2,0.0777309895,-0.00668689668,0.0143568647,-0.24866528,-0.00851895154,-0.2,0.0130900407,0.0875924021
946,27614524,0.131228611,-0.0590681098,0.202305853,-0.090209201,0.209530815,0.0735709667,-0.121125676,-0.0836223587,-0.231805533,-0.130754948,0.0316984244,-0.113214418,0.0104982889,-0.00472544879,-0.108962366,-0.24059414,0.0167624652,0.00588567734,0.2,0.2,-0.0963611066,-0.0761509895,0.00253587395,-0.00905715346,0.0104982889,0.108962366,0.0167624652,0.2,0.0963611066,0.00253587395,0.00472544879,-0.24059414,0.00588567734,-0.2,0.00905715346,0.0761509895
947,27630265,0.136749089,0.0622757077,0.18038474,-0.0368107073,0.336877644,0.163891762,-0.226052493,-0.0472683087,-0.305778086,-0.0827462599,0.176120505,-0.0326624028,0.0109399271,0.00498205662,-0.118826867,-0.216564818,0.0269502115,0.013111341,0.2,0.2,-0.111155617,-0.066549252,0.0140896404,-0.00261299223,0.0109399271,0.118826867,0.0269502115,0.2,0.111155617,0.0140896404,-0.00498205662,-0.216564818,0.013111341,-0.2,0.00261299223,0.066549252
948,27648319,0.0995346904,0.0912603512,0.0907068476,0.0211412814,0.362727493,0.176411524,-0.280787706,-0.0852936059,-0.333625853,-0.080381617,0.315413058,0.095431149,0.00796277523,0.0073008281,-0.159181919,-0.190486423,0.0290181994,0.014112922,0.2,0.2,-0.116725171,-0.0660763234,0.0252330446,0.00763449192,0.00796277523,0.159181919,0.0290181994,0.2,0.116725171,0.0252330446,-0.0073008281,-0.190486423,0.014112922,-0.2,-0.00763449192,0.0660763234
949,27674774,0.0561671443,0.087042585,0.104964443,-0.0125250267,0.355086029,0.195772573,-0.247925952,-0.0985493213,-0.351678759,-0.0784412697,0.362256527,0.150418118,0.00449337155,0.0069634068,-0.152766001,-0.205636262,0.0284068823,0.0156618059,0.2,0.2,-0.120335752,-0.0656882539,0.0289805222,0.0120334494,0.00449337155,0.152766001,0.0284068823,0.2,0.120335752,0.0289805222,-0.0069634068,-0.205636262,0.0156618059,-0.2,-0.0120334494,0.0656882539
950,27688342,0.010227697,0.0357834622,0.0815492794,-0.043912448,0.326876134,0.178652138,-0.192407519,-0.112793967,-0.315593839,-0.0870969072,0.348574251,0.130250528,0.000818215758,0.00286267698,-0.163302824,-0.219760602,0.0261500907,0.014292171,0.2,0.2,-0.113118768,-0.0674193814,0.0278859401,0.0104200423,0.000818215758,0.163302824,0.0261500907,0.2,0.113118768,0.0278859401,-0.00286267698,-0.219760602,0.014292171,-0.2,-0.0104200423,0.0674193814
951,27714774,-0.0474864431,-0.0168194249,0.0790834874,-0.0585105605,0.288389683,0.140870512,-0.109878108,-0.113886431,-0.231200442,-0.0675049871,0.307054043,0.0739741847,-0.00379891545,-0.00134555399,-0.164412431,-0.226329752,0.0230711746,0.0112696409,0.2,0.2,-0.0962400883,-0.0635009974,0.0245643234,0.00591793478,-0.00379891545,0.164412431,0.0230711746,0.2,0.0962400883,0.0245643234,0.00134555399,-0.226329752,0.0112696409,-0.2,-0.00591793478,0.0635009974
952,27730818,-0.0939589292,-0.0550233014,0.0594169684,-0.0795595348,0.221168429,0.079775162,-0.0780381113,-0.131354541,-0.228088975,-0.115580991,0.248144388,0.025556922,-0.00751671433,-0.00440186411,-0.173262364,-0.235801791,0.0176934743,0.00638201296,0.2,0.2,-0.095617795,-0.0731161982,0.0198515511,0.00204455376,-0.00751671433,0.173262364,0.0176934743,0.2,0.095617795,0.0198515511,0.00440186411,-0.235801791,0.00638201296,-0.2,-0.00204455376,0.0731161982
953,27756518,-0.0793899521,-0.0674366429,0.0702074543,-0.0700915903,0.174504429,0.0309083611,-0.0618992932,-0.110057108,-0.214110747,-0.106284477,0.153499454,-0.0371441543,-0.00635119617,-0.00539493144,-0.168406646,-0.231541216,0.0139603543,0.00247266889,0.2,0.2,-0.0928221494,-0.0712568954,0.0122799563,-0.00297153234,-0.00635119617,0.168406646,0.0139603543,0.2,0.0928221494,0.0122799563,0.00539493144,-0.231541216,0.00247266889,-0.2,0.00297153234,0.0712568954
954,27770658,0.0164326802,-0.0733181909,0.0598249212,-0.027676668,0.141931459,0.0173856504,-0.114765354,-0.0407777615,-0.205219895,-0.0492193773,0.0733233765,-0.074692294,0.00131461442,-0.00586545527,-0.173078785,-0.212454501,0.0113545167,0.00139085203,0.2,0.2,-0.0910439789,-0.0598438755,0.00586587012,-0.00597538352,0.00131461442,0.173078785,0.0113545167,0.2,0.0910439789,0.00586587012,0.00586545527,-0.212454501,0.00139085203,-0.2,0.00597538352,0.0598438755
955,27789448,0.139983475,-0.0820354894,0.0230735019,0.0242269915,0.120632552,0.015495128,-0.185757414,0.0208075214,-0.229889199,0.0129161635,0.0394668058,-0.0749324039,0.011198678,-0.00656283915,-0.189616924,-0.189097854,0.00965060413,0.00123961024,0.2,0.209363385,-0.0959778398,-0.0474167673,0.00315734446,-0.00599459231,0.011198678,0.189616924,0.00965060413,0.2,0.0959778398,0.00315734446,0.00656283915,-0.189097854,0.00123961024,-0.209363385,0.00599459231,0.0474167673
956,27811384,0.237697646,-0.0980480164,-0.029825259,0.061976105,0.105139293,0.013411277,-0.227206007,0.0365600809,-0.283613801,0.0420098677,0.0564752854,-0.0519198403,0.0190158117,-0.00784384131,-0.213421367,-0.172110753,0.00841114342,0.00107290216,0.2,0.216452036,-0.10672276,-0.0415980265,0.00451802284,-0.00415358722,0.0190158117,0.213421367,0.00841114342,0.2,0.10672276,0.00451802284,0.00784384131,-0.172110753,0.00107290216,-0.216452036,0.00415358722,0.0415980265
957,27831682,0.286689311,-0.134870544,-0.0605029687,0.0760991424,0.0977993459,-0.00414238311,-0.231952727,0.0208806284,-0.319781542,0.0369159617,0.116955124,-0.0128920181,0.0229351449,-0.0107896435,-0.227226336,-0.165755386,0.00782394767,-0.000331390649,0.2,0.209396283,-0.113956308,-0.0426168077,0.00935640991,-0.00103136145,0.0229351449,0.227226336,0.00782394767,0.2,0.113956308,0.00935640991,0.0107896435,-0.165755386,-0.000331390649,-0.209396283,0.00103136145,0.0426168077
958,27850410,0.291443169,-0.170311332,-0.0892129317,0.0891292766,0.0802601948,-0.0585727356,-0.212384716,-0.00428772857,-0.327304959,-0.000643821026,0.166287571,0.0204871707,0.0233154535,-0.0136249065,-0.240145819,-0.159891826,0.00642081559,-0.00468581885,0.2,0.2,-0.115460992,-0.0501287642,0.0133030057,0.00163897365,0.0233154535,0.240145819,0.00642081559,0.2,0.115460992,0.0133030057,0.0136249065,-0.159891826,-0.00468581885,-0.2,-0.00163897365,0.0501287642
959,27881811,0.243617222,-0.192043632,-0.119272478,0.097965911,0.045747038,-0.156107724,-0.182083949,-0.0337016582,-0.340694934,-0.0795648023,0.164906815,0.03939078,0.0194893777,-0.0153634906,-0.253672615,-0.15591534,0.00365976304,-0.0124886179,0.2,0.2,-0.118138987,-0.0659129605,0.0131925452,0.0031512624,0.0194893777,0.253672615,0.00365976304,0.2,0.118138987,0.0131925452,0.0153634906,-0.15591534,-0.0124886179,-0.2,-0.0031512624,0.0659129605
960,27888063,0.1434035,-0.199626341,-0.10567186,0.0670090243,0.0281103048,-0.243413374,-0.119995132,-0.0930865705,-0.342142195,-0.171630308,0.12727204,0.0230826419,0.01147228,-0.0159701073,-0.247552337,-0.169845939,0.00224882439,-0.0194730699,0.2,0.2,-0.118428439,-0.0843260616,0.0101817632,0.00184661135,0.01147228,0.247552337,0.00224882439,0.2,0.118428439,0.0101817632,0.0159701073,-0.169845939,-0.0194730699,-0.2,-0.00184661135,0.0843260616
961,27911584,0.0672649816,-0.195460558,-0.0373896025,0.0225217491,0.0154293356,-0.295605391,-0.043961551,-0.12833707,-0.254592299,-0.175301477,0.0331746265,-0.0581489801,0.00538119853,-0.0156368446,-0.216825321,-0.189865213,0.00123434685,-0.0236484313,0.2,0.2,-0.10091846,-0.0850602955,0.00265397012,-0.00465191841,0.00538119853,0.216825321,0.00123434685,0.2,0.10091846,0.00265397012,0.0156368446,-0.189865213,-0.0236484313,-0.2,0.00465191841,0.0850602955
962,27930805,0.0306500047,-0.178043827,0.0440743193,-0.0370139852,0.010169833,-0.281427741,-0.00192892074,-0.141863227,-0.14313966,-0.156819791,-0.0294559263,-0.12006855,0.00245200038,-0.0142435062,-0.180166556,-0.216656293,0.000813586637,-0.0225142193,0.2,0.2,-0.0786279321,-0.0813639581,-0.0023564741,-0.00960548401,0.00245200038,0.180166556,0.000813586637,0.2,0.0786279321,-0.0023564741,0.0142435062,-0.216656293,-0.0225142193,-0.2,0.00960548401,0.0813639581
963,27949601,0.0475012101,-0.132006153,0.106225334,-0.0608903244,0.0303551834,-0.203636646,-0.0161367878,-0.110296629,-0.0406717025,-0.115372226,-0.0281022768,-0.139854059,0.00380009681,-0.0105604923,-0.1521986,-0.227400646,0.00242841467,-0.0162909317,0.2,0.2,-0.0581343405,-0.0730744451,-0.00224818215,-0.0111883247,0.00380009681,0.1521986,0.00242841467,0.2,0.0581343405,-0.00224818215,0.0105604923,-0.227400646,-0.0162909317,-0.2,0.0111883247,0.0730744451
964,27974990,0.0970909894,-0.0744076446,0.136193901,-0.0412883982,0.108416185,-0.0686980039,-0.0666426346,-0.0507455394,-0.0088865906,-0.0649365112,0.0276444387,-0.131132975,0.00776727915,-0.00595261157,-0.138712744,-0.218579779,0.00867329478,-0.00549584031,0.2,0.2,-0.0517773181,-0.0629873022,0.00221155509,-0.010490638,0.00776727915,0.138712744,0.00867329478,0.2,0.0517773181,0.00221155509,0.00595261157,-0.218579779,-0.00549584031,-0.2,0.010490638,0.0629873022
965,27992777,0.129589871,-0.0276039857,0.150633156,-0.0396239646,0.216216564,0.0701569095,-0.124360234,-0.0468861684,-0.121643871,-0.0594745316,0.103240371,-0.0943555087,0.0103671896,-0.00220831886,-0.13221508,-0.217830784,0.0172973251,0.00561255276,0.2,0.2,-0.0743287742,-0.0618949063,0.00825922966,-0.00754844069,0.0103671896,0.13221508,0.0172973251,0.2,0.0743287742,0.00825922966,0.00220831886,-0.217830784,0.00561255276,-0.2,0.00754844069,0.0618949063
966,28010034,0.125796944,-0.00998659246,0.123071842,-0.013677936,0.290772855,0.149021491,-0.171892002,-0.0743953139,-0.20398365,-0.0644463524,0.205554813,-0.0289303903,0.0100637555,-0.000798927397,-0.144617671,-0.206155071,0.0232618284,0.0119217193,0.2,0.2,-0.0907967299,-0.0628892705,0.0164443851,-0.00231443122,0.0100637555,0.144617671,0.0232618284,0.2,0.0907967299,0.0164443851,0.000798927397,-0.206155071,0.0119217193,-0.2,0.00231443122,0.0628892705
967,28028215,0.119868122,-0.0229240749,0.0766048208,0.0292604696,0.291243017,0.15787822,-0.197467402,-0.0683273077,-0.203764975,-0.0512377396,0.272517681,0.0209309645,0.00958944976,-0.00183392599,-0.165527831,-0.186832789,0.0232994413,0.0126302576,0.2,0.2,-0.090752995,-0.0602475479,0.0218014145,0.00167447716,0.00958944976,0.165527831,0.0232994413,0.2,0.090752995,0.0218014145,0.00183392599,-0.186832789,0.0126302576,-0.2,-0.00167447716,0.0602475479
968,28057019,0.09731929,-0.0540410616,0.0562669598,0.0328009538,0.252530098,0.149665371,-0.197370291,-0.0716089159,-0.222286239,-0.0643361062,0.304293036,0.0495380647,0.0077855432,-0.00432328492,-0.174679868,-0.185239571,0.0202024078,0.0119732296,0.2,0.2,-0.0944572479,-0.0628672212,0.0243434429,0.00396304518,0.0077855432,0.174679868,0.0202024078,0.2,0.0944572479,0.0243434429,0.00432328492,-0.185239571,0.0119732296,-0.2,-0.00396304518,0.0628672212
969,28074645,0.0430971161,-0.0806751847,0.0437852591,0.00609655399,0.213786542,0.132188857,-0.154474095,-0.0965225473,-0.222159371,-0.0966230184,0.304083467,0.0506185517,0.00344776928,-0.00645401478,-0.180296633,-0.197256551,0.0171029234,0.0105751085,0.2,0.2,-0.0944318742,-0.0693246037,0.0243266773,0.00404948413,0.00344776928,0.180296633,0.0171029234,0.2,0.0944318742,0.0243266773,0.00645401478,-0.197256551,0.0105751085,-0.2,-0.00404948413,0.0693246037
970,28094531,-0.004596035,-0.0974854454,0.0280343052,-0.0160989799,0.165274873,0.0738025159,-0.120242111,-0.103440493,-0.206124812,-0.130037963,0.261148274,0.0105010886,-0.0003676828,-0.00779883564,-0.187384563,-0.207244541,0.0132219899,0.00590420127,0.2,0.2,-0.0912249625,-0.0760075927,0.0208918619,0.000840087086,-0.0003676828,0.187384563,0.0132219899,0.2,0.0912249625,0.0208918619,0.00779883564,-0.207244541,0.00590420127,-0.2,-0.000840087086,0.0760075927
971,28115596,-0.0284404643,-0.108424582,0.0270207617,-0.0308403801,0.119503364,0.0052935523,-0.0888955593,-0.109234773,-0.196739182,-0.145874918,0.1824999,-0.0408628136,-0.00227523714,-0.00867396653,-0.187840657,-0.213878171,0.00956026912,0.000423484184,0.2,0.2,-0.0893478364,-0.0791749835,0.014599992,-0.00326902509,-0.00227523714,0.187840657,0.00956026912,0.2,0.0893478364,0.014599992,0.00867396653,-0.213878171,0.000423484184,-0.2,0.00326902509,0.0791749835
972,28132754,-0.0182069503,-0.111199811,0.0304324776,-0.0290082619,0.0870027021,-0.0469783284,-0.0764506906,-0.10074605,-0.180061489,-0.131682158,0.106523708,-0.0793274492,-0.00145655602,-0.00889598489,-0.186305385,-0.213053718,0.00696021616,-0.00375826627,0.2,0.2,-0.0860122979,-0.0763364315,0.0085218966,-0.00634619594,-0.00145655602,0.186305385,0.00696021616,0.2,0.0860122979,0.0085218966,0.00889598489,-0.213053718,-0.00375826627,-0.2,0.00634619594,0.0763364315
973,28151899,0.0402671359,-0.113446437,0.021656828,-0.0102105234,0.0647444278,-0.0677987188,-0.111435898,-0.0667091385,-0.197207779,-0.106065311,0.0379183516,-0.106524035,0.00322137088,-0.00907571495,-0.190254427,-0.204594736,0.00517955422,-0.0054238975,0.2,0.2,-0.0894415557,-0.0712130621,0.00303346813,-0.00852192283,0.00322137088,0.190254427,0.00517955422,0.2,0.0894415557,0.00303346813,0.00907571495,-0.204594736,-0.0054238975,-0.2,0.00852192283,0.0712130621
974,28170792,0.129581437,-0.114839807,-0.00186860643,0.0203031413,0.0560121424,-0.0659996048,-0.162748158,-0.0284029562,-0.237082303,-0.0696892813,0.00441553444,-0.107088685,0.0103665149,-0.00918718457,-0.200840873,-0.190863586,0.0044809714,-0.00527996838,0.2,0.2,-0.0974164605,-0.0639378563,0.000353242755,-0.0085670948,0.0103665149,0.200840873,0.0044809714,0.2,0.0974164605,0.000353242755,0.00918718457,-0.190863586,-0.00527996838,-0.2,0.0085670948,0.0639378563
975,28190486,0.201363981,-0.12177141,-0.0302311555,0.0485937707,0.0587580837,-0.0610637479,-0.189406678,-0.0124933859,-0.269444138,-0.0412129536,0.0168732703,-0.080006741,0.0161091185,-0.00974171281,-0.21360402,-0.178132803,0.0047006467,-0.00488509983,0.2,0.2,-0.103888828,-0.0582425907,0.00134986162,-0.00640053928,0.0161091185,0.21360402,0.0047006467,0.2,0.103888828,0.00134986162,0.00974171281,-0.178132803,-0.00488509983,-0.2,0.00640053928,0.0582425907
976,28210249,0.238074645,-0.140396401,-0.0596280806,0.066811502,0.0590965636,-0.0750293359,-0.195550665,-0.0170163736,-0.292043597,-0.0431039035,0.0573501401,-0.0417899191,0.0190459716,-0.0112317121,-0.226832636,-0.169934824,0.00472772509,-0.00600234687,0.2,0.2,-0.108408719,-0.0586207807,0.00458801121,-0.00334319353,0.0190459716,0.226832636,0.00472772509,0.2,0.108408719,0.00458801121,0.0112317121,-0.169934824,-0.00600234687,-0.2,0.00334319353,0.0586207807
977,28233452,0.233625188,-0.162510172,-0.0681184903,0.0701260939,0.0570128262,-0.10442166,-0.177776262,-0.03349806,-0.293607384,-0.0701187998,0.0995711833,-0.0106056873,0.0186900151,-0.0130008137,-0.230653321,-0.168443258,0.0045610261,-0.00835373282,0.2,0.2,-0.108721477,-0.06402376,0.00796569467,-0.000848454982,0.0186900151,0.230653321,0.0045610261,0.2,0.108721477,0.00796569467,0.0130008137,-0.168443258,-0.00835373282,-0.2,0.000848454982,0.06402376
978,28251286,0.184894904,-0.173612803,-0.0699909627,0.0590654761,0.049814485,-0.15262723,-0.149328142,-0.0696741715,-0.297046065,-0.12735568,0.116104789,0.00448495802,0.0147915924,-0.0138890243,-0.231495933,-0.173420536,0.0039851588,-0.0122101784,0.2,0.2,-0.109409213,-0.075471136,0.00928838313,0.000358796641,0.0147915924,0.231495933,0.0039851588,0.2,0.109409213,0.00928838313,0.0138890243,-0.173420536,-0.0122101784,-0.2,-0.000358796641,0.075471136
979,28270523,0.0976712331,-0.189442411,-0.046915058,0.0166979227,0.0434816852,-0.201384604,-0.095230557,-0.131701782,-0.297241956,-0.187874898,0.083669059,-0.0241869744,0.00781369865,-0.0151553929,-0.221111776,-0.192485935,0.00347853482,-0.0161107683,0.2,0.2,-0.109448391,-0.0875749797,0.00669352472,-0.00193495795,0.00781369865,0.221111776,0.00347853482,0.2,0.109448391,0.00669352472,0.0151553929,-0.192485935,-0.0161107683,-0.2,0.00193495795,0.0875749797
980,28290023,0.00243708515,-0.211446837,-0.00334464666,-0.0440402366,0.0385648012,-0.231037766,-0.018318614,-0.202624768,-0.269566834,-0.223778948,0.0164147746,-0.0910587162,0.000194966812,-0.0169157469,-0.201505091,-0.219818106,0.0030851841,-0.0184830213,0.2,0.2,-0.103913367,-0.0947557896,0.00131318197,-0.00728469729,0.000194966812,0.201505091,0.0030851841,0.2,0.103913367,0.00131318197,0.0169157469,-0.219818106,-0.0184830213,-0.2,0.00728469729,0.0947557896
981,28309305,-0.0585300401,-0.212791547,0.0627973378,-0.103268914,0.0385602638,-0.218652621,0.0474093631,-0.243058875,-0.202395633,-0.22335577,-0.0436769538,-0.153177708,-0.00468240321,-0.0170233238,-0.171741198,-0.246471011,0.00308482111,-0.0174922097,0.221334213,0.2,-0.0904791266,-0.094671154,-0.0034941563,-0.0122542167,-0.00468240321,0.171741198,0.00308482111,0.221334213,0.0904791266,-0.0034941563,0.0170233238,-0.246471011,-0.0174922097,-0.2,0.0122542167,0.094671154
982,28331784,-0.094796136,-0.186047912,0.12294963,-0.160825104,0.0606420264,-0.157892153,0.083616212,-0.273293823,-0.167726308,-0.227506205,-0.0503964461,-0.15796496,-0.00758369088,-0.0148838329,-0.144672666,-0.272371297,0.00485136211,-0.0126313722,0.237627295,0.2,-0.0835452616,-0.0955012411,-0.00403171569,-0.0126371968,-0.00758369088,0.144672666,0.00485136211,0.237627295,0.0835452616,-0.00403171569,0.0148838329,-0.272371297,-0.0126313722,-0.2,0.0126371968,0.0955012411
983,28362020,-0.0940474421,-0.137091905,0.20218806,-0.212331563,0.143716782,-0.0348117948,0.0779076144,-0.263620317,-0.225957632,-0.193660125,-0.0451947004,-0.142990708,-0.00752379537,-0.0109673524,-0.109015373,-0.295549203,0.0114973426,-0.00278494358,0.235058426,0.2,-0.0951915264,-0.088732025,-0.00361557603,-0.0114392567,-0.00752379537,0.109015373,0.0114973426,0.235058426,0.0951915264,-0.00361557603,0.0109673524,-0.295549203,-0.00278494358,-0.2,0.0114392567,0.088732025
984,28374995,-0.0617716238,-0.0274255872,0.250996709,-0.211973414,0.272072256,0.0899539739,-0.0140898172,-0.191289559,-0.35518074,-0.130288079,-0.000712452689,-0.0940329656,-0.0049417299,-0.00219404697,-0.087051481,-0.295388036,0.0217657804,0.00719631791,0.2,0.2,-0.121036148,-0.0760576159,-5.69962151e-05,-0.00752263725,-0.0049417299,0.087051481,0.0217657804,0.2,0.121036148,-5.69962151e-05,0.00219404697,-0.295388036,0.00719631791,-0.2,0.00752263725,0.0760576159
985,28395192,-0.00740845781,0.134435609,0.248192742,-0.149451539,0.396380335,0.173974887,-0.180153966,-0.0877316147,-0.461746484,-0.0589836612,0.0995215848,0.0135196578,-0.000592676625,0.0107548487,-0.0883132659,-0.267253193,0.0317104268,0.0139179909,0.2,0.2,-0.142349297,-0.0617967322,0.00796172678,0.00108157262,-0.000592676625,0.0883132659,0.0317104268,0.2,0.142349297,0.00796172678,-0.0107548487,-0.267253193,0.0139179909,-0.2,-0.00108157262,0.0617967322
986,28418787,0.0648144409,0.250606745,0.219915986,-0.0428325534,0.482009649,0.212285697,-0.313021928,0.00467628008,-0.481227934,0.0309689771,0.212978318,0.0945306122,0.00518515527,0.0200485396,-0.101037806,-0.219274649,0.0385607719,0.0169828558,0.2,0.202104326,-0.146245587,-0.0438062046,0.0170382655,0.00756244898,0.00518515527,0.101037806,0.0385607719,0.2,0.146245587,0.0170382655,-0.0200485396,-0.219274649,0.0169828558,-0.202104326,-0.00756244898,0.0438062046
987,28431907,0.155496657,0.228877798,0.104629457,0.0238617938,0.474524826,0.195710689,-0.394591451,0.0268253852,-0.499303579,0.0797644407,0.338047743,0.179600045,0.0124397326,0.0183102238,-0.152916744,-0.189262193,0.0379619861,0.0156568551,0.2,0.212071423,-0.149860716,-0.0340471119,0.0270438194,0.0143680036,0.0124397326,0.152916744,0.0379619861,0.2,0.149860716,0.0270438194,-0.0183102238,-0.189262193,0.0156568551,-0.212071423,-0.0143680036,0.0340471119
988,28452822,0.259205073,0.146950737,0.0224853791,0.0124976151,0.418020099,0.177729145,-0.424208671,0.0757504255,-0.525876462,0.07438232,0.416266918,0.202736631,0.0207364058,0.0117560589,-0.189881579,-0.194376073,0.033441608,0.0142183316,0.2,0.234087691,-0.155175292,-0.035123536,0.0333013535,0.0162189305,0.0207364058,0.189881579,0.033441608,0.2,0.155175292,0.0333013535,-0.0117560589,-0.194376073,0.0142183316,-0.234087691,-0.0162189305,0.035123536
989,28473455,0.384203762,0.0176134631,-0.108908974,0.0460109115,0.342671245,0.110632941,-0.453671336,0.154868245,-0.537195563,-0.00875991303,0.460628808,0.16920127,0.0307363009,0.00140907705,-0.249009038,-0.17929509,0.0274136996,0.00885063529,0.2,0.26969071,-0.157439113,-0.0517519826,0.0368503046,0.0135361016,0.0307363009,0.249009038,0.0274136996,0.2,0.157439113,0.0368503046,-0.00140907705,-0.17929509,0.00885063529,-0.26969071,-0.0135361016,0.0517519826
990,28490818,0.467981607,-0.11353109,-0.190140769,0.0590497181,0.256208181,0.0012292664,-0.437458605,0.20142433,-0.625659406,-0.184895009,0.46205622,0.135744467,0.0374385285,-0.00908248723,-0.285563346,-0.173427627,0.0204966545,9.83413123e-05,0.2,0.290640949,-0.175131881,-0.0869790018,0.0369644976,0.0108595574,0.0374385285,0.285563346,0.0204966545,0.2,0.175131881,0.0369644976,0.00908248723,-0.173427627,9.83413123e-05,-0.290640949,-0.0108595574,0.0869790018
991,28514238,0.405188352,-0.237934068,-0.297781169,0.134281576,0.182301715,-0.162884161,-0.341007382,0.15475437,-0.744711518,-0.347100377,0.352958262,0.0846713632,0.0324150681,-0.0190347254,-0.334001526,-0.139573291,0.0145841372,-0.0130307329,0.2,0.269639467,-0.198942304,-0.119420075,0.028236661,0.00677370906,0.0324150681,0.334001526,0.0145841372,0.2,0.198942304,0.028236661,0.0190347254,-0.139573291,-0.0130307329,-0.269639467,-0.00677370906,0.119420075
992,28533890,0.0632001013,-0.361496747,-0.398414433,0.142650127,0.161706299,-0.404001325,-0.105469719,-0.123122163,-0.875530481,-0.578548074,0.176153332,-0.0197994001,0.0050560081,-0.0289197397,-0.379286495,-0.135807443,0.0129365039,-0.032320106,0.2,0.2,-0.225106096,-0.165709615,0.0140922666,-0.00158395201,0.0050560081,0.379286495,0.0129365039,0.2,0.225106096,0.0140922666,0.0289197397,-0.135807443,-0.032320106,-0.2,0.00158395201,0.165709615
993,28549888,-0.367129087,-0.516951561,-0.413498789,0.00483284146,0.179462999,-0.732592762,0.257125497,-0.539066911,-0.819076002,-0.805947125,-0.0090643419,-0.142906398,-0.029370327,-0.0413561249,-0.386074455,-0.197825221,0.0143570399,-0.0586074209,0.315706474,0.2,-0.2138152,-0.211189425,-0.000725147352,-0.0114325118,-0.029370327,0.386074455,0.0143570399,0.315706474,0.2138152,-0.000725147352,0.0413561249,-0.197825221,-0.0586074209,-0.2,0.0114325118,0.211189425
994,28574979,-0.599610388,-0.609740913,-0.238551721,-0.130523771,0.170169383,-1.01816368,0.568140805,-0.805819511,-0.524957895,-0.83209008,-0.271059155,-0.312766224,-0.0479688311,-0.048779273,-0.307348274,-0.258735697,0.0136135507,-0.0814530945,0.455663362,0.2,-0.154991579,-0.216418016,-0.0216847324,-0.0250212979,-0.0479688311,0.307348274,0.0136135507,0.455663362,0.154991579,-0.0216847324,0.048779273,-0.258735697,-0.0814530945,-0.2,0.0250212979,0.216418016
995,28589386,-0.462515324,-0.637182355,-0.00208671414,-0.197567195,0.09802939,-1.04440606,0.662479699,-0.762004077,-0.265917569,-0.765024662,-0.392852128,-0.440541416,-0.0370012259,-0.0509745884,-0.200939021,-0.288905238,0.0078423512,-0.0835524845,0.498115864,0.2,-0.103183514,-0.203004932,-0.0314281702,-0.0352433133,-0.0370012259,0.200939021,0.0078423512,0.498115864,0.103183514,-0.0314281702,0.0509745884,-0.288905238,-0.0835524845,-0.2,0.0352433133,0.203004932
996,28622234,-0.168107703,-0.671831608,0.329751223,-0.378532946,0.0189154055,-0.696367145,0.624696493,-0.727452397,-0.33063665,-0.674064815,-0.332067549,-0.283409715,-0.0134486163,-0.0537465286,-0.0516119495,-0.370339826,0.00151323244,-0.0557093716,0.481113422,0.2,-0.11612733,-0.184812963,-0.0265654039,-0.0226727772,-0.0134486163,0.0516119495,0.00151323244,0.481113422,0.11612733,-0.0265654039,0.0537465286,-0.370339826,-0.0557093716,-0.2,0.0226727772,0.184812963
997,28628645,-0.00679059746,-0.57790482,0.643780053,-0.62095046,0.214345708,-0.229422301,0.193538755,-0.660212398,-1.00729454,-0.597257853,-0.225312099,0.0149855474,-0.000543247797,-0.0462323856,0.0897010237,-0.479427707,0.0171476567,-0.0183537841,0.28709244,0.2,-0.23,-0.169451571,-0.0180249679,0.00119884379,-0.000543247797,-0.0897010237,0.0171476567,0.28709244,0.23,-0.0180249679,0.0462323856,-0.479427707,-0.0183537841,-0.2,-0.00119884379,0.169451571
998,28652538,-0.081076026,-0.133127615,0.835843563,-0.837542474,0.464202702,0.0011811076,-0.390341461,-0.435617566,-1.61343646,-0.451326251,0.0780098885,0.4647609,-0.00648608208,-0.0106502092,0.176129603,-0.576894113,0.0371362162,9.44886077e-05,0.2,0.2,-0.23,-0.14026525,0.00624079108,0.037180872,-0.00648608208,-0.176129603,0.0371362162,0.2,0.23,0.00624079108,0.0106502092,-0.576894113,9.44886077e-05,-0.2,-0.037180872,0.14026525
999,28669813,-0.233954951,0.758586049,0.934811652,-0.949946046,0.862444043,0.0823220685,-1.09292376,0.147011712,-1.76755834,-0.150292754,0.392068654,0.70167309,-0.0187163961,0.0606868839,0.2,-0.6,0.0689955235,0.00658576548,0.2,0.26615527,-0.23,-0.0800585508,0.0313654923,0.0561338472,-0.0187163961,-0.2,0.0689955235,0.2,0.23,0.0313654923,-0.0606868839,-0.6,0.00658576548,-0.26615527,-0.0561338472,0.0800585508
1000,28690810,0.0783862323,1.22204983,0.588680625,-0.998280704,1.24147415,0.119885586,-1.29154861,0.482026815,-1.84000754,0.0928732455,0.75281024,0.858759403,0.00627089858,0.0977639866,0.0649062812,-0.6,0.0993179321,0.0095908469,0.2,0.416912067,-0.23,-0.0314253509,0.0602248192,0.0687007523,0.00627089858,-0.0649062812,0.0993179321,0.2,0.23,0.0602248192,-0.0977639866,-0.6,0.0095908469,-0.416912067,-0.0687007523,0.0314253509
1001,28709491,0.772278666,1.29537284,0.277001381,-1.10667062,1.37277722,0.2382963,-1.53170967,0.763048649,-2.0897131,0.276834399,0.909222484,0.771992385,0.0617822933,0.103629827,-0.0753493786,-0.6,0.109822178,0.019063704,0.2,0.543371892,-0.23,0.0053668797,0.0727377987,0.0617593908,0.0617822933,0.0753493786,0.109822178,0.2,0.23,0.0727377987,-0.103629827,-0.6,0.019063704,-0.543371892,-0.0617593908,-0.0053668797
1002,28728926,1.63852584,0.600371957,-0.0796266496,-1.06872642,1.23293614,0.321021944,-1.77874017,1.02908635,-2.36061025,0.348095089,1.01401985,0.440851152,0.12,0.0480297565,-0.235831992,-0.6,0.0986348915,0.0256817555,0.2,0.663088858,-0.23,0.0196190178,0.08,0.0352680922,0.12,0.235831992,0.0986348915,0.2,0.23,0.08,-0.0480297565,-0.6,0.0256817555,-0.65,-0.0352680922,-0.0196190178
1003,28748531,2.16113877,-0.481017411,-0.378200173,-0.636120617,0.897860765,0.472773105,-2.11424017,1.18675208,-2.61327338,0.255948663,0.962869346,0.0894567221,0.12,-0.0384813929,-0.370190078,-0.486254278,0.0718288612,0.0378218484,0.2,0.734038436,-0.23,0.00118973255,0.0770295477,0.00715653777,0.12,0.370190078,0.0718288612,0.2,0.23,0.0770295477,0.0384813929,-0.486254278,0.0378218484,-0.65,-0.00715653777,-0.00118973255
1004,28770588,2.21814847,-1.25143635,-0.921634316,-0.0306253135,0.43651402,0.508861244,-2.24566031,1.28318822,-3.26342511,-0.316054314,0.845333278,-0.0367489755,0.12,-0.100114908,-0.6,-0.213781391,0.0349211216,0.0407088995,0.2,0.777434701,-0.23,-0.113210863,0.0676266623,-0.00293991804,0.12,0.6,0.0349211216,0.2,0.23,0.0676266623,0.100114908,-0.213781391,0.0407088995,-0.65,0.00293991804,0.113210863
1005,28808232,1.78786838,-1.43564606,-1.4772259,0.554935694,0.153634578,-0.00223249197,-2.08727765,0.843932688,-4.23848391,-1.15515566,0.730261326,-0.0164130554,0.12,-0.114851685,-0.6,0.0497210622,0.0122907662,-0.000178599358,0.2,0.57976971,-0.23,-0.23,0.0584209061,-0.00131304443,0.12,0.6,0.0122907662,0.2,0.23,0.0584209061,0.114851685,0.0497210622,-0.000178599358,-0.57976971,0.00131304443,0.23
1006,28816667,0.909513056,-1.4652909,-1.83195865,1.03607762,0.0878978744,-0.76613605,-1.45396841,-0.329664052,-4.98579884,-1.78381801,0.587841749,0.598959327,0.0727610445,-0.117223272,-0.6,0.2,0.00703182995,-0.061290884,0.2,0.2,-0.23,-0.23,0.0470273399,0.0479167461,0.0727610445,0.6,0.00703182995,0.2,0.23,0.0470273399,0.117223272,0.2,-0.061290884,-0.2,-0.0479167461,0.23
1007,28835052,-0.135962307,-1.46775091,-2.00558925,0.992368519,0.0635304376,-1.48764086,-0.479528844,-1.290694,-4.9732542,-2.15491486,0.398750663,1.18794012,-0.0108769846,-0.117420073,-0.6,0.2,0.00508243501,-0.119011269,0.2,0.2,-0.23,-0.23,0.031900053,0.08,-0.0108769846,0.6,0.00508243501,0.2,0.23,0.031900053,0.117420073,0.2,-0.119011269,-0.2,-0.08,0.23
1008,28856712,-1.01343036,-1.63145471,-2.17195988,0.532774568,-0.0366327539,-2.32020926,0.810429931,-2.10860443,-4.11538506,-2.27459908,0.202828661,1.16957664,-0.0810744286,-0.12,-0.6,0.0397485554,-0.00293062031,-0.12,0.564693469,0.2,-0.23,-0.23,0.0162262928,0.08,-0.0810744286,0.6,-0.00293062031,0.564693469,0.23,0.0162262928,0.12,0.0397485554,-0.12,-0.2,-0.08,0.23
1009,28873545,-1.08749163,-1.50762117,-1.81017244,-0.162531391,-0.0225811563,-2.57713985,1.23390722,-1.98594987,-3.19583941,-2.29690981,0.0101481378,0.688931227,-0.0869993305,-0.12,-0.6,-0.273139126,-0.00180649251,-0.12,0.75525825,0.2,-0.23,-0.23,0.000811851025,0.0551144981,-0.0869993305,0.6,-0.00180649251,0.65,0.23,0.000811851025,0.12,-0.273139126,-0.12,-0.2,-0.0551144981,0.23
1010,28889518,-0.907785535,-1.48146379,-1.29667246,-0.627730191,-0.103160836,-2.0987134,1.21875799,-1.92484236,-2.98218131,-2.14299822,0.0232645404,0.218659461,-0.0726228428,-0.118517103,-0.6,-0.482478586,-0.00825286686,-0.12,0.748441094,0.2,-0.23,-0.23,0.00186116323,0.0174927568,-0.0726228428,0.6,-0.00825286686,0.65,0.23,0.00186116323,0.118517103,-0.482478586,-0.12,-0.2,-0.0174927568,0.23
1011,28909621,-0.692531645,-1.31205273,-0.202117756,-0.661491692,-0.304287702,-1.36523902,0.966074944,-1.94936275,-3.60562801,-2.08149123,-0.0368979871,0.149230659,-0.0554025316,-0.104964218,-0.29095299,-0.497671261,-0.0243430161,-0.109219122,0.634733725,0.2,-0.23,-0.23,-0.00295183897,0.0119384527,-0.0554025316,0.29095299,-0.0243430161,0.634733725,0.23,-0.00295183897,0.104964218,-0.497671261,-0.109219122,-0.2,-0.0119384527,0.23
1012,28936858,-0.764118731,-0.568116009,0.758075178,-0.58548677,-0.32318899,-1.00191498,0.628107011,-1.79192817,-4.42823839,-2.14504361,-0.184359908,0.547931612,-0.0611294985,-0.0454492807,0.14113383,-0.463469046,-0.0258551192,-0.0801531982,0.482648155,0.2,-0.23,-0.23,-0.0147487926,0.0438345289,-0.0611294985,-0.14113383,-0.0258551192,0.482648155,0.23,-0.0147487926,0.0454492807,-0.463469046,-0.0801531982,-0.2,-0.0438345289,0.23
1013,28948641,-0.673719406,0.432526976,1.64555717,-0.848661125,-0.308879316,-0.770204484,-0.130537242,-1.18682051,-5.13627672,-1.7228502,-0.0396309569,0.937425435,-0.0538975525,0.0346021581,0.2,-0.581897506,-0.0247103453,-0.0616163588,0.2,0.2,-0.23,-0.23,-0.00317047656,0.0749940348,-0.0538975525,-0.2,-0.0247103453,0.2,0.23,-0.00317047656,-0.0346021581,-0.581897506,-0.0616163588,-0.2,-0.0749940348,0.23
1014,28980861,-1.1157161,1.87835038,1.92963374,-1.54156387,-0.110254407,-0.484974176,-1.02247977,-0.995065093,-5.49821806,-0.865918219,0.374549866,1.51959956,-0.089257288,0.12,0.2,-0.6,-0.00882035255,-0.0387979341,0.2,0.2,-0.23,-0.223183644,0.0299639893,0.08,-0.089257288,-0.2,-0.00882035255,0.2,0.23,0.0299639893,-0.12,-0.6,-0.0387979341,-0.2,-0.08,0.223183644
1015,28989107,-0.784431517,2.48367119,1.4271965,-1.47741795,0.577575088,-0.2511127,-2.23985839,-0.0322041474,-5.27127266,0.177410498,0.843418062,1.31531179,-0.0627545214,0.12,0.2,-0.6,0.046206007,-0.020089016,0.2,0.2,-0.23,-0.0145179003,0.0674734449,0.08,-0.0627545214,-0.2,0.046206007,0.2,0.23,0.0674734449,-0.12,-0.6,-0.020089016,-0.2,-0.08,0.0145179003
1016,29009206,0.266387105,2.10201311,0.49138841,-1.58592963,1.27329171,0.0700395331,-2.7492013,0.955104887,-4.99690151,0.922151268,0.952495992,0.612088144,0.0213109684,0.12,0.0211247846,-0.6,0.101863337,0.00560316265,0.2,0.629797199,-0.23,0.13,0.0761996794,0.0489670515,0.0213109684,-0.0211247846,0.101863337,0.2,0.23,0.0761996794,-0.12,-0.6,0.00560316265,-0.629797199,-0.0489670515,-0.13
1017,29041670,1.51958871,0.451095819,-0.457328618,-1.60359097,1.09275305,0.25485611,-3.13328552,1.26274896,-4.63424015,0.806336164,1.13684535,0.4537884,0.12,0.0360876656,-0.405797878,-0.6,0.0874202442,0.0203884888,0.2,0.768237031,-0.23,0.111267233,0.08,0.036303072,0.12,0.405797878,0.0874202442,0.2,0.23,0.08,-0.0360876656,-0.6,0.0203884888,-0.65,-0.036303072,-0.111267233
1018,29047512,1.63445187,-0.812857807,-0.652519345,-0.966972351,0.351287961,0.414528728,-3.7627027,1.18218648,-4.82821465,0.125630617,0.938501835,0.0456135198,0.12,-0.0650286245,-0.493633705,-0.6,0.0281030369,0.0331622982,0.2,0.731983918,-0.23,-0.0248738766,0.0750801468,0.00364908159,0.12,0.493633705,0.0281030369,0.2,0.23,0.0750801468,0.0650286245,-0.6,0.0331622982,-0.65,-0.00364908159,0.0248738766
1019,29081720,1.37830746,-0.714171588,-0.269231051,-0.399514794,-0.238534212,0.438480705,-3.85721374,0.703019977,-5.16956854,-0.444276989,0.588884592,-0.307656348,0.110264597,-0.0571337271,-0.321153973,-0.379781657,-0.019082737,0.0350784564,0.2,0.516358989,-0.23,-0.138855398,0.0471107674,-0.0246125078,0.110264597,0.321153973,-0.019082737,0.2,0.23,0.0471107674,0.0571337271,-0.379781657,0.0350784564,-0.516358989,0.0246125078,0.138855398
1020,29087344,1.01346648,-0.786968529,-0.643734276,0.414522439,-0.26464811,0.306317449,-3.58804631,0.71806848,-6.04464436,-0.764537752,0.445618153,-0.22397688,0.0810773182,-0.0629574823,-0.489680424,-0.0134649023,-0.0211718488,0.0245053959,0.2,0.523130816,-0.23,-0.20290755,0.0356494522,-0.0179181504,0.0810773182,0.489680424,-0.0211718488,0.2,0.23,0.0356494522,0.0629574823,-0.0134649023,0.0245053959,-0.523130816,0.0179181504,0.20290755
1021,29108654,0.549852192,-0.851402164,-1.16128135,1.00418794,-0.163218677,-0.192956164,-3.0336678,0.140877217,-6.70781088,-1.44291186,0.355710804,0.0827992558,0.0439881754,-0.0681121731,-0.6,0.2,-0.0130574942,-0.0154364932,0.2,0.263394748,-0.23,-0.23,0.0284568644,0.00662394047,0.0439881754,0.6,-0.0130574942,0.2,0.23,0.0284568644,0.0681121731,0.2,-0.0154364932,-0.263394748,-0.00662394047,0.23
1022,29133481,-0.03542706,-0.883653224,-1.53721642,1.44291067,-0.0948678032,-0.719019055,-2.54738832,-0.572433352,-6.96762419,-2.05806041,0.300938755,0.297582895,-0.0028341648,-0.0706922579,-0.6,0.2,-0.00758942425,-0.0575215244,0.2,0.2,-0.23,-0.23,0.0240751004,0.0238066316,-0.0028341648,0.6,-0.00758942425,0.2,0.23,0.0240751004,0.0706922579,0.2,-0.0575215244,-0.2,-0.0238066316,0.23
1023,29149246,-0.665162206,-1.08048177,-1.71303046,1.70595801,-0.268381923,-1.20359671,-1.76709414,-1.3748616,-6.80476904,-2.28962994,0.229039907,0.747819781,-0.0532129765,-0.0864385414,-0.6,0.2,-0.0214705539,-0.0962877369,0.2,0.2,-0.23,-0.23,0.0183231926,0.0598255825,-0.0532129765,0.6,-0.0214705539,0.2,0.23,0.0183231926,0.0864385414,0.2,-0.0962877369,-0.2,-0.0598255825,0.23
1024,29173919,-1.04670906,-1.09188008,-1.74504435,1.61930323,-0.181688413,-1.75511909,-0.556839406,-1.68437445,-5.89711237,-2.29241085,0.0312703364,0.9232077,-0.0837367249,-0.0873504066,-0.6,0.2,-0.014535073,-0.12,0.2,0.2,-0.23,-0.23,0.00250162691,0.073856616,-0.0837367249,0.6,-0.014535073,0.2,0.23,0.00250162691,0.0873504066,0.2,-0.12,-0.2,-0.073856616,0.23
1025,29189346,-0.950761735,-1.42821002,-1.57377565,0.661450803,-0.0148936296,-2.0646162,0.584504485,-1.80226099,-4.66027975,-2.35283613,-0.202304557,0.398708075,-0.0760609388,-0.114256802,-0.6,0.0976528615,-0.00119149037,-0.12,0.463027018,0.2,-0.23,-0.23,-0.0161843646,0.031896646,-0.0760609388,0.6,-0.00119149037,0.463027018,0.23,-0.0161843646,0.114256802,0.0976528615,-0.12,-0.2,-0.031896646,0.23
1026,29210040,-0.373741835,-1.93649888,-1.09018683,-0.13357617,-0.0960781425,-1.9155767,1.01317596,-1.88438082,-3.84940338,-2.36867332,-0.402065665,-0.808673441,-0.0298993468,-0.12,-0.6,-0.260109276,-0.0076862514,-0.12,0.655929184,0.2,-0.23,-0.23,-0.0321652532,-0.0646938753,-0.0298993468,0.6,-0.0076862514,0.65,0.23,-0.0321652532,0.12,-0.260109276,-0.12,-0.2,0.0646938753,0.23
1027,29230871,0.469113797,-2.25846648,-0.488864481,-0.458526015,-0.411876708,-1.35609639,1.07066154,-1.94783854,-3.77574039,-2.20351768,-0.40364787,-1.61319637,0.0375291038,-0.12,-0.419989017,-0.406336707,-0.0329501367,-0.108487711,0.681797695,0.2,-0.23,-0.23,-0.0322918296,-0.08,0.0375291038,0.419989017,-0.0329501367,0.65,0.23,-0.0322918296,0.12,-0.406336707,-0.108487711,-0.2,0.08,0.23
1028,29249278,1.15710282,-2.34685469,-0.128535897,-0.451002836,-0.89549458,-0.691630006,1.05874956,-1.86797202,-3.98086691,-2.21844935,-0.328809887,-1.75054801,0.0925682259,-0.12,-0.257841153,-0.402951276,-0.0716395664,-0.0553304005,0.6764373,0.2,-0.23,-0.23,-0.026304791,-0.08,0.0925682259,0.257841153,-0.0716395664,0.65,0.23,-0.026304791,0.12,-0.402951276,-0.0553304005,-0.2,0.08,0.23
1029,29270858,1.51867867,-1.81538391,0.433896571,-0.464175642,-1.15191019,-0.157797903,0.736155093,-1.50974894,-4.58207273,-2.26071119,-0.129870921,-1.70885253,0.12,-0.12,-0.00474654287,-0.408879039,-0.0921528149,-0.0126238322,0.531269792,0.2,-0.23,-0.23,-0.0103896737,-0.08,0.12,0.00474654287,-0.0921528149,0.531269792,0.23,-0.0103896737,0.12,-0.408879039,-0.0126238322,-0.2,0.08,0.23
1030,29289241,1.44810903,-1.03735423,1.00688589,-0.565438271,-1.00891745,0.170502931,0.0764719769,-0.901307404,-4.88226938,-2.16381764,0.0012243028,-1.51965499,0.115848722,-0.0829883385,0.2,-0.454447222,-0.0807133961,0.0136402345,0.23441239,0.2,-0.23,-0.23,9.79442243e-05,-0.08,0.115848722,-0.2,-0.0807133961,0.23441239,0.23,9.79442243e-05,0.0829883385,-0.454447222,0.0136402345,-0.2,0.08,0.23
1031,29309846,1.15629041,-0.149968624,1.4026916,-0.726350605,-0.648176908,0.521536887,-0.646968186,-0.444924295,-4.97987509,-1.91654658,0.290336549,-1.11163723,0.092503233,-0.0119974899,0.2,-0.526857772,-0.0518541527,0.0417229509,0.2,0.2,-0.23,-0.23,0.0232269239,-0.08,0.092503233,-0.2,-0.0518541527,0.2,0.23,0.0232269239,0.0119974899,-0.526857772,0.0417229509,-0.2,0.08,0.23
1032,29329189,0.896945179,0.780096114,1.44734073,-0.97196734,-0.122961923,0.566321194,-1.08860207,-0.257200986,-4.71474171,-1.49421835,0.904364467,-0.547565103,0.0717556143,0.0624076891,0.2,-0.6,-0.00983695388,0.0453056955,0.2,0.2,-0.23,-0.23,0.0723491573,-0.0438052082,0.0717556143,-0.2,-0.00983695388,0.2,0.23,0.0723491573,-0.0624076891,-0.6,0.0453056955,-0.2,0.0438052082,0.23
1033,29349557,1.02776706,1.0580312,1.06033969,-1.16231894,0.491015017,0.484014511,-1.31500626,0.120074168,-4.37528515,-0.91635251,1.73000789,-0.0868114084,0.082221365,0.0846424961,0.2,-0.6,0.0392812014,0.0387211609,0.2,0.254033376,-0.23,-0.23,0.08,-0.00694491267,0.082221365,-0.2,0.0392812014,0.2,0.23,0.08,-0.0846424961,-0.6,0.0387211609,-0.254033376,0.00694491267,0.23
1034,29388817,1.64089847,0.232851133,0.565606117,-1.09733999,0.552485883,0.381022662,-1.1685468,0.497124732,-4.29227924,-0.41025725,2.24303365,0.0856885612,0.12,0.0186280906,0.0545227528,-0.6,0.0441988707,0.030481813,0.2,0.423706129,-0.23,-0.13205145,0.08,0.0068550849,0.12,-0.0545227528,0.0441988707,0.2,0.23,0.08,-0.0186280906,-0.6,0.030481813,-0.423706129,-0.0068550849,0.13205145
1035,29397298,2.92818546,1.41365492,-4.35601425,-3.56943178,1.74516857,-1.60366464,-4.12648344,1.41282952,-6.53621626,-1.22773814,2.7441566,1.91127586,0.12,0.113092394,-0.6,-0.6,0.12,-0.12,0.2,0.835773283,-0.23,-0.23,0.08,0.08,0.12,0.6,0.12,0.2,0.23,0.08,-0.113092394,-0.6,-0.12,-0.65,-0.08,0.23
1036,29413826,3.77005339,0.993808568,-8.68911362,-4.89546156,4.19707155,-3.92157984,-5.77824497,3.05571008,-9.10464954,-1.96910536,3.44774508,2.45161915,0.12,0.0795046854,-0.6,-0.6,0.12,-0.12,0.2,1.05,-0.23,-0.23,0.08,0.08,0.12,0.6,0.12,0.2,0.23,0.08,-0.0795046854,-0.6,-0.12,-0.65,-0.08,0.23
1037,29441783,3.76463485,-0.37324816,-11.3666086,-5.36042118,4.97514343,-5.63774204,-6.88276577,4.47984982,-11.4650507,-2.25860572,4.15738821,3.39475083,0.12,-0.0298598528,-0.6,-0.6,0.12,-0.12,0.2,1.05,-0.23,-0.23,0.08,0.08,0.12,0.6,0.12,0.2,0.23,0.08,0.0298598528,-0.6,-0.12,-0.65,-0.08,0.23
1038,29451949,2.30621076,-1.77156305,-12.2781687,-4.76091862,4.15100098,-6.23127079,-6.93063736,4.81103897,-12.8354721,-2.1002059,3.64481568,4.14836836,0.12,-0.12,-0.6,-0.6,0.12,-0.12,0.2,1.05,-0.23,-0.23,0.08,0.08,0.12,0.6,0.12,0.2,0.23,0.08,0.12,-0.6,-0.12,-0.65,-0.08,0.23
1039,29481792,-0.0397121496,-2.21133494,-11.2945633,-3.16726494,3.2488029,-6.73596478,-7.16545057,4.23203087,-13.9339857,-0.774850965,2.10986161,4.4762392,-0.00317697197,-0.12,-0.6,-0.6,0.12,-0.12,0.2,1.05,-0.23,-0.204970193,0.08,0.08,-0.00317697197,0.6,0.12,0.2,0.23,0.08,0.12,-0.6,-0.12,-0.65,-0.08,0.204970193
1040,29491447,-1.5726521,-1.98221564,-11.0475111,-2.812536,2.42502022,-6.89327574,-6.16983366,2.49441481,-14.4307318,-1.11404121,1.34495842,4.95648289,-0.12,-0.12,-0.6,-0.6,0.12,-0.12,0.2,1.05,-0.23,-0.23,0.08,0.08,-0.12,0.6,0.12,0.2,0.23,0.08,0.12,-0.6,-0.12,-0.65,-0.08,0.23
1041,29523320,-3.01380873,-1.10662413,-10.7372007,-3.12126279,1.78664136,-7.19105721,-4.81279087,1.06875658,-15.1701136,-1.50031745,1.16550708,5.99114418,-0.12,-0.0885299301,-0.6,-0.6,0.12,-0.12,0.2,0.680940461,-0.23,-0.23,0.08,0.08,-0.12,0.6,0.12,0.2,0.23,0.08,0.0885299301,-0.6,-0.12,-0.65,-0.08,0.23
1042,29531583,-4.4354105,0.0403862521,-10.2800016,-3.59024858,1.27319968,-7.8875823,-3.71042228,0.142240822,-16.1100197,-1.51344597,1.24395287,7.58573151,-0.12,0.00323090017,-0.6,-0.6,0.101855974,-0.12,0.2,0.26400837,-0.23,-0.23,0.08,0.08,-0.12,0.6,0.101855974,0.2,0.23,0.08,-0.00323090017,-0.6,-0.12,-0.26400837,-0.08,0.23
1043,29561512,-5.71453714,1.25992215,-9.67310143,-4.12006187,0.950193882,-8.89462948,-3.06731653,-0.233878121,-17.1184311,-0.919220626,1.30950129,9.19179535,-0.12,0.100793772,-0.6,-0.6,0.0760155106,-0.12,0.2,0.2,-0.23,-0.23,0.08,0.08,-0.12,0.6,0.0760155106,0.2,0.23,0.08,-0.100793772,-0.6,-0.12,-0.2,-0.08,0.23
1044,29571663,-6.61125755,2.3566258,-9.25118542,-4.48413897,0.838401318,-9.93699741,-3.00729132,-0.153265983,-18.1793671,-0.103533179,1.29807174,10.4193087,-0.12,0.12,-0.6,-0.6,0.0670721054,-0.12,0.2,0.2,-0.23,-0.0707066357,0.08,0.08,-0.12,0.6,0.0670721054,0.2,0.23,0.08,-0.12,-0.6,-0.12,-0.2,-0.08,0.0707066357
1045,29594224,-7.23874426,3.11883807,-9.16830063,-4.64009523,0.905281901,-10.6807451,-3.57422996,0.203860059,-19.336113,0.663519323,1.1428448,10.9388208,-0.12,0.12,-0.6,-0.6,0.0724225521,-0.12,0.2,0.291737027,-0.23,0.0827038646,0.08,0.08,-0.12,0.6,0.0724225521,0.2,0.23,0.08,-0.12,-0.6,-0.12,-0.291737027,-0.08,-0.0827038646
1046,29615616,-7.49532795,3.31987166,-9.44677639,-4.54756308,1.10157454,-11.0488815,-4.53756666,0.802958429,-20.2482338,1.21944213,0.895674109,10.877511,-0.12,0.12,-0.6,-0.6,0.0881259632,-0.12,0.2,0.561331293,-0.23,0.13,0.0716539288,0.08,-0.12,0.6,0.0881259632,0.2,0.23,0.0716539288,-0.12,-0.6,-0.12,-0.561331293,-0.08,-0.13
1047,29632541,-7.45811272,2.94905686,-9.94459915,-4.27017498,1.46627045,-11.1569643,-5.65682888,1.52756035,-20.6036167,1.5405587,0.623074293,10.4551115,-0.12,0.12,-0.6,-0.6,0.117301636,-0.12,0.2,0.887402159,-0.23,0.13,0.0498459435,0.08,-0.12,0.6,0.117301636,0.2,0.23,0.0498459435,-0.12,-0.6,-0.12,-0.65,-0.08,-0.13
1048,29657404,-7.23728418,2.13339233,-10.5133734,-3.87367082,1.91033638,-11.0905933,-6.64462805,2.19622803,-20.3588238,1.61049998,0.368014961,9.89249516,-0.12,0.12,-0.6,-0.6,0.12,-0.12,0.2,1.05,-0.23,0.13,0.0294411969,0.08,-0.12,0.6,0.12,0.2,0.23,0.0294411969,-0.12,-0.6,-0.12,-0.65,-0.08,-0.13
1049,29673326,-6.91578341,1.16799939,-11.0302591,-3.47664857,2.19846177,-10.9218836,-7.28075552,2.61411762,-19.8031292,1.39061272,0.157629177,9.40423298,-0.12,0.0934399509,-0.6,-0.6,0.12,-0.12,0.2,1.05,-0.23,0.13,0.0126103342,0.08,-0.12,0.6,0.12,0.2,0.23,0.0126103342,-0.0934399509,-0.6,-0.12,-0.65,-0.08,-0.13
1050,29695689,-6.68511105,0.354550421,-11.2743177,-3.1002388,2.24902225,-10.6545467,-7.47188807,2.6825397,-19.190136,1.02917933,-0.0438294113,8.99139023,-0.12,0.0283640337,-0.6,-0.6,0.12,-0.12,0.2,1.05,-0.23,0.13,-0.0035063529,0.08,-0.12,0.6,0.12,0.2,0.23,-0.0035063529,-0.0283640337,-0.6,-0.12,-0.65,-0.08,-0.13
1051,29712094,-6.57147551,-0.0889507607,-11.3260708,-2.90355301,2.14632821,-10.4044466,-7.21772385,2.41318727,-18.6192493,0.606182218,-0.153855592,8.81227016,-0.12,-0.00711606085,-0.6,-0.6,0.12,-0.12,0.2,1.05,-0.23,0.0712364435,-0.0123084474,0.08,-0.12,0.6,0.12,0.2,0.23,-0.0123084474,0.00711606085,-0.6,-0.12,-0.65,-0.08,-0.0712364435
1052,29732608,-6.64933062,-0.160012022,-11.2210531,-2.92616439,1.95790052,-10.2685652,-6.64279509,1.94696462,-18.2264309,0.222232491,-0.160216734,8.90145588,-0.12,-0.0128009617,-0.6,-0.6,0.12,-0.12,0.2,1.05,-0.23,-0.00555350184,-0.0128173387,0.08,-0.12,0.6,0.12,0.2,0.23,-0.0128173387,0.0128009617,-0.6,-0.12,-0.65,-0.08,0.00555350184
1053,29752316,-6.94153357,0.0704000369,-11.0047674,-3.08239746,1.73789787,-10.2600489,-5.89845467,1.41041684,-18.0916519,-0.0314239152,-0.089298144,9.2290144,-0.12,0.00563200295,-0.6,-0.6,0.12,-0.12,0.2,0.834687579,-0.23,-0.056284783,-0.00714385152,0.08,-0.12,0.6,0.12,0.2,0.23,-0.00714385152,-0.00563200295,-0.6,-0.12,-0.65,-0.08,0.056284783
1054,29771719,-7.31601095,0.552111506,-10.7015572,-3.33192563,1.53207624,-10.4156027,-5.18263865,0.937886238,-18.2112274,-0.0937285051,0.0211408772,9.73624229,-0.12,0.0441689205,-0.6,-0.6,0.12,-0.12,0.2,0.622048807,-0.23,-0.068745701,0.00169127017,0.08,-0.12,0.6,0.12,0.2,0.23,0.00169127017,-0.0441689205,-0.6,-0.12,-0.622048807,-0.08,0.068745701
1055,29793400,-7.71234703,1.20474446,-10.3668957,-3.61130762,1.39795458,-10.6676378,-4.6299696,0.603540123,-18.5104847,0.0592903271,0.129441738,10.2975674,-0.12,0.0963795567,-0.6,-0.6,0.111836367,-0.12,0.2,0.471593055,-0.23,-0.0381419346,0.0103553391,0.08,-0.12,0.6,0.111836367,0.2,0.23,0.0103553391,-0.0963795567,-0.6,-0.12,-0.471593055,-0.08,0.0381419346
1056,29812976,-8.06426716,1.86070383,-10.0914583,-3.84884405,1.35598016,-10.9319515,-4.36368179,0.457000643,-18.9322262,0.370406568,0.19255805,10.7607059,-0.12,0.12,-0.6,-0.6,0.108478413,-0.12,0.2,0.405650289,-0.23,0.0240813136,0.015404644,0.08,-0.12,0.6,0.108478413,0.2,0.23,0.015404644,-0.12,-0.6,-0.12,-0.405650289,-0.08,-0.0240813136
1057,29835341,-8.30906868,2.39795113,-9.94562721,-4.02204895,1.38744879,-11.1441488,-4.41474104,0.498919368,-19.4008484,0.727361679,0.201540351,11.0297489,-0.12,0.12,-0.6,-0.6,0.110995903,-0.12,0.2,0.424513716,-0.23,0.0954723358,0.0161232281,0.08,-0.12,0.6,0.110995903,0.2,0.23,0.0161232281,-0.12,-0.6,-0.12,-0.424513716,-0.08,-0.0954723358
1058,29854321,-8.40297604,2.70668554,-9.95248604,-4.09590101,1.47451687,-11.2860575,-4.71685076,0.714965403,-19.8032207,1.04629016,0.175752714,11.0787191,-0.12,0.12,-0.6,-0.6,0.117961349,-0.12,0.2,0.521734431,-0.23,0.13,0.0140602171,0.08,-0.12,0.6,0.117961349,0.2,0.23,0.0140602171,-0.12,-0.6,-0.12,-0.521734431,-0.08,-0.13
1059,29871639,-8.35562325,2.71399522,-10.0883636,-4.05544329,1.61094153,-11.3449478,-5.17155838,1.04209268,-20.0383816,1.27251208,0.120300733,10.9307308,-0.12,0.12,-0.6,-0.6,0.12,-0.12,0.2,0.668941706,-0.23,0.13,0.0096240586,0.08,-0.12,0.6,0.12,0.2,0.23,0.0096240586,-0.12,-0.6,-0.12,-0.65,-0.08,-0.13
1060,29889433,-8.20634079,2.44669223,-10.3089037,-3.92265129,1.77482009,-11.3218412,-5.65206337,1.3823812,-20.0542088,1.37655663,0.0441900417,10.661171,-0.12,0.12,-0.6,-0.6,0.12,-0.12,0.2,0.82207154,-0.23,0.13,0.00353520334,0.08,-0.12,0.6,0.12,0.2,0.23,0.00353520334,-0.12,-0.6,-0.12,-0.65,-0.08,-0.13
1061,29909886,-7.99694347,2.0117147,-10.5508633,-3.74035811,1.91095436,-11.2396259,-6.05028152,1.65797853,-19.8910789,1.35067856,-0.0318064354,10.3631153,-0.12,0.12,-0.6,-0.6,0.12,-0.12,0.2,0.946090341,-0.23,0.13,-0.00254451483,0.08,-0.12,0.6,0.12,0.2,0.23,-0.00254451483,-0.12,-0.6,-0.12,-0.65,-0.08,-0.13
1062,29931207,-7.77908325,1.53419554,-10.7524757,-3.56309986,1.97361898,-11.1265535,-6.28692436,1.80786741,-19.627615,1.21689224,-0.088886112,10.1122389,-0.12,0.12,-0.6,-0.6,0.12,-0.12,0.2,1.01354033,-0.23,0.13,-0.00711088896,0.08,-0.12,0.6,0.12,0.2,0.23,-0.00711088896,-0.12,-0.6,-0.12,-0.65,-0.08,-0.13
1063,29950832,-7.61279631,1.1305846,-10.8739834,-3.4336822,1.9576304,-11.0150013,-6.31797171,1.80821931,-19.3360329,1.02175522,-0.116110526,9.95998478,-0.12,0.0904467678,-0.6,-0.6,0.12,-0.12,0.2,1.01369869,-0.23,0.13,-0.00928884208,0.08,-0.12,0.6,0.12,0.2,0.23,-0.00928884208,-0.0904467678,-0.6,-0.12,-0.65,-0.08,-0.13
1064,29978821,-7.54504824,0.889397681,-10.8960114,-3.36878228,1.88146818,-10.929019,-6.15254688,1.67604506,-19.084383,0.818881571,-0.112157524,9.92807198,-0.12,0.0711518145,-0.6,-0.6,0.12,-0.12,0.2,0.954220277,-0.23,0.113776314,-0.00897260189,0.08,-0.12,0.6,0.12,0.2,0.23,-0.00897260189,-0.0711518145,-0.6,-0.12,-0.65,-0.08,-0.113776314
1065,29988549,-7.58603477,0.843623161,-10.8324146,-3.37456489,1.7750566,-10.8850918,-5.85295868,1.45703554,-18.9252853,0.658139229,-0.0819672719,10.0151758,-0.12,0.0674898529,-0.6,-0.6,0.12,-0.12,0.2,0.855665994,-0.23,0.0816278458,-0.00655738175,0.08,-0.12,0.6,0.12,0.2,0.23,-0.00655738175,-0.0674898529,-0.6,-0.12,-0.65,-0.08,-0.0816278458
1066,30009426,-7.71464014,0.972511709,-10.7107267,-3.44069147,1.6671046,-10.8942995,-5.50551653,1.21187818,-18.8810482,0.575011134,-0.0362170711,10.1945705,-0.12,0.0778009367,-0.6,-0.6,0.12,-0.12,0.2,0.745345181,-0.23,0.0650022268,-0.00289736569,0.08,-0.12,0.6,0.12,0.2,0.23,-0.00289736569,-0.0778009367,-0.6,-0.12,-0.65,-0.08,-0.0650022268
1067,30030897,-7.89188004,1.22631001,-10.5607214,-3.54257369,1.57966518,-10.9517365,-5.19169903,0.998688519,-18.9451733,0.585659504,0.0127330925,10.4241619,-0.12,0.0981048012,-0.6,-0.6,0.12,-0.12,0.2,0.649409834,-0.23,0.0671319008,0.0010186474,0.08,-0.12,0.6,0.12,0.2,0.23,0.0010186474,-0.0981048012,-0.6,-0.12,-0.649409834,-0.08,-0.0671319008
1068,30050248,-8.07239437,1.534495,-10.417696,-3.65657353,1.527596,-11.0439529,-4.97711754,0.860551655,-19.0926952,0.681485653,0.0533930808,10.652215,-0.12,0.12,-0.6,-0.6,0.12,-0.12,0.2,0.587248245,-0.23,0.0862971306,0.00427144647,0.08,-0.12,0.6,0.12,0.2,0.23,0.00427144647,-0.12,-0.6,-0.12,-0.587248245,-0.08,-0.0862971306
1069,30069449,-8.22112846,1.81369662,-10.3134508,-3.75179982,1.5120759,-11.147646,-4.90123701,0.819097042,-19.2890701,0.835768521,0.0770394355,10.8229485,-0.12,0.12,-0.6,-0.6,0.12,-0.12,0.2,0.568593669,-0.23,0.117153704,0.00616315484,0.08,-0.12,0.6,0.12,0.2,0.23,0.00616315484,-0.12,-0.6,-0.12,-0.568593669,-0.08,-0.117153704
1070,30090553,-8.30881691,2.00471544,-10.2697096,-3.80975938,1.5282582,-11.235527,-4.96333838,0.872266948,-19.4879417,1.00599635,0.0828263536,10.9040489,-0.12,0.12,-0.6,-0.6,0.12,-0.12,0.2,0.592520127,-0.23,0.13,0.00662610829,0.08,-0.12,0.6,0.12,0.2,0.23,0.00662610829,-0.12,-0.6,-0.12,-0.592520127,-0.08,-0.13
1071,30108188,-8.32516956,2.07176495,-10.2909632,-3.81670308,1.57006264,-11.2910881,-5.13477468,1.00048673,-19.6440773,1.15377593,0.0719882101,10.8878593,-0.12,0.12,-0.6,-0.6,0.12,-0.12,0.2,0.650219029,-0.23,0.13,0.00575905681,0.08,-0.12,0.6,0.12,0.2,0.23,0.00575905681,-0.12,-0.6,-0.12,-0.65,-0.08,-0.13
1072,30131060,-8.27638435,2.00657415,-10.3680906,-3.77419162,1.62853706,-11.3093128,-5.36948252,1.16821957,-19.7255955,1.25213671,0.0473553762,10.7862463,-0.12,0.12,-0.6,-0.6,0.12,-0.12,0.2,0.725698805,-0.23,0.13,0.00378843009,0.08,-0.12,0.6,0.12,0.2,0.23,0.00378843009,-0.12,-0.6,-0.12,-0.65,-0.08,-0.13
1073,30149864,-8.17634964,1.83595514,-10.4754429,-3.69585943,1.68782794,-11.2912073,-5.61866999,1.34053326,-19.7249126,1.28846967,0.0141664399,10.626708,-0.12,0.12,-0.6,-0.6,0.12,-0.12,0.2,0.803239965,-0.23,0.13,0.00113331519,0.08,-0.12,0.6,0.12,0.2,0.23,0.00113331519,-0.12,-0.6,-0.12,-0.65,-0.08,-0.13
1074,30170579,-8.04903984,1.60084021,-10.5876503,-3.60281253,1.73406661,-11.2440443,-5.83427382,1.48227501,-19.6513844,1.26309633,-0.0216326676,10.4451027,-0.12,0.12,-0.6,-0.6,0.12,-0.12,0.2,0.867023754,-0.23,0.13,-0.00173061341,0.08,-0.12,0.6,0.12,0.2,0.23,-0.00173061341,-0.12,-0.6,-0.12,-0.65,-0.08,-0.13
1075,30189630,-7.9193387,1.35040283,-10.6826801,-3.51446342,1.75631678,-11.1820402,-5.98047304,1.57153177,-19.5296478,1.18817353,-0.0508485436,10.2775688,-0.12,0.108032227,-0.6,-0.6,0.12,-0.12,0.2,0.907189298,-0.23,0.13,-0.00406788349,0.08,-0.12,0.6,0.12,0.2,0.23,-0.00406788349,-0.108032227,-0.6,-0.12,-0.65,-0.08,-0.13
1076,30218742,-7.81278372,1.13129508,-10.748641,-3.44142485,1.75089335,-11.1191759,-6.03105307,1.59563637,-19.3859615,1.08205295,-0.0655953363,10.1595316,-0.12,0.0905036068,-0.6,-0.6,0.12,-0.12,0.2,0.918036366,-0.23,0.13,-0.0052476269,0.08,-0.12,0.6,0.12,0.2,0.23,-0.0052476269,-0.0905036068,-0.6,-0.12,-0.65,-0.08,-0.13
1077,30229162,-7.74918032,0.985292852,-10.7720118,-3.40225387,1.72112501,-11.0661583,-5.98293495,1.55540085,-19.2513866,0.969533086,-0.0633549541,10.1099243,-0.12,0.0788234282,-0.6,-0.6,0.12,-0.12,0.2,0.899930382,-0.23,0.13,-0.00506839633,0.08,-0.12,0.6,0.12,0.2,0.23,-0.00506839633,-0.0788234282,-0.6,-0.12,-0.65,-0.08,-0.13
1078,30250479,-7.73732281,0.934277177,-10.7512016,-3.40184832,1.67664218,-11.0314674,-5.85793209,1.4673419,-19.1536903,0.874354482,-0.0466377437,10.1278515,-0.12,0.0747421741,-0.6,-0.6,0.12,-0.12,0.2,0.860303855,-0.23,0.124870896,-0.0037310195,0.08,-0.12,0.6,0.12,0.2,0.23,-0.0037310195,-0.0747421741,-0.6,-0.12,-0.65,-0.08,-0.124870896
1079,30273206,-7.77108526,0.977372944,-10.6965475,-3.43973327,1.6298548,-11.0212517,-5.69247007,1.3568188,-19.1081886,0.813458502,-0.0195762143,10.2017231,-0.12,0.0781898355,-0.6,-0.6,0.12,-0.12,0.2,0.810568458,-0.23,0.1126917,-0.00156609714,0.08,-0.12,0.6,0.12,0.2,0.23,-0.00156609714,-0.0781898355,-0.6,-0.12,-0.65,-0.08,-0.1126917
1080,30294399,-7.83880997,1.0926609,-10.6251478,-3.50036573,1.591097,-11.0363111,-5.52425337,1.24928951,-19.1159,0.795114577,0.011545972,10.3126535,-0.12,0.0874128723,-0.6,-0.6,0.12,-0.12,0.2,0.762180281,-0.23,0.109022915,0.000923677757,0.08,-0.12,0.6,0.12,0.2,0.23,0.000923677757,-0.0874128723,-0.6,-0.12,-0.65,-0.08,-0.109022915
1081,30309350,-7.92508316,1.24904025,-10.5530863,-3.56707048,1.56679451,-11.0714684,-5.38610649,1.16431117,-19.1678162,0.81779772,0.0388208739,10.4344978,-0.12,0.0999232197,-0.6,-0.6,0.12,-0.12,0.2,0.723940027,-0.23,0.113559544,0.00310566992,0.08,-0.12,0.6,0.12,0.2,0.23,0.00310566992,-0.0999232197,-0.6,-0.12,-0.65,-0.08,-0.113559544
1082,30330972,-8.01026249,1.41247106,-10.4927101,-3.62666845,1.55953252,-11.1155014,-5.30085135,1.11621797,-19.247242,0.873773158,0.0569409356,10.5419197,-0.12,0.112997684,-0.6,-0.6,0.12,-0.12,0.2,0.702298087,-0.23,0.124754632,0.00455527484,0.08,-0.12,0.6,0.12,0.2,0.23,0.00455527484,-0.112997684,-0.6,-0.12,-0.65,-0.08,-0.124754632
1083,30348741,-8.07705212,1.54921401,-10.4555521,-3.67047095,1.56877506,-11.1582117,-5.27855444,1.10982764,-19.3354721,0.947769821,0.0645397305,10.6158333,-0.12,0.12,-0.6,-0.6,0.12,-0.12,0.2,0.699422437,-0.23,0.13,0.00516317844,0.08,-0.12,0.6,0.12,0.2,0.23,0.00516317844,-0.12,-0.6,-0.12,-0.65,-0.08,-0.13
1084,30370297,-8.11416721,1.63525569,-10.446928,-3.6928544,1.59016979,-11.1914988,-5.3138504,1.1410358,-19.4140358,1.02238691,0.0629508123,10.6479263,-0.12,0.12,-0.6,-0.6,0.12,-0.12,0.2,0.713466108,-0.23,0.13,0.00503606498,0.08,-0.12,0.6,0.12,0.2,0.23,0.00503606498,-0.12,-0.6,-0.12,-0.65,-0.08,-0.13
1085,30390857,-8.11843681,1.66227686,-10.4640579,-3.69395995,1.61901784,-11.2102385,-5.39213276,1.19950092,-19.4689064,1.08261096,0.0541170463,10.6371613,-0.12,0.12,-0.6,-0.6,0.12,-0.12,0.2,0.739775413,-0.23,0.13,0.0043293637,0.08,-0.12,0.6,0.12,0.2,0.23,0.0043293637,-0.12,-0.6,-0.12,-0.65,-0.08,-0.13
1086,30426660,-8.09399605,1.63380349,-10.5019321,-3.6783793,1.65019786,-11.2136545,-5.49097633,1.2689693,-19.4911156,1.11710095,0.0411334671,10.5931129,-0.12,0.12,-0.6,-0.6,0.12,-0.12,0.2,0.771036184,-0.23,0.13,0.00329067737,0.08,-0.12,0.6,0.12,0.2,0.23,0.00329067737,-0.12,-0.6,-0.12,-0.65,-0.08,-0.13
1087,30434445,-8.05008793,1.56276071,-10.5507326,-3.65198445,1.67753816,-11.2044611,-5.58713961,1.33429134,-19.4797077,1.12210524,0.027852932,10.5302315,-0.12,0.12,-0.6,-0.6,0.12,-0.12,0.2,0.800431103,-0.23,0.13,0.00222823456,0.08,-0.12,0.6,0.12,0.2,0.23,0.00222823456,-0.12,-0.6,-0.12,-0.65,-0.08,-0.13
1088,30448823,-8.00012398,1.47002387,-10.5972977,-3.61933255,1.69513428,-11.1861219,-5.66066217,1.38253629,-19.4410267,1.1014272,0.0158589724,10.4634657,-0.12,0.11760191,-0.6,-0.6,0.12,-0.12,0.2,0.822141331,-0.23,0.13,0.0012687178,0.08,-0.12,0.6,0.12,0.2,0.23,0.0012687178,-0.11760191,-0.6,-0.12,-0.65,-0.08,-0.13
1089,30475427,-7.95626402,1.3796134,-10.6322527,-3.5872035,1.70060265,-11.1635532,-5.6985116,1.40530884,-19.3859367,1.06273842,0.00645011943,10.4072475,-0.12,0.110369072,-0.6,-0.6,0.12,-0.12,0.2,0.832388979,-0.23,0.13,0.000516009554,0.08,-0.12,0.6,0.12,0.2,0.23,0.000516009554,-0.110369072,-0.6,-0.12,-0.65,-0.08,-0.13
1090,30488069,-7.92633915,1.31177509,-10.6483669,-3.56218839,1.69504333,-11.1405725,-5.69948387,1.40254855,-19.3288212,1.01778233,0.000374240626,10.3702927,-0.12,0.104942007,-0.6,-0.6,0.12,-0.12,0.2,0.831146848,-0.23,0.13,2.99392501e-05,0.08,-0.12,0.6,0.12,0.2,0.23,2.99392501e-05,-0.104942007,-0.6,-0.12,-0.65,-0.08,-0.13
1091,30510337,-7.91512871,1.27717316,-10.6473112,-3.54820967,1.68190849,-11.1210995,-5.66661501,1.37663424,-19.2805119,0.975150406,-0.00162372598,10.3592844,-0.12,0.102173853,-0.6,-0.6,0.12,-0.12,0.2,0.819485408,-0.23,0.13,-0.000129898079,0.08,-0.12,0.6,0.12,0.2,0.23,-0.000129898079,-0.102173853,-0.6,-0.12,-0.65,-0.08,-0.13
1092,30532233,-7.92480135,1.27837849,-10.632638,-3.54491782,1.66412413,-11.1090307,-5.60597944,1.33277953,-19.2469063,0.942316115,0.000637474353,10.3777103,-0.12,0.102270279,-0.6,-0.6,0.12,-0.12,0.2,0.799750787,-0.23,0.13,5.09979483e-05,0.08,-0.12,0.6,0.12,0.2,0.23,5.09979483e-05,-0.102270279,-0.6,-0.12,-0.65,-0.08,-0.13
1093,30549149,-7.95254469,1.31506646,-10.6055374,-3.55684114,1.64548469,-11.1063461,-5.52848244,1.27927291,-19.2321262,0.925604761,0.00677009998,10.4219885,-0.12,0.105205317,-0.6,-0.6,0.12,-0.12,0.2,0.775672811,-0.23,0.13,0.000541607998,0.08,-0.12,0.6,0.12,0.2,0.23,0.000541607998,-0.105205317,-0.6,-0.12,-0.65,-0.08,-0.13
1094,30570158,-7.99434137,1.37876427,-10.5715933,-3.57942915,1.62960875,-11.1149931,-5.44952631,1.2254225,-19.2390079,0.9272753,0.0141797923,10.4814196,-0.12,0.110301142,-0.6,-0.6,0.12,-0.12,0.2,0.751440126,-0.23,0.13,0.00113438338,0.08,-0.12,0.6,0.12,0.2,0.23,0.00113438338,-0.110301142,-0.6,-0.12,-0.65,-0.08,-0.13
1095,30588902,-8.04147243,1.45775008,-10.5347099,-3.60714364,1.6191535,-11.1326981,-5.38758993,1.18415034,-19.2675285,0.947856545,0.0200039018,10.5403585,-0.12,0.116620007,-0.6,-0.6,0.12,-0.12,0.2,0.732867652,-0.23,0.13,0.00160031214,0.08,-0.12,0.6,0.12,0.2,0.23,0.00160031214,-0.116620007,-0.6,-0.12,-0.65,-0.08,-0.13
1096,30614526,-8.08394432,1.53580534,-10.5032549,-3.63385987,1.61654854,-11.1557913,-5.35846138,1.16439378,-19.3134918,0.982678354,0.0220236443,10.5832872,-0.12,0.12,-0.6,-0.6,0.12,-0.12,0.2,0.723977202,-0.23,0.13,0.00176189154,0.08,-0.12,0.6,0.12,0.2,0.23,0.00176189154,-0.12,-0.6,-0.12,-0.65,-0.08,-0.13
1097,30627338,-8.1126585,1.59713948,-10.4836693,-3.65330982,1.62258816,-11.1771631,-5.36714792,1.17055964,-19.3656654,1.02395475,0.0192877725,10.6021299,-0.12,0.12,-0.6,-0.6,0.12,-0.12,0.2,0.72675184,-0.23,0.13,0.0015430218,0.08,-0.12,0.6,0.12,0.2,0.23,0.0015430218,-0.12,-0.6,-0.12,-0.65,-0.08,-0.13
1098,30652468,-8.12192154,1.62990117,-10.4800777,-3.66145992,1.63667476,-11.1910295,-5.40951014,1.2002511,-19.4110069,1.06237423,0.0122693432,10.5940409,-0.12,0.12,-0.6,-0.6,0.12,-0.12,0.2,0.740112996,-0.23,0.13,0.00098154746,0.08,-0.12,0.6,0.12,0.2,0.23,0.00098154746,-0.12,-0.6,-0.12,-0.65,-0.08,-0.13
1099,30667699,-8.11169434,1.63009834,-10.492795,-3.65880656,1.65580249,-11.1944733,-5.4702692,1.24294591,-19.4374657,1.08884895,0.0025055469,10.5658102,-0.12,0.12,-0.6,-0.6,0.12,-0.12,0.2,0.759325659,-0.23,0.13,0.000200443752,0.08,-0.12,0.6,0.12,0.2,0.23,0.000200443752,-0.12,-0.6,-0.12,-0.65,-0.08,-0.13
1100,30690930,-8.08517361,1.60007095,-10.5170078,-3.64712119,1.67624342,-11.1884098,-5.53648233,1.28908193,-19.441431,1.09872949,-0.00743410224,10.5235462,-0.12,0.12,-0.6,-0.6,0.12,-0.12,0.2,0.780086869,-0.23,0.13,-0.000594728179,0.08,-0.12,0.6,0.12,0.2,0.23,-0.000594728179,-0.12,-0.6,-0.12,-0.65,-0.08,-0.13
1101,30710181,-8.05027771,1.54939246,-10.5451097,-3.6301899,1.69321918,-11.1749249,-5.59354258,1.32741463,-19.424696,1.09095848,-0.0166551527,10.4759502,-0.12,0.12,-0.6,-0.6,0.12,-0.12,0.2,0.797336584,-0.23,0.13,-0.00133241221,0.08,-0.12,0.6,0.12,0.2,0.23,-0.00133241221,-0.12,-0.6,-0.12,-0.65,-0.08,-0.13
1102,30730279,-8.01423168,1.49135184,-10.5698042,-3.61286855,1.70376909,-11.1574526,-5.63243055,1.35222459,-19.3940182,1.0693934,-0.0234890524,10.4314957,-0.12,0.119308147,-0.6,-0.6,0.12,-0.12,0.2,0.808501065,-0.23,0.13,-0.00187912419,0.08,-0.12,0.6,0.12,0.2,0.23,-0.00187912419,-0.119308147,-0.6,-0.12,-0.65,-0.08,-0.13
1103,30751548,-7.98402166,1.43861938,-10.58675,-3.59780288,1.70688295,-11.1398993,-5.64902401,1.36089814,-19.3579502,1.03934419,-0.0270917248,10.395957,-0.12,0.11508955,-0.6,-0.6,0.12,-0.12,0.2,0.812404162,-0.23,0.13,-0.00216733798,0.08,-0.12,0.6,0.12,0.2,0.23,-0.00216733798,-0.11508955,-0.6,-0.12,-0.65,-0.08,-0.13
1104,30773125,-7.96296787,1.40044427,-10.5944786,-3.58822012,1.70294833,-11.1252108,-5.64370346,1.35406685,-19.324295,1.00726771,-0.0265850406,10.3753271,-0.12,0.112035542,-0.6,-0.6,0.12,-0.12,0.2,0.809330082,-0.23,0.13,-0.00212680325,0.08,-0.12,0.6,0.12,0.2,0.23,-0.00212680325,-0.112035542,-0.6,-0.12,-0.65,-0.08,-0.13
1105,30789707,-7.95253468,1.38178241,-10.592454,-3.58531785,1.69428372,-11.115818,-5.62316036,1.33717203,-19.3002758,0.979278564,-0.0221072957,10.3688631,-0.12,0.110542593,-0.6,-0.6,0.12,-0.12,0.2,0.801727414,-0.23,0.13,-0.00176858366,0.08,-0.12,0.6,0.12,0.2,0.23,-0.00176858366,-0.110542593,-0.6,-0.12,-0.65,-0.08,-0.13
1106,30811258,-7.95073748,1.38185883,-10.5842419,-3.59005451,1.68408775,-11.1129208,-5.59610224,1.31617916,-19.289484,0.958992958,-0.0142982909,10.3739033,-0.12,0.110548706,-0.6,-0.6,0.12,-0.12,0.2,0.79228062,-0.23,0.13,-0.00114386328,0.08,-0.12,0.6,0.12,0.2,0.23,-0.00114386328,-0.110548706,-0.6,-0.12,-0.65,-0.08,-0.13
1107,30829528,-7.95357418,1.39461362,-10.5739079,-3.60001969,1.67508757,-11.1162643,-5.57218504,1.29875541,-19.2921467,0.948161244,-0.00411206996,10.3851929,-0.12,0.11156909,-0.6,-0.6,0.12,-0.12,0.2,0.784439933,-0.23,0.13,-0.000328965597,0.08,-0.12,0.6,0.12,0.2,0.23,-0.000328965597,-0.11156909,-0.6,-0.12,-0.65,-0.08,-0.13
1108,30854718,-7.95800781,1.41225648,-10.5649881,-3.61055279,1.66889203,-11.1238937,-5.55834103,1.28966117,-19.3049927,0.946191132,0.0063031083,10.39606,-0.12,0.112980518,-0.6,-0.6,0.12,-0.12,0.2,0.780347526,-0.23,0.13,0.000504248664,0.08,-0.12,0.6,0.12,0.2,0.23,0.000504248664,-0.112980518,-0.6,-0.12,-0.65,-0.08,-0.13
1109,30869291,-7.96028709,1.42798781,-10.5588913,-3.61694121,1.66617405,-11.1319666,-5.55937433,1.29200315,-19.3231239,0.951267123,0.0138942143,10.400526,-0.12,0.114239025,-0.6,-0.6,0.12,-0.12,0.2,0.78140142,-0.23,0.13,0.00111153714,0.08,-0.12,0.6,0.12,0.2,0.23,0.00111153714,-0.114239025,-0.6,-0.12,-0.65,-0.08,-0.13
1110,30887657,-7.95745802,1.43519449,-10.55832,-3.61679125,1.66736305,-11.1373262,-5.57579088,1.30528283,-19.3405819,0.959582865,0.0174515992,10.3951464,-0.12,0.114815559,-0.6,-0.6,0.12,-0.12,0.2,0.787377274,-0.23,0.13,0.00139612794,0.08,-0.12,0.6,0.12,0.2,0.23,0.00139612794,-0.114815559,-0.6,-0.12,-0.65,-0.08,-0.13
1111,30911430,-7.94858503,1.43006825,-10.5643034,-3.60905719,1.67140865,-11.1376457,-5.60212708,1.32506144,-19.3511124,0.96639818,0.0169108696,10.3811903,-0.12,0.11440546,-0.6,-0.6,0.12,-0.12,0.2,0.796277648,-0.23,0.13,0.00135286957,0.08,-0.12,0.6,0.12,0.2,0.23,0.00135286957,-0.11440546,-0.6,-0.12,-0.65,-0.08,-0.13
1112,30929430,-7.93585587,1.41354513,-10.5743637,-3.59429955,1.67607915,-11.1316795,-5.62851572,1.34455395,-19.350132,0.968573868,0.0128034772,10.3637695,-0.12,0.113083611,-0.6,-0.6,0.12,-0.12,0.2,0.805049276,-0.23,0.13,0.00102427818,0.08,-0.12,0.6,0.12,0.2,0.23,0.00102427818,-0.113083611,-0.6,-0.12,-0.65,-0.08,-0.13
1113,30956377,-7.92256021,1.39097536,-10.5856791,-3.57858491,1.679667,-11.1220779,-5.64644957,1.35668409,-19.3380814,0.964475513,0.00729197683,10.3483438,-0.12,0.111278028,-0.6,-0.6,0.12,-0.12,0.2,0.81050784,-0.23,0.13,0.000583358146,0.08,-0.12,0.6,0.12,0.2,0.23,0.000583358146,-0.111278028,-0.6,-0.12,-0.65,-0.08,-0.13
1114,30967141,-7.91212416,1.36919987,-10.5942249,-3.56591678,1.68057036,-11.1118584,-5.65034485,1.35814917,-19.3190479,0.955216348,0.00260944897,10.3399401,-0.12,0.10953599,-0.6,-0.6,0.12,-0.12,0.2,0.811167127,-0.23,0.13,0.000208755918,0.08,-0.12,0.6,0.12,0.2,0.23,0.000208755918,-0.10953599,-0.6,-0.12,-0.65,-0.08,-0.13
1115,30997819,-7.90868855,1.35455894,-10.5980368,-3.55853081,1.67771876,-11.1034498,-5.63595867,1.34703362,-19.2974453,0.94319725,0.000508702942,10.3443813,-0.12,0.108364716,-0.6,-0.6,0.12,-0.12,0.2,0.806165129,-0.23,0.13,4.06962354e-05,0.08,-0.12,0.6,0.12,0.2,0.23,4.06962354e-05,-0.108364716,-0.6,-0.12,-0.65,-0.08,-0.13
1116,31008072,-7.91464138,1.35295475,-10.5957956,-3.56007671,1.6713872,-11.1003599,-5.60473585,1.3244828,-19.2796917,0.931947708,0.00231334427,10.3634768,-0.12,0.10823638,-0.6,-0.6,0.12,-0.12,0.2,0.796017259,-0.23,0.13,0.000185067542,0.08,-0.12,0.6,0.12,0.2,0.23,0.000185067542,-0.10823638,-0.6,-0.12,-0.65,-0.08,-0.13
1117,31031376,-7.93034601,1.36722767,-10.5861988,-3.56963038,1.66286755,-11.1035185,-5.56291914,1.29571867,-19.271225,0.925829768,0.0072543188,10.393899,-0.12,0.109378214,-0.6,-0.6,0.12,-0.12,0.2,0.783073401,-0.23,0.13,0.000580345504,0.08,-0.12,0.6,0.12,0.2,0.23,0.000580345504,-0.109378214,-0.6,-0.12,-0.65,-0.08,-0.13
1118,31052251,-7.95320797,1.3956809,-10.5714588,-3.5849359,1.65448439,-11.1127787,-5.52111149,1.26744664,-19.2754173,0.927643657,0.013478348,10.4290228,-0.12,0.111654472,-0.6,-0.6,0.12,-0.12,0.2,0.770350987,-0.23,0.13,0.00107826784,0.08,-0.12,0.6,0.12,0.2,0.23,0.00107826784,-0.111654472,-0.6,-0.12,-0.65,-0.08,-0.13
1119,31069380,-7.97830009,1.43225002,-10.5556459,-3.60219574,1.64850485,-11.1265879,-5.48978758,1.24685717,-19.2919693,0.938057303,0.0193693824,10.4615927,-0.12,0.114580002,-0.6,-0.6,0.12,-0.12,0.2,0.761085725,-0.23,0.13,0.00154955059,0.08,-0.12,0.6,0.12,0.2,0.23,0.00154955059,-0.114580002,-0.6,-0.12,-0.65,-0.08,-0.13
1120,31095339,-8.00036621,1.46844351,-10.5432606,-3.61761093,1.64652443,-11.1415768,-5.4749198,1.23826909,-19.3162346,0.955079198,0.0237122513,10.4863129,-0.12,0.117475481,-0.6,-0.6,0.12,-0.12,0.2,0.757221091,-0.23,0.13,0.00189698011,0.08,-0.12,0.6,0.12,0.2,0.23,0.00189698011,-0.117475481,-0.6,-0.12,-0.65,-0.08,-0.13
1121,31108142,-8.01543522,1.49601424,-10.5378695,-3.62797546,1.64893353,-11.154582,-5.47733212,1.24208939,-19.3413754,0.974633098,0.0258917753,10.500597,-0.12,0.119681139,-0.6,-0.6,0.12,-0.12,0.2,0.758940226,-0.23,0.13,0.00207134202,0.08,-0.12,0.6,0.12,0.2,0.23,0.00207134202,-0.119681139,-0.6,-0.12,-0.65,-0.08,-0.13
1122,31131043,-8.02174282,1.50999165,-10.5400581,-3.63226342,1.65476394,-11.1631498,-5.4927907,1.25541472,-19.3607941,0.992432535,0.0258272085,10.5045462,-0.12,0.12,-0.6,-0.6,0.12,-0.12,0.2,0.764936626,-0.23,0.13,0.00206617668,0.08,-0.12,0.6,0.12,0.2,0.23,0.00206617668,-0.12,-0.6,-0.12,-0.65,-0.08,-0.13
1123,31149168,-8.02016258,1.50923538,-10.5484524,-3.6306293,1.66224861,-11.1665716,-5.51485348,1.27315223,-19.3706303,1.0049659,0.0238026809,10.4999685,-0.12,0.12,-0.6,-0.6,0.12,-0.12,0.2,0.772918504,-0.23,0.13,0.00190421447,0.08,-0.12,0.6,0.12,0.2,0.23,0.00190421447,-0.12,-0.6,-0.12,-0.65,-0.08,-0.13
1124,31170448,-8.01356602,1.49619687,-10.560586,-3.62429094,1.66913354,-11.1652441,-5.53550673,1.28923249,-19.3694363,1.01021326,0.0206174515,10.4913054,-0.12,0.119695749,-0.6,-0.6,0.12,-0.12,0.2,0.780154622,-0.23,0.13,0.00164939612,0.08,-0.12,0.6,0.12,0.2,0.23,0.00164939612,-0.119695749,-0.6,-0.12,-0.65,-0.08,-0.13
1125,31190605,-8.00559044,1.47640955,-10.5735006,-3.61661005,1.67344081,-11.161108,-5.54738665,1.29837942,-19.3586617,1.00800872,0.0179712195,10.4843559,-0.12,0.118112764,-0.6,-0.6,0.12,-0.12,0.2,0.78427074,-0.23,0.13,0.00143769756,0.08,-0.12,0.6,0.12,0.2,0.23,0.00143769756,-0.118112764,-0.6,-0.12,-0.65,-0.08,-0.13
1126,31209384,-8.00039482,1.45738268,-10.5830336,-3.61040449,1.67395163,-11.1565065,-5.54650927,1.29801953,-19.342804,1.00066924,0.016809117,10.4829483,-0.12,0.116590614,-0.6,-0.6,0.12,-0.12,0.2,0.784108788,-0.23,0.13,0.00134472936,0.08,-0.12,0.6,0.12,0.2,0.23,0.00134472936,-0.116590614,-0.6,-0.12,-0.65,-0.08,-0.13
1127,31243865,-8.00039482,1.44521642,-10.5875616,-3.60811973,1.67074394,-11.1535282,-5.53243017,1.28819489,-19.3268642,0.991291881,0.0179483816,10.4899206,-0.12,0.115617313,-0.6,-0.6,0.12,-0.12,0.2,0.779687703,-0.23,0.13,0.00143587053,0.08,-0.12,0.6,0.12,0.2,0.23,0.00143587053,-0.115617313,-0.6,-0.12,-0.65,-0.08,-0.13
1128,31247218,-8.00695324,1.44377398,-10.5861073,-3.61068082,1.66465318,-11.1541605,-5.50899696,1.27182949,-19.3161621,0.983585358,0.0211512521,10.5044098,-0.12,0.115501919,-0.6,-0.6,0.12,-0.12,0.2,0.772323269,-0.23,0.13,0.00169210017,0.08,-0.12,0.6,0.12,0.2,0.23,0.00169210017,-0.115501919,-0.6,-0.12,-0.65,-0.08,-0.13
1129,31269817,-8.01913357,1.45352113,-10.5797625,-3.61748147,1.65734136,-11.1586523,-5.48193169,1.253335,-19.3135014,0.98044157,0.0258328188,10.5241795,-0.12,0.116281691,-0.6,-0.6,0.12,-0.12,0.2,0.76400075,-0.23,0.13,0.00206662551,0.08,-0.12,0.6,0.12,0.2,0.23,0.00206662551,-0.116281691,-0.6,-0.12,-0.65,-0.08,-0.13
1130,31295380,-8.03448677,1.472157,-10.5708027,-3.62728977,1.65074253,-11.166028,-5.4571352,1.23725569,-19.3190193,0.983084559,0.0309477802,10.5463076,-0.12,0.11777256,-0.6,-0.6,0.12,-0.12,0.2,0.756765062,-0.23,0.13,0.00247582242,0.08,-0.12,0.6,0.12,0.2,0.23,0.00247582242,-0.11777256,-0.6,-0.12,-0.65,-0.08,-0.13
1131,31309886,-8.05099964,1.49456596,-10.5625172,-3.63665509,1.64607882,-11.1750736,-5.43815804,1.22601509,-19.3302765,0.990923464,0.0354465246,10.567975,-0.12,0.119565277,-0.6,-0.6,0.12,-0.12,0.2,0.751706791,-0.23,0.13,0.00283572197,0.08,-0.12,0.6,0.12,0.2,0.23,0.00283572197,-0.119565277,-0.6,-0.12,-0.65,-0.08,-0.13
1132,31328916,-8.06569767,1.51669788,-10.5558405,-3.64493704,1.64395821,-11.1840143,-5.42784882,1.22128046,-19.3446331,1.00271523,0.0384399667,10.5856543,-0.12,0.12,-0.6,-0.6,0.12,-0.12,0.2,0.749576205,-0.23,0.13,0.00307519734,0.08,-0.12,0.6,0.12,0.2,0.23,0.00307519734,-0.12,-0.6,-0.12,-0.65,-0.08,-0.13
1133,31350808,-8.07716179,1.53424966,-10.5523882,-3.65004969,1.64444494,-11.1913481,-5.42604256,1.22241366,-19.3584843,1.01599646,0.0392810702,10.5976505,-0.12,0.12,-0.6,-0.6,0.12,-0.12,0.2,0.750086147,-0.23,0.13,0.00314248562,0.08,-0.12,0.6,0.12,0.2,0.23,0.00314248562,-0.12,-0.6,-0.12,-0.65,-0.08,-0.13
1134,31376362,-8.08513069,1.54476833,-10.5525322,-3.65109134,1.64662206,-11.1962996,-5.43023968,1.22720349,-19.3688259,1.02831602,0.0378551558,10.6040421,-0.12,0.12,-0.6,-0.6,0.12,-0.12,0.2,0.75224157,-0.23,0.13,0.00302841246,0.08,-0.12,0.6,0.12,0.2,0.23,0.00302841246,-0.12,-0.6,-0.12,-0.65,-0.08,-0.13
1135,31391774,-8.08914757,1.54731035,-10.5561867,-3.64905882,1.64946926,-11.1994085,-5.43821526,1.23349988,-19.3746414,1.03785872,0.0354519635,10.6056242,-0.12,0.12,-0.6,-0.6,0.12,-0.12,0.2,0.755074948,-0.23,0.13,0.00283615708,0.08,-0.12,0.6,0.12,0.2,0.23,0.00283615708,-0.12,-0.6,-0.12,-0.65,-0.08,-0.13
1136,31409484,-8.09059811,1.54253995,-10.5618458,-3.64368486,1.65160584,-11.2011395,-5.44713545,1.23912883,-19.3760414,1.04377389,0.0324517079,10.6035099,-0.12,0.12,-0.6,-0.6,0.12,-0.12,0.2,0.757607973,-0.23,0.13,0.00259613663,0.08,-0.12,0.6,0.12,0.2,0.23,0.00259613663,-0.12,-0.6,-0.12,-0.65,-0.08,-0.13
1137,31443817,-8.09002781,1.53271925,-10.5677004,-3.63694477,1.65215468,-11.2019835,-5.45549774,1.24330294,-19.3744621,1.04666615,0.0296725035,10.5991268,-0.12,0.12,-0.6,-0.6,0.12,-0.12,0.2,0.759486324,-0.23,0.13,0.00237380028,0.08,-0.12,0.6,0.12,0.2,0.23,0.00237380028,-0.12,-0.6,-0.12,-0.65,-0.08,-0.13
1138,31450578,-8.08809948,1.51967299,-10.5735121,-3.62984824,1.65090573,-11.2028542,-5.46265697,1.24604595,-19.3715954,1.04713893,0.0279528946,10.5939064,-0.12,0.12,-0.6,-0.6,0.12,-0.12,0.2,0.760720676,-0.23,0.13,0.00223623157,0.08,-0.12,0.6,0.12,0.2,0.23,0.00223623157,-0.12,-0.6,-0.12,-0.65,-0.08,-0.13
1139,31468023,-8.08575344,1.50596774,-10.5777006,-3.62312269,1.64784205,-11.2031364,-5.46744108,1.2476933,-19.3683014,1.04658592,0.027200466,10.5896549,-0.12,0.12,-0.6,-0.6,0.12,-0.12,0.2,0.761461985,-0.23,0.13,0.00217603728,0.08,-0.12,0.6,0.12,0.2,0.23,0.00217603728,-0.12,-0.6,-0.12,-0.65,-0.08,-0.13
1140,31507617,-8.08348751,1.4936372,-10.5807018,-3.61843085,1.64390147,-11.2031498,-5.46942234,1.24815071,-19.3652763,1.04544127,0.0276989676,10.5877209,-0.12,0.119490976,-0.6,-0.6,0.12,-0.12,0.2,0.761667818,-0.23,0.13,0.00221591741,0.08,-0.12,0.6,0.12,0.2,0.23,0.00221591741,-0.119490976,-0.6,-0.12,-0.65,-0.08,-0.13
1141,31510618,-8.08247662,1.48422587,-10.5823517,-3.61562228,1.63962936,-11.2032394,-5.46795321,1.24717355,-19.3627338,1.04413831,0.028975822,10.5886421,-0.12,0.11873807,-0.6,-0.6,0.12,-0.12,0.2,0.761228096,-0.23,0.13,0.00231806576,0.08,-0.12,0.6,0.12,0.2,0.23,0.00231806576,-0.11873807,-0.6,-0.12,-0.65,-0.08,-0.13
1142,31530106,-8.0827446,1.47859466,-10.5825167,-3.61534786,1.63565636,-11.2038546,-5.46418095,1.24514794,-19.3614349,1.04331136,0.0308228992,10.5915642,-0.12,0.118287573,-0.6,-0.6,0.12,-0.12,0.2,0.760316575,-0.23,0.13,0.00246583194,0.08,-0.12,0.6,0.12,0.2,0.23,0.00246583194,-0.118287573,-0.6,-0.12,-0.65,-0.08,-0.13
1143,31555421,-8.08463287,1.4766469,-10.5815258,-3.61645317,1.6323539,-11.2053986,-5.45975065,1.24269307,-19.3618412,1.04328501,0.0325242355,10.5950203,-0.12,0.118131752,-0.6,-0.6,0.12,-0.12,0.2,0.75921188,-0.23,0.13,0.00260193884,0.08,-0.12,0.6,0.12,0.2,0.23,0.00260193884,-0.118131752,-0.6,-0.12,-0.65,-0.08,-0.13
1144,31570400,-8.08700275,1.47752261,-10.580471,-3.61967468,1.62999523,-11.2075758,-5.45534992,1.24044299,-19.3633614,1.04416716,0.034514457,10.5995331,-0.12,0.118201809,-0.6,-0.6,0.12,-0.12,0.2,0.758199346,-0.23,0.13,0.00276115656,0.08,-0.12,0.6,0.12,0.2,0.23,0.00276115656,-0.118201809,-0.6,-0.12,-0.65,-0.08,-0.13
1145,31589221,-8.08897305,1.48005831,-10.5796185,-3.62420583,1.62889791,-11.2101564,-5.45243692,1.23990369,-19.3659286,1.04581416,0.0370284207,10.6040258,-0.12,0.118404665,-0.6,-0.6,0.12,-0.12,0.2,0.75795666,-0.23,0.13,0.00296227366,0.08,-0.12,0.6,0.12,0.2,0.23,0.00296227366,-0.118404665,-0.6,-0.12,-0.65,-0.08,-0.13
1146,31611860,-8.09033585,1.48358846,-10.5788736,-3.62927318,1.62914658,-11.212327,-5.45144939,1.24126661,-19.3689861,1.04786062,0.0392771624,10.6073027,-0.12,0.118687077,-0.6,-0.6,0.12,-0.12,0.2,0.758569974,-0.23,0.13,0.00314217299,0.08,-0.12,0.6,0.12,0.2,0.23,0.00314217299,-0.118687077,-0.6,-0.12,-0.65,-0.08,-0.13
1147,31628746,-8.09006691,1.48734975,-10.5787535,-3.63533688,1.63100624,-11.213685,-5.45280409,1.24468815,-19.3718891,1.04965842,0.0412257351,10.6087093,-0.12,0.11898798,-0.6,-0.6,0.12,-0.12,0.2,0.760109669,-0.23,0.13,0.00329805881,0.08,-0.12,0.6,0.12,0.2,0.23,0.00329805881,-0.11898798,-0.6,-0.12,-0.65,-0.08,-0.13
1148,31653704,-8.08936501,1.49074984,-10.5793591,-3.64031863,1.63404381,-11.2135887,-5.45434666,1.24875832,-19.3727798,1.05036163,0.0422792062,10.60884,-0.12,0.119259987,-0.6,-0.6,0.12,-0.12,0.2,0.761941242,-0.23,0.13,0.0033823365,0.08,-0.12,0.6,0.12,0.2,0.23,0.0033823365,-0.119259987,-0.6,-0.12,-0.65,-0.08,-0.13
1149,31670255,-8.08875942,1.49448538,-10.5805721,-3.64514542,1.63771117,-11.2122154,-5.45359945,1.25126231,-19.3705978,1.0493511,0.0427659564,10.6098852,-0.12,0.11955883,-0.6,-0.6,0.12,-0.12,0.2,0.763068038,-0.23,0.13,0.00342127651,0.08,-0.12,0.6,0.12,0.2,0.23,0.00342127651,-0.11955883,-0.6,-0.12,-0.65,-0.08,-0.13
1150,31688644,-8.0891552,1.49983323,-10.5810423,-3.6501627,1.64156342,-11.2101412,-5.44946957,1.25133359,-19.3661442,1.04701352,0.0429634415,10.6124983,-0.12,0.119986658,-0.6,-0.6,0.12,-0.12,0.2,0.763100117,-0.23,0.13,0.00343707532,0.08,-0.12,0.6,0.12,0.2,0.23,0.00343707532,-0.119986658,-0.6,-0.12,-0.65,-0.08,-0.13
1151,31714242,-8.09180641,1.50723541,-10.5810585,-3.65499306,1.64496076,-11.2080164,-5.44015694,1.24730039,-19.3599548,1.04343557,0.043137297,10.6185398,-0.12,0.12,-0.6,-0.6,0.12,-0.12,0.2,0.761285174,-0.23,0.13,0.00345098376,0.08,-0.12,0.6,0.12,0.2,0.23,0.00345098376,-0.12,-0.6,-0.12,-0.65,-0.08,-0.13
1152,31736398,-8.0975132,1.51854992,-10.5784197,-3.66058755,1.64724326,-11.2066832,-5.42636538,1.23968422,-19.3544044,1.04035461,0.0431484506,10.6275959,-0.12,0.12,-0.6,-0.6,0.12,-0.12,0.2,0.757857901,-0.23,0.13,0.00345187604,0.08,-0.12,0.6,0.12,0.2,0.23,0.00345187604,-0.12,-0.6,-0.12,-0.65,-0.08,-0.13
1153,31748445,-8.10609913,1.53373086,-10.574111,-3.66709185,1.64870489,-11.2070742,-5.4099865,1.22940385,-19.3511524,1.03865159,0.0433649868,10.6389818,-0.12,0.12,-0.6,-0.6,0.12,-0.12,0.2,0.753231734,-0.23,0.13,0.00346919894,0.08,-0.12,0.6,0.12,0.2,0.23,0.00346919894,-0.12,-0.6,-0.12,-0.65,-0.08,-0.13
1154,31770465,-8.11671829,1.55173612,-10.5685358,-3.67328715,1.6493789,-11.2093887,-5.39387941,1.21866906,-19.3514004,1.03918839,0.0435178988,10.6515274,-0.12,0.12,-0.6,-0.6,0.12,-0.12,0.2,0.748401076,-0.23,0.13,0.0034814319,0.08,-0.12,0.6,0.12,0.2,0.23,0.0034814319,-0.12,-0.6,-0.12,-0.65,-0.08,-0.13
1155,31789465,-8.12759686,1.57089293,-10.5625963,-3.67979217,1.64980114,-11.213335,-5.38098001,1.20966876,-19.3555927,1.04254258,0.0439123251,10.6636076,-0.12,0.12,-0.6,-0.6,0.12,-0.12,0.2,0.74435094,-0.23,0.13,0.003512986,0.08,-0.12,0.6,0.12,0.2,0.23,0.003512986,-0.12,-0.6,-0.12,-0.65,-0.08,-0.13
1156,31811106,-8.13766384,1.58895445,-10.5573339,-3.68482447,1.65046835,-11.2179041,-5.37312365,1.2040627,-19.3627682,1.04815876,0.0438268557,10.6734095,-0.12,0.12,-0.6,-0.6,0.12,-0.12,0.2,0.741828215,-0.23,0.13,0.00350614846,0.08,-0.12,0.6,0.12,0.2,0.23,0.00350614846,-0.12,-0.6,-0.12,-0.65,-0.08,-0.13
1157,31836105,-8.14522457,1.6034652,-10.5537548,-3.68822527,1.65179968,-11.2224255,-5.37192678,1.20289242,-19.3716927,1.05521464,0.043132145,10.6790113,-0.12,0.12,-0.6,-0.6,0.12,-0.12,0.2,0.74130159,-0.23,0.13,0.0034505716,0.08,-0.12,0.6,0.12,0.2,0.23,0.0034505716,-0.12,-0.6,-0.12,-0.65,-0.08,-0.13
1158,31847618,-8.14938831,1.61245072,-10.5528593,-3.68931866,1.65383029,-11.2259064,-5.37653446,1.20573139,-19.3799534,1.06223345,0.0418331511,10.680336,-0.12,0.12,-0.6,-0.6,0.12,-0.12,0.2,0.742579126,-0.23,0.13,0.00334665209,0.08,-0.12,0.6,0.12,0.2,0.23,0.00334665209,-0.12,-0.6,-0.12,-0.65,-0.08,-0.13
1159,31873984,-8.14970875,1.61500275,-10.5548773,-3.68870807,1.65652454,-11.2282209,-5.38574648,1.21153688,-19.3861008,1.06757712,0.0403405726,10.6775341,-0.12,0.12,-0.6,-0.6,0.12,-0.12,0.2,0.745191598,-0.23,0.13,0.00322724581,0.08,-0.12,0.6,0.12,0.2,0.23,0.00322724581,-0.12,-0.6,-0.12,-0.65,-0.08,-0.13
1160,31887645,-8.14766598,1.6115694,-10.5585232,-3.68467999,1.65888977,-11.2283783,-5.39602232,1.21831822,-19.3883972,1.07065642,0.038156338,10.6722145,-0.12,0.12,-0.6,-0.6,0.12,-0.12,0.2,0.748243201,-0.23,0.13,0.00305250704,0.08,-0.12,0.6,0.12,0.2,0.23,0.00305250704,-0.12,-0.6,-0.12,-0.65,-0.08,-0.13
1161,31914873,-8.1437254,1.60411048,-10.5625391,-3.67976141,1.66075945,-11.2274637,-5.40720797,1.22486818,-19.3883228,1.07138836,0.035501007,10.6636372,-0.12,0.12,-0.6,-0.6,0.12,-0.12,0.2,0.75119068,-0.23,0.13,0.00284008056,0.08,-0.12,0.6,0.12,0.2,0.23,0.00284008056,-0.12,-0.6,-0.12,-0.65,-0.08,-0.13
1162,31931795,-8.13814163,1.59445953,-10.5662508,-3.6749475,1.66200221,-11.2253008,-5.41759825,1.23070478,-19.3860683,1.07000875,0.0329933576,10.6537075,-0.12,0.12,-0.6,-0.6,0.12,-0.12,0.2,0.753817153,-0.23,0.13,0.00263946861,0.08,-0.12,0.6,0.12,0.2,0.23,0.00263946861,-0.12,-0.6,-0.12,-0.65,-0.08,-0.13
1163,31947431,-8.13241577,1.58367491,-10.568985,-3.66880798,1.66251516,-11.2226667,-5.42775631,1.23584557,-19.3833408,1.06706476,0.0300993286,10.6415386,-0.12,0.12,-0.6,-0.6,0.12,-0.12,0.2,0.756130505,-0.23,0.13,0.00240794629,0.08,-0.12,0.6,0.12,0.2,0.23,0.00240794629,-0.12,-0.6,-0.12,-0.65,-0.08,-0.13
1164,31970407,-8.12580299,1.573192,-10.5712271,-3.66377926,1.66244853,-11.2196808,-5.43703651,1.24008656,-19.3803177,1.06302845,0.0277282186,10.6293097,-0.12,0.12,-0.6,-0.6,0.12,-0.12,0.2,0.75803895,-0.23,0.13,0.00221825749,0.08,-0.12,0.6,0.12,0.2,0.23,0.00221825749,-0.12,-0.6,-0.12,-0.65,-0.08,-0.13
1165,31993890,-8.11865902,1.56313527,-10.5731726,-3.65954685,1.66229439,-11.2167511,-5.44565296,1.24421477,-19.3772736,1.05823803,0.026189493,10.6174097,-0.12,0.12,-0.6,-0.6,0.12,-0.12,0.2,0.759896648,-0.23,0.13,0.00209515944,0.08,-0.12,0.6,0.12,0.2,0.23,0.00209515944,-0.12,-0.6,-0.12,-0.65,-0.08,-0.13
1166,32009182,-8.11192226,1.55385602,-10.5746984,-3.65546799,1.66188073,-11.2134666,-5.45201111,1.24733675,-19.3736591,1.05296576,0.0252256617,10.6073141,-0.12,0.12,-0.6,-0.6,0.12,-0.12,0.2,0.761301535,-0.23,0.13,0.00201805294,0.08,-0.12,0.6,0.12,0.2,0.23,0.00201805294,-0.12,-0.6,-0.12,-0.65,-0.08,-0.13
1167,32035614,-8.10516071,1.54602396,-10.5759649,-3.65320635,1.66148508,-11.2103109,-5.45637321,1.2496866,-19.3698483,1.04758251,0.0252487175,10.5996084,-0.12,0.12,-0.6,-0.6,0.12,-0.12,0.2,0.762358969,-0.23,0.13,0.0020198974,0.08,-0.12,0.6,0.12,0.2,0.23,0.0020198974,-0.12,-0.6,-0.12,-0.65,-0.08,-0.13
1168,32047862,-8.09962463,1.5399394,-10.5768175,-3.65216899,1.66104245,-11.2074347,-5.4575367,1.2504921,-19.3657303,1.04220629,0.0260571185,10.5949984,-0.12,0.12,-0.6,-0.6,0.12,-0.12,0.2,0.762721443,-0.23,0.13,0.00208456948,0.08,-0.12,0.6,0.12,0.2,0.23,0.00208456948,-0.12,-0.6,-0.12,-0.65,-0.08,-0.13
1169,32074755,-8.09567928,1.53627884,-10.5768671,-3.6524241,1.66045904,-11.2052288,-5.45604944,1.2496742,-19.3621788,1.03724873,0.0273649711,10.5929689,-0.12,0.12,-0.6,-0.6,0.12,-0.12,0.2,0.76235339,-0.23,0.13,0.00218919769,0.08,-0.12,0.6,0.12,0.2,0.23,0.00218919769,-0.12,-0.6,-0.12,-0.65,-0.08,-0.13
1170,32092476,-8.09335899,1.53540409,-10.5757866,-3.65350914,1.65978336,-11.2038937,-5.45338345,1.24811912,-19.3600922,1.03334808,0.0287721194,10.5923824,-0.12,0.12,-0.6,-0.6,0.12,-0.12,0.2,0.761653602,-0.23,0.13,0.00230176955,0.08,-0.12,0.6,0.12,0.2,0.23,0.00230176955,-0.12,-0.6,-0.12,-0.65,-0.08,-0.13
1171,32111202,-8.09253597,1.53648055,-10.5744896,-3.65444851,1.65917873,-11.2032089,-5.45028114,1.24622202,-19.3592186,1.03057218,0.0299810842,10.592967,-0.12,0.12,-0.6,-0.6,0.12,-0.12,0.2,0.760799909,-0.23,0.13,0.00239848673,0.08,-0.12,0.6,0.12,0.2,0.23,0.00239848673,-0.12,-0.6,-0.12,-0.65,-0.08,-0.13
1172,32130088,-8.09314442,1.53870678,-10.5732737,-3.65437984,1.65842891,-11.2026815,-5.4463129,1.24391222,-19.3586674,1.02895617,0.030857414,10.5953588,-0.12,0.12,-0.6,-0.6,0.12,-0.12,0.2,0.759760499,-0.23,0.13,0.00246859312,0.08,-0.12,0.6,0.12,0.2,0.23,0.00246859312,-0.12,-0.6,-0.12,-0.65,-0.08,-0.13
1173,32150332,-8.09497356,1.54181111,-10.5718403,-3.65386057,1.65758836,-11.2026358,-5.44232464,1.24123287,-19.3588009,1.0286051,0.0313019492,10.5982943,-0.12,0.12,-0.6,-0.6,0.12,-0.12,0.2,0.758554792,-0.23,0.13,0.00250415593,0.08,-0.12,0.6,0.12,0.2,0.23,0.00250415593,-0.12,-0.6,-0.12,-0.65,-0.08,-0.13
1174,32171592,-8.09700108,1.54502094,-10.5708265,-3.65350175,1.65671682,-11.2029009,-5.43838596,1.23828089,-19.3592377,1.02920735,0.031744089,10.6023312,-0.12,0.12,-0.6,-0.6,0.12,-0.12,0.2,0.757226402,-0.23,0.13,0.00253952712,0.08,-0.12,0.6,0.12,0.2,0.23,0.00253952712,-0.12,-0.6,-0.12,-0.65,-0.08,-0.13
1175,32189163,-8.09909248,1.54753757,-10.5705633,-3.65363383,1.65575707,-11.2039785,-5.43464899,1.23534656,-19.3601151,1.03033841,0.0326842293,10.6073141,-0.12,0.12,-0.6,-0.6,0.12,-0.12,0.2,0.75590595,-0.23,0.13,0.00261473835,0.08,-0.12,0.6,0.12,0.2,0.23,0.00261473835,-0.12,-0.6,-0.12,-0.65,-0.08,-0.13
1176,32210973,-8.10178471,1.55004644,-10.5696945,-3.65380788,1.6544224,-11.2053356,-5.43079758,1.23269033,-19.3614902,1.03231502,0.0335504524,10.6127119,-0.12,0.12,-0.6,-0.6,0.12,-0.12,0.2,0.75471065,-0.23,0.13,0.0026840362,0.08,-0.12,0.6,0.12,0.2,0.23,0.0026840362,-0.12,-0.6,-0.12,-0.65,-0.08,-0.13
1177,32231915,-8.10415363,1.55213368,-10.5690918,-3.65462089,1.65334857,-11.2075796,-5.42916536,1.23118615,-19.3643284,1.03478432,0.0343760848,10.616497,-0.12,0.12,-0.6,-0.6,0.12,-0.12,0.2,0.754033768,-0.23,0.13,0.00275008678,0.08,-0.12,0.6,0.12,0.2,0.23,0.00275008678,-0.12,-0.6,-0.12,-0.65,-0.08,-0.13
1178,32248155,-8.10581779,1.55340111,-10.568615,-3.65525365,1.65255427,-11.2098875,-5.42996359,1.23153341,-19.3679161,1.03766489,0.0348559208,10.6181536,-0.12,0.12,-0.6,-0.6,0.12,-0.12,0.2,0.754190034,-0.23,0.13,0.00278847367,0.08,-0.12,0.6,0.12,0.2,0.23,0.00278847367,-0.12,-0.6,-0.12,-0.65,-0.08,-0.13
1179,32271994,-8.10561657,1.55277109,-10.5694304,-3.65588403,1.65257955,-11.2121878,-5.43445826,1.23419535,-19.3719788,1.04022884,0.0353454538,10.6168871,-0.12,0.12,-0.6,-0.6,0.12,-0.12,0.2,0.755387908,-0.23,0.13,0.0028276363,0.08,-0.12,0.6,0.12,0.2,0.23,0.0028276363,-0.12,-0.6,-0.12,-0.65,-0.08,-0.13
1180,32289760,-8.10386562,1.55011976,-10.5709953,-3.65522361,1.65310717,-11.2132874,-5.44096136,1.23883641,-19.3748379,1.04203236,0.0353441127,10.6134653,-0.12,0.12,-0.6,-0.6,0.12,-0.12,0.2,0.757476383,-0.23,0.13,0.00282752901,0.08,-0.12,0.6,0.12,0.2,0.23,0.00282752901,-0.12,-0.6,-0.12,-0.65,-0.08,-0.13
1181,32324827,-8.10005474,1.54522455,-10.5735912,-3.65435863,1.65444899,-11.2136755,-5.45005798,1.24509966,-19.3766136,1.04262459,0.03511988,10.6069136,-0.12,0.12,-0.6,-0.6,0.12,-0.12,0.2,0.760294849,-0.23,0.13,0.0028095904,0.08,-0.12,0.6,0.12,0.2,0.23,0.0028095904,-0.12,-0.6,-0.12,-0.65,-0.08,-0.13
1182,32330626,-8.09450245,1.53766096,-10.5772114,-3.65197539,1.65610898,-11.2132559,-5.46080828,1.25222361,-19.3768539,1.04148829,0.0345197245,10.5974655,-0.12,0.12,-0.6,-0.6,0.12,-0.12,0.2,0.763500625,-0.23,0.13,0.00276157796,0.08,-0.12,0.6,0.12,0.2,0.23,0.00276157796,-0.12,-0.6,-0.12,-0.65,-0.08,-0.13
1183,32355852,-8.08731174,1.52752042,-10.5814695,-3.64817381,1.65767479,-11.2118654,-5.47255278,1.2597599,-19.3753262,1.03873146,0.033726301,10.5858097,-0.12,0.12,-0.6,-0.6,0.12,-0.12,0.2,0.766891956,-0.23,0.13,0.00269810408,0.08,-0.12,0.6,0.12,0.2,0.23,0.00269810408,-0.12,-0.6,-0.12,-0.65,-0.08,-0.13
1184,32374591,-8.07856083,1.51472819,-10.5871058,-3.64368105,1.65894771,-11.2105007,-5.48485422,1.26689744,-19.3724632,1.03395176,0.0335004218,10.5728426,-0.12,0.12,-0.6,-0.6,0.12,-0.12,0.2,0.770103848,-0.23,0.13,0.00268003374,0.08,-0.12,0.6,0.12,0.2,0.23,0.00268003374,-0.12,-0.6,-0.12,-0.65,-0.08,-0.13
1185,32389575,-8.068223,1.49941874,-10.5935698,-3.63855958,1.65950406,-11.2091236,-5.49697924,1.27392185,-19.3684597,1.02754748,0.0344212726,10.5595789,-0.12,0.119953499,-0.6,-0.6,0.12,-0.12,0.2,0.773264831,-0.23,0.13,0.00275370181,0.08,-0.12,0.6,0.12,0.2,0.23,0.00275370181,-0.119953499,-0.6,-0.12,-0.65,-0.08,-0.13
1186,32410073,-8.05829239,1.48256707,-10.5996494,-3.63076425,1.65851343,-11.2067184,-5.50631189,1.27970135,-19.3625698,1.02029705,0.0355172232,10.5480957,-0.12,0.118605366,-0.6,-0.6,0.12,-0.12,0.2,0.775865608,-0.23,0.13,0.00284137785,0.08,-0.12,0.6,0.12,0.2,0.23,0.00284137785,-0.118605366,-0.6,-0.12,-0.65,-0.08,-0.13
1187,32434530,-8.0508337,1.46717024,-10.6038551,-3.62145424,1.65566671,-11.2025957,-5.50949001,1.28216338,-19.3542137,1.0132246,0.0360237844,10.5414619,-0.12,0.117373619,-0.6,-0.6,0.12,-0.12,0.2,0.776973522,-0.23,0.13,0.00288190275,0.08,-0.12,0.6,0.12,0.2,0.23,0.00288190275,-0.117373619,-0.6,-0.12,-0.65,-0.08,-0.13
1188,32449712,-8.0468998,1.45689631,-10.605135,-3.61458516,1.65172529,-11.197319,-5.50439167,1.27967119,-19.3443069,1.00705099,0.036392305,10.5419645,-0.12,0.116551704,-0.6,-0.6,0.12,-0.12,0.2,0.775852036,-0.23,0.13,0.0029113844,0.08,-0.12,0.6,0.12,0.2,0.23,0.0029113844,-0.116551704,-0.6,-0.12,-0.65,-0.08,-0.13
1189,32478927,-8.04849911,1.45350623,-10.6039371,-3.61056209,1.64711189,-11.1926222,-5.48959017,1.27036357,-19.3344173,1.00179327,0.0369208418,10.5509501,-0.12,0.116280499,-0.6,-0.6,0.12,-0.12,0.2,0.771663606,-0.23,0.13,0.00295366734,0.08,-0.12,0.6,0.12,0.2,0.23,0.00295366734,-0.116280499,-0.6,-0.12,-0.65,-0.08,-0.13
1190,32487531,-8.05656624,1.45948839,-10.5989552,-3.6112082,1.64172482,-11.1901646,-5.4655652,1.25453854,-19.3267612,0.998736501,0.0378956906,10.5685902,-0.12,0.116759071,-0.6,-0.6,0.12,-0.12,0.2,0.764542341,-0.23,0.13,0.00303165525,0.08,-0.12,0.6,0.12,0.2,0.23,0.00303165525,-0.116759071,-0.6,-0.12,-0.65,-0.08,-0.13
1191,32509308,-8.07084846,1.47538674,-10.5908365,-3.61778903,1.63628912,-11.1918373,-5.43547821,1.23423755,-19.3237495,0.999127567,0.0398908146,10.5936022,-0.12,0.118030939,-0.6,-0.6,0.12,-0.12,0.2,0.755406898,-0.23,0.13,0.00319126517,0.08,-0.12,0.6,0.12,0.2,0.23,0.00319126517,-0.118030939,-0.6,-0.12,-0.65,-0.08,-0.13
1192,32529404,-8.08873272,1.49981642,-10.5799246,-3.63081336,1.63210094,-11.1988258,-5.40723944,1.21484029,-19.3290005,1.00421309,0.0429772586,10.6199389,-0.12,0.119985313,-0.6,-0.6,0.12,-0.12,0.2,0.746678132,-0.23,0.13,0.00343818069,0.08,-0.12,0.6,0.12,0.2,0.23,0.00343818069,-0.119985313,-0.6,-0.12,-0.65,-0.08,-0.13
1193,32552931,-8.10667992,1.52811861,-10.5687666,-3.64608383,1.63007915,-11.2089071,-5.38694,1.20171404,-19.3418407,1.01415193,0.0463973694,10.6433125,-0.12,0.12,-0.6,-0.6,0.12,-0.12,0.2,0.740771317,-0.23,0.13,0.00371178955,0.08,-0.12,0.6,0.12,0.2,0.23,0.00371178955,-0.12,-0.6,-0.12,-0.65,-0.08,-0.13
1194,32573051,-8.12193012,1.55513179,-10.5606918,-3.66057992,1.63091481,-11.2193766,-5.37673521,1.19693768,-19.3582745,1.02705371,0.0493050404,10.6621189,-0.12,0.12,-0.6,-0.6,0.12,-0.12,0.2,0.738621956,-0.23,0.13,0.00394440323,0.08,-0.12,0.6,0.12,0.2,0.23,0.00394440323,-0.12,-0.6,-0.12,-0.65,-0.08,-0.13
1195,32589263,-8.13241005,1.57681656,-10.5568781,-3.67297125,1.6348604,-11.2285538,-5.37712431,1.20034194,-19.3748169,1.04065454,0.0512592383,10.6737223,-0.12,0.12,-0.6,-0.6,0.12,-0.12,0.2,0.740153873,-0.23,0.13,0.00410073906,0.08,-0.12,0.6,0.12,0.2,0.23,0.00410073906,-0.12,-0.6,-0.12,-0.65,-0.08,-0.13
1196,32609637,-8.13742447,1.5902518,-10.5572157,-3.68021202,1.64127851,-11.2341404,-5.38610697,1.21002495,-19.3875523,1.05239236,0.0511167645,10.6767759,-0.12,0.12,-0.6,-0.6,0.12,-0.12,0.2,0.744511229,-0.23,0.13,0.00408934116,0.08,-0.12,0.6,0.12,0.2,0.23,0.00408934116,-0.12,-0.6,-0.12,-0.65,-0.08,-0.13
1197,32633894,-8.13735104,1.59475791,-10.5614147,-3.68271899,1.64896166,-11.2356691,-5.3998208,1.22219265,-19.3938122,1.06015444,0.0488503836,10.6729326,-0.12,0.12,-0.6,-0.6,0.12,-0.12,0.2,0.74998669,-0.23,0.13,0.00390803069,0.08,-0.12,0.6,0.12,0.2,0.23,0.00390803069,-0.12,-0.6,-0.12,-0.65,-0.08,-0.13
1198,32648703,-8.13369751,1.59192967,-10.5680962,-3.68218994,1.65649915,-11.2338924,-5.41304827,1.23311281,-19.3927422,1.06282055,0.0456480943,10.6656122,-0.12,0.12,-0.6,-0.6,0.12,-0.12,0.2,0.754900765,-0.23,0.13,0.00365184754,0.08,-0.12,0.6,0.12,0.2,0.23,0.00365184754,-0.12,-0.6,-0.12,-0.65,-0.08,-0.13
1199,32669897,-8.12886047,1.58472037,-10.5750055,-3.67950511,1.66249847,-11.2299738,-5.42182255,1.23990548,-19.3857403,1.06055295,0.0423158891,10.6577187,-0.12,0.12,-0.6,-0.6,0.12,-0.12,0.2,0.757957464,-0.23,0.13,0.00338527113,0.08,-0.12,0.6,0.12,0.2,0.23,0.00338527113,-0.12,-0.6,-0.12,-0.65,-0.08,-0.13
1200,32692513,-8.12499332,1.57660055,-10.5807467,-3.6763494,1.66591811,-11.2255449,-5.42331886,1.24061108,-19.3750763,1.05453312,0.0398741886,10.6527643,-0.12,0.12,-0.6,-0.6,0.12,-0.12,0.2,0.758274984,-0.23,0.13,0.00318993509,0.08,-0.12,0.6,0.12,0.2,0.23,0.00318993509,-0.12,-0.6,-0.12,-0.65,-0.08,-0.13
1201,32712065,-8.12391663,1.5712651,-10.5835905,-3.67464089,1.66633117,-11.2222147,-5.41684675,1.23530185,-19.3640347,1.04704452,0.0390022658,10.6528244,-0.12,0.12,-0.6,-0.6,0.12,-0.12,0.2,0.755885834,-0.23,0.13,0.00312018126,0.08,-0.12,0.6,0.12,0.2,0.23,0.00312018126,-0.12,-0.6,-0.12,-0.65,-0.08,-0.13
1202,32727476,-8.12635326,1.57115507,-10.5828018,-3.6753552,1.66423833,-11.2209492,-5.4042716,1.22568536,-19.3558903,1.04050255,0.0398640707,10.6580458,-0.12,0.12,-0.6,-0.6,0.12,-0.12,0.2,0.751558411,-0.23,0.13,0.00318912566,0.08,-0.12,0.6,0.12,0.2,0.23,0.00318912566,-0.12,-0.6,-0.12,-0.65,-0.08,-0.13
1203,32750588,-8.13218594,1.57695019,-10.5786915,-3.67789149,1.66058815,-11.2220049,-5.38925171,1.2145716,-19.3528976,1.03689635,0.0416896641,10.6667566,-0.12,0.12,-0.6,-0.6,0.12,-0.12,0.2,0.746557218,-0.23,0.13,0.00333517313,0.08,-0.12,0.6,0.12,0.2,0.23,0.00333517313,-0.12,-0.6,-0.12,-0.65,-0.08,-0.13
1204,32768643,-8.14049435,1.587394,-10.572732,-3.68086886,1.656389,-11.2247944,-5.3748889,1.20437133,-19.3550529,1.03722882,0.0436098911,10.6775494,-0.12,0.12,-0.6,-0.6,0.12,-0.12,0.2,0.7419671,-0.23,0.13,0.00348879129,0.08,-0.12,0.6,0.12,0.2,0.23,0.00348879129,-0.12,-0.6,-0.12,-0.65,-0.08,-0.13
1205,32792574,-8.14953518,1.60033512,-10.566431,-3.68406653,1.65282214,-11.2287931,-5.36449289,1.19705999,-19.3616886,1.04140186,0.0450346544,10.6879148,-0.12,0.12,-0.6,-0.6,0.12,-0.12,0.2,0.738676995,-0.23,0.13,0.00360277236,0.08,-0.12,0.6,0.12,0.2,0.23,0.00360277236,-0.12,-0.6,-0.12,-0.65,-0.08,-0.13
1206,32812228,-8.15771103,1.61302853,-10.5607443,-3.68615794,1.65065169,-11.232976,-5.3603735,1.19407296,-19.371273,1.04859948,0.0451778509,10.6949339,-0.12,0.12,-0.6,-0.6,0.12,-0.12,0.2,0.737332833,-0.23,0.13,0.00361422807,0.08,-0.12,0.6,0.12,0.2,0.23,0.00361422807,-0.12,-0.6,-0.12,-0.65,-0.08,-0.13
1207,32829854,-8.16319942,1.62240803,-10.5572462,-3.68629313,1.65024269,-11.2363691,-5.36347485,1.19582188,-19.3815098,1.05717838,0.0438039266,10.6971178,-0.12,0.12,-0.6,-0.6,0.12,-0.12,0.2,0.738119847,-0.23,0.13,0.00350431412,0.08,-0.12,0.6,0.12,0.2,0.23,0.00350431412,-0.12,-0.6,-0.12,-0.65,-0.08,-0.13
1208,32850317,-8.16498375,1.62618554,-10.5565157,-3.68421912,1.65142453,-11.2387543,-5.37383747,1.20198798,-19.3907928,1.06543636,0.041080486,10.6930628,-0.12,0.12,-0.6,-0.6,0.12,-0.12,0.2,0.740894592,-0.23,0.13,0.00328643888,0.08,-0.12,0.6,0.12,0.2,0.23,0.00328643888,-0.12,-0.6,-0.12,-0.65,-0.08,-0.13
1209,32870228,-8.16219902,1.62330651,-10.5589161,-3.68071604,1.65384603,-11.2392502,-5.38891554,1.21128619,-19.3967438,1.07154393,0.0379329138,10.6843185,-0.12,0.12,-0.6,-0.6,0.12,-0.12,0.2,0.745078784,-0.23,0.13,0.0030346331,0.08,-0.12,0.6,0.12,0.2,0.23,0.0030346331,-0.12,-0.6,-0.12,-0.65,-0.08,-0.13
1210,32893301,-8.15580845,1.6139679,-10.5641251,-3.67585397,1.65676832,-11.2375822,-5.40468025,1.22137856,-19.3976612,1.07405615,0.0350429714,10.6737204,-0.12,0.12,-0.6,-0.6,0.12,-0.12,0.2,0.749620354,-0.23,0.13,0.00280343771,0.08,-0.12,0.6,0.12,0.2,0.23,0.00280343771,-0.12,-0.6,-0.12,-0.65,-0.08,-0.13
1211,32910833,-8.14749146,1.60068321,-10.5702152,-3.67144775,1.65935278,-11.2346449,-5.41804504,1.2299515,-19.3942966,1.07275856,0.0329678692,10.6626883,-0.12,0.12,-0.6,-0.6,0.12,-0.12,0.2,0.753478175,-0.23,0.13,0.00263742954,0.08,-0.12,0.6,0.12,0.2,0.23,0.00263742954,-0.12,-0.6,-0.12,-0.65,-0.08,-0.13
1212,32937503,-8.13907051,1.58642972,-10.575119,-3.66715384,1.66088021,-11.2308159,-5.42744589,1.23603475,-19.3881798,1.0685668,0.0314067975,10.6520128,-0.12,0.12,-0.6,-0.6,0.12,-0.12,0.2,0.756215638,-0.23,0.13,0.0025125438,0.08,-0.12,0.6,0.12,0.2,0.23,0.0025125438,-0.12,-0.6,-0.12,-0.65,-0.08,-0.13
1213,32952560,-8.13174915,1.57430899,-10.5776482,-3.66429496,1.66137862,-11.2266874,-5.43297243,1.23929572,-19.3813992,1.06277943,0.0300993063,10.6422157,-0.12,0.12,-0.6,-0.6,0.12,-0.12,0.2,0.757683074,-0.23,0.13,0.0024079445,0.08,-0.12,0.6,0.12,0.2,0.23,0.0024079445,-0.12,-0.6,-0.12,-0.65,-0.08,-0.13
1214,32970338,-8.12682915,1.56648457,-10.5772972,-3.6620903,1.6609571,-11.2223949,-5.43457413,1.23999107,-19.3752213,1.05687773,0.0285195354,10.6340723,-0.12,0.12,-0.6,-0.6,0.12,-0.12,0.2,0.757995981,-0.23,0.13,0.00228156283,0.08,-0.12,0.6,0.12,0.2,0.23,0.00228156283,-0.12,-0.6,-0.12,-0.65,-0.08,-0.13
1215,32994403,-8.12407017,1.56312478,-10.5753012,-3.66016746,1.66024542,-11.2182579,-5.4334321,1.23874378,-19.3702793,1.05159616,0.0268580075,10.6282101,-0.12,0.12,-0.6,-0.6,0.12,-0.12,0.2,0.757434702,-0.23,0.13,0.0021486406,0.08,-0.12,0.6,0.12,0.2,0.23,0.0021486406,-0.12,-0.6,-0.12,-0.65,-0.08,-0.13
1216,33012883,-8.12309456,1.56407475,-10.5718117,-3.65943646,1.65960932,-11.2149,-5.43109322,1.236215,-19.3674183,1.04764605,0.0251183975,10.6238985,-0.12,0.12,-0.6,-0.6,0.12,-0.12,0.2,0.756296748,-0.23,0.13,0.0020094718,0.08,-0.12,0.6,0.12,0.2,0.23,0.0020094718,-0.12,-0.6,-0.12,-0.65,-0.08,-0.13
