frame_index,elapsed_us,raw_action_0,raw_action_1,raw_action_2,raw_action_3,raw_action_4,raw_action_5,raw_action_6,raw_action_7,raw_action_8,raw_action_9,raw_action_10,raw_action_11,target_q_model_rad_0,target_q_model_rad_1,target_q_model_rad_2,target_q_model_rad_3,target_q_model_rad_4,target_q_model_rad_5,target_q_model_rad_6,target_q_model_rad_7,target_q_model_rad_8,target_q_model_rad_9,target_q_model_rad_10,target_q_model_rad_11,target_rad_0,target_rad_1,target_rad_2,target_rad_3,target_rad_4,target_rad_5,target_rad_6,target_rad_7,target_rad_8,target_rad_9,target_rad_10,target_rad_11
0,8672274,0.579318523,2.60902572,-3.1410501,0.606729627,3.74342847,4.48419237,-1.24301326,-1.67250013,-8.20169449,-3.10568547,0.423816174,-6.63564062,0.0463454819,0.12,-0.6,0.073028332,0.12,0.12,0.2,0.2,-0.23,-0.23,0.0339052939,-0.08,0.0463454819,0.6,0.12,0.2,0.23,0.0339052939,-0.12,0.073028332,0.12,-0.2,0.08,0.23
1,8676526,2.05241585,3.81772852,-4.15005207,1.29064798,4.92440557,6.00890684,-1.11917484,-1.13629222,-11.5762863,-5.59667253,0.347927064,-10.0366774,0.12,0.12,-0.6,0.2,0.12,0.12,0.2,0.2,-0.23,-0.23,0.0278341651,-0.08,0.12,0.6,0.12,0.2,0.23,0.0278341651,-0.12,0.2,0.12,-0.2,0.08,0.23
2,8696118,3.13824964,4.7806325,-4.95874262,1.47662973,5.05769777,6.39931726,-1.00447595,-0.964274645,-13.3962049,-7.71049356,0.519428849,-11.0975857,0.12,0.12,-0.6,0.2,0.12,0.12,0.2,0.2,-0.23,-0.23,0.0415543079,-0.08,0.12,0.6,0.12,0.2,0.23,0.0415543079,-0.12,0.2,0.12,-0.2,0.08,0.23
3,8718593,4.07383251,5.1355958,-5.45033026,1.61986685,4.45957088,6.36555481,-1.00461435,-1.06608117,-14.3822346,-9.65189266,0.591691256,-11.3807907,0.12,0.12,-0.6,0.2,0.12,0.12,0.2,0.2,-0.23,-0.23,0.0473353004,-0.08,0.12,0.6,0.12,0.2,0.23,0.0473353004,-0.12,0.2,0.12,-0.2,0.08,0.23
4,8736557,4.29622793,4.98873043,-5.69103146,1.58715475,3.83702898,6.42161942,-0.810224891,-1.52642083,-14.9504585,-10.976141,0.502467513,-11.3969479,0.12,0.12,-0.6,0.2,0.12,0.12,0.2,0.2,-0.23,-0.23,0.040197401,-0.08,0.12,0.6,0.12,0.2,0.23,0.040197401,-0.12,0.2,0.12,-0.2,0.08,0.23
5,8763826,4.47903252,4.78191328,-5.73312712,1.53050673,2.94820118,6.30021,-0.877290666,-1.92466664,-15.4562874,-11.8926725,0.47008723,-11.1173334,0.12,0.12,-0.6,0.2,0.12,0.12,0.2,0.2,-0.23,-0.23,0.0376069784,-0.08,0.12,0.6,0.12,0.2,0.23,0.0376069784,-0.12,0.2,0.12,-0.2,0.08,0.23
6,8777371,4.50480223,4.69639969,-5.79219341,1.4671762,2.33726907,6.25787449,-0.98162353,-2.06072474,-15.9111271,-12.3486853,0.459308207,-10.8853464,0.12,0.12,-0.6,0.2,0.12,0.12,0.2,0.2,-0.23,-0.23,0.0367446566,-0.08,0.12,0.6,0.12,0.2,0.23,0.0367446566,-0.12,0.2,0.12,-0.2,0.08,0.23
7,8796833,4.5647645,4.68182373,-5.92142963,1.42153776,1.97472453,6.21362638,-1.12391436,-2.06471634,-16.2904739,-12.6848631,0.45163992,-10.7364521,0.12,0.12,-0.6,0.2,0.12,0.12,0.2,0.2,-0.23,-0.23,0.0361311936,-0.08,0.12,0.6,0.12,0.2,0.23,0.0361311936,-0.12,0.2,0.12,-0.2,0.08,0.23
8,8819320,4.60975504,4.69515133,-6.04729652,1.38820696,1.77002978,6.18883657,-1.23459446,-2.05027843,-16.6229496,-12.9513826,0.431661159,-10.6291161,0.12,0.12,-0.6,0.2,0.12,0.12,0.2,0.2,-0.23,-0.23,0.0345328927,-0.08,0.12,0.6,0.12,0.2,0.23,0.0345328927,-0.12,0.2,0.12,-0.2,0.08,0.23
9,8841826,4.67562675,4.71250105,-6.14502621,1.37020111,1.66295409,6.17533445,-1.32753384,-2.02589393,-16.868288,-13.1444988,0.410691202,-10.5615215,0.12,0.12,-0.6,0.2,0.12,0.12,0.2,0.2,-0.23,-0.23,0.0328552961,-0.08,0.12,0.6,0.12,0.2,0.23,0.0328552961,-0.12,0.2,0.12,-0.2,0.08,0.23
10,8855331,4.73612499,4.71377563,-6.23373175,1.36190701,1.609375,6.16972113,-1.41064715,-2.01353717,-17.0891171,-13.3328133,0.389434457,-10.526125,0.12,0.12,-0.6,0.2,0.12,0.12,0.2,0.2,-0.23,-0.23,0.0311547565,-0.08,0.12,0.6,0.12,0.2,0.23,0.0311547565,-0.12,0.2,0.12,-0.2,0.08,0.23
11,8880746,4.79104471,4.70977879,-6.3089695,1.36153889,1.57243395,6.16829205,-1.47762132,-2.01213503,-17.2804356,-13.5182638,0.375226468,-10.5038204,0.12,0.12,-0.6,0.2,0.12,0.12,0.2,0.2,-0.23,-0.23,0.0300181174,-0.08,0.12,0.6,0.12,0.2,0.23,0.0300181174,-0.12,0.2,0.12,-0.2,0.08,0.23
12,8893836,4.83441401,4.70367241,-6.37087727,1.36232233,1.53471327,6.16134977,-1.53542614,-2.01464796,-17.4493294,-13.6935463,0.369224429,-10.4795542,0.12,0.12,-0.6,0.2,0.12,0.12,0.2,0.2,-0.23,-0.23,0.0295379543,-0.08,0.12,0.6,0.12,0.2,0.23,0.0295379543,-0.12,0.2,0.12,-0.2,0.08,0.23
13,8915788,4.86869574,4.69560719,-6.41922379,1.36372828,1.49582684,6.1504631,-1.58486116,-2.01829624,-17.5912323,-13.8446751,0.369150937,-10.4539137,0.12,0.12,-0.6,0.2,0.119666147,0.12,0.2,0.2,-0.23,-0.23,0.0295320749,-0.08,0.12,0.6,0.119666147,0.2,0.23,0.0295320749,-0.12,0.2,0.12,-0.2,0.08,0.23
14,8938984,4.89322853,4.68626451,-6.45674419,1.36476028,1.45998597,6.13978529,-1.62536037,-2.02231193,-17.7084122,-13.9688053,0.370899677,-10.4294195,0.12,0.12,-0.6,0.2,0.116798878,0.12,0.2,0.2,-0.23,-0.23,0.0296719742,-0.08,0.12,0.6,0.116798878,0.2,0.23,0.0296719742,-0.12,0.2,0.12,-0.2,0.08,0.23
15,8959156,4.9116559,4.67587042,-6.48577881,1.36475754,1.42744684,6.13184261,-1.65780067,-2.02794409,-17.8080044,-14.0695839,0.372211426,-10.4074335,0.12,0.12,-0.6,0.2,0.114195747,0.12,0.2,0.2,-0.23,-0.23,0.0297769141,-0.08,0.12,0.6,0.114195747,0.2,0.23,0.0297769141,-0.12,0.2,0.12,-0.2,0.08,0.23
16,8976250,4.92668009,4.66515923,-6.50848532,1.36353397,1.39948416,6.1271143,-1.68437338,-2.03429794,-17.8944454,-14.1501942,0.372774005,-10.3885727,0.12,0.12,-0.6,0.2,0.111958733,0.12,0.2,0.2,-0.23,-0.23,0.0298219204,-0.08,0.12,0.6,0.111958733,0.2,0.23,0.0298219204,-0.12,0.2,0.12,-0.2,0.08,0.23
17,8995826,4.94029808,4.65477371,-6.52710247,1.3615967,1.37643659,6.12501049,-1.70663047,-2.04025578,-17.9697857,-14.2149534,0.372861743,-10.3728523,0.12,0.12,-0.6,0.2,0.110114927,0.12,0.2,0.2,-0.23,-0.23,0.0298289394,-0.08,0.12,0.6,0.110114927,0.2,0.23,0.0298289394,-0.12,0.2,0.12,-0.2,0.08,0.23
18,9023472,4.95214367,4.6455555,-6.54212236,1.35962641,1.35808575,6.12436676,-1.72533619,-2.04503584,-18.0342159,-14.2668276,0.372774214,-10.3597765,0.12,0.12,-0.6,0.2,0.10864686,0.12,0.2,0.2,-0.23,-0.23,0.0298219371,-0.08,0.12,0.6,0.10864686,0.2,0.23,0.0298219371,-0.12,0.2,0.12,-0.2,0.08,0.23
19,9033753,4.96283197,4.63785744,-6.55437088,1.35781169,1.34392214,6.12455273,-1.74097955,-2.04844093,-18.0878906,-14.3081493,0.372716278,-10.3490877,0.12,0.12,-0.6,0.2,0.107513771,0.12,0.2,0.2,-0.23,-0.23,0.0298173022,-0.08,0.12,0.6,0.107513771,0.2,0.23,0.0298173022,-0.12,0.2,0.12,-0.2,0.08,0.23
20,9059035,4.97204113,4.63148499,-6.56382132,1.35611308,1.33344972,6.12526608,-1.7539978,-2.05086923,-18.1321316,-14.3409748,0.372677892,-10.3405218,0.12,0.12,-0.6,0.2,0.106675978,0.12,0.2,0.2,-0.23,-0.23,0.0298142314,-0.08,0.12,0.6,0.106675978,0.2,0.23,0.0298142314,-0.12,0.2,0.12,-0.2,0.08,0.23
21,9075305,4.97957325,4.62618303,-6.5709095,1.35474074,1.32547879,6.12614965,-1.76456201,-2.05282974,-18.1683731,-14.367156,0.372583479,-10.3335848,0.12,0.12,-0.6,0.2,0.106038303,0.12,0.2,0.2,-0.23,-0.23,0.0298066783,-0.08,0.12,0.6,0.106038303,0.2,0.23,0.0298066783,-0.12,0.2,0.12,-0.2,0.08,0.23
22,9101009,4.98623991,4.62185097,-6.57662916,1.35355473,1.31912982,6.12685251,-1.77362514,-2.05418229,-18.1980057,-14.3883829,0.372578263,-10.3277121,0.12,0.12,-0.6,0.2,0.105530386,0.12,0.2,0.2,-0.23,-0.23,0.0298062611,-0.08,0.12,0.6,0.105530386,0.2,0.23,0.0298062611,-0.12,0.2,0.12,-0.2,0.08,0.23
23,9116962,4.99178982,4.61815834,-6.58105612,1.3526448,1.31401372,6.12752295,-1.78096354,-2.05536914,-18.222105,-14.4056435,0.372644275,-10.3229189,0.12,0.12,-0.6,0.2,0.105121098,0.12,0.2,0.2,-0.23,-0.23,0.029811542,-0.08,0.12,0.6,0.105121098,0.2,0.23,0.029811542,-0.12,0.2,0.12,-0.2,0.08,0.23
24,9136263,4.99634695,4.61499453,-6.58462667,1.3519206,1.30989909,6.12810898,-1.78696561,-2.05646276,-18.2417755,-14.4198036,0.372694492,-10.3190985,0.12,0.12,-0.6,0.2,0.104791927,0.12,0.2,0.2,-0.23,-0.23,0.0298155594,-0.08,0.12,0.6,0.104791927,0.2,0.23,0.0298155594,-0.12,0.2,0.12,-0.2,0.08,0.23
25,9155751,4.99996805,4.61239529,-6.58750153,1.3513087,1.3065424,6.12847948,-1.79212809,-2.05727792,-18.2579479,-14.4313555,0.372779131,-10.3159189,0.12,0.12,-0.6,0.2,0.104523392,0.12,0.2,0.2,-0.23,-0.23,0.0298223305,-0.08,0.12,0.6,0.104523392,0.2,0.23,0.0298223305,-0.12,0.2,0.12,-0.2,0.08,0.23
26,9177384,5.0030036,4.61025572,-6.58982563,1.35076046,1.30392694,6.12877178,-1.7965827,-2.05776668,-18.2712364,-14.44069,0.372928411,-10.3133278,0.12,0.12,-0.6,0.2,0.104314156,0.12,0.2,0.2,-0.23,-0.23,0.0298342729,-0.08,0.12,0.6,0.104314156,0.2,0.23,0.0298342729,-0.12,0.2,0.12,-0.2,0.08,0.23
27,9201320,5.0053153,4.60848427,-6.59161949,1.35034978,1.30189919,6.12906313,-1.80014241,-2.05817318,-18.2821407,-14.4483232,0.373048991,-10.3112535,0.12,0.12,-0.6,0.2,0.104151936,0.12,0.2,0.2,-0.23,-0.23,0.0298439193,-0.08,0.12,0.6,0.104151936,0.2,0.23,0.0298439193,-0.12,0.2,0.12,-0.2,0.08,0.23
28,9217084,5.00722742,4.60704708,-6.59300995,1.34998548,1.30038929,6.12944508,-1.80294025,-2.05847311,-18.2911205,-14.454525,0.373111188,-10.309638,0.12,0.12,-0.6,0.2,0.104031143,0.12,0.2,0.2,-0.23,-0.23,0.0298488951,-0.08,0.12,0.6,0.104031143,0.2,0.23,0.0298488951,-0.12,0.2,0.12,-0.2,0.08,0.23
29,9235569,5.00919056,4.60592222,-6.59439373,1.34955287,1.29937327,6.12977076,-1.805511,-2.05852056,-18.2986374,-14.4595785,0.373164564,-10.3083982,0.12,0.12,-0.6,0.2,0.103949862,0.12,0.2,0.2,-0.23,-0.23,0.0298531651,-0.08,0.12,0.6,0.103949862,0.2,0.23,0.0298531651,-0.12,0.2,0.12,-0.2,0.08,0.23
30,9270930,5.01100063,4.60505629,-6.59575844,1.34925759,1.29855788,6.12993479,-1.80780613,-2.05853724,-18.3049088,-14.4638243,0.373225152,-10.3074274,0.12,0.12,-0.6,0.2,0.10388463,0.12,0.2,0.2,-0.23,-0.23,0.0298580122,-0.08,0.12,0.6,0.10388463,0.2,0.23,0.0298580122,-0.12,0.2,0.12,-0.2,0.08,0.23
31,9275148,5.01220036,4.60438013,-6.5967679,1.34914768,1.29772687,6.12989044,-1.80973625,-2.05865312,-18.3099918,-14.4673824,0.373304218,-10.3065224,0.12,0.12,-0.6,0.2,0.10381815,0.12,0.2,0.2,-0.23,-0.23,0.0298643374,-0.08,0.12,0.6,0.10381815,0.2,0.23,0.0298643374,-0.12,0.2,0.12,-0.2,0.08,0.23
32,9295344,5.01276636,4.60386038,-6.59745598,1.34912825,1.29686558,6.12957001,-1.81147289,-2.05878329,-18.3140774,-14.4703417,0.373427778,-10.3056221,0.12,0.12,-0.6,0.2,0.103749247,0.12,0.2,0.2,-0.23,-0.23,0.0298742223,-0.08,0.12,0.6,0.103749247,0.2,0.23,0.0298742223,-0.12,0.2,0.12,-0.2,0.08,0.23
33,9322619,5.01337576,4.60346031,-6.59808493,1.34899354,1.29632294,6.12924433,-1.81324947,-2.05863881,-18.317524,-14.4728107,0.373636425,-10.3048782,0.12,0.12,-0.6,0.2,0.103705835,0.12,0.2,0.2,-0.23,-0.23,0.029890914,-0.08,0.12,0.6,0.103705835,0.2,0.23,0.029890914,-0.12,0.2,0.12,-0.2,0.08,0.23
34,9336683,5.01344109,4.60313129,-6.59823847,1.34903312,1.29586232,6.12906361,-1.81438518,-2.05857515,-18.3203259,-14.4748306,0.373829842,-10.3041172,0.12,0.12,-0.6,0.2,0.103668985,0.12,0.2,0.2,-0.23,-0.23,0.0299063873,-0.08,0.12,0.6,0.103668985,0.2,0.23,0.0299063873,-0.12,0.2,0.12,-0.2,0.08,0.23
35,9376752,5.01365709,4.60282803,-6.59847975,1.34889019,1.29561579,6.12893295,-1.81548965,-2.05846214,-18.322916,-14.4764881,0.373925894,-10.3035431,0.12,0.12,-0.6,0.2,0.103649263,0.12,0.2,0.2,-0.23,-0.23,0.0299140716,-0.08,0.12,0.6,0.103649263,0.2,0.23,0.0299140716,-0.12,0.2,0.12,-0.2,0.08,0.23
36,9379789,5.01343346,4.60264349,-6.5983448,1.34890819,1.2953335,6.12888241,-1.81608999,-2.05845189,-18.3250942,-14.4777517,0.373976946,-10.3029327,0.12,0.12,-0.6,0.2,0.10362668,0.12,0.2,0.2,-0.23,-0.23,0.0299181557,-0.08,0.12,0.6,0.10362668,0.2,0.23,0.0299181557,-0.12,0.2,0.12,-0.2,0.08,0.23
37,9395292,5.01395607,4.60238504,-6.59880781,1.34883547,1.29503715,6.12884521,-1.81680226,-2.05838537,-18.3268909,-14.4790182,0.373997241,-10.302536,0.12,0.12,-0.6,0.2,0.103602972,0.12,0.2,0.2,-0.23,-0.23,0.0299197793,-0.08,0.12,0.6,0.103602972,0.2,0.23,0.0299197793,-0.12,0.2,0.12,-0.2,0.08,0.23
38,9420038,5.01443768,4.60214329,-6.59919977,1.34874368,1.29493117,6.12892342,-1.81735098,-2.05838561,-18.3285103,-14.4800892,0.374010772,-10.3023825,0.12,0.12,-0.6,0.2,0.103594494,0.12,0.2,0.2,-0.23,-0.23,0.0299208617,-0.08,0.12,0.6,0.103594494,0.2,0.23,0.0299208617,-0.12,0.2,0.12,-0.2,0.08,0.23
39,9435357,5.01454496,4.60195398,-6.59930658,1.34886622,1.29468787,6.12904835,-1.81747019,-2.05856991,-18.3296528,-14.4809752,0.374002308,-10.3021927,0.12,0.12,-0.6,0.2,0.103575029,0.12,0.2,0.2,-0.23,-0.23,0.0299201846,-0.08,0.12,0.6,0.103575029,0.2,0.23,0.0299201846,-0.12,0.2,0.12,-0.2,0.08,0.23
40,9471678,5.0145936,4.60175467,-6.59942389,1.34887755,1.29433358,6.12904692,-1.81767106,-2.05874968,-18.3305855,-14.4817352,0.373971432,-10.3019581,0.12,0.12,-0.6,0.2,0.103546686,0.12,0.2,0.2,-0.23,-0.23,0.0299177146,-0.08,0.12,0.6,0.103546686,0.2,0.23,0.0299177146,-0.12,0.2,0.12,-0.2,0.08,0.23
41,9475532,5.01442528,4.60154057,-6.59916067,1.34885395,1.29416454,6.1292758,-1.81750393,-2.05895567,-18.3313141,-14.4821358,0.373942375,-10.3018675,0.12,0.12,-0.6,0.2,0.103533163,0.12,0.2,0.2,-0.23,-0.23,0.02991539,-0.08,0.12,0.6,0.103533163,0.2,0.23,0.02991539,-0.12,0.2,0.12,-0.2,0.08,0.23
42,9497341,5.01461124,4.60129547,-6.59915495,1.34880471,1.29404771,6.12963438,-1.81720448,-2.05911326,-18.3318386,-14.4825745,0.373864532,-10.3018436,0.12,0.12,-0.6,0.2,0.103523817,0.12,0.2,0.2,-0.23,-0.23,0.0299091625,-0.08,0.12,0.6,0.103523817,0.2,0.23,0.0299091625,-0.12,0.2,0.12,-0.2,0.08,0.23
43,9516212,5.01480341,4.60101032,-6.59902239,1.34863055,1.29410219,6.13016367,-1.81672728,-2.0593853,-18.3324146,-14.4827776,0.373687506,-10.3020201,0.12,0.12,-0.6,0.2,0.103528175,0.12,0.2,0.2,-0.23,-0.23,0.0298950005,-0.08,0.12,0.6,0.103528175,0.2,0.23,0.0298950005,-0.12,0.2,0.12,-0.2,0.08,0.23
44,9535338,5.01561689,4.60086489,-6.59931231,1.3482945,1.29446363,6.13064384,-1.81672084,-2.05933809,-18.3330669,-14.4828091,0.373535573,-10.3023596,0.12,0.12,-0.6,0.2,0.103557091,0.12,0.2,0.2,-0.23,-0.23,0.0298828459,-0.08,0.12,0.6,0.103557091,0.2,0.23,0.0298828459,-0.12,0.2,0.12,-0.2,0.08,0.23
45,9556524,5.0162096,4.60082817,-6.59975004,1.3483479,1.29437292,6.13076878,-1.81668723,-2.05943274,-18.3333073,-14.4830542,0.373447597,-10.3024435,0.12,0.12,-0.6,0.2,0.103549833,0.12,0.2,0.2,-0.23,-0.23,0.0298758078,-0.08,0.12,0.6,0.103549833,0.2,0.23,0.0298758078,-0.12,0.2,0.12,-0.2,0.08,0.23
46,9576275,5.01651859,4.60084677,-6.60007572,1.34848773,1.29390323,6.13055372,-1.81680179,-2.05965257,-18.3331318,-14.483223,0.373470604,-10.3023224,0.12,0.12,-0.6,0.2,0.103512259,0.12,0.2,0.2,-0.23,-0.23,0.0298776484,-0.08,0.12,0.6,0.103512259,0.2,0.23,0.0298776484,-0.12,0.2,0.12,-0.2,0.08,0.23
47,9596738,5.01720953,4.60093164,-6.60077047,1.34830165,1.29388976,6.13010931,-1.81784248,-2.05938053,-18.3331738,-14.4834051,0.373645544,-10.3023529,0.12,0.12,-0.6,0.2,0.103511181,0.12,0.2,0.2,-0.23,-0.23,0.0298916435,-0.08,0.12,0.6,0.103511181,0.2,0.23,0.0298916435,-0.12,0.2,0.12,-0.2,0.08,0.23
48,9630733,5.0178051,4.60106754,-6.60131645,1.34822726,1.29424834,6.12981081,-1.81890118,-2.05885267,-18.3333549,-14.4836349,0.373898983,-10.3025036,0.12,0.12,-0.6,0.2,0.103539867,0.12,0.2,0.2,-0.23,-0.23,0.0299119186,-0.08,0.12,0.6,0.103539867,0.2,0.23,0.0299119186,-0.12,0.2,0.12,-0.2,0.08,0.23
49,9637702,5.01784372,4.60123014,-6.60136509,1.3483181,1.29453254,6.12964821,-1.81944096,-2.0584209,-18.3335018,-14.4838285,0.3740713,-10.3024502,0.12,0.12,-0.6,0.2,0.103562603,0.12,0.2,0.2,-0.23,-0.23,0.029925704,-0.08,0.12,0.6,0.103562603,0.2,0.23,0.029925704,-0.12,0.2,0.12,-0.2,0.08,0.23
50,9655281,5.01814079,4.60146618,-6.6016326,1.3482101,1.29496026,6.12942648,-1.82016885,-2.05785418,-18.3339195,-14.4839993,0.374147236,-10.3024597,0.12,0.12,-0.6,0.2,0.103596821,0.12,0.2,0.2,-0.23,-0.23,0.0299317789,-0.08,0.12,0.6,0.103596821,0.2,0.23,0.0299317789,-0.12,0.2,0.12,-0.2,0.08,0.23
51,9677235,5.01834202,4.6017499,-6.60194397,1.34831607,1.29522026,6.12906075,-1.8208735,-2.05737495,-18.334362,-14.4843855,0.374249309,-10.3023586,0.12,0.12,-0.6,0.2,0.10361762,0.12,0.2,0.2,-0.23,-0.23,0.0299399447,-0.08,0.12,0.6,0.10361762,0.2,0.23,0.0299399447,-0.12,0.2,0.12,-0.2,0.08,0.23
52,9695230,5.01792574,4.60180044,-6.60186052,1.34848499,1.29527378,6.12866735,-1.82131553,-2.05730367,-18.3348808,-14.4849157,0.374284834,-10.302268,0.12,0.12,-0.6,0.2,0.103621902,0.12,0.2,0.2,-0.23,-0.23,0.0299427867,-0.08,0.12,0.6,0.103621902,0.2,0.23,0.0299427867,-0.12,0.2,0.12,-0.2,0.08,0.23
53,9732763,5.01775265,4.6019249,-6.60212851,1.34869719,1.29502523,6.12816143,-1.8218292,-2.05712342,-18.3352566,-14.4856005,0.374373257,-10.3019838,0.12,0.12,-0.6,0.2,0.103602018,0.12,0.2,0.2,-0.23,-0.23,0.0299498606,-0.08,0.12,0.6,0.103602018,0.2,0.23,0.0299498606,-0.12,0.2,0.12,-0.2,0.08,0.23
54,9736720,5.01718426,4.60194635,-6.60196733,1.34882486,1.29498756,6.12771463,-1.82237589,-2.05698824,-18.3357449,-14.4862146,0.374521673,-10.3017378,0.12,0.12,-0.6,0.2,0.103599005,0.12,0.2,0.2,-0.23,-0.23,0.0299617338,-0.08,0.12,0.6,0.103599005,0.2,0.23,0.0299617338,-0.12,0.2,0.12,-0.2,0.08,0.23
55,9762587,5.01677704,4.60195684,-6.60183191,1.34901333,1.29483378,6.12754726,-1.8224417,-2.05691814,-18.3361034,-14.4866982,0.374607146,-10.3014612,0.12,0.12,-0.6,0.2,0.103586702,0.12,0.2,0.2,-0.23,-0.23,0.0299685717,-0.08,0.12,0.6,0.103586702,0.2,0.23,0.0299685717,-0.12,0.2,0.12,-0.2,0.08,0.23
56,9780232,5.01610327,4.60185099,-6.60149813,1.34918106,1.29456508,6.12748623,-1.822245,-2.05707216,-18.3364601,-14.4871845,0.374585152,-10.3011236,0.12,0.12,-0.6,0.2,0.103565207,0.12,0.2,0.2,-0.23,-0.23,0.0299668121,-0.08,0.12,0.6,0.103565207,0.2,0.23,0.0299668121,-0.12,0.2,0.12,-0.2,0.08,0.23
57,9795793,5.01554871,4.60176325,-6.60130405,1.3492583,1.294155,6.12727737,-1.82218862,-2.05730438,-18.3368893,-14.4874153,0.374544233,-10.3007755,0.12,0.12,-0.6,0.2,0.1035324,0.12,0.2,0.2,-0.23,-0.23,0.0299635386,-0.08,0.12,0.6,0.1035324,0.2,0.23,0.0299635386,-0.12,0.2,0.12,-0.2,0.08,0.23
58,9818888,5.01490498,4.60164928,-6.60090876,1.34942687,1.29366589,6.12725401,-1.82185483,-2.05755877,-18.3370991,-14.4876242,0.374542356,-10.3003674,0.12,0.12,-0.6,0.2,0.103493271,0.12,0.2,0.2,-0.23,-0.23,0.0299633884,-0.08,0.12,0.6,0.103493271,0.2,0.23,0.0299633884,-0.12,0.2,0.12,-0.2,0.08,0.23
59,9838167,5.01440001,4.60126829,-6.60044575,1.34940922,1.29341424,6.12763357,-1.82110536,-2.05800915,-18.3372364,-14.4876785,0.374404609,-10.3003559,0.12,0.12,-0.6,0.2,0.103473139,0.12,0.2,0.2,-0.23,-0.23,0.0299523687,-0.08,0.12,0.6,0.103473139,0.2,0.23,0.0299523687,-0.12,0.2,0.12,-0.2,0.08,0.23
60,9857636,5.01394844,4.60099077,-6.59987354,1.34933269,1.293365,6.12827301,-1.82006097,-2.05846906,-18.3373737,-14.4874821,0.374191403,-10.3004627,0.12,0.12,-0.6,0.2,0.1034692,0.12,0.2,0.2,-0.23,-0.23,0.0299353123,-0.08,0.12,0.6,0.1034692,0.2,0.23,0.0299353123,-0.12,0.2,0.12,-0.2,0.08,0.23
61,9880792,5.01406097,4.60077047,-6.59958267,1.34913385,1.29337859,6.12893724,-1.81923795,-2.05876923,-18.3374672,-14.4871559,0.373982072,-10.3005705,0.12,0.12,-0.6,0.2,0.103470287,0.12,0.2,0.2,-0.23,-0.23,0.0299185658,-0.08,0.12,0.6,0.103470287,0.2,0.23,0.0299185658,-0.12,0.2,0.12,-0.2,0.08,0.23
62,9894100,5.01472855,4.60056973,-6.59983873,1.348948,1.29331458,6.12941694,-1.81870425,-2.05902433,-18.33745,-14.4868402,0.373786539,-10.3007641,0.12,0.12,-0.6,0.2,0.103465166,0.12,0.2,0.2,-0.23,-0.23,0.0299029231,-0.08,0.12,0.6,0.103465166,0.2,0.23,0.0299029231,-0.12,0.2,0.12,-0.2,0.08,0.23
63,9916788,5.01510954,4.60046911,-6.6000371,1.34890664,1.29311061,6.12962723,-1.81834376,-2.05941558,-18.3371964,-14.4865541,0.37366268,-10.3009319,0.12,0.12,-0.6,0.2,0.103448849,0.12,0.2,0.2,-0.23,-0.23,0.0298930144,-0.08,0.12,0.6,0.103448849,0.2,0.23,0.0298930144,-0.12,0.2,0.12,-0.2,0.08,0.23
64,9936784,5.01546717,4.60046911,-6.60035658,1.34885466,1.29289269,6.12947273,-1.81856239,-2.05953813,-18.3367958,-14.486268,0.373684943,-10.3009787,0.12,0.12,-0.6,0.2,0.103431416,0.12,0.2,0.2,-0.23,-0.23,0.0298947954,-0.08,0.12,0.6,0.103431416,0.2,0.23,0.0298947954,-0.12,0.2,0.12,-0.2,0.08,0.23
65,9956068,5.01531124,4.60063076,-6.60041761,1.34883821,1.29282391,6.12897682,-1.81924856,-2.05938983,-18.3364334,-14.4859228,0.373882115,-10.3008709,0.12,0.12,-0.6,0.2,0.103425913,0.12,0.2,0.2,-0.23,-0.23,0.0299105692,-0.08,0.12,0.6,0.103425913,0.2,0.23,0.0299105692,-0.12,0.2,0.12,-0.2,0.08,0.23
66,9975432,5.01450109,4.60072517,-6.59953356,1.34860885,1.29359889,6.12893248,-1.81965709,-2.05900836,-18.3364601,-14.4852667,0.374059558,-10.3010683,0.12,0.12,-0.6,0.2,0.103487911,0.12,0.2,0.2,-0.23,-0.23,0.0299247646,-0.08,0.12,0.6,0.103487911,0.2,0.23,0.0299247646,-0.12,0.2,0.12,-0.2,0.08,0.23
67,9996932,5.01401806,4.60097837,-6.5989995,1.34858799,1.29424644,6.12904692,-1.81955802,-2.058532,-18.3363457,-14.484849,0.374110311,-10.301033,0.12,0.12,-0.6,0.2,0.103539715,0.12,0.2,0.2,-0.23,-0.23,0.0299288249,-0.08,0.12,0.6,0.103539715,0.2,0.23,0.0299288249,-0.12,0.2,0.12,-0.2,0.08,0.23
68,10029379,5.01463223,4.60113382,-6.59911251,1.34850836,1.29462028,6.12938833,-1.81926692,-2.058218,-18.3361492,-14.4847136,0.374062181,-10.3010683,0.12,0.12,-0.6,0.2,0.103569622,0.12,0.2,0.2,-0.23,-0.23,0.0299249744,-0.08,0.12,0.6,0.103569622,0.2,0.23,0.0299249744,-0.12,0.2,0.12,-0.2,0.08,0.23
69,10036586,5.01611376,4.60124731,-6.60010767,1.34834516,1.29481316,6.12947464,-1.819543,-2.05808163,-18.3361568,-14.4847555,0.373999685,-10.3012514,0.12,0.12,-0.6,0.2,0.103585052,0.12,0.2,0.2,-0.23,-0.23,0.0299199748,-0.08,0.12,0.6,0.103585052,0.2,0.23,0.0299199748,-0.12,0.2,0.12,-0.2,0.08,0.23
70,10061976,5.01700068,4.60119343,-6.6009922,1.34835756,1.29484344,6.12929821,-1.82008851,-2.05825424,-18.3363667,-14.4851208,0.373942584,-10.3016787,0.12,0.12,-0.6,0.2,0.103587475,0.12,0.2,0.2,-0.23,-0.23,0.0299154067,-0.08,0.12,0.6,0.103587475,0.2,0.23,0.0299154067,-0.12,0.2,0.12,-0.2,0.08,0.23
71,10087048,5.01736641,4.60124016,-6.60157967,1.34864652,1.2943598,6.12891102,-1.82057464,-2.05827641,-18.3360825,-14.4855251,0.374069452,-10.3016901,0.12,0.12,-0.6,0.2,0.103548784,0.12,0.2,0.2,-0.23,-0.23,0.0299255562,-0.08,0.12,0.6,0.103548784,0.2,0.23,0.0299255562,-0.12,0.2,0.12,-0.2,0.08,0.23
72,10099558,5.01745033,4.60127115,-6.60186625,1.34884965,1.29396665,6.12860632,-1.82088351,-2.05817056,-18.3355694,-14.4859142,0.374286652,-10.3016033,0.12,0.12,-0.6,0.2,0.103517332,0.12,0.2,0.2,-0.23,-0.23,0.0299429321,-0.08,0.12,0.6,0.103517332,0.2,0.23,0.0299429321,-0.12,0.2,0.12,-0.2,0.08,0.23
73,10113518,5.01795483,4.60129023,-6.60202694,1.34863496,1.29443657,6.12884855,-1.82112193,-2.05776811,-18.3355656,-14.4860268,0.374422222,-10.3019047,0.12,0.12,-0.6,0.2,0.103554926,0.12,0.2,0.2,-0.23,-0.23,0.0299537778,-0.08,0.12,0.6,0.103554926,0.2,0.23,0.0299537778,-0.12,0.2,0.12,-0.2,0.08,0.23
74,10139667,5.01867867,4.60132933,-6.60242653,1.34839666,1.29515493,6.12919331,-1.82142532,-2.05728936,-18.3361359,-14.4862709,0.374363273,-10.3022604,0.12,0.12,-0.6,0.2,0.103612394,0.12,0.2,0.2,-0.23,-0.23,0.0299490619,-0.08,0.12,0.6,0.103612394,0.2,0.23,0.0299490619,-0.12,0.2,0.12,-0.2,0.08,0.23
75,10161692,5.01933432,4.60141611,-6.60289764,1.34845698,1.29523408,6.12932205,-1.82145667,-2.05710673,-18.3365955,-14.486598,0.37421298,-10.302372,0.12,0.12,-0.6,0.2,0.103618727,0.12,0.2,0.2,-0.23,-0.23,0.0299370384,-0.08,0.12,0.6,0.103618727,0.2,0.23,0.0299370384,-0.12,0.2,0.12,-0.2,0.08,0.23
76,10173615,5.01967335,4.60152721,-6.6034503,1.34864283,1.29482388,6.12890673,-1.82180619,-2.05714154,-18.3367558,-14.4870729,0.374151975,-10.3022366,0.12,0.12,-0.6,0.2,0.103585911,0.12,0.2,0.2,-0.23,-0.23,0.029932158,-0.08,0.12,0.6,0.103585911,0.2,0.23,0.029932158,-0.12,0.2,0.12,-0.2,0.08,0.23
77,10197930,5.01933861,4.60153532,-6.60357332,1.34890115,1.29441094,6.12839842,-1.82207656,-2.05735016,-18.3367329,-14.487607,0.374205053,-10.3021822,0.12,0.12,-0.6,0.2,0.103552876,0.12,0.2,0.2,-0.23,-0.23,0.0299364042,-0.08,0.12,0.6,0.103552876,0.2,0.23,0.0299364042,-0.12,0.2,0.12,-0.2,0.08,0.23
78,10219301,5.01868105,4.60154295,-6.60341835,1.3489933,1.29430413,6.12785435,-1.82272029,-2.05724335,-18.3369007,-14.4880791,0.374383032,-10.3020172,0.12,0.12,-0.6,0.2,0.103544331,0.12,0.2,0.2,-0.23,-0.23,0.0299506426,-0.08,0.12,0.6,0.103544331,0.2,0.23,0.0299506426,-0.12,0.2,0.12,-0.2,0.08,0.23
79,10235838,5.01761198,4.6016674,-6.60289001,1.34912848,1.29424548,6.12736273,-1.8231734,-2.05700397,-18.3372402,-14.4883413,0.374588937,-10.3015661,0.12,0.12,-0.6,0.2,0.103539639,0.12,0.2,0.2,-0.23,-0.23,0.0299671149,-0.08,0.12,0.6,0.103539639,0.2,0.23,0.0299671149,-0.12,0.2,0.12,-0.2,0.08,0.23
80,10264226,5.01653481,4.60177565,-6.60206556,1.34921932,1.29427969,6.12719107,-1.82314801,-2.05679297,-18.3375549,-14.4883671,0.374701291,-10.3010454,0.12,0.12,-0.6,0.2,0.103542376,0.12,0.2,0.2,-0.23,-0.23,0.0299761033,-0.08,0.12,0.6,0.103542376,0.2,0.23,0.0299761033,-0.12,0.2,0.12,-0.2,0.08,0.23
81,10274236,5.01585388,4.60171461,-6.60155439,1.34926939,1.29428589,6.12729692,-1.82269108,-2.05684209,-18.3378582,-14.4884443,0.374605656,-10.3007517,0.12,0.12,-0.6,0.2,0.103542871,0.12,0.2,0.2,-0.23,-0.23,0.0299684525,-0.08,0.12,0.6,0.103542871,0.2,0.23,0.0299684525,-0.12,0.2,0.12,-0.2,0.08,0.23
82,10308662,5.01581955,4.60166693,-6.60170555,1.34942091,1.29385388,6.12723303,-1.82241404,-2.05705357,-18.338026,-14.4887066,0.374504954,-10.3004026,0.12,0.12,-0.6,0.2,0.10350831,0.12,0.2,0.2,-0.23,-0.23,0.0299603963,-0.08,0.12,0.6,0.10350831,0.2,0.23,0.0299603963,-0.12,0.2,0.12,-0.2,0.08,0.23
83,10334155,5.01556396,4.60155106,-6.60177708,1.34975493,1.29286933,6.12700224,-1.82208622,-2.05756474,-18.3378525,-14.4889708,0.374499798,-10.2998505,0.12,0.12,-0.6,0.2,0.103429546,0.12,0.2,0.2,-0.23,-0.23,0.0299599838,-0.08,0.12,0.6,0.103429546,0.2,0.23,0.0299599838,-0.12,0.2,0.12,-0.2,0.08,0.23
84,10368235,5.01493454,4.60129356,-6.60177851,1.34991121,1.2919091,6.12654066,-1.82217193,-2.05817294,-18.3377533,-14.4891195,0.37453559,-10.2994366,0.12,0.12,-0.6,0.2,0.103352728,0.12,0.2,0.2,-0.23,-0.23,0.0299628472,-0.08,0.12,0.6,0.103352728,0.2,0.23,0.0299628472,-0.12,0.2,0.12,-0.2,0.08,0.23
85,10400113,5.01130438,4.60075521,-6.59860277,1.34996998,1.29203641,6.12727833,-1.82025814,-2.05925536,-18.3378639,-14.4881849,0.374374568,-10.2995529,0.12,0.12,-0.6,0.2,0.103362913,0.12,0.2,0.2,-0.23,-0.23,0.0299499655,-0.08,0.12,0.6,0.103362913,0.2,0.23,0.0299499655,-0.12,0.2,0.12,-0.2,0.08,0.23
86,10423439,5.01082134,4.60003138,-6.59669542,1.34933472,1.29314244,6.1299243,-1.81704772,-2.059515,-18.3375988,-14.4871111,0.373822063,-10.3004599,0.12,0.12,-0.6,0.2,0.103451395,0.12,0.2,0.2,-0.23,-0.23,0.0299057651,-0.08,0.12,0.6,0.103451395,0.2,0.23,0.0299057651,-0.12,0.2,0.12,-0.2,0.08,0.23
87,10439723,5.01421118,4.59944725,-6.59784317,1.34857631,1.29386747,6.13274622,-1.81411707,-2.05983686,-18.3371906,-14.4866781,0.373015463,-10.3015242,0.12,0.12,-0.6,0.2,0.103509398,0.12,0.2,0.2,-0.23,-0.23,0.0298412371,-0.08,0.12,0.6,0.103509398,0.2,0.23,0.0298412371,-0.12,0.2,0.12,-0.2,0.08,0.23
88,10450519,5.0187459,4.59902573,-6.59986401,1.34763837,1.2944628,6.13491011,-1.81250548,-2.06081438,-18.337307,-14.4857779,0.372204989,-10.303134,0.12,0.12,-0.6,0.2,0.103557024,0.12,0.2,0.2,-0.23,-0.23,0.0297763991,-0.08,0.12,0.6,0.103557024,0.2,0.23,0.0297763991,-0.12,0.2,0.12,-0.2,0.08,0.23
89,10474886,5.02261877,4.59858847,-6.60212803,1.34709549,1.29461122,6.13622522,-1.81191742,-2.06182098,-18.3369427,-14.4852304,0.371513516,-10.3049955,0.12,0.12,-0.6,0.2,0.103568897,0.12,0.2,0.2,-0.23,-0.23,0.0297210813,-0.08,0.12,0.6,0.103568897,0.2,0.23,0.0297210813,-0.12,0.2,0.12,-0.2,0.08,0.23
90,10481927,5.02446461,4.59840584,-6.6041007,1.34734249,1.29368508,6.13566875,-1.81256843,-2.0626266,-18.3353615,-14.4852152,0.371393979,-10.3061581,0.12,0.12,-0.6,0.2,0.103494806,0.12,0.2,0.2,-0.23,-0.23,0.0297115183,-0.08,0.12,0.6,0.103494806,0.2,0.23,0.0297115183,-0.12,0.2,0.12,-0.2,0.08,0.23
91,10489230,5.02363634,4.59915733,-6.60384274,1.34779859,1.29272485,6.13406229,-1.81392956,-2.06244326,-18.3330479,-14.4844465,0.372191221,-10.3057222,0.12,0.12,-0.6,0.2,0.103417988,0.12,0.2,0.2,-0.23,-0.23,0.0297752976,-0.08,0.12,0.6,0.103417988,0.2,0.23,0.0297752976,-0.12,0.2,0.12,-0.2,0.08,0.23
92,10497486,5.02176189,4.60021114,-6.60322666,1.34813309,1.29207003,6.1316967,-1.8162632,-2.06143093,-18.3310318,-14.4837542,0.373281121,-10.3041344,0.12,0.12,-0.6,0.2,0.103365602,0.12,0.2,0.2,-0.23,-0.23,0.0298624897,-0.08,0.12,0.6,0.103365602,0.2,0.23,0.0298624897,-0.12,0.2,0.12,-0.2,0.08,0.23
93,10517084,5.01962709,4.60086393,-6.60205555,1.34841383,1.29170156,6.1302433,-1.8174262,-2.0605638,-18.3297596,-14.4831648,0.374033928,-10.3027105,0.12,0.12,-0.6,0.2,0.103336124,0.12,0.2,0.2,-0.23,-0.23,0.0299227142,-0.08,0.12,0.6,0.103336124,0.2,0.23,0.0299227142,-0.12,0.2,0.12,-0.2,0.08,0.23
94,10538729,5.01849508,4.60113382,-6.60118961,1.34792876,1.29254413,6.12961721,-1.81881225,-2.05935144,-18.3300762,-14.4824524,0.374361932,-10.3019915,0.12,0.12,-0.6,0.2,0.10340353,0.12,0.2,0.2,-0.23,-0.23,0.0299489546,-0.08,0.12,0.6,0.10340353,0.2,0.23,0.0299489546,-0.12,0.2,0.12,-0.2,0.08,0.23
95,10555773,5.01835489,4.60128307,-6.6009717,1.34749389,1.29412305,6.12974453,-1.81959128,-2.05818629,-18.331501,-14.482048,0.374275535,-10.3022203,0.12,0.12,-0.6,0.2,0.103529844,0.12,0.2,0.2,-0.23,-0.23,0.0299420428,-0.08,0.12,0.6,0.103529844,0.2,0.23,0.0299420428,-0.12,0.2,0.12,-0.2,0.08,0.23
96,10574383,5.01896954,4.60157585,-6.60132122,1.34745657,1.29542863,6.12999916,-1.82014215,-2.05717874,-18.3328934,-14.4822111,0.374124229,-10.3024988,0.12,0.12,-0.6,0.2,0.103634291,0.12,0.2,0.2,-0.23,-0.23,0.0299299383,-0.08,0.12,0.6,0.103634291,0.2,0.23,0.0299299383,-0.12,0.2,0.12,-0.2,0.08,0.23
97,10596224,5.01939106,4.6017952,-6.60198784,1.34810019,1.29533553,6.1299777,-1.81970644,-2.05721283,-18.3332863,-14.4830751,0.373927057,-10.3025236,0.12,0.12,-0.6,0.2,0.103626842,0.12,0.2,0.2,-0.23,-0.23,0.0299141645,-0.08,0.12,0.6,0.103626842,0.2,0.23,0.0299141645,-0.12,0.2,0.12,-0.2,0.08,0.23
98,10618274,5.01970959,4.6017971,-6.60263968,1.3484422,1.29499125,6.12960196,-1.81990957,-2.05759549,-18.333477,-14.4841499,0.373876959,-10.3027029,0.12,0.12,-0.6,0.2,0.1035993,0.12,0.2,0.2,-0.23,-0.23,0.0299101567,-0.08,0.12,0.6,0.1035993,0.2,0.23,0.0299101567,-0.12,0.2,0.12,-0.2,0.08,0.23
99,10639304,5.02006721,4.60167551,-6.60331917,1.34855306,1.29486358,6.12921381,-1.82067287,-2.05765557,-18.333889,-14.4852552,0.374019146,-10.3029737,0.12,0.12,-0.6,0.2,0.103589087,0.12,0.2,0.2,-0.23,-0.23,0.0299215317,-0.08,0.12,0.6,0.103589087,0.2,0.23,0.0299215317,-0.12,0.2,0.12,-0.2,0.08,0.23
100,10657769,5.01987743,4.60159779,-6.60360765,1.34859884,1.29487383,6.12864351,-1.82183111,-2.05740857,-18.3346176,-14.486187,0.374280632,-10.3029394,0.12,0.12,-0.6,0.2,0.103589907,0.12,0.2,0.2,-0.23,-0.23,0.0299424505,-0.08,0.12,0.6,0.103589907,0.2,0.23,0.0299424505,-0.12,0.2,0.12,-0.2,0.08,0.23
101,10679005,5.019835,4.6019311,-6.60408449,1.34879839,1.2945224,6.12782621,-1.82303846,-2.05678868,-18.3351612,-14.4868717,0.374631554,-10.3022575,0.12,0.12,-0.6,0.2,0.103561792,0.12,0.2,0.2,-0.23,-0.23,0.0299705243,-0.08,0.12,0.6,0.103561792,0.2,0.23,0.0299705243,-0.12,0.2,0.12,-0.2,0.08,0.23
102,10698915,5.01972198,4.60236025,-6.60465765,1.34917223,1.29384935,6.12670279,-1.82433808,-2.05622101,-18.3353577,-14.4876146,0.375017375,-10.3012276,0.12,0.12,-0.6,0.2,0.103507948,0.12,0.2,0.2,-0.23,-0.23,0.03000139,-0.08,0.12,0.6,0.103507948,0.2,0.23,0.03000139,-0.12,0.2,0.12,-0.2,0.08,0.23
103,10719241,5.01784039,4.60243988,-6.60385847,1.34953761,1.29344225,6.12568569,-1.82503498,-2.0562799,-18.3359108,-14.4879885,0.375220239,-10.3005342,0.12,0.12,-0.6,0.2,0.10347538,0.12,0.2,0.2,-0.23,-0.23,0.0300176191,-0.08,0.12,0.6,0.10347538,0.2,0.23,0.0300176191,-0.12,0.2,0.12,-0.2,0.08,0.23
104,10741371,5.01545811,4.60203695,-6.60137939,1.34948051,1.29430163,6.12667561,-1.82363558,-2.05635142,-18.3367023,-14.4878206,0.375046879,-10.3008251,0.12,0.12,-0.6,0.2,0.10354413,0.12,0.2,0.2,-0.23,-0.23,0.0300037503,-0.08,0.12,0.6,0.10354413,0.2,0.23,0.0300037503,-0.12,0.2,0.12,-0.2,0.08,0.23
105,10757114,5.0149498,4.60142708,-6.60022211,1.34946489,1.29491198,6.12857008,-1.82088244,-2.05661917,-18.33708,-14.4880991,0.374451965,-10.3012295,0.12,0.12,-0.6,0.2,0.103592958,0.12,0.2,0.2,-0.23,-0.23,0.0299561572,-0.08,0.12,0.6,0.103592958,0.2,0.23,0.0299561572,-0.12,0.2,0.12,-0.2,0.08,0.23
106,10783272,5.01645041,4.60092592,-6.60045147,1.34929824,1.29473448,6.13045979,-1.81810737,-2.05753541,-18.3373833,-14.4883747,0.373708129,-10.301631,0.12,0.12,-0.6,0.2,0.103578758,0.12,0.2,0.2,-0.23,-0.23,0.0298966503,-0.08,0.12,0.6,0.103578758,0.2,0.23,0.0298966503,-0.12,0.2,0.12,-0.2,0.08,0.23
107,10796512,5.01948023,4.60039663,-6.60213184,1.34882307,1.29422891,6.13176537,-1.81686199,-2.05860448,-18.3377323,-14.4885721,0.373056591,-10.3022938,0.12,0.12,-0.6,0.2,0.103538313,0.12,0.2,0.2,-0.23,-0.23,0.0298445272,-0.08,0.12,0.6,0.103538313,0.2,0.23,0.0298445272,-0.12,0.2,0.12,-0.2,0.08,0.23
108,10823240,5.02170515,4.5996213,-6.60419369,1.34865427,1.2934202,6.13206482,-1.81679404,-2.0599401,-18.3378391,-14.4891434,0.372564673,-10.303484,0.12,0.12,-0.6,0.2,0.103473616,0.12,0.2,0.2,-0.23,-0.23,0.0298051739,-0.08,0.12,0.6,0.103473616,0.2,0.23,0.0298051739,-0.12,0.2,0.12,-0.2,0.08,0.23
109,10835551,5.02134943,4.599576,-6.6046648,1.34897637,1.29219592,6.13104486,-1.81770039,-2.0606401,-18.3371067,-14.4891138,0.372775137,-10.303544,0.12,0.12,-0.6,0.2,0.103375673,0.12,0.2,0.2,-0.23,-0.23,0.029822011,-0.08,0.12,0.6,0.103375673,0.2,0.23,0.029822011,-0.12,0.2,0.12,-0.2,0.08,0.23
110,10860661,5.01951885,4.60009336,-6.60376072,1.34938598,1.29118717,6.12963581,-1.81874776,-2.06032562,-18.3355293,-14.4884787,0.373529196,-10.3024712,0.12,0.12,-0.6,0.2,0.103294973,0.12,0.2,0.2,-0.23,-0.23,0.0298823357,-0.08,0.12,0.6,0.103294973,0.2,0.23,0.0298823357,-0.12,0.2,0.12,-0.2,0.08,0.23
111,10876583,5.01753473,4.60053873,-6.60231686,1.34921479,1.29152477,6.12875032,-1.81968987,-2.0595212,-18.3346119,-14.487463,0.374165922,-10.3016529,0.12,0.12,-0.6,0.2,0.103321981,0.12,0.2,0.2,-0.23,-0.23,0.0299332738,-0.08,0.12,0.6,0.103321981,0.2,0.23,0.0299332738,-0.12,0.2,0.12,-0.2,0.08,0.23
112,10898540,5.01632738,4.60099936,-6.60114622,1.34877253,1.29280794,6.12853956,-1.82046449,-2.05839729,-18.3349781,-14.4864674,0.374436945,-10.3012037,0.12,0.12,-0.6,0.2,0.103424635,0.12,0.2,0.2,-0.23,-0.23,0.0299549556,-0.08,0.12,0.6,0.103424635,0.2,0.23,0.0299549556,-0.12,0.2,0.12,-0.2,0.08,0.23
113,10917365,5.01565981,4.6012311,-6.60009384,1.34873891,1.29356635,6.12900352,-1.81986654,-2.05782652,-18.3353519,-14.4857464,0.374306321,-10.3007669,0.12,0.12,-0.6,0.2,0.103485308,0.12,0.2,0.2,-0.23,-0.23,0.0299445057,-0.08,0.12,0.6,0.103485308,0.2,0.23,0.0299445057,-0.12,0.2,0.12,-0.2,0.08,0.23
114,10935437,5.01608229,4.60105276,-6.60010195,1.34886491,1.29349482,6.12966442,-1.8185271,-2.05815625,-18.3352795,-14.4855337,0.373860955,-10.3007832,0.12,0.12,-0.6,0.2,0.103479586,0.12,0.2,0.2,-0.23,-0.23,0.0299088764,-0.08,0.12,0.6,0.103479586,0.2,0.23,0.0299088764,-0.12,0.2,0.12,-0.2,0.08,0.23
115,10959438,5.01650333,4.60073996,-6.60038042,1.34910047,1.29296315,6.13019562,-1.81718028,-2.05912471,-18.334938,-14.4856997,0.373458534,-10.3011026,0.12,0.12,-0.6,0.2,0.103437052,0.12,0.2,0.2,-0.23,-0.23,0.0298766828,-0.08,0.12,0.6,0.103437052,0.2,0.23,0.0298766828,-0.12,0.2,0.12,-0.2,0.08,0.23
116,10974571,5.01742125,4.60028791,-6.60107374,1.34898233,1.29259384,6.13055229,-1.81688094,-2.05981874,-18.3347702,-14.4859571,0.373287708,-10.3016729,0.12,0.12,-0.6,0.2,0.103407507,0.12,0.2,0.2,-0.23,-0.23,0.0298630166,-0.08,0.12,0.6,0.103407507,0.2,0.23,0.0298630166,-0.12,0.2,0.12,-0.2,0.08,0.23
117,11001831,5.01779509,4.59997845,-6.60148525,1.34872425,1.29261124,6.13065147,-1.81724083,-2.06011057,-18.33498,-14.4859991,0.373310477,-10.3022165,0.12,0.12,-0.6,0.2,0.103408899,0.12,0.2,0.2,-0.23,-0.23,0.0298648381,-0.08,0.12,0.6,0.103408899,0.2,0.23,0.0298648381,-0.12,0.2,0.12,-0.2,0.08,0.23
118,11017559,5.01800728,4.60010815,-6.60161734,1.34854329,1.2929014,6.13063288,-1.81778383,-2.05979061,-18.3350239,-14.4857168,0.373501271,-10.3024101,0.12,0.12,-0.6,0.2,0.103432112,0.12,0.2,0.2,-0.23,-0.23,0.0298801017,-0.08,0.12,0.6,0.103432112,0.2,0.23,0.0298801017,-0.12,0.2,0.12,-0.2,0.08,0.23
119,11035571,5.0186162,4.60063219,-6.602355,1.34853017,1.29291189,6.12995338,-1.81896746,-2.05903244,-18.3347168,-14.4855719,0.373820901,-10.3019657,0.12,0.12,-0.6,0.2,0.103432951,0.12,0.2,0.2,-0.23,-0.23,0.0299056721,-0.08,0.12,0.6,0.103432951,0.2,0.23,0.0299056721,-0.12,0.2,0.12,-0.2,0.08,0.23
120,11064453,5.01802349,4.60118532,-6.60232639,1.34870601,1.29281759,6.12881851,-1.82022679,-2.05862427,-18.3345222,-14.4852734,0.374167323,-10.3013754,0.12,0.12,-0.6,0.2,0.103425407,0.12,0.2,0.2,-0.23,-0.23,0.0299333858,-0.08,0.12,0.6,0.103425407,0.2,0.23,0.0299333858,-0.12,0.2,0.12,-0.2,0.08,0.23
121,11074223,5.0163765,4.60126019,-6.60061169,1.34872055,1.2935431,6.12899017,-1.81989312,-2.05842686,-18.3344631,-14.4846592,0.374263555,-10.3014545,0.12,0.12,-0.6,0.2,0.103483448,0.12,0.2,0.2,-0.23,-0.23,0.0299410844,-0.08,0.12,0.6,0.103483448,0.2,0.23,0.0299410844,-0.12,0.2,0.12,-0.2,0.08,0.23
122,11099922,5.01621199,4.60097408,-6.60000801,1.34873128,1.29418576,6.13003635,-1.81844532,-2.05831218,-18.3341789,-14.4847279,0.373978466,-10.3018751,0.12,0.12,-0.6,0.2,0.103534861,0.12,0.2,0.2,-0.23,-0.23,0.0299182773,-0.08,0.12,0.6,0.103534861,0.2,0.23,0.0299182773,-0.12,0.2,0.12,-0.2,0.08,0.23
123,11121281,5.01784706,4.60072327,-6.60046911,1.3485266,1.29450142,6.13138342,-1.81692493,-2.05848122,-18.3341236,-14.4849272,0.373582363,-10.3023939,0.12,0.12,-0.6,0.2,0.103560114,0.12,0.2,0.2,-0.23,-0.23,0.0298865891,-0.08,0.12,0.6,0.103560114,0.2,0.23,0.0298865891,-0.12,0.2,0.12,-0.2,0.08,0.23
124,11138892,5.02079439,4.60047722,-6.60199308,1.3481214,1.29466009,6.13257027,-1.8161974,-2.05879617,-18.3343716,-14.485096,0.373186439,-10.3031206,0.12,0.12,-0.6,0.2,0.103572807,0.12,0.2,0.2,-0.23,-0.23,0.0298549151,-0.08,0.12,0.6,0.103572807,0.2,0.23,0.0298549151,-0.12,0.2,0.12,-0.2,0.08,0.23
125,11156534,5.02288294,4.5999589,-6.60380363,1.34798598,1.29436409,6.13295269,-1.81616747,-2.05967569,-18.3346977,-14.4857206,0.372723848,-10.3042374,0.12,0.12,-0.6,0.2,0.103549128,0.12,0.2,0.2,-0.23,-0.23,0.0298179078,-0.08,0.12,0.6,0.103549128,0.2,0.23,0.0298179078,-0.12,0.2,0.12,-0.2,0.08,0.23
126,11174986,5.02327967,4.59998322,-6.60473442,1.34828901,1.29339743,6.13218784,-1.81696928,-2.06012249,-18.3343296,-14.4860821,0.372792244,-10.3044786,0.12,0.12,-0.6,0.2,0.103471794,0.12,0.2,0.2,-0.23,-0.23,0.0298233795,-0.08,0.12,0.6,0.103471794,0.2,0.23,0.0298233795,-0.12,0.2,0.12,-0.2,0.08,0.23
127,11197199,5.02213621,4.60040283,-6.60450602,1.34870279,1.2924403,6.13078022,-1.81820071,-2.05990195,-18.3332939,-14.4861174,0.37338838,-10.3037176,0.12,0.12,-0.6,0.2,0.103395224,0.12,0.2,0.2,-0.23,-0.23,0.0298710704,-0.08,0.12,0.6,0.103395224,0.2,0.23,0.0298710704,-0.12,0.2,0.12,-0.2,0.08,0.23
128,11216384,5.02024555,4.60080576,-6.60346889,1.34892571,1.29215825,6.12968826,-1.81899381,-2.05946326,-18.332449,-14.4858313,0.373978049,-10.3028698,0.12,0.12,-0.6,0.2,0.10337266,0.12,0.2,0.2,-0.23,-0.23,0.0299182439,-0.08,0.12,0.6,0.10337266,0.2,0.23,0.0299182439,-0.12,0.2,0.12,-0.2,0.08,0.23
129,11234176,5.01870203,4.60108805,-6.60215569,1.3487227,1.29282844,6.12947273,-1.81936824,-2.05872011,-18.3325329,-14.4853849,0.374262989,-10.3023071,0.12,0.12,-0.6,0.2,0.103426275,0.12,0.2,0.2,-0.23,-0.23,0.0299410391,-0.08,0.12,0.6,0.103426275,0.2,0.23,0.0299410391,-0.12,0.2,0.12,-0.2,0.08,0.23
130,11261939,5.01818895,4.60117435,-6.60142946,1.34846437,1.29364395,6.1298027,-1.8192122,-2.0580945,-18.3332081,-14.4849968,0.374165952,-10.3020535,0.12,0.12,-0.6,0.2,0.103491516,0.12,0.2,0.2,-0.23,-0.23,0.0299332762,-0.08,0.12,0.6,0.103491516,0.2,0.23,0.0299332762,-0.12,0.2,0.12,-0.2,0.08,0.23
131,11274740,5.01768398,4.60109854,-6.60077143,1.34864473,1.29372859,6.13036251,-1.81796694,-2.05834556,-18.3336163,-14.4848146,0.373800129,-10.3018827,0.12,0.12,-0.6,0.2,0.103498287,0.12,0.2,0.2,-0.23,-0.23,0.0299040103,-0.08,0.12,0.6,0.103498287,0.2,0.23,0.0299040103,-0.12,0.2,0.12,-0.2,0.08,0.23
132,11296661,5.01785421,4.60082722,-6.60091686,1.34885812,1.29309762,6.13074207,-1.81678271,-2.05910015,-18.3335533,-14.4850092,0.373398483,-10.3018446,0.12,0.12,-0.6,0.2,0.103447809,0.12,0.2,0.2,-0.23,-0.23,0.0298718786,-0.08,0.12,0.6,0.103447809,0.2,0.23,0.0298718786,-0.12,0.2,0.12,-0.2,0.08,0.23
133,11315483,5.01854467,4.60041714,-6.60152292,1.34886289,1.29252636,6.13104773,-1.8161943,-2.05985284,-18.3333778,-14.4853611,0.373188049,-10.3022013,0.12,0.12,-0.6,0.2,0.103402109,0.12,0.2,0.2,-0.23,-0.23,0.0298550439,-0.08,0.12,0.6,0.103402109,0.2,0.23,0.0298550439,-0.12,0.2,0.12,-0.2,0.08,0.23
134,11339267,5.01887894,4.60001659,-6.60175753,1.34872365,1.29240608,6.13136721,-1.81602311,-2.06038475,-18.3333702,-14.4854517,0.373154521,-10.302702,0.12,0.12,-0.6,0.2,0.103392487,0.12,0.2,0.2,-0.23,-0.23,0.0298523617,-0.08,0.12,0.6,0.103392487,0.2,0.23,0.0298523617,-0.12,0.2,0.12,-0.2,0.08,0.23
135,11358539,5.01945305,4.59994984,-6.60219193,1.34844768,1.29257703,6.13148069,-1.81648552,-2.06024003,-18.3334904,-14.4853287,0.373236418,-10.3029776,0.12,0.12,-0.6,0.2,0.103406162,0.12,0.2,0.2,-0.23,-0.23,0.0298589134,-0.08,0.12,0.6,0.103406162,0.2,0.23,0.0298589134,-0.12,0.2,0.12,-0.2,0.08,0.23
136,11376245,5.01987553,4.6002388,-6.60245895,1.34817016,1.29307938,6.13127136,-1.81743753,-2.05962014,-18.3336906,-14.4849243,0.373434246,-10.3030281,0.12,0.12,-0.6,0.2,0.10344635,0.12,0.2,0.2,-0.23,-0.23,0.0298747396,-0.08,0.12,0.6,0.10344635,0.2,0.23,0.0298747396,-0.12,0.2,0.12,-0.2,0.08,0.23
137,11396209,5.01963425,4.60071373,-6.60241699,1.34848416,1.29296732,6.1307869,-1.81775999,-2.05928969,-18.3332405,-14.4846125,0.373638362,-10.3025818,0.12,0.12,-0.6,0.2,0.103437386,0.12,0.2,0.2,-0.23,-0.23,0.0298910689,-0.08,0.12,0.6,0.103437386,0.2,0.23,0.0298910689,-0.12,0.2,0.12,-0.2,0.08,0.23
138,11418396,5.01931477,4.60100603,-6.60250998,1.34871054,1.29252303,6.13000202,-1.81836069,-2.05913568,-18.3327103,-14.4846315,0.373813897,-10.3020191,0.12,0.12,-0.6,0.2,0.103401842,0.12,0.2,0.2,-0.23,-0.23,0.0299051118,-0.08,0.12,0.6,0.103401842,0.2,0.23,0.0299051118,-0.12,0.2,0.12,-0.2,0.08,0.23
139,11434296,5.01845121,4.60122347,-6.60229778,1.34894872,1.2920593,6.12910128,-1.81905103,-2.05907393,-18.3324432,-14.4846315,0.374056041,-10.301445,0.12,0.12,-0.6,0.2,0.103364744,0.12,0.2,0.2,-0.23,-0.23,0.0299244833,-0.08,0.12,0.6,0.103364744,0.2,0.23,0.0299244833,-0.12,0.2,0.12,-0.2,0.08,0.23
140,11461134,5.01649237,4.60125732,-6.60124636,1.34908676,1.29192436,6.12824535,-1.8197912,-2.05904317,-18.3327751,-14.4846039,0.37429592,-10.3008642,0.12,0.12,-0.6,0.2,0.103353949,0.12,0.2,0.2,-0.23,-0.23,0.0299436736,-0.08,0.12,0.6,0.103353949,0.2,0.23,0.0299436736,-0.12,0.2,0.12,-0.2,0.08,0.23
141,11474680,5.01354218,4.6008563,-6.59821224,1.34892952,1.29294741,6.12931776,-1.81807828,-2.05922008,-18.333353,-14.4838085,0.374149293,-10.3011169,0.12,0.12,-0.6,0.2,0.103435793,0.12,0.2,0.2,-0.23,-0.23,0.0299319434,-0.08,0.12,0.6,0.103435793,0.2,0.23,0.0299319434,-0.12,0.2,0.12,-0.2,0.08,0.23
142,11501674,5.01319265,4.60039043,-6.59683323,1.3487711,1.29387474,6.13157177,-1.81484926,-2.05942059,-18.333252,-14.4834023,0.373536885,-10.3016214,0.12,0.12,-0.6,0.2,0.103509979,0.12,0.2,0.2,-0.23,-0.23,0.0298829508,-0.08,0.12,0.6,0.103509979,0.2,0.23,0.0298829508,-0.12,0.2,0.12,-0.2,0.08,0.23
143,11516448,5.01584625,4.59965324,-6.59720993,1.34849942,1.29394853,6.13467646,-1.81058514,-2.06058288,-18.3325596,-14.4832573,0.372549891,-10.3025761,0.12,0.12,-0.6,0.2,0.103515882,0.12,0.2,0.2,-0.23,-0.23,0.0298039913,-0.08,0.12,0.6,0.103515882,0.2,0.23,0.0298039913,-0.12,0.2,0.12,-0.2,0.08,0.23
144,11538386,5.02064085,4.59855223,-6.59911919,1.34756637,1.29412603,6.13783455,-1.80740666,-2.06229806,-18.3322029,-14.4827929,0.371388763,-10.3046141,0.12,0.12,-0.6,0.2,0.103530083,0.12,0.2,0.2,-0.23,-0.23,0.0297111011,-0.08,0.12,0.6,0.103530083,0.2,0.23,0.0297111011,-0.12,0.2,0.12,-0.2,0.08,0.23
145,11557126,5.02596521,4.59737873,-6.60230589,1.34672618,1.29421592,6.14019108,-1.80584681,-2.06392694,-18.331953,-14.4828281,0.370322347,-10.3074656,0.12,0.12,-0.6,0.2,0.103537273,0.12,0.2,0.2,-0.23,-0.23,0.0296257877,-0.08,0.12,0.6,0.103537273,0.2,0.23,0.0296257877,-0.12,0.2,0.12,-0.2,0.08,0.23
146,11575533,5.02972126,4.59687233,-6.60453081,1.34641492,1.29393339,6.14137363,-1.80539846,-2.06478071,-18.3306713,-14.4825029,0.369966209,-10.309556,0.12,0.12,-0.6,0.2,0.103514671,0.12,0.2,0.2,-0.23,-0.23,0.0295972967,-0.08,0.12,0.6,0.103514671,0.2,0.23,0.0295972967,-0.12,0.2,0.12,-0.2,0.08,0.23
147,11600920,5.03160429,4.59716177,-6.60568333,1.34684014,1.2927717,6.14153671,-1.80470824,-2.06521797,-18.32761,-14.4818735,0.370182216,-10.3100834,0.12,0.12,-0.6,0.2,0.103421736,0.12,0.2,0.2,-0.23,-0.23,0.0296145773,-0.08,0.12,0.6,0.103421736,0.2,0.23,0.0296145773,-0.12,0.2,0.12,-0.2,0.08,0.23
148,11615143,5.03196001,4.59762716,-6.60584927,1.3472892,1.29132247,6.14113045,-1.80399251,-2.06566477,-18.3239708,-14.4810858,0.370543182,-10.3097267,0.12,0.12,-0.6,0.2,0.103305798,0.12,0.2,0.2,-0.23,-0.23,0.0296434546,-0.08,0.12,0.6,0.103305798,0.2,0.23,0.0296434546,-0.12,0.2,0.12,-0.2,0.08,0.23
149,11636254,5.03127193,4.59773827,-6.60504389,1.34722209,1.2904222,6.14091587,-1.80333626,-2.06612062,-18.3213406,-14.4798641,0.370717347,-10.3093901,0.12,0.12,-0.6,0.2,0.103233776,0.12,0.2,0.2,-0.23,-0.23,0.0296573877,-0.08,0.12,0.6,0.103233776,0.2,0.23,0.0296573877,-0.12,0.2,0.12,-0.2,0.08,0.23
150,11671611,5.03069544,4.59751368,-6.6042304,1.34680438,1.29014313,6.14114523,-1.80278361,-2.06624818,-18.3200054,-14.4786196,0.370633513,-10.3093262,0.12,0.12,-0.6,0.2,0.103211451,0.12,0.2,0.2,-0.23,-0.23,0.029650681,-0.08,0.12,0.6,0.103211451,0.2,0.23,0.029650681,-0.12,0.2,0.12,-0.2,0.08,0.23
151,11683063,5.0308466,4.59730434,-6.60399485,1.3465358,1.28991401,6.14167452,-1.80191743,-2.06619453,-18.3191051,-14.4775944,0.370418519,-10.3092861,0.12,0.12,-0.6,0.2,0.103193121,0.12,0.2,0.2,-0.23,-0.23,0.0296334815,-0.08,0.12,0.6,0.103193121,0.2,0.23,0.0296334815,-0.12,0.2,0.12,-0.2,0.08,0.23
152,11694632,5.03112841,4.59713125,-6.60355759,1.3463558,1.28998065,6.14271927,-1.8002553,-2.06646061,-18.3181667,-14.4764643,0.370072126,-10.3095856,0.12,0.12,-0.6,0.2,0.103198452,0.12,0.2,0.2,-0.23,-0.23,0.0296057701,-0.08,0.12,0.6,0.103198452,0.2,0.23,0.0296057701,-0.12,0.2,0.12,-0.2,0.08,0.23
153,11725307,5.03221703,4.59681797,-6.60358095,1.34588313,1.29072106,6.14420795,-1.79857516,-2.06683254,-18.317503,-14.4754267,0.369520962,-10.3106966,0.12,0.12,-0.6,0.2,0.103257685,0.12,0.2,0.2,-0.23,-0.23,0.029561677,-0.08,0.12,0.6,0.103257685,0.2,0.23,0.029561677,-0.12,0.2,0.12,-0.2,0.08,0.23
154,11734863,5.03385067,4.59665203,-6.60422993,1.34545434,1.29153526,6.14534807,-1.79767287,-2.06702662,-18.317091,-14.4746971,0.369053155,-10.3119564,0.12,0.12,-0.6,0.2,0.103322821,0.12,0.2,0.2,-0.23,-0.23,0.0295242524,-0.08,0.12,0.6,0.103322821,0.2,0.23,0.0295242524,-0.12,0.2,0.12,-0.2,0.08,0.23
155,11755578,5.03562927,4.59681654,-6.60524035,1.34517455,1.29197931,6.14562607,-1.79791498,-2.06691694,-18.3166218,-14.4741535,0.368936062,-10.3127584,0.12,0.12,-0.6,0.2,0.103358345,0.12,0.2,0.2,-0.23,-0.23,0.0295148849,-0.08,0.12,0.6,0.103358345,0.2,0.23,0.0295148849,-0.12,0.2,0.12,-0.2,0.08,0.23
156,11779482,5.0366354,4.59732103,-6.60625696,1.34537387,1.29167914,6.14489031,-1.7987777,-2.06676149,-18.3155766,-14.4738941,0.369168222,-10.3127832,0.12,0.12,-0.6,0.2,0.103334332,0.12,0.2,0.2,-0.23,-0.23,0.0295334578,-0.08,0.12,0.6,0.103334332,0.2,0.23,0.0295334578,-0.12,0.2,0.12,-0.2,0.08,0.23
157,11803974,5.03541327,4.59801769,-6.60639763,1.34613442,1.29037011,6.14286423,-1.80011284,-2.06690526,-18.3140011,-14.4738255,0.369714975,-10.3117352,0.12,0.12,-0.6,0.2,0.103229609,0.12,0.2,0.2,-0.23,-0.23,0.029577198,-0.08,0.12,0.6,0.103229609,0.2,0.23,0.029577198,-0.12,0.2,0.12,-0.2,0.08,0.23
158,11819022,5.03162432,4.59873009,-6.60480881,1.3469944,1.2885958,6.14015198,-1.80163169,-2.06701541,-18.3124428,-14.4733858,0.370553672,-10.3097105,0.12,0.12,-0.6,0.2,0.103087664,0.12,0.2,0.2,-0.23,-0.23,0.0296442938,-0.08,0.12,0.6,0.103087664,0.2,0.23,0.0296442938,-0.12,0.2,0.12,-0.2,0.08,0.23
159,11834910,5.02693081,4.59912348,-6.60221815,1.34723568,1.28782451,6.13789034,-1.8032974,-2.06654978,-18.3119049,-14.4725838,0.371407479,-10.3077335,0.12,0.12,-0.6,0.2,0.103025961,0.12,0.2,0.2,-0.23,-0.23,0.0297125983,-0.08,0.12,0.6,0.103025961,0.2,0.23,0.0297125983,-0.12,0.2,0.12,-0.2,0.08,0.23
160,11856940,5.02271795,4.5993886,-6.5995717,1.34723997,1.28805912,6.13670254,-1.80415654,-2.06568766,-18.312418,-14.4717131,0.371997505,-10.3060846,0.12,0.12,-0.6,0.2,0.103044729,0.12,0.2,0.2,-0.23,-0.23,0.0297598004,-0.08,0.12,0.6,0.103044729,0.2,0.23,0.0297598004,-0.12,0.2,0.12,-0.2,0.08,0.23
161,11879033,5.02038908,4.59965086,-6.59780645,1.34702516,1.28885961,6.1365304,-1.80439949,-2.06468081,-18.3136368,-14.4709253,0.372222066,-10.3048124,0.12,0.12,-0.6,0.2,0.103108768,0.12,0.2,0.2,-0.23,-0.23,0.0297777653,-0.08,0.12,0.6,0.103108768,0.2,0.23,0.0297777653,-0.12,0.2,0.12,-0.2,0.08,0.23
162,11903219,5.0198884,4.59969711,-6.59706974,1.34683704,1.28973126,6.13726616,-1.80365038,-2.06424856,-18.3149185,-14.4702997,0.371999383,-10.3043642,0.12,0.12,-0.6,0.2,0.103178501,0.12,0.2,0.2,-0.23,-0.23,0.0297599506,-0.08,0.12,0.6,0.103178501,0.2,0.23,0.0297599506,-0.12,0.2,0.12,-0.2,0.08,0.23
163,11915619,5.02015591,4.59943533,-6.59712791,1.3469286,1.29002631,6.1381402,-1.80241466,-2.06479406,-18.3157959,-14.470191,0.371494949,-10.3045959,0.12,0.12,-0.6,0.2,0.103202105,0.12,0.2,0.2,-0.23,-0.23,0.0297195959,-0.08,0.12,0.6,0.103202105,0.2,0.23,0.0297195959,-0.12,0.2,0.12,-0.2,0.08,0.23
164,11935768,5.01976871,4.59895849,-6.59673166,1.34707725,1.28980374,6.13886595,-1.80104196,-2.06598687,-18.3162498,-14.4701042,0.371030331,-10.3050852,0.12,0.12,-0.6,0.2,0.103184299,0.12,0.2,0.2,-0.23,-0.23,0.0296824265,-0.08,0.12,0.6,0.103184299,0.2,0.23,0.0296824265,-0.12,0.2,0.12,-0.2,0.08,0.23
165,11956494,5.01891851,4.59863424,-6.59624338,1.34733605,1.28893948,6.1390028,-1.8000766,-2.067101,-18.316,-14.4699697,0.37089631,-10.3050489,0.12,0.12,-0.6,0.2,0.103115158,0.12,0.2,0.2,-0.23,-0.23,0.0296717048,-0.08,0.12,0.6,0.103115158,0.2,0.23,0.0296717048,-0.12,0.2,0.12,-0.2,0.08,0.23
166,11977206,5.01912165,4.59843731,-6.59651136,1.34714949,1.28830218,6.13885117,-1.80030525,-2.06744766,-18.315649,-14.4698658,0.37109828,-10.304882,0.12,0.12,-0.6,0.2,0.103064175,0.12,0.2,0.2,-0.23,-0.23,0.0296878624,-0.08,0.12,0.6,0.103064175,0.2,0.23,0.0296878624,-0.12,0.2,0.12,-0.2,0.08,0.23
167,11996790,5.01987267,4.59841394,-6.59680748,1.34675467,1.28844655,6.13904381,-1.80073357,-2.06723738,-18.3154011,-14.4693346,0.371401876,-10.3048935,0.12,0.12,-0.6,0.2,0.103075724,0.12,0.2,0.2,-0.23,-0.23,0.0297121501,-0.08,0.12,0.6,0.103075724,0.2,0.23,0.0297121501,-0.12,0.2,0.12,-0.2,0.08,0.23
168,12020854,5.02056026,4.59833813,-6.59678936,1.3463608,1.289186,6.13976192,-1.80058897,-2.06704187,-18.3152866,-14.4685707,0.371412396,-10.3053265,0.12,0.12,-0.6,0.2,0.10313488,0.12,0.2,0.2,-0.23,-0.23,0.0297129917,-0.08,0.12,0.6,0.10313488,0.2,0.23,0.0297129917,-0.12,0.2,0.12,-0.2,0.08,0.23
169,12037336,5.02120447,4.59830618,-6.59641361,1.34588027,1.29033327,6.14085531,-1.79995096,-2.06677222,-18.3153248,-14.4674921,0.371151239,-10.3061171,0.12,0.12,-0.6,0.2,0.103226662,0.12,0.2,0.2,-0.23,-0.23,0.0296920991,-0.08,0.12,0.6,0.103226662,0.2,0.23,0.0296920991,-0.12,0.2,0.12,-0.2,0.08,0.23
170,12056955,5.02221346,4.59847784,-6.59661674,1.3458854,1.29069662,6.14161062,-1.79903817,-2.06670403,-18.3147831,-14.4668484,0.370877713,-10.3065329,0.12,0.12,-0.6,0.2,0.10325573,0.12,0.2,0.2,-0.23,-0.23,0.029670217,-0.08,0.12,0.6,0.10325573,0.2,0.23,0.029670217,-0.12,0.2,0.12,-0.2,0.08,0.23
171,12086799,5.02391291,4.59841394,-6.59741259,1.34588504,1.29048872,6.14223146,-1.79819977,-2.06704473,-18.3139191,-14.466754,0.37064448,-10.3070107,0.12,0.12,-0.6,0.2,0.103239098,0.12,0.2,0.2,-0.23,-0.23,0.0296515584,-0.08,0.12,0.6,0.103239098,0.2,0.23,0.0296515584,-0.12,0.2,0.12,-0.2,0.08,0.23
172,12095580,5.02580643,4.59818077,-6.59854937,1.34544194,1.29083383,6.14269066,-1.7982899,-2.0673337,-18.3136539,-14.466753,0.370457023,-10.3080425,0.12,0.12,-0.6,0.2,0.103266706,0.12,0.2,0.2,-0.23,-0.23,0.0296365619,-0.08,0.12,0.6,0.103266706,0.2,0.23,0.0296365619,-0.12,0.2,0.12,-0.2,0.08,0.23
173,12121032,5.02723837,4.59824181,-6.59986305,1.34507883,1.29146647,6.14234972,-1.79979837,-2.06701827,-18.3140125,-14.4669695,0.370503992,-10.3089209,0.12,0.12,-0.6,0.2,0.103317318,0.12,0.2,0.2,-0.23,-0.23,0.0296403193,-0.08,0.12,0.6,0.103317318,0.2,0.23,0.0296403193,-0.12,0.2,0.12,-0.2,0.08,0.23
174,12134495,5.02774143,4.59888697,-6.60077429,1.34534061,1.29132283,6.14110279,-1.8018018,-2.06612277,-18.3138256,-14.4672108,0.370998472,-10.3085728,0.12,0.12,-0.6,0.2,0.103305826,0.12,0.2,0.2,-0.23,-0.23,0.0296798778,-0.08,0.12,0.6,0.103305826,0.2,0.23,0.0296798778,-0.12,0.2,0.12,-0.2,0.08,0.23
175,12159974,5.02740526,4.59958935,-6.6011734,1.34590054,1.2907083,6.13959122,-1.80333269,-2.06536317,-18.3128948,-14.4675522,0.371627927,-10.3076735,0.12,0.12,-0.6,0.2,0.103256664,0.12,0.2,0.2,-0.23,-0.23,0.0297302341,-0.08,0.12,0.6,0.103256664,0.2,0.23,0.0297302341,-0.12,0.2,0.12,-0.2,0.08,0.23
176,12175343,5.02647495,4.59995413,-6.60078716,1.34629488,1.2905699,6.13881445,-1.80385005,-2.06495118,-18.3121147,-14.4678783,0.372027099,-10.3071718,0.12,0.12,-0.6,0.2,0.103245592,0.12,0.2,0.2,-0.23,-0.23,0.0297621679,-0.08,0.12,0.6,0.103245592,0.2,0.23,0.0297621679,-0.12,0.2,0.12,-0.2,0.08,0.23
177,12202028,5.0256958,4.59993458,-6.60013771,1.34620869,1.29117715,6.13883305,-1.8040452,-2.0645268,-18.3124046,-14.4681683,0.372093916,-10.3071728,0.12,0.12,-0.6,0.2,0.103294172,0.12,0.2,0.2,-0.23,-0.23,0.0297675133,-0.08,0.12,0.6,0.103294172,0.2,0.23,0.0297675133,-0.12,0.2,0.12,-0.2,0.08,0.23
178,12215290,5.02525377,4.59974527,-6.59949732,1.34597409,1.2919867,6.1394043,-1.80373943,-2.06419539,-18.313591,-14.4683695,0.371868968,-10.3074188,0.12,0.12,-0.6,0.2,0.103358936,0.12,0.2,0.2,-0.23,-0.23,0.0297495174,-0.08,0.12,0.6,0.103358936,0.2,0.23,0.0297495174,-0.12,0.2,0.12,-0.2,0.08,0.23
179,12236230,5.02542257,4.59962082,-6.59946108,1.34601009,1.2921946,6.13999557,-1.80298781,-2.0641892,-18.3145962,-14.4688263,0.371525913,-10.3075018,0.12,0.12,-0.6,0.2,0.103375568,0.12,0.2,0.2,-0.23,-0.23,0.0297220731,-0.08,0.12,0.6,0.103375568,0.2,0.23,0.0297220731,-0.12,0.2,0.12,-0.2,0.08,0.23
180,12257865,5.02607012,4.59943247,-6.60007095,1.34628785,1.2915889,6.14034176,-1.80202055,-2.06475353,-18.3148556,-14.4696188,0.371179014,-10.307539,0.12,0.12,-0.6,0.2,0.103327112,0.12,0.2,0.2,-0.23,-0.23,0.0296943212,-0.08,0.12,0.6,0.103327112,0.2,0.23,0.0296943212,-0.12,0.2,0.12,-0.2,0.08,0.23
181,12281389,5.02703476,4.5991354,-6.60095739,1.34644508,1.29082179,6.14051771,-1.80149603,-2.06548715,-18.3146801,-14.470376,0.370986849,-10.3077621,0.12,0.12,-0.6,0.2,0.103265743,0.12,0.2,0.2,-0.23,-0.23,0.0296789479,-0.08,0.12,0.6,0.103265743,0.2,0.23,0.0296789479,-0.12,0.2,0.12,-0.2,0.08,0.23
182,12296011,5.02718878,4.5987711,-6.60124493,1.34644973,1.29036319,6.14055443,-1.80141366,-2.06613374,-18.3146439,-14.4708023,0.370938241,-10.3080759,0.12,0.12,-0.6,0.2,0.103229055,0.12,0.2,0.2,-0.23,-0.23,0.0296750593,-0.08,0.12,0.6,0.103229055,0.2,0.23,0.0296750593,-0.12,0.2,0.12,-0.2,0.08,0.23
183,12332725,5.02611351,4.59864664,-6.60065365,1.34652674,1.28994286,6.14028788,-1.80147994,-2.0664885,-18.3146477,-14.4707308,0.371028006,-10.3079195,0.12,0.12,-0.6,0.2,0.103195429,0.12,0.2,0.2,-0.23,-0.23,0.0296822405,-0.08,0.12,0.6,0.103195429,0.2,0.23,0.0296822405,-0.12,0.2,0.12,-0.2,0.08,0.23
184,12337880,5.0250206,4.59880972,-6.59997177,1.34660935,1.28942132,6.13986683,-1.80161083,-2.06637526,-18.3143845,-14.4704313,0.371240228,-10.3072033,0.12,0.12,-0.6,0.2,0.103153706,0.12,0.2,0.2,-0.23,-0.23,0.0296992183,-0.08,0.12,0.6,0.103153706,0.2,0.23,0.0296992183,-0.12,0.2,0.12,-0.2,0.08,0.23
185,12356666,5.02438068,4.59895754,-6.59954977,1.34658623,1.28912246,6.13953543,-1.80170059,-2.06620479,-18.3140793,-14.4700451,0.371420652,-10.3065453,0.12,0.12,-0.6,0.2,0.103129797,0.12,0.2,0.2,-0.23,-0.23,0.0297136521,-0.08,0.12,0.6,0.103129797,0.2,0.23,0.0297136521,-0.12,0.2,0.12,-0.2,0.08,0.23
186,12375561,5.02408981,4.59899616,-6.59930468,1.34652078,1.28911316,6.13948822,-1.80163586,-2.06617212,-18.314003,-14.4696894,0.371454924,-10.3062267,0.12,0.12,-0.6,0.2,0.103129053,0.12,0.2,0.2,-0.23,-0.23,0.0297163939,-0.08,0.12,0.6,0.103129053,0.2,0.23,0.0297163939,-0.12,0.2,0.12,-0.2,0.08,0.23
187,12396763,5.02342701,4.59888935,-6.59869337,1.34644461,1.28925514,6.13964653,-1.80135536,-2.06631827,-18.3141899,-14.4692526,0.371347696,-10.3061438,0.12,0.12,-0.6,0.2,0.103140411,0.12,0.2,0.2,-0.23,-0.23,0.0297078156,-0.08,0.12,0.6,0.103140411,0.2,0.23,0.0297078156,-0.12,0.2,0.12,-0.2,0.08,0.23
188,12421039,5.0232501,4.59877777,-6.59844875,1.34641683,1.28926909,6.1398859,-1.80098379,-2.06639218,-18.3142357,-14.4688978,0.371224195,-10.3061514,0.12,0.12,-0.6,0.2,0.103141527,0.12,0.2,0.2,-0.23,-0.23,0.0296979356,-0.08,0.12,0.6,0.103141527,0.2,0.23,0.0296979356,-0.12,0.2,0.12,-0.2,0.08,0.23
189,12435589,5.02292347,4.5987401,-6.59818888,1.34644961,1.28918242,6.1399436,-1.80071807,-2.06655383,-18.3141918,-14.4686537,0.371186167,-10.306057,0.12,0.12,-0.6,0.2,0.103134594,0.12,0.2,0.2,-0.23,-0.23,0.0296948934,-0.08,0.12,0.6,0.103134594,0.2,0.23,0.0296948934,-0.12,0.2,0.12,-0.2,0.08,0.23
190,12462684,5.02277231,4.59883642,-6.59831238,1.3464787,1.28891206,6.13957882,-1.80100119,-2.0666697,-18.3141384,-14.4684954,0.371257037,-10.3058043,0.12,0.12,-0.6,0.2,0.103112965,0.12,0.2,0.2,-0.23,-0.23,0.029700563,-0.08,0.12,0.6,0.103112965,0.2,0.23,0.029700563,-0.12,0.2,0.12,-0.2,0.08,0.23
191,12483473,5.02248478,4.59889317,-6.59813499,1.34640467,1.28893805,6.13935757,-1.80141401,-2.06658363,-18.314146,-14.468276,0.371409714,-10.3056669,0.12,0.12,-0.6,0.2,0.103115044,0.12,0.2,0.2,-0.23,-0.23,0.0297127771,-0.08,0.12,0.6,0.103115044,0.2,0.23,0.0297127771,-0.12,0.2,0.12,-0.2,0.08,0.23
192,12495004,5.02164793,4.59887266,-6.5975523,1.34632325,1.28929055,6.13921165,-1.80163085,-2.06653166,-18.3142834,-14.4678946,0.371491909,-10.3056936,0.12,0.12,-0.6,0.2,0.103143244,0.12,0.2,0.2,-0.23,-0.23,0.0297193527,-0.08,0.12,0.6,0.103143244,0.2,0.23,0.0297193527,-0.12,0.2,0.12,-0.2,0.08,0.23
193,12519690,5.02037716,4.59904385,-6.5965271,1.34646559,1.28942847,6.13918304,-1.80124819,-2.06650734,-18.3141899,-14.4674377,0.371542156,-10.3053932,0.12,0.12,-0.6,0.2,0.103154278,0.12,0.2,0.2,-0.23,-0.23,0.0297233725,-0.08,0.12,0.6,0.103154278,0.2,0.23,0.0297233725,-0.12,0.2,0.12,-0.2,0.08,0.23
194,12538129,5.01966333,4.59902763,-6.59548664,1.3463428,1.28976953,6.13965273,-1.80046177,-2.06648088,-18.3140335,-14.4668512,0.371489018,-10.3052645,0.12,0.12,-0.6,0.2,0.103181562,0.12,0.2,0.2,-0.23,-0.23,0.0297191215,-0.08,0.12,0.6,0.103181562,0.2,0.23,0.0297191215,-0.12,0.2,0.12,-0.2,0.08,0.23
195,12555194,5.02073288,4.59876919,-6.59565973,1.34581888,1.29069436,6.14067602,-1.79975808,-2.06641364,-18.3142948,-14.4665022,0.371209145,-10.3060093,0.12,0.12,-0.6,0.2,0.103255548,0.12,0.2,0.2,-0.23,-0.23,0.0296967316,-0.08,0.12,0.6,0.103255548,0.2,0.23,0.0296967316,-0.12,0.2,0.12,-0.2,0.08,0.23
196,12578247,5.02253008,4.59868002,-6.59661341,1.34568882,1.29111135,6.14154339,-1.7991488,-2.06651926,-18.3143883,-14.4665737,0.370926082,-10.3066349,0.12,0.12,-0.6,0.2,0.103288908,0.12,0.2,0.2,-0.23,-0.23,0.0296740866,-0.08,0.12,0.6,0.103288908,0.2,0.23,0.0296740866,-0.12,0.2,0.12,-0.2,0.08,0.23
197,12595580,5.02422667,4.59862709,-6.59785461,1.34573376,1.29069567,6.14169502,-1.79912043,-2.06689429,-18.3140907,-14.4667177,0.370760441,-10.3069544,0.12,0.12,-0.6,0.2,0.103255653,0.12,0.2,0.2,-0.23,-0.23,0.0296608353,-0.08,0.12,0.6,0.103255653,0.2,0.23,0.0296608353,-0.12,0.2,0.12,-0.2,0.08,0.23
198,12616432,5.02448177,4.5987196,-6.59850216,1.34590006,1.29004478,6.14100981,-1.79978943,-2.06729937,-18.3136272,-14.4667358,0.37085405,-10.3070478,0.12,0.12,-0.6,0.2,0.103203583,0.12,0.2,0.2,-0.23,-0.23,0.029668324,-0.08,0.12,0.6,0.103203583,0.2,0.23,0.029668324,-0.12,0.2,0.12,-0.2,0.08,0.23
199,12642325,5.02354717,4.59880829,-6.59818745,1.34600103,1.28986537,6.14023209,-1.80069792,-2.06727242,-18.3131828,-14.4666824,0.371168435,-10.3070612,0.12,0.12,-0.6,0.2,0.10318923,0.12,0.2,0.2,-0.23,-0.23,0.0296934748,-0.08,0.12,0.6,0.10318923,0.2,0.23,0.0296934748,-0.12,0.2,0.12,-0.2,0.08,0.23
200,12658014,5.0228219,4.59896088,-6.59755421,1.34587502,1.29036343,6.14004183,-1.80121863,-2.06659722,-18.3128929,-14.4664507,0.371508092,-10.307004,0.12,0.12,-0.6,0.2,0.103229074,0.12,0.2,0.2,-0.23,-0.23,0.0297206473,-0.08,0.12,0.6,0.103229074,0.2,0.23,0.0297206473,-0.12,0.2,0.12,-0.2,0.08,0.23
201,12691160,5.02327061,4.599226,-6.59756231,1.34554839,1.29139733,6.14027786,-1.80160654,-2.06564426,-18.3130989,-14.4662771,0.371655524,-10.307066,0.12,0.12,-0.6,0.2,0.103311787,0.12,0.2,0.2,-0.23,-0.23,0.0297324419,-0.08,0.12,0.6,0.103311787,0.2,0.23,0.0297324419,-0.12,0.2,0.12,-0.2,0.08,0.23
202,12697027,5.02408552,4.59953737,-6.59784126,1.34534669,1.29231322,6.14057112,-1.80179,-2.06505418,-18.3136959,-14.4661751,0.371549547,-10.3072138,0.12,0.12,-0.6,0.2,0.103385057,0.12,0.2,0.2,-0.23,-0.23,0.0297239637,-0.08,0.12,0.6,0.103385057,0.2,0.23,0.0297239637,-0.12,0.2,0.12,-0.2,0.08,0.23
203,12719773,5.02538252,4.59959698,-6.59871912,1.34530139,1.29272568,6.14076662,-1.8020016,-2.06485343,-18.3142204,-14.4664993,0.371294618,-10.3076344,0.12,0.12,-0.6,0.2,0.103418055,0.12,0.2,0.2,-0.23,-0.23,0.0297035694,-0.08,0.12,0.6,0.103418055,0.2,0.23,0.0297035694,-0.12,0.2,0.12,-0.2,0.08,0.23
204,12739257,5.02575302,4.59959555,-6.59951448,1.34574366,1.29219568,6.14024496,-1.8022809,-2.06516814,-18.3142242,-14.467267,0.371192366,-10.3077412,0.12,0.12,-0.6,0.2,0.103375654,0.12,0.2,0.2,-0.23,-0.23,0.0296953893,-0.08,0.12,0.6,0.103375654,0.2,0.23,0.0296953893,-0.12,0.2,0.12,-0.2,0.08,0.23
205,12755790,5.02546978,4.59970999,-6.59993839,1.34614778,1.29138219,6.1392231,-1.8031733,-2.06532145,-18.3139973,-14.4680443,0.371454626,-10.3074293,0.12,0.12,-0.6,0.2,0.103310575,0.12,0.2,0.2,-0.23,-0.23,0.0297163701,-0.08,0.12,0.6,0.103310575,0.2,0.23,0.0297163701,-0.12,0.2,0.12,-0.2,0.08,0.23
206,12781902,5.02442408,4.59982777,-6.59960699,1.34614515,1.29137409,6.13828135,-1.80452704,-2.06498003,-18.3143158,-14.4684858,0.371884495,-10.3071079,0.12,0.12,-0.6,0.2,0.103309927,0.12,0.2,0.2,-0.23,-0.23,0.0297507596,-0.08,0.12,0.6,0.103309927,0.2,0.23,0.0297507596,-0.12,0.2,0.12,-0.2,0.08,0.23
207,12797055,5.02416849,4.60003138,-6.59967518,1.34605217,1.29193592,6.13781404,-1.80576229,-2.06405687,-18.3149891,-14.4689388,0.372249782,-10.3069191,0.12,0.12,-0.6,0.2,0.103354874,0.12,0.2,0.2,-0.23,-0.23,0.0297799826,-0.08,0.12,0.6,0.103354874,0.2,0.23,0.0297799826,-0.12,0.2,0.12,-0.2,0.08,0.23
208,12815369,5.02436304,4.60034037,-6.59985924,1.34622312,1.29221106,6.13769579,-1.8062371,-2.06321526,-18.3154545,-14.4694738,0.372449666,-10.3064165,0.12,0.12,-0.6,0.2,0.103376884,0.12,0.2,0.2,-0.23,-0.23,0.0297959733,-0.08,0.12,0.6,0.103376884,0.2,0.23,0.0297959733,-0.12,0.2,0.12,-0.2,0.08,0.23
209,12840457,5.02489662,4.60053444,-6.60051537,1.34656596,1.29175937,6.13742876,-1.80631697,-2.06308079,-18.315649,-14.4700794,0.372428596,-10.305891,0.12,0.12,-0.6,0.2,0.10334075,0.12,0.2,0.2,-0.23,-0.23,0.0297942877,-0.08,0.12,0.6,0.10334075,0.2,0.23,0.0297942877,-0.12,0.2,0.12,-0.2,0.08,0.23
210,12855009,5.02343702,4.60036612,-6.5997262,1.3469348,1.29117084,6.13715887,-1.80585301,-2.06385827,-18.3160954,-14.4704685,0.372241497,-10.3056183,0.12,0.12,-0.6,0.2,0.103293667,0.12,0.2,0.2,-0.23,-0.23,0.0297793198,-0.08,0.12,0.6,0.103293667,0.2,0.23,0.0297793198,-0.12,0.2,0.12,-0.2,0.08,0.23
211,12881284,5.02186632,4.59998751,-6.59893131,1.34716713,1.29047263,6.13694715,-1.80543339,-2.06447411,-18.3165169,-14.4708986,0.372105837,-10.3053885,0.12,0.12,-0.6,0.2,0.10323781,0.12,0.2,0.2,-0.23,-0.23,0.0297684669,-0.08,0.12,0.6,0.10323781,0.2,0.23,0.0297684669,-0.12,0.2,0.12,-0.2,0.08,0.23
212,12894884,5.02028704,4.59960032,-6.59785557,1.3474468,1.28964055,6.13711834,-1.80434573,-2.06502128,-18.3165264,-14.4712868,0.372089505,-10.304862,0.12,0.12,-0.6,0.2,0.103171244,0.12,0.2,0.2,-0.23,-0.23,0.0297671604,-0.08,0.12,0.6,0.103171244,0.2,0.23,0.0297671604,-0.12,0.2,0.12,-0.2,0.08,0.23
213,12922250,5.02008486,4.59930134,-6.59755325,1.34726131,1.2892133,6.13754368,-1.80354047,-2.06537652,-18.3166618,-14.4712763,0.372032344,-10.3044882,0.12,0.12,-0.6,0.2,0.103137064,0.12,0.2,0.2,-0.23,-0.23,0.0297625875,-0.08,0.12,0.6,0.103137064,0.2,0.23,0.0297625875,-0.12,0.2,0.12,-0.2,0.08,0.23
214,12942145,5.02044678,4.59901237,-6.59741831,1.34689057,1.28936899,6.1384263,-1.80267608,-2.06570458,-18.3170948,-14.4709568,0.371797144,-10.3046103,0.12,0.12,-0.6,0.2,0.103149519,0.12,0.2,0.2,-0.23,-0.23,0.0297437716,-0.08,0.12,0.6,0.103149519,0.2,0.23,0.0297437716,-0.12,0.2,0.12,-0.2,0.08,0.23
215,12956233,5.02015638,4.59845781,-6.59654093,1.34653997,1.28989875,6.13967657,-1.80122721,-2.0664103,-18.3175392,-14.4701824,0.37130779,-10.3053312,0.12,0.12,-0.6,0.2,0.1031919,0.12,0.2,0.2,-0.23,-0.23,0.0297046232,-0.08,0.12,0.6,0.1031919,0.2,0.23,0.0297046232,-0.12,0.2,0.12,-0.2,0.08,0.23
216,12979341,5.01970053,4.59818697,-6.59578657,1.34653091,1.28976727,6.14059162,-1.79946983,-2.06719089,-18.3172531,-14.469388,0.370836228,-10.3056707,0.12,0.12,-0.6,0.2,0.103181381,0.12,0.2,0.2,-0.23,-0.23,0.0296668983,-0.08,0.12,0.6,0.103181381,0.2,0.23,0.0296668983,-0.12,0.2,0.12,-0.2,0.08,0.23
217,12995698,5.01956367,4.59795809,-6.5948472,1.34650111,1.28947592,6.14168262,-1.79737067,-2.06798506,-18.3161526,-14.4684706,0.370552808,-10.3058681,0.12,0.12,-0.6,0.2,0.103158073,0.12,0.2,0.2,-0.23,-0.23,0.0296442246,-0.08,0.12,0.6,0.103158073,0.2,0.23,0.0296442246,-0.12,0.2,0.12,-0.2,0.08,0.23
218,13015195,5.02058029,4.59769821,-6.59521294,1.34612834,1.28925669,6.14234495,-1.79632473,-2.06875229,-18.3151474,-14.4677305,0.37031731,-10.306263,0.12,0.12,-0.6,0.2,0.103140535,0.12,0.2,0.2,-0.23,-0.23,0.0296253848,-0.08,0.12,0.6,0.103140535,0.2,0.23,0.0296253848,-0.12,0.2,0.12,-0.2,0.08,0.23
219,13046278,5.02269745,4.59761906,-6.59653902,1.3457619,1.28902662,6.14276457,-1.79630697,-2.06902051,-18.3143044,-14.4672651,0.370261341,-10.3067198,0.12,0.12,-0.6,0.2,0.103122129,0.12,0.2,0.2,-0.23,-0.23,0.0296209073,-0.08,0.12,0.6,0.103122129,0.2,0.23,0.0296209073,-0.12,0.2,0.12,-0.2,0.08,0.23
220,13056309,5.02495813,4.59755039,-6.59797049,1.34528232,1.28921318,6.14288521,-1.79727209,-2.06877279,-18.3135948,-14.4666128,0.370383233,-10.307312,0.12,0.12,-0.6,0.2,0.103137054,0.12,0.2,0.2,-0.23,-0.23,0.0296306586,-0.08,0.12,0.6,0.103137054,0.2,0.23,0.0296306586,-0.12,0.2,0.12,-0.2,0.08,0.23
221,13076037,5.026196,4.59777355,-6.59904909,1.34509194,1.28969467,6.14253664,-1.79849899,-2.0683043,-18.3130264,-14.4659739,0.370551795,-10.3079634,0.12,0.12,-0.6,0.2,0.103175573,0.12,0.2,0.2,-0.23,-0.23,0.0296441436,-0.08,0.12,0.6,0.103175573,0.2,0.23,0.0296441436,-0.12,0.2,0.12,-0.2,0.08,0.23
222,13097943,5.02622747,4.59852409,-6.59930849,1.34512234,1.29029584,6.14155197,-1.80033469,-2.06722951,-18.3125362,-14.465394,0.370990485,-10.3079262,0.12,0.12,-0.6,0.2,0.103223667,0.12,0.2,0.2,-0.23,-0.23,0.0296792388,-0.08,0.12,0.6,0.103223667,0.2,0.23,0.0296792388,-0.12,0.2,0.12,-0.2,0.08,0.23
223,13121450,5.02577066,4.5992403,-6.59917355,1.34527802,1.29084337,6.14054394,-1.80182862,-2.06609464,-18.3120728,-14.4650764,0.371471167,-10.307621,0.12,0.12,-0.6,0.2,0.103267469,0.12,0.2,0.2,-0.23,-0.23,0.0297176933,-0.08,0.12,0.6,0.103267469,0.2,0.23,0.0297176933,-0.12,0.2,0.12,-0.2,0.08,0.23
224,13135846,5.02578974,4.59977722,-6.59935951,1.34534204,1.29157448,6.13984203,-1.80308461,-2.06501532,-18.3120232,-14.4653282,0.371813208,-10.3074741,0.12,0.12,-0.6,0.2,0.103325958,0.12,0.2,0.2,-0.23,-0.23,0.0297450566,-0.08,0.12,0.6,0.103325958,0.2,0.23,0.0297450566,-0.12,0.2,0.12,-0.2,0.08,0.23
225,13157459,5.02595949,4.60009098,-6.59950781,1.34540641,1.29238498,6.13961506,-1.80376434,-2.06423783,-18.3124485,-14.4658928,0.371941656,-10.3075342,0.12,0.12,-0.6,0.2,0.103390799,0.12,0.2,0.2,-0.23,-0.23,0.0297553325,-0.08,0.12,0.6,0.103390799,0.2,0.23,0.0297553325,-0.12,0.2,0.12,-0.2,0.08,0.23
226,13180189,5.0269537,4.60016489,-6.60016108,1.34530735,1.29324257,6.13973665,-1.80435717,-2.06357813,-18.3133125,-14.4666824,0.371874005,-10.3079519,0.12,0.12,-0.6,0.2,0.103459406,0.12,0.2,0.2,-0.23,-0.23,0.0297499204,-0.08,0.12,0.6,0.103459406,0.2,0.23,0.0297499204,-0.12,0.2,0.12,-0.2,0.08,0.23
227,13195140,5.02770948,4.60024977,-6.60104561,1.34550989,1.29351914,6.13959646,-1.80483794,-2.06332397,-18.3142185,-14.4677944,0.371757329,-10.3082428,0.12,0.12,-0.6,0.2,0.103481531,0.12,0.2,0.2,-0.23,-0.23,0.0297405863,-0.08,0.12,0.6,0.103481531,0.2,0.23,0.0297405863,-0.12,0.2,0.12,-0.2,0.08,0.23
228,13227041,5.02841711,4.60029793,-6.60195923,1.34587216,1.29321229,6.13926268,-1.80529845,-2.06326389,-18.3147373,-14.4690876,0.371755272,-10.3083334,0.12,0.12,-0.6,0.2,0.103456984,0.12,0.2,0.2,-0.23,-0.23,0.0297404218,-0.08,0.12,0.6,0.103456984,0.2,0.23,0.0297404218,-0.12,0.2,0.12,-0.2,0.08,0.23
229,13236323,5.02884245,4.60028553,-6.60281944,1.34608281,1.29288495,6.13867903,-1.80618358,-2.06317806,-18.3152504,-14.4703865,0.371876001,-10.3083429,0.12,0.12,-0.6,0.2,0.103430796,0.12,0.2,0.2,-0.23,-0.23,0.0297500801,-0.08,0.12,0.6,0.103430796,0.2,0.23,0.0297500801,-0.12,0.2,0.12,-0.2,0.08,0.23
230,13256354,5.02899218,4.60031271,-6.60339451,1.34620893,1.29286039,6.1381197,-1.80724132,-2.0628891,-18.3159771,-14.4715309,0.37208277,-10.3083916,0.12,0.12,-0.6,0.2,0.103428831,0.12,0.2,0.2,-0.23,-0.23,0.0297666216,-0.08,0.12,0.6,0.103428831,0.2,0.23,0.0297666216,-0.12,0.2,0.12,-0.2,0.08,0.23
231,13278979,5.02806568,4.60046959,-6.60309458,1.34649813,1.29271293,6.13750267,-1.80796504,-2.06258583,-18.3166752,-14.4723749,0.372313261,-10.3079147,0.12,0.12,-0.6,0.2,0.103417034,0.12,0.2,0.2,-0.23,-0.23,0.0297850609,-0.08,0.12,0.6,0.103417034,0.2,0.23,0.0297850609,-0.12,0.2,0.12,-0.2,0.08,0.23
232,13297680,5.02709007,4.60059118,-6.602736,1.34668386,1.29249132,6.13690615,-1.8084923,-2.0623107,-18.3174,-14.4730263,0.372437686,-10.3073397,0.12,0.12,-0.6,0.2,0.103399305,0.12,0.2,0.2,-0.23,-0.23,0.0297950149,-0.08,0.12,0.6,0.103399305,0.2,0.23,0.0297950149,-0.12,0.2,0.12,-0.2,0.08,0.23
233,13316861,5.025949,4.60076189,-6.60227966,1.34702659,1.29204881,6.13630867,-1.80872011,-2.06215835,-18.3179474,-14.4736605,0.372555465,-10.3065205,0.12,0.12,-0.6,0.2,0.103363905,0.12,0.2,0.2,-0.23,-0.23,0.0298044372,-0.08,0.12,0.6,0.103363905,0.2,0.23,0.0298044372,-0.12,0.2,0.12,-0.2,0.08,0.23
234,13334606,5.02439928,4.60058784,-6.60137653,1.34749043,1.29127014,6.13608265,-1.8080138,-2.06264448,-18.318203,-14.4742451,0.372523755,-10.3057709,0.12,0.12,-0.6,0.2,0.103301611,0.12,0.2,0.2,-0.23,-0.23,0.0298019004,-0.08,0.12,0.6,0.103301611,0.2,0.23,0.0298019004,-0.12,0.2,0.12,-0.2,0.08,0.23
235,13357301,5.02322388,4.60021544,-6.60070181,1.34765601,1.29047,6.13610983,-1.80721688,-2.06328368,-18.3185272,-14.4746532,0.372367203,-10.3052111,0.12,0.12,-0.6,0.2,0.1032376,0.12,0.2,0.2,-0.23,-0.23,0.0297893763,-0.08,0.12,0.6,0.1032376,0.2,0.23,0.0297893763,-0.12,0.2,0.12,-0.2,0.08,0.23
236,13380402,5.02272367,4.59981489,-6.60041046,1.3476994,1.28979611,6.13638687,-1.80649161,-2.06379962,-18.3188858,-14.4749327,0.372233331,-10.3048544,0.12,0.12,-0.6,0.2,0.103183689,0.12,0.2,0.2,-0.23,-0.23,0.0297786665,-0.08,0.12,0.6,0.103183689,0.2,0.23,0.0297786665,-0.12,0.2,0.12,-0.2,0.08,0.23
237,13401693,5.02198315,4.59932423,-6.59978056,1.34778404,1.28909028,6.13688993,-1.80532658,-2.06460261,-18.3190422,-14.4748755,0.372048825,-10.3045664,0.12,0.12,-0.6,0.2,0.103127222,0.12,0.2,0.2,-0.23,-0.23,0.029763906,-0.08,0.12,0.6,0.103127222,0.2,0.23,0.029763906,-0.12,0.2,0.12,-0.2,0.08,0.23
238,13423724,5.02131176,4.59880877,-6.5990324,1.34772003,1.28852439,6.1376996,-1.80376852,-2.06549764,-18.3190002,-14.4744463,0.371734798,-10.3045244,0.12,0.12,-0.6,0.2,0.103081951,0.12,0.2,0.2,-0.23,-0.23,0.0297387838,-0.08,0.12,0.6,0.103081951,0.2,0.23,0.0297387838,-0.12,0.2,0.12,-0.2,0.08,0.23
239,13443188,5.02014637,4.59833384,-6.5977025,1.34753859,1.28830159,6.13863993,-1.80199432,-2.06644249,-18.3188496,-14.4735432,0.371378005,-10.3046312,0.12,0.12,-0.6,0.2,0.103064127,0.12,0.2,0.2,-0.23,-0.23,0.0297102404,-0.08,0.12,0.6,0.103064127,0.2,0.23,0.0297102404,-0.12,0.2,0.12,-0.2,0.08,0.23
240,13469235,5.01978779,4.59798574,-6.59691381,1.34732807,1.28799748,6.13955975,-1.80033493,-2.06718016,-18.318367,-14.4725199,0.371056914,-10.3046856,0.12,0.12,-0.6,0.2,0.103039799,0.12,0.2,0.2,-0.23,-0.23,0.0296845531,-0.08,0.12,0.6,0.103039799,0.2,0.23,0.0296845531,-0.12,0.2,0.12,-0.2,0.08,0.23
241,13474895,5.01971865,4.59768391,-6.59627342,1.34699106,1.28783405,6.14040852,-1.79896224,-2.06787872,-18.3177795,-14.471385,0.370794713,-10.3047962,0.12,0.12,-0.6,0.2,0.103026724,0.12,0.2,0.2,-0.23,-0.23,0.0296635771,-0.08,0.12,0.6,0.103026724,0.2,0.23,0.0296635771,-0.12,0.2,0.12,-0.2,0.08,0.23
242,13501726,5.02014017,4.59751368,-6.59619665,1.3466512,1.28775525,6.14095402,-1.79814327,-2.06844902,-18.317091,-14.4701824,0.370593816,-10.3050528,0.12,0.12,-0.6,0.2,0.10302042,0.12,0.2,0.2,-0.23,-0.23,0.0296475053,-0.08,0.12,0.6,0.10302042,0.2,0.23,0.0296475053,-0.12,0.2,0.12,-0.2,0.08,0.23
243,13516687,5.02055788,4.5975256,-6.5962491,1.34631526,1.28783715,6.14110947,-1.79813147,-2.06866241,-18.3163738,-14.4690409,0.370566905,-10.305254,0.12,0.12,-0.6,0.2,0.103026972,0.12,0.2,0.2,-0.23,-0.23,0.0296453524,-0.08,0.12,0.6,0.103026972,0.2,0.23,0.0296453524,-0.12,0.2,0.12,-0.2,0.08,0.23
244,13536818,5.02091312,4.59766817,-6.59626865,1.34602511,1.28818643,6.14106178,-1.79852271,-2.06849504,-18.3155804,-14.467804,0.37070775,-10.3055067,0.12,0.12,-0.6,0.2,0.103054914,0.12,0.2,0.2,-0.23,-0.23,0.02965662,-0.08,0.12,0.6,0.103054914,0.2,0.23,0.02965662,-0.12,0.2,0.12,-0.2,0.08,0.23
245,13562264,5.02072048,4.59801388,-6.5960145,1.34593081,1.28864002,6.14077854,-1.79900682,-2.0681603,-18.3147354,-14.4667225,0.370933652,-10.3055449,0.12,0.12,-0.6,0.2,0.103091202,0.12,0.2,0.2,-0.23,-0.23,0.0296746922,-0.08,0.12,0.6,0.103091202,0.2,0.23,0.0296746922,-0.12,0.2,0.12,-0.2,0.08,0.23
246,13580241,5.02080488,4.59840202,-6.59579515,1.3458097,1.28923285,6.14065361,-1.79940307,-2.06759214,-18.3139305,-14.4657841,0.371162236,-10.3055782,0.12,0.12,-0.6,0.2,0.103138628,0.12,0.2,0.2,-0.23,-0.23,0.0296929789,-0.08,0.12,0.6,0.103138628,0.2,0.23,0.0296929789,-0.12,0.2,0.12,-0.2,0.08,0.23
247,13596176,5.02130556,4.59873056,-6.59594345,1.34547865,1.290223,6.1405406,-1.80020082,-2.06687522,-18.3136997,-14.4651184,0.371313035,-10.3058586,0.12,0.12,-0.6,0.2,0.10321784,0.12,0.2,0.2,-0.23,-0.23,0.0297050428,-0.08,0.12,0.6,0.10321784,0.2,0.23,0.0297050428,-0.12,0.2,0.12,-0.2,0.08,0.23
248,13626920,5.02183437,4.59903002,-6.59615135,1.34535217,1.29113042,6.14058924,-1.80068004,-2.06635928,-18.3137474,-14.4647779,0.371366829,-10.3062811,0.12,0.12,-0.6,0.2,0.103290434,0.12,0.2,0.2,-0.23,-0.23,0.0297093463,-0.08,0.12,0.6,0.103290434,0.2,0.23,0.0297093463,-0.12,0.2,0.12,-0.2,0.08,0.23
249,13634778,5.02276516,4.59934282,-6.5969348,1.34544599,1.29142344,6.14034033,-1.80134022,-2.06585979,-18.3135986,-14.4649658,0.371450514,-10.306365,0.12,0.12,-0.6,0.2,0.103313875,0.12,0.2,0.2,-0.23,-0.23,0.0297160411,-0.08,0.12,0.6,0.103313875,0.2,0.23,0.0297160411,-0.12,0.2,0.12,-0.2,0.08,0.23
250,13657233,5.02369928,4.59950352,-6.59776878,1.34563482,1.29138541,6.14011955,-1.80171621,-2.06566811,-18.3132496,-14.4653893,0.371545106,-10.3065577,0.12,0.12,-0.6,0.2,0.103310833,0.12,0.2,0.2,-0.23,-0.23,0.0297236085,-0.08,0.12,0.6,0.103310833,0.2,0.23,0.0297236085,-0.12,0.2,0.12,-0.2,0.08,0.23
251,13676026,5.02410316,4.59952784,-6.59816265,1.34565389,1.29165399,6.13996696,-1.80219257,-2.06557655,-18.3132477,-14.4657984,0.371619105,-10.3069363,0.12,0.12,-0.6,0.2,0.103332319,0.12,0.2,0.2,-0.23,-0.23,0.0297295284,-0.08,0.12,0.6,0.103332319,0.2,0.23,0.0297295284,-0.12,0.2,0.12,-0.2,0.08,0.23
252,13702630,5.02485752,4.599545,-6.59876394,1.34551263,1.29218435,6.14003658,-1.80278444,-2.06515145,-18.3136482,-14.4663315,0.371650487,-10.3074646,0.12,0.12,-0.6,0.2,0.103374748,0.12,0.2,0.2,-0.23,-0.23,0.029732039,-0.08,0.12,0.6,0.103374748,0.2,0.23,0.029732039,-0.12,0.2,0.12,-0.2,0.08,0.23
253,13716030,5.02551889,4.59967995,-6.59930372,1.34554887,1.29251528,6.14001417,-1.80329204,-2.06466246,-18.314045,-14.4669113,0.37171492,-10.3076563,0.12,0.12,-0.6,0.2,0.103401222,0.12,0.2,0.2,-0.23,-0.23,0.0297371936,-0.08,0.12,0.6,0.103401222,0.2,0.23,0.0297371936,-0.12,0.2,0.12,-0.2,0.08,0.23
254,13736231,5.02664042,4.59981251,-6.60019207,1.34573078,1.29242206,6.14006042,-1.80339825,-2.06438923,-18.3141041,-14.467658,0.371716827,-10.3077402,0.12,0.12,-0.6,0.2,0.103393764,0.12,0.2,0.2,-0.23,-0.23,0.0297373462,-0.08,0.12,0.6,0.103393764,0.2,0.23,0.0297373462,-0.12,0.2,0.12,-0.2,0.08,0.23
255,13759591,5.02746773,4.59992599,-6.60125732,1.34583616,1.29215562,6.1395359,-1.80421817,-2.06428647,-18.3143559,-14.4685421,0.371737391,-10.3077192,0.12,0.12,-0.6,0.2,0.10337245,0.12,0.2,0.2,-0.23,-0.23,0.0297389913,-0.08,0.12,0.6,0.10337245,0.2,0.23,0.0297389913,-0.12,0.2,0.12,-0.2,0.08,0.23
256,13775996,5.02708626,4.60013008,-6.6018343,1.34614396,1.29154551,6.13827133,-1.80565536,-2.06426024,-18.3148575,-14.4693642,0.37193346,-10.307353,0.12,0.12,-0.6,0.2,0.103323641,0.12,0.2,0.2,-0.23,-0.23,0.0297546768,-0.08,0.12,0.6,0.103323641,0.2,0.23,0.0297546768,-0.12,0.2,0.12,-0.2,0.08,0.23
257,13800783,5.02522278,4.60030794,-6.6010561,1.34669006,1.29071224,6.13715363,-1.80642116,-2.06417704,-18.3149586,-14.4699793,0.372305393,-10.3064613,0.12,0.12,-0.6,0.2,0.103256979,0.12,0.2,0.2,-0.23,-0.23,0.0297844315,-0.08,0.12,0.6,0.103256979,0.2,0.23,0.0297844315,-0.12,0.2,0.12,-0.2,0.08,0.23
258,13816307,5.02392149,4.59997416,-6.59987259,1.34669268,1.29092503,6.13750267,-1.80579269,-2.0640111,-18.3150635,-14.4703169,0.372385293,-10.3063993,0.12,0.12,-0.6,0.2,0.103274002,0.12,0.2,0.2,-0.23,-0.23,0.0297908235,-0.08,0.12,0.6,0.103274002,0.2,0.23,0.0297908235,-0.12,0.2,0.12,-0.2,0.08,0.23
259,13844237,5.02364111,4.59968615,-6.5989871,1.34640944,1.29196382,6.13884115,-1.80431879,-2.06386852,-18.3156948,-14.4704275,0.372091562,-10.306819,0.12,0.12,-0.6,0.2,0.103357105,0.12,0.2,0.2,-0.23,-0.23,0.0297673249,-0.08,0.12,0.6,0.103357105,0.2,0.23,0.0297673249,-0.12,0.2,0.12,-0.2,0.08,0.23
260,13854541,5.02513742,4.59953022,-6.5994525,1.3460114,1.29265738,6.14006996,-1.8033917,-2.06379271,-18.3167801,-14.470624,0.371598333,-10.3072195,0.12,0.12,-0.6,0.2,0.10341259,0.12,0.2,0.2,-0.23,-0.23,0.0297278666,-0.08,0.12,0.6,0.10341259,0.2,0.23,0.0297278666,-0.12,0.2,0.12,-0.2,0.08,0.23
261,13875393,5.0265851,4.59935713,-6.60046721,1.34597373,1.29228103,6.14047909,-1.80293417,-2.06436205,-18.3175735,-14.4709558,0.371129125,-10.307456,0.12,0.12,-0.6,0.2,0.103382483,0.12,0.2,0.2,-0.23,-0.23,0.02969033,-0.08,0.12,0.6,0.103382483,0.2,0.23,0.02969033,-0.12,0.2,0.12,-0.2,0.08,0.23
262,13895953,5.026618,4.5991354,-6.60116529,1.34658599,1.29074061,6.13995171,-1.80253434,-2.06558776,-18.3172016,-14.4715919,0.370921433,-10.3073711,0.12,0.12,-0.6,0.2,0.103259249,0.12,0.2,0.2,-0.23,-0.23,0.0296737146,-0.08,0.12,0.6,0.103259249,0.2,0.23,0.0296737146,-0.12,0.2,0.12,-0.2,0.08,0.23
263,13918346,5.02493,4.59897757,-6.60060835,1.34718478,1.28904295,6.13895655,-1.80242145,-2.06659174,-18.3160267,-14.4719248,0.371159583,-10.3067579,0.12,0.12,-0.6,0.2,0.103123436,0.12,0.2,0.2,-0.23,-0.23,0.0296927667,-0.08,0.12,0.6,0.103123436,0.2,0.23,0.0296927667,-0.12,0.2,0.12,-0.2,0.08,0.23
264,13936535,5.02263355,4.59889269,-6.5991807,1.3473078,1.28822207,6.13824749,-1.80248189,-2.06690073,-18.3150673,-14.4715281,0.371606916,-10.305975,0.12,0.12,-0.6,0.2,0.103057766,0.12,0.2,0.2,-0.23,-0.23,0.0297285533,-0.08,0.12,0.6,0.103057766,0.2,0.23,0.0297285533,-0.12,0.2,0.12,-0.2,0.08,0.23
265,13955162,5.02073669,4.59889698,-6.59764624,1.34691048,1.28854096,6.13807535,-1.80275345,-2.0665226,-18.3151779,-14.4706621,0.371914417,-10.305294,0.12,0.12,-0.6,0.2,0.103083277,0.12,0.2,0.2,-0.23,-0.23,0.0297531533,-0.08,0.12,0.6,0.103083277,0.2,0.23,0.0297531533,-0.12,0.2,0.12,-0.2,0.08,0.23
266,13981411,5.01985025,4.59896183,-6.59651327,1.34649599,1.28925121,6.13857889,-1.80238223,-2.06600332,-18.3157482,-14.4695978,0.371889889,-10.3048582,0.12,0.12,-0.6,0.2,0.103140097,0.12,0.2,0.2,-0.23,-0.23,0.0297511911,-0.08,0.12,0.6,0.103140097,0.2,0.23,0.0297511911,-0.12,0.2,0.12,-0.2,0.08,0.23
267,13994135,5.01993656,4.5989418,-6.59615993,1.34624958,1.28976774,6.13922977,-1.80162537,-2.06588531,-18.3161392,-14.4687738,0.371575654,-10.3047848,0.12,0.12,-0.6,0.2,0.103181419,0.12,0.2,0.2,-0.23,-0.23,0.0297260523,-0.08,0.12,0.6,0.103181419,0.2,0.23,0.0297260523,-0.12,0.2,0.12,-0.2,0.08,0.23
268,14022833,5.01991034,4.59886503,-6.59593868,1.34641945,1.28961766,6.13972378,-1.80037057,-2.06650424,-18.315918,-14.4681959,0.371194661,-10.3048687,0.12,0.12,-0.6,0.2,0.103169413,0.12,0.2,0.2,-0.23,-0.23,0.0296955729,-0.08,0.12,0.6,0.103169413,0.2,0.23,0.0296955729,-0.12,0.2,0.12,-0.2,0.08,0.23
269,14037104,5.01953459,4.59863949,-6.59557199,1.34667301,1.28897417,6.13999796,-1.7991972,-2.06746483,-18.3151588,-14.4678078,0.370962411,-10.3049126,0.12,0.12,-0.6,0.2,0.103117933,0.12,0.2,0.2,-0.23,-0.23,0.0296769929,-0.08,0.12,0.6,0.103117933,0.2,0.23,0.0296769929,-0.12,0.2,0.12,-0.2,0.08,0.23
270,14054417,5.01901674,4.59827757,-6.59518909,1.34666324,1.28839648,6.14013338,-1.79849923,-2.06831479,-18.3144455,-14.467411,0.370891929,-10.3050385,0.12,0.12,-0.6,0.2,0.103071718,0.12,0.2,0.2,-0.23,-0.23,0.0296713543,-0.08,0.12,0.6,0.103071718,0.2,0.23,0.0296713543,-0.12,0.2,0.12,-0.2,0.08,0.23
271,14082764,5.01925564,4.59804821,-6.59503365,1.34641075,1.28831625,6.14062643,-1.79803169,-2.06853127,-18.313818,-14.4668646,0.370970339,-10.3052378,0.12,0.12,-0.6,0.2,0.1030653,0.12,0.2,0.2,-0.23,-0.23,0.0296776271,-0.08,0.12,0.6,0.1030653,0.2,0.23,0.0296776271,-0.12,0.2,0.12,-0.2,0.08,0.23
272,14098566,5.02037096,4.59785271,-6.59528589,1.34591889,1.28884411,6.14149427,-1.7976464,-2.0683763,-18.3134136,-14.4661751,0.370949417,-10.3057079,0.12,0.12,-0.6,0.2,0.103107529,0.12,0.2,0.2,-0.23,-0.23,0.0296759534,-0.08,0.12,0.6,0.103107529,0.2,0.23,0.0296759534,-0.12,0.2,0.12,-0.2,0.08,0.23
273,14116087,5.0216589,4.59782505,-6.59569407,1.34540427,1.28968883,6.14233065,-1.79734671,-2.06825972,-18.3133411,-14.4652615,0.370731711,-10.3064651,0.12,0.12,-0.6,0.2,0.103175106,0.12,0.2,0.2,-0.23,-0.23,0.0296585369,-0.08,0.12,0.6,0.103175106,0.2,0.23,0.0296585369,-0.12,0.2,0.12,-0.2,0.08,0.23
274,14136464,5.02301407,4.59818697,-6.59661436,1.34512532,1.29021335,6.14225578,-1.79814923,-2.06781459,-18.3133087,-14.4645958,0.37066263,-10.3068428,0.12,0.12,-0.6,0.2,0.103217068,0.12,0.2,0.2,-0.23,-0.23,0.0296530104,-0.08,0.12,0.6,0.103217068,0.2,0.23,0.0296530104,-0.12,0.2,0.12,-0.2,0.08,0.23
275,14163592,5.02352285,4.59854555,-6.59708595,1.34541166,1.29000461,6.14178371,-1.79861736,-2.06764221,-18.3125401,-14.4643021,0.370809555,-10.3068571,0.12,0.12,-0.6,0.2,0.103200369,0.12,0.2,0.2,-0.23,-0.23,0.0296647644,-0.08,0.12,0.6,0.103200369,0.2,0.23,0.0296647644,-0.12,0.2,0.12,-0.2,0.08,0.23
276,14178170,5.02331591,4.59872198,-6.59709692,1.3455677,1.28993011,6.14121819,-1.79910934,-2.06760883,-18.3116837,-14.4642096,0.371021032,-10.3069296,0.12,0.12,-0.6,0.2,0.103194408,0.12,0.2,0.2,-0.23,-0.23,0.0296816826,-0.08,0.12,0.6,0.103194408,0.2,0.23,0.0296816826,-0.12,0.2,0.12,-0.2,0.08,0.23
277,14200121,5.02345753,4.59893656,-6.59712076,1.34526563,1.29081333,6.14101744,-1.80001295,-2.06694865,-18.3116112,-14.4641266,0.371252388,-10.3073339,0.12,0.12,-0.6,0.2,0.103265066,0.12,0.2,0.2,-0.23,-0.23,0.029700191,-0.08,0.12,0.6,0.103265066,0.2,0.23,0.029700191,-0.12,0.2,0.12,-0.2,0.08,0.23
278,14223239,5.02410936,4.59935427,-6.59764004,1.34508014,1.29173756,6.14062262,-1.80143106,-2.06585884,-18.312048,-14.4642782,0.371528208,-10.3073711,0.12,0.12,-0.6,0.2,0.103339005,0.12,0.2,0.2,-0.23,-0.23,0.0297222567,-0.08,0.12,0.6,0.103339005,0.2,0.23,0.0297222567,-0.12,0.2,0.12,-0.2,0.08,0.23
279,14234340,5.02487946,4.59980249,-6.59847689,1.34521568,1.29201305,6.14001274,-1.80264533,-2.06504679,-18.3124886,-14.4647293,0.371733993,-10.3071356,0.12,0.12,-0.6,0.2,0.103361044,0.12,0.2,0.2,-0.23,-0.23,0.0297387195,-0.08,0.12,0.6,0.103361044,0.2,0.23,0.0297387195,-0.12,0.2,0.12,-0.2,0.08,0.23
280,14259363,5.02444649,4.60014868,-6.59859276,1.34566402,1.29179561,6.13924789,-1.80324268,-2.06486869,-18.3125725,-14.4652481,0.37187174,-10.3067503,0.12,0.12,-0.6,0.2,0.103343649,0.12,0.2,0.2,-0.23,-0.23,0.0297497392,-0.08,0.12,0.6,0.103343649,0.2,0.23,0.0297497392,-0.12,0.2,0.12,-0.2,0.08,0.23
281,14277345,5.02367449,4.60022259,-6.59858942,1.34613466,1.29129839,6.13851452,-1.80359066,-2.06494331,-18.3124771,-14.4660492,0.371974945,-10.3064528,0.12,0.12,-0.6,0.2,0.103303871,0.12,0.2,0.2,-0.23,-0.23,0.0297579956,-0.08,0.12,0.6,0.103303871,0.2,0.23,0.0297579956,-0.12,0.2,0.12,-0.2,0.08,0.23
282,14295368,5.02207851,4.60024118,-6.59795666,1.34658313,1.29055369,6.13773918,-1.8038156,-2.06513691,-18.312542,-14.4667444,0.372179449,-10.3057394,0.12,0.12,-0.6,0.2,0.103244295,0.12,0.2,0.2,-0.23,-0.23,0.0297743559,-0.08,0.12,0.6,0.103244295,0.2,0.23,0.0297743559,-0.12,0.2,0.12,-0.2,0.08,0.23
283,14320591,5.0208993,4.6000042,-6.5970397,1.34662545,1.29031587,6.13785315,-1.80340552,-2.06523323,-18.3129463,-14.4671011,0.372266769,-10.3053684,0.12,0.12,-0.6,0.2,0.103225269,0.12,0.2,0.2,-0.23,-0.23,0.0297813416,-0.08,0.12,0.6,0.103225269,0.2,0.23,0.0297813416,-0.12,0.2,0.12,-0.2,0.08,0.23
284,14335860,5.02089977,4.59947157,-6.59646988,1.34618795,1.29106879,6.13913107,-1.80227649,-2.06525564,-18.3138218,-14.467289,0.371970505,-10.3058548,0.12,0.12,-0.6,0.2,0.103285503,0.12,0.2,0.2,-0.23,-0.23,0.0297576404,-0.08,0.12,0.6,0.103285503,0.2,0.23,0.0297576404,-0.12,0.2,0.12,-0.2,0.08,0.23
285,14355147,5.02274036,4.59901381,-6.59711599,1.34566116,1.29210377,6.14086676,-1.80100524,-2.06524467,-18.3148575,-14.4674816,0.371396929,-10.3069305,0.12,0.12,-0.6,0.2,0.103368301,0.12,0.2,0.2,-0.23,-0.23,0.0297117543,-0.08,0.12,0.6,0.103368301,0.2,0.23,0.0297117543,-0.12,0.2,0.12,-0.2,0.08,0.23
286,14376930,5.02445459,4.59893513,-6.59807968,1.34556139,1.29224086,6.14170074,-1.80026281,-2.06561589,-18.3154945,-14.4676561,0.370910704,-10.3074713,0.12,0.12,-0.6,0.2,0.103379269,0.12,0.2,0.2,-0.23,-0.23,0.0296728563,-0.08,0.12,0.6,0.103379269,0.2,0.23,0.0296728563,-0.12,0.2,0.12,-0.2,0.08,0.23
287,14396531,5.02504015,4.59901333,-6.5990839,1.34614623,1.29068947,6.14110041,-1.80003572,-2.0666101,-18.3149796,-14.4680519,0.370725632,-10.3071766,0.12,0.12,-0.6,0.2,0.103255157,0.12,0.2,0.2,-0.23,-0.23,0.0296580505,-0.08,0.12,0.6,0.103255157,0.2,0.23,0.0296580505,-0.12,0.2,0.12,-0.2,0.08,0.23
288,14421881,5.0241251,4.59887409,-6.59898233,1.34660316,1.28904271,6.14013767,-1.80018842,-2.06757569,-18.313818,-14.4683342,0.370930851,-10.3067503,0.12,0.12,-0.6,0.2,0.103123417,0.12,0.2,0.2,-0.23,-0.23,0.029674468,-0.08,0.12,0.6,0.103123417,0.2,0.23,0.029674468,-0.12,0.2,0.12,-0.2,0.08,0.23
289,14435662,5.02226543,4.59861898,-6.59791422,1.34654188,1.28865063,6.13948393,-1.8006022,-2.06789088,-18.3131275,-14.4680986,0.371295333,-10.3065739,0.12,0.12,-0.6,0.2,0.103092051,0.12,0.2,0.2,-0.23,-0.23,0.0297036266,-0.08,0.12,0.6,0.103092051,0.2,0.23,0.0297036266,-0.12,0.2,0.12,-0.2,0.08,0.23
290,14470943,5.02135706,4.59886885,-6.59728289,1.34609711,1.28928649,6.13900709,-1.80186117,-2.0669086,-18.3133945,-14.4675903,0.371745765,-10.3061132,0.12,0.12,-0.6,0.2,0.10314292,0.12,0.2,0.2,-0.23,-0.23,0.0297396612,-0.08,0.12,0.6,0.10314292,0.2,0.23,0.0297396612,-0.12,0.2,0.12,-0.2,0.08,0.23
291,14479149,5.02105904,4.59940481,-6.59685946,1.34590518,1.28991544,6.13876057,-1.80269206,-2.06573462,-18.3138561,-14.4669027,0.372068942,-10.305274,0.12,0.12,-0.6,0.2,0.103193235,0.12,0.2,0.2,-0.23,-0.23,0.0297655153,-0.08,0.12,0.6,0.103193235,0.2,0.23,0.0297655153,-0.12,0.2,0.12,-0.2,0.08,0.23
292,14495798,5.02080679,4.59958696,-6.59648752,1.34589767,1.29041314,6.13889599,-1.80246162,-2.06545997,-18.3141956,-14.4663696,0.371935695,-10.3050613,0.12,0.12,-0.6,0.2,0.103233051,0.12,0.2,0.2,-0.23,-0.23,0.0297548556,-0.08,0.12,0.6,0.103233051,0.2,0.23,0.0297548556,-0.12,0.2,0.12,-0.2,0.08,0.23
293,14523121,5.02028131,4.59948254,-6.59591103,1.34596658,1.2908783,6.13934898,-1.80157876,-2.06577015,-18.3144226,-14.4661322,0.371562451,-10.3054438,0.12,0.12,-0.6,0.2,0.103270264,0.12,0.2,0.2,-0.23,-0.23,0.0297249961,-0.08,0.12,0.6,0.103270264,0.2,0.23,0.0297249961,-0.12,0.2,0.12,-0.2,0.08,0.23
294,14534623,5.01979637,4.59930706,-6.59546328,1.34625769,1.29068458,6.13965893,-1.80057681,-2.06628323,-18.3142052,-14.4662046,0.37132892,-10.3055677,0.12,0.12,-0.6,0.2,0.103254766,0.12,0.2,0.2,-0.23,-0.23,0.0297063136,-0.08,0.12,0.6,0.103254766,0.2,0.23,0.0297063136,-0.12,0.2,0.12,-0.2,0.08,0.23
295,14558423,5.01973915,4.59913731,-6.59552526,1.34642756,1.28993142,6.13960314,-1.80010045,-2.06684995,-18.313879,-14.4664383,0.371302307,-10.3053226,0.12,0.12,-0.6,0.2,0.103194513,0.12,0.2,0.2,-0.23,-0.23,0.0297041845,-0.08,0.12,0.6,0.103194513,0.2,0.23,0.0297041845,-0.12,0.2,0.12,-0.2,0.08,0.23
296,14577388,5.02004242,4.59900475,-6.59594822,1.34623635,1.28955865,6.13937902,-1.80051839,-2.0671165,-18.3139572,-14.4665422,0.371415347,-10.3052406,0.12,0.12,-0.6,0.2,0.103164692,0.12,0.2,0.2,-0.23,-0.23,0.0297132277,-0.08,0.12,0.6,0.103164692,0.2,0.23,0.0297132277,-0.12,0.2,0.12,-0.2,0.08,0.23
297,14597910,5.01973009,4.59899235,-6.59611511,1.3462404,1.28928757,6.13890553,-1.80118394,-2.0671916,-18.3140507,-14.4665403,0.371589631,-10.3050394,0.12,0.12,-0.6,0.2,0.103143005,0.12,0.2,0.2,-0.23,-0.23,0.0297271705,-0.08,0.12,0.6,0.103143005,0.2,0.23,0.0297271705,-0.12,0.2,0.12,-0.2,0.08,0.23
298,14622069,5.01888227,4.59906244,-6.59559441,1.34633291,1.28909266,6.13860846,-1.80142772,-2.06706166,-18.3138313,-14.4661818,0.371784329,-10.3046894,0.12,0.12,-0.6,0.2,0.103127413,0.12,0.2,0.2,-0.23,-0.23,0.0297427464,-0.08,0.12,0.6,0.103127413,0.2,0.23,0.0297427464,-0.12,0.2,0.12,-0.2,0.08,0.23
299,14635408,5.01775932,4.59911346,-6.59448051,1.34634328,1.28928459,6.13884592,-1.80080652,-2.06697392,-18.3134384,-14.4654856,0.371838123,-10.3044653,0.12,0.12,-0.6,0.2,0.103142767,0.12,0.2,0.2,-0.23,-0.23,0.0297470498,-0.08,0.12,0.6,0.103142767,0.2,0.23,0.0297470498,-0.12,0.2,0.12,-0.2,0.08,0.23
300,14667073,5.01701927,4.59900188,-6.59343004,1.34619534,1.28980744,6.1395998,-1.79961264,-2.06713486,-18.3133144,-14.4648409,0.371624976,-10.3046255,0.12,0.12,-0.6,0.2,0.103184595,0.12,0.2,0.2,-0.23,-0.23,0.0297299981,-0.08,0.12,0.6,0.103184595,0.2,0.23,0.0297299981,-0.12,0.2,0.12,-0.2,0.08,0.23
301,14676145,5.01766825,4.5988245,-6.59330654,1.34568214,1.29056585,6.14051723,-1.79893947,-2.0671258,-18.3137703,-14.4643526,0.371291906,-10.3051243,0.12,0.12,-0.6,0.2,0.103245268,0.12,0.2,0.2,-0.23,-0.23,0.0297033525,-0.08,0.12,0.6,0.103245268,0.2,0.23,0.0297033525,-0.12,0.2,0.12,-0.2,0.08,0.23
302,14695717,5.01907444,4.59876013,-6.59420347,1.34545445,1.29080343,6.14090681,-1.7988565,-2.06719947,-18.3141308,-14.4642553,0.371044636,-10.3055277,0.12,0.12,-0.6,0.2,0.103264275,0.12,0.2,0.2,-0.23,-0.23,0.0296835709,-0.08,0.12,0.6,0.103264275,0.2,0.23,0.0296835709,-0.12,0.2,0.12,-0.2,0.08,0.23
303,14722989,5.02035379,4.59882593,-6.59536886,1.34563351,1.29030263,6.14068699,-1.79912615,-2.06745696,-18.3137989,-14.4644718,0.371023327,-10.3056526,0.12,0.12,-0.6,0.2,0.103224211,0.12,0.2,0.2,-0.23,-0.23,0.0296818662,-0.08,0.12,0.6,0.103224211,0.2,0.23,0.0296818662,-0.12,0.2,0.12,-0.2,0.08,0.23
304,14734846,5.02049208,4.5988555,-6.5957303,1.34579813,1.28988707,6.14023495,-1.7995404,-2.06774259,-18.313097,-14.4644918,0.371173084,-10.3057718,0.12,0.12,-0.6,0.2,0.103190966,0.12,0.2,0.2,-0.23,-0.23,0.0296938467,-0.08,0.12,0.6,0.103190966,0.2,0.23,0.0296938467,-0.12,0.2,0.12,-0.2,0.08,0.23
305,14758471,5.01951551,4.59891844,-6.59519148,1.34597135,1.28977287,6.13984299,-1.79973078,-2.0678494,-18.3123951,-14.4642744,0.37139228,-10.3057766,0.12,0.12,-0.6,0.2,0.103181829,0.12,0.2,0.2,-0.23,-0.23,0.0297113824,-0.08,0.12,0.6,0.103181829,0.2,0.23,0.0297113824,-0.12,0.2,0.12,-0.2,0.08,0.23
306,14786034,5.01867294,4.59906769,-6.59450769,1.34590852,1.2899133,6.13960695,-1.80003214,-2.06747055,-18.3120556,-14.4639606,0.371637464,-10.3054705,0.12,0.12,-0.6,0.2,0.103193064,0.12,0.2,0.2,-0.23,-0.23,0.0297309971,-0.08,0.12,0.6,0.103193064,0.2,0.23,0.0297309971,-0.12,0.2,0.12,-0.2,0.08,0.23
307,14794678,5.01845455,4.59925699,-6.59424019,1.34568632,1.29022574,6.13948441,-1.80038261,-2.06698298,-18.3122025,-14.463603,0.371767998,-10.3051538,0.12,0.12,-0.6,0.2,0.10321806,0.12,0.2,0.2,-0.23,-0.23,0.0297414398,-0.08,0.12,0.6,0.10321806,0.2,0.23,0.0297414398,-0.12,0.2,0.12,-0.2,0.08,0.23
308,14816847,5.01906919,4.59934235,-6.59452248,1.34537613,1.29085207,6.13964272,-1.80074656,-2.06654906,-18.3127518,-14.4634438,0.371715903,-10.3052874,0.12,0.12,-0.6,0.2,0.103268166,0.12,0.2,0.2,-0.23,-0.23,0.0297372723,-0.08,0.12,0.6,0.103268166,0.2,0.23,0.0297372723,-0.12,0.2,0.12,-0.2,0.08,0.23
309,14835856,5.01950788,4.59931517,-6.59466648,1.34528565,1.29148126,6.14000273,-1.80065334,-2.06639719,-18.3132267,-14.4634199,0.371537536,-10.3057184,0.12,0.12,-0.6,0.2,0.103318501,0.12,0.2,0.2,-0.23,-0.23,0.0297230029,-0.08,0.12,0.6,0.103318501,0.2,0.23,0.0297230029,-0.12,0.2,0.12,-0.2,0.08,0.23
310,14857289,5.01994467,4.59927464,-6.5948081,1.34531462,1.29192328,6.14036894,-1.80034339,-2.06639218,-18.3133945,-14.4635239,0.371355772,-10.3062372,0.12,0.12,-0.6,0.2,0.103353863,0.12,0.2,0.2,-0.23,-0.23,0.0297084618,-0.08,0.12,0.6,0.103353863,0.2,0.23,0.0297084618,-0.12,0.2,0.12,-0.2,0.08,0.23
311,14875357,5.01994371,4.59922504,-6.5944109,1.34551191,1.29207516,6.14099169,-1.79926074,-2.0666759,-18.3130703,-14.4635963,0.371201932,-10.3066034,0.12,0.12,-0.6,0.2,0.103366013,0.12,0.2,0.2,-0.23,-0.23,0.0296961546,-0.08,0.12,0.6,0.103366013,0.2,0.23,0.0296961546,-0.12,0.2,0.12,-0.2,0.08,0.23
312,14897477,5.02108145,4.59885931,-6.5945344,1.34511876,1.29280257,6.14214945,-1.79828691,-2.06687117,-18.3130207,-14.4636831,0.370908797,-10.3076029,0.12,0.12,-0.6,0.2,0.103424206,0.12,0.2,0.2,-0.23,-0.23,0.0296727037,-0.08,0.12,0.6,0.103424206,0.2,0.23,0.0296727037,-0.12,0.2,0.12,-0.2,0.08,0.23
313,14916009,5.02353334,4.59853506,-6.59551716,1.3445977,1.29377675,6.14374208,-1.79728031,-2.06692576,-18.3131771,-14.4638891,0.370507538,-10.3089838,0.12,0.12,-0.6,0.2,0.10350214,0.12,0.2,0.2,-0.23,-0.23,0.0296406031,-0.08,0.12,0.6,0.10350214,0.2,0.23,0.0296406031,-0.12,0.2,0.12,-0.2,0.08,0.23
314,14939979,5.02710819,4.59834528,-6.59758568,1.34424865,1.29427528,6.14492083,-1.79691076,-2.06690764,-18.3131218,-14.4643631,0.370147794,-10.3102102,0.12,0.12,-0.6,0.2,0.103542023,0.12,0.2,0.2,-0.23,-0.23,0.0296118236,-0.08,0.12,0.6,0.103542023,0.2,0.23,0.0296118236,-0.12,0.2,0.12,-0.2,0.08,0.23
315,14957474,5.03066444,4.59845304,-6.6002636,1.34414148,1.29403496,6.14502811,-1.79759634,-2.06690955,-18.3127327,-14.4649553,0.370001793,-10.3110695,0.12,0.12,-0.6,0.2,0.103522797,0.12,0.2,0.2,-0.23,-0.23,0.0296001434,-0.08,0.12,0.6,0.103522797,0.2,0.23,0.0296001434,-0.12,0.2,0.12,-0.2,0.08,0.23
316,14986799,5.03268862,4.59880543,-6.60245895,1.34449613,1.29318523,6.14393044,-1.79925346,-2.06685281,-18.3118954,-14.4657211,0.370248973,-10.3113203,0.12,0.12,-0.6,0.2,0.103454819,0.12,0.2,0.2,-0.23,-0.23,0.0296199179,-0.08,0.12,0.6,0.103454819,0.2,0.23,0.0296199179,-0.12,0.2,0.12,-0.2,0.08,0.23
317,14997259,5.03262377,4.59918404,-6.60332251,1.34493911,1.2923342,6.14221954,-1.80134654,-2.06652522,-18.3110237,-14.4664297,0.370812923,-10.3110628,0.12,0.12,-0.6,0.2,0.103386736,0.12,0.2,0.2,-0.23,-0.23,0.0296650338,-0.08,0.12,0.6,0.103386736,0.2,0.23,0.0296650338,-0.12,0.2,0.12,-0.2,0.08,0.23
318,15015512,5.03082657,4.59977674,-6.60294104,1.34530532,1.29198265,6.14024973,-1.80366981,-2.06559086,-18.3106861,-14.4669018,0.371577471,-10.3102083,0.12,0.12,-0.6,0.2,0.103358612,0.12,0.2,0.2,-0.23,-0.23,0.0297261977,-0.08,0.12,0.6,0.103358612,0.2,0.23,0.0297261977,-0.12,0.2,0.12,-0.2,0.08,0.23
319,15036811,5.02822781,4.6004262,-6.60163021,1.34572148,1.29192841,6.13872957,-1.80515552,-2.06443572,-18.3108234,-14.4672709,0.372245878,-10.3088589,0.12,0.12,-0.6,0.2,0.103354273,0.12,0.2,0.2,-0.23,-0.23,0.0297796702,-0.08,0.12,0.6,0.103354273,0.2,0.23,0.0297796702,-0.12,0.2,0.12,-0.2,0.08,0.23
320,15057116,5.0266161,4.60072994,-6.60055876,1.34580839,1.29231036,6.13822842,-1.80563605,-2.06341863,-18.311533,-14.4676514,0.372489572,-10.3078671,0.12,0.12,-0.6,0.2,0.103384829,0.12,0.2,0.2,-0.23,-0.23,0.0297991657,-0.08,0.12,0.6,0.103384829,0.2,0.23,0.0297991657,-0.12,0.2,0.12,-0.2,0.08,0.23
321,15074139,5.02718782,4.60071278,-6.60106993,1.34563172,1.29301178,6.13842964,-1.80592251,-2.06263804,-18.312952,-14.468504,0.372312546,-10.3077297,0.12,0.12,-0.6,0.2,0.103440943,0.12,0.2,0.2,-0.23,-0.23,0.0297850037,-0.08,0.12,0.6,0.103440943,0.2,0.23,0.0297850037,-0.12,0.2,0.12,-0.2,0.08,0.23
322,15095141,5.02850294,4.60054684,-6.60211611,1.34562635,1.29354405,6.1388464,-1.80608273,-2.06238461,-18.3146095,-14.4696512,0.371983856,-10.3080997,0.12,0.12,-0.6,0.2,0.103483524,0.12,0.2,0.2,-0.23,-0.23,0.0297587085,-0.08,0.12,0.6,0.103483524,0.2,0.23,0.0297587085,-0.12,0.2,0.12,-0.2,0.08,0.23
323,15117123,5.02964449,4.60031652,-6.60330868,1.34587681,1.29350805,6.13894892,-1.80634248,-2.06251693,-18.315937,-14.4709702,0.371696681,-10.3085337,0.12,0.12,-0.6,0.2,0.103480644,0.12,0.2,0.2,-0.23,-0.23,0.0297357345,-0.08,0.12,0.6,0.103480644,0.2,0.23,0.0297357345,-0.12,0.2,0.12,-0.2,0.08,0.23
324,15134352,5.02925253,4.60012865,-6.60347319,1.34663546,1.29261494,6.13884735,-1.80573487,-2.06319571,-18.3161926,-14.4722672,0.371577114,-10.3085461,0.12,0.12,-0.6,0.2,0.103409195,0.12,0.2,0.2,-0.23,-0.23,0.0297261691,-0.08,0.12,0.6,0.103409195,0.2,0.23,0.0297261691,-0.12,0.2,0.12,-0.2,0.08,0.23
325,15159562,5.02845907,4.59987926,-6.60326004,1.3471514,1.29144955,6.13859272,-1.80518603,-2.06387424,-18.3158894,-14.4733419,0.371625513,-10.3081913,0.12,0.12,-0.6,0.2,0.103315964,0.12,0.2,0.2,-0.23,-0.23,0.029730041,-0.08,0.12,0.6,0.103315964,0.2,0.23,0.029730041,-0.12,0.2,0.12,-0.2,0.08,0.23
326,15174891,5.02730083,4.59966516,-6.60271454,1.34735763,1.29041755,6.13829613,-1.8048104,-2.06444478,-18.3158264,-14.4739513,0.371740401,-10.30756,0.12,0.12,-0.6,0.2,0.103233404,0.12,0.2,0.2,-0.23,-0.23,0.0297392321,-0.08,0.12,0.6,0.103233404,0.2,0.23,0.0297392321,-0.12,0.2,0.12,-0.2,0.08,0.23
327,15195178,5.02572012,4.59949255,-6.60192966,1.34732342,1.28961098,6.1376977,-1.80509806,-2.06481719,-18.3163815,-14.4740782,0.371853471,-10.3066854,0.12,0.12,-0.6,0.2,0.103168879,0.12,0.2,0.2,-0.23,-0.23,0.0297482777,-0.08,0.12,0.6,0.103168879,0.2,0.23,0.0297482777,-0.12,0.2,0.12,-0.2,0.08,0.23
328,15216583,5.0230279,4.59936094,-6.60024405,1.34716868,1.28930306,6.13705015,-1.80542767,-2.06502032,-18.3174381,-14.4735603,0.371910483,-10.3058252,0.12,0.12,-0.6,0.2,0.103144245,0.12,0.2,0.2,-0.23,-0.23,0.0297528386,-0.08,0.12,0.6,0.103144245,0.2,0.23,0.0297528386,-0.12,0.2,0.12,-0.2,0.08,0.23
329,15240543,5.01977062,4.59932947,-6.59776258,1.34732485,1.28919971,6.13697386,-1.80448937,-2.06521487,-18.3178349,-14.4726572,0.37190339,-10.3049479,0.12,0.12,-0.6,0.2,0.103135977,0.12,0.2,0.2,-0.23,-0.23,0.0297522712,-0.08,0.12,0.6,0.103135977,0.2,0.23,0.0297522712,-0.12,0.2,0.12,-0.2,0.08,0.23
330,15258636,5.01829195,4.59915829,-6.5961833,1.34753096,1.28889406,6.13775635,-1.80236995,-2.06555581,-18.3172207,-14.4720087,0.371733367,-10.3042269,0.12,0.12,-0.6,0.2,0.103111525,0.12,0.2,0.2,-0.23,-0.23,0.0297386694,-0.08,0.12,0.6,0.103111525,0.2,0.23,0.0297386694,-0.12,0.2,0.12,-0.2,0.08,0.23
331,15275382,5.01892853,4.59866142,-6.59566116,1.34717345,1.28904748,6.13942385,-1.80000019,-2.06627584,-18.3167324,-14.4712353,0.371302456,-10.304431,0.12,0.12,-0.6,0.2,0.103123798,0.12,0.2,0.2,-0.23,-0.23,0.0297041965,-0.08,0.12,0.6,0.103123798,0.2,0.23,0.0297041965,-0.12,0.2,0.12,-0.2,0.08,0.23
332,15295756,5.02107906,4.59808636,-6.59658861,1.34657025,1.28933048,6.14090395,-1.79876471,-2.06710434,-18.3169098,-14.470602,0.370732248,-10.3052883,0.12,0.12,-0.6,0.2,0.103146439,0.12,0.2,0.2,-0.23,-0.23,0.0296585798,-0.08,0.12,0.6,0.103146439,0.2,0.23,0.0296585798,-0.12,0.2,0.12,-0.2,0.08,0.23
333,15316367,5.02218866,4.5975976,-6.59710026,1.34622002,1.28933311,6.14170504,-1.79825366,-2.06798649,-18.3171787,-14.4699011,0.370312572,-10.306201,0.12,0.12,-0.6,0.2,0.103146648,0.12,0.2,0.2,-0.23,-0.23,0.0296250057,-0.08,0.12,0.6,0.103146648,0.2,0.23,0.0296250057,-0.12,0.2,0.12,-0.2,0.08,0.23
334,15336958,5.02220297,4.59753132,-6.59723902,1.34650004,1.28840578,6.14166021,-1.79772711,-2.06869531,-18.3160858,-14.4691525,0.370265514,-10.3063116,0.12,0.12,-0.6,0.2,0.103072462,0.12,0.2,0.2,-0.23,-0.23,0.0296212411,-0.08,0.12,0.6,0.103072462,0.2,0.23,0.0296212411,-0.12,0.2,0.12,-0.2,0.08,0.23
335,15356904,5.02142715,4.59758663,-6.59661865,1.34659028,1.28785956,6.14144611,-1.79733062,-2.06908083,-18.3144131,-14.4682732,0.370486498,-10.3062172,0.12,0.12,-0.6,0.2,0.103028765,0.12,0.2,0.2,-0.23,-0.23,0.0296389198,-0.08,0.12,0.6,0.103028765,0.2,0.23,0.0296389198,-0.12,0.2,0.12,-0.2,0.08,0.23
336,15382477,5.02061987,4.59770584,-6.59549522,1.34627891,1.28833449,6.14173889,-1.79680991,-2.06904745,-18.3131542,-14.466917,0.370693743,-10.3063211,0.12,0.12,-0.6,0.2,0.103066759,0.12,0.2,0.2,-0.23,-0.23,0.0296554995,-0.08,0.12,0.6,0.103066759,0.2,0.23,0.0296554995,-0.12,0.2,0.12,-0.2,0.08,0.23
337,15396314,5.02102757,4.59778214,-6.59518242,1.34566951,1.28934836,6.14231157,-1.79677749,-2.06853724,-18.3127823,-14.4658175,0.370681733,-10.3066101,0.12,0.12,-0.6,0.2,0.103147869,0.12,0.2,0.2,-0.23,-0.23,0.0296545386,-0.08,0.12,0.6,0.103147869,0.2,0.23,0.0296545386,-0.12,0.2,0.12,-0.2,0.08,0.23
338,15427434,5.02284575,4.59789991,-6.59596539,1.3451494,1.29002213,6.14294815,-1.79682624,-2.06809545,-18.3126431,-14.4649382,0.370521933,-10.3070173,0.12,0.12,-0.6,0.2,0.103201771,0.12,0.2,0.2,-0.23,-0.23,0.0296417546,-0.08,0.12,0.6,0.103201771,0.2,0.23,0.0296417546,-0.12,0.2,0.12,-0.2,0.08,0.23
339,15435690,5.02506924,4.59812593,-6.59752893,1.3450532,1.29013705,6.14301729,-1.79727411,-2.06786394,-18.312151,-14.4645748,0.370443761,-10.3073835,0.12,0.12,-0.6,0.2,0.103210964,0.12,0.2,0.2,-0.23,-0.23,0.0296355009,-0.08,0.12,0.6,0.103210964,0.2,0.23,0.0296355009,-0.12,0.2,0.12,-0.2,0.08,0.23
340,15455824,5.02656317,4.59828806,-6.59882069,1.34516811,1.2900368,6.14270401,-1.79793751,-2.06787992,-18.3113937,-14.4645557,0.370500267,-10.3078985,0.12,0.12,-0.6,0.2,0.103202944,0.12,0.2,0.2,-0.23,-0.23,0.0296400213,-0.08,0.12,0.6,0.103202944,0.2,0.23,0.0296400213,-0.12,0.2,0.12,-0.2,0.08,0.23
341,15477490,5.02681065,4.59845877,-6.59917307,1.34531987,1.29011011,6.14228392,-1.79866731,-2.06774163,-18.3106728,-14.4645224,0.370724022,-10.3082981,0.12,0.12,-0.6,0.2,0.103208809,0.12,0.2,0.2,-0.23,-0.23,0.0296579218,-0.08,0.12,0.6,0.103208809,0.2,0.23,0.0296579218,-0.12,0.2,0.12,-0.2,0.08,0.23
342,15501219,5.02689648,4.59876299,-6.59945345,1.34528875,1.29044414,6.14172888,-1.79981411,-2.06708121,-18.3103981,-14.4646444,0.37105611,-10.3084192,0.12,0.12,-0.6,0.2,0.103235531,0.12,0.2,0.2,-0.23,-0.23,0.0296844888,-0.08,0.12,0.6,0.103235531,0.2,0.23,0.0296844888,-0.12,0.2,0.12,-0.2,0.08,0.23
343,15517783,5.02656651,4.59925747,-6.59942627,1.34530485,1.29086852,6.14100266,-1.80106866,-2.06619978,-18.3106022,-14.4647818,0.371423155,-10.3081074,0.12,0.12,-0.6,0.2,0.103269482,0.12,0.2,0.2,-0.23,-0.23,0.0297138524,-0.08,0.12,0.6,0.103269482,0.2,0.23,0.0297138524,-0.12,0.2,0.12,-0.2,0.08,0.23
344,15537168,5.0267458,4.59969139,-6.59978676,1.34538805,1.29116213,6.14040899,-1.80211651,-2.06534004,-18.3109245,-14.465188,0.371669173,-10.3077335,0.12,0.12,-0.6,0.2,0.103292971,0.12,0.2,0.2,-0.23,-0.23,0.0297335339,-0.08,0.12,0.6,0.103292971,0.2,0.23,0.0297335339,-0.12,0.2,0.12,-0.2,0.08,0.23
345,15556211,5.02704859,4.59985161,-6.60020542,1.34558976,1.29129851,6.14016533,-1.80249989,-2.06489539,-18.3111687,-14.465868,0.371712148,-10.3076134,0.12,0.12,-0.6,0.2,0.103303881,0.12,0.2,0.2,-0.23,-0.23,0.0297369719,-0.08,0.12,0.6,0.103303881,0.2,0.23,0.0297369719,-0.12,0.2,0.12,-0.2,0.08,0.23
346,15579722,5.02719069,4.59973192,-6.6003108,1.3455869,1.29179966,6.14029169,-1.80260074,-2.06477284,-18.3117962,-14.4664755,0.371585608,-10.3080378,0.12,0.12,-0.6,0.2,0.103343973,0.12,0.2,0.2,-0.23,-0.23,0.0297268486,-0.08,0.12,0.6,0.103343973,0.2,0.23,0.0297268486,-0.12,0.2,0.12,-0.2,0.08,0.23
347,15597013,5.02708769,4.59976006,-6.60041094,1.34571028,1.29205763,6.14024782,-1.80277979,-2.06464386,-18.3125877,-14.467164,0.371486962,-10.3081989,0.12,0.12,-0.6,0.2,0.103364611,0.12,0.2,0.2,-0.23,-0.23,0.0297189569,-0.08,0.12,0.6,0.103364611,0.2,0.23,0.0297189569,-0.12,0.2,0.12,-0.2,0.08,0.23
348,15615917,5.02679729,4.59975052,-6.60040951,1.34601533,1.29174018,6.14006948,-1.80274642,-2.06471205,-18.3130741,-14.4679594,0.371462613,-10.3080082,0.12,0.12,-0.6,0.2,0.103339214,0.12,0.2,0.2,-0.23,-0.23,0.0297170091,-0.08,0.12,0.6,0.103339214,0.2,0.23,0.0297170091,-0.12,0.2,0.12,-0.2,0.08,0.23
349,15643575,5.02671242,4.59970522,-6.60066509,1.34625649,1.29112852,6.13977194,-1.80273545,-2.06491637,-18.3132648,-14.4687443,0.371493489,-10.3076859,0.12,0.12,-0.6,0.2,0.103290281,0.12,0.2,0.2,-0.23,-0.23,0.0297194791,-0.08,0.12,0.6,0.103290281,0.2,0.23,0.0297194791,-0.12,0.2,0.12,-0.2,0.08,0.23
350,15655471,5.02648306,4.59964609,-6.60095024,1.34635735,1.29067242,6.13925934,-1.80322611,-2.06508851,-18.3136311,-14.4694624,0.3715792,-10.3074045,0.12,0.12,-0.6,0.2,0.103253794,0.12,0.2,0.2,-0.23,-0.23,0.029726336,-0.08,0.12,0.6,0.103253794,0.2,0.23,0.029726336,-0.12,0.2,0.12,-0.2,0.08,0.23
351,15680197,5.02563238,4.59966421,-6.60070848,1.34652281,1.29021883,6.13865185,-1.8038013,-2.06512475,-18.3140316,-14.4698105,0.371755779,-10.3069,0.12,0.12,-0.6,0.2,0.103217506,0.12,0.2,0.2,-0.23,-0.23,0.0297404623,-0.08,0.12,0.6,0.103217506,0.2,0.23,0.0297404623,-0.12,0.2,0.12,-0.2,0.08,0.23
352,15695175,5.02414465,4.59971428,-6.60008001,1.34683859,1.28951502,6.13792181,-1.80414939,-2.06517982,-18.3142204,-14.4700041,0.371955037,-10.306036,0.12,0.12,-0.6,0.2,0.103161201,0.12,0.2,0.2,-0.23,-0.23,0.029756403,-0.08,0.12,0.6,0.103161201,0.2,0.23,0.029756403,-0.12,0.2,0.12,-0.2,0.08,0.23
353,15718630,5.02209997,4.59963417,-6.59862852,1.34714484,1.28894567,6.13777065,-1.80342388,-2.06547785,-18.3141422,-14.469841,0.372040451,-10.3052731,0.12,0.12,-0.6,0.2,0.103115654,0.12,0.2,0.2,-0.23,-0.23,0.029763236,-0.08,0.12,0.6,0.103115654,0.2,0.23,0.029763236,-0.12,0.2,0.12,-0.2,0.08,0.23
354,15736860,5.0205183,4.59937763,-6.59728336,1.34709764,1.28883636,6.13812113,-1.80239415,-2.06583595,-18.3142872,-14.469511,0.371917844,-10.3048544,0.12,0.12,-0.6,0.2,0.103106909,0.12,0.2,0.2,-0.23,-0.23,0.0297534275,-0.08,0.12,0.6,0.103106909,0.2,0.23,0.0297534275,-0.12,0.2,0.12,-0.2,0.08,0.23
355,15757525,5.01968145,4.59904766,-6.5963645,1.34686065,1.2889415,6.13878155,-1.80131626,-2.06624722,-18.3148327,-14.4690943,0.371638626,-10.3047562,0.12,0.12,-0.6,0.2,0.10311532,0.12,0.2,0.2,-0.23,-0.23,0.0297310901,-0.08,0.12,0.6,0.10311532,0.2,0.23,0.0297310901,-0.12,0.2,0.12,-0.2,0.08,0.23
356,15777734,5.01951599,4.59872389,-6.5957799,1.34672606,1.28883302,6.1396718,-1.79996312,-2.06678391,-18.3150978,-14.4685793,0.371322036,-10.3047142,0.12,0.12,-0.6,0.2,0.103106642,0.12,0.2,0.2,-0.23,-0.23,0.0297057629,-0.08,0.12,0.6,0.103106642,0.2,0.23,0.0297057629,-0.12,0.2,0.12,-0.2,0.08,0.23
357,15796178,5.01937246,4.59821892,-6.5953021,1.34667289,1.28847408,6.14062929,-1.79818296,-2.06781197,-18.3148499,-14.4680529,0.37089324,-10.3049545,0.12,0.12,-0.6,0.2,0.103077927,0.12,0.2,0.2,-0.23,-0.23,0.0296714592,-0.08,0.12,0.6,0.103077927,0.2,0.23,0.0296714592,-0.12,0.2,0.12,-0.2,0.08,0.23
358,15817177,5.01945353,4.59790802,-6.5951457,1.34664905,1.28784823,6.14124966,-1.79678273,-2.06881166,-18.3141193,-14.4674101,0.370592922,-10.3051138,0.12,0.12,-0.6,0.2,0.103027859,0.12,0.2,0.2,-0.23,-0.23,0.0296474338,-0.08,0.12,0.6,0.103027859,0.2,0.23,0.0296474338,-0.12,0.2,0.12,-0.2,0.08,0.23
359,15835023,5.01923752,4.59765577,-6.59473181,1.34643495,1.28743172,6.14155197,-1.79612291,-2.06954408,-18.3133869,-14.4665079,0.370510578,-10.3051949,0.12,0.12,-0.6,0.2,0.102994537,0.12,0.2,0.2,-0.23,-0.23,0.0296408463,-0.08,0.12,0.6,0.102994537,0.2,0.23,0.0296408463,-0.12,0.2,0.12,-0.2,0.08,0.23
360,15858612,5.01878357,4.59747648,-6.5941,1.34608781,1.28747022,6.14179707,-1.79577887,-2.06993914,-18.3128242,-14.4652891,0.370513797,-10.3053846,0.12,0.12,-0.6,0.2,0.102997618,0.12,0.2,0.2,-0.23,-0.23,0.0296411037,-0.08,0.12,0.6,0.102997618,0.2,0.23,0.0296411037,-0.12,0.2,0.12,-0.2,0.08,0.23
361,15880922,5.01859903,4.59759235,-6.5937376,1.34574366,1.28783095,6.14186668,-1.79592657,-2.06974602,-18.3123169,-14.4641418,0.370612919,-10.3054132,0.12,0.12,-0.6,0.2,0.103026476,0.12,0.2,0.2,-0.23,-0.23,0.0296490335,-0.08,0.12,0.6,0.103026476,0.2,0.23,0.0296490335,-0.12,0.2,0.12,-0.2,0.08,0.23
362,15903370,5.01833963,4.59782743,-6.59304237,1.34547365,1.28847897,6.14208317,-1.7957983,-2.06942987,-18.3117237,-14.4628105,0.370717108,-10.3054628,0.12,0.12,-0.6,0.2,0.103078318,0.12,0.2,0.2,-0.23,-0.23,0.0296573687,-0.08,0.12,0.6,0.103078318,0.2,0.23,0.0296573687,-0.12,0.2,0.12,-0.2,0.08,0.23
363,15923589,5.01953745,4.59812784,-6.59354448,1.34518969,1.28908873,6.1423521,-1.79592812,-2.06893587,-18.3110085,-14.4618969,0.370750427,-10.3056631,0.12,0.12,-0.6,0.2,0.103127098,0.12,0.2,0.2,-0.23,-0.23,0.0296600342,-0.08,0.12,0.6,0.103127098,0.2,0.23,0.0296600342,-0.12,0.2,0.12,-0.2,0.08,0.23
364,15935723,5.02088261,4.5982933,-6.59425497,1.3449918,1.28969169,6.1425786,-1.79620242,-2.06865311,-18.3105068,-14.4613819,0.370742828,-10.3061409,0.12,0.12,-0.6,0.2,0.103175335,0.12,0.2,0.2,-0.23,-0.23,0.0296594262,-0.08,0.12,0.6,0.103175335,0.2,0.23,0.0296594262,-0.12,0.2,0.12,-0.2,0.08,0.23
365,15958088,5.02207899,4.59839201,-6.59483671,1.34475887,1.2904501,6.14279079,-1.79664564,-2.06840396,-18.3102818,-14.4609337,0.370729625,-10.3069029,0.12,0.12,-0.6,0.2,0.103236008,0.12,0.2,0.2,-0.23,-0.23,0.02965837,-0.08,0.12,0.6,0.103236008,0.2,0.23,0.02965837,-0.12,0.2,0.12,-0.2,0.08,0.23
366,15976694,5.02264166,4.59848595,-6.59501457,1.34472215,1.29114723,6.14306736,-1.79673922,-2.06814909,-18.3100471,-14.4607849,0.370704323,-10.3075933,0.12,0.12,-0.6,0.2,0.103291779,0.12,0.2,0.2,-0.23,-0.23,0.0296563458,-0.08,0.12,0.6,0.103291779,0.2,0.23,0.0296563458,-0.12,0.2,0.12,-0.2,0.08,0.23
367,16005198,5.02377653,4.5987854,-6.59598732,1.34493637,1.29106867,6.14287472,-1.79704213,-2.06780434,-18.309391,-14.4610834,0.370800287,-10.3077345,0.12,0.12,-0.6,0.2,0.103285494,0.12,0.2,0.2,-0.23,-0.23,0.0296640229,-0.08,0.12,0.6,0.103285494,0.2,0.23,0.0296640229,-0.12,0.2,0.12,-0.2,0.08,0.23
368,16027450,5.02475214,4.59907055,-6.59686708,1.34505677,1.29079449,6.14247179,-1.79764915,-2.06759882,-18.3088417,-14.4615135,0.371002346,-10.3076744,0.12,0.12,-0.6,0.2,0.103263559,0.12,0.2,0.2,-0.23,-0.23,0.0296801877,-0.08,0.12,0.6,0.103263559,0.2,0.23,0.0296801877,-0.12,0.2,0.12,-0.2,0.08,0.23
369,16046071,5.02609682,4.59907246,-6.59792089,1.34481323,1.29117703,6.14236307,-1.79860139,-2.06722307,-18.3089085,-14.4619465,0.37111038,-10.308219,0.12,0.12,-0.6,0.2,0.103294163,0.12,0.2,0.2,-0.23,-0.23,0.0296888304,-0.08,0.12,0.6,0.103294163,0.2,0.23,0.0296888304,-0.12,0.2,0.12,-0.2,0.08,0.23
370,16066348,5.02658319,4.59911728,-6.5986228,1.34489357,1.29147351,6.1421442,-1.79935133,-2.0668745,-18.3092117,-14.4626036,0.371149033,-10.3086052,0.12,0.12,-0.6,0.2,0.103317881,0.12,0.2,0.2,-0.23,-0.23,0.0296919227,-0.08,0.12,0.6,0.103317881,0.2,0.23,0.0296919227,-0.12,0.2,0.12,-0.2,0.08,0.23
371,16086633,5.02636528,4.599298,-6.59855652,1.34502709,1.29161179,6.14184427,-1.79984474,-2.0664866,-18.3095016,-14.4629593,0.371234477,-10.3086109,0.12,0.12,-0.6,0.2,0.103328943,0.12,0.2,0.2,-0.23,-0.23,0.0296987581,-0.08,0.12,0.6,0.103328943,0.2,0.23,0.0296987581,-0.12,0.2,0.12,-0.2,0.08,0.23
372,16101284,5.02623796,4.59964895,-6.59878683,1.34525704,1.29143775,6.14129448,-1.80033982,-2.06606054,-18.3095837,-14.4634619,0.371364653,-10.3082104,0.12,0.12,-0.6,0.2,0.10331502,0.12,0.2,0.2,-0.23,-0.23,0.0297091722,-0.08,0.12,0.6,0.10331502,0.2,0.23,0.0297091722,-0.12,0.2,0.12,-0.2,0.08,0.23
373,16132009,5.02628231,4.59990406,-6.59959507,1.34568143,1.29070818,6.14025593,-1.80125618,-2.06587481,-18.3096428,-14.4644909,0.371556044,-10.3075752,0.12,0.12,-0.6,0.2,0.103256655,0.12,0.2,0.2,-0.23,-0.23,0.0297244835,-0.08,0.12,0.6,0.103256655,0.2,0.23,0.0297244835,-0.12,0.2,0.12,-0.2,0.08,0.23
374,16139238,5.02599049,4.60017347,-6.60040617,1.34593594,1.28984547,6.13861227,-1.80326271,-2.06558061,-18.3101749,-14.4654913,0.37193951,-10.3066807,0.12,0.12,-0.6,0.2,0.103187637,0.12,0.2,0.2,-0.23,-0.23,0.0297551608,-0.08,0.12,0.6,0.103187637,0.2,0.23,0.0297551608,-0.12,0.2,0.12,-0.2,0.08,0.23
375,16163380,5.02526474,4.60040665,-6.60084772,1.34616435,1.28942847,6.13703871,-1.80555439,-2.06487584,-18.3110161,-14.4664078,0.372464299,-10.3058939,0.12,0.12,-0.6,0.2,0.103154278,0.12,0.2,0.2,-0.23,-0.23,0.0297971439,-0.08,0.12,0.6,0.103154278,0.2,0.23,0.0297971439,-0.12,0.2,0.12,-0.2,0.08,0.23
376,16181627,5.02312517,4.60059595,-6.60007286,1.34655297,1.28944886,6.13580275,-1.80706728,-2.06420374,-18.3119812,-14.4671125,0.37292245,-10.3050947,0.12,0.12,-0.6,0.2,0.103155909,0.12,0.2,0.2,-0.23,-0.23,0.029833796,-0.08,0.12,0.6,0.103155909,0.2,0.23,0.029833796,-0.12,0.2,0.12,-0.2,0.08,0.23
377,16210866,5.01995611,4.60083437,-6.59801865,1.34704375,1.28954101,6.1352725,-1.80696285,-2.06382489,-18.3128185,-14.4673662,0.373151094,-10.3040934,0.12,0.12,-0.6,0.2,0.10316328,0.12,0.2,0.2,-0.23,-0.23,0.0298520875,-0.08,0.12,0.6,0.10316328,0.2,0.23,0.0298520875,-0.12,0.2,0.12,-0.2,0.08,0.23
378,16223715,5.01734543,4.60098457,-6.59630919,1.34742153,1.28921366,6.13494349,-1.80631423,-2.06378412,-18.3136063,-14.4676571,0.373151183,-10.3027945,0.12,0.12,-0.6,0.2,0.103137093,0.12,0.2,0.2,-0.23,-0.23,0.0298520947,-0.08,0.12,0.6,0.103137093,0.2,0.23,0.0298520947,-0.12,0.2,0.12,-0.2,0.08,0.23
379,16238683,5.01514149,4.60049009,-6.59433603,1.34760582,1.28881216,6.13567877,-1.80418706,-2.0647049,-18.3144169,-14.4677753,0.372786552,-10.3021994,0.12,0.12,-0.6,0.2,0.103104973,0.12,0.2,0.2,-0.23,-0.23,0.0298229241,-0.08,0.12,0.6,0.103104973,0.2,0.23,0.0298229241,-0.12,0.2,0.12,-0.2,0.08,0.23
380,16255153,5.01462555,4.5995326,-6.59332418,1.34708881,1.28911352,6.13722754,-1.80214739,-2.06573677,-18.3156834,-14.4677839,0.372121781,-10.3026743,0.12,0.12,-0.6,0.2,0.103129082,0.12,0.2,0.2,-0.23,-0.23,0.0297697425,-0.08,0.12,0.6,0.103129082,0.2,0.23,0.0297697425,-0.12,0.2,0.12,-0.2,0.08,0.23
381,16290205,5.0150342,4.59855604,-6.59260082,1.34663427,1.28971434,6.1395793,-1.79930127,-2.0668726,-18.3166466,-14.4675417,0.371316791,-10.3038216,0.12,0.12,-0.6,0.2,0.103177147,0.12,0.2,0.2,-0.23,-0.23,0.0297053432,-0.08,0.12,0.6,0.103177147,0.2,0.23,0.0297053432,-0.12,0.2,0.12,-0.2,0.08,0.23
382,16298771,5.01658201,4.59779596,-6.59248352,1.34620523,1.29008305,6.14199638,-1.7964282,-2.06799626,-18.3166828,-14.4669189,0.370554,-10.3049803,0.12,0.12,-0.6,0.2,0.103206644,0.12,0.2,0.2,-0.23,-0.23,0.02964432,-0.08,0.12,0.6,0.103206644,0.2,0.23,0.02964432,-0.12,0.2,0.12,-0.2,0.08,0.23
383,16313989,5.01980209,4.59723854,-6.59387589,1.34589469,1.28969383,6.14410686,-1.79383063,-2.06923604,-18.3155842,-14.466423,0.369859278,-10.3061504,0.12,0.12,-0.6,0.2,0.103175507,0.12,0.2,0.2,-0.23,-0.23,0.0295887423,-0.08,0.12,0.6,0.103175507,0.2,0.23,0.0295887423,-0.12,0.2,0.12,-0.2,0.08,0.23
384,16346079,5.02328682,4.59682178,-6.59585381,1.34553158,1.2890389,6.14522314,-1.79280174,-2.0703907,-18.3140316,-14.4658756,0.369486839,-10.3072739,0.12,0.12,-0.6,0.2,0.103123112,0.12,0.2,0.2,-0.23,-0.23,0.0295589471,-0.08,0.12,0.6,0.103123112,0.2,0.23,0.0295589471,-0.12,0.2,0.12,-0.2,0.08,0.23
385,16356910,5.02579594,4.59657621,-6.59742165,1.34513021,1.28858781,6.14552498,-1.79305232,-2.0710876,-18.3125648,-14.4650707,0.369445324,-10.3083601,0.12,0.12,-0.6,0.2,0.103087025,0.12,0.2,0.2,-0.23,-0.23,0.0295556259,-0.08,0.12,0.6,0.103087025,0.2,0.23,0.0295556259,-0.12,0.2,0.12,-0.2,0.08,0.23
386,16382278,5.02658558,4.59664917,-6.59770012,1.34471834,1.28890932,6.14542675,-1.7939837,-2.07088876,-18.3113003,-14.4639006,0.369692683,-10.3091621,0.12,0.12,-0.6,0.2,0.103112745,0.12,0.2,0.2,-0.23,-0.23,0.0295754147,-0.08,0.12,0.6,0.103112745,0.2,0.23,0.0295754147,-0.12,0.2,0.12,-0.2,0.08,0.23
387,16397122,5.02647448,4.59726572,-6.5976038,1.34470344,1.28920865,6.14480305,-1.79491377,-2.0700438,-18.3098564,-14.4627895,0.370110542,-10.3091221,0.12,0.12,-0.6,0.2,0.103136692,0.12,0.2,0.2,-0.23,-0.23,0.0296088433,-0.08,0.12,0.6,0.103136692,0.2,0.23,0.0296088433,-0.12,0.2,0.12,-0.2,0.08,0.23
388,16414303,5.02651453,4.59812832,-6.59752512,1.34466004,1.2895844,6.1439929,-1.79605711,-2.06887317,-18.308588,-14.4619007,0.370587528,-10.3085814,0.12,0.12,-0.6,0.2,0.103166752,0.12,0.2,0.2,-0.23,-0.23,0.0296470022,-0.08,0.12,0.6,0.103166752,0.2,0.23,0.0296470022,-0.12,0.2,0.12,-0.2,0.08,0.23
389,16441976,5.02652979,4.59850788,-6.59700012,1.34434736,1.29083169,6.14404774,-1.79642665,-2.06801915,-18.3081322,-14.461072,0.370726585,-10.3088465,0.12,0.12,-0.6,0.2,0.103266535,0.12,0.2,0.2,-0.23,-0.23,0.0296581268,-0.08,0.12,0.6,0.103266535,0.2,0.23,0.0296581268,-0.12,0.2,0.12,-0.2,0.08,0.23
390,16454674,5.02792501,4.59856224,-6.59759855,1.34411871,1.29216337,6.14478779,-1.7962383,-2.06733608,-18.3081017,-14.4611044,0.370473444,-10.3097715,0.12,0.12,-0.6,0.2,0.10337307,0.12,0.2,0.2,-0.23,-0.23,0.0296378756,-0.08,0.12,0.6,0.10337307,0.2,0.23,0.0296378756,-0.12,0.2,0.12,-0.2,0.08,0.23
391,16484769,5.03035355,4.59858036,-6.59901142,1.34415996,1.29271567,6.14561129,-1.79579389,-2.06696844,-18.3079357,-14.4617357,0.370173782,-10.3105879,0.12,0.12,-0.6,0.2,0.103417253,0.12,0.2,0.2,-0.23,-0.23,0.0296139026,-0.08,0.12,0.6,0.103417253,0.2,0.23,0.0296139026,-0.12,0.2,0.12,-0.2,0.08,0.23
392,16495148,5.03265524,4.59848785,-6.60042667,1.34414113,1.29300308,6.14624691,-1.79545486,-2.0671339,-18.3078403,-14.4623423,0.369886905,-10.3115959,0.12,0.12,-0.6,0.2,0.103440247,0.12,0.2,0.2,-0.23,-0.23,0.0295909524,-0.08,0.12,0.6,0.103440247,0.2,0.23,0.0295909524,-0.12,0.2,0.12,-0.2,0.08,0.23
393,16516972,5.03422642,4.59836149,-6.60173273,1.34413767,1.29327106,6.14654398,-1.79556859,-2.06740332,-18.3079739,-14.4632444,0.369646043,-10.3127756,0.12,0.12,-0.6,0.2,0.103461685,0.12,0.2,0.2,-0.23,-0.23,0.0295716834,-0.08,0.12,0.6,0.103461685,0.2,0.23,0.0295716834,-0.12,0.2,0.12,-0.2,0.08,0.23
394,16543327,5.03454018,4.59833241,-6.6023612,1.34454966,1.29276323,6.14630604,-1.79559946,-2.06770253,-18.3076115,-14.4642391,0.369617671,-10.3131781,0.12,0.12,-0.6,0.2,0.103421059,0.12,0.2,0.2,-0.23,-0.23,0.0295694137,-0.08,0.12,0.6,0.103421059,0.2,0.23,0.0295694137,-0.12,0.2,0.12,-0.2,0.08,0.23
395,16554560,5.03484678,4.5986104,-6.60329294,1.34487522,1.29164541,6.14518499,-1.79659474,-2.06758142,-18.3069725,-14.4651098,0.369927973,-10.3126221,0.12,0.12,-0.6,0.2,0.103331633,0.12,0.2,0.2,-0.23,-0.23,0.0295942378,-0.08,0.12,0.6,0.103331633,0.2,0.23,0.0295942378,-0.12,0.2,0.12,-0.2,0.08,0.23
396,16577650,5.03430891,4.59909058,-6.6039443,1.34521139,1.29049873,6.14332533,-1.79848742,-2.06725955,-18.3066711,-14.4658251,0.370486885,-10.3114777,0.12,0.12,-0.6,0.2,0.103239899,0.12,0.2,0.2,-0.23,-0.23,0.0296389508,-0.08,0.12,0.6,0.103239899,0.2,0.23,0.0296389508,-0.12,0.2,0.12,-0.2,0.08,0.23
397,16596879,5.02762032,4.599123,-6.59968042,1.34493148,1.2915113,6.14134407,-1.80029678,-2.06753588,-18.3086815,-14.4648762,0.370816648,-10.3108931,0.12,0.12,-0.6,0.2,0.103320904,0.12,0.2,0.2,-0.23,-0.23,0.0296653318,-0.08,0.12,0.6,0.103320904,0.2,0.23,0.0296653318,-0.12,0.2,0.12,-0.2,0.08,0.23
398,16619265,5.02209044,4.59997749,-6.59618425,1.34482455,1.29290783,6.13965654,-1.80208516,-2.0658524,-18.3107796,-14.4639444,0.371273071,-10.3095512,0.12,0.12,-0.6,0.2,0.103432627,0.12,0.2,0.2,-0.23,-0.23,0.0297018456,-0.08,0.12,0.6,0.103432627,0.2,0.23,0.0297018456,-0.12,0.2,0.12,-0.2,0.08,0.23
399,16635580,5.02290964,4.60132122,-6.59779549,1.34594452,1.29156518,6.13780117,-1.80371785,-2.06335235,-18.3100033,-14.4654837,0.37224555,-10.3063345,0.12,0.12,-0.6,0.2,0.103325214,0.12,0.2,0.2,-0.23,-0.23,0.029779644,-0.08,0.12,0.6,0.103325214,0.2,0.23,0.029779644,-0.12,0.2,0.12,-0.2,0.08,0.23
400,16658634,5.02733707,4.60158491,-6.60141659,1.34632874,1.29031777,6.1371417,-1.80479348,-2.06290102,-18.3091908,-14.4670906,0.372824609,-10.3050928,0.12,0.12,-0.6,0.2,0.103225422,0.12,0.2,0.2,-0.23,-0.23,0.0298259687,-0.08,0.12,0.6,0.103225422,0.2,0.23,0.0298259687,-0.12,0.2,0.12,-0.2,0.08,0.23
401,16676321,5.03116465,4.60103226,-6.60463905,1.34597409,1.29102755,6.13764334,-1.80638134,-2.06318974,-18.3106709,-14.4685736,0.372608602,-10.3064489,0.12,0.12,-0.6,0.2,0.103282204,0.12,0.2,0.2,-0.23,-0.23,0.0298086882,-0.08,0.12,0.6,0.103282204,0.2,0.23,0.0298086882,-0.12,0.2,0.12,-0.2,0.08,0.23
402,16707730,5.03261137,4.59996223,-6.60608006,1.34550548,1.2926923,6.13832331,-1.80851018,-2.06276965,-18.3137245,-14.469985,0.372165829,-10.3089046,0.12,0.12,-0.6,0.2,0.103415384,0.12,0.2,0.2,-0.23,-0.23,0.0297732663,-0.08,0.12,0.6,0.103415384,0.2,0.23,0.0297732663,-0.12,0.2,0.12,-0.2,0.08,0.23
403,16716764,5.02902651,4.59994221,-6.6035099,1.34618974,1.2932806,6.13830614,-1.80832493,-2.06241035,-18.3157597,-14.4701958,0.372144133,-10.3092699,0.12,0.12,-0.6,0.2,0.103462448,0.12,0.2,0.2,-0.23,-0.23,0.0297715306,-0.08,0.12,0.6,0.103462448,0.2,0.23,0.0297715306,-0.12,0.2,0.12,-0.2,0.08,0.23
404,16745334,5.0248971,4.60072041,-6.60054016,1.34726095,1.29254377,6.13787842,-1.80647111,-2.06231999,-18.3158264,-14.4707212,0.372308075,-10.3076372,0.12,0.12,-0.6,0.2,0.103403502,0.12,0.2,0.2,-0.23,-0.23,0.029784646,-0.08,0.12,0.6,0.103403502,0.2,0.23,0.029784646,-0.12,0.2,0.12,-0.2,0.08,0.23
405,16754419,5.02310514,4.60080147,-6.59907961,1.3479203,1.29095924,6.13813591,-1.80353427,-2.06330872,-18.3148823,-14.4717875,0.372147083,-10.3060074,0.12,0.12,-0.6,0.2,0.103276739,0.12,0.2,0.2,-0.23,-0.23,0.0297717667,-0.08,0.12,0.6,0.103276739,0.2,0.23,0.0297717667,-0.12,0.2,0.12,-0.2,0.08,0.23
406,16781829,5.0244379,4.59956646,-6.59932375,1.34765208,1.28968787,6.13991737,-1.80039775,-2.06524992,-18.3144951,-14.4727449,0.371439397,-10.3060989,0.12,0.12,-0.6,0.2,0.10317503,0.12,0.2,0.2,-0.23,-0.23,0.0297151518,-0.08,0.12,0.6,0.10317503,0.2,0.23,0.0297151518,-0.12,0.2,0.12,-0.2,0.08,0.23
407,16796707,5.02798462,4.59782648,-6.60107374,1.3464402,1.28964531,6.14232779,-1.7988323,-2.06670308,-18.3155823,-14.473176,0.370451987,-10.3077679,0.12,0.12,-0.6,0.2,0.103171625,0.12,0.2,0.2,-0.23,-0.23,0.0296361589,-0.08,0.12,0.6,0.103171625,0.2,0.23,0.0296361589,-0.12,0.2,0.12,-0.2,0.08,0.23
408,16828893,5.03046799,4.5967679,-6.60222006,1.3457073,1.29013062,6.14423323,-1.79787982,-2.06752133,-18.3167038,-14.4726858,0.369700611,-10.3096352,0.12,0.12,-0.6,0.2,0.103210449,0.12,0.2,0.2,-0.23,-0.23,0.0295760489,-0.08,0.12,0.6,0.103210449,0.2,0.23,0.0295760489,-0.12,0.2,0.12,-0.2,0.08,0.23
409,16836542,5.03016376,4.59675789,-6.60175467,1.34588516,1.2898829,6.14476347,-1.79689848,-2.06817174,-18.3163567,-14.4716444,0.369429559,-10.3101683,0.12,0.12,-0.6,0.2,0.103190632,0.12,0.2,0.2,-0.23,-0.23,0.0295543647,-0.08,0.12,0.6,0.103190632,0.2,0.23,0.0295543647,-0.12,0.2,0.12,-0.2,0.08,0.23
410,16857565,5.0280571,4.59720612,-6.60020876,1.34659767,1.28856826,6.14442062,-1.79525602,-2.06903315,-18.3141708,-14.4704952,0.369497716,-10.3094597,0.12,0.12,-0.6,0.2,0.103085461,0.12,0.2,0.2,-0.23,-0.23,0.0295598173,-0.08,0.12,0.6,0.103085461,0.2,0.23,0.0295598173,-0.12,0.2,0.12,-0.2,0.08,0.23
411,16878424,5.02599382,4.59740877,-6.59858418,1.34694695,1.28716159,6.14391756,-1.79386318,-2.06993461,-18.311491,-14.4693995,0.369723052,-10.3084021,0.12,0.12,-0.6,0.2,0.102972927,0.12,0.2,0.2,-0.23,-0.23,0.0295778441,-0.08,0.12,0.6,0.102972927,0.2,0.23,0.0295778441,-0.12,0.2,0.12,-0.2,0.08,0.23
412,16895758,5.02470732,4.59709454,-6.59720945,1.34665024,1.28645778,6.14403915,-1.79275596,-2.07071686,-18.3097954,-14.4681234,0.36980471,-10.307806,0.12,0.12,-0.6,0.2,0.102916622,0.12,0.2,0.2,-0.23,-0.23,0.0295843768,-0.08,0.12,0.6,0.102916622,0.2,0.23,0.0295843768,-0.12,0.2,0.12,-0.2,0.08,0.23
413,16923850,5.02438307,4.59674644,-6.59652328,1.34605491,1.28634655,6.14451981,-1.79218817,-2.07103133,-18.3091183,-14.4666433,0.369733095,-10.307559,0.12,0.12,-0.6,0.2,0.102907724,0.12,0.2,0.2,-0.23,-0.23,0.0295786476,-0.08,0.12,0.6,0.102907724,0.2,0.23,0.0295786476,-0.12,0.2,0.12,-0.2,0.08,0.23
414,16935463,5.02494669,4.59649086,-6.5964613,1.34552133,1.28657413,6.14529896,-1.79160523,-2.07106304,-18.3086872,-14.4651079,0.369529217,-10.3077564,0.12,0.12,-0.6,0.2,0.10292593,0.12,0.2,0.2,-0.23,-0.23,0.0295623374,-0.08,0.12,0.6,0.10292593,0.2,0.23,0.0295623374,-0.12,0.2,0.12,-0.2,0.08,0.23
415,16957833,5.02528524,4.59652472,-6.59648705,1.34538519,1.28668821,6.14577913,-1.79091728,-2.07124829,-18.307869,-14.4636126,0.369337946,-10.3079872,0.12,0.12,-0.6,0.2,0.102935057,0.12,0.2,0.2,-0.23,-0.23,0.0295470357,-0.08,0.12,0.6,0.102935057,0.2,0.23,0.0295470357,-0.12,0.2,0.12,-0.2,0.08,0.23
416,16978529,5.02512169,4.59670353,-6.59639931,1.34541464,1.28658843,6.14574242,-1.79057395,-2.07155943,-18.3068123,-14.4623747,0.369270027,-10.3081112,0.12,0.12,-0.6,0.2,0.102927074,0.12,0.2,0.2,-0.23,-0.23,0.0295416021,-0.08,0.12,0.6,0.102927074,0.2,0.23,0.0295416021,-0.12,0.2,0.12,-0.2,0.08,0.23
417,16996431,5.02453852,4.59694242,-6.59600306,1.34548652,1.2863251,6.14539862,-1.79056978,-2.07173038,-18.3056068,-14.4612913,0.369422138,-10.3079472,0.12,0.12,-0.6,0.2,0.102906008,0.12,0.2,0.2,-0.23,-0.23,0.029553771,-0.08,0.12,0.6,0.102906008,0.2,0.23,0.029553771,-0.12,0.2,0.12,-0.2,0.08,0.23
418,17033793,5.0240593,4.59705877,-6.59571266,1.34535527,1.2862761,6.14502621,-1.79094636,-2.07172942,-18.3046951,-14.4604416,0.369661152,-10.3078318,0.12,0.12,-0.6,0.2,0.102902088,0.12,0.2,0.2,-0.23,-0.23,0.0295728922,-0.08,0.12,0.6,0.102902088,0.2,0.23,0.0295728922,-0.12,0.2,0.12,-0.2,0.08,0.23
419,17041660,5.02379227,4.59731674,-6.59553337,1.34515488,1.28649688,6.14465094,-1.79160631,-2.0713532,-18.3041801,-14.4596262,0.369946688,-10.307601,0.12,0.12,-0.6,0.2,0.10291975,0.12,0.2,0.2,-0.23,-0.23,0.0295957351,-0.08,0.12,0.6,0.10291975,0.2,0.23,0.0295957351,-0.12,0.2,0.12,-0.2,0.08,0.23
420,17054555,5.02482796,4.59771538,-6.59635448,1.34485292,1.28695083,6.1442337,-1.79295826,-2.07040644,-18.303957,-14.4591007,0.370265514,-10.3074179,0.12,0.12,-0.6,0.2,0.102956066,0.12,0.2,0.2,-0.23,-0.23,0.0296212411,-0.08,0.12,0.6,0.102956066,0.2,0.23,0.0296212411,-0.12,0.2,0.12,-0.2,0.08,0.23
421,17077786,5.02633286,4.59805822,-6.59744215,1.34446836,1.28799593,6.14397573,-1.79457831,-2.06932592,-18.3042736,-14.4587679,0.370508522,-10.3077879,0.12,0.12,-0.6,0.2,0.103039675,0.12,0.2,0.2,-0.23,-0.23,0.0296406817,-0.08,0.12,0.6,0.103039675,0.2,0.23,0.0296406817,-0.12,0.2,0.12,-0.2,0.08,0.23
422,17099563,5.02750206,4.5984621,-6.59824038,1.34425092,1.28949571,6.14389658,-1.79599988,-2.06823874,-18.3049316,-14.4586754,0.370643735,-10.3085527,0.12,0.12,-0.6,0.2,0.103159657,0.12,0.2,0.2,-0.23,-0.23,0.0296514988,-0.08,0.12,0.6,0.103159657,0.2,0.23,0.0296514988,-0.12,0.2,0.12,-0.2,0.08,0.23
423,17117629,5.02757931,4.59881639,-6.59814739,1.34428728,1.29094648,6.14390802,-1.79674625,-2.06740355,-18.3056316,-14.4588385,0.370657742,-10.3092527,0.12,0.12,-0.6,0.2,0.103275719,0.12,0.2,0.2,-0.23,-0.23,0.0296526194,-0.08,0.12,0.6,0.103275719,0.2,0.23,0.0296526194,-0.12,0.2,0.12,-0.2,0.08,0.23
424,17142856,5.0275259,4.59922886,-6.59792948,1.34468043,1.29157984,6.14394236,-1.79659593,-2.06686783,-18.3057442,-14.4593182,0.370669693,-10.3094521,0.12,0.12,-0.6,0.2,0.103326387,0.12,0.2,0.2,-0.23,-0.23,0.0296535754,-0.08,0.12,0.6,0.103326387,0.2,0.23,0.0296535754,-0.12,0.2,0.12,-0.2,0.08,0.23
425,17157665,5.02850103,4.59931564,-6.59838295,1.34482133,1.29187155,6.14424944,-1.79625797,-2.0666461,-18.305727,-14.4603205,0.370612681,-10.3097305,0.12,0.12,-0.6,0.2,0.103349724,0.12,0.2,0.2,-0.23,-0.23,0.0296490145,-0.08,0.12,0.6,0.103349724,0.2,0.23,0.0296490145,-0.12,0.2,0.12,-0.2,0.08,0.23
426,17188315,5.03101492,4.59926748,-6.60043573,1.3447417,1.29186451,6.14424229,-1.79690123,-2.06649923,-18.3061237,-14.4617577,0.370544821,-10.3102016,0.12,0.12,-0.6,0.2,0.103349161,0.12,0.2,0.2,-0.23,-0.23,0.0296435857,-0.08,0.12,0.6,0.103349161,0.2,0.23,0.0296435857,-0.12,0.2,0.12,-0.2,0.08,0.23
427,17196250,5.03329802,4.59927416,-6.6026473,1.34478199,1.29159081,6.14373589,-1.7984705,-2.06630468,-18.3068829,-14.4633188,0.370637387,-10.3105574,0.12,0.12,-0.6,0.2,0.103327265,0.12,0.2,0.2,-0.23,-0.23,0.029650991,-0.08,0.12,0.6,0.103327265,0.2,0.23,0.029650991,-0.12,0.2,0.12,-0.2,0.08,0.23
428,17217316,5.03338099,4.59930468,-6.60339069,1.34497631,1.29147136,6.14275217,-1.80022919,-2.06603217,-18.3077564,-14.4643593,0.370869905,-10.3107347,0.12,0.12,-0.6,0.2,0.103317709,0.12,0.2,0.2,-0.23,-0.23,0.0296695924,-0.08,0.12,0.6,0.103317709,0.2,0.23,0.0296695924,-0.12,0.2,0.12,-0.2,0.08,0.23
429,17236854,5.0312314,4.59963322,-6.60260201,1.34560132,1.29118192,6.14155865,-1.8011601,-2.06570673,-18.3081264,-14.4651556,0.37119028,-10.3102655,0.12,0.12,-0.6,0.2,0.103294554,0.12,0.2,0.2,-0.23,-0.23,0.0296952224,-0.08,0.12,0.6,0.103294554,0.2,0.23,0.0296952224,-0.12,0.2,0.12,-0.2,0.08,0.23
430,17256676,5.02846479,4.60004568,-6.60100794,1.34633183,1.29048741,6.14058113,-1.80112672,-2.06538463,-18.3079052,-14.4658089,0.371565104,-10.30896,0.12,0.12,-0.6,0.2,0.103238993,0.12,0.2,0.2,-0.23,-0.23,0.0297252083,-0.08,0.12,0.6,0.103238993,0.2,0.23,0.0297252083,-0.12,0.2,0.12,-0.2,0.08,0.23
431,17277359,5.02650118,4.60012054,-6.59985781,1.34671235,1.28960836,6.14002419,-1.80057299,-2.06551003,-18.3078861,-14.4663992,0.371714383,-10.3076048,0.12,0.12,-0.6,0.2,0.103168669,0.12,0.2,0.2,-0.23,-0.23,0.0297371507,-0.08,0.12,0.6,0.103168669,0.2,0.23,0.0297371507,-0.12,0.2,0.12,-0.2,0.08,0.23
432,17306773,5.02603054,4.59969425,-6.59946585,1.34645736,1.28940618,6.14030075,-1.80013585,-2.06580687,-18.3088875,-14.4669275,0.371530771,-10.3071947,0.12,0.12,-0.6,0.2,0.103152494,0.12,0.2,0.2,-0.23,-0.23,0.0297224617,-0.08,0.12,0.6,0.103152494,0.2,0.23,0.0297224617,-0.12,0.2,0.12,-0.2,0.08,0.23
433,17316757,5.02587652,4.59910202,-6.59939671,1.3463093,1.289276,6.14086962,-1.79952776,-2.06629801,-18.3101768,-14.4673443,0.37116611,-10.3072186,0.12,0.12,-0.6,0.2,0.10314208,0.12,0.2,0.2,-0.23,-0.23,0.0296932888,-0.08,0.12,0.6,0.10314208,0.2,0.23,0.0296932888,-0.12,0.2,0.12,-0.2,0.08,0.23
434,17346674,5.02588606,4.5986762,-6.59955359,1.34660947,1.28834343,6.14133406,-1.79843187,-2.06703544,-18.3105469,-14.4677048,0.370843142,-10.3070383,0.12,0.12,-0.6,0.2,0.103067474,0.12,0.2,0.2,-0.23,-0.23,0.0296674514,-0.08,0.12,0.6,0.103067474,0.2,0.23,0.0296674514,-0.12,0.2,0.12,-0.2,0.08,0.23
435,17356457,5.0250926,4.59843493,-6.5992403,1.34696805,1.28701401,6.14129591,-1.7974602,-2.06802034,-18.3101673,-14.4676819,0.370720595,-10.3064785,0.12,0.12,-0.6,0.2,0.102961121,0.12,0.2,0.2,-0.23,-0.23,0.0296576476,-0.08,0.12,0.6,0.102961121,0.2,0.23,0.0296576476,-0.12,0.2,0.12,-0.2,0.08,0.23
436,17376699,5.02307892,4.59812355,-6.59795284,1.34711695,1.28605461,6.14115143,-1.7965523,-2.0691545,-18.3097954,-14.4671564,0.370682508,-10.3060627,0.12,0.12,-0.6,0.2,0.102884369,0.12,0.2,0.2,-0.23,-0.23,0.0296546006,-0.08,0.12,0.6,0.102884369,0.2,0.23,0.0296546006,-0.12,0.2,0.12,-0.2,0.08,0.23
437,17398416,5.02018023,4.59789419,-6.59600925,1.34717417,1.28519487,6.14079475,-1.79591608,-2.0699594,-18.3095551,-14.4663029,0.370746195,-10.3051968,0.12,0.12,-0.6,0.2,0.10281559,0.12,0.2,0.2,-0.23,-0.23,0.0296596956,-0.08,0.12,0.6,0.10281559,0.2,0.23,0.0296596956,-0.12,0.2,0.12,-0.2,0.08,0.23
438,17416837,5.01807785,4.59787035,-6.5946846,1.34710038,1.28423452,6.14017534,-1.79583561,-2.07020712,-18.3092556,-14.4652758,0.370959461,-10.3038902,0.12,0.12,-0.6,0.2,0.102738762,0.12,0.2,0.2,-0.23,-0.23,0.0296767569,-0.08,0.12,0.6,0.102738762,0.2,0.23,0.0296767569,-0.12,0.2,0.12,-0.2,0.08,0.23
439,17437280,5.01805735,4.59811592,-6.59478283,1.34735584,1.28274834,6.13980246,-1.79551673,-2.07015586,-18.3079758,-14.4644661,0.371323645,-10.3022642,0.12,0.12,-0.6,0.2,0.102619867,0.12,0.2,0.2,-0.23,-0.23,0.0297058916,-0.08,0.12,0.6,0.102619867,0.2,0.23,0.0297058916,-0.12,0.2,0.12,-0.2,0.08,0.23
440,17455678,5.01913548,4.59761,-6.59504986,1.34729612,1.28196514,6.14081335,-1.79405832,-2.07077575,-18.3065014,-14.4636631,0.371281743,-10.3020144,0.12,0.12,-0.6,0.2,0.102557211,0.12,0.2,0.2,-0.23,-0.23,0.0297025394,-0.08,0.12,0.6,0.102557211,0.2,0.23,0.0297025394,-0.12,0.2,0.12,-0.2,0.08,0.23
441,17480319,5.02054834,4.59664631,-6.59495068,1.34628224,1.2832185,6.1431098,-1.79240811,-2.07143664,-18.3064957,-14.4622011,0.370647699,-10.3037863,0.12,0.12,-0.6,0.2,0.10265748,0.12,0.2,0.2,-0.23,-0.23,0.0296518159,-0.08,0.12,0.6,0.10265748,0.2,0.23,0.0296518159,-0.12,0.2,0.12,-0.2,0.08,0.23
442,17494964,5.02134085,4.5961957,-6.59444189,1.34538758,1.2851485,6.14516783,-1.79128933,-2.07147813,-18.3074265,-14.4606066,0.369959384,-10.3056355,0.12,0.12,-0.6,0.2,0.10281188,0.12,0.2,0.2,-0.23,-0.23,0.0295967507,-0.08,0.12,0.6,0.10281188,0.2,0.23,0.0295967507,-0.12,0.2,0.12,-0.2,0.08,0.23
443,17516700,5.0213213,4.59631395,-6.59357882,1.34512484,1.28600049,6.14625502,-1.79006481,-2.07157826,-18.3076267,-14.4591293,0.369518906,-10.3064117,0.12,0.12,-0.6,0.2,0.102880039,0.12,0.2,0.2,-0.23,-0.23,0.0295615125,-0.08,0.12,0.6,0.102880039,0.2,0.23,0.0295615125,-0.12,0.2,0.12,-0.2,0.08,0.23
444,17548392,5.02089977,4.59666777,-6.59289122,1.345433,1.28552544,6.14656448,-1.78827834,-2.07231498,-18.3062,-14.4581299,0.369287878,-10.3063412,0.12,0.12,-0.6,0.2,0.102842035,0.12,0.2,0.2,-0.23,-0.23,0.0295430303,-0.08,0.12,0.6,0.102842035,0.2,0.23,0.0295430303,-0.12,0.2,0.12,-0.2,0.08,0.23
445,17555032,5.02139425,4.59674215,-6.59309578,1.34531617,1.28515053,6.14648676,-1.78759396,-2.07304549,-18.3044376,-14.4576092,0.369233608,-10.3065462,0.12,0.12,-0.6,0.2,0.102812042,0.12,0.2,0.2,-0.23,-0.23,0.0295386887,-0.08,0.12,0.6,0.102812042,0.2,0.23,0.0295386887,-0.12,0.2,0.12,-0.2,0.08,0.23
446,17578876,5.02216482,4.59670258,-6.59339285,1.34481537,1.28553152,6.14636374,-1.78815281,-2.07318091,-18.3034325,-14.4568577,0.369395673,-10.3070412,0.12,0.12,-0.6,0.2,0.102842522,0.12,0.2,0.2,-0.23,-0.23,0.0295516539,-0.08,0.12,0.6,0.102842522,0.2,0.23,0.0295516539,-0.12,0.2,0.12,-0.2,0.08,0.23
447,17596215,5.02267599,4.59686375,-6.5936451,1.3443315,1.28631938,6.14597988,-1.78961456,-2.07260489,-18.3031597,-14.4559593,0.369697124,-10.3073654,0.12,0.12,-0.6,0.2,0.10290555,0.12,0.2,0.2,-0.23,-0.23,0.0295757699,-0.08,0.12,0.6,0.10290555,0.2,0.23,0.0295757699,-0.12,0.2,0.12,-0.2,0.08,0.23
448,17616945,5.02263212,4.59729719,-6.59355354,1.34427249,1.28671515,6.14555836,-1.79048276,-2.07199574,-18.3026199,-14.455019,0.369978845,-10.3072186,0.12,0.12,-0.6,0.2,0.102937212,0.12,0.2,0.2,-0.23,-0.23,0.0295983076,-0.08,0.12,0.6,0.102937212,0.2,0.23,0.0295983076,-0.12,0.2,0.12,-0.2,0.08,0.23
449,17639456,5.02305412,4.59790516,-6.5938549,1.34444439,1.28681588,6.14501953,-1.79118299,-2.07122183,-18.3015652,-14.454361,0.370351255,-10.3067913,0.12,0.12,-0.6,0.2,0.102945271,0.12,0.2,0.2,-0.23,-0.23,0.0296281004,-0.08,0.12,0.6,0.102945271,0.2,0.23,0.0296281004,-0.12,0.2,0.12,-0.2,0.08,0.23
450,17656001,5.02387333,4.59827757,-6.5944581,1.34447503,1.28704178,6.14465332,-1.79186988,-2.0706923,-18.3007908,-14.4541578,0.37063393,-10.3067331,0.12,0.12,-0.6,0.2,0.102963343,0.12,0.2,0.2,-0.23,-0.23,0.0296507144,-0.08,0.12,0.6,0.102963343,0.2,0.23,0.0296507144,-0.12,0.2,0.12,-0.2,0.08,0.23
451,17688728,5.02514267,4.59854698,-6.59553862,1.34441578,1.28730667,6.14429331,-1.7930336,-2.07013321,-18.3007221,-14.4543171,0.370841175,-10.30688,0.12,0.12,-0.6,0.2,0.102984533,0.12,0.2,0.2,-0.23,-0.23,0.029667294,-0.08,0.12,0.6,0.102984533,0.2,0.23,0.029667294,-0.12,0.2,0.12,-0.2,0.08,0.23
452,17694691,5.02649069,4.59870243,-6.59668732,1.34422565,1.2878834,6.14407253,-1.79448998,-2.06936121,-18.3013535,-14.4547815,0.371001333,-10.3072948,0.12,0.12,-0.6,0.2,0.103030672,0.12,0.2,0.2,-0.23,-0.23,0.0296801066,-0.08,0.12,0.6,0.103030672,0.2,0.23,0.0296801066,-0.12,0.2,0.12,-0.2,0.08,0.23
453,17716747,5.02669096,4.5987525,-6.5966959,1.34409881,1.28911579,6.14429045,-1.79515338,-2.06865811,-18.3022919,-14.4550772,0.371024996,-10.3081188,0.12,0.12,-0.6,0.2,0.103129263,0.12,0.2,0.2,-0.23,-0.23,0.0296819997,-0.08,0.12,0.6,0.103129263,0.2,0.23,0.0296819997,-0.12,0.2,0.12,-0.2,0.08,0.23
454,17748221,5.02656889,4.59892416,-6.59635544,1.34424615,1.29024935,6.14485645,-1.79472804,-2.0681088,-18.3028927,-14.4556026,0.370871514,-10.3087854,0.12,0.12,-0.6,0.2,0.103219948,0.12,0.2,0.2,-0.23,-0.23,0.0296697211,-0.08,0.12,0.6,0.103219948,0.2,0.23,0.0296697211,-0.12,0.2,0.12,-0.2,0.08,0.23
455,17754946,5.02755117,4.59903049,-6.59656191,1.3444066,1.29077208,6.14575481,-1.79358768,-2.06783509,-18.3029327,-14.4563923,0.370603621,-10.3092289,0.12,0.12,-0.6,0.2,0.103261766,0.12,0.2,0.2,-0.23,-0.23,0.0296482897,-0.08,0.12,0.6,0.103261766,0.2,0.23,0.0296482897,-0.12,0.2,0.12,-0.2,0.08,0.23
456,17784135,5.02946043,4.59867859,-6.59726715,1.34436893,1.29101443,6.14712143,-1.79188704,-2.06835175,-18.3028812,-14.4572821,0.370105058,-10.3101377,0.12,0.12,-0.6,0.2,0.103281155,0.12,0.2,0.2,-0.23,-0.23,0.0296084046,-0.08,0.12,0.6,0.103281155,0.2,0.23,0.0296084046,-0.12,0.2,0.12,-0.2,0.08,0.23
457,17804709,5.03201723,4.59784603,-6.59824133,1.34382617,1.29181576,6.1490922,-1.79020619,-2.06918788,-18.3034,-14.4581032,0.369335711,-10.3120766,0.12,0.12,-0.6,0.2,0.103345261,0.12,0.2,0.2,-0.23,-0.23,0.0295468569,-0.08,0.12,0.6,0.103345261,0.2,0.23,0.0295468569,-0.12,0.2,0.12,-0.2,0.08,0.23
458,17821738,5.03394794,4.5971899,-6.59903526,1.34349906,1.29240322,6.15072584,-1.7887342,-2.07000184,-18.3038635,-14.4587069,0.368613094,-10.3138657,0.12,0.12,-0.6,0.2,0.103392258,0.12,0.2,0.2,-0.23,-0.23,0.0294890475,-0.08,0.12,0.6,0.103392258,0.2,0.23,0.0294890475,-0.12,0.2,0.12,-0.2,0.08,0.23
459,17845696,5.03559542,4.59682131,-6.59945965,1.34339619,1.29249334,6.15212107,-1.78705251,-2.07066202,-18.3034515,-14.4589596,0.368116111,-10.3151426,0.12,0.12,-0.6,0.2,0.103399467,0.12,0.2,0.2,-0.23,-0.23,0.0294492888,-0.08,0.12,0.6,0.103399467,0.2,0.23,0.0294492888,-0.12,0.2,0.12,-0.2,0.08,0.23
460,17874953,5.03618765,4.5963974,-6.59877062,1.34338784,1.29250884,6.15388632,-1.7841059,-2.07178497,-18.3020859,-14.4586544,0.367588371,-10.3162632,0.12,0.12,-0.6,0.2,0.103400707,0.12,0.2,0.2,-0.23,-0.23,0.0294070697,-0.08,0.12,0.6,0.103400707,0.2,0.23,0.0294070697,-0.12,0.2,0.12,-0.2,0.08,0.23
461,17885523,5.03713512,4.59570074,-6.59812689,1.34313321,1.29263294,6.15619802,-1.78039014,-2.07326627,-18.3003693,-14.4581299,0.366791874,-10.3177338,0.12,0.12,-0.6,0.2,0.103410635,0.12,0.2,0.2,-0.23,-0.23,0.0293433499,-0.08,0.12,0.6,0.103410635,0.2,0.23,0.0293433499,-0.12,0.2,0.12,-0.2,0.08,0.23
462,17907920,5.03955793,4.59516954,-6.59879208,1.34264195,1.29228818,6.15806913,-1.77777052,-2.07441545,-18.298708,-14.4575634,0.366071135,-10.3188028,0.12,0.12,-0.6,0.2,0.103383055,0.12,0.2,0.2,-0.23,-0.23,0.0292856908,-0.08,0.12,0.6,0.103383055,0.2,0.23,0.0292856908,-0.12,0.2,0.12,-0.2,0.08,0.23
463,17921181,5.04320002,4.5948329,-6.60096836,1.34235728,1.29094887,6.15901804,-1.77648723,-2.07550597,-18.2967358,-14.4571257,0.365659028,-10.3194323,0.12,0.12,-0.6,0.2,0.103275909,0.12,0.2,0.2,-0.23,-0.23,0.0292527223,-0.08,0.12,0.6,0.103275909,0.2,0.23,0.0292527223,-0.12,0.2,0.12,-0.2,0.08,0.23
464,17942112,5.04763508,4.59477043,-6.60484266,1.34222877,1.28897548,6.15840864,-1.7776612,-2.07605052,-18.2945423,-14.4571753,0.365722179,-10.3196754,0.12,0.12,-0.6,0.2,0.103118038,0.12,0.2,0.2,-0.23,-0.23,0.0292577744,-0.08,0.12,0.6,0.103118038,0.2,0.23,0.0292577744,-0.12,0.2,0.12,-0.2,0.08,0.23
465,17963140,5.05123472,4.59521437,-6.60889721,1.34212029,1.28756607,6.15624189,-1.78163791,-2.07539034,-18.2927761,-14.4573269,0.36646679,-10.3197527,0.12,0.12,-0.6,0.2,0.103005285,0.12,0.2,0.2,-0.23,-0.23,0.0293173432,-0.08,0.12,0.6,0.103005285,0.2,0.23,0.0293173432,-0.12,0.2,0.12,-0.2,0.08,0.23
466,17983645,5.05207348,4.59639263,-6.61136961,1.34214258,1.28741157,6.15258455,-1.78800189,-2.0731554,-18.2921543,-14.4572372,0.367901176,-10.3191547,0.12,0.12,-0.6,0.2,0.102992926,0.12,0.2,0.2,-0.23,-0.23,0.0294320941,-0.08,0.12,0.6,0.102992926,0.2,0.23,0.0294320941,-0.12,0.2,0.12,-0.2,0.08,0.23
467,18004690,5.04882526,4.59827042,-6.61100245,1.34269965,1.28809202,6.14810038,-1.79453695,-2.06995344,-18.2925339,-14.4570265,0.369641662,-10.3173828,0.12,0.12,-0.6,0.2,0.103047361,0.12,0.2,0.2,-0.23,-0.23,0.0295713329,-0.08,0.12,0.6,0.103047361,0.2,0.23,0.0295713329,-0.12,0.2,0.12,-0.2,0.08,0.23
468,18026365,5.04283905,4.60042715,-6.60848331,1.34378254,1.28886855,6.143538,-1.79978764,-2.06647253,-18.2934227,-14.4571257,0.371311426,-10.3143673,0.12,0.12,-0.6,0.2,0.103109484,0.12,0.2,0.2,-0.23,-0.23,0.0297049141,-0.08,0.12,0.6,0.103109484,0.2,0.23,0.0297049141,-0.12,0.2,0.12,-0.2,0.08,0.23
469,18040284,5.03662205,4.60205173,-6.60516548,1.3450613,1.28937948,6.14033937,-1.8022753,-2.06383777,-18.2945271,-14.4579821,0.372456074,-10.3111343,0.12,0.12,-0.6,0.2,0.103150358,0.12,0.2,0.2,-0.23,-0.23,0.0297964859,-0.08,0.12,0.6,0.103150358,0.2,0.23,0.0297964859,-0.12,0.2,0.12,-0.2,0.08,0.23
470,18068804,5.03199148,4.60247183,-6.60237074,1.3459233,1.2898376,6.13913393,-1.80231583,-2.06275654,-18.2964859,-14.4596062,0.372721761,-10.3089066,0.12,0.12,-0.6,0.2,0.103187008,0.12,0.2,0.2,-0.23,-0.23,0.0298177409,-0.08,0.12,0.6,0.103187008,0.2,0.23,0.0298177409,-0.12,0.2,0.12,-0.2,0.08,0.23
471,18079515,5.03075552,4.60183096,-6.60157776,1.34601736,1.29052556,6.13983583,-1.80133736,-2.06267071,-18.2997456,-14.4618044,0.372210264,-10.3084011,0.12,0.12,-0.6,0.2,0.103242044,0.12,0.2,0.2,-0.23,-0.23,0.0297768211,-0.08,0.12,0.6,0.103242044,0.2,0.23,0.0297768211,-0.12,0.2,0.12,-0.2,0.08,0.23
472,18099827,5.03130245,4.60063314,-6.6018219,1.34584808,1.29127741,6.14159489,-1.79987252,-2.06336212,-18.3036194,-14.4640484,0.371322602,-10.3091631,0.12,0.12,-0.6,0.2,0.103302193,0.12,0.2,0.2,-0.23,-0.23,0.0297058082,-0.08,0.12,0.6,0.103302193,0.2,0.23,0.0297058082,-0.12,0.2,0.12,-0.2,0.08,0.23
473,18133590,5.03235102,4.59950352,-6.60269165,1.34609163,1.29103994,6.14322376,-1.79797494,-2.0646975,-18.3065243,-14.4661446,0.370419174,-10.3101091,0.12,0.12,-0.6,0.2,0.103283195,0.12,0.2,0.2,-0.23,-0.23,0.029633534,-0.08,0.12,0.6,0.103283195,0.2,0.23,0.029633534,-0.12,0.2,0.12,-0.2,0.08,0.23
474,18141113,5.03206062,4.59879446,-6.60276794,1.34682441,1.28942513,6.14406443,-1.79574537,-2.06660509,-18.3074741,-14.4677105,0.369869053,-10.3102007,0.12,0.12,-0.6,0.2,0.103154011,0.12,0.2,0.2,-0.23,-0.23,0.0295895243,-0.08,0.12,0.6,0.103154011,0.2,0.23,0.0295895243,-0.12,0.2,0.12,-0.2,0.08,0.23
475,18163181,5.03051329,4.59814119,-6.60187149,1.34742749,1.28719378,6.14430618,-1.79359591,-2.06877017,-18.3069897,-14.4683733,0.36965099,-10.3097172,0.12,0.12,-0.6,0.2,0.102975502,0.12,0.2,0.2,-0.23,-0.23,0.0295720792,-0.08,0.12,0.6,0.102975502,0.2,0.23,0.0295720792,-0.12,0.2,0.12,-0.2,0.08,0.23
476,18181088,5.02812862,4.59746361,-6.60010624,1.34761882,1.28517163,6.14450121,-1.79164457,-2.07066989,-18.3060703,-14.4681444,0.369617939,-10.3088942,0.12,0.12,-0.6,0.2,0.10281373,0.12,0.2,0.2,-0.23,-0.23,0.0295694351,-0.08,0.12,0.6,0.10281373,0.2,0.23,0.0295694351,-0.12,0.2,0.12,-0.2,0.08,0.23
477,18202477,5.02624464,4.59669256,-6.59815693,1.34714377,1.2841258,6.14521694,-1.79000056,-2.07184768,-18.305521,-14.4669752,0.369560659,-10.3082552,0.12,0.12,-0.6,0.2,0.102730064,0.12,0.2,0.2,-0.23,-0.23,0.0295648527,-0.08,0.12,0.6,0.102730064,0.2,0.23,0.0295648527,-0.12,0.2,0.12,-0.2,0.08,0.23
478,18218833,5.02493715,4.59612799,-6.5962615,1.34643996,1.28395736,6.14644814,-1.78812182,-2.07256722,-18.3052616,-14.4649811,0.369309098,-10.3078794,0.12,0.12,-0.6,0.2,0.102716589,0.12,0.2,0.2,-0.23,-0.23,0.0295447278,-0.08,0.12,0.6,0.102716589,0.2,0.23,0.0295447278,-0.12,0.2,0.12,-0.2,0.08,0.23
479,18239760,5.02465057,4.59576416,-6.59496021,1.34594762,1.28391886,6.14804125,-1.78568339,-2.07328057,-18.3045349,-14.4627542,0.368836701,-10.3077717,0.12,0.12,-0.6,0.2,0.102713509,0.12,0.2,0.2,-0.23,-0.23,0.0295069361,-0.08,0.12,0.6,0.102713509,0.2,0.23,0.0295069361,-0.12,0.2,0.12,-0.2,0.08,0.23
480,18274154,5.02474308,4.59532118,-6.59388828,1.34563708,1.28369462,6.14981174,-1.78267562,-2.07449841,-18.3031273,-14.4604769,0.368189126,-10.3080654,0.12,0.12,-0.6,0.2,0.10269557,0.12,0.2,0.2,-0.23,-0.23,0.0294551301,-0.08,0.12,0.6,0.10269557,0.2,0.23,0.0294551301,-0.12,0.2,0.12,-0.2,0.08,0.23
481,18284709,5.02491188,4.59482622,-6.59319067,1.34541106,1.28316236,6.15122223,-1.77992249,-2.07610703,-18.3012753,-14.4583378,0.367567033,-10.3086128,0.12,0.12,-0.6,0.2,0.102652988,0.12,0.2,0.2,-0.23,-0.23,0.0294053626,-0.08,0.12,0.6,0.102652988,0.2,0.23,0.0294053626,-0.12,0.2,0.12,-0.2,0.08,0.23
482,18303783,5.02501249,4.59439039,-6.59257221,1.34497261,1.28277099,6.15214825,-1.77827418,-2.07739282,-18.2995129,-14.4562445,0.367226571,-10.3091974,0.12,0.12,-0.6,0.2,0.102621679,0.12,0.2,0.2,-0.23,-0.23,0.0293781257,-0.08,0.12,0.6,0.102621679,0.2,0.23,0.0293781257,-0.12,0.2,0.12,-0.2,0.08,0.23
483,18345975,5.02537394,4.59425259,-6.59240198,1.34450507,1.28248191,6.15256214,-1.77764535,-2.07805181,-18.2976856,-14.4541779,0.367235661,-10.3095417,0.12,0.12,-0.6,0.2,0.102598553,0.12,0.2,0.2,-0.23,-0.23,0.0293788528,-0.08,0.12,0.6,0.102598553,0.2,0.23,0.0293788528,-0.12,0.2,0.12,-0.2,0.08,0.23
484,18362752,5.02674818,4.5943799,-6.5929575,1.34363806,1.28316844,6.15277195,-1.7784096,-2.0776875,-18.2963295,-14.4522104,0.367467672,-10.310154,0.12,0.12,-0.6,0.2,0.102653475,0.12,0.2,0.2,-0.23,-0.23,0.0293974137,-0.08,0.12,0.6,0.102653475,0.2,0.23,0.0293974137,-0.12,0.2,0.12,-0.2,0.08,0.23
485,18379801,5.02810669,4.59496689,-6.5935359,1.3429755,1.28457916,6.15276194,-1.77966619,-2.07666636,-18.2952728,-14.4502201,0.367803633,-10.3107777,0.12,0.12,-0.6,0.2,0.102766333,0.12,0.2,0.2,-0.23,-0.23,0.0294242907,-0.08,0.12,0.6,0.102766333,0.2,0.23,0.0294242907,-0.12,0.2,0.12,-0.2,0.08,0.23
486,18389403,5.02955627,4.59576654,-6.59429646,1.34265149,1.28599906,6.15249205,-1.78110456,-2.07537222,-18.2942238,-14.4487162,0.368119329,-10.3112688,0.12,0.12,-0.6,0.2,0.102879925,0.12,0.2,0.2,-0.23,-0.23,0.0294495463,-0.08,0.12,0.6,0.102879925,0.2,0.23,0.0294495463,-0.12,0.2,0.12,-0.2,0.08,0.23
487,18400316,5.03049326,4.59652328,-6.5946269,1.34250271,1.28737438,6.15223455,-1.78217888,-2.07424927,-18.2932911,-14.4475842,0.368357539,-10.3118057,0.12,0.12,-0.6,0.2,0.10298995,0.12,0.2,0.2,-0.23,-0.23,0.0294686031,-0.08,0.12,0.6,0.10298995,0.2,0.23,0.0294686031,-0.12,0.2,0.12,-0.2,0.08,0.23
488,18424138,5.03166151,4.5970645,-6.59535933,1.34247911,1.2882508,6.15206432,-1.78290534,-2.07368779,-18.2924347,-14.4472437,0.368469357,-10.3124123,0.12,0.12,-0.6,0.2,0.103060064,0.12,0.2,0.2,-0.23,-0.23,0.0294775486,-0.08,0.12,0.6,0.103060064,0.2,0.23,0.0294775486,-0.12,0.2,0.12,-0.2,0.08,0.23
489,18439851,5.03289795,4.59740162,-6.59624338,1.34242022,1.28891718,6.15175104,-1.78397214,-2.07306218,-18.2921257,-14.4474669,0.368659556,-10.3128939,0.12,0.12,-0.6,0.2,0.103113375,0.12,0.2,0.2,-0.23,-0.23,0.0294927645,-0.08,0.12,0.6,0.103113375,0.2,0.23,0.0294927645,-0.12,0.2,0.12,-0.2,0.08,0.23
490,18457787,5.03447104,4.59776163,-6.59762192,1.3423233,1.2894274,6.15117884,-1.78555894,-2.07227683,-18.2922306,-14.4480629,0.368942559,-10.3132715,0.12,0.12,-0.6,0.2,0.103154192,0.12,0.2,0.2,-0.23,-0.23,0.0295154047,-0.08,0.12,0.6,0.103154192,0.2,0.23,0.0295154047,-0.12,0.2,0.12,-0.2,0.08,0.23
491,18475803,5.03578091,4.5980916,-6.59885597,1.34228873,1.29001951,6.15060377,-1.78724241,-2.0714128,-18.2927399,-14.4489155,0.369230032,-10.3136435,0.12,0.12,-0.6,0.2,0.103201561,0.12,0.2,0.2,-0.23,-0.23,0.0295384026,-0.08,0.12,0.6,0.103201561,0.2,0.23,0.0295384026,-0.12,0.2,0.12,-0.2,0.08,0.23
492,18498652,5.03712702,4.59859228,-6.60032701,1.34239721,1.29047322,6.14989758,-1.78896976,-2.07041073,-18.2932701,-14.4499846,0.369517952,-10.313839,0.12,0.12,-0.6,0.2,0.103237858,0.12,0.2,0.2,-0.23,-0.23,0.0295614362,-0.08,0.12,0.6,0.103237858,0.2,0.23,0.0295614362,-0.12,0.2,0.12,-0.2,0.08,0.23
493,18518982,5.03787518,4.59905481,-6.60137415,1.34271181,1.29091418,6.14908934,-1.79062676,-2.06933904,-18.2938786,-14.4512806,0.369828463,-10.3138933,0.12,0.12,-0.6,0.2,0.103273134,0.12,0.2,0.2,-0.23,-0.23,0.029586277,-0.08,0.12,0.6,0.103273134,0.2,0.23,0.029586277,-0.12,0.2,0.12,-0.2,0.08,0.23
494,18542168,5.03794384,4.59944725,-6.60200405,1.34321165,1.29099619,6.14820623,-1.79188311,-2.06860566,-18.294487,-14.4527283,0.370075613,-10.3136816,0.12,0.12,-0.6,0.2,0.103279696,0.12,0.2,0.2,-0.23,-0.23,0.0296060491,-0.08,0.12,0.6,0.103279696,0.2,0.23,0.0296060491,-0.12,0.2,0.12,-0.2,0.08,0.23
495,18555847,5.03782225,4.59963846,-6.60246849,1.34369516,1.29075098,6.14749336,-1.79271948,-2.06810308,-18.2951469,-14.4543905,0.370240599,-10.3133373,0.12,0.12,-0.6,0.2,0.103260078,0.12,0.2,0.2,-0.23,-0.23,0.0296192479,-0.08,0.12,0.6,0.103260078,0.2,0.23,0.0296192479,-0.12,0.2,0.12,-0.2,0.08,0.23
496,18577374,5.03774977,4.59962463,-6.60303259,1.34403086,1.29038227,6.14680815,-1.7935636,-2.06779933,-18.2961025,-14.456111,0.370344907,-10.312993,0.12,0.12,-0.6,0.2,0.103230581,0.12,0.2,0.2,-0.23,-0.23,0.0296275926,-0.08,0.12,0.6,0.103230581,0.2,0.23,0.0296275926,-0.12,0.2,0.12,-0.2,0.08,0.23
497,18600389,5.03719378,4.59947824,-6.60310316,1.34446716,1.28984356,6.14648008,-1.79366112,-2.06786919,-18.2970753,-14.4576893,0.37034741,-10.3126364,0.12,0.12,-0.6,0.2,0.103187485,0.12,0.2,0.2,-0.23,-0.23,0.0296277928,-0.08,0.12,0.6,0.103187485,0.2,0.23,0.0296277928,-0.12,0.2,0.12,-0.2,0.08,0.23
498,18616962,5.03647709,4.59917307,-6.60295773,1.34468102,1.28943586,6.14632797,-1.79365659,-2.06799531,-18.2982101,-14.4590139,0.3702465,-10.3123465,0.12,0.12,-0.6,0.2,0.103154869,0.12,0.2,0.2,-0.23,-0.23,0.02961972,-0.08,0.12,0.6,0.103154869,0.2,0.23,0.02961972,-0.12,0.2,0.12,-0.2,0.08,0.23
499,18635697,5.03527832,4.59892035,-6.60245562,1.34509706,1.28869295,6.14628172,-1.79295802,-2.06844401,-18.2990417,-14.4600515,0.370087892,-10.3118782,0.12,0.12,-0.6,0.2,0.103095436,0.12,0.2,0.2,-0.23,-0.23,0.0296070313,-0.08,0.12,0.6,0.103095436,0.2,0.23,0.0296070313,-0.12,0.2,0.12,-0.2,0.08,0.23
500,18657789,5.03376865,4.59856415,-6.60148287,1.34536421,1.28787923,6.14635181,-1.79202282,-2.06911755,-18.2996616,-14.4607124,0.369910121,-10.3113003,0.12,0.12,-0.6,0.2,0.103030338,0.12,0.2,0.2,-0.23,-0.23,0.0295928097,-0.08,0.12,0.6,0.103030338,0.2,0.23,0.0295928097,-0.12,0.2,0.12,-0.2,0.08,0.23
501,18676292,5.032269,4.59816694,-6.6005702,1.34562194,1.28694427,6.1464262,-1.79086006,-2.06986284,-18.3000488,-14.4610643,0.36970216,-10.3106689,0.12,0.12,-0.6,0.2,0.102955542,0.12,0.2,0.2,-0.23,-0.23,0.0295761728,-0.08,0.12,0.6,0.102955542,0.2,0.23,0.0295761728,-0.12,0.2,0.12,-0.2,0.08,0.23
502,18696270,5.03116751,4.59773207,-6.59974623,1.34576929,1.28616166,6.14662027,-1.78980875,-2.07046485,-18.3002663,-14.4611969,0.369519114,-10.3101025,0.12,0.12,-0.6,0.2,0.102892933,0.12,0.2,0.2,-0.23,-0.23,0.0295615292,-0.08,0.12,0.6,0.102892933,0.2,0.23,0.0295615292,-0.12,0.2,0.12,-0.2,0.08,0.23
503,18720951,5.03025293,4.59736061,-6.59902143,1.34584868,1.28559744,6.14676476,-1.78899097,-2.07087445,-18.3004456,-14.4609861,0.369374573,-10.3095865,0.12,0.12,-0.6,0.2,0.102847795,0.12,0.2,0.2,-0.23,-0.23,0.0295499659,-0.08,0.12,0.6,0.102847795,0.2,0.23,0.0295499659,-0.12,0.2,0.12,-0.2,0.08,0.23
504,18741524,5.02980042,4.59707785,-6.59854364,1.34594285,1.28525317,6.14704084,-1.78825128,-2.07107592,-18.3004417,-14.460681,0.369235098,-10.3092651,0.12,0.12,-0.6,0.2,0.102820253,0.12,0.2,0.2,-0.23,-0.23,0.0295388079,-0.08,0.12,0.6,0.102820253,0.2,0.23,0.0295388079,-0.12,0.2,0.12,-0.2,0.08,0.23
505,18754311,5.03024912,4.59686184,-6.59857988,1.34595299,1.28527606,6.14749718,-1.78780699,-2.07087588,-18.3002777,-14.4603939,0.369149268,-10.3092432,0.12,0.12,-0.6,0.2,0.102822084,0.12,0.2,0.2,-0.23,-0.23,0.0295319414,-0.08,0.12,0.6,0.102822084,0.2,0.23,0.0295319414,-0.12,0.2,0.12,-0.2,0.08,0.23
506,18775802,5.03039217,4.59666538,-6.59840059,1.3461442,1.28537452,6.14807177,-1.78693509,-2.07097983,-18.2999153,-14.4601269,0.368994564,-10.3094473,0.12,0.12,-0.6,0.2,0.102829962,0.12,0.2,0.2,-0.23,-0.23,0.0295195651,-0.08,0.12,0.6,0.102829962,0.2,0.23,0.0295195651,-0.12,0.2,0.12,-0.2,0.08,0.23
507,18796340,5.0309515,4.59658194,-6.5986228,1.34617949,1.28543663,6.14842987,-1.78656852,-2.07097435,-18.2996178,-14.4599295,0.368830472,-10.3096876,0.12,0.12,-0.6,0.2,0.10283493,0.12,0.2,0.2,-0.23,-0.23,0.0295064378,-0.08,0.12,0.6,0.10283493,0.2,0.23,0.0295064378,-0.12,0.2,0.12,-0.2,0.08,0.23
508,18817441,5.03181171,4.59653711,-6.59910154,1.34609175,1.28566086,6.14868355,-1.78662801,-2.07078862,-18.2994537,-14.4598379,0.368757188,-10.3100653,0.12,0.12,-0.6,0.2,0.102852869,0.12,0.2,0.2,-0.23,-0.23,0.0295005751,-0.08,0.12,0.6,0.102852869,0.2,0.23,0.0295005751,-0.12,0.2,0.12,-0.2,0.08,0.23
509,18836376,5.03280354,4.59654093,-6.5998292,1.34617472,1.28576815,6.14880562,-1.78674114,-2.07062459,-18.2991333,-14.4599743,0.368748665,-10.3104458,0.12,0.12,-0.6,0.2,0.102861452,0.12,0.2,0.2,-0.23,-0.23,0.0294998932,-0.08,0.12,0.6,0.102861452,0.2,0.23,0.0294998932,-0.12,0.2,0.12,-0.2,0.08,0.23
510,18863592,5.03378534,4.59658861,-6.60052919,1.34616756,1.28597713,6.14889383,-1.78702176,-2.0703764,-18.2988777,-14.4602156,0.368759692,-10.3108377,0.12,0.12,-0.6,0.2,0.10287817,0.12,0.2,0.2,-0.23,-0.23,0.0295007753,-0.08,0.12,0.6,0.10287817,0.2,0.23,0.0295007753,-0.12,0.2,0.12,-0.2,0.08,0.23
511,18878232,5.0352993,4.59681177,-6.60166359,1.3460505,1.28642213,6.14881849,-1.78789186,-2.06972146,-18.2988071,-14.4604864,0.368857563,-10.3112783,0.12,0.12,-0.6,0.2,0.102913771,0.12,0.2,0.2,-0.23,-0.23,0.029508605,-0.08,0.12,0.6,0.102913771,0.2,0.23,0.029508605,-0.12,0.2,0.12,-0.2,0.08,0.23
512,18895017,5.03711653,4.59711552,-6.60316086,1.3460294,1.28700113,6.14853096,-1.78924608,-2.06876683,-18.2989616,-14.4611301,0.369034439,-10.3117199,0.12,0.12,-0.6,0.2,0.102960091,0.12,0.2,0.2,-0.23,-0.23,0.0295227551,-0.08,0.12,0.6,0.102960091,0.2,0.23,0.0295227551,-0.12,0.2,0.12,-0.2,0.08,0.23
513,18918747,5.03853226,4.59745169,-6.60447359,1.34598148,1.28756464,6.14817429,-1.79067254,-2.06810594,-18.2993526,-14.4619074,0.36918506,-10.3122568,0.12,0.12,-0.6,0.2,0.103005171,0.12,0.2,0.2,-0.23,-0.23,0.0295348048,-0.08,0.12,0.6,0.103005171,0.2,0.23,0.0295348048,-0.12,0.2,0.12,-0.2,0.08,0.23
514,18935131,5.03981018,4.59781933,-6.60585356,1.34601951,1.28792858,6.14768314,-1.79216099,-2.06749201,-18.2998123,-14.4629307,0.369348347,-10.3126583,0.12,0.12,-0.6,0.2,0.103034286,0.12,0.2,0.2,-0.23,-0.23,0.0295478678,-0.08,0.12,0.6,0.103034286,0.2,0.23,0.0295478678,-0.12,0.2,0.12,-0.2,0.08,0.23
515,18958160,5.04073763,4.59811211,-6.60692453,1.34600925,1.28827965,6.14714527,-1.79364669,-2.06691194,-18.300333,-14.4640093,0.369576097,-10.3129854,0.12,0.12,-0.6,0.2,0.103062372,0.12,0.2,0.2,-0.23,-0.23,0.0295660877,-0.08,0.12,0.6,0.103062372,0.2,0.23,0.0295660877,-0.12,0.2,0.12,-0.2,0.08,0.23
516,18976858,5.0414319,4.59837723,-6.60784817,1.34606791,1.28840852,6.14657021,-1.79491043,-2.06647515,-18.3009148,-14.4651108,0.369814038,-10.3130808,0.12,0.12,-0.6,0.2,0.103072681,0.12,0.2,0.2,-0.23,-0.23,0.0295851231,-0.08,0.12,0.6,0.103072681,0.2,0.23,0.0295851231,-0.12,0.2,0.12,-0.2,0.08,0.23
517,18994971,5.04189062,4.59863949,-6.60848236,1.34599614,1.28848684,6.14615631,-1.79591823,-2.06620574,-18.3016663,-14.4661379,0.369997203,-10.3130827,0.12,0.12,-0.6,0.2,0.103078947,0.12,0.2,0.2,-0.23,-0.23,0.0295997763,-0.08,0.12,0.6,0.103078947,0.2,0.23,0.0295997763,-0.12,0.2,0.12,-0.2,0.08,0.23
518,19024310,5.04218864,4.59875727,-6.60902166,1.34585333,1.28860021,6.14579535,-1.79684711,-2.06604195,-18.3026752,-14.4670448,0.370076239,-10.3131247,0.12,0.12,-0.6,0.2,0.103088017,0.12,0.2,0.2,-0.23,-0.23,0.0296060991,-0.08,0.12,0.6,0.103088017,0.2,0.23,0.0296060991,-0.12,0.2,0.12,-0.2,0.08,0.23
519,19035734,5.04232502,4.59890842,-6.60952568,1.34587467,1.28855777,6.14531279,-1.79778349,-2.06580877,-18.303709,-14.4679928,0.370179296,-10.3129768,0.12,0.12,-0.6,0.2,0.103084621,0.12,0.2,0.2,-0.23,-0.23,0.0296143436,-0.08,0.12,0.6,0.103084621,0.2,0.23,0.0296143436,-0.12,0.2,0.12,-0.2,0.08,0.23
520,19060569,5.04189014,4.59904146,-6.60965204,1.34596062,1.28835511,6.14461136,-1.79874611,-2.06564236,-18.3046703,-14.4688358,0.370338142,-10.3125648,0.12,0.12,-0.6,0.2,0.103068409,0.12,0.2,0.2,-0.23,-0.23,0.0296270514,-0.08,0.12,0.6,0.103068409,0.2,0.23,0.0296270514,-0.12,0.2,0.12,-0.2,0.08,0.23
521,19075901,5.04156446,4.59915924,-6.6098094,1.34597301,1.2882545,6.14392996,-1.79977238,-2.06536913,-18.3056259,-14.4695883,0.370522767,-10.312192,0.12,0.12,-0.6,0.2,0.10306036,0.12,0.2,0.2,-0.23,-0.23,0.0296418214,-0.08,0.12,0.6,0.10306036,0.2,0.23,0.0296418214,-0.12,0.2,0.12,-0.2,0.08,0.23
522,19101192,5.04071665,4.59926033,-6.60948753,1.34616125,1.28814781,6.1434288,-1.80032015,-2.06522059,-18.3064117,-14.4702711,0.370701581,-10.3116961,0.12,0.12,-0.6,0.2,0.103051825,0.12,0.2,0.2,-0.23,-0.23,0.0296561265,-0.08,0.12,0.6,0.103051825,0.2,0.23,0.0296561265,-0.12,0.2,0.12,-0.2,0.08,0.23
523,19117055,5.03983545,4.59920835,-6.60899639,1.34629667,1.28801394,6.14316988,-1.80047023,-2.06520534,-18.3071289,-14.4708033,0.370775759,-10.3112602,0.12,0.12,-0.6,0.2,0.103041115,0.12,0.2,0.2,-0.23,-0.23,0.0296620607,-0.08,0.12,0.6,0.103041115,0.2,0.23,0.0296620607,-0.12,0.2,0.12,-0.2,0.08,0.23
524,19136348,5.03909492,4.59914303,-6.60847425,1.34649098,1.28768837,6.14320993,-1.80006075,-2.06533194,-18.3076038,-14.4712381,0.370771527,-10.310751,0.12,0.12,-0.6,0.2,0.10301507,0.12,0.2,0.2,-0.23,-0.23,0.0296617222,-0.08,0.12,0.6,0.10301507,0.2,0.23,0.0296617222,-0.12,0.2,0.12,-0.2,0.08,0.23
525,19157444,5.03818417,4.59883595,-6.60780859,1.34653497,1.28738236,6.1433773,-1.79943979,-2.06585813,-18.3081818,-14.4715281,0.37062186,-10.310483,0.12,0.12,-0.6,0.2,0.102990589,0.12,0.2,0.2,-0.23,-0.23,0.0296497488,-0.08,0.12,0.6,0.102990589,0.2,0.23,0.0296497488,-0.12,0.2,0.12,-0.2,0.08,0.23
526,19175265,5.03721762,4.59851456,-6.60706663,1.34651327,1.28703809,6.14366388,-1.79863882,-2.0664928,-18.3087864,-14.4715624,0.370407313,-10.310298,0.12,0.12,-0.6,0.2,0.102963047,0.12,0.2,0.2,-0.23,-0.23,0.029632585,-0.08,0.12,0.6,0.102963047,0.2,0.23,0.029632585,-0.12,0.2,0.12,-0.2,0.08,0.23
527,19203309,5.03604746,4.59813166,-6.60608435,1.34659278,1.28654325,6.14405012,-1.79749751,-2.0672071,-18.3089981,-14.4714365,0.370200723,-10.3100071,0.12,0.12,-0.6,0.2,0.10292346,0.12,0.2,0.2,-0.23,-0.23,0.0296160579,-0.08,0.12,0.6,0.10292346,0.2,0.23,0.0296160579,-0.12,0.2,0.12,-0.2,0.08,0.23
528,19217759,5.0348649,4.59779739,-6.60519457,1.34665823,1.28586042,6.14420891,-1.79641533,-2.06798577,-18.308918,-14.4710588,0.370028079,-10.3095894,0.12,0.12,-0.6,0.2,0.102868834,0.12,0.2,0.2,-0.23,-0.23,0.0296022463,-0.08,0.12,0.6,0.102868834,0.2,0.23,0.0296022463,-0.12,0.2,0.12,-0.2,0.08,0.23
529,19236198,5.033916,4.59760809,-6.6042695,1.34666038,1.28538215,6.14441347,-1.79551136,-2.06844282,-18.3086357,-14.4704151,0.369967401,-10.3091278,0.12,0.12,-0.6,0.2,0.102830572,0.12,0.2,0.2,-0.23,-0.23,0.0295973921,-0.08,0.12,0.6,0.102830572,0.2,0.23,0.0295973921,-0.12,0.2,0.12,-0.2,0.08,0.23
530,19255827,5.03319931,4.59734917,-6.60353327,1.3466475,1.2850666,6.14464903,-1.79470146,-2.06881595,-18.308218,-14.4696999,0.369888604,-10.3087978,0.12,0.12,-0.6,0.2,0.102805328,0.12,0.2,0.2,-0.23,-0.23,0.0295910883,-0.08,0.12,0.6,0.102805328,0.2,0.23,0.0295910883,-0.12,0.2,0.12,-0.2,0.08,0.23
531,19276251,5.03239918,4.59708977,-6.60260725,1.34676075,1.28476369,6.14514542,-1.79341125,-2.06928539,-18.3075829,-14.4688673,0.369735092,-10.30861,0.12,0.12,-0.6,0.2,0.102781096,0.12,0.2,0.2,-0.23,-0.23,0.0295788074,-0.08,0.12,0.6,0.102781096,0.2,0.23,0.0295788074,-0.12,0.2,0.12,-0.2,0.08,0.23
532,19296409,5.03218651,4.59689522,-6.60206604,1.34659517,1.28483915,6.14561653,-1.79268432,-2.06941366,-18.3070984,-14.4679775,0.369586378,-10.3086014,0.12,0.12,-0.6,0.2,0.102787132,0.12,0.2,0.2,-0.23,-0.23,0.0295669103,-0.08,0.12,0.6,0.102787132,0.2,0.23,0.0295669103,-0.12,0.2,0.12,-0.2,0.08,0.23
533,19316315,5.03221369,4.59674311,-6.60172224,1.34649956,1.28511035,6.14614058,-1.79197371,-2.06948805,-18.3066845,-14.4671526,0.369436592,-10.3088455,0.12,0.12,-0.6,0.2,0.102808828,0.12,0.2,0.2,-0.23,-0.23,0.0295549273,-0.08,0.12,0.6,0.102808828,0.2,0.23,0.0295549273,-0.12,0.2,0.12,-0.2,0.08,0.23
534,19336362,5.03274202,4.59669352,-6.60184717,1.34636295,1.28543043,6.14648914,-1.79175091,-2.06940246,-18.3063107,-14.4665403,0.369333595,-10.3091345,0.12,0.12,-0.6,0.2,0.102834435,0.12,0.2,0.2,-0.23,-0.23,0.0295466876,-0.08,0.12,0.6,0.102834435,0.2,0.23,0.0295466876,-0.12,0.2,0.12,-0.2,0.08,0.23
535,19358323,5.03343201,4.59677029,-6.60223484,1.34637833,1.28557956,6.14667273,-1.79159975,-2.06929517,-18.3057442,-14.4661121,0.369291514,-10.3093948,0.12,0.12,-0.6,0.2,0.102846365,0.12,0.2,0.2,-0.23,-0.23,0.0295433211,-0.08,0.12,0.6,0.102846365,0.2,0.23,0.0295433211,-0.12,0.2,0.12,-0.2,0.08,0.23
536,19375775,5.03416872,4.5968461,-6.60265207,1.34625292,1.28601933,6.14668798,-1.79196513,-2.0690527,-18.3053169,-14.4657621,0.369317919,-10.3098249,0.12,0.12,-0.6,0.2,0.102881546,0.12,0.2,0.2,-0.23,-0.23,0.0295454335,-0.08,0.12,0.6,0.102881546,0.2,0.23,0.0295454335,-0.12,0.2,0.12,-0.2,0.08,0.23
537,19407734,5.03485394,4.59706593,-6.60318279,1.34631968,1.28632355,6.14657021,-1.79237998,-2.06868005,-18.3048458,-14.465621,0.369412035,-10.3101091,0.12,0.12,-0.6,0.2,0.102905884,0.12,0.2,0.2,-0.23,-0.23,0.0295529628,-0.08,0.12,0.6,0.102905884,0.2,0.23,0.0295529628,-0.12,0.2,0.12,-0.2,0.08,0.23
538,19414626,5.03591585,4.59726954,-6.6039238,1.34618318,1.28683436,6.14642382,-1.79327643,-2.06807661,-18.3046227,-14.465683,0.369566679,-10.3104715,0.12,0.12,-0.6,0.2,0.102946749,0.12,0.2,0.2,-0.23,-0.23,0.0295653343,-0.08,0.12,0.6,0.102946749,0.2,0.23,0.0295653343,-0.12,0.2,0.12,-0.2,0.08,0.23
539,19435382,5.03678942,4.59756136,-6.60464811,1.34619105,1.28729725,6.14622355,-1.79404843,-2.06752443,-18.3045464,-14.4658585,0.369716346,-10.3107758,0.12,0.12,-0.6,0.2,0.10298378,0.12,0.2,0.2,-0.23,-0.23,0.0295773077,-0.08,0.12,0.6,0.10298378,0.2,0.23,0.0295773077,-0.12,0.2,0.12,-0.2,0.08,0.23
540,19456645,5.03747177,4.59784365,-6.60533047,1.34622145,1.28768337,6.1458621,-1.79500425,-2.0670166,-18.3046551,-14.4662781,0.369850814,-10.3109903,0.12,0.12,-0.6,0.2,0.103014669,0.12,0.2,0.2,-0.23,-0.23,0.0295880651,-0.08,0.12,0.6,0.103014669,0.2,0.23,0.0295880651,-0.12,0.2,0.12,-0.2,0.08,0.23
541,19483957,5.03878736,4.59812975,-6.60650396,1.34620547,1.28790307,6.14553928,-1.79607451,-2.06637692,-18.3047962,-14.4669018,0.370013148,-10.3111887,0.12,0.12,-0.6,0.2,0.103032246,0.12,0.2,0.2,-0.23,-0.23,0.0296010518,-0.08,0.12,0.6,0.103032246,0.2,0.23,0.0296010518,-0.12,0.2,0.12,-0.2,0.08,0.23
542,19497548,5.03899384,4.59824324,-6.60682964,1.34639418,1.28795326,6.14539766,-1.79636538,-2.06637168,-18.3048763,-14.467557,0.370097488,-10.3113775,0.12,0.12,-0.6,0.2,0.103036261,0.12,0.2,0.2,-0.23,-0.23,0.0296077991,-0.08,0.12,0.6,0.103036261,0.2,0.23,0.0296077991,-0.12,0.2,0.12,-0.2,0.08,0.23
543,19515649,5.0398736,4.59830856,-6.60771704,1.34625149,1.28806889,6.14519453,-1.79716492,-2.06612968,-18.3053226,-14.4682722,0.37013495,-10.311657,0.12,0.12,-0.6,0.2,0.103045511,0.12,0.2,0.2,-0.23,-0.23,0.029610796,-0.08,0.12,0.6,0.103045511,0.2,0.23,0.029610796,-0.12,0.2,0.12,-0.2,0.08,0.23
544,19537279,5.04032469,4.59844637,-6.60822248,1.34620821,1.28817308,6.14502811,-1.79784596,-2.06587887,-18.3058777,-14.4689455,0.370243698,-10.3117485,0.12,0.12,-0.6,0.2,0.103053846,0.12,0.2,0.2,-0.23,-0.23,0.0296194959,-0.08,0.12,0.6,0.103053846,0.2,0.23,0.0296194959,-0.12,0.2,0.12,-0.2,0.08,0.23
545,19558006,5.04074287,4.59846163,-6.60871649,1.34618902,1.28815591,6.14484501,-1.79836738,-2.0658021,-18.3064175,-14.4695663,0.37029627,-10.3118362,0.12,0.12,-0.6,0.2,0.103052473,0.12,0.2,0.2,-0.23,-0.23,0.0296237016,-0.08,0.12,0.6,0.103052473,0.2,0.23,0.0296237016,-0.12,0.2,0.12,-0.2,0.08,0.23
546,19586171,5.04091883,4.59860611,-6.60909939,1.34622622,1.28799677,6.14459467,-1.79877543,-2.06571579,-18.3068714,-14.470191,0.370341063,-10.3117199,0.12,0.12,-0.6,0.2,0.103039742,0.12,0.2,0.2,-0.23,-0.23,0.029627285,-0.08,0.12,0.6,0.103039742,0.2,0.23,0.029627285,-0.12,0.2,0.12,-0.2,0.08,0.23
547,19595487,5.04066372,4.59864378,-6.60906696,1.34635901,1.28778768,6.14435482,-1.79895902,-2.06575179,-18.3071671,-14.4706535,0.370396733,-10.3115416,0.12,0.12,-0.6,0.2,0.103023014,0.12,0.2,0.2,-0.23,-0.23,0.0296317387,-0.08,0.12,0.6,0.103023014,0.2,0.23,0.0296317387,-0.12,0.2,0.12,-0.2,0.08,0.23
548,19617692,5.04023409,4.59860277,-6.60890293,1.34642458,1.28752172,6.1441617,-1.79901016,-2.06589246,-18.3074913,-14.4710522,0.370403856,-10.3113213,0.12,0.12,-0.6,0.2,0.103001738,0.12,0.2,0.2,-0.23,-0.23,0.0296323085,-0.08,0.12,0.6,0.103001738,0.2,0.23,0.0296323085,-0.12,0.2,0.12,-0.2,0.08,0.23
549,19640423,5.03993797,4.59856415,-6.6088438,1.34642291,1.28733563,6.14396095,-1.79924917,-2.06586838,-18.3079338,-14.4714165,0.370441496,-10.3110704,0.12,0.12,-0.6,0.2,0.102986851,0.12,0.2,0.2,-0.23,-0.23,0.0296353197,-0.08,0.12,0.6,0.102986851,0.2,0.23,0.0296353197,-0.12,0.2,0.12,-0.2,0.08,0.23
550,19657072,5.0393343,4.59849119,-6.60848331,1.34658015,1.28699076,6.14387512,-1.79903007,-2.06605101,-18.3081608,-14.4716644,0.370460212,-10.3107252,0.12,0.12,-0.6,0.2,0.102959261,0.12,0.2,0.2,-0.23,-0.23,0.029636817,-0.08,0.12,0.6,0.102959261,0.2,0.23,0.029636817,-0.12,0.2,0.12,-0.2,0.08,0.23
551,19676451,5.03852034,4.59827375,-6.60781431,1.34655011,1.28685296,6.14403486,-1.7985419,-2.06639338,-18.3084526,-14.4716759,0.370358437,-10.3105831,0.12,0.12,-0.6,0.2,0.102948236,0.12,0.2,0.2,-0.23,-0.23,0.029628675,-0.08,0.12,0.6,0.102948236,0.2,0.23,0.029628675,-0.12,0.2,0.12,-0.2,0.08,0.23
552,19700325,5.03798342,4.59816551,-6.60745955,1.34649181,1.28673446,6.14410162,-1.79825687,-2.06659293,-18.3087788,-14.4716072,0.370259225,-10.3104105,0.12,0.12,-0.6,0.2,0.102938757,0.12,0.2,0.2,-0.23,-0.23,0.029620738,-0.08,0.12,0.6,0.102938757,0.2,0.23,0.029620738,-0.12,0.2,0.12,-0.2,0.08,0.23
553,19714164,5.03693962,4.59802103,-6.606534,1.34668446,1.28633523,6.1443119,-1.79734194,-2.06706119,-18.3087101,-14.4713812,0.370182991,-10.3100519,0.12,0.12,-0.6,0.2,0.102906818,0.12,0.2,0.2,-0.23,-0.23,0.0296146393,-0.08,0.12,0.6,0.102906818,0.2,0.23,0.0296146393,-0.12,0.2,0.12,-0.2,0.08,0.23
554,19740388,5.03595829,4.59777594,-6.60576344,1.34679544,1.28568959,6.14444733,-1.79632926,-2.06772852,-18.3083916,-14.4710398,0.370038718,-10.3096275,0.12,0.12,-0.6,0.2,0.102855167,0.12,0.2,0.2,-0.23,-0.23,0.0296030974,-0.08,0.12,0.6,0.102855167,0.2,0.23,0.0296030974,-0.12,0.2,0.12,-0.2,0.08,0.23
555,19760838,5.03541565,4.597579,-6.60529566,1.34679472,1.28515124,6.1446104,-1.7955668,-2.06820869,-18.3080425,-14.4706507,0.369943649,-10.3093147,0.12,0.12,-0.6,0.2,0.102812099,0.12,0.2,0.2,-0.23,-0.23,0.0295954919,-0.08,0.12,0.6,0.102812099,0.2,0.23,0.0295954919,-0.12,0.2,0.12,-0.2,0.08,0.23
556,19776211,5.03491688,4.59727907,-6.60460472,1.34661615,1.28512013,6.14498854,-1.79495752,-2.06852865,-18.3078766,-14.4699945,0.369874269,-10.3092861,0.12,0.12,-0.6,0.2,0.10280961,0.12,0.2,0.2,-0.23,-0.23,0.0295899415,-0.08,0.12,0.6,0.10280961,0.2,0.23,0.0295899415,-0.12,0.2,0.12,-0.2,0.08,0.23
557,19797584,5.03467894,4.59709883,-6.60424089,1.3464818,1.28529298,6.14533377,-1.79447508,-2.06860018,-18.3078098,-14.4693413,0.369754076,-10.3093719,0.12,0.12,-0.6,0.2,0.102823439,0.12,0.2,0.2,-0.23,-0.23,0.0295803261,-0.08,0.12,0.6,0.102823439,0.2,0.23,0.0295803261,-0.12,0.2,0.12,-0.2,0.08,0.23
558,19819948,5.03426218,4.59713411,-6.60369015,1.34651184,1.28537548,6.14561129,-1.79391074,-2.06864882,-18.3074856,-14.4686518,0.369678766,-10.309288,0.12,0.12,-0.6,0.2,0.102830038,0.12,0.2,0.2,-0.23,-0.23,0.0295743012,-0.08,0.12,0.6,0.102830038,0.2,0.23,0.0295743012,-0.12,0.2,0.12,-0.2,0.08,0.23
559,19843019,5.03462219,4.59715128,-6.60368156,1.34651816,1.28545451,6.14587593,-1.79347718,-2.06852984,-18.3068981,-14.4680929,0.369628519,-10.309309,0.12,0.12,-0.6,0.2,0.102836361,0.12,0.2,0.2,-0.23,-0.23,0.0295702815,-0.08,0.12,0.6,0.102836361,0.2,0.23,0.0295702815,-0.12,0.2,0.12,-0.2,0.08,0.23
560,19856062,5.03510571,4.59711409,-6.60388899,1.34644699,1.28575075,6.14610004,-1.79329085,-2.06850433,-18.3064651,-14.4677668,0.369554967,-10.309639,0.12,0.12,-0.6,0.2,0.10286006,0.12,0.2,0.2,-0.23,-0.23,0.0295643973,-0.08,0.12,0.6,0.10286006,0.2,0.23,0.0295643973,-0.12,0.2,0.12,-0.2,0.08,0.23
561,19882148,5.0356431,4.59713936,-6.60417223,1.34635329,1.28617811,6.14619827,-1.79352117,-2.06832838,-18.3063202,-14.467514,0.369526535,-10.3100433,0.12,0.12,-0.6,0.2,0.102894249,0.12,0.2,0.2,-0.23,-0.23,0.0295621228,-0.08,0.12,0.6,0.102894249,0.2,0.23,0.0295621228,-0.12,0.2,0.12,-0.2,0.08,0.23
562,19895557,5.03622913,4.59729099,-6.60458803,1.34637547,1.28641796,6.14616489,-1.79385591,-2.0680089,-18.3060551,-14.467452,0.369578451,-10.3102493,0.12,0.12,-0.6,0.2,0.102913437,0.12,0.2,0.2,-0.23,-0.23,0.0295662761,-0.08,0.12,0.6,0.102913437,0.2,0.23,0.0295662761,-0.12,0.2,0.12,-0.2,0.08,0.23
563,19919253,5.03674316,4.5973711,-6.60497236,1.34635282,1.28675938,6.14611435,-1.79421449,-2.06774187,-18.3058319,-14.467473,0.369632304,-10.3105974,0.12,0.12,-0.6,0.2,0.10294075,0.12,0.2,0.2,-0.23,-0.23,0.0295705843,-0.08,0.12,0.6,0.10294075,0.2,0.23,0.0295705843,-0.12,0.2,0.12,-0.2,0.08,0.23
564,19936339,5.03706217,4.5976119,-6.60537195,1.34638238,1.28702581,6.1458478,-1.79475427,-2.06747103,-18.305727,-14.4675999,0.369721413,-10.3107653,0.12,0.12,-0.6,0.2,0.102962065,0.12,0.2,0.2,-0.23,-0.23,0.029577713,-0.08,0.12,0.6,0.102962065,0.2,0.23,0.029577713,-0.12,0.2,0.12,-0.2,0.08,0.23
565,19960788,5.03736877,4.59782028,-6.60571766,1.34633875,1.28730476,6.14551497,-1.79552066,-2.06708431,-18.3058014,-14.4677963,0.369857311,-10.3108587,0.12,0.12,-0.6,0.2,0.102984381,0.12,0.2,0.2,-0.23,-0.23,0.0295885849,-0.08,0.12,0.6,0.102984381,0.2,0.23,0.0295885849,-0.12,0.2,0.12,-0.2,0.08,0.23
566,19979321,5.0379715,4.59799862,-6.60632753,1.34630299,1.28754783,6.14519882,-1.79632461,-2.06664538,-18.305954,-14.4681273,0.369996101,-10.3109655,0.12,0.12,-0.6,0.2,0.103003826,0.12,0.2,0.2,-0.23,-0.23,0.0295996881,-0.08,0.12,0.6,0.103003826,0.2,0.23,0.0295996881,-0.12,0.2,0.12,-0.2,0.08,0.23
567,19995881,5.03815174,4.5981431,-6.60659266,1.34638011,1.28774214,6.14501333,-1.7967447,-2.0664475,-18.3061237,-14.4685383,0.370082498,-10.3110609,0.12,0.12,-0.6,0.2,0.103019371,0.12,0.2,0.2,-0.23,-0.23,0.0296065998,-0.08,0.12,0.6,0.103019371,0.2,0.23,0.0296065998,-0.12,0.2,0.12,-0.2,0.08,0.23
568,20026194,5.03848934,4.59827375,-6.60696507,1.34646308,1.28768444,6.14487362,-1.79702604,-2.06632614,-18.3062077,-14.4689627,0.370137453,-10.3110285,0.12,0.12,-0.6,0.2,0.103014755,0.12,0.2,0.2,-0.23,-0.23,0.0296109962,-0.08,0.12,0.6,0.103014755,0.2,0.23,0.0296109962,-0.12,0.2,0.12,-0.2,0.08,0.23
569,20040396,5.039186,4.59828806,-6.60758352,1.3464011,1.2876873,6.14480686,-1.79746759,-2.06615567,-18.3064518,-14.4694757,0.370183766,-10.3111286,0.12,0.12,-0.6,0.2,0.103014984,0.12,0.2,0.2,-0.23,-0.23,0.0296147013,-0.08,0.12,0.6,0.103014984,0.2,0.23,0.0296147013,-0.12,0.2,0.12,-0.2,0.08,0.23
570,20055264,5.03966618,4.59827757,-6.60809374,1.34635413,1.2877214,6.14470243,-1.79792523,-2.06611228,-18.3068848,-14.469943,0.370212495,-10.3112898,0.12,0.12,-0.6,0.2,0.103017712,0.12,0.2,0.2,-0.23,-0.23,0.0296169996,-0.08,0.12,0.6,0.103017712,0.2,0.23,0.0296169996,-0.12,0.2,0.12,-0.2,0.08,0.23
571,20079350,5.03956032,4.59827995,-6.60815001,1.34640849,1.28765225,6.14460182,-1.79813063,-2.06616473,-18.3073044,-14.4703379,0.370218962,-10.311305,0.12,0.12,-0.6,0.2,0.10301218,0.12,0.2,0.2,-0.23,-0.23,0.029617517,-0.08,0.12,0.6,0.10301218,0.2,0.23,0.029617517,-0.12,0.2,0.12,-0.2,0.08,0.23
572,20096860,5.03948641,4.59830904,-6.60822487,1.34628963,1.28771985,6.14441729,-1.79857504,-2.066046,-18.3077888,-14.4706116,0.370247185,-10.3113136,0.12,0.12,-0.6,0.2,0.103017588,0.12,0.2,0.2,-0.23,-0.23,0.0296197748,-0.08,0.12,0.6,0.103017588,0.2,0.23,0.0296197748,-0.12,0.2,0.12,-0.2,0.08,0.23
573,20123246,5.03945017,4.59846592,-6.60840034,1.34640241,1.28763199,6.14411402,-1.7989558,-2.06582952,-18.3080616,-14.4709654,0.370358169,-10.3110914,0.12,0.12,-0.6,0.2,0.103010559,0.12,0.2,0.2,-0.23,-0.23,0.0296286535,-0.08,0.12,0.6,0.103010559,0.2,0.23,0.0296286535,-0.12,0.2,0.12,-0.2,0.08,0.23
574,20135522,5.03871918,4.59849072,-6.6079092,1.34650207,1.28752995,6.14391708,-1.79897094,-2.06595826,-18.3082962,-14.4711676,0.370418757,-10.3108301,0.12,0.12,-0.6,0.2,0.103002396,0.12,0.2,0.2,-0.23,-0.23,0.0296335006,-0.08,0.12,0.6,0.103002396,0.2,0.23,0.0296335006,-0.12,0.2,0.12,-0.2,0.08,0.23
575,20157912,5.03806829,4.59846306,-6.60753489,1.34661424,1.28723025,6.14381218,-1.79870439,-2.06616569,-18.3084126,-14.4712906,0.370389611,-10.3105211,0.12,0.12,-0.6,0.2,0.10297842,0.12,0.2,0.2,-0.23,-0.23,0.0296311688,-0.08,0.12,0.6,0.10297842,0.2,0.23,0.0296311688,-0.12,0.2,0.12,-0.2,0.08,0.23
576,20176361,5.03737736,4.59833479,-6.60702467,1.34660375,1.28704929,6.14379072,-1.79848814,-2.06637502,-18.308609,-14.4713621,0.370363563,-10.3102894,0.12,0.12,-0.6,0.2,0.102963943,0.12,0.2,0.2,-0.23,-0.23,0.0296290851,-0.08,0.12,0.6,0.102963943,0.2,0.23,0.0296290851,-0.12,0.2,0.12,-0.2,0.08,0.23
577,20201572,5.03706646,4.59820795,-6.6067605,1.34661973,1.28681087,6.14387512,-1.7981503,-2.06655645,-18.3087444,-14.4713154,0.370337635,-10.3100605,0.12,0.12,-0.6,0.2,0.10294487,0.12,0.2,0.2,-0.23,-0.23,0.0296270108,-0.08,0.12,0.6,0.10294487,0.2,0.23,0.0296270108,-0.12,0.2,0.12,-0.2,0.08,0.23
578,20222831,5.03661251,4.59804392,-6.60636663,1.34666085,1.28653038,6.14408875,-1.79757273,-2.06692028,-18.3087769,-14.4712563,0.370253235,-10.3098583,0.12,0.12,-0.6,0.2,0.10292243,0.12,0.2,0.2,-0.23,-0.23,0.0296202588,-0.08,0.12,0.6,0.10292243,0.2,0.23,0.0296202588,-0.12,0.2,0.12,-0.2,0.08,0.23
579,20237101,5.03634262,4.59784842,-6.60606384,1.34668386,1.28621399,6.14439106,-1.79684997,-2.06731176,-18.3086376,-14.4710226,0.370125681,-10.3097668,0.12,0.12,-0.6,0.2,0.10289712,0.12,0.2,0.2,-0.23,-0.23,0.0296100545,-0.08,0.12,0.6,0.10289712,0.2,0.23,0.0296100545,-0.12,0.2,0.12,-0.2,0.08,0.23
580,20256965,5.03603268,4.59765053,-6.60571909,1.34660411,1.28608072,6.14465141,-1.79634106,-2.06763601,-18.3085594,-14.4707232,0.37000379,-10.3097763,0.12,0.12,-0.6,0.2,0.102886457,0.12,0.2,0.2,-0.23,-0.23,0.0296003032,-0.08,0.12,0.6,0.102886457,0.2,0.23,0.0296003032,-0.12,0.2,0.12,-0.2,0.08,0.23
581,20275482,5.03550673,4.59749651,-6.60518503,1.34665,1.28584933,6.14491224,-1.79561579,-2.06800914,-18.3083134,-14.470273,0.369900763,-10.3097048,0.12,0.12,-0.6,0.2,0.102867947,0.12,0.2,0.2,-0.23,-0.23,0.029592061,-0.08,0.12,0.6,0.102867947,0.2,0.23,0.029592061,-0.12,0.2,0.12,-0.2,0.08,0.23
582,20302148,5.03506756,4.59740019,-6.60480022,1.34665561,1.28556466,6.14500046,-1.79514086,-2.06826544,-18.3079681,-14.4698563,0.369838327,-10.3095045,0.12,0.12,-0.6,0.2,0.102845173,0.12,0.2,0.2,-0.23,-0.23,0.0295870662,-0.08,0.12,0.6,0.102845173,0.2,0.23,0.0295870662,-0.12,0.2,0.12,-0.2,0.08,0.23
583,20319122,5.03501844,4.59731102,-6.60457897,1.34652352,1.28555763,6.14519882,-1.79481053,-2.06836009,-18.3076706,-14.4693613,0.369798034,-10.3095312,0.12,0.12,-0.6,0.2,0.10284461,0.12,0.2,0.2,-0.23,-0.23,0.0295838428,-0.08,0.12,0.6,0.10284461,0.2,0.23,0.0295838428,-0.12,0.2,0.12,-0.2,0.08,0.23
584,20336047,5.03513432,4.59726477,-6.60451078,1.34639275,1.28580928,6.14537191,-1.79472578,-2.06830144,-18.3074684,-14.468915,0.36977306,-10.3096533,0.12,0.12,-0.6,0.2,0.102864742,0.12,0.2,0.2,-0.23,-0.23,0.0295818448,-0.08,0.12,0.6,0.102864742,0.2,0.23,0.0295818448,-0.12,0.2,0.12,-0.2,0.08,0.23
