frame_index,elapsed_us,raw_action_0,raw_action_1,raw_action_2,raw_action_3,raw_action_4,raw_action_5,raw_action_6,raw_action_7,raw_action_8,raw_action_9,raw_action_10,raw_action_11,target_q_model_rad_0,target_q_model_rad_1,target_q_model_rad_2,target_q_model_rad_3,target_q_model_rad_4,target_q_model_rad_5,target_q_model_rad_6,target_q_model_rad_7,target_q_model_rad_8,target_q_model_rad_9,target_q_model_rad_10,target_q_model_rad_11,target_rad_0,target_rad_1,target_rad_2,target_rad_3,target_rad_4,target_rad_5,target_rad_6,target_rad_7,target_rad_8,target_rad_9,target_rad_10,target_rad_11
0,8839902,0.136849701,0.0855116621,0.0169926398,-0.086791724,-0.0186985526,-0.238726109,-0.290969223,0.156301886,-0.183431476,-0.261943579,0.196641058,0.593555152,0.0109479761,0.00684093297,-0.192353312,-0.239056276,-0.00149588421,-0.0190980887,0.2,0.270335849,-0.0866862953,-0.102388716,0.0157312846,0.0474844122,0.0109479761,0.192353312,-0.00149588421,0.2,0.0866862953,0.0157312846,-0.00684093297,-0.239056276,-0.0190980887,-0.270335849,-0.0474844122,0.102388716
1,8844692,0.36948055,0.0538428836,-0.0318415128,-0.0540071651,0.0183312818,-0.350348055,-0.455296218,0.265182734,-0.29870674,-0.264229208,0.320456415,0.896575153,0.029558444,0.00430743068,-0.214328681,-0.224303224,0.00146650255,-0.0280278444,0.2,0.31933223,-0.109741348,-0.102845842,0.0256365132,0.0717260122,0.029558444,0.214328681,0.00146650255,0.2,0.109741348,0.0256365132,-0.00430743068,-0.224303224,-0.0280278444,-0.31933223,-0.0717260122,0.102845842
2,8855523,0.608786047,0.00979251228,-0.0914267674,0.012125589,0.0829526559,-0.407230675,-0.564240634,0.356014431,-0.423014045,-0.228511333,0.413635314,0.930858314,0.0487028837,0.000783400983,-0.241142045,-0.194543485,0.00663621247,-0.032578454,0.2,0.360206494,-0.134602809,-0.0957022667,0.0330908251,0.0744686651,0.0487028837,0.241142045,0.00663621247,0.2,0.134602809,0.0330908251,-0.000783400983,-0.194543485,-0.032578454,-0.360206494,-0.0744686651,0.0957022667
3,8883270,0.837512016,-0.0343626328,-0.132324412,0.0754061937,0.129542634,-0.423921734,-0.606020272,0.416977435,-0.549747169,-0.208823144,0.472098827,0.804900885,0.0670009613,-0.00274901062,-0.259545986,-0.166067213,0.0103634107,-0.0339137387,0.2,0.387639846,-0.159949434,-0.0917646289,0.0377679062,0.0643920708,0.0670009613,0.259545986,0.0103634107,0.2,0.159949434,0.0377679062,0.00274901062,-0.166067213,-0.0339137387,-0.387639846,-0.0643920708,0.0917646289
4,8902947,1.02810514,-0.102646053,-0.169932693,0.114184082,0.127224192,-0.409880519,-0.606161177,0.443824261,-0.637361825,-0.209113449,0.502768576,0.667728722,0.0822484112,-0.00821168423,-0.276469712,-0.148617163,0.0101779354,-0.0327904415,0.2,0.399720918,-0.177472365,-0.0918226898,0.0402214861,0.0534182978,0.0822484112,0.276469712,0.0101779354,0.2,0.177472365,0.0402214861,0.00821168423,-0.148617163,-0.0327904415,-0.399720918,-0.0534182978,0.0918226898
5,8915768,1.1168313,-0.210138157,-0.211410224,0.153597414,0.0926862881,-0.386411667,-0.582222581,0.398070455,-0.761179686,-0.216337681,0.455218196,0.550935745,0.0893465042,-0.0168110526,-0.295134601,-0.130881163,0.00741490304,-0.0309129333,0.2,0.379131705,-0.202235937,-0.0932675362,0.0364174557,0.0440748596,0.0893465042,0.295134601,0.00741490304,0.2,0.202235937,0.0364174557,0.0168110526,-0.130881163,-0.0309129333,-0.379131705,-0.0440748596,0.0932675362
6,8943027,1.02482235,-0.298090309,-0.238842741,0.182620212,0.0867381915,-0.3797023,-0.520315886,0.320863158,-0.882002413,-0.250988513,0.340420991,0.508422494,0.0819857883,-0.0238472247,-0.307479233,-0.117820904,0.00693905532,-0.030376184,0.2,0.344388421,-0.226400483,-0.100197703,0.0272336793,0.0406737995,0.0819857883,0.307479233,0.00693905532,0.2,0.226400483,0.0272336793,0.0238472247,-0.117820904,-0.030376184,-0.344388421,-0.0406737995,0.100197703
7,8962818,0.727614403,-0.323873967,-0.288146496,0.219619974,0.128003046,-0.41559723,-0.425593734,0.210120529,-0.948734879,-0.325726539,0.178687215,0.483086824,0.0582091522,-0.0259099174,-0.329665923,-0.101171011,0.0102402437,-0.0332477784,0.2,0.294554238,-0.23,-0.115145308,0.0142949772,0.038646946,0.0582091522,0.329665923,0.0102402437,0.2,0.23,0.0142949772,0.0259099174,-0.101171011,-0.0332477784,-0.294554238,-0.038646946,0.115145308
8,8973912,0.332345963,-0.287789732,-0.335020483,0.211420998,0.194378272,-0.520135522,-0.29939276,0.0863774419,-0.927324772,-0.452133209,0.0427392647,0.451335609,0.026587677,-0.0230231786,-0.350759217,-0.104860551,0.0155502617,-0.0416108418,0.2,0.238869849,-0.23,-0.140426642,0.00341914117,0.0361068487,0.026587677,0.350759217,0.0155502617,0.2,0.23,0.00341914117,0.0230231786,-0.104860551,-0.0416108418,-0.238869849,-0.0361068487,0.140426642
9,9002251,-0.0527612045,-0.213322312,-0.331366688,0.147336289,0.264906734,-0.706923842,-0.101544291,-0.102815561,-0.799320936,-0.532010615,-0.0546494313,0.374458104,-0.00422089636,-0.0170657849,-0.34911501,-0.13369867,0.0211925387,-0.0565539074,0.2,0.2,-0.209864187,-0.156402123,-0.0043719545,0.0299566483,-0.00422089636,0.34911501,0.0211925387,0.2,0.209864187,-0.0043719545,0.0170657849,-0.13369867,-0.0565539074,-0.2,-0.0299566483,0.156402123
10,9016601,-0.364783674,-0.112122163,-0.273506045,0.0656246021,0.300936311,-0.944209874,0.119227506,-0.302927762,-0.552632987,-0.498100966,-0.153384551,0.312743366,-0.029182694,-0.00896977305,-0.32307772,-0.170468929,0.0240749049,-0.0755367899,0.253652378,0.2,-0.160526597,-0.149620193,-0.0122707641,0.0250194693,-0.029182694,0.32307772,0.0240749049,0.253652378,0.160526597,-0.0122707641,0.00896977305,-0.170468929,-0.0755367899,-0.2,-0.0250194693,0.149620193
11,9036952,-0.516514778,0.0456810445,-0.107842155,0.0260970313,0.272766382,-1.16419029,0.270561278,-0.407122046,-0.205758572,-0.354692698,-0.279987782,0.277204931,-0.0413211823,0.00365448356,-0.24852897,-0.188256336,0.0218213105,-0.0931352234,0.321752575,0.2,-0.0911517143,-0.12093854,-0.0223990226,0.0221763945,-0.0413211823,0.24852897,0.0218213105,0.321752575,0.0911517143,-0.0223990226,-0.00365448356,-0.188256336,-0.0931352234,-0.2,-0.0221763945,0.12093854
12,9061338,-0.444744796,0.163025394,0.0594886281,0.0229750723,0.171534613,-1.24496186,0.245471373,-0.343464762,0.00816884637,-0.241087154,-0.385567576,0.228116244,-0.0355795836,0.0130420315,-0.173230117,-0.189661217,0.013722769,-0.0995969486,0.310462118,0.2,-0.0483662307,-0.0982174307,-0.0308454061,0.0182492995,-0.0355795836,0.173230117,0.013722769,0.310462118,0.0483662307,-0.0308454061,-0.0130420315,-0.189661217,-0.0995969486,-0.2,-0.0182492995,0.0982174307
13,9081704,-0.217147022,0.169082671,0.145129353,0.0366373248,0.0743673891,-1.11047089,0.0563351922,-0.1931573,-0.0526397713,-0.224714443,-0.449898094,0.192162007,-0.0173717618,0.0135266137,-0.134691791,-0.183513204,0.00594939113,-0.0888376713,0.225350836,0.2,-0.0605279543,-0.0949428886,-0.0359918475,0.0153729606,-0.0173717618,0.134691791,0.00594939113,0.225350836,0.0605279543,-0.0359918475,-0.0135266137,-0.183513204,-0.0888376713,-0.2,-0.0153729606,0.0949428886
14,9095521,0.0990514532,0.0909618288,0.11349804,-0.0110502392,-0.018639097,-0.832752883,-0.270026624,-0.116483204,-0.412989467,-0.319261521,-0.42617622,0.178462908,0.00792411625,0.00727694631,-0.148925882,-0.204972608,-0.00149112776,-0.0666202307,0.2,0.2,-0.132597893,-0.113852304,-0.0340940976,0.0142770326,0.00792411625,0.148925882,-0.00149112776,0.2,0.132597893,-0.0340940976,-0.00727694631,-0.204972608,-0.0666202307,-0.2,-0.0142770326,0.113852304
15,9118394,0.397914499,0.0479430072,0.019189246,0.0464324169,-0.031992048,-0.549130917,-0.529848278,0.053262908,-0.707212567,-0.274146706,-0.372932047,0.15210177,0.0318331599,0.00383544058,-0.191364839,-0.179105412,-0.00255936384,-0.0439304733,0.2,0.223968309,-0.191442513,-0.104829341,-0.0298345637,0.0121681416,0.0318331599,0.191364839,-0.00255936384,0.2,0.191442513,-0.0298345637,-0.00383544058,-0.179105412,-0.0439304733,-0.223968309,-0.0121681416,0.104829341
16,9135483,0.634351194,0.11169406,-0.156253323,0.164456323,0.104529515,-0.371245861,-0.666553259,0.229135707,-0.908726811,-0.177749023,-0.185381278,0.0805863142,0.0507480955,0.00893552482,-0.270313995,-0.125994655,0.00836236119,-0.0296996689,0.2,0.303111068,-0.23,-0.0855498046,-0.0148305023,0.00644690514,0.0507480955,0.270313995,0.00836236119,0.2,0.23,-0.0148305023,-0.00893552482,-0.125994655,-0.0296996689,-0.303111068,-0.00644690514,0.0855498046
17,9158314,0.687970102,0.131919295,-0.209806174,0.243674189,0.291178972,-0.230808765,-0.691744149,0.24605681,-1.08088279,-0.205584764,0.0306025911,0.0543377995,0.0550376081,0.0105535436,-0.294412778,-0.090346615,0.0232943177,-0.0184647012,0.2,0.310725565,-0.23,-0.0911169529,0.00244820729,0.00434702396,0.0550376081,0.294412778,0.0232943177,0.2,0.23,0.00244820729,-0.0105535436,-0.090346615,-0.0184647012,-0.310725565,-0.00434702396,0.0911169529
18,9175469,0.538297057,0.0410058275,-0.16218549,0.267019808,0.392691016,-0.124486469,-0.515229821,0.122906841,-1.11305606,-0.276406199,0.114173435,0.0621642694,0.0430637646,0.0032804662,-0.272983471,-0.0798410863,0.0314152813,-0.0099589175,0.2,0.255308079,-0.23,-0.10528124,0.00913387477,0.00497314155,0.0430637646,0.272983471,0.0314152813,0.2,0.23,0.00913387477,-0.0032804662,-0.0798410863,-0.0099589175,-0.255308079,-0.00497314155,0.10528124
19,9202413,0.344450951,-0.065831393,-0.0653230771,0.192666933,0.385246605,-0.059289027,-0.281365871,0.0193772335,-0.882513881,-0.282109231,0.0929955617,0.0961742029,0.027556076,-0.00526651144,-0.229395385,-0.11329988,0.0308197284,-0.00474312216,0.2,0.208719755,-0.226502776,-0.106421846,0.00743964493,0.00769393623,0.027556076,0.229395385,0.0308197284,0.2,0.226502776,0.00743964493,0.00526651144,-0.11329988,-0.00474312216,-0.208719755,-0.00769393623,0.106421846
20,9214190,0.198227808,-0.104385495,0.019199321,0.0692129359,0.310858548,-0.0847639441,-0.156353325,-0.0353730321,-0.451140672,-0.259378582,0.113782771,0.14724496,0.0158582246,-0.00835083961,-0.191360306,-0.168854179,0.0248686838,-0.00678111553,0.2,0.2,-0.140228134,-0.101875716,0.00910262167,0.0117795968,0.0158582246,0.191360306,0.0248686838,0.2,0.140228134,0.00910262167,0.00835083961,-0.168854179,-0.00678111553,-0.2,-0.0117795968,0.101875716
21,9238055,0.0761791617,-0.131324157,0.094634302,-0.0450310335,0.226438195,-0.180528462,-0.0938071758,-0.114609517,-0.162748307,-0.245989338,0.105837874,0.137246534,0.00609433293,-0.0105059326,-0.157414564,-0.220263965,0.0181150556,-0.014442277,0.2,0.2,-0.0825496614,-0.0991978675,0.00846702993,0.0109797227,0.00609433293,0.157414564,0.0181150556,0.2,0.0825496614,0.00846702993,0.0105059326,-0.220263965,-0.014442277,-0.2,-0.0109797227,0.0991978675
22,9254174,-0.0256297737,-0.142487288,0.16052714,-0.108394727,0.177570209,-0.271765471,-0.0374963805,-0.180235311,-0.0884045437,-0.235991597,0.0500526354,0.0826478228,-0.0020503819,-0.011398983,-0.127762787,-0.248777627,0.0142056167,-0.0217412376,0.2,0.2,-0.0676809087,-0.0971983194,0.00400421083,0.00661182582,-0.0020503819,0.127762787,0.0142056167,0.2,0.0676809087,0.00400421083,0.011398983,-0.248777627,-0.0217412376,-0.2,-0.00661182582,0.0971983194
23,9284954,-0.0482551493,-0.0650350749,0.225432634,-0.117742658,0.171982437,-0.304173499,-0.0744951665,-0.150449112,-0.140335441,-0.225914642,0.00325376145,0.037139874,-0.00386041194,-0.005202806,-0.0985553145,-0.252984196,0.013758595,-0.0243338799,0.2,0.2,-0.0780670881,-0.0951829284,0.000260300916,0.00297118992,-0.00386041194,0.0985553145,0.013758595,0.2,0.0780670881,0.000260300916,0.005202806,-0.252984196,-0.0243338799,-0.2,-0.00297118992,0.0951829284
24,9295214,0.01628148,0.0505298004,0.234560668,-0.0785087794,0.216814652,-0.251814872,-0.221784413,-0.0615836009,-0.251526892,-0.196863458,0.0197949838,0.0427016094,0.0013025184,0.00404238403,-0.0944476992,-0.235328951,0.0173451722,-0.0201451898,0.2,0.2,-0.100305378,-0.0893726915,0.0015835987,0.00341612875,0.0013025184,0.0944476992,0.0173451722,0.2,0.100305378,0.0015835987,-0.00404238403,-0.235328951,-0.0201451898,-0.2,-0.00341612875,0.0893726915
25,9317084,0.149602726,0.122061126,0.171442002,-0.0137375919,0.282696068,-0.151472539,-0.376042753,0.0508419015,-0.344870031,-0.139099389,0.106125452,0.0568460599,0.0119682181,0.00976489007,-0.122851099,-0.206181916,0.0226156855,-0.0121178031,0.2,0.222878856,-0.118974006,-0.0778198779,0.00849003613,0.00454768479,0.0119682181,0.122851099,0.0226156855,0.2,0.118974006,0.00849003613,-0.00976489007,-0.206181916,-0.0121178031,-0.222878856,-0.00454768479,0.0778198779
26,9350369,0.27126196,0.14000991,0.116332307,0.0334261432,0.352348626,-0.0482855439,-0.449042052,0.08611729,-0.432891428,-0.0929755494,0.211390048,0.0802898183,0.0217009568,0.0112007928,-0.147650462,-0.184958236,0.0281878901,-0.00386284351,0.2,0.23875278,-0.136578286,-0.0685951099,0.0169112039,0.00642318547,0.0217009568,0.147650462,0.0281878901,0.2,0.136578286,0.0169112039,-0.0112007928,-0.184958236,-0.00386284351,-0.23875278,-0.00642318547,0.0685951099
27,9356286,0.344067186,0.115376242,0.094038412,0.0579624847,0.399817228,0.0358231701,-0.439889491,0.0801160634,-0.464028984,-0.073860459,0.283987194,0.12142498,0.0275253749,0.00923009932,-0.157682715,-0.173916882,0.0319853783,0.00286585361,0.2,0.236052229,-0.142805797,-0.0647720918,0.0227189755,0.00971399844,0.0275253749,0.157682715,0.0319853783,0.2,0.142805797,0.0227189755,-0.00923009932,-0.173916882,0.00286585361,-0.236052229,-0.00971399844,0.0647720918
28,9376263,0.327572078,0.0620447099,0.103951141,0.0573385954,0.419839889,0.108270615,-0.366780251,0.0443440862,-0.418342948,-0.0607874021,0.314237893,0.159834877,0.0262057662,0.00496357679,-0.153221986,-0.174197632,0.0335871911,0.00866164923,0.2,0.219954839,-0.13366859,-0.0621574804,0.0251390314,0.0127867901,0.0262057662,0.153221986,0.0335871911,0.2,0.13366859,0.0251390314,-0.00496357679,-0.174197632,0.00866164923,-0.219954839,-0.0127867901,0.0621574804
29,9403494,0.260168821,0.00449087424,0.109919764,0.0440593697,0.398572922,0.133138523,-0.29208234,0.0113883885,-0.315321147,-0.0586610287,0.334894985,0.184678227,0.0208135056,0.000359269939,-0.150536106,-0.180173284,0.0318858337,0.0106510818,0.2,0.205124775,-0.113064229,-0.0617322057,0.0267915988,0.0147742581,0.0208135056,0.150536106,0.0318858337,0.2,0.113064229,0.0267915988,-0.000359269939,-0.180173284,0.0106510818,-0.205124775,-0.0147742581,0.0617322057
30,9416174,0.187385723,-0.0271487925,0.117413938,0.0228797738,0.345846564,0.100260265,-0.238878578,0.0129054692,-0.201336339,-0.0702922195,0.363024831,0.202926248,0.0149908578,-0.0021719034,-0.147163728,-0.189704102,0.0276677251,0.00802082121,0.2,0.205807461,-0.0902672678,-0.0640584439,0.0290419865,0.0162340999,0.0149908578,0.147163728,0.0276677251,0.2,0.0902672678,0.0290419865,0.0021719034,-0.189704102,0.00802082121,-0.205807461,-0.0162340999,0.0640584439
31,9436726,0.146134421,-0.031821575,0.108364642,0.00643304829,0.276454628,0.0283401422,-0.221728757,0.0281157643,-0.141547307,-0.0965909213,0.383205891,0.218132094,0.0116907537,-0.002545726,-0.151235911,-0.197105128,0.0221163702,0.00226721138,0.2,0.212652094,-0.0783094615,-0.0693181843,0.0306564713,0.0174505675,0.0116907537,0.151235911,0.0221163702,0.2,0.0783094615,0.0306564713,0.002545726,-0.197105128,0.00226721138,-0.212652094,-0.0174505675,0.0693181843
32,9457320,0.13180691,-0.0247871019,0.0939277336,-0.000798001012,0.213915184,-0.052258607,-0.219623893,0.0354339704,-0.137971491,-0.120854072,0.386399984,0.235996559,0.0105445528,-0.00198296815,-0.15773252,-0.2003591,0.0171132147,-0.00418068856,0.2,0.215945287,-0.0775942981,-0.0741708145,0.0309119987,0.0188797247,0.0105445528,0.15773252,0.0171132147,0.2,0.0775942981,0.0309119987,0.00198296815,-0.2003591,-0.00418068856,-0.215945287,-0.0188797247,0.0741708145
33,9489728,0.164173588,-0.0151551338,0.0718835443,0.00857214816,0.159553051,-0.130276933,-0.230451584,0.0576618239,-0.15266037,-0.113836899,0.369980037,0.241068497,0.0131338871,-0.0012124107,-0.167652405,-0.196142533,0.0127642441,-0.0104221547,0.2,0.225947821,-0.080532074,-0.0727673799,0.029598403,0.0192854798,0.0131338871,0.167652405,0.0127642441,0.2,0.080532074,0.029598403,0.0012124107,-0.196142533,-0.0104221547,-0.225947821,-0.0192854798,0.0727673799
34,9495219,0.239821658,-0.0155058037,0.0395585001,0.0308639575,0.113273561,-0.19756192,-0.255342305,0.0907505527,-0.184061721,-0.0853314251,0.347872347,0.239137143,0.0191857326,-0.0012404643,-0.182198675,-0.186111219,0.00906188488,-0.0158049536,0.2,0.240837749,-0.0868123442,-0.067066285,0.0278297877,0.0191309714,0.0191857326,0.182198675,0.00906188488,0.2,0.0868123442,0.0278297877,0.0012404643,-0.186111219,-0.0158049536,-0.240837749,-0.0191309714,0.067066285
35,9523902,0.34544605,-0.0254824776,-0.00370233273,0.0605983958,0.0676271021,-0.251147658,-0.282051653,0.121610887,-0.224315763,-0.0545671023,0.332679689,0.235239685,0.027635684,-0.00203859821,-0.20166605,-0.172730722,0.00541016817,-0.0200918126,0.2,0.254724899,-0.0948631525,-0.0609134205,0.0266143751,0.0188191748,0.027635684,0.20166605,0.00541016817,0.2,0.0948631525,0.0266143751,0.00203859821,-0.172730722,-0.0200918126,-0.254724899,-0.0188191748,0.0609134205
36,9541113,0.449393719,-0.0424658842,-0.0495168045,0.0930253863,0.0284608081,-0.293179631,-0.303080082,0.134571269,-0.272826493,-0.0294238534,0.319763601,0.23398605,0.0359514976,-0.00339727074,-0.222282562,-0.158138576,0.00227686465,-0.0234543705,0.2,0.260557071,-0.104565299,-0.0558847707,0.0255810881,0.018718884,0.0359514976,0.222282562,0.00227686465,0.2,0.104565299,0.0255810881,0.00339727074,-0.158138576,-0.0234543705,-0.260557071,-0.018718884,0.0558847707
37,9562080,0.514375448,-0.0604002029,-0.0818155855,0.115766689,0.00993345771,-0.326774597,-0.311230123,0.129255623,-0.325824857,-0.0285456348,0.310730249,0.240453005,0.0411500359,-0.00483201623,-0.236817013,-0.14790499,0.000794676617,-0.0261419678,0.2,0.25816503,-0.115164971,-0.055709127,0.0248584199,0.0192362404,0.0411500359,0.236817013,0.000794676617,0.2,0.115164971,0.0248584199,0.00483201623,-0.14790499,-0.0261419678,-0.25816503,-0.0192362404,0.055709127
38,9575518,0.520397067,-0.0730107203,-0.108955473,0.126804397,0.0133434627,-0.362327844,-0.314864635,0.107541099,-0.382766157,-0.0673233643,0.299141049,0.250842512,0.0416317654,-0.00584085763,-0.249029963,-0.142938022,0.00106747702,-0.0289862275,0.2,0.248393495,-0.126553231,-0.0634646729,0.023931284,0.0200674009,0.0416317654,0.249029963,0.00106747702,0.2,0.126553231,0.023931284,0.00584085763,-0.142938022,-0.0289862275,-0.248393495,-0.0200674009,0.0634646729
39,9596973,0.472839236,-0.0770368204,-0.116418399,0.129094318,0.0298827253,-0.396086693,-0.30219835,0.0822239667,-0.409750998,-0.110594817,0.273989618,0.248709306,0.0378271389,-0.00616294563,-0.25238828,-0.141907557,0.00239061803,-0.0316869354,0.2,0.237000785,-0.1319502,-0.0721189633,0.0219191694,0.0198967445,0.0378271389,0.25238828,0.00239061803,0.2,0.1319502,0.0219191694,0.00616294563,-0.141907557,-0.0316869354,-0.237000785,-0.0198967445,0.0721189633
40,9618842,0.395423174,-0.0694876835,-0.115859963,0.123573117,0.0488479547,-0.429218352,-0.284130543,0.0518350266,-0.410074681,-0.15257059,0.237374738,0.237472519,0.0316338539,-0.00555901468,-0.252136983,-0.144392097,0.00390783638,-0.0343374681,0.2,0.223325762,-0.132014936,-0.0805141181,0.018989979,0.0189978015,0.0316338539,0.252136983,0.00390783638,0.2,0.132014936,0.018989979,0.00555901468,-0.144392097,-0.0343374681,-0.223325762,-0.0189978015,0.0805141181
41,9634679,0.300498247,-0.0546818972,-0.111040346,0.114267208,0.0604402386,-0.470782191,-0.252746254,0.0197189022,-0.37992686,-0.182619587,0.19243224,0.222196341,0.0240398598,-0.00437455177,-0.249968156,-0.148579757,0.00483521909,-0.0376625752,0.2,0.208873506,-0.125985372,-0.0865239173,0.0153945792,0.0177757072,0.0240398598,0.249968156,0.00483521909,0.2,0.125985372,0.0153945792,0.00437455177,-0.148579757,-0.0376625752,-0.208873506,-0.0177757072,0.0865239173
42,9658909,0.210454479,-0.0350262262,-0.0824867487,0.090152584,0.0647192225,-0.503687918,-0.215872034,-0.0156529006,-0.336595833,-0.195420831,0.137993366,0.202479839,0.0168363583,-0.0028020981,-0.237119037,-0.159431337,0.0051775378,-0.0402950335,0.2,0.2,-0.117319167,-0.0890841663,0.0110394692,0.0161983871,0.0168363583,0.237119037,0.0051775378,0.2,0.117319167,0.0110394692,0.0028020981,-0.159431337,-0.0402950335,-0.2,-0.0161983871,0.0890841663
43,9679952,0.140772536,-0.0229301285,-0.0439002924,0.0571685247,0.0641882792,-0.523815453,-0.182025984,-0.0513514802,-0.298045188,-0.196136907,0.0773126185,0.184097141,0.0112618029,-0.00183441028,-0.219755132,-0.174274164,0.00513506234,-0.0419052362,0.2,0.2,-0.109609038,-0.0892273813,0.00618500948,0.0147277713,0.0112618029,0.219755132,0.00513506234,0.2,0.109609038,0.00618500948,0.00183441028,-0.174274164,-0.0419052362,-0.2,-0.0147277713,0.0892273813
44,9695219,0.0969717279,-0.0203740802,-0.00785317831,0.0254852772,0.0612072013,-0.526084006,-0.158425063,-0.0793755203,-0.275694788,-0.1957746,0.0236874893,0.167605355,0.00775773823,-0.00162992641,-0.20353393,-0.188531625,0.00489657611,-0.0420867205,0.2,0.2,-0.105138958,-0.08915492,0.00189499915,0.0134084284,0.00775773823,0.20353393,0.00489657611,0.2,0.105138958,0.00189499915,0.00162992641,-0.188531625,-0.0420867205,-0.2,-0.0134084284,0.08915492
45,9723394,0.0885805413,-0.0202375744,0.0179788154,0.00652119424,0.0577937551,-0.510384023,-0.158319443,-0.0864872262,-0.270718515,-0.194525436,-0.0112527879,0.157525048,0.00708644331,-0.00161900595,-0.191909533,-0.197065463,0.00462350041,-0.0408307219,0.2,0.2,-0.104143703,-0.0889050871,-0.000900223032,0.0126020038,0.00708644331,0.191909533,0.00462350041,0.2,0.104143703,-0.000900223032,0.00161900595,-0.197065463,-0.0408307219,-0.2,-0.0126020038,0.0889050871
46,9736104,0.116803437,-0.0190180726,0.0382757001,0.00449142559,0.0630159527,-0.469396442,-0.188815489,-0.0654252991,-0.283936858,-0.185435146,-0.023436904,0.157576218,0.009344275,-0.00152144581,-0.182775935,-0.197978858,0.00504127622,-0.0375517154,0.2,0.2,-0.106787372,-0.0870870292,-0.00187495232,0.0126060975,0.009344275,0.182775935,0.00504127622,0.2,0.106787372,-0.00187495232,0.00152144581,-0.197978858,-0.0375517154,-0.2,-0.0126060975,0.0870870292
47,9755807,0.18017,-0.015542075,0.0384724475,0.0265804343,0.0805649236,-0.407849997,-0.24880141,-0.0202104785,-0.308135599,-0.16882953,-0.000257318519,0.17502822,0.0144136,-0.001243366,-0.182687399,-0.188038805,0.00644519389,-0.0326279998,0.2,0.2,-0.11162712,-0.0837659061,-2.05854815e-05,0.0140022576,0.0144136,0.182687399,0.00644519389,0.2,0.11162712,-2.05854815e-05,0.001243366,-0.188038805,-0.0326279998,-0.2,-0.0140022576,0.0837659061
48,9780701,0.253746957,-0.0169704035,0.0252062362,0.0550880842,0.106785916,-0.340135574,-0.305619091,0.0217935555,-0.34027946,-0.154705226,0.0528840013,0.197454929,0.0202997565,-0.00135763228,-0.188657194,-0.175210362,0.00854287326,-0.0272108459,0.2,0.2098071,-0.118055892,-0.0809410453,0.0042307201,0.0157963943,0.0202997565,0.188657194,0.00854287326,0.2,0.118055892,0.0042307201,0.00135763228,-0.175210362,-0.0272108459,-0.2098071,-0.0157963943,0.0809410453
49,9795890,0.313780755,-0.0258849431,0.00554234209,0.0774009675,0.133356184,-0.283295602,-0.330794245,0.0452552326,-0.364475191,-0.147686273,0.117451087,0.214739874,0.0251024604,-0.00207079545,-0.197505946,-0.165169565,0.0106684947,-0.0226636481,0.2,0.220364855,-0.122895038,-0.0795372546,0.00939608693,0.0171791899,0.0251024604,0.197505946,0.0106684947,0.2,0.122895038,0.00939608693,0.00207079545,-0.165169565,-0.0226636481,-0.220364855,-0.0171791899,0.0795372546
50,9829641,0.34471488,-0.0393491238,-0.0103441598,0.0880793929,0.152347401,-0.246894419,-0.328305781,0.0494613647,-0.372188121,-0.151966408,0.170388699,0.226572722,0.0275771904,-0.00314792991,-0.204654872,-0.160364273,0.0121877921,-0.0197515535,0.2,0.222257614,-0.124437624,-0.0803932816,0.0136310959,0.0181258178,0.0275771904,0.204654872,0.0121877921,0.2,0.124437624,0.0136310959,0.00314792991,-0.160364273,-0.0197515535,-0.222257614,-0.0181258178,0.0803932816
51,9840998,0.343226999,-0.0516095199,-0.0183700714,0.0880788639,0.159409657,-0.23519589,-0.308769464,0.0439952575,-0.358343452,-0.160946906,0.202114552,0.235006675,0.0274581599,-0.00412876159,-0.208266532,-0.160364511,0.0127527726,-0.0188156712,0.2,0.219797866,-0.12166869,-0.0821893811,0.0161691642,0.018800534,0.0274581599,0.208266532,0.0127527726,0.2,0.12166869,0.0161691642,0.00412876159,-0.160364511,-0.0188156712,-0.219797866,-0.018800534,0.0821893811
52,9854933,0.3172656,-0.0571384951,-0.0191465206,0.0803572536,0.153457865,-0.245332181,-0.28219977,0.0346347913,-0.32629478,-0.167220816,0.214850634,0.24058634,0.025381248,-0.00457107961,-0.208615934,-0.163839236,0.0122766292,-0.0196265745,0.2,0.215585656,-0.115258956,-0.0834441632,0.0171880507,0.0192469072,0.025381248,0.208615934,0.0122766292,0.2,0.115258956,0.0171880507,0.00457107961,-0.163839236,-0.0196265745,-0.215585656,-0.0192469072,0.0834441632
53,9878432,0.286324561,-0.0535960905,-0.0117543116,0.0688624904,0.138804704,-0.269332021,-0.259883791,0.0278986655,-0.286729842,-0.163547203,0.210306272,0.240393415,0.0229059649,-0.00428768724,-0.20528944,-0.169011879,0.0111043763,-0.0215465617,0.2,0.212554399,-0.107345968,-0.0827094406,0.0168245018,0.0192314732,0.0229059649,0.20528944,0.0111043763,0.2,0.107345968,0.0168245018,0.00428768724,-0.169011879,-0.0215465617,-0.212554399,-0.0192314732,0.0827094406
54,9898325,0.265873909,-0.0438460074,-0.00295400084,0.0597606674,0.121069424,-0.296125829,-0.247587055,0.026347138,-0.253083944,-0.152983591,0.197888345,0.235614255,0.0212699127,-0.00350768059,-0.2013293,-0.1731077,0.00968555391,-0.0236900663,0.2,0.211856212,-0.100616789,-0.0805967182,0.0158310676,0.0188491404,0.0212699127,0.2013293,0.00968555391,0.2,0.100616789,0.0158310676,0.00350768059,-0.1731077,-0.0236900663,-0.211856212,-0.0188491404,0.0805967182
55,9917899,0.267886311,-0.0320939533,0.00849157292,0.0560819283,0.1041428,-0.312983245,-0.246901184,0.0358374864,-0.2280678,-0.135252193,0.184569657,0.225386724,0.0214309049,-0.00256751627,-0.196178792,-0.174763132,0.008331424,-0.0250386596,0.2,0.216126869,-0.0956135601,-0.0770504385,0.0147655725,0.0180309379,0.0214309049,0.196178792,0.008331424,0.2,0.0956135601,0.0147655725,0.00256751627,-0.174763132,-0.0250386596,-0.216126869,-0.0180309379,0.0770504385
56,9936024,0.295261085,-0.0225822981,0.01409504,0.060769286,0.0909033343,-0.315005481,-0.257771373,0.05163249,-0.216244787,-0.113144085,0.177986249,0.214866713,0.0236208868,-0.00180658385,-0.193657232,-0.172653821,0.00727226675,-0.0252004385,0.2,0.223234621,-0.0932489574,-0.072628817,0.0142388999,0.017189337,0.0236208868,0.193657232,0.00727226675,0.2,0.0932489574,0.0142388999,0.00180658385,-0.172653821,-0.0252004385,-0.223234621,-0.017189337,0.072628817
57,9959741,0.340245306,-0.0200352408,0.00714664953,0.0707195476,0.0807125047,-0.307345957,-0.274318695,0.0653016344,-0.220665708,-0.098208569,0.186788946,0.210743159,0.0272196245,-0.00160281926,-0.196784008,-0.168176204,0.00645700037,-0.0245876765,0.2,0.229385735,-0.0941331416,-0.0696417138,0.0149431157,0.0168594527,0.0272196245,0.196784008,0.00645700037,0.2,0.0941331416,0.0149431157,0.00160281926,-0.168176204,-0.0245876765,-0.229385735,-0.0168594527,0.0696417138
58,9977206,0.385137767,-0.0257260501,-0.00086321478,0.0798166916,0.0754771531,-0.292420954,-0.286799192,0.071448192,-0.235297918,-0.0917143971,0.204764113,0.209235549,0.0308110213,-0.00205808401,-0.200388447,-0.164082489,0.00603817225,-0.0233936763,0.2,0.232151686,-0.0970595837,-0.0683428794,0.016381129,0.0167388439,0.0308110213,0.200388447,0.00603817225,0.2,0.0970595837,0.016381129,0.00205808401,-0.164082489,-0.0233936763,-0.232151686,-0.0167388439,0.0683428794
59,9996736,0.414327294,-0.0360849425,-0.0109891705,0.0857595503,0.0759328753,-0.2794424,-0.291004926,0.068112433,-0.251842558,-0.0960465595,0.226501837,0.212048382,0.0331461835,-0.0028867954,-0.204945127,-0.161408202,0.00607463002,-0.022355392,0.2,0.230650595,-0.100368512,-0.0692093119,0.018120147,0.0169638705,0.0331461835,0.204945127,0.00607463002,0.2,0.100368512,0.018120147,0.0028867954,-0.161408202,-0.022355392,-0.230650595,-0.0169638705,0.0692093119
60,10027095,0.422436565,-0.0453590453,-0.0165116936,0.0854588374,0.0783784315,-0.272610903,-0.287793994,0.0616139621,-0.26039809,-0.108856447,0.247088924,0.214231804,0.0337949252,-0.00362872362,-0.207430262,-0.161543523,0.00627027452,-0.0218088722,0.2,0.227726283,-0.102079618,-0.0717712894,0.0197671139,0.0171385443,0.0337949252,0.207430262,0.00627027452,0.2,0.102079618,0.0197671139,0.00362872362,-0.161543523,-0.0218088722,-0.227726283,-0.0171385443,0.0717712894
61,10035232,0.410074204,-0.0497228242,-0.0188100282,0.0824083984,0.0802371651,-0.273504347,-0.280834317,0.0525474884,-0.261013925,-0.125752091,0.261344701,0.213559017,0.0328059363,-0.00397782594,-0.208464513,-0.162916221,0.00641897321,-0.0218803477,0.2,0.22364637,-0.102202785,-0.0751504183,0.0209075761,0.0170847213,0.0328059363,0.208464513,0.00641897321,0.2,0.102202785,0.0209075761,0.00397782594,-0.162916221,-0.0218803477,-0.22364637,-0.0170847213,0.0751504183
62,10056486,0.386989504,-0.0479200184,-0.0154397292,0.0764029846,0.0813078359,-0.279404998,-0.273297101,0.0448921807,-0.253880024,-0.139597654,0.265696526,0.207900062,0.0309591603,-0.00383360147,-0.206947878,-0.165618657,0.00650462687,-0.0223523998,0.2,0.220201481,-0.100776005,-0.0779195309,0.021255722,0.016632005,0.0309591603,0.206947878,0.00650462687,0.2,0.100776005,0.021255722,0.00383360147,-0.165618657,-0.0223523998,-0.220201481,-0.016632005,0.0779195309
63,10078112,0.3619847,-0.0412647575,-0.00861645024,0.069465071,0.0825467184,-0.28640151,-0.268906415,0.0380402319,-0.244733021,-0.148441434,0.262150973,0.19769159,0.028958776,-0.0033011806,-0.203877403,-0.168740718,0.00660373747,-0.0229121208,0.2,0.217118104,-0.0989466041,-0.0796882868,0.0209720778,0.0158153272,0.028958776,0.203877403,0.00660373747,0.2,0.0989466041,0.0209720778,0.0033011806,-0.168740718,-0.0229121208,-0.217118104,-0.0158153272,0.0796882868
64,10113013,0.342989624,-0.0320770554,-0.00171417394,0.0638540983,0.0839734226,-0.29187423,-0.268272907,0.0338784494,-0.236746415,-0.150517926,0.253940374,0.185495555,0.0274391699,-0.00256616443,-0.200771378,-0.171265656,0.00671787381,-0.0233499384,0.2,0.215245302,-0.0973492831,-0.0801035851,0.0203152299,0.0148396444,0.0274391699,0.200771378,0.00671787381,0.2,0.0973492831,0.0203152299,0.00256616443,-0.171265656,-0.0233499384,-0.215245302,-0.0148396444,0.0801035851
65,10121799,0.331653744,-0.0240191594,0.00292489189,0.0601286851,0.0871738866,-0.292789698,-0.272146553,0.0306242872,-0.236526594,-0.150407702,0.244474754,0.174518809,0.0265322995,-0.00192153275,-0.198683799,-0.172942092,0.00697391093,-0.0234231758,0.2,0.213780929,-0.0973053187,-0.0800815403,0.0195579803,0.0139615047,0.0265322995,0.198683799,0.00697391093,0.2,0.0973053187,0.0195579803,0.00192153275,-0.172942092,-0.0234231758,-0.213780929,-0.0139615047,0.0800815403
66,10141595,0.324085146,-0.0185379703,0.00140753831,0.0600210391,0.09274856,-0.292476892,-0.279128909,0.0261784773,-0.246081576,-0.152484983,0.235958964,0.168253317,0.0259268117,-0.00148303762,-0.199366608,-0.172990532,0.0074198848,-0.0233981514,0.2,0.211780315,-0.0992163152,-0.0804969966,0.0188767171,0.0134602654,0.0259268117,0.199366608,0.0074198848,0.2,0.0992163152,0.0188767171,0.00148303762,-0.172990532,-0.0233981514,-0.211780315,-0.0134602654,0.0804969966
67,10154913,0.316813529,-0.0158156399,-0.00244738953,0.0611700192,0.100640193,-0.291107982,-0.285592079,0.0219233222,-0.261634409,-0.157899439,0.228507996,0.166198596,0.0253450823,-0.00126525119,-0.201101325,-0.172473491,0.00805121541,-0.0232886386,0.2,0.209865495,-0.102326882,-0.0815798879,0.0182806396,0.0132958877,0.0253450823,0.201101325,0.00805121541,0.2,0.102326882,0.0182806396,0.00126525119,-0.172473491,-0.0232886386,-0.209865495,-0.0132958877,0.0815798879
68,10176577,0.307326585,-0.0153284343,-0.00636861846,0.062506251,0.109222971,-0.289816678,-0.288470298,0.0183029771,-0.27624017,-0.164589599,0.22201483,0.166025043,0.0245861268,-0.00122627474,-0.202865878,-0.171872187,0.00873783767,-0.0231853342,0.2,0.20823634,-0.105248034,-0.0829179198,0.0177611864,0.0132820034,0.0245861268,0.202865878,0.00873783767,0.2,0.105248034,0.0177611864,0.00122627474,-0.171872187,-0.0231853342,-0.20823634,-0.0132820034,0.0829179198
69,10196832,0.294368148,-0.0157101341,-0.00788716599,0.0621452034,0.11810039,-0.289166868,-0.287725806,0.0150519013,-0.286223918,-0.17120491,0.216028422,0.167545244,0.0235494518,-0.00125681072,-0.203549225,-0.172034658,0.00944803119,-0.0231333494,0.2,0.206773356,-0.107244784,-0.0842409819,0.0172822738,0.0134036195,0.0235494518,0.203549225,0.00944803119,0.2,0.107244784,0.0172822738,0.00125681072,-0.172034658,-0.0231333494,-0.206773356,-0.0134036195,0.0842409819
70,10222178,0.282318026,-0.0155941118,-0.0069607161,0.0612144284,0.125127509,-0.28898254,-0.28630206,0.0134129422,-0.290771902,-0.174377754,0.208168283,0.168914348,0.0225854421,-0.00124752894,-0.203132322,-0.172453507,0.0100102007,-0.0231186032,0.2,0.206035824,-0.10815438,-0.0848755509,0.0166534626,0.0135131478,0.0225854421,0.203132322,0.0100102007,0.2,0.10815438,0.0166534626,0.00124752894,-0.172453507,-0.0231186032,-0.206035824,-0.0135131478,0.0848755509
71,10235445,0.271764576,-0.015178821,-0.00595361181,0.0609036312,0.129539862,-0.290137589,-0.284705192,0.0127808684,-0.292552024,-0.174403638,0.198424399,0.171418205,0.0217411661,-0.00121430568,-0.202679125,-0.172593366,0.010363189,-0.0232110071,0.2,0.205751391,-0.108510405,-0.0848807275,0.0158739519,0.0137134564,0.0217411661,0.202679125,0.010363189,0.2,0.108510405,0.0158739519,0.00121430568,-0.172593366,-0.0232110071,-0.205751391,-0.0137134564,0.0848807275
72,10262875,0.264333546,-0.0141726173,-0.00556378812,0.0612929575,0.131367788,-0.292758197,-0.283311963,0.0135541083,-0.292309761,-0.171787709,0.188427061,0.175607964,0.0211466837,-0.00113380939,-0.202503705,-0.172418169,0.010509423,-0.0234206557,0.2,0.206099349,-0.108461952,-0.0843575418,0.0150741649,0.0140486372,0.0211466837,0.202503705,0.010509423,0.2,0.108461952,0.0150741649,0.00113380939,-0.172418169,-0.0234206557,-0.206099349,-0.0140486372,0.0843575418
73,10275224,0.259330988,-0.013598429,-0.0053453818,0.0620065294,0.131655455,-0.295764357,-0.281731367,0.0145015679,-0.291786849,-0.168665424,0.180522114,0.181826055,0.020746479,-0.00108787432,-0.202405422,-0.172097062,0.0105324364,-0.0236611485,0.2,0.206525706,-0.10835737,-0.0837330848,0.0144417691,0.0145460844,0.020746479,0.202405422,0.0105324364,0.2,0.10835737,0.0144417691,0.00108787432,-0.172097062,-0.0236611485,-0.206525706,-0.0145460844,0.0837330848
74,10300306,0.257252574,-0.0139250243,-0.00481222104,0.0626955479,0.13133198,-0.298081696,-0.280224711,0.0158621352,-0.291125864,-0.16539903,0.175048053,0.1884249,0.0205802059,-0.00111400194,-0.202165499,-0.171787003,0.0105065584,-0.0238465357,0.2,0.207137961,-0.108225173,-0.083079806,0.0140038443,0.015073992,0.0205802059,0.202165499,0.0105065584,0.2,0.108225173,0.0140038443,0.00111400194,-0.171787003,-0.0238465357,-0.207137961,-0.015073992,0.083079806
75,10317633,0.258298546,-0.0149225919,-0.0038173201,0.063414678,0.13064386,-0.298710883,-0.278836548,0.0179130714,-0.289414853,-0.161285415,0.171579733,0.194209397,0.0206638837,-0.00119380735,-0.201717794,-0.171463395,0.0104515088,-0.0238968706,0.2,0.208060882,-0.107882971,-0.0822570831,0.0137263787,0.0155367517,0.0206638837,0.201717794,0.0104515088,0.2,0.107882971,0.0137263787,0.00119380735,-0.171463395,-0.0238968706,-0.208060882,-0.0155367517,0.0822570831
76,10333957,0.262224883,-0.0163233411,-0.00276257447,0.0642917752,0.129687831,-0.297925889,-0.278132409,0.0205973517,-0.287410617,-0.157034621,0.169910669,0.198731542,0.0209779906,-0.00130586728,-0.201243159,-0.171068701,0.0103750265,-0.0238340712,0.2,0.209268808,-0.107482123,-0.0814069241,0.0135928535,0.0158985233,0.0209779906,0.201243159,0.0103750265,0.2,0.107482123,0.0135928535,0.00130586728,-0.171068701,-0.0238340712,-0.209268808,-0.0158985233,0.0814069241
77,10355610,0.269406229,-0.0175674651,-0.00130024389,0.0655347928,0.128229752,-0.295372784,-0.277858227,0.0247530099,-0.283901602,-0.151506156,0.170198947,0.201939762,0.0215524983,-0.00140539721,-0.20058511,-0.170509343,0.0102583802,-0.0236298227,0.2,0.211138854,-0.10678032,-0.0803012311,0.0136159158,0.0161551809,0.0215524983,0.20058511,0.0102583802,0.2,0.10678032,0.0136159158,0.00140539721,-0.170509343,-0.0236298227,-0.211138854,-0.0161551809,0.0803012311
78,10374449,0.279149115,-0.0188058913,-0.000816333049,0.0674947649,0.126001328,-0.291969657,-0.277909219,0.0296012219,-0.2787624,-0.145520985,0.173749164,0.205032423,0.0223319292,-0.0015044713,-0.20036735,-0.169627356,0.0100801063,-0.0233575726,0.2,0.21332055,-0.10575248,-0.079104197,0.0138999331,0.0164025939,0.0223319292,0.20036735,0.0100801063,0.2,0.10575248,0.0138999331,0.0015044713,-0.169627356,-0.0233575726,-0.21332055,-0.0164025939,0.079104197
79,10395572,0.290673196,-0.0200609285,-0.000308350049,0.0690966547,0.123002775,-0.288224906,-0.277933747,0.0349255428,-0.272506416,-0.139568806,0.179912746,0.207937598,0.0232538557,-0.00160487428,-0.200138758,-0.168906505,0.009840222,-0.0230579925,0.2,0.215716494,-0.104501283,-0.0779137611,0.0143930197,0.0166350079,0.0232538557,0.200138758,0.009840222,0.2,0.104501283,0.0143930197,0.00160487428,-0.168906505,-0.0230579925,-0.215716494,-0.0166350079,0.0779137611
80,10416627,0.302972257,-0.0215354804,-0.000854289159,0.0708729476,0.119478561,-0.284969121,-0.278955221,0.0389279313,-0.267543942,-0.134719983,0.18694523,0.210476846,0.0242377806,-0.00172283843,-0.20038443,-0.168107174,0.00955828488,-0.0227975297,0.2,0.217517569,-0.103508788,-0.0769439965,0.0149556184,0.0168381476,0.0242377806,0.20038443,0.00955828488,0.2,0.103508788,0.0149556184,0.00172283843,-0.168107174,-0.0227975297,-0.217517569,-0.0168381476,0.0769439965
81,10434540,0.315323621,-0.023184577,-0.00191000663,0.0725544542,0.115544751,-0.282654107,-0.279747307,0.0427041128,-0.262767464,-0.130453601,0.194731846,0.212445632,0.0252258897,-0.00185476616,-0.200859503,-0.167350496,0.0092435801,-0.0226123285,0.2,0.219216851,-0.102553493,-0.0760907203,0.0155785477,0.0169956505,0.0252258897,0.200859503,0.0092435801,0.2,0.102553493,0.0155785477,0.00185476616,-0.167350496,-0.0226123285,-0.219216851,-0.0169956505,0.0760907203
82,10461177,0.326665491,-0.0248452164,-0.00288892072,0.0738992989,0.111186393,-0.281161159,-0.279961824,0.0458797887,-0.25815767,-0.127292186,0.203591168,0.213604391,0.0261332393,-0.00198761731,-0.201300014,-0.166745315,0.00889491141,-0.0224928927,0.2,0.220645905,-0.101631534,-0.0754584372,0.0162872934,0.0170883512,0.0261332393,0.201300014,0.00889491141,0.2,0.101631534,0.0162872934,0.00198761731,-0.166745315,-0.0224928927,-0.220645905,-0.0170883512,0.0754584372
83,10475057,0.337110519,-0.0262020957,-0.00410380214,0.0751727074,0.106227048,-0.28077668,-0.279627591,0.0483830646,-0.253250569,-0.124681517,0.211775422,0.213168651,0.0269688416,-0.00209616765,-0.201846711,-0.166172282,0.00849816382,-0.0224621344,0.2,0.221772379,-0.100650114,-0.0749363035,0.0169420338,0.0170534921,0.0269688416,0.201846711,0.00849816382,0.2,0.100650114,0.0169420338,0.00209616765,-0.166172282,-0.0224621344,-0.221772379,-0.0170534921,0.0749363035
84,10497916,0.34563148,-0.0272561703,-0.00521738036,0.075656116,0.101356477,-0.28117016,-0.279157609,0.049737107,-0.249307752,-0.123754114,0.219196349,0.212351367,0.0276505184,-0.00218049362,-0.202347821,-0.165954748,0.00810851812,-0.0224936128,0.2,0.222381698,-0.0998615503,-0.0747508228,0.017535708,0.0169881094,0.0276505184,0.202347821,0.00810851812,0.2,0.0998615503,0.017535708,0.00218049362,-0.165954748,-0.0224936128,-0.222381698,-0.0169881094,0.0747508228
85,10517311,0.351148874,-0.0279035624,-0.00595543813,0.075619556,0.0972454697,-0.282423764,-0.27899006,0.0495846123,-0.247245386,-0.124826126,0.225752234,0.211416543,0.0280919099,-0.00223228499,-0.202679947,-0.1659712,0.00777963758,-0.0225939012,0.2,0.222313076,-0.0994490772,-0.0749652252,0.0180601788,0.0169133234,0.0280919099,0.202679947,0.00777963758,0.2,0.0994490772,0.0180601788,0.00223228499,-0.1659712,-0.0225939012,-0.222313076,-0.0169133234,0.0749652252
86,10553796,0.35366863,-0.0279745106,-0.00655171275,0.074999541,0.0948910266,-0.28418377,-0.279525667,0.0478937849,-0.247413784,-0.127478808,0.230386809,0.210163862,0.0282934904,-0.00223796085,-0.202948271,-0.166250207,0.00759128213,-0.0227347016,0.2,0.221552203,-0.0994827569,-0.0754957616,0.0184309447,0.0168131089,0.0282934904,0.202948271,0.00759128213,0.2,0.0994827569,0.0184309447,0.00223796085,-0.166250207,-0.0227347016,-0.221552203,-0.0168131089,0.0754957616
87,10564086,0.352978259,-0.0277355574,-0.00645494601,0.0734950751,0.094879888,-0.285971493,-0.280660808,0.0450917259,-0.249561936,-0.131696597,0.232979015,0.208527178,0.0282382607,-0.00221884459,-0.202904726,-0.166927216,0.00759039104,-0.0228777194,0.2,0.220291277,-0.0999123871,-0.0763393193,0.0186383212,0.0166821742,0.0282382607,0.202904726,0.00759039104,0.2,0.0999123871,0.0186383212,0.00221884459,-0.166927216,-0.0228777194,-0.220291277,-0.0166821742,0.0763393193
88,10580981,0.348804235,-0.0269790813,-0.00650152378,0.0718174055,0.0967986733,-0.287738979,-0.281538129,0.0417476743,-0.253010035,-0.137189418,0.234172776,0.206671312,0.0279043388,-0.00215832651,-0.202925686,-0.167682168,0.00774389386,-0.0230191183,0.2,0.218786453,-0.100602007,-0.0774378836,0.0187338221,0.016533705,0.0279043388,0.202925686,0.00774389386,0.2,0.100602007,0.0187338221,0.00215832651,-0.167682168,-0.0230191183,-0.218786453,-0.016533705,0.0774378836
89,10595165,0.342897058,-0.0254314803,-0.00581465848,0.0697619841,0.0999000743,-0.288973272,-0.282481223,0.0386923999,-0.256321102,-0.141951516,0.233252257,0.203424826,0.0274317646,-0.00203451842,-0.202616596,-0.168607107,0.00799200594,-0.0231178617,0.2,0.21741158,-0.10126422,-0.0783903033,0.0186601806,0.0162739861,0.0274317646,0.202616596,0.00799200594,0.2,0.10126422,0.0186601806,0.00203451842,-0.168607107,-0.0231178617,-0.21741158,-0.0162739861,0.0783903033
90,10624427,0.335485816,-0.0238915365,-0.00566860754,0.0684591234,0.103360586,-0.289912254,-0.282437712,0.0359500721,-0.25895983,-0.146152213,0.231529146,0.200363696,0.0268388653,-0.00191132292,-0.202550873,-0.169193394,0.00826884687,-0.0231929803,0.2,0.216177532,-0.101791966,-0.0792304426,0.0185223317,0.0160290956,0.0268388653,0.202550873,0.00826884687,0.2,0.101791966,0.0185223317,0.00191132292,-0.169193394,-0.0231929803,-0.216177532,-0.0160290956,0.0792304426
91,10639611,0.327594906,-0.022296533,-0.00604683999,0.0677692667,0.106076568,-0.29101342,-0.282173842,0.033567287,-0.261215091,-0.149840921,0.228791833,0.197973102,0.0262075925,-0.00178372264,-0.202721078,-0.16950383,0.00848612547,-0.0232810736,0.2,0.215105279,-0.102243018,-0.0799681842,0.0183033466,0.0158378482,0.0262075925,0.202721078,0.00848612547,0.2,0.102243018,0.0183033466,0.00178372264,-0.16950383,-0.0232810736,-0.215105279,-0.0158378482,0.0799681842
92,10656485,0.31959033,-0.020758763,-0.00651976839,0.0673357323,0.108281918,-0.292649269,-0.282317311,0.0311969556,-0.264305472,-0.152871519,0.224229917,0.196094885,0.0255672264,-0.00166070104,-0.202933896,-0.16969892,0.00866255343,-0.0234119415,0.2,0.21403863,-0.102861094,-0.0805743039,0.0179383934,0.0156875908,0.0255672264,0.202933896,0.00866255343,0.2,0.102861094,0.0179383934,0.00166070104,-0.16969892,-0.0234119415,-0.21403863,-0.0156875908,0.0805743039
93,10675764,0.311202019,-0.019537244,-0.00726670679,0.066720739,0.11080645,-0.294674277,-0.282857865,0.0278915763,-0.269174188,-0.156413227,0.21849364,0.194835991,0.0248961616,-0.00156297952,-0.203270018,-0.169975667,0.00886451602,-0.0235739422,0.2,0.212551209,-0.103834838,-0.0812826455,0.0174794912,0.0155868793,0.0248961616,0.203270018,0.00886451602,0.2,0.103834838,0.0174794912,0.00156297952,-0.169975667,-0.0235739422,-0.212551209,-0.0155868793,0.0812826455
94,10698559,0.302618951,-0.0187994391,-0.00682866154,0.0654516667,0.114037126,-0.296383411,-0.282499433,0.024987191,-0.27370736,-0.159309968,0.212289914,0.193384528,0.024209516,-0.00150395513,-0.203072898,-0.17054675,0.0091229701,-0.0237106729,0.2,0.211244236,-0.104741472,-0.0818619937,0.0169831932,0.0154707623,0.024209516,0.203072898,0.0091229701,0.2,0.104741472,0.0169831932,0.00150395513,-0.17054675,-0.0237106729,-0.211244236,-0.0154707623,0.0818619937
95,10714769,0.294078976,-0.0182793867,-0.00577110937,0.0640684366,0.117623828,-0.297130644,-0.281763047,0.0221570823,-0.277832389,-0.161859035,0.206297815,0.191943809,0.0235263181,-0.00146235093,-0.202596999,-0.171169204,0.00940990627,-0.0237704515,0.2,0.209970687,-0.105566478,-0.0823718071,0.0165038252,0.0153555048,0.0235263181,0.202596999,0.00940990627,0.2,0.105566478,0.0165038252,0.00146235093,-0.171169204,-0.0237704515,-0.209970687,-0.0153555048,0.0823718071
96,10738760,0.287382841,-0.0175066665,-0.00418673828,0.0630262345,0.120719716,-0.296964973,-0.281009763,0.0209849663,-0.2799505,-0.162459701,0.200563774,0.190345496,0.0229906273,-0.00140053332,-0.201884032,-0.171638194,0.00965757728,-0.0237571979,0.2,0.209443235,-0.1059901,-0.0824919403,0.0160451019,0.0152276397,0.0229906273,0.201884032,0.00965757728,0.2,0.1059901,0.0160451019,0.00140053332,-0.171638194,-0.0237571979,-0.209443235,-0.0152276397,0.0824919403
97,10756844,0.282834709,-0.0167160127,-0.00359311327,0.0632487535,0.122472532,-0.296344548,-0.280373812,0.020961795,-0.280570745,-0.161557376,0.195357636,0.189650297,0.0226267767,-0.00133728102,-0.201616901,-0.171538061,0.00979780257,-0.0237075639,0.2,0.209432808,-0.106114149,-0.0823114753,0.0156286108,0.0151720238,0.0226267767,0.201616901,0.00979780257,0.2,0.106114149,0.0156286108,0.00133728102,-0.171538061,-0.0237075639,-0.209432808,-0.0151720238,0.0823114753
98,10776771,0.28102392,-0.0161659103,-0.00355321751,0.0642865673,0.122791886,-0.295676738,-0.280160487,0.0222468283,-0.280088782,-0.159312665,0.191076517,0.189938948,0.0224819136,-0.00129327282,-0.201598948,-0.171071045,0.00982335091,-0.023654139,0.2,0.210011073,-0.106017756,-0.0818625331,0.0152861214,0.0151951158,0.0224819136,0.201598948,0.00982335091,0.2,0.106017756,0.0152861214,0.00129327282,-0.171071045,-0.023654139,-0.210011073,-0.0151951158,0.0818625331
99,10796901,0.282089442,-0.0160582215,-0.0042681843,0.0659990907,0.121930055,-0.295219332,-0.280186325,0.0245929621,-0.278882205,-0.155727208,0.188158214,0.191512629,0.0225671554,-0.00128465772,-0.201920683,-0.170300409,0.00975440443,-0.0236175466,0.2,0.211066833,-0.105776441,-0.0811454415,0.0150526571,0.0153210104,0.0225671554,0.201920683,0.00975440443,0.2,0.105776441,0.0150526571,0.00128465772,-0.170300409,-0.0236175466,-0.211066833,-0.0153210104,0.0811454415
100,10818049,0.28548643,-0.0165445432,-0.00460220734,0.0676367059,0.120804191,-0.29432708,-0.280974746,0.0266288482,-0.278383195,-0.152043059,0.185869664,0.193756014,0.0228389144,-0.00132356346,-0.202070993,-0.169563482,0.00966433525,-0.0235461664,0.2,0.211982982,-0.105676639,-0.0804086119,0.0148695731,0.0155004811,0.0228389144,0.202070993,0.00966433525,0.2,0.105676639,0.0148695731,0.00132356346,-0.169563482,-0.0235461664,-0.211982982,-0.0155004811,0.0804086119
101,10846219,0.290099293,-0.0176369138,-0.00479823304,0.0687849671,0.119835526,-0.293114454,-0.281101853,0.0288509578,-0.27720055,-0.148603216,0.185694814,0.196303785,0.0232079434,-0.0014109531,-0.202159205,-0.169046765,0.00958684206,-0.0234491563,0.2,0.212982931,-0.10544011,-0.0797206432,0.0148555851,0.0157043028,0.0232079434,0.202159205,0.00958684206,0.2,0.10544011,0.0148555851,0.0014109531,-0.169046765,-0.0234491563,-0.212982931,-0.0157043028,0.0797206432
102,10856597,0.294912666,-0.0189135335,-0.00375732151,0.0691268742,0.119322121,-0.290635496,-0.28089568,0.0302940961,-0.275773525,-0.146153465,0.187475353,0.198296458,0.0235930133,-0.00151308268,-0.201690795,-0.168892907,0.00954576969,-0.0232508397,0.2,0.213632343,-0.105154705,-0.079230693,0.0149980283,0.0158637166,0.0235930133,0.201690795,0.00954576969,0.2,0.105154705,0.0149980283,0.00151308268,-0.168892907,-0.0232508397,-0.213632343,-0.0158637166,0.079230693
103,10877406,0.299852043,-0.0200580321,-0.00272156997,0.0693633854,0.118832834,-0.287798464,-0.280366361,0.0319374129,-0.273054004,-0.143725544,0.190420464,0.199769363,0.0239881635,-0.00160464257,-0.201224706,-0.168786477,0.00950662673,-0.0230238771,0.2,0.214371836,-0.104610801,-0.0787451088,0.0152336371,0.015981549,0.0239881635,0.201224706,0.00950662673,0.2,0.104610801,0.0152336371,0.00160464257,-0.168786477,-0.0230238771,-0.214371836,-0.015981549,0.0787451088
104,10898469,0.304909855,-0.0210625138,-0.00266103679,0.0699848458,0.117515177,-0.285694808,-0.279920459,0.0339733474,-0.269352466,-0.141378492,0.193982363,0.201083943,0.0243927884,-0.00168500111,-0.201197467,-0.168506819,0.00940121412,-0.0228555846,0.2,0.215288006,-0.103870493,-0.0782756984,0.015518589,0.0160867155,0.0243927884,0.201197467,0.00940121412,0.2,0.103870493,0.015518589,0.00168500111,-0.168506819,-0.0228555846,-0.215288006,-0.0160867155,0.0782756984
105,10920866,0.309825778,-0.0217477847,-0.00296142581,0.0707401186,0.1152796,-0.284412891,-0.279819846,0.0358965173,-0.265798867,-0.139606982,0.198618501,0.202499077,0.0247860622,-0.00173982278,-0.201332642,-0.168166947,0.009222368,-0.0227530313,0.2,0.216153433,-0.103159773,-0.0779213965,0.0158894801,0.0161999261,0.0247860622,0.201332642,0.009222368,0.2,0.103159773,0.0158894801,0.00173982278,-0.168166947,-0.0227530313,-0.216153433,-0.0161999261,0.0779213965
106,10936399,0.315251678,-0.0221065097,-0.00361917377,0.0715013593,0.112428106,-0.284286946,-0.279379606,0.0384796634,-0.261091679,-0.137074172,0.203483865,0.203632832,0.0252201343,-0.00176852077,-0.201628628,-0.167824388,0.00899424851,-0.0227429557,0.2,0.217315849,-0.102218336,-0.0774148345,0.0162787092,0.0162906265,0.0252201343,0.201628628,0.00899424851,0.2,0.102218336,0.0162787092,0.00176852077,-0.167824388,-0.0227429557,-0.217315849,-0.0162906265,0.0774148345
107,10957074,0.320955038,-0.0223894678,-0.0037307553,0.0717411116,0.109688774,-0.284239262,-0.27989006,0.0401234478,-0.258221895,-0.135228917,0.207854539,0.204072624,0.025676403,-0.00179115742,-0.20167884,-0.1677165,0.0087751019,-0.022739141,0.2,0.218055551,-0.101644379,-0.0770457834,0.0166283631,0.01632581,0.025676403,0.20167884,0.0087751019,0.2,0.101644379,0.0166283631,0.00179115742,-0.1677165,-0.022739141,-0.218055551,-0.01632581,0.0770457834
108,10977032,0.326764345,-0.0227295123,-0.00373372715,0.0720823258,0.107376225,-0.284042418,-0.280514121,0.0415855683,-0.256287962,-0.133651301,0.211729586,0.203892142,0.0261411476,-0.00181836098,-0.201680177,-0.167562953,0.00859009802,-0.0227233934,0.2,0.218713506,-0.101257592,-0.0767302603,0.0169383669,0.0163113713,0.0261411476,0.201680177,0.00859009802,0.2,0.101257592,0.0169383669,0.00181836098,-0.167562953,-0.0227233934,-0.218713506,-0.0163113713,0.0767302603
109,10998119,0.33164373,-0.0229691938,-0.00405255891,0.0721699297,0.105821125,-0.283925533,-0.281662643,0.0420635976,-0.256186903,-0.133342534,0.215059564,0.203394517,0.0265314984,-0.0018375355,-0.201823652,-0.167523532,0.00846569002,-0.0227140427,0.2,0.218928619,-0.101237381,-0.0766685069,0.0172047651,0.0162715614,0.0265314984,0.201823652,0.00846569002,0.2,0.101237381,0.0172047651,0.0018375355,-0.167523532,-0.0227140427,-0.218928619,-0.0162715614,0.0766685069
110,11016744,0.335040569,-0.0232289396,-0.00516904704,0.0724382177,0.104914851,-0.284429908,-0.282778025,0.041908361,-0.257416368,-0.134362042,0.218159333,0.203107521,0.0268032455,-0.00185831517,-0.202326071,-0.167402802,0.00839318812,-0.0227543926,0.2,0.218858762,-0.101483274,-0.0768724084,0.0174527466,0.0162486017,0.0268032455,0.202326071,0.00839318812,0.2,0.101483274,0.0174527466,0.00185831517,-0.167402802,-0.0227543926,-0.218858762,-0.0162486017,0.0768724084
111,11037689,0.336630344,-0.0232902691,-0.0062727076,0.0723442882,0.104761295,-0.285423934,-0.28339088,0.0415450297,-0.258613855,-0.135792077,0.220594212,0.202706218,0.0269304276,-0.00186322153,-0.202822718,-0.16744507,0.0083809036,-0.0228339148,0.2,0.218695263,-0.101722771,-0.0771584153,0.017647537,0.0162164974,0.0269304276,0.202822718,0.0083809036,0.2,0.101722771,0.017647537,0.00186322153,-0.16744507,-0.0228339148,-0.218695263,-0.0162164974,0.0771584153
112,11056046,0.336048067,-0.0231883228,-0.00725873886,0.0720769316,0.10536503,-0.286868781,-0.284332275,0.0401122198,-0.261209756,-0.138232142,0.221459404,0.20229432,0.0268838453,-0.00185506582,-0.203266432,-0.167565381,0.00842920244,-0.0229495025,0.2,0.218050499,-0.102241951,-0.0776464283,0.0177167523,0.0161835456,0.0268838453,0.203266432,0.00842920244,0.2,0.102241951,0.0177167523,0.00185506582,-0.167565381,-0.0229495025,-0.218050499,-0.0161835456,0.0776464283
113,11081500,0.332876384,-0.0230288152,-0.00775594404,0.0714914501,0.106965967,-0.288329899,-0.284900695,0.0378533751,-0.264726341,-0.141669348,0.220948771,0.201695129,0.0266301107,-0.00184230521,-0.203490175,-0.167828847,0.00855727732,-0.0230663919,0.2,0.217034019,-0.102945268,-0.0783338696,0.0176759017,0.0161356103,0.0266301107,0.203490175,0.00855727732,0.2,0.102945268,0.0176759017,0.00184230521,-0.167828847,-0.0230663919,-0.217034019,-0.0161356103,0.0783338696
114,11096295,0.327691227,-0.022718396,-0.00729267998,0.070387423,0.108981758,-0.2892389,-0.284408659,0.0353156812,-0.267571032,-0.145171478,0.219487682,0.200537518,0.0262152982,-0.00181747168,-0.203281706,-0.16832566,0.00871854067,-0.023139112,0.2,0.215892057,-0.103514206,-0.0790342957,0.0175590146,0.0160430014,0.0262152982,0.203281706,0.00871854067,0.2,0.103514206,0.0175590146,0.00181747168,-0.16832566,-0.023139112,-0.215892057,-0.0160430014,0.0790342957
115,11118163,0.32153669,-0.0221321266,-0.00703001535,0.0693325549,0.110878453,-0.290164649,-0.283544153,0.0329698995,-0.26938194,-0.148248658,0.217277989,0.199131399,0.0257229352,-0.00177057013,-0.203163507,-0.16880035,0.00887027621,-0.023213172,0.2,0.214836455,-0.103876388,-0.0796497315,0.0173822391,0.015930512,0.0257229352,0.203163507,0.00887027621,0.2,0.103876388,0.0173822391,0.00177057013,-0.16880035,-0.023213172,-0.214836455,-0.015930512,0.0796497315
116,11136808,0.315416217,-0.0213063229,-0.00685424777,0.0683799461,0.112251632,-0.291279137,-0.282582939,0.0312441085,-0.270403206,-0.150295421,0.214367956,0.197712719,0.0252332973,-0.00170450583,-0.203084411,-0.169229024,0.00898013055,-0.023302331,0.2,0.214059849,-0.104080641,-0.0800590843,0.0171494365,0.0158170176,0.0252332973,0.203084411,0.00898013055,0.2,0.104080641,0.0171494365,0.00170450583,-0.169229024,-0.023302331,-0.214059849,-0.0158170176,0.0800590843
117,11157316,0.309866399,-0.0205312613,-0.00628146296,0.0674271509,0.113361269,-0.292038858,-0.281705111,0.0298173018,-0.27100718,-0.151593223,0.211172253,0.196453407,0.0247893119,-0.00164250091,-0.202826658,-0.169657782,0.00906890154,-0.0233631086,0.2,0.213417786,-0.104201436,-0.0803186446,0.0168937802,0.0157162726,0.0247893119,0.202826658,0.00906890154,0.2,0.104201436,0.0168937802,0.00164250091,-0.169657782,-0.0233631086,-0.213417786,-0.0157162726,0.0803186446
118,11177883,0.305469006,-0.0197708495,-0.00552149629,0.0667259768,0.114189893,-0.292364329,-0.280955642,0.0289830733,-0.271144539,-0.15191485,0.207887501,0.195314527,0.0244375205,-0.00158166796,-0.202484673,-0.16997331,0.00913519144,-0.0233891463,0.2,0.213042383,-0.104228908,-0.08038297,0.016631,0.0156251621,0.0244375205,0.202484673,0.00913519144,0.2,0.104228908,0.016631,0.00158166796,-0.16997331,-0.0233891463,-0.213042383,-0.0156251621,0.08038297
119,11196358,0.301681519,-0.0192130953,-0.00518798549,0.0662767589,0.115187258,-0.292611331,-0.281187773,0.0276811644,-0.272878796,-0.152903855,0.204702407,0.194763169,0.0241345215,-0.00153704762,-0.202334593,-0.170175458,0.0092149806,-0.0234089065,0.2,0.212456524,-0.104575759,-0.080580771,0.0163761926,0.0155810535,0.0241345215,0.202334593,0.0092149806,0.2,0.104575759,0.0163761926,0.00153704762,-0.170175458,-0.0234089065,-0.212456524,-0.0155810535,0.080580771
120,11223408,0.29815653,-0.0189625639,-0.00492698327,0.0661515146,0.116351478,-0.292629451,-0.280919224,0.0266005434,-0.274590671,-0.153945059,0.202072307,0.194719911,0.0238525224,-0.00151700512,-0.202217142,-0.170231818,0.00930811822,-0.023410356,0.2,0.211970245,-0.104918134,-0.0807890117,0.0161657846,0.0155775928,0.0238525224,0.202217142,0.00930811822,0.2,0.104918134,0.0161657846,0.00151700512,-0.170231818,-0.023410356,-0.211970245,-0.0155775928,0.0807890117
121,11235548,0.295574337,-0.0189124439,-0.00434105331,0.0662624389,0.117203966,-0.292162538,-0.279974759,0.026573658,-0.274655223,-0.153749526,0.19999823,0.19476597,0.023645947,-0.00151299551,-0.201953474,-0.170181902,0.00937631726,-0.023373003,0.2,0.211958146,-0.104931045,-0.0807499051,0.0159998584,0.0155812776,0.023645947,0.201953474,0.00937631726,0.2,0.104931045,0.0159998584,0.00151299551,-0.170181902,-0.023373003,-0.211958146,-0.0155812776,0.0807499051
122,11255681,0.294679344,-0.0188608225,-0.00411147811,0.0666846186,0.117146157,-0.291621804,-0.279008865,0.0275990795,-0.272980988,-0.15241164,0.19893828,0.195309475,0.0235743475,-0.0015088658,-0.201850165,-0.169991922,0.00937169254,-0.0233297443,0.2,0.212419586,-0.104596198,-0.0804823279,0.0159150624,0.015624758,0.0235743475,0.201850165,0.00937169254,0.2,0.104596198,0.0159150624,0.0015088658,-0.169991922,-0.0233297443,-0.212419586,-0.015624758,0.0804823279
123,11278181,0.295516789,-0.0188477673,-0.00395081658,0.0671090782,0.116218477,-0.291051298,-0.278520137,0.0289949793,-0.27068153,-0.150499716,0.1987371,0.196198866,0.0236413431,-0.00150782138,-0.201777867,-0.169800915,0.0092974782,-0.0232841039,0.2,0.213047741,-0.104136306,-0.0800999433,0.015898968,0.0156959093,0.0236413431,0.201777867,0.0092974782,0.2,0.104136306,0.015898968,0.00150782138,-0.169800915,-0.0232841039,-0.213047741,-0.0156959093,0.0800999433
124,11297334,0.297873229,-0.0191266499,-0.00370008149,0.0676952004,0.11493995,-0.2903409,-0.278506994,0.0305368062,-0.268646151,-0.14822796,0.198901877,0.197067425,0.0238298583,-0.001530132,-0.201665037,-0.16953716,0.00919519603,-0.023227272,0.2,0.213741563,-0.10372923,-0.079645592,0.0159121501,0.015765394,0.0238298583,0.201665037,0.00919519603,0.2,0.10372923,0.0159121501,0.001530132,-0.16953716,-0.023227272,-0.213741563,-0.015765394,0.079645592
125,11321147,0.3011446,-0.0196061805,-0.00338011212,0.0681293756,0.113871515,-0.289392769,-0.278937727,0.0316898637,-0.267532825,-0.146248892,0.199497566,0.197827458,0.024091568,-0.00156849444,-0.20152105,-0.169341781,0.00910972118,-0.0231514215,0.2,0.214260439,-0.103506565,-0.0792497784,0.0159598053,0.0158261967,0.024091568,0.20152105,0.00910972118,0.2,0.103506565,0.0159598053,0.00156849444,-0.169341781,-0.0231514215,-0.214260439,-0.0158261967,0.0792497784
126,11337652,0.305038601,-0.0201248489,-0.0031627696,0.0686553195,0.112996392,-0.288278073,-0.279136807,0.0330647305,-0.266144812,-0.144309297,0.20101583,0.198428422,0.0244030881,-0.00160998791,-0.201423246,-0.169105106,0.00903971136,-0.0230622458,0.2,0.214879129,-0.103228962,-0.0788618594,0.0160812664,0.0158742738,0.0244030881,0.201423246,0.00903971136,0.2,0.103228962,0.0160812664,0.00160998791,-0.169105106,-0.0230622458,-0.214879129,-0.0158742738,0.0788618594
127,11357511,0.309148014,-0.0206053052,-0.00304893428,0.0691152066,0.11220549,-0.287125647,-0.279758781,0.0343983769,-0.265206397,-0.142722934,0.20283553,0.198886096,0.0247318411,-0.00164842442,-0.20137202,-0.168898157,0.00897643924,-0.0229700518,0.2,0.21547927,-0.103041279,-0.0785445869,0.0162268424,0.0159108877,0.0247318411,0.20137202,0.00897643924,0.2,0.103041279,0.0162268424,0.00164842442,-0.168898157,-0.0229700518,-0.21547927,-0.0159108877,0.0785445869
128,11376681,0.313608468,-0.020973878,-0.00354287238,0.0699658245,0.111243822,-0.286417037,-0.279991239,0.0363840051,-0.263261974,-0.140812531,0.20551078,0.199530706,0.0250886774,-0.00167791024,-0.201594293,-0.168515379,0.00889950573,-0.022913363,0.2,0.216372802,-0.102652395,-0.0781625062,0.0164408624,0.0159624565,0.0250886774,0.201594293,0.00889950573,0.2,0.102652395,0.0164408624,0.00167791024,-0.168515379,-0.022913363,-0.216372802,-0.0159624565,0.0781625062
129,11397746,0.317586869,-0.0213183314,-0.00415001577,0.070555605,0.110114492,-0.28605774,-0.28053394,0.0376162864,-0.26189059,-0.139668092,0.208336815,0.20032689,0.0254069495,-0.00170546651,-0.201867507,-0.168249978,0.0088091594,-0.0228846192,0.2,0.216927329,-0.102378118,-0.0779336184,0.0166669452,0.0160261512,0.0254069495,0.201867507,0.0088091594,0.2,0.102378118,0.0166669452,0.00170546651,-0.168249978,-0.0228846192,-0.216927329,-0.0160261512,0.0779336184
130,11417776,0.320654064,-0.0216077007,-0.00482342439,0.0711929351,0.109202169,-0.286352515,-0.281019002,0.0383085161,-0.261281729,-0.139180437,0.210660979,0.201160401,0.0256523252,-0.00172861606,-0.202170541,-0.167963179,0.00873617351,-0.0229082012,0.2,0.217238832,-0.102256346,-0.0778360873,0.0168528783,0.0160928321,0.0256523252,0.202170541,0.00873617351,0.2,0.102256346,0.0168528783,0.00172861606,-0.167963179,-0.0229082012,-0.217238832,-0.0160928321,0.0778360873
131,11435834,0.322732836,-0.021909887,-0.00501979236,0.0713265538,0.108923703,-0.286598712,-0.282100827,0.0380425714,-0.262458086,-0.139593795,0.211701468,0.201419637,0.0258186269,-0.00175279096,-0.202258907,-0.167903051,0.00871389627,-0.022927897,0.2,0.217119157,-0.102491617,-0.077918759,0.0169361174,0.0161135709,0.0258186269,0.202258907,0.00871389627,0.2,0.102491617,0.0169361174,0.00175279096,-0.167903051,-0.022927897,-0.217119157,-0.0161135709,0.077918759
132,11459970,0.32365796,-0.0220909156,-0.00537949475,0.0713828653,0.109275073,-0.287358671,-0.282707661,0.0378500298,-0.263727903,-0.140277863,0.212251559,0.201424554,0.0258926368,-0.00176727325,-0.202420773,-0.167877711,0.00874200583,-0.0229886937,0.2,0.217032513,-0.102745581,-0.0780555725,0.0169801247,0.0161139643,0.0258926368,0.202420773,0.00874200583,0.2,0.102745581,0.0169801247,0.00176727325,-0.167877711,-0.0229886937,-0.217032513,-0.0161139643,0.0780555725
133,11476157,0.323489994,-0.0220834874,-0.00583180413,0.0713994503,0.109643571,-0.288260788,-0.282308072,0.0377474092,-0.263795346,-0.141132683,0.213332444,0.201481,0.0258791995,-0.00176667899,-0.202624312,-0.167870247,0.00877148569,-0.023060863,0.2,0.216986334,-0.102759069,-0.0782265365,0.0170665956,0.01611848,0.0258791995,0.202624312,0.00877148569,0.2,0.102759069,0.0170665956,0.00176667899,-0.167870247,-0.023060863,-0.216986334,-0.01611848,0.0782265365
134,11501791,0.322088867,-0.0218194705,-0.00617705937,0.0708495378,0.11024718,-0.28954491,-0.282565832,0.0368410833,-0.264927268,-0.142855808,0.213601425,0.201620564,0.0257671094,-0.00174555764,-0.202779677,-0.168117708,0.00881977439,-0.0231635928,0.2,0.216578487,-0.102985454,-0.0785711616,0.017088114,0.0161296451,0.0257671094,0.202779677,0.00881977439,0.2,0.102985454,0.017088114,0.00174555764,-0.168117708,-0.0231635928,-0.216578487,-0.0161296451,0.0785711616
135,11529118,0.32003212,-0.0214303415,-0.00612524292,0.0702272281,0.11130812,-0.290725738,-0.282762319,0.0356775001,-0.266315162,-0.144396946,0.212827027,0.201194197,0.0256025696,-0.00171442732,-0.202756359,-0.168397747,0.00890464962,-0.023258059,0.2,0.216054875,-0.103263032,-0.0788793892,0.0170261621,0.0160955358,0.0256025696,0.202756359,0.00890464962,0.2,0.103263032,0.0170261621,0.00171442732,-0.168397747,-0.023258059,-0.216054875,-0.0160955358,0.0788793892
136,11536860,0.316839397,-0.0210762937,-0.00624279678,0.0698257461,0.112531923,-0.291845202,-0.282946616,0.0339798965,-0.26831919,-0.146419778,0.211427212,0.200802624,0.0253471518,-0.00168610349,-0.202809259,-0.168578414,0.00900255382,-0.0233476162,0.2,0.215290953,-0.103663838,-0.0792839557,0.0169141769,0.0160642099,0.0253471518,0.202809259,0.00900255382,0.2,0.103663838,0.0169141769,0.00168610349,-0.168578414,-0.0233476162,-0.215290953,-0.0160642099,0.0792839557
137,11555687,0.312934577,-0.0206045751,-0.00586881069,0.0691287145,0.113929451,-0.292875648,-0.282657057,0.0326242074,-0.26994431,-0.148140147,0.209353462,0.200088099,0.0250347662,-0.001648366,-0.202640965,-0.168892078,0.00911435604,-0.0234300518,0.2,0.214680893,-0.103988862,-0.0796280295,0.0167482769,0.0160070479,0.0250347662,0.202640965,0.00911435604,0.2,0.103988862,0.0167482769,0.001648366,-0.168892078,-0.0234300518,-0.214680893,-0.0160070479,0.0796280295
138,11581200,0.309226274,-0.0199461319,-0.005651413,0.0686069876,0.115171902,-0.293535054,-0.281947732,0.0314923748,-0.270657808,-0.149414465,0.207780838,0.199509278,0.024738102,-0.00159569055,-0.202543136,-0.169126856,0.00921375215,-0.0234828043,0.2,0.214171569,-0.104131562,-0.079882893,0.016622467,0.0159607422,0.024738102,0.202543136,0.00921375215,0.2,0.104131562,0.016622467,0.00159569055,-0.169126856,-0.0234828043,-0.214171569,-0.0159607422,0.079882893
139,11600579,0.305552334,-0.0194814671,-0.00512514543,0.0680155233,0.116069019,-0.29376924,-0.281392008,0.0303227454,-0.271375388,-0.150670052,0.205937713,0.199057937,0.0244441867,-0.00155851737,-0.202306315,-0.169393015,0.00928552151,-0.0235015392,0.2,0.213645235,-0.104275078,-0.0801340103,0.0164750171,0.0159246349,0.0244441867,0.202306315,0.00928552151,0.2,0.104275078,0.0164750171,0.00155851737,-0.169393015,-0.0235015392,-0.213645235,-0.0159246349,0.0801340103
140,11615210,0.301488012,-0.0193238631,-0.00555857643,0.067865476,0.116616435,-0.294341773,-0.280848652,0.0286858529,-0.272841036,-0.15243569,0.203793272,0.199093983,0.024119041,-0.00154590905,-0.202501359,-0.169460536,0.00932931483,-0.0235473418,0.2,0.212908634,-0.104568207,-0.080487138,0.0163034618,0.0159275186,0.024119041,0.202501359,0.00932931483,0.2,0.104568207,0.0163034618,0.00154590905,-0.169460536,-0.0235473418,-0.212908634,-0.0159275186,0.080487138
141,11637121,0.297639519,-0.0192564204,-0.00489286939,0.0671941042,0.117237613,-0.294456691,-0.279794306,0.0274761282,-0.273451537,-0.153650999,0.201806143,0.198966339,0.0238111615,-0.00154051363,-0.202201791,-0.169762653,0.00937900901,-0.0235565352,0.2,0.212364258,-0.104690307,-0.0807301998,0.0161444914,0.0159173071,0.0238111615,0.202201791,0.00937900901,0.2,0.104690307,0.0161444914,0.00154051363,-0.169762653,-0.0235565352,-0.212364258,-0.0159173071,0.0807301998
142,11660660,0.293986827,-0.0192485806,-0.00437687803,0.0665914491,0.117645301,-0.294611275,-0.2783508,0.026729323,-0.272950381,-0.154274523,0.200240746,0.198976368,0.0235189462,-0.00153988644,-0.201969595,-0.170033848,0.00941162407,-0.023568902,0.2,0.212028195,-0.104590076,-0.0808549047,0.0160192597,0.0159181094,0.0235189462,0.201969595,0.00941162407,0.2,0.104590076,0.0160192597,0.00153988644,-0.170033848,-0.023568902,-0.212028195,-0.0159181094,0.0808549047
143,11675725,0.291853398,-0.0191076864,-0.00347881904,0.0658728704,0.117610216,-0.294437736,-0.277180761,0.0268599335,-0.271362424,-0.153808773,0.198870152,0.198741406,0.0233482718,-0.00152861491,-0.201565469,-0.170357208,0.00940881729,-0.0235550189,0.2,0.21208697,-0.104272485,-0.0807617545,0.0159096122,0.0158993125,0.0233482718,0.201565469,0.00940881729,0.2,0.104272485,0.0159096122,0.00152861491,-0.170357208,-0.0235550189,-0.21208697,-0.0158993125,0.0807617545
144,11697093,0.291269511,-0.018970497,-0.00259363651,0.065564923,0.11716833,-0.293800503,-0.276636392,0.0274568759,-0.269641012,-0.152640045,0.197991222,0.198620796,0.0233015609,-0.00151763976,-0.201167136,-0.170495785,0.00937346637,-0.0235040402,0.2,0.212355594,-0.103928202,-0.0805280089,0.0158392978,0.0158896637,0.0233015609,0.201167136,0.00937346637,0.2,0.103928202,0.0158392978,0.00151763976,-0.170495785,-0.0235040402,-0.212355594,-0.0158896637,0.0805280089
145,11716559,0.292378724,-0.0188607853,-0.00247526239,0.0660186633,0.116186306,-0.2933155,-0.276843607,0.0284459554,-0.268284857,-0.151150852,0.197586656,0.198733374,0.0233902979,-0.00150886282,-0.201113868,-0.170291601,0.00929490447,-0.02346524,0.2,0.21280068,-0.103656971,-0.0802301705,0.0158069324,0.01589867,0.0233902979,0.201113868,0.00929490447,0.2,0.103656971,0.0158069324,0.00150886282,-0.170291601,-0.02346524,-0.21280068,-0.01589867,0.0802301705
146,11736527,0.294715792,-0.0189709365,-0.00265230821,0.0666788965,0.115081437,-0.29263708,-0.277444333,0.0295628663,-0.267861813,-0.149752215,0.197652385,0.199094474,0.0235772634,-0.00151767492,-0.201193539,-0.169994497,0.00920651495,-0.0234109664,0.2,0.21330329,-0.103572363,-0.0799504429,0.0158121908,0.0159275579,0.0235772634,0.201193539,0.00920651495,0.2,0.103572363,0.0158121908,0.00151767492,-0.169994497,-0.0234109664,-0.21330329,-0.0159275579,0.0799504429
147,11760622,0.297719449,-0.0192985907,-0.00304782437,0.0675096586,0.114134409,-0.292001665,-0.277921349,0.0307803471,-0.267559946,-0.148283571,0.198404267,0.199704573,0.0238175559,-0.00154388726,-0.201371521,-0.169620654,0.00913075268,-0.0233601332,0.2,0.213851156,-0.103511989,-0.0796567142,0.0158723414,0.0159763658,0.0238175559,0.201371521,0.00913075268,0.2,0.103511989,0.0158723414,0.00154388726,-0.169620654,-0.0233601332,-0.213851156,-0.0159763658,0.0796567142
148,11775955,0.301154047,-0.0197422281,-0.00301155588,0.0679400712,0.113579474,-0.291041493,-0.278540432,0.0320225209,-0.267273396,-0.146772087,0.199474737,0.200118065,0.0240923238,-0.00157937825,-0.2013552,-0.169426968,0.00908635795,-0.0232833195,0.2,0.214410134,-0.103454679,-0.0793544173,0.015957979,0.0160094452,0.0240923238,0.2013552,0.00908635795,0.2,0.103454679,0.015957979,0.00157937825,-0.169426968,-0.0232833195,-0.214410134,-0.0160094452,0.0793544173
149,11803949,0.304796189,-0.0202139225,-0.00339283003,0.0686648861,0.113131769,-0.290295541,-0.27926141,0.0332858898,-0.266850889,-0.145367429,0.200964212,0.200516745,0.0243836951,-0.0016171138,-0.201526774,-0.169100801,0.00905054152,-0.0232236433,0.2,0.21497865,-0.103370178,-0.0790734857,0.016077137,0.0160413396,0.0243836951,0.201526774,0.00905054152,0.2,0.103370178,0.016077137,0.0016171138,-0.169100801,-0.0232236433,-0.21497865,-0.0160413396,0.0790734857
150,11818032,0.307774127,-0.0207045525,-0.00369219761,0.0691577792,0.112769388,-0.289538771,-0.279502541,0.0341482051,-0.266326398,-0.144624934,0.203111902,0.201149523,0.0246219301,-0.0016563642,-0.201661489,-0.168878999,0.00902155101,-0.0231631017,0.2,0.215366692,-0.10326528,-0.0789249867,0.0162489522,0.0160919619,0.0246219301,0.201661489,0.00902155101,0.2,0.10326528,0.0162489522,0.0016563642,-0.168878999,-0.0231631017,-0.215366692,-0.0160919619,0.0789249867
151,11846006,0.309856594,-0.0209738184,-0.00395956496,0.0693638325,0.112591013,-0.289375484,-0.28022635,0.0343916528,-0.266606212,-0.144636557,0.204569161,0.201605663,0.0247885275,-0.00167790547,-0.201781804,-0.168786275,0.00900728106,-0.0231500387,0.2,0.215476244,-0.103321242,-0.0789273113,0.0163655329,0.016128453,0.0247885275,0.201781804,0.00900728106,0.2,0.103321242,0.0163655329,0.00167790547,-0.168786275,-0.0231500387,-0.215476244,-0.016128453,0.0789273113
152,11858903,0.311051339,-0.0211647246,-0.00466081919,0.0698316917,0.112406373,-0.289827526,-0.280121744,0.0346936658,-0.266170144,-0.144711778,0.206152394,0.202127889,0.0248841071,-0.00169317797,-0.202097369,-0.168575739,0.00899250984,-0.023186202,0.2,0.21561215,-0.103234029,-0.0789423555,0.0164921916,0.0161702311,0.0248841071,0.202097369,0.00899250984,0.2,0.103234029,0.0164921916,0.00169317797,-0.168575739,-0.023186202,-0.21561215,-0.0161702311,0.0789423555
153,11875789,0.311897308,-0.0211584773,-0.00452644657,0.0696736127,0.112271398,-0.290318817,-0.280382961,0.0350286067,-0.265809596,-0.144584984,0.206966683,0.202168971,0.0249517846,-0.00169267818,-0.202036901,-0.168646874,0.00898171186,-0.0232255054,0.2,0.215762873,-0.103161919,-0.0789169967,0.0165573347,0.0161735177,0.0249517846,0.202036901,0.00898171186,0.2,0.103161919,0.0165573347,0.00169267818,-0.168646874,-0.0232255054,-0.215762873,-0.0161735177,0.0789169967
154,11895489,0.312166005,-0.0210735034,-0.0046449448,0.0697580725,0.112204038,-0.290834337,-0.280085504,0.0350281559,-0.26514712,-0.144608587,0.207988545,0.202307507,0.0249732804,-0.00168588027,-0.202090225,-0.168608867,0.00897632301,-0.023266747,0.2,0.21576267,-0.103029424,-0.0789217174,0.0166390836,0.0161846006,0.0249732804,0.202090225,0.00897632301,0.2,0.103029424,0.0166390836,0.00168588027,-0.168608867,-0.023266747,-0.21576267,-0.0161846006,0.0789217174
155,11915956,0.311659306,-0.0208440404,-0.0048210742,0.0693150982,0.112405092,-0.291609168,-0.280614048,0.0342316255,-0.26598081,-0.145814523,0.208247647,0.202315658,0.0249327445,-0.00166752324,-0.202169483,-0.168808206,0.00899240732,-0.0233287334,0.2,0.215404231,-0.103196162,-0.0791629046,0.0166598117,0.0161852527,0.0249327445,0.202169483,0.00899240732,0.2,0.103196162,0.0166598117,0.00166752324,-0.168808206,-0.0233287334,-0.215404231,-0.0161852527,0.0791629046
156,11941239,0.31002453,-0.0206019208,-0.00492746849,0.0690525621,0.113154978,-0.292502284,-0.280852914,0.0330786407,-0.267634958,-0.147338644,0.207739025,0.202144369,0.0248019624,-0.00164815366,-0.202217361,-0.168926347,0.0090523982,-0.0234001827,0.2,0.214885388,-0.103526992,-0.0794677287,0.016619122,0.0161715496,0.0248019624,0.202217361,0.0090523982,0.2,0.103526992,0.016619122,0.00164815366,-0.168926347,-0.0234001827,-0.214885388,-0.0161715496,0.0794677287
157,11954513,0.308129817,-0.0203172434,-0.00478196098,0.0687917173,0.113942467,-0.293160468,-0.280278116,0.0325804725,-0.267878354,-0.148168102,0.207196116,0.201857761,0.0246503854,-0.00162537947,-0.202151882,-0.169043727,0.00911539733,-0.0234528375,0.2,0.214661213,-0.103575671,-0.0796336204,0.0165756893,0.0161486208,0.0246503854,0.202151882,0.00911539733,0.2,0.103575671,0.0165756893,0.00162537947,-0.169043727,-0.0234528375,-0.214661213,-0.0161486208,0.0796336204
158,11978747,0.305876583,-0.0199800227,-0.00479560951,0.0683430731,0.114718884,-0.293996781,-0.280581892,0.0317133665,-0.26915741,-0.149306491,0.205788359,0.201503232,0.0244701266,-0.00159840181,-0.202158024,-0.169245617,0.00917751074,-0.0235197425,0.2,0.214271015,-0.103831482,-0.0798612982,0.0164630687,0.0161202586,0.0244701266,0.202158024,0.00917751074,0.2,0.103831482,0.0164630687,0.00159840181,-0.169245617,-0.0235197425,-0.214271015,-0.0161202586,0.0798612982
159,12000745,0.303874552,-0.0196566824,-0.00483526103,0.0680458322,0.115538061,-0.29459089,-0.280539542,0.0309530366,-0.270125359,-0.150242612,0.20461911,0.201069251,0.0243099642,-0.00157253459,-0.202175867,-0.169379376,0.00924304485,-0.0235672712,0.2,0.213928866,-0.104025072,-0.0800485224,0.0163695288,0.0160855401,0.0243099642,0.202175867,0.00924304485,0.2,0.104025072,0.0163695288,0.00157253459,-0.169379376,-0.0235672712,-0.213928866,-0.0160855401,0.0800485224
160,12020540,0.301913738,-0.019445166,-0.00494894153,0.0679365695,0.11605908,-0.295122862,-0.280451655,0.0303694997,-0.270961821,-0.150887057,0.203223661,0.200681746,0.0241530991,-0.00155561328,-0.202227024,-0.169428544,0.00928472638,-0.0236098289,0.2,0.213666275,-0.104192364,-0.0801774114,0.0162578928,0.0160545397,0.0241530991,0.202227024,0.00928472638,0.2,0.104192364,0.0162578928,0.00155561328,-0.169428544,-0.0236098289,-0.213666275,-0.0160545397,0.0801774114
161,12040611,0.299728811,-0.0192233976,-0.00486143352,0.0676949173,0.116550043,-0.29549104,-0.279900104,0.0297161061,-0.271642506,-0.151610106,0.202113152,0.200594917,0.0239783049,-0.00153787181,-0.202187645,-0.169537287,0.00932400346,-0.0236392832,0.2,0.213372248,-0.104328501,-0.0803220212,0.0161690521,0.0160475934,0.0239783049,0.202187645,0.00932400346,0.2,0.104328501,0.0161690521,0.00153787181,-0.169537287,-0.0236392832,-0.213372248,-0.0160475934,0.0803220212
162,12056195,0.297690332,-0.0190484691,-0.0042926278,0.0672826469,0.116994403,-0.295315117,-0.279407769,0.0289556291,-0.271888793,-0.15217106,0.201096594,0.200448915,0.0238152266,-0.00152387753,-0.201931683,-0.169722809,0.00935955226,-0.0236252093,0.2,0.213030033,-0.104377759,-0.0804342121,0.0160877275,0.0160359132,0.0238152266,0.201931683,0.00935955226,0.2,0.104377759,0.0160877275,0.00152387753,-0.169722809,-0.0236252093,-0.213030033,-0.0160359132,0.0804342121
163,12076675,0.29617992,-0.0190276951,-0.00343152112,0.0668766797,0.117458977,-0.294620454,-0.278969288,0.0286271572,-0.271804035,-0.152092203,0.199848413,0.199965298,0.0236943936,-0.0015222156,-0.201544185,-0.169905494,0.00939671814,-0.0235696363,0.2,0.212882221,-0.104360807,-0.0804184407,0.0159878731,0.0159972239,0.0236943936,0.201544185,0.00939671814,0.2,0.104360807,0.0159878731,0.0015222156,-0.169905494,-0.0235696363,-0.212882221,-0.0159972239,0.0804184407
164,12098247,0.295115918,-0.0190337058,-0.00397835718,0.0669746622,0.117400184,-0.294606954,-0.278859645,0.0283046793,-0.27192378,-0.152362287,0.199074119,0.200015381,0.0236092734,-0.00152269647,-0.201790261,-0.169861402,0.00939201474,-0.0235685563,0.2,0.212737106,-0.104384756,-0.0804724574,0.0159259295,0.0160012305,0.0236092734,0.201790261,0.00939201474,0.2,0.104384756,0.0159259295,0.00152269647,-0.169861402,-0.0235685563,-0.212737106,-0.0160012305,0.0804724574
165,12115698,0.294620752,-0.0190687161,-0.00355018512,0.0669632182,0.117125101,-0.294416994,-0.278655022,0.0286868829,-0.271666467,-0.151804298,0.198012248,0.199839905,0.0235696602,-0.00152549729,-0.201597583,-0.169866552,0.00937000811,-0.0235533595,0.2,0.212909097,-0.104333293,-0.0803608596,0.0158409798,0.0159871924,0.0235696602,0.201597583,0.00937000811,0.2,0.104333293,0.0158409798,0.00152549729,-0.169866552,-0.0235533595,-0.212909097,-0.0159871924,0.0803608596
166,12138415,0.295154065,-0.0191317983,-0.00347896456,0.0671749711,0.116784409,-0.294059813,-0.278274387,0.0293567814,-0.270672172,-0.150671795,0.197792202,0.199958444,0.0236123252,-0.00153054386,-0.201565534,-0.169771263,0.0093427527,-0.023524785,0.2,0.213210552,-0.104134434,-0.080134359,0.0158233762,0.0159966755,0.0236123252,0.201565534,0.0093427527,0.2,0.104134434,0.0158233762,0.00153054386,-0.169771263,-0.023524785,-0.213210552,-0.0159966755,0.080134359
167,12160509,0.29683277,-0.0191683602,-0.00307923183,0.0672725737,0.116257273,-0.293443352,-0.278672218,0.0302912202,-0.26999259,-0.149286717,0.197585478,0.200004324,0.0237466216,-0.00153346881,-0.201385654,-0.169727342,0.00930058181,-0.0234754682,0.2,0.213631049,-0.103998518,-0.0798573434,0.0158068383,0.0160003459,0.0237466216,0.201385654,0.00930058181,0.2,0.103998518,0.0158068383,0.00153346881,-0.169727342,-0.0234754682,-0.213631049,-0.0160003459,0.0798573434
168,12180214,0.298783392,-0.0193805471,-0.0033317192,0.0676929429,0.115717947,-0.292748213,-0.279099941,0.0309239738,-0.26975137,-0.148412809,0.198264658,0.200280637,0.0239026713,-0.00155044377,-0.201499274,-0.169538176,0.0092574358,-0.023419857,0.2,0.213915788,-0.103950274,-0.0796825618,0.0158611727,0.0160224509,0.0239026713,0.201499274,0.0092574358,0.2,0.103950274,0.0158611727,0.00155044377,-0.169538176,-0.023419857,-0.213915788,-0.0160224509,0.0796825618
169,12194330,0.3008928,-0.0196566861,-0.00349920965,0.0680306181,0.115233406,-0.29224813,-0.279390633,0.0316137634,-0.26953873,-0.147725031,0.199142024,0.200561896,0.024071424,-0.00157253489,-0.201574644,-0.169386222,0.00921867251,-0.0233798504,0.2,0.214226194,-0.103907746,-0.0795450062,0.0159313619,0.0160449517,0.024071424,0.201574644,0.00921867251,0.2,0.103907746,0.0159313619,0.00157253489,-0.169386222,-0.0233798504,-0.214226194,-0.0160449517,0.0795450062
170,12217506,0.302425772,-0.020023793,-0.00381205534,0.0684773326,0.114772439,-0.291843563,-0.279041618,0.0321354307,-0.268851161,-0.147304758,0.200759768,0.201306239,0.0241940618,-0.00160190344,-0.201715425,-0.1691852,0.00918179512,-0.0233474851,0.2,0.214460944,-0.103770232,-0.0794609517,0.0160607815,0.0161044991,0.0241940618,0.201715425,0.00918179512,0.2,0.103770232,0.0160607815,0.00160190344,-0.1691852,-0.0233474851,-0.214460944,-0.0161044991,0.0794609517
171,12240232,0.30387494,-0.0202472527,-0.00373993278,0.0685863569,0.114230074,-0.291534156,-0.278899193,0.0326988325,-0.267732918,-0.146810666,0.202165276,0.201872557,0.0243099952,-0.00161978021,-0.20168297,-0.169136139,0.00913840592,-0.0233227324,0.2,0.214714475,-0.103546584,-0.0793621331,0.0161732221,0.0161498046,0.0243099952,0.20168297,0.00913840592,0.2,0.103546584,0.0161732221,0.00161978021,-0.169136139,-0.0233227324,-0.214714475,-0.0161498046,0.0793621331
172,12265357,0.305101186,-0.0204231888,-0.00387405325,0.0687483102,0.113731034,-0.291482806,-0.279001445,0.0330459811,-0.267046452,-0.146492004,0.203206822,0.202230603,0.0244080949,-0.0016338551,-0.201743324,-0.16906326,0.00909848273,-0.0233186245,0.2,0.214870691,-0.10340929,-0.0792984009,0.0162565458,0.0161784482,0.0244080949,0.201743324,0.00909848273,0.2,0.10340929,0.0162565458,0.0016338551,-0.16906326,-0.0233186245,-0.214870691,-0.0161784482,0.0792984009
173,12281433,0.306270182,-0.0205519181,-0.00373009429,0.0687384233,0.113400996,-0.291422486,-0.279125631,0.0333731957,-0.266591281,-0.146137074,0.203847215,0.202357084,0.0245016146,-0.00164415345,-0.201678542,-0.16906771,0.00907207966,-0.0233137989,0.2,0.215017938,-0.103318256,-0.0792274147,0.0163077772,0.0161885667,0.0245016146,0.201678542,0.00907207966,0.2,0.103318256,0.0163077772,0.00164415345,-0.16906771,-0.0233137989,-0.215017938,-0.0161885667,0.0792274147
174,12297731,0.306549996,-0.0206866879,-0.00415820908,0.068697989,0.113284066,-0.291887492,-0.279436618,0.0330595076,-0.267021596,-0.146718904,0.204377711,0.202694029,0.0245239997,-0.00165493503,-0.201871194,-0.169085905,0.00906272531,-0.0233509994,0.2,0.214876778,-0.103404319,-0.0793437809,0.0163502169,0.0162155223,0.0245239997,0.201871194,0.00906272531,0.2,0.103404319,0.0163502169,0.00165493503,-0.169085905,-0.0233509994,-0.214876778,-0.0162155223,0.0793437809
175,12317567,0.306295276,-0.0207256693,-0.00441836612,0.0686326399,0.113332339,-0.29256016,-0.279151678,0.0329164676,-0.26709637,-0.147418201,0.204937503,0.202910826,0.0245036221,-0.00165805355,-0.201988265,-0.169115312,0.00906658709,-0.0234048128,0.2,0.21481241,-0.103419274,-0.0794836402,0.0163950002,0.016232866,0.0245036221,0.201988265,0.00906658709,0.2,0.103419274,0.0163950002,0.00165805355,-0.169115312,-0.0234048128,-0.21481241,-0.016232866,0.0794836402
176,12336010,0.305302083,-0.0206614621,-0.00445928657,0.0683077574,0.11366953,-0.293168366,-0.279179841,0.0321734846,-0.267840087,-0.148419708,0.204926997,0.203009069,0.0244241667,-0.00165291697,-0.202006679,-0.169261509,0.00909356236,-0.0234534693,0.2,0.214478068,-0.103568017,-0.0796839416,0.0163941598,0.0162407255,0.0244241667,0.202006679,0.00909356236,0.2,0.103568017,0.0163941598,0.00165291697,-0.169261509,-0.0234534693,-0.214478068,-0.0162407255,0.0796839416
177,12358327,0.303905487,-0.0206253026,-0.00412334083,0.0678902864,0.114260629,-0.293641001,-0.278729469,0.0316561498,-0.267932683,-0.149162501,0.204724059,0.20292677,0.024312439,-0.00165002421,-0.201855503,-0.169449371,0.00914085031,-0.0234912801,0.2,0.214245267,-0.103586537,-0.0798325002,0.0163779247,0.0162341416,0.024312439,0.201855503,0.00914085031,0.2,0.103586537,0.0163779247,0.00165002421,-0.169449371,-0.0234912801,-0.214245267,-0.0162341416,0.0798325002
178,12382228,0.302600235,-0.0204209592,-0.0039905943,0.0677074194,0.114533745,-0.294007421,-0.278545618,0.0313465744,-0.267850608,-0.149556905,0.204153016,0.202624276,0.0242080188,-0.00163367674,-0.201795767,-0.169531661,0.00916269958,-0.0235205936,0.2,0.214105958,-0.103570122,-0.079911381,0.0163322413,0.0162099421,0.0242080188,0.201795767,0.00916269958,0.2,0.103570122,0.0163322413,0.00163367674,-0.169531661,-0.0235205936,-0.214105958,-0.0162099421,0.079911381
179,12396684,0.301704347,-0.0200768542,-0.00365967094,0.0674488619,0.114867561,-0.29430601,-0.278869331,0.031133214,-0.268296808,-0.149614245,0.20295012,0.202127367,0.0241363478,-0.00160614833,-0.201646852,-0.169648012,0.00918940485,-0.0235444808,0.2,0.214009946,-0.103659362,-0.0799228489,0.0162360096,0.0161701894,0.0241363478,0.201646852,0.00918940485,0.2,0.103659362,0.0162360096,0.00160614833,-0.169648012,-0.0235444808,-0.214009946,-0.0161701894,0.0799228489
180,12423644,0.300914973,-0.01979395,-0.00411128486,0.0675324574,0.115193605,-0.294745326,-0.279218137,0.030695904,-0.269170523,-0.150102511,0.202229962,0.202048838,0.0240731978,-0.001583516,-0.201850078,-0.169610394,0.00921548843,-0.0235796261,0.2,0.213813157,-0.103834105,-0.0800205022,0.0161783969,0.0161639071,0.0240731978,0.201850078,0.00921548843,0.2,0.103834105,0.0161783969,0.001583516,-0.169610394,-0.0235796261,-0.213813157,-0.0161639071,0.0800205022
181,12434363,0.299937338,-0.01965818,-0.00425430713,0.0674989074,0.115478918,-0.295161933,-0.27919054,0.0303947125,-0.269939035,-0.150655746,0.201562464,0.201986834,0.023994987,-0.0015726544,-0.201914438,-0.169625492,0.00923831344,-0.0236129546,0.2,0.213677621,-0.103987807,-0.0801311493,0.0161249971,0.0161589468,0.023994987,0.201914438,0.00923831344,0.2,0.103987807,0.0161249971,0.0015726544,-0.169625492,-0.0236129546,-0.213677621,-0.0161589468,0.0801311493
182,12462748,0.298958033,-0.0195523296,-0.00425520632,0.0673629865,0.115918905,-0.295389622,-0.279170036,0.0300211329,-0.270747155,-0.15097174,0.20074366,0.20182766,0.0239166427,-0.00156418636,-0.201914843,-0.169686656,0.00927351236,-0.0236311698,0.2,0.21350951,-0.104149431,-0.0801943481,0.0160594928,0.0161462128,0.0239166427,0.201914843,0.00927351236,0.2,0.104149431,0.0160594928,0.00156418636,-0.169686656,-0.0236311698,-0.21350951,-0.0161462128,0.0801943481
183,12476043,0.298022687,-0.0194748342,-0.00430453289,0.0672146454,0.116399661,-0.295591801,-0.279178083,0.0295843743,-0.271357864,-0.151284724,0.199969172,0.201647639,0.023841815,-0.00155798674,-0.20193704,-0.16975341,0.00931197286,-0.0236473441,0.2,0.213312968,-0.104271573,-0.0802569449,0.0159975338,0.0161318111,0.023841815,0.20193704,0.00931197286,0.2,0.104271573,0.0159975338,0.00155798674,-0.16975341,-0.0236473441,-0.213312968,-0.0161318111,0.0802569449
184,12495549,0.297203004,-0.0194140319,-0.00419768412,0.067300193,0.116552122,-0.295651436,-0.278751791,0.0295931362,-0.271145761,-0.151241764,0.199465975,0.201501608,0.0237762403,-0.00155312255,-0.201888958,-0.169714913,0.00932416975,-0.0236521149,0.2,0.213316911,-0.104229152,-0.0802483529,0.015957278,0.0161201286,0.0237762403,0.201888958,0.00932416975,0.2,0.104229152,0.015957278,0.00155312255,-0.169714913,-0.0236521149,-0.213316911,-0.0161201286,0.0802483529
185,12529535,0.296678185,-0.0192400832,-0.00370277534,0.0671532527,0.116634876,-0.295428962,-0.278605074,0.0296465904,-0.270898998,-0.150927216,0.198919117,0.201352239,0.0237342548,-0.00153920665,-0.201666249,-0.169781036,0.00933079004,-0.0236343169,0.2,0.213340966,-0.1041798,-0.0801854432,0.0159135294,0.0161081791,0.0237342548,0.201666249,0.00933079004,0.2,0.1041798,0.0159135294,0.00153920665,-0.169781036,-0.0236343169,-0.213340966,-0.0161081791,0.0801854432
186,12542874,0.296551168,-0.019025553,-0.00358565664,0.0671680495,0.116564929,-0.295200586,-0.278308749,0.0297819152,-0.270143837,-0.15060468,0.199091941,0.20152162,0.0237240934,-0.00152204424,-0.201613545,-0.169774378,0.00932519436,-0.0236160469,0.2,0.213401862,-0.104028767,-0.080120936,0.0159273553,0.0161217296,0.0237240934,0.201613545,0.00932519436,0.2,0.104028767,0.0159273553,0.00152204424,-0.169774378,-0.0236160469,-0.213401862,-0.0161217296,0.080120936
187,12555640,0.296597272,-0.0190114845,-0.00347362459,0.0671360716,0.116328694,-0.294904262,-0.278219223,0.0298228972,-0.269591093,-0.150534242,0.199362904,0.201731399,0.0237277818,-0.00152091876,-0.201563131,-0.169788768,0.00930629551,-0.0235923409,0.2,0.213420304,-0.103918219,-0.0801068485,0.0159490323,0.0161385119,0.0237277818,0.201563131,0.00930629551,0.2,0.103918219,0.0159490323,0.00152091876,-0.169788768,-0.0235923409,-0.213420304,-0.0161385119,0.0801068485
188,12580373,0.296969622,-0.0190797206,-0.00327850459,0.0671923235,0.116060063,-0.294536829,-0.277925611,0.0301396586,-0.268888593,-0.150124103,0.199650064,0.20189333,0.0237575698,-0.00152637765,-0.201475327,-0.169763454,0.00928480506,-0.0235629463,0.2,0.213562846,-0.103777719,-0.0800248206,0.0159720051,0.0161514664,0.0237575698,0.201475327,0.00928480506,0.2,0.103777719,0.0159720051,0.00152637765,-0.169763454,-0.0235629463,-0.213562846,-0.0161514664,0.0800248206
189,12595745,0.297241539,-0.0192023329,-0.00334870326,0.0671444759,0.115741298,-0.29429999,-0.277755082,0.0301380921,-0.268399745,-0.150148287,0.200258061,0.202300742,0.0237793231,-0.00153618664,-0.201506916,-0.169784986,0.00925930381,-0.0235439992,0.2,0.213562141,-0.103679949,-0.0800296575,0.0160206449,0.0161840594,0.0237793231,0.201506916,0.00925930381,0.2,0.103679949,0.0160206449,0.00153618664,-0.169784986,-0.0235439992,-0.213562141,-0.0161840594,0.0800296575
190,12619728,0.297370702,-0.0194077753,-0.00283883163,0.0669353604,0.115591958,-0.293951809,-0.277447611,0.03029304,-0.267808646,-0.150006577,0.200680897,0.202420816,0.0237896562,-0.00155262202,-0.201277474,-0.169879088,0.00924735665,-0.0235161448,0.2,0.213631868,-0.103561729,-0.0800013155,0.0160544717,0.0161936653,0.0237896562,0.201277474,0.00924735665,0.2,0.103561729,0.0160544717,0.00155262202,-0.169879088,-0.0235161448,-0.213631868,-0.0161936653,0.0800013155
191,12634908,0.298398167,-0.0195212252,-0.00273927976,0.0671679601,0.115186036,-0.293599725,-0.277337402,0.0310133174,-0.266628087,-0.14906624,0.201003477,0.202312097,0.0238718534,-0.00156169802,-0.201232676,-0.169774418,0.00921488285,-0.023487978,0.2,0.213955993,-0.103325617,-0.0798132479,0.0160802782,0.0161849678,0.0238718534,0.201232676,0.00921488285,0.2,0.103325617,0.0160802782,0.00156169802,-0.169774418,-0.023487978,-0.213955993,-0.0161849678,0.0798132479
192,12658540,0.300184637,-0.019517133,-0.00279848627,0.0674826503,0.114541754,-0.293325394,-0.277824581,0.0319141559,-0.265888959,-0.148015991,0.201416925,0.202351838,0.024014771,-0.00156137064,-0.201259319,-0.169632807,0.00916334033,-0.0234660316,0.2,0.21436137,-0.103177792,-0.0796031982,0.016113354,0.0161881471,0.024014771,0.201259319,0.00916334033,0.2,0.103177792,0.016113354,0.00156137064,-0.169632807,-0.0234660316,-0.21436137,-0.0161881471,0.0796031982
193,12675004,0.301994115,-0.0195061509,-0.0029015101,0.0677669644,0.11415007,-0.293012857,-0.278494328,0.0324613117,-0.266057193,-0.147448421,0.202100962,0.202564195,0.0241595292,-0.00156049207,-0.20130568,-0.169504866,0.00913200557,-0.0234410286,0.2,0.21460759,-0.103211439,-0.0794896841,0.016168077,0.0162051356,0.0241595292,0.20130568,0.00913200557,0.2,0.103211439,0.016168077,0.00156049207,-0.169504866,-0.0234410286,-0.21460759,-0.0162051356,0.0794896841
194,12704995,0.303185284,-0.0196873453,-0.0037423952,0.0680990368,0.114039056,-0.293324798,-0.279137462,0.0324678235,-0.266899854,-0.147681296,0.202722594,0.202937871,0.0242548227,-0.00157498762,-0.201684078,-0.169355433,0.00912312448,-0.0234659839,0.2,0.214610521,-0.103379971,-0.0795362592,0.0162178075,0.0162350297,0.0242548227,0.201684078,0.00912312448,0.2,0.103379971,0.0162178075,0.00157498762,-0.169355433,-0.0234659839,-0.214610521,-0.0162350297,0.0795362592
195,12719372,0.304477274,-0.0198349617,-0.00346978917,0.068180643,0.114184096,-0.293156654,-0.279095858,0.0330932811,-0.266735405,-0.147052586,0.203354865,0.202832505,0.024358182,-0.00158679694,-0.201561405,-0.169318711,0.00913472772,-0.0234525323,0.2,0.214891976,-0.103347081,-0.0794105172,0.0162683892,0.0162266004,0.024358182,0.201561405,0.00913472772,0.2,0.103347081,0.0162683892,0.00158679694,-0.169318711,-0.0234525323,-0.214891976,-0.0162266004,0.0794105172
196,12743722,0.305091172,-0.0199314356,-0.00405066274,0.0683890879,0.114195645,-0.293379158,-0.27913183,0.033046104,-0.266703039,-0.1472404,0.204455391,0.203322828,0.0244072938,-0.00159451485,-0.201822798,-0.16922491,0.00913565159,-0.0234703326,0.2,0.214870747,-0.103340608,-0.0794480801,0.0163564312,0.0162658262,0.0244072938,0.201822798,0.00913565159,0.2,0.103340608,0.0163564312,0.00159451485,-0.16922491,-0.0234703326,-0.214870747,-0.0162658262,0.0794480801
197,12755355,0.305073887,-0.0198942628,-0.00427733129,0.0683769137,0.1141745,-0.293948233,-0.279325277,0.0328687131,-0.26699999,-0.147785813,0.204818621,0.203547835,0.024405911,-0.00159154102,-0.201924799,-0.169230389,0.00913396001,-0.0235158587,0.2,0.214790921,-0.103399998,-0.0795571625,0.0163854897,0.0162838268,0.024405911,0.201924799,0.00913396001,0.2,0.103399998,0.0163854897,0.00159154102,-0.169230389,-0.0235158587,-0.214790921,-0.0162838268,0.0795571625
198,12777673,0.304568857,-0.0197651628,-0.00435307436,0.0683446899,0.114312813,-0.294338167,-0.279302299,0.0324676782,-0.267389625,-0.148307025,0.204943717,0.203564033,0.0243655086,-0.00158121303,-0.201958883,-0.16924489,0.00914502501,-0.0235470533,0.2,0.214610455,-0.103477925,-0.0796614051,0.0163954973,0.0162851226,0.0243655086,0.201958883,0.00914502501,0.2,0.103477925,0.0163954973,0.00158121303,-0.16924489,-0.0235470533,-0.214610455,-0.0162851226,0.0796614051
199,12795232,0.303270429,-0.0197108239,-0.00412501348,0.0677834153,0.11477989,-0.294816345,-0.279200822,0.0316383801,-0.268134534,-0.149338067,0.204688445,0.203524709,0.0242616343,-0.00157686591,-0.201856256,-0.169497463,0.00918239117,-0.0235853076,0.2,0.214237271,-0.103626907,-0.0798676133,0.0163750756,0.0162819767,0.0242616343,0.201856256,0.00918239117,0.2,0.103626907,0.0163750756,0.00157686591,-0.169497463,-0.0235853076,-0.214237271,-0.0162819767,0.0798676133
200,12826153,0.301460445,-0.0196477063,-0.00441677682,0.0675621629,0.115189537,-0.295576185,-0.278763652,0.0308833253,-0.26858601,-0.150446668,0.204345986,0.203416258,0.0241168356,-0.0015718165,-0.20198755,-0.169597027,0.00921516299,-0.0236460948,0.2,0.213897496,-0.103717202,-0.0800893337,0.0163476789,0.0162733006,0.0241168356,0.20198755,0.00921516299,0.2,0.103717202,0.0163476789,0.0015718165,-0.169597027,-0.0236460948,-0.213897496,-0.0162733006,0.0800893337
201,12834426,0.299931765,-0.0194175914,-0.003766343,0.0669988245,0.115599826,-0.295820475,-0.278399944,0.0305702724,-0.268699616,-0.150882706,0.20359759,0.202946082,0.0239945412,-0.00155340731,-0.201694854,-0.169850529,0.00924798608,-0.023665638,0.2,0.213756623,-0.103739923,-0.0801765412,0.0162878072,0.0162356865,0.0239945412,0.201694854,0.00924798608,0.2,0.103739923,0.0162878072,0.00155340731,-0.169850529,-0.023665638,-0.213756623,-0.0162356865,0.0801765412
202,12854426,0.298536539,-0.0192187373,-0.00368036656,0.0668437034,0.115815625,-0.296092242,-0.278131545,0.030179143,-0.26876086,-0.151208207,0.202894285,0.202687085,0.0238829231,-0.00153749898,-0.201656165,-0.169920333,0.00926524997,-0.0236873794,0.2,0.213580614,-0.103752172,-0.0802416414,0.0162315428,0.0162149668,0.0238829231,0.201656165,0.00926524997,0.2,0.103752172,0.0162315428,0.00153749898,-0.169920333,-0.0236873794,-0.213580614,-0.0162149668,0.0802416414
203,12877235,0.297170788,-0.0190859772,-0.00387942302,0.0666997209,0.115812413,-0.29647404,-0.277826786,0.0297913421,-0.268871754,-0.151906699,0.202563778,0.202718571,0.023773663,-0.00152687818,-0.20174574,-0.169985126,0.00926499307,-0.0237179232,0.2,0.213406104,-0.103774351,-0.0803813398,0.0162051022,0.0162174857,0.023773663,0.20174574,0.00926499307,0.2,0.103774351,0.0162051022,0.00152687818,-0.169985126,-0.0237179232,-0.213406104,-0.0162174857,0.0803813398
204,12898890,0.296284974,-0.0188893937,-0.00344974874,0.0664268211,0.115746155,-0.296602368,-0.277303576,0.0299200248,-0.268252224,-0.151725799,0.202186301,0.202525288,0.0237027979,-0.00151115149,-0.201552387,-0.170107931,0.00925969243,-0.0237281895,0.2,0.213464011,-0.103650445,-0.0803451598,0.0161749041,0.016202023,0.0237027979,0.201552387,0.00925969243,0.2,0.103650445,0.0161749041,0.00151115149,-0.170107931,-0.0237281895,-0.213464011,-0.016202023,0.0803451598
205,12916965,0.29633677,-0.0186688993,-0.00302762352,0.0662453547,0.115731701,-0.296477318,-0.277546763,0.0300318897,-0.268021077,-0.151133746,0.201486155,0.202170372,0.0237069416,-0.00149351195,-0.201362431,-0.17018959,0.0092585361,-0.0237181854,0.2,0.21351435,-0.103604215,-0.0802267492,0.0161188924,0.0161736298,0.0237069416,0.201362431,0.0092585361,0.2,0.103604215,0.0161188924,0.00149351195,-0.17018959,-0.0237181854,-0.21351435,-0.0161736298,0.0802267492
206,12941745,0.297039092,-0.0186003204,-0.00307987351,0.0664885566,0.115694396,-0.296274155,-0.278100878,0.0303553119,-0.268234223,-0.15050815,0.200891897,0.201958463,0.0237631273,-0.00148802564,-0.201385943,-0.17008015,0.0092555517,-0.0237019324,0.2,0.21365989,-0.103646845,-0.0801016301,0.0160713518,0.016156677,0.0237631273,0.201385943,0.0092555517,0.2,0.103646845,0.0160713518,0.00148802564,-0.17008015,-0.0237019324,-0.21365989,-0.016156677,0.0801016301
207,12954712,0.297475368,-0.0187254567,-0.00325524923,0.0668369383,0.115748078,-0.29588306,-0.27868256,0.0301686805,-0.269364983,-0.150629491,0.200572938,0.20199199,0.0237980294,-0.00149803653,-0.201464862,-0.169923378,0.00925984621,-0.0236706448,0.2,0.213575906,-0.103872997,-0.0801258981,0.016045835,0.0161593592,0.0237980294,0.201464862,0.00925984621,0.2,0.103872997,0.016045835,0.00149803653,-0.169923378,-0.0236706448,-0.213575906,-0.0161593592,0.0801258981
208,12978531,0.297712922,-0.0188761782,-0.00358721847,0.0671967566,0.115932271,-0.295632064,-0.278937697,0.0300285127,-0.27041173,-0.150902927,0.200380504,0.202151388,0.0238170338,-0.00151009426,-0.201614248,-0.16976146,0.00927458167,-0.0236505651,0.2,0.213512831,-0.104082346,-0.0801805854,0.0160304403,0.016172111,0.0238170338,0.201614248,0.00927458167,0.2,0.104082346,0.0160304403,0.00151009426,-0.16976146,-0.0236505651,-0.213512831,-0.016172111,0.0801805854
209,12995707,0.297821075,-0.0190975685,-0.00375551498,0.0673661381,0.11604885,-0.295272112,-0.278430998,0.0302276388,-0.270229936,-0.150884926,0.200760454,0.20239462,0.023825686,-0.00152780548,-0.201689982,-0.169685238,0.00928390801,-0.023621769,0.2,0.213602437,-0.104045987,-0.0801769853,0.0160608363,0.0161915696,0.023825686,0.201689982,0.00928390801,0.2,0.104045987,0.0160608363,0.00152780548,-0.169685238,-0.023621769,-0.213602437,-0.0161915696,0.0801769853
210,13022827,0.29771781,-0.0193236172,-0.00381058501,0.0673395768,0.115863457,-0.295115769,-0.277793139,0.0304559879,-0.269274592,-0.150661305,0.201216877,0.202747896,0.0238174248,-0.00154588938,-0.201714763,-0.16969719,0.00926907659,-0.0236092615,0.2,0.213705195,-0.103854918,-0.0801322609,0.0160973501,0.0162198317,0.0238174248,0.201714763,0.00926907659,0.2,0.103854918,0.0160973501,0.00154588938,-0.16969719,-0.0236092615,-0.213705195,-0.0162198317,0.0801322609
211,13037505,0.297789484,-0.0194645468,-0.00352612557,0.0671201125,0.115451261,-0.294946462,-0.277222306,0.0307318177,-0.268019021,-0.150249556,0.201611429,0.202975988,0.0238231587,-0.00155716375,-0.201586757,-0.169795949,0.00923610091,-0.023595717,0.2,0.213829318,-0.103603804,-0.0800499111,0.0161289144,0.0162380791,0.0238231587,0.201586757,0.00923610091,0.2,0.103603804,0.0161289144,0.00155716375,-0.169795949,-0.023595717,-0.213829318,-0.0162380791,0.0800499111
212,13057365,0.298598081,-0.0194587633,-0.00313097006,0.0670321286,0.114817642,-0.294795722,-0.277043492,0.0313783027,-0.266549796,-0.149287432,0.201869458,0.202860758,0.0238878465,-0.00155670106,-0.201408937,-0.169835542,0.00918541133,-0.0235836577,0.2,0.214120236,-0.103309959,-0.0798574865,0.0161495566,0.0162288606,0.0238878465,0.201408937,0.00918541133,0.2,0.103309959,0.0161495566,0.00155670106,-0.169835542,-0.0235836577,-0.214120236,-0.0162288606,0.0798574865
213,13077348,0.299462557,-0.0194784403,-0.00308080576,0.0670050681,0.11424119,-0.294778079,-0.277214319,0.0315876678,-0.266010642,-0.148804322,0.202123046,0.202940464,0.0239570045,-0.00155827522,-0.201386363,-0.169847719,0.00913929522,-0.0235822463,0.2,0.21421445,-0.103202128,-0.0797608644,0.0161698437,0.0162352371,0.0239570045,0.201386363,0.00913929522,0.2,0.103202128,0.0161698437,0.00155827522,-0.169847719,-0.0235822463,-0.21421445,-0.0162352371,0.0797608644
214,13094393,0.300082713,-0.0194774438,-0.00297463383,0.0669415221,0.114036731,-0.294665635,-0.27724719,0.0315620601,-0.265897632,-0.148948744,0.202953786,0.203226089,0.0240066171,-0.0015581955,-0.201338585,-0.169876315,0.00912293851,-0.0235732508,0.2,0.214202927,-0.103179526,-0.0797897488,0.0162363029,0.0162580872,0.0240066171,0.201338585,0.00912293851,0.2,0.103179526,0.0162363029,0.0015581955,-0.169876315,-0.0235732508,-0.214202927,-0.0162580872,0.0797897488
215,13116876,0.300749093,-0.0194532145,-0.00306520285,0.0670166612,0.113872573,-0.294753492,-0.277417988,0.0317807719,-0.265751779,-0.148929209,0.203429699,0.203279912,0.0240599275,-0.00155625716,-0.201379341,-0.169842502,0.00910980582,-0.0235802794,0.2,0.214301347,-0.103150356,-0.0797858417,0.0162743759,0.016262393,0.0240599275,0.201379341,0.00910980582,0.2,0.103150356,0.0162743759,0.00155625716,-0.169842502,-0.0235802794,-0.214301347,-0.016262393,0.0797858417
216,13137698,0.301652968,-0.0193621777,-0.00297862245,0.067117013,0.113941357,-0.294656426,-0.277944952,0.0320660882,-0.266018897,-0.148653001,0.203620687,0.203151003,0.0241322374,-0.00154897422,-0.20134038,-0.169797344,0.00911530852,-0.0235725141,0.2,0.21442974,-0.103203779,-0.0797306001,0.016289655,0.0162520802,0.0241322374,0.20134038,0.00911530852,0.2,0.103203779,0.016289655,0.00154897422,-0.169797344,-0.0235725141,-0.21442974,-0.0162520802,0.0797306001
217,13163098,0.301939577,-0.0195057951,-0.00363553315,0.0674311742,0.114147976,-0.294818521,-0.278516322,0.0316973291,-0.267131686,-0.14923723,0.203793108,0.203426912,0.0241551661,-0.00156046361,-0.20163599,-0.169655972,0.00913183808,-0.0235854816,0.2,0.214263798,-0.103426337,-0.0798474461,0.0163034487,0.016274153,0.0241551661,0.20163599,0.00913183808,0.2,0.103426337,0.0163034487,0.00156046361,-0.169655972,-0.0235854816,-0.214263798,-0.016274153,0.0798474461
218,13183102,0.301725775,-0.0196764525,-0.00342624285,0.0673825145,0.114635825,-0.294705421,-0.278900564,0.0314102955,-0.268451154,-0.149723664,0.203259572,0.203148261,0.024138062,-0.0015741162,-0.201541809,-0.169677868,0.00917086601,-0.0235764337,0.2,0.214134633,-0.103690231,-0.0799447328,0.0162607658,0.0162518609,0.024138062,0.201541809,0.00917086601,0.2,0.103690231,0.0162607658,0.0015741162,-0.169677868,-0.0235764337,-0.214134633,-0.0162518609,0.0799447328
219,13195283,0.301577151,-0.0197405573,-0.00378132076,0.0675733015,0.115120694,-0.294710249,-0.279033333,0.0312075,-0.269172579,-0.149839416,0.202799648,0.202892274,0.0241261721,-0.00157924458,-0.201701594,-0.169592014,0.00920965552,-0.0235768199,0.2,0.214043375,-0.103834516,-0.0799678832,0.0162239718,0.0162313819,0.0241261721,0.201701594,0.00920965552,0.2,0.103834516,0.0162239718,0.00157924458,-0.169592014,-0.0235768199,-0.214043375,-0.0162313819,0.0799678832
220,13216406,0.301509857,-0.0197562072,-0.00382987433,0.0676462874,0.115191199,-0.294688046,-0.278675705,0.0315393321,-0.268807173,-0.149605975,0.202802464,0.202792704,0.0241207886,-0.00158049658,-0.201723443,-0.169559171,0.00921529591,-0.0235750437,0.2,0.214192699,-0.103761435,-0.0799211949,0.0162241971,0.0162234163,0.0241207886,0.201723443,0.00921529591,0.2,0.103761435,0.0162241971,0.00158049658,-0.169559171,-0.0235750437,-0.214192699,-0.0162234163,0.0799211949
221,13237596,0.301119447,-0.0197835639,-0.00409160741,0.0676032975,0.115077376,-0.294777185,-0.278343469,0.0314355418,-0.268545389,-0.14974536,0.203121334,0.202967361,0.0240895557,-0.00158268511,-0.201841223,-0.169578516,0.00920619011,-0.0235821748,0.2,0.214145994,-0.103709078,-0.079949072,0.0162497067,0.0162373888,0.0240895557,0.201841223,0.00920619011,0.2,0.103709078,0.0162497067,0.00158268511,-0.169578516,-0.0235821748,-0.214145994,-0.0162373888,0.079949072
222,13258354,0.300207704,-0.0197531097,-0.00410045078,0.0671837851,0.115131184,-0.295125812,-0.278335214,0.0307107866,-0.269026726,-0.150477037,0.202928156,0.203074813,0.0240166163,-0.00158024877,-0.201845203,-0.169767297,0.00921049476,-0.023610065,0.2,0.213819854,-0.103805345,-0.0800954074,0.0162342525,0.016245985,0.0240166163,0.201845203,0.00921049476,0.2,0.103805345,0.0162342525,0.00158024877,-0.169767297,-0.023610065,-0.213819854,-0.016245985,0.0800954074
223,13276583,0.298889995,-0.0197650138,-0.00389778707,0.0669908747,0.115280695,-0.2955015,-0.277660519,0.0302996058,-0.268780947,-0.150932133,0.202752367,0.203075171,0.0239111996,-0.00158120111,-0.201754004,-0.169854106,0.00922245562,-0.02364012,0.2,0.213634823,-0.103756189,-0.0801864266,0.0162201893,0.0162460136,0.0239111996,0.201754004,0.00922245562,0.2,0.103756189,0.0162201893,0.00158120111,-0.169854106,-0.02364012,-0.213634823,-0.0162460136,0.0801864266
224,13298669,0.29744181,-0.019716166,-0.00345943193,0.0665965006,0.115343846,-0.295792699,-0.27711305,0.0299000759,-0.268414527,-0.151414931,0.202401325,0.20306392,0.0237953448,-0.00157729328,-0.201556744,-0.170031575,0.00922750771,-0.0236634159,0.2,0.213455034,-0.103682905,-0.0802829862,0.016192106,0.0162451136,0.0237953448,0.201556744,0.00922750771,0.2,0.103682905,0.016192106,0.00157729328,-0.170031575,-0.0236634159,-0.213455034,-0.0162451136,0.0802829862
225,13314856,0.296484709,-0.0194653384,-0.00296768709,0.0661246553,0.115535676,-0.295986116,-0.27728951,0.0295916926,-0.268576443,-0.151673153,0.201645568,0.202777073,0.0237187767,-0.00155722708,-0.201335459,-0.170243905,0.00924285412,-0.0236788893,0.2,0.213316262,-0.103715289,-0.0803346306,0.0161316454,0.0162221658,0.0237187767,0.201335459,0.00924285412,0.2,0.103715289,0.0161316454,0.00155722708,-0.170243905,-0.0236788893,-0.213316262,-0.0162221658,0.0803346306
226,13335613,0.296055526,-0.0192537848,-0.00318455137,0.0662534386,0.115617871,-0.296208024,-0.277438551,0.0295182467,-0.268746853,-0.151755527,0.201164857,0.202584967,0.023684442,-0.00154030278,-0.201433048,-0.170185953,0.0092494297,-0.0236966419,0.2,0.213283211,-0.103749371,-0.0803511053,0.0160931885,0.0162067974,0.023684442,0.201433048,0.0092494297,0.2,0.103749371,0.0160931885,0.00154030278,-0.170185953,-0.0236966419,-0.213283211,-0.0162067974,0.0803511053
227,13356947,0.295748532,-0.0191712864,-0.00316093629,0.0662375912,0.115709513,-0.296341777,-0.277504027,0.0296145584,-0.269034833,-0.151739389,0.20059599,0.202483431,0.0236598825,-0.00153370291,-0.201422421,-0.170193084,0.00925676107,-0.0237073421,0.2,0.213326551,-0.103806967,-0.0803478777,0.0160476792,0.0161986744,0.0236598825,0.201422421,0.00925676107,0.2,0.103806967,0.0160476792,0.00153370291,-0.170193084,-0.0237073421,-0.213326551,-0.0161986744,0.0803478777
228,13382939,0.295825034,-0.0190818999,-0.00290709315,0.0662576333,0.115905896,-0.296093613,-0.277456224,0.0298674945,-0.269115627,-0.151312038,0.200178817,0.202391788,0.0236660028,-0.00152655199,-0.201308192,-0.170184065,0.00927247167,-0.023687489,0.2,0.213440373,-0.103823125,-0.0802624077,0.0160143054,0.0161913431,0.0236660028,0.201308192,0.00927247167,0.2,0.103823125,0.0160143054,0.00152655199,-0.170184065,-0.023687489,-0.213440373,-0.0161913431,0.0802624077
229,13395494,0.29646945,-0.019053096,-0.00310552469,0.0665048286,0.115876473,-0.295847446,-0.277556509,0.0302618574,-0.268823653,-0.15081358,0.200189844,0.202479616,0.023717556,-0.00152424768,-0.201397486,-0.170072827,0.00927011788,-0.0236677957,0.2,0.213617836,-0.103764731,-0.0801627159,0.0160151875,0.0161983693,0.023717556,0.201397486,0.00927011788,0.2,0.103764731,0.0160151875,0.00152424768,-0.170072827,-0.0236677957,-0.213617836,-0.0161983693,0.0801627159
230,13422787,0.297007412,-0.0191262625,-0.00335858157,0.0666928738,0.115812004,-0.295830011,-0.278068125,0.0304010827,-0.269383132,-0.150714144,0.200020537,0.202664793,0.0237605929,-0.001530101,-0.201511362,-0.169988207,0.00926496029,-0.0236664009,0.2,0.213680487,-0.103876626,-0.0801428288,0.0160016429,0.0162131834,0.0237605929,0.201511362,0.00926496029,0.2,0.103876626,0.0160016429,0.001530101,-0.169988207,-0.0236664009,-0.213680487,-0.0162131834,0.0801428288
231,13442139,0.297573388,-0.0192849115,-0.00358397677,0.0670519248,0.115774676,-0.295759946,-0.278038114,0.0305806715,-0.269428611,-0.150490478,0.200188592,0.20286417,0.023805871,-0.00154279292,-0.20161279,-0.169826634,0.0092619741,-0.0236607957,0.2,0.213761302,-0.103885722,-0.0800980955,0.0160150874,0.0162291336,0.023805871,0.20161279,0.0092619741,0.2,0.103885722,0.0160150874,0.00154279292,-0.169826634,-0.0236607957,-0.213761302,-0.0162291336,0.0800980955
232,13455156,0.297794491,-0.0195354093,-0.0036377022,0.0672322288,0.115612157,-0.295639992,-0.277824193,0.0305622295,-0.269389182,-0.150479391,0.200364187,0.203190967,0.0238235593,-0.00156283274,-0.201636966,-0.169745497,0.00924897254,-0.0236511993,0.2,0.213753003,-0.103877836,-0.0800958782,0.016029135,0.0162552774,0.0238235593,0.201636966,0.00924897254,0.2,0.103877836,0.016029135,0.00156283274,-0.169745497,-0.0236511993,-0.213753003,-0.0162552774,0.0800958782
233,13476591,0.297707468,-0.0196139421,-0.00376353133,0.0671736076,0.115533039,-0.295836449,-0.277729988,0.0303973388,-0.269380212,-0.150701016,0.200545266,0.203490898,0.0238165975,-0.00156911537,-0.201693589,-0.169771877,0.00924264312,-0.0236669159,0.2,0.213678802,-0.103876042,-0.0801402032,0.0160436213,0.0162792718,0.0238165975,0.201693589,0.00924264312,0.2,0.103876042,0.0160436213,0.00156911537,-0.169771877,-0.0236669159,-0.213678802,-0.0162792718,0.0801402032
234,13496518,0.297726572,-0.0196002834,-0.00346107269,0.0669589192,0.115445487,-0.29581964,-0.277376622,0.0305532906,-0.268708318,-0.15050067,0.200798854,0.203486651,0.0238181257,-0.00156802267,-0.201557483,-0.169868486,0.00923563898,-0.0236655712,0.2,0.213748981,-0.103741664,-0.080100134,0.0160639083,0.0162789321,0.0238181257,0.201557483,0.00923563898,0.2,0.103741664,0.0160639083,0.00156802267,-0.169868486,-0.0236655712,-0.213748981,-0.0162789321,0.080100134
235,13518963,0.297445029,-0.0195946079,-0.00316860015,0.0666243136,0.115547381,-0.29580313,-0.27744785,0.0302558374,-0.268674076,-0.150561228,0.200701877,0.203356192,0.0237956023,-0.00156756863,-0.20142587,-0.170019059,0.00924379051,-0.0236642504,0.2,0.213615127,-0.103734815,-0.0801122457,0.0160561502,0.0162684953,0.0237956023,0.20142587,0.00924379051,0.2,0.103734815,0.0160561502,0.00156756863,-0.170019059,-0.0236642504,-0.213615127,-0.0162684953,0.0801122457
236,13535189,0.297766417,-0.0194494911,-0.00289674173,0.066671133,0.115476005,-0.295684248,-0.277202427,0.0307718758,-0.267688513,-0.149862498,0.200691313,0.203076452,0.0238213134,-0.00155595928,-0.201303534,-0.16999799,0.00923808038,-0.0236547399,0.2,0.213847344,-0.103537703,-0.0799724996,0.016055305,0.0162461162,0.0238213134,0.201303534,0.00923808038,0.2,0.103537703,0.016055305,0.00155595928,-0.16999799,-0.0236547399,-0.213847344,-0.0162461162,0.0799724996
237,13555915,0.298161626,-0.0193133485,-0.00291941757,0.0667249709,0.115340471,-0.295406103,-0.277615339,0.0306663103,-0.26782608,-0.149957463,0.20096685,0.203050911,0.0238529301,-0.00154506788,-0.201313738,-0.169973763,0.0092272377,-0.0236324883,0.2,0.21379984,-0.103565216,-0.0799914926,0.016077348,0.0162440729,0.0238529301,0.201313738,0.0092272377,0.2,0.103565216,0.016077348,0.00154506788,-0.169973763,-0.0236324883,-0.21379984,-0.0162440729,0.0799914926
238,13576928,0.298626959,-0.0192669965,-0.00303808111,0.0669361874,0.115155846,-0.295339763,-0.277667612,0.0309784804,-0.267826259,-0.149871692,0.201349765,0.203218192,0.0238901567,-0.00154135972,-0.201367136,-0.169878716,0.00921246767,-0.0236271811,0.2,0.213940316,-0.103565252,-0.0799743384,0.0161079812,0.0162574553,0.0238901567,0.201367136,0.00921246767,0.2,0.103565252,0.0161079812,0.00154135972,-0.169878716,-0.0236271811,-0.213940316,-0.0162574553,0.0799743384
239,13595680,0.299324572,-0.019330455,-0.00306385825,0.0670712665,0.115101382,-0.294997334,-0.27801016,0.0311681572,-0.268021941,-0.149585605,0.201547071,0.203144893,0.0239459658,-0.0015464364,-0.201378736,-0.16981793,0.00920811057,-0.0235997868,0.2,0.214025671,-0.103604388,-0.0799171209,0.0161237657,0.0162515914,0.0239459658,0.201378736,0.00920811057,0.2,0.103604388,0.0161237657,0.0015464364,-0.16981793,-0.0235997868,-0.214025671,-0.0162515914,0.0799171209
240,13616823,0.30003795,-0.0195497256,-0.00334968674,0.0672791824,0.11497815,-0.294833869,-0.277795136,0.0315366313,-0.267641008,-0.149322361,0.202334225,0.203429654,0.024003036,-0.00156397805,-0.201507359,-0.169724368,0.00919825196,-0.0235867095,0.2,0.214191484,-0.103528202,-0.0798644722,0.016186738,0.0162743723,0.024003036,0.201507359,0.00919825196,0.2,0.103528202,0.016186738,0.00156397805,-0.169724368,-0.0235867095,-0.214191484,-0.0162743723,0.0798644722
241,13636325,0.30017975,-0.0197308045,-0.00373793649,0.067230247,0.114718467,-0.295065075,-0.277766198,0.031413421,-0.26770404,-0.149806529,0.202947587,0.203863725,0.02401438,-0.00157846436,-0.201682071,-0.169746389,0.00917747736,-0.023605206,0.2,0.214136039,-0.103540808,-0.0799613059,0.0162358069,0.016309098,0.02401438,0.201682071,0.00917747736,0.2,0.103540808,0.0162358069,0.00157846436,-0.169746389,-0.023605206,-0.214136039,-0.016309098,0.0799613059
242,13658692,0.300008118,-0.0197613612,-0.00362899015,0.0670782402,0.114714906,-0.295305073,-0.277823746,0.0311662089,-0.26807937,-0.15010938,0.202879921,0.203886688,0.0240006495,-0.00158090889,-0.201633046,-0.169814792,0.00917719245,-0.0236244059,0.2,0.214024794,-0.103615874,-0.0800218761,0.0162303936,0.016310935,0.0240006495,0.201633046,0.00917719245,0.2,0.103615874,0.0162303936,0.00158090889,-0.169814792,-0.0236244059,-0.214024794,-0.016310935,0.0800218761
243,13679319,0.299336731,-0.0198264625,-0.00326249772,0.0665681064,0.11522188,-0.295267016,-0.277905911,0.0304948073,-0.26880461,-0.150642961,0.202535853,0.203645661,0.0239469385,-0.001586117,-0.201468124,-0.170044352,0.00921775043,-0.0236213613,0.2,0.213722663,-0.103760922,-0.0801285923,0.0162028682,0.0162916529,0.0239469385,0.201468124,0.00921775043,0.2,0.103760922,0.0162028682,0.001586117,-0.170044352,-0.0236213613,-0.213722663,-0.0162916529,0.0801285923
244,13704036,0.298829556,-0.0198061746,-0.00314685213,0.0666205361,0.11545404,-0.295430094,-0.277521402,0.0306338631,-0.268332213,-0.150502056,0.202268094,0.203289166,0.0239063644,-0.00158449396,-0.201416083,-0.170020759,0.00923632324,-0.0236344075,0.2,0.213785238,-0.103666443,-0.0801004112,0.0161814475,0.0162631333,0.0239063644,0.201416083,0.00923632324,0.2,0.103666443,0.0161814475,0.00158449396,-0.170020759,-0.0236344075,-0.213785238,-0.0162631333,0.0801004112
245,13722781,0.298664063,-0.0196229126,-0.00342715275,0.0668106303,0.115221709,-0.295659214,-0.277601391,0.0308429711,-0.26815033,-0.150427327,0.202105626,0.203272134,0.0238931251,-0.00156983301,-0.201542219,-0.169935216,0.00921773672,-0.0236527371,0.2,0.213879337,-0.103630066,-0.0800854653,0.0161684501,0.0162617707,0.0238931251,0.201542219,0.00921773672,0.2,0.103630066,0.0161684501,0.00156983301,-0.169935216,-0.0236527371,-0.213879337,-0.0162617707,0.0800854653
246,13742350,0.298283458,-0.0194401294,-0.00383721222,0.0668349043,0.115071453,-0.296157956,-0.277810186,0.0305224396,-0.268721819,-0.150918424,0.202107832,0.203562975,0.0238626766,-0.00155521035,-0.201726745,-0.169924293,0.00920571625,-0.0236926365,0.2,0.213735098,-0.103744364,-0.0801836848,0.0161686265,0.016285038,0.0238626766,0.201726745,0.00920571625,0.2,0.103744364,0.0161686265,0.00155521035,-0.169924293,-0.0236926365,-0.213735098,-0.016285038,0.0801836848
247,13757787,0.297803253,-0.0194489658,-0.0035346048,0.0666691735,0.1152853,-0.296232045,-0.277772814,0.0302209053,-0.269219726,-0.151113018,0.201652512,0.203402892,0.0238242602,-0.00155591726,-0.201590572,-0.169998872,0.00922282398,-0.0236985636,0.2,0.213599407,-0.103843945,-0.0802226037,0.016132201,0.0162722313,0.0238242602,0.201590572,0.00922282398,0.2,0.103843945,0.016132201,0.00155591726,-0.169998872,-0.0236985636,-0.213599407,-0.0162722313,0.0802226037
248,13776708,0.297673076,-0.0195371322,-0.00302742212,0.0664444938,0.115684383,-0.295794278,-0.277555972,0.0302646216,-0.269084275,-0.150738701,0.201276913,0.20306842,0.0238138461,-0.00156297058,-0.20136234,-0.170099978,0.00925475061,-0.0236635423,0.2,0.21361908,-0.103816855,-0.0801477402,0.0161021531,0.0162454736,0.0238138461,0.20136234,0.00925475061,0.2,0.103816855,0.0161021531,0.00156297058,-0.170099978,-0.0236635423,-0.21361908,-0.0162454736,0.0801477402
249,13803729,0.297426224,-0.0195377544,-0.00303978682,0.0662565455,0.115928516,-0.295606911,-0.277585357,0.0300968774,-0.269170135,-0.150917351,0.201237589,0.203016132,0.0237940979,-0.00156302035,-0.201367904,-0.170184555,0.00927428126,-0.0236485529,0.2,0.213543595,-0.103834027,-0.0801834702,0.0160990071,0.0162412906,0.0237940979,0.201367904,0.00927428126,0.2,0.103834027,0.0160990071,0.00156302035,-0.170184555,-0.0236485529,-0.213543595,-0.0162412906,0.0801834702
250,13814767,0.297025591,-0.0194835328,-0.00337653747,0.0664651021,0.115865156,-0.295744807,-0.277592689,0.0299890041,-0.26930809,-0.151238903,0.201230824,0.203082129,0.0237620473,-0.00155868262,-0.201519442,-0.170090704,0.00926921248,-0.0236595845,0.2,0.213495052,-0.103861618,-0.0802477807,0.0160984659,0.0162465703,0.0237620473,0.201519442,0.00926921248,0.2,0.103861618,0.0160984659,0.00155868262,-0.170090704,-0.0236595845,-0.213495052,-0.0162465703,0.0802477807
251,13836800,0.296505809,-0.0194786619,-0.00367655954,0.0665458292,0.115791164,-0.296129048,-0.277692437,0.0297302175,-0.269744217,-0.151635036,0.200905174,0.203194827,0.0237204647,-0.00155829296,-0.201654452,-0.170054377,0.00926329315,-0.0236903238,0.2,0.213378598,-0.103948843,-0.0803270072,0.0160724139,0.0162555861,0.0237204647,0.201654452,0.00926329315,0.2,0.103948843,0.0160724139,0.00155829296,-0.170054377,-0.0236903238,-0.213378598,-0.0162555861,0.0803270072
252,13861747,0.296114564,-0.0194729455,-0.00360120693,0.0666159689,0.115641229,-0.296413213,-0.277130365,0.0298401974,-0.269236207,-0.151487678,0.200899467,0.203344062,0.0236891651,-0.00155783564,-0.201620543,-0.170022814,0.00925129831,-0.023713057,0.2,0.213428089,-0.103847241,-0.0802975357,0.0160719573,0.016267525,0.0236891651,0.201620543,0.00925129831,0.2,0.103847241,0.0160719573,0.00155783564,-0.170022814,-0.023713057,-0.213428089,-0.016267525,0.0802975357
253,13881782,0.296314865,-0.0193969868,-0.00310880621,0.0665083826,0.115355805,-0.296248883,-0.276827306,0.030266121,-0.26822859,-0.150835752,0.200937197,0.203245461,0.0237051892,-0.00155175894,-0.201398963,-0.170071228,0.00922846437,-0.0236999106,0.2,0.213619754,-0.103645718,-0.0801671505,0.0160749757,0.0162596369,0.0237051892,0.201398963,0.00922846437,0.2,0.103645718,0.0160749757,0.00155175894,-0.170071228,-0.0236999106,-0.213619754,-0.0162596369,0.0801671505
254,13896540,0.296724111,-0.0193151869,-0.00295116473,0.0663116276,0.115134172,-0.295951515,-0.276758373,0.0304043759,-0.267698377,-0.150615156,0.201492399,0.203364044,0.0237379289,-0.00154521495,-0.201328024,-0.170159768,0.00921073377,-0.0236761212,0.2,0.213681969,-0.103539675,-0.0801230311,0.0161193919,0.0162691236,0.0237379289,0.201328024,0.00921073377,0.2,0.103539675,0.0161193919,0.00154521495,-0.170159768,-0.0236761212,-0.213681969,-0.0162691236,0.0801230311
255,13920932,0.297406048,-0.0192798935,-0.00275364635,0.0662934333,0.114926778,-0.29568699,-0.277045816,0.0305898637,-0.267432272,-0.150285989,0.201609716,0.203163713,0.0237924838,-0.00154239148,-0.201239141,-0.170167955,0.00919414222,-0.0236549592,0.2,0.213765439,-0.103486454,-0.0800571978,0.0161287773,0.0162530971,0.0237924838,0.201239141,0.00919414222,0.2,0.103486454,0.0161287773,0.00154239148,-0.170167955,-0.0236549592,-0.213765439,-0.0162530971,0.0800571978
256,13940328,0.298646003,-0.0193400979,-0.00240080641,0.066339545,0.115016505,-0.295082718,-0.277945608,0.0308577865,-0.268097132,-0.149613768,0.201010719,0.202604681,0.0238916802,-0.00154720783,-0.201080363,-0.170147205,0.00920132041,-0.0236066175,0.2,0.213886004,-0.103619426,-0.0799227536,0.0160808575,0.0162083745,0.0238916802,0.201080363,0.00920132041,0.2,0.103619426,0.0160808575,0.00154720783,-0.170147205,-0.0236066175,-0.213886004,-0.0162083745,0.0799227536
257,13958678,0.299146801,-0.0194796473,-0.00386386365,0.066589728,0.115628608,-0.29568091,-0.28033182,0.029689284,-0.272050709,-0.150950044,0.199760154,0.202391446,0.0239317441,-0.00155837178,-0.201738739,-0.170034622,0.00925028861,-0.0236544728,0.2,0.213360178,-0.104410142,-0.0801900089,0.0159808123,0.0161913157,0.0239317441,0.201738739,0.00925028861,0.2,0.104410142,0.0159808123,0.00155837178,-0.170034622,-0.0236544728,-0.213360178,-0.0161913157,0.0801900089
258,13991246,0.297504276,-0.0197903104,-0.00533016492,0.066557169,0.117375225,-0.296833366,-0.282378972,0.0274561681,-0.278232157,-0.153923765,0.197670862,0.201686546,0.0238003421,-0.00158322483,-0.202398574,-0.170049274,0.00939001799,-0.0237466693,0.2,0.212355276,-0.105646431,-0.080784753,0.015813669,0.0161349237,0.0238003421,0.202398574,0.00939001799,0.2,0.105646431,0.015813669,0.00158322483,-0.170049274,-0.0237466693,-0.212355276,-0.0161349237,0.080784753
259,14002310,0.29343605,-0.0200862698,-0.0062027364,0.066313602,0.120044239,-0.297868669,-0.28259787,0.0249359198,-0.283664018,-0.157338217,0.195767254,0.200585186,0.023474884,-0.00160690159,-0.202791231,-0.170158879,0.00960353911,-0.0238294935,0.2,0.211221164,-0.106732804,-0.0814676434,0.0156613803,0.0160468149,0.023474884,0.202791231,0.00960353911,0.2,0.106732804,0.0156613803,0.00160690159,-0.170158879,-0.0238294935,-0.211221164,-0.0160468149,0.0814676434
260,14021556,0.287306964,-0.0199615639,-0.00635457132,0.0653761476,0.123052463,-0.299294412,-0.282496005,0.0222902019,-0.288429648,-0.160929546,0.192478836,0.198930785,0.0229845572,-0.00159692511,-0.202859557,-0.170580734,0.00984419703,-0.023943553,0.2,0.210030591,-0.10768593,-0.0821859092,0.0153983068,0.0159144628,0.0229845572,0.202859557,0.00984419703,0.2,0.10768593,0.0153983068,0.00159692511,-0.170580734,-0.023943553,-0.210030591,-0.0159144628,0.0821859092
261,14035794,0.279379845,-0.0194871519,-0.00672057224,0.0643395633,0.126046225,-0.301441669,-0.282686412,0.0189160984,-0.293755054,-0.165241256,0.188267335,0.196982771,0.0223503876,-0.00155897215,-0.203024258,-0.171047197,0.010083698,-0.0241153336,0.2,0.208512244,-0.108751011,-0.0830482513,0.0150613868,0.0157586217,0.0223503876,0.203024258,0.010083698,0.2,0.108751011,0.0150613868,0.00155897215,-0.171047197,-0.0241153336,-0.208512244,-0.0157586217,0.0830482513
262,14060038,0.269939631,-0.0188339353,-0.00764177134,0.0633912906,0.129133761,-0.304987252,-0.283923537,0.0145809771,-0.301318854,-0.170306504,0.181108937,0.194181651,0.0215951705,-0.00150671482,-0.203438797,-0.171473919,0.0103307009,-0.0243989801,0.2,0.20656144,-0.110263771,-0.0840613008,0.0144887149,0.0155345321,0.0215951705,0.203438797,0.0103307009,0.2,0.110263771,0.0144887149,0.00150671482,-0.171473919,-0.0243989801,-0.20656144,-0.0155345321,0.0840613008
263,14074372,0.258076996,-0.018303683,-0.00871136412,0.0622755177,0.132810235,-0.309681624,-0.284443051,0.00942126103,-0.310416579,-0.176076889,0.17176491,0.19102104,0.0206461596,-0.00146429464,-0.203920114,-0.171976017,0.0106248188,-0.0247745299,0.2,0.204239567,-0.112083316,-0.0852153778,0.0137411928,0.0152816832,0.0206461596,0.203920114,0.0106248188,0.2,0.112083316,0.0137411928,0.00146429464,-0.171976017,-0.0247745299,-0.204239567,-0.0152816832,0.0852153778
264,14096428,0.242690995,-0.0178900454,-0.0100837089,0.0603821501,0.137181878,-0.315791786,-0.283704758,0.00281823566,-0.32076475,-0.183685884,0.161201119,0.188521817,0.0194152796,-0.00143120363,-0.204537669,-0.172828032,0.0109745502,-0.0252633429,0.2,0.201268206,-0.11415295,-0.0867371768,0.0128960896,0.0150817454,0.0194152796,0.204537669,0.0109745502,0.2,0.11415295,0.0128960896,0.00143120363,-0.172828032,-0.0252633429,-0.201268206,-0.0150817454,0.0867371768
265,14122875,0.223948449,-0.0176248085,-0.00983112399,0.0576484427,0.141833171,-0.322151303,-0.280341715,-0.00476273149,-0.330226868,-0.191670388,0.149100021,0.185330972,0.0179158759,-0.00140998468,-0.204424006,-0.174058201,0.0113466537,-0.0257721043,0.2,0.2,-0.116045374,-0.0883340776,0.0119280016,0.0148264778,0.0179158759,0.204424006,0.0113466537,0.2,0.116045374,0.0119280016,0.00140998468,-0.174058201,-0.0257721043,-0.2,-0.0148264778,0.0883340776
266,14138703,0.20552513,-0.017377926,-0.00649198657,0.0549088754,0.145433024,-0.326575071,-0.273607552,-0.00988757797,-0.333174229,-0.195452809,0.137118146,0.18267335,0.0164420104,-0.00139023408,-0.202921394,-0.175291006,0.0116346419,-0.0261260056,0.2,0.2,-0.116634846,-0.0890905619,0.0109694517,0.014613868,0.0164420104,0.202921394,0.0116346419,0.2,0.116634846,0.0109694517,0.00139023408,-0.175291006,-0.0261260056,-0.2,-0.014613868,0.0890905619
267,14155673,0.190041125,-0.0166481715,-0.00224479777,0.0523537137,0.147323444,-0.329224259,-0.267062366,-0.0129857613,-0.331747621,-0.195626855,0.125664264,0.182715848,0.01520329,-0.00133185372,-0.201010159,-0.176440829,0.0117858756,-0.0263379407,0.2,0.2,-0.116349524,-0.089125371,0.0100531411,0.0146172678,0.01520329,0.201010159,0.0117858756,0.2,0.116349524,0.0100531411,0.00133185372,-0.176440829,-0.0263379407,-0.2,-0.0146172678,0.089125371
268,14186908,0.179346651,-0.01590042,0.000647133915,0.0511057489,0.147119984,-0.331071258,-0.26265803,-0.014335461,-0.329155207,-0.194392353,0.116103083,0.185790882,0.0143477321,-0.0012720336,-0.19970879,-0.177002413,0.0117695987,-0.0264857006,0.2,0.2,-0.115831041,-0.0888784707,0.00928824663,0.0148632705,0.0143477321,0.19970879,0.0117695987,0.2,0.115831041,0.00928824663,0.0012720336,-0.177002413,-0.0264857006,-0.2,-0.0148632705,0.0888784707
269,14195913,0.171852946,-0.0162494164,0.002414766,0.0502323397,0.146371961,-0.332449466,-0.260160714,-0.0155531606,-0.328902781,-0.193541571,0.108299598,0.191074401,0.0137482357,-0.00129995331,-0.198913355,-0.177395447,0.0117097569,-0.0265959573,0.2,0.2,-0.115780556,-0.0887083143,0.00866396785,0.0152859521,0.0137482357,0.198913355,0.0117097569,0.2,0.115780556,0.00866396785,0.00129995331,-0.177395447,-0.0265959573,-0.2,-0.0152859521,0.0887083143
270,14215741,0.167528808,-0.017631093,0.00423035631,0.0493251942,0.145987824,-0.333400249,-0.258231193,-0.0162740909,-0.329687238,-0.192527726,0.10221941,0.196876436,0.0134023046,-0.00141048744,-0.19809634,-0.177803663,0.0116790259,-0.02667202,0.2,0.2,-0.115937448,-0.0885055453,0.00817755282,0.0157501149,0.0134023046,0.19809634,0.0116790259,0.2,0.115937448,0.00817755282,0.00141048744,-0.177803663,-0.02667202,-0.2,-0.0157501149,0.0885055453
271,14240096,0.167534992,-0.0192546509,0.00645334786,0.0495958067,0.145520732,-0.332795233,-0.256292045,-0.0137135657,-0.327545494,-0.189372241,0.0991809964,0.202497691,0.0134027994,-0.00154037207,-0.197095993,-0.177681887,0.0116416585,-0.0266236186,0.2,0.2,-0.115509099,-0.0878744483,0.00793447971,0.0161998153,0.0134027994,0.197095993,0.0116416585,0.2,0.115509099,0.00793447971,0.00154037207,-0.177681887,-0.0266236186,-0.2,-0.0161998153,0.0878744483
272,14262607,0.17287764,-0.0199151617,0.0088955462,0.0506583862,0.144947842,-0.32973963,-0.256464064,-0.00834241882,-0.323058039,-0.184176207,0.099901706,0.208103895,0.0138302112,-0.00159321293,-0.195997004,-0.177203726,0.0115958273,-0.0263791704,0.2,0.2,-0.114611608,-0.0868352413,0.00799213648,0.0166483116,0.0138302112,0.195997004,0.0115958273,0.2,0.114611608,0.00799213648,0.00159321293,-0.177203726,-0.0263791704,-0.2,-0.0166483116,0.0868352413
273,14275560,0.183550805,-0.0198850241,0.0100660827,0.0533308536,0.144374236,-0.325097889,-0.260199875,-0.00100068923,-0.31877622,-0.177812427,0.103331722,0.214426473,0.0146840644,-0.00159080192,-0.195470263,-0.176001116,0.0115499389,-0.0260078311,0.2,0.2,-0.113755244,-0.0855624855,0.00826653779,0.0171541178,0.0146840644,0.195470263,0.0115499389,0.2,0.113755244,0.00826653779,0.00159080192,-0.176001116,-0.0260078311,-0.2,-0.0171541178,0.0855624855
274,14298330,0.198728055,-0.0201706458,0.00915507413,0.0578889139,0.143638268,-0.319553077,-0.266797751,0.00728218304,-0.316972941,-0.171246931,0.108242311,0.220310628,0.0158982444,-0.00161365166,-0.195880217,-0.173949989,0.0114910614,-0.0255642462,0.2,0.203276982,-0.113394588,-0.0842493862,0.00865938485,0.0176248503,0.0158982444,0.195880217,0.0114910614,0.2,0.113394588,0.00865938485,0.00161365166,-0.173949989,-0.0255642462,-0.203276982,-0.0176248503,0.0842493862
275,14325675,0.216670826,-0.0213538818,0.00593032641,0.0636139512,0.142442122,-0.314378202,-0.273641855,0.0155008016,-0.317113847,-0.165183112,0.114663541,0.225797161,0.0173336661,-0.00170831054,-0.197331353,-0.171373722,0.0113953698,-0.0251502562,0.2,0.206975361,-0.113422769,-0.0830366224,0.00917308331,0.0180637729,0.0173336661,0.197331353,0.0113953698,0.2,0.113422769,0.00917308331,0.00170831054,-0.171373722,-0.0251502562,-0.206975361,-0.0180637729,0.0830366224
276,14334849,0.234063491,-0.0234299432,0.00176959194,0.0685898364,0.14092356,-0.310280144,-0.277623296,0.022425659,-0.316597134,-0.161101267,0.124391139,0.231486022,0.0187250793,-0.00187439546,-0.199203684,-0.169134574,0.0112738848,-0.0248224115,0.2,0.210091547,-0.113319427,-0.0822202533,0.00995129108,0.0185188818,0.0187250793,0.199203684,0.0112738848,0.2,0.113319427,0.00995129108,0.00187439546,-0.169134574,-0.0248224115,-0.210091547,-0.0185188818,0.0822202533
277,14357628,0.249299541,-0.0258986559,3.59197365e-05,0.07110098,0.139448255,-0.306232274,-0.278437763,0.0278728008,-0.313686848,-0.157962516,0.135571539,0.235891432,0.0199439633,-0.00207189247,-0.199983836,-0.168004559,0.0111558604,-0.0244985819,0.2,0.21254276,-0.11273737,-0.0815925032,0.0108457232,0.0188713145,0.0199439633,0.199983836,0.0111558604,0.2,0.11273737,0.0108457232,0.00207189247,-0.168004559,-0.0244985819,-0.21254276,-0.0188713145,0.0815925032
278,14377050,0.26275003,-0.0282250438,-0.0010996199,0.0723850802,0.1373301,-0.303253084,-0.278357387,0.0322276838,-0.308503777,-0.154282421,0.145144656,0.238223135,0.0210200024,-0.0022580035,-0.200494829,-0.167426714,0.010986408,-0.0242602468,0.2,0.214502458,-0.111700755,-0.0808564842,0.0116115725,0.0190578508,0.0210200024,0.200494829,0.010986408,0.2,0.111700755,0.0116115725,0.0022580035,-0.167426714,-0.0242602468,-0.214502458,-0.0190578508,0.0808564842
279,14397683,0.27287811,-0.0301469564,-0.00170208141,0.0718986467,0.135011926,-0.301782578,-0.278377056,0.033868663,-0.304483086,-0.15268372,0.153070182,0.238376006,0.0218302488,-0.00241175652,-0.200765937,-0.167645609,0.0108009541,-0.0241426063,0.2,0.215240898,-0.110896617,-0.080536744,0.0122456145,0.0190700805,0.0218302488,0.200765937,0.0108009541,0.2,0.110896617,0.0122456145,0.00241175652,-0.167645609,-0.0241426063,-0.215240898,-0.0190700805,0.080536744
280,14421176,0.279278785,-0.0314474851,-0.00152012997,0.0713004097,0.13260673,-0.301413387,-0.277668118,0.0340840556,-0.300891638,-0.152283952,0.158954814,0.236292332,0.0223423028,-0.00251579881,-0.200684058,-0.167914816,0.0106085384,-0.024113071,0.2,0.215337825,-0.110178328,-0.0804567903,0.0127163851,0.0189033866,0.0223423028,0.200684058,0.0106085384,0.2,0.110178328,0.0127163851,0.00251579881,-0.167914816,-0.024113071,-0.215337825,-0.0189033866,0.0804567903
281,14434296,0.283077329,-0.0317440778,-0.00105834997,0.0707078427,0.130497932,-0.301402539,-0.276958257,0.0338929333,-0.29737848,-0.151779473,0.16305396,0.233150229,0.0226461864,-0.00253952622,-0.200476257,-0.168181471,0.0104398346,-0.0241122031,0.2,0.21525182,-0.109475696,-0.0803558946,0.0130443168,0.0186520183,0.0226461864,0.200476257,0.0104398346,0.2,0.109475696,0.0130443168,0.00253952622,-0.168181471,-0.0241122031,-0.21525182,-0.0186520183,0.0803558946
282,14471708,0.286330074,-0.0310037397,-0.000774907123,0.0705296397,0.128687963,-0.301656097,-0.277144521,0.0342738107,-0.294187397,-0.150826499,0.16647251,0.230227306,0.0229064059,-0.00248029917,-0.200348708,-0.168261662,0.010295037,-0.0241324878,0.2,0.215423215,-0.108837479,-0.0801652998,0.0133178008,0.0184181845,0.0229064059,0.200348708,0.010295037,0.2,0.108837479,0.0133178008,0.00248029917,-0.168261662,-0.0241324878,-0.215423215,-0.0184181845,0.0801652998
283,14475575,0.287762076,-0.0301311165,-0.00250298041,0.0709435269,0.127077922,-0.302939028,-0.27813831,0.033619225,-0.293429285,-0.152040347,0.170096815,0.228632137,0.0230209661,-0.00241048932,-0.201126341,-0.168075413,0.0101662338,-0.0242351222,0.2,0.215128651,-0.108685857,-0.0804080695,0.0136077452,0.018290571,0.0230209661,0.201126341,0.0101662338,0.2,0.108685857,0.0136077452,0.00241048932,-0.168075413,-0.0242351222,-0.215128651,-0.018290571,0.0804080695
284,14495280,0.287055731,-0.0293937176,-0.0035666055,0.0702031925,0.126690283,-0.304632127,-0.279560119,0.0314026214,-0.295780659,-0.154978693,0.171785355,0.226440221,0.0229644585,-0.00235149741,-0.201604972,-0.168408563,0.0101352227,-0.0243705702,0.2,0.21413118,-0.109156132,-0.0809957385,0.0137428284,0.0181152177,0.0229644585,0.201604972,0.0101352227,0.2,0.109156132,0.0137428284,0.00235149741,-0.168408563,-0.0243705702,-0.21413118,-0.0181152177,0.0809957385
285,14530047,0.282575518,-0.0289217774,-0.00508859474,0.068996124,0.128314227,-0.307171375,-0.280786484,0.0270100906,-0.3012155,-0.160180494,0.17126745,0.223815635,0.0226060414,-0.00231374219,-0.202289868,-0.168951744,0.0102651381,-0.02457371,0.2,0.212154541,-0.1102431,-0.0820360988,0.013701396,0.0179052508,0.0226060414,0.202289868,0.0102651381,0.2,0.1102431,0.013701396,0.00231374219,-0.168951744,-0.02457371,-0.212154541,-0.0179052508,0.0820360988
286,14540639,0.273966402,-0.0284113344,-0.00632579112,0.067385979,0.131074145,-0.310575247,-0.280162215,0.0218891334,-0.306747794,-0.166580632,0.168997467,0.220638856,0.0219173121,-0.00227290675,-0.202846606,-0.169676309,0.0104859316,-0.0248460197,0.2,0.20985011,-0.111349559,-0.0833161265,0.0135197973,0.0176511085,0.0219173121,0.202846606,0.0104859316,0.2,0.111349559,0.0135197973,0.00227290675,-0.169676309,-0.0248460197,-0.20985011,-0.0176511085,0.0833161265
287,14556004,0.261009872,-0.0276861694,-0.00635262066,0.0650741532,0.134343565,-0.314280152,-0.277529657,0.0159447715,-0.311380237,-0.173514366,0.164814234,0.217149019,0.0208807898,-0.00221489355,-0.202858679,-0.170716631,0.0107474852,-0.0251424122,0.2,0.207175147,-0.112276047,-0.0847028732,0.0131851387,0.0173719215,0.0208807898,0.202858679,0.0107474852,0.2,0.112276047,0.0131851387,0.00221489355,-0.170716631,-0.0251424122,-0.207175147,-0.0173719215,0.0847028732
288,14587233,0.245747745,-0.0262411721,-0.00496161636,0.0619773902,0.137497559,-0.318127304,-0.27369085,0.0101848366,-0.313740939,-0.179244414,0.158709541,0.213266537,0.0196598196,-0.00209929377,-0.202232727,-0.172110174,0.0109998047,-0.0254501843,0.2,0.204583176,-0.112748188,-0.0858488828,0.0126967633,0.0170613229,0.0196598196,0.202232727,0.0109998047,0.2,0.112748188,0.0126967633,0.00209929377,-0.172110174,-0.0254501843,-0.204583176,-0.0170613229,0.0858488828
289,14598591,0.231087998,-0.024431698,-0.00284197018,0.0588171668,0.139869675,-0.321510851,-0.270674139,0.00474457629,-0.315451205,-0.182904005,0.150064856,0.208530754,0.0184870398,-0.00195453584,-0.201278887,-0.173532275,0.011189574,-0.0257208681,0.2,0.202135059,-0.113090241,-0.086580801,0.0120051885,0.0166824603,0.0184870398,0.201278887,0.011189574,0.2,0.113090241,0.0120051885,0.00195453584,-0.173532275,-0.0257208681,-0.202135059,-0.0166824603,0.086580801
290,14618979,0.217991441,-0.02295685,-0.00148811773,0.0565425754,0.141375959,-0.324618101,-0.268199474,0.000231189377,-0.317546904,-0.185447603,0.140452728,0.204211175,0.0174393153,-0.001836548,-0.200669653,-0.174555841,0.0113100767,-0.0259694481,0.2,0.200104035,-0.113509381,-0.0870895207,0.0112362182,0.016336894,0.0174393153,0.200669653,0.0113100767,0.2,0.113509381,0.0112362182,0.001836548,-0.174555841,-0.0259694481,-0.200104035,-0.016336894,0.0870895207
291,14639060,0.208550498,-0.0215086769,0.00092227367,0.0549825206,0.142089263,-0.325815171,-0.265596658,-0.00170004438,-0.317810208,-0.18513833,0.131649613,0.200904772,0.0166840398,-0.00172069415,-0.199584977,-0.175257866,0.011367141,-0.0260652137,0.2,0.2,-0.113562042,-0.087027666,0.0105319691,0.0160723817,0.0166840398,0.199584977,0.011367141,0.2,0.113562042,0.0105319691,0.00172069415,-0.175257866,-0.0260652137,-0.2,-0.0160723817,0.087027666
292,14657262,0.204547003,-0.0200984683,0.00316274073,0.0550856926,0.142026111,-0.324719965,-0.263998777,-0.000472985441,-0.315888584,-0.182087511,0.125745088,0.200047791,0.0163637602,-0.00160787746,-0.198576767,-0.175211438,0.0113620889,-0.0259775972,0.2,0.2,-0.113177717,-0.0864175022,0.010059607,0.0160038233,0.0163637602,0.198576767,0.0113620889,0.2,0.113177717,0.010059607,0.00160787746,-0.175211438,-0.0259775972,-0.2,-0.0160038233,0.0864175022
293,14676285,0.206231326,-0.0191352218,0.00444634864,0.056521792,0.141289666,-0.32164672,-0.264706641,0.00298991799,-0.313731551,-0.177923366,0.123193786,0.202311173,0.0164985061,-0.00153081775,-0.197999143,-0.174565194,0.0113031733,-0.0257317376,0.2,0.201345463,-0.11274631,-0.0855846733,0.00985550284,0.0161848938,0.0164985061,0.197999143,0.0113031733,0.2,0.11274631,0.00985550284,0.00153081775,-0.174565194,-0.0257317376,-0.201345463,-0.0161848938,0.0855846733
294,14715227,0.212931737,-0.0192195941,0.00401912723,0.0591790117,0.140194848,-0.318021327,-0.268368125,0.00748102833,-0.313873976,-0.173567221,0.122440517,0.206083402,0.017034539,-0.00153756753,-0.198191393,-0.173369445,0.0112155879,-0.0254417062,0.2,0.203366463,-0.112774795,-0.0847134441,0.00979524136,0.0164866722,0.017034539,0.198191393,0.0112155879,0.2,0.112774795,0.00979524136,0.00153756753,-0.173369445,-0.0254417062,-0.203366463,-0.0164866722,0.0847134441
295,14722889,0.221874222,-0.0207306258,0.00144876342,0.0627636462,0.139213637,-0.315091759,-0.272806644,0.0113039827,-0.31689164,-0.170825496,0.123523772,0.210863486,0.0177499378,-0.00165845007,-0.199348056,-0.171756359,0.0111370909,-0.0252073407,0.2,0.205086792,-0.113378328,-0.0841650993,0.00988190174,0.0168690789,0.0177499378,0.199348056,0.0111370909,0.2,0.113378328,0.00988190174,0.00165845007,-0.171756359,-0.0252073407,-0.205086792,-0.0168690789,0.0841650993
296,14739955,0.230765879,-0.0230531469,-0.00100625551,0.0658262745,0.138573959,-0.312979192,-0.275602967,0.0149404742,-0.319699645,-0.168919981,0.126483664,0.216026798,0.0184612703,-0.00184425175,-0.200452815,-0.170378176,0.0110859168,-0.0250383353,0.2,0.206723213,-0.113939929,-0.0837839961,0.0101186931,0.0172821438,0.0184612703,0.200452815,0.0110859168,0.2,0.113939929,0.0101186931,0.00184425175,-0.170378176,-0.0250383353,-0.206723213,-0.0172821438,0.0837839961
297,14762973,0.23783721,-0.025546113,-0.00221445248,0.0672860146,0.138627574,-0.311051756,-0.275997311,0.0173727944,-0.320895076,-0.168004513,0.131321952,0.22043626,0.0190269768,-0.00204368904,-0.200996504,-0.169721293,0.0110902059,-0.0248841405,0.2,0.207817758,-0.114179015,-0.0836009026,0.0105057561,0.0176349008,0.0190269768,0.200996504,0.0110902059,0.2,0.114179015,0.0105057561,0.00204368904,-0.169721293,-0.0248841405,-0.207817758,-0.0176349008,0.0836009026
298,14779657,0.243031383,-0.0275742747,-0.00179643976,0.0671857297,0.138908073,-0.309259325,-0.275250465,0.0187964905,-0.319839627,-0.167428032,0.136081293,0.223260254,0.0194425106,-0.00220594198,-0.200808398,-0.169766422,0.0111126459,-0.024740746,0.2,0.208458421,-0.113967925,-0.0834856063,0.0108865035,0.0178608203,0.0194425106,0.200808398,0.0111126459,0.2,0.113967925,0.0108865035,0.00220594198,-0.169766422,-0.024740746,-0.208458421,-0.0178608203,0.0834856063
299,14796568,0.246208519,-0.0288861655,-0.000997542636,0.0667409003,0.138812333,-0.307971925,-0.274046361,0.0197490398,-0.317097247,-0.16670391,0.139967188,0.224805981,0.0196966815,-0.00231089324,-0.200448894,-0.169966595,0.0111049867,-0.024637754,0.2,0.208887068,-0.113419449,-0.0833407819,0.0111973751,0.0179844785,0.0196966815,0.200448894,0.0111049867,0.2,0.113419449,0.0111973751,0.00231089324,-0.169966595,-0.024637754,-0.208887068,-0.0179844785,0.0833407819
300,14815580,0.248939499,-0.0292437449,0.000126798463,0.0663353354,0.137793913,-0.30714193,-0.273032188,0.0210836194,-0.312910944,-0.164931297,0.142790616,0.22524102,0.0199151599,-0.00233949959,-0.199942941,-0.170149099,0.0110235131,-0.0245713544,0.2,0.209487629,-0.112582189,-0.0829862595,0.0114232492,0.0180192816,0.0199151599,0.199942941,0.0110235131,0.2,0.112582189,0.0114232492,0.00233949959,-0.170149099,-0.0245713544,-0.209487629,-0.0180192816,0.0829862595
301,14854097,0.251891136,-0.0289906524,0.000355872209,0.0666857734,0.136012584,-0.306812555,-0.272749603,0.0225972496,-0.308676511,-0.162900597,0.145428777,0.225648254,0.0201512909,-0.00231925219,-0.199839858,-0.169991402,0.0108810067,-0.0245450044,0.2,0.210168762,-0.111735302,-0.0825801194,0.0116343021,0.0180518603,0.0201512909,0.199839858,0.0108810067,0.2,0.111735302,0.0116343021,0.00231925219,-0.169991402,-0.0245450044,-0.210168762,-0.0180518603,0.0825801194
302,14857879,0.256366432,-0.0283269398,0.000366646447,0.0671139136,0.134002388,-0.306587607,-0.273911476,0.0248440839,-0.305582553,-0.160315603,0.147474363,0.225565448,0.0205093145,-0.00226615518,-0.199835009,-0.169798739,0.010720191,-0.0245270085,0.2,0.211179838,-0.111116511,-0.0820631206,0.0117979491,0.0180452359,0.0205093145,0.199835009,0.010720191,0.2,0.111116511,0.0117979491,0.00226615518,-0.169798739,-0.0245270085,-0.211179838,-0.0180452359,0.0820631206
303,14875380,0.261528432,-0.0279620998,-0.000812318758,0.0681686178,0.132338524,-0.306383908,-0.275787085,0.0264295451,-0.30465281,-0.158567518,0.149794191,0.22553198,0.0209222746,-0.00223696798,-0.200365543,-0.169324122,0.0105870819,-0.0245107126,0.2,0.211893295,-0.110930562,-0.0817135036,0.0119835353,0.0180425584,0.0209222746,0.200365543,0.0105870819,0.2,0.110930562,0.0119835353,0.00223696798,-0.169324122,-0.0245107126,-0.211893295,-0.0180425584,0.0817135036
304,14899742,0.266604364,-0.0280002579,-0.00214581518,0.0692397058,0.131239116,-0.306125075,-0.277869076,0.027499022,-0.305602521,-0.157802612,0.151842758,0.225121662,0.0213283491,-0.00224002063,-0.200965617,-0.168842132,0.0104991293,-0.024490006,0.2,0.21237456,-0.111120504,-0.0815605223,0.0121474206,0.018009733,0.0213283491,0.200965617,0.0104991293,0.2,0.111120504,0.0121474206,0.00224002063,-0.168842132,-0.024490006,-0.21237456,-0.018009733,0.0815605223
305,14914634,0.269950807,-0.028416764,-0.00373216113,0.0699725822,0.131011009,-0.305917293,-0.279128999,0.027245786,-0.307941109,-0.158780411,0.154109627,0.224399716,0.0215960646,-0.00227334112,-0.201679473,-0.168512338,0.0104808807,-0.0244733834,0.2,0.212260604,-0.111588222,-0.0817560822,0.0123287702,0.0179519773,0.0215960646,0.201679473,0.0104808807,0.2,0.111588222,0.0123287702,0.00227334112,-0.168512338,-0.0244733834,-0.212260604,-0.0179519773,0.0817560822
306,14953741,0.269940376,-0.0288799834,-0.00461970316,0.0696239471,0.13177377,-0.30618608,-0.279374659,0.0255291238,-0.31077823,-0.161545411,0.155881241,0.223443195,0.0215952301,-0.00231039867,-0.202078866,-0.168669224,0.0105419016,-0.0244948864,0.2,0.211488106,-0.112155646,-0.0823090822,0.0124704993,0.0178754556,0.0215952301,0.202078866,0.0105419016,0.2,0.112155646,0.0124704993,0.00231039867,-0.168669224,-0.0244948864,-0.211488106,-0.0178754556,0.0823090822
307,14965838,0.266945928,-0.0292139724,-0.00498213759,0.0689266101,0.13305144,-0.306966603,-0.278146744,0.0233334266,-0.312060744,-0.164355099,0.156628609,0.222228691,0.0213556743,-0.00233711779,-0.202241962,-0.168983025,0.0106441152,-0.0245573282,0.2,0.210500042,-0.112412149,-0.0828710198,0.0125302887,0.0177782953,0.0213556743,0.202241962,0.0106441152,0.2,0.112412149,0.0125302887,0.00233711779,-0.168983025,-0.0245573282,-0.210500042,-0.0177782953,0.0828710198
308,14976824,0.26124078,-0.0290960856,-0.0051636924,0.0675350726,0.134272367,-0.308840752,-0.276877314,0.0203162972,-0.313270837,-0.167674527,0.155476555,0.220727965,0.0208992624,-0.00232768685,-0.202323662,-0.169609217,0.0107417893,-0.0247072601,0.2,0.209142334,-0.112654167,-0.0835349053,0.0124381244,0.0176582372,0.0208992624,0.202323662,0.0107417893,0.2,0.112654167,0.0124381244,0.00232768685,-0.169609217,-0.0247072601,-0.209142334,-0.0176582372,0.0835349053
309,14996959,0.254182339,-0.0284935497,-0.00478255562,0.0660729781,0.135251105,-0.311291635,-0.275231302,0.0172353238,-0.31369707,-0.170477822,0.152948037,0.218907088,0.0203345871,-0.00227948397,-0.20215215,-0.17026716,0.0108200884,-0.0249033308,0.2,0.207755896,-0.112739414,-0.0840955645,0.0122358429,0.017512567,0.0203345871,0.20215215,0.0108200884,0.2,0.112739414,0.0122358429,0.00227948397,-0.17026716,-0.0249033308,-0.207755896,-0.017512567,0.0840955645
310,15015871,0.246797204,-0.0275753289,-0.00364726549,0.0641330555,0.136246756,-0.313541025,-0.273961335,0.0142578268,-0.314530581,-0.172741607,0.148846745,0.216611251,0.0197437763,-0.00220602632,-0.201641269,-0.171140125,0.0108997405,-0.025083282,0.2,0.206416022,-0.112906116,-0.0845483214,0.0119077396,0.0173289001,0.0197437763,0.201641269,0.0108997405,0.2,0.112906116,0.0119077396,0.00220602632,-0.171140125,-0.025083282,-0.206416022,-0.0173289001,0.0845483214
311,15038307,0.239827067,-0.0267602112,-0.0030658131,0.0626320317,0.13699691,-0.315844029,-0.272525162,0.0116469413,-0.315452486,-0.174495459,0.144304559,0.214411646,0.0191861653,-0.0021408169,-0.201379616,-0.171815586,0.0109597528,-0.0252675223,0.2,0.205241124,-0.113090497,-0.0848990917,0.0115443647,0.0171529317,0.0191861653,0.201379616,0.0109597528,0.2,0.113090497,0.0115443647,0.0021408169,-0.171815586,-0.0252675223,-0.205241124,-0.0171529317,0.0848990917
312,15056279,0.233704343,-0.0260150488,-0.00192184409,0.061153166,0.137689054,-0.317110807,-0.270764142,0.00965885352,-0.315979719,-0.175762013,0.140475631,0.212598771,0.0186963475,-0.00208120391,-0.20086483,-0.172481075,0.0110151243,-0.0253688645,0.2,0.204346484,-0.113195944,-0.0851524025,0.0112380505,0.0170079017,0.0186963475,0.20086483,0.0110151243,0.2,0.113195944,0.0112380505,0.00208120391,-0.172481075,-0.0253688645,-0.204346484,-0.0170079017,0.0851524025
313,15077055,0.230103984,-0.025309559,-0.000371937262,0.0604914762,0.137869433,-0.317143589,-0.269363403,0.00937770493,-0.315109938,-0.175078392,0.137039289,0.211185709,0.0184083188,-0.00202476472,-0.200167372,-0.172778836,0.0110295546,-0.0253714871,0.2,0.204219967,-0.113021988,-0.0850156784,0.0109631431,0.0168948567,0.0184083188,0.200167372,0.0110295546,0.2,0.113021988,0.0109631431,0.00202476472,-0.172778836,-0.0253714871,-0.204219967,-0.0168948567,0.0850156784
314,15096684,0.229162008,-0.0247575901,0.000665605941,0.0605051257,0.137806892,-0.316167921,-0.269220501,0.0101288743,-0.314232767,-0.173736036,0.13487415,0.21088773,0.0183329606,-0.00198060721,-0.199700477,-0.172772693,0.0110245514,-0.0252934337,0.2,0.204557993,-0.112846553,-0.0847472072,0.010789932,0.0168710184,0.0183329606,0.199700477,0.0110245514,0.2,0.112846553,0.010789932,0.00198060721,-0.172772693,-0.0252934337,-0.204557993,-0.0168710184,0.0847472072
315,15114721,0.230226368,-0.0245145895,0.000523475057,0.0611795187,0.137538195,-0.315171093,-0.270364851,0.0110973641,-0.314556479,-0.172709286,0.133842841,0.211601391,0.0184181094,-0.00196116716,-0.199764436,-0.172469217,0.0110030556,-0.0252136874,0.2,0.204993814,-0.112911296,-0.0845418572,0.0107074273,0.0169281113,0.0184181094,0.199764436,0.0110030556,0.2,0.112911296,0.0107074273,0.00196116716,-0.172469217,-0.0252136874,-0.204993814,-0.0169281113,0.0845418572
316,15138481,0.232610032,-0.0248582475,0.000295379752,0.0622808747,0.137396231,-0.31394729,-0.271845877,0.012337327,-0.315768987,-0.171468571,0.133049339,0.212362349,0.0186088026,-0.0019886598,-0.199867079,-0.171973606,0.0109916985,-0.0251157832,0.2,0.205551797,-0.113153797,-0.0842937142,0.0106439471,0.0169889879,0.0186088026,0.199867079,0.0109916985,0.2,0.113153797,0.0106439471,0.0019886598,-0.171973606,-0.0251157832,-0.205551797,-0.0169889879,0.0842937142
317,15159574,0.235731333,-0.0255045723,-0.000576407008,0.0636046007,0.137501687,-0.312863052,-0.273262352,0.01373058,-0.317092597,-0.170267686,0.133153096,0.213765755,0.0188585067,-0.00204036579,-0.200259383,-0.17137793,0.0110001349,-0.0250290442,0.2,0.206178761,-0.113418519,-0.0840535372,0.0106522477,0.0171012604,0.0188585067,0.200259383,0.0110001349,0.2,0.113418519,0.0106522477,0.00204036579,-0.17137793,-0.0250290442,-0.206178761,-0.0171012604,0.0840535372
318,15176294,0.239100888,-0.0261884164,-0.00104902219,0.0648421422,0.137445927,-0.31170696,-0.273635775,0.0156562738,-0.316717178,-0.168908298,0.134808913,0.215485215,0.0191280711,-0.00209507331,-0.20047206,-0.170821036,0.0109956741,-0.0249365568,0.2,0.207045323,-0.113343436,-0.0837816596,0.010784713,0.0172388172,0.0191280711,0.20047206,0.0109956741,0.2,0.113343436,0.010784713,0.00209507331,-0.170821036,-0.0249365568,-0.207045323,-0.0172388172,0.0837816596
319,15197800,0.242817461,-0.0267085228,-0.000900747429,0.0657340363,0.137149468,-0.310117304,-0.274027973,0.0175313745,-0.315581232,-0.167187825,0.136690393,0.216865107,0.0194253969,-0.00213668182,-0.200405336,-0.170419684,0.0109719574,-0.0248093843,0.2,0.207889119,-0.113116246,-0.083437565,0.0109352314,0.0173492086,0.0194253969,0.200405336,0.0109719574,0.2,0.113116246,0.0109352314,0.00213668182,-0.170419684,-0.0248093843,-0.207889119,-0.0173492086,0.083437565
320,15217904,0.246853083,-0.0271277037,-0.00099632924,0.0664891452,0.136655152,-0.308559984,-0.274462342,0.0191810224,-0.313973337,-0.165457875,0.138968185,0.218149051,0.0197482467,-0.00217021629,-0.200448348,-0.170079885,0.0109324121,-0.0246847987,0.2,0.20863146,-0.112794667,-0.0830915749,0.0111174548,0.0174519241,0.0197482467,0.200448348,0.0109324121,0.2,0.112794667,0.0111174548,0.00217021629,-0.170079885,-0.0246847987,-0.20863146,-0.0174519241,0.0830915749
321,15239946,0.250750005,-0.0275913607,-0.00121845899,0.0671928599,0.135870486,-0.307350278,-0.275049388,0.0206436887,-0.31240347,-0.163920537,0.141069129,0.219090983,0.0200600004,-0.00220730886,-0.200548307,-0.169763213,0.0108696389,-0.0245880222,0.2,0.20928966,-0.112480694,-0.0827841073,0.0112855303,0.0175272787,0.0200600004,0.200548307,0.0108696389,0.2,0.112480694,0.0112855303,0.00220730886,-0.169763213,-0.0245880222,-0.20928966,-0.0175272787,0.0827841073
322,15258447,0.253917038,-0.02800286,-0.00151356123,0.067667082,0.135122135,-0.306505501,-0.275373489,0.0215873346,-0.311217636,-0.162960693,0.143325895,0.219960883,0.0203133631,-0.0022402288,-0.200681103,-0.169549813,0.0108097708,-0.0245204401,0.2,0.209714301,-0.112243527,-0.0825921386,0.0114660716,0.0175968707,0.0203133631,0.200681103,0.0108097708,0.2,0.112243527,0.0114660716,0.0022402288,-0.169549813,-0.0245204401,-0.209714301,-0.0175968707,0.0825921386
323,15279552,0.25670144,-0.0282757953,-0.00174325355,0.06794177,0.134435818,-0.305946201,-0.27540347,0.0224252082,-0.309664547,-0.162163615,0.14563562,0.22054176,0.0205361152,-0.00226206362,-0.200784464,-0.169426204,0.0107548654,-0.0244756961,0.2,0.210091344,-0.111932909,-0.082432723,0.0116508496,0.0176433408,0.0205361152,0.200784464,0.0107548654,0.2,0.111932909,0.0116508496,0.00226206362,-0.169426204,-0.0244756961,-0.210091344,-0.0176433408,0.082432723
324,15304222,0.25826174,-0.0284594856,-0.00213679904,0.0679422319,0.1338882,-0.305847913,-0.275529861,0.0224831793,-0.308916628,-0.162290677,0.147752315,0.221070811,0.0206609392,-0.00227675885,-0.20096156,-0.169425996,0.010711056,-0.024467833,0.2,0.210117431,-0.111783326,-0.0824581355,0.0118201852,0.0176856649,0.0206609392,0.20096156,0.010711056,0.2,0.111783326,0.0118201852,0.00227675885,-0.169425996,-0.024467833,-0.210117431,-0.0176856649,0.0824581355
325,15315320,0.259443551,-0.0285029076,-0.00211865129,0.067858763,0.133443773,-0.305770844,-0.275389493,0.0227053873,-0.307853788,-0.162212417,0.149398759,0.221088395,0.0207554841,-0.00228023261,-0.200953393,-0.169463557,0.0106755018,-0.0244616675,0.2,0.210217424,-0.111570758,-0.0824424833,0.0119519007,0.0176870716,0.0207554841,0.200953393,0.0106755018,0.2,0.111570758,0.0119519007,0.00228023261,-0.169463557,-0.0244616675,-0.210217424,-0.0176870716,0.0824424833
326,15337239,0.259899318,-0.0284054987,-0.00253540161,0.0677434057,0.133034095,-0.30613333,-0.275444388,0.0225073397,-0.307378799,-0.162613511,0.150654987,0.220945582,0.0207919455,-0.0022724399,-0.201140931,-0.169515467,0.0106427276,-0.0244906664,0.2,0.210128303,-0.11147576,-0.0825227022,0.0120523989,0.0176756465,0.0207919455,0.201140931,0.0106427276,0.2,0.11147576,0.0120523989,0.0022724399,-0.169515467,-0.0244906664,-0.210128303,-0.0176756465,0.0825227022
327,15355637,0.259536356,-0.0281830654,-0.00303447503,0.0674978122,0.132686928,-0.307068735,-0.2754713,0.0220180061,-0.307452291,-0.163662091,0.151705921,0.220762417,0.0207629085,-0.00225464523,-0.201365514,-0.169625985,0.0106149542,-0.0245654988,0.2,0.209908103,-0.111490458,-0.0827324182,0.0121364737,0.0176609933,0.0207629085,0.201365514,0.0106149542,0.2,0.111490458,0.0121364737,0.00225464523,-0.169625985,-0.0245654988,-0.209908103,-0.0176609933,0.0827324182
328,15378278,0.258357137,-0.0279709045,-0.00316735473,0.066981338,0.132859781,-0.308062524,-0.275915682,0.0208815914,-0.308900684,-0.164999858,0.151347578,0.219835073,0.020668571,-0.00223767236,-0.20142531,-0.169858398,0.0106287825,-0.0246450019,0.2,0.209396716,-0.111780137,-0.0829999715,0.0121078062,0.0175868058,0.020668571,0.20142531,0.0106287825,0.2,0.111780137,0.0121078062,0.00223767236,-0.169858398,-0.0246450019,-0.209396716,-0.0175868058,0.0829999715
329,15396919,0.256397158,-0.0278526954,-0.00327954418,0.0665094852,0.133527681,-0.309016198,-0.275625557,0.0196450725,-0.310326338,-0.166404352,0.150746793,0.218883678,0.0205117726,-0.00222821563,-0.201475795,-0.170070732,0.0106822145,-0.0247212958,0.2,0.208840283,-0.112065268,-0.0832808703,0.0120597434,0.0175106943,0.0205117726,0.201475795,0.0106822145,0.2,0.112065268,0.0120597434,0.00222821563,-0.170070732,-0.0247212958,-0.208840283,-0.0175106943,0.0832808703
330,15416382,0.253686935,-0.0276245717,-0.0034673952,0.0659439564,0.134147331,-0.310189039,-0.275510073,0.0182776097,-0.312042803,-0.168157697,0.149478137,0.217861742,0.0202949548,-0.00220996574,-0.201560328,-0.17032522,0.0107317865,-0.0248151231,0.2,0.208224924,-0.112408561,-0.0836315393,0.011958251,0.0174289393,0.0202949548,0.201560328,0.0107317865,0.2,0.112408561,0.011958251,0.00220996574,-0.17032522,-0.0248151231,-0.208224924,-0.0174289393,0.0836315393
331,15439947,0.25032869,-0.0272242725,-0.00345746707,0.065329425,0.13486138,-0.311380923,-0.274896681,0.0169697758,-0.313484281,-0.169760019,0.148062021,0.216980949,0.0200262952,-0.0021779418,-0.20155586,-0.170601759,0.0107889104,-0.0249104738,0.2,0.207636399,-0.112696856,-0.0839520037,0.0118449616,0.0173584759,0.0200262952,0.20155586,0.0107889104,0.2,0.112696856,0.0118449616,0.0021779418,-0.170601759,-0.0249104738,-0.207636399,-0.0173584759,0.0839520037
332,15455551,0.247039795,-0.0268688966,-0.00286185462,0.0645170212,0.135717884,-0.312096179,-0.274236798,0.0157498363,-0.314409196,-0.170770556,0.146114975,0.215906009,0.0197631836,-0.00214951172,-0.201287835,-0.17096734,0.0108574307,-0.0249676943,0.2,0.207087426,-0.112881839,-0.0841541111,0.011689198,0.0172724807,0.0197631836,0.201287835,0.0108574307,0.2,0.112881839,0.011689198,0.00214951172,-0.17096734,-0.0249676943,-0.207087426,-0.0172724807,0.0841541111
333,15475824,0.244139433,-0.0266860183,-0.00226971181,0.0638154,0.136510089,-0.31252569,-0.273765415,0.0147175584,-0.315248907,-0.171203852,0.143570796,0.214777976,0.0195311546,-0.00213488147,-0.20102137,-0.17128307,0.0109208071,-0.0250020552,0.2,0.206622901,-0.113049781,-0.0842407703,0.0114856637,0.0171822381,0.0195311546,0.20102137,0.0109208071,0.2,0.113049781,0.0114856637,0.00213488147,-0.17128307,-0.0250020552,-0.206622901,-0.0171822381,0.0842407703
334,15500309,0.242046863,-0.0264628418,-0.00184548285,0.0634581447,0.136932477,-0.312679023,-0.273223162,0.0143056894,-0.315498233,-0.171242446,0.141664252,0.21414651,0.019363749,-0.00211702734,-0.200830467,-0.171443835,0.0109545982,-0.0250143218,0.2,0.20643756,-0.113099647,-0.0842484891,0.0113331401,0.0171317208,0.019363749,0.200830467,0.0109545982,0.2,0.113099647,0.0113331401,0.00211702734,-0.171443835,-0.0250143218,-0.20643756,-0.0171317208,0.0842484891
335,15515658,0.240867615,-0.0262410101,-0.00161927578,0.063499257,0.136958957,-0.312733978,-0.27313441,0.0143103125,-0.315640122,-0.170890659,0.139927283,0.213833332,0.0192694092,-0.0020992808,-0.200728674,-0.171425334,0.0109567165,-0.0250187182,0.2,0.206439641,-0.113128024,-0.0841781318,0.0111941826,0.0171066666,0.0192694092,0.200728674,0.0109567165,0.2,0.113128024,0.0111941826,0.0020992808,-0.171425334,-0.0250187182,-0.206439641,-0.0171066666,0.0841781318
336,15548197,0.240396947,-0.0261163563,-0.00130324345,0.0634425133,0.137041047,-0.312441707,-0.272995234,0.0144535555,-0.315699071,-0.170503005,0.13917233,0.214034304,0.0192317557,-0.0020893085,-0.20058646,-0.171450869,0.0109632838,-0.0249953365,0.2,0.2065041,-0.113139814,-0.0841006011,0.0111337864,0.0171227443,0.0192317557,0.20058646,0.0109632838,0.2,0.113139814,0.0111337864,0.0020893085,-0.171450869,-0.0249953365,-0.2065041,-0.0171227443,0.0841006011
337,15558932,0.240503848,-0.0262025017,-0.00125000882,0.0635788515,0.137049332,-0.31199497,-0.27280423,0.014680922,-0.315338552,-0.170147762,0.139304668,0.214730367,0.0192403078,-0.00209620014,-0.200562504,-0.171389517,0.0109639466,-0.0249595976,0.2,0.206606415,-0.11306771,-0.0840295523,0.0111443734,0.0171784294,0.0192403078,0.200562504,0.0109639466,0.2,0.11306771,0.0111443734,0.00209620014,-0.171389517,-0.0249595976,-0.206606415,-0.0171784294,0.0840295523
338,15580482,0.241578326,-0.0263276491,-0.000992539572,0.0640690252,0.136654437,-0.311301261,-0.272644222,0.0157431532,-0.314152777,-0.168949857,0.139569238,0.215400726,0.0193262661,-0.00210621193,-0.200446643,-0.171168939,0.0109323549,-0.0249041009,0.2,0.207084419,-0.112830555,-0.0837899715,0.011165539,0.017232058,0.0193262661,0.200446643,0.0109323549,0.2,0.112830555,0.011165539,0.00210621193,-0.171168939,-0.0249041009,-0.207084419,-0.017232058,0.0837899715
339,15595239,0.243457019,-0.0263984613,-0.00107429398,0.0645921826,0.13607429,-0.310604781,-0.273046464,0.0167919192,-0.313174784,-0.167762071,0.140291721,0.216306239,0.0194765615,-0.0021118769,-0.200483432,-0.170933518,0.0108859432,-0.0248483825,0.2,0.207556364,-0.112634957,-0.0835524142,0.0112233377,0.0173044991,0.0194765615,0.200483432,0.0108859432,0.2,0.112634957,0.0112233377,0.0021118769,-0.170933518,-0.0248483825,-0.207556364,-0.0173044991,0.0835524142
340,15622006,0.245693743,-0.0265034977,-0.00100961991,0.0651423708,0.135481656,-0.309886724,-0.273320824,0.0179437548,-0.312111616,-0.166683495,0.141603976,0.217309341,0.0196554995,-0.00212027982,-0.200454329,-0.170685933,0.0108385324,-0.0247909379,0.2,0.20807469,-0.112422323,-0.083336699,0.0113283181,0.0173847473,0.0196554995,0.200454329,0.0108385324,0.2,0.112422323,0.0113283181,0.00212027982,-0.170685933,-0.0247909379,-0.20807469,-0.0173847473,0.083336699
341,15635308,0.248689905,-0.0267022904,-0.000559845939,0.0656192824,0.134970739,-0.308637679,-0.273936421,0.019387858,-0.31100142,-0.165080428,0.142621905,0.21769613,0.0198951924,-0.00213618323,-0.200251931,-0.170471323,0.0107976592,-0.0246910143,0.2,0.208724536,-0.112200284,-0.0830160856,0.0114097524,0.0174156904,0.0198951924,0.200251931,0.0107976592,0.2,0.112200284,0.0114097524,0.00213618323,-0.170471323,-0.0246910143,-0.208724536,-0.0174156904,0.0830160856
342,15662638,0.251699895,-0.0269311368,-0.00124330865,0.0662732869,0.134629846,-0.307910949,-0.274694771,0.0203651171,-0.310450494,-0.164239064,0.144342646,0.218446344,0.0201359916,-0.00215449095,-0.200559489,-0.170177021,0.0107703876,-0.0246328759,0.2,0.209164303,-0.112090099,-0.0828478128,0.0115474117,0.0174757075,0.0201359916,0.200559489,0.0107703876,0.2,0.112090099,0.0115474117,0.00215449095,-0.170177021,-0.0246328759,-0.209164303,-0.0174757075,0.0828478128
343,15678350,0.254408151,-0.0271024983,-0.00173242844,0.0669793785,0.134187281,-0.307469338,-0.275231063,0.0214312784,-0.309886396,-0.163692266,0.146232978,0.21922718,0.0203526521,-0.00216819987,-0.200779593,-0.16985928,0.0107349825,-0.0245975471,0.2,0.209644075,-0.111977279,-0.0827384531,0.0116986382,0.0175381744,0.0203526521,0.200779593,0.0107349825,0.2,0.111977279,0.0116986382,0.00216819987,-0.16985928,-0.0245975471,-0.209644075,-0.0175381744,0.0827384531
344,15695278,0.255971879,-0.0273583233,-0.00237880577,0.067449376,0.133920148,-0.307404429,-0.275386333,0.0218253136,-0.30968526,-0.163813382,0.148056418,0.220120981,0.0204777503,-0.00218866587,-0.201070463,-0.169647781,0.0107136118,-0.0245923543,0.2,0.209821391,-0.111937052,-0.0827626765,0.0118445134,0.0176096785,0.0204777503,0.201070463,0.0107136118,0.2,0.111937052,0.0118445134,0.00218866587,-0.169647781,-0.0245923543,-0.209821391,-0.0176096785,0.0827626765
345,15723367,0.256571323,-0.0275639482,-0.00270353677,0.0674799457,0.133836851,-0.307759404,-0.275135398,0.0218030438,-0.309199512,-0.164185643,0.149457097,0.220767617,0.0205257058,-0.00220511585,-0.201216592,-0.169634024,0.010706948,-0.0246207523,0.2,0.20981137,-0.111839902,-0.0828371286,0.0119565678,0.0176614094,0.0205257058,0.201216592,0.010706948,0.2,0.111839902,0.0119565678,0.00220511585,-0.169634024,-0.0246207523,-0.20981137,-0.0176614094,0.0828371286
346,15735863,0.255955368,-0.0277482215,-0.00263643125,0.067136012,0.134001255,-0.308292568,-0.274746299,0.0212364718,-0.308982491,-0.164955452,0.150283262,0.220974848,0.0204764295,-0.00221985772,-0.201186394,-0.169788795,0.0107201004,-0.0246634054,0.2,0.209556412,-0.111796498,-0.0829910904,0.012022661,0.0176779878,0.0204764295,0.201186394,0.0107201004,0.2,0.111796498,0.012022661,0.00221985772,-0.169788795,-0.0246634054,-0.209556412,-0.0176779878,0.0829910904
347,15757034,0.255120546,-0.027684886,-0.00206873706,0.0665330589,0.134220362,-0.308764309,-0.274370313,0.0208389685,-0.308641613,-0.165356219,0.150293246,0.220631748,0.0204096437,-0.00221479088,-0.200930932,-0.170060124,0.0107376289,-0.0247011447,0.2,0.209377536,-0.111728323,-0.0830712438,0.0120234597,0.0176505399,0.0204096437,0.200930932,0.0107376289,0.2,0.111728323,0.0120234597,0.00221479088,-0.170060124,-0.0247011447,-0.209377536,-0.0176505399,0.0830712438
348,15777705,0.253767461,-0.0274880435,-0.00207769801,0.066049546,0.134507582,-0.309566438,-0.274408817,0.0199988149,-0.308964431,-0.166134089,0.149815902,0.220135123,0.0203013968,-0.00219904348,-0.200934964,-0.170277704,0.0107606065,-0.0247653151,0.2,0.208999467,-0.111792886,-0.0832268178,0.0119852722,0.0176108098,0.0203013968,0.200934964,0.0107606065,0.2,0.111792886,0.0119852722,0.00219904348,-0.170277704,-0.0247653151,-0.208999467,-0.0176108098,0.0832268178
349,15795210,0.252024561,-0.0272108801,-0.00192726962,0.065365307,0.135035053,-0.310440958,-0.274600238,0.0190046802,-0.31031245,-0.167300895,0.148870617,0.219403818,0.0201619649,-0.00217687041,-0.200867271,-0.170585612,0.0108028042,-0.0248352766,0.2,0.208552106,-0.11206249,-0.083460179,0.0119096494,0.0175523055,0.0201619649,0.200867271,0.0108028042,0.2,0.11206249,0.0119096494,0.00217687041,-0.170585612,-0.0248352766,-0.208552106,-0.0175523055,0.083460179
350,15817911,0.250151157,-0.0269755907,-0.00219427561,0.0651540905,0.135586441,-0.311320424,-0.274353951,0.0181627441,-0.311424702,-0.168261141,0.147924334,0.218754962,0.0200120926,-0.00215804726,-0.200987424,-0.170680659,0.0108469152,-0.0249056339,0.2,0.208173235,-0.11228494,-0.0836522281,0.0118339467,0.017500397,0.0200120926,0.200987424,0.0108469152,0.2,0.11228494,0.0118339467,0.00215804726,-0.170680659,-0.0249056339,-0.208173235,-0.017500397,0.0836522281
351,15836185,0.247900844,-0.0267378651,-0.00224375445,0.0647077337,0.136103913,-0.312228918,-0.274048895,0.0173094124,-0.312570244,-0.169275999,0.146774545,0.218280539,0.0198320675,-0.0021390292,-0.20100969,-0.17088152,0.0108883131,-0.0249783134,0.2,0.207789236,-0.112514049,-0.0838551998,0.0117419636,0.0174624431,0.0198320675,0.20100969,0.0108883131,0.2,0.112514049,0.0117419636,0.0021390292,-0.17088152,-0.0249783134,-0.207789236,-0.0174624431,0.0838551998
352,15860404,0.245627224,-0.0264646411,-0.00198026374,0.0641959384,0.136673927,-0.312837958,-0.27369836,0.0164319891,-0.313603222,-0.170083418,0.145495847,0.217765465,0.019650178,-0.00211717129,-0.200891119,-0.171111828,0.0109339142,-0.0250270367,0.2,0.207394395,-0.112720644,-0.0840166837,0.0116396677,0.0174212372,0.019650178,0.200891119,0.0109339142,0.2,0.112720644,0.0116396677,0.00211717129,-0.171111828,-0.0250270367,-0.207394395,-0.0174212372,0.0840166837
353,15880740,0.243321463,-0.0263585933,-0.00215090113,0.0639103055,0.137097269,-0.313500196,-0.273312449,0.0154816713,-0.314420193,-0.170952395,0.144169062,0.217340156,0.0194657171,-0.00210868746,-0.200967906,-0.171240363,0.0109677815,-0.0250800157,0.2,0.206966752,-0.112884039,-0.0841904789,0.011533525,0.0173872125,0.0194657171,0.200967906,0.0109677815,0.2,0.112884039,0.011533525,0.00210868746,-0.171240363,-0.0250800157,-0.206966752,-0.0173872125,0.0841904789
354,15906871,0.241230994,-0.0262678098,-0.00171541877,0.0634889305,0.137376726,-0.313916087,-0.272561699,0.0149618182,-0.314618975,-0.171262279,0.142794475,0.216890931,0.0192984796,-0.00210142478,-0.200771938,-0.171429981,0.0109901381,-0.025113287,0.2,0.206732818,-0.112923795,-0.0842524558,0.011423558,0.0173512745,0.0192984796,0.200771938,0.0109901381,0.2,0.112923795,0.011423558,0.00210142478,-0.171429981,-0.025113287,-0.206732818,-0.0173512745,0.0842524558
355,15920582,0.239885241,-0.026066687,-0.00107764616,0.0630717427,0.137573704,-0.313891023,-0.272274464,0.0145690897,-0.314790279,-0.171108112,0.141351283,0.216387674,0.0191908193,-0.00208533496,-0.200484941,-0.171617716,0.0110058963,-0.0251112819,0.2,0.20655609,-0.112958056,-0.0842216223,0.0113081026,0.0173110139,0.0191908193,0.200484941,0.0110058963,0.2,0.112958056,0.0113081026,0.00208533496,-0.171617716,-0.0251112819,-0.20655609,-0.0173110139,0.0842216223
356,15939943,0.239412293,-0.0259034466,-0.000761925359,0.0630759448,0.137594804,-0.313703686,-0.272261024,0.0147235245,-0.314632386,-0.170556232,0.140092492,0.216102511,0.0191529834,-0.00207227573,-0.200342866,-0.171615825,0.0110075843,-0.0250962949,0.2,0.206625586,-0.112926477,-0.0841112465,0.0112073994,0.0172882009,0.0191529834,0.200342866,0.0110075843,0.2,0.112926477,0.0112073994,0.00207227573,-0.171615825,-0.0250962949,-0.206625586,-0.0172882009,0.0841112465
357,15960353,0.239693448,-0.0258273482,-0.000813383027,0.0633429065,0.137416333,-0.313336164,-0.272429675,0.0151587352,-0.314463973,-0.169981718,0.139567748,0.216242313,0.0191754758,-0.00206618786,-0.200366022,-0.171495692,0.0109933066,-0.0250668931,0.2,0.206821431,-0.112892795,-0.0839963436,0.0111654198,0.0172993851,0.0191754758,0.200366022,0.0109933066,0.2,0.112892795,0.0111654198,0.00206618786,-0.171495692,-0.0250668931,-0.206821431,-0.0172993851,0.0839963436
358,15989472,0.240195349,-0.02586326,-0.000905378838,0.0634610951,0.13737151,-0.31297332,-0.27276051,0.015339301,-0.314824671,-0.169754192,0.139442161,0.21657522,0.0192156279,-0.0020690608,-0.20040742,-0.171442507,0.0109897208,-0.0250378656,0.2,0.206902685,-0.112964934,-0.0839508384,0.0111553729,0.0173260176,0.0192156279,0.20040742,0.0109897208,0.2,0.112964934,0.0111553729,0.0020690608,-0.171442507,-0.0250378656,-0.206902685,-0.0173260176,0.0839508384
359,16000139,0.241385818,-0.0260005873,-0.00117328891,0.0641983822,0.137087211,-0.312529534,-0.272836357,0.0161231663,-0.314322263,-0.168869913,0.139570117,0.216961339,0.0193108654,-0.00208004698,-0.20052798,-0.171110728,0.0109669769,-0.0250023627,0.2,0.207255425,-0.112864453,-0.0837739825,0.0111656094,0.0173569071,0.0193108654,0.20052798,0.0109669769,0.2,0.112864453,0.0111656094,0.00208004698,-0.171110728,-0.0250023627,-0.207255425,-0.0173569071,0.0837739825
360,16014717,0.243100852,-0.0262210593,-0.00116553914,0.064705953,0.136640072,-0.31183067,-0.273102075,0.0171639044,-0.313631386,-0.167738199,0.139878273,0.217465684,0.0194480681,-0.00209768474,-0.200524493,-0.170882321,0.0109312057,-0.0249464536,0.2,0.207723757,-0.112726277,-0.0835476398,0.0111902618,0.0173972547,0.0194480681,0.200524493,0.0109312057,0.2,0.112726277,0.0111902618,0.00209768474,-0.170882321,-0.0249464536,-0.207723757,-0.0173972547,0.0835476398
361,16044888,0.244734615,-0.0264503881,-0.00159868016,0.0650628209,0.136309281,-0.311507761,-0.273819655,0.0175244473,-0.313982517,-0.167399004,0.140377387,0.218081743,0.0195787692,-0.00211603105,-0.200719406,-0.170721731,0.0109047425,-0.0249206209,0.2,0.207886001,-0.112796503,-0.0834798008,0.011230191,0.0174465394,0.0195787692,0.200719406,0.0109047425,0.2,0.112796503,0.011230191,0.00211603105,-0.170721731,-0.0249206209,-0.207886001,-0.0174465394,0.0834798008
362,16055427,0.246755436,-0.0267395582,-0.00134050066,0.0655359849,0.136083469,-0.31066063,-0.273966283,0.0185623299,-0.31330049,-0.166356206,0.141010195,0.218206227,0.0197404349,-0.00213916466,-0.200603225,-0.170508807,0.0108866775,-0.0248528504,0.2,0.208353048,-0.112660098,-0.0832712412,0.0112808156,0.0174564981,0.0197404349,0.200603225,0.0108866775,0.2,0.112660098,0.0112808156,0.00213916466,-0.170508807,-0.0248528504,-0.208353048,-0.0174564981,0.0832712412
363,16074733,0.248367801,-0.0270185079,-0.00187104545,0.0658863857,0.135848269,-0.310183525,-0.274265736,0.0189431552,-0.313134581,-0.166058213,0.142074361,0.218749598,0.0198694241,-0.00216148064,-0.20084197,-0.170351126,0.0108678615,-0.024814682,0.2,0.20852442,-0.112626916,-0.0832116425,0.0113659489,0.0174999678,0.0198694241,0.20084197,0.0108678615,0.2,0.112626916,0.0113659489,0.00216148064,-0.170351126,-0.024814682,-0.20852442,-0.0174999678,0.0832116425
364,16097676,0.249747351,-0.0271505248,-0.00162867492,0.0659886673,0.135675997,-0.309761792,-0.27410832,0.0196110532,-0.312366694,-0.165669098,0.143203586,0.219165623,0.0199797881,-0.00217204198,-0.200732904,-0.1703051,0.0108540797,-0.0247809434,0.2,0.208824974,-0.112473339,-0.0831338197,0.0114562869,0.0175332499,0.0199797881,0.200732904,0.0108540797,0.2,0.112473339,0.0114562869,0.00217204198,-0.1703051,-0.0247809434,-0.208824974,-0.0175332499,0.0831338197
365,16114932,0.250649273,-0.0273173079,-0.00173723907,0.0660025552,0.135613397,-0.309381008,-0.274528533,0.0195711739,-0.312447011,-0.165686205,0.143813908,0.219309226,0.0200519419,-0.00218538463,-0.200781758,-0.17029885,0.0108490717,-0.0247504807,0.2,0.208807028,-0.112489402,-0.083137241,0.0115051126,0.0175447381,0.0200519419,0.200781758,0.0108490717,0.2,0.112489402,0.0115051126,0.00218538463,-0.17029885,-0.0247504807,-0.208807028,-0.0175447381,0.083137241
366,16137129,0.251154721,-0.0275362208,-0.00185989775,0.0659936816,0.135657027,-0.309452027,-0.27445507,0.0196327791,-0.312279999,-0.165741339,0.144349411,0.219444945,0.0200923777,-0.00220289767,-0.200836954,-0.170302843,0.0108525622,-0.0247561622,0.2,0.208834751,-0.112456,-0.0831482679,0.0115479529,0.0175555956,0.0200923777,0.200836954,0.0108525622,0.2,0.112456,0.0115479529,0.00220289767,-0.170302843,-0.0247561622,-0.208834751,-0.0175555956,0.0831482679
367,16155883,0.251167804,-0.0276789535,-0.00224300707,0.0661565214,0.135472089,-0.30972445,-0.274285316,0.0195708424,-0.312066138,-0.166025907,0.144920617,0.219629541,0.0200934243,-0.00221431628,-0.201009353,-0.170229565,0.0108377671,-0.024777956,0.2,0.208806879,-0.112413228,-0.0832051814,0.0115936494,0.0175703633,0.0200934243,0.201009353,0.0108377671,0.2,0.112413228,0.0115936494,0.00221431628,-0.170229565,-0.024777956,-0.208806879,-0.0175703633,0.0832051814
368,16177497,0.250487775,-0.0277143251,-0.00221976824,0.0657573789,0.135589719,-0.310339779,-0.274096191,0.0191396885,-0.312362432,-0.166665509,0.145066768,0.219736993,0.020039022,-0.00221714601,-0.200998896,-0.170409179,0.0108471775,-0.0248271823,0.2,0.20861286,-0.112472486,-0.0833331019,0.0116053414,0.0175789595,0.020039022,0.200998896,0.0108471775,0.2,0.112472486,0.0116053414,0.00221714601,-0.170409179,-0.0248271823,-0.20861286,-0.0175789595,0.0833331019
369,16195376,0.249367878,-0.0276256893,-0.0020007072,0.0653269961,0.135928139,-0.310814589,-0.273665547,0.0185693111,-0.312431872,-0.167300448,0.145156026,0.219704404,0.0199494302,-0.00221005514,-0.200900318,-0.170602852,0.0108742511,-0.0248651671,0.2,0.20835619,-0.112486374,-0.0834600896,0.0116124821,0.0175763524,0.0199494302,0.200900318,0.0108742511,0.2,0.112486374,0.0116124821,0.00221005514,-0.170602852,-0.0248651671,-0.20835619,-0.0175763524,0.0834600896
370,16216506,0.2480084,-0.0275116526,-0.0020416358,0.0651526973,0.136024103,-0.31155619,-0.273057431,0.0181807633,-0.311993927,-0.167728201,0.1448953,0.219603971,0.019840672,-0.0022009322,-0.200918736,-0.170681286,0.0108819282,-0.0249244952,0.2,0.208181344,-0.112398785,-0.0835456401,0.011591624,0.0175683177,0.019840672,0.200918736,0.0108819282,0.2,0.112398785,0.011591624,0.0022009322,-0.170681286,-0.0249244952,-0.208181344,-0.0175683177,0.0835456401
371,16234643,0.246378511,-0.0273175649,-0.00192474213,0.0645843893,0.136124074,-0.312448293,-0.272920191,0.0174125303,-0.312595397,-0.168524459,0.144053802,0.21942392,0.0197102809,-0.00218540519,-0.200866134,-0.170937025,0.010889926,-0.0249958634,0.2,0.207835639,-0.112519079,-0.0837048918,0.0115243042,0.0175539136,0.0197102809,0.200866134,0.010889926,0.2,0.112519079,0.0115243042,0.00218540519,-0.170937025,-0.0249958634,-0.207835639,-0.0175539136,0.0837048918
372,16255708,0.244855881,-0.0271563195,-0.00154544704,0.0640781298,0.136482731,-0.313031971,-0.272701114,0.0166872945,-0.313144982,-0.168996081,0.143004254,0.218887702,0.0195884705,-0.00217250556,-0.200695451,-0.171164842,0.0109186184,-0.0250425577,0.2,0.207509283,-0.112628996,-0.0837992162,0.0114403403,0.0175110161,0.0195884705,0.200695451,0.0109186184,0.2,0.112628996,0.0114403403,0.00217250556,-0.171164842,-0.0250425577,-0.207509283,-0.0175110161,0.0837992162
373,16278801,0.243440568,-0.0270575061,-0.00113297324,0.0636199117,0.136882588,-0.313220501,-0.272317737,0.0161716938,-0.313425839,-0.16929324,0.142126516,0.218349308,0.0194752455,-0.00216460049,-0.200509838,-0.17137104,0.0109506071,-0.0250576401,0.2,0.207277262,-0.112685168,-0.0838586479,0.0113701212,0.0174679446,0.0194752455,0.200509838,0.0109506071,0.2,0.112685168,0.0113701212,0.00216460049,-0.17137104,-0.0250576401,-0.207277262,-0.0174679446,0.0838586479
374,16295697,0.242869481,-0.0268340819,-0.000874927267,0.0635273084,0.137054488,-0.313258678,-0.272327513,0.0162576493,-0.313540995,-0.168997824,0.141131878,0.217886418,0.0194295585,-0.00214672655,-0.200393717,-0.171412711,0.010964359,-0.0250606942,0.2,0.207315942,-0.112708199,-0.0837995648,0.0112905502,0.0174309134,0.0194295585,0.200393717,0.010964359,0.2,0.112708199,0.0112905502,0.00214672655,-0.171412711,-0.0250606942,-0.207315942,-0.0174309134,0.0837995648
375,16321506,0.242452264,-0.0266293846,-0.00108521502,0.0635602698,0.137259543,-0.313189864,-0.272576869,0.0160891619,-0.314103663,-0.169221178,0.140814811,0.217942268,0.0193961811,-0.00213035077,-0.200488347,-0.171397879,0.0109807634,-0.0250551891,0.2,0.207240123,-0.112820733,-0.0838442355,0.0112651849,0.0174353814,0.0193961811,0.200488347,0.0109807634,0.2,0.112820733,0.0112651849,0.00213035077,-0.171397879,-0.0250551891,-0.207240123,-0.0174353814,0.0838442355
376,16336051,0.242243677,-0.0265608709,-0.00108702469,0.0636512116,0.137412518,-0.313059986,-0.272722036,0.0161675327,-0.314514726,-0.169164568,0.14034684,0.217941493,0.0193794942,-0.00212486967,-0.200489161,-0.171356955,0.0109930015,-0.0250447989,0.2,0.20727539,-0.112902945,-0.0838329136,0.0112277472,0.0174353194,0.0193794942,0.200489161,0.0109930015,0.2,0.112902945,0.0112277472,0.00212486967,-0.171356955,-0.0250447989,-0.20727539,-0.0174353194,0.0838329136
377,16361245,0.24219054,-0.0266932789,-0.0013479992,0.063966386,0.137385473,-0.31285423,-0.272491664,0.0163196586,-0.314473718,-0.168985963,0.140204966,0.218115017,0.0193752432,-0.00213546231,-0.2006066,-0.171215126,0.0109908378,-0.0250283384,0.2,0.207343846,-0.112894744,-0.0837971926,0.0112163973,0.0174492013,0.0193752432,0.2006066,0.0109908378,0.2,0.112894744,0.0112163973,0.00213546231,-0.171215126,-0.0250283384,-0.207343846,-0.0174492013,0.0837971926
378,16375885,0.242382526,-0.0268357042,-0.00137031428,0.063944377,0.13723214,-0.312708139,-0.272427708,0.0164359771,-0.314393193,-0.168837801,0.140131652,0.218355298,0.0193906021,-0.00214685634,-0.200616641,-0.17122503,0.0109785712,-0.0250166512,0.2,0.20739619,-0.112878639,-0.0837675601,0.0112105322,0.0174684238,0.0193906021,0.200616641,0.0109785712,0.2,0.112878639,0.0112105322,0.00214685634,-0.17122503,-0.0250166512,-0.20739619,-0.0174684238,0.0837675601
379,16397658,0.24256067,-0.0270182118,-0.00124933792,0.0640748665,0.137038365,-0.312555939,-0.272309721,0.0165534057,-0.314244628,-0.168550789,0.139970049,0.218495652,0.0194048536,-0.00216145694,-0.200562202,-0.17116631,0.0109630692,-0.0250044751,0.2,0.207449033,-0.112848926,-0.0837101579,0.0111976039,0.0174796522,0.0194048536,0.200562202,0.0109630692,0.2,0.112848926,0.0111976039,0.00216145694,-0.17116631,-0.0250044751,-0.207449033,-0.0174796522,0.0837101579
380,16415309,0.243371904,-0.0271397252,-0.000810691738,0.0640695393,0.136895269,-0.311999947,-0.27230981,0.0170592982,-0.313741416,-0.167822257,0.139834389,0.218458563,0.0194697523,-0.00217117801,-0.200364811,-0.171168707,0.0109516215,-0.0249599957,0.2,0.207676684,-0.112748283,-0.0835644513,0.0111867511,0.017476685,0.0194697523,0.200364811,0.0109516215,0.2,0.112748283,0.0111867511,0.00217117801,-0.171168707,-0.0249599957,-0.207676684,-0.017476685,0.0835644513
381,16438262,0.24393791,-0.0272408817,-0.00113915605,0.0641597733,0.136712641,-0.311854452,-0.27239123,0.0171348955,-0.313578963,-0.167824015,0.140346766,0.218808025,0.0195150328,-0.00217927054,-0.20051262,-0.171128102,0.0109370112,-0.0249483562,0.2,0.207710703,-0.112715793,-0.083564803,0.0112277412,0.017504642,0.0195150328,0.20051262,0.0109370112,0.2,0.112715793,0.0112277412,0.00217927054,-0.171128102,-0.0249483562,-0.207710703,-0.017504642,0.083564803
382,16463298,0.244681597,-0.0273338966,-0.000990262604,0.0642372891,0.136479303,-0.311571032,-0.272308975,0.0175290946,-0.313177615,-0.167573556,0.140833661,0.218999878,0.0195745277,-0.00218671173,-0.200445618,-0.17109322,0.0109183443,-0.0249256825,0.2,0.207888093,-0.112635523,-0.0835147113,0.0112666929,0.0175199902,0.0195745277,0.200445618,0.0109183443,0.2,0.112635523,0.0112666929,0.00218671173,-0.17109322,-0.0249256825,-0.207888093,-0.0175199902,0.0835147113
383,16478520,0.245760694,-0.0274616871,-0.00097486045,0.0645278767,0.13625744,-0.311059147,-0.272376209,0.0181072336,-0.312561303,-0.166959792,0.141408548,0.219260573,0.0196608555,-0.00219693497,-0.200438687,-0.170962455,0.0109005952,-0.0248847318,0.2,0.208148255,-0.112512261,-0.0833919585,0.0113126838,0.0175408459,0.0196608555,0.200438687,0.0109005952,0.2,0.112512261,0.0113126838,0.00219693497,-0.170962455,-0.0248847318,-0.208148255,-0.0175408459,0.0833919585
384,16497675,0.246398181,-0.0276577175,-0.00115830661,0.0644854978,0.136109769,-0.310950875,-0.272435695,0.0182473604,-0.312377512,-0.166981593,0.142157704,0.219807863,0.0197118545,-0.0022126174,-0.200521238,-0.170981526,0.0108887815,-0.02487607,0.2,0.208211312,-0.112475502,-0.0833963186,0.0113726163,0.0175846291,0.0197118545,0.200521238,0.0108887815,0.2,0.112475502,0.0113726163,0.0022126174,-0.170981526,-0.02487607,-0.208211312,-0.0175846291,0.0833963186
385,16521671,0.246958479,-0.0278248619,-0.0011181758,0.0646805242,0.135936663,-0.310769856,-0.272283018,0.0185697265,-0.311890393,-0.16677174,0.142746553,0.220093727,0.0197566783,-0.00222598895,-0.200503179,-0.170893764,0.010874933,-0.0248615885,0.2,0.208356377,-0.112378079,-0.0833543479,0.0114197242,0.0176074982,0.0197566783,0.200503179,0.010874933,0.2,0.112378079,0.0114197242,0.00222598895,-0.170893764,-0.0248615885,-0.208356377,-0.0176074982,0.0833543479
386,16535611,0.247296244,-0.0279575475,-0.00114241999,0.0645309463,0.135918915,-0.310752273,-0.272515714,0.0184905753,-0.312080413,-0.166903779,0.142940566,0.22019349,0.0197836995,-0.0022366038,-0.200514089,-0.170961074,0.0108735132,-0.0248601818,0.2,0.208320759,-0.112416083,-0.0833807558,0.0114352453,0.0176154792,0.0197836995,0.200514089,0.0108735132,0.2,0.112416083,0.0114352453,0.0022366038,-0.170961074,-0.0248601818,-0.208320759,-0.0176154792,0.0833807558
387,16555706,0.247357428,-0.0280312262,-0.00146992656,0.0646340996,0.135854125,-0.311192006,-0.272303551,0.0185362361,-0.311865807,-0.167098358,0.143418163,0.220499709,0.0197885942,-0.0022424981,-0.200661467,-0.170914655,0.01086833,-0.0248953605,0.2,0.208341306,-0.112373161,-0.0834196717,0.011473453,0.0176399767,0.0197885942,0.200661467,0.01086833,0.2,0.112373161,0.011473453,0.0022424981,-0.170914655,-0.0248953605,-0.208341306,-0.0176399767,0.0834196717
388,16581639,0.247316197,-0.0280342512,-0.00130687805,0.0644403249,0.135901466,-0.31149888,-0.272647768,0.0184204094,-0.312374651,-0.167246208,0.143090829,0.220339373,0.0197852957,-0.00224274009,-0.200588095,-0.171001854,0.0108721173,-0.0249199104,0.2,0.208289184,-0.11247493,-0.0834492415,0.0114472663,0.0176271498,0.0197852957,0.200588095,0.0108721173,0.2,0.11247493,0.0114472663,0.00224274009,-0.171001854,-0.0249199104,-0.208289184,-0.0176271498,0.0834492415
389,16597129,0.24713847,-0.0280406121,-0.00116436044,0.0642788261,0.136324018,-0.311700851,-0.272901118,0.0182327852,-0.313123286,-0.167243525,0.142525211,0.220038116,0.0197710776,-0.00224324897,-0.200523962,-0.171074528,0.0109059215,-0.0249360681,0.2,0.208204753,-0.112624657,-0.0834487051,0.0114020169,0.0176030493,0.0197710776,0.200523962,0.0109059215,0.2,0.112624657,0.0114020169,0.00224324897,-0.171074528,-0.0249360681,-0.208204753,-0.0176030493,0.0834487051
390,16624380,0.246950001,-0.0279217828,-0.00143640221,0.064408496,0.136565909,-0.311858654,-0.272739649,0.0182490982,-0.313033193,-0.167350531,0.142705753,0.21999076,0.019756,-0.00223374262,-0.200646381,-0.171016177,0.0109252727,-0.0249486923,0.2,0.208212094,-0.112606639,-0.0834701061,0.0114164603,0.0175992608,0.019756,0.200646381,0.0109252727,0.2,0.112606639,0.0114164603,0.00223374262,-0.171016177,-0.0249486923,-0.208212094,-0.0175992608,0.0834701061
391,16634302,0.246413052,-0.0278057083,-0.00160957733,0.0643335059,0.136572942,-0.312210679,-0.272573709,0.018125847,-0.313066065,-0.16771473,0.142797828,0.220081195,0.0197130442,-0.00222445667,-0.20072431,-0.171049922,0.0109258354,-0.0249768543,0.2,0.208156631,-0.112613213,-0.083542946,0.0114238262,0.0176064956,0.0197130442,0.20072431,0.0109258354,0.2,0.112613213,0.0114238262,0.00222445667,-0.171049922,-0.0249768543,-0.208156631,-0.0176064956,0.083542946
392,16656534,0.245895028,-0.0277245268,-0.00147815875,0.0641146973,0.136786506,-0.312460661,-0.272767127,0.017760871,-0.313795775,-0.167901516,0.142090544,0.219866499,0.0196716022,-0.00221796215,-0.200665171,-0.171148386,0.0109429204,-0.0249968529,0.2,0.207992392,-0.112759155,-0.0835803032,0.0113672435,0.0175893199,0.0196716022,0.200665171,0.0109429204,0.2,0.112759155,0.0113672435,0.00221796215,-0.171148386,-0.0249968529,-0.207992392,-0.0175893199,0.0835803032
393,16677975,0.245368764,-0.0277631935,-0.00142810459,0.0639738366,0.137204766,-0.312541485,-0.273124754,0.0172557421,-0.314841717,-0.16804336,0.140987009,0.219389126,0.0196295011,-0.00222105548,-0.200642647,-0.171211774,0.0109763813,-0.0250033188,0.2,0.207765084,-0.112968343,-0.083608672,0.0112789607,0.0175511301,0.0196295011,0.200642647,0.0109763813,0.2,0.112968343,0.0112789607,0.00222105548,-0.171211774,-0.0250033188,-0.207765084,-0.0175511301,0.083608672
394,16697731,0.244755775,-0.0278208237,-0.00161577505,0.0641042814,0.137378693,-0.312727898,-0.272752136,0.0171774291,-0.314913869,-0.16813904,0.140660301,0.219269395,0.019580462,-0.0022256659,-0.200727099,-0.171153073,0.0109902954,-0.0250182319,0.2,0.207729843,-0.112982774,-0.0836278081,0.0112528241,0.0175415516,0.019580462,0.200727099,0.0109902954,0.2,0.112982774,0.0112528241,0.0022256659,-0.171153073,-0.0250182319,-0.207729843,-0.0175415516,0.0836278081
395,16715384,0.24390848,-0.027739808,-0.00159184914,0.0639613792,0.137310907,-0.312852621,-0.271944076,0.0171399638,-0.314347237,-0.168506712,0.141140848,0.219567642,0.0195126784,-0.00221918464,-0.200716332,-0.171217379,0.0109848726,-0.0250282097,0.2,0.207712984,-0.112869447,-0.0837013423,0.0112912679,0.0175654113,0.0195126784,0.200716332,0.0109848726,0.2,0.112869447,0.0112912679,0.00221918464,-0.171217379,-0.0250282097,-0.207712984,-0.0175654113,0.0837013423
396,16741971,0.243266746,-0.0276223868,-0.00117671536,0.0633830056,0.137315467,-0.312960833,-0.271954596,0.0166868269,-0.314570695,-0.168779373,0.140634194,0.219419345,0.0194613397,-0.00220979095,-0.200529522,-0.171477647,0.0109852374,-0.0250368667,0.2,0.207509072,-0.112914139,-0.0837558746,0.0112507355,0.0175535476,0.0194613397,0.200529522,0.0109852374,0.2,0.112914139,0.0112507355,0.00220979095,-0.171477647,-0.0250368667,-0.207509072,-0.0175535476,0.0837558746
397,16756366,0.242846221,-0.0276935864,-0.00151337113,0.06365446,0.13712503,-0.313306838,-0.27173835,0.0165540669,-0.31442523,-0.168684021,0.140151456,0.219452649,0.0194276977,-0.00221548691,-0.200681017,-0.171355493,0.0109700024,-0.0250645471,0.2,0.20744933,-0.112885046,-0.0837368041,0.0112121165,0.0175562119,0.0194276977,0.200681017,0.0109700024,0.2,0.112885046,0.0112121165,0.00221548691,-0.171355493,-0.0250645471,-0.20744933,-0.0175562119,0.0837368041
398,16777985,0.242579639,-0.0278235469,-0.00133395893,0.0635410994,0.136826992,-0.31352061,-0.271760553,0.016539773,-0.314533025,-0.168564335,0.139440715,0.219332755,0.0194063711,-0.00222588375,-0.200600282,-0.171406505,0.0109461594,-0.0250816488,0.2,0.207442898,-0.112906605,-0.0837128669,0.0111552572,0.0175466204,0.0194063711,0.200600282,0.0109461594,0.2,0.112906605,0.0111552572,0.00222588375,-0.171406505,-0.0250816488,-0.207442898,-0.0175466204,0.0837128669
399,16799748,0.242192194,-0.0278229248,-0.00123579195,0.0633810982,0.136771664,-0.313652009,-0.271329939,0.0164014008,-0.314487815,-0.168737859,0.139657244,0.219510317,0.0193753755,-0.00222583398,-0.200556106,-0.171478506,0.0109417331,-0.0250921607,0.2,0.20738063,-0.112897563,-0.0837475717,0.0111725795,0.0175608253,0.0193753755,0.200556106,0.0109417331,0.2,0.112897563,0.0111725795,0.00222583398,-0.171478506,-0.0250921607,-0.20738063,-0.0175608253,0.0837475717
400,16817501,0.242529273,-0.0276931841,-0.000928905269,0.0633201078,0.136572197,-0.313447475,-0.271129221,0.0167557392,-0.313769251,-0.168429434,0.139869183,0.21946688,0.0194023418,-0.00221545473,-0.200418007,-0.171505952,0.0109257758,-0.025075798,0.2,0.207540083,-0.11275385,-0.0836858869,0.0111895347,0.0175573504,0.0194023418,0.200418007,0.0109257758,0.2,0.11275385,0.0111895347,0.00221545473,-0.171505952,-0.025075798,-0.207540083,-0.0175573504,0.0836858869
401,16838391,0.243293181,-0.0276510604,-0.000593471108,0.0634010434,0.136438102,-0.312963873,-0.271360993,0.0172738247,-0.313384265,-0.167737037,0.139855087,0.219491929,0.0194634545,-0.00221208483,-0.200267062,-0.17146953,0.0109150481,-0.0250371099,0.2,0.207773221,-0.112676853,-0.0835474074,0.0111884069,0.0175593543,0.0194634545,0.200267062,0.0109150481,0.2,0.112676853,0.0111884069,0.00221208483,-0.17146953,-0.0250371099,-0.207773221,-0.0175593543,0.0835474074
402,16857280,0.244503975,-0.027609475,-0.000547544623,0.0636225641,0.136391014,-0.312399745,-0.271839589,0.0178161282,-0.313189894,-0.167173192,0.140244141,0.219745874,0.019560318,-0.002208758,-0.200246395,-0.171369846,0.0109112811,-0.0249919796,0.2,0.208017258,-0.112637979,-0.0834346384,0.0112195313,0.01757967,0.019560318,0.200246395,0.0109112811,0.2,0.112637979,0.0112195313,0.002208758,-0.171369846,-0.0249919796,-0.208017258,-0.01757967,0.0834346384
403,16893419,0.245628595,-0.0277278908,-0.001041629,0.0641881078,0.136115834,-0.312134713,-0.272078097,0.0184071995,-0.31283772,-0.166826531,0.141029283,0.220230296,0.0196502876,-0.00221823126,-0.200468733,-0.171115351,0.0108892667,-0.024970777,0.2,0.20828324,-0.112567544,-0.0833653063,0.0112823427,0.0176184237,0.0196502876,0.200468733,0.0108892667,0.2,0.112567544,0.0112823427,0.00221823126,-0.171115351,-0.024970777,-0.20828324,-0.0176184237,0.0833653063
404,16896860,0.246325687,-0.02787406,-0.00143498613,0.0642364696,0.136055619,-0.312108725,-0.272570342,0.018328242,-0.313536435,-0.167185858,0.141644061,0.220665216,0.0197060549,-0.0022299248,-0.200645744,-0.171093589,0.0108844495,-0.024968698,0.2,0.208247709,-0.112707287,-0.0834371716,0.0113315248,0.0176532173,0.0197060549,0.200645744,0.0108844495,0.2,0.112707287,0.0113315248,0.0022299248,-0.171093589,-0.024968698,-0.208247709,-0.0176532173,0.0834371716
405,16915830,0.247082695,-0.0280708186,-0.00125607476,0.0643464178,0.136176601,-0.311912507,-0.272500426,0.0186918583,-0.31340006,-0.166842937,0.142014772,0.220703706,0.0197666156,-0.00224566549,-0.200565234,-0.171044112,0.0108941281,-0.0249530005,0.2,0.208411336,-0.112680012,-0.0833685875,0.0113611817,0.0176562965,0.0197666156,0.200565234,0.0108941281,0.2,0.112680012,0.0113611817,0.00224566549,-0.171044112,-0.0249530005,-0.208411336,-0.0176562965,0.0833685875
406,16946437,0.247653037,-0.0282414518,-0.00130203273,0.0644354373,0.136197403,-0.311679423,-0.272561103,0.0188862775,-0.313168794,-0.16659759,0.142415613,0.220795125,0.019812243,-0.00225931615,-0.200585915,-0.171004053,0.0108957922,-0.0249343538,0.2,0.208498825,-0.112633759,-0.083319518,0.011393249,0.01766361,0.019812243,0.200585915,0.0108957922,0.2,0.112633759,0.011393249,0.00225931615,-0.171004053,-0.0249343538,-0.208498825,-0.01766361,0.083319518
407,16953688,0.247996166,-0.028183436,-0.00171079475,0.0645623803,0.136010721,-0.3119784,-0.272726506,0.019002622,-0.313102841,-0.166764855,0.1428985,0.221028745,0.0198396933,-0.00225467488,-0.200769858,-0.170946929,0.0108808577,-0.024958272,0.2,0.20855118,-0.112620568,-0.0833529711,0.01143188,0.0176822996,0.0198396933,0.200769858,0.0108808577,0.2,0.112620568,0.01143188,0.00225467488,-0.170946929,-0.024958272,-0.20855118,-0.0176822996,0.0833529711
408,16976203,0.247803196,-0.0281273928,-0.00185889949,0.0645234957,0.135932401,-0.31225875,-0.272583783,0.0187969413,-0.313131124,-0.167209506,0.143365413,0.221129835,0.0198242557,-0.00225019142,-0.200836505,-0.170964427,0.0108745921,-0.0249807,0.2,0.208458624,-0.112626225,-0.0834419012,0.011469233,0.0176903868,0.0198242557,0.200836505,0.0108745921,0.2,0.112626225,0.011469233,0.00225019142,-0.170964427,-0.0249807,-0.208458624,-0.0176903868,0.0834419012
409,16994888,0.247582912,-0.0281393733,-0.00176863431,0.0644025058,0.135895401,-0.312522858,-0.272274256,0.0186742954,-0.312880397,-0.167222381,0.14332518,0.221060917,0.019806633,-0.00225114986,-0.200795885,-0.171018872,0.0108716321,-0.0250018287,0.2,0.208403433,-0.112576079,-0.0834444761,0.0114660144,0.0176848733,0.019806633,0.200795885,0.0108716321,0.2,0.112576079,0.0114660144,0.00225114986,-0.171018872,-0.0250018287,-0.208403433,-0.0176848733,0.0834444761
410,17022083,0.247131094,-0.0281740725,-0.00161576341,0.0640980378,0.135993183,-0.312789649,-0.272386909,0.0182877369,-0.313316345,-0.167385772,0.142718643,0.220790848,0.0197704875,-0.0022539258,-0.200727094,-0.171155883,0.0108794546,-0.0250231719,0.2,0.208229482,-0.112663269,-0.0834771544,0.0114174914,0.0176632679,0.0197704875,0.200727094,0.0108794546,0.2,0.112663269,0.0114174914,0.0022539258,-0.171155883,-0.0250231719,-0.208229482,-0.0176632679,0.0834771544
411,17035429,0.246854603,-0.0281104445,-0.00142373051,0.0640662089,0.136133805,-0.312881142,-0.272292346,0.0183244944,-0.313265413,-0.167245239,0.142380431,0.22050941,0.0197483683,-0.00224883556,-0.200640679,-0.171170206,0.0108907044,-0.0250304914,0.2,0.208246022,-0.112653083,-0.0834490478,0.0113904345,0.0176407528,0.0197483683,0.200640679,0.0108907044,0.2,0.112653083,0.0113904345,0.00224883556,-0.171170206,-0.0250304914,-0.208246022,-0.0176407528,0.0834490478
412,17059861,0.246713355,-0.028002413,-0.00150451728,0.0640636384,0.13617073,-0.313040316,-0.2725375,0.0182759799,-0.313484401,-0.167285264,0.142020687,0.220256299,0.0197370684,-0.00224019304,-0.200677033,-0.171171363,0.0108936584,-0.0250432253,0.2,0.208224191,-0.11269688,-0.0834570527,0.011361655,0.0176205039,0.0197370684,0.200677033,0.0108936584,0.2,0.11269688,0.011361655,0.00224019304,-0.171171363,-0.0250432253,-0.208224191,-0.0176205039,0.0834570527
413,17075679,0.246865511,-0.0278557073,-0.00148213503,0.0641677603,0.136232808,-0.31306833,-0.272552699,0.0184865054,-0.31354481,-0.167091116,0.141925529,0.220229596,0.0197492409,-0.00222845659,-0.200666961,-0.171124508,0.0108986247,-0.0250454664,0.2,0.208318927,-0.112708962,-0.0834182233,0.0113540423,0.0176183677,0.0197492409,0.200666961,0.0108986247,0.2,0.112708962,0.0113540423,0.00222845659,-0.171124508,-0.0250454664,-0.208318927,-0.0176183677,0.0834182233
414,17100827,0.246765405,-0.0277884472,-0.00192061905,0.0641978756,0.136396676,-0.313220918,-0.273007929,0.018073326,-0.314356774,-0.16752699,0.141748905,0.220306262,0.0197412324,-0.00222307578,-0.200864279,-0.171110956,0.0109117341,-0.0250576735,0.2,0.208132997,-0.112871355,-0.083505398,0.0113399124,0.017624501,0.0197412324,0.200864279,0.0109117341,0.2,0.112871355,0.0113399124,0.00222307578,-0.171110956,-0.0250576735,-0.208132997,-0.017624501,0.083505398
415,17114865,0.246289387,-0.0278478991,-0.0018398487,0.064193964,0.136651129,-0.313383192,-0.272801101,0.0179226696,-0.314729124,-0.167707726,0.141435564,0.220273033,0.019703151,-0.00222783193,-0.200827932,-0.171112716,0.0109320903,-0.0250706553,0.2,0.208065201,-0.112945825,-0.0835415453,0.0113148451,0.0176218426,0.019703151,0.200827932,0.0109320903,0.2,0.112945825,0.0113148451,0.00222783193,-0.171112716,-0.0250706553,-0.208065201,-0.0176218426,0.0835415453
416,17136378,0.245725214,-0.0279408619,-0.00195656554,0.0643235892,0.136647046,-0.313479543,-0.272156954,0.017922055,-0.31412062,-0.167752713,0.141622052,0.220518231,0.0196580172,-0.00223526895,-0.200880454,-0.171054385,0.0109317636,-0.0250783634,0.2,0.208064925,-0.112824124,-0.0835505426,0.0113297641,0.0176414585,0.0196580172,0.200880454,0.0109317636,0.2,0.112824124,0.0113297641,0.00223526895,-0.171054385,-0.0250783634,-0.208064925,-0.0176414585,0.0835505426
417,17156599,0.244806454,-0.0279312246,-0.00190305151,0.0639131814,0.136465073,-0.313875854,-0.271587819,0.0175522603,-0.313595384,-0.168271571,0.141949609,0.220915824,0.0195845163,-0.00223449796,-0.200856373,-0.171239068,0.0109172058,-0.0251100683,0.2,0.207898517,-0.112719077,-0.0836543143,0.0113559687,0.0176732659,0.0195845163,0.200856373,0.0109172058,0.2,0.112719077,0.0113559687,0.00223449796,-0.171239068,-0.0251100683,-0.207898517,-0.0176732659,0.0836543143
418,17179914,0.243756086,-0.0278801117,-0.00160554214,0.0635053739,0.136385053,-0.314253807,-0.271265388,0.0169186406,-0.31347841,-0.168766931,0.141662866,0.220880702,0.0195004869,-0.00223040894,-0.200722494,-0.171422582,0.0109108043,-0.0251403046,0.2,0.207613388,-0.112695682,-0.0837533861,0.0113330293,0.0176704562,0.0195004869,0.200722494,0.0109108043,0.2,0.112695682,0.0113330293,0.00223040894,-0.171422582,-0.0251403046,-0.207613388,-0.0176704562,0.0837533861
419,17195536,0.243484363,-0.0278298929,-0.000743249373,0.0632341653,0.136410639,-0.313958496,-0.270989776,0.0170328971,-0.312781543,-0.168159232,0.140903026,0.22033231,0.019478749,-0.00222639143,-0.200334462,-0.171544626,0.0109128511,-0.0251166797,0.2,0.207664804,-0.112556309,-0.0836318463,0.0112722421,0.0176265848,0.019478749,0.200334462,0.0109128511,0.2,0.112556309,0.0112722421,0.00222639143,-0.171544626,-0.0251166797,-0.207664804,-0.0176265848,0.0836318463
420,17225062,0.243255526,-0.0277351364,-0.000705389422,0.0630830079,0.136400595,-0.313891381,-0.270947546,0.0170012116,-0.312443852,-0.16805689,0.140843883,0.220330492,0.0194604421,-0.00221881092,-0.200317425,-0.171612646,0.0109120476,-0.0251113105,0.2,0.207650545,-0.11248877,-0.0836113781,0.0112675107,0.0176264393,0.0194604421,0.200317425,0.0109120476,0.2,0.11248877,0.0112675107,0.00221881092,-0.171612646,-0.0251113105,-0.207650545,-0.0176264393,0.0836113781
421,17234543,0.243622616,-0.0275326762,-0.000453278626,0.0630370826,0.136340067,-0.313714236,-0.27140671,0.0172662027,-0.312577963,-0.167836204,0.140535802,0.220087543,0.0194898093,-0.0022026141,-0.200203975,-0.171633313,0.0109072053,-0.0250971389,0.2,0.207769791,-0.112515593,-0.0835672408,0.0112428641,0.0176070035,0.0194898093,0.200203975,0.0109072053,0.2,0.112515593,0.0112428641,0.0022026141,-0.171633313,-0.0250971389,-0.207769791,-0.0176070035,0.0835672408
422,17260456,0.244438499,-0.0275087282,-0.0010250893,0.0636089966,0.136290088,-0.313550681,-0.272022486,0.0175866056,-0.313037336,-0.167539865,0.140460253,0.220116183,0.0195550799,-0.00220069826,-0.20046129,-0.171375952,0.0109032071,-0.0250840545,0.2,0.207913973,-0.112607467,-0.083507973,0.0112368202,0.0176092947,0.0195550799,0.20046129,0.0109032071,0.2,0.112607467,0.0112368202,0.00220069826,-0.171375952,-0.0250840545,-0.207913973,-0.0176092947,0.083507973
423,17278510,0.244959578,-0.0276262462,-0.00123077305,0.063789703,0.13634032,-0.313385516,-0.272043139,0.0178748257,-0.313217998,-0.16757907,0.14106153,0.22058171,0.0195967662,-0.0022100997,-0.200553848,-0.171294634,0.0109072256,-0.0250708413,0.2,0.208043672,-0.1126436,-0.0835158139,0.0112849224,0.0176465368,0.0195967662,0.200553848,0.0109072256,0.2,0.1126436,0.0112849224,0.0022100997,-0.171294634,-0.0250708413,-0.208043672,-0.0176465368,0.0835158139
424,17294499,0.245353475,-0.0277140792,-0.00113778352,0.0639212206,0.136391774,-0.313106507,-0.272052169,0.0180740543,-0.313210696,-0.16744712,0.141418621,0.220793203,0.019628278,-0.00221712634,-0.200512003,-0.171235451,0.0109113419,-0.0250485206,0.2,0.208133324,-0.112642139,-0.083489424,0.0113134897,0.0176634562,0.019628278,0.200512003,0.0109113419,0.2,0.112642139,0.0113134897,0.00221712634,-0.171235451,-0.0250485206,-0.208133324,-0.0176634562,0.083489424
425,17332160,0.245613545,-0.0278176293,-0.00136941543,0.0639879778,0.136400819,-0.312962323,-0.271798551,0.0181429833,-0.312873453,-0.167609438,0.142224967,0.221222207,0.0196490836,-0.00222541034,-0.200616237,-0.17120541,0.0109120655,-0.0250369859,0.2,0.208164342,-0.112574691,-0.0835218877,0.0113779974,0.0176977766,0.0196490836,0.200616237,0.0109120655,0.2,0.112574691,0.0113779974,0.00222541034,-0.17120541,-0.0250369859,-0.208164342,-0.0176977766,0.0835218877
426,17339525,0.24537538,-0.0278938878,-0.0015206734,0.0639245883,0.136177003,-0.313211173,-0.271487713,0.0179918502,-0.312478274,-0.167898193,0.142675966,0.221505895,0.0196300304,-0.00223151103,-0.200684303,-0.171233935,0.0108941603,-0.0250568938,0.2,0.208096333,-0.112495655,-0.0835796386,0.0114140773,0.0177204716,0.0196300304,0.200684303,0.0108941603,0.2,0.112495655,0.0114140773,0.00223151103,-0.171233935,-0.0250568938,-0.208096333,-0.0177204716,0.0835796386
427,17360620,0.24485065,-0.0279436763,-0.00134650245,0.0638405159,0.13592191,-0.313506126,-0.270819217,0.0178995617,-0.311701149,-0.167939186,0.142912567,0.221664339,0.019588052,-0.00223549411,-0.200605926,-0.171271768,0.0108737528,-0.0250804901,0.2,0.208054803,-0.11234023,-0.0835878372,0.0114330053,0.0177331471,0.019588052,0.200605926,0.0108737528,0.2,0.11234023,0.0114330053,0.00223549411,-0.171271768,-0.0250804901,-0.208054803,-0.0177331471,0.0835878372
428,17375949,0.244481817,-0.0278889462,-0.000551067467,0.0632336289,0.135939538,-0.313396811,-0.270654857,0.0177031159,-0.311299473,-0.167863876,0.142735496,0.221515939,0.0195585454,-0.0022311157,-0.20024798,-0.171544867,0.0108751631,-0.0250717449,0.2,0.207966402,-0.112259895,-0.0835727751,0.0114188397,0.0177212751,0.0195585454,0.20024798,0.0108751631,0.2,0.112259895,0.0114188397,0.0022311157,-0.171544867,-0.0250717449,-0.207966402,-0.0177212751,0.0835727751
429,17401172,0.244196385,-0.0278128218,-0.000555880833,0.0631174669,0.135932282,-0.313554496,-0.270611376,0.0175399054,-0.310973346,-0.167869478,0.142665625,0.221387476,0.0195357108,-0.00222502574,-0.200250146,-0.17159714,0.0108745825,-0.0250843596,0.2,0.207892957,-0.112194669,-0.0835738957,0.01141325,0.0177109981,0.0195357108,0.200250146,0.0108745825,0.2,0.112194669,0.01141325,0.00222502574,-0.17159714,-0.0250843596,-0.207892957,-0.0177109981,0.0835738957
430,17415625,0.24438931,-0.0276533104,-0.000413561531,0.063030228,0.135923326,-0.313603103,-0.271073431,0.0176769085,-0.311241657,-0.167717829,0.142216742,0.221047089,0.0195511448,-0.00221226484,-0.200186103,-0.171636397,0.0108738661,-0.0250882483,0.2,0.207954609,-0.112248331,-0.0835435659,0.0113773394,0.0176837671,0.0195511448,0.200186103,0.0108738661,0.2,0.112248331,0.0113773394,0.00221226484,-0.171636397,-0.0250882483,-0.207954609,-0.0176837671,0.0835435659
431,17438616,0.24516952,-0.0275650993,-0.000676913769,0.0634670183,0.135880888,-0.313573301,-0.271513462,0.0181505717,-0.311472982,-0.167227015,0.141965508,0.220947787,0.0196135616,-0.00220520794,-0.200304611,-0.171439842,0.010870471,-0.0250858641,0.2,0.208167757,-0.112294596,-0.083445403,0.0113572407,0.017675823,0.0196135616,0.200304611,0.010870471,0.2,0.112294596,0.0113572407,0.00220520794,-0.171439842,-0.0250858641,-0.208167757,-0.017675823,0.083445403
432,17461299,0.245556504,-0.0275858901,-0.0012706368,0.0637178943,0.13586311,-0.313696444,-0.271768153,0.01823356,-0.31204161,-0.167509615,0.142405003,0.221329689,0.0196445203,-0.00220687121,-0.200571787,-0.171326948,0.0108690488,-0.0250957155,0.2,0.208205102,-0.112408322,-0.0835019231,0.0113924003,0.0177063751,0.0196445203,0.200571787,0.0108690488,0.2,0.112408322,0.0113924003,0.00220687121,-0.171326948,-0.0250957155,-0.208205102,-0.0177063751,0.0835019231
433,17475978,0.245675027,-0.0276768655,-0.00115287339,0.0636633709,0.136057943,-0.313550204,-0.271684289,0.0182115398,-0.312416136,-0.16776453,0.142804146,0.221527651,0.0196540022,-0.00221414924,-0.200518793,-0.171351483,0.0108846354,-0.0250840163,0.2,0.208195193,-0.112483227,-0.0835529059,0.0114243317,0.0177222121,0.0196540022,0.200518793,0.0108846354,0.2,0.112483227,0.0114243317,0.00221414924,-0.171351483,-0.0250840163,-0.208195193,-0.0177222121,0.0835529059
434,17503857,0.245834902,-0.0277928375,-0.000940146332,0.0635382757,0.136432782,-0.313319653,-0.272104114,0.0180621687,-0.313037544,-0.167657241,0.142252013,0.221195221,0.0196667922,-0.002223427,-0.200423066,-0.171407776,0.0109146225,-0.0250655723,0.2,0.208127976,-0.112607509,-0.0835314482,0.011380161,0.0176956177,0.0196667922,0.200423066,0.0109146225,0.2,0.112607509,0.011380161,0.002223427,-0.171407776,-0.0250655723,-0.208127976,-0.0176956177,0.0835314482
435,17520092,0.245700225,-0.0279706419,-0.00138799788,0.0635542199,0.136858463,-0.313460618,-0.272506088,0.0176108945,-0.314169884,-0.168081746,0.141754761,0.220999047,0.019656018,-0.00223765135,-0.200624599,-0.171400601,0.0109486771,-0.0250768495,0.2,0.207924903,-0.112833977,-0.0836163491,0.0113403809,0.0176799238,0.019656018,0.200624599,0.0109486771,0.2,0.112833977,0.0113403809,0.00223765135,-0.171400601,-0.0250768495,-0.207924903,-0.0176799238,0.0836163491
436,17542851,0.24510619,-0.0280690528,-0.00138817844,0.0635785088,0.137081861,-0.313634962,-0.272211611,0.017542867,-0.314410359,-0.168371052,0.141535372,0.220833331,0.0196084952,-0.00224552423,-0.20062468,-0.171389671,0.0109665489,-0.0250907969,0.2,0.20789429,-0.112882072,-0.0836742103,0.0113228297,0.0176666665,0.0196084952,0.20062468,0.0109665489,0.2,0.112882072,0.0113228297,0.00224552423,-0.171389671,-0.0250907969,-0.20789429,-0.0176666665,0.0836742103
437,17553727,0.24443309,-0.0280406233,-0.00146577647,0.0635071024,0.137141645,-0.313855112,-0.27182892,0.0173591897,-0.314396501,-0.168459505,0.141228437,0.220733643,0.0195546472,-0.00224324986,-0.200659599,-0.171421804,0.0109713316,-0.0251084089,0.2,0.207811635,-0.1128793,-0.083691901,0.011298275,0.0176586914,0.0195546472,0.200659599,0.0109713316,0.2,0.1128793,0.011298275,0.00224324986,-0.171421804,-0.0251084089,-0.207811635,-0.0176586914,0.083691901
438,17578799,0.24404113,-0.0279403254,-0.00139782636,0.0632934272,0.137101516,-0.314053565,-0.271573901,0.0172625706,-0.314137876,-0.168444172,0.140962854,0.22068201,0.0195232904,-0.00223522604,-0.200629022,-0.171517958,0.0109681213,-0.0251242852,0.2,0.207768157,-0.112827575,-0.0836888343,0.0112770283,0.0176545608,0.0195232904,0.200629022,0.0109681213,0.2,0.112827575,0.0112770283,0.00223522604,-0.171517958,-0.0251242852,-0.207768157,-0.0176545608,0.0836888343
439,17597679,0.243827716,-0.0279563591,-0.00104355405,0.0632867962,0.136905998,-0.313904166,-0.271135509,0.0174338296,-0.313407958,-0.167991892,0.140823454,0.22069481,0.0195062172,-0.00223650873,-0.200469599,-0.171520942,0.0109524798,-0.0251123333,0.2,0.207845223,-0.112681592,-0.0835983783,0.0112658763,0.0176555848,0.0195062172,0.200469599,0.0109524798,0.2,0.112681592,0.0112658763,0.00223650873,-0.171520942,-0.0251123333,-0.207845223,-0.0176555848,0.0835983783
440,17624115,0.243948877,-0.0279944018,-0.000944651489,0.063203156,0.136662021,-0.313873321,-0.271285623,0.0175308902,-0.313271403,-0.167686999,0.140374929,0.220716745,0.0195159101,-0.00223955214,-0.200425093,-0.17155858,0.0109329617,-0.0251098657,0.2,0.207888901,-0.112654281,-0.0835373998,0.0112299943,0.0176573396,0.0195159101,0.200425093,0.0109329617,0.2,0.112654281,0.0112299943,0.00223955214,-0.17155858,-0.0251098657,-0.207888901,-0.0176573396,0.0835373998
441,17635648,0.244347036,-0.0280217472,-0.00121986598,0.0633210838,0.1364737,-0.313946605,-0.271481246,0.0175865199,-0.313385397,-0.167624772,0.140356824,0.220889196,0.0195477629,-0.00224173978,-0.20054894,-0.171505512,0.010917896,-0.0251157284,0.2,0.207913934,-0.112677079,-0.0835249543,0.0112285459,0.0176711357,0.0195477629,0.20054894,0.010917896,0.2,0.112677079,0.0112285459,0.00224173978,-0.171505512,-0.0251157284,-0.207913934,-0.0176711357,0.0835249543
442,17659846,0.244748905,-0.0281142611,-0.00113099255,0.0633408651,0.136414453,-0.313752949,-0.271565378,0.0177343953,-0.313618243,-0.167584136,0.140422225,0.220978171,0.0195799124,-0.00224914089,-0.200508947,-0.171496611,0.0109131563,-0.0251002359,0.2,0.207980478,-0.112723649,-0.0835168272,0.011233778,0.0176782537,0.0195799124,0.200508947,0.0109131563,0.2,0.112723649,0.011233778,0.00224914089,-0.171496611,-0.0251002359,-0.207980478,-0.0176782537,0.0835168272
443,17678424,0.244917572,-0.0283288416,-0.00143635203,0.0633801594,0.136523992,-0.313885987,-0.271962255,0.0175199267,-0.314598501,-0.167799622,0.139874324,0.220911354,0.0195934057,-0.00226630732,-0.200646358,-0.171478928,0.0109219193,-0.0251108789,0.2,0.207883967,-0.1129197,-0.0835599244,0.0111899459,0.0176729083,0.0195934057,0.200646358,0.0109219193,0.2,0.1129197,0.0111899459,0.00226630732,-0.171478928,-0.0251108789,-0.207883967,-0.0176729083,0.0835599244
444,17698400,0.244984001,-0.0285049602,-0.00149713038,0.0634828508,0.136673599,-0.3137739,-0.271502733,0.0176831447,-0.314550608,-0.167877093,0.140222028,0.221096471,0.0195987201,-0.00228039682,-0.200673709,-0.171432717,0.010933888,-0.025101912,0.2,0.207957415,-0.112910122,-0.0835754186,0.0112177622,0.0176877177,0.0195987201,0.200673709,0.010933888,0.2,0.112910122,0.0112177622,0.00228039682,-0.171432717,-0.025101912,-0.207957415,-0.0176877177,0.0835754186
445,17717583,0.244469374,-0.0286697131,-0.00133621751,0.0632287562,0.136718169,-0.313788176,-0.271108419,0.0174706019,-0.314373791,-0.168219864,0.140499219,0.221319631,0.01955755,-0.00229357705,-0.200601298,-0.17154706,0.0109374535,-0.025103054,0.2,0.207861771,-0.112874758,-0.0836439729,0.0112399375,0.0177055705,0.01955755,0.200601298,0.0109374535,0.2,0.112874758,0.0112399375,0.00229357705,-0.17154706,-0.025103054,-0.207861771,-0.0177055705,0.0836439729
446,17741149,0.24400413,-0.0286876839,-0.00124950183,0.0630774423,0.136662349,-0.313982099,-0.270693868,0.0173479952,-0.313966393,-0.16828306,0.140508994,0.22147043,0.0195203304,-0.00229501471,-0.200562276,-0.171615151,0.0109329879,-0.0251185679,0.2,0.207806598,-0.112793279,-0.083656612,0.0112407196,0.0177176344,0.0195203304,0.200562276,0.0109329879,0.2,0.112793279,0.0112407196,0.00229501471,-0.171615151,-0.0251185679,-0.207806598,-0.0177176344,0.083656612
447,17758483,0.243864745,-0.0286719799,-0.00111560605,0.0628775731,0.13661468,-0.314074785,-0.271013051,0.0171214342,-0.314117908,-0.168283358,0.139990821,0.221288621,0.0195091796,-0.00229375839,-0.200502023,-0.171705092,0.0109291744,-0.0251259828,0.2,0.207704645,-0.112823582,-0.0836566716,0.0111992657,0.0177030897,0.0195091796,0.200502023,0.0109291744,0.2,0.112823582,0.0111992657,0.00229375839,-0.171705092,-0.0251259828,-0.207704645,-0.0177030897,0.0836566716
448,17777254,0.243483618,-0.0287934672,-0.000908250164,0.0627660304,0.136683702,-0.314181089,-0.270758092,0.0170916971,-0.314105123,-0.168198198,0.139696285,0.221193388,0.0194786894,-0.00230347738,-0.200408713,-0.171755286,0.0109346962,-0.0251344872,0.2,0.207691264,-0.112821025,-0.0836396396,0.0111757028,0.017695471,0.0194786894,0.200408713,0.0109346962,0.2,0.112821025,0.0111757028,0.00230347738,-0.171755286,-0.0251344872,-0.207691264,-0.017695471,0.0836396396
449,17801382,0.243677408,-0.0286861397,-0.000755832181,0.0628260523,0.13653639,-0.314036399,-0.27057752,0.0174182169,-0.313552797,-0.167777136,0.139680728,0.221107215,0.0194941926,-0.00229489118,-0.200340124,-0.171728276,0.0109229112,-0.0251229119,0.2,0.207838198,-0.112710559,-0.0835554272,0.0111744583,0.0176885772,0.0194941926,0.200340124,0.0109229112,0.2,0.112710559,0.0111744583,0.00229489118,-0.171728276,-0.0251229119,-0.207838198,-0.0176885772,0.0835554272
450,17816532,0.244283631,-0.0285624564,-0.000672482187,0.0628585741,0.136422619,-0.313844919,-0.270954847,0.0177453272,-0.313460201,-0.167444184,0.139690742,0.221112341,0.0195426905,-0.00228499651,-0.200302617,-0.171713642,0.0109138095,-0.0251075935,0.2,0.207985397,-0.11269204,-0.0834888369,0.0111752594,0.0176889873,0.0195426905,0.200302617,0.0109138095,0.2,0.11269204,0.0111752594,0.00228499651,-0.171713642,-0.0251075935,-0.207985397,-0.0176889873,0.0834888369
451,17839782,0.244697809,-0.0285322964,-0.00123417447,0.0630433857,0.136430383,-0.313942134,-0.271523386,0.0176289883,-0.314323306,-0.167826176,0.139937595,0.221382841,0.0195758247,-0.00228258371,-0.200555379,-0.171630476,0.0109144306,-0.0251153708,0.2,0.207933045,-0.112864661,-0.0835652351,0.0111950076,0.0177106273,0.0195758247,0.200555379,0.0109144306,0.2,0.112864661,0.0111950076,0.00228258371,-0.171630476,-0.0251153708,-0.207933045,-0.0177106273,0.0835652351
452,17862203,0.244855747,-0.0287096165,-0.00135921943,0.0633012354,0.136483073,-0.313942105,-0.271375597,0.017760966,-0.314528525,-0.167862654,0.140091926,0.221497148,0.0195884597,-0.00229676932,-0.200611649,-0.171514444,0.0109186459,-0.0251153684,0.2,0.207992435,-0.112905705,-0.0835725307,0.0112073541,0.0177197719,0.0195884597,0.200611649,0.0109186459,0.2,0.112905705,0.0112073541,0.00229676932,-0.171514444,-0.0251153684,-0.207992435,-0.0177197719,0.0835725307
453,17876909,0.244654596,-0.0288192574,-0.0013767929,0.0632570386,0.136548579,-0.313949466,-0.271030724,0.0176721904,-0.314411521,-0.16798602,0.140470862,0.221726626,0.0195723677,-0.00230554059,-0.200619557,-0.171534333,0.0109238863,-0.0251159573,0.2,0.207952486,-0.112882304,-0.0835972041,0.011237669,0.0177381301,0.0195723677,0.200619557,0.0109238863,0.2,0.112882304,0.011237669,0.00230554059,-0.171534333,-0.0251159573,-0.207952486,-0.0177381301,0.0835972041
454,17898565,0.244405299,-0.0288307536,-0.00133260747,0.0631823912,0.136359319,-0.314068377,-0.270305365,0.0177704357,-0.313373744,-0.168093428,0.141317636,0.222176895,0.019552424,-0.00230646029,-0.200599673,-0.171567924,0.0109087455,-0.0251254702,0.2,0.207996696,-0.112674749,-0.0836186856,0.0113054109,0.0177741516,0.019552424,0.200599673,0.0109087455,0.2,0.112674749,0.0113054109,0.00230646029,-0.171567924,-0.0251254702,-0.207996696,-0.0177741516,0.0836186856
455,17917495,0.243985966,-0.0288120508,-0.000973148854,0.0628355071,0.136169851,-0.314051569,-0.270203173,0.0174617898,-0.313042521,-0.168253362,0.141272023,0.222132593,0.0195188773,-0.00230496407,-0.200437917,-0.171724022,0.0108935881,-0.0251241255,0.2,0.207857805,-0.112608504,-0.0836506724,0.0113017619,0.0177706075,0.0195188773,0.200437917,0.0108935881,0.2,0.112608504,0.0113017619,0.00230496407,-0.171724022,-0.0251241255,-0.207857805,-0.0177706075,0.0836506724
456,17941969,0.243808717,-0.0287410114,-0.000626955996,0.0626204237,0.136113554,-0.314076632,-0.27016288,0.0173789822,-0.312781632,-0.168049723,0.140880629,0.221907377,0.0195046973,-0.00229928091,-0.20028213,-0.171820809,0.0108890843,-0.0251261306,0.2,0.207820542,-0.112556326,-0.0836099446,0.0112704504,0.0177525902,0.0195046973,0.20028213,0.0108890843,0.2,0.112556326,0.0112704504,0.00229928091,-0.171820809,-0.0251261306,-0.207820542,-0.0177525902,0.0836099446
457,17961735,0.244091287,-0.0286748931,-0.000237835789,0.0625477806,0.136148825,-0.313770175,-0.270421803,0.0175231714,-0.312584579,-0.167622313,0.140460595,0.221483007,0.019527303,-0.00229399145,-0.200107026,-0.171853499,0.010891906,-0.025101614,0.2,0.207885427,-0.112516916,-0.0835244626,0.0112368476,0.0177186406,0.019527303,0.200107026,0.010891906,0.2,0.112516916,0.0112368476,0.00229399145,-0.171853499,-0.025101614,-0.207885427,-0.0177186406,0.0835244626
458,17983359,0.244498178,-0.0286109298,-0.000582117704,0.0628173277,0.136052921,-0.313752979,-0.270620137,0.0177965425,-0.312575847,-0.167441264,0.140577987,0.221504301,0.0195598543,-0.00228887439,-0.200261953,-0.171732203,0.0108842337,-0.0251002383,0.2,0.208008444,-0.112515169,-0.0834882528,0.0112462389,0.0177203441,0.0195598543,0.200261953,0.0108842337,0.2,0.112515169,0.0112462389,0.00228887439,-0.171732203,-0.0251002383,-0.208008444,-0.0177203441,0.0834882528
459,17999564,0.245312929,-0.0285047907,-0.00075370766,0.063025035,0.135934025,-0.313614279,-0.271088719,0.0181488451,-0.312811404,-0.167268112,0.140733346,0.221537873,0.0196250343,-0.00228038326,-0.200339168,-0.171638734,0.010874722,-0.0250891423,0.2,0.20816698,-0.112562281,-0.0834536225,0.0112586677,0.0177230299,0.0196250343,0.200339168,0.010874722,0.2,0.112562281,0.0112586677,0.00228038326,-0.171638734,-0.0250891423,-0.20816698,-0.0177230299,0.0834536225
460,18016506,0.246126994,-0.0285148509,-0.00106260786,0.0633721799,0.135945514,-0.313387543,-0.271577597,0.0184151847,-0.313311726,-0.16712147,0.140996322,0.221680716,0.0196901596,-0.00228118807,-0.200478174,-0.171482519,0.0108756411,-0.0250710034,0.2,0.208286833,-0.112662345,-0.083424294,0.0112797058,0.0177344573,0.0196901596,0.200478174,0.0108756411,0.2,0.112662345,0.0112797058,0.00228118807,-0.171482519,-0.0250710034,-0.208286833,-0.0177344573,0.083424294
461,18040198,0.246531516,-0.028665578,-0.0014652377,0.063659057,0.135967582,-0.313311934,-0.27150178,0.0185355227,-0.313373178,-0.167238176,0.141633973,0.22203052,0.0197225213,-0.00229324624,-0.200659357,-0.171353424,0.0108774066,-0.0250649548,0.2,0.208340985,-0.112674636,-0.0834476352,0.0113307178,0.0177624416,0.0197225213,0.200659357,0.0108774066,0.2,0.112674636,0.0113307178,0.00229324624,-0.171353424,-0.0250649548,-0.208340985,-0.0177624416,0.0834476352
462,18055643,0.246132478,-0.0288573261,-0.00165713951,0.0635183007,0.135984808,-0.313486457,-0.271200746,0.0181743857,-0.313646883,-0.167888418,0.142132729,0.222343266,0.0196905982,-0.00230858609,-0.200745713,-0.171416765,0.0108787847,-0.0250789165,0.2,0.208178474,-0.112729377,-0.0835776836,0.0113706183,0.0177874613,0.0196905982,0.200745713,0.0108787847,0.2,0.112729377,0.0113706183,0.00230858609,-0.171416765,-0.0250789165,-0.208178474,-0.0177874613,0.0835776836
463,18077277,0.245655268,-0.0289668534,-0.00147668924,0.0632966533,0.135992214,-0.313791394,-0.270906419,0.0179046709,-0.313575506,-0.168139741,0.141936913,0.222222671,0.0196524215,-0.00231734827,-0.20066451,-0.171516506,0.0108793771,-0.0251033115,0.2,0.208057102,-0.112715101,-0.0836279482,0.0113549531,0.0177778137,0.0196524215,0.20066451,0.0108793771,0.2,0.112715101,0.0113549531,0.00231734827,-0.171516506,-0.0251033115,-0.208057102,-0.0177778137,0.0836279482
464,18097353,0.24473837,-0.0290783234,-0.00145393272,0.0631054789,0.135979965,-0.314135402,-0.270350128,0.0175344869,-0.313307762,-0.168492571,0.141859978,0.222269237,0.0195790696,-0.00232626587,-0.20065427,-0.171602535,0.0108783972,-0.0251308322,0.2,0.207890519,-0.112661552,-0.0836985141,0.0113487983,0.017781539,0.0195790696,0.20065427,0.0108783972,0.2,0.112661552,0.0113487983,0.00232626587,-0.171602535,-0.0251308322,-0.207890519,-0.017781539,0.0836985141
465,18117056,0.243724138,-0.0290070176,-0.00104770774,0.0625622496,0.135938436,-0.314562052,-0.26996991,0.0170907769,-0.313114315,-0.168779537,0.141359314,0.222019225,0.019497931,-0.00232056141,-0.200471468,-0.171846988,0.0108750749,-0.0251649642,0.2,0.20769085,-0.112622863,-0.0837559074,0.0113087451,0.017761538,0.019497931,0.200471468,0.0108750749,0.2,0.112622863,0.0113087451,0.00232056141,-0.171846988,-0.0251649642,-0.20769085,-0.017761538,0.0837559074
466,18137485,0.2431705,-0.0288095307,-0.000596009602,0.062234804,0.136020139,-0.314752638,-0.270102203,0.0168467965,-0.313269764,-0.168685734,0.140453011,0.221450165,0.01945364,-0.00230476245,-0.200268204,-0.171994338,0.0108816111,-0.0251802111,0.2,0.207581058,-0.112653953,-0.0837371469,0.0112362409,0.0177160132,0.01945364,0.200268204,0.0108816111,0.2,0.112653953,0.0112362409,0.00230476245,-0.171994338,-0.0251802111,-0.207581058,-0.0177160132,0.0837371469
467,18156649,0.243121266,-0.0287035313,-0.000742330623,0.0623735376,0.136009589,-0.314866811,-0.270145088,0.0170217603,-0.31313616,-0.168434024,0.140096977,0.221218407,0.0194497013,-0.0022962825,-0.200334049,-0.171931908,0.0108807671,-0.0251893449,0.2,0.207659792,-0.112627232,-0.0836868048,0.0112077582,0.0176974726,0.0194497013,0.200334049,0.0108807671,0.2,0.112627232,0.0112077582,0.0022962825,-0.171931908,-0.0251893449,-0.207659792,-0.0176974726,0.0836868048
468,18174486,0.242941275,-0.0286392942,-0.000477895694,0.0621339791,0.136189088,-0.314748466,-0.270429581,0.0169055182,-0.313781679,-0.168549418,0.139768302,0.221031427,0.019435302,-0.00229114354,-0.200215053,-0.172039709,0.0108951271,-0.0251798773,0.2,0.207607483,-0.112756336,-0.0837098837,0.0111814642,0.0176825142,0.019435302,0.200215053,0.0108951271,0.2,0.112756336,0.0111814642,0.00229114354,-0.172039709,-0.0251798773,-0.207607483,-0.0176825142,0.0837098837
469,18205430,0.243322983,-0.0285309646,-0.000766831217,0.0624978393,0.136312976,-0.314638495,-0.270718783,0.0170957688,-0.314023107,-0.168386042,0.139739037,0.22102271,0.0194658387,-0.00228247717,-0.200345074,-0.171875972,0.0109050381,-0.0251710796,0.2,0.207693096,-0.112804621,-0.0836772084,0.0111791229,0.0176818168,0.0194658387,0.200345074,0.0109050381,0.2,0.112804621,0.0111791229,0.00228247717,-0.171875972,-0.0251710796,-0.207693096,-0.0176818168,0.0836772084
470,18216037,0.243868411,-0.0285396092,-0.000905884139,0.0628234446,0.136316806,-0.314309776,-0.270919591,0.0174877048,-0.314059705,-0.168139145,0.139915138,0.22119619,0.0195094728,-0.00228316873,-0.200407648,-0.17172945,0.0109053445,-0.0251447821,0.2,0.207869467,-0.112811941,-0.083627829,0.0111932111,0.0176956952,0.0195094728,0.200407648,0.0109053445,0.2,0.112811941,0.0111932111,0.00228316873,-0.17172945,-0.0251447821,-0.207869467,-0.0176956952,0.083627829
471,18238800,0.244234338,-0.0286174715,-0.00114805135,0.0630087182,0.13626501,-0.314159244,-0.270996898,0.0176330078,-0.314238757,-0.168123141,0.140225768,0.221546695,0.0195387471,-0.00228939772,-0.200516623,-0.171646077,0.0109012008,-0.0251327395,0.2,0.207934854,-0.112847751,-0.0836246282,0.0112180614,0.0177237356,0.0195387471,0.200516623,0.0109012008,0.2,0.112847751,0.0112180614,0.00228939772,-0.171646077,-0.0251327395,-0.207934854,-0.0177237356,0.0836246282
472,18264873,0.244669378,-0.0287155751,-0.00112095929,0.0630923659,0.136223823,-0.313960791,-0.271174014,0.0177566689,-0.314367682,-0.167988762,0.140217006,0.221601203,0.0195735502,-0.00229724601,-0.200504432,-0.171608435,0.0108979058,-0.0251168633,0.2,0.207990501,-0.112873536,-0.0835977525,0.0112173605,0.0177280962,0.0195735502,0.200504432,0.0108979058,0.2,0.112873536,0.0112173605,0.00229724601,-0.171608435,-0.0251168633,-0.207990501,-0.0177280962,0.0835977525
473,18274956,0.24511911,-0.0289219599,-0.00118035392,0.063216269,0.136177123,-0.313750952,-0.271145731,0.0179408342,-0.314264894,-0.16777356,0.140357792,0.221670493,0.0196095288,-0.00231375679,-0.200531159,-0.171552679,0.0108941698,-0.0251000762,0.2,0.208073375,-0.112852979,-0.0835547119,0.0112286234,0.0177336395,0.0196095288,0.200531159,0.0108941698,0.2,0.112852979,0.0112286234,0.00231375679,-0.171552679,-0.0251000762,-0.208073375,-0.0177336395,0.0835547119
474,18296324,0.245165914,-0.029079143,-0.000979004893,0.0628512204,0.136311546,-0.313615143,-0.271270216,0.0176985934,-0.314739853,-0.168036222,0.140350103,0.221610233,0.0196132731,-0.00232633144,-0.200440552,-0.171716951,0.0109049237,-0.0250892115,0.2,0.207964367,-0.112947971,-0.0836072445,0.0112280083,0.0177288187,0.0196132731,0.200440552,0.0109049237,0.2,0.112947971,0.0112280083,0.00232633144,-0.171716951,-0.0250892115,-0.207964367,-0.0177288187,0.0836072445
475,18323874,0.245255724,-0.0291346386,-0.000979336677,0.0628666803,0.136454836,-0.313553452,-0.271376282,0.0175938196,-0.314978659,-0.168057323,0.140187308,0.221290126,0.0196204579,-0.00233077109,-0.200440702,-0.171709994,0.0109163868,-0.0250842762,0.2,0.207917219,-0.112995732,-0.0836114645,0.0112149847,0.0177032101,0.0196204579,0.200440702,0.0109163868,0.2,0.112995732,0.0112149847,0.00233077109,-0.171709994,-0.0250842762,-0.207917219,-0.0177032101,0.0836114645
476,18336121,0.245333463,-0.0292180087,-0.0013825011,0.0631738827,0.136234537,-0.313704759,-0.27096194,0.0179241803,-0.314392567,-0.167980686,0.14063105,0.22149761,0.019626677,-0.0023374407,-0.200622125,-0.171571753,0.0108987629,-0.0250963807,0.2,0.208065881,-0.112878513,-0.0835961372,0.011250484,0.0177198088,0.019626677,0.200622125,0.0108987629,0.2,0.112878513,0.011250484,0.0023374407,-0.171571753,-0.0250963807,-0.208065881,-0.0177198088,0.0835961372
477,18355674,0.245461226,-0.0291507356,-0.00127356767,0.0631507859,0.135868028,-0.313829839,-0.27081421,0.0181448478,-0.313905329,-0.167748898,0.140832543,0.221700653,0.019636898,-0.00233205885,-0.200573105,-0.171582146,0.0108694422,-0.0251063871,0.2,0.208165182,-0.112781066,-0.0835497797,0.0112666035,0.0177360523,0.019636898,0.200573105,0.0108694422,0.2,0.112781066,0.0112666035,0.00233205885,-0.171582146,-0.0251063871,-0.208165182,-0.0177360523,0.0835497797
478,18385904,0.246110842,-0.0290493388,-0.00118502963,0.0633873492,0.135542229,-0.313690215,-0.270854145,0.0185442064,-0.313218921,-0.167152569,0.141053006,0.221872345,0.0196888673,-0.0023239471,-0.200533263,-0.171475693,0.0108433783,-0.0250952172,0.2,0.208344893,-0.112643784,-0.0834305137,0.0112842405,0.0177497876,0.0196888673,0.200533263,0.0108433783,0.2,0.112643784,0.0112842405,0.0023239471,-0.171475693,-0.0250952172,-0.208344893,-0.0177497876,0.0834305137
479,18393928,0.246536463,-0.029149795,-0.00130942941,0.0632691085,0.135386765,-0.313584208,-0.271217614,0.0184448399,-0.313511789,-0.16727142,0.141182989,0.222024769,0.0197229171,-0.0023319836,-0.200589243,-0.171528901,0.0108309412,-0.0250867367,0.2,0.208300178,-0.112702358,-0.0834542841,0.0112946391,0.0177619815,0.0197229171,0.200589243,0.0108309412,0.2,0.112702358,0.0112946391,0.0023319836,-0.171528901,-0.0250867367,-0.208300178,-0.0177619815,0.0834542841
480,18430317,0.246617883,-0.0292980745,-0.00114057702,0.0631249398,0.135536745,-0.313503236,-0.271161884,0.0182914119,-0.313788205,-0.167452529,0.141335055,0.221968114,0.0197294307,-0.00234384596,-0.20051326,-0.171593777,0.0108429396,-0.0250802588,0.2,0.208231135,-0.112757641,-0.0834905058,0.0113068044,0.0177574492,0.0197294307,0.20051326,0.0108429396,0.2,0.112757641,0.0113068044,0.00234384596,-0.171593777,-0.0250802588,-0.208231135,-0.0177574492,0.0834905058
481,18435230,0.247014031,-0.0293608792,-0.00105778186,0.0632332042,0.135556191,-0.313287824,-0.271150976,0.0185594391,-0.313502491,-0.167191237,0.141392171,0.22179921,0.0197611225,-0.00234887034,-0.200476002,-0.171545058,0.0108444953,-0.025063026,0.2,0.208351748,-0.112700498,-0.0834382474,0.0113113737,0.0177439368,0.0197611225,0.200476002,0.0108444953,0.2,0.112700498,0.0113113737,0.00234887034,-0.171545058,-0.025063026,-0.208351748,-0.0177439368,0.0834382474
482,18455361,0.247347817,-0.0293724313,-0.00132776797,0.0633322373,0.13552931,-0.313320577,-0.2714324,0.0186375901,-0.313788354,-0.167264804,0.141466588,0.221841678,0.0197878253,-0.00234979451,-0.200597496,-0.171500493,0.0108423448,-0.0250656462,0.2,0.208386916,-0.112757671,-0.0834529608,0.011317327,0.0177473342,0.0197878253,0.200597496,0.0108423448,0.2,0.112757671,0.011317327,0.00234979451,-0.171500493,-0.0250656462,-0.208386916,-0.0177473342,0.0834529608
483,18483662,0.247479454,-0.0293499213,-0.00153977843,0.0634800345,0.135530621,-0.313507557,-0.271715611,0.0185977127,-0.314214617,-0.167372778,0.141270027,0.221822053,0.0197983563,-0.0023479937,-0.2006929,-0.171433984,0.0108424497,-0.0250806046,0.2,0.208368971,-0.112842923,-0.0834745556,0.0113016021,0.0177457643,0.0197983563,0.2006929,0.0108424497,0.2,0.112842923,0.0113016021,0.0023479937,-0.171433984,-0.0250806046,-0.208368971,-0.0177457643,0.0834745556
484,18495357,0.247151896,-0.0294396598,-0.00175723736,0.0633792728,0.135781899,-0.31370464,-0.271824837,0.0182313547,-0.315029323,-0.167944252,0.141346872,0.221923098,0.0197721517,-0.00235517278,-0.200790757,-0.171479327,0.0108625519,-0.0250963712,0.2,0.20820411,-0.113005865,-0.0835888505,0.0113077497,0.0177538478,0.0197721517,0.200790757,0.0108625519,0.2,0.113005865,0.0113077497,0.00235517278,-0.171479327,-0.0250963712,-0.20820411,-0.0177538478,0.0835888505
485,18521746,0.246716544,-0.0295077469,-0.00169533631,0.0633500144,0.135954082,-0.31395945,-0.27151981,0.0181914475,-0.315066874,-0.16803056,0.141172767,0.221788436,0.0197373235,-0.00236061975,-0.200762901,-0.171492494,0.0108763266,-0.025116756,0.2,0.208186151,-0.113013375,-0.083606112,0.0112938213,0.0177430749,0.0197373235,0.200762901,0.0108763266,0.2,0.113013375,0.0112938213,0.00236061975,-0.171492494,-0.025116756,-0.208186151,-0.0177430749,0.083606112
486,18535145,0.246015146,-0.0294749551,-0.0016339107,0.0631100759,0.136135191,-0.314095318,-0.271275252,0.0178248938,-0.315133214,-0.168306723,0.141107351,0.221721202,0.0196812117,-0.0023579964,-0.20073526,-0.171600466,0.0108908153,-0.0251276255,0.2,0.208021202,-0.113026643,-0.0836613446,0.011288588,0.0177376962,0.0196812117,0.20073526,0.0108908153,0.2,0.113026643,0.011288588,0.0023579964,-0.171600466,-0.0251276255,-0.208021202,-0.0177376962,0.0836613446
487,18558080,0.245695785,-0.0294028074,-0.00139234914,0.0630469322,0.136025444,-0.314192325,-0.270784736,0.0180096049,-0.314327985,-0.168126449,0.141183987,0.221714154,0.0196556628,-0.00235222459,-0.200626557,-0.171628881,0.0108820355,-0.025135386,0.2,0.208104322,-0.112865597,-0.0836252898,0.011294719,0.0177371323,0.0196556628,0.200626557,0.0108820355,0.2,0.112865597,0.011294719,0.00235222459,-0.171628881,-0.025135386,-0.208104322,-0.0177371323,0.0836252898
488,18580680,0.245439872,-0.0292996131,-0.0012390496,0.0629071966,0.135849133,-0.314209133,-0.270892024,0.0178927351,-0.314206183,-0.168015972,0.140806198,0.221582264,0.0196351898,-0.00234396905,-0.200557572,-0.171691762,0.0108679307,-0.0251367307,0.2,0.208051731,-0.112841237,-0.0836031944,0.0112644958,0.0177265811,0.0196351898,0.200557572,0.0108679307,0.2,0.112841237,0.0112644958,0.00234396905,-0.171691762,-0.0251367307,-0.208051731,-0.0177265811,0.0836031944
489,18596529,0.245440841,-0.0292379055,-0.00114828919,0.062704429,0.135941476,-0.314238071,-0.271274328,0.0176264886,-0.3147524,-0.168051496,0.14029099,0.221331224,0.0196352673,-0.00233903244,-0.20051673,-0.171783007,0.0108753181,-0.0251390457,0.2,0.20793192,-0.11295048,-0.0836102992,0.0112232792,0.0177064979,0.0196352673,0.20051673,0.0108753181,0.2,0.11295048,0.0112232792,0.00233903244,-0.171783007,-0.0251390457,-0.20793192,-0.0177064979,0.0836102992
490,18616647,0.245652795,-0.0292909406,-0.00131936441,0.0630879626,0.135886401,-0.314198852,-0.271156251,0.0179117452,-0.314517111,-0.167775616,0.140247494,0.221299544,0.0196522236,-0.00234327525,-0.200593714,-0.171610417,0.0108709121,-0.0251359081,0.2,0.208060285,-0.112903422,-0.0835551232,0.0112197995,0.0177039635,0.0196522236,0.200593714,0.0108709121,0.2,0.112903422,0.0112197995,0.00234327525,-0.171610417,-0.0251359081,-0.208060285,-0.0177039635,0.0835551232
491,18636621,0.246316865,-0.0292554777,-0.00115434697,0.0632632822,0.13566716,-0.313974768,-0.27134189,0.0185186174,-0.314290166,-0.167154714,0.140057623,0.221265703,0.0197053492,-0.00234043822,-0.200519456,-0.171531523,0.0108533728,-0.0251179814,0.2,0.208333378,-0.112858033,-0.0834309429,0.0112046099,0.0177012563,0.0197053492,0.200519456,0.0108533728,0.2,0.112858033,0.0112046099,0.00234043822,-0.171531523,-0.0251179814,-0.208333378,-0.0177012563,0.0834309429
492,18659454,0.247340202,-0.0291736871,-0.00129178597,0.0633934811,0.135679334,-0.313635558,-0.27196297,0.0187639482,-0.314677,-0.166879147,0.140226319,0.22139205,0.0197872162,-0.00233389497,-0.200581304,-0.171472934,0.0108543468,-0.0250908446,0.2,0.208443777,-0.1129354,-0.0833758295,0.0112181056,0.017711364,0.0197872162,0.200581304,0.0108543468,0.2,0.1129354,0.0112181056,0.00233389497,-0.171472934,-0.0250908446,-0.208443777,-0.017711364,0.0833758295
493,18682034,0.24812974,-0.0293296613,-0.00174896792,0.0637764409,0.135709062,-0.313467056,-0.2723701,0.0189142674,-0.315067351,-0.166936785,0.140574962,0.221571133,0.0198503792,-0.0023463729,-0.200787036,-0.171300602,0.010856725,-0.0250773644,0.2,0.20851142,-0.11301347,-0.083387357,0.011245997,0.0177256906,0.0198503792,0.200787036,0.010856725,0.2,0.11301347,0.011245997,0.0023463729,-0.171300602,-0.0250773644,-0.20851142,-0.0177256906,0.083387357
494,18695501,0.248373926,-0.02956843,-0.00203921972,0.0639767647,0.135705769,-0.31345138,-0.27237767,0.0189480465,-0.315506965,-0.167087212,0.140767828,0.221776292,0.0198699141,-0.0023654744,-0.200917649,-0.171210456,0.0108564615,-0.0250761104,0.2,0.208526621,-0.113101393,-0.0834174424,0.0112614262,0.0177421033,0.0198699141,0.200917649,0.0108564615,0.2,0.113101393,0.0112614262,0.0023654744,-0.171210456,-0.0250761104,-0.208526621,-0.0177421033,0.0834174424
495,18718055,0.248346359,-0.0296814516,-0.00208825874,0.0638996065,0.135819733,-0.31354171,-0.272144288,0.0188215021,-0.315526217,-0.167294577,0.141098395,0.221939951,0.0198677087,-0.00237451613,-0.200939716,-0.171245177,0.0108655787,-0.0250833368,0.2,0.208469676,-0.113105243,-0.0834589154,0.0112878716,0.0177551961,0.0198677087,0.200939716,0.0108655787,0.2,0.113105243,0.0112878716,0.00237451613,-0.171245177,-0.0250833368,-0.208469676,-0.0177551961,0.0834589154
496,18739891,0.247859299,-0.029832907,-0.00204940024,0.0639004782,0.135749757,-0.31357345,-0.271481782,0.0186263155,-0.314935625,-0.16762118,0.141645133,0.222244591,0.0198287439,-0.00238663256,-0.20092223,-0.171244785,0.0108599806,-0.025085876,0.2,0.208381842,-0.112987125,-0.0835242361,0.0113316107,0.0177795672,0.0198287439,0.20092223,0.0108599806,0.2,0.112987125,0.0113316107,0.00238663256,-0.171244785,-0.025085876,-0.208381842,-0.0177795672,0.0835242361
497,18756916,0.247212142,-0.0299137048,-0.00164929801,0.0635205358,0.135565877,-0.313614935,-0.271148145,0.0183341075,-0.31463939,-0.167804003,0.141375303,0.222152635,0.0197769713,-0.00239309639,-0.200742184,-0.171415759,0.0108452702,-0.0250891948,0.2,0.208250348,-0.112927878,-0.0835608006,0.0113100243,0.0177722108,0.0197769713,0.200742184,0.0108452702,0.2,0.112927878,0.0113100243,0.00239309639,-0.171415759,-0.0250891948,-0.208250348,-0.0177722108,0.0835608006
498,18780314,0.246659428,-0.0298952349,-0.00145154283,0.0632634982,0.135459542,-0.313642412,-0.27060768,0.0181363579,-0.314011216,-0.167899057,0.141553819,0.222225964,0.0197327542,-0.00239161879,-0.200653194,-0.171531426,0.0108367634,-0.025091393,0.2,0.208161361,-0.112802243,-0.0835798115,0.0113243055,0.0177780771,0.0197327542,0.200653194,0.0108367634,0.2,0.112802243,0.0113243055,0.00239161879,-0.171531426,-0.025091393,-0.208161361,-0.0177780771,0.0835798115
499,18795771,0.246055156,-0.0298601557,-0.00123219809,0.0629151762,0.135265827,-0.313876122,-0.270426869,0.0179010667,-0.313582033,-0.168047473,0.141307235,0.2221255,0.0196844125,-0.00238881245,-0.200554489,-0.171688171,0.0108212662,-0.0251100898,0.2,0.20805548,-0.112716407,-0.0836094946,0.0113045788,0.01777004,0.0196844125,0.200554489,0.0108212662,0.2,0.112716407,0.0113045788,0.00238881245,-0.171688171,-0.0251100898,-0.20805548,-0.01777004,0.0836094946
500,18823904,0.245458975,-0.0298150536,-0.00121397362,0.0627261028,0.135181591,-0.314211607,-0.270174026,0.0177258104,-0.313492,-0.168149218,0.141078308,0.222108841,0.019636718,-0.00238520429,-0.200546288,-0.171773254,0.0108145273,-0.0251369286,0.2,0.207976615,-0.1126984,-0.0836298436,0.0112862647,0.0177687073,0.019636718,0.200546288,0.0108145273,0.2,0.1126984,0.0112862647,0.00238520429,-0.171773254,-0.0251369286,-0.207976615,-0.0177687073,0.0836298436
501,18835685,0.245506108,-0.0296933968,-0.000698069518,0.062504977,0.135219485,-0.314074814,-0.270349771,0.0178127699,-0.31339255,-0.167819753,0.140573457,0.22176899,0.0196404886,-0.00237547174,-0.200314131,-0.17187276,0.0108175588,-0.0251259851,0.2,0.208015746,-0.11267851,-0.0835639507,0.0112458766,0.0177415192,0.0196404886,0.200314131,0.0108175588,0.2,0.11267851,0.0112458766,0.00237547174,-0.17187276,-0.0251259851,-0.208015746,-0.0177415192,0.0835639507
502,18857835,0.245577455,-0.0296091437,-0.000675919349,0.062541239,0.135404631,-0.313917935,-0.270554185,0.0178882126,-0.313490421,-0.167693213,0.140582338,0.221752957,0.0196461964,-0.0023687315,-0.200304164,-0.171856442,0.0108323705,-0.0251134348,0.2,0.208049696,-0.112698084,-0.0835386425,0.011246587,0.0177402365,0.0196461964,0.200304164,0.0108323705,0.2,0.112698084,0.011246587,0.0023687315,-0.171856442,-0.0251134348,-0.208049696,-0.0177402365,0.0835386425
503,18892903,0.246223718,-0.0294508636,-0.00103974272,0.062860176,0.135340318,-0.31390819,-0.271082431,0.0182515923,-0.313726008,-0.167511508,0.140570655,0.221745819,0.0196978974,-0.00235606909,-0.200467884,-0.171712921,0.0108272254,-0.0251126552,0.2,0.208213217,-0.112745202,-0.0835023016,0.0112456524,0.0177396655,0.0196978974,0.200467884,0.0108272254,0.2,0.112745202,0.0112456524,0.00235606909,-0.171712921,-0.0251126552,-0.208213217,-0.0177396655,0.0835023016
504,18903926,0.246699601,-0.0294558406,-0.00137973391,0.0631255433,0.135425538,-0.31382525,-0.271540254,0.0183542613,-0.314478934,-0.167583525,0.140623093,0.221828535,0.0197359681,-0.00235646725,-0.20062088,-0.171593506,0.010834043,-0.02510602,0.2,0.208259418,-0.112895787,-0.083516705,0.0112498474,0.0177462828,0.0197359681,0.20062088,0.010834043,0.2,0.112895787,0.0112498474,0.00235646725,-0.171593506,-0.02510602,-0.208259418,-0.0177462828,0.083516705
505,18921601,0.247155651,-0.0295432974,-0.0016104813,0.0634069741,0.135541201,-0.313806474,-0.271775842,0.0185447484,-0.314941794,-0.167482212,0.140565336,0.221895233,0.0197724521,-0.00236346379,-0.200724717,-0.171466862,0.0108432961,-0.0251045179,0.2,0.208345137,-0.112988359,-0.0834964424,0.0112452269,0.0177516186,0.0197724521,0.200724717,0.0108432961,0.2,0.112988359,0.0112452269,0.00236346379,-0.171466862,-0.0251045179,-0.208345137,-0.0177516186,0.0834964424
506,18934918,0.247087106,-0.02969083,-0.00194193295,0.0635124445,0.135658011,-0.313854158,-0.271746337,0.0183958765,-0.315419078,-0.167826176,0.140783995,0.222094789,0.0197669685,-0.0023752664,-0.20087387,-0.1714194,0.0108526409,-0.0251083326,0.2,0.208278144,-0.113083816,-0.0835652351,0.0112627196,0.0177675831,0.0197669685,0.20087387,0.0108526409,0.2,0.113083816,0.0112627196,0.0023752664,-0.1714194,-0.0251083326,-0.208278144,-0.0177675831,0.0835652351
507,18956323,0.246833682,-0.029764954,-0.00203837641,0.0634959489,0.135650277,-0.31403625,-0.271341711,0.0183174647,-0.315190911,-0.168114722,0.14116101,0.222253114,0.0197466946,-0.00238119632,-0.200917269,-0.171426823,0.0108520222,-0.0251229,0.2,0.208242859,-0.113038182,-0.0836229444,0.0112928808,0.0177802491,0.0197466946,0.200917269,0.0108520222,0.2,0.113038182,0.0112928808,0.00238119632,-0.171426823,-0.0251229,-0.208242859,-0.0177802491,0.0836229444
508,18976243,0.246198878,-0.0298342425,-0.00172842969,0.0632254481,0.135635599,-0.314095795,-0.270778239,0.0180655681,-0.314750999,-0.16826801,0.141248554,0.222303942,0.0196959102,-0.0023867394,-0.200777793,-0.171548548,0.010850848,-0.0251276636,0.2,0.208129506,-0.1129502,-0.083653602,0.0112998843,0.0177843153,0.0196959102,0.200777793,0.010850848,0.2,0.1129502,0.0112998843,0.0023867394,-0.171548548,-0.0251276636,-0.208129506,-0.0177843153,0.083653602
509,18999874,0.245354876,-0.0298686754,-0.00155027374,0.0627444834,0.135648727,-0.314350426,-0.270497769,0.0174964927,-0.31472826,-0.168698505,0.140999511,0.222222716,0.0196283901,-0.00238949403,-0.200697623,-0.171764982,0.0108518982,-0.0251480341,0.2,0.207873422,-0.112945652,-0.0837397009,0.0112799609,0.0177778172,0.0196283901,0.200697623,0.0108518982,0.2,0.112945652,0.0112799609,0.00238949403,-0.171764982,-0.0251480341,-0.207873422,-0.0177778172,0.0837397009
510,19018503,0.244349286,-0.0298346262,-0.00117010227,0.0623652935,0.135730594,-0.314547569,-0.270147741,0.0169993658,-0.314572662,-0.168957725,0.140592679,0.221912086,0.0195479429,-0.0023867701,-0.200526546,-0.171935618,0.0108584476,-0.0251638055,0.2,0.207649715,-0.112914532,-0.083791545,0.0112474144,0.0177529669,0.0195479429,0.200526546,0.0108584476,0.2,0.112914532,0.0112474144,0.0023867701,-0.171935618,-0.0251638055,-0.207649715,-0.0177529669,0.083791545
511,19036660,0.24383457,-0.0297062304,-0.000840205117,0.0622552782,0.135688245,-0.314673036,-0.270081908,0.0169730466,-0.314311832,-0.168658957,0.139782831,0.221450597,0.0195067656,-0.00237649843,-0.200378092,-0.171985125,0.0108550596,-0.0251738429,0.2,0.207637871,-0.112862366,-0.0837317914,0.0111826265,0.0177160478,0.0195067656,0.200378092,0.0108550596,0.2,0.112862366,0.0111826265,0.00237649843,-0.171985125,-0.0251738429,-0.207637871,-0.0177160478,0.0837317914
512,19061543,0.243919536,-0.0295109991,-0.000551593665,0.0622173548,0.135713845,-0.314489007,-0.270222932,0.0172411818,-0.314119697,-0.168223426,0.139421925,0.221210048,0.0195135629,-0.00236087993,-0.200248217,-0.17200219,0.0108571076,-0.0251591206,0.2,0.207758532,-0.112823939,-0.0836446851,0.011153754,0.0176968038,0.0195135629,0.200248217,0.0108571076,0.2,0.112823939,0.011153754,0.00236087993,-0.17200219,-0.0251591206,-0.207758532,-0.0176968038,0.0836446851
513,19078193,0.244364768,-0.0293330867,-0.000466526661,0.062277779,0.13579762,-0.314087987,-0.270684749,0.017444266,-0.314263642,-0.167929351,0.139374629,0.221103847,0.0195491815,-0.00234664693,-0.200209937,-0.171974999,0.0108638096,-0.025127039,0.2,0.20784992,-0.112852728,-0.0835858703,0.0111499703,0.0176883078,0.0195491815,0.200209937,0.0108638096,0.2,0.112852728,0.0111499703,0.00234664693,-0.171974999,-0.025127039,-0.20784992,-0.0176883078,0.0835858703
514,19096292,0.245250612,-0.0292367022,-0.000930364884,0.0628367364,0.135718256,-0.313802958,-0.271030128,0.0179627128,-0.314190626,-0.167580873,0.13971287,0.221307963,0.019620049,-0.00233893618,-0.200418664,-0.171723469,0.0108574605,-0.0251042366,0.2,0.208083221,-0.112838125,-0.0835161746,0.0111770296,0.0177046371,0.019620049,0.200418664,0.0108574605,0.2,0.112838125,0.0111770296,0.00233893618,-0.171723469,-0.0251042366,-0.208083221,-0.0177046371,0.0835161746
515,19118016,0.246363968,-0.0292635448,-0.00101592124,0.0631266013,0.135695279,-0.313373148,-0.271609902,0.0184538439,-0.314474016,-0.167195961,0.139881223,0.221506983,0.0197091174,-0.00234108359,-0.200457165,-0.171593029,0.0108556223,-0.0250698519,0.2,0.20830423,-0.112894803,-0.0834391922,0.0111904979,0.0177205586,0.0197091174,0.200457165,0.0108556223,0.2,0.112894803,0.0111904979,0.00234108359,-0.171593029,-0.0250698519,-0.20830423,-0.0177205586,0.0834391922
516,19141584,0.247097179,-0.0293889549,-0.00146395655,0.063483946,0.13578707,-0.313163519,-0.271951318,0.0185739901,-0.31496042,-0.167151555,0.140255272,0.221862137,0.0197677743,-0.00235111639,-0.20065878,-0.171432224,0.0108629656,-0.0250530815,0.2,0.208358296,-0.112992084,-0.0834303111,0.0112204218,0.017748971,0.0197677743,0.20065878,0.0108629656,0.2,0.112992084,0.0112204218,0.00235111639,-0.171432224,-0.0250530815,-0.208358296,-0.017748971,0.0834303111
517,19157351,0.248036146,-0.0296001155,-0.00148577488,0.0637864619,0.13570635,-0.312832117,-0.27199322,0.0191075504,-0.314638287,-0.166680008,0.140477031,0.221867129,0.0198428917,-0.00236800924,-0.200668599,-0.171296092,0.010856508,-0.0250265694,0.2,0.208598398,-0.112927657,-0.0833360016,0.0112381625,0.0177493703,0.0198428917,0.200668599,0.010856508,0.2,0.112927657,0.0112381625,0.00236800924,-0.171296092,-0.0250265694,-0.208598398,-0.0177493703,0.0833360016
518,19177305,0.248277828,-0.0298419073,-0.00207687356,0.0640039518,0.135486975,-0.312970728,-0.271762401,0.0190840103,-0.314556658,-0.166930407,0.141241968,0.222435623,0.0198622262,-0.00238735259,-0.200934593,-0.171198222,0.010838958,-0.0250376582,0.2,0.208587805,-0.112911332,-0.0833860815,0.0112993574,0.0177948499,0.0198622262,0.200934593,0.010838958,0.2,0.112911332,0.0112993574,0.00238735259,-0.171198222,-0.0250376582,-0.208587805,-0.0177948499,0.0833860815
519,19195789,0.248336956,-0.0299261585,-0.00212923018,0.0639403835,0.135127097,-0.313346952,-0.271413863,0.0190502871,-0.314046562,-0.167143583,0.141658455,0.222687706,0.0198669565,-0.00239409268,-0.200958154,-0.171226827,0.0108101678,-0.0250677562,0.2,0.208572629,-0.112809312,-0.0834287167,0.0113326764,0.0178150165,0.0198669565,0.200958154,0.0108101678,0.2,0.112809312,0.0113326764,0.00239409268,-0.171226827,-0.0250677562,-0.208572629,-0.0178150165,0.0834287167
520,19221358,0.24807851,-0.0300191734,-0.00176643138,0.0637251884,0.134981126,-0.31347847,-0.271068782,0.01890851,-0.313652545,-0.167106643,0.141732201,0.222855181,0.0198462808,-0.00240153387,-0.200794894,-0.171323665,0.01079849,-0.0250782776,0.2,0.208508829,-0.112730509,-0.0834213287,0.0113385761,0.0178284144,0.0198462808,0.200794894,0.01079849,0.2,0.112730509,0.0113385761,0.00240153387,-0.171323665,-0.0250782776,-0.208508829,-0.0178284144,0.0834213287
521,19234124,0.247740418,-0.0300431624,-0.00146753166,0.0633073449,0.134991571,-0.313669741,-0.270839691,0.0186363105,-0.313370973,-0.167225555,0.141744226,0.222954109,0.0198192334,-0.00240345299,-0.200660389,-0.171511695,0.0107993257,-0.0250935793,0.2,0.20838634,-0.112674195,-0.0834451109,0.0113395381,0.0178363287,0.0198192334,0.200660389,0.0107993257,0.2,0.112674195,0.0113395381,0.00240345299,-0.171511695,-0.0250935793,-0.20838634,-0.0178363287,0.0834451109
522,19258911,0.247264192,-0.030015111,-0.00135119248,0.0630558953,0.135032237,-0.314031333,-0.270958334,0.018276915,-0.313583314,-0.167571872,0.141397804,0.222777531,0.0197811353,-0.00240120888,-0.200608037,-0.171624847,0.0108025789,-0.0251225066,0.2,0.208224612,-0.112716663,-0.0835143745,0.0113118243,0.0178222024,0.0197811353,0.200608037,0.0108025789,0.2,0.112716663,0.0113118243,0.00240120888,-0.171624847,-0.0251225066,-0.208224612,-0.0178222024,0.0835143745
523,19275092,0.246925622,-0.0298994556,-0.00151746371,0.0631797388,0.134969562,-0.314412177,-0.270654261,0.01830706,-0.313259691,-0.167693391,0.141474724,0.222862795,0.0197540498,-0.00239195645,-0.200682859,-0.171569118,0.010797565,-0.0251529741,0.2,0.208238177,-0.112651938,-0.0835386783,0.0113179779,0.0178290236,0.0197540498,0.200682859,0.010797565,0.2,0.112651938,0.0113179779,0.00239195645,-0.171569118,-0.0251529741,-0.208238177,-0.0178290236,0.0835386783
524,19295702,0.246830538,-0.0297631063,-0.0010185733,0.0628992245,0.135034561,-0.314447224,-0.270797104,0.0183714796,-0.313393533,-0.167517364,0.14092724,0.22264649,0.019746443,-0.0023810485,-0.200458358,-0.171695349,0.0108027649,-0.0251557779,0.2,0.208267166,-0.112678707,-0.0835034728,0.0112741792,0.0178117192,0.019746443,0.200458358,0.0108027649,0.2,0.112678707,0.0112741792,0.0023810485,-0.171695349,-0.0251557779,-0.208267166,-0.0178117192,0.0835034728
525,19316596,0.246612906,-0.0297217034,-0.0011893959,0.0628253743,0.135372579,-0.314528704,-0.271178246,0.0179726593,-0.314149767,-0.167815864,0.140548199,0.222553596,0.0197290325,-0.00237773627,-0.200535228,-0.171728582,0.0108298063,-0.0251622963,0.2,0.208087697,-0.112829953,-0.0835631728,0.011243856,0.0178042877,0.0197290325,0.200535228,0.0108298063,0.2,0.112829953,0.011243856,0.00237773627,-0.171728582,-0.0251622963,-0.208087697,-0.0178042877,0.0835631728
526,19335675,0.246653184,-0.0296716113,-0.00130174216,0.0630415827,0.135509416,-0.314524978,-0.271076053,0.0182379875,-0.31393066,-0.167703003,0.140592456,0.222557679,0.0197322547,-0.0023737289,-0.200585784,-0.171631288,0.0108407533,-0.0251619983,0.2,0.208207094,-0.112786132,-0.0835406005,0.0112473965,0.0178046143,0.0197322547,0.200585784,0.0108407533,0.2,0.112786132,0.0112473965,0.0023737289,-0.171631288,-0.0251619983,-0.208207094,-0.0178046143,0.0835406005
527,19375979,0.246258855,-0.0296647809,-0.00143743516,0.0631237328,0.135509983,-0.314618498,-0.270792782,0.0182129815,-0.313726991,-0.167886823,0.140946418,0.222886145,0.0197007084,-0.00237318248,-0.200646846,-0.17159432,0.0108407986,-0.0251694798,0.2,0.208195842,-0.112745398,-0.0835773647,0.0112757134,0.0178308916,0.0197007084,0.200646846,0.0108407986,0.2,0.112745398,0.0112757134,0.00237318248,-0.17159432,-0.0251694798,-0.208195842,-0.0178308916,0.0835773647
528,19383342,0.245775729,-0.0295640696,-0.00135429087,0.0627157316,0.135648564,-0.314884245,-0.27103138,0.0177262258,-0.314385325,-0.168422252,0.140685514,0.222919807,0.0196620584,-0.00236512557,-0.200609431,-0.171777921,0.0108518851,-0.0251907396,0.2,0.207976802,-0.112877065,-0.0836844504,0.0112548411,0.0178335845,0.0196620584,0.200609431,0.0108518851,0.2,0.112877065,0.0112548411,0.00236512557,-0.171777921,-0.0251907396,-0.207976802,-0.0178335845,0.0836844504
529,19394775,0.245329797,-0.0296303313,-0.00119580689,0.0626905933,0.135894418,-0.314820468,-0.270838767,0.0174609162,-0.31448096,-0.168581814,0.140472203,0.222652122,0.0196263838,-0.00237042651,-0.200538113,-0.171789233,0.0108715534,-0.0251856375,0.2,0.207857412,-0.112896192,-0.0837163627,0.0112377763,0.0178121698,0.0196263838,0.200538113,0.0108715534,0.2,0.112896192,0.0112377763,0.00237042651,-0.171789233,-0.0251856375,-0.207857412,-0.0178121698,0.0837163627
530,19430865,0.245105669,-0.0296587851,-0.000984716811,0.0627823323,0.13580133,-0.314762056,-0.270335317,0.0178278144,-0.313671887,-0.168136969,0.140368789,0.222639695,0.0196084535,-0.00237270281,-0.200443123,-0.17174795,0.0108641064,-0.0251809645,0.2,0.208022517,-0.112734377,-0.0836273938,0.0112295032,0.0178111756,0.0196084535,0.200443123,0.0108641064,0.2,0.112734377,0.0112295032,0.00237270281,-0.17174795,-0.0251809645,-0.208022517,-0.0178111756,0.0836273938
531,19439479,0.244819999,-0.0294939186,-0.000963666942,0.062404234,0.135789841,-0.314908385,-0.270693719,0.0175596755,-0.314112514,-0.168391794,0.140146539,0.222619951,0.0195855999,-0.00235951349,-0.20043365,-0.171918095,0.0108631873,-0.0251926708,0.2,0.207901854,-0.112822503,-0.0836783588,0.0112117231,0.0178095961,0.0195855999,0.20043365,0.0108631873,0.2,0.112822503,0.0112117231,0.00235951349,-0.171918095,-0.0251926708,-0.207901854,-0.0178095961,0.0836783588
532,19453801,0.245219499,-0.0293613076,-0.00100645039,0.0627226606,0.135693625,-0.314923167,-0.270784914,0.0178925674,-0.313848317,-0.167983025,0.139992356,0.222429559,0.0196175599,-0.00234890461,-0.200452903,-0.171774803,0.01085549,-0.0251938534,0.2,0.208051655,-0.112769663,-0.0835966051,0.0111993885,0.0177943647,0.0196175599,0.200452903,0.01085549,0.2,0.112769663,0.0111993885,0.00234890461,-0.171774803,-0.0251938534,-0.208051655,-0.0177943647,0.0835966051
533,19491399,0.245621175,-0.0294319186,-0.00087431795,0.0627132878,0.135762751,-0.314577103,-0.271275997,0.0179332439,-0.314406037,-0.167726234,0.139538616,0.222238585,0.019649694,-0.00235455349,-0.200393443,-0.171779021,0.0108610201,-0.0251661682,0.2,0.20806996,-0.112881207,-0.0835452467,0.0111630893,0.0177790868,0.019649694,0.200393443,0.0108610201,0.2,0.112881207,0.0111630893,0.00235455349,-0.171779021,-0.0251661682,-0.20806996,-0.0177790868,0.0835452467
534,19497338,0.2459452,-0.0294277705,-0.00120123033,0.062918961,0.135885507,-0.31456846,-0.271311998,0.0180445369,-0.314579546,-0.167693585,0.139780402,0.222413495,0.019675616,-0.00235422164,-0.200540554,-0.171686468,0.0108708405,-0.0251654768,0.2,0.208120042,-0.112915909,-0.083538717,0.0111824322,0.0177930796,0.019675616,0.200540554,0.0108708405,0.2,0.112915909,0.0111824322,0.00235422164,-0.171686468,-0.0251654768,-0.208120042,-0.0177930796,0.083538717
535,19517879,0.246093035,-0.0294592213,-0.00102847512,0.06290479,0.136024341,-0.314145178,-0.271282792,0.0180856083,-0.314622372,-0.167793602,0.140189037,0.222447202,0.0196874428,-0.0023567377,-0.200462814,-0.171692844,0.0108819473,-0.0251316142,0.2,0.208138524,-0.112924474,-0.0835587204,0.0112151229,0.0177957761,0.0196874428,0.200462814,0.0108819473,0.2,0.112924474,0.0112151229,0.0023567377,-0.171692844,-0.0251316142,-0.208138524,-0.0177957761,0.0835587204
536,19541414,0.246152893,-0.0295505356,-0.00141391484,0.0631206557,0.135941237,-0.314241379,-0.271056831,0.0182071291,-0.314284384,-0.167768404,0.140576571,0.222773165,0.0196922314,-0.00236404285,-0.200636262,-0.171595705,0.010875299,-0.0251393104,0.2,0.208193208,-0.112856877,-0.0835536808,0.0112461257,0.0178218532,0.0196922314,0.200636262,0.010875299,0.2,0.112856877,0.0112461257,0.00236404285,-0.171595705,-0.0251393104,-0.208193208,-0.0178218532,0.0835536808
537,19556448,0.246168986,-0.0295563899,-0.00130262703,0.0630491078,0.135773405,-0.3142851,-0.270956278,0.018267842,-0.313995183,-0.167794898,0.140824705,0.223012328,0.0196935189,-0.00236451119,-0.200586182,-0.171627901,0.0108618724,-0.025142808,0.2,0.208220529,-0.112799037,-0.0835589796,0.0112659764,0.0178409863,0.0196935189,0.200586182,0.0108618724,0.2,0.112799037,0.0112659764,0.00236451119,-0.171627901,-0.025142808,-0.208220529,-0.0178409863,0.0835589796
538,19595911,0.246101752,-0.0295794476,-0.00103757891,0.0628725886,0.135774478,-0.314245582,-0.271044284,0.0180984549,-0.314027101,-0.167775869,0.140703052,0.222944573,0.0196881402,-0.00236635581,-0.200466911,-0.171707335,0.0108619583,-0.0251396465,0.2,0.208144305,-0.11280542,-0.0835551739,0.0112562442,0.0178355658,0.0196881402,0.200466911,0.0108619583,0.2,0.11280542,0.0112562442,0.00236635581,-0.171707335,-0.0251396465,-0.208144305,-0.0178355658,0.0835551739
539,19597733,0.245938703,-0.0296208374,-0.00127195742,0.0629047751,0.13573359,-0.314534664,-0.270931959,0.0180136841,-0.313951045,-0.167929173,0.140777111,0.222974703,0.0196750963,-0.00236966699,-0.200572381,-0.171692851,0.0108586872,-0.0251627731,0.2,0.208106158,-0.112790209,-0.0835858345,0.0112621689,0.0178379762,0.0196750963,0.200572381,0.0108586872,0.2,0.112790209,0.0112621689,0.00236966699,-0.171692851,-0.0251627731,-0.208106158,-0.0178379762,0.0835858345
540,19614630,0.246143177,-0.0295216218,-0.000901122228,0.0628271103,0.135642469,-0.314461172,-0.271004856,0.0183086731,-0.313770205,-0.167564988,0.140557185,0.222738221,0.0196914542,-0.00236172974,-0.200405505,-0.1717278,0.0108513975,-0.0251568937,0.2,0.208238903,-0.112754041,-0.0835129976,0.0112445748,0.0178190577,0.0196914542,0.200405505,0.0108513975,0.2,0.112754041,0.0112445748,0.00236172974,-0.1717278,-0.0251568937,-0.208238903,-0.0178190577,0.0835129976
541,19646356,0.246649086,-0.0294314437,-0.000995512353,0.0630184859,0.135582879,-0.314308345,-0.271051317,0.0186303649,-0.313382506,-0.16721642,0.140911594,0.222848713,0.0197319269,-0.00235451549,-0.200447981,-0.171641681,0.0108466303,-0.0251446676,0.2,0.208383664,-0.112676501,-0.083443284,0.0112729275,0.0178278971,0.0197319269,0.200447981,0.0108466303,0.2,0.112676501,0.0112729275,0.00235451549,-0.171641681,-0.0251446676,-0.208383664,-0.0178278971,0.083443284
542,19656043,0.247054398,-0.0293804407,-0.0012115211,0.063116923,0.135367319,-0.314306021,-0.271068245,0.0189154763,-0.313065827,-0.167253971,0.141608953,0.223253489,0.0197643518,-0.00235043526,-0.200545184,-0.171597385,0.0108293855,-0.0251444817,0.2,0.208511964,-0.112613165,-0.0834507942,0.0113287163,0.0178602791,0.0197643518,0.200545184,0.0108293855,0.2,0.112613165,0.0113287163,0.00235043526,-0.171597385,-0.0251444817,-0.208511964,-0.0178602791,0.0834507942
543,19679030,0.247319669,-0.0293565579,-0.00140022277,0.0629614517,0.13530378,-0.314560264,-0.271262079,0.0189000312,-0.313135564,-0.167420357,0.142059118,0.22338964,0.0197855735,-0.00234852463,-0.2006301,-0.171667347,0.0108243024,-0.0251648211,0.2,0.208505014,-0.112627113,-0.0834840715,0.0113647294,0.0178711712,0.0197855735,0.2006301,0.0108243024,0.2,0.112627113,0.0113647294,0.00234852463,-0.171667347,-0.0251648211,-0.208505014,-0.0178711712,0.0834840715
544,19697219,0.24777098,-0.0293358639,-0.00147674163,0.0631108433,0.135217324,-0.314877838,-0.271273941,0.0192116946,-0.312817216,-0.167128861,0.142246425,0.223405614,0.0198216784,-0.00234686911,-0.200664534,-0.171600121,0.0108173859,-0.025190227,0.2,0.208645263,-0.112563443,-0.0834257722,0.011379714,0.0178724492,0.0198216784,0.200664534,0.0108173859,0.2,0.112563443,0.011379714,0.00234686911,-0.171600121,-0.025190227,-0.208645263,-0.0178724492,0.0834257722
545,19714987,0.248182535,-0.029332485,-0.00140252651,0.0632003546,0.135178089,-0.315026402,-0.271624595,0.0193553157,-0.312970757,-0.166883126,0.142031372,0.223276734,0.0198546028,-0.0023465988,-0.200631137,-0.17155984,0.0108142471,-0.0252021122,0.2,0.208709892,-0.112594151,-0.0833766252,0.0113625097,0.0178621387,0.0198546028,0.200631137,0.0108142471,0.2,0.112594151,0.0113625097,0.0023465988,-0.17155984,-0.0252021122,-0.208709892,-0.0178621387,0.0833766252
546,19747694,0.248464137,-0.0291674733,-0.00179928646,0.0634947121,0.13515231,-0.315444291,-0.271877021,0.019397594,-0.313265264,-0.167009428,0.142202839,0.223416463,0.019877131,-0.00233339787,-0.200809679,-0.17142738,0.0108121848,-0.0252355433,0.2,0.208728917,-0.112653053,-0.0834018856,0.0113762271,0.017873317,0.019877131,0.200809679,0.0108121848,0.2,0.112653053,0.0113762271,0.00233339787,-0.17142738,-0.0252355433,-0.208728917,-0.017873317,0.0834018856
547,19758738,0.248710871,-0.0290326513,-0.00149621652,0.0634166449,0.135288149,-0.31539759,-0.272097319,0.0193917714,-0.313645691,-0.16718547,0.142298549,0.22330007,0.0198968697,-0.00232261211,-0.200673297,-0.17146251,0.0108230519,-0.0252318072,0.2,0.208726297,-0.112729138,-0.0834370941,0.011383884,0.0178640056,0.0198968697,0.200673297,0.0108230519,0.2,0.112729138,0.011383884,0.00232261211,-0.17146251,-0.0252318072,-0.208726297,-0.0178640056,0.0834370941
548,19777266,0.248887032,-0.0290723424,-0.00178762549,0.0634908304,0.135498956,-0.315538555,-0.272455245,0.0193146877,-0.314323276,-0.167188525,0.141929537,0.223144114,0.0199109626,-0.0023257874,-0.200804431,-0.171429126,0.0108399165,-0.0252430844,0.2,0.208691609,-0.112864655,-0.083437705,0.011354363,0.0178515291,0.0199109626,0.200804431,0.0108399165,0.2,0.112864655,0.011354363,0.0023257874,-0.171429126,-0.0252430844,-0.208691609,-0.0178515291,0.083437705
549,19796998,0.248559579,-0.0292356648,-0.00207220623,0.0634852499,0.135702953,-0.315556586,-0.271872073,0.0190848932,-0.314181238,-0.167691752,0.142638683,0.22337082,0.0198847663,-0.00233885318,-0.200932493,-0.171431638,0.0108562362,-0.0252445269,0.2,0.208588202,-0.112836248,-0.0835383505,0.0114110947,0.0178696656,0.0198847663,0.200932493,0.0108562362,0.2,0.112836248,0.0114110947,0.00233885318,-0.171431638,-0.0252445269,-0.208588202,-0.0178696656,0.0835383505
550,19816306,0.248081043,-0.0292856731,-0.00194341142,0.0634423718,0.135476947,-0.315813422,-0.271437436,0.0190589949,-0.313683152,-0.167752758,0.142597243,0.223449737,0.0198464835,-0.00234285384,-0.200874535,-0.171450933,0.0108381557,-0.0252650738,0.2,0.208576548,-0.11273663,-0.0835505515,0.0114077795,0.0178759789,0.0198464835,0.200874535,0.0108381557,0.2,0.11273663,0.0114077795,0.00234285384,-0.171450933,-0.0252650738,-0.208576548,-0.0178759789,0.0835505515
551,19838604,0.247888893,-0.0291825701,-0.00134101999,0.0631401092,0.135436043,-0.31562373,-0.271356374,0.0190512855,-0.313436151,-0.167518243,0.142237589,0.223292604,0.0198311114,-0.0023346056,-0.200603459,-0.171586951,0.0108348835,-0.0252498984,0.2,0.208573078,-0.11268723,-0.0835036486,0.0113790071,0.0178634083,0.0198311114,0.200603459,0.0108348835,0.2,0.11268723,0.0113790071,0.0023346056,-0.171586951,-0.0252498984,-0.208573078,-0.0178634083,0.0835036486
552,19855810,0.247766927,-0.0291419402,-0.00137307984,0.0628548041,0.135608763,-0.315665692,-0.271839023,0.0186376031,-0.313858479,-0.167653739,0.141722113,0.222965121,0.0198213542,-0.00233135521,-0.200617886,-0.171715338,0.010848701,-0.0252532554,0.2,0.208386921,-0.112771696,-0.0835307479,0.011337769,0.0178372097,0.0198213542,0.200617886,0.010848701,0.2,0.112771696,0.011337769,0.00233135521,-0.171715338,-0.0252532554,-0.208386921,-0.0178372097,0.0835307479
553,19876455,0.247480378,-0.0292650554,-0.00147765584,0.0630988404,0.135615811,-0.315707982,-0.271247804,0.0187757071,-0.313374758,-0.167691126,0.142026111,0.22296676,0.0197984302,-0.00234120443,-0.200664945,-0.171605522,0.0108492649,-0.0252566385,0.2,0.208449068,-0.112674952,-0.0835382253,0.0113620889,0.0178373408,0.0197984302,0.200664945,0.0108492649,0.2,0.112674952,0.0113620889,0.00234120443,-0.171605522,-0.0252566385,-0.208449068,-0.0178373408,0.0835382253
554,19897516,0.24786669,-0.0291051604,-0.0012363448,0.0630079806,0.135379001,-0.31551671,-0.271458358,0.0191099141,-0.313183069,-0.167332023,0.141892761,0.222930163,0.0198293352,-0.00232841283,-0.200556355,-0.171646409,0.0108303201,-0.0252413368,0.2,0.208599461,-0.112636614,-0.0834664047,0.0113514209,0.0178344131,0.0198293352,0.200556355,0.0108303201,0.2,0.112636614,0.0113514209,0.00232841283,-0.171646409,-0.0252413368,-0.208599461,-0.0178344131,0.0834664047
555,19915786,0.248354733,-0.0290035214,-0.0011213785,0.0630852804,0.13540791,-0.315195829,-0.271918237,0.019221779,-0.313414276,-0.167010695,0.141692832,0.222852141,0.0198683786,-0.00232028171,-0.20050462,-0.171611624,0.0108326328,-0.0252156663,0.2,0.208649801,-0.112682855,-0.0834021389,0.0113354266,0.0178281713,0.0198683786,0.20050462,0.0108326328,0.2,0.112682855,0.0113354266,0.00232028171,-0.171611624,-0.0252156663,-0.208649801,-0.0178281713,0.0834021389
556,19937016,0.249007747,-0.0291628856,-0.00116720947,0.0632814243,0.135649294,-0.314520061,-0.27244997,0.0192061458,-0.313992441,-0.166965291,0.141664743,0.222684264,0.0199206197,-0.00233303085,-0.200525244,-0.171523359,0.0108519435,-0.0251616049,0.2,0.208642766,-0.112798488,-0.0833930582,0.0113331795,0.0178147411,0.0199206197,0.200525244,0.0108519435,0.2,0.112798488,0.0113331795,0.00233303085,-0.171523359,-0.0251616049,-0.208642766,-0.0178147411,0.0833930582
557,19957141,0.249741986,-0.0293663926,-0.00150476955,0.0638404116,0.135452077,-0.314194113,-0.272181809,0.0199514162,-0.313466668,-0.166401088,0.142087728,0.222925365,0.0199793589,-0.00234931141,-0.200677146,-0.171271815,0.0108361661,-0.025135529,0.2,0.208978137,-0.112693334,-0.0832802176,0.0113670182,0.0178340292,0.0199793589,0.200677146,0.0108361661,0.2,0.112693334,0.0113670182,0.00234931141,-0.171271815,-0.025135529,-0.208978137,-0.0178340292,0.0832802176
558,19975488,0.25033614,-0.0294158254,-0.00176340656,0.0637499318,0.135265321,-0.314005882,-0.272557706,0.0199945755,-0.313798755,-0.166652113,0.142620087,0.223272815,0.0200268912,-0.00235326603,-0.200793533,-0.171312531,0.0108212256,-0.0251204705,0.2,0.208997559,-0.112759751,-0.0833304226,0.0114096069,0.0178618252,0.0200268912,0.200793533,0.0108212256,0.2,0.112759751,0.0114096069,0.00235326603,-0.171312531,-0.0251204705,-0.208997559,-0.0178618252,0.0833304226
559,19998750,0.25119856,-0.0295743607,-0.00167862419,0.0640007183,0.135123268,-0.313823372,-0.272675604,0.0204513147,-0.313464284,-0.166071251,0.142667115,0.223198757,0.0200958848,-0.00236594886,-0.200755381,-0.171199677,0.0108098614,-0.0251058698,0.2,0.209203092,-0.112692857,-0.0832142502,0.0114133692,0.0178559005,0.0200958848,0.200755381,0.0108098614,0.2,0.112692857,0.0114133692,0.00236594886,-0.171199677,-0.0251058698,-0.209203092,-0.0178559005,0.0832142502
560,20016248,0.25199765,-0.0297960024,-0.00181997777,0.0641079396,0.13501431,-0.313469887,-0.272832662,0.0206395257,-0.31338957,-0.165775552,0.142987251,0.223256007,0.020159812,-0.00238368019,-0.20081899,-0.171151427,0.0108011448,-0.0250775909,0.2,0.209287787,-0.112677914,-0.0831551105,0.0114389801,0.0178604805,0.020159812,0.20081899,0.0108011448,0.2,0.112677914,0.0114389801,0.00238368019,-0.171151427,-0.0250775909,-0.209287787,-0.0178604805,0.0831551105
561,20036333,0.252431542,-0.0298586413,-0.00205316744,0.0641652048,0.13488242,-0.313602895,-0.272864819,0.0206696596,-0.313340873,-0.165991694,0.143567115,0.223503307,0.0201945233,-0.00238869131,-0.200923925,-0.171125658,0.0107905936,-0.0250882316,0.2,0.209301347,-0.112668175,-0.0831983387,0.0114853692,0.0178802645,0.0201945233,0.200923925,0.0107905936,0.2,0.112668175,0.0114853692,0.00238869131,-0.171125658,-0.0250882316,-0.209301347,-0.0178802645,0.0831983387
562,20057954,0.252113253,-0.0298753232,-0.00211535278,0.0641237348,0.134837925,-0.313855082,-0.272640198,0.0203890391,-0.313381553,-0.166406825,0.143832341,0.223612428,0.0201690602,-0.00239002585,-0.200951909,-0.171144319,0.010787034,-0.0251084065,0.2,0.209175068,-0.112676311,-0.083281365,0.0115065873,0.0178889942,0.0201690602,0.200951909,0.010787034,0.2,0.112676311,0.0115065873,0.00239002585,-0.171144319,-0.0251084065,-0.209175068,-0.0178889942,0.083281365
563,20074898,0.251656085,-0.0298693217,-0.0021060186,0.064014338,0.134840205,-0.314151794,-0.272183716,0.0201861635,-0.312968522,-0.166555882,0.14398402,0.223736003,0.0201324868,-0.00238954574,-0.200947708,-0.171193548,0.0107872164,-0.0251321435,0.2,0.209083774,-0.112593704,-0.0833111763,0.0115187216,0.0178988802,0.0201324868,0.200947708,0.0107872164,0.2,0.112593704,0.0115187216,0.00238954574,-0.171193548,-0.0251321435,-0.209083774,-0.0178988802,0.0833111763
564,20097714,0.250791878,-0.0298662093,-0.00192805019,0.0636500642,0.134880349,-0.314456552,-0.271871775,0.0196919627,-0.312716782,-0.167004809,0.143996149,0.223753095,0.0200633502,-0.00238929674,-0.200867623,-0.171357471,0.0107904279,-0.0251565242,0.2,0.208861383,-0.112543356,-0.0834009618,0.0115196919,0.0179002476,0.0200633502,0.200867623,0.0107904279,0.2,0.112543356,0.0115196919,0.00238929674,-0.171357471,-0.0251565242,-0.208861383,-0.0179002476,0.0834009618
565,20117000,0.249895677,-0.0298028868,-0.00173115719,0.063427195,0.134856716,-0.314895123,-0.271564603,0.0194233302,-0.312389523,-0.167214751,0.143676385,0.223632082,0.0199916542,-0.00238423094,-0.200779021,-0.171457762,0.0107885373,-0.0251916099,0.2,0.208740499,-0.112477905,-0.0834429502,0.0114941108,0.0178905666,0.0199916542,0.200779021,0.0107885373,0.2,0.112477905,0.0114941108,0.00238423094,-0.171457762,-0.0251916099,-0.208740499,-0.0178905666,0.0834429502
566,20138311,0.249170557,-0.0296839457,-0.00155961746,0.0631370097,0.134865284,-0.315175086,-0.271380514,0.0190889854,-0.312301993,-0.167480856,0.143366009,0.223502606,0.0199336445,-0.00237471566,-0.200701828,-0.171588346,0.0107892227,-0.0252140069,0.2,0.208590043,-0.112460399,-0.0834961712,0.0114692807,0.0178802085,0.0199336445,0.200701828,0.0107892227,0.2,0.112460399,0.0114692807,0.00237471566,-0.171588346,-0.0252140069,-0.208590043,-0.0178802085,0.0834961712
567,20158318,0.248763338,-0.0295521077,-0.000988303218,0.0628081411,0.135009661,-0.315213054,-0.27142635,0.0189842079,-0.312341183,-0.167363524,0.14265056,0.223068476,0.019901067,-0.00236416861,-0.200444736,-0.171736336,0.0108007729,-0.0252170444,0.2,0.208542894,-0.112468237,-0.0834727049,0.0114120448,0.0178454781,0.019901067,0.200444736,0.0108007729,0.2,0.112468237,0.0114120448,0.00236416861,-0.171736336,-0.0252170444,-0.208542894,-0.0178454781,0.0834727049
568,20176357,0.249085948,-0.0293461308,-0.00110974931,0.0630891696,0.13496314,-0.315243572,-0.27164194,0.0193758197,-0.312011957,-0.166778535,0.142235652,0.222821355,0.0199268758,-0.00234769046,-0.200499387,-0.171609874,0.0107970512,-0.0252194858,0.2,0.208719119,-0.112402391,-0.0833557069,0.0113788521,0.0178257084,0.0199268758,0.200499387,0.0107970512,0.2,0.112402391,0.0113788521,0.00234769046,-0.171609874,-0.0252194858,-0.208719119,-0.0178257084,0.0833557069
569,20201630,0.249644712,-0.029218683,-0.0012258105,0.0631937534,0.134876758,-0.315115929,-0.271901935,0.0197688844,-0.311955154,-0.166620985,0.142621905,0.223074496,0.0199715769,-0.00233749464,-0.200551615,-0.171562811,0.0107901406,-0.0252092743,0.2,0.208895998,-0.112391031,-0.0833241969,0.0114097524,0.0178459597,0.0199715769,0.200551615,0.0107901406,0.2,0.112391031,0.0114097524,0.00233749464,-0.171562811,-0.0252092743,-0.208895998,-0.0178459597,0.0833241969
570,20217233,0.249737248,-0.0291751549,-0.00160472305,0.0633394122,0.134903252,-0.315243125,-0.272116423,0.0196064543,-0.312319607,-0.167000309,0.143137008,0.223499194,0.0199789798,-0.00233401239,-0.200722125,-0.171497265,0.0107922602,-0.02521945,0.2,0.208822904,-0.112463921,-0.0834000617,0.0114509606,0.0178799355,0.0199789798,0.200722125,0.0107922602,0.2,0.112463921,0.0114509606,0.00233401239,-0.171497265,-0.02521945,-0.208822904,-0.0178799355,0.0834000617
571,20238151,0.249704733,-0.029171586,-0.00139967597,0.0632806271,0.135141104,-0.315057069,-0.271990806,0.0195514057,-0.312322199,-0.167197958,0.143586203,0.223696351,0.0199763787,-0.00233372688,-0.200629854,-0.171523718,0.0108112884,-0.0252045655,0.2,0.208798133,-0.11246444,-0.0834395915,0.0114868963,0.0178957081,0.0199763787,0.200629854,0.0108112884,0.2,0.11246444,0.0114868963,0.00233372688,-0.171523718,-0.0252045655,-0.208798133,-0.0178957081,0.0834395915
572,20256837,0.249626309,-0.0292683635,-0.00130327011,0.063170813,0.135361567,-0.315008104,-0.272211939,0.0193797369,-0.312613696,-0.167297438,0.143356219,0.223554432,0.0199701047,-0.00234146908,-0.200586472,-0.171573134,0.0108289254,-0.0252006483,0.2,0.208720882,-0.112522739,-0.0834594876,0.0114684975,0.0178843546,0.0199701047,0.200586472,0.0108289254,0.2,0.112522739,0.0114684975,0.00234146908,-0.171573134,-0.0252006483,-0.208720882,-0.0178843546,0.0834594876
573,20282093,0.2491512,-0.0292994566,-0.00168625929,0.0632499903,0.135473847,-0.31533885,-0.272150367,0.0190943088,-0.312906146,-0.167724863,0.143351153,0.223565787,0.019932096,-0.00234395653,-0.200758817,-0.171537504,0.0108379078,-0.025227108,0.2,0.208592439,-0.112581229,-0.0835449725,0.0114680922,0.017885263,0.019932096,0.200758817,0.0108379078,0.2,0.112581229,0.0114680922,0.00234395653,-0.171537504,-0.025227108,-0.208592439,-0.017885263,0.0835449725
574,20299831,0.248601377,-0.0292552188,-0.00166064221,0.0632127821,0.135468647,-0.315629661,-0.271880656,0.0190143809,-0.312782615,-0.168026552,0.143452138,0.22349301,0.0198881102,-0.0023404175,-0.200747289,-0.171554248,0.0108374918,-0.0252503729,0.2,0.208556471,-0.112556523,-0.0836053103,0.011476171,0.0178794408,0.0198881102,0.200747289,0.0108374918,0.2,0.112556523,0.011476171,0.0023404175,-0.171554248,-0.0252503729,-0.208556471,-0.0178794408,0.0836053103
575,20322923,0.247861922,-0.0291849319,-0.00157885964,0.0631577596,0.135320395,-0.315989077,-0.271217048,0.018960299,-0.312194973,-0.16811952,0.143563807,0.223617181,0.0198289537,-0.00233479455,-0.200710487,-0.171579008,0.0108256316,-0.0252791262,0.2,0.208532135,-0.112438995,-0.083623904,0.0114851046,0.0178893745,0.0198289537,0.200710487,0.0108256316,0.2,0.112438995,0.0114851046,0.00233479455,-0.171579008,-0.0252791262,-0.208532135,-0.0178893745,0.083623904
576,20334503,0.247613356,-0.0289990269,-0.000927896821,0.062644802,0.135302871,-0.315952718,-0.271239102,0.0188197307,-0.311931014,-0.167971015,0.143127963,0.22335881,0.0198090684,-0.00231992215,-0.200417554,-0.171809839,0.0108242297,-0.0252762175,0.2,0.208468879,-0.112386203,-0.083594203,0.011450237,0.0178687048,0.0198090684,0.200417554,0.0108242297,0.2,0.112386203,0.011450237,0.00231992215,-0.171809839,-0.0252762175,-0.208468879,-0.0178687048,0.083594203
577,20357608,0.247317597,-0.0289965477,-0.00105269754,0.0627229586,0.135261029,-0.316039413,-0.270996988,0.0186997559,-0.311498523,-0.168032706,0.143282756,0.223439276,0.0197854078,-0.00231972381,-0.200473714,-0.171774669,0.0108208823,-0.0252831531,0.2,0.20841489,-0.112299705,-0.0836065412,0.0114626205,0.0178751421,0.0197854078,0.200473714,0.0108208823,0.2,0.112299705,0.0114626205,0.00231972381,-0.171774669,-0.0252831531,-0.20841489,-0.0178751421,0.0836065412
578,20381749,0.247555554,-0.0289154835,-0.000590484357,0.0625246167,0.135124296,-0.315891564,-0.271366924,0.0188956596,-0.311538517,-0.167699456,0.14263016,0.223040104,0.0198044443,-0.00231323868,-0.200265718,-0.171863922,0.0108099437,-0.0252713251,0.2,0.208503047,-0.112307703,-0.0835398912,0.0114104128,0.0178432083,0.0198044443,0.200265718,0.0108099437,0.2,0.112307703,0.0114104128,0.00231323868,-0.171863922,-0.0252713251,-0.208503047,-0.0178432083,0.0835398912
579,20396449,0.248174727,-0.0288735963,-0.000789590238,0.062785849,0.135155216,-0.315652519,-0.271592945,0.0191374701,-0.311543614,-0.167399287,0.142769918,0.22309047,0.0198539782,-0.00230988771,-0.200355316,-0.171746368,0.0108124173,-0.0252522016,0.2,0.208611862,-0.112308723,-0.0834798574,0.0114215934,0.0178472376,0.0198539782,0.200355316,0.0108124173,0.2,0.112308723,0.0114215934,0.00230988771,-0.171746368,-0.0252522016,-0.208611862,-0.0178472376,0.0834798574
580,20418651,0.24911356,-0.0288195685,-0.000860751374,0.0630013645,0.135119602,-0.315330982,-0.272121847,0.0196222626,-0.311627239,-0.167075515,0.142919824,0.223116457,0.0199290848,-0.00230556548,-0.200387338,-0.171649386,0.0108095682,-0.0252264786,0.2,0.208830018,-0.112325448,-0.083415103,0.0114335859,0.0178493166,0.0199290848,0.200387338,0.0108095682,0.2,0.112325448,0.0114335859,0.00230556548,-0.171649386,-0.0252264786,-0.208830018,-0.0178493166,0.083415103
581,20441306,0.250154406,-0.0288714282,-0.00110315345,0.0634226203,0.13511692,-0.314891994,-0.27263552,0.0200893525,-0.311976194,-0.166613355,0.142968953,0.223136842,0.0200123525,-0.00230971426,-0.200496419,-0.171459821,0.0108093536,-0.0251913595,0.2,0.209040209,-0.112395239,-0.0833226711,0.0114375162,0.0178509474,0.0200123525,0.200496419,0.0108093536,0.2,0.112395239,0.0114375162,0.00230971426,-0.171459821,-0.0251913595,-0.209040209,-0.0178509474,0.0833226711
582,20459500,0.251200914,-0.0290163569,-0.00177454064,0.0638472736,0.135055736,-0.314722925,-0.272980779,0.0204227213,-0.312249362,-0.166548476,0.143504441,0.223481208,0.0200960732,-0.00232130855,-0.200798543,-0.171268727,0.0108044589,-0.025177834,0.2,0.209190225,-0.112449872,-0.0833096951,0.0114803553,0.0178784966,0.0200960732,0.200798543,0.0108044589,0.2,0.112449872,0.0114803553,0.00232130855,-0.171268727,-0.025177834,-0.209190225,-0.0178784966,0.0833096951
583,20476867,0.251960158,-0.0292376485,-0.00162785919,0.0640144721,0.135073662,-0.314388901,-0.273139626,0.0207690634,-0.312401682,-0.166220114,0.143659234,0.223568052,0.0201568127,-0.00233901188,-0.200732537,-0.171193488,0.0108058929,-0.0251511121,0.2,0.209346079,-0.112480336,-0.0832440227,0.0114927387,0.0178854442,0.0201568127,0.200732537,0.0108058929,0.2,0.112480336,0.0114927387,0.00233901188,-0.171193488,-0.0251511121,-0.209346079,-0.0178854442,0.0832440227
584,20498342,0.252742201,-0.0293343551,-0.0018829148,0.0642563552,0.135162085,-0.314141631,-0.27353543,0.0208894126,-0.312698781,-0.165943116,0.143699571,0.223611653,0.0202193761,-0.00234674841,-0.200847312,-0.17108464,0.0108129668,-0.0251313305,0.2,0.209400236,-0.112539756,-0.0831886232,0.0114959657,0.0178889322,0.0202193761,0.200847312,0.0108129668,0.2,0.112539756,0.0114959657,0.00234674841,-0.17108464,-0.0251313305,-0.209400236,-0.0178889322,0.0831886232
585,20514742,0.252962083,-0.0294897407,-0.00261303433,0.0645515174,0.134998709,-0.314516455,-0.273398548,0.0209079515,-0.312624186,-0.166283041,0.144262835,0.224012062,0.0202369666,-0.00235917926,-0.201175865,-0.170951817,0.0107998967,-0.0251613164,0.2,0.209408578,-0.112524837,-0.0832566082,0.0115410268,0.017920965,0.0202369666,0.201175865,0.0107998967,0.2,0.112524837,0.0115410268,0.00235917926,-0.170951817,-0.0251613164,-0.209408578,-0.017920965,0.0832566082
586,20548006,0.252552897,-0.0295908749,-0.00257846457,0.0644208863,0.134818867,-0.314967543,-0.273001283,0.0207442325,-0.312533528,-0.166617602,0.144422218,0.224186927,0.0202042317,-0.00236726999,-0.201160309,-0.171010601,0.0107855093,-0.0251974034,0.2,0.209334905,-0.112506706,-0.0833235204,0.0115537775,0.0179349542,0.0202042317,0.201160309,0.0107855093,0.2,0.112506706,0.0115537775,0.00236726999,-0.171010601,-0.0251974034,-0.209334905,-0.0179349542,0.0833235204
587,20562772,0.252209693,-0.0296050161,-0.00204741675,0.0640740991,0.134816065,-0.315094978,-0.272422493,0.0206472334,-0.311861128,-0.166471347,0.14439933,0.224140704,0.0201767755,-0.00236840129,-0.200921338,-0.171166655,0.0107852852,-0.0252075982,0.2,0.209291255,-0.112372226,-0.0832942694,0.0115519464,0.0179312563,0.0201767755,0.200921338,0.0107852852,0.2,0.112372226,0.0115519464,0.00236840129,-0.171166655,-0.0252075982,-0.209291255,-0.0179312563,0.0832942694
588,20581866,0.251742035,-0.0296772141,-0.00185095076,0.0636973828,0.134864315,-0.315386832,-0.272510767,0.0201290622,-0.311904311,-0.166639537,0.143793613,0.223899424,0.0201393628,-0.00237417713,-0.200832928,-0.171336178,0.0107891452,-0.0252309465,0.2,0.209058078,-0.112380862,-0.0833279073,0.011503489,0.0179119539,0.0201393628,0.200832928,0.0107891452,0.2,0.112380862,0.011503489,0.00237417713,-0.171336178,-0.0252309465,-0.209058078,-0.0179119539,0.0833279073
589,20596799,0.251285374,-0.0296652988,-0.00181048759,0.0636575669,0.134887516,-0.315672725,-0.272437274,0.0199174993,-0.311931461,-0.166785344,0.143411338,0.223751873,0.0201028299,-0.0023732239,-0.200814719,-0.171354095,0.0107910013,-0.025253818,0.2,0.208962875,-0.112386292,-0.0833570689,0.0114729071,0.0179001498,0.0201028299,0.200814719,0.0107910013,0.2,0.112386292,0.0114729071,0.0023732239,-0.171354095,-0.025253818,-0.208962875,-0.0179001498,0.0833570689
590,20620296,0.251173049,-0.0294085555,-0.00141425559,0.0633990243,0.135020524,-0.31571272,-0.272436649,0.0201246757,-0.311575085,-0.166514203,0.143254533,0.223477229,0.0200938439,-0.00235268444,-0.200636415,-0.171470439,0.0108016419,-0.0252570176,0.2,0.209056104,-0.112315017,-0.0833028406,0.0114603627,0.0178781784,0.0200938439,0.200636415,0.0108016419,0.2,0.112315017,0.0114603627,0.00235268444,-0.171470439,-0.0252570176,-0.209056104,-0.0178781784,0.0833028406
591,20636992,0.251247317,-0.02914894,-0.00142604241,0.0633329079,0.135194793,-0.315734744,-0.272444934,0.0202325359,-0.311194211,-0.166399375,0.143634573,0.223535135,0.0200997853,-0.0023319152,-0.200641719,-0.171500191,0.0108155835,-0.0252587795,0.2,0.209104641,-0.112238842,-0.0832798749,0.0114907658,0.0178828108,0.0200997853,0.200641719,0.0108155835,0.2,0.112238842,0.0114907658,0.0023319152,-0.171500191,-0.0252587795,-0.209104641,-0.0178828108,0.0832798749
592,20657879,0.251366138,-0.0289575215,-0.00182305148,0.063566871,0.135075852,-0.3159495,-0.272528589,0.0204157829,-0.310915291,-0.166581288,0.144243956,0.223953336,0.0201092911,-0.00231660172,-0.200820373,-0.171394908,0.0108060682,-0.02527596,0.2,0.209187102,-0.112183058,-0.0833162576,0.0115395164,0.0179162669,0.0201092911,0.200820373,0.0108060682,0.2,0.112183058,0.0115395164,0.00231660172,-0.171394908,-0.02527596,-0.209187102,-0.0179162669,0.0833162576
593,20677410,0.251264244,-0.0289347656,-0.00142845523,0.0633591786,0.135219172,-0.315848321,-0.272950709,0.0201659556,-0.311647236,-0.166773975,0.14387241,0.223811761,0.0201011395,-0.00231478125,-0.200642805,-0.17148837,0.0108175337,-0.0252678657,0.2,0.20907468,-0.112329447,-0.083354795,0.0115097928,0.0179049408,0.0201011395,0.200642805,0.0108175337,0.2,0.112329447,0.0115097928,0.00231478125,-0.17148837,-0.0252678657,-0.20907468,-0.0179049408,0.083354795
594,20700804,0.251355737,-0.0289461277,-0.00188408024,0.0636351928,0.135418877,-0.316059738,-0.273155421,0.0200618841,-0.312004715,-0.1668562,0.143807247,0.22371316,0.020108459,-0.00231569022,-0.200847836,-0.171364163,0.0108335102,-0.0252847791,0.2,0.209027848,-0.112400943,-0.0833712399,0.0115045798,0.0178970528,0.020108459,0.200847836,0.0108335102,0.2,0.112400943,0.0115045798,0.00231569022,-0.171364163,-0.0252847791,-0.209027848,-0.0178970528,0.0833712399
595,20714168,0.251583517,-0.0289457962,-0.0018521375,0.0637195781,0.135387525,-0.316115946,-0.273032665,0.0204544701,-0.311715215,-0.16664277,0.143922865,0.223631829,0.0201266813,-0.0023156637,-0.200833462,-0.17132619,0.010831002,-0.0252892756,0.2,0.209204512,-0.112343043,-0.083328554,0.0115138292,0.0178905463,0.0201266813,0.200833462,0.010831002,0.2,0.112343043,0.0115138292,0.0023156637,-0.17132619,-0.0252892756,-0.209204512,-0.0178905463,0.083328554
596,20750318,0.252200454,-0.0288137756,-0.00149179134,0.0638162196,0.135296956,-0.315748751,-0.272952646,0.0210157447,-0.31110996,-0.166035146,0.144263148,0.223664522,0.0201760364,-0.00230510205,-0.200671306,-0.171282701,0.0108237565,-0.0252599001,0.2,0.209457085,-0.112221992,-0.0832070291,0.0115410519,0.0178931618,0.0201760364,0.200671306,0.0108237565,0.2,0.112221992,0.0115410519,0.00230510205,-0.171282701,-0.0252599001,-0.209457085,-0.0178931618,0.0832070291
597,20760586,0.252703756,-0.0287115052,-0.00183728535,0.0637253746,0.135324806,-0.315720141,-0.273663431,0.0207722504,-0.311755389,-0.16634357,0.144427717,0.223770067,0.0202163005,-0.00229692042,-0.200826778,-0.171323581,0.0108259845,-0.0252576113,0.2,0.209347513,-0.112351078,-0.083268714,0.0115542173,0.0179016054,0.0202163005,0.200826778,0.0108259845,0.2,0.112351078,0.0115542173,0.00229692042,-0.171323581,-0.0252576113,-0.209347513,-0.0179016054,0.083268714
598,20782415,0.252960533,-0.0288778394,-0.00199522264,0.0641046464,0.135321945,-0.315617174,-0.273739725,0.0207869131,-0.312088311,-0.166431099,0.144459426,0.223705068,0.0202368426,-0.00231022716,-0.20089785,-0.171152909,0.0108257556,-0.0252493739,0.2,0.209354111,-0.112417662,-0.0832862198,0.0115567541,0.0178964055,0.0202368426,0.20089785,0.0108257556,0.2,0.112417662,0.0115567541,0.00231022716,-0.171152909,-0.0252493739,-0.209354111,-0.0178964055,0.0832862198
599,20800500,0.25339672,-0.0290742852,-0.00197030697,0.0641140193,0.135465473,-0.315342098,-0.274509102,0.0205952395,-0.313289016,-0.166344434,0.143517151,0.223107755,0.0202717376,-0.00232594281,-0.200886638,-0.171148691,0.0108372378,-0.0252273679,0.2,0.209267858,-0.112657803,-0.0832688868,0.0114813721,0.0178486204,0.0202717376,0.200886638,0.0108372378,0.2,0.112657803,0.0114813721,0.00232594281,-0.171148691,-0.0252273679,-0.209267858,-0.0178486204,0.0832688868
600,20817152,0.252656549,-0.0293023661,-0.00297482288,0.0637160987,0.136361107,-0.316006273,-0.276520222,0.0188108515,-0.317849368,-0.168129697,0.141395167,0.222027272,0.0202125239,-0.00234418929,-0.20133867,-0.171327756,0.0109088886,-0.0252805018,0.2,0.208464883,-0.113569874,-0.0836259395,0.0113116133,0.0177621818,0.0202125239,0.20133867,0.0109088886,0.2,0.113569874,0.0113116133,0.00234418929,-0.171327756,-0.0252805018,-0.208464883,-0.0177621818,0.0836259395
601,20838006,0.250297219,-0.0297129862,-0.00379066193,0.0635727867,0.137977749,-0.316839159,-0.277509898,0.0168468263,-0.322725594,-0.170410618,0.138767749,0.22010915,0.0200237775,-0.0023770389,-0.201705798,-0.171392246,0.0110382199,-0.0253471327,0.2,0.207581072,-0.114545119,-0.0840821236,0.0111014199,0.017608732,0.0200237775,0.201705798,0.0110382199,0.2,0.114545119,0.0111014199,0.0023770389,-0.171392246,-0.0253471327,-0.207581072,-0.017608732,0.0840821236
602,20858197,0.246097505,-0.0300815161,-0.00439472776,0.0633258075,0.139716685,-0.318000197,-0.276645988,0.0149866687,-0.325955421,-0.172603175,0.136651218,0.218345881,0.0196878004,-0.00240652129,-0.201977627,-0.171503387,0.0111773348,-0.0254400158,0.2,0.206744001,-0.115191084,-0.084520635,0.0109320974,0.0174676704,0.0196878004,0.201977627,0.0111773348,0.2,0.115191084,0.0109320974,0.00240652129,-0.171503387,-0.0254400158,-0.206744001,-0.0174676704,0.084520635
603,20877084,0.240260676,-0.0298871398,-0.00431154016,0.0620530434,0.141414464,-0.319592804,-0.275682658,0.0122158406,-0.32911545,-0.175606057,0.133994386,0.216575146,0.019220854,-0.00239097118,-0.201940193,-0.17207613,0.0113131571,-0.0255674243,0.2,0.205497128,-0.11582309,-0.0851212114,0.0107195508,0.0173260117,0.019220854,0.201940193,0.0113131571,0.2,0.11582309,0.0107195508,0.00239097118,-0.17207613,-0.0255674243,-0.205497128,-0.0173260117,0.0851212114
604,20898289,0.232354686,-0.0296767894,-0.00413377909,0.0603652,0.14328897,-0.321743518,-0.274757206,0.00827491656,-0.333107203,-0.179489672,0.130252093,0.215064347,0.0185883749,-0.00237414315,-0.201860201,-0.17283566,0.0114631176,-0.0257394814,0.2,0.203723712,-0.116621441,-0.0858979344,0.0104201674,0.0172051477,0.0185883749,0.201860201,0.0114631176,0.2,0.116621441,0.0104201674,0.00237414315,-0.17283566,-0.0257394814,-0.203723712,-0.0172051477,0.0858979344
605,20918624,0.222379088,-0.0298123807,-0.00386952283,0.0583255589,0.145314634,-0.324809015,-0.273112655,0.00349346921,-0.337818027,-0.183837801,0.124763876,0.213120222,0.0177903271,-0.00238499045,-0.201741285,-0.173753498,0.0116251707,-0.0259847212,0.2,0.201572061,-0.117563605,-0.0867675602,0.0099811101,0.0170496178,0.0177903271,0.201741285,0.0116251707,0.2,0.117563605,0.0099811101,0.00238499045,-0.173753498,-0.0259847212,-0.201572061,-0.0170496178,0.0867675602
606,20950104,0.209670737,-0.0299838632,-0.00284908339,0.0553534627,0.147633538,-0.328701854,-0.270114124,-0.00239055557,-0.342951655,-0.188801482,0.118156269,0.211255461,0.016773659,-0.00239870906,-0.201282088,-0.175090942,0.011810683,-0.0262961483,0.2,0.2,-0.118590331,-0.0877602965,0.00945250154,0.0169004369,0.016773659,0.201282088,0.011810683,0.2,0.118590331,0.00945250154,0.00239870906,-0.175090942,-0.0262961483,-0.2,-0.0169004369,0.0877602965
607,20956360,0.194037139,-0.0304783899,-0.00115803024,0.051457569,0.150149301,-0.332880169,-0.265623391,-0.0103086215,-0.349078417,-0.194961891,0.10989558,0.208406582,0.0155229712,-0.00243827119,-0.200521114,-0.176844094,0.0120119441,-0.0266304135,0.2,0.2,-0.119815683,-0.0889923781,0.00879164636,0.0166725266,0.0155229712,0.200521114,0.0120119441,0.2,0.119815683,0.00879164636,0.00243827119,-0.176844094,-0.0266304135,-0.2,-0.0166725266,0.0889923781
608,20975928,0.176995665,-0.0308707338,0.00197070558,0.047148224,0.152112603,-0.337112993,-0.258456826,-0.017097665,-0.351827323,-0.199295983,0.101029091,0.205616325,0.0141596532,-0.0024696587,-0.199113182,-0.178783299,0.0121690083,-0.0269690394,0.2,0.2,-0.120365465,-0.0898591965,0.00808232725,0.016449306,0.0141596532,0.199113182,0.0121690083,0.2,0.120365465,0.00808232725,0.0024696587,-0.178783299,-0.0269690394,-0.2,-0.016449306,0.0898591965
609,20994739,0.159412995,-0.0308930296,0.00544905383,0.0421567708,0.153221086,-0.34181118,-0.250253677,-0.023574397,-0.351707846,-0.202631265,0.0932006091,0.20463565,0.0127530396,-0.00247144237,-0.197547926,-0.181029453,0.0122576869,-0.0273448944,0.2,0.2,-0.120341569,-0.090526253,0.00745604873,0.016370852,0.0127530396,0.197547926,0.0122576869,0.2,0.120341569,0.00745604873,0.00247144237,-0.181029453,-0.0273448944,-0.2,-0.016370852,0.090526253
610,21017904,0.141731113,-0.0312132258,0.0100686653,0.0365906768,0.153317198,-0.34649238,-0.241550937,-0.0311092921,-0.351159394,-0.205537871,0.0846351311,0.203844443,0.0113384891,-0.00249705806,-0.195469101,-0.183534195,0.0122653759,-0.0277193904,0.2,0.2,-0.120231879,-0.0911075741,0.00677081048,0.0163075554,0.0113384891,0.195469101,0.0122653759,0.2,0.120231879,0.00677081048,0.00249705806,-0.183534195,-0.0277193904,-0.2,-0.0163075554,0.0911075741
611,21040996,0.126003489,-0.03138965,0.0148047693,0.0313815922,0.152607381,-0.351134688,-0.23286368,-0.0371684022,-0.348405451,-0.20632565,0.0764073581,0.203546658,0.0100802791,-0.002511172,-0.193337854,-0.185878284,0.0122085905,-0.028090775,0.2,0.2,-0.11968109,-0.09126513,0.00611258864,0.0162837327,0.0100802791,0.193337854,0.0122085905,0.2,0.11968109,0.00611258864,0.002511172,-0.185878284,-0.028090775,-0.2,-0.0162837327,0.09126513
612,21061250,0.114094675,-0.0309138801,0.0204652157,0.0264252555,0.151679248,-0.35447672,-0.226592273,-0.0411164947,-0.345446169,-0.205652088,0.0694997683,0.204531312,0.00912757397,-0.00247311041,-0.190790653,-0.188108635,0.0121343398,-0.0283581376,0.2,0.2,-0.119089234,-0.0911304176,0.00555998147,0.016362505,0.00912757397,0.190790653,0.0121343398,0.2,0.119089234,0.00555998147,0.00247311041,-0.188108635,-0.0283581376,-0.2,-0.016362505,0.0911304176
613,21075791,0.108166613,-0.0293364227,0.0260990802,0.0238473359,0.151362151,-0.355273008,-0.224072635,-0.0411262251,-0.342146546,-0.202418759,0.0650448352,0.207065865,0.00865332901,-0.00234691381,-0.188255414,-0.189268699,0.0121089721,-0.0284218407,0.2,0.2,-0.118429309,-0.0904837519,0.00520358682,0.0165652692,0.00865332901,0.188255414,0.0121089721,0.2,0.118429309,0.00520358682,0.00234691381,-0.189268699,-0.0284218407,-0.2,-0.0165652692,0.0904837519
614,21095906,0.110087924,-0.026314877,0.0294781569,0.0248740241,0.151966199,-0.353352487,-0.226904631,-0.0356160142,-0.33841455,-0.197003752,0.0652262866,0.213232592,0.0088070339,-0.00210519016,-0.186734829,-0.188806689,0.0121572959,-0.028268199,0.2,0.2,-0.11768291,-0.0894007504,0.00521810293,0.0170586073,0.0088070339,0.186734829,0.0121572959,0.2,0.11768291,0.00521810293,0.00210519016,-0.188806689,-0.028268199,-0.2,-0.0170586073,0.0894007504
615,21120595,0.120259874,-0.0229798332,0.0301372912,0.0297453515,0.153287798,-0.348302573,-0.237030357,-0.0269327089,-0.339668036,-0.19163537,0.0676847547,0.221359923,0.00962078989,-0.00183838665,-0.186438219,-0.186614592,0.0122630239,-0.0278642058,0.2,0.2,-0.117933607,-0.0883270741,0.00541478038,0.0177087939,0.00962078989,0.186438219,0.0122630239,0.2,0.117933607,0.00541478038,0.00183838665,-0.186614592,-0.0278642058,-0.2,-0.0177087939,0.0883270741
616,21137230,0.137367681,-0.0207927413,0.0256333798,0.0386962295,0.155027404,-0.34227404,-0.250273257,-0.0146943517,-0.343613148,-0.18621622,0.0735774338,0.231798932,0.0109894145,-0.00166341931,-0.188464979,-0.182586697,0.0124021924,-0.0273819232,0.2,0.2,-0.11872263,-0.0872432441,0.00588619471,0.0185439146,0.0109894145,0.188464979,0.0124021924,0.2,0.11872263,0.00588619471,0.00166341931,-0.182586697,-0.0273819232,-0.2,-0.0185439146,0.0872432441
617,21155645,0.156687811,-0.0209006239,0.0172261838,0.0480252206,0.156504184,-0.337688029,-0.262326747,-0.00396594079,-0.34991914,-0.183621973,0.0830031335,0.242640674,0.0125350249,-0.00167204991,-0.192248217,-0.178388651,0.0125203347,-0.0270150423,0.2,0.2,-0.119983828,-0.0867243946,0.00664025068,0.0194112539,0.0125350249,0.192248217,0.0125203347,0.2,0.119983828,0.00664025068,0.00167204991,-0.178388651,-0.0270150423,-0.2,-0.0194112539,0.0867243946
618,21184228,0.174804971,-0.0231186729,0.00954722427,0.0555290803,0.157498151,-0.335430831,-0.269304782,0.00516690081,-0.354088426,-0.181188345,0.0927313045,0.250934541,0.0139843976,-0.00184949383,-0.195703749,-0.175011914,0.0125998521,-0.0268344665,0.2,0.202325105,-0.120817685,-0.086237669,0.00741850436,0.0200747633,0.0139843976,0.195703749,0.0125998521,0.2,0.120817685,0.00741850436,0.00184949383,-0.175011914,-0.0268344665,-0.202325105,-0.0200747633,0.086237669
619,21196308,0.188433468,-0.0269822385,0.0025344356,0.0614669397,0.157103539,-0.335570723,-0.270477682,0.0108751077,-0.354123533,-0.17937097,0.101183258,0.257031471,0.0150746775,-0.00215857908,-0.198859504,-0.172339877,0.0125682831,-0.0268456578,0.2,0.204893798,-0.120824707,-0.0858741939,0.00809466064,0.0205625176,0.0150746775,0.198859504,0.0125682831,0.2,0.120824707,0.00809466064,0.00215857908,-0.172339877,-0.0268456578,-0.204893798,-0.0205625176,0.0858741939
620,21218871,0.195170432,-0.0309158489,0.000105677762,0.0629442111,0.155811414,-0.337383687,-0.26747486,0.0120290201,-0.35169965,-0.178869307,0.106051482,0.26027,0.0156136346,-0.00247326791,-0.199952445,-0.171675105,0.0124649131,-0.026990695,0.2,0.205413059,-0.12033993,-0.0857738614,0.00848411858,0.0208216,0.0156136346,0.199952445,0.0124649131,0.2,0.12033993,0.00848411858,0.00247326791,-0.171675105,-0.026990695,-0.205413059,-0.0208216,0.0857738614
621,21239628,0.195995465,-0.0336910225,0.00172044476,0.0615365617,0.154148668,-0.339591682,-0.261625528,0.010276963,-0.345541269,-0.178147465,0.107729018,0.260787457,0.0156796372,-0.0026952818,-0.1992258,-0.172308547,0.0123318934,-0.0271673346,0.2,0.204624633,-0.119108254,-0.085629493,0.00861832142,0.0208629966,0.0156796372,0.1992258,0.0123318934,0.2,0.119108254,0.00861832142,0.0026952818,-0.172308547,-0.0271673346,-0.204624633,-0.0208629966,0.085629493
622,21257230,0.194461107,-0.0342670418,0.00574152684,0.0580179207,0.152288049,-0.342014104,-0.256981462,0.00809249841,-0.3379592,-0.176435143,0.106527381,0.25897038,0.0155568886,-0.00274136335,-0.197416313,-0.173891936,0.012183044,-0.0273611283,0.2,0.203641624,-0.11759184,-0.0852870286,0.00852219045,0.0207176304,0.0155568886,0.197416313,0.012183044,0.2,0.11759184,0.00852219045,0.00274136335,-0.173891936,-0.0273611283,-0.203641624,-0.0207176304,0.0852870286
623,21279001,0.1939843,-0.0330363773,0.00852569751,0.0554265641,0.149820298,-0.344727039,-0.253929108,0.00840617809,-0.328931421,-0.173358411,0.105989821,0.257315814,0.015518744,-0.00264291018,-0.196163436,-0.175058046,0.0119856238,-0.0275781631,0.2,0.20378278,-0.115786284,-0.0846716821,0.0084791857,0.0205852652,0.015518744,0.196163436,0.0119856238,0.2,0.115786284,0.0084791857,0.00264291018,-0.175058046,-0.0275781631,-0.20378278,-0.0205852652,0.0846716821
624,21300293,0.195243314,-0.0307839774,0.0107515212,0.0540037714,0.147435904,-0.346309066,-0.254829377,0.00904542208,-0.323741198,-0.170960829,0.105582498,0.255954474,0.0156194651,-0.00246271819,-0.195161815,-0.175698303,0.0117948723,-0.0277047253,0.2,0.20407044,-0.11474824,-0.0841921657,0.00844659984,0.0204763579,0.0156194651,0.195161815,0.0117948723,0.2,0.11474824,0.00844659984,0.00246271819,-0.175698303,-0.0277047253,-0.20407044,-0.0204763579,0.0841921657
625,21315489,0.199370757,-0.0284492616,0.0105980095,0.054977905,0.14609018,-0.346802831,-0.259320915,0.0104672639,-0.323800117,-0.169609591,0.105555087,0.255240381,0.0159496605,-0.00227594092,-0.195230896,-0.175259943,0.0116872144,-0.0277442265,0.2,0.204710269,-0.114760023,-0.0839219183,0.00844440699,0.0204192305,0.0159496605,0.195230896,0.0116872144,0.2,0.114760023,0.00844440699,0.00227594092,-0.175259943,-0.0277442265,-0.204710269,-0.0204192305,0.0839219183
626,21337293,0.204481944,-0.0271593612,0.00854127854,0.0566743352,0.146610409,-0.346048802,-0.26589337,0.010970939,-0.330510944,-0.171207905,0.106076062,0.254270256,0.0163585556,-0.00217274889,-0.196156425,-0.174496549,0.0117288327,-0.0276839042,0.2,0.204936923,-0.116102189,-0.084241581,0.00848608494,0.0203416204,0.0163585556,0.196156425,0.0117288327,0.2,0.116102189,0.00848608494,0.00217274889,-0.174496549,-0.0276839042,-0.204936923,-0.0203416204,0.084241581
627,21355988,0.207878038,-0.0273349211,0.00523065729,0.0591795743,0.148626164,-0.344756663,-0.26956284,0.0112218019,-0.337876737,-0.174024776,0.108089581,0.253501326,0.0166302431,-0.00218679368,-0.197646204,-0.173369192,0.0118900931,-0.027580533,0.2,0.205049811,-0.117575347,-0.0848049551,0.00864716649,0.0202801061,0.0166302431,0.197646204,0.0118900931,0.2,0.117575347,0.00864716649,0.00218679368,-0.173369192,-0.027580533,-0.205049811,-0.0202801061,0.0848049551
628,21375623,0.207913756,-0.0281609297,0.00242556864,0.0604319274,0.15098162,-0.343626261,-0.270020306,0.0104668057,-0.343368262,-0.17784439,0.110679395,0.25293538,0.0166331005,-0.00225287437,-0.198908494,-0.172805633,0.0120785296,-0.0274901009,0.2,0.204710063,-0.118673652,-0.0855688781,0.00885435164,0.0202348304,0.0166331005,0.198908494,0.0120785296,0.2,0.118673652,0.00885435164,0.00225287437,-0.172805633,-0.0274901009,-0.204710063,-0.0202348304,0.0855688781
629,21400509,0.205187634,-0.0290245991,0.000924221822,0.0606009997,0.152724966,-0.343268842,-0.268623561,0.00882653892,-0.346164644,-0.181179643,0.111785039,0.251941532,0.0164150107,-0.00232196793,-0.1995841,-0.17272955,0.0122179973,-0.0274615073,0.2,0.203971943,-0.119232929,-0.0862359285,0.00894280314,0.0201553226,0.0164150107,0.1995841,0.0122179973,0.2,0.119232929,0.00894280314,0.00232196793,-0.17272955,-0.0274615073,-0.203971943,-0.0201553226,0.0862359285
630,21418601,0.198375314,-0.0299183354,0.000934400363,0.0588677712,0.15397948,-0.344250709,-0.265609473,0.00504456554,-0.347526044,-0.184781313,0.110283785,0.25005573,0.0158700252,-0.00239346683,-0.19957952,-0.173509503,0.0123183584,-0.0275400567,0.2,0.202270054,-0.119505209,-0.0869562626,0.00882270277,0.0200044584,0.0158700252,0.19957952,0.0123183584,0.2,0.119505209,0.00882270277,0.00239346683,-0.173509503,-0.0275400567,-0.202270054,-0.0200044584,0.0869562626
631,21435736,0.188081205,-0.0306887124,0.00218941667,0.0559706837,0.154378206,-0.346847653,-0.26040259,-0.000252330763,-0.346910775,-0.187829658,0.106244199,0.247362003,0.0150464964,-0.00245509699,-0.199014762,-0.174813192,0.0123502564,-0.0277478123,0.2,0.2,-0.119382155,-0.0875659317,0.00849953592,0.0197889602,0.0150464964,0.199014762,0.0123502564,0.2,0.119382155,0.00849953592,0.00245509699,-0.174813192,-0.0277478123,-0.2,-0.0197889602,0.0875659317
632,21464104,0.176731899,-0.0308270268,0.0050137653,0.0519918278,0.15389289,-0.350233823,-0.25456214,-0.00555676548,-0.344426423,-0.189194188,0.0999397412,0.243568495,0.014138552,-0.00246616215,-0.197743806,-0.176603677,0.0123114312,-0.0280187058,0.2,0.2,-0.118885285,-0.0878388375,0.0079951793,0.0194854796,0.014138552,0.197743806,0.0123114312,0.2,0.118885285,0.0079951793,0.00246616215,-0.176603677,-0.0280187058,-0.2,-0.0194854796,0.0878388375
633,21474117,0.16562669,-0.030244397,0.0076855626,0.0477697141,0.15282844,-0.354198039,-0.248591989,-0.010524434,-0.341015667,-0.190168262,0.0944460481,0.240617931,0.0132501352,-0.00241955176,-0.196541497,-0.178503629,0.0122262752,-0.0283358431,0.2,0.2,-0.118203133,-0.0880336523,0.00755568385,0.0192494345,0.0132501352,0.196541497,0.0122262752,0.2,0.118203133,0.00755568385,0.00241955176,-0.178503629,-0.0283358431,-0.2,-0.0192494345,0.0880336523
634,21497361,0.156353533,-0.0291479677,0.0110938493,0.0439728089,0.151417494,-0.357405633,-0.243683591,-0.0139891719,-0.337191701,-0.19024241,0.0897126794,0.238417402,0.0125082827,-0.00233183742,-0.195007768,-0.180212236,0.0121133995,-0.0285924506,0.2,0.2,-0.11743834,-0.0880484819,0.00717701435,0.0190733922,0.0125082827,0.195007768,0.0121133995,0.2,0.11743834,0.00717701435,0.00233183742,-0.180212236,-0.0285924506,-0.2,-0.0190733922,0.0880484819
635,21519932,0.150636584,-0.0277503114,0.0139356963,0.0414130874,0.15015775,-0.359494328,-0.2412287,-0.0154649476,-0.334223121,-0.18897073,0.0855748206,0.237163007,0.0120509267,-0.00222002491,-0.193728937,-0.181364111,0.01201262,-0.0287595463,0.2,0.2,-0.116844624,-0.0877941459,0.00684598565,0.0189730406,0.0120509267,0.193728937,0.01201262,0.2,0.116844624,0.00684598565,0.00222002491,-0.181364111,-0.0287595463,-0.2,-0.0189730406,0.0877941459
636,21536610,0.14803268,-0.0266716499,0.0157623142,0.0401899964,0.149672851,-0.359816372,-0.242272019,-0.016833486,-0.335612297,-0.188774467,0.0819859132,0.236864939,0.0118426144,-0.00213373199,-0.192906959,-0.181914502,0.0119738281,-0.0287853098,0.2,0.2,-0.117122459,-0.0877548933,0.00655887306,0.0189491951,0.0118426144,0.192906959,0.0119738281,0.2,0.117122459,0.00655887306,0.00213373199,-0.181914502,-0.0287853098,-0.2,-0.0189491951,0.0877548933
637,21563862,0.148913071,-0.0259625241,0.0159628354,0.0413973443,0.149719179,-0.358777732,-0.244634181,-0.0153694851,-0.33782351,-0.188061073,0.0804103315,0.237656295,0.0119130456,-0.00207700193,-0.192816724,-0.181371195,0.0119775343,-0.0287022185,0.2,0.2,-0.117564702,-0.0876122147,0.00643282652,0.0190125036,0.0119130456,0.192816724,0.0119775343,0.2,0.117564702,0.00643282652,0.00207700193,-0.181371195,-0.0287022185,-0.2,-0.0190125036,0.0876122147
638,21575510,0.153711766,-0.0255359095,0.015192911,0.0439499468,0.149942786,-0.356427789,-0.248439312,-0.0115609113,-0.340044111,-0.18631734,0.0806511045,0.239345402,0.0122969413,-0.00204287276,-0.19316319,-0.180222524,0.0119954228,-0.0285142231,0.2,0.2,-0.118008822,-0.0872634679,0.00645208836,0.0191476321,0.0122969413,0.19316319,0.0119954228,0.2,0.118008822,0.00645208836,0.00204287276,-0.180222524,-0.0285142231,-0.2,-0.0191476321,0.0872634679
639,21595588,0.161096767,-0.0254435949,0.0131718377,0.0473345257,0.150490299,-0.35334155,-0.253374159,-0.00711433031,-0.343146116,-0.184871778,0.0830058306,0.242145061,0.0128877413,-0.00203548759,-0.194072673,-0.178699463,0.0120392239,-0.028267324,0.2,0.2,-0.118629223,-0.0869743556,0.00664046645,0.0193716049,0.0128877413,0.194072673,0.0120392239,0.2,0.118629223,0.00664046645,0.00203548759,-0.178699463,-0.028267324,-0.2,-0.0193716049,0.0869743556
640,21621427,0.169617862,-0.0261382293,0.0106239133,0.0511110798,0.151055634,-0.350009799,-0.257499576,-0.00229909248,-0.345288068,-0.183301538,0.0867581442,0.245185092,0.0135694289,-0.00209105834,-0.195219239,-0.177000014,0.0120844507,-0.0280007839,0.2,0.2,-0.119057614,-0.0866603076,0.00694065154,0.0196148074,0.0135694289,0.195219239,0.0120844507,0.2,0.119057614,0.00694065154,0.00209105834,-0.177000014,-0.0280007839,-0.2,-0.0196148074,0.0866603076
641,21637919,0.17769219,-0.0273972079,0.00878588762,0.0540497191,0.151687205,-0.346651405,-0.26103878,0.00123482302,-0.347718298,-0.182145938,0.0902151167,0.247441515,0.0142153752,-0.00219177663,-0.196046351,-0.175677626,0.0121349764,-0.0277321124,0.2,0.20055567,-0.11954366,-0.0864291877,0.00721720934,0.0197953212,0.0142153752,0.196046351,0.0121349764,0.2,0.11954366,0.00721720934,0.00219177663,-0.175677626,-0.0277321124,-0.20055567,-0.0197953212,0.0864291877
642,21655486,0.184878454,-0.0287047029,0.00699756341,0.0564728007,0.152199849,-0.34416014,-0.262966812,0.00432971818,-0.347980767,-0.180605918,0.0938043371,0.24913542,0.0147902763,-0.00229637623,-0.196851096,-0.17458724,0.012175988,-0.0275328112,0.2,0.201948373,-0.119596153,-0.0861211836,0.00750434697,0.0199308336,0.0147902763,0.196851096,0.012175988,0.2,0.119596153,0.00750434697,0.00229637623,-0.17458724,-0.0275328112,-0.201948373,-0.0199308336,0.0861211836
643,21675933,0.189702451,-0.0299163107,0.00570759876,0.0578658395,0.152246058,-0.342633486,-0.26314801,0.00619479641,-0.346460402,-0.179693669,0.0976400822,0.250600666,0.0151761961,-0.00239330485,-0.197431581,-0.173960372,0.0121796846,-0.0274106789,0.2,0.202787658,-0.11929208,-0.0859387338,0.00781120658,0.0200480533,0.0151761961,0.197431581,0.0121796846,0.2,0.11929208,0.00781120658,0.00239330485,-0.173960372,-0.0274106789,-0.202787658,-0.0200480533,0.0859387338
644,21703357,0.192165986,-0.0307938587,0.00527413422,0.0579553545,0.151918352,-0.342219234,-0.262880892,0.00635157013,-0.344984442,-0.17951788,0.0998079479,0.25099048,0.0153732789,-0.0024635087,-0.19762664,-0.17392009,0.0121534681,-0.0273775387,0.2,0.202858207,-0.118996888,-0.085903576,0.00798463583,0.0200792384,0.0153732789,0.19762664,0.0121534681,0.2,0.118996888,0.00798463583,0.0024635087,-0.17392009,-0.0273775387,-0.202858207,-0.0200792384,0.085903576
645,21716146,0.192657769,-0.0312565379,0.00531491963,0.0577105731,0.151425049,-0.342557907,-0.26158759,0.00584737957,-0.342585266,-0.179406434,0.101225697,0.25094223,0.0154126215,-0.00250052303,-0.197608286,-0.174030242,0.0121140039,-0.0274046326,0.2,0.202631321,-0.118517053,-0.0858812869,0.00809805572,0.0200753784,0.0154126215,0.197608286,0.0121140039,0.2,0.118517053,0.00809805572,0.00250052303,-0.174030242,-0.0274046326,-0.202631321,-0.0200753784,0.0858812869
646,21736720,0.191661134,-0.03124604,0.00640844228,0.0565740615,0.150927991,-0.34300065,-0.260190815,0.00487162918,-0.340169996,-0.179601207,0.101923816,0.250449121,0.0153328907,-0.0024996832,-0.197116201,-0.174541672,0.0120742393,-0.027440052,0.2,0.202192233,-0.118033999,-0.0859202415,0.00815390527,0.0200359297,0.0153328907,0.197116201,0.0120742393,0.2,0.118033999,0.00815390527,0.0024996832,-0.174541672,-0.027440052,-0.202192233,-0.0200359297,0.0859202415
647,21760675,0.190154254,-0.0308847185,0.00743855862,0.0553422421,0.150540382,-0.343670309,-0.258895606,0.00401714537,-0.337652534,-0.179605424,0.102133393,0.249692976,0.0152123404,-0.00247077748,-0.196652649,-0.175095991,0.0120432305,-0.0274936247,0.2,0.201807715,-0.117530507,-0.0859210849,0.00817067146,0.0199754381,0.0152123404,0.196652649,0.0120432305,0.2,0.117530507,0.00817067146,0.00247077748,-0.175095991,-0.0274936247,-0.201807715,-0.0199754381,0.0859210849
648,21775423,0.188693091,-0.0302299503,0.0078802146,0.0543612689,0.150219366,-0.344345033,-0.258429497,0.00306481519,-0.336182326,-0.180017769,0.102210455,0.249038696,0.0150954473,-0.00241839603,-0.196453903,-0.175537429,0.0120175493,-0.0275476027,0.2,0.201379167,-0.117236465,-0.0860035539,0.00817683637,0.0199230957,0.0150954473,0.196453903,0.0120175493,0.2,0.117236465,0.00817683637,0.00241839603,-0.175537429,-0.0275476027,-0.201379167,-0.0199230957,0.0860035539
649,21801893,0.187686026,-0.0295777991,0.00830466673,0.0537713431,0.150077879,-0.344776422,-0.258820474,0.00246525346,-0.336080492,-0.180232123,0.101481594,0.248103902,0.0150148821,-0.00236622393,-0.1962629,-0.175802896,0.0120062304,-0.0275821137,0.2,0.201109364,-0.117216098,-0.0860464245,0.00811852753,0.0198483121,0.0150148821,0.1962629,0.0120062304,0.2,0.117216098,0.00811852753,0.00236622393,-0.175802896,-0.0275821137,-0.201109364,-0.0198483121,0.0860464245
650,21815836,0.187213868,-0.0290772542,0.00776993902,0.0540625565,0.149985716,-0.345153272,-0.259218156,0.0024764468,-0.336256057,-0.180422902,0.101266488,0.247619733,0.0149771094,-0.00232618034,-0.196503527,-0.17567185,0.0119988573,-0.0276122618,0.2,0.201114401,-0.117251211,-0.0860845804,0.00810131907,0.0198095787,0.0149771094,0.196503527,0.0119988573,0.2,0.117251211,0.00810131907,0.00232618034,-0.17567185,-0.0276122618,-0.201114401,-0.0198095787,0.0860845804
651,21842501,0.18668519,-0.028767081,0.00667448621,0.0542646348,0.149849817,-0.345893502,-0.259909421,0.00204578973,-0.337600023,-0.181440055,0.101117738,0.247433245,0.0149348152,-0.00230136648,-0.196996481,-0.175580914,0.0119879854,-0.0276714802,0.2,0.200920605,-0.117520005,-0.0862880111,0.00808941901,0.0197946596,0.0149348152,0.196996481,0.0119879854,0.2,0.117520005,0.00808941901,0.00230136648,-0.175580914,-0.0276714802,-0.200920605,-0.0197946596,0.0862880111
652,21854371,0.185771868,-0.0286552869,0.00590630621,0.0543128066,0.149918661,-0.346832931,-0.259854168,0.00166706054,-0.338988006,-0.182496622,0.101021588,0.247188032,0.0148617494,-0.00229242295,-0.197342162,-0.175559237,0.0119934928,-0.0277466345,0.2,0.200750177,-0.117797601,-0.0864993244,0.00808172703,0.0197750425,0.0148617494,0.197342162,0.0119934928,0.2,0.117797601,0.00808172703,0.00229242295,-0.175559237,-0.0277466345,-0.200750177,-0.0197750425,0.0864993244
653,21886072,0.184656605,-0.0287148841,0.0059187999,0.0540450513,0.150153533,-0.347456902,-0.259244591,0.00120820862,-0.339612097,-0.183098972,0.100664802,0.246693879,0.0147725284,-0.00229719073,-0.19733654,-0.175679727,0.0120122826,-0.0277965522,0.2,0.200543694,-0.117922419,-0.0866197944,0.00805318415,0.0197355103,0.0147725284,0.19733654,0.0120122826,0.2,0.117922419,0.00805318415,0.00229719073,-0.175679727,-0.0277965522,-0.200543694,-0.0197355103,0.0866197944
654,21895168,0.182339847,-0.0288060345,0.00613056961,0.0530266091,0.150620863,-0.348312199,-0.25839442,-0.000380647776,-0.340754598,-0.184391201,0.0999707058,0.246097744,0.0145871878,-0.00230448276,-0.197241244,-0.176138026,0.012049669,-0.0278649759,0.2,0.2,-0.11815092,-0.0868782401,0.00799765646,0.0196878195,0.0145871878,0.197241244,0.012049669,0.2,0.11815092,0.00799765646,0.00230448276,-0.176138026,-0.0278649759,-0.2,-0.0196878195,0.0868782401
655,21922913,0.179670811,-0.028805878,0.00657905033,0.0522762462,0.150882974,-0.349376172,-0.257170022,-0.00174474984,-0.3411282,-0.185271114,0.0986615047,0.245102808,0.0143736649,-0.00230447024,-0.197039427,-0.176475689,0.0120706379,-0.0279500937,0.2,0.2,-0.11822564,-0.0870542228,0.00789292037,0.0196082246,0.0143736649,0.197039427,0.0120706379,0.2,0.11822564,0.00789292037,0.00230447024,-0.176475689,-0.0279500937,-0.2,-0.0196082246,0.0870542228
656,21937835,0.176809743,-0.0288383011,0.007319008,0.0515333973,0.150954783,-0.350189865,-0.256218702,-0.00322768092,-0.341804802,-0.185898736,0.0965394974,0.243975952,0.0141447794,-0.00230706409,-0.196706446,-0.176809971,0.0120763826,-0.0280151892,0.2,0.2,-0.11836096,-0.0871797472,0.00772315979,0.0195180762,0.0141447794,0.196706446,0.0120763826,0.2,0.11836096,0.00772315979,0.00230706409,-0.176809971,-0.0280151892,-0.2,-0.0195180762,0.0871797472
657,21955686,0.174223557,-0.0286971442,0.00802523829,0.0506040156,0.151040405,-0.351090997,-0.255103707,-0.00422257511,-0.341937453,-0.186058238,0.0947009698,0.2431463,0.0139378846,-0.00229577154,-0.196388643,-0.177228193,0.0120832324,-0.0280872798,0.2,0.2,-0.118387491,-0.0872116476,0.00757607758,0.019451704,0.0139378846,0.196388643,0.0120832324,0.2,0.118387491,0.00757607758,0.00229577154,-0.177228193,-0.0280872798,-0.2,-0.019451704,0.0872116476
658,21978019,0.172414199,-0.028484961,0.00891268812,0.0498871543,0.151154205,-0.351368815,-0.254564375,-0.00488813408,-0.341912866,-0.185917795,0.0931003615,0.242335662,0.0137931359,-0.00227879688,-0.19598929,-0.177550781,0.0120923364,-0.0281095052,0.2,0.2,-0.118382573,-0.0871835589,0.00744802892,0.019386853,0.0137931359,0.19598929,0.0120923364,0.2,0.118382573,0.00744802892,0.00227879688,-0.177550781,-0.0281095052,-0.2,-0.019386853,0.0871835589
659,21997261,0.171735853,-0.0282219592,0.00947638974,0.0496840216,0.151200965,-0.351209342,-0.25443235,-0.0047022542,-0.341616094,-0.185352892,0.0921776369,0.242136598,0.0137388682,-0.00225775674,-0.195735625,-0.17764219,0.0120960772,-0.0280967474,0.2,0.2,-0.118323219,-0.0870705783,0.00737421095,0.0193709278,0.0137388682,0.195735625,0.0120960772,0.2,0.118323219,0.00737421095,0.00225775674,-0.17764219,-0.0280967474,-0.2,-0.0193709278,0.0870705783
660,22016835,0.172604784,-0.0280074161,0.0101130018,0.0499457829,0.151219517,-0.350181937,-0.255235374,-0.00394527754,-0.34171629,-0.184292018,0.0912723988,0.24210152,0.0138083827,-0.00224059328,-0.195449149,-0.177524398,0.0120975614,-0.028014555,0.2,0.2,-0.118343258,-0.0868584037,0.00730179191,0.0193681216,0.0138083827,0.195449149,0.0120975614,0.2,0.118343258,0.00730179191,0.00224059328,-0.177524398,-0.028014555,-0.2,-0.0193681216,0.0868584037
661,22036473,0.174327463,-0.0280122161,0.00996886846,0.0508882888,0.151349425,-0.348696619,-0.25650394,-0.00301826023,-0.342407286,-0.183711842,0.0914670601,0.242823794,0.013946197,-0.00224097729,-0.195514009,-0.17710027,0.012107954,-0.0278957295,0.2,0.2,-0.118481457,-0.0867423683,0.00731736481,0.0194259036,0.013946197,0.195514009,0.012107954,0.2,0.118481457,0.00731736481,0.00224097729,-0.17710027,-0.0278957295,-0.2,-0.0194259036,0.0867423683
662,22056250,0.17691572,-0.0281288512,0.00930767041,0.0521479845,0.151266679,-0.347258925,-0.257597238,-0.00130504428,-0.34237045,-0.182960778,0.092705071,0.244068787,0.0141532576,-0.0022503081,-0.195811548,-0.176533407,0.0121013343,-0.027780714,0.2,0.2,-0.11847409,-0.0865921557,0.00741640568,0.0195255029,0.0141532576,0.195811548,0.0121013343,0.2,0.11847409,0.00741640568,0.0022503081,-0.176533407,-0.027780714,-0.2,-0.0195255029,0.0865921557
663,22086143,0.179467514,-0.0284249596,0.00843585562,0.0531343631,0.151196897,-0.346058577,-0.258774042,-0.000142919074,-0.342824489,-0.18267633,0.0942100063,0.24529919,0.0143574011,-0.00227399677,-0.196203865,-0.176089537,0.0120957518,-0.0276846862,0.2,0.2,-0.118564898,-0.086535266,0.0075368005,0.0196239352,0.0143574011,0.196203865,0.0120957518,0.2,0.118564898,0.0075368005,0.00227399677,-0.176089537,-0.0276846862,-0.2,-0.0196239352,0.086535266
664,22095055,0.182418242,-0.0287716612,0.0079493532,0.0542113148,0.151110023,-0.344886422,-0.259436995,0.00158452161,-0.342057347,-0.181616977,0.0957926959,0.246384084,0.0145934594,-0.0023017329,-0.196422791,-0.175604908,0.0120888019,-0.0275909138,0.2,0.200713035,-0.118411469,-0.0863233954,0.00766341567,0.0197107267,0.0145934594,0.196422791,0.0120888019,0.2,0.118411469,0.00766341567,0.0023017329,-0.175604908,-0.0275909138,-0.200713035,-0.0197107267,0.0863233954
665,22118528,0.18441233,-0.029330004,0.00744625833,0.0549015775,0.15102081,-0.343804657,-0.259976685,0.0021732254,-0.341793001,-0.181423575,0.0973393098,0.247441441,0.0147529864,-0.00234640032,-0.196649184,-0.17529429,0.0120816648,-0.0275043726,0.2,0.200977951,-0.1183586,-0.0862847149,0.00778714478,0.0197953153,0.0147529864,0.196649184,0.0120816648,0.2,0.1183586,0.00778714478,0.00234640032,-0.17529429,-0.0275043726,-0.200977951,-0.0197953153,0.0862847149
666,22141639,0.185504988,-0.0296771862,0.00705946563,0.0550347231,0.150891393,-0.343672544,-0.259828568,0.00255056564,-0.341110647,-0.181492418,0.09884464,0.24815245,0.014840399,-0.00237417489,-0.19682324,-0.175234375,0.0120713115,-0.0274938035,0.2,0.201147755,-0.118222129,-0.0862984836,0.0079075712,0.019852196,0.014840399,0.19682324,0.0120713115,0.2,0.118222129,0.0079075712,0.00237417489,-0.175234375,-0.0274938035,-0.201147755,-0.019852196,0.0862984836
667,22155734,0.186660439,-0.0298548397,0.00724155875,0.0551407747,0.15060477,-0.343522847,-0.259581417,0.00315318094,-0.339713395,-0.180918336,0.0996778384,0.248188913,0.0149328351,-0.00238838717,-0.196741299,-0.175186651,0.0120483816,-0.0274818277,0.2,0.201418931,-0.117942679,-0.0861836672,0.00797422707,0.019855113,0.0149328351,0.196741299,0.0120483816,0.2,0.117942679,0.00797422707,0.00238838717,-0.175186651,-0.0274818277,-0.201418931,-0.019855113,0.0861836672
668,22177913,0.187376305,-0.0298599582,0.00694455113,0.0552349389,0.150181204,-0.343943268,-0.259409994,0.00348262955,-0.338499159,-0.180586651,0.100507073,0.248573244,0.0149901044,-0.00238879666,-0.196874952,-0.175144278,0.0120144963,-0.0275154614,0.2,0.201567183,-0.117699832,-0.0861173302,0.00804056585,0.0198858595,0.0149901044,0.196874952,0.0120144963,0.2,0.117699832,0.00804056585,0.00238879666,-0.175144278,-0.0275154614,-0.201567183,-0.0198858595,0.0861173302
669,22195885,0.187865809,-0.029582629,0.00702111097,0.0547649451,0.149968043,-0.344733536,-0.259424716,0.00373958889,-0.337499678,-0.180386543,0.10113281,0.248590291,0.0150292647,-0.00236661032,-0.1968405,-0.175355775,0.0119974434,-0.0275786829,0.2,0.201682815,-0.117499936,-0.0860773087,0.00809062481,0.0198872232,0.0150292647,0.1968405,0.0119974434,0.2,0.117499936,0.00809062481,0.00236661032,-0.175355775,-0.0275786829,-0.201682815,-0.0198872232,0.0860773087
670,22217699,0.18764782,-0.0294661187,0.00699053798,0.0546235852,0.150014356,-0.345401496,-0.259804606,0.00299763517,-0.338117987,-0.180944428,0.101003006,0.24823539,0.0150118256,-0.00235728949,-0.196854258,-0.175419387,0.0120011485,-0.0276321197,0.2,0.201348936,-0.117623597,-0.0861888856,0.00808024049,0.0198588312,0.0150118256,0.196854258,0.0120011485,0.2,0.117623597,0.00808024049,0.00235728949,-0.175419387,-0.0276321197,-0.201348936,-0.0198588312,0.0861888856
671,22242732,0.18707937,-0.0294724777,0.00710360054,0.0544253737,0.15036796,-0.345966786,-0.259900659,0.00242269901,-0.339012742,-0.181330159,0.100225359,0.247626647,0.0149663496,-0.00235779822,-0.19680338,-0.175508582,0.0120294368,-0.0276773429,0.2,0.201090215,-0.117802548,-0.0862660319,0.00801802874,0.0198101318,0.0149663496,0.19680338,0.0120294368,0.2,0.117802548,0.00801802874,0.00235779822,-0.175508582,-0.0276773429,-0.201090215,-0.0198101318,0.0862660319
672,22260903,0.185630187,-0.0294465534,0.00656226976,0.0542465784,0.150741085,-0.346854031,-0.259647965,0.00134952902,-0.340241283,-0.182437599,0.0997884423,0.247211993,0.014850415,-0.00235572428,-0.197046979,-0.17558904,0.0120592868,-0.0277483225,0.2,0.200607288,-0.118048257,-0.0864875197,0.00798307538,0.0197769594,0.014850415,0.197046979,0.0120592868,0.2,0.118048257,0.00798307538,0.00235572428,-0.17558904,-0.0277483225,-0.200607288,-0.0197769594,0.0864875197
673,22285467,0.183620378,-0.0293977838,0.00708210142,0.0535702892,0.151206419,-0.347337157,-0.258916169,0.000269078679,-0.341162473,-0.183441326,0.0990665928,0.246446401,0.0146896303,-0.0023518227,-0.196813054,-0.17589337,0.0120965135,-0.0277869725,0.2,0.200121085,-0.118232495,-0.0866882652,0.00792532742,0.0197157121,0.0146896303,0.196813054,0.0120965135,0.2,0.118232495,0.00792532742,0.0023518227,-0.17589337,-0.0277869725,-0.200121085,-0.0197157121,0.0866882652
674,22294707,0.181419134,-0.0294492841,0.00719269412,0.0528692491,0.151581123,-0.347916484,-0.25787425,-0.000709704065,-0.341386586,-0.183978155,0.0981024876,0.245735243,0.0145135307,-0.00235594273,-0.196763288,-0.176208838,0.0121264899,-0.0278333187,0.2,0.2,-0.118277317,-0.0867956311,0.00784819901,0.0196588194,0.0145135307,0.196763288,0.0121264899,0.2,0.118277317,0.00784819901,0.00235594273,-0.176208838,-0.0278333187,-0.2,-0.0196588194,0.0867956311
675,22319741,0.178911194,-0.0294127539,0.00741356798,0.0519610718,0.151742458,-0.348759472,-0.257110596,-0.00209743087,-0.342021525,-0.184779927,0.0966571048,0.244878441,0.0143128955,-0.00235302031,-0.196663894,-0.176617518,0.0121393967,-0.0279007578,0.2,0.2,-0.118404305,-0.0869559854,0.00773256838,0.0195902753,0.0143128955,0.196663894,0.0121393967,0.2,0.118404305,0.00773256838,0.00235302031,-0.176617518,-0.0279007578,-0.2,-0.0195902753,0.0869559854
676,22337283,0.176492468,-0.0293165892,0.00798098464,0.0513406619,0.151744068,-0.349449307,-0.256048352,-0.00307253562,-0.342097223,-0.185086802,0.0951601863,0.24408038,0.0141193974,-0.00234532714,-0.196408557,-0.176896702,0.0121395254,-0.0279559445,0.2,0.2,-0.118419445,-0.0870173603,0.0076128149,0.0195264304,0.0141193974,0.196408557,0.0121395254,0.2,0.118419445,0.0076128149,0.00234532714,-0.176896702,-0.0279559445,-0.2,-0.0195264304,0.0870173603
677,22356966,0.174900457,-0.0290508214,0.00855088141,0.0506553315,0.151630044,-0.350159645,-0.255684435,-0.00348654925,-0.342143804,-0.184761822,0.0933774188,0.243203983,0.0139920366,-0.00232406572,-0.196152103,-0.177205101,0.0121304035,-0.0280127716,0.2,0.2,-0.118428761,-0.0869523644,0.00747019351,0.0194563186,0.0139920366,0.196152103,0.0121304035,0.2,0.118428761,0.00747019351,0.00232406572,-0.177205101,-0.0280127716,-0.2,-0.0194563186,0.0869523644
678,22380482,0.17365253,-0.0287691187,0.0086938506,0.0503801852,0.151593968,-0.350612223,-0.255311787,-0.00403180486,-0.342370003,-0.184939861,0.0926892161,0.242970511,0.0138922024,-0.0023015295,-0.196087767,-0.177328917,0.0121275175,-0.0280489779,0.2,0.2,-0.118474001,-0.0869879723,0.00741513729,0.0194376409,0.0138922024,0.196087767,0.0121275175,0.2,0.118474001,0.00741513729,0.0023015295,-0.177328917,-0.0280489779,-0.2,-0.0194376409,0.0869879723
679,22393973,0.172681704,-0.0286534168,0.00927113183,0.0500974096,0.151692271,-0.350539684,-0.255296975,-0.00453018304,-0.343132704,-0.185220748,0.0918445289,0.242746577,0.0138145363,-0.00229227334,-0.195827991,-0.177456166,0.0121353817,-0.0280431747,0.2,0.2,-0.118626541,-0.0870441496,0.00734756231,0.0194197261,0.0138145363,0.195827991,0.0121353817,0.2,0.118626541,0.00734756231,0.00229227334,-0.177456166,-0.0280431747,-0.2,-0.0194197261,0.0870441496
680,22423801,0.171911657,-0.0286146011,0.0092405593,0.0501714908,0.151857555,-0.350431889,-0.255120844,-0.00485071121,-0.343744159,-0.185434595,0.0914118662,0.242906183,0.0137529325,-0.00228916809,-0.195841748,-0.177422829,0.0121486044,-0.0280345511,0.2,0.2,-0.118748832,-0.087086919,0.0073129493,0.0194324946,0.0137529325,0.195841748,0.0121486044,0.2,0.118748832,0.0073129493,0.00228916809,-0.177422829,-0.0280345511,-0.2,-0.0194324946,0.087086919
681,22434348,0.171472639,-0.0285324529,0.00927669276,0.0502463579,0.151880205,-0.350318283,-0.254885197,-0.00473001879,-0.343553245,-0.185528934,0.0915444344,0.243293285,0.0137178111,-0.00228259623,-0.195825488,-0.177389139,0.0121504164,-0.0280254626,0.2,0.2,-0.118710649,-0.0871057868,0.00732355475,0.0194634628,0.0137178111,0.195825488,0.0121504164,0.2,0.118710649,0.00732355475,0.00228259623,-0.177389139,-0.0280254626,-0.2,-0.0194634628,0.0871057868
682,22463366,0.171867341,-0.0284434799,0.00948200747,0.0506431721,0.151665404,-0.349912345,-0.254497945,-0.00372566562,-0.342036486,-0.184636608,0.0921245217,0.243999228,0.0137493873,-0.00227547839,-0.195733097,-0.177210573,0.0121332324,-0.0279929876,0.2,0.2,-0.118407297,-0.0869273216,0.00736996174,0.0195199382,0.0137493873,0.195733097,0.0121332324,0.2,0.118407297,0.00736996174,0.00227547839,-0.177210573,-0.0279929876,-0.2,-0.0195199382,0.0869273216
683,22477452,0.173315272,-0.0283139572,0.00961345714,0.0509745218,0.151241362,-0.349325746,-0.255123287,-0.00265902886,-0.340992928,-0.183619112,0.092548959,0.244775146,0.0138652217,-0.00226511657,-0.195673944,-0.177061465,0.012099309,-0.0279460597,0.2,0.2,-0.118198586,-0.0867238224,0.00740391672,0.0195820117,0.0138652217,0.195673944,0.012099309,0.2,0.118198586,0.00740391672,0.00226511657,-0.177061465,-0.0279460597,-0.2,-0.0195820117,0.0867238224
684,22497013,0.175050974,-0.0282530878,0.0093399724,0.0515111722,0.151044711,-0.34875375,-0.25617969,-0.001953447,-0.340923458,-0.183169991,0.0932597294,0.24549976,0.0140040779,-0.00226024702,-0.195797012,-0.176819973,0.0120835769,-0.0279003,0.2,0.2,-0.118184692,-0.0866339982,0.00746077836,0.0196399808,0.0140040779,0.195797012,0.0120835769,0.2,0.118184692,0.00746077836,0.00226024702,-0.176819973,-0.0279003,-0.2,-0.0196399808,0.0866339982
685,22520395,0.177382737,-0.0283174571,0.00924201123,0.0523121022,0.15089348,-0.348060787,-0.257303208,-0.000708031701,-0.340898991,-0.182297096,0.0936591253,0.245785624,0.014190619,-0.00226539657,-0.195841095,-0.176459554,0.0120714784,-0.0278448629,0.2,0.2,-0.118179798,-0.0864594191,0.00749273002,0.0196628499,0.014190619,0.195841095,0.0120714784,0.2,0.118179798,0.00749273002,0.00226539657,-0.176459554,-0.0278448629,-0.2,-0.0196628499,0.0864594191
686,22537602,0.180495024,-0.0282374285,0.00857406016,0.0534299463,0.150769368,-0.347417623,-0.258396327,0.00117417553,-0.34027338,-0.181067243,0.0950440317,0.246516317,0.0144396019,-0.00225899428,-0.196141673,-0.175956524,0.0120615494,-0.0277934098,0.2,0.200528379,-0.118054676,-0.0862134486,0.00760352254,0.0197213054,0.0144396019,0.196141673,0.0120615494,0.2,0.118054676,0.00760352254,0.00225899428,-0.175956524,-0.0277934098,-0.200528379,-0.0197213054,0.0862134486
687,22557686,0.183177784,-0.0282196552,0.00776859419,0.0541971885,0.150780633,-0.346902281,-0.260012776,0.00197252282,-0.341027081,-0.181007087,0.0964282528,0.247225836,0.0146542227,-0.00225757241,-0.196504133,-0.175611265,0.0120624506,-0.0277521825,0.2,0.200887635,-0.118205416,-0.0862014174,0.00771426022,0.0197780669,0.0146542227,0.196504133,0.0120624506,0.2,0.118205416,0.00771426022,0.00225757241,-0.175611265,-0.0277521825,-0.200887635,-0.0197780669,0.0862014174
688,22580373,0.185222849,-0.0284616649,0.00727163861,0.0551720336,0.151043922,-0.346160263,-0.26056388,0.00285157259,-0.34114325,-0.180898175,0.0980197266,0.247900501,0.0148178279,-0.00227693319,-0.196727763,-0.175172585,0.0120835137,-0.027692821,0.2,0.201283208,-0.11822865,-0.0861796349,0.00784157813,0.0198320401,0.0148178279,0.196727763,0.0120835137,0.2,0.11822865,0.00784157813,0.00227693319,-0.175172585,-0.027692821,-0.201283208,-0.0198320401,0.0861796349
689,22596902,0.187231094,-0.0287363976,0.00693047838,0.0557398014,0.151103109,-0.345552981,-0.261549652,0.00353535917,-0.34158057,-0.180485591,0.0982193276,0.247810811,0.0149784875,-0.00229891181,-0.196881285,-0.174917089,0.0120882487,-0.0276442385,0.2,0.201590912,-0.118316114,-0.0860971183,0.00785754621,0.0198248649,0.0149784875,0.196881285,0.0120882487,0.2,0.118316114,0.00785754621,0.00229891181,-0.174917089,-0.0276442385,-0.201590912,-0.0198248649,0.0860971183
690,22635598,0.187265009,-0.0292354841,0.00608110148,0.055268798,0.151778191,-0.345790863,-0.262803346,0.00193616899,-0.34493348,-0.182014614,0.0974343792,0.246976599,0.0149812007,-0.00233883873,-0.197263504,-0.175129041,0.0121422553,-0.027663269,0.2,0.200871276,-0.118986696,-0.0864029229,0.00779475033,0.0197581279,0.0149812007,0.197263504,0.0121422553,0.2,0.118986696,0.00779475033,0.00233883873,-0.175129041,-0.027663269,-0.200871276,-0.0197581279,0.0864029229
691,22637774,0.185371444,-0.0298420023,0.00546434149,0.0545017272,0.152915239,-0.346844435,-0.26232332,0.000276234379,-0.347506344,-0.183727443,0.0963537097,0.245215014,0.0148297155,-0.00238736019,-0.197541046,-0.175474223,0.0122332191,-0.0277475548,0.2,0.200124305,-0.119501269,-0.0867454886,0.00770829678,0.0196172011,0.0148297155,0.197541046,0.0122332191,0.2,0.119501269,0.00770829678,0.00238736019,-0.175474223,-0.0277475548,-0.200124305,-0.0196172011,0.0867454886
692,22655696,0.18128185,-0.0303895231,0.00545977475,0.0532175265,0.153905153,-0.348386168,-0.260680109,-0.00222607004,-0.349597514,-0.185613573,0.0942579657,0.242845684,0.014502548,-0.00243116185,-0.197543101,-0.176052113,0.0123124123,-0.0278708935,0.2,0.2,-0.119919503,-0.0871227145,0.00754063725,0.0194276547,0.014502548,0.197543101,0.0123124123,0.2,0.119919503,0.00754063725,0.00243116185,-0.176052113,-0.0278708935,-0.2,-0.0194276547,0.0871227145
693,22692158,0.174614936,-0.0306040607,0.00584581029,0.0509130172,0.155031651,-0.350726843,-0.2585769,-0.00655844435,-0.352701962,-0.188499138,0.0907521769,0.240010351,0.0139691949,-0.00244832486,-0.197369385,-0.177089142,0.0124025321,-0.0280581474,0.2,0.2,-0.120540392,-0.0876998276,0.00726017416,0.0192008281,0.0139691949,0.197369385,0.0124025321,0.2,0.120540392,0.00726017416,0.00244832486,-0.177089142,-0.0280581474,-0.2,-0.0192008281,0.0876998276
694,22699818,0.165044054,-0.0311611872,0.00697248615,0.0479125232,0.15610145,-0.353028476,-0.255097985,-0.0127874706,-0.356267631,-0.192487597,0.0860129669,0.236316934,0.0132035244,-0.00249289498,-0.196862381,-0.178439365,0.012488116,-0.0282422781,0.2,0.2,-0.121253526,-0.0884975195,0.00688103735,0.0189053547,0.0132035244,0.196862381,0.012488116,0.2,0.121253526,0.00688103735,0.00249289498,-0.178439365,-0.0282422781,-0.2,-0.0189053547,0.0884975195
695,22722207,0.152300045,-0.0321699455,0.00907098129,0.0434147753,0.157197639,-0.35569787,-0.249882698,-0.0206064079,-0.360350221,-0.196793571,0.0791297629,0.231172949,0.0121840036,-0.00257359564,-0.195918058,-0.180463351,0.0125758111,-0.0284558296,0.2,0.2,-0.122070044,-0.0893587142,0.00633038104,0.0184938359,0.0121840036,0.195918058,0.0125758111,0.2,0.122070044,0.00633038104,0.00257359564,-0.180463351,-0.0284558296,-0.2,-0.0184938359,0.0893587142
696,22739575,0.136846438,-0.0331664346,0.0119514186,0.0374772921,0.158162564,-0.359128684,-0.242351338,-0.0295247026,-0.363223016,-0.201002747,0.0713873878,0.225099832,0.010947715,-0.00265331477,-0.194621862,-0.183135219,0.0126530051,-0.0287302947,0.2,0.2,-0.122644603,-0.0902005494,0.00571099102,0.0180079865,0.010947715,0.194621862,0.0126530051,0.2,0.122644603,0.00571099102,0.00265331477,-0.183135219,-0.0287302947,-0.2,-0.0180079865,0.0902005494
697,22757407,0.118045919,-0.0341106504,0.0153646078,0.0301129036,0.158936411,-0.363577753,-0.232373938,-0.0400091968,-0.364702463,-0.206312969,0.064354375,0.219632789,0.00944367349,-0.00272885203,-0.193085926,-0.186449193,0.0127149129,-0.0290862203,0.2,0.2,-0.122940493,-0.0912625939,0.00514835,0.0175706232,0.00944367349,0.193085926,0.0127149129,0.2,0.122940493,0.00514835,0.00272885203,-0.186449193,-0.0290862203,-0.2,-0.0175706232,0.0912625939
698,22776343,0.0975786895,-0.0348208286,0.0211404767,0.0224327091,0.158861071,-0.368053824,-0.220300138,-0.0506424047,-0.36354053,-0.210590899,0.0565338843,0.214563847,0.00780629516,-0.00278566629,-0.190486785,-0.189905281,0.0127088857,-0.0294443059,0.2,0.2,-0.122708106,-0.0921181798,0.00452271074,0.0171651077,0.00780629516,0.190486785,0.0127088857,0.2,0.122708106,0.00452271074,0.00278566629,-0.189905281,-0.0294443059,-0.2,-0.0171651077,0.0921181798
699,22799860,0.0780460909,-0.0348088294,0.0277077593,0.0145926867,0.158330917,-0.372300357,-0.209878266,-0.0608996674,-0.362655818,-0.214046523,0.0477892533,0.210557818,0.00624368727,-0.00278470635,-0.187531508,-0.193433291,0.0126664734,-0.0297840285,0.2,0.2,-0.122531164,-0.0928093046,0.00382314026,0.0168446255,0.00624368727,0.187531508,0.0126664734,0.2,0.122531164,0.00382314026,0.00278470635,-0.193433291,-0.0297840285,-0.2,-0.0168446255,0.0928093046
700,22820940,0.0615620725,-0.0335939266,0.0336550884,0.00832794048,0.157573849,-0.377285838,-0.201644242,-0.068141073,-0.361440092,-0.216002613,0.0401950926,0.209539905,0.0049249658,-0.00268751413,-0.18485521,-0.196252427,0.0126059079,-0.0301828671,0.2,0.2,-0.122288018,-0.0932005227,0.0032156074,0.0167631924,0.0049249658,0.18485521,0.0126059079,0.2,0.122288018,0.0032156074,0.00268751413,-0.196252427,-0.0301828671,-0.2,-0.0167631924,0.0932005227
701,22835710,0.0498192385,-0.0314508118,0.0396115854,0.00357823749,0.157273278,-0.380491108,-0.197298869,-0.0726447105,-0.362013131,-0.216752037,0.0344642326,0.21078822,0.00398553908,-0.00251606494,-0.182174787,-0.198389793,0.0125818622,-0.0304392886,0.2,0.2,-0.122402626,-0.0933504075,0.00275713861,0.0168630576,0.00398553908,0.182174787,0.0125818622,0.2,0.122402626,0.00275713861,0.00251606494,-0.198389793,-0.0304392886,-0.2,-0.0168630576,0.0933504075
702,22861947,0.0450072177,-0.028193811,0.0450862385,0.00141098944,0.158280849,-0.380820572,-0.197483003,-0.0721388385,-0.363182604,-0.214439198,0.0314984284,0.21457082,0.00360057741,-0.00225550488,-0.179711193,-0.199365055,0.012662468,-0.0304656458,0.2,0.2,-0.122636521,-0.0928878397,0.00251987427,0.0171656656,0.00360057741,0.179711193,0.012662468,0.2,0.122636521,0.00251987427,0.00225550488,-0.199365055,-0.0304656458,-0.2,-0.0171656656,0.0928878397
703,22878697,0.0467827804,-0.0240411498,0.0472544543,0.00273068924,0.160700902,-0.378836721,-0.203359172,-0.0672125965,-0.36626175,-0.211119175,0.0330506898,0.222056195,0.00374262244,-0.00192329198,-0.178735496,-0.19877119,0.0128560722,-0.0303069377,0.2,0.2,-0.12325235,-0.092223835,0.00264405519,0.0177644956,0.00374262244,0.178735496,0.0128560722,0.2,0.12325235,0.00264405519,0.00192329198,-0.19877119,-0.0303069377,-0.2,-0.0177644956,0.092223835
704,22896487,0.0533823855,-0.0201904997,0.0447939262,0.0071139778,0.163796365,-0.376514226,-0.212947309,-0.0599360317,-0.372244269,-0.208801851,0.038780503,0.232444361,0.00427059084,-0.00161523998,-0.179842733,-0.19679871,0.0131037092,-0.0301211381,0.2,0.2,-0.124448854,-0.0917603701,0.00310244024,0.0185955489,0.00427059084,0.179842733,0.0131037092,0.2,0.124448854,0.00310244024,0.00161523998,-0.19679871,-0.0301211381,-0.2,-0.0185955489,0.0917603701
705,22922700,0.0627885014,-0.0180392023,0.0423964038,0.0118197547,0.168147027,-0.37221843,-0.222689837,-0.0518922955,-0.37962693,-0.205800012,0.0452900678,0.241137952,0.00502308011,-0.00144313619,-0.180921618,-0.19468111,0.0134517622,-0.0297774744,0.2,0.2,-0.125925386,-0.0911600024,0.00362320542,0.0192910361,0.00502308011,0.180921618,0.0134517622,0.2,0.125925386,0.00362320542,0.00144313619,-0.19468111,-0.0297774744,-0.2,-0.0192910361,0.0911600024
706,22935186,0.0732479319,-0.0179772507,0.0380671024,0.0172467232,0.172738597,-0.367356062,-0.23087725,-0.0447385497,-0.386144876,-0.202869877,0.0514288023,0.247184947,0.00585983455,-0.00143818006,-0.182869804,-0.192238975,0.0138190877,-0.029388485,0.2,0.2,-0.127228975,-0.0905739754,0.00411430418,0.0197747958,0.00585983455,0.182869804,0.0138190877,0.2,0.127228975,0.00411430418,0.00143818006,-0.192238975,-0.029388485,-0.2,-0.0197747958,0.0905739754
707,22960003,0.0823747814,-0.0196157806,0.0314537063,0.0237119403,0.175183073,-0.365092844,-0.235286459,-0.0383799784,-0.389456689,-0.200823128,0.0566081107,0.251233816,0.00658998251,-0.00156926244,-0.185845832,-0.189329627,0.0140146458,-0.0292074275,0.2,0.2,-0.127891338,-0.0901646256,0.00452864885,0.0200987053,0.00658998251,0.185845832,0.0140146458,0.2,0.127891338,0.00452864885,0.00156926244,-0.189329627,-0.0292074275,-0.2,-0.0200987053,0.0901646256
708,22982854,0.0889727846,-0.0219253469,0.0245769806,0.0300605558,0.174460933,-0.366791904,-0.234897062,-0.0327636153,-0.38740465,-0.198524237,0.0610056967,0.256043643,0.00711782277,-0.00175402775,-0.188940359,-0.18647275,0.0139568746,-0.0293433523,0.2,0.2,-0.12748093,-0.0897048473,0.00488045573,0.0204834914,0.00711782277,0.188940359,0.0139568746,0.2,0.12748093,0.00488045573,0.00175402775,-0.18647275,-0.0293433523,-0.2,-0.0204834914,0.0897048473
709,23000692,0.0932219699,-0.0246886034,0.0194721706,0.0350470357,0.170407102,-0.371973425,-0.231729865,-0.029585069,-0.38195926,-0.195705906,0.0618639588,0.260714561,0.00745775759,-0.00197508827,-0.191237523,-0.184228834,0.0136325681,-0.029757874,0.2,0.2,-0.126391852,-0.0891411811,0.00494911671,0.0208571649,0.00745775759,0.191237523,0.0136325681,0.2,0.126391852,0.00494911671,0.00197508827,-0.184228834,-0.029757874,-0.2,-0.0208571649,0.0891411811
710,23023664,0.0948983282,-0.0278596953,0.0167581514,0.0370863453,0.16454266,-0.37937209,-0.227072179,-0.0293643661,-0.376061738,-0.193599612,0.0593449511,0.26441139,0.00759186625,-0.00222877562,-0.192458832,-0.183311145,0.0131634128,-0.0303497672,0.2,0.2,-0.125212348,-0.0887199223,0.00474759609,0.0211529112,0.00759186625,0.192458832,0.0131634128,0.2,0.125212348,0.00474759609,0.00222877562,-0.183311145,-0.0303497672,-0.2,-0.0211529112,0.0887199223
711,23036285,0.0947116986,-0.0310131181,0.0173553899,0.0358847752,0.158459052,-0.387276828,-0.221301734,-0.0314738117,-0.370432049,-0.191837654,0.0541561022,0.265949368,0.00757693589,-0.00248104945,-0.192190075,-0.183851851,0.0126767242,-0.0309821463,0.2,0.2,-0.12408641,-0.0883675307,0.00433248818,0.0212759495,0.00757693589,0.192190075,0.0126767242,0.2,0.12408641,0.00433248818,0.00248104945,-0.183851851,-0.0309821463,-0.2,-0.0212759495,0.0883675307
712,23061191,0.0939723328,-0.0331977159,0.0209710132,0.0326504149,0.153883249,-0.393259197,-0.216273144,-0.034415476,-0.36601308,-0.190155998,0.0480788685,0.265280753,0.00751778662,-0.00265581727,-0.190563044,-0.185307313,0.0123106599,-0.0314607358,0.2,0.2,-0.123202616,-0.0880311996,0.00384630948,0.0212224603,0.00751778662,0.190563044,0.0123106599,0.2,0.123202616,0.00384630948,0.00265581727,-0.185307313,-0.0314607358,-0.2,-0.0212224603,0.0880311996
713,23081286,0.0950019434,-0.0333362631,0.0264120754,0.0288357399,0.151884109,-0.395553917,-0.213963553,-0.035291899,-0.36166048,-0.187494054,0.0438948274,0.263986349,0.00760015547,-0.00266690105,-0.188114566,-0.187023917,0.0121507287,-0.0316443133,0.2,0.2,-0.122332096,-0.0874988109,0.00351158619,0.0211189079,0.00760015547,0.188114566,0.0121507287,0.2,0.122332096,0.00351158619,0.00266690105,-0.187023917,-0.0316443133,-0.2,-0.0211189079,0.0874988109
714,23095192,0.0978712365,-0.031476818,0.030599935,0.0267362949,0.152116627,-0.39428103,-0.215419888,-0.0341294296,-0.358915538,-0.185484871,0.0436482802,0.264027864,0.00782969892,-0.00251814544,-0.186230029,-0.187968667,0.0121693301,-0.0315424824,0.2,0.2,-0.121783108,-0.0870969743,0.00349186242,0.0211222291,0.00782969892,0.186230029,0.0121693301,0.2,0.121783108,0.00349186242,0.00251814544,-0.187968667,-0.0315424824,-0.2,-0.0211222291,0.0870969743
715,23118269,0.105158225,-0.0283934008,0.0324576981,0.0279011671,0.15378803,-0.390050322,-0.222423896,-0.0290284101,-0.358832687,-0.182654783,0.0457570627,0.264968216,0.00841265798,-0.00227147207,-0.185394036,-0.187444475,0.0123030424,-0.0312040257,0.2,0.2,-0.121766537,-0.0865309566,0.00366056502,0.0211974573,0.00841265798,0.185394036,0.0123030424,0.2,0.121766537,0.00366056502,0.00227147207,-0.187444475,-0.0312040257,-0.2,-0.0211974573,0.0865309566
716,23136429,0.116188772,-0.0258604046,0.0298449583,0.0328902081,0.156258598,-0.383778036,-0.233321697,-0.022244703,-0.362719566,-0.180786192,0.0504253767,0.267463148,0.00929510176,-0.00206883237,-0.186569769,-0.185199406,0.0125006878,-0.0307022429,0.2,0.2,-0.122543913,-0.0861572385,0.00403403014,0.0213970518,0.00929510176,0.186569769,0.0125006878,0.2,0.122543913,0.00403403014,0.00206883237,-0.185199406,-0.0307022429,-0.2,-0.0213970518,0.0861572385
717,23163374,0.128671229,-0.0249511488,0.0237662941,0.0397811607,0.158771053,-0.377604872,-0.244507954,-0.0152822854,-0.369613916,-0.18076475,0.0568303689,0.27032426,0.0102936983,-0.0019960919,-0.189305168,-0.182098478,0.0127016842,-0.0302083898,0.2,0.2,-0.123922783,-0.0861529499,0.00454642951,0.0216259408,0.0102936983,0.189305168,0.0127016842,0.2,0.123922783,0.00454642951,0.0019960919,-0.182098478,-0.0302083898,-0.2,-0.0216259408,0.0861529499
718,23177818,0.140455067,-0.025720505,0.0155142704,0.0476464294,0.160245091,-0.372975111,-0.252370179,-0.00863122381,-0.375522166,-0.181848556,0.0643808693,0.273122519,0.0112364054,-0.0020576404,-0.193018578,-0.178559107,0.0128196073,-0.0298380089,0.2,0.2,-0.125104433,-0.0863697112,0.00515046954,0.0218498015,0.0112364054,0.193018578,0.0128196073,0.2,0.125104433,0.00515046954,0.0020576404,-0.178559107,-0.0298380089,-0.2,-0.0218498015,0.0863697112
719,23196314,0.148898065,-0.0278085284,0.00811737124,0.0532219522,0.160641477,-0.370894283,-0.256492972,-0.00495906919,-0.380925268,-0.18440555,0.0703539401,0.274532259,0.0119118452,-0.00222468227,-0.196347183,-0.176050122,0.0128513181,-0.0296715426,0.2,0.2,-0.126185054,-0.0868811101,0.00562831521,0.0219625807,0.0119118452,0.196347183,0.0128513181,0.2,0.126185054,0.00562831521,0.00222468227,-0.176050122,-0.0296715426,-0.2,-0.0219625807,0.0868811101
720,23217957,0.149489596,-0.0314011946,0.00241273036,0.0552545041,0.160057276,-0.372528642,-0.253687084,-0.00660114596,-0.384107888,-0.189093307,0.0735473707,0.274311215,0.0119591677,-0.00251209557,-0.198914271,-0.175135473,0.0128045821,-0.0298022914,0.2,0.2,-0.126821578,-0.0878186613,0.00588378966,0.0219448972,0.0119591677,0.198914271,0.0128045821,0.2,0.126821578,0.00588378966,0.00251209557,-0.175135473,-0.0298022914,-0.2,-0.0219448972,0.0878186613
721,23236844,0.139650658,-0.0355361924,0.00165822264,0.0510728732,0.159272537,-0.377536088,-0.244265079,-0.0150622642,-0.384924382,-0.195498765,0.0718424171,0.270257175,0.0111720526,-0.00284289539,-0.1992538,-0.177017207,0.0127418029,-0.0302028871,0.2,0.2,-0.126984876,-0.0890997529,0.00574739337,0.021620574,0.0111720526,0.1992538,0.0127418029,0.2,0.126984876,0.00574739337,0.00284289539,-0.177017207,-0.0302028871,-0.2,-0.021620574,0.0890997529
722,23256738,0.122344173,-0.0385844186,0.00792536605,0.0425307266,0.158552155,-0.383488238,-0.22951822,-0.0265891645,-0.379211605,-0.19889015,0.0647086278,0.2625058,0.00978753388,-0.00308675349,-0.196433585,-0.180861173,0.0126841724,-0.030679059,0.2,0.2,-0.125842321,-0.0897780299,0.00517669022,0.021000464,0.00978753388,0.196433585,0.0126841724,0.2,0.125842321,0.00517669022,0.00308675349,-0.180861173,-0.030679059,-0.2,-0.021000464,0.0897780299
723,23279091,0.101673774,-0.0394377001,0.0162507854,0.0323245041,0.156880334,-0.390084058,-0.214117691,-0.0390369743,-0.369015276,-0.200629681,0.0553662665,0.254476309,0.00813390195,-0.00315501601,-0.192687147,-0.185453973,0.0125504267,-0.0312067246,0.2,0.2,-0.123803055,-0.0901259363,0.00442930132,0.0203581047,0.00813390195,0.192687147,0.0125504267,0.2,0.123803055,0.00442930132,0.00315501601,-0.185453973,-0.0312067246,-0.2,-0.0203581047,0.0901259363
724,23301991,0.0816459805,-0.0375961997,0.0253953356,0.0225910712,0.154307142,-0.396608591,-0.201629788,-0.0497554317,-0.358609229,-0.201528192,0.0458435416,0.248413756,0.00653167844,-0.00300769597,-0.188572099,-0.189834018,0.0123445714,-0.0317286873,0.2,0.2,-0.121721846,-0.0903056383,0.00366748333,0.0198731005,0.00653167844,0.188572099,0.0123445714,0.2,0.121721846,0.00366748333,0.00300769597,-0.189834018,-0.0317286873,-0.2,-0.0198731005,0.0903056383
725,23314705,0.0666001886,-0.0334958285,0.0344364941,0.014458199,0.15258418,-0.400880128,-0.195631295,-0.057122387,-0.352603942,-0.201558724,0.0371771418,0.244328588,0.00532801509,-0.00267966628,-0.184503578,-0.19349381,0.0122067344,-0.0320704103,0.2,0.2,-0.120520788,-0.0903117448,0.00297417134,0.0195462871,0.00532801509,0.184503578,0.0122067344,0.2,0.120520788,0.00297417134,0.00267966628,-0.19349381,-0.0320704103,-0.2,-0.0195462871,0.0903117448
726,23339120,0.0597776435,-0.0284185857,0.0407515839,0.009783349,0.152689114,-0.401760608,-0.196665585,-0.0591733456,-0.351658553,-0.200552151,0.0320800133,0.24329327,0.00478221148,-0.00227348685,-0.181661787,-0.195597493,0.0122151291,-0.0321408486,0.2,0.2,-0.120331711,-0.0901104301,0.00256640106,0.0194634616,0.00478221148,0.181661787,0.0122151291,0.2,0.120331711,0.00256640106,0.00227348685,-0.195597493,-0.0321408486,-0.2,-0.0194634616,0.0901104301
727,23356726,0.0609590821,-0.0236329045,0.0423522703,0.0102947513,0.154212132,-0.399161667,-0.204019263,-0.0563549027,-0.356060743,-0.199403942,0.0316630751,0.245543346,0.00487672657,-0.00189063236,-0.180941478,-0.195367362,0.0123369706,-0.0319329333,0.2,0.2,-0.121212149,-0.0898807883,0.00253304601,0.0196434677,0.00487672657,0.180941478,0.0123369706,0.2,0.121212149,0.00253304601,0.00189063236,-0.195367362,-0.0319329333,-0.2,-0.0196434677,0.0898807883
728,23377495,0.0725758746,-0.0196131058,0.0398266055,0.0170235131,0.155949503,-0.393130302,-0.216607571,-0.0452661477,-0.361503184,-0.195166931,0.0354694128,0.250502646,0.00580606997,-0.00156904846,-0.182078028,-0.192339419,0.0124759603,-0.0314504242,0.2,0.2,-0.122300637,-0.0890333861,0.00283755302,0.0200402117,0.00580606997,0.182078028,0.0124759603,0.2,0.122300637,0.00283755302,0.00156904846,-0.192339419,-0.0314504242,-0.2,-0.0200402117,0.0890333861
729,23398486,0.0905110016,-0.0178956017,0.0313338749,0.0266717691,0.157569692,-0.386343896,-0.232697546,-0.0333207101,-0.371404737,-0.192943633,0.0432676002,0.257487029,0.00724088013,-0.00143164814,-0.185899756,-0.187997704,0.0126055753,-0.0309075117,0.2,0.2,-0.124280947,-0.0885887265,0.00346140802,0.0205989623,0.00724088013,0.185899756,0.0126055753,0.2,0.124280947,0.00346140802,0.00143164814,-0.187997704,-0.0309075117,-0.2,-0.0205989623,0.0885887265
730,23415639,0.10887593,-0.0192329045,0.0223997217,0.0355616473,0.160073906,-0.379865646,-0.245868832,-0.0235642921,-0.383546472,-0.192808434,0.0521070994,0.262953192,0.00871007442,-0.00153863236,-0.189920125,-0.183997259,0.0128059125,-0.0303892517,0.2,0.2,-0.126709294,-0.0885616869,0.00416856796,0.0210362554,0.00871007442,0.189920125,0.0128059125,0.2,0.126709294,0.00416856796,0.00153863236,-0.183997259,-0.0303892517,-0.2,-0.0210362554,0.0885616869
731,23435403,0.123608321,-0.0234662239,0.0132865719,0.0438074432,0.162482023,-0.375358343,-0.252686054,-0.0168853141,-0.392944157,-0.19352743,0.0592524298,0.265437216,0.00988866568,-0.00187729791,-0.194021043,-0.180286651,0.0129985619,-0.0300286674,0.2,0.2,-0.128588831,-0.0887054861,0.00474019438,0.0212349772,0.00988866568,0.194021043,0.0129985619,0.2,0.128588831,0.00474019438,0.00187729791,-0.180286651,-0.0300286674,-0.2,-0.0212349772,0.0887054861
732,23458357,0.131307751,-0.0285162181,0.00594008993,0.049328845,0.163054556,-0.375052363,-0.251575112,-0.0138286529,-0.395906955,-0.194580808,0.0642984957,0.266589224,0.0105046201,-0.00228129745,-0.19732696,-0.17780202,0.0130443645,-0.030004189,0.2,0.2,-0.129181391,-0.0889161617,0.00514387965,0.0213271379,0.0105046201,0.19732696,0.0130443645,0.2,0.129181391,0.00514387965,0.00228129745,-0.17780202,-0.030004189,-0.2,-0.0213271379,0.0889161617
733,23475427,0.129204035,-0.0335098319,0.00421803026,0.0491563082,0.162041083,-0.377659231,-0.244024307,-0.0173775088,-0.394364804,-0.196690992,0.0645093918,0.26534155,0.0103363228,-0.00268078655,-0.198101886,-0.177879661,0.0129632866,-0.0302127385,0.2,0.2,-0.128872961,-0.0893381983,0.00516075134,0.021227324,0.0103363228,0.198101886,0.0129632866,0.2,0.128872961,0.00516075134,0.00268078655,-0.177879661,-0.0302127385,-0.2,-0.021227324,0.0893381983
734,23510308,0.116610572,-0.0379199348,0.00671808794,0.0431909151,0.160604239,-0.383519024,-0.231200933,-0.0278893877,-0.38978368,-0.200595543,0.0599213466,0.261491448,0.00932884574,-0.00303359479,-0.19697686,-0.180564088,0.0128483391,-0.0306815219,0.2,0.2,-0.127956736,-0.0901191086,0.00479370773,0.0209193158,0.00932884574,0.19697686,0.0128483391,0.2,0.127956736,0.00479370773,0.00303359479,-0.180564088,-0.0306815219,-0.2,-0.0209193158,0.0901191086
735,23517278,0.0983544141,-0.0408583097,0.0147925196,0.033487767,0.158311099,-0.390363455,-0.215117186,-0.0403755493,-0.380424261,-0.202784538,0.0508102514,0.254874676,0.00786835313,-0.00326866478,-0.193343366,-0.184930505,0.0126648879,-0.0312290764,0.2,0.2,-0.126084852,-0.0905569077,0.00406482011,0.0203899741,0.00786835313,0.193343366,0.0126648879,0.2,0.126084852,0.00406482011,0.00326866478,-0.184930505,-0.0312290764,-0.2,-0.0203899741,0.0905569077
736,23535692,0.0794439986,-0.0410099588,0.0245236456,0.0236326288,0.155154675,-0.39737004,-0.199981302,-0.0512568057,-0.367845446,-0.202528566,0.0408421829,0.24923709,0.00635551989,-0.00328079671,-0.188964359,-0.189365317,0.012412374,-0.0317896032,0.2,0.2,-0.123569089,-0.0905057132,0.00326737463,0.0199389672,0.00635551989,0.188964359,0.012412374,0.2,0.123569089,0.00326737463,0.00328079671,-0.189365317,-0.0317896032,-0.2,-0.0199389672,0.0905057132
737,23562622,0.0652476177,-0.0375959016,0.0352252647,0.014533991,0.152471542,-0.40214923,-0.191022158,-0.0577979907,-0.356436729,-0.200473055,0.0326534286,0.246465966,0.00521980941,-0.00300767213,-0.184148631,-0.193459704,0.0121977234,-0.0321719384,0.2,0.2,-0.121287346,-0.090094611,0.00261227429,0.0197172773,0.00521980941,0.184148631,0.0121977234,0.2,0.121287346,0.00261227429,0.00300767213,-0.193459704,-0.0321719384,-0.2,-0.0197172773,0.090094611
738,23575620,0.0592421331,-0.0319570638,0.0437782668,0.00901762024,0.151977643,-0.402611971,-0.192215472,-0.0594806969,-0.352093011,-0.197819784,0.0274200812,0.246018946,0.00473937064,-0.00255656511,-0.18029978,-0.195942071,0.0121582115,-0.0322089577,0.2,0.2,-0.120418602,-0.0895639569,0.0021936065,0.0196815157,0.00473937064,0.18029978,0.0121582115,0.2,0.120418602,0.0021936065,0.00255656511,-0.195942071,-0.0322089577,-0.2,-0.0196815157,0.0895639569
739,23599014,0.06491483,-0.0252423789,0.0474873893,0.0106250802,0.15373835,-0.397733063,-0.202550277,-0.0522494428,-0.352291763,-0.192486897,0.0277767871,0.249275848,0.0051931864,-0.00201939031,-0.178630675,-0.195218714,0.012299068,-0.031818645,0.2,0.2,-0.120458353,-0.0884973794,0.00222214296,0.0199420679,0.0051931864,0.178630675,0.012299068,0.2,0.120458353,0.00222214296,0.00201939031,-0.195218714,-0.031818645,-0.2,-0.0199420679,0.0884973794
740,23616823,0.0811666325,-0.0195000805,0.0430240296,0.0188719425,0.156115398,-0.389651299,-0.22093147,-0.0390444249,-0.358841777,-0.18774955,0.0345278904,0.256090373,0.0064933306,-0.00156000644,-0.180639187,-0.191507626,0.0124892318,-0.0311721039,0.2,0.2,-0.121768355,-0.0875499099,0.00276223123,0.0204872298,0.0064933306,0.180639187,0.0124892318,0.2,0.121768355,0.00276223123,0.00156000644,-0.191507626,-0.0311721039,-0.2,-0.0204872298,0.0875499099
741,23638816,0.104520954,-0.0164422952,0.0320356116,0.0315702893,0.158563793,-0.380869508,-0.241341293,-0.0231130347,-0.36910063,-0.184764415,0.0468853377,0.264639914,0.00836167634,-0.00131538361,-0.185583975,-0.18579337,0.0126851034,-0.0304695606,0.2,0.2,-0.123820126,-0.086952883,0.00375082701,0.0211711931,0.00836167634,0.185583975,0.0126851034,0.2,0.123820126,0.00375082701,0.00131538361,-0.18579337,-0.0304695606,-0.2,-0.0211711931,0.086952883
742,23658407,0.129458725,-0.0174787659,0.0202217028,0.0439052917,0.161745727,-0.371302158,-0.259085953,-0.00992658269,-0.382371873,-0.184559241,0.0601057895,0.270774126,0.010356698,-0.00139830127,-0.190900234,-0.180242619,0.0129396582,-0.0297041726,0.2,0.2,-0.126474375,-0.0869118482,0.00480846316,0.0216619301,0.010356698,0.190900234,0.0129396582,0.2,0.126474375,0.00480846316,0.00139830127,-0.180242619,-0.0297041726,-0.2,-0.0216619301,0.0869118482
743,23678596,0.149592578,-0.0221906193,0.00727593573,0.055376891,0.164252952,-0.365353882,-0.26843071,-0.00106606539,-0.393554717,-0.186515048,0.071077019,0.274244517,0.0119674063,-0.00177524954,-0.196725829,-0.175080399,0.0131402361,-0.0292283106,0.2,0.2,-0.128710943,-0.0873030096,0.00568616152,0.0219395614,0.0119674063,0.196725829,0.0131402361,0.2,0.128710943,0.00568616152,0.00177524954,-0.175080399,-0.0292283106,-0.2,-0.0219395614,0.0873030096
744,23696060,0.159139857,-0.0286996644,-0.00294869393,0.0625462756,0.16457954,-0.364471436,-0.267148942,0.00152808032,-0.398617566,-0.190069064,0.0779174715,0.275077343,0.0127311885,-0.00229597315,-0.201326912,-0.171854176,0.0131663632,-0.0291577148,0.2,0.200687636,-0.129723513,-0.0880138129,0.00623339772,0.0220061874,0.0127311885,0.201326912,0.0131663632,0.2,0.129723513,0.00623339772,0.00229597315,-0.171854176,-0.0291577148,-0.200687636,-0.0220061874,0.0880138129
745,23716643,0.153881341,-0.0352474079,-0.00684629241,0.0615320057,0.163207889,-0.369575649,-0.256417751,-0.00479160948,-0.398115128,-0.195477292,0.0781757534,0.27263993,0.0123105073,-0.00281979263,-0.203080832,-0.172310597,0.0130566311,-0.029566052,0.2,0.2,-0.129623026,-0.0890954584,0.00625406027,0.0218111944,0.0123105073,0.203080832,0.0130566311,0.2,0.129623026,0.00625406027,0.00281979263,-0.172310597,-0.029566052,-0.2,-0.0218111944,0.0890954584
746,23738953,0.135542572,-0.0408982374,-0.00231206766,0.0530344471,0.160936683,-0.378542453,-0.238577455,-0.0186509062,-0.391485631,-0.199895605,0.0695800483,0.265307099,0.0108434057,-0.00327185899,-0.20104043,-0.176134499,0.0128749347,-0.0302833962,0.2,0.2,-0.128297126,-0.0899791211,0.00556640387,0.0212245679,0.0108434057,0.20104043,0.0128749347,0.2,0.128297126,0.00556640387,0.00327185899,-0.176134499,-0.0302833962,-0.2,-0.0212245679,0.0899791211
747,23757244,0.109259054,-0.0443057716,0.00635891873,0.0407542214,0.157147899,-0.390367776,-0.217215523,-0.035827633,-0.37880519,-0.202993035,0.0564826541,0.256084442,0.00874072433,-0.00354446173,-0.197138487,-0.1816606,0.0125718319,-0.0312294221,0.2,0.2,-0.125761038,-0.0905986071,0.00451861233,0.0204867554,0.00874072433,0.197138487,0.0125718319,0.2,0.125761038,0.00451861233,0.00354446173,-0.1816606,-0.0312294221,-0.2,-0.0204867554,0.0905986071
748,23776796,0.0823647007,-0.0437927805,0.0192672443,0.0268720556,0.152109817,-0.40227285,-0.196481153,-0.0507036,-0.361405939,-0.203633711,0.0435851999,0.248349354,0.00658917606,-0.00350342244,-0.19132974,-0.187907575,0.0121687853,-0.032181828,0.2,0.2,-0.122281188,-0.0907267421,0.00348681599,0.0198679483,0.00658917606,0.19132974,0.0121687853,0.2,0.122281188,0.00348681599,0.00350342244,-0.187907575,-0.032181828,-0.2,-0.0198679483,0.0907267421
749,23804623,0.0606243573,-0.0394671224,0.0347184911,0.012556497,0.148719028,-0.409694463,-0.184100345,-0.0630029365,-0.348864168,-0.203398585,0.0315447934,0.242150262,0.00484994859,-0.00315736979,-0.184376679,-0.194349576,0.0118975222,-0.032775557,0.2,0.2,-0.119772834,-0.0906797171,0.00252358347,0.019372021,0.00484994859,0.184376679,0.0118975222,0.2,0.119772834,0.00252358347,0.00315736979,-0.194349576,-0.032775557,-0.2,-0.019372021,0.0906797171
750,23815604,0.0493780933,-0.0326949023,0.0476863682,0.00240692939,0.149026871,-0.41092816,-0.182872102,-0.0684299618,-0.344601095,-0.201425508,0.0226720069,0.238565236,0.00395024747,-0.00261559218,-0.178541134,-0.198916882,0.0119221497,-0.0328742528,0.2,0.2,-0.118920219,-0.0902851015,0.00181376055,0.0190852189,0.00395024747,0.178541134,0.0119221497,0.2,0.118920219,0.00181376055,0.00261559218,-0.198916882,-0.0328742528,-0.2,-0.0190852189,0.0902851015
751,23845192,0.050886672,-0.0246355291,0.0537522621,0.0014120905,0.152292505,-0.405430734,-0.193076879,-0.0639809817,-0.347305059,-0.197528288,0.0211355574,0.240169585,0.00407093376,-0.00197084233,-0.175811482,-0.199364559,0.0121834004,-0.0324344587,0.2,0.2,-0.119461012,-0.0895056576,0.0016908446,0.0192135668,0.00407093376,0.175811482,0.0121834004,0.2,0.119461012,0.0016908446,0.00197084233,-0.199364559,-0.0324344587,-0.2,-0.0192135668,0.0895056576
752,23855243,0.0656833947,-0.0167458225,0.0512244292,0.00965837389,0.1567242,-0.395152628,-0.213205531,-0.0494881123,-0.356186062,-0.192195088,0.0275494028,0.247374073,0.00525467157,-0.0013396658,-0.176949007,-0.195653732,0.012537936,-0.0316122103,0.2,0.2,-0.121237212,-0.0884390175,0.00220395222,0.0197899258,0.00525467157,0.176949007,0.012537936,0.2,0.121237212,0.00220395222,0.0013396658,-0.195653732,-0.0316122103,-0.2,-0.0197899258,0.0884390175
753,23877322,0.0913311616,-0.011813703,0.0392833613,0.0241502747,0.160986677,-0.382905453,-0.238475233,-0.030409256,-0.36914137,-0.188112125,0.0415177159,0.258029729,0.00730649292,-0.000945096239,-0.182322487,-0.189132376,0.0128789341,-0.0306324363,0.2,0.2,-0.123828274,-0.087622425,0.00332141727,0.0206423783,0.00730649292,0.182322487,0.0128789341,0.2,0.123828274,0.00332141727,0.000945096239,-0.189132376,-0.0306324363,-0.2,-0.0206423783,0.087622425
754,23898048,0.119696222,-0.0119752362,0.024404807,0.0392001309,0.16557385,-0.37081188,-0.261615783,-0.0142870117,-0.387185097,-0.187858015,0.0574092567,0.26690352,0.00957569778,-0.000958018899,-0.189017837,-0.182359941,0.013245908,-0.0296649504,0.2,0.2,-0.127437019,-0.0875716031,0.00459274054,0.0213522816,0.00957569778,0.189017837,0.013245908,0.2,0.127437019,0.00459274054,0.000958018899,-0.182359941,-0.0296649504,-0.2,-0.0213522816,0.0875716031
755,23916949,0.144184932,-0.0174095817,0.0103305373,0.0520946197,0.17013517,-0.361127466,-0.275229305,-0.00286286371,-0.404186487,-0.189799652,0.0697477013,0.270354539,0.0115347946,-0.00139276654,-0.195351258,-0.176557421,0.0136108136,-0.0288901973,0.2,0.2,-0.130837297,-0.0879599303,0.0055798161,0.0216283631,0.0115347946,0.195351258,0.0136108136,0.2,0.130837297,0.0055798161,0.00139276654,-0.176557421,-0.0288901973,-0.2,-0.0216283631,0.0879599303
756,23944409,0.157287523,-0.0257591903,-0.00371235562,0.0624164008,0.171753779,-0.358713627,-0.275602221,0.00156884582,-0.413045019,-0.193530306,0.0777155235,0.271115243,0.0125830019,-0.00206073523,-0.20167056,-0.17191262,0.0137403023,-0.0286970901,0.2,0.200705981,-0.132609004,-0.0887060612,0.00621724188,0.0216892195,0.0125830019,0.20167056,0.0137403023,0.2,0.132609004,0.00621724188,0.00206073523,-0.17191262,-0.0286970901,-0.200705981,-0.0216892195,0.0887060612
757,23955615,0.15475525,-0.0340739302,-0.0102582658,0.0645406544,0.169735789,-0.363380551,-0.263724983,-0.00262744376,-0.412025124,-0.197966427,0.0789555758,0.269450217,0.01238042,-0.00272591442,-0.20461622,-0.170956706,0.0135788631,-0.0290704441,0.2,0.2,-0.132405025,-0.0895932853,0.00631644607,0.0215560174,0.01238042,0.20461622,0.0135788631,0.2,0.132405025,0.00631644607,0.00272591442,-0.170956706,-0.0290704441,-0.2,-0.0215560174,0.0895932853
758,23976556,0.136588454,-0.0409811921,-0.0077110962,0.0569889136,0.16571933,-0.374048918,-0.243424013,-0.0163678341,-0.403800011,-0.202138454,0.0708854869,0.263480693,0.0109270763,-0.00327849537,-0.203469993,-0.174354989,0.0132575464,-0.0299239135,0.2,0.2,-0.130760002,-0.0904276907,0.00567083895,0.0210784554,0.0109270763,0.203469993,0.0132575464,0.2,0.130760002,0.00567083895,0.00327849537,-0.174354989,-0.0299239135,-0.2,-0.0210784554,0.0904276907
759,24001280,0.108306743,-0.045868054,0.00125031744,0.0440951474,0.159794137,-0.38844803,-0.217734098,-0.0352058671,-0.387323827,-0.204838872,0.0570813455,0.255265296,0.00866453946,-0.00366944432,-0.199437357,-0.180157184,0.012783531,-0.0310758424,0.2,0.2,-0.127464765,-0.0909677744,0.00456650764,0.0204212236,0.00866453946,0.199437357,0.012783531,0.2,0.127464765,0.00456650764,0.00366944432,-0.180157184,-0.0310758424,-0.2,-0.0204212236,0.0909677744
760,24017851,0.078169778,-0.0468943715,0.0150582073,0.0288443267,0.152007356,-0.404265225,-0.192575023,-0.0527229346,-0.365476906,-0.204850778,0.0413317047,0.247758567,0.00625358224,-0.00375154972,-0.193223807,-0.187020053,0.0121605885,-0.032341218,0.2,0.2,-0.123095381,-0.0909701556,0.00330653638,0.0198206854,0.00625358224,0.193223807,0.0121605885,0.2,0.123095381,0.00330653638,0.00375154972,-0.187020053,-0.032341218,-0.2,-0.0198206854,0.0909701556
761,24037215,0.0537020415,-0.0428185873,0.0329904668,0.0122172544,0.146100506,-0.415734023,-0.175612107,-0.0665940866,-0.34723404,-0.204056069,0.0278760623,0.242578641,0.00429616332,-0.00342548698,-0.18515429,-0.194502236,0.0116880405,-0.0332587218,0.2,0.2,-0.119446808,-0.0908112139,0.00223008499,0.0194062912,0.00429616332,0.18515429,0.0116880405,0.2,0.119446808,0.00223008499,0.00342548698,-0.194502236,-0.0332587218,-0.2,-0.0194062912,0.0908112139
762,24055153,0.0409550853,-0.0347573832,0.0507588349,-0.000825658266,0.14545846,-0.418382704,-0.1726605,-0.0728820041,-0.33798787,-0.200415537,0.0176385082,0.239205554,0.00327640682,-0.00278059065,-0.177158524,-0.200371546,0.0116366768,-0.0334706163,0.2,0.2,-0.117597574,-0.0900831074,0.00141108066,0.0191364443,0.00327640682,0.177158524,0.0116366768,0.2,0.117597574,0.00141108066,0.00278059065,-0.200371546,-0.0334706163,-0.2,-0.0191364443,0.0900831074
763,24080890,0.0429898687,-0.0247039292,0.0614495017,-0.00440708268,0.150176197,-0.410993308,-0.185340196,-0.0684263557,-0.340644062,-0.19483529,0.0144905215,0.240354821,0.00343918949,-0.00197631434,-0.172347724,-0.201983187,0.0120140958,-0.0328794646,0.2,0.2,-0.118128812,-0.0889670581,0.00115924172,0.0192283857,0.00343918949,0.172347724,0.0120140958,0.2,0.118128812,0.00115924172,0.00197631434,-0.201983187,-0.0328794646,-0.2,-0.0192283857,0.0889670581
764,24095894,0.0618372522,-0.0138014071,0.0604409613,0.00471964898,0.157414183,-0.396618217,-0.211227134,-0.0500552841,-0.350674778,-0.187326044,0.0225790422,0.248454705,0.00494698018,-0.00110411257,-0.172801567,-0.197876158,0.0125931346,-0.0317294574,0.2,0.2,-0.120134956,-0.0874652088,0.00180632338,0.0198763764,0.00494698018,0.172801567,0.0125931346,0.2,0.120134956,0.00180632338,0.00110411257,-0.197876158,-0.0317294574,-0.2,-0.0198763764,0.0874652088
765,24115709,0.0931939408,-0.00629977277,0.0463488363,0.0226249117,0.164485216,-0.379747063,-0.243359953,-0.0261679348,-0.36602053,-0.182426214,0.0422396846,0.261921197,0.00745551527,-0.000503981821,-0.179143024,-0.18981879,0.0131588173,-0.030379765,0.2,0.2,-0.123204106,-0.0864852428,0.00337917477,0.0209536958,0.00745551527,0.179143024,0.0131588173,0.2,0.123204106,0.00337917477,0.000503981821,-0.18981879,-0.030379765,-0.2,-0.0209536958,0.0864852428
766,24154364,0.128121719,-0.00524141453,0.0278685838,0.0407412648,0.171467051,-0.363395095,-0.272091746,-0.00596792577,-0.387274981,-0.182674929,0.0652538389,0.273796737,0.0102497375,-0.000419313163,-0.187459137,-0.181666431,0.0137173641,-0.0290716076,0.2,0.2,-0.127454996,-0.0865349859,0.00522030711,0.021903739,0.0102497375,0.187459137,0.0137173641,0.2,0.127454996,0.00522030711,0.000419313163,-0.181666431,-0.0290716076,-0.2,-0.021903739,0.0865349859
767,24161481,0.159239337,-0.0109458314,0.0104078222,0.0569888167,0.178129241,-0.349877119,-0.288916439,0.00901458971,-0.406067938,-0.184613511,0.0841408148,0.279212385,0.0127391469,-0.000875666514,-0.19531648,-0.174355032,0.0142503393,-0.0279901695,0.2,0.204056565,-0.131213588,-0.0869227022,0.00673126519,0.0223369908,0.0127391469,0.19531648,0.0142503393,0.2,0.131213588,0.00673126519,0.000875666514,-0.174355032,-0.0279901695,-0.204056565,-0.0223369908,0.0869227022
768,24180544,0.177527577,-0.0212059151,-0.00532240327,0.0687143803,0.180571735,-0.344032556,-0.290578216,0.0152263688,-0.41720286,-0.188915551,0.0951049998,0.279341042,0.0142022061,-0.00169647321,-0.202395081,-0.169078529,0.0144457388,-0.0275226045,0.2,0.206851866,-0.133440572,-0.0877831101,0.00760839999,0.0223472834,0.0142022061,0.202395081,0.0144457388,0.2,0.133440572,0.00760839999,0.00169647321,-0.169078529,-0.0275226045,-0.206851866,-0.0223472834,0.0877831101
769,24195103,0.175189763,-0.0320360772,-0.0168230273,0.072306402,0.178052664,-0.349805534,-0.277687818,0.00965061225,-0.418939769,-0.196810573,0.0977556184,0.27742669,0.0140151811,-0.00256288618,-0.207570362,-0.167462119,0.0142442131,-0.0279844427,0.2,0.204342776,-0.133787954,-0.0893621147,0.00782044947,0.0221941352,0.0140151811,0.207570362,0.0142442131,0.2,0.133787954,0.00782044947,0.00256288618,-0.167462119,-0.0279844427,-0.204342776,-0.0221941352,0.0893621147
770,24217348,0.152538165,-0.0410540774,-0.0171860047,0.0651035979,0.172001392,-0.36507535,-0.253164917,-0.00661646342,-0.410420209,-0.203530625,0.087748304,0.27066049,0.0122030532,-0.0032843262,-0.207733702,-0.170703381,0.0137601113,-0.029206028,0.2,0.2,-0.132084042,-0.0907061249,0.00701986432,0.0216528392,0.0122030532,0.207733702,0.0137601113,0.2,0.132084042,0.00701986432,0.0032843262,-0.170703381,-0.029206028,-0.2,-0.0216528392,0.0907061249
771,24240705,0.11457935,-0.0475851186,-0.00815883931,0.0488493741,0.164088011,-0.38654834,-0.220992193,-0.0316726938,-0.394095629,-0.208556339,0.0683879703,0.259606063,0.00916634798,-0.00380680948,-0.203671478,-0.178017782,0.0131270409,-0.0309238672,0.2,0.2,-0.128819126,-0.0917112678,0.00547103763,0.0207684851,0.00916634798,0.203671478,0.0131270409,0.2,0.128819126,0.00547103763,0.00380680948,-0.178017782,-0.0309238672,-0.2,-0.0207684851,0.0917112678
772,24261235,0.0721515641,-0.0500669591,0.00792694837,0.029696947,0.154016823,-0.410465658,-0.185438275,-0.0568921082,-0.367536277,-0.209209636,0.0457835831,0.248504832,0.00577212512,-0.00400535673,-0.196432873,-0.186636374,0.0123213458,-0.0328372526,0.2,0.2,-0.123507255,-0.0918419272,0.00366268665,0.0198803866,0.00577212512,0.196432873,0.0123213458,0.2,0.123507255,0.00366268665,0.00400535673,-0.186636374,-0.0328372526,-0.2,-0.0198803866,0.0918419272
773,24274696,0.0371661745,-0.0460459255,0.0310554672,0.00831789151,0.14480415,-0.428997785,-0.15966928,-0.0767806619,-0.342490524,-0.20757091,0.0242563225,0.239309922,0.00297329396,-0.00368367404,-0.18602504,-0.196256949,0.011584332,-0.0343198228,0.2,0.2,-0.118498105,-0.0915141821,0.0019405058,0.0191447937,0.00297329396,0.18602504,0.011584332,0.2,0.118498105,0.0019405058,0.00368367404,-0.196256949,-0.0343198228,-0.2,-0.0191447937,0.0915141821
774,24296643,0.0173855666,-0.0361189991,0.0541814677,-0.00963568594,0.141336456,-0.436780155,-0.151767716,-0.0879082903,-0.32952258,-0.204942226,0.0081426464,0.234249577,0.00139084533,-0.00288951993,-0.17561834,-0.204336059,0.0113069165,-0.0349424124,0.2,0.2,-0.115904516,-0.0909884453,0.000651411712,0.0187399662,0.00139084533,0.17561834,0.0113069165,0.2,0.115904516,0.000651411712,0.00288951993,-0.204336059,-0.0349424124,-0.2,-0.0187399662,0.0909884453
775,24322035,0.0156945139,-0.0231631082,0.0708639994,-0.017548399,0.145854414,-0.430794597,-0.164615005,-0.0859609544,-0.333209902,-0.199516922,0.000268086762,0.23425661,0.00125556111,-0.00185304865,-0.1681112,-0.20789678,0.0116683531,-0.0344635677,0.2,0.2,-0.11664198,-0.0899033844,2.1446941e-05,0.0187405288,0.00125556111,0.1681112,0.0116683531,0.2,0.11664198,2.1446941e-05,0.00185304865,-0.20789678,-0.0344635677,-0.2,-0.0187405288,0.0899033844
776,24340170,0.0358931981,-0.00892774947,0.0736943483,-0.00986224413,0.155638039,-0.412657529,-0.196648911,-0.0660838634,-0.349195302,-0.190591857,0.00615457399,0.24243395,0.00287145585,-0.000714219958,-0.166837543,-0.20443801,0.0124510431,-0.0330126023,0.2,0.2,-0.11983906,-0.0881183714,0.000492365919,0.019394716,0.00287145585,0.166837543,0.0124510431,0.2,0.11983906,0.000492365919,0.000714219958,-0.20443801,-0.0330126023,-0.2,-0.019394716,0.0881183714
777,24354357,0.0744785368,0.00235218485,0.0594133437,0.0115263965,0.166802451,-0.388445407,-0.239155635,-0.0343724117,-0.369187891,-0.182186544,0.0296757706,0.258830547,0.00595828295,0.000188174788,-0.173263995,-0.194813122,0.0133441961,-0.0310756326,0.2,0.2,-0.123837578,-0.0864373088,0.00237406164,0.0207064438,0.00595828295,0.173263995,0.0133441961,0.2,0.123837578,0.00237406164,-0.000188174788,-0.194813122,-0.0310756326,-0.2,-0.0207064438,0.0864373088
778,24380528,0.120287858,0.00608038716,0.0378964283,0.0350957774,0.178681627,-0.362017065,-0.279918402,-0.00498525798,-0.39505586,-0.179400995,0.0614179336,0.27493161,0.00962302864,0.000486430973,-0.182946607,-0.1842069,0.0142945302,-0.0289613652,0.2,0.2,-0.129011172,-0.0858801991,0.00491343468,0.0219945288,0.00962302864,0.182946607,0.0142945302,0.2,0.129011172,0.00491343468,-0.000486430973,-0.1842069,-0.0289613652,-0.2,-0.0219945288,0.0858801991
779,24397688,0.164563715,0.000669615867,0.0162424818,0.0556543209,0.190860808,-0.33724159,-0.307705194,0.0168044586,-0.421982318,-0.181797087,0.0900342017,0.281971574,0.0131650972,5.35692694e-05,-0.192690883,-0.174955556,0.0152688646,-0.0269793272,0.2,0.207562006,-0.134396464,-0.0863594174,0.00720273614,0.0225577259,0.0131650972,0.192690883,0.0152688646,0.2,0.134396464,0.00720273614,-5.35692694e-05,-0.174955556,-0.0269793272,-0.207562006,-0.0225577259,0.0863594174
780,24420445,0.193454638,-0.0128479553,-0.00602790574,0.0731204897,0.19760181,-0.32387948,-0.314246565,0.0271604061,-0.439242065,-0.187406749,0.107467137,0.281408131,0.015476371,-0.00102783643,-0.202712558,-0.16709578,0.0158081448,-0.0259103584,0.2,0.212222183,-0.137848413,-0.0874813497,0.00859737098,0.0225126505,0.015476371,0.202712558,0.0158081448,0.2,0.137848413,0.00859737098,0.00102783643,-0.16709578,-0.0259103584,-0.212222183,-0.0225126505,0.0874813497
781,24440287,0.192355901,-0.0287846606,-0.0274357069,0.0811223537,0.195419163,-0.3298558,-0.298636824,0.021163458,-0.444734693,-0.20135051,0.114826374,0.280607909,0.0153884721,-0.00230277285,-0.212346068,-0.163494941,0.015633533,-0.026388464,0.2,0.209523556,-0.138946939,-0.090270102,0.0091861099,0.0224486327,0.0153884721,0.212346068,0.015633533,0.2,0.138946939,0.0091861099,0.00230277285,-0.163494941,-0.026388464,-0.209523556,-0.0224486327,0.090270102
782,24460087,0.16045481,-0.042469088,-0.0337604918,0.0756572783,0.185694918,-0.352710158,-0.263109088,0.000287015486,-0.432481855,-0.211930379,0.104740642,0.275948584,0.0128363848,-0.00339752704,-0.215192221,-0.165954225,0.0148555934,-0.0282168126,0.2,0.200129157,-0.136496371,-0.0923860759,0.00837925136,0.0220758867,0.0128363848,0.215192221,0.0148555934,0.2,0.136496371,0.00837925136,0.00339752704,-0.165954225,-0.0282168126,-0.200129157,-0.0220758867,0.0923860759
783,24477360,0.108937897,-0.051554855,-0.0217980519,0.0567192286,0.171829164,-0.383943349,-0.21549274,-0.0304246247,-0.403333455,-0.213754833,0.0800871775,0.266603291,0.00871503174,-0.0041243884,-0.209809123,-0.174476347,0.0137463331,-0.0307154679,0.2,0.2,-0.130666691,-0.0927509665,0.0064069742,0.0213282633,0.00871503174,0.209809123,0.0137463331,0.2,0.130666691,0.0064069742,0.0041243884,-0.174476347,-0.0307154679,-0.2,-0.0213282633,0.0927509665
784,24505889,0.0575039312,-0.0543882512,0.00220516347,0.0309548248,0.15508543,-0.417319149,-0.170218542,-0.0605486147,-0.362962514,-0.208073065,0.0473427996,0.254289031,0.0046003145,-0.00435106009,-0.199007676,-0.186070329,0.0124068344,-0.0333855319,0.2,0.2,-0.122592503,-0.0916146129,0.00378742397,0.0203431225,0.0046003145,0.199007676,0.0124068344,0.2,0.122592503,0.00378742397,0.00435106009,-0.186070329,-0.0333855319,-0.2,-0.0203431225,0.0916146129
785,24514931,0.017296873,-0.0502161533,0.0298906751,0.00429973379,0.139851376,-0.445850849,-0.139150634,-0.086540848,-0.331251472,-0.20491299,0.0152552081,0.241747037,0.00138374984,-0.00401729226,-0.186549196,-0.19806512,0.0111881101,-0.0356680679,0.2,0.2,-0.116250294,-0.0909825981,0.00122041665,0.0193397629,0.00138374984,0.186549196,0.0111881101,0.2,0.116250294,0.00122041665,0.00401729226,-0.19806512,-0.0356680679,-0.2,-0.0193397629,0.0909825981
786,24537526,-0.00478728022,-0.0396487787,0.0543846674,-0.0172252357,0.131869107,-0.462925255,-0.130245909,-0.104070254,-0.321335077,-0.205357298,-0.010405723,0.232762411,-0.000382982418,-0.0031719023,-0.1755269,-0.207751356,0.0105495286,-0.0370340204,0.2,0.2,-0.114267015,-0.0910714597,-0.00083245784,0.0186209929,-0.000382982418,0.1755269,0.0105495286,0.2,0.114267015,-0.00083245784,0.0031719023,-0.207751356,-0.0370340204,-0.2,-0.0186209929,0.0910714597
787,24567546,-0.00615675189,-0.0249924418,0.0764808655,-0.027972253,0.135380536,-0.459670454,-0.144049108,-0.103441074,-0.33116889,-0.201387331,-0.0247541312,0.230320558,-0.000492540151,-0.00199939534,-0.165583611,-0.212587514,0.0108304429,-0.0367736363,0.2,0.2,-0.116233778,-0.0902774662,-0.0019803305,0.0184256446,-0.000492540151,0.165583611,0.0108304429,0.2,0.116233778,-0.0019803305,0.00199939534,-0.212587514,-0.0367736363,-0.2,-0.0184256446,0.0902774662
788,24580712,0.0181460287,-0.00764392223,0.0843553022,-0.0216397345,0.14848344,-0.436077774,-0.182274222,-0.0790783837,-0.352770269,-0.190796778,-0.0188435167,0.239156678,0.0014516823,-0.000611513779,-0.162040114,-0.209737881,0.0118786752,-0.0348862219,0.2,0.2,-0.120554054,-0.0881593555,-0.00150748134,0.0191325343,0.0014516823,0.162040114,0.0118786752,0.2,0.120554054,-0.00150748134,0.000611513779,-0.209737881,-0.0348862219,-0.2,-0.0191325343,0.0881593555
789,24594903,0.0636893958,0.00707118446,0.06775067,0.00409718882,0.1639667,-0.404510528,-0.234753057,-0.0395659469,-0.375676811,-0.179805711,0.0117669245,0.260469168,0.00509515166,0.000565694757,-0.169512198,-0.198156265,0.013117336,-0.0323608422,0.2,0.2,-0.125135362,-0.0859611422,0.000941353962,0.0208375335,0.00509515166,0.169512198,0.013117336,0.2,0.125135362,0.000941353962,-0.000565694757,-0.198156265,-0.0323608422,-0.2,-0.0208375335,0.0859611422
790,24627719,0.121856906,0.0133645609,0.0415050238,0.0351404175,0.179457337,-0.368599027,-0.288662732,0.000768890081,-0.404796273,-0.174379423,0.0549266413,0.28199333,0.00974855244,0.00106916487,-0.181322739,-0.184186812,0.0143565869,-0.0294879222,0.2,0.200346001,-0.130959255,-0.0848758847,0.0043941313,0.0225594664,0.00974855244,0.181322739,0.0143565869,0.2,0.130959255,0.0043941313,-0.00106916487,-0.184186812,-0.0294879222,-0.200346001,-0.0225594664,0.0848758847
791,24640050,0.179341331,0.00846995786,0.0154606281,0.0612931475,0.195784748,-0.334474385,-0.325410753,0.0305500086,-0.435071588,-0.174378037,0.0958722085,0.292500228,0.0143473065,0.000677596629,-0.193042717,-0.172418084,0.0156627798,-0.0267579508,0.2,0.213747504,-0.137014318,-0.0848756075,0.00766977668,0.0234000182,0.0143473065,0.193042717,0.0156627798,0.2,0.137014318,0.00766977668,-0.000677596629,-0.172418084,-0.0267579508,-0.213747504,-0.0234000182,0.0848756075
792,24656181,0.214625001,-0.00668921974,-0.00902391318,0.0783522874,0.207725003,-0.312756956,-0.333528012,0.0417662635,-0.457191378,-0.184732184,0.125159726,0.291630507,0.0171700001,-0.000535137579,-0.204060761,-0.164741471,0.0166180003,-0.0250205564,0.2,0.218794819,-0.141438276,-0.0869464368,0.010012778,0.0233304405,0.0171700001,0.204060761,0.0166180003,0.2,0.141438276,0.010012778,0.000535137579,-0.164741471,-0.0250205564,-0.218794819,-0.0233304405,0.0869464368
793,24674604,0.213036135,-0.02647781,-0.0341065414,0.0862308666,0.208799869,-0.31523639,-0.316231191,0.0327524468,-0.467283934,-0.207094654,0.137260705,0.286315411,0.0170428908,-0.0021182248,-0.215347944,-0.16119611,0.0167039895,-0.0252189112,0.2,0.214738601,-0.143456787,-0.0914189309,0.0109808564,0.0229052329,0.0170428908,0.215347944,0.0167039895,0.2,0.143456787,0.0109808564,0.0021182248,-0.16119611,-0.0252189112,-0.214738601,-0.0229052329,0.0914189309
794,24696351,0.173432067,-0.0434449762,-0.0430697016,0.0817700624,0.198931739,-0.33891207,-0.27221784,0.00798732322,-0.45205453,-0.221341699,0.127703905,0.280237824,0.0138745654,-0.0034755981,-0.219381366,-0.163203472,0.0159145391,-0.0271129656,0.2,0.203594295,-0.140410906,-0.0942683399,0.0102163124,0.0224190259,0.0138745654,0.219381366,0.0159145391,0.2,0.140410906,0.0102163124,0.0034755981,-0.163203472,-0.0271129656,-0.203594295,-0.0224190259,0.0942683399
795,24724706,0.107228689,-0.0539807081,-0.0326980427,0.0596836731,0.181968763,-0.378365278,-0.213978991,-0.0296088364,-0.416673154,-0.22618708,0.100460306,0.270498246,0.00857829511,-0.00431845665,-0.214714119,-0.173142347,0.0145575011,-0.0302692223,0.2,0.2,-0.133334631,-0.095237416,0.00803682446,0.0216398597,0.00857829511,0.214714119,0.0145575011,0.2,0.133334631,0.00803682446,0.00431845665,-0.173142347,-0.0302692223,-0.2,-0.0216398597,0.095237416
796,24734588,0.0369012803,-0.0572533794,-0.00197925046,0.0270970911,0.162550643,-0.421777189,-0.154476106,-0.0705397651,-0.366085738,-0.219401181,0.0593580753,0.255090415,0.00295210242,-0.00458027035,-0.200890663,-0.187806309,0.0130040514,-0.0337421751,0.2,0.2,-0.123217148,-0.0938802361,0.00474864602,0.0204072332,0.00295210242,0.200890663,0.0130040514,0.2,0.123217148,0.00474864602,0.00458027035,-0.187806309,-0.0337421751,-0.2,-0.0204072332,0.0938802361
797,24761911,-0.0129100252,-0.0519994535,0.033962395,-0.00432025641,0.143394902,-0.458476722,-0.116268791,-0.10294921,-0.32444948,-0.209680632,0.0126358373,0.236873358,-0.00103280202,-0.00415995628,-0.184716922,-0.201944115,0.0114715922,-0.0366781378,0.2,0.2,-0.114889896,-0.0919361264,0.00101086698,0.0189498687,-0.00103280202,0.184716922,0.0114715922,0.2,0.114889896,0.00101086698,0.00415995628,-0.201944115,-0.0366781378,-0.2,-0.0189498687,0.0919361264
798,24774595,-0.0356895775,-0.0397249609,0.0664582923,-0.0298242681,0.132477582,-0.479012609,-0.108646117,-0.122240901,-0.315044284,-0.206414044,-0.0276513789,0.221924901,-0.0028551662,-0.00317799687,-0.170093768,-0.213420921,0.0105982065,-0.0383210087,0.2,0.2,-0.113008857,-0.0912828088,-0.00221211031,0.0177539921,-0.0028551662,0.170093768,0.0105982065,0.2,0.113008857,-0.00221211031,0.00317799687,-0.213420921,-0.0383210087,-0.2,-0.0177539921,0.0912828088
799,24794809,-0.0300993454,-0.0194956698,0.0891937315,-0.0398610234,0.134678274,-0.475533754,-0.130063012,-0.116339743,-0.329452127,-0.200910896,-0.0439639539,0.220659196,-0.00240794763,-0.00155965358,-0.159862821,-0.217937461,0.010774262,-0.0380427003,0.2,0.2,-0.115890425,-0.0901821792,-0.00351711631,0.0176527357,-0.00240794763,0.159862821,0.010774262,0.2,0.115890425,-0.00351711631,0.00155965358,-0.217937461,-0.0380427003,-0.2,-0.0176527357,0.0901821792
800,24822162,0.00314874877,0.00272882078,0.0923209339,-0.0301871616,0.14804858,-0.448968381,-0.180763349,-0.0865389034,-0.36228621,-0.191249251,-0.0319033191,0.234777287,0.000251899902,0.000218305662,-0.15845558,-0.213584223,0.0118438864,-0.0359174705,0.2,0.2,-0.122457242,-0.0882498503,-0.00255226552,0.0187821829,0.000251899902,0.15845558,0.0118438864,0.2,0.122457242,-0.00255226552,-0.000218305662,-0.213584223,-0.0359174705,-0.2,-0.0187821829,0.0882498503
801,24834327,0.0666471347,0.0207569413,0.0765420049,0.00158991583,0.169160157,-0.40355885,-0.249784499,-0.0304630324,-0.393194497,-0.172654629,0.00835992023,0.260258466,0.00533177078,0.0016605553,-0.165556098,-0.199284538,0.0135328126,-0.032284708,0.2,0.2,-0.128638899,-0.0845309258,0.000668793619,0.0208206773,0.00533177078,0.165556098,0.0135328126,0.2,0.128638899,0.000668793619,-0.0016605553,-0.199284538,-0.032284708,-0.2,-0.0208206773,0.0845309258
802,24856405,0.14555946,0.0271353666,0.0437350161,0.0396690927,0.193692967,-0.351575822,-0.320746124,0.0215698797,-0.430025458,-0.162544534,0.0666563958,0.285361022,0.0116447568,0.00217082933,-0.180319243,-0.182148908,0.0154954374,-0.0281260657,0.2,0.209706446,-0.136005092,-0.0825089067,0.00533251166,0.0228288817,0.0116447568,0.180319243,0.0154954374,0.2,0.136005092,0.00533251166,-0.00217082933,-0.182148908,-0.0281260657,-0.209706446,-0.0228288817,0.0825089067
803,24876912,0.215453312,0.0187419448,0.0105448551,0.0695300102,0.218354315,-0.306320101,-0.362837613,0.0544606484,-0.471511126,-0.168437198,0.121560499,0.295001894,0.0172362649,0.00149935558,-0.195254815,-0.168711495,0.0174683452,-0.0245056081,0.2,0.224507292,-0.144302225,-0.0836874396,0.00972483993,0.0236001515,0.0172362649,0.195254815,0.0174683452,0.2,0.144302225,0.00972483993,-0.00149935558,-0.168711495,-0.0245056081,-0.224507292,-0.0236001515,0.0836874396
804,24898707,0.256979048,-0.0031512978,-0.0246475153,0.0941252485,0.231784567,-0.281231701,-0.367681324,0.0664369464,-0.497753829,-0.186345592,0.157649666,0.291676074,0.0205583239,-0.000252103824,-0.211091382,-0.157643638,0.0185427654,-0.0224985361,0.2,0.229896626,-0.149550766,-0.0872691184,0.0126119733,0.0233340859,0.0205583239,0.211091382,0.0185427654,0.2,0.149550766,0.0126119733,0.000252103824,-0.157643638,-0.0224985361,-0.229896626,-0.0233340859,0.0872691184
805,24927138,0.245395228,-0.0301943552,-0.0569778979,0.102439314,0.229970217,-0.288383454,-0.337563753,0.0509532988,-0.506710529,-0.220612362,0.171748236,0.289017409,0.0196316183,-0.00241554841,-0.225640054,-0.153902309,0.0183976173,-0.0230706763,0.2,0.222928984,-0.151342106,-0.0941224724,0.0137398589,0.0231213927,0.0196316183,0.225640054,0.0183976173,0.2,0.151342106,0.0137398589,0.00241554841,-0.153902309,-0.0230706763,-0.222928984,-0.0231213927,0.0941224724
806,24936366,0.181776807,-0.0521700978,-0.0644392446,0.0937001854,0.214840308,-0.321977645,-0.273519069,0.0138896508,-0.48210907,-0.238923028,0.155173093,0.284346581,0.0145421445,-0.00417360783,-0.22899766,-0.157834917,0.0171872246,-0.0257582116,0.2,0.206250343,-0.146421814,-0.0977846056,0.0124138474,0.0227477264,0.0145421445,0.22899766,0.0171872246,0.2,0.146421814,0.0124138474,0.00417360783,-0.157834917,-0.0257582116,-0.206250343,-0.0227477264,0.0977846056
807,24955243,0.0875559971,-0.0640015602,-0.042886328,0.0590699278,0.19332394,-0.373146594,-0.191306502,-0.036402192,-0.426990569,-0.239284754,0.118275978,0.272610009,0.00700447977,-0.00512012482,-0.219298848,-0.173418532,0.0154659152,-0.0298517275,0.2,0.2,-0.135398114,-0.0978569508,0.00946207821,0.0218088007,0.00700447977,0.219298848,0.0154659152,0.2,0.135398114,0.00946207821,0.00512012482,-0.173418532,-0.0298517275,-0.2,-0.0218088007,0.0978569508
808,24980184,-0.00971296895,-0.0660257861,-0.00186005339,0.0119423373,0.170189276,-0.434408396,-0.117321998,-0.0987593755,-0.363970816,-0.234703764,0.0616806895,0.250243217,-0.000777037516,-0.00528206289,-0.200837024,-0.194625948,0.0136151421,-0.0347526717,0.2,0.2,-0.122794163,-0.0969407529,0.00493445516,0.0200194573,-0.000777037516,0.200837024,0.0136151421,0.2,0.122794163,0.00493445516,0.00528206289,-0.194625948,-0.0347526717,-0.2,-0.0200194573,0.0969407529
809,24997879,-0.0806523487,-0.058772359,0.0514958911,-0.0316729657,0.150273114,-0.486506671,-0.0656345934,-0.150690511,-0.318738014,-0.226347566,-0.00812628586,0.21955891,-0.0064521879,-0.00470178872,-0.176826849,-0.214252835,0.0120218492,-0.0389205337,0.2,0.2,-0.113747603,-0.0952695131,-0.000650102869,0.0175647128,-0.0064521879,0.176826849,0.0120218492,0.2,0.113747603,-0.000650102869,0.00470178872,-0.214252835,-0.0389205337,-0.2,-0.0175647128,0.0952695131
810,25018615,-0.112055808,-0.0413531289,0.0950086042,-0.0666438937,0.140484735,-0.515596569,-0.0517517217,-0.181468397,-0.315789014,-0.225993752,-0.0643910989,0.196861461,-0.00896446466,-0.00330825031,-0.157246128,-0.229989752,0.0112387788,-0.0412477255,0.2,0.2,-0.113157803,-0.0951987505,-0.00515128791,0.0157489169,-0.00896446466,0.157246128,0.0112387788,0.2,0.113157803,-0.00515128791,0.00330825031,-0.229989752,-0.0412477255,-0.2,-0.0157489169,0.0951987505
811,25037301,-0.0970412418,-0.00813581236,0.130198628,-0.0743289441,0.145811111,-0.50691092,-0.0885633379,-0.159531534,-0.342498779,-0.211504892,-0.0903246105,0.195254713,-0.00776329935,-0.000650864989,-0.141410618,-0.233448025,0.0116648889,-0.0405528736,0.2,0.2,-0.118499756,-0.0923009783,-0.00722596884,0.0156203771,-0.00776329935,0.141410618,0.0116648889,0.2,0.118499756,-0.00722596884,0.000650864989,-0.233448025,-0.0405528736,-0.2,-0.0156203771,0.0923009783
812,25058233,-0.0375790037,0.0312130731,0.130557552,-0.0548302457,0.167063281,-0.458188683,-0.178020045,-0.0984625816,-0.395645112,-0.18842715,-0.0649645105,0.227580264,-0.0030063203,0.00249704584,-0.141249102,-0.224673611,0.0133650625,-0.0366550946,0.2,0.2,-0.129129022,-0.08768543,-0.00519716084,0.0182064211,-0.0030063203,0.141249102,0.0133650625,0.2,0.129129022,-0.00519716084,-0.00249704584,-0.224673611,-0.0366550946,-0.2,-0.0182064211,0.08768543
813,25076242,0.0686368719,0.0593268722,0.10355074,-0.00843623187,0.203500152,-0.376903743,-0.300351381,-0.0081460746,-0.457318187,-0.15638274,0.00327077904,0.268240511,0.00549094975,0.00474614978,-0.153402167,-0.203796304,0.0162800121,-0.0301522994,0.2,0.2,-0.141463637,-0.0812765479,0.000261662323,0.0214592409,0.00549094975,0.153402167,0.0162800121,0.2,0.141463637,0.000261662323,-0.00474614978,-0.203796304,-0.0301522994,-0.2,-0.0214592409,0.0812765479
814,25101914,0.196827561,0.0650956407,0.0531661585,0.0453887135,0.249905467,-0.284354746,-0.405362517,0.0745891854,-0.514980197,-0.134195745,0.10366267,0.294639796,0.0157462049,0.00520765126,-0.176075229,-0.179575079,0.0199924374,-0.0227483797,0.2,0.233565133,-0.152996039,-0.076839149,0.00829301357,0.0235711837,0.0157462049,0.176075229,0.0199924374,0.2,0.152996039,0.00829301357,-0.00520765126,-0.179575079,-0.0227483797,-0.233565133,-0.0235711837,0.076839149
815,25114657,0.313946158,0.0459017679,0.00916319713,0.0803463385,0.292743325,-0.203796163,-0.453413665,0.124883659,-0.564634621,-0.138201579,0.193519503,0.294624984,0.0251156926,0.00367214143,-0.195876561,-0.163844148,0.023419466,-0.0163036931,0.2,0.256197647,-0.162926924,-0.0776403159,0.0154815602,0.0235699987,0.0251156926,0.195876561,0.023419466,0.2,0.162926924,0.0154815602,-0.00367214143,-0.163844148,-0.0163036931,-0.256197647,-0.0235699987,0.0776403159
816,25141469,0.378439218,0.00441269716,-0.044085227,0.105563618,0.316468745,-0.161529914,-0.456579328,0.136794806,-0.607766986,-0.19359608,0.255878448,0.289149702,0.0302751374,0.000353015773,-0.219838352,-0.152496372,0.0253174996,-0.0129223931,0.2,0.261557662,-0.171553397,-0.088719216,0.0204702759,0.0231319761,0.0302751374,0.219838352,0.0253174996,0.2,0.171553397,0.0204702759,-0.000353015773,-0.152496372,-0.0129223931,-0.261557662,-0.0231319761,0.088719216
817,25156269,0.362224281,-0.0488933735,-0.0832077041,0.121132798,0.31285426,-0.164301798,-0.398389488,0.112200528,-0.611822486,-0.251197517,0.276358008,0.293401629,0.0289779425,-0.00391146988,-0.237443467,-0.145490241,0.0250283408,-0.0131441438,0.2,0.250490238,-0.172364497,-0.100239503,0.0221086407,0.0234721303,0.0289779425,0.237443467,0.0250283408,0.2,0.172364497,0.0221086407,0.00391146988,-0.145490241,-0.0131441438,-0.250490238,-0.0234721303,0.100239503
818,25177279,0.242135391,-0.0865712166,-0.110184342,0.11233566,0.281083673,-0.227328584,-0.285180509,0.0522980578,-0.565684855,-0.286969602,0.251767129,0.309272379,0.0193708313,-0.00692569733,-0.249582954,-0.149448953,0.0224866939,-0.0181862867,0.2,0.223534126,-0.163136971,-0.10739392,0.0201413703,0.0247417903,0.0193708313,0.249582954,0.0224866939,0.2,0.163136971,0.0201413703,0.00692569733,-0.149448953,-0.0181862867,-0.223534126,-0.0247417903,0.10739392
819,25197295,0.0527931675,-0.0988169685,-0.0978180915,0.0517275035,0.238498911,-0.343954414,-0.134767354,-0.043373473,-0.474929065,-0.303843737,0.193031847,0.310807198,0.0042234534,-0.00790535748,-0.244018141,-0.176722623,0.0190799129,-0.0275163531,0.2,0.2,-0.144985813,-0.110768747,0.0154425478,0.0248645759,0.0042234534,0.244018141,0.0190799129,0.2,0.144985813,0.0154425478,0.00790535748,-0.176722623,-0.0275163531,-0.2,-0.0248645759,0.110768747
820,25218999,-0.139664188,-0.0962642655,-0.0443158709,-0.021747496,0.205972254,-0.488774449,0.0027240708,-0.176545769,-0.361583084,-0.308913291,0.0977990329,0.28058821,-0.011173135,-0.00770114124,-0.219942142,-0.209786373,0.0164777803,-0.0391019559,0.201225832,0.2,-0.122316617,-0.111782658,0.00782392263,0.0224470568,-0.011173135,0.219942142,0.0164777803,0.201225832,0.122316617,0.00782392263,0.00770114124,-0.209786373,-0.0391019559,-0.2,-0.0224470568,0.111782658
821,25241768,-0.2776151,-0.0750697106,0.057346493,-0.0962790027,0.177147254,-0.616875708,0.107630499,-0.298032433,-0.270328373,-0.301264256,-0.034521807,0.237159416,-0.022209208,-0.00600557685,-0.174194078,-0.243325551,0.0141717803,-0.0493500566,0.248433724,0.2,-0.104065675,-0.110252851,-0.00276174456,0.0189727533,-0.022209208,0.174194078,0.0141717803,0.248433724,0.104065675,-0.00276174456,0.00600557685,-0.243325551,-0.0493500566,-0.2,-0.0189727533,0.110252851
822,25255523,-0.331683725,-0.0294617526,0.166289791,-0.153376698,0.159988448,-0.691208959,0.144955352,-0.363422006,-0.254306674,-0.295214057,-0.150607109,0.211784318,-0.026534698,-0.00235694021,-0.125169594,-0.269019514,0.0127990758,-0.0552967167,0.265229908,0.2,-0.100861335,-0.109042811,-0.0120485687,0.0169427454,-0.026534698,0.125169594,0.0127990758,0.265229908,0.100861335,-0.0120485687,0.00235694021,-0.269019514,-0.0552967167,-0.2,-0.0169427454,0.109042811
823,25277896,-0.279957503,0.0261387918,0.243688747,-0.169704542,0.171565756,-0.671406806,0.0673602521,-0.334645987,-0.373291433,-0.294297636,-0.203966394,0.211159497,-0.0223966002,0.00209110335,-0.0903400637,-0.276367044,0.0137252605,-0.0537125444,0.230312113,0.2,-0.124658287,-0.108859527,-0.0163173115,0.0168927598,-0.0223966002,0.0903400637,0.0137252605,0.230312113,0.124658287,-0.0163173115,-0.00209110335,-0.276367044,-0.0537125444,-0.2,-0.0168927598,0.108859527
824,25299821,-0.143884629,0.0984846875,0.27551809,-0.137260094,0.210894495,-0.550304234,-0.134143636,-0.183424175,-0.541085482,-0.235221922,-0.190069765,0.253049791,-0.0115107703,0.007878775,-0.0760168597,-0.261767042,0.0168715596,-0.0440243387,0.2,0.2,-0.158217096,-0.0970443845,-0.0152055812,0.0202439833,-0.0115107703,0.0760168597,0.0168715596,0.2,0.158217096,-0.0152055812,-0.007878775,-0.261767042,-0.0440243387,-0.2,-0.0202439833,0.0970443845
825,25316461,0.0944601446,0.160509214,0.211462349,-0.0697920248,0.272993386,-0.36306107,-0.421980083,0.0431459509,-0.696279287,-0.118851736,-0.0645047203,0.324144334,0.00755681157,0.0128407371,-0.104841943,-0.231406411,0.0218394709,-0.0290448856,0.2,0.219415678,-0.189255857,-0.0737703472,-0.00516037762,0.0259315467,0.00755681157,0.104841943,0.0218394709,0.2,0.189255857,-0.00516037762,-0.0128407371,-0.231406411,-0.0290448856,-0.219415678,-0.0259315467,0.0737703472
826,25338481,0.410191208,0.161205009,0.0699609071,0.0153599381,0.364706397,-0.190151185,-0.654232502,0.243212298,-0.820599437,-0.0108988741,0.156960696,0.323257357,0.0328152966,0.0128964007,-0.168517592,-0.193088028,0.0291765118,-0.0152120948,0.2,0.309445534,-0.214119887,-0.0521797748,0.0125568557,0.0258605886,0.0328152966,0.168517592,0.0291765118,0.2,0.214119887,0.0125568557,-0.0128964007,-0.193088028,-0.0152120948,-0.309445534,-0.0258605886,0.0521797748
827,25357882,0.67690444,0.100968428,-0.0527203046,0.103400022,0.459717095,-0.0596242845,-0.759819448,0.338719547,-0.92658639,-0.025886273,0.344222933,0.294388592,0.0541523552,0.00807747424,-0.223724137,-0.15346999,0.0367773676,-0.00476994276,0.2,0.352423796,-0.23,-0.0551772546,0.0275378346,0.0235510874,0.0541523552,0.223724137,0.0367773676,0.2,0.23,0.0275378346,-0.00807747424,-0.15346999,-0.00476994276,-0.352423796,-0.0235510874,0.0551772546
828,25380346,0.761039615,-0.0377192311,-0.11606428,0.178221703,0.509923339,0.042603571,-0.730867028,0.310563177,-1.04388618,-0.146688834,0.432477057,0.302018911,0.0608831692,-0.00301753849,-0.252228926,-0.119800234,0.0407938671,0.00340828568,0.2,0.33975343,-0.23,-0.0793377668,0.0345981646,0.0241615129,0.0608831692,0.252228926,0.0407938671,0.2,0.23,0.0345981646,0.00301753849,-0.119800234,0.00340828568,-0.33975343,-0.0241615129,0.0793377668
829,25397961,0.60460341,-0.201926246,-0.146710366,0.206168577,0.478850067,0.0787423402,-0.519852996,0.203252539,-1.11923957,-0.268507272,0.410746247,0.352716893,0.0483682728,-0.0161540997,-0.266019665,-0.10722414,0.0383080053,0.00629938722,0.2,0.291463643,-0.23,-0.103701454,0.0328596997,0.0282173514,0.0483682728,0.266019665,0.0383080053,0.2,0.23,0.0328596997,0.0161540997,-0.10722414,0.00629938722,-0.291463643,-0.0282173514,0.103701454
830,25415543,0.210723877,-0.245405838,-0.235286936,0.162048697,0.418790847,-0.0546810403,-0.201898724,0.0525843129,-1.0709039,-0.430882066,0.306589276,0.428461701,0.0168579102,-0.019632467,-0.305879121,-0.127078086,0.0335032678,-0.00437448323,0.2,0.223662941,-0.23,-0.136176413,0.024527142,0.0342769361,0.0168579102,0.305879121,0.0335032678,0.2,0.23,0.024527142,0.019632467,-0.127078086,-0.00437448323,-0.223662941,-0.0342769361,0.136176413
831,25454631,-0.268522918,-0.222926885,-0.277876347,-0.00303640263,0.372377187,-0.400405645,0.126055241,-0.207575515,-0.905450583,-0.633029997,0.159280807,0.405556262,-0.0214818335,-0.0178341508,-0.325044356,-0.201366381,0.029790175,-0.0320324516,0.256724858,0.2,-0.23,-0.176605999,0.0127424645,0.0324445009,-0.0214818335,0.325044356,0.029790175,0.256724858,0.23,0.0127424645,0.0178341508,-0.201366381,-0.0320324516,-0.2,-0.0324445009,0.176605999
832,25459777,-0.663886607,-0.183743104,-0.179643348,-0.147957176,0.326339841,-0.769689023,0.375091702,-0.556191862,-0.71668452,-0.718158185,-0.0674436614,0.306795359,-0.0531109285,-0.0146994483,-0.280839507,-0.266580729,0.0261071873,-0.0615751219,0.368791266,0.2,-0.193336904,-0.193631637,-0.00539549291,0.0245436287,-0.0531109285,0.280839507,0.0261071873,0.368791266,0.193336904,-0.00539549291,0.0146994483,-0.266580729,-0.0615751219,-0.2,-0.0245436287,0.193631637
833,25474701,-0.716860175,-0.175975442,0.0452320389,-0.206095889,0.245712265,-1.0111773,0.483476728,-0.678805649,-0.589087129,-0.680886388,-0.240972206,0.248208091,-0.057348814,-0.0140780354,-0.179645582,-0.29274315,0.0196569812,-0.0808941841,0.417564528,0.2,-0.167817426,-0.186177278,-0.0192777765,0.0198566473,-0.057348814,0.179645582,0.0196569812,0.417564528,0.167817426,-0.0192777765,0.0140780354,-0.29274315,-0.0808941841,-0.2,-0.0198566473,0.186177278
834,25498974,-0.55545944,-0.0886399895,0.252727896,-0.184506863,0.20248653,-1.1011405,0.401325464,-0.581379056,-0.542121351,-0.550675869,-0.304592043,0.297036529,-0.0444367552,-0.00709119916,-0.0862724468,-0.283028089,0.0161989224,-0.0880912399,0.380596459,0.2,-0.15842427,-0.160135174,-0.0243673635,0.0237629223,-0.0444367552,0.0862724468,0.0161989224,0.380596459,0.15842427,-0.0243673635,0.00709119916,-0.283028089,-0.0880912399,-0.2,-0.0237629223,0.160135174
835,25517487,-0.37778917,0.0755862519,0.35122028,-0.0973675102,0.232532769,-1.0450207,0.109999537,-0.382432222,-0.688584924,-0.413056254,-0.303460598,0.432573825,-0.0302231336,0.00604690015,-0.041950874,-0.24381538,0.0186026216,-0.083601656,0.249499792,0.2,-0.187716985,-0.132611251,-0.0242768478,0.034605906,-0.0302231336,0.041950874,0.0186026216,0.249499792,0.187716985,-0.0242768478,-0.00604690015,-0.24381538,-0.083601656,-0.2,-0.034605906,0.132611251
836,25536853,-0.166722536,0.212183341,0.37677294,-0.130671874,0.242896304,-0.854502738,-0.280340284,-0.187611252,-0.975305915,-0.280550927,-0.248341903,0.505209208,-0.0133378029,0.0169746673,-0.0304521769,-0.258802343,0.0194317043,-0.068360219,0.2,0.2,-0.23,-0.106110185,-0.0198673522,0.0404167366,-0.0133378029,0.0304521769,0.0194317043,0.2,0.23,-0.0198673522,-0.0169746673,-0.258802343,-0.068360219,-0.2,-0.0404167366,0.106110185
837,25563458,0.244630769,0.238506213,0.263242096,-0.0999022946,0.247449458,-0.577529788,-0.722614944,0.109933682,-1.27902901,-0.076940313,-0.0854189098,0.486525148,0.0195704615,0.019080497,-0.0815410569,-0.244956033,0.0197959566,-0.046202383,0.2,0.249470157,-0.23,-0.0653880626,-0.00683351278,0.0389220119,0.0195704615,0.0815410569,0.0197959566,0.2,0.23,-0.00683351278,-0.019080497,-0.244956033,-0.046202383,-0.249470157,-0.0389220119,0.0653880626
838,25578833,0.757475853,0.162319288,0.00182174565,-0.000335384597,0.38693741,-0.374685317,-1.05172431,0.452085704,-1.50232875,0.093001619,0.234369591,0.364073247,0.0605980682,0.012985543,-0.199180214,-0.200150923,0.0309549928,-0.0299748254,0.2,0.403438567,-0.23,-0.0313996762,0.0187495673,0.0291258597,0.0605980682,0.199180214,0.0309549928,0.2,0.23,0.0187495673,-0.012985543,-0.200150923,-0.0299748254,-0.403438567,-0.0291258597,0.0313996762
839,25594666,1.03316832,0.0877566487,-0.132345438,0.171493039,0.574827075,-0.20315741,-1.1315912,0.522770703,-1.72453988,0.0545746423,0.435456604,0.247455105,0.0826534653,0.00702053189,-0.259555447,-0.122828133,0.045986166,-0.0162525928,0.2,0.435246816,-0.23,-0.0390850715,0.0348365283,0.0197964084,0.0826534653,0.259555447,0.045986166,0.2,0.23,0.0348365283,-0.00702053189,-0.122828133,-0.0162525928,-0.435246816,-0.0197964084,0.0390850715
840,25617464,0.981931567,-0.121767089,-0.12537761,0.309376806,0.635371089,0.00758186076,-0.917279124,0.352318496,-2.00114989,-0.0812897384,0.451686859,0.255113095,0.0785545254,-0.0097413671,-0.256419925,-0.0607804373,0.0508296871,0.000606548861,0.2,0.358543323,-0.23,-0.0662579477,0.0361349487,0.0204090476,0.0785545254,0.256419925,0.0508296871,0.2,0.23,0.0361349487,0.0097413671,-0.0607804373,0.000606548861,-0.358543323,-0.0204090476,0.0662579477
841,25635717,0.575529873,-0.342648894,-0.131701186,0.342262208,0.556489825,0.118232563,-0.455448598,0.134748101,-2.13819194,-0.190782979,0.302728146,0.368913859,0.0460423899,-0.0274119115,-0.259265534,-0.0459820062,0.044519186,0.00945860505,0.2,0.260636646,-0.23,-0.0881565958,0.0242182517,0.0295131087,0.0460423899,0.259265534,0.044519186,0.2,0.23,0.0242182517,0.0274119115,-0.0459820062,0.00945860505,-0.260636646,-0.0295131087,0.0881565958
842,25655187,0.0247734692,-0.359645963,-0.272943914,0.251543969,0.462700635,-0.0712706372,-0.0123663945,-0.0382614098,-2.04570651,-0.541894972,0.12043497,0.495785505,0.00198187754,-0.028771677,-0.322824761,-0.086805214,0.0370160508,-0.00570165098,0.2,0.2,-0.23,-0.158378994,0.00963479757,0.0396628404,0.00198187754,0.322824761,0.0370160508,0.2,0.23,0.00963479757,0.028771677,-0.086805214,-0.00570165098,-0.2,-0.0396628404,0.158378994
843,25677475,-0.578247964,-0.282531053,-0.290221483,-0.041147083,0.420271158,-0.511479974,0.335286826,-0.433639199,-1.82659876,-0.926949263,-0.0665083677,0.495613396,-0.0462598372,-0.0226024842,-0.330599667,-0.218516187,0.0336216927,-0.0409183979,0.350879072,0.2,-0.23,-0.23,-0.00532066941,0.0396490717,-0.0462598372,0.330599667,0.0336216927,0.350879072,0.23,-0.00532066941,0.0226024842,-0.218516187,-0.0409183979,-0.2,-0.0396490717,0.23
844,25695088,-0.898143172,-0.239269212,-0.136521548,-0.196100459,0.378278315,-0.885311127,0.464634866,-0.690221906,-1.67502916,-1.03737724,-0.199825451,0.441948712,-0.0718514538,-0.019141537,-0.261434697,-0.288245206,0.0302622652,-0.0708248901,0.409085689,0.2,-0.23,-0.23,-0.0159860361,0.0353558969,-0.0718514538,0.261434697,0.0302622652,0.409085689,0.23,-0.0159860361,0.019141537,-0.288245206,-0.0708248901,-0.2,-0.0353558969,0.23
845,25733489,-0.868698061,-0.252026111,0.205290616,-0.258505195,0.311870098,-1.08288074,0.488663018,-0.756438255,-1.62542808,-0.91547662,-0.305903703,0.416123629,-0.0694958448,-0.0201620889,-0.107619223,-0.316327338,0.0249496078,-0.0866304588,0.419898358,0.2,-0.23,-0.23,-0.0244722962,0.0332898903,-0.0694958448,0.107619223,0.0249496078,0.419898358,0.23,-0.0244722962,0.0201620889,-0.316327338,-0.0866304588,-0.2,-0.0332898903,0.23
846,25741737,-0.571743965,-0.238196865,0.499203801,-0.256852686,0.25686413,-1.05762827,0.342571944,-0.593623161,-1.68785369,-0.647781909,-0.371550679,0.470538229,-0.0457395172,-0.0190557492,0.0246417105,-0.315583709,0.0205491304,-0.0846102619,0.354157375,0.2,-0.23,-0.179556382,-0.0297240543,0.0376430583,-0.0457395172,-0.0246417105,0.0205491304,0.354157375,0.23,-0.0297240543,0.0190557492,-0.315583709,-0.0846102619,-0.2,-0.0376430583,0.179556382
847,25754657,-0.288796574,-0.12737003,0.524384379,-0.196371585,0.20578967,-0.876639962,-0.0512473918,-0.327997357,-1.95797706,-0.387239456,-0.36969775,0.491278648,-0.0231037259,-0.0101896024,0.0359729707,-0.288367213,0.0164631736,-0.070131197,0.2,0.2,-0.23,-0.127447891,-0.02957582,0.0393022919,-0.0231037259,-0.0359729707,0.0164631736,0.2,0.23,-0.02957582,0.0101896024,-0.288367213,-0.070131197,-0.2,-0.0393022919,0.127447891
848,25778489,-0.0389053747,0.0438719764,0.507269681,-0.23560816,0.114868559,-0.64236939,-0.57483393,-0.116233133,-2.35581326,-0.14758569,-0.318102539,0.522487402,-0.00311242998,0.00350975811,0.0282713562,-0.306023672,0.00918948472,-0.0513895512,0.2,0.2,-0.23,-0.079517138,-0.0254482031,0.0417989922,-0.00311242998,-0.0282713562,0.00918948472,0.2,0.23,-0.0254482031,-0.00350975811,-0.306023672,-0.0513895512,-0.2,-0.0417989922,0.079517138
849,25796113,0.443308383,0.0662011653,0.319275051,-0.216788903,0.16287072,-0.410969198,-1.09252167,0.334507793,-2.58910704,0.108156063,-0.00438986998,0.48033452,0.0354646707,0.00529609323,-0.0563262269,-0.297555006,0.0130296576,-0.0328775358,0.2,0.350528507,-0.23,-0.0283687875,-0.000351189598,0.0384267616,0.0354646707,0.0563262269,0.0130296576,0.2,0.23,-0.000351189598,-0.00529609323,-0.297555006,-0.0328775358,-0.350528507,-0.0384267616,0.0283687875
850,25816520,0.951641798,0.0428482853,0.0585349724,-0.147168443,0.41800943,-0.254991442,-1.39912343,0.623059094,-2.64442062,0.167002901,0.367682397,0.341018349,0.0761313438,0.00342786282,-0.173659262,-0.266225799,0.0334407544,-0.0203993154,0.2,0.480376592,-0.23,-0.0165994197,0.0294145918,0.0272814679,0.0761313438,0.173659262,0.0334407544,0.2,0.23,0.0294145918,-0.00342786282,-0.266225799,-0.0203993154,-0.480376592,-0.0272814679,0.0165994197
851,25839657,1.21560168,-0.0338466242,-0.116772391,0.0929548964,0.682627261,-0.115086667,-1.43787229,0.667516708,-2.71230745,0.0531739406,0.533313751,0.232845768,0.0972481346,-0.00270772994,-0.252547576,-0.158170297,0.0546101809,-0.00920693338,0.2,0.500382519,-0.23,-0.0393652119,0.0426651001,0.0186276615,0.0972481346,0.252547576,0.0546101809,0.2,0.23,0.0426651001,0.00270772994,-0.158170297,-0.00920693338,-0.500382519,-0.0186276615,0.0393652119
852,25857314,1.15435934,-0.32990402,-0.113181241,0.315151244,0.725424945,0.136995628,-1.12251782,0.484117299,-2.92908502,-0.078584373,0.53918165,0.280996889,0.0923487473,-0.0263923216,-0.250931558,-0.05818194,0.0580339956,0.0109596503,0.2,0.417852785,-0.23,-0.0657168746,0.043134532,0.0224797511,0.0923487473,0.250931558,0.0580339956,0.2,0.23,0.043134532,0.0263923216,-0.05818194,0.0109596503,-0.417852785,-0.0224797511,0.0657168746
853,25887736,0.609472752,-0.57081753,-0.172426671,0.390861154,0.614789903,0.263004363,-0.504530013,0.199894831,-3.04355907,-0.269726545,0.378377974,0.550436616,0.0487578201,-0.0456654024,-0.277592002,-0.0241124809,0.0491831923,0.021040349,0.2,0.289952674,-0.23,-0.103945309,0.0302702379,0.0440349293,0.0487578201,0.277592002,0.0491831923,0.2,0.23,0.0302702379,0.0456654024,-0.0241124809,0.021040349,-0.289952674,-0.0440349293,0.103945309
854,25894504,-0.144775987,-0.569100559,-0.336960584,0.18799074,0.460983932,0.026467314,0.216848716,-0.203905031,-2.88052058,-0.766087234,0.18178235,0.744129956,-0.0115820789,-0.0455280447,-0.351632263,-0.115404167,0.0368787146,0.00211738512,0.297581922,0.2,-0.23,-0.203217447,0.014542588,0.0595303965,-0.0115820789,0.351632263,0.0368787146,0.297581922,0.23,0.014542588,0.0455280447,-0.115404167,0.00211738512,-0.2,-0.0595303965,0.203217447
855,25914674,-0.704813421,-0.410948962,-0.333052367,-0.198738977,0.362119138,-0.507486105,0.559878528,-0.593281984,-2.52759409,-1.25375044,0.0350846685,0.701077342,-0.0563850737,-0.032875917,-0.349873565,-0.28943254,0.0289695311,-0.0405988884,0.451945338,0.2,-0.23,-0.23,0.00280677348,0.0560861874,-0.0563850737,0.349873565,0.0289695311,0.451945338,0.23,0.00280677348,0.032875917,-0.28943254,-0.0405988884,-0.2,-0.0560861874,0.23
856,25942471,-0.979112089,-0.278805047,-0.165164307,-0.296148121,0.293953359,-0.824925601,0.614334464,-0.721490383,-2.35051966,-1.39649022,-0.0126341088,0.595931709,-0.0783289671,-0.0223044038,-0.274323938,-0.333266655,0.0235162687,-0.0659940481,0.476450509,0.2,-0.23,-0.23,-0.0010107287,0.0476745367,-0.0783289671,0.274323938,0.0235162687,0.476450509,0.23,-0.0010107287,0.0223044038,-0.333266655,-0.0659940481,-0.2,-0.0476745367,0.23
857,25955805,-0.978796005,-0.215337947,0.264524728,-0.28151685,0.219027191,-0.971807659,0.544880807,-0.720699131,-2.32971907,-1.2527864,-0.0639223009,0.555533767,-0.0783036804,-0.0172270358,-0.0809638724,-0.326682582,0.0175221753,-0.0777446127,0.445196363,0.2,-0.23,-0.23,-0.00511378407,0.0444427013,-0.0783036804,0.0809638724,0.0175221753,0.445196363,0.23,-0.00511378407,0.0172270358,-0.326682582,-0.0777446127,-0.2,-0.0444427013,0.23
858,25981648,-0.759711266,-0.112654023,0.601265311,-0.247902274,0.140800729,-0.969063878,0.323653311,-0.568473935,-2.41882706,-0.956472218,-0.152248487,0.629442155,-0.0607769012,-0.00901232183,0.0705693901,-0.311556023,0.0112640584,-0.0775251102,0.34564399,0.2,-0.23,-0.23,-0.012179879,0.0503553724,-0.0607769012,-0.0705693901,0.0112640584,0.34564399,0.23,-0.012179879,0.00901232183,-0.311556023,-0.0775251102,-0.2,-0.0503553724,0.23
859,25995654,-0.450576663,-0.0233413018,0.744688809,-0.349214286,0.00672505749,-0.797258139,-0.164018124,-0.354249209,-2.76361704,-0.646311045,-0.180023625,0.628716528,-0.036046133,-0.00186730415,0.135109964,-0.357146429,0.0005380046,-0.0637806511,0.2,0.2,-0.23,-0.179262209,-0.01440189,0.0502973223,-0.036046133,-0.135109964,0.0005380046,0.2,0.23,-0.01440189,0.00186730415,-0.357146429,-0.0637806511,-0.2,-0.0502973223,0.179262209
860,26021844,-0.0996516421,0.0378085896,0.781163692,-0.597532392,-0.175199986,-0.536288798,-0.694627106,-0.115817651,-3.12293553,-0.324744344,0.0179006904,0.567137897,-0.00797213137,0.00302468717,0.151523662,-0.468889576,-0.0140159988,-0.0429031038,0.2,0.2,-0.23,-0.114948869,0.00143205523,0.0453710318,-0.00797213137,-0.151523662,-0.0140159988,0.2,0.23,0.00143205523,-0.00302468717,-0.468889576,-0.0429031038,-0.2,-0.0453710318,0.114948869
861,26037231,0.599247158,-0.0253319144,0.526466072,-0.710516512,-0.0732860044,-0.279737771,-1.27626598,0.560053647,-3.16431546,0.0793396533,0.527023792,0.400657415,0.0479397726,-0.00202655315,0.0369097322,-0.519732431,-0.00586288035,-0.0223790216,0.2,0.452024141,-0.23,-0.0341320693,0.0421619034,0.0320525932,0.0479397726,-0.0369097322,-0.00586288035,0.2,0.23,0.0421619034,0.00202655315,-0.519732431,-0.0223790216,-0.452024141,-0.0320525932,0.0341320693
862,26058844,1.17307961,-0.05700114,0.18536745,-0.753459156,0.347035855,-0.0730682239,-1.59378755,0.872824848,-3.03041506,0.211487293,0.992059529,0.216338083,0.0938463688,-0.0045600912,-0.116584647,-0.53905662,0.0277628684,-0.00584545791,0.2,0.592771181,-0.23,-0.00770254135,0.0793647623,0.0173070467,0.0938463688,0.116584647,0.0277628684,0.2,0.23,0.0793647623,0.0045600912,-0.53905662,-0.00584545791,-0.592771181,-0.0173070467,0.00770254135
863,26087194,1.53591847,-0.2167041,0.0130207026,-0.547613144,0.67394352,0.0658796653,-1.60601377,0.9059937,-2.95294356,0.213797495,1.09381723,0.146733314,0.12,-0.017336328,-0.194140684,-0.446425915,0.0539154816,0.00527037323,0.2,0.607697165,-0.23,-0.00724050105,0.08,0.0117386651,0.12,0.194140684,0.0539154816,0.2,0.23,0.08,0.017336328,-0.446425915,0.00527037323,-0.607697165,-0.0117386651,0.00724050105
864,26099552,1.49148786,-0.567963243,0.0892114788,-0.117341444,0.809519529,0.271186322,-1.13754702,0.740747452,-3.05783105,0.289392292,0.841489375,0.171843618,0.119319029,-0.0454370594,-0.159854835,-0.25280365,0.0647615623,0.0216949058,0.2,0.533336353,-0.23,0.0078784585,0.06731915,0.0137474895,0.119319029,0.159854835,0.0647615623,0.2,0.23,0.06731915,0.0454370594,-0.25280365,0.0216949058,-0.533336353,-0.0137474895,-0.0078784585
865,26125447,0.964413881,-0.88139993,0.0504738353,0.127672702,0.702228904,0.546343982,-0.427398771,0.420343757,-3.17652512,0.264820516,0.498138726,0.640538633,0.0771531105,-0.0705119944,-0.177286774,-0.142547284,0.0561783123,0.0437075186,0.2,0.389154691,-0.23,0.00296410322,0.0398510981,0.0512430906,0.0771531105,0.177286774,0.0561783123,0.2,0.23,0.0398510981,0.0705119944,-0.142547284,0.0437075186,-0.389154691,-0.0512430906,-0.00296410322
866,26136896,-0.0718320161,-0.980314314,-0.176082417,-0.0530359745,0.394999027,0.525135756,0.504202902,-0.20503962,-3.12588,-0.294779658,0.0578168333,1.12314379,-0.00574656129,-0.0784251451,-0.279237088,-0.223866189,0.0315999222,0.0420108604,0.426891306,0.2,-0.23,-0.108955932,0.00462534666,0.08,-0.00574656129,0.279237088,0.0315999222,0.426891306,0.23,0.00462534666,0.0784251451,-0.223866189,0.0420108604,-0.2,-0.08,0.108955932
867,26157250,-0.612418413,-0.520667851,-0.219964489,-0.560966134,0.170105502,-0.0509101972,0.880582511,-0.538842082,-2.85487676,-0.986628294,0.00494270632,1.59268641,-0.0489934731,-0.0416534281,-0.29898402,-0.45243476,0.0136084402,-0.00407281578,0.59626213,0.2,-0.23,-0.23,0.000395416506,0.08,-0.0489934731,0.29898402,0.0136084402,0.59626213,0.23,0.000395416506,0.0416534281,-0.45243476,-0.00407281578,-0.2,-0.08,0.23
868,26176404,-1.13797832,0.0779661462,-0.0677826181,-0.628123462,0.145976543,-0.678316891,0.815312922,-0.723613501,-2.75101304,-1.21210086,0.0149013316,1.81488526,-0.0910382652,0.00623729169,-0.230502178,-0.482655558,0.0116781235,-0.0542653513,0.566890815,0.2,-0.23,-0.23,0.00119210653,0.08,-0.0910382652,0.230502178,0.0116781235,0.566890815,0.23,0.00119210653,-0.00623729169,-0.482655558,-0.0542653513,-0.2,-0.08,0.23
869,26204280,-1.60019851,0.547158241,0.285566598,-0.477402002,0.181489974,-0.943429947,0.662275791,-0.851673543,-2.85886359,-1.12686574,-0.0253004171,1.79970956,-0.12,0.0437726593,-0.0714950308,-0.414830901,0.0145191979,-0.0754743958,0.498024106,0.2,-0.23,-0.23,-0.00202403337,0.08,-0.12,0.0714950308,0.0145191979,0.498024106,0.23,-0.00202403337,-0.0437726593,-0.414830901,-0.0754743958,-0.2,-0.08,0.23
870,26220787,-1.70739603,0.832805157,0.702058613,-0.393983096,0.184302956,-0.855727673,0.38806653,-0.702555954,-3.01447845,-0.906039,-0.0545632057,1.77070808,-0.12,0.0666244125,0.115926376,-0.377292393,0.0147442365,-0.0684582138,0.374629939,0.2,-0.23,-0.23,-0.00436505646,0.08,-0.12,-0.115926376,0.0147442365,0.374629939,0.23,-0.00436505646,-0.0666244125,-0.377292393,-0.0684582138,-0.2,-0.08,0.23
871,26234660,-1.3247422,0.853005171,0.785117686,-0.433092028,0.0801848769,-0.759918809,-0.0551206805,-0.478731841,-3.14747596,-0.632866383,0.0404964946,1.59597075,-0.105979376,0.0682404137,0.153302959,-0.394891413,0.00641479015,-0.0607935047,0.2,0.2,-0.23,-0.176573277,0.00323971957,0.08,-0.105979376,-0.153302959,0.00641479015,0.2,0.23,0.00323971957,-0.0682404137,-0.394891413,-0.0607935047,-0.2,-0.08,0.176573277
872,26257492,-0.655056,0.638670981,0.720517695,-0.664808273,-0.165676087,-0.589018226,-0.583902538,-0.165758193,-3.4356792,-0.299600393,0.170756906,1.11719501,-0.05240448,0.0510936785,0.124232963,-0.499163723,-0.013254087,-0.0471214581,0.2,0.2,-0.23,-0.109920079,0.0136605525,0.08,-0.05240448,-0.124232963,-0.013254087,0.2,0.23,0.0136605525,-0.0510936785,-0.499163723,-0.0471214581,-0.2,-0.08,0.109920079
873,26275928,0.326755852,0.257908523,0.329315096,-0.726635158,-0.24030298,-0.34261623,-1.14995265,0.524629295,-3.56349897,0.0670724586,0.559976757,0.53789413,0.0261404681,0.0206326818,-0.0518082067,-0.526985821,-0.0192242384,-0.0274092984,0.2,0.436083183,-0.23,-0.0365855083,0.0447981405,0.0430315304,0.0261404681,0.0518082067,-0.0192242384,0.2,0.23,0.0447981405,-0.0206326818,-0.526985821,-0.0274092984,-0.436083183,-0.0430315304,0.0365855083
874,26298372,1.3136524,-0.253427953,-0.117655531,-0.577986777,-0.0672929585,-0.106361784,-1.69637549,0.978458107,-3.60756683,0.193406075,0.92837137,0.253361315,0.105092192,-0.0202742362,-0.252944989,-0.46009405,-0.00538343668,-0.00850894272,0.2,0.640306148,-0.23,-0.011318785,0.0742697096,0.0202689052,0.105092192,0.252944989,-0.00538343668,0.2,0.23,0.0742697096,0.0202742362,-0.46009405,-0.00850894272,-0.640306148,-0.0202689052,0.011318785
875,26320904,1.80621254,-0.720942497,-0.343664646,-0.176888123,0.00147252227,0.0710464343,-1.90937042,1.04570663,-3.79477382,0.0212440174,0.952911794,0.134460926,0.12,-0.0576753998,-0.354649091,-0.279599655,0.000117801782,0.00568371475,0.2,0.670567983,-0.23,-0.0457511965,0.0762329435,0.0107568741,0.12,0.354649091,0.000117801782,0.2,0.23,0.0762329435,0.0576753998,-0.279599655,0.00568371475,-0.65,-0.0107568741,0.0457511965
876,26343425,1.82378817,-1.14216042,-0.423054159,0.159650192,-0.0396910608,0.1707436,-1.63716722,0.899591208,-4.28396702,-0.426397294,0.783910692,0.14046444,0.12,-0.0913728333,-0.390374371,-0.128157414,-0.00317528486,0.013659488,0.2,0.604816043,-0.23,-0.135279459,0.0627128553,0.0112371552,0.12,0.390374371,-0.00317528486,0.2,0.23,0.0627128553,0.0913728333,-0.128157414,0.013659488,-0.604816043,-0.0112371552,0.135279459
877,26354984,1.43892372,-1.31956863,-0.772864223,0.43827486,0.0643301383,-0.0092424769,-1.2254473,0.50366205,-4.70217419,-1.02180922,0.422400117,0.474142045,0.115113897,-0.105565491,-0.5477889,-0.00277631283,0.00514641106,-0.000739398152,0.2,0.426647922,-0.23,-0.23,0.0337920094,0.0379313636,0.115113897,0.5477889,0.00514641106,0.2,0.23,0.0337920094,0.105565491,-0.00277631283,-0.000739398152,-0.426647922,-0.0379313636,0.23
878,26375205,0.732914865,-1.34931469,-1.13634074,0.476594985,0.272032112,-0.586314321,-0.532802939,-0.0724998862,-4.81872892,-1.57581675,0.245296896,1.03423488,0.0586331892,-0.107945175,-0.6,0.014467743,0.021762569,-0.0469051456,0.2,0.2,-0.23,-0.23,0.0196237516,0.08,0.0586331892,0.6,0.021762569,0.2,0.23,0.0196237516,0.107945175,0.014467743,-0.0469051456,-0.2,-0.08,0.23
879,26400395,-0.411027223,-1.19188166,-1.37870932,0.130489737,0.37730065,-1.42493415,0.664266229,-0.866325438,-4.55112696,-1.88168371,0.185417518,1.47398877,-0.0328821778,-0.0953505325,-0.6,-0.141279618,0.030184052,-0.113994732,0.498919803,0.2,-0.23,-0.23,0.0148334014,0.08,-0.0328821778,0.6,0.030184052,0.498919803,0.23,0.0148334014,0.0953505325,-0.141279618,-0.113994732,-0.2,-0.08,0.23
880,26416108,-1.36492956,-1.02967751,-1.47723889,-0.127120242,0.427931696,-2.22877979,1.16793883,-1.3092531,-3.88526273,-1.74293303,0.111222498,1.72811222,-0.109194365,-0.0823742008,-0.6,-0.257204109,0.0342345357,-0.12,0.725572473,0.2,-0.23,-0.23,0.00889779985,0.08,-0.109194365,0.6,0.0342345357,0.65,0.23,0.00889779985,0.0823742008,-0.257204109,-0.12,-0.2,-0.08,0.23
881,26439827,-2.00019073,-0.82373035,-1.40046263,-0.0722375438,0.43469733,-2.65873051,1.19808602,-1.38091588,-3.4266026,-1.30366981,0.0411429144,1.89772773,-0.12,-0.065898428,-0.6,-0.232506895,0.0347757864,-0.12,0.73913871,0.2,-0.23,-0.23,0.00329143316,0.08,-0.12,0.6,0.0347757864,0.65,0.23,0.00329143316,0.065898428,-0.232506895,-0.12,-0.2,-0.08,0.23
882,26462508,-2.43076611,-0.584280491,-1.09087849,0.007245488,0.485256016,-2.8849299,1.0743674,-1.4066509,-3.18440104,-0.774687171,0.0656736121,1.91948652,-0.12,-0.0467424393,-0.6,-0.19673953,0.0388204813,-0.12,0.683465332,0.2,-0.23,-0.204937434,0.00525388896,0.08,-0.12,0.6,0.0388204813,0.65,0.23,0.00525388896,0.0467424393,-0.19673953,-0.12,-0.2,-0.08,0.204937434
883,26475210,-2.49471569,-0.363764048,-0.608397305,0.0295887459,0.529901385,-2.94328761,0.888270497,-1.42132699,-3.32979465,-0.469590694,0.0778413787,1.82251465,-0.12,-0.0291011238,-0.473778787,-0.186685064,0.0423921108,-0.12,0.599721724,0.2,-0.23,-0.143918139,0.0062273103,0.08,-0.12,0.473778787,0.0423921108,0.599721724,0.23,0.0062273103,0.0291011238,-0.186685064,-0.12,-0.2,-0.08,0.143918139
884,26498326,-2.32648993,-0.142049268,-0.128659725,-0.00881331228,0.453825802,-2.86180711,0.794768333,-1.42964399,-3.69102144,-0.418568909,-6.52824747e-05,1.72551143,-0.12,-0.0113639414,-0.257896876,-0.203965991,0.0363060641,-0.12,0.55764575,0.2,-0.23,-0.133713782,-5.22259797e-06,0.08,-0.12,0.257896876,0.0363060641,0.55764575,0.23,-5.22259797e-06,0.0113639414,-0.203965991,-0.12,-0.2,-0.08,0.133713782
885,26517746,-1.95676565,0.0743195787,0.269956291,-0.00177341385,0.294514149,-2.55301809,0.66431731,-1.22852623,-4.09417105,-0.530470371,-0.0931836069,1.61878109,-0.12,0.0059455663,-0.0785196692,-0.200798036,0.023561132,-0.12,0.498942789,0.2,-0.23,-0.156094074,-0.00745468855,0.08,-0.12,0.0785196692,0.023561132,0.498942789,0.23,-0.00745468855,-0.0059455663,-0.200798036,-0.12,-0.2,-0.08,0.156094074
886,26538579,-1.59325778,0.315322012,0.592218459,-0.0980861709,0.140339807,-2.12535524,0.473844618,-0.894656777,-4.29271889,-0.675137758,-0.095891118,1.5331769,-0.12,0.0252257609,0.0664983064,-0.244138777,0.0112271845,-0.12,0.413230078,0.2,-0.23,-0.185027552,-0.00767128944,0.08,-0.12,-0.0664983064,0.0112271845,0.413230078,0.23,-0.00767128944,-0.0252257609,-0.244138777,-0.12,-0.2,-0.08,0.185027552
887,26563949,-1.22015548,0.416725427,0.750097156,-0.216665864,0.0183665622,-1.63156652,0.0537983701,-0.501105011,-4.33937931,-0.698864102,-0.0458570421,1.49888003,-0.0976124382,0.0333380342,0.13754372,-0.297499639,0.00146932498,-0.12,0.224209267,0.2,-0.23,-0.18977282,-0.00366856337,0.08,-0.0976124382,-0.13754372,0.00146932498,0.224209267,0.23,-0.00366856337,-0.0333380342,-0.297499639,-0.12,-0.2,-0.08,0.18977282
888,26575609,-0.843134403,0.415738404,0.770153105,-0.381638348,-0.0541099124,-1.11317897,-0.485533834,-0.141855285,-4.42696762,-0.53494662,0.0243310556,1.38711143,-0.0674507523,0.0332590723,0.146568897,-0.371737257,-0.00432879299,-0.0890543175,0.2,0.2,-0.23,-0.156989324,0.00194648445,0.08,-0.0674507523,-0.146568897,-0.00432879299,0.2,0.23,0.00194648445,-0.0332590723,-0.371737257,-0.0890543175,-0.2,-0.08,0.156989324
889,26603210,-0.376883745,0.281378448,0.640595615,-0.440384418,-0.0358627178,-0.642757893,-0.803186119,0.259619266,-4.41069889,-0.282407075,0.165538445,1.07613087,-0.0301506996,0.0225102758,0.0882680267,-0.398172988,-0.00286901742,-0.0514206314,0.2,0.31682867,-0.23,-0.106481415,0.0132430756,0.08,-0.0301506996,-0.0882680267,-0.00286901742,0.2,0.23,0.0132430756,-0.0225102758,-0.398172988,-0.0514206314,-0.31682867,-0.08,0.106481415
890,26615999,0.287952036,0.00190104032,0.35968399,-0.346422076,0.0718318298,-0.242529497,-0.938243151,0.739090145,-4.27830982,-0.112803668,0.438662827,0.714313865,0.0230361629,0.000152083226,-0.0381422043,-0.355889934,0.00574654639,-0.0194023597,0.2,0.532590565,-0.23,-0.0725607336,0.0350930262,0.0571451092,0.0230361629,0.0381422043,0.00574654639,0.2,0.23,0.0350930262,-0.000152083226,-0.355889934,-0.0194023597,-0.532590565,-0.0571451092,0.0725607336
891,26640762,0.798195302,-0.389417768,0.184280351,-0.0672677904,0.157808661,-0.00830837153,-0.845078111,0.786253691,-4.12591362,-0.0124763297,0.521995783,0.52439642,0.0638556242,-0.0311534214,-0.117073842,-0.230270506,0.0126246929,-0.000664669722,0.2,0.553814161,-0.23,-0.0524952659,0.0417596626,0.0419517136,0.0638556242,0.117073842,0.0126246929,0.2,0.23,0.0417596626,0.0311534214,-0.230270506,-0.000664669722,-0.553814161,-0.0419517136,0.0524952659
892,26657249,0.826332152,-0.621852696,0.187392816,0.128633842,0.0484612919,0.148787126,-0.574282885,0.488376647,-4.03222513,0.00712429546,0.434912205,0.587271929,0.0661065722,-0.0497482157,-0.115673233,-0.142114771,0.00387690336,0.0119029701,0.2,0.419769491,-0.23,-0.0485751409,0.0347929764,0.0469817543,0.0661065722,0.115673233,0.00387690336,0.2,0.23,0.0347929764,0.0497482157,-0.142114771,0.0119029701,-0.419769491,-0.0469817543,0.0485751409
893,26677193,0.323022336,-0.799717724,-0.0285453983,0.189960614,-0.0341814123,0.204523668,-0.0412882604,-0.0224051122,-4.1036129,-0.422966301,0.122905843,0.76284188,0.0258417869,-0.0639774179,-0.212845429,-0.114517724,-0.00273451298,0.0163618934,0.2,0.2,-0.23,-0.13459326,0.00983246744,0.0610273504,0.0258417869,0.212845429,-0.00273451298,0.2,0.23,0.00983246744,0.0639774179,-0.114517724,0.0163618934,-0.2,-0.0610273504,0.13459326
894,26708137,-0.15520677,-0.856853306,-0.0895124376,-0.194508731,-0.0525285378,0.0398066565,0.640333354,-0.465368032,-3.88881564,-1.0248121,-0.0314909965,0.896359682,-0.0124165416,-0.0685482645,-0.240280597,-0.287528929,-0.00420228302,0.00318453252,0.48815001,0.2,-0.23,-0.23,-0.00251927972,0.0717087746,-0.0124165416,0.240280597,-0.00420228302,0.48815001,0.23,-0.00251927972,0.0685482645,-0.287528929,0.00318453252,-0.2,-0.0717087746,0.23
895,26723097,-0.45717001,-0.635107815,-0.0817092806,-0.388721108,-0.0376854874,-0.275411814,0.772482216,-0.515597582,-3.50909162,-1.37466323,-0.108361304,1.01408315,-0.0365736008,-0.0508086252,-0.236769176,-0.374924499,-0.00301483899,-0.0220329452,0.547616997,0.2,-0.23,-0.23,-0.0086689043,0.08,-0.0365736008,0.236769176,-0.00301483899,0.547616997,0.23,-0.0086689043,0.0508086252,-0.374924499,-0.0220329452,-0.2,-0.08,0.23
896,26742342,-0.796281099,-0.342197865,0.00745819602,-0.365054399,0.0144929541,-0.499201566,0.718857646,-0.584993482,-3.2249341,-1.5016669,-0.184974849,0.985968709,-0.0637024879,-0.0273758292,-0.196643812,-0.364274479,0.00115943633,-0.0399361253,0.523485941,0.2,-0.23,-0.23,-0.0147979879,0.0788774967,-0.0637024879,0.196643812,0.00115943633,0.523485941,0.23,-0.0147979879,0.0273758292,-0.364274479,-0.0399361253,-0.2,-0.0788774967,0.23
897,26755947,-0.97873354,-0.106457032,0.313401252,-0.262177765,0.0443136729,-0.521637261,0.567986131,-0.507245779,-3.10716438,-1.41469598,-0.220724612,0.841231525,-0.0782986832,-0.00851656258,-0.0589694366,-0.317979994,0.00354509383,-0.0417309809,0.455593759,0.2,-0.23,-0.23,-0.017657969,0.067298522,-0.0782986832,0.0589694366,0.00354509383,0.455593759,0.23,-0.017657969,0.00851656258,-0.317979994,-0.0417309809,-0.2,-0.067298522,0.23
898,26777951,-0.939851642,0.0284371097,0.556896389,-0.278679222,0.00572425267,-0.413554728,0.40028432,-0.47249648,-3.08273196,-1.31685627,-0.14769794,0.865030527,-0.0751881313,0.00227496877,0.0506033748,-0.32540565,0.000457940213,-0.0330843782,0.380127944,0.2,-0.23,-0.23,-0.0118158352,0.0692024422,-0.0751881313,-0.0506033748,0.000457940213,0.380127944,0.23,-0.0118158352,-0.00227496877,-0.32540565,-0.0330843782,-0.2,-0.0692024422,0.23
899,26801635,-0.654335022,0.0921092555,0.612654924,-0.326251954,-0.0903138295,-0.276331931,0.155820191,-0.351284832,-3.10203338,-1.17644322,0.0508308113,0.804300904,-0.0523468018,0.00736874044,0.075694716,-0.346813379,-0.00722510636,-0.0221065545,0.270119086,0.2,-0.23,-0.23,0.0040664649,0.0643440723,-0.0523468018,-0.075694716,-0.00722510636,0.270119086,0.23,0.0040664649,-0.00736874044,-0.346813379,-0.0221065545,-0.2,-0.0643440723,0.23
900,26815741,-0.430710584,0.161837921,0.677478969,-0.513311565,-0.209998503,-0.106366113,-0.031320814,-0.239261851,-3.12899947,-0.934077919,0.221803725,0.722005844,-0.0344568467,0.0129470336,0.104865536,-0.430990204,-0.0167998803,-0.00850928903,0.2,0.2,-0.23,-0.23,0.017744298,0.0577604675,-0.0344568467,-0.104865536,-0.0167998803,0.2,0.23,0.017744298,-0.0129470336,-0.430990204,-0.00850928903,-0.2,-0.0577604675,0.23
901,26853488,-0.402050108,0.298752636,0.627938688,-0.65758878,-0.270132601,0.017606074,-0.0454411767,-0.205720425,-3.14950895,-0.699977815,0.392472655,0.710871816,-0.0321640086,0.0239002109,0.0825724095,-0.495914951,-0.0216106081,0.00140848592,0.2,0.2,-0.23,-0.189995563,0.0313978124,0.0568697453,-0.0321640086,-0.0825724095,-0.0216106081,0.2,0.23,0.0313978124,-0.0239002109,-0.495914951,0.00140848592,-0.2,-0.0568697453,0.189995563
902,26858304,-0.465977073,0.473822623,0.594041705,-0.676920414,-0.254154831,0.139256626,0.0206060149,-0.145979598,-3.19824481,-0.526092052,0.50907439,0.765865922,-0.0372781658,0.0379058099,0.0673187673,-0.504614186,-0.0203323865,0.0111405301,0.209272707,0.2,-0.23,-0.15521841,0.0407259512,0.0612692738,-0.0372781658,-0.0673187673,-0.0203323865,0.209272707,0.23,0.0407259512,-0.0379058099,-0.504614186,0.0111405301,-0.2,-0.0612692738,0.15521841
903,26875169,-0.584215522,0.657032967,0.606155992,-0.712040246,-0.245629743,0.236924395,0.127148345,-0.15417634,-3.296983,-0.442372441,0.511752546,0.847250998,-0.0467372417,0.0525626373,0.0727701962,-0.52041811,-0.0196503794,0.0189539516,0.257216755,0.2,-0.23,-0.138474488,0.0409402037,0.0677800798,-0.0467372417,-0.0727701962,-0.0196503794,0.257216755,0.23,0.0409402037,-0.0525626373,-0.52041811,0.0189539516,-0.2,-0.0677800798,0.138474488
904,26906935,-0.721875846,0.782940447,0.631807745,-0.693010747,-0.222195923,0.32342428,0.263241708,-0.186324209,-3.39375401,-0.407147735,0.432519108,0.908339262,-0.0577500677,0.0626352358,0.084313485,-0.511854836,-0.0177756739,0.0258739424,0.318458769,0.2,-0.23,-0.131429547,0.0346015286,0.072667141,-0.0577500677,-0.084313485,-0.0177756739,0.318458769,0.23,0.0346015286,-0.0626352358,-0.511854836,0.0258739424,-0.2,-0.072667141,0.131429547
905,26917312,-0.834519207,0.846275091,0.667013407,-0.655526936,-0.207437128,0.420690566,0.339671999,-0.195116252,-3.44714689,-0.384075969,0.339352548,0.925576091,-0.0667615366,0.0677020073,0.100156033,-0.494987121,-0.0165949702,0.0336552453,0.3528524,0.2,-0.23,-0.126815194,0.0271482038,0.0740460873,-0.0667615366,-0.100156033,-0.0165949702,0.3528524,0.23,0.0271482038,-0.0677020073,-0.494987121,0.0336552453,-0.2,-0.0740460873,0.126815194
906,26935581,-0.904224217,0.86467129,0.690302908,-0.636905789,-0.19741334,0.513204992,0.374992579,-0.207697853,-3.46770239,-0.355666012,0.281204879,0.931774974,-0.0723379374,0.0691737032,0.110636309,-0.486607605,-0.0157930672,0.0410563993,0.368746661,0.2,-0.23,-0.121133202,0.0224963903,0.0745419979,-0.0723379374,-0.110636309,-0.0157930672,0.368746661,0.23,0.0224963903,-0.0691737032,-0.486607605,0.0410563993,-0.2,-0.0745419979,0.121133202
907,26961296,-0.93033576,0.863751352,0.729072154,-0.666392386,-0.179842904,0.595420241,0.356526911,-0.231284872,-3.49899936,-0.326588959,0.255752653,0.906643748,-0.0744268608,0.0691001081,0.128082469,-0.499876574,-0.0143874323,0.0476336193,0.36043711,0.2,-0.23,-0.115317792,0.0204602122,0.0725314999,-0.0744268608,-0.128082469,-0.0143874323,0.36043711,0.23,0.0204602122,-0.0691001081,-0.499876574,0.0476336193,-0.2,-0.0725314999,0.115317792
908,26976759,-0.940658748,0.893741548,0.769214332,-0.738526285,-0.175063118,0.658120155,0.328648865,-0.292076319,-3.5751164,-0.324314177,0.244705945,0.892487586,-0.0752526999,0.0714993238,0.146146449,-0.532336828,-0.0140050495,0.0526496124,0.347891989,0.2,-0.23,-0.114862835,0.0195764756,0.0713990068,-0.0752526999,-0.146146449,-0.0140050495,0.347891989,0.23,0.0195764756,-0.0714993238,-0.532336828,0.0526496124,-0.2,-0.0713990068,0.114862835
909,26998836,-0.946397245,0.969109774,0.83503294,-0.830164015,-0.160202444,0.721172154,0.278026223,-0.348571062,-3.68516874,-0.328213304,0.252957433,0.891003966,-0.0757117796,0.0775287819,0.175764823,-0.573573807,-0.0128161955,0.0576937723,0.3251118,0.2,-0.23,-0.115642661,0.0202365947,0.0712803173,-0.0757117796,-0.175764823,-0.0128161955,0.3251118,0.23,0.0202365947,-0.0775287819,-0.573573807,0.0576937723,-0.2,-0.0712803173,0.115642661
910,27016728,-0.959214926,1.08364737,0.918487489,-0.910279334,-0.112332739,0.78904736,0.206906468,-0.380583733,-3.82268047,-0.316003025,0.26609844,0.907450736,-0.0767371941,0.0866917896,0.2,-0.6,-0.00898661911,0.0631237888,0.29310791,0.2,-0.23,-0.113200605,0.0212878752,0.0725960588,-0.0767371941,-0.2,-0.00898661911,0.29310791,0.23,0.0212878752,-0.0866917896,-0.6,0.0631237888,-0.2,-0.0725960588,0.113200605
911,27036504,-0.972089589,1.22712076,0.999146044,-0.939456165,-0.025265187,0.866005421,0.121264651,-0.362592191,-3.95423555,-0.278623492,0.275534302,0.945057571,-0.0777671671,0.0981696606,0.2,-0.6,-0.00202121496,0.0692804337,0.254569093,0.2,-0.23,-0.105724698,0.0220427442,0.0756046057,-0.0777671671,-0.2,-0.00202121496,0.254569093,0.23,0.0220427442,-0.0981696606,-0.6,0.0692804337,-0.2,-0.0756046057,0.105724698
912,27061458,-0.974302769,1.3892777,1.07673454,-0.968141377,0.0748647898,0.960611403,0.0214804225,-0.337784708,-4.10051918,-0.233832017,0.279775679,0.983108163,-0.0779442215,0.111142216,0.2,-0.6,0.00598918319,0.0768489122,0.20966619,0.2,-0.23,-0.0967664033,0.0223820543,0.078648653,-0.0779442215,-0.2,0.00598918319,0.20966619,0.23,0.0223820543,-0.111142216,-0.6,0.0768489122,-0.2,-0.078648653,0.0967664033
913,27077739,-0.956708372,1.54220498,1.1292218,-0.954481065,0.169238716,1.05006742,-0.064990133,-0.292991459,-4.2482214,-0.168760777,0.278917789,1.02252436,-0.0765366697,0.12,0.2,-0.6,0.0135390973,0.084005394,0.2,0.2,-0.23,-0.0837521553,0.0223134232,0.08,-0.0765366697,-0.2,0.0135390973,0.2,0.23,0.0223134232,-0.12,-0.6,0.084005394,-0.2,-0.08,0.0837521553
914,27099730,-0.899107635,1.65938759,1.15158451,-0.923594296,0.239274159,1.13696265,-0.14532432,-0.239163399,-4.39688921,-0.0870467797,0.275626779,1.0432086,-0.0719286108,0.12,0.2,-0.6,0.0191419327,0.0909570122,0.2,0.2,-0.23,-0.0674093559,0.0220501423,0.08,-0.0719286108,-0.2,0.0191419327,0.2,0.23,0.0220501423,-0.12,-0.6,0.0909570122,-0.2,-0.08,0.0674093559
915,27116318,-0.832558274,1.68807375,1.14922702,-0.845785439,0.275443137,1.21981943,-0.174278572,-0.207390457,-4.55246353,0.0223806072,0.263490081,1.0562191,-0.0666046619,0.12,0.2,-0.580603448,0.0220354509,0.0975855541,0.2,0.2,-0.23,-0.0455238786,0.0210792065,0.08,-0.0666046619,-0.2,0.0220354509,0.2,0.23,0.0210792065,-0.12,-0.580603448,0.0975855541,-0.2,-0.08,0.0455238786
916,27156100,-0.795996547,1.62805665,1.15299797,-0.765761554,0.260016114,1.31961381,-0.153448209,-0.231977835,-4.71786118,0.139587611,0.23728323,1.04799414,-0.0636797237,0.12,0.2,-0.544592699,0.0208012891,0.105569105,0.2,0.2,-0.23,-0.0220824778,0.0189826584,0.08,-0.0636797237,-0.2,0.0208012891,0.2,0.23,0.0189826584,-0.12,-0.544592699,0.105569105,-0.2,-0.08,0.0220824778
917,27163581,-0.822634041,1.49446094,1.17802548,-0.655888736,0.187820017,1.40699124,-0.0754294768,-0.305346638,-4.89818573,0.251177967,0.188204974,1.03202987,-0.0658107233,0.119556875,0.2,-0.495149931,0.0150256014,0.112559299,0.2,0.2,-0.23,0.000235593319,0.0150563979,0.08,-0.0658107233,-0.2,0.0150256014,0.2,0.23,0.0150563979,-0.119556875,-0.495149931,0.112559299,-0.2,-0.08,-0.000235593319
918,27174434,-0.872331738,1.35882485,1.2217418,-0.579742312,0.0613484494,1.48398924,-0.0131913107,-0.40559876,-5.07782793,0.331181258,0.13459371,1.01163709,-0.0697865391,0.108705988,0.2,-0.460884041,0.00490787596,0.118719139,0.2,0.2,-0.23,0.0162362516,0.0107674968,0.08,-0.0697865391,-0.2,0.00490787596,0.2,0.23,0.0107674968,-0.108705988,-0.460884041,0.118719139,-0.2,-0.08,-0.0162362516
919,27212718,-0.872734427,1.26363981,1.26711643,-0.538771927,-0.0964863449,1.50750136,-0.00688479561,-0.455647826,-5.2321949,0.367194325,0.0931575596,1.00107706,-0.0698187542,0.101091185,0.2,-0.442447367,-0.00771890759,0.12,0.2,0.2,-0.23,0.0234388649,0.00745260477,0.08,-0.0698187542,-0.2,-0.00771890759,0.2,0.23,0.00745260477,-0.101091185,-0.442447367,0.12,-0.2,-0.08,-0.0234388649
920,27216371,-0.83569181,1.22705007,1.31370151,-0.543023467,-0.243076324,1.49883509,-0.0638776571,-0.475142419,-5.34998798,0.390360445,0.0708780214,1.00509512,-0.0668553448,0.0981640053,0.2,-0.44436056,-0.019446106,0.119906807,0.2,0.2,-0.23,0.028072089,0.00567024171,0.08,-0.0668553448,-0.2,-0.019446106,0.2,0.23,0.00567024171,-0.0981640053,-0.44436056,0.119906807,-0.2,-0.08,-0.028072089
921,27234617,-0.791541338,1.21431887,1.3418597,-0.556272328,-0.350523382,1.45142686,-0.150506139,-0.485362917,-5.42984104,0.403757334,0.0695300996,1.03731167,-0.063323307,0.0971455097,0.2,-0.450322548,-0.0280418706,0.116114149,0.2,0.2,-0.23,0.0307514668,0.00556240797,0.08,-0.063323307,-0.2,-0.0280418706,0.2,0.23,0.00556240797,-0.0971455097,-0.450322548,0.116114149,-0.2,-0.08,-0.0307514668
922,27259051,-0.766234756,1.21860981,1.35049081,-0.564132333,-0.42071709,1.39640975,-0.221657217,-0.489417762,-5.47580147,0.407008797,0.0800450221,1.09550941,-0.0612987804,0.0974887848,0.2,-0.45385955,-0.0336573672,0.11171278,0.2,0.2,-0.23,0.0314017594,0.00640360177,0.08,-0.0612987804,-0.2,-0.0336573672,0.2,0.23,0.00640360177,-0.0974887848,-0.45385955,0.11171278,-0.2,-0.08,-0.0314017594
923,27278243,-0.712557554,1.226228,1.3443718,-0.550646961,-0.460883439,1.31207061,-0.320482582,-0.438331515,-5.48311043,0.423784047,0.101755656,1.17426634,-0.0570046043,0.0980982399,0.2,-0.447791132,-0.0368706751,0.104965649,0.2,0.2,-0.23,0.0347568095,0.0081404525,0.08,-0.0570046043,-0.2,-0.0368706751,0.2,0.23,0.0081404525,-0.0980982399,-0.447791132,0.104965649,-0.2,-0.08,-0.0347568095
924,27295786,-0.607437193,1.19278443,1.30040574,-0.51809454,-0.47829181,1.21896136,-0.433185726,-0.319778711,-5.44876671,0.45669499,0.128626555,1.21542776,-0.0485949755,0.0954227543,0.2,-0.433142543,-0.0382633448,0.0975169086,0.2,0.2,-0.23,0.0413389981,0.0102901244,0.08,-0.0485949755,-0.2,-0.0382633448,0.2,0.23,0.0102901244,-0.0954227543,-0.433142543,0.0975169086,-0.2,-0.08,-0.0413389981
925,27317462,-0.443538576,1.0700469,1.2249248,-0.479822874,-0.493323088,1.13644147,-0.548490047,-0.172906473,-5.37110043,0.502420425,0.155501053,1.20692432,-0.0354830861,0.0856037521,0.2,-0.415920293,-0.039465847,0.0909153175,0.2,0.2,-0.23,0.0504840851,0.0124400842,0.08,-0.0354830861,-0.2,-0.039465847,0.2,0.23,0.0124400842,-0.0856037521,-0.415920293,0.0909153175,-0.2,-0.08,-0.0504840851
926,27340800,-0.241175696,0.835297287,1.11887157,-0.419400036,-0.509491682,1.05657423,-0.638307989,-0.0153234629,-5.24376583,0.562162578,0.167276666,1.14076316,-0.0192940557,0.0668237829,0.2,-0.388730016,-0.0407593346,0.084525938,0.2,0.2,-0.23,0.0624325156,0.0133821332,0.08,-0.0192940557,-0.2,-0.0407593346,0.2,0.23,0.0133821332,-0.0668237829,-0.388730016,0.084525938,-0.2,-0.08,-0.0624325156
927,27359523,0.0392872132,0.482091874,0.970753193,-0.350711584,-0.547357857,0.938569069,-0.751122832,0.176116124,-5.07222795,0.600373805,0.177990511,1.02051735,0.00314297706,0.0385673499,0.2,-0.357820213,-0.0437886286,0.0750855255,0.2,0.279252256,-0.23,0.0700747609,0.0142392409,0.08,0.00314297706,-0.2,-0.0437886286,0.2,0.23,0.0142392409,-0.0385673499,-0.357820213,0.0750855255,-0.279252256,-0.08,-0.0700747609
928,27375269,0.370466292,0.0321065858,0.76254195,-0.260367185,-0.598008573,0.839503586,-0.883029342,0.411821306,-4.86338997,0.599174142,0.190660581,0.834409833,0.0296373034,0.00256852686,0.143143877,-0.317165233,-0.0478406858,0.0671602869,0.2,0.385319588,-0.23,0.0698348284,0.0152528465,0.0667527866,0.0296373034,-0.143143877,-0.0478406858,0.2,0.23,0.0152528465,-0.00256852686,-0.317165233,0.0671602869,-0.385319588,-0.0667527866,-0.0698348284
929,27413255,0.724898279,-0.491046101,0.486975759,-0.155178383,-0.621361971,0.804158032,-1.04040313,0.692195833,-4.69824457,0.552842677,0.238879532,0.626696467,0.0579918623,-0.0392836881,0.0191390917,-0.269830272,-0.0497089577,0.0643326426,0.2,0.511488125,-0.23,0.0605685353,0.0191103625,0.0501357174,0.0579918623,-0.0191390917,-0.0497089577,0.2,0.23,0.0191103625,0.0392836881,-0.269830272,0.0643326426,-0.511488125,-0.0501357174,-0.0605685353
930,27420135,1.07764387,-1.05450976,0.115186244,-0.0175339151,-0.598192394,0.771678209,-1.22573221,0.943152964,-4.69160795,0.388277799,0.311425954,0.498352617,0.0862115097,-0.0843607807,-0.14816619,-0.207890262,-0.0478553915,0.0617342567,0.2,0.624418834,-0.23,0.0276555598,0.0249140763,0.0398682094,0.0862115097,0.14816619,-0.0478553915,0.2,0.23,0.0249140763,0.0843607807,-0.207890262,0.0617342567,-0.624418834,-0.0398682094,-0.0276555598
931,27436270,1.33137071,-1.45217669,-0.270774841,0.0758683458,-0.523872852,0.723067582,-1.38788331,1.10035813,-4.92027807,-0.004341566,0.431640893,0.424716502,0.106509657,-0.116174135,-0.321848679,-0.165859244,-0.0419098282,0.0578454065,0.2,0.695161158,-0.23,-0.0508683132,0.0345312715,0.0339773202,0.106509657,0.321848679,-0.0419098282,0.2,0.23,0.0345312715,0.116174135,-0.165859244,0.0578454065,-0.65,-0.0339773202,0.0508683132
932,27467884,1.45429063,-1.57708395,-0.594062805,0.228702351,-0.498453945,0.502160728,-1.31505775,1.00583935,-5.36331511,-0.53887254,0.590390801,0.506988287,0.11634325,-0.12,-0.467328262,-0.0970839418,-0.0398763156,0.0401728582,0.2,0.652627707,-0.23,-0.157774508,0.0472312641,0.040559063,0.11634325,0.467328262,-0.0398763156,0.2,0.23,0.0472312641,0.12,-0.0970839418,0.0401728582,-0.65,-0.040559063,0.157774508
933,27474666,1.41150498,-1.59624815,-0.930394232,0.412791222,-0.486844987,0.0167660695,-1.01681149,0.586078465,-5.7725873,-0.966895461,0.711423516,0.788854718,0.112920399,-0.12,-0.6,-0.0142439499,-0.0389475989,0.00134128556,0.2,0.463735309,-0.23,-0.23,0.0569138813,0.0631083775,0.112920399,0.6,-0.0389475989,0.2,0.23,0.0569138813,0.12,-0.0142439499,0.00134128556,-0.463735309,-0.0631083775,0.23
934,27497434,1.09862816,-1.54085052,-1.31470525,0.581037402,-0.329711467,-0.675029635,-0.729750752,0.208459631,-5.95887184,-1.16298807,0.734744966,1.15701616,0.0878902531,-0.12,-0.6,0.061466831,-0.0263769174,-0.0540023708,0.2,0.293806834,-0.23,-0.23,0.0587795973,0.08,0.0878902531,0.6,-0.0263769174,0.2,0.23,0.0587795973,0.12,0.061466831,-0.0540023708,-0.293806834,-0.08,0.23
935,27520639,0.294084221,-1.46754336,-1.61467946,0.696844578,-0.107055202,-1.452564,-0.0966963693,-0.461260766,-5.78669834,-1.15531325,0.668722689,1.49118364,0.0235267377,-0.117403469,-0.6,0.11358006,-0.00856441617,-0.11620512,0.2,0.2,-0.23,-0.23,0.0534978151,0.08,0.0235267377,0.6,-0.00856441617,0.2,0.23,0.0534978151,0.117403469,0.11358006,-0.11620512,-0.2,-0.08,0.23
936,27537458,-0.900771499,-1.41216075,-1.73765397,0.600389779,0.00463890005,-2.24765825,0.596584678,-1.31907153,-5.12716389,-0.991049051,0.433283985,1.6138196,-0.0720617199,-0.11297286,-0.6,0.0701754004,0.000371112004,-0.12,0.468463105,0.2,-0.23,-0.23,0.0346627188,0.08,-0.0720617199,0.6,0.000371112004,0.468463105,0.23,0.0346627188,0.11297286,0.0701754004,-0.12,-0.2,-0.08,0.23
937,27569361,-1.78494966,-1.39614797,-1.70091152,0.38699311,0.0312932841,-3.14841986,1.09235978,-2.0047574,-4.10331202,-0.764607191,0.22148937,1.46513903,-0.12,-0.111691837,-0.6,-0.0258531004,0.00250346273,-0.12,0.691561902,0.2,-0.23,-0.202921438,0.0177191496,0.08,-0.12,0.6,0.00250346273,0.65,0.23,0.0177191496,0.111691837,-0.0258531004,-0.12,-0.2,-0.08,0.202921438
938,27574182,-2.09151864,-1.38372171,-1.44381058,0.331232369,0.0826041698,-3.72910357,1.13001323,-2.20379686,-3.19893479,-0.49689731,0.0621574856,1.0052948,-0.12,-0.110697737,-0.6,-0.050945434,0.00660833359,-0.12,0.708505952,0.2,-0.23,-0.149379462,0.00497259885,0.08,-0.12,0.6,0.00660833359,0.65,0.23,0.00497259885,0.110697737,-0.050945434,-0.12,-0.2,-0.08,0.149379462
939,27597456,-1.81711614,-1.42667532,-1.0543133,0.198607862,0.104591399,-3.87594843,1.11168909,-2.16656017,-2.3999095,-0.309852183,-0.0534176193,0.422798276,-0.12,-0.114134026,-0.6,-0.110626462,0.00836731195,-0.12,0.700260091,0.2,-0.23,-0.111970437,-0.00427340955,0.0338238621,-0.12,0.6,0.00836731195,0.65,0.23,-0.00427340955,0.114134026,-0.110626462,-0.12,-0.2,-0.0338238621,0.111970437
940,27619958,-1.30746543,-1.4744662,-0.615025222,0.196560562,0.0652192906,-3.70988679,1.08067524,-2.03516579,-1.64403915,-0.20611167,-0.113360718,0.111702219,-0.104597235,-0.117957296,-0.47676135,-0.111547747,0.00521754324,-0.12,0.68630386,0.2,-0.23,-0.0912223339,-0.00906885743,0.00893617749,-0.104597235,0.47676135,0.00521754324,0.65,0.23,-0.00906885743,0.117957296,-0.111547747,-0.12,-0.2,-0.00893617749,0.0912223339
941,27635717,-0.756688297,-1.31926763,-0.106430888,0.188151598,0.00137197389,-3.33375049,0.974687636,-1.70202971,-1.22169709,-0.332503051,-0.147057429,-0.221302211,-0.0605350637,-0.10554141,-0.2478939,-0.115331781,0.000109757911,-0.12,0.638609436,0.2,-0.23,-0.11650061,-0.0117645943,-0.0177041769,-0.0605350637,0.2478939,0.000109757911,0.638609436,0.23,-0.0117645943,0.10554141,-0.115331781,-0.12,-0.2,0.0177041769,0.11650061
942,27656997,-0.14198117,-1.15119398,0.232839972,0.318986356,-0.0536899939,-2.73502851,0.707633078,-1.18979084,-0.989086866,-0.567201793,-0.204439789,-0.494235575,-0.0113584936,-0.0920955181,-0.0952220127,-0.0564561397,-0.00429519951,-0.12,0.518434885,0.2,-0.23,-0.163440359,-0.0163551831,-0.039538846,-0.0113584936,0.0952220127,-0.00429519951,0.518434885,0.23,-0.0163551831,0.0920955181,-0.0564561397,-0.12,-0.2,0.039538846,0.163440359
943,27676702,0.400031745,-0.919601202,0.385082573,0.301070362,0.00375039154,-2.02489996,0.380771846,-0.574200332,-0.876260936,-0.849049211,-0.140364915,-0.590459883,0.0320025396,-0.0735680962,-0.0267128423,-0.064518337,0.000300031323,-0.12,0.371347331,0.2,-0.225252187,-0.219809842,-0.0112291932,-0.0472367907,0.0320025396,0.0267128423,0.000300031323,0.371347331,0.225252187,-0.0112291932,0.0735680962,-0.064518337,-0.12,-0.2,0.0472367907,0.219809842
944,27703599,0.733718455,-0.550857842,0.409319103,0.06316486,0.236239433,-1.34408355,0.012455021,-0.00832886063,-0.695780873,-1.34701955,-0.0046424251,-0.326355726,0.0586974764,-0.0440686274,-0.0158064038,-0.171575813,0.0188991547,-0.107526684,0.205604759,0.2,-0.189156175,-0.23,-0.000371394008,-0.026108458,0.0586974764,0.0158064038,0.0188991547,0.205604759,0.189156175,-0.000371394008,0.0440686274,-0.171575813,-0.107526684,-0.2,0.026108458,0.23
945,27717711,1.01974189,-0.0923216343,0.265007168,-0.0683267042,0.412653118,-0.84756732,-0.466119319,0.464150995,-0.521870792,-1.77521789,0.232725963,0.00915516075,0.0815793514,-0.00738573074,-0.0807467744,-0.230747017,0.0330122495,-0.0678053856,0.2,0.408867948,-0.154374158,-0.23,0.018618077,0.00073241286,0.0815793514,0.0807467744,0.0330122495,0.2,0.154374158,0.018618077,0.00738573074,-0.230747017,-0.0678053856,-0.408867948,-0.00073241286,0.23
946,27735408,1.33892858,0.193543807,0.0747268274,-0.270128846,0.528472662,-0.534757316,-0.786333859,0.763568282,-0.717209578,-1.67354083,0.472390383,0.0165370293,0.107114286,0.0154835045,-0.166372928,-0.321557981,0.042277813,-0.0427805853,0.2,0.543605727,-0.193441916,-0.23,0.0377912307,0.00132296234,0.107114286,0.166372928,0.042277813,0.2,0.193441916,0.0377912307,-0.0154835045,-0.321557981,-0.0427805853,-0.543605727,-0.00132296234,0.23
947,27777274,1.45432496,0.325512916,-0.179064721,-0.0582605191,0.691661239,-0.300880313,-0.995925784,0.8084566,-0.9169451,-1.47345161,0.619755685,-0.109873079,0.116345997,0.0260410333,-0.280579124,-0.226217234,0.0553328991,-0.024070425,0.2,0.56380547,-0.23,-0.23,0.0495804548,-0.0087898463,0.116345997,0.280579124,0.0553328991,0.2,0.23,0.0495804548,-0.0260410333,-0.226217234,-0.024070425,-0.56380547,0.0087898463,0.23
948,27789047,1.35426688,0.256239682,-0.27627632,0.1872264,0.841106713,-0.0752746463,-1.03426695,0.59107548,-1.23437595,-1.29276526,0.588694274,-0.147171959,0.108341351,0.0204991746,-0.324324344,-0.11574812,0.067288537,-0.0060219717,0.2,0.465983966,-0.23,-0.23,0.047095542,-0.0117737567,0.108341351,0.324324344,0.067288537,0.2,0.23,0.047095542,-0.0204991746,-0.11574812,-0.0060219717,-0.465983966,0.0117737567,0.23
949,27800179,1.019171,-0.0285816398,-0.255034983,0.368399978,0.911101878,0.177119449,-0.687811852,0.267437994,-1.58466697,-1.07890451,0.352968872,-0.0886157006,0.08153368,-0.00228653118,-0.314765742,-0.03422001,0.0728881502,0.0141695559,0.2,0.320347098,-0.23,-0.23,0.0282375097,-0.00708925605,0.08153368,0.314765742,0.0728881502,0.2,0.23,0.0282375097,0.00228653118,-0.03422001,0.0141695559,-0.320347098,0.00708925605,0.23
950,27820435,0.267699808,-0.33996442,-0.345609128,0.458636999,0.833006799,0.299892455,0.0868242234,-0.277986288,-1.61833072,-1.02503848,0.0955897272,0.166933596,0.0214159846,-0.0271971536,-0.355524108,0.00638664961,0.0666405439,0.0239913964,0.239070901,0.2,-0.23,-0.23,0.00764717817,0.0133546877,0.0214159846,0.355524108,0.0666405439,0.239070901,0.23,0.00764717817,0.0271971536,0.00638664961,0.0239913964,-0.2,-0.0133546877,0.23
951,27837735,-0.297020167,-0.641659319,-0.407061696,0.0528149381,0.552912295,0.00537555618,0.632278562,-0.609663665,-1.21953046,-1.34150958,0.0683644563,0.180810943,-0.0237616134,-0.0513327456,-0.383177763,-0.176233278,0.0442329836,0.000430044495,0.484525353,0.2,-0.23,-0.23,0.0054691565,0.0144648755,-0.0237616134,0.383177763,0.0442329836,0.484525353,0.23,0.0054691565,0.0513327456,-0.176233278,0.000430044495,-0.2,-0.0144648755,0.23
952,27856622,-0.500938177,-0.957721591,-0.210407004,-0.226893857,0.259975135,-0.283442646,0.68884933,-0.91115737,-1.05038786,-1.60950851,-0.0867736787,-0.153103486,-0.0400750542,-0.0766177273,-0.294683152,-0.302102236,0.0207980108,-0.0226754117,0.509982198,0.2,-0.23,-0.23,-0.00694189429,-0.0122482789,-0.0400750542,0.294683152,0.0207980108,0.509982198,0.23,-0.00694189429,0.0766177273,-0.302102236,-0.0226754117,-0.2,0.0122482789,0.23
953,27877799,-0.318691611,-1.23406291,0.181327522,-0.295642316,0.0675355643,-0.272384346,0.71062839,-1.05662084,-1.10959816,-1.60763538,-0.310700685,-0.443555653,-0.0254953289,-0.0987250328,-0.118402615,-0.333039042,0.00540284514,-0.0217907476,0.519782776,0.2,-0.23,-0.23,-0.0248560548,-0.0354844522,-0.0254953289,0.118402615,0.00540284514,0.519782776,0.23,-0.0248560548,0.0987250328,-0.333039042,-0.0217907476,-0.2,0.0354844522,0.23
954,27897565,-0.0219461247,-1.20750952,0.533756614,-0.321055233,0.0054824017,-0.263462037,0.598576963,-0.976252317,-1.23762739,-1.44420648,-0.443374306,-0.462138146,-0.00175568998,-0.0966007614,0.0401904762,-0.344474855,0.000438592136,-0.0210769629,0.469359633,0.2,-0.23,-0.23,-0.0354699445,-0.0369710517,-0.00175568998,-0.0401904762,0.000438592136,0.469359633,0.23,-0.0354699445,0.0966007614,-0.344474855,-0.0210769629,-0.2,0.0369710517,0.23
955,27917313,0.254405886,-0.842473209,0.783680022,-0.38016209,0.0627204478,-0.137183174,-0.0287503842,-0.668120503,-1.68940043,-1.17657602,-0.380105019,-0.317835838,0.0203524709,-0.0673978567,0.15265601,-0.371072941,0.00501763582,-0.010974654,0.2,0.2,-0.23,-0.23,-0.0304084015,-0.025426867,0.0203524709,-0.15265601,0.00501763582,0.2,0.23,-0.0304084015,0.0673978567,-0.371072941,-0.010974654,-0.2,0.025426867,0.23
956,27936876,0.383114934,-0.337929696,0.933451474,-0.544396579,0.178499833,0.071883671,-0.642767251,-0.18403472,-2.00342369,-0.702595115,0.00513754832,-0.0474804007,0.0306491947,-0.0270343757,0.2,-0.444978461,0.0142799866,0.00575069368,0.2,0.2,-0.23,-0.190519023,0.000411003865,-0.00379843205,0.0306491947,-0.2,0.0142799866,0.2,0.23,0.000411003865,0.0270343757,-0.444978461,0.00575069368,-0.2,0.00379843205,0.190519023
957,27963804,0.668952346,0.0705640838,0.541595101,-0.599345863,0.363903135,0.157240987,-1.0570327,0.329250842,-1.9158411,-0.212816507,0.661286116,0.134882227,0.0535161877,0.0056451267,0.0437177956,-0.469705638,0.0291122508,0.0125792789,0.2,0.348162879,-0.23,-0.0925633013,0.0529028893,0.0107905781,0.0535161877,-0.0437177956,0.0291122508,0.2,0.23,0.0529028893,-0.0056451267,-0.469705638,0.0125792789,-0.348162879,-0.0107905781,0.0925633013
958,27976527,0.972421885,0.189784795,0.168220133,-0.483422458,0.634720087,0.215619773,-1.24241841,0.561890364,-1.81767488,0.0102127502,1.03024793,0.218986645,0.0777937508,0.0151827836,-0.12430094,-0.417540106,0.050777607,0.0172495818,0.2,0.452850664,-0.23,-0.04795745,0.08,0.0175189316,0.0777937508,0.12430094,0.050777607,0.2,0.23,0.08,-0.0151827836,-0.417540106,0.0172495818,-0.452850664,-0.0175189316,0.04795745
959,28004370,1.02770722,0.0994112566,0.152156308,-0.232952759,0.83263731,0.319261968,-1.07869351,0.502509475,-1.81896186,0.0859191343,0.969052076,0.377934694,0.0822165775,0.00795290053,-0.131529661,-0.304828741,0.0666109848,0.0255409575,0.2,0.426129264,-0.23,-0.0328161731,0.0775241661,0.0302347755,0.0822165775,0.131529661,0.0666109848,0.2,0.23,0.0775241661,-0.00795290053,-0.304828741,0.0255409575,-0.426129264,-0.0302347755,0.0328161731
960,28018801,0.645650089,-0.252798706,0.203737602,0.00962312613,0.841611564,0.567602515,-0.516467988,0.244354829,-1.89414394,0.280293137,0.729885757,0.606086552,0.0516520071,-0.0202238965,-0.108318079,-0.195669593,0.0673289251,0.0454082012,0.2,0.309959673,-0.23,0.00605862737,0.0583908606,0.0484869242,0.0516520071,0.108318079,0.0673289251,0.2,0.23,0.0583908606,0.0202238965,-0.195669593,0.0454082012,-0.309959673,-0.0484869242,-0.00605862737
961,28036043,-0.220359832,-0.547804713,0.17701894,-0.106446169,0.548038363,0.703909576,0.357765317,-0.354114234,-1.9715656,0.0877397507,0.331755579,0.846884012,-0.0176287866,-0.0438243771,-0.120341477,-0.247900776,0.0438430691,0.0563127661,0.360994393,0.2,-0.23,-0.0324520499,0.0265404463,0.067750721,-0.0176287866,0.120341477,0.0438430691,0.360994393,0.23,0.0265404463,0.0438243771,-0.247900776,0.0563127661,-0.2,-0.067750721,0.0324520499
962,28056441,-0.743716478,-0.359461337,0.216357335,-0.478309989,0.156738192,0.407086641,0.769583106,-0.632474422,-2.07159066,-0.521392822,0.130697623,1.07894635,-0.0594973183,-0.028756907,-0.102639199,-0.415239495,0.0125390553,0.0325669312,0.546312398,0.2,-0.23,-0.154278564,0.0104558098,0.08,-0.0594973183,0.102639199,0.0125390553,0.546312398,0.23,0.0104558098,0.028756907,-0.415239495,0.0325669312,-0.2,-0.08,0.154278564
963,28078470,-1.05424309,0.052838169,0.328333229,-0.577208281,0.0739274025,0.082261458,0.714014769,-0.67862469,-2.23007178,-0.739624679,-0.000515290769,1.13791239,-0.084339447,0.00422705352,-0.052250047,-0.459743726,0.0059141922,0.00658091664,0.521306646,0.2,-0.23,-0.197924936,-4.12232615e-05,0.08,-0.084339447,0.052250047,0.0059141922,0.521306646,0.23,-4.12232615e-05,-0.00422705352,-0.459743726,0.00658091664,-0.2,-0.08,0.197924936
964,28103283,-1.21960449,0.408968449,0.503354013,-0.480068535,0.0631993935,-0.00523870857,0.599012434,-0.604292572,-2.3387115,-0.658676624,-0.0115546649,1.06264281,-0.0975683594,0.0327174759,0.0265093058,-0.416030841,0.00505595148,-0.000419096686,0.469555596,0.2,-0.23,-0.181735325,-0.000924373195,0.08,-0.0975683594,-0.0265093058,0.00505595148,0.469555596,0.23,-0.000924373195,-0.0327174759,-0.416030841,-0.000419096686,-0.2,-0.08,0.181735325
965,28116497,-1.21172154,0.642101407,0.667043567,-0.466995358,0.0741775185,0.104595251,0.370303065,-0.505765378,-2.4863925,-0.493612021,0.0970500112,1.0355587,-0.0969377232,0.0513681126,0.100169605,-0.410147911,0.00593420148,0.00836762011,0.366636379,0.2,-0.23,-0.148722404,0.00776400089,0.08,-0.0969377232,-0.100169605,0.00593420148,0.366636379,0.23,0.00776400089,-0.0513681126,-0.410147911,0.00836762011,-0.2,-0.08,0.148722404
966,28138318,-1.01109469,0.819677114,0.773247004,-0.675361156,0.00781849306,0.192602202,0.0962639377,-0.459978193,-2.64241195,-0.366769195,0.279072255,1.00165999,-0.0808875751,0.0655741692,0.147961152,-0.50391252,0.000625479445,0.0154081762,0.243318772,0.2,-0.23,-0.123353839,0.0223257804,0.08,-0.0808875751,-0.147961152,0.000625479445,0.243318772,0.23,0.0223257804,-0.0655741692,-0.50391252,0.0154081762,-0.2,-0.08,0.123353839
967,28161611,-0.701861978,0.875493944,0.768944681,-0.853051722,-0.0422638766,0.24749729,-0.214475334,-0.255643129,-2.82502484,-0.159741729,0.449319988,0.806172609,-0.0561489582,0.0700395155,0.146025106,-0.583873275,-0.00338111013,0.0197997832,0.2,0.2,-0.23,-0.0819483459,0.0359455991,0.0644938087,-0.0561489582,-0.146025106,-0.00338111013,0.2,0.23,0.0359455991,-0.0700395155,-0.583873275,0.0197997832,-0.2,-0.0644938087,0.0819483459
968,28177966,-0.281218112,0.938121498,0.645309925,-0.960001588,0.047273159,0.286575645,-0.534020245,0.170354798,-2.84086514,0.0833007321,0.63600421,0.606984198,-0.0224974489,0.0750497198,0.0903894663,-0.6,0.00378185272,0.0229260516,0.2,0.276659659,-0.23,-0.0333398536,0.0508803368,0.0485587358,-0.0224974489,-0.0903894663,0.00378185272,0.2,0.23,0.0508803368,-0.0750497198,-0.6,0.0229260516,-0.276659659,-0.0485587358,0.0333398536
969,28196715,0.191597864,0.887670577,0.495834261,-0.94477576,0.321072847,0.382032454,-0.760240555,0.484701008,-2.71275425,0.214392543,0.699859798,0.447742164,0.0153278291,0.0710136461,0.0231254175,-0.6,0.0256858277,0.0305625963,0.2,0.418115453,-0.23,-0.00712149143,0.0559887838,0.0358193731,0.0153278291,-0.0231254175,0.0256858277,0.2,0.23,0.0559887838,-0.0710136461,-0.6,0.0305625963,-0.418115453,-0.0358193731,0.00712149143
970,28217957,0.624524474,0.730428517,0.394750357,-0.839539826,0.569081426,0.485517442,-0.914198875,0.62743336,-2.59780812,0.288389862,0.664081454,0.349612445,0.0499619579,0.0584342813,-0.0223623395,-0.577792922,0.0455265141,0.0388413954,0.2,0.482345012,-0.23,0.00767797232,0.0531265163,0.0279689956,0.0499619579,0.0223623395,0.0455265141,0.2,0.23,0.0531265163,-0.0584342813,-0.577792922,0.0388413954,-0.482345012,-0.0279689956,-0.00767797232
971,28236774,0.871032596,0.477038324,0.366580486,-0.656095564,0.678395987,0.591326475,-0.833984554,0.664537251,-2.54977584,0.336233556,0.5624789,0.385000646,0.0696826077,0.0381630659,-0.0350387812,-0.495243004,0.0542716789,0.047306118,0.2,0.499041763,-0.23,0.0172467113,0.044998312,0.0308000517,0.0696826077,0.0350387812,0.0542716789,0.2,0.23,0.044998312,-0.0381630659,-0.495243004,0.047306118,-0.499041763,-0.0308000517,-0.0172467113
972,28264479,0.842976451,0.132831752,0.259687126,-0.444886684,0.599484146,0.678935409,-0.497180521,0.587730348,-2.69389677,0.233850226,0.450089872,0.696988046,0.0674381161,0.0106265402,-0.0831407934,-0.400199008,0.0479587317,0.0543148327,0.2,0.464478657,-0.23,-0.00322995484,0.0360071898,0.0557590437,0.0674381161,0.0831407934,0.0479587317,0.2,0.23,0.0360071898,-0.0106265402,-0.400199008,0.0543148327,-0.464478657,-0.0557590437,0.00322995484
973,28275679,0.303727269,-0.172076687,0.0794462785,-0.414732605,0.360410869,0.666862965,0.119127683,0.217980251,-2.94582057,-0.0954847336,0.222247824,1.14111519,0.0242981815,-0.013766135,-0.164249175,-0.386629672,0.0288328695,0.0533490372,0.253607458,0.298091113,-0.23,-0.0690969467,0.0177798259,0.08,0.0242981815,0.164249175,0.0288328695,0.253607458,0.23,0.0177798259,0.013766135,-0.386629672,0.0533490372,-0.298091113,-0.08,0.0690969467
974,28299405,-0.392586529,-0.198946267,-0.0179344565,-0.699523866,0.0619505309,0.404054165,0.76453346,-0.426091552,-3.09488511,-0.656054795,0.0134252701,1.49210691,-0.0314069223,-0.0159157014,-0.208070505,-0.51478574,0.00495604247,0.0323243332,0.544040057,0.2,-0.23,-0.181210959,0.00107402161,0.08,-0.0314069223,0.208070505,0.00495604247,0.544040057,0.23,0.00107402161,0.0159157014,-0.51478574,0.0323243332,-0.2,-0.08,0.181210959
975,28319556,-0.830135584,0.299797118,0.100361466,-0.969179988,-0.1305691,-0.0479481407,0.890820503,-0.793563902,-3.06905103,-1.01519442,-0.0149495788,1.84858537,-0.0664108467,0.0239837694,-0.15483734,-0.6,-0.010445528,-0.00383585125,0.600869226,0.2,-0.23,-0.23,-0.0011959663,0.08,-0.0664108467,0.15483734,-0.010445528,0.600869226,0.23,-0.0011959663,-0.0239837694,-0.6,-0.00383585125,-0.2,-0.08,0.23
976,28336315,-1.24609852,0.970517993,0.528340816,-0.882653296,-0.225333303,-0.370140076,0.752673507,-0.920434892,-3.05043936,-0.99943012,0.0242533181,2.02600026,-0.0996878815,0.0776414394,0.0377533674,-0.597193983,-0.0180266643,-0.0296112061,0.538703078,0.2,-0.23,-0.23,0.00194026545,0.08,-0.0996878815,-0.0377533674,-0.0180266643,0.538703078,0.23,0.00194026545,-0.0776414394,-0.597193983,-0.0296112061,-0.2,-0.08,0.23
977,28373612,-1.87373078,0.671646237,-2.04465055,0.19941631,-0.167574584,-0.894360423,1.63955867,-2.40035939,-2.93137097,-1.8004514,-0.0753004253,2.54585981,-0.12,0.053731699,-0.6,-0.110262661,-0.0134059668,-0.0715488338,0.937801403,0.2,-0.23,-0.23,-0.00602403402,0.08,-0.12,0.6,-0.0134059668,0.65,0.23,-0.00602403402,-0.053731699,-0.110262661,-0.0715488338,-0.2,-0.08,0.23
978,28380863,-3.64613414,1.84869969,-3.12400293,1.43165946,-0.155393481,-0.799885631,1.6854043,-3.71924949,-1.0525856,-2.17310834,-0.56377095,3.4833703,-0.12,0.12,-0.6,0.2,-0.0124314785,-0.0639908504,0.958431935,0.2,-0.23,-0.23,-0.045101676,0.08,-0.12,0.6,-0.0124314785,0.65,0.23,-0.045101676,-0.12,0.2,-0.0639908504,-0.2,-0.08,0.23
979,28399591,-6.41117048,2.48208618,-3.24009776,2.33826828,0.0864717215,0.138383701,2.06338668,-4.3919301,2.22801018,-2.53511953,-0.59368217,4.83960772,-0.12,0.12,-0.6,0.2,0.00691773772,0.0110706961,1.05,0.2,0.13,-0.23,-0.0474945736,0.08,-0.12,0.6,0.00691773772,0.65,-0.13,-0.0474945736,-0.12,0.2,0.0110706961,-0.2,-0.08,0.23
980,28436201,-7.27330446,3.02051973,-2.84790516,3.05176783,-0.467842251,1.62148941,1.99683261,-2.86539602,6.20631409,-3.04141235,-0.397459775,5.20949459,-0.12,0.12,-0.6,0.2,-0.0374273801,0.12,1.05,0.2,0.13,-0.23,-0.031796782,0.08,-0.12,0.6,-0.0374273801,0.65,-0.13,-0.031796782,-0.12,0.2,0.12,-0.2,-0.08,0.23
981,28444907,-3.54909754,3.39617038,-1.46941924,3.32172275,-0.93835187,3.19723964,1.71546435,-0.0755783916,11.3325949,-4.67028761,0.283324629,3.42503977,-0.12,0.12,-0.6,0.2,-0.0750681496,0.12,0.971958959,0.2,0.13,-0.23,0.0226659703,0.08,-0.12,0.6,-0.0750681496,0.65,-0.13,0.0226659703,-0.12,0.2,0.12,-0.2,-0.08,0.23
982,28461566,-0.965911925,3.53900957,-0.947650433,3.6445682,-0.910027146,4.1222415,2.32845569,0.32623136,15.8486118,-5.60794306,0.230497494,1.8200345,-0.077272954,0.12,-0.6,0.2,-0.0728021717,0.12,1.05,0.346804112,0.13,-0.23,0.0184397995,0.08,-0.077272954,0.6,-0.0728021717,0.65,-0.13,0.0184397995,-0.12,0.2,0.12,-0.346804112,-0.08,0.23
983,28479411,0.424636245,4.17994595,-0.621084511,4.14595222,-0.772341728,5.14143801,2.80925298,0.285853475,19.7887745,-6.20823145,-0.168543085,0.786835194,0.0339708996,0.12,-0.47948803,0.2,-0.0617873383,0.12,1.05,0.328634064,0.13,-0.23,-0.0134834468,0.0629468155,0.0339708996,0.47948803,-0.0617873383,0.65,-0.13,-0.0134834468,-0.12,0.2,0.12,-0.328634064,-0.0629468155,0.23
984,28500565,1.43384385,5.0602932,-0.197065309,4.52856112,-0.448694259,5.64164448,3.14689255,0.504694939,23.5601463,-6.69129276,-0.839165568,0.104483925,0.114707508,0.12,-0.288679389,0.2,-0.0358955407,0.12,1.05,0.427112722,0.13,-0.23,-0.0671332455,0.00835871398,0.114707508,0.288679389,-0.0358955407,0.65,-0.13,-0.0671332455,-0.12,0.2,0.12,-0.427112722,-0.00835871398,0.23
985,28520173,2.64167404,6.03103209,0.114428446,4.64355183,-0.550080121,5.79259014,3.38743639,0.885800898,27.4990025,-7.25485945,-1.57938004,-0.318863094,0.12,0.12,-0.148507199,0.2,-0.0440064096,0.12,1.05,0.598610404,0.13,-0.23,-0.08,-0.0255090475,0.12,0.148507199,-0.0440064096,0.65,-0.13,-0.08,-0.12,0.2,0.12,-0.598610404,0.0255090475,0.23
986,28541712,4.03805065,6.51361179,0.352735639,4.59356451,-0.873238683,5.87932062,3.47632122,1.267946,31.150732,-8.00622368,-2.40230441,-0.775958836,0.12,0.12,-0.0412689626,0.2,-0.0698590946,0.12,1.05,0.770575702,0.13,-0.23,-0.08,-0.0620767069,0.12,0.0412689626,-0.0698590946,0.65,-0.13,-0.08,-0.12,0.2,0.12,-0.65,0.0620767069,0.23
987,28559904,5.33905697,6.6987834,0.693963706,4.57306242,-1.14834929,5.97960281,3.63117051,1.6408236,34.8391533,-8.67206478,-3.15322447,-1.2374059,0.12,0.12,0.112283668,0.2,-0.0918679428,0.12,1.05,0.938370621,0.13,-0.23,-0.08,-0.08,0.12,-0.112283668,-0.0918679428,0.65,-0.13,-0.08,-0.12,0.2,0.12,-0.65,0.08,0.23
988,28581656,6.62112236,6.93883228,1.14160478,4.52446556,-1.40696704,6.07186031,3.84700418,2.06529903,38.6326637,-9.18052197,-3.88449335,-1.71957326,0.12,0.12,0.2,0.2,-0.112557364,0.12,1.05,1.05,0.13,-0.23,-0.08,-0.08,0.12,-0.2,-0.112557364,0.65,-0.13,-0.08,-0.12,0.2,0.12,-0.65,0.08,0.23
989,28601170,7.88798666,7.39544344,1.58380985,4.44987249,-1.64695191,6.12371397,4.17183924,2.43355274,42.6121979,-9.57480526,-4.5952363,-2.17828918,0.12,0.12,0.2,0.2,-0.12,0.12,1.05,1.05,0.13,-0.23,-0.08,-0.08,0.12,-0.2,-0.12,0.65,-0.13,-0.08,-0.12,0.2,0.12,-0.65,0.08,0.23
990,28621835,9.12593842,8.13642883,2.07212877,4.30258608,-1.92282188,6.13702679,4.63533878,2.67210007,46.7334671,-9.91536903,-5.31840229,-2.49698448,0.12,0.12,0.2,0.2,-0.12,0.12,1.05,1.05,0.13,-0.23,-0.08,-0.08,0.12,-0.2,-0.12,0.65,-0.13,-0.08,-0.12,0.2,0.12,-0.65,0.08,0.23
991,28639131,10.2655506,9.05832481,2.50550008,4.19784832,-2.10544944,6.20806694,5.11247015,2.83348393,50.6972694,-10.2342892,-5.94236946,-2.74476767,0.12,0.12,0.2,0.2,-0.12,0.12,1.05,1.05,0.13,-0.23,-0.08,-0.08,0.12,-0.2,-0.12,0.65,-0.13,-0.08,-0.12,0.2,0.12,-0.65,0.08,0.23
992,28660588,11.1921473,10.1253147,2.8866272,4.18643284,-2.21369886,6.46721458,5.61570501,2.97565579,54.5003128,-10.5063715,-6.49388266,-3.00838852,0.12,0.12,0.2,0.2,-0.12,0.12,1.05,1.05,0.13,-0.23,-0.08,-0.08,0.12,-0.2,-0.12,0.65,-0.13,-0.08,-0.12,0.2,0.12,-0.65,0.08,0.23
993,28679531,11.8971596,11.3591394,3.16614103,4.25855398,-2.2768507,6.83067369,6.0716958,3.08617711,58.1587944,-10.6659288,-7.03017092,-3.23794532,0.12,0.12,0.2,0.2,-0.12,0.12,1.05,1.05,0.13,-0.23,-0.08,-0.08,0.12,-0.2,-0.12,0.65,-0.13,-0.08,-0.12,0.2,0.12,-0.65,0.08,0.23
994,28702149,12.3886833,12.703496,3.35324788,4.34601927,-2.32718039,7.21745872,6.51502085,3.142483,61.7778549,-10.6417751,-7.59476185,-3.36183476,0.12,0.12,0.2,0.2,-0.12,0.12,1.05,1.05,0.13,-0.23,-0.08,-0.08,0.12,-0.2,-0.12,0.65,-0.13,-0.08,-0.12,0.2,0.12,-0.65,0.08,0.23
995,28720237,12.7259884,14.095871,3.49418807,4.45702696,-2.34546328,7.52270842,6.88378096,3.21652818,65.1848297,-10.5392694,-8.23325825,-3.38250303,0.12,0.12,0.2,0.2,-0.12,0.12,1.05,1.05,0.13,-0.23,-0.08,-0.08,0.12,-0.2,-0.12,0.65,-0.13,-0.08,-0.12,0.2,0.12,-0.65,0.08,0.23
996,28736924,12.8790236,15.5070734,3.63479543,4.55526495,-2.312711,7.71923399,7.17899942,3.27452445,68.3440399,-10.3979149,-9.01076508,-3.31644821,0.12,0.12,0.2,0.2,-0.12,0.12,1.05,1.05,0.13,-0.23,-0.08,-0.08,0.12,-0.2,-0.12,0.65,-0.13,-0.08,-0.12,0.2,0.12,-0.65,0.08,0.23
997,28762536,12.8427544,16.9623756,3.75173783,4.64028311,-2.22992492,7.80302095,7.44625616,3.31001091,71.3528137,-10.2062712,-9.92482758,-3.17088962,0.12,0.12,0.2,0.2,-0.12,0.12,1.05,1.05,0.13,-0.23,-0.08,-0.08,0.12,-0.2,-0.12,0.65,-0.13,-0.08,-0.12,0.2,0.12,-0.65,0.08,0.23
998,28776815,12.674489,18.4606895,3.82664275,4.71944618,-2.11099768,7.7959938,7.71889687,3.33020568,74.3059921,-9.97464275,-10.9341984,-2.9309411,0.12,0.12,0.2,0.2,-0.12,0.12,1.05,1.05,0.13,-0.23,-0.08,-0.08,0.12,-0.2,-0.12,0.65,-0.13,-0.08,-0.12,0.2,0.12,-0.65,0.08,0.23
999,28796299,12.3946943,20.0260258,3.85548043,4.80017376,-1.95851433,7.69754028,8.00045586,3.33791256,77.2561188,-9.71631527,-12.0159311,-2.59940791,0.12,0.12,0.2,0.2,-0.12,0.12,1.05,1.05,0.13,-0.23,-0.08,-0.08,0.12,-0.2,-0.12,0.65,-0.13,-0.08,-0.12,0.2,0.12,-0.65,0.08,0.23
1000,28816642,11.9859371,21.728569,3.84116364,4.88300705,-1.75745595,7.49275637,8.29169273,3.31885242,80.1968384,-9.42759895,-13.1256657,-2.18410468,0.12,0.12,0.2,0.2,-0.12,0.12,1.05,1.05,0.13,-0.23,-0.08,-0.08,0.12,-0.2,-0.12,0.65,-0.13,-0.08,-0.12,0.2,0.12,-0.65,0.08,0.23
1001,28843928,11.4443588,23.5491676,3.7907176,4.98670101,-1.5576154,7.22081518,8.57595444,3.27647591,83.1309052,-9.11230469,-14.2311144,-1.65482271,0.12,0.12,0.2,0.2,-0.12,0.12,1.05,1.05,0.13,-0.23,-0.08,-0.08,0.12,-0.2,-0.12,0.65,-0.13,-0.08,-0.12,0.2,0.12,-0.65,0.08,0.23
1002,28860933,10.8748293,25.4813652,3.75760412,5.04055548,-1.36534476,6.90777445,8.83180332,3.20163631,86.059906,-8.81833935,-15.1952219,-0.999915123,0.12,0.12,0.2,0.2,-0.109227581,0.12,1.05,1.05,0.13,-0.23,-0.08,-0.0799932098,0.12,-0.2,-0.109227581,0.65,-0.13,-0.08,-0.12,0.2,0.12,-0.65,0.0799932098,0.23
1003,28874915,10.3414745,27.4678631,3.76525259,5.07590199,-1.23169327,6.59675312,9.07992172,3.14665747,88.9414825,-8.52775764,-16.0431156,-0.314967096,0.12,0.12,0.2,0.2,-0.0985354614,0.12,1.05,1.05,0.13,-0.23,-0.08,-0.0251973677,0.12,-0.2,-0.0985354614,0.65,-0.13,-0.08,-0.12,0.2,0.12,-0.65,0.0251973677,0.23
1004,28896844,9.80878067,29.4864063,3.75306535,5.12654257,-1.17791653,6.33160973,9.32667637,3.10107613,91.7753448,-8.18762589,-16.822052,0.36651659,0.12,0.12,0.2,0.2,-0.0942333221,0.12,1.05,1.05,0.13,-0.23,-0.08,0.0293213272,0.12,-0.2,-0.0942333221,0.65,-0.13,-0.08,-0.12,0.2,0.12,-0.65,-0.0293213272,0.23
1005,28915747,9.22721291,31.476717,3.70345211,5.24247026,-1.29024935,6.00660372,9.58777714,3.12157273,94.4752579,-7.39169693,-17.6050034,1.10132289,0.12,0.12,0.2,0.2,-0.103219948,0.12,1.05,1.05,0.13,-0.23,-0.08,0.08,0.12,-0.2,-0.103219948,0.65,-0.13,-0.08,-0.12,0.2,0.12,-0.65,-0.08,0.23
1006,28938054,8.86038303,33.3379288,3.66712976,5.41742992,-1.66268373,5.48806047,9.88180733,3.23034549,96.963295,-6.16386318,-18.4885883,1.93848288,0.12,0.12,0.2,0.2,-0.12,0.12,1.05,1.05,0.13,-0.23,-0.08,0.08,0.12,-0.2,-0.12,0.65,-0.13,-0.08,-0.12,0.2,0.12,-0.65,-0.08,0.23
1007,28956173,8.80703259,35.0320206,3.61589837,5.57229376,-2.07245278,4.80620527,10.1197348,3.40123105,99.1981201,-4.90714741,-19.4284706,2.90194011,0.12,0.12,0.2,0.2,-0.12,0.12,1.05,1.05,0.13,-0.23,-0.08,0.08,0.12,-0.2,-0.12,0.65,-0.13,-0.08,-0.12,0.2,0.12,-0.65,-0.08,0.23
1008,28978593,8.8764782,36.5768318,3.54636192,5.73021412,-2.46681499,4.12142754,10.3823452,3.51601362,101.358032,-3.72180963,-20.3471069,3.89103627,0.12,0.12,0.2,0.2,-0.12,0.12,1.05,1.05,0.13,-0.23,-0.08,0.08,0.12,-0.2,-0.12,0.65,-0.13,-0.08,-0.12,0.2,0.12,-0.65,-0.08,0.23
1009,29001629,8.98501968,37.9727783,3.44444156,5.90600491,-2.84289646,3.51057386,10.7270994,3.60719419,103.58799,-2.56501603,-21.17486,4.87640333,0.12,0.12,0.2,0.2,-0.12,0.12,1.05,1.05,0.13,-0.23,-0.08,0.08,0.12,-0.2,-0.12,0.65,-0.13,-0.08,-0.12,0.2,0.12,-0.65,-0.08,0.23
1010,29014433,9.10065365,39.2554207,3.31018901,6.10987949,-3.19794416,2.94575119,11.1177073,3.7481935,105.946472,-1.44036984,-21.8829861,5.85669899,0.12,0.12,0.2,0.2,-0.12,0.12,1.05,1.05,0.13,-0.23,-0.08,0.08,0.12,-0.2,-0.12,0.65,-0.13,-0.08,-0.12,0.2,0.12,-0.65,-0.08,0.23
1011,29037840,9.19331455,40.4326668,3.1430881,6.32897902,-3.54614472,2.39739776,11.5316353,3.92220473,108.368225,-0.350601584,-22.4773922,6.81618834,0.12,0.12,0.2,0.2,-0.12,0.12,1.05,1.05,0.13,-0.120120317,-0.08,0.08,0.12,-0.2,-0.12,0.65,-0.13,-0.08,-0.12,0.2,0.12,-0.65,-0.08,0.120120317
1012,29059647,9.22823715,41.4986916,2.96225476,6.55339003,-3.87513947,1.84177339,11.9606037,4.11480713,110.746925,0.729798555,-22.9998035,7.75658083,0.12,0.12,0.2,0.2,-0.12,0.12,1.05,1.05,0.13,0.0959597111,-0.08,0.08,0.12,-0.2,-0.12,0.65,-0.13,-0.08,-0.12,0.2,0.12,-0.65,-0.08,-0.0959597111
1013,29075409,9.19905949,42.4640007,2.76515841,6.78563881,-4.18732929,1.27122653,12.3777752,4.31470537,113.034485,1.80112362,-23.456728,8.69533062,0.12,0.12,0.2,0.2,-0.12,0.101698122,1.05,1.05,0.13,0.13,-0.08,0.08,0.12,-0.2,-0.12,0.65,-0.13,-0.08,-0.12,0.2,0.101698122,-0.65,-0.08,-0.13
1014,29098227,9.12780952,43.3575974,2.55849004,7.02032661,-4.48180866,0.685143173,12.7747679,4.51732635,115.234665,2.82328391,-23.8640194,9.6121521,0.12,0.12,0.2,0.2,-0.12,0.0548114538,1.05,1.05,0.13,0.13,-0.08,0.08,0.12,-0.2,-0.12,0.65,-0.13,-0.08,-0.12,0.2,0.0548114538,-0.65,-0.08,-0.13
1015,29117342,9.03278446,44.2019501,2.35643983,7.25370073,-4.75733089,0.0966041461,13.1561279,4.72159386,117.381783,3.77351451,-24.2421875,10.4908724,0.12,0.12,0.2,0.2,-0.12,0.00772833169,1.05,1.05,0.13,0.13,-0.08,0.08,0.12,-0.2,-0.12,0.65,-0.13,-0.08,-0.12,0.2,0.00772833169,-0.65,-0.08,-0.13
1016,29140618,8.92640018,45.0122528,2.16086292,7.4858489,-5.01226568,-0.476765573,13.5213861,4.91808462,119.47876,4.64426661,-24.5911369,11.3353071,0.12,0.12,0.2,0.2,-0.12,-0.0381412458,1.05,1.05,0.13,0.13,-0.08,0.08,0.12,-0.2,-0.12,0.65,-0.13,-0.08,-0.12,0.2,-0.0381412458,-0.65,-0.08,-0.13
1017,29155418,8.82741165,45.7801476,1.97586977,7.71434879,-5.24645281,-1.02896762,13.8612328,5.10986805,121.501289,5.43065357,-24.8899136,12.1433954,0.12,0.12,0.2,0.2,-0.12,-0.0823174095,1.05,1.05,0.13,0.13,-0.08,0.08,0.12,-0.2,-0.12,0.65,-0.13,-0.08,-0.12,0.2,-0.0823174095,-0.65,-0.08,-0.13
1018,29187280,8.7443285,46.4938774,1.80240989,7.94074345,-5.46170139,-1.55776429,14.1794157,5.29845238,123.435753,6.13276148,-25.1194992,12.9138823,0.12,0.12,0.2,0.2,-0.12,-0.12,1.05,1.05,0.13,0.13,-0.08,0.08,0.12,-0.2,-0.12,0.65,-0.13,-0.08,-0.12,0.2,-0.12,-0.65,-0.08,-0.13
1019,29198876,8.67033958,47.1785088,1.64293849,8.16360092,-5.6534996,-2.05770612,14.486824,5.47893143,125.314873,6.77048492,-25.3097115,13.6437216,0.12,0.12,0.2,0.2,-0.12,-0.12,1.05,1.05,0.13,0.13,-0.08,0.08,0.12,-0.2,-0.12,0.65,-0.13,-0.08,-0.12,0.2,-0.12,-0.65,-0.08,-0.13
1020,29214733,8.60243034,47.8403854,1.49396276,8.37960243,-5.82456207,-2.52539468,14.7766418,5.6521287,127.106918,7.36129904,-25.4688168,14.3331041,0.12,0.12,0.2,0.2,-0.12,-0.12,1.05,1.05,0.13,0.13,-0.08,0.08,0.12,-0.2,-0.12,0.65,-0.13,-0.08,-0.12,0.2,-0.12,-0.65,-0.08,-0.13
1021,29244571,8.54752827,48.484623,1.35905004,8.58683968,-5.9823184,-2.96339226,15.0476704,5.82784557,128.811859,7.92298555,-25.6124496,14.9817858,0.12,0.12,0.2,0.2,-0.12,-0.12,1.05,1.05,0.13,0.13,-0.08,0.08,0.12,-0.2,-0.12,0.65,-0.13,-0.08,-0.12,0.2,-0.12,-0.65,-0.08,-0.13
1022,29255740,8.50237846,49.1060982,1.23162055,8.78321838,-6.13298464,-3.36783576,15.2962179,5.9870882,130.399933,8.44805717,-25.7470589,15.5882225,0.12,0.12,0.2,0.2,-0.12,-0.12,1.05,1.05,0.13,0.13,-0.08,0.08,0.12,-0.2,-0.12,0.65,-0.13,-0.08,-0.12,0.2,-0.12,-0.65,-0.08,-0.13
1023,29275694,8.46251583,49.6989365,1.11018145,8.96697617,-6.2847147,-3.74065351,15.5238333,6.13241339,131.867477,8.94172478,-25.8800564,16.1534481,0.12,0.12,0.2,0.2,-0.12,-0.12,1.05,1.05,0.13,0.13,-0.08,0.08,0.12,-0.2,-0.12,0.65,-0.13,-0.08,-0.12,0.2,-0.12,-0.65,-0.08,-0.13
1024,29302828,8.42570019,50.2646446,1.00081062,9.13549805,-6.43115139,-4.0845623,15.7401819,6.26815987,133.234772,9.41146564,-26.0202084,16.6761169,0.12,0.12,0.2,0.2,-0.12,-0.12,1.05,1.05,0.13,0.13,-0.08,0.08,0.12,-0.2,-0.12,0.65,-0.13,-0.08,-0.12,0.2,-0.12,-0.65,-0.08,-0.13
1025,29315685,8.38694572,50.8001099,0.891172767,9.28984833,-6.57657003,-4.40072823,15.9410896,6.38717556,134.497665,9.85384369,-26.1619053,17.1604996,0.12,0.12,0.2,0.2,-0.12,-0.12,1.05,1.05,0.13,0.13,-0.08,0.08,0.12,-0.2,-0.12,0.65,-0.13,-0.08,-0.12,0.2,-0.12,-0.65,-0.08,-0.13
1026,29338720,8.34047413,51.2948265,0.784038305,9.43022919,-6.71230602,-4.68543148,16.1352882,6.47853947,135.685959,10.2185736,-26.292984,17.6083813,0.12,0.12,0.152817237,0.2,-0.12,-0.12,1.05,1.05,0.13,0.13,-0.08,0.08,0.12,-0.152817237,-0.12,0.65,-0.13,-0.08,-0.12,0.2,-0.12,-0.65,-0.08,-0.13
1027,29357934,8.28989124,51.7450752,0.682943642,9.55929756,-6.83280325,-4.94075727,16.3200359,6.55391884,136.811859,10.504385,-26.4063892,18.0140076,0.12,0.12,0.107324639,0.2,-0.12,-0.12,1.05,1.05,0.13,0.13,-0.08,0.08,0.12,-0.107324639,-0.12,0.65,-0.13,-0.08,-0.12,0.2,-0.12,-0.65,-0.08,-0.13
1028,29376710,8.23880577,52.1534157,0.586887717,9.68012428,-6.94359064,-5.17500782,16.4866161,6.62449312,137.86705,10.7411041,-26.5017586,18.3763714,0.12,0.12,0.0640994728,0.2,-0.12,-0.12,1.05,1.05,0.13,0.13,-0.08,0.08,0.12,-0.0640994728,-0.12,0.65,-0.13,-0.08,-0.12,0.2,-0.12,-0.65,-0.08,-0.13
1029,29393597,8.19006729,52.5259666,0.489895076,9.79792309,-7.05551004,-5.39731884,16.6368885,6.69240618,138.849625,10.9511461,-26.5815582,18.7090797,0.12,0.12,0.020452784,0.2,-0.12,-0.12,1.05,1.05,0.13,0.13,-0.08,0.08,0.12,-0.020452784,-0.12,0.65,-0.13,-0.08,-0.12,0.2,-0.12,-0.65,-0.08,-0.13
1030,29416616,8.14213371,52.8642731,0.39023602,9.91075897,-7.17168236,-5.60402536,16.769043,6.75529289,139.742661,11.1426754,-26.6414585,19.0216618,0.12,0.12,-0.024393791,0.2,-0.12,-0.12,1.05,1.05,0.13,0.13,-0.08,0.08,0.12,0.024393791,-0.12,0.65,-0.13,-0.08,-0.12,0.2,-0.12,-0.65,-0.08,-0.13
1031,29435566,8.09770203,53.1744308,0.294804513,10.0150194,-7.28907919,-5.79679441,16.8855915,6.81776476,140.550156,11.3187294,-26.6899223,19.3114243,0.12,0.12,-0.0673379689,0.2,-0.12,-0.12,1.05,1.05,0.13,0.13,-0.08,0.08,0.12,0.0673379689,-0.12,0.65,-0.13,-0.08,-0.12,0.2,-0.12,-0.65,-0.08,-0.13
1032,29461330,8.06399155,53.4645309,0.214534372,10.1023426,-7.40054226,-5.98101473,16.987833,6.88383341,141.292282,11.467968,-26.7451706,19.5592842,0.12,0.12,-0.103459533,0.2,-0.12,-0.12,1.05,1.05,0.13,0.13,-0.08,0.08,0.12,0.103459533,-0.12,0.65,-0.13,-0.08,-0.12,0.2,-0.12,-0.65,-0.08,-0.13
1033,29474257,8.04357433,53.7379913,0.143994898,10.1761284,-7.5062499,-6.15217495,17.0827255,6.94697237,141.985596,11.5918913,-26.8070812,19.7714996,0.12,0.12,-0.135202296,0.2,-0.12,-0.12,1.05,1.05,0.13,0.13,-0.08,0.08,0.12,0.135202296,-0.12,0.65,-0.13,-0.08,-0.12,0.2,-0.12,-0.65,-0.08,-0.13
1034,29497463,8.03933048,53.9979973,0.0847644135,10.2393847,-7.607131,-6.31106329,17.1743622,7.00971889,142.645844,11.6960726,-26.8753605,19.9538612,0.12,0.12,-0.161856014,0.2,-0.12,-0.12,1.05,1.05,0.13,0.13,-0.08,0.08,0.12,0.161856014,-0.12,0.65,-0.13,-0.08,-0.12,0.2,-0.12,-0.65,-0.08,-0.13
1035,29522274,8.04959393,54.2447891,0.0361787379,10.291853,-7.69735289,-6.45463037,17.2592754,7.06862307,143.266434,11.7790318,-26.9443283,20.1074677,0.12,0.12,-0.183719568,0.2,-0.12,-0.12,1.05,1.05,0.13,0.13,-0.08,0.08,0.12,0.183719568,-0.12,0.65,-0.13,-0.08,-0.12,0.2,-0.12,-0.65,-0.08,-0.13
1036,29534852,8.06970215,54.4794083,-0.00284433737,10.3356857,-7.78081703,-6.58268547,17.3384514,7.12290382,143.850449,11.8435125,-27.0159931,20.2364559,0.12,0.12,-0.201279952,0.2,-0.12,-0.12,1.05,1.05,0.13,0.13,-0.08,0.08,0.12,0.201279952,-0.12,0.65,-0.13,-0.08,-0.12,0.2,-0.12,-0.65,-0.08,-0.13
1037,29558404,8.09277248,54.7028618,-0.0346752331,10.3720226,-7.85528421,-6.69365168,17.4119492,7.17162466,144.396881,11.8957701,-27.0912075,20.3427925,0.12,0.12,-0.215603855,0.2,-0.12,-0.12,1.05,1.05,0.13,0.13,-0.08,0.08,0.12,0.215603855,-0.12,0.65,-0.13,-0.08,-0.12,0.2,-0.12,-0.65,-0.08,-0.13
1038,29580494,8.11624527,54.9169655,-0.0621471144,10.4025297,-7.92209625,-6.78936291,17.4794044,7.21474504,144.903763,11.941288,-27.1690788,20.432785,0.12,0.12,-0.227966201,0.2,-0.12,-0.12,1.05,1.05,0.13,0.13,-0.08,0.08,0.12,0.227966201,-0.12,0.65,-0.13,-0.08,-0.12,0.2,-0.12,-0.65,-0.08,-0.13
1039,29594354,8.13631153,55.1202469,-0.0895814598,10.4293184,-7.98406792,-6.86984921,17.5392437,7.25205564,145.369385,11.9835062,-27.2465153,20.5111103,0.12,0.12,-0.240311657,0.2,-0.12,-0.12,1.05,1.05,0.13,0.13,-0.08,0.08,0.12,0.240311657,-0.12,0.65,-0.13,-0.08,-0.12,0.2,-0.12,-0.65,-0.08,-0.13
1040,29631015,8.14963436,55.3116074,-0.11728029,10.4531679,-8.04011154,-6.93582249,17.5910988,7.28283024,145.786133,12.0262098,-27.3202763,20.5827179,0.12,0.12,-0.25277613,0.2,-0.12,-0.12,1.05,1.05,0.13,0.13,-0.08,0.08,0.12,0.25277613,-0.12,0.65,-0.13,-0.08,-0.12,0.2,-0.12,-0.65,-0.08,-0.13
1041,29634278,8.15150928,55.4888496,-0.149032816,10.4743652,-8.09218216,-6.98940563,17.6310978,7.30651569,146.146271,12.0680132,-27.387188,20.6483154,0.12,0.12,-0.267064767,0.2,-0.12,-0.12,1.05,1.05,0.13,0.13,-0.08,0.08,0.12,0.267064767,-0.12,0.65,-0.13,-0.08,-0.12,0.2,-0.12,-0.65,-0.08,-0.13
1042,29666359,8.13887501,55.6497803,-0.186427623,10.4945488,-8.14291191,-7.03275585,17.6604633,7.32360029,146.449707,12.111248,-27.4452934,20.7109585,0.12,0.12,-0.28389243,0.2,-0.12,-0.12,1.05,1.05,0.13,0.13,-0.08,0.08,0.12,0.28389243,-0.12,0.65,-0.13,-0.08,-0.12,0.2,-0.12,-0.65,-0.08,-0.13
1043,29680898,8.1154356,55.7929115,-0.223890722,10.5117435,-8.19054699,-7.07093096,17.6814537,7.33763456,146.700241,12.1561937,-27.4955254,20.7696629,0.12,0.12,-0.300750825,0.2,-0.12,-0.12,1.05,1.05,0.13,0.13,-0.08,0.08,0.12,0.300750825,-0.12,0.65,-0.13,-0.08,-0.12,0.2,-0.12,-0.65,-0.08,-0.13
1044,29695221,8.08495998,55.9174347,-0.260749966,10.5263491,-8.23515797,-7.10641479,17.6967583,7.34964228,146.907913,12.2007799,-27.5382671,20.8236828,0.12,0.12,-0.317337485,0.2,-0.12,-0.12,1.05,1.05,0.13,0.13,-0.08,0.08,0.12,0.317337485,-0.12,0.65,-0.13,-0.08,-0.12,0.2,-0.12,-0.65,-0.08,-0.13
1045,29716856,8.05388355,56.0235023,-0.292576075,10.5377493,-8.27477932,-7.14126253,17.70924,7.36122513,147.082703,12.2421169,-27.5746403,20.8718891,0.12,0.12,-0.331659234,0.2,-0.12,-0.12,1.05,1.05,0.13,0.13,-0.08,0.08,0.12,0.331659234,-0.12,0.65,-0.13,-0.08,-0.12,0.2,-0.12,-0.65,-0.08,-0.13
1046,29737002,8.02909946,56.1120224,-0.310962439,10.5434523,-8.29902744,-7.17567825,17.7207966,7.37329388,147.231171,12.2759371,-27.6045971,20.9100895,0.12,0.12,-0.339933097,0.2,-0.12,-0.12,1.05,1.05,0.13,0.13,-0.08,0.08,0.12,0.339933097,-0.12,0.65,-0.13,-0.08,-0.12,0.2,-0.12,-0.65,-0.08,-0.13
1047,29758036,8.00874043,56.1852837,-0.327185839,10.5511227,-8.31482506,-7.20620346,17.7348232,7.38270807,147.367325,12.3047657,-27.6270428,20.9468002,0.12,0.12,-0.347233628,0.2,-0.12,-0.12,1.05,1.05,0.13,0.13,-0.08,0.08,0.12,0.347233628,-0.12,0.65,-0.13,-0.08,-0.12,0.2,-0.12,-0.65,-0.08,-0.13
1048,29777021,7.99196911,56.2451782,-0.340596229,10.5623541,-8.32163048,-7.2305479,17.751606,7.38962507,147.488266,12.335989,-27.6389675,20.9897842,0.12,0.12,-0.353268303,0.2,-0.12,-0.12,1.05,1.05,0.13,0.13,-0.08,0.08,0.12,0.353268303,-0.12,0.65,-0.13,-0.08,-0.12,0.2,-0.12,-0.65,-0.08,-0.13
1049,29797921,7.97510862,56.294075,-0.354853451,10.5800343,-8.32294369,-7.24983835,17.7723236,7.39566183,147.598068,12.3765688,-27.6417618,21.0440083,0.12,0.12,-0.359684053,0.2,-0.12,-0.12,1.05,1.05,0.13,0.13,-0.08,0.08,0.12,0.359684053,-0.12,0.65,-0.13,-0.08,-0.12,0.2,-0.12,-0.65,-0.08,-0.13
1050,29821655,7.9549222,56.3354454,-0.370266557,10.6034412,-8.32176971,-7.26392937,17.7952099,7.39961958,147.696213,12.4270716,-27.6378307,21.1093845,0.12,0.12,-0.366619951,0.2,-0.12,-0.12,1.05,1.05,0.13,0.13,-0.08,0.08,0.12,0.366619951,-0.12,0.65,-0.13,-0.08,-0.12,0.2,-0.12,-0.65,-0.08,-0.13
1051,29836086,7.93183899,56.3723373,-0.386516601,10.6310463,-8.32143402,-7.27805424,17.8212605,7.404109,147.786896,12.4873457,-27.6331482,21.1827335,0.12,0.12,-0.37393247,0.2,-0.12,-0.12,1.05,1.05,0.13,0.13,-0.08,0.08,0.12,0.37393247,-0.12,0.65,-0.13,-0.08,-0.12,0.2,-0.12,-0.65,-0.08,-0.13
1052,29861781,7.90775013,56.4080467,-0.401887327,10.6605997,-8.32065582,-7.294209,17.8492985,7.40894318,147.873581,12.5540323,-27.6287689,21.2600899,0.12,0.12,-0.380849297,0.2,-0.12,-0.12,1.05,1.05,0.13,0.13,-0.08,0.08,0.12,0.380849297,-0.12,0.65,-0.13,-0.08,-0.12,0.2,-0.12,-0.65,-0.08,-0.13
1053,29876078,7.88721561,56.4452705,-0.414581805,10.690465,-8.32050419,-7.31597948,17.8804569,7.41548157,147.964813,12.6223917,-27.6279755,21.3379135,0.12,0.12,-0.386561812,0.2,-0.12,-0.12,1.05,1.05,0.13,0.13,-0.08,0.08,0.12,0.386561812,-0.12,0.65,-0.13,-0.08,-0.12,0.2,-0.12,-0.65,-0.08,-0.13
1054,29901888,7.8721242,56.4854774,-0.424790502,10.7200966,-8.32020283,-7.34275866,17.9139328,7.42274475,148.064194,12.6888208,-27.629673,21.4145374,0.12,0.12,-0.391155726,0.2,-0.12,-0.12,1.05,1.05,0.13,0.13,-0.08,0.08,0.12,0.391155726,-0.12,0.65,-0.13,-0.08,-0.12,0.2,-0.12,-0.65,-0.08,-0.13
1055,29919491,7.86359406,56.528904,-0.431965739,10.747118,-8.31710052,-7.37359667,17.9450645,7.4296422,148.165634,12.7464895,-27.6313419,21.4857426,0.12,0.12,-0.394384582,0.2,-0.12,-0.12,1.05,1.05,0.13,0.13,-0.08,0.08,0.12,0.394384582,-0.12,0.65,-0.13,-0.08,-0.12,0.2,-0.12,-0.65,-0.08,-0.13
1056,29937383,7.85851479,56.5740547,-0.438626945,10.772336,-8.31168365,-7.40520477,17.9718533,7.43476248,148.266617,12.7932367,-27.6307564,21.5501804,0.12,0.12,-0.397382125,0.2,-0.12,-0.12,1.05,1.05,0.13,0.13,-0.08,0.08,0.12,0.397382125,-0.12,0.65,-0.13,-0.08,-0.12,0.2,-0.12,-0.65,-0.08,-0.13
1057,29958906,7.85522747,56.619915,-0.446478754,10.7967072,-8.30709267,-7.43644762,17.9949131,7.43877554,148.365646,12.8321915,-27.6283722,21.609581,0.12,0.12,-0.400915439,0.2,-0.12,-0.12,1.05,1.05,0.13,0.13,-0.08,0.08,0.12,0.400915439,-0.12,0.65,-0.13,-0.08,-0.12,0.2,-0.12,-0.65,-0.08,-0.13
1058,29979734,7.85287762,56.6651573,-0.455633998,10.8194218,-8.30349731,-7.46648979,18.0132694,7.44236851,148.457581,12.8659267,-27.6238556,21.6642094,0.12,0.12,-0.405035299,0.2,-0.12,-0.12,1.05,1.05,0.13,0.13,-0.08,0.08,0.12,0.405035299,-0.12,0.65,-0.13,-0.08,-0.12,0.2,-0.12,-0.65,-0.08,-0.13
1059,29996259,7.85103273,56.7076797,-0.465912998,10.8381119,-8.30174828,-7.49581051,18.0231438,7.44596338,148.536087,12.8904963,-27.618063,21.7083931,0.12,0.12,-0.409660849,0.2,-0.12,-0.12,1.05,1.05,0.13,0.13,-0.08,0.08,0.12,0.409660849,-0.12,0.65,-0.13,-0.08,-0.12,0.2,-0.12,-0.65,-0.08,-0.13
1060,30018269,7.8499465,56.7462234,-0.476518542,10.8533564,-8.30441189,-7.52373219,18.0283031,7.44966841,148.604111,12.9070482,-27.6131802,21.742281,0.12,0.12,-0.414433344,0.2,-0.12,-0.12,1.05,1.05,0.13,0.13,-0.08,0.08,0.12,0.414433344,-0.12,0.65,-0.13,-0.08,-0.12,0.2,-0.12,-0.65,-0.08,-0.13
1061,30040548,7.84856224,56.7795029,-0.491344362,10.8649454,-8.31396484,-7.54895687,18.0267239,7.45247126,148.65567,12.9146128,-27.6070976,21.7664909,0.12,0.12,-0.421104963,0.2,-0.12,-0.12,1.05,1.05,0.13,0.13,-0.08,0.08,0.12,0.421104963,-0.12,0.65,-0.13,-0.08,-0.12,0.2,-0.12,-0.65,-0.08,-0.13
1062,30064107,7.84564972,56.8062592,-0.50934124,10.8741198,-8.3305254,-7.57043457,18.0215664,7.45493603,148.692566,12.9175014,-27.5985661,21.7854366,0.12,0.12,-0.429203558,0.2,-0.12,-0.12,1.05,1.05,0.13,0.13,-0.08,0.08,0.12,0.429203558,-0.12,0.65,-0.13,-0.08,-0.12,0.2,-0.12,-0.65,-0.08,-0.13
1063,30076224,7.84001255,56.8251419,-0.530424714,10.8809013,-8.35305119,-7.58666325,18.0129356,7.45666695,148.71199,12.9164848,-27.5865383,21.8011303,0.12,0.12,-0.438691121,0.2,-0.12,-0.12,1.05,1.05,0.13,0.13,-0.08,0.08,0.12,0.438691121,-0.12,0.65,-0.13,-0.08,-0.12,0.2,-0.12,-0.65,-0.08,-0.13
1064,30111936,7.83139992,56.8365517,-0.55138433,10.8852711,-8.38042355,-7.59956551,18.004406,7.45950556,148.720291,12.9139566,-27.5754566,21.8130016,0.12,0.12,-0.448122948,0.2,-0.12,-0.12,1.05,1.05,0.13,0.13,-0.08,0.08,0.12,0.448122948,-0.12,0.65,-0.13,-0.08,-0.12,0.2,-0.12,-0.65,-0.08,-0.13
1065,30118567,7.82438612,56.8421135,-0.565386832,10.8846331,-8.40648174,-7.61126518,17.9979591,7.4650507,148.724609,12.9086447,-27.5693207,21.8167267,0.12,0.12,-0.454424074,0.2,-0.12,-0.12,1.05,1.05,0.13,0.13,-0.08,0.08,0.12,0.454424074,-0.12,0.65,-0.13,-0.08,-0.12,0.2,-0.12,-0.65,-0.08,-0.13
1066,30135647,7.82222891,56.8437729,-0.572492242,10.8792973,-8.43007183,-7.62293386,17.9945908,7.47277784,148.733597,12.8973475,-27.5702686,21.8099403,0.12,0.12,-0.457621509,0.2,-0.12,-0.12,1.05,1.05,0.13,0.13,-0.08,0.08,0.12,0.457621509,-0.12,0.65,-0.13,-0.08,-0.12,0.2,-0.12,-0.65,-0.08,-0.13
1067,30161507,7.82798147,56.8440285,-0.571565449,10.8699169,-8.44935894,-7.63473558,17.9947224,7.48217058,148.752731,12.8787785,-27.5781612,21.7923813,0.12,0.12,-0.457204452,0.2,-0.12,-0.12,1.05,1.05,0.13,0.13,-0.08,0.08,0.12,0.457204452,-0.12,0.65,-0.13,-0.08,-0.12,0.2,-0.12,-0.65,-0.08,-0.13
1068,30175295,7.84394312,56.8452797,-0.562141836,10.8563585,-8.46232605,-7.64639568,17.996933,7.49254417,148.782089,12.8511181,-27.591856,21.7638969,0.12,0.12,-0.452963826,0.2,-0.12,-0.12,1.05,1.05,0.13,0.13,-0.08,0.08,0.12,0.452963826,-0.12,0.65,-0.13,-0.08,-0.12,0.2,-0.12,-0.65,-0.08,-0.13
1069,30202015,7.86624765,56.8499336,-0.549901128,10.8419266,-8.47231674,-7.65485287,18.0001678,7.50094128,148.821823,12.816474,-27.6090584,21.7293282,0.12,0.12,-0.447455508,0.2,-0.12,-0.12,1.05,1.05,0.13,0.13,-0.08,0.08,0.12,0.447455508,-0.12,0.65,-0.13,-0.08,-0.12,0.2,-0.12,-0.65,-0.08,-0.13
1070,30215739,7.8916173,56.857975,-0.535498619,10.8285294,-8.47797966,-7.65740681,18.0058231,7.50746441,148.869278,12.783145,-27.6280785,21.6959515,0.12,0.12,-0.440974379,0.2,-0.12,-0.12,1.05,1.05,0.13,0.13,-0.08,0.08,0.12,0.440974379,-0.12,0.65,-0.13,-0.08,-0.12,0.2,-0.12,-0.65,-0.08,-0.13
1071,30237065,7.91410875,56.8684959,-0.524341702,10.8176765,-8.48022842,-7.65286446,18.0104008,7.51079273,148.913284,12.7555466,-27.645628,21.6680698,0.12,0.12,-0.435953766,0.2,-0.12,-0.12,1.05,1.05,0.13,0.13,-0.08,0.08,0.12,0.435953766,-0.12,0.65,-0.13,-0.08,-0.12,0.2,-0.12,-0.65,-0.08,-0.13
1072,30257403,7.92686844,56.8796959,-0.520295084,10.8111982,-8.48066807,-7.6395731,18.0116673,7.50917625,148.943115,12.7375755,-27.6582241,21.6503811,0.12,0.12,-0.434132788,0.2,-0.12,-0.12,1.05,1.05,0.13,0.13,-0.08,0.08,0.12,0.434132788,-0.12,0.65,-0.13,-0.08,-0.12,0.2,-0.12,-0.65,-0.08,-0.13
1073,30276360,7.92771339,56.8898659,-0.520141065,10.8076181,-8.47892952,-7.62168503,18.009758,7.50539207,148.953522,12.7317896,-27.6676712,21.6412792,0.12,0.12,-0.434063479,0.2,-0.12,-0.12,1.05,1.05,0.13,0.13,-0.08,0.08,0.12,0.434063479,-0.12,0.65,-0.13,-0.08,-0.12,0.2,-0.12,-0.65,-0.08,-0.13
1074,30300573,7.91691351,56.8976974,-0.524740756,10.8056803,-8.4756403,-7.60237169,18.003582,7.49950981,148.943222,12.7349548,-27.6738472,21.6375675,0.12,0.12,-0.43613334,0.2,-0.12,-0.12,1.05,1.05,0.13,0.13,-0.08,0.08,0.12,0.43613334,-0.12,0.65,-0.13,-0.08,-0.12,0.2,-0.12,-0.65,-0.08,-0.13
1075,30317670,7.89881563,56.9021568,-0.531188011,10.8043175,-8.47226715,-7.58609056,17.9945965,7.4934926,148.917267,12.7443047,-27.6780338,21.6369457,0.12,0.12,-0.439034605,0.2,-0.12,-0.12,1.05,1.05,0.13,0.13,-0.08,0.08,0.12,0.439034605,-0.12,0.65,-0.13,-0.08,-0.12,0.2,-0.12,-0.65,-0.08,-0.13
1076,30335941,7.87916327,56.9026604,-0.536052763,10.8030033,-8.46787357,-7.57561159,17.9860058,7.48894215,148.883972,12.7575645,-27.680706,21.6376419,0.12,0.12,-0.441223744,0.2,-0.12,-0.12,1.05,1.05,0.13,0.13,-0.08,0.08,0.12,0.441223744,-0.12,0.65,-0.13,-0.08,-0.12,0.2,-0.12,-0.65,-0.08,-0.13
1077,30356480,7.86250067,56.9003754,-0.539726138,10.803422,-8.46412086,-7.57065439,17.9815063,7.48566866,148.85437,12.7735624,-27.6817474,21.64258,0.12,0.12,-0.442876762,0.2,-0.12,-0.12,1.05,1.05,0.13,0.13,-0.08,0.08,0.12,0.442876762,-0.12,0.65,-0.13,-0.08,-0.12,0.2,-0.12,-0.65,-0.08,-0.13
1078,30377823,7.84917736,56.8953552,-0.544120133,10.8063231,-8.4615097,-7.56857729,17.9802265,7.48250246,148.828979,12.7906342,-27.6784725,21.6538181,0.12,0.12,-0.44485406,0.2,-0.12,-0.12,1.05,1.05,0.13,0.13,-0.08,0.08,0.12,0.44485406,-0.12,0.65,-0.13,-0.08,-0.12,0.2,-0.12,-0.65,-0.08,-0.13
1079,30403443,7.83755398,56.8882179,-0.549029052,10.812108,-8.46007729,-7.56826735,17.9821529,7.47986317,148.80864,12.8086834,-27.6710339,21.6710453,0.12,0.12,-0.447063074,0.2,-0.12,-0.12,1.05,1.05,0.13,0.13,-0.08,0.08,0.12,0.447063074,-0.12,0.65,-0.13,-0.08,-0.12,0.2,-0.12,-0.65,-0.08,-0.13
1080,30414958,7.82665062,56.8804207,-0.55382067,10.8197374,-8.46003246,-7.56924438,17.9868965,7.47797203,148.794724,12.8269033,-27.6619968,21.6920052,0.12,0.12,-0.449219301,0.2,-0.12,-0.12,1.05,1.05,0.13,0.13,-0.08,0.08,0.12,0.449219301,-0.12,0.65,-0.13,-0.08,-0.12,0.2,-0.12,-0.65,-0.08,-0.13
1081,30437229,7.81689167,56.8731689,-0.557416677,10.8268118,-8.46029568,-7.57259655,17.9922295,7.47732544,148.785782,12.8425779,-27.6535072,21.711729,0.12,0.12,-0.450837505,0.2,-0.12,-0.12,1.05,1.05,0.13,0.13,-0.08,0.08,0.12,0.450837505,-0.12,0.65,-0.13,-0.08,-0.12,0.2,-0.12,-0.65,-0.08,-0.13
1082,30456673,7.81026983,56.86763,-0.558918536,10.8326368,-8.46104145,-7.57944345,17.9982681,7.4786458,148.785767,12.8542013,-27.6478882,21.7271118,0.12,0.12,-0.451513341,0.2,-0.12,-0.12,1.05,1.05,0.13,0.13,-0.08,0.08,0.12,0.451513341,-0.12,0.65,-0.13,-0.08,-0.12,0.2,-0.12,-0.65,-0.08,-0.13
1083,30476817,7.80784559,56.864357,-0.559517145,10.8370991,-8.46219444,-7.5880928,18.0038147,7.48039055,148.792099,12.8606043,-27.6434441,21.7386971,0.12,0.12,-0.451782715,0.2,-0.12,-0.12,1.05,1.05,0.13,0.13,-0.08,0.08,0.12,0.451782715,-0.12,0.65,-0.13,-0.08,-0.12,0.2,-0.12,-0.65,-0.08,-0.13
1084,30501932,7.80936909,56.8628197,-0.559523284,10.8395939,-8.46305275,-7.59780312,18.0066204,7.4824729,148.80043,12.8603058,-27.6388378,21.7449913,0.12,0.12,-0.451785478,0.2,-0.12,-0.12,1.05,1.05,0.13,0.13,-0.08,0.08,0.12,0.451785478,-0.12,0.65,-0.13,-0.08,-0.12,0.2,-0.12,-0.65,-0.08,-0.13
1085,30522218,7.81339598,56.862751,-0.559449732,10.8410015,-8.46471024,-7.60714293,18.0076237,7.48447704,148.811127,12.8548126,-27.634655,21.7468758,0.12,0.12,-0.45175238,0.2,-0.12,-0.12,1.05,1.05,0.13,0.13,-0.08,0.08,0.12,0.45175238,-0.12,0.65,-0.13,-0.08,-0.12,0.2,-0.12,-0.65,-0.08,-0.13
1086,30546013,7.81821251,56.8632965,-0.56060648,10.8416929,-8.46782017,-7.61412334,18.0068893,7.48567677,148.820404,12.8467522,-27.6300621,21.7468624,0.12,0.12,-0.452272916,0.2,-0.12,-0.12,1.05,1.05,0.13,0.13,-0.08,0.08,0.12,0.452272916,-0.12,0.65,-0.13,-0.08,-0.12,0.2,-0.12,-0.65,-0.08,-0.13
1087,30560779,7.82237816,56.8636703,-0.562496662,10.8415785,-8.47214413,-7.61923075,18.0046139,7.48720694,148.82753,12.8381453,-27.6259918,21.7446022,0.12,0.12,-0.453123498,0.2,-0.12,-0.12,1.05,1.05,0.13,0.13,-0.08,0.08,0.12,0.453123498,-0.12,0.65,-0.13,-0.08,-0.12,0.2,-0.12,-0.65,-0.08,-0.13
1088,30576830,7.82718277,56.8641281,-0.563103914,10.8400879,-8.4777565,-7.62347698,18.0023346,7.48971748,148.834686,12.829277,-27.6249294,21.7391167,0.12,0.12,-0.453396761,0.2,-0.12,-0.12,1.05,1.05,0.13,0.13,-0.08,0.08,0.12,0.453396761,-0.12,0.65,-0.13,-0.08,-0.12,0.2,-0.12,-0.65,-0.08,-0.13
1089,30595944,7.83451605,56.865303,-0.560667276,10.8366203,-8.48372173,-7.62752581,18.0018902,7.4935956,148.845566,12.8201132,-27.628664,21.7297878,0.12,0.12,-0.452300274,0.2,-0.12,-0.12,1.05,1.05,0.13,0.13,-0.08,0.08,0.12,0.452300274,-0.12,0.65,-0.13,-0.08,-0.12,0.2,-0.12,-0.65,-0.08,-0.13
1090,30618839,7.84457302,56.8680344,-0.556017756,10.8320971,-8.4890461,-7.63079023,18.0041161,7.49799824,148.863251,12.8110056,-27.6367283,21.7180157,0.12,0.12,-0.45020799,0.2,-0.12,-0.12,1.05,1.05,0.13,0.13,-0.08,0.08,0.12,0.45020799,-0.12,0.65,-0.13,-0.08,-0.12,0.2,-0.12,-0.65,-0.08,-0.13
1091,30636749,7.85749435,56.8725395,-0.548798382,10.8263292,-8.49157715,-7.63259888,18.0074883,7.50211573,148.884903,12.8006163,-27.6472244,21.7041454,0.12,0.12,-0.446959272,0.2,-0.12,-0.12,1.05,1.05,0.13,0.13,-0.08,0.08,0.12,0.446959272,-0.12,0.65,-0.13,-0.08,-0.12,0.2,-0.12,-0.65,-0.08,-0.13
1092,30657171,7.87052822,56.8787575,-0.541476011,10.8215513,-8.49159527,-7.63150835,18.0124435,7.50476599,148.909821,12.7912283,-27.6581821,21.6919899,0.12,0.12,-0.443664205,0.2,-0.12,-0.12,1.05,1.05,0.13,0.13,-0.08,0.08,0.12,0.443664205,-0.12,0.65,-0.13,-0.08,-0.12,0.2,-0.12,-0.65,-0.08,-0.13
1093,30680790,7.88033485,56.8863029,-0.536217809,10.8184319,-8.48896027,-7.62648726,18.016634,7.50491095,148.931381,12.7846231,-27.666996,21.6839447,0.12,0.12,-0.441298014,0.2,-0.12,-0.12,1.05,1.05,0.13,0.13,-0.08,0.08,0.12,0.441298014,-0.12,0.65,-0.13,-0.08,-0.12,0.2,-0.12,-0.65,-0.08,-0.13
1094,30696346,7.8839879,56.894146,-0.53459692,10.817976,-8.48497868,-7.61843395,18.0194988,7.50303507,148.946121,12.7835941,-27.6729622,21.6820889,0.12,0.12,-0.440568614,0.2,-0.12,-0.12,1.05,1.05,0.13,0.13,-0.08,0.08,0.12,0.440568614,-0.12,0.65,-0.13,-0.08,-0.12,0.2,-0.12,-0.65,-0.08,-0.13
1095,30716895,7.8807168,56.901413,-0.536527991,10.8193741,-8.48122311,-7.60931635,18.0194035,7.4997611,148.950211,12.787797,-27.6762829,21.6847878,0.12,0.12,-0.441437596,0.2,-0.12,-0.12,1.05,1.05,0.13,0.13,-0.08,0.08,0.12,0.441437596,-0.12,0.65,-0.13,-0.08,-0.12,0.2,-0.12,-0.65,-0.08,-0.13
1096,30735813,7.87203741,56.9074821,-0.54056567,10.8211775,-8.47878361,-7.60188484,18.016552,7.49627352,148.944153,12.7952671,-27.6784229,21.6890907,0.12,0.12,-0.443254551,0.2,-0.12,-0.12,1.05,1.05,0.13,0.13,-0.08,0.08,0.12,0.443254551,-0.12,0.65,-0.13,-0.08,-0.12,0.2,-0.12,-0.65,-0.08,-0.13
1097,30757518,7.86090946,56.9117775,-0.545299113,10.8225689,-8.47795963,-7.59747458,18.01194,7.49324751,148.931229,12.8038797,-27.6797714,21.6930676,0.12,0.12,-0.445384601,0.2,-0.12,-0.12,1.05,1.05,0.13,0.13,-0.08,0.08,0.12,0.445384601,-0.12,0.65,-0.13,-0.08,-0.12,0.2,-0.12,-0.65,-0.08,-0.13
1098,30782091,7.85078812,56.9142189,-0.549285769,10.8233099,-8.47868633,-7.59681082,18.0076637,7.49140024,148.917023,12.8118992,-27.6808395,21.696209,0.12,0.12,-0.447178596,0.2,-0.12,-0.12,1.05,1.05,0.13,0.13,-0.08,0.08,0.12,0.447178596,-0.12,0.65,-0.13,-0.08,-0.12,0.2,-0.12,-0.65,-0.08,-0.13
1099,30796709,7.84373569,56.9150124,-0.552037358,10.8234768,-8.48037529,-7.5992136,18.0045662,7.4905653,148.905045,12.8178082,-27.6813927,21.6984329,0.12,0.12,-0.448416811,0.2,-0.12,-0.12,1.05,1.05,0.13,0.13,-0.08,0.08,0.12,0.448416811,-0.12,0.65,-0.13,-0.08,-0.12,0.2,-0.12,-0.65,-0.08,-0.13
1100,30817197,7.84078407,56.9145699,-0.552989542,10.8233337,-8.48267174,-7.60368013,18.0036716,7.49095106,148.898788,12.8211775,-27.681818,21.6998978,0.12,0.12,-0.448845294,0.2,-0.12,-0.12,1.05,1.05,0.13,0.13,-0.08,0.08,0.12,0.448845294,-0.12,0.65,-0.13,-0.08,-0.12,0.2,-0.12,-0.65,-0.08,-0.13
1101,30838412,7.84098959,56.9133415,-0.552726269,10.823205,-8.48488808,-7.60828114,18.004755,7.49172306,148.898178,12.822197,-27.6817055,21.7011261,0.12,0.12,-0.448726821,0.2,-0.12,-0.12,1.05,1.05,0.13,0.13,-0.08,0.08,0.12,0.448726821,-0.12,0.65,-0.13,-0.08,-0.12,0.2,-0.12,-0.65,-0.08,-0.13
1102,30855884,7.84346724,56.9119453,-0.550843894,10.8227301,-8.48588467,-7.6123848,18.007019,7.49292088,148.902252,12.8208017,-27.6816216,21.7012882,0.12,0.12,-0.447879753,0.2,-0.12,-0.12,1.05,1.05,0.13,0.13,-0.08,0.08,0.12,0.447879753,-0.12,0.65,-0.13,-0.08,-0.12,0.2,-0.12,-0.65,-0.08,-0.13
1103,30878001,7.84686565,56.9109612,-0.548722923,10.8225393,-8.48580742,-7.61502218,18.0099678,7.49386168,148.909912,12.8181305,-27.681488,21.701231,0.12,0.12,-0.446925315,0.2,-0.12,-0.12,1.05,1.05,0.13,0.13,-0.08,0.08,0.12,0.446925315,-0.12,0.65,-0.13,-0.08,-0.12,0.2,-0.12,-0.65,-0.08,-0.13
1104,30897022,7.85019302,56.9105721,-0.546549141,10.8220854,-8.48433495,-7.61621141,18.0118465,7.4943862,148.916962,12.8143454,-27.6810627,21.7003193,0.12,0.12,-0.445947114,0.2,-0.12,-0.12,1.05,1.05,0.13,0.13,-0.08,0.08,0.12,0.445947114,-0.12,0.65,-0.13,-0.08,-0.12,0.2,-0.12,-0.65,-0.08,-0.13
1105,30921021,7.85270452,56.9107285,-0.54465127,10.8218508,-8.48162746,-7.61624289,18.0129986,7.49460125,148.923004,12.8111324,-27.6805668,21.6991692,0.12,0.12,-0.445093071,0.2,-0.12,-0.12,1.05,1.05,0.13,0.13,-0.08,0.08,0.12,0.445093071,-0.12,0.65,-0.13,-0.08,-0.12,0.2,-0.12,-0.65,-0.08,-0.13
1106,30935013,7.85459423,56.9113426,-0.542674065,10.821372,-8.47790051,-7.61568832,18.0129166,7.49458027,148.92662,12.808424,-27.6802559,21.697403,0.12,0.12,-0.444203329,0.2,-0.12,-0.12,1.05,1.05,0.13,0.13,-0.08,0.08,0.12,0.444203329,-0.12,0.65,-0.13,-0.08,-0.12,0.2,-0.12,-0.65,-0.08,-0.13
1107,30966046,7.85560322,56.9120712,-0.541564524,10.8211584,-8.47390938,-7.61459494,18.0119839,7.4940691,148.927567,12.8069067,-27.6797581,21.6959286,0.12,0.12,-0.443704036,0.2,-0.12,-0.12,1.05,1.05,0.13,0.13,-0.08,0.08,0.12,0.443704036,-0.12,0.65,-0.13,-0.08,-0.12,0.2,-0.12,-0.65,-0.08,-0.13
1108,30979803,7.85611773,56.9126968,-0.540506363,10.821105,-8.46961021,-7.61325979,18.0105038,7.49344873,148.926025,12.8068085,-27.6789646,21.6949158,0.12,0.12,-0.443227863,0.2,-0.12,-0.12,1.05,1.05,0.13,0.13,-0.08,0.08,0.12,0.443227863,-0.12,0.65,-0.13,-0.08,-0.12,0.2,-0.12,-0.65,-0.08,-0.13
1109,31003187,7.85535669,56.9128532,-0.541151762,10.8221493,-8.46643543,-7.61119032,18.0092392,7.49220324,148.922409,12.808836,-27.677372,21.696188,0.12,0.12,-0.443518293,0.2,-0.12,-0.12,1.05,1.05,0.13,0.13,-0.08,0.08,0.12,0.443518293,-0.12,0.65,-0.13,-0.08,-0.12,0.2,-0.12,-0.65,-0.08,-0.13
1110,31022525,7.85367298,56.9124374,-0.542429149,10.8237915,-8.46444511,-7.60922289,18.0083294,7.49119711,148.917328,12.8130178,-27.6753368,21.6992931,0.12,0.12,-0.444093117,0.2,-0.12,-0.12,1.05,1.05,0.13,0.13,-0.08,0.08,0.12,0.444093117,-0.12,0.65,-0.13,-0.08,-0.12,0.2,-0.12,-0.65,-0.08,-0.13
1111,31040948,7.8509903,56.9115181,-0.544539273,10.8257418,-8.4636879,-7.60770988,18.0075207,7.4902339,148.910583,12.8181467,-27.672966,21.7034893,0.12,0.12,-0.445042673,0.2,-0.12,-0.12,1.05,1.05,0.13,0.13,-0.08,0.08,0.12,0.445042673,-0.12,0.65,-0.13,-0.08,-0.12,0.2,-0.12,-0.65,-0.08,-0.13
1112,31082097,7.84782076,56.9101448,-0.546387434,10.8275661,-8.46349239,-7.60667372,18.0071011,7.48940945,148.903473,12.8234329,-27.6705227,21.708107,0.12,0.12,-0.445874345,0.2,-0.12,-0.12,1.05,1.05,0.13,0.13,-0.08,0.08,0.12,0.445874345,-0.12,0.65,-0.13,-0.08,-0.12,0.2,-0.12,-0.65,-0.08,-0.13
1113,31105791,7.84526443,56.908802,-0.547247589,10.8292284,-8.46364021,-7.60707331,18.0080986,7.4895072,148.899521,12.8287382,-27.6694012,21.7123699,0.12,0.12,-0.446261415,0.2,-0.12,-0.12,1.05,1.05,0.13,0.13,-0.08,0.08,0.12,0.446261415,-0.12,0.65,-0.13,-0.08,-0.12,0.2,-0.12,-0.65,-0.08,-0.13
1114,31130597,7.84478617,56.9080772,-0.546744943,10.8304453,-8.46379089,-7.60903549,18.0105324,7.49048042,148.900513,12.8332739,-27.6697426,21.7156715,0.12,0.12,-0.446035224,0.2,-0.12,-0.12,1.05,1.05,0.13,0.13,-0.08,0.08,0.12,0.446035224,-0.12,0.65,-0.13,-0.08,-0.12,0.2,-0.12,-0.65,-0.08,-0.13
1115,31154980,7.84591389,56.9080315,-0.546228647,10.8315897,-8.46411896,-7.61153221,18.0133686,7.49138927,148.904984,12.8362617,-27.670229,21.7187195,0.12,0.12,-0.445802891,0.2,-0.12,-0.12,1.05,1.05,0.13,0.13,-0.08,0.08,0.12,0.445802891,-0.12,0.65,-0.13,-0.08,-0.12,0.2,-0.12,-0.65,-0.08,-0.13
1116,31179041,7.84732056,56.9083633,-0.545933068,10.8326273,-8.46392155,-7.61347294,18.0153275,7.49173164,148.909531,12.837327,-27.6695213,21.7213211,0.12,0.12,-0.445669881,0.2,-0.12,-0.12,1.05,1.05,0.13,0.13,-0.08,0.08,0.12,0.445669881,-0.12,0.65,-0.13,-0.08,-0.12,0.2,-0.12,-0.65,-0.08,-0.13
1117,31190437,7.84830236,56.908989,-0.545788407,10.8335648,-8.46328545,-7.61489391,18.0164547,7.49172878,148.91333,12.8369856,-27.6681175,21.7233658,0.12,0.12,-0.445604783,0.2,-0.12,-0.12,1.05,1.05,0.13,0.13,-0.08,0.08,0.12,0.445604783,-0.12,0.65,-0.13,-0.08,-0.12,0.2,-0.12,-0.65,-0.08,-0.13
1118,31205968,7.84860611,56.9098663,-0.546090007,10.8344402,-8.46280003,-7.61603642,18.0169315,7.49167776,148.916763,12.8363008,-27.6668072,21.7248859,0.12,0.12,-0.445740503,0.2,-0.12,-0.12,1.05,1.05,0.13,0.13,-0.08,0.08,0.12,0.445740503,-0.12,0.65,-0.13,-0.08,-0.12,0.2,-0.12,-0.65,-0.08,-0.13
1119,31220355,7.84809303,56.910553,-0.547138274,10.8351927,-8.46207809,-7.61641121,18.0163326,7.49121571,148.917557,12.8359404,-27.6646709,21.7266006,0.12,0.12,-0.446212223,0.2,-0.12,-0.12,1.05,1.05,0.13,0.13,-0.08,0.08,0.12,0.446212223,-0.12,0.65,-0.13,-0.08,-0.12,0.2,-0.12,-0.65,-0.08,-0.13
1120,31230703,7.8471694,56.9107552,-0.548162222,10.8359995,-8.46183109,-7.61696005,18.0154591,7.49127388,148.917542,12.8363142,-27.6628513,21.7280426,0.12,0.12,-0.446673,0.2,-0.12,-0.12,1.05,1.05,0.13,0.13,-0.08,0.08,0.12,0.446673,-0.12,0.65,-0.13,-0.08,-0.12,0.2,-0.12,-0.65,-0.08,-0.13
1121,31240176,7.84639168,56.9106445,-0.54896301,10.8365145,-8.46178818,-7.61745596,18.0145645,7.49134445,148.916321,12.8368883,-27.6613598,21.7290382,0.12,0.12,-0.447033355,0.2,-0.12,-0.12,1.05,1.05,0.13,0.13,-0.08,0.08,0.12,0.447033355,-0.12,0.65,-0.13,-0.08,-0.12,0.2,-0.12,-0.65,-0.08,-0.13
1122,31255728,7.84580135,56.9101906,-0.549751997,10.8366604,-8.46198082,-7.61787558,18.0133858,7.49134111,148.913727,12.8370333,-27.6599464,21.7294979,0.12,0.12,-0.447388399,0.2,-0.12,-0.12,1.05,1.05,0.13,0.13,-0.08,0.08,0.12,0.447388399,-0.12,0.65,-0.13,-0.08,-0.12,0.2,-0.12,-0.65,-0.08,-0.13
1123,31290040,7.84574413,56.9095535,-0.549586833,10.8364811,-8.46211529,-7.61873245,18.0128536,7.4918828,148.912567,12.8369551,-27.6594887,21.7288551,0.12,0.12,-0.447314075,0.2,-0.12,-0.12,1.05,1.05,0.13,0.13,-0.08,0.08,0.12,0.447314075,-0.12,0.65,-0.13,-0.08,-0.12,0.2,-0.12,-0.65,-0.08,-0.13
1124,31294375,7.84688473,56.9092216,-0.549094141,10.8363008,-8.46277809,-7.61982918,18.013422,7.49260998,148.913773,12.8367147,-27.6599922,21.7280979,0.12,0.12,-0.447092363,0.2,-0.12,-0.12,1.05,1.05,0.13,0.13,-0.08,0.08,0.12,0.447092363,-0.12,0.65,-0.13,-0.08,-0.12,0.2,-0.12,-0.65,-0.08,-0.13
1125,31316142,7.84897852,56.9092712,-0.548181415,10.8361187,-8.46349335,-7.62087154,18.014822,7.49353075,148.917435,12.8366623,-27.6610546,21.7275848,0.12,0.12,-0.446681637,0.2,-0.12,-0.12,1.05,1.05,0.13,0.13,-0.08,0.08,0.12,0.446681637,-0.12,0.65,-0.13,-0.08,-0.12,0.2,-0.12,-0.65,-0.08,-0.13
1126,31335437,7.85107136,56.9096451,-0.54791671,10.8361082,-8.46448898,-7.62138367,18.0159378,7.49406862,148.921478,12.8360529,-27.6618805,21.7271652,0.12,0.12,-0.44656252,0.2,-0.12,-0.12,1.05,1.05,0.13,0.13,-0.08,0.08,0.12,0.44656252,-0.12,0.65,-0.13,-0.08,-0.12,0.2,-0.12,-0.65,-0.08,-0.13
1127,31357926,7.85304213,56.9105759,-0.547218263,10.8364172,-8.46576309,-7.62155914,18.0180569,7.49472952,148.927475,12.8361893,-27.6633263,21.727562,0.12,0.12,-0.446248218,0.2,-0.12,-0.12,1.05,1.05,0.13,0.13,-0.08,0.08,0.12,0.446248218,-0.12,0.65,-0.13,-0.08,-0.12,0.2,-0.12,-0.65,-0.08,-0.13
1128,31381832,7.85419035,56.9120636,-0.547336757,10.8364506,-8.46716309,-7.6215682,18.019125,7.49510527,148.932327,12.8357677,-27.6648636,21.7273674,0.12,0.12,-0.446301541,0.2,-0.12,-0.12,1.05,1.05,0.13,0.13,-0.08,0.08,0.12,0.446301541,-0.12,0.65,-0.13,-0.08,-0.12,0.2,-0.12,-0.65,-0.08,-0.13
1129,31395918,7.85473442,56.9141197,-0.547447205,10.8364134,-8.46874237,-7.62164259,18.0200729,7.49537611,148.937256,12.835453,-27.6667862,21.7271709,0.12,0.12,-0.446351242,0.2,-0.12,-0.12,1.05,1.05,0.13,0.13,-0.08,0.08,0.12,0.446351242,-0.12,0.65,-0.13,-0.08,-0.12,0.2,-0.12,-0.65,-0.08,-0.13
1130,31416926,7.8552537,56.9164581,-0.547261715,10.8359547,-8.47031975,-7.62217379,18.0206814,7.49590683,148.94223,12.8348131,-27.6693592,21.7260437,0.12,0.12,-0.446267772,0.2,-0.12,-0.12,1.05,1.05,0.13,0.13,-0.08,0.08,0.12,0.446267772,-0.12,0.65,-0.13,-0.08,-0.12,0.2,-0.12,-0.65,-0.08,-0.13
1131,31440039,7.85568476,56.9190674,-0.547373176,10.8354053,-8.47187233,-7.62269449,18.0211449,7.49612951,148.946869,12.8340921,-27.6718102,21.7249908,0.12,0.12,-0.446317929,0.2,-0.12,-0.12,1.05,1.05,0.13,0.13,-0.08,0.08,0.12,0.446317929,-0.12,0.65,-0.13,-0.08,-0.12,0.2,-0.12,-0.65,-0.08,-0.13
1132,31456172,7.85617018,56.9215736,-0.547498524,10.8347158,-8.47322941,-7.62320471,18.0210838,7.49633074,148.950714,12.8330517,-27.6739044,21.7237892,0.12,0.12,-0.446374336,0.2,-0.12,-0.12,1.05,1.05,0.13,0.13,-0.08,0.08,0.12,0.446374336,-0.12,0.65,-0.13,-0.08,-0.12,0.2,-0.12,-0.65,-0.08,-0.13
1133,31477592,7.85619926,56.9236946,-0.547860146,10.8338432,-8.47444153,-7.62357187,18.0202885,7.49629593,148.952744,12.8313189,-27.6755428,21.7219257,0.12,0.12,-0.446537066,0.2,-0.12,-0.12,1.05,1.05,0.13,0.13,-0.08,0.08,0.12,0.446537066,-0.12,0.65,-0.13,-0.08,-0.12,0.2,-0.12,-0.65,-0.08,-0.13
1134,31496338,7.85618019,56.9257088,-0.547908306,10.8330946,-8.47579384,-7.62387371,18.0200291,7.49632549,148.955154,12.8300104,-27.6773739,21.7203712,0.12,0.12,-0.446558738,0.2,-0.12,-0.12,1.05,1.05,0.13,0.13,-0.08,0.08,0.12,0.446558738,-0.12,0.65,-0.13,-0.08,-0.12,0.2,-0.12,-0.65,-0.08,-0.13
1135,31521944,7.85587549,56.9273071,-0.548383713,10.8322248,-8.47714138,-7.62393808,18.0192776,7.49625397,148.95636,12.8285742,-27.6788864,21.7186451,0.12,0.12,-0.446772671,0.2,-0.12,-0.12,1.05,1.05,0.13,0.13,-0.08,0.08,0.12,0.446772671,-0.12,0.65,-0.13,-0.08,-0.12,0.2,-0.12,-0.65,-0.08,-0.13
1136,31533921,7.85526419,56.9284058,-0.549100578,10.8315516,-8.47861385,-7.62380695,18.0185509,7.49607897,148.956726,12.827508,-27.6799088,21.7174263,0.12,0.12,-0.44709526,0.2,-0.12,-0.12,1.05,1.05,0.13,0.13,-0.08,0.08,0.12,0.44709526,-0.12,0.65,-0.13,-0.08,-0.12,0.2,-0.12,-0.65,-0.08,-0.13
1137,31558279,7.85456371,56.9289551,-0.549668431,10.8307066,-8.47999382,-7.62362909,18.0175228,7.49598026,148.95575,12.8262587,-27.6807098,21.71595,0.12,0.12,-0.447350794,0.2,-0.12,-0.12,1.05,1.05,0.13,0.13,-0.08,0.08,0.12,0.447350794,-0.12,0.65,-0.13,-0.08,-0.12,0.2,-0.12,-0.65,-0.08,-0.13
1138,31583202,7.85379648,56.9290924,-0.549623668,10.8296375,-8.48060036,-7.62335825,18.0166454,7.49589062,148.954117,12.8250084,-27.6814461,21.7141476,0.12,0.12,-0.447330651,0.2,-0.12,-0.12,1.05,1.05,0.13,0.13,-0.08,0.08,0.12,0.447330651,-0.12,0.65,-0.13,-0.08,-0.12,0.2,-0.12,-0.65,-0.08,-0.13
1139,31594710,7.85286999,56.9288521,-0.549886942,10.8288536,-8.48083496,-7.62257767,18.0158653,7.49544525,148.952057,12.8239031,-27.6815796,21.7129955,0.12,0.12,-0.447449124,0.2,-0.12,-0.12,1.05,1.05,0.13,0.13,-0.08,0.08,0.12,0.447449124,-0.12,0.65,-0.13,-0.08,-0.12,0.2,-0.12,-0.65,-0.08,-0.13
1140,31620935,7.85193539,56.9281082,-0.549644589,10.8282108,-8.48011398,-7.62168217,18.015295,7.49519444,148.949631,12.8234205,-27.6813622,21.7122021,0.12,0.12,-0.447340065,0.2,-0.12,-0.12,1.05,1.05,0.13,0.13,-0.08,0.08,0.12,0.447340065,-0.12,0.65,-0.13,-0.08,-0.12,0.2,-0.12,-0.65,-0.08,-0.13
1141,31636907,7.85093307,56.9270401,-0.54952389,10.8277988,-8.47873974,-7.62069559,18.0145626,7.49471807,148.946136,12.8231735,-27.6806011,21.7118301,0.12,0.12,-0.447285751,0.2,-0.12,-0.12,1.05,1.05,0.13,0.13,-0.08,0.08,0.12,0.447285751,-0.12,0.65,-0.13,-0.08,-0.12,0.2,-0.12,-0.65,-0.08,-0.13
1142,31662453,7.84961081,56.9255371,-0.549464822,10.8277416,-8.47696114,-7.61939669,18.0138512,7.49402046,148.94191,12.8234749,-27.6792793,21.7121258,0.12,0.12,-0.44725917,0.2,-0.12,-0.12,1.05,1.05,0.13,0.13,-0.08,0.08,0.12,0.44725917,-0.12,0.65,-0.13,-0.08,-0.12,0.2,-0.12,-0.65,-0.08,-0.13
1143,31676365,7.84811163,56.9238663,-0.549518108,10.8283529,-8.47538567,-7.61835194,18.0138855,7.49360323,148.938538,12.825222,-27.6780682,21.7134361,0.12,0.12,-0.447283149,0.2,-0.12,-0.12,1.05,1.05,0.13,0.13,-0.08,0.08,0.12,0.447283149,-0.12,0.65,-0.13,-0.08,-0.12,0.2,-0.12,-0.65,-0.08,-0.13
1144,31702789,7.8468194,56.9224281,-0.549890757,10.8293619,-8.47452164,-7.61771393,18.0143509,7.49332047,148.935974,12.8278217,-27.6769962,21.7157059,0.12,0.12,-0.44745084,0.2,-0.12,-0.12,1.05,1.05,0.13,0.13,-0.08,0.08,0.12,0.44745084,-0.12,0.65,-0.13,-0.08,-0.12,0.2,-0.12,-0.65,-0.08,-0.13
1145,31715103,7.84560108,56.9211006,-0.550531149,10.8305616,-8.47415924,-7.61733055,18.0148621,7.49309254,148.933502,12.8307858,-27.6756821,21.7185993,0.12,0.12,-0.447739017,0.2,-0.12,-0.12,1.05,1.05,0.13,0.13,-0.08,0.08,0.12,0.447739017,-0.12,0.65,-0.13,-0.08,-0.12,0.2,-0.12,-0.65,-0.08,-0.13
1146,31740589,7.84437609,56.9199486,-0.551015913,10.8316517,-8.47405815,-7.61738634,18.0153351,7.49295759,148.931396,12.8332529,-27.6745167,21.7211533,0.12,0.12,-0.447957161,0.2,-0.12,-0.12,1.05,1.05,0.13,0.13,-0.08,0.08,0.12,0.447957161,-0.12,0.65,-0.13,-0.08,-0.12,0.2,-0.12,-0.65,-0.08,-0.13
1147,31761056,7.84393883,56.9193344,-0.550843179,10.8322048,-8.47423935,-7.61843061,18.0159702,7.49331856,148.930878,12.8346519,-27.6744003,21.7224064,0.12,0.12,-0.447879431,0.2,-0.12,-0.12,1.05,1.05,0.13,0.13,-0.08,0.08,0.12,0.447879431,-0.12,0.65,-0.13,-0.08,-0.12,0.2,-0.12,-0.65,-0.08,-0.13
1148,31775284,7.84427404,56.9192123,-0.55059433,10.8324299,-8.47440529,-7.61970854,18.0165272,7.49355078,148.931549,12.8349342,-27.6743526,21.7230015,0.12,0.12,-0.447767448,0.2,-0.12,-0.12,1.05,1.05,0.13,0.13,-0.08,0.08,0.12,0.447767448,-0.12,0.65,-0.13,-0.08,-0.12,0.2,-0.12,-0.65,-0.08,-0.13
1149,31797136,7.84563303,56.9194107,-0.549720347,10.8324814,-8.47450447,-7.62143421,18.0175781,7.49428701,148.934769,12.8347378,-27.6748886,21.7229404,0.12,0.12,-0.447374156,0.2,-0.12,-0.12,1.05,1.05,0.13,0.13,-0.08,0.08,0.12,0.447374156,-0.12,0.65,-0.13,-0.08,-0.12,0.2,-0.12,-0.65,-0.08,-0.13
1150,31814532,7.84739065,56.9199638,-0.549165249,10.832715,-8.47435379,-7.62249613,18.018631,7.49456406,148.938553,12.834239,-27.67486,21.7233295,0.12,0.12,-0.447124362,0.2,-0.12,-0.12,1.05,1.05,0.13,0.13,-0.08,0.08,0.12,0.447124362,-0.12,0.65,-0.13,-0.08,-0.12,0.2,-0.12,-0.65,-0.08,-0.13
1151,31837978,7.84918165,56.9206047,-0.548374474,10.8326521,-8.47366047,-7.62317038,18.019022,7.49482965,148.941544,12.8330975,-27.674675,21.7232418,0.12,0.12,-0.446768513,0.2,-0.12,-0.12,1.05,1.05,0.13,0.13,-0.08,0.08,0.12,0.446768513,-0.12,0.65,-0.13,-0.08,-0.12,0.2,-0.12,-0.65,-0.08,-0.13
1152,31856263,7.85037088,56.9213142,-0.547751248,10.8326015,-8.47271442,-7.62340832,18.0191231,7.49491644,148.944122,12.8318138,-27.6747246,21.7225094,0.12,0.12,-0.446488062,0.2,-0.12,-0.12,1.05,1.05,0.13,0.13,-0.08,0.08,0.12,0.446488062,-0.12,0.65,-0.13,-0.08,-0.12,0.2,-0.12,-0.65,-0.08,-0.13
1153,31876703,7.85130978,56.9222374,-0.547314286,10.8326626,-8.47214508,-7.62337065,18.0193939,7.49495029,148.946762,12.8311691,-27.6751099,21.7221088,0.12,0.12,-0.446291429,0.2,-0.12,-0.12,1.05,1.05,0.13,0.13,-0.08,0.08,0.12,0.446291429,-0.12,0.65,-0.13,-0.08,-0.12,0.2,-0.12,-0.65,-0.08,-0.13
1154,31908990,7.85211897,56.9232941,-0.547052443,10.8330193,-8.47192669,-7.62338448,18.0202408,7.49530363,148.950272,12.8319597,-27.6759472,21.7223969,0.12,0.12,-0.446173599,0.2,-0.12,-0.12,1.05,1.05,0.13,0.13,-0.08,0.08,0.12,0.446173599,-0.12,0.65,-0.13,-0.08,-0.12,0.2,-0.12,-0.65,-0.08,-0.13
1155,31916553,7.85323,56.9246368,-0.546564341,10.8329554,-8.47167301,-7.62365532,18.0205059,7.49568462,148.952911,12.8323193,-27.6770401,21.722065,0.12,0.12,-0.445953953,0.2,-0.12,-0.12,1.05,1.05,0.13,0.13,-0.08,0.08,0.12,0.445953953,-0.12,0.65,-0.13,-0.08,-0.12,0.2,-0.12,-0.65,-0.08,-0.13
1156,31939807,7.85422039,56.9260902,-0.546224117,10.8330956,-8.47185421,-7.62371159,18.0211849,7.49584818,148.956131,12.8327494,-27.6783791,21.7220345,0.12,0.12,-0.445800853,0.2,-0.12,-0.12,1.05,1.05,0.13,0.13,-0.08,0.08,0.12,0.445800853,-0.12,0.65,-0.13,-0.08,-0.12,0.2,-0.12,-0.65,-0.08,-0.13
1157,31955889,7.85499668,56.927784,-0.545832276,10.833209,-8.47199726,-7.62373972,18.0220165,7.49604034,148.959503,12.8334265,-27.6798897,21.722086,0.12,0.12,-0.445624524,0.2,-0.12,-0.12,1.05,1.05,0.13,0.13,-0.08,0.08,0.12,0.445624524,-0.12,0.65,-0.13,-0.08,-0.12,0.2,-0.12,-0.65,-0.08,-0.13
1158,31976542,7.85578966,56.9297981,-0.545480013,10.8333702,-8.47212791,-7.62396717,18.0231304,7.49627066,148.963638,12.8343115,-27.6815968,21.7223873,0.12,0.12,-0.445466006,0.2,-0.12,-0.12,1.05,1.05,0.13,0.13,-0.08,0.08,0.12,0.445466006,-0.12,0.65,-0.13,-0.08,-0.12,0.2,-0.12,-0.65,-0.08,-0.13
1159,32002817,7.8563118,56.9319229,-0.545400262,10.8336802,-8.47225666,-7.62397051,18.0240631,7.49623919,148.967484,12.8353348,-27.6829739,21.7232265,0.12,0.12,-0.445430118,0.2,-0.12,-0.12,1.05,1.05,0.13,0.13,-0.08,0.08,0.12,0.445430118,-0.12,0.65,-0.13,-0.08,-0.12,0.2,-0.12,-0.65,-0.08,-0.13
